date,open,high,low,close,volume
2016-08-08,1.7843,1.7843,1.7843,1.7843,3072
2016-08-09,1.7753,1.7887,1.7486,1.7843,2778024
2016-08-10,1.753,1.7843,1.753,1.7798,76551
2016-08-11,1.8289,1.8289,1.8289,1.8289,50366
2016-08-12,1.8244,1.8289,1.7843,1.8289,1857003
2016-08-15,1.7887,1.8199,1.7887,1.8199,116363
2016-08-16,1.8199,1.8378,1.8021,1.8378,369530
2016-08-17,1.8244,1.8244,1.8244,1.8244,4007
2016-08-18,1.811,1.8199,1.8066,1.8155,501123
2016-08-19,1.8066,1.811,1.8066,1.811,377546
2016-08-22,1.8021,1.8021,1.7843,1.7887,107813
2016-08-23,1.7887,1.7887,1.7753,1.7887,231390
2016-08-24,1.7753,1.7798,1.7753,1.7753,36739
2016-08-25,1.7798,1.7887,1.7753,1.7798,212152
2016-08-26,1.7843,1.7843,1.7843,1.7843,33399
2016-08-29,1.7843,1.7976,1.7843,1.7843,508605
2016-08-30,1.8066,1.8066,1.7843,1.7887,276413
2016-09-01,1.7887,1.7932,1.7887,1.7932,553761
2016-09-02,1.7932,1.8021,1.7887,1.7932,516353
2016-09-05,1.7932,1.7976,1.7932,1.7932,418961
2016-09-06,1.7932,1.8021,1.7932,1.8021,663311
2016-09-07,1.7976,1.8066,1.7976,1.8066,733984
2016-09-08,1.8066,1.8244,1.8021,1.8199,645275
2016-09-09,1.8066,1.8066,1.7932,1.7932,110217
2016-09-13,1.7932,1.7976,1.7932,1.7932,420297
2016-09-14,1.7843,1.7843,1.7397,1.7397,1208922
2016-09-15,1.7709,1.7887,1.7575,1.762,7601291
2016-09-19,1.762,1.7798,1.7575,1.762,935181
2016-09-20,1.762,1.7976,1.7575,1.7887,214557
2016-09-21,1.7843,1.7976,1.762,1.7976,409208
2016-09-22,1.7843,1.7887,1.762,1.7798,252365
2016-09-23,1.7709,1.7932,1.7664,1.7932,151098
2016-09-26,1.7932,1.8155,1.7798,1.7976,4569298
2016-09-27,1.8021,1.811,1.7887,1.7887,3219029
2016-09-28,1.7932,1.811,1.7887,1.8066,362182
2016-09-29,1.8155,1.8601,1.8066,1.8467,351093
2016-09-30,1.8423,1.8646,1.8423,1.8467,1286142
2016-10-04,1.8646,1.9002,1.8556,1.8958,1693347
2016-10-05,1.8824,1.9136,1.8824,1.9002,1280664
2016-10-06,1.9002,1.9047,1.8333,1.8913,311014
2016-10-07,1.8735,1.9002,1.8646,1.8735,937853
2016-10-10,1.8958,1.8958,1.8556,1.8735,2004094
2016-10-11,1.8735,1.927,1.8735,1.9136,1358151
2016-10-12,1.8958,1.9225,1.8958,1.9181,1285073
2016-10-13,1.9181,1.9404,1.9047,1.9181,603593
2016-10-14,1.9225,1.9225,1.9092,1.9136,507536
2016-10-17,1.9181,1.9225,1.8958,1.8958,318763
2016-10-18,1.9181,1.9181,1.8779,1.8779,855958
2016-10-19,1.9181,1.9225,1.8824,1.8958,3511874
2016-10-20,1.9002,1.9225,1.9002,1.9225,4358615
2016-10-21,1.9225,1.9225,1.8735,1.9092,2381640
2016-10-24,1.9092,1.9181,1.8958,1.9092,3195115
2016-10-25,1.9092,1.9181,1.9047,1.9092,3392705
2016-10-26,1.9181,1.9181,1.8958,1.9002,527442
2016-10-27,1.9359,1.9359,1.8779,1.8913,2038429
2016-10-28,1.8913,1.8913,1.869,1.8735,576205
2016-10-31,1.9359,1.9627,1.8378,1.9627,372736
2016-11-01,1.9493,1.9493,1.8735,1.9493,80559
2016-11-02,1.9047,1.9404,1.8958,1.9404,7748
2016-11-03,1.9092,1.9181,1.8779,1.9047,4029030
2016-11-04,1.9092,1.9181,1.8824,1.9002,5217512
2016-11-07,1.8779,1.9404,1.869,1.9404,826299
2016-11-08,1.9136,1.9404,1.9136,1.9181,3999638
2016-11-09,1.9315,1.9315,1.8824,1.9002,1532495
2016-11-10,1.9181,1.9181,1.9047,1.9092,2499473
2016-11-11,1.8779,1.8958,1.8779,1.8869,34868
2016-11-14,1.8646,1.8779,1.8646,1.8735,433924
2016-11-15,1.9092,1.9092,1.8779,1.8824,2274495
2016-11-16,1.9181,1.9181,1.8512,1.8913,2771344
2016-11-17,1.8869,1.8958,1.869,1.8869,1578453
2016-11-18,1.9181,1.9181,1.8869,1.8913,2498271
2016-11-21,1.8958,1.9047,1.8512,1.9002,1073321
2016-11-22,1.9181,1.927,1.8869,1.927,2809018
2016-11-23,1.927,1.927,1.927,1.927,0
2016-11-24,1.8958,1.8958,1.8824,1.8824,755760
2016-11-25,1.8735,1.8735,1.8646,1.8646,23379
2016-11-28,1.8556,1.8869,1.8556,1.8869,22177
2016-11-29,1.8869,1.8869,1.869,1.869,24181
2016-11-30,1.8646,1.8646,1.8378,1.8423,384894
2016-12-01,1.8646,1.9002,1.8646,1.8913,64393
2016-12-02,1.8735,1.9002,1.8735,1.9002,672529
2016-12-05,1.9002,1.9002,1.8913,1.9002,579411
2016-12-06,1.869,1.9092,1.869,1.9047,1091891
2016-12-07,1.9047,1.9047,1.8646,1.8646,463983
2016-12-08,1.8646,1.9002,1.8646,1.8958,110084
2016-12-09,1.9002,1.9225,1.8869,1.9181,1670902
2016-12-13,1.9181,1.9404,1.9002,1.9092,259045
2016-12-14,1.8824,1.9315,1.8824,1.927,1232035
2016-12-15,1.9181,1.9225,1.9002,1.9092,5523985
2016-12-16,1.9092,1.9136,1.9092,1.9136,728907
2016-12-19,1.9448,1.9448,1.9047,1.9181,901916
2016-12-20,1.9181,1.9181,1.9181,1.9181,0
2016-12-21,1.9181,1.9225,1.9136,1.9181,1583930
2016-12-22,1.9225,1.927,1.9181,1.927,378882
2016-12-23,1.927,1.9315,1.9181,1.9315,84032
2016-12-27,1.9404,1.9404,1.9181,1.9225,256507
2016-12-28,1.9475,1.9568,1.9335,1.9335,215091
2016-12-29,1.9335,1.9847,1.9243,1.9614,243681
2016-12-30,1.9614,1.9661,1.9521,1.9614,131192
2017-01-02,1.9614,1.9614,1.9614,1.9614,0
2017-01-03,1.9243,1.9382,1.9243,1.9335,269332
2017-01-04,1.9428,1.9521,1.9196,1.9521,1112732
2017-01-05,1.9521,1.9521,1.9335,1.9335,47159
2017-01-06,1.9568,1.9568,1.9382,1.9475,3040409
2017-01-09,1.9428,1.9428,1.9428,1.9428,2671
2017-01-10,1.9521,1.9568,1.9382,1.9521,269465
2017-01-11,1.9475,1.9614,1.9475,1.9521,534523
2017-01-12,1.9521,1.9661,1.9521,1.9614,991960
2017-01-13,1.9614,1.9614,1.9521,1.9521,12825
2017-01-16,1.9568,1.9847,1.9521,1.9614,14562
2017-01-17,1.9521,1.9614,1.9289,1.9568,2503882
2017-01-18,1.9707,1.98,1.9707,1.98,1450066
2017-01-19,1.9754,1.9754,1.9475,1.9475,206140
2017-01-20,1.9568,1.9707,1.9521,1.9521,1410922
2017-01-23,1.9521,1.98,1.9521,1.9754,2502680
2017-01-24,1.9568,1.9986,1.9568,1.994,1794613
2017-01-25,1.9893,1.9893,1.9707,1.9754,1382733
2017-01-26,1.9754,1.9847,1.9754,1.98,1726879
2017-01-27,1.994,1.9986,1.9661,1.9893,394780
2017-01-31,1.9754,1.9986,1.9754,1.994,72008
2017-02-02,1.9893,1.9893,1.9754,1.9754,63191
2017-02-03,1.9986,2.0079,1.9847,1.994,1210258
2017-02-06,1.98,2.0033,1.98,1.9986,1156285
2017-02-07,1.9986,2.0079,1.9847,2.0079,4868289
2017-02-08,2.0079,2.0079,1.9893,1.9893,1062500
2017-02-10,2.0079,2.059,1.9893,1.9893,2624921
2017-02-13,1.994,2.0916,1.994,2.0451,1295093
2017-02-14,2.0823,2.0823,2.0358,2.0451,4178926
2017-02-15,2.0451,2.0823,2.0451,2.0497,4079930
2017-02-16,2.0497,2.0683,2.0451,2.0544,3289034
2017-02-17,2.0683,2.0823,2.0497,2.059,1873970
2017-02-20,2.0544,2.0683,2.0497,2.0544,1570971
2017-02-21,2.059,2.0683,2.059,2.0683,2969335
2017-02-22,2.0637,2.0916,2.0637,2.0916,2205158
2017-02-23,2.0916,2.0916,2.0776,2.0823,2317246
2017-02-24,2.0916,2.0916,2.0823,2.0916,1754133
2017-02-27,2.0823,2.0962,2.0823,2.0916,3253497
2017-02-28,2.0869,2.0962,2.073,2.0823,1592614
2017-03-01,2.0916,2.0916,2.0451,2.0823,905656
2017-03-02,2.0776,2.0869,2.073,2.0823,5005493
2017-03-03,2.0823,2.0823,2.0451,2.0451,825231
2017-03-06,2.0451,2.0544,2.0265,2.0451,2885837
2017-03-07,2.0497,2.0637,2.0451,2.059,7281592
2017-03-08,2.0637,2.0637,2.0451,2.0544,1645251
2017-03-09,2.059,2.059,2.0219,2.0265,986750
2017-03-10,2.0265,2.0265,2.0172,2.0265,1494554
2017-03-13,2.0126,2.0358,2.0126,2.0312,1514994
2017-03-14,2.0544,2.0544,2.0312,2.0451,1794613
2017-03-15,2.0544,2.0544,2.0265,2.0358,2404
2017-03-16,2.0544,2.0544,2.0265,2.0451,595710
2017-03-17,2.073,2.073,2.0358,2.073,1521941
2017-03-20,2.0683,2.0683,2.0451,2.059,2986169
2017-03-21,2.0823,2.0823,2.0497,2.0544,451692
2017-03-22,2.0544,2.0683,2.0126,2.0497,583687
2017-03-23,2.0823,2.0823,2.0405,2.0451,87639
2017-03-24,2.0451,2.059,2.0312,2.0405,557368
2017-03-27,2.0405,2.0405,2.0219,2.0219,515151
2017-03-28,2.0219,2.0405,2.0219,2.0405,185833
2017-03-29,2.0405,2.0544,2.0405,2.0497,248891
2017-03-30,2.0497,2.059,2.0451,2.0544,826834
2017-03-31,2.0544,2.073,2.0544,2.0683,266393
2017-04-03,2.0544,2.0637,2.0451,2.059,315022
2017-04-04,2.0683,2.0683,2.0312,2.059,817883
2017-04-05,2.0776,2.0776,2.0219,2.0219,1815989
2017-04-06,2.0544,2.0544,2.0126,2.0172,1290417
2017-04-07,2.0126,2.0312,1.994,1.9986,755359
2017-04-10,2.0033,2.0172,1.9986,2.0079,245552
2017-04-11,2.0126,2.0312,2.0079,2.0265,3275541
2017-04-12,2.0219,2.0358,2.0172,2.0358,612009
2017-04-13,2.0451,2.0451,2.0219,2.0265,131059
2017-04-14,2.0265,2.0358,2.0265,2.0312,1067042
2017-04-17,2.0312,2.0312,2.0312,2.0312,1335
2017-04-18,2.0405,2.0497,2.0358,2.0405,388768
2017-04-19,2.0451,2.0451,2.0079,2.0265,836720
2017-04-20,2.0358,2.0358,2.0265,2.0358,1494019
2017-04-21,2.0405,2.0451,2.0358,2.0451,2491725
2017-04-24,2.0405,2.0405,2.0405,2.0405,0
2017-04-25,2.0544,2.0544,2.0451,2.0497,458907
2017-04-26,2.0497,2.0497,2.0405,2.0497,176214
2017-04-27,2.0497,2.0683,2.0497,2.0637,1128898
2017-04-28,2.059,2.0637,2.0312,2.0358,509540
2017-05-02,2.0451,2.0916,2.0451,2.0916,638194
2017-05-03,2.0916,2.1102,2.0776,2.0916,1164034
2017-05-04,2.0869,2.0869,2.0776,2.0823,1597023
2017-05-05,2.0869,2.0869,2.0683,2.0823,241276
2017-05-08,2.0869,2.1195,2.0823,2.0916,2435614
2017-05-09,2.1055,2.1055,2.0962,2.0962,4016873
2017-05-11,2.1009,2.1148,2.0962,2.1009,1166038
2017-05-12,2.1009,2.1055,2.0916,2.0916,862371
2017-05-15,2.1148,2.1148,2.0683,2.0916,302731
2017-05-16,2.1055,2.1055,2.0776,2.0823,127184
2017-05-17,2.0776,2.1148,2.0776,2.0823,6200121
2017-05-18,2.0823,2.0869,2.0637,2.0776,1036715
2017-05-19,2.1055,2.1055,2.0776,2.0776,874662
2017-05-22,2.0916,2.1334,2.0869,2.1055,1653401
2017-05-23,2.1055,2.1148,2.0869,2.0869,822425
2017-05-24,2.0962,2.1009,2.0823,2.0916,3130721
2017-05-25,2.0916,2.0962,2.0916,2.0916,492707
2017-05-26,2.0916,2.0916,2.0683,2.0869,95922
2017-05-29,2.0823,2.0869,2.0776,2.0823,2597801
2017-05-31,2.0823,2.1009,2.0823,2.1009,3092779
2017-06-01,2.0916,2.1009,2.0916,2.1009,823895
2017-06-02,2.1009,2.1055,2.0823,2.0916,2831463
2017-06-05,2.0823,2.1055,2.073,2.0916,3882474
2017-06-06,2.0916,2.0962,2.0823,2.0869,1816924
2017-06-07,2.0962,2.0962,2.0776,2.0776,328248
2017-06-08,2.0776,2.0776,2.059,2.059,63592
2017-06-09,2.0683,2.0776,2.0637,2.0776,1481995
2017-06-13,2.0683,2.0869,2.0683,2.0776,337734
2017-06-14,2.0916,2.1009,2.0869,2.1009,373271
2017-06-15,2.0916,2.0962,2.0916,2.0962,174745
2017-06-16,2.0823,2.1055,2.0683,2.0916,614548
2017-06-19,2.1102,2.1102,2.0916,2.0962,287234
2017-06-20,2.0962,2.1148,2.0776,2.1148,667987
2017-06-21,2.1009,2.1148,2.1009,2.1009,305002
2017-06-22,2.1055,2.1381,2.1055,2.1288,249292
2017-06-23,2.1288,2.1288,2.1055,2.1055,1202
2017-06-26,2.1055,2.1055,2.1055,2.1055,0
2017-06-27,2.1055,2.1055,2.1055,2.1055,0
2017-06-28,2.1009,2.1148,2.0683,2.0776,263988
2017-06-29,2.1102,2.1102,2.0776,2.1102,102869
2017-06-30,2.0916,2.1195,2.0916,2.1148,356304
2017-07-03,2.1148,2.1381,2.0962,2.1334,39277
2017-07-04,2.1009,2.1427,2.0916,2.0916,280287
2017-07-05,2.1148,2.1195,2.1102,2.1148,2590186
2017-07-06,2.1241,2.1241,2.0916,2.0962,1417735
2017-07-07,2.0916,2.0916,2.0823,2.0823,2980691
2017-07-10,2.0823,2.0823,2.073,2.073,50900
2017-07-11,2.073,2.1009,2.0637,2.1009,70806
2017-07-12,2.0916,2.0916,2.0916,2.0916,133998
2017-07-13,2.0683,2.073,2.0637,2.0637,648748
2017-07-14,2.0544,2.0637,2.0358,2.0497,1378591
2017-07-17,2.0451,2.0451,1.994,1.994,1876375
2017-07-18,2.0172,2.0265,2.0172,2.0219,209213
2017-07-19,2.0219,2.0497,2.0219,2.0497,209347
2017-07-20,2.0451,2.0823,2.0451,2.0823,1603
2017-07-21,2.0823,2.0823,2.0219,2.0358,402796
2017-07-24,2.0219,2.0497,2.0219,2.0451,136002
2017-07-25,2.0451,2.0451,2.0451,2.0451,2671
2017-07-26,2.0451,2.073,2.0451,2.0683,794236
2017-07-27,2.0358,2.0358,2.0358,2.0358,6947
2017-07-28,2.0451,2.0544,2.0172,2.0451,53171
2017-07-31,2.0265,2.0265,2.0172,2.0265,630045
2017-08-01,2.0265,2.0358,2.0265,2.0312,612944
2017-08-02,2.0265,2.059,2.0219,2.059,96858
2017-08-03,2.0823,2.0823,2.0497,2.073,166061
2017-08-04,2.0683,2.0683,2.0265,2.0312,309411
2017-08-07,2.0451,2.0544,2.0405,2.0497,421633
2017-08-08,2.0451,2.0497,2.0405,2.0451,924761
2017-08-09,2.0451,2.0497,2.0451,2.0451,16031
2017-08-10,2.0451,2.0683,2.0451,2.0637,425774
2017-08-11,2.0451,2.0451,2.0451,2.0451,861703
2017-08-14,2.0451,2.0497,2.0405,2.0451,697779
2017-08-15,2.0358,2.0497,2.0358,2.0451,424839
2017-08-16,2.0451,2.0637,2.0405,2.059,1233237
2017-08-17,2.059,2.073,2.059,2.0683,1548393
2017-08-18,2.0497,2.0497,2.0451,2.0497,315690
2017-08-21,2.0405,2.0451,2.0219,2.0451,92449
2017-08-22,2.0405,2.0451,2.0405,2.0451,206274
2017-08-23,2.0451,2.0451,2.0405,2.0451,502192
2017-08-24,2.0126,2.0497,2.0126,2.0172,1310323
2017-08-25,2.0451,2.0683,2.0265,2.0451,305403
2017-08-28,2.0126,2.0451,2.0126,2.0405,125047
2017-08-29,2.0405,2.0451,2.0172,2.0405,796106
2017-08-30,2.0451,2.0451,2.0358,2.0451,596779
2017-08-31,2.0451,2.0451,2.0451,2.0451,0
2017-09-01,2.0451,2.0451,2.0451,2.0451,0
2017-09-04,2.0451,2.0451,2.0451,2.0451,0
2017-09-05,2.0172,2.0405,2.0126,2.0126,308075
2017-09-06,2.0126,2.0358,1.9986,2.0358,1199571
2017-09-07,2.059,2.059,2.0079,2.0451,405735
2017-09-08,2.0358,2.0451,2.0358,2.0451,41548
2017-09-11,2.0451,2.0637,2.0451,2.0544,19638
2017-09-12,2.0637,2.0637,2.0451,2.0497,71875
2017-09-13,2.059,2.0637,2.0497,2.0637,50767
2017-09-14,2.0637,2.0683,2.0172,2.0312,109282
2017-09-15,2.0126,2.0219,1.994,1.994,124779
2017-09-18,1.9707,1.9986,1.9707,1.98,21909
2017-09-19,1.98,1.9847,1.9754,1.98,292711
2017-09-20,1.9986,2.0126,1.98,1.9986,191445
2017-09-21,1.9986,2.073,1.9986,2.0451,70673
2017-09-22,2.0451,2.0451,2.0451,2.0451,0
2017-09-25,2.0451,2.0451,1.9847,1.9893,13894
2017-09-26,1.9986,2.0405,1.9986,2.0219,493909
2017-09-27,2.0219,2.0219,2.0219,2.0219,0
2017-09-28,2.0219,2.0219,2.0219,2.0219,0
2017-09-29,2.0219,2.0405,1.98,2.0405,400658
2017-10-02,2.0405,2.0451,2.0265,2.0265,328783
2017-10-03,2.0265,2.0265,2.0172,2.0219,65329
2017-10-04,2.0219,2.0405,2.0172,2.0405,112489
2017-10-05,2.0358,2.0405,2.0219,2.0219,138273
2017-10-06,2.0265,2.0265,1.9986,2.0219,152701
2017-10-09,1.9847,2.0033,1.9847,1.994,24849
2017-10-10,1.9847,1.9986,1.9847,1.9847,14294
2017-10-11,1.9847,1.9847,1.98,1.9847,1270912
2017-10-12,1.9847,2.0126,1.9847,2.0033,1257685
2017-10-13,1.994,2.0126,1.994,2.0126,106610
2017-10-16,2.0126,2.0312,1.9986,2.0219,1244994
2017-10-17,1.994,2.0312,1.9893,2.0265,780208
2017-10-18,2.0265,2.0265,2.0265,2.0265,0
2017-10-19,2.0265,2.0358,1.994,2.0265,397585
2017-10-20,1.9986,2.0312,1.9893,2.0126,4193488
2017-10-23,1.9893,2.0312,1.9614,2.0126,968313
2017-10-24,2.0079,2.0172,2.0033,2.0126,243280
2017-10-25,2.0079,2.0172,2.0079,2.0172,529847
2017-10-26,2.0172,2.0219,1.9661,2.0172,628308
2017-10-27,2.0265,2.0312,2.0219,2.0265,749481
2017-10-30,2.0312,2.0451,2.0265,2.0358,637927
2017-10-31,2.0405,2.0405,2.0358,2.0405,511277
2017-11-01,2.0405,2.0451,2.0405,2.0451,333726
2017-11-02,2.0451,2.0497,2.0405,2.0451,546146
2017-11-03,2.0219,2.0544,2.0219,2.0451,545344
2017-11-06,2.0544,2.0544,2.0312,2.0451,1073321
2017-11-07,2.0544,2.0544,2.0405,2.0451,862504
2017-11-08,2.0544,2.0544,1.994,2.0405,746408
2017-11-09,2.0405,2.0451,2.0405,2.0451,960832
2017-11-10,2.0405,2.0405,2.0265,2.0358,386630
2017-11-13,2.0637,2.0637,2.0126,2.0126,482687
2017-11-14,2.0126,2.0126,2.0126,2.0126,0
2017-11-15,2.0126,2.0126,2.0126,2.0126,0
2017-11-16,2.0126,2.0126,1.9754,1.9986,452627
2017-11-17,1.9986,1.9986,1.9661,1.9661,366724
2017-11-20,1.9893,1.9893,1.915,1.9475,1183004
2017-11-21,1.9521,1.9521,1.9428,1.9428,2801671
2017-11-22,1.9289,1.9986,1.9289,1.9986,3373067
2017-11-23,2.0358,2.0358,1.9568,1.9568,16432
2017-11-24,1.9521,1.9521,1.9521,1.9521,16566
2017-11-27,1.9521,1.9521,1.9475,1.9475,20173
2017-11-28,1.9475,1.9475,1.9335,1.9428,417358
2017-11-29,1.9289,1.9986,1.9103,1.9986,6200656
2017-11-30,1.9986,1.9986,1.9986,1.9986,1202
2017-12-01,1.9986,1.9986,1.9986,1.9986,0
2017-12-04,2.0219,2.0312,1.9893,1.994,1606375
2017-12-05,1.994,2.0219,1.9847,2.0219,568189
2017-12-06,1.994,2.0405,1.9614,1.98,85635
2017-12-07,1.9521,1.9986,1.9475,1.98,3002601
2017-12-08,1.98,1.9893,1.9614,1.9893,582351
2017-12-11,1.9661,1.9661,1.9568,1.9568,5343
2017-12-12,1.9568,2.0451,1.9568,2.0451,341742
2017-12-13,2.0451,2.0451,1.9893,2.0033,38342
2017-12-14,2.0219,2.0358,2.0172,2.0358,112756
2017-12-15,2.0265,2.0683,2.0265,2.0637,6025242
2017-12-18,2.0683,2.0683,2.0358,2.0544,112355
2017-12-19,2.0544,2.059,1.9986,1.9986,4909437
2017-12-20,1.9986,2.0079,1.994,1.9986,1987261
2017-12-21,2.0312,2.0312,1.9754,1.9986,16847834
2017-12-22,2.0033,2.0172,1.98,1.9847,166462
2017-12-25,1.9847,1.9847,1.9847,1.9847,0
2017-12-26,1.9893,2.0172,1.9847,2.0172,5486177
2017-12-27,2.0692,2.0692,2.0449,2.0595,207743
2017-12-28,2.0449,2.0498,2.0449,2.0498,6679
2017-12-29,2.0595,2.1372,2.0401,2.1372,670124
2018-01-02,2.0789,2.0789,2.0789,2.0789,51568
2018-01-03,2.1129,2.1129,2.0838,2.0838,3339
2018-01-04,2.0789,2.0983,2.0789,2.0983,15096
2018-01-05,2.1469,2.1469,2.0886,2.1129,27120
2018-01-08,2.1129,2.1129,2.0838,2.0838,204537
2018-01-09,2.0886,2.1129,2.0643,2.0692,909798
2018-01-10,2.0692,2.0692,2.0303,2.0303,158980
2018-01-11,2.0303,2.0303,2.0206,2.0255,3234125
2018-01-12,2.0255,2.0352,1.9623,1.9721,4364493
2018-01-15,1.9818,1.9915,1.9429,1.9429,7216129
2018-01-16,1.9526,1.9769,1.9429,1.9721,3995631
2018-01-17,1.9721,1.9721,1.9429,1.9623,1609047
2018-01-18,1.9478,1.9575,1.9381,1.9526,8968393
2018-01-19,1.9575,1.9575,1.9332,1.9429,6138800
2018-01-22,1.9429,1.9575,1.9381,1.9575,1884658
2018-01-23,1.9478,1.9478,1.9381,1.9429,341875
2018-01-24,1.9526,1.9526,1.9429,1.9429,1166438
2018-01-25,1.9672,1.9818,1.9332,1.9721,747744
2018-01-26,1.9721,2.0109,1.9721,1.9915,2250581
2018-01-29,2.0061,2.0546,2.0061,2.0255,912203
2018-01-30,2.0255,2.0789,2.0012,2.0158,486962
2018-02-02,2.0158,2.1372,2.0158,2.1372,1465429
2018-02-05,2.0838,2.0935,2.0061,2.0158,327580
2018-02-06,1.9915,2.0401,1.9769,1.9915,423904
2018-02-07,2.0158,2.0158,1.9915,1.9963,1490946
2018-02-08,2.0255,2.0401,1.9963,2.0206,552291
2018-02-09,1.9915,2.0206,1.9915,2.0158,135334
2018-02-12,2.0158,2.0206,2.0061,2.0109,1929413
2018-02-13,2.0109,2.0352,1.9818,2.0012,1347062
2018-02-14,1.9866,1.9866,1.9866,1.9866,10687
2018-02-15,2.0595,2.0595,1.9721,1.9915,391974
2018-02-19,1.9866,1.9963,1.9866,1.9866,76952
2018-02-20,1.9866,1.9963,1.9866,1.9866,88040
2018-02-21,1.9915,2.0061,1.9672,1.9866,313553
2018-02-22,1.9915,1.9963,1.9866,1.9915,513014
2018-02-23,2.0012,2.0546,1.9866,1.9915,77219
2018-02-26,1.9915,1.9915,1.9575,1.9575,1865554
2018-02-27,1.9818,2.0352,1.9672,2.0352,669322
2018-02-28,2.0158,2.0498,2.0158,2.0401,261717
2018-03-01,2.0255,2.0692,2.0255,2.0546,655428
2018-03-02,2.0401,2.0595,2.0401,2.0595,85769
2018-03-05,2.0352,2.0595,2.0012,2.0012,20974
2018-03-06,1.9866,2.0643,1.9866,2.0401,25917
2018-03-07,2.0158,2.0255,1.9623,1.9866,202800
2018-03-08,2.0692,2.0692,1.9915,2.0303,157110
2018-03-09,2.0303,2.0401,2.0303,2.0303,186635
2018-03-12,2.0303,2.0303,2.0158,2.0303,14962
2018-03-13,2.0158,2.0158,2.0061,2.0158,466121
2018-03-14,2.0012,2.0012,2.0012,2.0012,801
2018-03-15,1.9963,2.0061,1.9866,1.9963,1698690
2018-03-16,1.9915,2.0012,1.9915,1.9915,210148
2018-03-19,1.9963,1.9963,1.9769,1.9769,33399
2018-03-20,1.9818,1.9818,1.9672,1.9721,263854
2018-03-21,1.9721,1.9721,1.9623,1.9623,9619
2018-03-22,1.9721,1.9721,1.9672,1.9672,310480
2018-03-23,1.9623,1.9623,1.9623,1.9623,24982
2018-03-26,1.9478,1.9623,1.8992,1.8992,412949
2018-03-27,1.9332,1.9526,1.9186,1.9526,1126894
2018-03-28,1.9429,1.9526,1.9235,1.9235,105541
2018-03-29,1.9235,1.9235,1.8846,1.8846,249827
2018-03-30,1.8992,1.9332,1.8992,1.9089,127051
2018-04-02,1.9089,1.9089,1.8846,1.9041,111954
2018-04-03,1.9041,1.9041,1.8749,1.8895,100198
2018-04-04,1.8798,1.8798,1.8458,1.8458,331855
2018-04-05,1.8701,1.8749,1.8263,1.8458,259045
2018-04-06,1.8458,1.8458,1.8409,1.8458,191445
2018-04-09,1.8749,1.9332,1.8361,1.8603,242345
2018-04-10,1.8943,1.9089,1.8798,1.9089,554696
2018-04-11,1.9186,1.9429,1.8992,1.8992,200529
2018-04-12,1.9332,1.9332,1.8992,1.9041,170603
2018-04-13,1.9235,1.9381,1.9186,1.9235,616284
2018-04-16,1.9089,1.9381,1.9089,1.9235,680545
2018-04-17,1.9429,1.9429,1.9186,1.9332,423370
2018-04-18,1.9429,1.9429,1.9235,1.9235,174611
2018-04-19,1.9283,1.9332,1.8506,1.8943,25249
2018-04-20,1.9041,1.9138,1.8555,1.8555,171939
2018-04-23,1.8943,1.9381,1.8943,1.8943,5210
2018-04-24,1.9041,1.9381,1.8555,1.9332,36472
2018-04-25,1.8555,1.9381,1.8555,1.9381,68535
2018-04-26,1.8895,1.9381,1.8895,1.9283,114092
2018-04-27,1.9332,1.9332,1.9041,1.9186,8416
2018-04-30,1.9381,2.0352,1.8846,2.0352,423370
2018-05-02,1.9915,1.9915,1.9089,1.9429,207343
2018-05-03,1.9429,1.9623,1.9332,1.9623,8015
2018-05-04,1.9429,1.9478,1.9235,1.9381,80024
2018-05-07,1.8992,1.9332,1.8943,1.9041,81227
2018-05-08,1.8992,1.9429,1.8749,1.9429,289906
2018-05-14,1.8749,1.9332,1.8458,1.8943,324240
2018-05-15,1.9186,1.9235,1.8943,1.8943,10420
2018-05-16,1.8652,1.8846,1.8652,1.8701,494443
2018-05-17,1.8749,1.9186,1.8749,1.9138,14695
2018-05-18,1.9235,1.9235,1.9089,1.9186,50900
2018-05-21,1.9235,1.9575,1.9186,1.9283,74547
2018-05-22,1.9041,1.9041,1.8458,1.8555,129589
2018-05-23,1.8555,1.9186,1.8555,1.9186,49030
2018-05-24,1.9041,1.9138,1.8846,1.8943,39010
2018-05-25,1.8943,1.9041,1.8943,1.8943,32063
2018-05-28,1.8943,1.8943,1.8943,1.8943,0
2018-05-30,1.8943,1.8943,1.8943,1.8943,0
2018-05-31,1.8749,1.8749,1.8749,1.8749,0
2018-06-01,1.9089,1.9283,1.9041,1.9138,156709
2018-06-04,1.9429,1.9526,1.9381,1.9478,117966
2018-06-05,1.9478,1.9818,1.9283,1.9526,52102
2018-06-06,1.9866,1.9866,1.9283,1.9381,441405
2018-06-07,1.9429,1.9866,1.9332,1.9672,451292
2018-06-08,1.9672,1.9721,1.9332,1.9672,27120
2018-06-11,1.9623,1.9866,1.9381,1.9672,7347
2018-06-12,1.9672,1.9818,1.9332,1.9623,83899
2018-06-13,1.9672,1.9818,1.9332,1.9818,2939
2018-06-14,1.9866,1.9866,1.9332,1.9332,2538
2018-06-18,1.9818,1.9818,1.9138,1.9138,77620
2018-06-19,1.9235,1.9235,1.8943,1.9138,240074
2018-06-20,1.9041,1.9769,1.9041,1.9332,34067
2018-06-21,1.9672,1.9866,1.8992,1.9332,5744
2018-06-22,1.9381,1.9381,1.9138,1.9138,4943
2018-06-25,1.9041,1.9041,1.8992,1.8992,90979
2018-06-26,1.9332,1.9332,1.8846,1.8846,117832
2018-06-27,1.9138,1.9283,1.8846,1.9186,129589
2018-06-28,1.8846,1.9138,1.8701,1.9089,47694
2018-06-29,1.9041,1.9041,1.8701,1.8701,52236
2018-07-02,1.8749,1.8749,1.8701,1.8749,47427
2018-07-03,1.8749,1.8749,1.8361,1.8458,139074
2018-07-04,1.8506,1.8701,1.8409,1.8555,62924
2018-07-05,1.8458,1.8506,1.8361,1.8361,126917
2018-07-06,1.8409,1.8701,1.8312,1.8312,61989
2018-07-09,1.8263,1.8361,1.8215,1.8361,36472
2018-07-10,1.8361,1.8555,1.8312,1.8409,45155
2018-07-11,1.8409,1.8458,1.8312,1.8361,51167
2018-07-12,1.8312,1.8895,1.8312,1.8652,13894
2018-07-13,1.8652,1.8943,1.8555,1.8652,169000
2018-07-16,1.8701,1.8943,1.8652,1.8652,409609
2018-07-17,1.8895,1.8895,1.8652,1.8701,1064904
2018-07-18,1.8846,1.9041,1.8798,1.8992,744003
2018-07-19,1.8992,1.9429,1.8992,1.9235,152434
2018-07-20,1.9235,1.9429,1.9235,1.9283,817081
2018-07-23,1.9381,1.9478,1.9381,1.9429,900713
2018-07-24,1.9478,1.9478,1.9235,1.9235,74280
2018-07-25,1.9283,1.9381,1.9186,1.9186,447417
2018-07-26,1.9186,1.9429,1.9186,1.9235,506467
2018-07-27,1.9235,1.9381,1.9041,1.9089,241410
2018-07-30,1.9186,1.9429,1.9186,1.9332,471064
2018-07-31,1.9332,1.9332,1.9186,1.9283,479080
2018-08-01,1.9186,1.9283,1.9138,1.9138,129055
2018-08-02,1.8992,1.9041,1.8749,1.8895,360712
2018-08-03,1.8895,1.8895,1.8749,1.8846,51702
2018-08-06,1.8943,1.8943,1.8846,1.8846,37273
2018-08-07,1.8846,1.8846,1.8555,1.8603,369664
2018-08-08,1.8603,1.8603,1.8166,1.8166,1023088
2018-08-09,1.8215,1.8458,1.8215,1.8409,379951
2018-08-10,1.8409,1.8458,1.8361,1.8361,125982
2018-08-13,1.8361,1.8361,1.8069,1.8215,233127
2018-08-14,1.8263,1.8555,1.8263,1.8409,590634
2018-08-15,1.8409,1.8458,1.8312,1.8361,185566
2018-08-16,1.8409,1.8409,1.8215,1.8312,186234
2018-08-17,1.8361,1.8361,1.8215,1.8312,214691
2018-08-20,1.8361,1.8361,1.8312,1.8312,245284
2018-08-21,1.8458,1.8458,1.8263,1.8312,249693
2018-08-23,1.8409,1.8749,1.8409,1.8749,231390
2018-08-24,1.8798,1.8798,1.8458,1.8701,512078
2018-08-27,1.8846,1.8846,1.8798,1.8846,86036
2018-08-28,1.8895,1.9381,1.8895,1.9235,2154258
2018-08-29,1.9283,1.9381,1.8992,1.9235,1500432
2018-08-30,1.9283,1.9332,1.8992,1.9186,564582
2018-09-03,1.9186,1.9186,1.8846,1.8846,74814
2018-09-04,1.8943,1.8992,1.8846,1.8992,11088
2018-09-05,1.9186,1.9186,1.8895,1.9041,230989
2018-09-06,1.8992,1.8992,1.8798,1.8846,150965
2018-09-07,1.8846,1.8846,1.8846,1.8846,534
2018-09-12,1.8846,1.8846,1.8749,1.8846,61054
2018-09-13,1.9186,1.9186,1.8652,1.8895,11622
2018-09-14,1.8895,1.8943,1.8458,1.8943,1577250
2018-09-18,1.8943,1.8943,1.8846,1.8895,31662
2018-09-19,1.8943,1.9186,1.8943,1.9186,169802
2018-09-20,1.8895,1.9186,1.8895,1.9041,4542
2018-09-21,1.9041,1.9138,1.8846,1.9138,120104
2018-09-24,1.8846,1.8895,1.8846,1.8895,2671
2018-09-25,1.8846,1.8846,1.8361,1.8361,48228
2018-09-26,1.9186,1.9186,1.8652,1.8992,5611
2018-09-27,1.8749,1.8749,1.8361,1.8361,385027
2018-09-28,1.8701,1.8701,1.8409,1.8409,199193
2018-10-01,1.8458,1.8506,1.8409,1.8458,69069
2018-10-02,1.8458,1.8458,1.8215,1.8361,426710
2018-10-03,1.8312,1.8458,1.8312,1.8361,8683
2018-10-04,1.8458,1.8458,1.8166,1.8166,371667
2018-10-05,1.8166,1.8263,1.8166,1.8215,15497
2018-10-08,1.8215,1.8555,1.8215,1.8409,22577
2018-10-09,1.8409,1.8409,1.8166,1.8263,32864
2018-10-10,1.8409,1.8409,1.7923,1.8409,134398
2018-10-11,1.7923,1.7923,1.7681,1.7778,395715
2018-10-12,1.7778,1.7826,1.7486,1.7486,147491
2018-10-15,1.7826,1.7826,1.7729,1.7778,65997
2018-10-16,1.7681,1.7826,1.7535,1.7778,34067
2018-10-17,1.7778,1.7778,1.7389,1.7486,344414
2018-10-18,1.7681,1.7681,1.7389,1.7389,96457
2018-10-19,1.7389,1.7486,1.7243,1.7243,345215
2018-10-22,1.7243,1.7292,1.7049,1.7098,117832
2018-10-23,1.7049,1.7049,1.6903,1.6903,104873
2018-10-24,1.6903,1.7195,1.6758,1.6806,337467
2018-10-25,1.666,1.6806,1.6515,1.6709,86571
2018-10-26,1.6952,1.7,1.6806,1.7,51969
2018-10-29,1.6903,1.7486,1.6903,1.7486,198258
2018-10-30,1.7778,1.7826,1.7389,1.7729,136135
2018-10-31,1.7292,1.7778,1.7292,1.7778,125047
2018-11-01,1.7729,1.7729,1.7729,1.7729,1335
2018-11-02,1.7729,1.7778,1.7729,1.7729,26853
2018-11-05,1.7826,1.8166,1.7778,1.7972,184498
2018-11-07,1.8166,1.8215,1.7972,1.8215,28456
2018-11-08,1.8215,1.8215,1.8021,1.8069,131326
2018-11-09,1.8021,1.8021,1.7826,1.7826,47293
2018-11-12,1.7826,1.7826,1.7826,1.7826,3072
2018-11-13,1.7778,1.8069,1.7778,1.8069,9886
2018-11-14,1.8069,1.8215,1.7583,1.7681,79757
2018-11-15,1.7729,1.7826,1.7583,1.7681,436863
2018-11-16,1.7875,1.7875,1.7681,1.7729,238204
2018-11-19,1.7729,1.7875,1.7632,1.7729,59985
2018-11-21,1.8069,1.8069,1.7486,1.7486,97926
2018-11-22,1.7583,1.7729,1.7535,1.7729,47159
2018-11-23,1.7972,1.7972,1.7486,1.7729,453429
2018-11-26,1.7729,1.7729,1.7486,1.7535,50900
2018-11-27,1.7486,1.7729,1.7486,1.7486,38208
2018-11-28,1.7486,1.7729,1.7438,1.7486,835785
2018-11-29,1.7778,1.8312,1.7681,1.8118,605864
2018-11-30,1.8166,1.8652,1.8166,1.8506,341074
2018-12-03,1.8506,1.8943,1.8506,1.8846,211618
2018-12-04,1.8943,1.8943,1.8409,1.8458,30193
2018-12-05,1.8361,1.8701,1.8263,1.8701,90044
2018-12-06,1.8701,1.8701,1.8409,1.8458,160049
2018-12-07,1.8409,1.8409,1.8361,1.8361,86170
2018-12-10,1.8263,1.8263,1.7972,1.8069,67466
2018-12-11,1.7972,1.8263,1.7729,1.7923,83097
2018-12-12,1.7923,1.7923,1.7292,1.7438,368461
2018-12-13,1.7486,1.7486,1.7292,1.7292,287368
2018-12-14,1.7535,1.7778,1.7341,1.7389,293513
2018-12-17,1.7632,1.7681,1.7486,1.7583,222706
2018-12-18,1.7583,1.7583,1.7243,1.7438,133730
2018-12-19,1.7438,1.7681,1.7389,1.7583,135601
2018-12-20,1.7583,1.7681,1.7486,1.7486,197857
2018-12-21,1.7632,1.7681,1.7486,1.7681,379951
2018-12-24,1.7681,1.7826,1.7632,1.7681,253567
2018-12-26,1.7778,1.7972,1.7681,1.7875,699382
2018-12-27,1.8889,1.8889,1.8323,1.858,814944
2018-12-28,1.8272,1.858,1.8272,1.8529,84166
2018-12-31,1.8529,1.8529,1.8323,1.8323,110618
2019-01-02,1.8374,1.8374,1.7808,1.7911,175814
2019-01-03,1.7911,1.8066,1.7911,1.8014,114092
2019-01-04,1.8272,1.8272,1.7911,1.7963,96190
2019-01-07,1.8169,1.8169,1.8014,1.8117,125581
2019-01-08,1.8426,1.8529,1.8169,1.8169,548150
2019-01-09,1.8529,1.8632,1.8426,1.8632,201598
2019-01-10,1.8632,1.8786,1.8632,1.8632,568590
2019-01-11,1.8735,1.8735,1.8632,1.8735,190242
2019-01-14,1.8632,1.8786,1.8632,1.8735,169535
2019-01-15,1.8735,1.8786,1.8683,1.8786,193315
2019-01-16,1.8735,1.8992,1.8683,1.8992,141346
2019-01-17,1.8992,1.9455,1.8992,1.9301,399589
2019-01-18,1.9507,1.9507,1.9301,1.9404,828571
2019-01-22,1.9404,1.9455,1.9301,1.9455,62657
2019-01-23,1.9507,1.9507,1.9352,1.9455,73077
2019-01-24,1.9404,1.9558,1.9404,1.9455,536259
2019-01-25,1.9558,2.0073,1.9558,1.9919,1104583
2019-01-28,2.0073,2.0124,1.9816,1.9919,1264499
2019-01-29,2.0021,2.0021,1.9764,1.9764,171539
2019-01-30,1.9919,1.9919,1.9301,1.9301,187169
2019-01-31,1.9352,1.9558,1.9301,1.9301,449688
2019-02-04,1.9352,1.9507,1.9301,1.9404,76952
2019-02-07,1.9455,1.9867,1.9455,1.9764,131727
2019-02-08,2.0073,2.0382,1.9919,2.033,1557478
2019-02-11,2.0382,2.0845,2.0176,2.0742,1006790
2019-02-12,2.0742,2.0896,2.0639,2.0691,1039387
2019-02-13,2.0691,2.1051,2.0691,2.0896,1467834
2019-02-14,2.0896,2.1257,2.0691,2.1205,1556543
2019-02-15,2.1205,2.1514,2.1102,2.1514,1220679
2019-02-18,2.1566,2.2132,2.1566,2.1771,2195940
2019-02-19,2.1823,2.1977,2.1617,2.172,1279061
2019-02-20,2.1771,2.1926,2.1617,2.172,309945
2019-02-21,2.1874,2.2132,2.172,2.2132,313152
2019-02-22,2.2029,2.2132,2.1926,2.2029,288169
2019-02-25,2.208,2.2441,2.208,2.2286,647279
2019-02-26,2.2286,2.2338,2.2132,2.2132,1087349
2019-02-27,2.2286,2.2389,2.2029,2.2132,672262
2019-02-28,2.2132,2.2286,2.1874,2.1874,1320877
2019-03-01,2.1823,2.2132,2.172,2.1874,2815832
2019-03-04,2.2235,2.2389,2.2029,2.2132,413216
2019-03-05,2.2132,2.2132,2.2029,2.2132,252632
2019-03-06,2.2132,2.2235,2.1514,2.1514,300594
2019-03-07,2.1926,2.1977,2.1823,2.1874,1592881
2019-03-08,2.1823,2.208,2.1617,2.1823,1618799
2019-03-11,2.1771,2.1823,2.1617,2.172,2673684
2019-03-12,2.172,2.172,2.1566,2.1617,3692364
2019-03-13,2.1617,2.208,2.1617,2.1874,1824539
2019-03-14,2.2029,2.208,2.1823,2.1823,939189
2019-03-15,2.1874,2.1874,2.1617,2.1617,290307
2019-03-18,2.1874,2.1874,2.1617,2.1668,404666
2019-03-19,2.1668,2.1874,2.1668,2.1874,1347463
2019-03-20,2.1874,2.1874,2.1668,2.172,197456
2019-03-21,2.1874,2.1874,2.1463,2.1617,340005
2019-03-22,2.1617,2.1617,2.1205,2.1566,68802
2019-03-25,2.1463,2.1874,2.136,2.1514,298723
2019-03-26,2.136,2.1874,2.136,2.1668,122375
2019-03-27,2.1668,2.1823,2.1617,2.1668,1303643
2019-03-28,2.172,2.2235,2.172,2.1874,883346
2019-03-29,2.1874,2.2235,2.1823,2.2183,1286810
2019-04-01,2.2235,2.2852,2.2132,2.2698,1767760
2019-04-02,2.2698,2.2904,2.2543,2.2646,2832665
2019-04-03,2.2801,2.2801,2.2235,2.2646,1316869
2019-04-04,2.2852,2.2852,2.2595,2.2595,2363070
2019-04-05,2.2801,2.2801,2.2595,2.2646,1587270
2019-04-08,2.2595,2.2698,2.2543,2.2646,553627
2019-04-09,2.2543,2.2646,2.2543,2.2646,1296963
2019-04-10,2.2801,2.2801,2.2595,2.2646,3815408
2019-04-11,2.2646,2.2852,2.2543,2.2852,3306134
2019-04-12,2.2852,2.2904,2.2801,2.2852,8393657
2019-04-15,2.3058,2.3418,2.3058,2.3161,3886214
2019-04-16,2.3367,2.3367,2.3161,2.3213,4534429
2019-04-17,2.3213,2.3367,2.3058,2.3213,3492503
2019-04-18,2.3007,2.3882,2.3007,2.3367,1298032
2019-04-19,2.3161,2.3882,2.3161,2.3315,726769
2019-04-22,2.3264,2.3521,2.3264,2.3367,2415307
2019-04-23,2.3676,2.3676,2.311,2.3161,920753
2019-04-24,2.3213,2.419,2.3213,2.3676,1864752
2019-04-25,2.3727,2.4293,2.3624,2.3676,6701646
2019-04-26,2.3676,2.4396,2.3521,2.3933,9792021
2019-04-29,2.4088,2.4448,2.3933,2.419,1845247
2019-04-30,2.4448,2.4448,2.3882,2.3882,1381129
2019-05-02,2.4396,2.4396,2.383,2.3882,373671
2019-05-03,2.4036,2.4293,2.3882,2.4036,530114
2019-05-06,2.3882,2.4139,2.3779,2.383,921421
2019-05-07,2.383,2.383,2.3418,2.3573,1088952
2019-05-08,2.3779,2.383,2.3367,2.3727,636458
2019-05-09,2.3727,2.3727,2.3161,2.3573,326111
2019-05-10,2.3624,2.3624,2.3521,2.3573,433389
2019-05-13,2.3676,2.3676,2.2646,2.3007,1032173
2019-05-14,2.2646,2.3521,2.2646,2.2852,630713
2019-05-15,2.3264,2.347,2.3161,2.3418,1137314
2019-05-16,2.3418,2.3418,2.3367,2.3367,94052
2019-05-17,2.3367,2.3418,2.3161,2.3418,240475
2019-05-21,2.3418,2.347,2.3367,2.3418,77486
2019-05-23,2.2749,2.3882,2.2749,2.3418,682014
2019-05-24,2.3418,2.3727,2.3418,2.3624,654360
2019-05-27,2.3624,2.3624,2.3213,2.3573,99129
2019-05-28,2.3624,2.3882,2.3573,2.3676,409342
2019-05-29,2.3779,2.3779,2.3418,2.347,152835
2019-05-30,2.3521,2.3933,2.3521,2.3933,152301
2019-05-31,2.3779,2.3779,2.3521,2.3727,2543160
2019-06-03,2.3727,2.3727,2.3573,2.3676,506734
2019-06-04,2.3933,2.3933,2.3624,2.3676,32464
2019-06-05,2.3676,2.3676,2.3676,2.3676,0
2019-06-06,2.3676,2.3676,2.3676,2.3676,0
2019-06-07,2.3676,2.419,2.3676,2.3985,639397
2019-06-10,2.4036,2.4293,2.3727,2.3985,691099
2019-06-11,2.3985,2.3985,2.3521,2.3624,240608
2019-06-12,2.3521,2.3624,2.3264,2.3624,1070382
2019-06-13,2.3624,2.3882,2.3367,2.3779,359644
2019-06-14,2.3882,2.3985,2.3521,2.3676,106610
2019-06-17,2.3676,2.4139,2.2904,2.3676,439401
2019-06-18,2.3573,2.3676,2.3521,2.3624,136269
2019-06-19,2.3264,2.3727,2.3264,2.3624,242212
2019-06-20,2.3624,2.3676,2.3367,2.3676,505799
2019-06-21,2.3521,2.3521,2.347,2.347,708066
2019-06-24,2.3418,2.3676,2.3418,2.3624,120638
2019-06-25,2.3521,2.3676,2.3418,2.3624,1834826
2019-06-26,2.3521,2.383,2.3521,2.3676,4621668
2019-06-27,2.3676,2.3779,2.347,2.3624,15764
2019-06-28,2.3521,2.3573,2.3367,2.3521,1106720
2019-07-01,2.3676,2.3676,2.3367,2.3573,1145196
2019-07-02,2.3367,2.3573,2.3367,2.3521,351093
2019-07-03,2.3367,2.3573,2.3367,2.3573,1045934
2019-07-04,2.3573,2.3573,2.2955,2.3315,2799132
2019-07-05,2.3521,2.3521,2.3315,2.347,78020
2019-07-08,2.3418,2.3521,2.3418,2.347,1653134
2019-07-09,2.347,2.3521,2.3418,2.347,1386473
2019-07-10,2.3624,2.3624,2.3418,2.347,2126202
2019-07-11,2.347,2.347,2.3418,2.3418,797175
2019-07-12,2.3418,2.3418,2.3161,2.3315,2991245
2019-07-15,2.3315,2.3315,2.3264,2.3315,45289
2019-07-16,2.3624,2.3624,2.3007,2.3161,3497847
2019-07-17,2.3058,2.3161,2.3058,2.3161,849145
2019-07-18,2.3058,2.3161,2.2955,2.311,2073431
2019-07-19,2.3058,2.311,2.3058,2.3058,977932
2019-07-22,2.2904,2.2955,2.2698,2.2852,2643090
2019-07-23,2.2852,2.3007,2.2852,2.2904,4214597
2019-07-24,2.2955,2.3007,2.2595,2.2646,2717638
2019-07-25,2.2646,2.2646,2.2235,2.2441,291643
2019-07-26,2.2492,2.2492,2.2132,2.2132,568456
2019-07-29,2.2132,2.2286,2.1205,2.1308,669189
2019-07-31,2.1308,2.1566,2.0845,2.1514,968180
2019-08-01,2.1514,2.1514,2.1257,2.1308,60252
2019-08-02,2.1102,2.1771,2.1102,2.1617,1183138
2019-08-05,2.1617,2.1617,2.1205,2.1514,52637
2019-08-06,2.1514,2.2132,2.1308,2.1411,297788
2019-08-07,2.1463,2.208,2.1463,2.172,194785
2019-08-08,2.2029,2.2029,2.1411,2.1514,844869
2019-08-09,2.1463,2.172,2.1463,2.1463,28589
2019-08-13,2.1463,2.1463,2.0896,2.1051,604127
2019-08-14,2.136,2.136,2.0999,2.0999,316893
2019-08-15,2.0948,2.0999,2.033,2.0588,1329561
2019-08-16,2.0588,2.0742,2.0536,2.0639,1514994
2019-08-19,2.0742,2.1154,2.0536,2.0691,431386
2019-08-20,2.0999,2.1102,2.0691,2.0691,847274
2019-08-21,2.0691,2.1102,2.0588,2.1102,170336
2019-08-22,2.0845,2.0948,2.0793,2.0845,87372
2019-08-23,2.0742,2.1102,2.0742,2.0845,192380
2019-08-26,2.1102,2.1102,2.0588,2.0896,170737
2019-08-27,2.0845,2.0896,2.0742,2.0845,121573
2019-08-28,2.0588,2.1102,2.0588,2.0845,838323
2019-08-29,2.1308,2.1308,2.0691,2.0948,461178
2019-08-30,2.1205,2.1205,2.0845,2.0845,334127
2019-09-03,2.0845,2.1051,2.0588,2.0588,34735
2019-09-04,2.0588,2.0793,2.0588,2.0639,344681
2019-09-05,2.0896,2.0896,2.0639,2.0793,1125023
2019-09-06,2.136,2.136,2.0691,2.0742,1403440
2019-09-10,2.0793,2.0793,2.0691,2.0742,27120
2019-09-11,2.0896,2.136,2.0382,2.0382,1434034
2019-09-12,2.0485,2.0588,2.033,2.0382,2817301
2019-09-13,2.0433,2.0588,2.0073,2.0279,919150
2019-09-17,2.0279,2.0433,2.0279,2.0433,65997
2019-09-18,2.0433,2.0485,2.0279,2.0382,37140
2019-09-19,2.0382,2.0639,2.0279,2.0536,1478656
2019-09-20,2.0588,2.0588,2.0433,2.0588,275878
2019-09-23,2.1051,2.1051,2.0382,2.0382,254636
2019-09-24,2.1051,2.1051,2.0279,2.033,383825
2019-09-25,2.0588,2.0588,2.033,2.033,79624
2019-09-26,2.033,2.0485,2.0279,2.0485,1093628
2019-09-27,2.0536,2.0536,2.0073,2.033,630312
2019-09-30,2.033,2.0485,1.9867,2.0382,1624143
2019-10-01,2.0485,2.0588,2.0433,2.0485,37674
2019-10-02,2.0588,2.0588,2.033,2.0588,362182
2019-10-03,2.0639,2.0948,2.0279,2.0485,98327
2019-10-04,2.0588,2.0639,2.0279,2.0279,348555
2019-10-07,2.0691,2.0691,2.0227,2.0485,93518
2019-10-08,2.0536,2.0536,2.0279,2.0485,1707641
2019-10-09,2.0691,2.0691,2.0382,2.0485,44220
2019-10-10,2.0382,2.0691,2.0382,2.0691,1566830
2019-10-11,2.0588,2.1051,2.0588,2.1051,186902
2019-10-14,2.1102,2.136,2.0845,2.1205,604795
2019-10-15,2.1514,2.1514,2.1102,2.1514,401059
2019-10-16,2.1514,2.1617,2.0845,2.136,590233
2019-10-17,2.1566,2.172,2.1411,2.1617,2526460
2019-10-18,2.1617,2.1823,2.136,2.1617,6557227
2019-10-21,2.1823,2.1874,2.136,2.1617,230589
2019-10-22,2.1257,2.1617,2.1257,2.1566,3578940
2019-10-23,2.1257,2.1668,2.1102,2.1102,2918034
2019-10-24,2.1102,2.1102,2.0691,2.0896,1958805
2019-10-25,2.1051,2.1874,2.1051,2.1411,2302150
2019-10-29,2.1411,2.1617,2.136,2.136,37407
2019-10-30,2.1463,2.1874,2.1411,2.1874,3954215
2019-10-31,2.1874,2.1874,2.172,2.1874,165660
2019-11-01,2.1874,2.1926,2.1771,2.1771,61721
2019-11-04,2.1771,2.1926,2.1411,2.1823,241143
2019-11-05,2.1926,2.208,2.1771,2.2029,1540778
2019-11-06,2.208,2.2132,2.1823,2.2132,2208231
2019-11-07,2.208,2.208,2.1771,2.1874,2105094
2019-11-08,2.1874,2.2029,2.1823,2.2029,1583797
2019-11-11,2.2235,2.2595,2.1977,2.2389,1877444
2019-11-12,2.2543,2.2543,2.2029,2.2235,174878
2019-11-13,2.2543,2.2543,2.2029,2.2183,138139
2019-11-14,2.2183,2.2235,2.2132,2.2132,226046
2019-11-15,2.1926,2.2389,2.1874,2.2389,1390481
2019-11-18,2.2389,2.2389,2.2132,2.2286,329851
2019-11-19,2.2286,2.2389,2.208,2.2235,935983
2019-11-20,2.208,2.2132,2.208,2.208,78822
2019-11-21,2.2029,2.2286,2.2029,2.2183,431118
2019-11-22,2.2183,2.2441,2.2132,2.2183,2975214
2019-11-25,2.2183,2.2183,2.1823,2.1874,128654
2019-11-26,2.1874,2.2286,2.136,2.1463,263721
2019-11-27,2.1463,2.172,2.1463,2.1514,290440
2019-11-28,2.1411,2.172,2.0896,2.1617,139876
2019-11-29,2.1566,2.1566,2.1102,2.1411,114092
2019-12-02,2.1514,2.1566,2.1411,2.1514,571128
2019-12-03,2.1463,2.1771,2.1463,2.172,1564291
2019-12-04,2.2132,2.2132,2.1823,2.1977,2787776
2019-12-05,2.2029,2.2029,2.1977,2.1977,48896
2019-12-06,2.1977,2.2132,2.1823,2.2029,1948250
2019-12-09,2.1926,2.1926,2.1771,2.1823,67466
2019-12-10,2.172,2.2132,2.172,2.2132,30059
2019-12-11,2.2132,2.2132,2.1977,2.2029,1019080
2019-12-12,2.2235,2.2646,2.2235,2.2286,604127
2019-12-13,2.2595,2.3058,2.2595,2.2955,204270
2019-12-16,2.3058,2.311,2.2801,2.2852,146289
2019-12-17,2.2904,2.2904,2.1874,2.2441,511945
2019-12-18,2.2441,2.2955,2.2286,2.2904,261182
2019-12-19,2.2904,2.3418,2.2852,2.3161,1464628
2019-12-20,2.311,2.3213,2.311,2.3161,254770
2019-12-23,2.3776,2.3776,2.3289,2.3614,369931
2019-12-24,2.3722,2.3992,2.3614,2.3992,166328
2019-12-26,2.3992,2.4046,2.3722,2.3992,229653
2019-12-27,2.3884,2.4262,2.3722,2.4046,138273
2019-12-30,2.3884,2.4046,2.3884,2.4046,55710
2019-12-31,2.3776,2.3992,2.3776,2.3776,189975
2020-01-02,2.3884,2.41,2.3235,2.3668,225646
2020-01-03,2.3235,2.41,2.3235,2.41,300059
2020-01-06,2.3938,2.4208,2.356,2.4046,159114
2020-01-07,2.4046,2.4154,2.3722,2.3722,229520
2020-01-08,2.4208,2.4208,2.3506,2.3668,175947
2020-01-09,2.3398,2.3992,2.3398,2.356,316759
2020-01-10,2.3776,2.3776,2.356,2.3776,3689292
2020-01-13,2.3776,2.3776,2.3452,2.3776,1763352
2020-01-14,2.3776,2.3776,2.3668,2.3776,517422
2020-01-15,2.3722,2.3776,2.3452,2.3776,483488
2020-01-16,2.3776,2.3776,2.2587,2.2587,2885570
2020-01-17,2.2587,2.2857,2.2587,2.2695,365522
2020-01-20,2.2695,2.2695,2.1993,2.1993,815478
2020-01-21,2.1993,2.3235,2.1939,2.2695,995701
2020-01-22,2.2695,2.2695,2.183,2.1939,1256617
2020-01-23,2.1993,2.2317,2.1668,2.1668,2712294
2020-01-24,2.1668,2.2695,2.156,2.1614,1680788
2020-01-28,2.1614,2.1722,2.0858,2.1128,543741
2020-01-29,2.1722,2.1722,2.1236,2.1344,393444
2020-01-30,2.1506,2.1506,2.129,2.1344,1527151
2020-01-31,2.1344,2.183,2.129,2.1344,1520071
2020-02-03,2.1182,2.1344,2.048,2.048,1655138
2020-02-04,2.0588,2.0858,2.0426,2.0534,1600630
2020-02-05,2.0642,2.0912,2.0534,2.0858,2110705
2020-02-06,2.0966,2.1128,2.0912,2.0966,2682769
2020-02-07,2.1668,2.1668,2.1074,2.1074,1168442
2020-02-10,2.1452,2.156,2.129,2.1344,813741
2020-02-11,2.1074,2.156,2.0966,2.1074,1127695
2020-02-12,2.1128,2.1128,1.9399,2.0263,1371644
2020-02-13,2.0263,2.075,2.0263,2.048,906191
2020-02-14,2.0588,2.1506,2.0534,2.129,616819
2020-02-17,2.129,2.156,2.102,2.102,231390
2020-02-18,2.102,2.1074,2.0912,2.0912,306472
2020-02-19,2.0966,2.0966,2.0912,2.0912,366190
2020-02-20,2.0966,2.102,2.0912,2.0966,434191
2020-02-21,2.0966,2.0966,2.0858,2.0858,263988
2020-02-24,2.0804,2.0804,2.0263,2.0317,594775
2020-02-25,2.0263,2.0426,2.0101,2.0372,1846850
2020-02-26,2.0263,2.1074,2.0263,2.0263,80960
2020-02-27,2.0263,2.0372,2.0263,2.0317,164859
2020-02-28,2.0317,2.0588,2.0209,2.0426,263854
2020-03-02,2.0426,2.0426,1.9939,2.0155,229520
2020-03-03,2.0426,2.0426,1.9993,2.0155,405601
2020-03-04,2.0155,2.048,1.9939,2.0047,232192
2020-03-05,2.0047,2.0101,2.0047,2.0101,8283
2020-03-06,2.0426,2.0426,2.0101,2.0101,29792
2020-03-09,2.0047,2.0047,1.9453,1.9723,1706840
2020-03-10,1.9453,1.9723,1.9453,1.9669,2556519
2020-03-11,1.9615,1.9993,1.9615,1.9993,359243
2020-03-12,1.9993,1.9993,1.9183,1.9453,106610
2020-03-13,1.9453,1.9453,1.9453,1.9453,0
2020-03-16,1.8588,1.8588,1.6211,1.6697,4504637
2020-03-17,1.567,1.6589,1.54,1.6049,2173496
2020-03-18,1.5941,1.5941,1.5616,1.5778,4043458
2020-03-19,1.567,1.6211,1.5076,1.5292,780743
2020-03-20,1.54,1.6157,1.54,1.567,1194895
2020-03-23,1.513,1.5508,1.5076,1.5238,454364
2020-03-24,1.5238,1.54,1.5184,1.5238,860233
2020-03-25,1.5508,1.5941,1.54,1.5562,634721
2020-03-26,1.5616,1.5941,1.5562,1.5832,621895
2020-03-27,1.5941,1.6751,1.5941,1.6157,574869
2020-03-30,1.6211,1.6373,1.6049,1.6373,1244593
2020-03-31,1.6481,1.7832,1.6481,1.7562,600386
2020-04-01,1.7562,1.767,1.7291,1.7562,2114846
2020-04-02,1.7562,1.7562,1.7454,1.7508,996369
2020-04-03,1.7832,1.7832,1.7454,1.7454,249025
2020-04-06,1.7291,1.7562,1.7291,1.7508,99530
2020-04-07,1.767,1.8102,1.7508,1.767,245284
2020-04-08,1.767,1.794,1.7562,1.7778,138406
2020-04-09,1.8048,1.8102,1.7832,1.8048,112088
2020-04-10,1.8102,1.8102,1.767,1.7832,90178
2020-04-13,1.7832,1.7832,1.7454,1.7454,627239
2020-04-14,1.7454,1.7508,1.74,1.7454,487096
2020-04-15,1.7562,1.7778,1.7562,1.767,72276
2020-04-16,1.7832,1.7832,1.7562,1.7724,164992
2020-04-17,1.7832,1.8588,1.7724,1.8372,2204891
2020-04-20,1.8426,1.8534,1.8156,1.821,953484
2020-04-21,1.821,1.821,1.7345,1.7508,433790
2020-04-22,1.7291,1.8588,1.6751,1.7508,522766
2020-04-23,1.7616,1.7778,1.7508,1.7508,70673
2020-04-24,1.7508,1.7508,1.7237,1.7508,189975
2020-04-27,1.7508,1.7562,1.6805,1.7021,517289
2020-04-28,1.7021,1.7291,1.6751,1.7021,195987
2020-04-29,1.7021,1.7075,1.6805,1.6967,217630
2020-04-30,1.7021,1.7183,1.7021,1.7075,924494
2020-05-04,1.7183,1.7183,1.6481,1.7075,1170580
2020-05-05,1.7075,1.7508,1.6751,1.74,987819
2020-05-06,1.74,1.7616,1.7129,1.7237,970718
2020-05-08,1.7237,1.7291,1.7075,1.7129,182093
2020-05-12,1.7129,1.7237,1.6859,1.6913,250762
2020-05-13,1.7075,1.7183,1.6967,1.7021,3284492
2020-05-14,1.6967,1.7021,1.6913,1.6967,484156
2020-05-15,1.6967,1.7183,1.6913,1.7021,1865286
2020-05-18,1.7021,1.7832,1.7021,1.7832,403864
2020-05-19,1.794,1.8588,1.794,1.8588,617754
2020-05-20,1.8642,1.9777,1.8588,1.9453,733316
2020-05-21,1.9723,2.0534,1.9453,2.0101,1829482
2020-05-22,2.0101,2.0101,1.9237,1.9345,341875
2020-05-27,1.9399,1.9453,1.9345,1.9453,877467
2020-05-28,1.9885,1.9885,1.8913,1.9507,298322
2020-05-29,1.9723,2.0588,1.9345,1.9345,7093888
2020-06-02,1.9345,1.9345,1.9345,1.9345,0
2020-06-03,1.9507,1.9939,1.9345,1.9345,3848273
2020-06-04,1.9669,2.0209,1.9669,1.9723,4673905
2020-06-05,1.9993,2.0209,1.9291,1.9561,729842
2020-06-09,1.9777,2.0209,1.9777,1.9885,980872
2020-06-10,1.9831,2.0155,1.9777,1.9885,1439244
2020-06-11,1.9831,1.9831,1.9399,1.9399,216694
2020-06-12,1.9075,1.9237,1.8642,1.9237,1357883
2020-06-15,1.9345,1.9399,1.8642,1.8642,1751461
2020-06-16,1.8967,1.8967,1.8696,1.8859,1082138
2020-06-17,1.8967,1.8967,1.875,1.8859,2454050
2020-06-18,1.8804,1.9021,1.8804,1.8859,532118
2020-06-19,1.8859,1.8913,1.8696,1.8859,323706
2020-06-22,1.8804,1.8804,1.7994,1.8372,204003
2020-06-23,1.8426,1.8913,1.8372,1.8372,252098
2020-06-24,1.8372,1.8588,1.8372,1.8372,131059
2020-06-25,1.8372,1.8642,1.8264,1.8264,379683
2020-06-26,1.848,1.8642,1.848,1.8642,81227
2020-06-29,1.8696,1.8696,1.8588,1.8588,253835
2020-06-30,1.8534,1.8534,1.8372,1.848,1575514
2020-07-01,1.848,1.8642,1.8372,1.8642,2002758
2020-07-02,1.8804,1.8913,1.8372,1.8588,693904
2020-07-03,1.8913,1.9507,1.8642,1.9507,424038
2020-07-06,1.9507,1.9507,1.9183,1.9291,339871
2020-07-07,1.9345,1.9345,1.9021,1.9021,74547
2020-07-08,1.9021,1.9507,1.9021,1.9291,326645
2020-07-09,1.9507,1.9723,1.9453,1.9723,306472
2020-07-10,1.9723,1.9723,1.9129,1.9183,142548
2020-07-13,1.9723,1.9723,1.8913,1.9129,131059
2020-07-14,1.9075,1.9129,1.8696,1.875,771925
2020-07-15,1.8696,1.9021,1.8642,1.9021,593974
2020-07-16,1.8858,1.8913,1.8318,1.8372,913939
2020-07-17,1.8372,1.8588,1.8318,1.8534,521297
2020-07-20,1.8642,1.8642,1.8318,1.8372,1025894
2020-07-21,1.8426,1.8642,1.8426,1.848,25784
2020-07-22,1.848,1.8534,1.8318,1.8426,798511
2020-07-23,1.8426,1.8534,1.8318,1.8372,742801
2020-07-24,1.8372,1.848,1.8318,1.8426,200796
2020-07-27,1.8426,1.8426,1.8102,1.821,389169
2020-07-28,1.8102,1.8588,1.8102,1.8426,614414
2020-07-29,1.8426,1.9075,1.8426,1.9075,1456746
2020-07-30,1.9183,1.9183,1.8318,1.8426,976730
2020-08-03,1.8426,1.8426,1.8264,1.8264,916344
2020-08-04,1.8318,1.8318,1.8156,1.8156,754691
2020-08-05,1.8156,1.8156,1.767,1.7832,1328358
2020-08-06,1.7832,1.794,1.7832,1.7886,114225
2020-08-07,1.7886,1.7994,1.7832,1.7994,192513
2020-08-10,1.7994,1.8102,1.794,1.8102,110485
2020-08-11,1.7994,1.8102,1.794,1.8048,225512
2020-08-12,1.8048,1.848,1.7994,1.848,141880
2020-08-13,1.848,1.8804,1.8426,1.8804,324775
2020-08-14,1.8804,1.8967,1.8696,1.875,1119813
2020-08-17,1.8804,1.8859,1.8642,1.8859,65195
2020-08-18,1.8859,1.8913,1.8426,1.8913,907259
2020-08-19,1.8642,1.8913,1.8372,1.8913,706463
2020-08-21,1.8913,1.8913,1.8588,1.8913,83231
2020-08-24,1.8913,1.8913,1.8696,1.8804,432321
2020-08-25,1.8642,1.875,1.8642,1.8696,183162
2020-08-26,1.8588,1.8642,1.848,1.8588,317427
2020-08-27,1.8642,1.8642,1.8534,1.8588,269065
2020-08-28,1.8642,1.9993,1.8426,1.9993,1111263
2020-09-01,1.9723,1.9885,1.9021,1.9183,517957
2020-09-02,1.9183,1.9291,1.9183,1.9291,573934
2020-09-03,1.9453,1.9453,1.9237,1.9237,171004
2020-09-04,1.9291,1.9291,1.8642,1.9129,82162
2020-09-07,1.9345,1.9345,1.9183,1.9183,46491
2020-09-08,1.9237,1.9453,1.9237,1.9453,176348
2020-09-09,1.8913,1.9183,1.8913,1.9183,231123
2020-09-10,1.8913,1.9183,1.8913,1.9183,154304
2020-09-11,1.9453,1.9453,1.9075,1.9075,19638
2020-09-14,1.8913,1.9075,1.8913,1.9075,390371
2020-09-15,1.9075,1.9075,1.8967,1.9075,51969
2020-09-17,1.9075,1.9075,1.9021,1.9075,531984
2020-09-18,1.9237,1.9507,1.9237,1.9507,228451
2020-09-21,1.9507,1.9507,1.9075,1.9075,36605
2020-09-22,1.9075,1.9129,1.9075,1.9129,14027
2020-09-23,1.9075,1.9075,1.8913,1.8913,37407
2020-09-24,1.8913,1.9075,1.8642,1.8696,143750
2020-09-25,1.8588,1.875,1.8588,1.8642,661173
2020-09-28,1.8534,1.8588,1.8264,1.8264,223241
2020-09-29,1.8642,1.8642,1.8264,1.8372,411079
2020-09-30,1.8372,1.9021,1.8372,1.8913,189841
2020-10-01,1.8913,1.8913,1.848,1.8588,176081
2020-10-02,1.848,1.8859,1.8426,1.8534,18436
2020-10-05,1.8534,1.8534,1.8156,1.8372,566052
2020-10-06,1.8264,1.8534,1.8264,1.8426,44220
2020-10-07,1.8372,1.8642,1.8264,1.8264,19638
2020-10-08,1.8264,1.8804,1.8264,1.8372,11355
2020-10-09,1.8642,1.8642,1.8372,1.8426,118901
2020-10-12,1.8372,1.8804,1.8318,1.8318,46224
2020-10-13,1.875,1.875,1.8264,1.848,25517
2020-10-14,1.8372,1.848,1.821,1.848,265057
2020-10-15,1.8534,1.8534,1.8264,1.8426,30460
2020-10-16,1.848,1.848,1.821,1.8372,498986
2020-10-19,1.8426,1.8426,1.8264,1.8426,61321
2020-10-20,1.8642,1.8642,1.8264,1.8372,72676
2020-10-21,1.848,1.8859,1.8372,1.875,273874
2020-10-22,1.875,1.8804,1.767,1.767,3619687
2020-10-23,1.7886,1.8102,1.7616,1.7724,1108724
2020-10-26,1.7724,1.7778,1.7021,1.7021,316893
2020-10-27,1.7129,1.7183,1.6967,1.6967,285096
2020-10-28,1.7183,1.7291,1.6967,1.7021,89510
2020-10-30,1.7021,1.7345,1.6967,1.6967,160717
2020-11-02,1.7021,1.7021,1.6751,1.6913,40747
2020-11-03,1.6913,1.7129,1.6913,1.6913,92716
2020-11-04,1.6913,1.7129,1.6913,1.7021,110752
2020-11-05,1.7129,1.7291,1.7129,1.7183,346150
2020-11-06,1.7291,1.7345,1.7129,1.7129,136135
2020-11-09,1.7237,1.7508,1.7183,1.7183,202400
2020-11-10,1.7562,1.8804,1.7508,1.8372,2961587
2020-11-11,1.8372,1.875,1.7616,1.8372,1037383
2020-11-12,1.8372,1.8696,1.8264,1.8696,415220
2020-11-13,1.8642,1.8696,1.848,1.8642,550955
2020-11-16,1.8642,1.9453,1.8588,1.9453,1208655
2020-11-17,1.9507,2.0696,1.9507,2.0426,2960785
2020-11-18,2.0426,2.0426,1.9615,1.9831,714879
2020-11-19,1.9507,1.9831,1.9345,1.9777,423503
2020-11-20,1.9777,1.9777,1.9507,1.9777,76818
2020-11-23,1.9885,1.9885,1.9507,1.9723,596779
2020-11-24,1.9777,1.9777,1.9453,1.9723,358441
2020-11-25,1.9831,1.9831,1.9507,1.9723,688694
2020-11-26,1.9777,1.9777,1.9453,1.9615,496581
2020-11-27,1.9615,2.0209,1.9561,1.9885,56778
2020-11-30,1.9723,2.0209,1.9561,1.9993,479748
2020-12-01,1.9831,2.129,1.9831,2.1182,1671837
2020-12-02,2.1182,2.1182,2.0912,2.1128,907527
2020-12-03,2.1182,2.1182,1.8913,2.1074,2600606
2020-12-04,2.1128,2.129,2.102,2.1128,770589
2020-12-07,2.1128,2.129,2.1128,2.129,51167
2020-12-08,2.1236,2.1344,2.1182,2.1182,173810
2020-12-09,2.1506,2.1506,2.1344,2.1398,708867
2020-12-10,2.1398,2.3776,2.129,2.3235,3635853
2020-12-11,2.3398,2.4748,2.3398,2.41,3230518
2020-12-14,2.4316,2.4316,2.3938,2.41,620559
2020-12-15,2.41,2.41,2.3289,2.3776,1169912
2020-12-16,2.3776,2.3992,2.3722,2.3776,306071
2020-12-17,2.3884,2.3884,2.356,2.383,515017
2020-12-18,2.383,2.3884,2.3235,2.383,277615
2020-12-21,2.4663,2.5,2.4101,2.4775,972054
2020-12-22,2.4495,2.4551,2.3708,2.4382,268664
2020-12-23,2.4382,2.4719,2.3877,2.4438,202533
2020-12-24,2.4158,2.4607,2.4158,2.4438,185833
2020-12-28,2.4438,2.4438,2.4045,2.4045,53572
2020-12-29,2.4045,2.4101,2.4045,2.4101,592771
2020-12-30,2.4101,2.4158,2.4045,2.4101,645542
2020-12-31,2.3933,2.3989,2.3877,2.3933,1078531
2021-01-04,2.382,2.4214,2.382,2.4158,446081
2021-01-05,2.4158,2.4158,2.3483,2.4158,338803
2021-01-06,2.3708,2.382,2.3652,2.3652,247555
2021-01-07,2.3596,2.3596,2.309,2.3146,556566
2021-01-08,2.2978,2.3371,2.2978,2.3146,628575
2021-01-11,2.3034,2.3146,2.2753,2.2865,599050
2021-01-12,2.2584,2.2922,2.236,2.2697,545344
2021-01-13,2.2697,2.309,2.2697,2.3034,966977
2021-01-14,2.3202,2.3483,2.3202,2.3315,181558
2021-01-15,2.3315,2.3708,2.3315,2.3596,264255
2021-01-18,2.3596,2.3877,2.3371,2.3596,628308
2021-01-19,2.3371,2.3596,2.309,2.3596,47827
2021-01-20,2.3315,2.3315,2.2753,2.3034,537863
2021-01-21,2.3259,2.3427,2.2472,2.3427,733316
2021-01-22,2.2697,2.4607,2.2697,2.4438,387298
2021-01-25,2.4438,2.4438,2.2978,2.3202,308209
2021-01-26,2.3034,2.354,2.2528,2.2697,253701
2021-01-27,2.2641,2.2641,2.236,2.2472,428313
2021-01-29,2.2472,2.2865,2.236,2.2472,1083341
2021-02-02,2.2584,2.2697,2.1573,2.1573,1020951
2021-02-03,2.1573,2.2922,2.1573,2.2416,565517
2021-02-04,2.2922,2.354,2.236,2.236,500055
2021-02-05,2.2416,2.3259,2.236,2.236,968981
2021-02-08,2.2865,2.2922,2.2528,2.2584,747611
2021-02-09,2.2809,2.2809,2.2304,2.2472,892163
2021-02-10,2.3483,2.4045,2.1966,2.2304,1552134
2021-02-11,2.2584,2.2697,2.2247,2.2247,194651
2021-02-15,2.2304,2.3259,2.2304,2.2753,610272
2021-02-16,2.3034,2.3259,2.2584,2.2584,956022
2021-02-17,2.3034,2.3034,2.2472,2.2472,510609
2021-02-18,2.2584,2.2584,2.2247,2.2416,1179531
2021-02-19,2.2191,2.2416,2.2079,2.2191,314755
2021-02-22,2.2191,2.2865,2.2079,2.2809,820555
2021-02-23,2.2809,2.2809,2.236,2.2416,80692
2021-02-24,2.2472,2.2528,2.191,2.2416,561777
2021-02-25,2.2191,2.2865,2.2191,2.2753,5503411
2021-02-26,2.2641,2.3034,2.2641,2.2809,2514837
2021-03-01,2.2865,2.3034,2.2865,2.2922,599050
2021-03-02,2.2978,2.4045,2.2978,2.3315,2476895
2021-03-03,2.3427,2.354,2.3202,2.3315,1688136
2021-03-04,2.3315,2.354,2.3146,2.3146,692168
2021-03-05,2.3146,2.3146,2.2528,2.2528,1845781
2021-03-08,2.2922,2.427,2.2922,2.4158,4189080
2021-03-09,2.4101,2.4438,2.382,2.3877,4165032
2021-03-10,2.3708,2.4045,2.3708,2.382,1617463
2021-03-11,2.3877,2.3877,2.2922,2.3034,806527
2021-03-12,2.3034,2.3596,2.2809,2.2865,2991646
2021-03-15,2.3259,2.3259,2.2865,2.2865,161385
2021-03-16,2.3034,2.3596,2.2809,2.3427,424839
2021-03-17,2.3596,2.3652,2.3315,2.3596,585824
2021-03-18,2.3708,2.4045,2.3596,2.3877,293647
2021-03-19,2.3877,2.4326,2.382,2.4158,1133707
2021-03-22,2.4382,2.4382,2.3989,2.4158,994365
2021-03-23,2.4158,2.4214,2.3146,2.4158,751084
2021-03-24,2.4158,2.4158,2.382,2.3989,78822
2021-03-25,2.3989,2.4214,2.3933,2.4158,150297
2021-03-26,2.4158,2.4719,2.3933,2.4719,320099
2021-03-29,2.4719,2.5281,2.427,2.4495,430183
2021-03-30,2.4438,2.4438,2.3652,2.3877,484691
2021-03-31,2.3933,2.4158,2.3596,2.3764,225646
2021-04-01,2.382,2.3989,2.3483,2.3596,334928
2021-04-02,2.3877,2.3877,2.3202,2.3259,783682
2021-04-05,2.382,2.382,2.2416,2.2584,2215312
2021-04-06,2.2865,2.2865,2.2304,2.2416,1699626
2021-04-07,2.2472,2.2528,2.2079,2.2135,1352940
2021-04-08,2.2247,2.2304,2.1854,2.2023,1883055
2021-04-09,2.2079,2.236,2.1966,2.2304,763909
2021-04-12,2.2304,2.2304,2.2079,2.2135,476541
2021-04-13,2.2135,2.2135,2.2135,2.2135,0
2021-04-14,2.2472,2.2472,2.1686,2.1854,1207052
2021-04-15,2.1854,2.2079,2.1798,2.1966,736522
2021-04-16,2.2079,2.2584,2.2023,2.2304,941193
2021-04-19,2.2304,2.236,2.2247,2.236,148560
2021-04-20,2.236,2.2528,2.2247,2.2416,633251
2021-04-21,2.236,2.2472,2.1854,2.191,483355
2021-04-22,2.1966,2.1966,2.1798,2.191,1877978
2021-04-23,2.1966,2.2079,2.191,2.2023,1021352
2021-04-26,2.2079,2.2304,2.1854,2.191,877334
2021-04-27,2.1966,2.2191,2.1854,2.191,1739438
2021-04-28,2.191,2.2135,2.191,2.1966,1727547
2021-04-30,2.2135,2.236,2.1798,2.1798,2700137
2021-05-03,2.2079,2.2079,2.1798,2.1966,888556
2021-05-04,2.2079,2.2416,2.191,2.2135,911134
2021-05-05,2.2135,2.236,2.191,2.191,382222
2021-05-06,2.2191,2.2191,2.1854,2.191,317427
2021-05-07,2.2079,2.2247,2.191,2.191,353097
2021-05-10,2.1854,2.2191,2.1629,2.1629,655028
2021-05-11,2.1798,2.191,2.1798,2.1854,202400
2021-05-12,2.1742,2.1966,2.1686,2.1742,213755
2021-05-17,2.1742,2.191,2.1461,2.1629,1471174
2021-05-18,2.1629,2.1966,2.1629,2.191,644206
2021-05-19,2.1966,2.2191,2.1742,2.1798,431252
2021-05-20,2.1742,2.1854,2.1686,2.1686,884281
2021-05-21,2.1854,2.1854,2.1124,2.1348,1005854
2021-05-24,2.1348,2.1573,2.1292,2.1292,586091
2021-05-25,2.1292,2.1629,2.1292,2.1348,690030
2021-05-27,2.1348,2.2079,2.1348,2.1798,1709645
2021-05-28,2.1798,2.1798,2.1517,2.1573,278283
2021-05-31,2.1405,2.1461,2.118,2.1236,1654069
2021-06-01,2.1236,2.1742,2.1236,2.1686,200529
2021-06-02,2.1686,2.191,2.1517,2.191,621227
2021-06-03,2.191,2.191,2.1686,2.1686,583553
2021-06-04,2.1742,2.1798,2.1629,2.1629,1148536
2021-06-08,2.1629,2.1854,2.1573,2.1798,1140521
2021-06-09,2.1854,2.1854,2.1629,2.1629,1017878
2021-06-10,2.1629,2.1854,2.1629,2.1798,181024
2021-06-11,2.1798,2.1798,2.1629,2.1629,217630
2021-06-14,2.1686,2.1966,2.1686,2.1966,393043
2021-06-15,2.191,2.1966,2.1798,2.191,407338
2021-06-16,2.1966,2.2472,2.191,2.236,1208655
2021-06-17,2.2472,2.2865,2.236,2.2641,2307227
2021-06-18,2.2697,2.2697,2.2472,2.2528,1745450
2021-06-21,2.2472,2.2528,2.2304,2.236,758699
2021-06-22,2.236,2.2416,2.2304,2.2304,43552
2021-06-23,2.2304,2.2753,2.2304,2.2416,117432
2021-06-24,2.2416,2.2416,2.2191,2.2304,340138
2021-06-25,2.2191,2.2191,2.1742,2.1742,285230
2021-06-28,2.1629,2.191,2.1348,2.1348,928769
2021-06-29,2.1348,2.1798,2.1236,2.1573,601589
2021-06-30,2.1686,2.1966,2.1573,2.1798,102602
2021-07-01,2.1742,2.2023,2.1742,2.1798,447150
2021-07-02,2.1517,2.1854,2.1348,2.1629,532252
2021-07-05,2.1629,2.1966,2.1348,2.1629,371667
2021-07-06,2.1461,2.1966,2.1461,2.1629,268129
2021-07-07,2.1629,2.1629,2.1348,2.1348,54507
2021-07-08,2.1348,2.1798,2.1292,2.1348,995434
2021-07-09,2.1405,2.1405,2.1236,2.1236,251163
2021-07-12,2.1236,2.1461,2.1124,2.1405,57046
2021-07-13,2.1461,2.1461,2.118,2.1236,226714
2021-07-14,2.1236,2.1292,2.118,2.118,771925
2021-07-15,2.118,2.118,2.1011,2.1068,683617
2021-07-16,2.1068,2.1068,2.0899,2.1068,425641
2021-07-19,2.1124,2.1348,2.1068,2.1124,551490
2021-07-21,2.1124,2.118,2.0955,2.1011,146021
2021-07-22,2.1011,2.1292,2.0955,2.1236,325977
2021-07-23,2.1236,2.1629,2.1236,2.1348,186635
2021-07-26,2.1629,2.1742,2.1292,2.1348,275077
2021-07-27,2.1348,2.1348,2.118,2.118,59050
2021-07-28,2.1292,2.1292,2.1068,2.1068,49030
2021-07-29,2.1405,2.1405,2.0955,2.0955,533053
2021-07-30,2.1348,2.1348,2.0955,2.1068,352697
2021-08-02,2.1292,2.1292,2.1068,2.1292,132528
2021-08-03,2.1011,2.1405,2.1011,2.118,211751
2021-08-04,2.1348,2.1517,2.1124,2.1517,234997
2021-08-05,2.1348,2.1517,2.1124,2.118,225913
2021-08-06,2.1348,2.1517,2.1292,2.1348,336264
2021-08-09,2.1236,2.1348,2.1236,2.1292,43419
2021-08-11,2.1292,2.1573,2.1292,2.1573,68669
2021-08-12,2.1573,2.1629,2.1517,2.1573,367526
2021-08-13,2.1517,2.1517,2.1348,2.1461,149762
2021-08-16,2.1461,2.1461,2.118,2.1348,114893
2021-08-17,2.1292,2.1742,2.1124,2.1292,205606
2021-08-18,2.1405,2.1629,2.1405,2.1517,637660
2021-08-19,2.1405,2.1461,2.1348,2.1348,1654203
2021-08-20,2.1348,2.1405,2.1292,2.1292,307006
2021-08-23,2.1292,2.1348,2.1292,2.1348,157511
2021-08-24,2.1236,2.1966,2.1236,2.191,1059961
2021-08-25,2.191,2.2865,2.1517,2.2641,2118186
2021-08-26,2.2416,2.2809,2.236,2.2641,1219343
2021-08-27,2.2641,2.2641,2.2247,2.2304,348422
2021-08-30,2.2304,2.2416,2.2191,2.2304,1157487
2021-09-01,2.2304,2.2304,2.2135,2.2191,842064
2021-09-02,2.2191,2.2247,2.2079,2.2247,1140120
2021-09-03,2.2247,2.2304,2.2191,2.2191,1057156
2021-09-06,2.2191,2.236,2.2191,2.2304,1047537
2021-09-07,2.2472,2.2641,2.2247,2.2416,702054
2021-09-08,2.2191,2.236,2.2135,2.2304,1178462
2021-09-09,2.2472,2.2472,2.2191,2.2304,1052480
2021-09-10,2.236,2.2416,2.191,2.2191,555631
2021-09-13,2.2528,2.2528,2.2135,2.236,3188034
2021-09-14,2.2416,2.2472,2.2247,2.236,2234817
2021-09-15,2.236,2.2416,2.2247,2.236,2390191
2021-09-17,2.236,2.2472,2.2247,2.236,820956
2021-09-20,2.236,2.2416,2.2023,2.2135,306338
2021-09-21,2.2135,2.2416,2.2135,2.236,296719
2021-09-22,2.236,2.2753,2.2304,2.2753,714345
2021-09-23,2.2753,2.2753,2.2304,2.2641,438867
2021-09-24,2.2641,2.2865,2.2641,2.2641,927165
2021-09-27,2.2641,2.2641,2.2641,2.2641,0
2021-09-28,2.2641,2.2641,2.2641,2.2641,0
2021-09-29,2.2641,2.2641,2.2641,2.2641,0
2021-09-30,2.2641,2.2641,2.2641,2.2641,0
2021-10-01,2.2641,2.2641,2.2641,2.2641,0
2021-10-04,2.2641,2.2641,2.2641,2.2641,0
2021-10-05,2.2641,2.2641,2.2641,2.2641,0
2021-10-06,2.2641,2.2641,2.2641,2.2641,0
2021-10-07,2.2641,2.2641,2.2641,2.2641,0
2021-10-08,2.2817,2.3793,2.2517,2.2817,1135900
2021-10-11,2.3192,2.3267,2.2817,2.2892,695700
2021-10-12,2.2892,2.3642,2.2892,2.3567,2311100
2021-10-13,2.3868,2.3943,2.3642,2.3642,2977600
2021-10-14,2.3793,2.3868,2.3642,2.3642,1705900
2021-10-15,2.3793,2.3943,2.3642,2.3717,2149100
2021-10-18,2.3868,2.4018,2.3718,2.3943,1574200
2021-10-20,2.4018,2.4318,2.3943,2.4018,1190000
2021-10-21,2.4093,2.5519,2.3868,2.5519,3528200
2021-10-22,2.5068,2.5068,2.4468,2.4543,1039700
2021-10-25,2.4468,2.4468,2.4318,2.4393,230700
2021-10-26,2.4468,2.4468,2.4168,2.4243,537200
2021-10-27,2.4393,2.4393,2.4093,2.4168,816200
2021-10-28,2.4168,2.4168,2.3943,2.4018,552600
2021-10-29,2.4018,2.4168,2.3943,2.4018,313200
2021-11-01,2.4018,2.4018,2.2892,2.3042,1641300
2021-11-02,2.3117,2.3117,2.2892,2.2892,647100
2021-11-03,2.2967,2.2967,2.2216,2.2592,1587300
2021-11-05,2.2592,2.2667,2.1841,2.2066,1356200
2021-11-08,2.2066,2.2066,2.1466,2.1541,1735000
2021-11-09,2.1541,2.1766,2.1541,2.1691,2215300
2021-11-10,2.1691,2.1841,2.1616,2.1691,2173500
2021-11-11,2.1766,2.1766,2.1466,2.1541,1888000
2021-11-12,2.1541,2.1766,2.1541,2.1691,1065400
2021-11-15,2.2141,2.2141,2.1466,2.1616,1262200
2021-11-16,2.1616,2.1616,2.1466,2.1541,1804800
2021-11-17,2.1541,2.1616,2.1466,2.1541,1243800
2021-11-18,2.1541,2.1691,2.1541,2.1616,1794300
2021-11-19,2.1691,2.1916,2.1691,2.1766,1575500
2021-11-22,2.1766,2.2291,2.1766,2.2141,2433300
2021-11-23,2.2216,2.2291,2.1916,2.2141,1196200
2021-11-24,2.2141,2.2216,2.1991,2.2141,1940100
2021-11-25,2.2141,2.2291,2.2141,2.2141,960800
2021-11-26,2.2216,2.2517,2.2141,2.2291,1196600
2021-11-29,2.2216,2.2216,2.1766,2.1841,1439500
2021-11-30,2.1916,2.2066,2.1766,2.1991,1962200
2021-12-01,2.2066,2.2066,2.1766,2.1916,1941800
2021-12-02,2.1766,2.1841,2.1616,2.1841,729100
2021-12-06,2.1841,2.1916,2.1766,2.1766,305900
2021-12-07,2.1766,2.2066,2.1616,2.1691,214000
2021-12-08,2.1691,2.1991,2.1541,2.1991,1150300
2021-12-09,2.1841,2.1841,2.1616,2.1766,1047700
2021-12-10,2.1766,2.1766,2.094,2.1016,2441200
2021-12-13,2.1241,2.1841,2.1241,2.1841,1009400
2021-12-14,2.1841,2.1841,2.1466,2.1616,289100
2021-12-15,2.1541,2.1691,2.1466,2.1616,330200
2021-12-16,2.1766,2.2066,2.1541,2.1766,891400
2021-12-17,2.1766,2.1841,2.1466,2.1466,1156300
2021-12-20,2.1766,2.1991,2.1691,2.1766,1714300
2021-12-21,2.1766,2.1916,2.1541,2.1616,2005100
2021-12-22,2.1691,2.1766,2.1466,2.1466,1591500
2021-12-23,2.1616,2.2163,2.1538,2.1929,1619200
2021-12-24,2.1929,2.2085,2.1929,2.2007,164100
2021-12-27,2.2007,2.2163,2.1773,2.2163,198700
2021-12-28,2.2241,2.2865,2.2241,2.2709,717800
2021-12-29,2.2787,2.3021,2.2631,2.3021,435000
2021-12-30,2.2865,2.3255,2.2709,2.3255,545400
2021-12-31,2.3021,2.3411,2.2787,2.3411,968900
2022-01-03,2.3021,2.3489,2.2787,2.3177,223100
2022-01-04,2.3099,2.3411,2.3099,2.3177,582000
2022-01-05,2.3099,2.3333,2.3099,2.3255,929200
2022-01-06,2.3255,2.3802,2.3021,2.3802,1754300
2022-01-07,2.3489,2.4036,2.3411,2.3802,2448800
2022-01-10,2.4036,2.4036,2.3645,2.3802,1186900
2022-01-11,2.3802,2.544,2.3802,2.4894,4767500
2022-01-12,2.4738,2.4894,2.4426,2.4816,1663300
2022-01-13,2.4894,2.505,2.4738,2.4816,2592600
2022-01-14,2.4816,2.4894,2.466,2.4894,3281900
2022-01-17,2.4816,2.4816,2.4426,2.4504,2228400
2022-01-19,2.4348,2.4582,2.4036,2.4192,1325500
2022-01-20,2.4192,2.4582,2.3802,2.4192,1850000
2022-01-21,2.4036,2.4738,2.4036,2.4504,3956300
2022-01-24,2.4348,2.4426,2.3802,2.3802,2244400
2022-01-25,2.3802,2.4894,2.3802,2.4504,2797800
2022-01-26,2.4504,2.466,2.4426,2.4504,1726600
2022-01-27,2.4504,2.5128,2.4504,2.4816,2657600
2022-01-28,2.4972,2.4972,2.4582,2.466,857900
2022-01-31,2.4504,2.4816,2.4426,2.4582,646000
2022-02-03,2.4582,2.4894,2.4582,2.4738,49800
2022-02-04,2.4738,2.4894,2.4504,2.4582,1049300
2022-02-07,2.4582,2.4738,2.4192,2.4192,1289400
2022-02-08,2.4192,2.466,2.4114,2.4504,2564500
2022-02-09,2.4582,2.4894,2.4504,2.4816,1930200
2022-02-10,2.4738,2.5518,2.4738,2.544,2659700
2022-02-11,2.544,2.5518,2.505,2.5206,717000
2022-02-14,2.5362,2.5518,2.5206,2.5206,2839100
2022-02-15,2.5206,2.5284,2.4972,2.4972,580400
2022-02-16,2.505,2.505,2.466,2.4738,1190000
2022-02-17,2.4738,2.4816,2.4582,2.4582,4214900
2022-02-18,2.4582,2.4582,2.427,2.4348,1998800
2022-02-21,2.4348,2.4738,2.427,2.4582,3304900
2022-02-22,2.4582,2.466,2.4504,2.4582,1258000
2022-02-23,2.4582,2.466,2.4504,2.466,1385600
2022-02-24,2.466,2.4894,2.4582,2.4816,1987100
2022-02-25,2.4816,2.5284,2.4582,2.5206,500900
2022-02-28,2.5206,2.5206,2.2865,2.3333,5418100
2022-03-01,2.3255,2.3802,2.2553,2.3723,9169500
2022-03-02,2.3723,2.3723,2.3411,2.3411,2536400
2022-03-03,2.3411,2.3411,2.3333,2.3411,3370300
2022-03-04,2.3411,2.3411,2.3021,2.3411,3059500
2022-03-07,2.3411,2.3411,2.2943,2.3099,1869200
2022-03-08,2.3099,2.3099,2.2319,2.2475,3470900
2022-03-09,2.2631,2.2631,2.2397,2.2475,1774300
2022-03-10,2.2475,2.3411,2.2475,2.3333,3699800
2022-03-11,2.2865,2.3021,2.2709,2.2865,855600
2022-03-14,2.2865,2.2865,2.2709,2.2787,188000
2022-03-15,2.2787,2.2865,2.2553,2.2553,1699100
2022-03-16,2.2787,2.2865,2.2631,2.2709,1460500
2022-03-17,2.2865,2.3723,2.2865,2.3021,1966300
2022-03-18,2.3021,2.3021,2.2631,2.2787,1097300
2022-03-21,2.2943,2.3021,2.2709,2.3021,1616400
2022-03-22,2.3021,2.3021,2.2787,2.2787,446500
2022-03-23,2.2865,2.3099,2.2787,2.2865,2370600
2022-03-24,2.2865,2.2943,2.2787,2.2865,116500
2022-03-25,2.2865,2.2943,2.2631,2.2631,1640100
2022-03-28,2.2631,2.2943,2.2631,2.2865,1219500
2022-03-29,2.2865,2.2943,2.2631,2.2709,826800
2022-03-30,2.2787,2.2865,2.2709,2.2787,1145900
2022-03-31,2.2787,2.3099,2.2787,2.3021,1381100
2022-04-01,2.3021,2.3255,2.2709,2.2709,919700
2022-04-04,2.2865,2.2865,2.2709,2.2787,585600
2022-04-05,2.2865,2.2865,2.2631,2.2709,273300
2022-04-06,2.2709,2.3021,2.2631,2.2943,202400
2022-04-07,2.2943,2.3177,2.2865,2.3021,388500
2022-04-08,2.2943,2.3021,2.2943,2.2943,63300
2022-04-11,2.3021,2.3021,2.2709,2.2709,89800
2022-04-12,2.2709,2.2865,2.2709,2.2787,133100
2022-04-13,2.2943,2.2943,2.2553,2.2631,1384100
2022-04-14,2.2631,2.2787,2.2553,2.2553,323100
2022-04-15,2.2709,2.2865,2.2553,2.2865,528300
2022-04-18,2.2709,2.2709,2.2553,2.2631,670500
2022-04-20,2.2865,2.3177,2.2709,2.2865,929200
2022-04-21,2.2865,2.2865,2.2553,2.2553,577100
2022-04-22,2.2631,2.2943,2.2553,2.2865,3097200
2022-04-25,2.2709,2.2865,2.2631,2.2787,862100
2022-04-26,2.2709,2.2865,2.2709,2.2787,713100
2022-04-27,2.2709,2.2787,2.2631,2.2787,1480500
2022-04-28,2.2787,2.2787,2.2553,2.2553,1060500
2022-04-29,2.2631,2.2787,2.2553,2.2631,277600
2022-05-05,2.2631,2.2709,2.2553,2.2709,351200
2022-05-06,2.2553,2.2631,2.2475,2.2631,152200
2022-05-09,2.2709,2.2709,2.2475,2.2553,200800
2022-05-10,2.2553,2.2631,2.2553,2.2553,367500
2022-05-11,2.2553,2.3255,2.2553,2.3021,3411900
2022-05-12,2.3099,2.3333,2.3021,2.3177,2121500
2022-05-13,2.3411,2.3411,2.3099,2.3177,300500
2022-05-17,2.3177,2.3802,2.3099,2.3645,1329600
2022-05-18,2.3645,2.3645,2.3411,2.3567,110400
2022-05-19,2.3411,2.3489,2.3099,2.3411,1106600
2022-05-20,2.3489,2.3567,2.3333,2.3333,222900
2022-05-23,2.3333,2.3411,2.3255,2.3411,317500
2022-05-24,2.3411,2.3489,2.3177,2.3411,357700
2022-05-25,2.3099,2.3489,2.2787,2.3333,251400
2022-05-26,2.3099,2.3333,2.3021,2.3177,48500
2022-05-27,2.3021,2.3255,2.2943,2.3099,26400
2022-05-30,2.2943,2.3177,2.2631,2.2787,171000
2022-05-31,2.2787,2.3099,2.2631,2.2787,639000
2022-06-01,2.2787,2.2787,2.2631,2.2709,697500
2022-06-02,2.2709,2.2865,2.2631,2.2787,2075100
2022-06-03,2.2709,2.2787,2.2553,2.2553,917300
2022-06-07,2.2553,2.2631,2.2553,2.2553,340600
2022-06-08,2.2553,2.2787,2.2397,2.2397,345000
2022-06-09,2.2397,2.2553,2.2241,2.2319,1828400
2022-06-10,2.2319,2.2319,2.2085,2.2163,690800
2022-06-13,2.2085,2.2085,2.1929,2.1929,586400
2022-06-14,2.1851,2.1929,2.1538,2.1694,1005500
2022-06-15,2.1694,2.1694,2.1304,2.1382,1837400
2022-06-16,2.146,2.2007,2.146,2.1851,525300
2022-06-17,2.1851,2.1851,2.1304,2.146,776900
2022-06-20,2.146,2.146,2.0992,2.0992,718500
2022-06-21,2.107,2.107,2.0914,2.0914,1888100
2022-06-22,2.0992,2.0992,2.0524,2.068,1077300
2022-06-23,2.068,2.0836,2.0446,2.068,356300
2022-06-24,2.068,2.068,2.0446,2.068,963000
2022-06-27,2.0758,2.0914,2.068,2.0914,447300
2022-06-28,2.0914,2.1382,2.0836,2.1382,155000
2022-06-29,2.1148,2.1148,2.0992,2.0992,1061200
2022-06-30,2.0992,2.0992,2.0758,2.0914,1024200
2022-07-01,2.0836,2.0914,2.0758,2.0836,244400
2022-07-04,2.0914,2.0914,2.068,2.0758,1030100
2022-07-05,2.0758,2.0758,2.0368,2.0524,774500
2022-07-06,2.0524,2.0758,2.0524,2.0602,928400
2022-07-07,2.0602,2.0914,2.0602,2.0758,2082800
2022-07-08,2.068,2.1226,2.068,2.107,1320900
2022-07-12,2.107,2.1226,2.0914,2.107,156200
2022-07-13,2.0992,2.1226,2.0992,2.1226,410100
2022-07-14,2.0914,2.0992,2.0602,2.068,875800
2022-07-15,2.068,2.068,2.0446,2.0524,153200
2022-07-18,2.0602,2.0602,2.0446,2.0602,271700
2022-07-19,2.0602,2.0602,2.0368,2.0524,724500
2022-07-20,2.0524,2.0524,2.0446,2.0446,166300
2022-07-21,2.0524,2.068,2.0446,2.0524,850000
2022-07-22,2.0524,2.0758,2.0446,2.0602,1124700
2022-07-25,2.0758,2.107,2.0758,2.0914,1109200
2022-07-26,2.107,2.107,2.0914,2.0914,513600
2022-07-27,2.0914,2.107,2.068,2.0758,1297700
2022-07-28,2.0836,2.107,2.0836,2.0836,897200
2022-07-29,2.0914,2.0992,2.0836,2.0992,216000
2022-08-01,2.107,2.1304,2.107,2.1148,1199100
2022-08-02,2.1148,2.1148,2.0992,2.107,582100
2022-08-03,2.0914,2.1226,2.0914,2.1148,293400
2022-08-04,2.107,2.1226,2.107,2.1148,518400
2022-08-05,2.1148,2.1148,2.0992,2.107,962700
2022-08-08,2.107,2.1226,2.0992,2.107,91200
2022-08-09,2.0992,2.0992,2.0914,2.0914,484500
2022-08-10,2.0914,2.0914,2.0758,2.0758,159200
2022-08-11,2.0758,2.1148,2.0758,2.0836,487700
2022-08-12,2.0836,2.0836,2.0758,2.0758,357600
2022-08-15,2.107,2.107,2.0602,2.068,197100
2022-08-16,2.0602,2.0758,2.0602,2.0602,209400
2022-08-17,2.068,2.0758,2.0602,2.068,212600
2022-08-18,2.0602,2.0758,2.0602,2.0602,207500
2022-08-19,2.0602,2.0914,2.0602,2.0602,283400
2022-08-22,2.0602,2.0602,2.0524,2.0602,87800
2022-08-23,2.0524,2.068,2.0524,2.068,173200
2022-08-24,2.0602,2.0602,2.029,2.0368,313700
2022-08-25,2.0446,2.0602,2.0446,2.0524,136500
2022-08-26,2.0524,2.068,2.0524,2.068,151300
2022-08-29,2.0446,2.0524,2.0212,2.0368,420800
2022-08-30,2.0368,2.0446,2.029,2.0368,471600
2022-09-01,2.029,2.029,2.0134,2.029,361100
2022-09-02,2.0134,2.029,1.9978,1.9978,446700
2022-09-05,2.0134,2.0134,1.9744,1.9744,232800
2022-09-06,1.9822,2.0134,1.9822,2.0134,97700
2022-09-07,2.0056,2.0056,1.9822,1.9822,583400
2022-09-08,2.0056,2.029,1.99,2.0134,532500
2022-09-09,2.0134,2.0602,2.0134,2.0524,332200
2022-09-12,2.0602,2.0914,2.0602,2.068,424900
2022-09-13,2.068,2.0758,2.0602,2.068,320200
2022-09-14,2.068,2.068,2.0524,2.068,296000
2022-09-15,2.068,2.0758,1.99,2.029,1206400
2022-09-19,2.029,2.0446,2.0134,2.0446,162100
2022-09-20,2.0446,2.068,2.029,2.0602,158500
2022-09-21,2.0446,2.0446,2.029,2.029,76900
2022-09-22,2.0368,2.0446,2.029,2.029,270600
2022-09-23,2.0524,2.0524,2.0056,2.0134,364600
2022-09-26,1.9978,2.0134,1.9822,1.99,853000
2022-09-27,1.99,2.029,1.9822,2.0134,398500
2022-09-28,2.029,2.029,1.9978,2.0056,98800
2022-09-29,2.029,2.029,2.0134,2.0212,421700
2022-09-30,2.0212,2.029,2.0056,2.0056,183600
2022-10-03,1.9978,2.0056,1.9666,1.9978,333800
2022-10-04,2.0056,2.029,2.0056,2.029,394800
2022-10-05,2.029,2.0368,2.0212,2.029,184600
2022-10-06,2.029,2.0368,2.0212,2.0368,441700
2022-10-07,2.0368,2.0446,2.029,2.0446,1047300
2022-10-11,2.029,2.029,1.99,2.029,707800
2022-10-12,1.9978,2.0056,1.9978,1.9978,18600
2022-10-13,1.9978,1.9978,1.9822,1.9822,490800
2022-10-14,1.9822,1.99,1.8729,1.8729,1959000
2022-10-17,1.8807,1.8885,1.8729,1.8885,888500
2022-10-18,1.9041,1.9041,1.8885,1.8963,224100
2022-10-19,1.8963,1.9275,1.8885,1.9041,1073900
2022-10-20,1.9197,1.9587,1.9041,1.9041,4836500
2022-10-21,1.9275,1.9587,1.9041,1.9431,843000
2022-10-25,1.9119,1.9587,1.9119,1.9587,448500
2022-10-26,1.9587,1.9587,1.9353,1.9431,76100
2022-10-27,1.9509,1.99,1.9509,1.9587,145900
2022-10-28,1.9822,1.99,1.9509,1.9587,108200
2022-10-31,1.9666,1.9744,1.9119,1.9744,134700
2022-11-01,1.9587,1.9587,1.9275,1.9431,613100
2022-11-02,1.9431,1.9431,1.9275,1.9353,557000
2022-11-03,1.9431,1.9431,1.9197,1.9275,102200
2022-11-04,1.9197,1.9353,1.9197,1.9197,56200
2022-11-07,1.9197,1.9353,1.9197,1.9353,79100
2022-11-08,1.9197,1.9353,1.9197,1.9275,86300
2022-11-09,1.9353,1.9744,1.9353,1.9431,135400
2022-11-10,1.9431,1.9666,1.9353,1.9666,33300
2022-11-11,1.9666,1.9822,1.9509,1.9666,137100
2022-11-14,1.9509,1.9587,1.9431,1.9431,201300
2022-11-15,1.9509,1.9509,1.9353,1.9431,601500
2022-11-16,1.9353,1.9587,1.9275,1.9431,394700
2022-11-17,1.9431,1.9666,1.9431,1.9431,51000
2022-11-21,1.9431,1.9509,1.9353,1.9509,193600
2022-11-22,1.99,1.99,1.9353,1.9353,165400
2022-11-23,1.9353,1.9744,1.9353,1.9666,84700
2022-11-24,1.9822,2.0056,1.9666,1.99,251800
2022-11-25,1.99,2.0524,1.99,2.0446,535300
2022-11-29,2.0446,2.0992,1.9509,2.0212,905700
2022-11-30,2.0212,2.068,1.9978,1.9978,590000
2022-12-01,2.0134,2.0446,1.9978,2.0134,936900
2022-12-02,2.0134,2.029,2.0056,2.0212,603600
2022-12-05,2.0212,2.0368,1.9978,2.0056,456500
2022-12-06,2.029,2.0758,2.0134,2.0134,4039300
2022-12-07,2.029,2.0602,2.029,2.0602,759700
2022-12-08,2.0602,2.0602,2.029,2.0602,143800
2022-12-09,2.0446,2.0602,2.0368,2.0524,105300
2022-12-12,2.0524,2.0524,2.0212,2.0212,1281800
2022-12-13,2.029,2.0524,2.0212,2.0212,996900
2022-12-14,2.029,2.029,2.0134,2.0212,830800
2022-12-15,2.0368,2.0368,1.9978,2.0056,878600
2022-12-16,2.0056,2.029,2.0056,2.0134,331600
2022-12-19,2.0212,2.0212,2.0056,2.0056,323200
2022-12-20,2.0056,2.0368,1.9978,2.0134,3271000
2022-12-21,2.0134,2.0368,2.0056,2.029,903400
2022-12-22,2.029,2.0758,2.0212,2.068,1773500
2022-12-23,2.068,2.0836,2.0446,2.0836,1275500
2022-12-27,2.0758,2.0836,2.0524,2.0524,624800
2022-12-28,2.0602,2.1304,2.0602,2.1304,2418200
2022-12-29,2.1256,2.1661,2.0931,2.1499,1639700
2022-12-30,2.1499,2.2148,2.1174,2.2148,6526800
2023-01-03,2.1824,2.1824,2.1418,2.1418,739400
2023-01-04,2.1742,2.1742,2.1174,2.1256,253300
2023-01-05,2.1174,2.1337,2.1012,2.1012,269800
2023-01-06,2.0931,2.1256,2.0931,2.1174,79100
2023-01-09,2.1174,2.1174,2.0931,2.0931,435500
2023-01-10,2.1093,2.1093,2.0282,2.0525,924500
2023-01-11,2.0525,2.0688,2.0363,2.0525,728500
2023-01-12,2.0688,2.0688,2.0363,2.0363,491400
2023-01-13,2.0525,2.0525,2.012,2.0282,5229700
2023-01-16,2.0282,2.0282,2.012,2.0282,3373200
2023-01-17,2.0282,2.0363,2.0201,2.0282,1286200
2023-01-18,2.0282,2.0282,2.012,2.0282,139100
2023-01-19,2.0282,2.0363,2.0201,2.0282,493800
2023-01-20,2.0201,2.0282,2.012,2.012,462900
2023-01-25,2.012,2.0282,2.012,2.012,344400
2023-01-26,2.0201,2.0282,2.012,2.0282,1316700
2023-01-27,2.0282,2.0282,1.9958,2.0039,612900
2023-01-30,2.0282,2.0282,1.9958,1.9958,1469000
2023-01-31,1.9876,2.0039,1.9795,1.9876,2160000
2023-02-02,1.9876,2.0039,1.9552,1.9714,1256100
2023-02-03,1.9714,1.9876,1.9552,1.9633,1381000
2023-02-07,1.9795,1.9876,1.9552,1.9714,680300
2023-02-08,1.9876,1.9958,1.9227,1.939,2100000
2023-02-09,1.9471,1.9633,1.9146,1.9146,1248500
2023-02-10,1.9309,1.9471,1.9227,1.9471,1350900
2023-02-13,1.9471,1.9714,1.9227,1.9227,561400
2023-02-14,1.9227,1.9471,1.9065,1.9309,1039100
2023-02-15,1.9309,1.9309,1.8984,1.9065,2935500
2023-02-16,1.9146,1.9309,1.9065,1.9065,1883000
2023-02-17,1.9146,1.9309,1.866,1.8822,4992000
2023-02-20,1.8984,1.9146,1.8903,1.8984,3293700
2023-02-21,1.9227,1.9227,1.8822,1.8903,1450200
2023-02-22,1.8984,1.9065,1.866,1.8741,1750000
2023-02-23,1.8822,1.8822,1.8092,1.8254,2863600
2023-02-24,1.8254,1.8416,1.8092,1.8254,1663500
2023-02-27,1.8254,1.8416,1.8254,1.8416,1288500
2023-02-28,1.866,1.8822,1.8335,1.8416,2824900
2023-03-01,1.8497,1.866,1.8416,1.8497,710700
2023-03-02,1.8578,1.8578,1.7848,1.8173,2479000
2023-03-03,1.8173,1.8254,1.7929,1.7929,1418000
2023-03-06,1.8173,1.8173,1.7848,1.7848,1712500
2023-03-07,1.801,1.8173,1.7767,1.7848,1757000
2023-03-08,1.7848,1.801,1.7686,1.7767,1276600
2023-03-09,1.7929,1.801,1.7686,1.7848,748800
2023-03-10,1.7848,1.801,1.7767,1.7929,314300
2023-03-13,1.7767,1.7848,1.7686,1.7848,568100
2023-03-14,1.7767,1.7848,1.7686,1.7767,1202700
2023-03-15,1.801,1.801,1.7767,1.7767,259300
2023-03-16,1.7767,1.7929,1.7605,1.7848,614700
2023-03-17,1.7929,1.8416,1.7929,1.8335,1398500
2023-03-20,1.8254,1.8416,1.801,1.801,943900
2023-03-21,1.8092,1.8092,1.7686,1.7767,455900
2023-03-22,1.7767,1.7929,1.7605,1.7767,1017900
2023-03-23,1.7767,1.7767,1.7605,1.7767,1027200
2023-03-24,1.7767,1.7767,1.7605,1.7605,619400
2023-03-27,1.7605,1.7686,1.7443,1.7443,1824400
2023-03-28,1.7443,1.7605,1.7443,1.7443,1117800
2023-03-29,1.7524,1.7605,1.7524,1.7605,1228500
2023-03-30,1.7605,1.7767,1.7443,1.7524,1408900
2023-03-31,1.7443,1.7605,1.7443,1.7443,877300
2023-04-03,1.7524,1.7848,1.7524,1.7605,436200
2023-04-04,1.7686,1.7848,1.7605,1.7686,690000
2023-04-05,1.7686,1.7767,1.7605,1.7686,688300
2023-04-06,1.7686,1.7767,1.7524,1.7605,1067400
2023-04-07,1.7686,1.7686,1.728,1.7524,4817400
2023-04-10,1.7605,1.7686,1.7443,1.7443,2697300
2023-04-11,1.7524,1.7605,1.7361,1.7361,1482200
2023-04-12,1.7443,1.7605,1.7361,1.7361,1090200
2023-04-13,1.7361,1.7524,1.7361,1.7361,1292700
2023-04-14,1.7559,1.7642,1.7394,1.7477,903800
2023-04-17,1.7477,1.7559,1.6817,1.69,3919500
2023-04-18,1.6982,1.7065,1.69,1.6982,1277700
2023-04-19,1.7065,1.7065,1.6652,1.6735,1789100
2023-04-20,1.6735,1.69,1.6652,1.6652,956900
2023-04-25,1.6817,1.69,1.6488,1.657,2028500
2023-04-26,1.6652,1.6652,1.6405,1.6652,794100
2023-04-27,1.6652,1.6735,1.6488,1.657,1052500
2023-04-28,1.6652,1.6652,1.6488,1.657,429800
2023-05-02,1.6652,1.6817,1.6652,1.6735,392000
2023-05-03,1.6735,1.69,1.6735,1.6735,472300
2023-05-05,1.6817,1.6982,1.6817,1.69,1005800
2023-05-08,1.6982,1.7147,1.6735,1.69,994600
2023-05-09,1.69,1.69,1.6735,1.6817,426200
2023-05-10,1.6817,1.6817,1.6405,1.6405,2691600
2023-05-11,1.6405,1.657,1.6323,1.6405,578000
2023-05-12,1.6405,1.6652,1.6405,1.6405,1257900
2023-05-15,1.6488,1.6488,1.6323,1.6405,739400
2023-05-16,1.6405,1.6405,1.6323,1.6323,1141000
2023-05-17,1.624,1.624,1.5911,1.5911,2490600
2023-05-18,1.5993,1.6075,1.5828,1.5911,1566700
2023-05-19,1.5911,1.5993,1.5828,1.5828,953800
2023-05-22,1.5911,1.5993,1.5828,1.5828,1187500
2023-05-23,1.5828,1.5911,1.5416,1.5498,2534500
2023-05-24,1.5498,1.5498,1.5086,1.5498,2399500
2023-05-25,1.5663,1.5663,1.5004,1.5086,2899700
2023-05-26,1.5086,1.5251,1.5004,1.5169,3827500
2023-05-29,1.5251,1.5416,1.5086,1.5251,3156500
2023-05-30,1.5333,1.5498,1.5086,1.5416,4279700
2023-05-31,1.5498,1.5498,1.5086,1.5251,3385300
2023-06-01,1.5251,1.5333,1.4674,1.4921,4616500
2023-06-02,1.5004,1.5004,1.4674,1.4839,2755500
2023-06-06,1.4921,1.5004,1.4427,1.4509,3648700
2023-06-07,1.4509,1.4674,1.4427,1.4674,2362000
2023-06-08,1.4756,1.4756,1.4179,1.4262,2600000
2023-06-09,1.4262,1.4344,1.4014,1.4097,3512400
2023-06-12,1.4179,1.4921,1.4179,1.4756,5170500
2023-06-13,1.5004,1.5086,1.4592,1.4674,2448200
2023-06-14,1.4839,1.5004,1.4592,1.4674,2236200
2023-06-15,1.4756,1.4839,1.4592,1.4592,1052100
2023-06-16,1.4756,1.4921,1.4509,1.4509,1531200
2023-06-19,1.4674,1.4756,1.4509,1.4592,970700
2023-06-20,1.4592,1.4674,1.4509,1.4592,942400
2023-06-21,1.4592,1.5004,1.4592,1.4839,3912600
2023-06-22,1.4839,1.5993,1.4839,1.5911,5397300
2023-06-23,1.5993,1.6075,1.5581,1.5911,2797000
2023-06-26,1.5911,1.6488,1.5746,1.6405,3120200
2023-06-27,1.6405,1.6405,1.5911,1.5993,3030500
2023-06-28,1.5993,1.6158,1.5911,1.5993,979700
2023-06-30,1.5993,1.6075,1.5663,1.6075,1804400
2023-07-03,1.6075,1.624,1.5993,1.6158,1290800
2023-07-04,1.624,1.624,1.5993,1.6075,1295800
2023-07-05,1.6158,1.6158,1.5993,1.5993,607200
2023-07-06,1.5993,1.6075,1.5911,1.6075,842800
2023-07-07,1.6075,1.6158,1.5993,1.5993,291700
2023-07-10,1.6075,1.6158,1.5993,1.6075,884900
2023-07-11,1.6075,1.6323,1.5993,1.6158,1244600
2023-07-12,1.624,1.6652,1.6158,1.6488,2809800
2023-07-13,1.657,1.723,1.657,1.723,4479100
2023-07-14,1.723,1.7477,1.7065,1.723,3039700
2023-07-17,1.723,1.7312,1.6817,1.69,1295600
2023-07-18,1.69,1.6982,1.6652,1.6817,1909400
2023-07-20,1.69,1.723,1.6817,1.723,752200
2023-07-21,1.7147,1.7312,1.7147,1.7147,1528200
2023-07-24,1.7147,1.7394,1.7147,1.7312,1092300
2023-07-25,1.7312,1.7642,1.7312,1.7559,2536000
2023-07-26,1.7559,1.7724,1.7312,1.7559,1608100
2023-07-27,1.7559,1.7642,1.7394,1.7559,1199900
2023-07-28,1.7477,1.7889,1.7394,1.7807,1671200
2023-07-31,1.7807,1.8219,1.7724,1.8136,3469800
2023-08-01,1.8136,1.8219,1.7889,1.8054,1640100
2023-08-02,1.7889,1.7889,1.7724,1.7807,1066300
2023-08-03,1.7724,1.7807,1.7394,1.7724,1327400
2023-08-04,1.7642,1.7889,1.7642,1.7724,271300
2023-08-07,1.7642,1.7724,1.7477,1.7477,540200
2023-08-08,1.7477,1.7642,1.7394,1.7642,747100
2023-08-09,1.7559,1.7642,1.7312,1.7559,597100
2023-08-10,1.7559,1.7642,1.7477,1.7642,487000
2023-08-11,1.7559,1.7642,1.7559,1.7559,320300
2023-08-14,1.7724,1.7972,1.7724,1.7807,409200
2023-08-15,1.7807,1.7889,1.7559,1.7807,986000
2023-08-16,1.7807,1.7889,1.7559,1.7559,1176900
2023-08-17,1.7559,1.7724,1.7477,1.7642,1855600
2023-08-18,1.7642,1.7642,1.7559,1.7559,273300
2023-08-21,1.7642,1.7724,1.7477,1.7724,471900
2023-08-22,1.7724,1.7724,1.7559,1.7642,1580700
2023-08-23,1.7642,1.7642,1.7477,1.7559,3328500
2023-08-24,1.7559,1.7559,1.7477,1.7559,727100
2023-08-25,1.7559,1.7559,1.7394,1.7477,976400
2023-08-28,1.7394,1.7394,1.6735,1.69,4919700
2023-08-29,1.69,1.7312,1.69,1.723,1894800
2023-08-30,1.7477,1.7477,1.7065,1.723,2899400
2023-09-01,1.723,1.723,1.69,1.6982,2355200
2023-09-04,1.6982,1.7807,1.6982,1.7724,2193000
2023-09-05,1.7807,1.7807,1.7477,1.7477,2046000
2023-09-06,1.7559,1.7642,1.7394,1.7642,2630400
2023-09-07,1.7559,1.7559,1.7312,1.7477,1940900
2023-09-08,1.7477,1.7559,1.7394,1.7477,1086800
2023-09-11,1.7477,1.7642,1.7477,1.7559,305600
2023-09-12,1.7642,1.7724,1.7559,1.7559,640300
2023-09-13,1.7559,1.7642,1.7477,1.7477,673700
2023-09-14,1.7559,1.7724,1.7477,1.7724,475900
2023-09-15,1.7724,1.7724,1.7559,1.7724,795900
2023-09-18,1.7642,1.7724,1.7477,1.7642,801700
2023-09-19,1.7642,1.7642,1.7477,1.7559,565900
2023-09-20,1.7559,1.7889,1.7559,1.7807,1714600
2023-09-21,1.7807,1.7889,1.7559,1.7642,506500
2023-09-22,1.7642,1.7807,1.7559,1.7807,589300
2023-09-25,1.7807,1.7807,1.7642,1.7642,544200
2023-09-26,1.7807,1.7807,1.7642,1.7724,319300
2023-09-27,1.7724,1.7724,1.7477,1.7724,887000
2023-09-29,1.7724,1.7724,1.7477,1.7642,932800
2023-10-02,1.7642,1.7642,1.7477,1.7477,211500
2023-10-03,1.7477,1.7559,1.7312,1.7559,563300
2023-10-04,1.7559,1.7559,1.7312,1.7394,700800
2023-10-05,1.7394,1.7724,1.7394,1.7559,783200
2023-10-06,1.7559,1.7724,1.7394,1.7394,2041500
2023-10-09,1.7312,1.7889,1.7312,1.7889,2303800
2023-10-10,1.7889,1.8054,1.7889,1.7972,1778300
2023-10-11,1.7972,1.8549,1.7972,1.8466,2928800
2023-10-12,1.8466,1.8878,1.8466,1.8713,4156100
2023-10-13,1.8713,1.8796,1.8549,1.8713,1158500
2023-10-16,1.8713,1.8713,1.8136,1.8136,1354400
2023-10-17,1.8219,1.8384,1.7889,1.7972,1167000
2023-10-18,1.7889,1.8136,1.7642,1.7642,9328500
2023-10-19,1.7642,1.7889,1.7642,1.7807,839400
2023-10-20,1.7807,1.7889,1.7724,1.7889,427200
2023-10-23,1.7889,1.7972,1.7642,1.7889,485300
2023-10-24,1.7889,1.7889,1.7559,1.7642,740400
2023-10-25,1.7642,1.7807,1.7642,1.7724,390300
2023-10-26,1.7724,1.7807,1.7642,1.7724,182600
2023-10-27,1.7724,1.7724,1.7477,1.7477,1960800
2023-10-30,1.7477,1.7642,1.7477,1.7642,213100
2023-10-31,1.7642,1.7724,1.7559,1.7724,357200
2023-11-01,1.7724,1.7724,1.7477,1.7724,554100
2023-11-02,1.7724,1.7807,1.7477,1.7477,778900
2023-11-03,1.7477,1.7807,1.7477,1.7724,2904300
2023-11-06,1.7724,1.7889,1.7724,1.7889,784000
2023-11-07,1.7889,1.8136,1.7807,1.8054,652400
2023-11-08,1.8136,1.8466,1.8054,1.8384,1289500
2023-11-09,1.8384,1.8466,1.8219,1.8384,1119000
2023-11-10,1.8219,1.8384,1.8136,1.8219,320000
2023-11-14,1.8219,1.8301,1.8054,1.8219,379400
2023-11-15,1.8301,1.8384,1.8136,1.8301,150900
2023-11-16,1.8301,1.8301,1.8136,1.8219,194700
2023-11-17,1.8136,1.8301,1.8136,1.8219,173200
2023-11-20,1.8219,1.8219,1.8054,1.8219,357300
2023-11-21,1.8136,1.8301,1.8054,1.8219,510100
2023-11-22,1.8219,1.8301,1.8054,1.8219,137900
2023-11-23,1.8219,1.8301,1.8219,1.8219,137500
2023-11-24,1.8301,1.8301,1.8054,1.8054,643100
2023-11-27,1.8054,1.8384,1.8054,1.8136,493900
2023-11-28,1.8301,1.8466,1.8136,1.8466,485500
2023-11-29,1.8713,1.8878,1.8713,1.8713,3397900
2023-11-30,1.8796,1.8878,1.8549,1.8796,2759000
2023-12-01,1.8878,1.9126,1.8796,1.8961,2972800
2023-12-04,1.9043,1.9291,1.8878,1.8961,3154400
2023-12-05,1.8961,1.9373,1.8961,1.9126,1724000
2023-12-06,1.9208,1.9291,1.9043,1.9126,1334700
2023-12-07,1.9126,1.9208,1.8878,1.8961,1568000
2023-12-08,1.8878,1.9126,1.8878,1.9043,910600
2023-12-11,1.9043,1.9208,1.9043,1.9126,1761500
2023-12-12,1.9126,1.9208,1.9043,1.9126,1364900
2023-12-13,1.9126,1.9208,1.9043,1.9126,1756600
2023-12-14,1.9126,1.9373,1.9126,1.9373,3939300
2023-12-15,1.9373,1.962,1.9373,1.9455,4939400
2023-12-18,1.9681,1.9681,1.9246,1.9594,2214200
2023-12-19,1.9594,1.9681,1.9333,1.9507,1716800
2023-12-20,1.9507,1.9507,1.9333,1.942,976500
2023-12-21,1.9333,1.942,1.8984,1.9158,1368500
2023-12-22,1.9071,1.9333,1.9071,1.9158,1890200
2023-12-26,1.9246,1.9246,1.9071,1.9246,983000
2023-12-27,1.9246,1.9333,1.9158,1.9158,673000
2023-12-28,1.9246,1.9333,1.9158,1.9158,605700
2023-12-29,1.9158,1.942,1.9158,1.9246,670900
2024-01-02,1.9246,1.9333,1.9158,1.9333,333200
2024-01-03,1.9333,1.9507,1.9246,1.9507,402500
2024-01-04,1.9507,1.9594,1.9333,1.942,537700
2024-01-05,1.942,1.9768,1.942,1.9681,1280800
2024-01-08,1.9681,1.9942,1.9681,1.9855,1191800
2024-01-09,1.9855,2.0029,1.9594,1.9768,1637200
2024-01-10,1.9768,1.9768,1.9594,1.9681,1087500
2024-01-11,1.9681,1.9768,1.9507,1.9681,370500
2024-01-12,1.9681,1.9681,1.942,1.9681,629300
2024-01-15,1.9594,1.9768,1.9507,1.9594,1089400
2024-01-16,1.9681,1.9681,1.9594,1.9681,635100
2024-01-17,1.9681,1.9681,1.9158,1.942,1356800
2024-01-18,1.942,1.9594,1.9158,1.9507,835600
2024-01-19,1.9507,1.9594,1.9333,1.9507,1380100
2024-01-22,1.9507,1.9681,1.942,1.9594,309200
2024-01-23,1.9507,1.9594,1.942,1.942,268600
2024-01-24,1.942,1.9594,1.942,1.942,285200
2024-01-26,1.9507,1.9681,1.9507,1.9507,992600
2024-01-29,1.9594,1.9768,1.9507,1.9507,1732000
2024-01-30,1.9594,1.9681,1.9507,1.9507,884400
2024-01-31,1.9594,1.9681,1.9507,1.9507,637800
2024-02-02,1.9507,1.9681,1.9507,1.9507,377100
2024-02-05,1.9507,1.9507,1.942,1.942,475600
2024-02-06,1.942,1.9594,1.942,1.9507,437800
2024-02-07,1.9594,1.9681,1.9507,1.9681,299500
2024-02-08,1.9681,1.9681,1.942,1.9507,332400
2024-02-09,1.9507,1.9594,1.942,1.9594,70100
2024-02-13,1.9594,1.9768,1.9507,1.9768,918300
2024-02-14,1.9768,1.9942,1.9768,1.9942,1459500
2024-02-15,1.9942,2.0465,1.9855,2.0465,2373900
2024-02-16,2.0465,2.1248,2.0465,2.1248,3480400
2024-02-19,2.1248,2.1248,2.0291,2.0378,2945000
2024-02-20,2.0378,2.0639,2.0291,2.0465,1327100
2024-02-21,2.0465,2.0726,2.0291,2.0465,1153400
2024-02-22,2.0465,2.0552,2.0203,2.0465,675800
2024-02-23,2.0465,2.1336,2.0378,2.09,5251000
2024-02-26,2.1074,2.1771,2.1074,2.1597,3964900
2024-02-27,2.1684,2.1771,2.1423,2.1684,2475700
2024-02-28,2.1684,2.1945,2.151,2.1771,5389200
2024-02-29,2.1858,2.1945,2.1423,2.1423,3636100
2024-03-01,2.1423,2.2293,2.1423,2.2032,3946000
2024-03-04,2.2032,2.2555,2.2032,2.2381,2331500
2024-03-05,2.2293,2.2555,2.2119,2.2381,2457000
2024-03-06,2.2381,2.2816,2.2381,2.2555,3051400
2024-03-07,2.2555,2.2729,2.2293,2.2555,2670600
2024-03-08,2.2468,2.2555,2.2119,2.2381,1673300
2024-03-11,2.2381,2.2381,2.1771,2.2206,4526500
2024-03-12,2.2206,2.2555,2.2119,2.2293,2262800
2024-03-13,2.2206,2.2729,2.2206,2.2642,2130500
2024-03-14,2.2642,2.2903,2.2468,2.2816,2912100
2024-03-15,2.2924,2.2924,2.1773,2.257,35515300
2024-03-18,2.2481,2.2747,2.2304,2.2304,1650100
2024-03-19,2.257,2.3278,2.2481,2.257,2886200
2024-03-20,2.257,2.2747,2.2393,2.2481,1755300
2024-03-21,2.257,2.257,2.2216,2.2216,3529200
2024-03-22,2.2216,2.257,2.2127,2.2216,1041100
2024-03-25,2.2216,2.257,2.2216,2.2481,1508600
2024-03-26,2.2481,2.2747,2.2304,2.2304,1552500
2024-03-27,2.2393,2.2747,2.2127,2.2747,1920500
2024-03-29,2.2747,2.2747,2.2039,2.2216,1514600
2024-04-01,2.2127,2.2304,2.2039,2.2039,716000
2024-04-02,2.2039,2.2658,2.1862,2.2127,3100500
2024-04-03,2.2127,2.2216,2.2039,2.2127,606900
2024-04-04,2.2127,2.2216,2.1862,2.2216,792600
2024-04-05,2.2216,2.2304,2.195,2.195,1388500
2024-04-08,2.2216,2.2216,2.195,2.2127,740000
2024-04-09,2.2127,2.2393,2.2039,2.2127,1653600
2024-04-12,2.2304,2.2304,2.1862,2.2127,779600
2024-04-15,2.2039,2.2304,2.2039,2.2216,2298900
2024-04-16,2.2127,2.2216,2.1508,2.1508,1768000
2024-04-17,2.1508,2.2216,2.1508,2.2039,2811200
2024-04-18,2.2127,2.2127,2.1862,2.2039,1347400
2024-04-19,2.2127,2.2127,2.1508,2.1508,1880500
2024-04-22,2.1685,2.2039,2.1508,2.1773,1155800
2024-04-23,2.1773,2.2127,2.1773,2.2127,640600
2024-04-24,2.2216,2.2304,2.2127,2.2216,1032600
2024-04-25,2.2216,2.2216,2.195,2.2216,1152800
2024-04-26,2.2216,2.2393,2.2039,2.2304,1199800
2024-04-29,2.2304,2.2481,2.2304,2.2481,1950900
2024-04-30,2.2481,2.2747,2.2304,2.2658,1411800
2024-05-02,2.2658,2.2658,2.2393,2.2481,254100
2024-05-03,2.2481,2.257,2.2039,2.2304,1728300
2024-05-06,2.2304,2.2481,2.2127,2.2481,958400
2024-05-07,2.2481,2.257,2.2216,2.2393,2154000
2024-05-08,2.2393,2.2393,2.1862,2.195,2378900
2024-05-09,2.195,2.2127,2.195,2.195,630000
2024-05-10,2.2127,2.2216,2.2039,2.2039,1268500
2024-05-13,2.195,2.2304,2.195,2.2039,668900
2024-05-14,2.2039,2.2216,2.195,2.195,1556900
2024-05-15,2.2039,2.2216,2.195,2.2127,1161800
2024-05-16,2.2127,2.2216,2.2039,2.2216,1476600
2024-05-17,2.2216,2.2393,2.2039,2.2393,1849800
2024-05-20,2.2393,2.2481,2.2216,2.2393,1917600
2024-05-21,2.2393,2.2481,2.2216,2.2393,2799300
2024-05-23,2.2393,2.2481,2.2039,2.2127,4514100
2024-05-24,2.2127,2.2216,2.195,2.195,1643300
2024-05-27,2.2039,2.2127,2.1685,2.1685,2868900
2024-05-28,2.1773,2.1862,2.1596,2.1596,1334000
2024-05-29,2.1685,2.1685,2.1331,2.1331,1164500
2024-05-30,2.1419,2.1419,2.1154,2.1331,1442600
2024-05-31,2.1331,2.2216,2.1242,2.2216,1406200
2024-06-04,2.1862,2.1862,2.1154,2.1331,1646600
2024-06-05,2.1331,2.1419,2.1242,2.1242,619800
2024-06-06,2.1331,2.1508,2.1242,2.1331,1852400
2024-06-07,2.1419,2.1508,2.1331,2.1508,276500
2024-06-10,2.1508,2.1685,2.1331,2.1508,506500
2024-06-11,2.1596,2.1596,2.1508,2.1508,406200
2024-06-12,2.1685,2.195,2.1419,2.1862,1674000
2024-06-13,2.195,2.195,2.1508,2.1508,677900
2024-06-14,2.1685,2.1685,2.1596,2.1596,835400
2024-06-18,2.1596,2.1773,2.1508,2.1685,1432100
2024-06-19,2.1685,2.1685,2.1419,2.1596,788900
2024-06-20,2.1596,2.1685,2.1419,2.1508,874300
2024-06-21,2.1596,2.2658,2.1508,2.2658,4113600
2024-06-24,2.2127,2.2216,2.195,2.2039,1058800
2024-06-25,2.2039,2.2039,2.1862,2.2039,258800
2024-06-26,2.2039,2.2127,2.195,2.2039,470700
2024-06-27,2.2127,2.2127,2.1773,2.2039,579200
2024-06-28,2.2039,2.2127,2.2039,2.2039,681900
2024-07-01,2.2039,2.2127,2.2039,2.2127,482200
2024-07-02,2.2127,2.2216,2.1862,2.2039,1060700
2024-07-03,2.2127,2.2216,2.195,2.2039,654900
2024-07-04,2.2039,2.2304,2.195,2.195,1422400
2024-07-05,2.2127,2.2127,2.195,2.2127,405400
2024-07-09,2.2127,2.2216,2.2039,2.2039,727000
2024-07-10,2.2039,2.2216,2.2039,2.2039,533800
2024-07-11,2.2127,2.2216,2.2039,2.2039,1348600
2024-07-12,2.2127,2.2393,2.2039,2.2039,1937400
2024-07-15,2.2127,2.2393,2.2127,2.2127,920600
2024-07-16,2.2127,2.2304,2.2127,2.2304,726300
2024-07-17,2.2304,2.2481,2.2127,2.2304,2112900
2024-07-18,2.2304,2.2304,2.2039,2.2039,1350300
2024-07-19,2.2127,2.2216,2.2039,2.2127,481300
2024-07-22,2.2127,2.2216,2.2039,2.2039,729000
2024-07-23,2.2127,2.2216,2.2039,2.2127,350000
2024-07-24,2.2127,2.2127,2.1862,2.2039,1084300
2024-07-25,2.195,2.2127,2.195,2.2039,450400
2024-07-26,2.2039,2.2127,2.195,2.2039,367400
2024-07-29,2.2039,2.2127,2.195,2.2127,268900
2024-07-30,2.2127,2.2216,2.195,2.195,423000
2024-07-31,2.195,2.2127,2.195,2.2039,1477800
2024-08-01,2.2039,2.2216,2.2039,2.2039,864200
2024-08-02,2.2039,2.2039,2.1773,2.1773,1528900
2024-08-05,2.1773,2.1862,2.1065,2.1773,7100600
2024-08-06,2.1508,2.195,2.1331,2.195,1569200
2024-08-07,2.195,2.2216,2.1685,2.2216,1160700
2024-08-08,2.2127,2.2216,2.195,2.2216,1450900
2024-08-09,2.2304,2.2835,2.2216,2.2835,1782400
2024-08-12,2.2924,2.3721,2.2924,2.3366,6588900
2024-08-13,2.3455,2.3543,2.3189,2.3455,2318900
2024-08-14,2.3721,2.3721,2.3278,2.3455,1190300
2024-08-15,2.3455,2.3721,2.3366,2.3455,956700
2024-08-16,2.3543,2.3721,2.3278,2.3455,3765200
2024-08-19,2.3455,2.4075,2.3278,2.3721,15331100
2024-08-20,2.3986,2.4252,2.3721,2.4075,8457300
2024-08-21,2.4075,2.4252,2.3986,2.4075,2293800
2024-08-22,2.4163,2.4783,2.4075,2.4694,3518600
2024-08-23,2.4517,2.4517,2.4163,2.434,1752700
2024-08-26,2.434,2.4606,2.4163,2.4252,1102400
2024-08-27,2.4163,2.4252,2.2835,2.3012,3292900
2024-08-28,2.3012,2.3721,2.2481,2.3632,10580000
2024-08-29,2.3543,2.3986,2.3278,2.3455,2399100
2024-08-30,2.3455,2.3809,2.3189,2.3544,1313700
2024-09-02,2.3632,2.3632,2.3366,2.3632,1590100
2024-09-03,2.3632,2.3809,2.3544,2.3544,1367200
2024-09-04,2.3455,2.3544,2.3012,2.3012,554700
2024-09-05,2.3101,2.3455,2.3101,2.3455,1345500
2024-09-06,2.3544,2.3544,2.2924,2.3012,2669600
2024-09-09,2.3012,2.3189,2.2924,2.3012,862600
2024-09-10,2.3012,2.3632,2.3012,2.3366,2303400
2024-09-11,2.3366,2.3632,2.3278,2.3544,764600
2024-09-12,2.3544,2.3544,2.3012,2.3101,428100
2024-09-13,2.3189,2.3366,2.3012,2.3278,550400
2024-09-17,2.3278,2.3721,2.3101,2.3721,414800
2024-09-18,2.3721,2.3809,2.3455,2.3809,1773400
2024-09-19,2.3809,2.3986,2.3632,2.3898,1338700
2024-09-20,2.3986,2.4517,2.3898,2.4517,1970500
2024-09-23,2.4517,2.4517,2.4163,2.4163,2786800
2024-09-24,2.4163,2.4517,2.4163,2.434,1787100
2024-09-25,2.434,2.4606,2.4163,2.4429,1216700
2024-09-26,2.434,2.4429,2.4075,2.4252,2266100
2024-09-27,2.4252,2.434,2.3898,2.3986,1723500
2024-09-30,2.4075,2.4163,2.3809,2.3898,1529500
2024-10-01,2.3898,2.4252,2.3898,2.4252,1869100
2024-10-02,2.4075,2.434,2.3543,2.3809,1581100
2024-10-03,2.3809,2.4163,2.3809,2.4163,1026400
2024-10-04,2.4163,2.4252,2.3809,2.3986,936600
2024-10-07,2.4075,2.434,2.3809,2.4252,636900
2024-10-08,2.434,2.434,2.3809,2.3809,1613100
2024-10-09,2.3898,2.4075,2.3632,2.3632,611000
2024-10-10,2.3986,2.3986,2.3721,2.3986,678200
2024-10-11,2.3986,2.4075,2.3809,2.3898,816400
2024-10-14,2.3898,2.3986,2.3898,2.3898,105600
2024-10-15,2.3898,2.434,2.3898,2.434,717800
2024-10-16,2.434,2.434,2.3809,2.3809,1244900
2024-10-17,2.3898,2.4075,2.3809,2.3809,615800
2024-10-18,2.3898,2.434,2.3898,2.3986,716200
2024-10-21,2.4075,2.4075,2.3809,2.3986,343600
2024-10-22,2.3986,2.4075,2.3898,2.3986,79200
2024-10-23,2.3986,2.4163,2.3898,2.3898,482600
2024-10-24,2.3986,2.4163,2.3898,2.3986,337000
2024-10-25,2.3986,2.434,2.3986,2.4075,521900
2024-10-28,2.4075,2.4252,2.3809,2.3809,719700
2024-10-29,2.3809,2.3986,2.3809,2.3986,164700
2024-10-30,2.3898,2.3986,2.3721,2.3986,885600
2024-11-01,2.3986,2.3986,2.3809,2.3898,475200
2024-11-04,2.3898,2.4075,2.3898,2.3986,247800
2024-11-05,2.3986,2.4252,2.3898,2.3986,957500
2024-11-06,2.3986,2.4075,2.3986,2.4075,649000
2024-11-07,2.4075,2.4252,2.3986,2.3986,2451600
2024-11-08,2.3986,2.4163,2.3986,2.4075,701500
2024-11-11,2.4075,2.434,2.4075,2.4075,750800
2024-11-12,2.4163,2.434,2.4075,2.4252,280700
2024-11-13,2.4252,2.4783,2.4163,2.4517,1140800
2024-11-14,2.4694,2.4871,2.4252,2.4252,845400
2024-11-15,2.4252,2.4694,2.4163,2.4606,1355800
2024-11-18,2.4694,2.4783,2.4429,2.4517,419900
2024-11-19,2.4429,2.4694,2.4429,2.4694,264800
2024-11-20,2.4694,2.4694,2.4252,2.4252,618800
2024-11-21,2.4252,2.4517,2.4163,2.4429,1306500
2024-11-22,2.4429,2.4429,2.4163,2.434,1294800
2024-11-25,2.4429,2.4517,2.3721,2.3721,2178200
2024-11-26,2.3721,2.4075,2.3721,2.3986,1607900
2024-11-27,2.3986,2.4252,2.3898,2.3898,635900
2024-11-28,2.3898,2.4163,2.3898,2.3898,505200
2024-11-29,2.3898,2.3986,2.3455,2.3809,3092200
2024-12-02,2.3809,2.3809,2.2835,2.2835,1680800
2024-12-03,2.2924,2.3012,2.2304,2.2304,2840300
2024-12-04,2.2835,2.3366,2.2835,2.2835,3955700
2024-12-05,2.3189,2.3366,2.2924,2.3278,3511400
2024-12-06,2.3366,2.3455,2.3278,2.3366,1330800
2024-12-09,2.3278,2.3366,2.3278,2.3366,2356100
2024-12-10,2.3366,2.3366,2.3189,2.3366,1752000
2024-12-11,2.3455,2.3721,2.3278,2.3366,1169500
2024-12-12,2.3366,2.3455,2.3278,2.3278,1530800
2024-12-13,2.3278,2.3721,2.3278,2.3455,1250800
2024-12-16,2.3366,2.3455,2.3278,2.3366,1772300
2024-12-17,2.3366,2.3459,2.2905,2.2997,2458400
2024-12-18,2.3089,2.3089,2.272,2.2812,1282900
2024-12-19,2.2628,2.272,2.2443,2.2628,1752400
2024-12-20,2.272,2.2905,2.2443,2.2905,9157800
2024-12-23,2.2905,2.3182,2.2628,2.2905,1730800
2024-12-24,2.3089,2.3089,2.2628,2.2997,387300
2024-12-26,2.3089,2.3089,2.272,2.272,576600
2024-12-27,2.2812,2.2997,2.272,2.272,780600
2024-12-30,2.2905,2.2997,2.2812,2.2997,484700
2024-12-31,2.3089,2.3089,2.2812,2.2812,910100
2025-01-02,2.2812,2.2997,2.272,2.2997,350600
2025-01-03,2.2997,2.2997,2.272,2.2997,530300
2025-01-06,2.2905,2.2997,2.2812,2.2905,479800
2025-01-07,2.2997,2.2997,2.272,2.2905,1065400
2025-01-08,2.2905,2.2905,2.2628,2.2628,716800
2025-01-09,2.2628,2.2812,2.2628,2.272,812700
2025-01-10,2.2812,2.2905,2.272,2.2905,666000
2025-01-13,2.2905,2.2997,2.272,2.2812,559500
2025-01-14,2.2812,2.2997,2.2812,2.2997,558700
2025-01-15,2.2905,2.2997,2.2628,2.2628,499000
2025-01-16,2.2628,2.272,2.2535,2.2535,553900
2025-01-17,2.2628,2.2628,2.2535,2.2535,303600
2025-01-20,2.2535,2.2812,2.2535,2.2628,174000
2025-01-21,2.272,2.2812,2.2535,2.2628,653400
2025-01-22,2.2628,2.2905,2.2628,2.2628,317100
2025-01-23,2.2628,2.2628,2.2443,2.2628,587800
2025-01-24,2.2628,2.2628,2.2351,2.2351,787800
2025-01-27,2.2351,2.272,2.2351,2.2535,509800
2025-01-28,2.2628,2.2628,2.2443,2.2443,106900
2025-01-31,2.2628,2.2812,2.2443,2.2628,163300
2025-02-03,2.2628,2.2812,2.2535,2.2628,963200
2025-02-04,2.272,2.272,2.2535,2.2628,882800
2025-02-05,2.2628,2.2812,2.2628,2.2812,958700
2025-02-06,2.2812,2.2812,2.2628,2.2812,772100
2025-02-07,2.2812,2.2905,2.2812,2.2812,206600
2025-02-10,2.2812,2.2997,2.272,2.272,259600
2025-02-12,2.2905,2.2997,2.272,2.2997,359200
2025-02-13,2.3089,2.3274,2.2905,2.3274,525600
2025-02-14,2.3274,2.3274,2.3089,2.3182,407300
2025-02-17,2.3089,2.3274,2.2997,2.3274,303400
2025-02-18,2.3274,2.3551,2.3182,2.3366,247100
2025-02-19,2.3366,2.3459,2.2905,2.2997,658800
2025-02-20,2.2997,2.3274,2.2997,2.3089,411000
2025-02-21,2.3089,2.3182,2.2997,2.3089,295400
2025-02-24,2.3089,2.3182,2.2997,2.3089,201000
2025-02-25,2.3182,2.3182,2.2905,2.2997,325200
2025-02-26,2.2905,2.3182,2.2905,2.3182,384000
2025-02-27,2.3182,2.3274,2.3089,2.3182,103100
2025-02-28,2.3274,2.3274,2.2905,2.3089,1543200
2025-03-03,2.3182,2.3644,2.3089,2.3644,599400
2025-03-04,2.3644,2.3736,2.3366,2.3644,1184400
2025-03-05,2.3644,2.4013,2.3551,2.3736,1406300
2025-03-06,2.3828,2.3921,2.3551,2.3551,947100
2025-03-07,2.3551,2.3828,2.3366,2.3736,1022000
2025-03-10,2.3828,2.3828,2.3551,2.3736,499700
2025-03-11,2.3551,2.3551,2.2812,2.2997,697900
2025-03-12,2.2997,2.2997,2.2443,2.2628,690600
2025-03-13,2.2545,2.2827,2.2357,2.2733,355600
2025-03-14,2.2639,2.3015,2.2545,2.2827,284100
2025-03-17,2.2827,2.3296,2.2827,2.3203,213000
2025-03-19,2.3109,2.3484,2.3015,2.3296,746000
2025-03-20,2.3296,2.3578,2.3296,2.3484,673200
2025-03-21,2.3484,2.3578,2.339,2.3484,589900
2025-03-24,2.3484,2.3672,2.3296,2.3672,1040100
2025-03-25,2.3766,2.3954,2.3672,2.386,587600
2025-03-26,2.3954,2.4236,2.386,2.4142,1364400
2025-03-27,2.3954,2.4236,2.386,2.3954,726700
2025-03-28,2.3954,2.4236,2.386,2.4048,423100
2025-04-02,2.4048,2.4048,2.3578,2.3766,290700
2025-04-03,2.3672,2.386,2.339,2.3578,442200
2025-04-04,2.3296,2.3484,2.3015,2.3296,525100
2025-04-07,2.2827,2.2827,2.1887,2.2169,2309900
2025-04-08,2.2169,2.2545,2.2075,2.2075,748900
2025-04-09,2.1981,2.2075,2.0572,2.1136,1230900
2025-04-10,2.1887,2.2357,2.1793,2.2357,852600
2025-04-11,2.2169,2.2733,2.1418,2.2545,1186300
2025-04-14,2.2545,2.2827,2.2357,2.2639,321900
2025-04-15,2.2639,2.2827,2.2451,2.2733,245800
2025-04-16,2.2733,2.2827,2.2451,2.2545,265600
2025-04-17,2.2545,2.2733,2.2545,2.2545,362700
2025-04-18,2.2545,2.2827,2.2451,2.2827,220600
2025-04-21,2.2639,2.2827,2.2451,2.2545,357400
2025-04-22,2.2545,2.2733,2.2263,2.2733,288200
2025-04-23,2.2733,2.2733,2.2451,2.2545,441600
2025-04-24,2.2545,2.2545,2.2451,2.2545,313900
2025-04-25,2.2545,2.3578,2.2451,2.3578,1530000
2025-04-28,2.3578,2.3578,2.3109,2.3484,262700
2025-04-29,2.339,2.3484,2.2921,2.3015,2342300
2025-04-30,2.3015,2.3203,2.2827,2.3015,422900
2025-05-02,2.3296,2.3296,2.2733,2.2921,922600
2025-05-05,2.3203,2.3203,2.2733,2.2733,686900
2025-05-06,2.2827,2.3015,2.2639,2.2733,1293000
2025-05-07,2.2827,2.3109,2.2733,2.3015,5145000
2025-05-08,2.3015,2.3015,2.2827,2.2827,119100
2025-05-09,2.2827,2.3015,2.2733,2.2827,498900
2025-05-13,2.2921,2.3954,2.2921,2.3203,3645400
2025-05-14,2.3484,2.3578,2.3015,2.3203,1197700
2025-05-15,2.3296,2.3484,2.3015,2.3109,1529700
2025-05-16,2.3109,2.3296,2.2827,2.2827,5110400
2025-05-19,2.2827,2.3203,2.2733,2.2827,5781900
2025-05-20,2.2827,2.3015,2.2733,2.2827,5601500
2025-05-21,2.2827,2.2827,2.2639,2.2827,1727900
2025-05-22,2.2827,2.2827,2.2639,2.2827,156800
2025-05-23,2.2827,2.2827,2.2639,2.2733,450900
2025-05-26,2.2733,2.2921,2.2639,2.2921,108800
2025-05-27,2.2921,2.3015,2.2733,2.2921,2309600
2025-05-28,2.2921,2.2921,2.2639,2.2733,158000
2025-05-29,2.2733,2.2827,2.2545,2.2733,287800
2025-05-30,2.2733,2.2733,2.17,2.1793,1433400
2025-06-03,2.1887,2.2451,2.1793,2.2169,473800
2025-06-04,2.2357,2.2357,2.1793,2.1793,925300
2025-06-05,2.1887,2.1981,2.17,2.1793,1199100
2025-06-06,2.1793,2.1793,2.1606,2.1793,152500
2025-06-09,2.17,2.1793,2.1512,2.1512,1061400
2025-06-10,2.1606,2.1793,2.1512,2.1606,1654700
2025-06-11,2.1512,2.1606,2.1512,2.1606,581100
2025-06-12,2.1606,2.1606,2.1512,2.1512,343300
2025-06-13,2.1512,2.1606,2.1418,2.1418,993000
2025-06-16,2.1418,2.1512,2.1418,2.1418,293300
2025-06-17,2.1418,2.1418,2.1042,2.1042,1686400
2025-06-18,2.1042,2.1136,2.0854,2.1136,594900
2025-06-19,2.1324,2.1793,2.1042,2.1793,324800
2025-06-20,2.1793,2.1887,2.1324,2.1512,704100
2025-06-23,2.1606,2.17,2.1136,2.1606,752000
2025-06-24,2.1606,2.1606,2.123,2.1418,296300
2025-06-25,2.1606,2.1793,2.1324,2.1606,435300
2025-06-26,2.1887,2.1887,2.1606,2.17,111300
2025-06-30,2.17,2.1793,2.1418,2.1418,283200
2025-07-01,2.1606,2.1606,2.1418,2.1512,70000
2025-07-02,2.1512,2.1606,2.1418,2.1606,84100
2025-07-03,2.1606,2.1606,2.1418,2.1512,470400
2025-07-04,2.1512,2.1793,2.1512,2.17,209300
2025-07-07,2.17,2.1793,2.1418,2.1606,163800
2025-07-08,2.1606,2.1606,2.1418,2.1512,274000
2025-07-09,2.1606,2.1606,2.123,2.1418,1789000
2025-07-10,2.1418,2.1512,2.123,2.1324,657000
2025-07-11,2.1324,2.1512,2.123,2.1512,269100
2025-07-14,2.1512,2.1606,2.1418,2.1512,135000
2025-07-15,2.1512,2.1606,2.1418,2.1418,350200
2025-07-16,2.1512,2.1606,2.1136,2.123,493200
2025-07-17,2.123,2.1324,2.1136,2.123,808300
2025-07-18,2.1324,2.1324,2.1136,2.123,229600
2025-07-21,2.123,2.1324,2.1042,2.1042,571400
2025-07-22,2.123,2.1324,2.1136,2.123,102100
2025-07-23,2.123,2.123,2.1042,2.1136,300000
2025-07-24,2.123,2.1324,2.1136,2.1136,250700
2025-07-25,2.123,2.1324,2.1136,2.1136,288600
2025-07-28,2.123,2.1324,2.1136,2.1324,430300
2025-07-29,2.1324,2.1418,2.1136,2.1324,47800
2025-07-30,2.123,2.1324,2.1136,2.1136,460700
2025-07-31,2.1136,2.123,2.1042,2.1042,677800
2025-08-01,2.1042,2.1418,2.1042,2.1136,291200
2025-08-04,2.123,2.1418,2.1136,2.1324,256600
2025-08-05,2.1324,2.1606,2.123,2.1324,543500
2025-08-06,2.1512,2.1606,2.1418,2.1512,436800
2025-08-07,2.1512,2.17,2.1418,2.1606,328400
2025-08-08,2.17,2.1793,2.1512,2.1793,254700
2025-08-11,2.1793,2.2075,2.1606,2.1606,1260300
2025-08-12,2.1606,2.1793,2.1606,2.1606,700200
2025-08-13,2.1606,2.1887,2.1606,2.17,1817700
2025-08-14,2.17,2.1981,2.1606,2.1606,3692000
2025-08-15,2.1606,2.17,2.1418,2.1606,559300
2025-08-18,2.1512,2.17,2.1418,2.1606,444900
2025-08-19,2.17,2.17,2.1512,2.1512,607300
2025-08-20,2.1512,2.17,2.1512,2.1606,307400
2025-08-21,2.17,2.1793,2.1606,2.1793,199000
2025-08-22,2.17,2.2075,2.17,2.1981,504500
2025-08-25,2.1793,2.2075,2.17,2.1793,566800
2025-08-26,2.17,2.1981,2.17,2.1887,2488600
2025-08-27,2.1887,2.1887,2.1606,2.17,2294600
2025-08-28,2.1793,2.1793,2.1512,2.1606,1665900
2025-08-29,2.1606,2.1606,2.1418,2.1512,339900
2025-09-02,2.1512,2.1793,2.1512,2.1606,3216600
2025-09-03,2.17,2.1793,2.1606,2.1606,509900
2025-09-04,2.1793,2.1793,2.1512,2.1512,1458900
2025-09-08,2.1606,2.17,2.1418,2.1418,344700
2025-09-09,2.1512,2.1512,2.1324,2.1418,1379500
2025-09-10,2.1512,2.1512,2.123,2.123,1517600
2025-09-11,2.123,2.123,2.1042,2.1136,2602300
2025-09-12,2.123,2.123,2.1042,2.1136,931300
2025-09-17,2.1136,2.1606,2.1136,2.1606,1130800
2025-09-18,2.1606,2.1606,2.1418,2.1512,553700
2025-09-19,2.17,2.17,2.1512,2.1606,454400
2025-09-22,2.1606,2.1606,2.1324,2.1418,610600
2025-09-23,2.1418,2.17,2.1418,2.1606,293000
2025-09-24,2.1606,2.1606,2.123,2.123,1048400
2025-09-25,2.1324,2.1793,2.1324,2.1512,3108200
2025-09-26,2.1418,2.1512,2.123,2.1324,4023900
2025-09-29,2.1324,2.1887,2.1324,2.1606,1425100
2025-09-30,2.1606,2.17,2.1512,2.1512,794000
2025-10-01,2.1606,2.2075,2.1606,2.1793,499100
2025-10-02,2.1981,2.1981,2.17,2.1793,1469600
2025-10-03,2.1793,2.1981,2.1418,2.1512,2620500
2025-10-06,2.1512,2.1606,2.1324,2.1418,2507700
2025-10-07,2.1418,2.1418,2.1136,2.123,3272200
2025-10-08,2.123,2.1324,2.1042,2.123,2725000
2025-10-09,2.123,2.1418,2.1136,2.1418,1588400
2025-10-10,2.1418,2.1418,2.1042,2.1042,2722600
2025-10-13,2.0948,2.123,2.0948,2.0948,1360900
2025-10-14,2.1042,2.1136,2.0854,2.0854,2111700
2025-10-15,2.0948,2.1042,2.076,2.0854,5492000
2025-10-16,2.0948,2.1042,2.0854,2.0854,1011100
2025-10-17,2.0854,2.1042,2.0854,2.0854,1167800
2025-10-21,2.1042,2.1136,2.076,2.0854,2066400
2025-10-22,2.0948,2.1136,2.0666,2.0666,2488500
2025-10-23,2.0666,2.0854,2.0572,2.0666,2509000
2025-10-24,2.076,2.0948,2.0572,2.0666,3077600
2025-10-27,2.076,2.1042,2.076,2.0948,691000
2025-10-28,2.1042,2.1042,2.076,2.076,1920600
2025-10-29,2.076,2.0854,2.0666,2.076,1125900
2025-10-30,2.076,2.076,2.0666,2.076,2507400
2025-10-31,2.076,2.0854,2.0572,2.0666,2476800
2025-11-03,2.0666,2.0948,2.0572,2.0854,953600
2025-11-04,2.0854,2.1512,2.0854,2.1512,2530100
2025-11-05,2.1418,2.1512,2.123,2.123,960000
2025-11-06,2.123,2.1512,2.123,2.1512,598700
2025-11-07,2.1512,2.1512,2.1324,2.1324,404900
2025-11-10,2.1324,2.1512,2.1324,2.1324,282900
2025-11-11,2.1512,2.1512,2.1324,2.1512,1097600
2025-11-12,2.1512,2.1606,2.1324,2.1324,407300
2025-11-13,2.1324,2.17,2.1324,2.1606,900200
2025-11-14,2.1606,2.17,2.1418,2.1606,900900
2025-11-17,2.1606,2.17,2.1418,2.1512,729200
2025-11-18,2.1512,2.1512,2.1136,2.123,2127600
2025-11-19,2.123,2.1418,2.123,2.123,2243600
2025-11-20,2.123,2.1324,2.1136,2.123,1269400
2025-11-21,2.123,2.1418,2.1136,2.1324,765300
2025-11-24,2.1324,2.1418,2.1042,2.1136,950200
2025-11-25,2.1136,2.1136,2.1042,2.1042,939900
2025-11-26,2.1136,2.1324,2.1042,2.123,3235800
2025-11-27,2.123,2.1512,2.123,2.123,3003900
2025-11-28,2.1418,2.17,2.1324,2.1606,2528500
2025-12-01,2.1418,2.1887,2.1418,2.1512,3936700
2025-12-02,2.1512,2.1606,2.1324,2.1512,7776900
2025-12-03,2.1512,2.1793,2.1512,2.17,5970700
2025-12-04,2.1793,2.1887,2.1512,2.1606,4745900
2025-12-05,2.1606,2.17,2.1418,2.1512,3213500
2025-12-08,2.1606,2.1606,2.1418,2.1418,1347100
2025-12-09,2.1512,2.1512,2.1324,2.1324,2123000
2025-12-10,2.1418,2.1606,2.1324,2.1606,929100
2025-12-11,2.1606,2.1793,2.1606,2.1793,2009600
2025-12-12,2.199,2.199,2.1695,2.1892,2115800
2025-12-15,2.1793,2.1892,2.1597,2.1695,915200
2025-12-16,2.1695,2.2088,2.1597,2.199,3295400
2025-12-17,2.1892,2.2382,2.1793,2.2382,3081800
2025-12-18,2.2382,2.2382,2.199,2.199,717700
2025-12-19,2.199,2.2284,2.199,2.2088,1104500
2025-12-22,2.2088,2.2382,2.199,2.2186,1197500
2025-12-23,2.2186,2.2186,2.199,2.2088,454100
2025-12-24,2.2088,2.2088,2.1892,2.2088,500500
2025-12-26,2.2088,2.2088,2.1892,2.199,572400
2025-12-29,2.199,2.2284,2.1892,2.2284,827600
2025-12-30,2.2382,2.2382,2.1892,2.2284,3232700
2025-12-31,2.2284,2.2481,2.2088,2.2481,3726000
2026-01-02,2.2186,2.2382,2.2088,2.2382,447500
2026-01-05,2.2382,2.2382,2.2186,2.2284,791200
2026-01-06,2.2284,2.2481,2.2186,2.2382,763700
2026-01-07,2.2382,2.2382,2.2088,2.2284,1733200
2026-01-08,2.2284,2.2284,2.2088,2.2186,1440700
2026-01-09,2.2284,2.2971,2.2284,2.2873,4910800
2026-01-12,2.2873,2.3659,2.2677,2.3462,3864800
2026-01-13,2.3462,2.4248,2.3364,2.3855,4706200
2026-01-14,2.3757,2.415,2.3757,2.3855,2899200
2026-01-15,2.3855,2.4248,2.3855,2.3953,1717400
2026-01-16,2.3953,2.4542,2.3953,2.4542,2858200
2026-01-19,2.4542,2.4542,2.4542,2.4542,0
2026-01-20,2.4248,2.4346,2.356,2.3757,1245000
2026-01-21,2.3757,2.3953,2.3659,2.3953,2953100
2026-01-22,2.4051,2.415,2.3462,2.3659,2271000
2026-01-23,2.3659,2.3953,2.3364,2.3462,1082000
2026-01-26,2.3462,2.4051,2.3462,2.3953,1849000
2026-01-27,2.3953,2.4346,2.3953,2.4051,1551300
2026-01-28,2.415,2.4346,2.3953,2.415,2441600
2026-01-29,2.415,2.415,2.3757,2.4051,1328500
2026-01-30,2.4051,2.4444,2.4051,2.4248,2680300
2026-02-03,2.4346,2.4542,2.3855,2.3953,974300
2026-02-04,2.4051,2.4444,2.4051,2.4444,2145000
2026-02-05,2.4248,2.4444,2.415,2.4248,1231600
2026-02-06,2.4346,2.4346,2.3953,2.4051,470000
2026-02-09,2.415,2.464,2.415,2.4542,4844700
2026-02-10,2.4542,2.4739,2.4542,2.4542,4124300
2026-02-11,2.4542,2.464,2.4542,2.464,1305800
2026-02-12,2.464,2.5033,2.464,2.4935,11407400
2026-02-13,2.4935,2.4935,2.4542,2.4837,922700
2026-02-16,2.4739,2.4739,2.415,2.415,1128200
2026-02-19,2.4248,2.4542,2.415,2.4444,2820300
2026-02-20,2.4444,2.4444,2.415,2.4346,1025100
2026-02-23,2.4346,2.4444,2.415,2.4346,253700
2026-02-24,2.4444,2.4739,2.415,2.4542,4724900
2026-02-25,2.4542,2.4739,2.4346,2.4739,322500
2026-02-26,2.4739,2.4739,2.4346,2.4542,1998400
2026-02-27,2.4542,2.4542,2.3855,2.4248,3669800
2026-03-02,2.3659,2.4248,2.3364,2.3659,2480000
2026-03-03,2.3462,2.4248,2.3364,2.3659,2768100
2026-03-04,2.3659,2.4051,2.3659,2.3855,912500
2026-03-05,2.4051,2.4051,2.3659,2.3855,487200
2026-03-06,2.3855,2.3855,2.3462,2.3462,2452500
2026-03-09,2.3364,2.356,2.2775,2.307,1610300
2026-03-10,2.3266,2.3757,2.3266,2.356,659500
2026-03-11,2.356,2.3855,2.356,2.3855,381600
2026-03-12,2.4,2.41,2.35,2.37,1191000
2026-03-13,2.37,2.39,2.32,2.35,932500
2026-03-16,2.35,2.46,2.33,2.44,1272900
2026-03-17,2.44,2.44,2.39,2.41,669100
2026-03-18,2.41,2.42,2.37,2.37,775700
2026-03-19,2.38,2.42,2.37,2.42,863000
2026-03-20,2.42,2.42,2.42,2.42,0
2026-03-24,2.42,2.42,2.37,2.39,971100
2026-03-25,2.39,2.4,2.37,2.38,1754100
2026-03-26,2.4,2.4,2.38,2.39,396400
2026-03-27,2.39,2.4,2.37,2.39,1261300
2026-03-30,2.38,2.39,2.36,2.37,1310400
2026-03-31,2.37,2.41,2.37,2.4,1298900
2026-04-01,2.4,2.43,2.36,2.39,2352400
2026-04-02,2.4,2.43,2.37,2.4,1270700
2026-04-03,2.4,2.41,2.38,2.38,1548400
2026-04-06,2.38,2.39,2.36,2.36,737700
2026-04-07,2.36,2.38,2.35,2.35,579600
2026-04-08,2.38,2.38,2.33,2.35,1849700
2026-04-09,2.35,2.35,2.33,2.34,552100
2026-04-10,2.34,2.36,2.34,2.36,1370500
2026-04-13,2.34,2.35,2.32,2.32,1662700
2026-04-14,2.32,2.36,2.32,2.36,427100
2026-04-15,2.37,2.37,2.35,2.37,1036400
2026-04-16,2.36,2.39,2.35,2.39,590600
2026-04-17,2.37,2.4,2.37,2.4,399900
2026-04-20,2.4,2.41,2.38,2.39,464400
2026-04-21,2.39,2.42,2.39,2.41,598000
2026-04-22,2.4,2.43,2.4,2.42,883800
2026-04-23,2.43,2.44,2.41,2.42,431300
2026-04-24,2.42,2.43,2.4,2.4,838700
2026-04-27,2.41,2.42,2.36,2.36,2134300
2026-04-28,2.36,2.38,2.35,2.36,895500
2026-04-29,2.37,2.38,2.33,2.35,969200
2026-04-30,2.35,2.35,2.34,2.34,667700
2026-05-04,2.34,2.36,2.32,2.33,1365000
2026-05-05,2.34,2.34,2.32,2.32,975700
2026-05-06,2.33,2.34,2.32,2.33,738000
2026-05-07,2.33,2.36,2.33,2.35,866700
2026-05-08,2.35,2.37,2.35,2.35,512600
2026-05-11,2.35,2.38,2.35,2.36,643100
2026-05-12,2.38,2.38,2.34,2.34,640300
2026-05-13,2.34,2.36,2.33,2.34,392400
2026-05-14,2.34,2.36,2.33,2.33,420000
2026-05-15,2.34,2.34,2.32,2.33,965500
2026-05-18,2.33,2.34,2.33,2.34,329700
2026-05-19,2.33,2.34,2.32,2.33,634200
2026-05-20,2.34,2.34,2.3,2.31,677200
2026-05-21,2.32,2.34,2.31,2.33,431700
2026-05-22,2.33,2.33,2.27,2.27,1932800
2026-05-25,2.29,2.29,2.26,2.27,565800
2026-05-26,2.26,2.27,2.25,2.26,645300
2026-05-27,2.26,2.26,2.26,2.26,0
2026-05-28,2.26,2.26,2.2,2.21,1715200
2026-05-29,2.22,2.23,2.2,2.2,1390100
2026-06-02,2.2,2.2,2.2,2.2,0
2026-06-03,2.2,2.22,2.14,2.14,3036700
2026-06-04,2.15,2.2,2.15,2.18,2593600
2026-06-05,2.18,2.23,2.18,2.2,790400
2026-06-08,2.19,2.21,2.17,2.18,955700
2026-06-09,2.19,2.2,2.17,2.19,414100
2026-06-10,2.19,2.2,2.17,2.17,1222900
2026-06-11,2.17,2.17,2.15,2.15,738000
2026-06-12,2.16,2.17,2.15,2.17,864000
2026-06-15,2.18,2.2,2.16,2.17,2097000
2026-06-16,2.18,2.21,2.17,2.18,956500
2026-06-18,2.18,2.2,2.18,2.19,778100
2026-06-19,2.19,2.19,2.17,2.18,1263900
2026-06-22,2.18,2.18,2.14,2.14,2375800
2026-06-23,2.15,2.15,2.12,2.14,2579700
2026-06-24,2.14,2.15,2.12,2.12,1034200
2026-06-25,2.13,2.14,2.12,2.12,889200
2026-06-26,2.12,2.13,2.12,2.13,302400
2026-06-29,2.13,2.13,2.1,2.12,1161100
2026-06-30,2.13,2.13,2.1,2.11,737200
2026-07-01,2.11,2.12,2.09,2.09,2932700
2026-07-02,2.1,2.1,2.07,2.08,1776200
2026-07-03,2.09,2.11,2.08,2.09,2288400
2026-07-06,2.09,2.15,2.09,2.14,632200
2026-07-07,2.14,2.15,2.12,2.15,580300
2026-07-08,2.16,2.16,2.13,2.16,245800
2026-07-09,2.16,2.16,2.11,2.12,1067900
2026-07-10,2.12,2.15,2.12,2.15,240500
2026-07-13,2.13,2.15,2.13,2.15,112300
2026-07-14,2.16,2.16,2.12,2.13,716200
2026-07-15,2.13,2.15,2.13,2.15,370400
2026-07-16,2.15,2.16,2.13,2.15,305300
2026-07-17,2.15,2.16,2.13,2.14,745500
2026-07-20,2.14,2.15,2.13,2.14,341100
2026-07-21,2.14,2.14,2.12,2.13,741300
2026-07-22,2.13,2.14,2.12,2.13,422100
2026-07-23,2.13,2.14,2.12,2.13,495100
2026-07-24,2.14,2.14,2.12,2.13,392000
2026-07-27,2.13,2.15,2.13,2.15,223200
2026-07-28,2.14,2.14,2.13,2.13,466600
2026-07-29,2.14,2.15,2.12,2.13,893500
2026-07-30,2.13,2.13,2.11,2.11,532600
2026-07-31,2.12,2.13,2.12,2.13,503300
2026-08-03,2.13,2.14,2.12,2.13,374400
2026-08-04,2.13,2.14,2.11,2.11,838700
2026-08-05,2.13,2.22,2.12,2.18,2342500
2026-08-06,2.18,2.2,2.12,2.14,1420700
2026-08-07,2.14,2.16,2.13,2.14,362200
2026-08-10,2.14,2.16,2.13,2.15,480200
2026-08-11,2.15,2.16,2.13,2.14,368700
2026-08-12,2.14,2.15,2.12,2.13,779700
2026-08-13,2.14,2.14,2.12,2.12,875800
2026-08-14,2.13,2.13,2.12,2.12,258700
2026-08-17,2.12,2.13,2.1,2.11,1771400
2026-08-18,2.11,2.12,2.1,2.11,490700
2026-08-19,2.11,2.12,2.1,2.11,759000
2026-08-20,2.11,2.12,2.11,2.11,542500
2026-08-21,2.11,2.11,2.1,2.11,700300
2026-08-24,2.11,2.13,2.11,2.11,228300
2026-08-26,2.12,2.14,2.11,2.13,2161700
2026-08-27,2.13,2.14,2.1,2.13,2338100
2026-08-28,0.0,2.1,2.1,2.1,0
2026-09-01,0.0,0.0,0.0,2.12,0
2026-09-02,2.12,2.12,2.1,2.1,1567600
