date,open,high,low,close,volume
2016-08-11,0.7509,0.7558,0.7484,0.7509,3303900
2016-08-12,0.7509,0.7582,0.7509,0.7582,1301100
2016-08-15,0.7607,0.7803,0.7582,0.7803,2773800
2016-08-16,0.7779,0.7877,0.773,0.7828,8297400
2016-08-17,0.7803,0.7852,0.7705,0.773,7286400
2016-08-18,0.7656,0.7681,0.7533,0.7533,8883300
2016-08-19,0.7582,0.7582,0.7362,0.7386,6841200
2016-08-22,0.746,0.7582,0.7435,0.7558,7358700
2016-08-23,0.7533,0.7582,0.7484,0.7533,4936500
2016-08-24,0.7509,0.7533,0.746,0.7509,3316500
2016-08-25,0.7484,0.7705,0.7484,0.7705,13067400
2016-08-26,0.773,0.7754,0.7681,0.7705,19592100
2016-08-29,0.773,0.7779,0.7681,0.773,10193700
2016-08-30,0.773,0.7779,0.773,0.7779,4727100
2016-09-01,0.7779,0.8368,0.773,0.8122,20545200
2016-09-02,0.8171,0.822,0.8098,0.8171,9987300
2016-09-05,0.8147,0.8294,0.8122,0.8245,9428400
2016-09-06,0.8196,0.8245,0.8098,0.822,6136200
2016-09-07,0.822,0.8245,0.8147,0.8171,6916800
2016-09-08,0.8196,0.8319,0.8196,0.822,8909100
2016-09-09,0.822,0.822,0.8049,0.8073,7328400
2016-09-13,0.8103,0.8103,0.7856,0.7856,2293800
2016-09-14,0.788,0.8226,0.788,0.7979,18635400
2016-09-15,0.8004,0.8202,0.8004,0.8177,18782700
2016-09-19,0.8177,0.8375,0.8177,0.8276,7369800
2016-09-20,0.8325,0.8375,0.8152,0.8152,7813200
2016-09-21,0.8202,0.835,0.8202,0.8276,8332800
2016-09-22,0.8276,0.8375,0.8226,0.835,7731900
2016-09-23,0.8276,0.8375,0.8202,0.8325,7032000
2016-09-26,0.8325,0.8325,0.8177,0.8226,6134100
2016-09-27,0.8226,0.8276,0.8177,0.8202,7824000
2016-09-28,0.8226,0.8375,0.8177,0.8202,13460700
2016-09-29,0.8226,0.8325,0.8152,0.8152,12820200
2016-09-30,0.8202,0.8251,0.8127,0.8202,4958700
2016-10-04,0.8276,0.8276,0.8152,0.8177,3816300
2016-10-05,0.8152,0.8177,0.8078,0.8103,7615200
2016-10-06,0.8103,0.8177,0.8029,0.8078,5710200
2016-10-07,0.8053,0.8226,0.8053,0.8202,6765300
2016-10-10,0.8202,0.83,0.8078,0.8226,9808200
2016-10-11,0.8226,0.8251,0.8152,0.8152,6668700
2016-10-12,0.8202,0.835,0.8152,0.8325,13707000
2016-10-13,0.8325,0.8473,0.8226,0.8449,6977100
2016-10-14,0.8399,0.8424,0.8325,0.8375,10137300
2016-10-17,0.8424,0.8424,0.8226,0.8251,8440500
2016-10-18,0.8226,0.83,0.8202,0.8226,7890900
2016-10-19,0.8251,0.83,0.8251,0.83,870300
2016-10-20,0.83,0.83,0.8152,0.8202,6716400
2016-10-21,0.8177,0.8226,0.8127,0.8152,9418500
2016-10-24,0.8177,0.8226,0.8152,0.8177,9615900
2016-10-25,0.8226,0.8399,0.8177,0.8202,13034700
2016-10-26,0.8202,0.8325,0.8152,0.8226,5577300
2016-10-27,0.8226,0.8226,0.8152,0.8226,12497100
2016-10-28,0.8226,0.8325,0.8177,0.8251,1401600
2016-10-31,0.8325,0.8325,0.8152,0.8276,7912800
2016-11-01,0.8251,0.835,0.8177,0.8325,5715300
2016-11-02,0.8226,0.835,0.8226,0.8276,7656000
2016-11-03,0.8226,0.8276,0.8177,0.8202,8178600
2016-11-04,0.8226,0.8226,0.8004,0.8152,9237300
2016-11-07,0.8152,0.8152,0.8078,0.8103,11884800
2016-11-08,0.8202,0.8226,0.8127,0.8177,8190000
2016-11-09,0.8152,0.8152,0.7905,0.8103,5541000
2016-11-10,0.8127,0.8226,0.8127,0.8202,13656000
2016-11-11,0.8177,0.8226,0.8127,0.8152,10793100
2016-11-14,0.8152,0.8202,0.8103,0.8202,8524200
2016-11-15,0.8202,0.8226,0.8127,0.8202,5599800
2016-11-16,0.8152,0.8424,0.8127,0.8399,9624000
2016-11-17,0.83,0.8424,0.83,0.8375,4704900
2016-11-18,0.8375,0.8375,0.83,0.835,3578700
2016-11-21,0.8375,0.8424,0.835,0.8399,2958000
2016-11-22,0.8399,0.8449,0.8053,0.8152,6930600
2016-11-23,0.8449,0.8745,0.835,0.835,25474500
2016-11-24,0.8424,0.8523,0.8375,0.8473,12281100
2016-11-25,0.8473,0.8523,0.8375,0.8473,9337800
2016-11-28,0.8473,0.8523,0.8424,0.8498,7256700
2016-11-29,0.8523,0.8523,0.8399,0.8424,7600200
2016-11-30,0.8473,0.8523,0.8325,0.8424,15579900
2016-12-01,0.8399,0.8424,0.83,0.8325,9832500
2016-12-02,0.8375,0.8399,0.8152,0.8177,7379700
2016-12-05,0.8276,0.8276,0.8152,0.8202,11273100
2016-12-06,0.8251,0.8251,0.8152,0.8152,9212700
2016-12-07,0.8152,0.8226,0.8078,0.8152,12041700
2016-12-08,0.8226,0.8226,0.8127,0.8152,9971700
2016-12-09,0.8177,0.8177,0.8127,0.8152,8687100
2016-12-13,0.8152,0.8227,0.8152,0.8152,4037700
2016-12-14,0.8152,0.8177,0.8102,0.8102,13759200
2016-12-15,0.8102,0.8152,0.8077,0.8077,1488600
2016-12-16,0.8102,0.8352,0.8102,0.8227,13275900
2016-12-19,0.8302,0.8302,0.8152,0.8227,6307200
2016-12-20,0.8252,0.8277,0.8202,0.8277,9737100
2016-12-21,0.8277,0.8327,0.8202,0.8227,5010900
2016-12-22,0.8227,0.8227,0.8077,0.8127,1326600
2016-12-23,0.8177,0.8202,0.8127,0.8152,565500
2016-12-27,0.8177,0.8177,0.8052,0.8052,1020900
2016-12-28,0.8028,0.8177,0.8028,0.8127,1719300
2016-12-29,0.8177,0.8227,0.8152,0.8202,8735100
2016-12-30,0.8227,0.8277,0.8052,0.8277,4689600
2017-01-02,0.8277,0.8277,0.8277,0.8277,0
2017-01-03,0.8227,0.8277,0.8127,0.8277,1981800
2017-01-04,0.8302,0.8501,0.8302,0.8476,16079100
2017-01-05,0.8526,0.8601,0.8501,0.8576,8384100
2017-01-06,0.8601,0.8676,0.8401,0.8601,11300700
2017-01-09,0.8676,0.8701,0.8576,0.8601,7458300
2017-01-10,0.8601,0.8651,0.8576,0.8601,4154700
2017-01-11,0.8601,0.88,0.8601,0.8775,16031100
2017-01-12,0.8775,0.8925,0.8775,0.8875,12336300
2017-01-13,0.8875,0.8925,0.8751,0.8775,7086000
2017-01-16,0.8825,0.885,0.8751,0.8775,4364400
2017-01-17,0.8775,0.8825,0.8775,0.8825,4643100
2017-01-18,0.88,0.885,0.88,0.885,6422700
2017-01-19,0.8875,0.9124,0.8875,0.9075,10617450
2017-01-20,0.9075,0.9174,0.8676,0.8676,9541050
2017-01-23,0.8775,0.9075,0.8726,0.8875,5887050
2017-01-24,0.8875,0.9124,0.8726,0.9025,13463700
2017-01-25,0.9025,0.9075,0.8775,0.8775,10822650
2017-01-26,0.8825,0.8975,0.8825,0.8975,8754750
2017-01-27,0.8975,0.8975,0.8825,0.8875,652050
2017-01-31,0.8875,0.8975,0.8825,0.8875,2761350
2017-02-02,0.8975,0.8975,0.8825,0.8825,8708550
2017-02-03,0.8925,0.9124,0.8875,0.9025,18034050
2017-02-06,0.9075,0.9124,0.8975,0.9124,8399550
2017-02-07,0.9124,0.9174,0.9025,0.9075,7119300
2017-02-08,0.9124,0.9124,0.9025,0.9124,2799600
2017-02-10,0.9124,0.9174,0.9075,0.9174,5926950
2017-02-13,0.9174,0.9374,0.9124,0.9374,12824400
2017-02-14,0.9424,0.9523,0.9374,0.9424,7952100
2017-02-15,0.9473,0.9473,0.9374,0.9424,6897150
2017-02-16,0.9424,0.9424,0.9124,0.9224,11363400
2017-02-17,0.9224,0.9324,0.9124,0.9224,5530500
2017-02-20,0.9274,0.9424,0.9224,0.9324,2714850
2017-02-21,0.9374,0.9374,0.9224,0.9274,7529250
2017-02-22,0.9324,0.9473,0.9274,0.9424,10493100
2017-02-23,0.9424,0.9773,0.9324,0.9523,21600750
2017-02-24,0.9673,0.9723,0.9523,0.9523,16365900
2017-02-27,0.9573,0.9673,0.9523,0.9523,12530400
2017-02-28,0.9573,0.9573,0.9473,0.9523,5546850
2017-03-01,0.9573,0.9623,0.9424,0.9573,8749050
2017-03-02,0.9623,0.9972,0.9573,0.9872,40761300
2017-03-03,0.9823,0.9922,0.9773,0.9823,17905500
2017-03-06,0.9872,0.9872,0.9573,0.9823,12538500
2017-03-07,0.9773,0.9872,0.9673,0.9872,8948550
2017-03-08,0.9773,1.0022,0.9773,0.9922,14751450
2017-03-09,0.9922,0.9922,0.9773,0.9823,10836600
2017-03-10,0.9773,0.9823,0.9723,0.9823,7177500
2017-03-13,0.9823,0.9872,0.9673,0.9673,10968450
2017-03-14,0.9723,0.9723,0.9573,0.9623,11571000
2017-03-15,0.9613,0.9663,0.9462,0.9613,10900500
2017-03-16,0.9613,0.9714,0.9512,0.9663,11898300
2017-03-17,0.9663,0.9764,0.9512,0.9764,7515600
2017-03-20,0.9663,0.9764,0.9613,0.9714,5750850
2017-03-21,0.9663,0.9965,0.9613,0.9915,17730600
2017-03-22,0.9814,0.9915,0.9764,0.9865,5803950
2017-03-23,0.9865,1.0469,0.9814,1.0267,27584850
2017-03-24,1.0368,1.0469,1.0167,1.0167,5955150
2017-03-27,1.0267,1.0469,1.0217,1.0368,17907450
2017-03-28,1.0368,1.0569,1.0267,1.0519,17347500
2017-03-29,1.0519,1.0519,1.0217,1.0217,18913500
2017-03-30,1.0318,1.0418,1.0267,1.0318,13391550
2017-03-31,1.0368,1.0418,1.0267,1.0267,4760100
2017-04-03,1.0267,1.0469,1.0267,1.0368,7941450
2017-04-04,1.0368,1.0519,1.0217,1.0418,9388350
2017-04-05,1.0418,1.062,1.0418,1.0469,27389700
2017-04-06,1.0519,1.072,1.0418,1.0519,19332600
2017-04-07,1.0519,1.0519,1.0066,1.0267,16643400
2017-04-10,1.0318,1.0418,1.0167,1.0318,6843600
2017-04-11,1.0267,1.0418,1.0267,1.0368,14274750
2017-04-12,1.0318,1.0318,1.0267,1.0318,7632600
2017-04-13,1.0318,1.0318,0.9764,0.9915,14609700
2017-04-14,0.9965,0.9965,0.9512,0.9563,22363950
2017-04-17,0.9613,1.0066,0.9613,1.0016,16728000
2017-04-18,1.0016,1.0267,1.0016,1.0267,8184900
2017-04-19,1.0267,1.0418,1.0116,1.0418,9667050
2017-04-20,1.0418,1.0418,1.0267,1.0267,8508900
2017-04-21,1.0267,1.0569,1.0267,1.0519,6457500
2017-04-24,1.0519,1.0519,1.0519,1.0519,0
2017-04-25,1.0569,1.0569,1.0418,1.0569,6446850
2017-04-26,1.062,1.067,1.0368,1.067,11888250
2017-04-27,1.067,1.072,1.0569,1.067,5469600
2017-04-28,1.0569,1.0569,1.0469,1.0519,1617450
2017-05-02,1.0569,1.062,1.0469,1.062,2979900
2017-05-03,1.062,1.062,1.0469,1.0519,8381550
2017-05-04,1.0569,1.0569,1.0066,1.0217,7166850
2017-05-05,1.0217,1.0418,1.0217,1.0368,3829050
2017-05-08,1.0318,1.0469,1.0318,1.0368,8608650
2017-05-09,1.0418,1.067,1.0368,1.062,8715150
2017-05-11,1.067,1.0821,1.0569,1.067,11708100
2017-05-12,1.072,1.0871,1.067,1.0821,8757000
2017-05-15,1.0871,1.1073,1.0821,1.1073,13227150
2017-05-16,1.1073,1.1224,1.0871,1.0972,12376500
2017-05-17,1.1173,1.1224,1.0871,1.0922,18703200
2017-05-18,1.0871,1.0972,1.072,1.0821,13007700
2017-05-19,1.0871,1.1022,1.0821,1.0972,8929650
2017-05-22,1.1022,1.1073,1.0771,1.0922,7065750
2017-05-23,1.0922,1.0972,1.0418,1.0469,18556950
2017-05-24,1.0519,1.0771,1.0519,1.072,13998000
2017-05-25,1.067,1.072,1.0469,1.0469,3728100
2017-05-26,1.0519,1.062,1.0418,1.062,7356750
2017-05-29,1.062,1.062,1.0368,1.0368,4268100
2017-05-31,1.0267,1.0418,1.0217,1.0267,9615900
2017-06-01,1.0267,1.0368,1.0167,1.0217,8547900
2017-06-02,1.0318,1.067,1.0267,1.067,9991950
2017-06-05,1.067,1.0871,1.0569,1.0871,11915850
2017-06-06,1.0881,1.1085,1.0678,1.0881,9477600
2017-06-07,1.0831,1.0881,1.0729,1.0881,2639700
2017-06-08,1.0881,1.0881,1.0678,1.0729,4666050
2017-06-09,1.0729,1.078,1.0627,1.0678,3152400
2017-06-13,1.0475,1.0576,1.0271,1.0424,20249400
2017-06-14,1.0525,1.0627,1.0475,1.0525,12180450
2017-06-15,1.0525,1.0627,1.0322,1.0322,7356000
2017-06-16,1.0322,1.0424,1.022,1.0271,5811900
2017-06-19,1.0322,1.0373,1.0068,1.017,4734300
2017-06-20,1.022,1.0322,1.017,1.0322,14534100
2017-06-21,1.0322,1.0678,1.0322,1.0627,16402950
2017-06-22,1.0627,1.0983,1.0627,1.0881,22657800
2017-06-23,1.0831,1.0983,1.0831,1.0881,7881450
2017-06-26,1.0881,1.0881,1.0881,1.0881,0
2017-06-27,1.0881,1.0881,1.0881,1.0881,0
2017-06-28,1.0881,1.0932,1.0678,1.078,3121200
2017-06-29,1.078,1.0881,1.0627,1.0831,4278150
2017-06-30,1.0831,1.0831,1.0678,1.0729,5905950
2017-07-03,1.0729,1.0831,1.0678,1.0729,10323150
2017-07-04,1.078,1.0881,1.0678,1.0831,7057200
2017-07-05,1.0831,1.1136,1.0831,1.1034,9217800
2017-07-06,1.1085,1.1288,1.0983,1.1187,13949400
2017-07-07,1.1187,1.1288,1.1085,1.1187,5863650
2017-07-10,1.1187,1.1237,1.1136,1.1187,8892450
2017-07-11,1.1187,1.1237,1.1034,1.1034,8935950
2017-07-12,1.1034,1.1797,1.1034,1.1797,19415400
2017-07-13,1.2,1.2254,1.1848,1.2203,16245900
2017-07-14,1.2203,1.2356,1.1797,1.1949,9591750
2017-07-17,1.1898,1.2305,1.1898,1.2153,10625850
2017-07-18,1.2203,1.2509,1.2153,1.2407,12793050
2017-07-19,1.2407,1.2661,1.2305,1.261,12267750
2017-07-20,1.261,1.261,1.2305,1.2458,5919900
2017-07-21,1.2458,1.2661,1.2305,1.2356,12853500
2017-07-24,1.2509,1.2509,1.2102,1.2153,4218000
2017-07-25,1.2203,1.2661,1.2203,1.2458,13326000
2017-07-26,1.2458,1.2661,1.2458,1.261,6997200
2017-07-27,1.261,1.2915,1.261,1.2864,7501350
2017-07-28,1.2915,1.3119,1.2763,1.2966,14831100
2017-07-31,1.3017,1.3119,1.2864,1.3017,14635500
2017-08-01,1.3068,1.3119,1.2458,1.2559,5488050
2017-08-02,1.2559,1.3017,1.2559,1.2915,8858250
2017-08-03,1.2915,1.3119,1.2915,1.2966,7429800
2017-08-04,1.2966,1.2966,1.2712,1.2915,4038000
2017-08-07,1.2915,1.2966,1.2712,1.2763,7442700
2017-08-08,1.2763,1.2966,1.2661,1.2864,7013100
2017-08-09,1.2763,1.2864,1.2559,1.261,5064300
2017-08-10,1.261,1.261,1.2153,1.2203,11742300
2017-08-11,1.2203,1.2254,1.1441,1.1949,33132000
2017-08-14,1.2102,1.2356,1.1898,1.2051,9996000
2017-08-15,1.2102,1.2661,1.2051,1.2458,18177000
2017-08-16,1.2458,1.2661,1.2407,1.2509,11783400
2017-08-17,1.261,1.2915,1.2559,1.2864,11316450
2017-08-18,1.2763,1.2763,1.261,1.2661,3859200
2017-08-21,1.2661,1.2814,1.2559,1.2661,5443650
2017-08-22,1.261,1.2814,1.2559,1.2712,10577850
2017-08-23,1.3068,1.3475,1.2915,1.2966,31384050
2017-08-24,1.317,1.3271,1.3119,1.322,19763550
2017-08-25,1.322,1.3475,1.3068,1.3068,14296950
2017-08-28,1.3322,1.3373,1.3119,1.3322,7001850
2017-08-29,1.3271,1.3271,1.3017,1.3119,5976900
2017-08-30,1.322,1.3271,1.2915,1.2915,8317650
2017-08-31,1.2915,1.2915,1.2915,1.2915,0
2017-09-01,1.2915,1.2915,1.2915,1.2915,0
2017-09-05,1.2915,1.3068,1.2864,1.2966,14309550
2017-09-06,1.2915,1.2915,1.2712,1.2763,3701400
2017-09-07,1.2864,1.3017,1.2814,1.2864,8370300
2017-09-08,1.2864,1.2966,1.2814,1.2966,3570600
2017-09-11,1.2966,1.3068,1.2814,1.2915,4690500
2017-09-12,1.2915,1.3017,1.2458,1.2509,20209050
2017-09-13,1.2661,1.2864,1.261,1.2661,16306950
2017-09-14,1.2712,1.2814,1.261,1.2712,6025200
2017-09-15,1.2712,1.2712,1.2356,1.2458,20266950
2017-09-18,1.2602,1.291,1.2499,1.2807,12366900
2017-09-19,1.2807,1.2859,1.2602,1.2653,9169800
2017-09-20,1.2602,1.291,1.255,1.2602,13181250
2017-09-21,1.2653,1.291,1.2602,1.2859,8518500
2017-09-22,1.2859,1.2859,1.2859,1.2859,0
2017-09-25,1.2859,1.2859,1.255,1.2705,9692400
2017-09-26,1.2705,1.2705,1.1882,1.2293,45765000
2017-09-27,1.2242,1.2345,1.2139,1.2293,7483350
2017-09-28,1.2293,1.2447,1.219,1.2242,9508500
2017-09-29,1.2242,1.3065,1.2242,1.3065,31514250
2017-10-02,1.291,1.3116,1.2705,1.3116,8881050
2017-10-03,1.3065,1.3373,1.2962,1.3373,14014800
2017-10-04,1.3425,1.3528,1.3168,1.3373,13520400
2017-10-05,1.3425,1.3425,1.327,1.3373,4322400
2017-10-06,1.3373,1.3476,1.3322,1.3476,4549050
2017-10-09,1.3373,1.3476,1.3322,1.3373,3790200
2017-10-10,1.3373,1.3425,1.327,1.327,3573450
2017-10-11,1.327,1.3528,1.327,1.3528,8226600
2017-10-12,1.3528,1.3528,1.3322,1.3373,6234150
2017-10-13,1.3373,1.363,1.3322,1.363,8107500
2017-10-16,1.363,1.4505,1.3579,1.4299,26821800
2017-10-17,1.4351,1.4505,1.4042,1.4196,19774500
2017-10-18,1.4196,1.4196,1.4196,1.4196,0
2017-10-19,1.4351,1.4505,1.4196,1.4505,15692100
2017-10-20,1.4351,1.4556,1.4248,1.4402,16668750
2017-10-23,1.4505,1.4608,1.4402,1.4556,17132850
2017-10-24,1.4556,1.4556,1.4196,1.4505,8861400
2017-10-25,1.4505,1.4762,1.4351,1.4556,17714400
2017-10-26,1.4402,1.4505,1.3888,1.3939,18837000
2017-10-27,1.399,1.4248,1.3939,1.4145,7651500
2017-10-30,1.4145,1.4608,1.4145,1.4608,10502550
2017-10-31,1.4608,1.4659,1.4351,1.4453,7659300
2017-11-01,1.4556,1.4556,1.4299,1.4402,5193450
2017-11-02,1.4402,1.4453,1.4248,1.4402,2240250
2017-11-03,1.4299,1.4453,1.4196,1.4351,4376100
2017-11-06,1.4351,1.4865,1.4351,1.4659,12449850
2017-11-07,1.4659,1.5122,1.4659,1.4968,11289450
2017-11-08,1.4968,1.5174,1.4659,1.4762,10307700
2017-11-09,1.4762,1.5019,1.4762,1.4916,14335500
2017-11-10,1.4916,1.4968,1.4608,1.4865,16461750
2017-11-13,1.4865,1.4916,1.4608,1.4762,11550750
2017-11-14,1.4762,1.4813,1.4505,1.4556,7865550
2017-11-15,1.4556,1.4659,1.4505,1.4556,6780900
2017-11-16,1.4556,1.4711,1.4556,1.4659,10337250
2017-11-17,1.4659,1.4762,1.4556,1.4556,32519550
2017-11-20,1.4608,1.5071,1.4402,1.4916,29993400
2017-11-21,1.4968,1.5019,1.4556,1.4556,27359850
2017-11-22,1.4659,1.5019,1.4608,1.4968,29224350
2017-11-23,1.4968,1.5739,1.4813,1.5688,42383550
2017-11-24,1.5688,1.5842,1.5534,1.5534,16666200
2017-11-27,1.5585,1.6151,1.5534,1.6099,14285100
2017-11-28,1.6099,1.7334,1.6099,1.6974,28196100
2017-11-29,1.7077,1.7231,1.6768,1.7025,14805900
2017-11-30,1.6974,1.6974,1.6202,1.6665,29999100
2017-12-01,1.6665,1.6665,1.6665,1.6665,0
2017-12-04,1.6665,1.6768,1.6151,1.6665,8250600
2017-12-05,1.6717,1.6717,1.5996,1.6048,11833050
2017-12-06,1.6048,1.6459,1.5688,1.5739,16986000
2017-12-07,1.5842,1.6511,1.5842,1.6305,24465900
2017-12-08,1.6408,1.6665,1.6305,1.6562,11231250
2017-12-11,1.6562,1.7128,1.6511,1.7077,9974550
2017-12-12,1.7231,1.7231,1.7077,1.7179,6304050
2017-12-13,1.7195,1.7299,1.704,1.7195,8578950
2017-12-14,1.7195,1.7299,1.704,1.7195,5195550
2017-12-15,1.7143,1.7558,1.704,1.7402,9790500
2017-12-18,1.7454,1.7868,1.735,1.7817,11676900
2017-12-19,1.7868,1.792,1.7713,1.7765,13476450
2017-12-20,1.7765,1.8024,1.7713,1.7868,9298950
2017-12-21,1.7868,1.7868,1.7609,1.7661,8754450
2017-12-22,1.7713,1.7765,1.7661,1.7661,3156000
2017-12-25,1.7661,1.7661,1.7661,1.7661,0
2017-12-26,1.7661,1.7713,1.735,1.7454,6928050
2017-12-27,1.7454,1.7765,1.7247,1.7713,6582900
2017-12-28,1.7713,1.7817,1.7609,1.7817,6413700
2017-12-29,1.7765,1.7817,1.7609,1.7609,9015000
2018-01-02,1.7609,1.7868,1.7558,1.7765,9450450
2018-01-03,1.7713,1.8645,1.7713,1.8542,23878800
2018-01-04,1.8593,1.9526,1.8593,1.937,13445400
2018-01-05,1.9267,1.9319,1.9111,1.9111,4345800
2018-01-08,1.9163,1.9785,1.9163,1.9681,10116300
2018-01-09,1.9681,1.9681,1.8904,1.8904,13692000
2018-01-10,1.8956,1.9163,1.7765,1.8024,36671700
2018-01-11,1.8024,1.8386,1.6988,1.7143,39918900
2018-01-12,1.7299,1.7713,1.6884,1.7661,29995200
2018-01-15,1.7713,1.7817,1.6832,1.6988,27652950
2018-01-16,1.6988,1.7402,1.6988,1.7195,12807900
2018-01-17,1.7143,1.7247,1.704,1.7195,7072500
2018-01-18,1.7247,1.7506,1.7247,1.7454,9726750
2018-01-19,1.7454,1.8024,1.7454,1.792,14684850
2018-01-22,1.8076,1.8231,1.7817,1.7868,8958900
2018-01-23,1.792,1.8076,1.7713,1.7713,8325000
2018-01-24,1.7817,1.7868,1.7713,1.7817,3329400
2018-01-25,1.7713,1.7817,1.7609,1.7765,8862000
2018-01-26,1.7713,1.7817,1.7609,1.7765,3703500
2018-01-29,1.7817,1.7868,1.7661,1.7713,4813500
2018-01-30,1.7868,1.8283,1.7091,1.7091,20800650
2018-02-02,1.7091,1.7454,1.6263,1.6418,25874400
2018-02-05,1.6107,1.6366,1.5434,1.6211,34650000
2018-02-06,1.5538,1.6211,1.5486,1.6211,32369400
2018-02-07,1.6574,1.7247,1.6574,1.7091,42832650
2018-02-08,1.7091,1.7247,1.6884,1.7091,8828400
2018-02-09,1.6574,1.7299,1.6263,1.7299,14065650
2018-02-12,1.7299,1.7506,1.6418,1.6625,10144350
2018-02-13,1.6781,1.7195,1.6625,1.7143,11187750
2018-02-14,1.7195,1.7299,1.6988,1.7143,3773400
2018-02-15,1.7143,1.7143,1.7143,1.7143,0
2018-02-16,1.7143,1.7143,1.7143,1.7143,0
2018-02-19,1.7817,1.8127,1.7713,1.8076,5126400
2018-02-20,1.7972,1.8127,1.7817,1.8076,5520300
2018-02-21,1.8076,1.8179,1.7817,1.792,8386950
2018-02-22,1.7817,1.7972,1.7765,1.7817,3964950
2018-02-23,1.792,1.7972,1.7661,1.7868,6041400
2018-02-26,1.7868,1.792,1.7661,1.7713,3755550
2018-02-27,1.7713,1.792,1.7661,1.7868,5792400
2018-02-28,1.7868,1.7868,1.7454,1.7506,5890800
2018-03-01,1.7454,1.7661,1.7454,1.7454,5940600
2018-03-02,1.7402,1.7402,1.6625,1.704,19616550
2018-03-05,1.7091,1.7143,1.5538,1.5745,24086250
2018-03-06,1.6315,1.6781,1.6107,1.6625,20556000
2018-03-07,1.6418,1.6522,1.6056,1.6056,17067450
2018-03-08,1.6159,1.6418,1.5952,1.6056,6779100
2018-03-09,1.6056,1.6418,1.6004,1.6418,15574650
2018-03-12,1.6522,1.6677,1.6315,1.6677,9469050
2018-03-13,1.6703,1.6703,1.6233,1.6233,11486250
2018-03-14,1.6181,1.6233,1.592,1.6181,12900300
2018-03-15,1.6025,1.6129,1.592,1.6077,10570200
2018-03-16,1.6129,1.6599,1.5972,1.6599,19570050
2018-03-19,1.6494,1.6494,1.6181,1.6338,6850350
2018-03-20,1.6286,1.6286,1.5555,1.5555,15690750
2018-03-21,1.5659,1.5868,1.472,1.4876,27917100
2018-03-22,1.5033,1.5607,1.4928,1.5242,14616300
2018-03-23,1.4824,1.4824,1.4407,1.4563,22635450
2018-03-26,1.4511,1.4772,1.4302,1.4772,15344100
2018-03-27,1.5085,1.5189,1.4928,1.5085,16893900
2018-03-28,1.4981,1.4981,1.4563,1.472,5196750
2018-03-29,1.4668,1.472,1.4511,1.4615,5584800
2018-03-30,1.4772,1.4772,1.4354,1.4354,15369450
2018-04-02,1.4407,1.4981,1.4354,1.472,6637200
2018-04-03,1.472,1.472,1.3206,1.331,24850050
2018-04-04,1.3624,1.378,1.2423,1.2475,20007750
2018-04-05,1.2841,1.3885,1.2841,1.378,17486700
2018-04-06,1.3832,1.3885,1.3363,1.3728,7493700
2018-04-09,1.3571,1.4459,1.3467,1.4146,17761650
2018-04-10,1.4146,1.5294,1.4093,1.5294,32164425
2018-04-11,1.5816,1.6755,1.5816,1.6129,24795800
2018-04-12,1.6207,1.6286,1.5346,1.5581,14468800
2018-04-13,1.5738,1.6364,1.5738,1.6207,14084200
2018-04-16,1.6051,1.6286,1.5816,1.5972,7674500
2018-04-17,1.6051,1.6051,1.4955,1.5346,12371000
2018-04-18,1.5346,1.5424,1.4876,1.5033,9100400
2018-04-19,1.5111,1.5111,1.4641,1.4798,10857800
2018-04-20,1.4563,1.4641,1.378,1.3858,15528800
2018-04-23,1.378,1.3858,1.3154,1.331,11291600
2018-04-24,1.331,1.4563,1.2997,1.4485,22064800
2018-04-25,1.4015,1.4563,1.3702,1.3937,15077500
2018-04-26,1.4015,1.425,1.378,1.3858,5550900
2018-04-27,1.4093,1.4172,1.3937,1.4015,5065700
2018-04-30,1.3858,1.3937,1.3232,1.3467,6598700
2018-05-02,1.3624,1.4328,1.3545,1.4172,11267900
2018-05-03,1.4093,1.4876,1.4093,1.4563,13016500
2018-05-04,1.4563,1.4798,1.4328,1.4328,6903700
2018-05-07,1.4485,1.4641,1.4015,1.4015,10460500
2018-05-08,1.3858,1.4641,1.378,1.4407,9970600
2018-05-14,1.472,1.5894,1.472,1.5503,20077600
2018-05-15,1.5894,1.6521,1.5738,1.6286,19380000
2018-05-16,1.6286,1.6286,1.5659,1.5738,20698800
2018-05-17,1.6051,1.6364,1.5894,1.6286,5667900
2018-05-18,1.6207,1.6286,1.5894,1.6129,4853800
2018-05-21,1.6442,1.6521,1.6129,1.6521,7449600
2018-05-22,1.6599,1.7147,1.6521,1.6912,13139700
2018-05-23,1.7069,1.746,1.699,1.7303,25569600
2018-05-24,1.7303,1.7538,1.6129,1.746,15595800
2018-05-25,1.746,1.7538,1.7303,1.746,9580900
2018-05-28,1.746,1.7695,1.7303,1.7617,12931300
2018-05-30,1.7617,1.7617,1.7617,1.7617,0
2018-05-31,1.7695,1.7695,1.7695,1.7695,0
2018-06-01,1.7852,1.8869,1.7773,1.8556,21502900
2018-06-04,1.8556,1.8635,1.8243,1.8635,9842300
2018-06-05,1.8635,1.8635,1.84,1.8556,3174800
2018-06-06,1.8604,1.8682,1.8288,1.8446,11085100
2018-06-07,1.8525,1.8761,1.8446,1.8682,10395000
2018-06-08,1.8682,1.884,1.8367,1.8525,7579700
2018-06-11,1.8367,1.8682,1.7421,1.7579,20073800
2018-06-12,1.7421,1.7973,1.7342,1.7815,12942900
2018-06-13,1.7815,1.8288,1.7579,1.7973,9873900
2018-06-14,1.7973,1.8131,1.7815,1.7815,4644300
2018-06-18,1.7736,1.8052,1.7579,1.7973,5954300
2018-06-19,1.7973,1.8209,1.7815,1.8052,11250900
2018-06-20,1.7894,1.8682,1.7894,1.8209,13770900
2018-06-21,1.8209,1.8446,1.7736,1.7973,6607900
2018-06-22,1.7894,1.7973,1.7815,1.7894,5807300
2018-06-25,1.8131,1.8367,1.8052,1.8288,6723700
2018-06-26,1.8131,1.8367,1.7973,1.8209,10982600
2018-06-27,1.8288,1.8288,1.7973,1.7973,12419300
2018-06-28,1.7894,1.8052,1.7658,1.7894,11843600
2018-06-29,1.7736,1.7894,1.75,1.7815,13204900
2018-07-02,1.7736,1.7815,1.7263,1.7342,4387300
2018-07-03,1.7342,1.7579,1.7342,1.7342,3871400
2018-07-04,1.7342,1.7736,1.7342,1.7736,3474000
2018-07-05,1.7736,1.7815,1.7579,1.7736,2947900
2018-07-06,1.7736,1.7894,1.7342,1.7342,8582600
2018-07-09,1.75,1.7894,1.7421,1.7894,3362000
2018-07-10,1.7815,1.8682,1.7736,1.8525,10234300
2018-07-11,1.8367,1.8525,1.8052,1.8288,5975200
2018-07-12,1.8288,1.8761,1.8209,1.8682,10355400
2018-07-13,1.8761,1.8761,1.8525,1.8682,8444800
2018-07-16,1.8604,1.884,1.8446,1.8525,4220700
2018-07-17,1.8525,1.8604,1.8131,1.8604,5549100
2018-07-18,1.8604,1.9077,1.8446,1.8998,18954400
2018-07-19,1.8998,1.9471,1.8998,1.8998,16728400
2018-07-20,1.8998,1.9155,1.884,1.884,5421100
2018-07-23,1.884,1.9313,1.8682,1.9234,3621000
2018-07-24,1.9313,1.9392,1.9077,1.9077,4635900
2018-07-25,1.9155,1.9471,1.9076,1.9234,14446000
2018-07-26,1.9313,1.9392,1.8998,1.9234,11929500
2018-07-27,1.9234,1.9313,1.8919,1.9313,7004900
2018-07-30,1.9155,1.9155,1.8367,1.8919,12546300
2018-07-31,1.8682,1.9313,1.8446,1.9313,22383300
2018-08-01,1.9155,1.9392,1.8919,1.9234,4178900
2018-08-02,1.9313,1.9313,1.8998,1.9077,4509300
2018-08-03,1.9077,1.9234,1.8998,1.8998,3653600
2018-08-06,1.9077,1.9313,1.9077,1.9077,5070900
2018-08-07,1.9234,1.9313,1.9076,1.9155,4614000
2018-08-08,1.9155,1.9471,1.9155,1.9392,9534800
2018-08-09,1.9471,2.018,1.9471,1.9944,19380000
2018-08-10,1.9865,1.9944,1.9549,1.9549,9599600
2018-08-13,1.9549,1.9628,1.9155,1.9313,4323400
2018-08-14,1.9155,1.9392,1.8998,1.9313,8756200
2018-08-15,1.9313,1.9549,1.9234,1.9392,6482500
2018-08-16,1.9234,1.9234,1.8682,1.8919,19255500
2018-08-17,1.8919,1.8919,1.7815,1.7973,39848200
2018-08-20,1.7973,1.8446,1.7658,1.8209,26631400
2018-08-21,1.8209,1.8288,1.7894,1.8131,7373400
2018-08-23,1.8131,1.8525,1.7973,1.8446,7727700
2018-08-24,1.8446,1.8761,1.8367,1.8761,5994500
2018-08-27,1.8761,1.8919,1.8446,1.8525,5679300
2018-08-28,1.8604,1.884,1.8604,1.8682,9018900
2018-08-29,1.8288,1.8446,1.7736,1.8131,29538200
2018-08-30,1.8131,1.8367,1.7579,1.7658,22460800
2018-09-03,1.7658,1.7736,1.7342,1.7421,12030200
2018-09-04,1.7579,1.7973,1.7421,1.7894,27796000
2018-09-05,1.7894,1.8288,1.7894,1.8052,20817600
2018-09-06,1.8052,1.8131,1.7736,1.7973,14298300
2018-09-07,1.7973,1.8052,1.7736,1.7736,3396400
2018-09-12,1.7736,1.7815,1.7342,1.7421,8438600
2018-09-13,1.7342,1.7342,1.6396,1.6712,30602100
2018-09-14,1.679,1.75,1.679,1.7421,9683700
2018-09-18,1.7342,1.7342,1.6546,1.7342,11438100
2018-09-19,1.7342,1.758,1.7262,1.7342,6579800
2018-09-20,1.7501,1.7739,1.7421,1.7501,9318500
2018-09-21,1.766,1.7819,1.7501,1.7501,8156200
2018-09-24,1.7501,1.758,1.7103,1.7262,11420900
2018-09-25,1.7182,1.766,1.7103,1.758,6523800
2018-09-26,1.758,1.7898,1.7501,1.7819,4542600
2018-09-27,1.7819,1.7898,1.766,1.766,3427400
2018-09-28,1.7739,1.8614,1.7739,1.8137,13258500
2018-10-01,1.8217,1.9012,1.8217,1.8933,9589200
2018-10-02,1.8933,1.9251,1.8773,1.8933,9056700
2018-10-03,1.9012,1.9092,1.8853,1.9012,4775800
2018-10-04,1.9012,1.9012,1.8853,1.8933,3249800
2018-10-05,1.8853,1.8933,1.8137,1.8853,5398800
2018-10-08,1.8535,1.8694,1.8137,1.8535,4095000
2018-10-09,1.8455,1.8455,1.8057,1.8137,5595100
2018-10-10,1.8137,1.8614,1.7978,1.8296,12959100
2018-10-11,1.7501,1.8057,1.7262,1.7501,14810200
2018-10-12,1.7342,1.7978,1.7342,1.7421,3841900
2018-10-15,1.758,1.7898,1.7421,1.7501,5767700
2018-10-16,1.758,1.766,1.7421,1.7501,5801300
2018-10-17,1.766,1.7898,1.7501,1.7739,9008000
2018-10-18,1.7819,1.7978,1.7739,1.7898,7575800
2018-10-19,1.7819,1.7898,1.758,1.7739,5477700
2018-10-22,1.758,1.7819,1.7501,1.7739,3904100
2018-10-23,1.758,1.7739,1.7501,1.758,3541400
2018-10-24,1.7501,1.7501,1.6148,1.6307,17293200
2018-10-25,1.5751,1.5751,1.4001,1.5353,66963300
2018-10-26,1.583,1.591,1.5035,1.5114,17892100
2018-10-29,1.5114,1.5114,1.4239,1.4319,16685300
2018-10-30,1.416,1.4796,1.408,1.4716,17705400
2018-10-31,1.4955,1.5671,1.4796,1.5591,15687000
2018-11-01,1.583,1.6228,1.5512,1.583,12288700
2018-11-02,1.583,1.583,1.5114,1.5114,24957400
2018-11-05,1.5273,1.5353,1.4955,1.5194,6962400
2018-11-07,1.4955,1.5512,1.4876,1.5353,14156800
2018-11-08,1.5512,1.5591,1.5194,1.5432,10125600
2018-11-09,1.5432,1.5432,1.4796,1.4955,7632300
2018-11-12,1.4955,1.5035,1.4796,1.4955,4516900
2018-11-13,1.4478,1.4637,1.4001,1.416,24815500
2018-11-14,1.408,1.4398,1.4001,1.408,6065300
2018-11-15,1.408,1.4398,1.3921,1.4239,12321600
2018-11-16,1.4398,1.4478,1.416,1.4239,8343700
2018-11-19,1.4239,1.4319,1.3921,1.3921,9890500
2018-11-21,1.3523,1.416,1.3523,1.3841,12515300
2018-11-22,1.3841,1.3921,1.3603,1.3603,6588600
2018-11-23,1.3603,1.3682,1.3285,1.3285,7365300
2018-11-26,1.3285,1.3762,1.3285,1.3603,5014400
2018-11-27,1.3523,1.3682,1.2728,1.2728,19361800
2018-11-28,1.2887,1.3046,1.2728,1.2807,6419800
2018-11-29,1.3046,1.3921,1.2966,1.3682,18707400
2018-11-30,1.3682,1.3762,1.3125,1.3125,7510500
2018-12-03,1.3603,1.4955,1.3603,1.4955,20577700
2018-12-04,1.5035,1.5114,1.416,1.4319,10460900
2018-12-05,1.3841,1.416,1.3523,1.408,9076600
2018-12-06,1.408,1.408,1.3603,1.3682,8158700
2018-12-07,1.3921,1.4001,1.3682,1.3682,5702100
2018-12-10,1.3603,1.3603,1.3205,1.3444,3568900
2018-12-11,1.3523,1.3762,1.3285,1.3682,7500000
2018-12-12,1.3762,1.4001,1.3523,1.3682,8711700
2018-12-13,1.3682,1.3682,1.3364,1.3444,3835100
2018-12-14,1.3364,1.3523,1.2807,1.2966,8180200
2018-12-17,1.2887,1.3125,1.2648,1.2966,3570800
2018-12-18,1.2854,1.3095,1.2452,1.3095,10855900
2018-12-19,1.3015,1.3095,1.2533,1.2613,7201500
2018-12-20,1.2452,1.2613,1.2211,1.2292,10930500
2018-12-21,1.2211,1.2452,1.2051,1.2051,13804900
2018-12-24,1.2051,1.2292,1.189,1.2051,5499500
2018-12-26,1.181,1.197,1.1408,1.1488,11950300
2018-12-27,1.197,1.2211,1.181,1.189,13113300
2018-12-28,1.189,1.2051,1.1729,1.189,10178500
2018-12-31,1.2051,1.2211,1.189,1.2051,32472000
2019-01-02,1.2051,1.2131,1.181,1.181,3082000
2019-01-03,1.0845,1.1006,0.9962,1.0203,85201900
2019-01-04,0.9801,1.0283,0.9801,0.9881,32037200
2019-01-07,1.0444,1.0845,1.0283,1.0685,33371100
2019-01-08,1.0765,1.1006,1.0685,1.0845,29883900
2019-01-09,1.0926,1.1408,1.0926,1.1328,23595400
2019-01-10,1.1488,1.1729,1.1328,1.1649,18412800
2019-01-11,1.1729,1.1729,1.1328,1.1649,6794200
2019-01-14,1.1569,1.1649,1.0765,1.0845,12477500
2019-01-15,1.0926,1.1167,1.0685,1.0765,9294100
2019-01-16,1.1006,1.1247,1.0845,1.0845,8658700
2019-01-17,1.1006,1.1247,1.0765,1.0845,15269200
2019-01-18,1.1006,1.1328,1.1006,1.1167,19109200
2019-01-22,1.1247,1.1569,1.1247,1.1488,10691200
2019-01-23,1.1408,1.1488,1.1087,1.1247,7710800
2019-01-24,1.1328,1.2051,1.1247,1.2051,14282600
2019-01-25,1.2131,1.2854,1.2131,1.2693,27435700
2019-01-28,1.2774,1.2854,1.2051,1.2131,10867200
2019-01-29,1.2131,1.2292,1.181,1.197,9650000
2019-01-30,1.2211,1.2533,1.2211,1.2452,17103800
2019-01-31,1.2693,1.2693,1.2051,1.2051,14407500
2019-02-04,1.2051,1.2051,1.2051,1.2051,0
2019-02-07,1.2372,1.2613,1.2372,1.2613,7289500
2019-02-08,1.2533,1.3015,1.2292,1.3015,10783600
2019-02-11,1.3015,1.3497,1.2854,1.3175,12146100
2019-02-12,1.3175,1.3336,1.2934,1.2934,7550300
2019-02-13,1.3095,1.3497,1.3095,1.3336,7810900
2019-02-14,1.3336,1.3416,1.3175,1.3256,6391100
2019-02-15,1.3336,1.3577,1.3256,1.3577,7808100
2019-02-18,1.3657,1.3818,1.3497,1.3577,5615300
2019-02-19,1.3577,1.3657,1.3175,1.3336,9274400
2019-02-20,1.3416,1.3577,1.3256,1.3416,8680200
2019-02-21,1.3416,1.3497,1.2854,1.2934,14947100
2019-02-22,1.2452,1.2934,1.2051,1.2051,26273700
2019-02-25,1.2372,1.2613,1.2051,1.2533,14886900
2019-02-26,1.2613,1.2774,1.2372,1.2774,19090400
2019-02-27,1.2774,1.2774,1.2533,1.2613,7797100
2019-02-28,1.2613,1.2613,1.2452,1.2613,3981900
2019-03-01,1.2613,1.2774,1.2452,1.2774,4871200
2019-03-04,1.2693,1.2854,1.2613,1.2693,4740600
2019-03-05,1.2613,1.2693,1.2452,1.2693,2935500
2019-03-06,1.2693,1.3416,1.2693,1.3416,12661200
2019-03-07,1.3416,1.3497,1.3095,1.3336,8505500
2019-03-08,1.3336,1.3416,1.3175,1.3416,7210500
2019-03-11,1.3336,1.3416,1.2693,1.2693,7195900
2019-03-12,1.2934,1.3095,1.2774,1.2774,4591500
2019-03-13,1.2733,1.2895,1.2084,1.2571,7932000
2019-03-14,1.249,1.249,1.176,1.2003,16884700
2019-03-15,1.2084,1.2409,1.2084,1.2246,7688800
2019-03-18,1.2246,1.2895,1.2246,1.2733,13809000
2019-03-19,1.2652,1.2733,1.2246,1.2328,5161600
2019-03-20,1.2409,1.2571,1.2246,1.249,6777300
2019-03-21,1.2409,1.249,1.2246,1.2409,2088300
2019-03-22,1.2571,1.3139,1.249,1.3057,16976400
2019-03-25,1.2814,1.2895,1.2652,1.2652,3200400
2019-03-26,1.2733,1.3057,1.2733,1.3057,5224900
2019-03-27,1.3057,1.3139,1.2895,1.3057,4101100
2019-03-28,1.2976,1.2976,1.2571,1.2976,4718900
2019-03-29,1.2976,1.3057,1.2652,1.2733,3472100
2019-04-01,1.2895,1.3057,1.2733,1.2814,2332700
2019-04-02,1.2976,1.322,1.2814,1.3139,8233800
2019-04-03,1.3139,1.3382,1.3139,1.322,7578000
2019-04-04,1.3301,1.3382,1.322,1.3301,5813500
2019-04-05,1.3301,1.3625,1.3301,1.3544,16175300
2019-04-08,1.3544,1.3625,1.3301,1.3382,4850200
2019-04-09,1.3463,1.3544,1.3301,1.3463,8281800
2019-04-10,1.3463,1.3544,1.3301,1.3544,9396200
2019-04-11,1.3544,1.3625,1.3057,1.3301,6442600
2019-04-12,1.322,1.3463,1.322,1.3463,8991200
2019-04-15,1.3463,1.4517,1.3463,1.4355,46733800
2019-04-16,1.4355,1.4679,1.4193,1.4517,16335100
2019-04-17,1.4517,1.4679,1.4193,1.4355,11427800
2019-04-18,1.4436,1.5004,1.4355,1.4842,34891100
2019-04-19,1.4923,1.5085,1.4355,1.4436,14350400
2019-04-22,1.4436,1.5085,1.4436,1.5004,19223400
2019-04-23,1.4923,1.5004,1.4679,1.4842,8725200
2019-04-24,1.4842,1.4923,1.4436,1.4598,10995800
2019-04-25,1.4679,1.4923,1.4517,1.4517,12987400
2019-04-26,1.4598,1.4598,1.4193,1.4355,8560300
2019-04-29,1.4355,1.4436,1.3868,1.395,11359300
2019-04-30,1.395,1.4112,1.3787,1.4031,7129800
2019-05-02,1.3868,1.395,1.3463,1.3544,9491000
2019-05-03,1.3463,1.3787,1.3463,1.3625,5035500
2019-05-06,1.3463,1.3463,1.2814,1.3057,9443600
2019-05-07,1.322,1.3706,1.3139,1.3706,4930700
2019-05-08,1.3463,1.3625,1.3301,1.3463,3358000
2019-05-09,1.3463,1.3544,1.2733,1.2814,12087600
2019-05-10,1.2976,1.322,1.2409,1.2571,13816100
2019-05-13,1.2571,1.2652,1.2003,1.2165,8251800
2019-05-14,1.1922,1.2165,1.1516,1.2165,13119600
2019-05-15,1.2328,1.2733,1.2328,1.2733,7178400
2019-05-16,1.2733,1.2814,1.2409,1.2409,4335300
2019-05-17,1.2571,1.2652,1.2084,1.2165,7371800
2019-05-21,1.176,1.176,1.1273,1.1354,17304300
2019-05-23,1.1435,1.1435,1.0462,1.0705,24413400
2019-05-24,1.03,1.1435,1.03,1.1273,25345700
2019-05-27,1.1354,1.176,1.1111,1.1679,10145700
2019-05-28,1.1679,1.2246,1.1598,1.2246,18682500
2019-05-29,1.2084,1.2165,1.176,1.1922,8921200
2019-05-30,1.2003,1.2003,1.1598,1.1841,9896300
2019-05-31,1.1841,1.2571,1.1679,1.249,13684100
2019-06-03,1.2328,1.249,1.2165,1.2409,4317600
2019-06-04,1.2328,1.2409,1.2165,1.2328,3716000
2019-06-05,1.2328,1.2328,1.2328,1.2328,0
2019-06-06,1.2328,1.2328,1.2328,1.2328,0
2019-06-07,1.249,1.249,1.2246,1.2409,5496200
2019-06-10,1.249,1.2895,1.249,1.2733,10248200
2019-06-11,1.2814,1.3057,1.2652,1.2895,10119800
2019-06-12,1.2976,1.3057,1.2814,1.2895,3281800
2019-06-13,1.2977,1.2977,1.265,1.2814,9220900
2019-06-14,1.2732,1.2732,1.1834,1.1916,35132300
2019-06-17,1.1834,1.1997,1.1753,1.1834,10034300
2019-06-18,1.1916,1.1997,1.1589,1.1589,9011300
2019-06-19,1.1997,1.2324,1.1834,1.2161,19782100
2019-06-20,1.2161,1.2732,1.2079,1.265,19484400
2019-06-21,1.2732,1.3058,1.265,1.2977,21019700
2019-06-24,1.2977,1.2977,1.2569,1.2814,5984800
2019-06-25,1.2814,1.2977,1.265,1.2732,5734100
2019-06-26,1.2732,1.2814,1.2569,1.2569,8125800
2019-06-27,1.265,1.3303,1.265,1.3058,11998700
2019-06-28,1.3058,1.314,1.2895,1.3058,5594400
2019-07-01,1.3875,1.4364,1.3467,1.3548,29816100
2019-07-02,1.363,1.3793,1.3385,1.3467,11888800
2019-07-03,1.3467,1.363,1.3303,1.3385,6477000
2019-07-04,1.3467,1.3467,1.3058,1.314,10510200
2019-07-05,1.3222,1.3711,1.3222,1.3548,17150100
2019-07-08,1.363,1.363,1.3303,1.3467,10620300
2019-07-09,1.3467,1.3548,1.3303,1.3467,11520000
2019-07-10,1.3467,1.3793,1.3385,1.3467,7624200
2019-07-11,1.3548,1.3711,1.3385,1.3548,6511000
2019-07-12,1.3548,1.3711,1.3222,1.3303,8219000
2019-07-15,1.3385,1.3467,1.3222,1.3303,5293700
2019-07-16,1.3385,1.363,1.3303,1.3548,12394600
2019-07-17,1.3548,1.3548,1.2977,1.3222,17727000
2019-07-18,1.3222,1.3222,1.2732,1.2977,13814500
2019-07-19,1.2977,1.314,1.2977,1.314,2779400
2019-07-22,1.3058,1.3303,1.2895,1.3222,6747500
2019-07-23,1.3303,1.3385,1.314,1.3303,9078300
2019-07-24,1.3385,1.3875,1.3385,1.363,22858400
2019-07-25,1.3711,1.3793,1.3548,1.3711,11788800
2019-07-26,1.3711,1.3793,1.3467,1.363,6513700
2019-07-29,1.3548,1.3711,1.3467,1.363,2512900
2019-07-31,1.363,1.363,1.3385,1.3467,7196900
2019-08-01,1.3303,1.3467,1.314,1.3303,6198600
2019-08-02,1.2977,1.314,1.2732,1.3058,14019900
2019-08-05,1.2895,1.2977,1.2487,1.265,11575000
2019-08-06,1.2242,1.2569,1.1834,1.2487,18454800
2019-08-07,1.2569,1.2732,1.2487,1.265,8162700
2019-08-08,1.265,1.2895,1.265,1.2732,4029800
2019-08-09,1.2814,1.3058,1.2814,1.2977,7331700
2019-08-13,1.2895,1.2977,1.2406,1.2406,11131700
2019-08-14,1.3058,1.3222,1.2814,1.2977,10101700
2019-08-15,1.2487,1.3222,1.2406,1.2977,12565900
2019-08-16,1.2977,1.314,1.2977,1.3058,1893700
2019-08-19,1.314,1.314,1.2814,1.2895,3661600
2019-08-20,1.2814,1.2977,1.2814,1.2977,2948700
2019-08-21,1.2895,1.2977,1.2895,1.2977,2353300
2019-08-22,1.2977,1.3222,1.2895,1.3058,5171800
2019-08-23,1.3058,1.3467,1.3058,1.3303,10842900
2019-08-26,1.2977,1.3058,1.2732,1.3058,5513700
2019-08-27,1.314,1.3222,1.2814,1.2814,2262000
2019-08-28,1.2814,1.2977,1.265,1.2977,5389000
2019-08-29,1.2814,1.314,1.2406,1.3058,13893000
2019-08-30,1.3058,1.3303,1.3058,1.3303,3774800
2019-09-03,1.3222,1.3303,1.3058,1.3222,1713900
2019-09-04,1.3222,1.3303,1.314,1.3222,2076100
2019-09-05,1.3222,1.3548,1.3222,1.3385,6891800
2019-09-06,1.3548,1.3875,1.3548,1.3711,13072100
2019-09-10,1.363,1.4201,1.3548,1.4119,14780800
2019-09-11,1.4119,1.4201,1.3875,1.4119,10003800
2019-09-12,1.4283,1.4364,1.3956,1.4119,19005700
2019-09-13,1.4119,1.4201,1.3956,1.4201,9276600
2019-09-17,1.4201,1.4283,1.4038,1.4119,7837400
2019-09-18,1.4119,1.4446,1.4038,1.4446,12758800
2019-09-19,1.4454,1.4618,1.4372,1.4454,11859700
2019-09-20,1.4454,1.4618,1.4454,1.4618,9788300
2019-09-23,1.4536,1.4618,1.4372,1.4618,6593800
2019-09-24,1.4536,1.4618,1.4454,1.4618,6012200
2019-09-25,1.4536,1.4618,1.4454,1.4618,6211000
2019-09-26,1.4618,1.5275,1.4618,1.5111,36684900
2019-09-27,1.5111,1.5358,1.4865,1.4947,12685200
2019-09-30,1.4865,1.5193,1.4701,1.4947,9000300
2019-10-01,1.4947,1.5686,1.4947,1.5604,13404200
2019-10-02,1.544,1.5604,1.5358,1.5522,7670500
2019-10-03,1.5358,1.5686,1.5111,1.5686,7070200
2019-10-04,1.5686,1.6097,1.5686,1.6015,23860700
2019-10-07,1.5932,1.6754,1.5932,1.6425,25656600
2019-10-08,1.6589,1.6672,1.6343,1.6425,13546100
2019-10-09,1.6261,1.6261,1.585,1.5932,20434400
2019-10-10,1.5932,1.6015,1.5522,1.5604,17281500
2019-10-11,1.5604,1.6425,1.5604,1.6343,21267000
2019-10-14,1.6425,1.6672,1.6179,1.6425,10478200
2019-10-15,1.6343,1.6425,1.6179,1.6343,6242200
2019-10-16,1.6425,1.6589,1.6179,1.6179,13950800
2019-10-17,1.6179,1.6507,1.6015,1.6425,9288200
2019-10-18,1.6343,1.6672,1.6179,1.6507,23167900
2019-10-21,1.6507,1.6918,1.6425,1.6754,29468400
2019-10-22,1.6836,1.7164,1.6836,1.7082,17451700
2019-10-23,1.7,1.7164,1.6836,1.6918,14759900
2019-10-24,1.7,1.7164,1.6836,1.7,10359400
2019-10-25,1.6918,1.7,1.6507,1.6589,14033900
2019-10-29,1.6589,1.6918,1.6507,1.6507,8524500
2019-10-30,1.6425,1.6507,1.6179,1.6343,8281800
2019-10-31,1.6425,1.6425,1.6015,1.6179,11783800
2019-11-01,1.6261,1.6589,1.6261,1.6343,9630900
2019-11-04,1.6343,1.6507,1.6097,1.6261,7717500
2019-11-05,1.6343,1.6589,1.6261,1.6507,9353100
2019-11-06,1.6589,1.6672,1.6507,1.6507,10935300
2019-11-07,1.6507,1.6754,1.6425,1.6754,9710600
2019-11-08,1.6754,1.7,1.6672,1.6754,9673800
2019-11-11,1.6754,1.6754,1.6425,1.6589,4259800
2019-11-12,1.6589,1.6672,1.6097,1.6261,9865900
2019-11-13,1.6261,1.6261,1.6015,1.6261,3113000
2019-11-14,1.6261,1.6261,1.585,1.585,6563600
2019-11-15,1.585,1.6015,1.5768,1.585,7409200
2019-11-18,1.6015,1.6179,1.585,1.6015,8928400
2019-11-19,1.6015,1.6097,1.585,1.6015,3463600
2019-11-20,1.6015,1.6261,1.6015,1.6097,12535400
2019-11-21,1.6097,1.6179,1.5932,1.6097,3994100
2019-11-22,1.6097,1.6179,1.6015,1.6097,8310600
2019-11-25,1.6097,1.6097,1.585,1.5932,5234500
2019-11-26,1.5932,1.6179,1.585,1.6015,13548700
2019-11-27,1.585,1.5932,1.5358,1.5358,20417300
2019-11-28,1.5358,1.5522,1.4865,1.5111,14676400
2019-11-29,1.5111,1.5111,1.4783,1.4947,9016300
2019-12-02,1.5029,1.5275,1.4947,1.5029,3833200
2019-12-03,1.5029,1.5029,1.4701,1.4701,5548100
2019-12-04,1.4618,1.4947,1.4618,1.4783,3379200
2019-12-05,1.5111,1.5358,1.5029,1.5111,14515200
2019-12-06,1.5193,1.5358,1.5111,1.5275,4240300
2019-12-09,1.5358,1.5686,1.5358,1.5358,4460100
2019-12-10,1.5522,1.5522,1.5193,1.5275,2390900
2019-12-11,1.5275,1.5358,1.5111,1.5193,4198600
2019-12-12,1.5275,1.5686,1.5193,1.5686,5439100
2019-12-13,1.5686,1.6015,1.5358,1.5768,9343100
2019-12-16,1.585,1.585,1.544,1.5604,7559100
2019-12-17,1.5604,1.5604,1.5522,1.5604,6839600
2019-12-18,1.5629,1.5629,1.5215,1.5546,8164500
2019-12-19,1.5463,1.5546,1.3148,1.3313,279492500
2019-12-20,1.3148,1.3892,1.3065,1.3561,92103500
2019-12-23,1.3644,1.3644,1.3231,1.3479,26579700
2019-12-24,1.3479,1.3561,1.3313,1.3396,18862000
2019-12-26,1.3479,1.4058,1.3396,1.4058,36267900
2019-12-27,1.4058,1.414,1.3809,1.3892,16565400
2019-12-30,1.3892,1.4471,1.3809,1.4388,20036400
2019-12-31,1.4223,1.4306,1.3975,1.4058,11521300
2020-01-02,1.4058,1.4471,1.4058,1.4306,18220800
2020-01-03,1.4388,1.4636,1.4306,1.4388,18027200
2020-01-06,1.4388,1.4388,1.3975,1.4058,9652700
2020-01-07,1.4223,1.4306,1.4058,1.414,3289300
2020-01-08,1.3975,1.4058,1.3727,1.3975,8921000
2020-01-09,1.414,1.4306,1.4058,1.4223,8954900
2020-01-10,1.4306,1.4306,1.4058,1.4223,10080800
2020-01-13,1.4306,1.4636,1.414,1.4306,13652100
2020-01-14,1.4388,1.4471,1.4223,1.4388,11462900
2020-01-15,1.4388,1.4388,1.4058,1.4223,5229100
2020-01-16,1.4223,1.4388,1.4058,1.4223,6890000
2020-01-17,1.4306,1.4388,1.4058,1.414,12778500
2020-01-20,1.414,1.4388,1.414,1.4306,9881800
2020-01-21,1.4306,1.4388,1.4223,1.4306,6953700
2020-01-22,1.4306,1.4719,1.4223,1.4636,13862600
2020-01-23,1.4636,1.4719,1.4471,1.4554,7293700
2020-01-24,1.4719,1.5877,1.4719,1.5711,31356000
2020-01-28,1.5298,1.5381,1.4802,1.4967,18974400
2020-01-29,1.5215,1.5794,1.5133,1.5629,24094900
2020-01-30,1.5463,1.5546,1.4884,1.4967,13880500
2020-01-31,1.5133,1.5215,1.4388,1.4554,17354600
2020-02-03,1.414,1.4471,1.3727,1.4223,22121500
2020-02-04,1.4306,1.4884,1.4223,1.4636,18339600
2020-02-05,1.4719,1.4967,1.4636,1.4884,10132800
2020-02-06,1.4884,1.505,1.4719,1.4884,6610600
2020-02-07,1.4884,1.505,1.4554,1.4802,10601800
2020-02-10,1.4719,1.4719,1.4388,1.4388,14403900
2020-02-11,1.4554,1.4554,1.414,1.4306,11259400
2020-02-12,1.4306,1.4636,1.4223,1.4471,14539400
2020-02-13,1.4471,1.4967,1.4471,1.4636,13693900
2020-02-14,1.4719,1.4719,1.4306,1.4388,7977700
2020-02-17,1.4388,1.4471,1.4223,1.4388,7304500
2020-02-18,1.4306,1.4306,1.3892,1.4058,15772300
2020-02-19,1.3975,1.4058,1.3644,1.3644,14019100
2020-02-20,1.3809,1.3892,1.3727,1.3892,9867400
2020-02-21,1.3892,1.3892,1.3644,1.3644,7600700
2020-02-24,1.3313,1.3479,1.2983,1.3231,18780200
2020-02-25,1.2983,1.3644,1.2817,1.3561,9219800
2020-02-26,1.3065,1.3231,1.2734,1.2983,38636000
2020-02-27,1.2983,1.2983,1.2569,1.2569,11500400
2020-02-28,1.2321,1.2321,1.166,1.166,28252600
2020-03-02,1.1494,1.199,1.1411,1.166,16368800
2020-03-03,1.199,1.2238,1.1908,1.2073,8689900
2020-03-04,1.1825,1.199,1.166,1.1825,19293800
2020-03-05,1.199,1.2156,1.1742,1.1825,11577500
2020-03-06,1.1742,1.1825,1.1577,1.166,6541100
2020-03-09,1.1329,1.1411,1.0502,1.0667,36607000
2020-03-10,1.0419,1.1081,1.0254,1.0998,26414000
2020-03-11,1.1163,1.1329,1.075,1.1246,12929000
2020-03-12,1.0998,1.1081,1.0585,1.075,16663800
2020-03-13,1.0254,1.0915,0.951,1.0585,30639600
2020-03-16,1.0171,1.0171,0.9096,0.9179,25371800
2020-03-17,0.8344,0.9346,0.751,0.9179,34636400
2020-03-18,0.9262,0.9596,0.8928,0.9179,17790300
2020-03-19,0.9012,0.9179,0.8303,0.8678,19980000
2020-03-20,0.8762,0.9846,0.8762,0.9596,18146700
2020-03-23,0.8762,0.9262,0.8595,0.8678,14775500
2020-03-24,0.9179,0.9429,0.8845,0.9346,9623900
2020-03-25,0.9846,1.0097,0.8762,0.9429,21097700
2020-03-26,0.9429,0.9763,0.9179,0.9429,6312400
2020-03-27,0.9763,1.0013,0.9679,0.9846,11021600
2020-03-30,0.9846,1.0013,0.9429,0.9513,8745000
2020-03-31,0.9763,1.0347,0.9679,1.0347,13952800
2020-04-01,1.018,1.0931,1.0097,1.0097,10722600
2020-04-02,1.0013,1.0597,1.0013,1.0597,3861800
2020-04-03,1.0681,1.0764,1.018,1.0264,2744200
2020-04-06,1.043,1.0764,1.0264,1.0764,3564900
2020-04-07,1.1015,1.1432,1.0931,1.1432,14021700
2020-04-08,1.1265,1.1515,1.1098,1.1348,5870300
2020-04-09,1.1515,1.1682,1.1348,1.1348,8031300
2020-04-10,1.1432,1.1432,1.1181,1.1265,3723000
2020-04-13,1.1265,1.1432,1.0848,1.0931,7116200
2020-04-14,1.1015,1.1599,1.1015,1.1432,4039500
2020-04-15,1.1599,1.2016,1.1599,1.1849,10792500
2020-04-16,1.1682,1.1849,1.1599,1.1682,13187700
2020-04-17,1.1932,1.2516,1.1766,1.2183,27344500
2020-04-20,1.2266,1.2516,1.2016,1.2099,11475300
2020-04-21,1.1849,1.2099,1.1515,1.1515,11729600
2020-04-22,1.1265,1.1682,1.1181,1.1599,9066100
2020-04-23,1.1682,1.1849,1.1599,1.1599,6803400
2020-04-24,1.1599,1.1932,1.1515,1.1849,3643900
2020-04-27,1.1849,1.1932,1.1682,1.1682,2198500
2020-04-28,1.1682,1.1682,1.1181,1.1265,12630200
2020-04-29,1.1265,1.1682,1.1265,1.1432,12123700
2020-04-30,1.1599,1.2016,1.1515,1.1849,16014600
2020-05-04,1.1682,1.1682,1.1432,1.1432,9581600
2020-05-05,1.1599,1.1766,1.1432,1.1682,11110600
2020-05-06,1.1599,1.1766,1.1432,1.1515,7208100
2020-05-08,1.1599,1.1766,1.1515,1.1515,12247400
2020-05-12,1.1682,1.1849,1.1599,1.1766,5399100
2020-05-13,1.1599,1.1766,1.1432,1.1682,6886700
2020-05-14,1.1599,1.1682,1.1348,1.1432,6775600
2020-05-15,1.1515,1.1599,1.1432,1.1599,4142800
2020-05-18,1.1682,1.1682,1.1265,1.1348,7790600
2020-05-19,1.1515,1.1599,1.1348,1.1515,8464400
2020-05-20,1.1432,1.2099,1.1432,1.1849,19629000
2020-05-21,1.2016,1.2099,1.1766,1.2016,11617700
2020-05-22,1.1849,1.1849,1.1515,1.1682,6389500
2020-05-27,1.1766,1.1849,1.1599,1.1682,7250700
2020-05-28,1.1766,1.2183,1.1515,1.1849,14999900
2020-05-29,1.1932,1.2433,1.1766,1.2433,13362800
2020-06-02,1.2433,1.2433,1.2433,1.2433,0
2020-06-03,1.2934,1.3685,1.2767,1.3351,29979800
2020-06-04,1.3351,1.3434,1.2934,1.3101,17648200
2020-06-05,1.3101,1.3184,1.285,1.2934,8856500
2020-06-09,1.3184,1.3685,1.3017,1.3267,22190600
2020-06-10,1.3518,1.4352,1.3434,1.4269,27514700
2020-06-11,1.4352,1.4519,1.3768,1.4185,22836700
2020-06-12,1.3351,1.4352,1.2934,1.4269,26046900
2020-06-15,1.4269,1.4353,1.301,1.3346,14190500
2020-06-16,1.3765,1.4185,1.3765,1.4101,10553300
2020-06-17,1.4353,1.4521,1.4017,1.4101,9530500
2020-06-18,1.4017,1.4017,1.3681,1.3765,6570300
2020-06-19,1.3849,1.4101,1.3597,1.3765,7158200
2020-06-22,1.3849,1.3933,1.3765,1.3765,2413300
2020-06-23,1.3849,1.4017,1.3513,1.3597,5992100
2020-06-24,1.3681,1.4269,1.3597,1.4017,7789400
2020-06-25,1.3849,1.4017,1.3765,1.3849,4559800
2020-06-26,1.3933,1.4521,1.3849,1.4101,11798800
2020-06-29,1.4101,1.4101,1.3597,1.3849,5235500
2020-06-30,1.3933,1.4437,1.3933,1.4185,9871500
2020-07-01,1.4269,1.494,1.4185,1.4521,24260200
2020-07-02,1.4688,1.5024,1.4605,1.494,11013600
2020-07-03,1.494,1.536,1.4772,1.494,27543500
2020-07-06,1.5024,1.5864,1.5024,1.5528,22631100
2020-07-07,1.578,1.6031,1.5276,1.5528,11127700
2020-07-08,1.5528,1.5696,1.536,1.5528,5722000
2020-07-09,1.5612,1.6199,1.5528,1.5947,17405300
2020-07-10,1.578,1.5864,1.5192,1.536,18913800
2020-07-13,1.5612,1.5696,1.536,1.536,7402300
2020-07-14,1.5444,1.5612,1.5108,1.5528,12417900
2020-07-15,1.5612,1.5612,1.5276,1.536,8684500
2020-07-16,1.536,1.5444,1.494,1.5108,6776700
2020-07-17,1.5024,1.5108,1.4521,1.4688,21369800
2020-07-20,1.4772,1.5192,1.4688,1.5024,10085900
2020-07-21,1.5192,1.6115,1.5192,1.578,22658700
2020-07-22,1.5864,1.6115,1.536,1.536,11590400
2020-07-23,1.5612,1.5947,1.5528,1.578,11513000
2020-07-24,1.5696,1.5696,1.5276,1.536,9315900
2020-07-27,1.5444,1.5696,1.5192,1.5612,12618800
2020-07-28,1.5864,1.6871,1.578,1.6619,38204600
2020-07-29,1.6787,1.729,1.6451,1.6787,19677700
2020-07-30,1.7123,1.8298,1.7039,1.7794,38133700
2020-08-03,1.8382,1.9473,1.8382,1.9305,49428900
2020-08-04,1.9976,2.0144,1.9473,1.9892,33310600
2020-08-05,1.9976,2.0144,1.9137,1.9725,31115700
2020-08-06,1.9641,1.9976,1.9305,1.9725,17309900
2020-08-07,1.9725,1.9725,1.8717,1.8717,16257200
2020-08-10,1.8717,1.8717,1.729,1.7626,40535200
2020-08-11,1.7878,1.8466,1.771,1.8046,15168800
2020-08-12,1.7794,1.7878,1.5947,1.7542,15376400
2020-08-13,1.7794,1.8046,1.7458,1.7626,5822700
2020-08-14,1.7626,1.7626,1.6787,1.729,12700200
2020-08-17,1.7207,1.7626,1.6787,1.729,8137900
2020-08-18,1.7542,1.7542,1.7039,1.7207,11614100
2020-08-19,1.729,1.813,1.7207,1.7626,13883000
2020-08-21,1.771,1.8885,1.7626,1.8717,20604900
2020-08-24,1.8885,1.9305,1.8298,1.8801,12614800
2020-08-25,1.8801,1.8969,1.7962,1.8214,11762200
2020-08-26,1.8214,1.8633,1.8046,1.8466,5544900
2020-08-27,1.8549,1.8885,1.8214,1.8801,10682600
2020-08-28,1.8801,1.9557,1.8633,1.8885,17909100
2020-09-01,1.8969,1.9473,1.8549,1.9221,11435300
2020-09-02,1.9473,1.9725,1.9137,1.9305,9091200
2020-09-03,1.9473,1.9725,1.9137,1.9305,13292200
2020-09-04,1.8549,1.9053,1.8466,1.8549,18140600
2020-09-07,1.8466,1.8969,1.771,1.8214,10209200
2020-09-08,1.8214,1.8382,1.7207,1.7374,12125100
2020-09-09,1.6955,1.771,1.6619,1.7626,18412200
2020-09-10,1.7794,1.7878,1.6871,1.729,16203900
2020-09-11,1.7039,1.8549,1.6871,1.813,15752400
2020-09-14,1.8391,1.8644,1.7969,1.8391,8746300
2020-09-15,1.856,1.856,1.7885,1.8054,4130800
2020-09-17,1.8054,1.8223,1.7885,1.8138,3942100
2020-09-18,1.8138,1.8223,1.7885,1.8138,4518400
2020-09-21,1.7969,1.856,1.7969,1.8138,4984100
2020-09-22,1.8138,1.8391,1.7969,1.8391,3926300
2020-09-23,1.8476,1.8813,1.7969,1.8307,11420000
2020-09-24,1.8223,1.8307,1.7801,1.8307,10080800
2020-09-25,1.8391,1.8982,1.8223,1.8982,10573200
2020-09-28,1.8982,1.9404,1.8982,1.9319,9868700
2020-09-29,1.9404,2.0079,1.9319,1.9488,19891400
2020-09-30,1.9488,1.9488,1.9066,1.9235,10424400
2020-10-01,1.9235,1.9741,1.9151,1.9488,6346500
2020-10-02,1.9488,1.9488,1.8897,1.9235,9734900
2020-10-05,1.9066,1.9572,1.9066,1.9235,5187100
2020-10-06,1.9404,1.9741,1.9404,1.9488,11523500
2020-10-07,1.9488,2.0922,1.9151,2.0753,25536900
2020-10-08,2.0753,2.1007,2.0416,2.1007,11716700
2020-10-09,2.1007,2.1091,2.0669,2.0838,7531400
2020-10-12,2.0838,2.1091,2.0669,2.0838,14671700
2020-10-13,2.0922,2.1428,2.0838,2.1007,19044300
2020-10-14,2.1007,2.1175,2.0332,2.05,20404700
2020-10-15,2.05,2.0922,1.9994,2.0247,17883600
2020-10-16,2.0247,2.1175,2.0163,2.0838,21365800
2020-10-19,2.0922,2.2356,2.0753,2.1597,29807300
2020-10-20,2.1681,2.2103,2.1344,2.2103,23529300
2020-10-21,2.2103,2.2778,2.1935,2.2441,24873100
2020-10-22,2.2441,2.2778,2.1597,2.1597,16922400
2020-10-23,2.185,2.2525,2.185,2.1935,21158700
2020-10-26,2.2188,2.2188,2.126,2.1513,12146200
2020-10-27,2.1681,2.2103,2.1344,2.1681,14091300
2020-10-28,2.1681,2.2019,2.1428,2.1766,7555800
2020-10-30,2.1681,2.185,2.0416,2.1428,16656500
2020-11-02,2.126,2.1344,2.0416,2.1091,10847600
2020-11-03,2.1175,2.1513,2.0838,2.0838,10584300
2020-11-04,2.1007,2.1681,2.1007,2.1428,14328800
2020-11-05,2.1513,2.2525,2.1513,2.2356,16107800
2020-11-06,2.2525,2.3369,2.2525,2.2609,20541700
2020-11-09,2.2863,2.3031,2.2525,2.2778,10534300
2020-11-10,2.2609,2.2609,2.2188,2.2356,13109000
2020-11-11,2.2103,2.2609,2.1681,2.1766,12805500
2020-11-12,2.2019,2.2356,2.1935,2.1935,9905600
2020-11-13,2.2019,2.2694,2.185,2.2525,7623300
2020-11-16,2.2609,2.3369,2.2525,2.2609,14501500
2020-11-17,2.2778,2.2778,2.2272,2.2356,13860000
2020-11-18,2.2441,2.2778,2.1935,2.1935,10871400
2020-11-19,2.2019,2.2694,2.1935,2.2019,13175400
2020-11-20,2.2019,2.2525,2.1935,2.2103,8633400
2020-11-23,2.2103,2.2356,2.1766,2.185,11736900
2020-11-24,2.185,2.185,2.0838,2.0838,20599100
2020-11-25,2.1766,2.2778,2.1007,2.2525,45634000
2020-11-26,2.2609,2.32,2.2188,2.2356,21528500
2020-11-27,2.2441,2.2947,2.2441,2.2525,9935200
2020-11-30,2.2778,2.32,2.2525,2.2609,14356200
2020-12-01,2.2778,2.2863,2.2441,2.2609,4102000
2020-12-02,2.2863,2.32,2.2441,2.2441,14563700
2020-12-03,2.2609,2.3116,2.2441,2.2525,10775500
2020-12-04,2.2609,2.2694,2.2188,2.2356,8374300
2020-12-07,2.2356,2.2441,2.1935,2.2019,7967400
2020-12-08,2.2019,2.2356,2.1935,2.2103,14066200
2020-12-09,2.2272,2.2778,2.1935,2.2103,18188700
2020-12-10,2.2103,2.2356,2.1766,2.1935,9362400
2020-12-11,2.1935,2.2019,2.1344,2.1597,11392300
2020-12-14,2.1597,2.1597,2.0585,2.0838,10757400
2020-12-15,2.0838,2.1178,2.0583,2.0923,24644900
2020-12-16,2.1263,2.2284,2.1093,2.2114,18694600
2020-12-17,2.2114,2.2539,2.1858,2.2369,14279700
2020-12-18,2.2369,2.2539,2.1944,2.2029,9716400
2020-12-21,2.2114,2.2114,2.1773,2.1944,4958300
2020-12-22,2.1858,2.2029,2.1518,2.2029,6339800
2020-12-23,2.2029,2.2624,2.1858,2.2199,6864700
2020-12-24,2.2454,2.2454,2.2114,2.2369,3880900
2020-12-28,2.2454,2.2794,2.2454,2.2794,8121900
2020-12-29,2.2794,2.3389,2.2709,2.3389,13346800
2020-12-30,2.3304,2.3985,2.2964,2.3985,15898300
2020-12-31,2.3815,2.407,2.3474,2.3474,8897600
2021-01-04,2.3474,2.3645,2.2794,2.3134,8304000
2021-01-05,2.3049,2.3049,2.2879,2.2964,5379000
2021-01-06,2.3134,2.3645,2.2029,2.2114,26611700
2021-01-07,2.2199,2.2539,2.1688,2.2454,9578500
2021-01-08,2.2624,2.2879,2.1944,2.2284,15520200
2021-01-11,2.2114,2.2709,2.1858,2.2624,10067600
2021-01-12,2.2454,2.2794,2.2029,2.2709,16130000
2021-01-13,2.2709,2.373,2.2624,2.3389,33770400
2021-01-14,2.3474,2.5005,2.3474,2.424,51903000
2021-01-15,2.441,2.5005,2.4325,2.475,34656300
2021-01-18,2.475,2.5516,2.458,2.5261,39965400
2021-01-19,2.5261,2.5771,2.475,2.5431,30454400
2021-01-20,2.5516,2.6196,2.5346,2.6196,34377700
2021-01-21,2.6366,2.6451,2.5431,2.5686,26680800
2021-01-22,2.5856,2.7472,2.5516,2.7472,51868200
2021-01-25,2.7132,2.7472,2.6451,2.6792,22511300
2021-01-26,2.7217,2.8067,2.6962,2.8067,34820800
2021-01-27,2.8067,2.9853,2.8067,2.9428,52834600
2021-01-29,2.9343,2.9598,2.8408,2.8918,31241600
2021-02-02,2.9258,2.9598,2.8918,2.9173,17174500
2021-02-03,2.9173,3.0874,2.9173,2.9768,30349000
2021-02-04,3.0024,3.0534,2.9428,3.0109,15417900
2021-02-05,3.0109,3.0534,2.9598,2.9683,10165900
2021-02-08,2.9768,2.9853,2.8663,2.8748,18312400
2021-02-09,2.8748,2.9513,2.8578,2.9173,17146300
2021-02-10,2.9173,2.9343,2.8578,2.8833,10021100
2021-02-11,2.8833,2.9173,2.8578,2.9003,11715100
2021-02-15,2.9173,3.0109,2.9088,2.9938,16785000
2021-02-16,3.0194,3.0449,2.9768,3.0024,16169500
2021-02-17,2.9938,3.0024,2.8918,2.9088,22329600
2021-02-18,2.9173,2.9258,2.8152,2.8493,23628600
2021-02-19,2.8493,2.9173,2.8493,2.8918,10737700
2021-02-22,2.9173,2.9513,2.8493,2.8748,7139400
2021-02-23,2.8578,2.8918,2.8152,2.8918,20828600
2021-02-24,2.9003,2.9003,2.7897,2.7897,15758700
2021-02-25,2.9173,3.1384,2.8833,3.0959,55472200
2021-02-26,3.0109,3.1044,2.9938,3.0619,39610300
2021-03-01,3.1044,3.181,3.0959,3.1384,33566600
2021-03-02,3.164,3.1895,3.1129,3.1469,16436000
2021-03-03,3.1384,3.1384,3.0364,3.0534,19386800
2021-03-04,2.9853,3.0279,2.9343,2.9683,24978100
2021-03-05,2.9088,2.9258,2.8322,2.8493,42680700
2021-03-08,2.8918,2.9173,2.6111,2.6536,57120400
2021-03-09,2.6111,2.7387,2.5686,2.6026,86703800
2021-03-10,2.6962,2.7472,2.6536,2.6877,46153400
2021-03-11,2.7047,2.7132,2.6451,2.6706,27428300
2021-03-12,2.7047,2.7557,2.6877,2.7387,30108000
2021-03-15,2.7387,2.7387,2.6536,2.6706,19961300
2021-03-16,2.6792,2.6962,2.6451,2.6877,15481000
2021-03-17,2.7177,2.752,2.6834,2.7348,7001000
2021-03-18,2.7348,2.8891,2.7262,2.8291,30888300
2021-03-19,2.7777,2.8377,2.752,2.812,15118700
2021-03-22,2.7862,2.8463,2.7691,2.812,9046500
2021-03-23,2.8291,2.8463,2.8034,2.812,6494700
2021-03-24,2.812,2.8463,2.7777,2.8034,8139200
2021-03-25,2.7691,2.7948,2.7348,2.7434,10855500
2021-03-26,2.752,2.812,2.7262,2.7948,6354900
2021-03-29,2.7862,2.8205,2.7605,2.7948,6189200
2021-03-30,2.8034,2.8291,2.7777,2.8205,4360100
2021-03-31,2.8205,2.8291,2.7862,2.812,3837100
2021-04-01,2.8291,2.8977,2.7862,2.8977,10808900
2021-04-02,2.932,3.0006,2.9234,2.992,20306900
2021-04-05,3.0006,3.052,2.9491,2.9577,14858100
2021-04-06,2.992,3.0091,2.9063,2.9063,12465200
2021-04-07,2.9148,2.9491,2.872,2.9234,9458500
2021-04-08,2.9406,2.9491,2.8891,2.9234,9941500
2021-04-09,2.932,2.9663,2.8977,2.8977,5797200
2021-04-12,2.8977,2.9063,2.872,2.8977,3798000
2021-04-13,2.8977,2.9148,2.872,2.9148,4248100
2021-04-14,2.9234,2.9406,2.8977,2.9234,2851600
2021-04-15,2.9148,2.9148,2.872,2.9063,4593500
2021-04-16,2.9234,2.9663,2.8891,2.9148,9523100
2021-04-19,2.9148,2.9491,2.8891,2.9234,6302400
2021-04-20,2.9148,2.9406,2.8806,2.932,6611800
2021-04-21,2.9234,2.932,2.8806,2.8806,4660400
2021-04-22,2.8977,2.9234,2.8806,2.8977,6978000
2021-04-23,2.8977,2.9577,2.8806,2.9491,7310000
2021-04-26,2.9749,3.0777,2.9749,3.0434,23777300
2021-04-27,3.052,3.1035,3.0434,3.052,21113400
2021-04-28,3.052,3.0777,2.9063,2.9577,14279200
2021-04-30,2.9577,2.9749,2.9148,2.9577,4147700
2021-05-03,2.9577,2.9577,2.812,2.8634,15920500
2021-05-04,2.8634,2.8806,2.8205,2.8205,8116900
2021-05-05,2.7862,2.8205,2.7348,2.7691,16368800
2021-05-06,2.7605,2.8034,2.7348,2.7948,7225000
2021-05-07,2.7948,2.812,2.6919,2.7434,17403100
2021-05-10,2.7434,2.7605,2.6491,2.6748,8956300
2021-05-11,2.6234,2.6491,2.5719,2.5976,24911200
2021-05-12,2.5976,2.6834,2.5805,2.6062,7474400
2021-05-17,2.6405,2.6491,2.5376,2.5719,13786900
2021-05-18,2.5719,2.6405,2.5719,2.6405,8107100
2021-05-19,2.6319,2.6405,2.5719,2.5976,8083500
2021-05-20,2.5976,2.6405,2.5633,2.5891,6810500
2021-05-21,2.5976,2.6234,2.5033,2.5719,8480300
2021-05-24,2.6148,2.752,2.5976,2.7177,19339700
2021-05-25,2.752,2.8205,2.7348,2.7777,17702400
2021-05-27,2.7948,2.8205,2.7091,2.8205,10747400
2021-05-28,2.8034,2.8034,2.6834,2.6919,7465600
2021-05-31,2.5891,2.7434,2.5891,2.7434,4778500
2021-06-01,2.7434,2.7605,2.7005,2.752,3270800
2021-06-02,2.752,2.8205,2.7348,2.812,6673600
2021-06-03,2.8205,2.8377,2.7777,2.8034,7026300
2021-06-04,2.8034,2.8291,2.7605,2.7777,7884000
2021-06-08,2.8037,2.8298,2.6996,2.7169,7347900
2021-06-09,2.7343,2.7343,2.6909,2.6996,5475400
2021-06-10,2.7169,2.7777,2.7169,2.7603,3683400
2021-06-11,2.7603,2.7603,2.6996,2.7256,4307000
2021-06-14,2.7256,2.7516,2.7169,2.7256,6064000
2021-06-15,2.7343,2.795,2.7082,2.7777,18459600
2021-06-16,2.7603,2.8558,2.7343,2.7864,16182400
2021-06-17,2.769,2.8211,2.7603,2.795,4602300
2021-06-18,2.8124,2.8818,2.8124,2.8384,11156900
2021-06-21,2.8211,2.8211,2.7343,2.7777,11923700
2021-06-22,2.795,2.8037,2.6996,2.7256,10072100
2021-06-23,2.743,2.7777,2.7343,2.7516,7148200
2021-06-24,2.7603,2.769,2.6822,2.7256,13086900
2021-06-25,2.7343,2.743,2.7169,2.7256,6951900
2021-06-28,2.7256,2.7343,2.6909,2.7256,7093800
2021-06-29,2.7343,2.769,2.7082,2.7516,7421500
2021-06-30,2.7516,2.769,2.7343,2.7516,4412300
2021-07-01,2.743,2.7516,2.6909,2.7256,8007000
2021-07-02,2.7169,2.743,2.6996,2.743,5883700
2021-07-05,2.743,2.8037,2.743,2.7603,11006000
2021-07-06,2.7864,2.7864,2.7256,2.7343,5380800
2021-07-07,2.7343,2.7864,2.7169,2.7603,6065400
2021-07-08,2.7256,2.7516,2.6735,2.7082,8605500
2021-07-09,2.7082,2.7256,2.6822,2.6822,5967000
2021-07-12,2.6996,2.7169,2.6822,2.6909,3203500
2021-07-13,2.6909,2.7343,2.6909,2.7082,5039600
2021-07-14,2.7082,2.8124,2.7082,2.8124,16605900
2021-07-15,2.8211,2.8384,2.769,2.7777,6232700
2021-07-16,2.7603,2.795,2.7516,2.7603,3299800
2021-07-19,2.7603,2.7864,2.743,2.7603,5895600
2021-07-21,2.7777,2.7777,2.7343,2.7603,8363300
2021-07-22,2.7603,2.8732,2.7603,2.8732,14934900
2021-07-23,2.8732,2.9339,2.8732,2.9079,14191300
2021-07-26,2.9339,2.9773,2.9252,2.9426,15063400
2021-07-27,2.9686,2.9773,2.9252,2.96,7613100
2021-07-28,2.9513,2.9513,2.8992,2.9339,6824800
2021-07-29,2.9339,2.986,2.9166,2.9513,9905500
2021-07-30,2.96,2.96,2.8558,2.8905,9988300
2021-08-02,2.8992,3.0381,2.8992,3.0381,20286000
2021-08-03,3.0381,3.0728,2.986,3.0641,13832800
2021-08-04,3.0554,3.0641,3.0207,3.0381,15546500
2021-08-05,3.0381,3.1075,3.0381,3.0728,15638100
2021-08-06,3.0902,3.1422,3.0815,3.1249,13340600
2021-08-09,3.1249,3.1422,2.9947,3.1249,20658900
2021-08-11,3.1249,3.2551,3.0728,3.0815,34317400
2021-08-12,3.0988,3.1336,3.0641,3.0902,12071700
2021-08-13,3.0902,3.1249,2.9947,3.0381,11689400
2021-08-16,3.0207,3.0554,2.9773,3.0554,12422100
2021-08-17,3.0554,3.0902,2.986,3.0034,7466100
2021-08-18,2.986,3.0034,2.9339,2.9686,10687000
2021-08-19,2.9426,2.9773,2.9339,2.9513,14318100
2021-08-20,2.96,3.0034,2.9426,2.9513,4811500
2021-08-23,2.9686,3.012,2.9686,2.9773,9121000
2021-08-24,3.0034,3.0815,3.0034,3.0641,15712500
2021-08-25,3.0728,3.0988,3.0207,3.0381,9867500
2021-08-26,3.0381,3.0381,2.9947,3.0294,5858000
2021-08-27,3.0381,3.0381,2.9686,2.9773,6910000
2021-08-30,2.9947,3.0294,2.9686,2.986,7932700
2021-09-01,2.9947,3.012,2.986,2.9947,6529600
2021-09-02,3.0034,3.0207,2.96,2.9773,6957000
2021-09-03,2.9773,3.012,2.9686,2.9947,6675200
2021-09-06,2.986,3.0641,2.9773,3.0468,12894400
2021-09-07,3.0468,3.0815,3.0294,3.0815,8596200
2021-09-08,3.0859,3.1121,3.0684,3.0684,14268900
2021-09-09,3.0771,3.0946,3.0509,3.0596,6989700
2021-09-10,3.0596,3.0684,3.0247,3.0421,10613700
2021-09-13,3.0421,3.0771,3.0159,3.0771,10222100
2021-09-14,3.0771,3.1033,3.0596,3.0859,7426500
2021-09-15,3.0859,3.1383,3.0859,3.0946,8501800
2021-09-17,3.1033,3.217,3.0946,3.182,21063800
2021-09-20,3.1733,3.2082,3.147,3.1645,16021800
2021-09-21,3.1383,3.2082,3.1383,3.1733,19112500
2021-09-22,3.182,3.2694,3.1733,3.2082,32922400
2021-09-23,3.2257,3.2869,3.217,3.2782,28261400
2021-09-24,3.2957,3.3656,3.2607,3.3568,34562200
2021-09-27,3.3743,3.3918,3.2957,3.3044,18464400
2021-09-28,3.3044,3.3131,3.1645,3.1645,31041700
2021-09-29,3.1296,3.2519,3.1121,3.2257,30074300
2021-09-30,3.2345,3.2782,3.182,3.2257,19423500
2021-10-01,3.2257,3.2432,3.182,3.1995,8205800
2021-10-04,3.217,3.3044,3.217,3.2694,15865700
2021-10-05,3.2345,3.2432,3.182,3.217,14363400
2021-10-06,3.2345,3.2607,3.1733,3.1908,9646700
2021-10-07,3.2082,3.2782,3.2082,3.2345,12838000
2021-10-08,3.2432,3.2519,3.217,3.2345,5699000
2021-10-11,3.2432,3.2432,3.1995,3.2257,9203800
2021-10-12,3.2257,3.2607,3.217,3.2432,9671600
2021-10-13,3.2257,3.2345,3.1908,3.1995,19283400
2021-10-14,3.2082,3.2345,3.2082,3.2345,8603600
2021-10-15,3.2519,3.3568,3.2519,3.3044,27240800
2021-10-18,3.3219,3.3481,3.3044,3.3219,10996700
2021-10-20,3.3743,3.4967,3.3656,3.3656,45537100
2021-10-21,3.3743,3.4268,3.3394,3.4006,27892600
2021-10-22,3.4093,3.4093,3.3481,3.4006,13024200
2021-10-25,3.4006,3.4093,3.3568,3.3656,11797300
2021-10-26,3.3918,3.3918,3.3219,3.3394,12955200
2021-10-27,3.3394,3.4268,3.3219,3.4093,21794700
2021-10-28,3.418,3.4792,3.3918,3.4006,17351300
2021-10-29,3.4093,3.4268,3.3743,3.3831,11379400
2021-11-01,3.3569,3.4355,3.3481,3.3831,16104900
2021-11-02,3.3918,3.4705,3.3918,3.453,14111600
2021-11-03,3.453,3.4705,3.4093,3.418,6560200
2021-11-05,3.4443,3.488,3.4355,3.453,12192200
2021-11-08,3.453,3.4705,3.4006,3.4268,9023500
2021-11-09,3.4268,3.4618,3.4093,3.418,7509900
2021-11-10,3.418,3.453,3.4006,3.418,11116000
2021-11-11,3.4093,3.4355,3.3918,3.418,10825200
2021-11-12,3.4618,3.5317,3.4355,3.4967,50335900
2021-11-15,3.5754,3.6541,3.5317,3.5754,36902100
2021-11-16,3.5929,3.6016,3.5317,3.5841,25431100
2021-11-17,3.5841,3.6628,3.5579,3.5667,29480900
2021-11-18,3.5754,3.7065,3.5754,3.689,37593700
2021-11-19,3.6803,3.7153,3.6453,3.7153,25039300
2021-11-22,3.7153,3.759,3.6628,3.7065,26944000
2021-11-23,3.7065,3.7327,3.6366,3.7065,26998600
2021-11-24,3.7327,3.7327,3.6278,3.6541,31895300
2021-11-25,3.6541,3.6803,3.6016,3.6366,30002600
2021-11-26,3.6541,3.6978,3.6104,3.6453,30155100
2021-11-29,3.6104,3.689,3.5317,3.6278,39199800
2021-11-30,3.6366,3.6978,3.5754,3.6628,290248400
2021-12-01,3.6191,3.6541,3.5492,3.5841,30054900
2021-12-02,3.5579,3.5929,3.2432,3.3831,81730600
2021-12-06,3.3481,3.4093,3.2957,3.3656,21914100
2021-12-07,3.4618,3.4967,3.3831,3.418,41651700
2021-12-08,3.453,3.5142,3.453,3.488,19884300
2021-12-09,3.5038,3.5214,3.4774,3.5038,11893000
2021-12-10,3.4862,3.5478,3.4862,3.495,13610700
2021-12-13,3.5038,3.5302,3.495,3.5214,10160100
2021-12-14,3.495,3.5038,3.4598,3.4774,13016600
2021-12-15,3.4598,3.4774,3.451,3.4774,7721600
2021-12-16,3.5126,3.5302,3.4774,3.5038,9628800
2021-12-17,3.4774,3.495,3.2837,3.2837,44799200
2021-12-20,3.2749,3.363,3.2309,3.3189,23053800
2021-12-21,3.3013,3.363,3.3013,3.3454,7470100
2021-12-22,3.363,3.3982,3.3454,3.3806,12586800
2021-12-23,3.3894,3.4598,3.3806,3.4334,15160200
2021-12-24,3.4334,3.4598,3.3894,3.4246,5315600
2021-12-27,3.4246,3.4334,3.3806,3.4246,5152200
2021-12-28,3.4334,3.5038,3.4246,3.4862,11003100
2021-12-29,3.4862,3.5214,3.4598,3.4686,13291100
2021-12-30,3.4686,3.5038,3.4598,3.4862,6243600
2021-12-31,3.4862,3.5214,3.4598,3.5214,7708200
2022-01-03,3.5214,3.5743,3.4862,3.5654,6254600
2022-01-04,3.5654,3.5654,3.4862,3.5126,13239100
2022-01-05,3.5126,3.539,3.495,3.5038,8752100
2022-01-06,3.4774,3.4862,3.4246,3.451,9862900
2022-01-07,3.451,3.4598,3.4158,3.4334,10081400
2022-01-10,3.4158,3.4246,3.2925,3.3013,21987000
2022-01-11,3.3101,3.3278,3.1429,3.2045,51379900
2022-01-12,3.2485,3.3013,3.2045,3.2397,19343200
2022-01-13,3.2485,3.2485,3.0989,3.1341,19560100
2022-01-14,3.0813,3.1077,2.9492,2.9756,54701900
2022-01-17,2.9756,3.0813,2.9492,3.0284,29394500
2022-01-19,2.9492,2.9492,2.8171,2.8876,40169600
2022-01-20,2.8436,2.9404,2.8436,2.8964,32354000
2022-01-21,2.87,2.8788,2.8083,2.8524,37481400
2022-01-24,2.8259,2.914,2.8171,2.8964,20410700
2022-01-25,2.8876,2.9052,2.8348,2.8612,22213500
2022-01-26,2.87,2.8964,2.8348,2.8788,26748500
2022-01-27,2.8524,2.8612,2.8171,2.8436,21592300
2022-01-28,2.8524,2.9052,2.8436,2.8788,12938000
2022-01-31,2.9228,2.9228,2.8876,2.9052,10720100
2022-02-03,2.9404,2.9932,2.87,2.8788,19908800
2022-02-04,2.87,2.8876,2.8524,2.8524,8743200
2022-02-07,2.8612,2.8876,2.8524,2.87,12056200
2022-02-08,2.8788,2.8964,2.8436,2.8436,13985800
2022-02-09,2.87,2.9052,2.8612,2.8964,11966500
2022-02-10,2.914,3.0196,2.9052,2.9404,25269700
2022-02-11,2.9052,2.9228,2.8788,2.8876,14651800
2022-02-14,2.8612,2.8788,2.8083,2.8171,20200300
2022-02-15,2.8171,2.8436,2.8083,2.8436,16796200
2022-02-16,2.87,2.914,2.8436,2.9052,13425600
2022-02-17,2.9052,2.9492,2.8964,2.9052,12456200
2022-02-18,2.8876,2.8876,2.8083,2.8171,10853500
2022-02-21,2.8171,2.8171,2.6675,2.7027,34330800
2022-02-22,2.6851,2.7643,2.6763,2.7027,25646500
2022-02-23,2.7203,2.7819,2.7203,2.7643,17251600
2022-02-24,2.7291,2.7819,2.7115,2.7379,20178500
2022-02-25,2.7731,2.8348,2.7643,2.7819,12093900
2022-02-28,2.7995,2.8436,2.7643,2.8348,15136100
2022-03-01,2.8436,2.8524,2.7467,2.7555,15759900
2022-03-02,2.7467,2.7555,2.6939,2.7467,14075000
2022-03-03,2.7731,2.7819,2.6587,2.6675,15273700
2022-03-04,2.6587,2.6763,2.5883,2.6147,26287000
2022-03-07,2.6059,2.6059,2.3946,2.421,29307100
2022-03-08,2.377,2.4034,2.2801,2.3241,33652900
2022-03-09,2.3594,2.4298,2.3329,2.4122,30520200
2022-03-10,2.509,2.5883,2.509,2.5618,31931100
2022-03-11,2.5442,2.6059,2.4914,2.5794,8943000
2022-03-14,2.5706,2.6235,2.5354,2.5794,11137600
2022-03-15,2.5354,2.553,2.4386,2.465,17793100
2022-03-16,2.5178,2.5971,2.5002,2.5883,13321100
2022-03-17,2.6576,2.7909,2.6309,2.7731,39390400
2022-03-18,2.7731,2.7731,2.6487,2.6931,24526400
2022-03-21,2.7376,2.7998,2.702,2.7998,20789400
2022-03-22,2.7731,2.782,2.7198,2.7465,16591500
2022-03-23,2.7731,2.8531,2.7554,2.8442,18270200
2022-03-24,2.8087,2.8265,2.782,2.8176,9132400
2022-03-25,2.8531,2.8709,2.8265,2.8709,12123900
2022-03-28,2.8709,2.8709,2.7731,2.782,8831000
2022-03-29,2.7998,2.8087,2.6931,2.7198,13493400
2022-03-30,2.7554,2.7998,2.7465,2.7642,10055600
2022-03-31,2.7642,2.7642,2.7198,2.7287,9323700
2022-04-01,2.7198,2.782,2.6931,2.7731,4770900
2022-04-04,2.7731,2.782,2.7376,2.7731,6696000
2022-04-05,2.7998,2.8176,2.7465,2.7998,8306700
2022-04-06,2.7731,2.7731,2.7376,2.7376,7256900
2022-04-07,2.7198,2.7198,2.6842,2.6931,10009500
2022-04-08,2.702,2.7287,2.702,2.7109,9559700
2022-04-11,2.6931,2.702,2.6309,2.6398,15399600
2022-04-12,2.6131,2.6309,2.5509,2.622,16272300
2022-04-13,2.622,2.6487,2.6131,2.6309,10514500
2022-04-14,2.6487,2.6576,2.5776,2.5865,13903300
2022-04-15,2.5687,2.5776,2.5509,2.5776,3690800
2022-04-18,2.5776,2.5776,2.5065,2.5509,7293600
2022-04-20,2.5776,2.6043,2.5687,2.5865,13374200
2022-04-21,2.5865,2.6043,2.5509,2.5954,10643400
2022-04-22,2.5509,2.5687,2.4887,2.4976,18732800
2022-04-25,2.4709,2.4798,2.4265,2.4354,11781900
2022-04-26,2.4709,2.4976,2.4532,2.4798,7884300
2022-04-27,2.4354,2.4709,2.4087,2.462,9947100
2022-04-28,2.4709,2.5598,2.462,2.5331,12784400
2022-04-29,2.542,2.5509,2.5154,2.5243,7226400
2022-05-05,2.5509,2.5598,2.3998,2.3998,14982800
2022-05-06,2.3554,2.382,2.3287,2.3554,15246100
2022-05-09,2.3554,2.3998,2.3376,2.3554,7980500
2022-05-10,2.3554,2.382,2.3198,2.3554,10687900
2022-05-11,2.3376,2.3554,2.3198,2.3465,6934100
2022-05-12,2.3198,2.3287,2.2221,2.2309,22123900
2022-05-13,2.2576,2.2932,2.2043,2.2754,20083000
2022-05-17,2.2843,2.3465,2.2754,2.3287,18844700
2022-05-18,2.3465,2.3732,2.2932,2.2932,14028700
2022-05-19,2.2309,2.2843,2.2043,2.2487,9473300
2022-05-20,2.2665,2.2932,2.2487,2.2665,7103100
2022-05-23,2.2665,2.2754,2.2221,2.2221,10370100
2022-05-24,2.2487,2.2576,2.2043,2.2043,10241900
2022-05-25,2.2132,2.2754,2.2132,2.2665,12282500
2022-05-26,2.2754,2.3643,2.2665,2.3465,19869100
2022-05-27,2.3732,2.382,2.3198,2.3554,7046100
2022-05-30,2.382,2.4087,2.3021,2.3998,8999600
2022-05-31,2.3909,2.4976,2.3643,2.4976,32626700
2022-06-01,2.4976,2.4976,2.3998,2.4176,16459600
2022-06-02,2.4176,2.5331,2.3998,2.5243,19016500
2022-06-03,2.542,2.5687,2.4887,2.5331,16410600
2022-06-07,2.5154,2.5243,2.4443,2.4798,6526400
2022-06-08,2.4798,2.4798,2.4265,2.4532,8066800
2022-06-09,2.4443,2.462,2.4176,2.4532,7457500
2022-06-10,2.4176,2.4443,2.3998,2.4176,8320000
2022-06-13,2.3643,2.3732,2.2932,2.3198,13588400
2022-06-14,2.2843,2.3909,2.2754,2.3643,10543400
2022-06-15,2.3661,2.375,2.3302,2.3392,13053800
2022-06-16,2.375,2.4198,2.3392,2.375,10297200
2022-06-17,2.3392,2.3571,2.3033,2.3571,16685900
2022-06-20,2.3481,2.3481,2.2854,2.3302,6701200
2022-06-21,2.3212,2.3929,2.3123,2.375,9898000
2022-06-22,2.375,2.375,2.2854,2.2944,8888900
2022-06-23,2.3033,2.3302,2.2675,2.2675,6903600
2022-06-24,2.2854,2.3302,2.2764,2.3302,4993900
2022-06-27,2.3661,2.4019,2.3302,2.3929,7024400
2022-06-28,2.384,2.4019,2.3571,2.384,5834300
2022-06-29,2.3481,2.4019,2.3392,2.3481,8806200
2022-06-30,2.3661,2.3929,2.3392,2.3661,10484200
2022-07-01,2.3661,2.375,2.3123,2.3302,5777200
2022-07-04,2.3392,2.3392,2.2854,2.2854,6994500
2022-07-05,2.3033,2.3392,2.3033,2.3123,3178200
2022-07-06,2.3392,2.375,2.3123,2.3123,10419900
2022-07-07,2.3481,2.3481,2.3123,2.3302,6397600
2022-07-08,2.3571,2.4109,2.3571,2.3929,8485100
2022-07-12,2.3571,2.3661,2.2316,2.2316,18543900
2022-07-13,2.2495,2.2495,2.133,2.142,21357400
2022-07-14,2.133,2.1779,2.1151,2.151,12529300
2022-07-15,2.1599,2.2764,2.151,2.2585,16066700
2022-07-18,2.2764,2.3571,2.2764,2.3481,12840900
2022-07-19,2.3302,2.3481,2.2944,2.3392,5090400
2022-07-20,2.384,2.4198,2.375,2.3929,8482700
2022-07-21,2.3929,2.4288,2.384,2.4198,11915200
2022-07-22,2.4288,2.4826,2.4198,2.4557,13194800
2022-07-25,2.4467,2.4557,2.4109,2.4378,4796000
2022-07-26,2.4288,2.4467,2.4109,2.4288,4206100
2022-07-27,2.4288,2.5005,2.4109,2.4915,9160600
2022-07-28,2.5095,2.5722,2.5095,2.5722,18933600
2022-07-29,2.608,2.626,2.5453,2.5632,18830600
2022-08-01,2.5812,2.608,2.5453,2.5901,10745400
2022-08-02,2.5901,2.5901,2.5274,2.5363,8176500
2022-08-03,2.5095,2.5812,2.4915,2.5632,9777900
2022-08-04,2.5991,2.6439,2.5901,2.626,12696400
2022-08-05,2.626,2.6349,2.5991,2.617,4750400
2022-08-08,2.626,2.6529,2.5991,2.6439,8830400
2022-08-09,2.6349,2.6529,2.626,2.6439,4651500
2022-08-10,2.617,2.626,2.5184,2.5274,11851000
2022-08-11,2.5901,2.626,2.5812,2.626,15872900
2022-08-12,2.617,2.617,2.5991,2.617,6048300
2022-08-15,2.6349,2.6439,2.5812,2.617,5629900
2022-08-16,2.608,2.6439,2.608,2.6439,3864500
2022-08-17,2.6439,2.6439,2.5991,2.5991,4503300
2022-08-18,2.5812,2.5901,2.5632,2.5901,4562400
2022-08-19,2.5812,2.626,2.5543,2.5632,4419500
2022-08-22,2.5274,2.5363,2.4109,2.4198,13725400
2022-08-23,2.4019,2.4019,2.3571,2.3929,15192800
2022-08-24,2.3929,2.4019,2.375,2.384,6593600
2022-08-25,2.3929,2.4646,2.375,2.4467,9165100
2022-08-26,2.4557,2.5005,2.4378,2.4915,7023700
2022-08-29,2.3929,2.4378,2.375,2.4109,7398900
2022-08-30,2.4109,2.4467,2.3929,2.4288,9872000
2022-09-01,2.4019,2.4288,2.375,2.4019,5329900
2022-09-02,2.4198,2.4288,2.384,2.4019,3649800
2022-09-05,2.3929,2.4019,2.3571,2.384,2825000
2022-09-06,2.4019,2.4646,2.3929,2.4378,8365300
2022-09-07,2.4109,2.4378,2.4109,2.4288,3521300
2022-09-08,2.4577,2.4758,2.4216,2.4396,5784200
2022-09-09,2.4396,2.5029,2.4306,2.4848,5983200
2022-09-12,2.5119,2.5481,2.4939,2.53,4520600
2022-09-13,2.53,2.539,2.4939,2.539,4470700
2022-09-14,2.4487,2.521,2.4216,2.5029,5940400
2022-09-15,2.5119,2.53,2.4848,2.53,7596000
2022-09-19,2.5119,2.521,2.4216,2.4216,6456900
2022-09-20,2.4396,2.4577,2.4396,2.4487,8453800
2022-09-21,2.4396,2.4396,2.3945,2.4125,3562400
2022-09-22,2.4035,2.4396,2.3854,2.4396,2886200
2022-09-23,2.4216,2.4396,2.4035,2.4125,2736100
2022-09-26,2.4035,2.4035,2.3674,2.3945,5898900
2022-09-27,2.3854,2.4216,2.3764,2.3945,5692000
2022-09-28,2.3854,2.3854,2.268,2.277,23893500
2022-09-29,2.3041,2.3131,2.2951,2.3041,7792500
2022-09-30,2.277,2.286,2.2589,2.277,8487500
2022-10-03,2.2499,2.268,2.2318,2.2318,9917300
2022-10-04,2.277,2.286,2.2499,2.2589,5685900
2022-10-05,2.286,2.3493,2.277,2.3131,7634600
2022-10-06,2.3222,2.3402,2.3131,2.3222,2539000
2022-10-07,2.3312,2.3312,2.286,2.3222,2425000
2022-10-11,2.277,2.286,2.1957,2.2318,7034100
2022-10-12,2.2228,2.2318,2.1415,2.1415,11134400
2022-10-13,2.1324,2.1415,2.1053,2.1144,7455100
2022-10-14,2.1595,2.1686,2.1234,2.1234,7178900
2022-10-17,2.1053,2.1234,2.0601,2.1144,7552200
2022-10-18,2.1415,2.2047,2.1415,2.2047,6567800
2022-10-19,2.2137,2.2137,2.1415,2.1415,6328800
2022-10-20,2.1324,2.1686,2.1234,2.1686,14479600
2022-10-21,2.1686,2.1776,2.1324,2.1505,2524300
2022-10-25,2.1776,2.1957,2.1505,2.1505,5312100
2022-10-26,2.1595,2.2047,2.1595,2.1686,5005400
2022-10-27,2.1686,2.1866,2.1595,2.1686,3045800
2022-10-28,2.1686,2.1866,2.1595,2.1686,3874300
2022-10-31,2.2137,2.2499,2.2047,2.2499,5439900
2022-11-01,2.2318,2.2318,2.1957,2.2228,2323100
2022-11-02,2.2047,2.2318,2.1686,2.2137,4348000
2022-11-03,2.1776,2.2318,2.1776,2.1866,5606000
2022-11-04,2.1957,2.3131,2.1866,2.3131,3540400
2022-11-07,2.286,2.286,2.2409,2.2499,4945800
2022-11-08,2.2589,2.2589,2.1957,2.2228,2629800
2022-11-09,2.2318,2.2499,2.2137,2.2409,2941400
2022-11-10,2.2137,2.2589,2.2137,2.2318,2956800
2022-11-11,2.3041,2.3583,2.3041,2.3493,14182900
2022-11-14,2.3493,2.3764,2.3402,2.3674,3881800
2022-11-15,2.3493,2.3583,2.3131,2.3131,1964400
2022-11-16,2.3222,2.3764,2.3222,2.3583,3216800
2022-11-17,2.3312,2.3402,2.2951,2.3312,2801500
2022-11-21,2.268,2.3493,2.268,2.3312,4348300
2022-11-22,2.3041,2.3222,2.277,2.286,6136700
2022-11-23,2.286,2.3493,2.286,2.2951,5528300
2022-11-24,2.3312,2.5119,2.3222,2.5119,20836200
2022-11-25,2.5119,2.5119,2.4216,2.4487,14200700
2022-11-29,2.4216,2.4667,2.4035,2.4487,3729400
2022-11-30,2.4487,2.4758,2.4035,2.4035,9986700
2022-12-01,2.4577,2.5842,2.4487,2.5481,24589500
2022-12-02,2.53,2.5752,2.521,2.539,5653900
2022-12-05,2.5481,2.5661,2.4939,2.5119,7657100
2022-12-06,2.5119,2.5119,2.4848,2.5029,5172800
2022-12-07,2.4758,2.4848,2.4216,2.4577,7176100
2022-12-08,2.4632,2.4632,2.3993,2.4632,3973000
2022-12-09,2.5088,2.5179,2.4358,2.4541,4623500
2022-12-12,2.4449,2.4814,2.4267,2.4541,3713900
2022-12-13,2.4814,2.4997,2.4449,2.4541,4002800
2022-12-14,2.4906,2.5179,2.4814,2.4997,4153400
2022-12-15,2.4814,2.4906,2.4267,2.4267,5501000
2022-12-16,2.4176,2.4449,2.3902,2.4176,4156200
2022-12-19,2.4084,2.4632,2.3993,2.4267,2196400
2022-12-20,2.4267,2.4632,2.4084,2.4541,2646900
2022-12-21,2.4541,2.4632,2.4176,2.4267,3262700
2022-12-22,2.4449,2.4541,2.4084,2.4176,1059400
2022-12-23,2.4084,2.4084,2.3811,2.3993,2066400
2022-12-27,2.4176,2.4176,2.3993,2.4176,1137100
2022-12-28,2.4176,2.4176,2.372,2.3902,1461600
2022-12-29,2.3811,2.4176,2.372,2.4084,2605800
2022-12-30,2.4267,2.4449,2.3811,2.3811,4595900
2023-01-03,2.3811,2.3993,2.3628,2.3902,2333400
2023-01-04,2.372,2.4267,2.372,2.4084,6832100
2023-01-05,2.4176,2.4723,2.4176,2.4632,4140600
2023-01-06,2.4723,2.4906,2.4449,2.4906,3680700
2023-01-09,2.5179,2.5544,2.5088,2.5544,7261500
2023-01-10,2.527,2.527,2.3263,2.4084,30173600
2023-01-11,2.4267,2.4449,2.3993,2.4176,6457700
2023-01-12,2.4267,2.4541,2.4176,2.4449,6925400
2023-01-13,2.4449,2.4449,2.3993,2.4176,3127200
2023-01-16,2.4176,2.4176,2.3628,2.372,3264100
2023-01-17,2.372,2.3902,2.3628,2.372,1907700
2023-01-18,2.372,2.3993,2.3537,2.3993,3385600
2023-01-19,2.3902,2.4176,2.372,2.3811,3643900
2023-01-20,2.3902,2.4449,2.3811,2.4449,4139800
2023-01-25,2.4449,2.4541,2.4267,2.4358,3112200
2023-01-26,2.4358,2.4541,2.4358,2.4541,3555400
2023-01-27,2.4632,2.4814,2.4176,2.4358,6586600
2023-01-30,2.4358,2.4541,2.3993,2.4267,4388900
2023-01-31,2.4176,2.4267,2.3628,2.3628,5358000
2023-02-02,2.3993,2.4723,2.3993,2.4176,8898800
2023-02-03,2.4267,2.4723,2.4267,2.4449,4564000
2023-02-07,2.4449,2.4449,2.3902,2.4267,3722800
2023-02-08,2.4449,2.4449,2.3993,2.3993,1747300
2023-02-09,2.3993,2.4176,2.3902,2.3993,2598600
2023-02-10,2.3902,2.4176,2.372,2.3902,2919400
2023-02-13,2.3811,2.3811,2.3446,2.3628,3738600
2023-02-14,2.3628,2.3902,2.3537,2.3811,2713300
2023-02-15,2.3811,2.3811,2.3263,2.3355,4456400
2023-02-16,2.3446,2.3811,2.3446,2.3628,3897800
2023-02-17,2.3537,2.372,2.2898,2.3081,6415300
2023-02-20,2.3081,2.3172,2.2442,2.2442,8972700
2023-02-21,2.2442,2.2899,2.226,2.2534,5408100
2023-02-22,2.2442,2.2442,2.2077,2.226,4949500
2023-02-23,2.226,2.2625,2.2077,2.2169,3588600
2023-02-24,2.2351,2.2625,2.2169,2.2351,4562500
2023-02-27,2.2442,2.2898,2.2077,2.2077,5158600
2023-02-28,2.226,2.2442,2.2169,2.2351,9242100
2023-03-01,2.2351,2.2351,2.1621,2.2077,6863300
2023-03-02,2.1986,2.2077,2.1621,2.1713,8833000
2023-03-03,2.1895,2.2077,2.1713,2.1804,2588000
2023-03-06,2.2077,2.2351,2.1895,2.226,4128800
2023-03-07,2.226,2.2716,2.2169,2.2442,5196100
2023-03-08,2.2351,2.2716,2.2169,2.2716,2897900
2023-03-09,2.2625,2.2716,2.226,2.2442,1984000
2023-03-10,2.2442,2.2442,2.2169,2.2169,1564600
2023-03-13,2.2077,2.226,2.1895,2.1895,2992300
2023-03-14,2.1895,2.2169,2.1713,2.1804,5586500
2023-03-15,2.2006,2.2006,2.1638,2.1914,4908700
2023-03-16,2.1822,2.1914,2.1546,2.1638,3286000
2023-03-17,2.1822,2.219,2.1638,2.1638,4316400
2023-03-20,2.1638,2.1822,2.1546,2.1638,1280100
2023-03-21,2.1638,2.219,2.1638,2.173,3328800
2023-03-22,2.1822,2.219,2.173,2.173,2850600
2023-03-23,2.173,2.2283,2.1638,2.219,3779500
2023-03-24,2.2283,2.2375,2.2098,2.219,2757200
2023-03-27,2.2283,2.2375,2.219,2.219,1223300
2023-03-28,2.219,2.2283,2.1914,2.2283,1707000
2023-03-29,2.2283,2.2283,2.1914,2.219,1911900
2023-03-30,2.2283,2.2559,2.2283,2.2467,2469200
2023-03-31,2.2467,2.2835,2.2467,2.2651,4842300
2023-04-03,2.2835,2.3295,2.2743,2.3203,6265500
2023-04-04,2.3203,2.3387,2.3019,2.3203,5555000
2023-04-05,2.3111,2.3203,2.2835,2.2835,1800700
2023-04-06,2.2927,2.2927,2.219,2.2467,4534300
2023-04-07,2.2559,2.2651,2.1454,2.1914,8101100
2023-04-10,2.2006,2.2375,2.2006,2.219,3590700
2023-04-11,2.2283,2.2559,2.219,2.2283,3699400
2023-04-12,2.2283,2.2283,2.2006,2.2098,2607700
2023-04-13,2.2098,2.2283,2.1546,2.1546,4777900
2023-04-14,2.1822,2.2098,2.1822,2.2006,3343000
2023-04-17,2.2098,2.2098,2.1546,2.1638,5326000
2023-04-18,2.173,2.1822,2.1454,2.1454,2835600
2023-04-19,2.1546,2.173,2.1178,2.1638,3810100
2023-04-20,2.173,2.173,2.1178,2.127,2403000
2023-04-25,2.127,2.1454,2.1178,2.1178,2770800
2023-04-26,2.1178,2.127,2.0809,2.0993,4101500
2023-04-27,2.0993,2.0993,2.0717,2.0901,5958600
2023-04-28,2.1178,2.1454,2.1086,2.1178,3527500
2023-05-02,2.1178,2.173,2.1178,2.173,2969100
2023-05-03,2.1546,2.1822,2.127,2.1822,3112000
2023-05-05,2.173,2.1822,2.1454,2.1638,3745900
2023-05-08,2.173,2.1822,2.1546,2.1638,2239900
2023-05-09,2.1638,2.1638,2.0993,2.127,4789800
2023-05-10,2.127,2.1546,2.0993,2.1546,3120300
2023-05-11,2.1362,2.1454,2.0809,2.0809,3583200
2023-05-12,2.0809,2.0901,2.0441,2.0441,5059700
2023-05-15,2.0441,2.0901,1.9796,1.9889,9506700
2023-05-16,1.9981,2.0441,1.9889,2.0257,10727200
2023-05-17,2.0349,2.0809,2.0165,2.0165,6018500
2023-05-18,2.0349,2.0809,2.0257,2.0257,5959000
2023-05-19,2.0349,2.0717,2.0165,2.0349,5915800
2023-05-22,2.0349,2.0441,2.0073,2.0349,4950000
2023-05-23,2.0257,2.0349,1.9796,1.9796,4186100
2023-05-24,2.0165,2.1362,2.0165,2.0717,23931500
2023-05-25,2.0901,2.1178,2.0717,2.0809,5609800
2023-05-26,2.0901,2.2743,2.0901,2.2743,32380900
2023-05-29,2.2835,2.3019,2.1914,2.2743,17288200
2023-05-30,2.2559,2.2743,2.219,2.2651,7247800
2023-05-31,2.2743,2.3295,2.2467,2.3203,29027000
2023-06-01,2.2927,2.3019,2.2467,2.2835,7285300
2023-06-02,2.2927,2.3387,2.2835,2.3387,6552900
2023-06-06,2.3387,2.3387,2.2651,2.3019,4474700
2023-06-07,2.3019,2.3019,2.2467,2.2835,3523000
2023-06-08,2.2743,2.2927,2.2283,2.2467,4788500
2023-06-09,2.2467,2.3019,2.2467,2.2927,3092500
2023-06-12,2.2835,2.3572,2.2743,2.3387,6941400
2023-06-13,2.348,2.5137,2.348,2.4861,32837200
2023-06-14,2.4861,2.6058,2.4861,2.5781,39936100
2023-06-15,2.5726,2.5818,2.5078,2.5263,10639300
2023-06-16,2.5541,2.5818,2.4986,2.4986,27647400
2023-06-19,2.4708,2.5541,2.4615,2.5448,7823500
2023-06-20,2.5448,2.5541,2.4986,2.5078,6733900
2023-06-21,2.5078,2.5541,2.4893,2.5263,4912200
2023-06-22,2.4986,2.5356,2.4708,2.5171,7796200
2023-06-23,2.5263,2.5633,2.5078,2.5263,8429300
2023-06-26,2.5171,2.5448,2.4986,2.5078,8731400
2023-06-27,2.4986,2.5078,2.4245,2.4338,12657900
2023-06-28,2.4801,2.5171,2.4523,2.4986,4622600
2023-06-30,2.5078,2.5448,2.5078,2.5356,4667100
2023-07-03,2.5633,2.5911,2.5078,2.5448,13402200
2023-07-04,2.5448,2.5726,2.5171,2.5448,6982900
2023-07-05,2.5448,2.5726,2.4986,2.5356,11207100
2023-07-06,2.5448,2.5541,2.5171,2.5263,4932000
2023-07-07,2.5171,2.5263,2.4801,2.4986,4826400
2023-07-10,2.4893,2.5171,2.4893,2.4986,2256200
2023-07-11,2.4986,2.5726,2.4986,2.5633,5424500
2023-07-12,2.5633,2.5911,2.5448,2.5726,5070700
2023-07-13,2.5726,2.6466,2.5633,2.5911,18019900
2023-07-14,2.6096,2.8132,2.6096,2.7762,40115300
2023-07-17,2.7577,2.8965,2.7484,2.878,42183400
2023-07-18,2.878,2.915,2.8224,2.8687,37324500
2023-07-20,2.8687,2.878,2.8317,2.8595,18964900
2023-07-21,2.8595,2.9613,2.8224,2.8872,29947200
2023-07-24,2.8872,2.8872,2.7947,2.8687,13810100
2023-07-25,2.8687,2.878,2.8317,2.8687,12220200
2023-07-26,2.8502,2.8595,2.7762,2.8132,6719400
2023-07-27,2.7947,2.841,2.7947,2.8132,9677500
2023-07-28,2.7854,2.841,2.7854,2.8224,12292800
2023-07-31,2.8502,2.8595,2.7947,2.7947,9618900
2023-08-01,2.7947,2.8224,2.7577,2.8224,12283800
2023-08-02,2.8224,2.841,2.7947,2.8132,11401800
2023-08-03,2.7947,2.8595,2.7577,2.8595,14438600
2023-08-04,2.8595,2.8595,2.8039,2.8317,3942100
2023-08-07,2.8224,2.8317,2.7947,2.8132,2657200
2023-08-08,2.8132,2.8317,2.7947,2.8132,2859600
2023-08-09,2.8132,2.878,2.7947,2.878,8673600
2023-08-10,2.878,2.878,2.8317,2.8317,4236200
2023-08-11,2.8317,2.878,2.8039,2.8502,10428000
2023-08-14,2.8502,2.8872,2.8317,2.8687,6497300
2023-08-15,2.878,2.915,2.8687,2.915,12167300
2023-08-16,2.915,2.915,2.8132,2.8224,7513000
2023-08-17,2.8224,2.8317,2.7762,2.7762,10060200
2023-08-18,2.7577,2.8224,2.7114,2.7854,10578900
2023-08-21,2.7854,2.7947,2.7392,2.7762,5423900
2023-08-22,2.7947,2.8132,2.7762,2.8132,2905700
2023-08-23,2.8039,2.8317,2.7854,2.8224,6413500
2023-08-24,2.841,2.8687,2.841,2.8502,5029900
2023-08-25,2.8225,2.8317,2.7854,2.8039,2443800
2023-08-28,2.7947,2.8224,2.7577,2.7762,3885800
2023-08-29,2.7947,2.8225,2.7577,2.8039,3406300
2023-08-30,2.7854,2.952,2.7762,2.915,26329500
2023-09-01,2.915,2.9335,2.878,2.915,5802600
2023-09-04,2.915,2.9335,2.8224,2.8502,6195200
2023-09-05,2.8595,2.8595,2.7854,2.8039,6212000
2023-09-06,2.7947,2.8224,2.7854,2.8132,7088400
2023-09-07,2.8039,2.841,2.7577,2.7762,9078700
2023-09-08,2.7669,2.7669,2.6281,2.6559,32783300
2023-09-11,2.6559,2.7484,2.6466,2.7021,16630600
2023-09-12,2.7207,2.7299,2.6651,2.6651,3404200
2023-09-13,2.6651,2.6836,2.6374,2.6466,10336800
2023-09-14,2.6932,2.6932,2.5907,2.6466,17431100
2023-09-15,2.6559,2.6746,2.628,2.6653,14681600
2023-09-18,2.6559,2.6653,2.628,2.6373,7897800
2023-09-19,2.6373,2.6653,2.6373,2.6373,5591000
2023-09-20,2.6466,2.7212,2.6093,2.6932,12189800
2023-09-21,2.6932,2.7212,2.6466,2.7025,4532600
2023-09-22,2.6932,2.7119,2.6653,2.7025,2852900
2023-09-25,2.7025,2.7025,2.6746,2.6746,1594200
2023-09-26,2.6746,2.6839,2.6559,2.6653,5718000
2023-09-27,2.6653,2.6746,2.628,2.6559,7277300
2023-09-29,2.6746,2.7119,2.6653,2.7025,11242800
2023-10-02,2.7025,2.7119,2.6653,2.6653,2497600
2023-10-03,2.6653,2.6653,2.6,2.6093,8327300
2023-10-04,2.6093,2.6187,2.5814,2.5907,4422200
2023-10-05,2.5907,2.628,2.5814,2.5907,5433800
2023-10-06,2.6,2.6653,2.5907,2.6373,4157900
2023-10-09,2.6373,2.6839,2.628,2.6746,2529000
2023-10-10,2.6746,2.7025,2.6746,2.7025,4770200
2023-10-11,2.7025,2.7305,2.6932,2.7305,5441400
2023-10-12,2.7305,2.7398,2.6932,2.7119,4251300
2023-10-13,2.7119,2.7491,2.7025,2.7491,6345800
2023-10-16,2.7305,2.7398,2.6932,2.7212,5625000
2023-10-17,2.7305,2.7678,2.7305,2.7491,7764300
2023-10-18,2.7398,2.7491,2.6653,2.6746,7210100
2023-10-19,2.6559,2.7212,2.6559,2.6839,4657600
2023-10-20,2.6653,2.6839,2.6653,2.6839,3282300
2023-10-23,2.6839,2.6839,2.6187,2.6466,11011800
2023-10-24,2.6373,2.7212,2.6187,2.7212,11804700
2023-10-25,2.7212,2.7398,2.6932,2.7398,5084200
2023-10-26,2.7025,2.7212,2.6746,2.6746,4711600
2023-10-27,2.6653,2.6746,2.628,2.628,6860200
2023-10-30,2.6373,2.6466,2.6,2.6373,6358400
2023-10-31,2.6373,2.6559,2.628,2.6559,6682800
2023-11-01,2.6466,2.6559,2.628,2.628,2118000
2023-11-02,2.6466,2.7025,2.6466,2.6932,7507800
2023-11-03,2.7025,2.7771,2.6746,2.7305,11771700
2023-11-06,2.7491,2.805,2.7305,2.7771,12463000
2023-11-07,2.7771,2.7864,2.7398,2.7678,6524600
2023-11-08,2.7771,2.7771,2.7398,2.7491,4214500
2023-11-09,2.7491,2.7678,2.7212,2.7585,5977600
2023-11-10,2.7585,2.7585,2.7212,2.7212,8470300
2023-11-14,2.7305,2.7585,2.7119,2.7585,5722700
2023-11-15,2.8051,2.8237,2.7678,2.7957,10997200
2023-11-16,2.7957,2.7957,2.7398,2.7864,10165600
2023-11-17,2.7864,2.805,2.7585,2.7678,9715100
2023-11-20,2.7771,2.7864,2.7585,2.7678,7266300
2023-11-21,2.7864,2.8423,2.7864,2.8423,10260400
2023-11-22,2.833,2.833,2.7771,2.7957,8138100
2023-11-23,2.8144,2.8144,2.6839,2.7025,13602700
2023-11-24,2.7119,2.7119,2.6653,2.6839,5164200
2023-11-27,2.7025,2.7025,2.6653,2.7025,4193000
2023-11-28,2.7025,2.7025,2.6746,2.6932,3201500
2023-11-29,2.6932,2.7025,2.6653,2.6839,2777400
2023-11-30,2.7025,2.7212,2.6746,2.7212,10990400
2023-12-01,2.7119,2.7119,2.6839,2.6932,3029500
2023-12-04,2.6932,2.6932,2.6466,2.6559,6987200
2023-12-05,2.6559,2.6932,2.6559,2.6932,3019300
2023-12-06,2.6932,2.6932,2.6559,2.6746,3529300
2023-12-07,2.6746,2.6746,2.6559,2.6653,3632600
2023-12-08,2.6746,2.6932,2.6373,2.6373,5526200
2023-12-11,2.6373,2.6653,2.5628,2.6373,5712500
2023-12-12,2.6373,2.7771,2.6373,2.7585,22485800
2023-12-13,2.7585,2.7771,2.7212,2.7678,17536500
2023-12-14,2.7978,2.8166,2.6945,2.7603,13022100
2023-12-15,2.7603,2.7978,2.7415,2.7697,8216800
2023-12-18,2.7509,2.8166,2.7509,2.7978,7551100
2023-12-19,2.8072,2.8166,2.7603,2.7978,8079700
2023-12-20,2.7978,2.8354,2.779,2.8072,10449700
2023-12-21,2.7884,2.8166,2.779,2.8166,5616500
2023-12-22,2.8166,2.8448,2.8072,2.826,7654000
2023-12-26,2.8166,2.826,2.7978,2.8166,11741000
2023-12-27,2.8166,2.826,2.8072,2.8166,7171000
2023-12-28,2.8166,2.8354,2.8072,2.826,10801200
2023-12-29,2.826,2.8354,2.8166,2.826,7101200
2024-01-02,2.826,2.8354,2.8072,2.826,8471300
2024-01-03,2.8166,2.826,2.779,2.7884,6611500
2024-01-04,2.7978,2.8448,2.7697,2.7978,9167700
2024-01-05,2.8166,2.9762,2.8166,2.9199,25461000
2024-01-08,2.9386,2.9668,2.9293,2.9574,20387800
2024-01-09,2.9762,2.995,2.948,2.9762,17994500
2024-01-10,2.9762,3.0513,2.9574,3.0138,14929900
2024-01-11,3.0138,3.0231,2.9856,2.995,13890400
2024-01-12,2.995,2.995,2.948,2.9574,7692600
2024-01-15,2.9668,3.0419,2.9574,3.0325,14105900
2024-01-16,3.0419,3.0419,2.9856,3.0138,7846100
2024-01-17,2.995,3.0044,2.9668,2.9856,8935000
2024-01-18,2.9668,3.0044,2.948,2.9762,10525000
2024-01-19,2.9856,3.0419,2.9856,3.0325,11802200
2024-01-22,3.0419,3.0701,3.0138,3.0419,9537200
2024-01-23,3.0513,3.0607,3.0231,3.0419,9918300
2024-01-24,3.0325,3.0795,3.0044,3.0138,11807100
2024-01-26,3.0138,3.0419,2.9856,3.0138,9979800
2024-01-29,3.0138,3.0795,2.995,3.0607,12898700
2024-01-30,3.0607,3.0889,3.0325,3.0607,7958500
2024-01-31,3.0419,3.0701,2.948,2.9856,13268400
2024-02-02,2.9856,3.0044,2.8823,2.9762,18196300
2024-02-05,2.9762,3.0325,2.9199,2.9199,11209100
2024-02-06,2.9105,3.0044,2.9105,3.0044,7723800
2024-02-07,2.995,3.0231,2.9574,2.9856,8660900
2024-02-08,3.0044,3.0138,2.9668,3.0044,6275600
2024-02-09,3.0044,3.0419,2.995,3.0231,2773000
2024-02-13,3.0231,3.0513,3.0231,3.0419,7704800
2024-02-14,3.0231,3.0325,2.9574,2.9762,10399000
2024-02-15,3.0044,3.0325,2.995,3.0325,9135400
2024-02-16,3.0325,3.0325,2.995,3.0325,6349100
2024-02-19,3.0325,3.0513,2.9856,3.0138,7323100
2024-02-20,3.0231,3.0419,2.9762,3.0325,10824200
2024-02-21,3.0325,3.0513,2.995,3.0513,6908600
2024-02-22,3.0607,3.1452,3.0325,3.1264,15941500
2024-02-23,3.1264,3.1452,3.0889,3.0983,10688000
2024-02-26,3.0889,3.0983,2.9668,2.9668,11353200
2024-02-27,2.9762,3.0044,2.8354,2.948,19644900
2024-02-28,2.9574,2.9574,2.8729,2.9011,13902700
2024-02-29,2.9011,2.9762,2.8729,2.9762,27429300
2024-03-01,2.9668,2.9668,2.9011,2.9199,7329800
2024-03-04,2.9199,2.9199,2.8729,2.8729,5908500
2024-03-05,2.8729,2.9386,2.8635,2.9293,10843700
2024-03-06,2.9105,2.9293,2.8917,2.9105,13481300
2024-03-07,2.9199,2.9386,2.8917,2.9105,14655900
2024-03-08,2.9105,2.9386,2.9105,2.9199,7658700
2024-03-11,2.9199,2.9574,2.9105,2.9199,10477000
2024-03-12,2.9199,2.9293,2.9011,2.9105,4121200
2024-03-13,2.9199,2.9574,2.9105,2.948,5953900
2024-03-14,2.9499,2.9594,2.9027,2.9594,8490200
2024-03-15,2.9499,2.9499,2.9121,2.9216,9135600
2024-03-18,2.9216,2.9405,2.9027,2.931,3110900
2024-03-19,2.931,2.9972,2.9216,2.9405,8332400
2024-03-20,2.9499,2.9688,2.9405,2.9405,6377200
2024-03-21,2.9499,3.0161,2.9499,3.0067,10689700
2024-03-22,3.0067,3.0728,2.9877,3.0728,8853400
2024-03-25,3.0728,3.0918,3.0067,3.035,7306500
2024-03-26,3.0445,3.0728,3.0445,3.0539,10655900
2024-03-27,3.0539,3.0539,2.9594,2.9877,10287600
2024-03-29,2.9877,3.0539,2.9877,3.0539,3602600
2024-04-01,3.0539,3.0539,2.9783,2.9972,4163700
2024-04-02,2.9972,3.0256,2.9783,3.0161,3467700
2024-04-03,3.0161,3.035,2.9972,3.0067,8007100
2024-04-04,3.0067,3.035,2.9877,2.9972,1639100
2024-04-05,2.9877,3.0161,2.9783,2.9877,5795600
2024-04-08,2.9877,3.0067,2.9783,2.9877,7276900
2024-04-09,2.9877,3.0067,2.9877,3.0067,3298600
2024-04-12,3.0067,3.0256,2.9877,2.9972,6799300
2024-04-15,2.9783,2.9877,2.9121,2.931,7236600
2024-04-16,2.9216,2.9499,2.8743,2.9216,7105900
2024-04-17,2.9216,2.9783,2.9216,2.9594,7341700
2024-04-18,2.9594,3.0067,2.9405,3.0067,11351300
2024-04-19,3.0067,3.0067,2.8554,2.8837,25708800
2024-04-22,2.8837,2.9216,2.8365,2.8743,12437400
2024-04-23,2.8932,2.9216,2.8837,2.8837,6841700
2024-04-24,2.8932,2.9499,2.8932,2.9405,6350200
2024-04-25,2.9405,2.9405,2.8932,2.8932,5208400
2024-04-26,2.8932,2.9121,2.8648,2.8648,9695600
2024-04-29,2.8837,2.9499,2.8743,2.9499,9372000
2024-04-30,2.931,2.9688,2.9216,2.9216,8703200
2024-05-02,2.9216,2.9594,2.8932,2.9405,9950800
2024-05-03,2.9499,2.9688,2.931,2.9499,8436000
2024-05-06,2.9594,3.0161,2.9499,3.0067,8939100
2024-05-07,3.0067,3.0445,3.0067,3.035,8249100
2024-05-08,3.035,3.0445,3.0067,3.0445,5228100
2024-05-09,3.0445,3.0445,2.9121,2.9216,18277500
2024-05-10,2.931,2.9405,2.8648,2.8932,19060900
2024-05-13,2.9027,2.9405,2.9027,2.9216,8434300
2024-05-14,2.9216,2.9405,2.9027,2.9216,9661900
2024-05-15,2.9499,2.9783,2.931,2.9594,8602400
2024-05-16,2.9688,2.9877,2.9499,2.9688,7818300
2024-05-17,2.9688,3.0067,2.9594,2.9972,8128500
2024-05-20,3.0067,3.0728,2.9972,3.035,18553500
2024-05-21,3.0445,3.0728,3.0445,3.0728,13885900
2024-05-23,3.0728,3.0823,3.0161,3.0539,8882800
2024-05-24,3.0539,3.2525,2.9783,3.2525,35072600
2024-05-27,3.2619,3.347,3.2241,3.2241,24639200
2024-05-28,3.2336,3.243,3.1768,3.2147,15333000
2024-05-29,3.2336,3.243,3.1768,3.2241,18675800
2024-05-30,3.2147,3.2241,3.1768,3.1768,11004100
2024-05-31,3.1768,3.1958,3.0728,3.0728,18890200
2024-06-04,3.0917,3.1485,3.0823,3.1201,16135100
2024-06-05,3.139,3.2336,3.139,3.2241,18010000
2024-06-06,3.2336,3.2903,3.1958,3.2147,19342400
2024-06-07,3.2327,3.2803,3.2232,3.2803,14106600
2024-06-10,3.2803,3.2993,3.2422,3.2993,8457300
2024-06-11,3.2898,3.3183,3.2803,3.3088,16652500
2024-06-12,3.3373,3.7652,3.3373,3.613,64956200
2024-06-13,3.7081,3.7462,3.5655,3.6986,41527800
2024-06-14,3.7081,3.7176,3.5845,3.6416,17528500
2024-06-18,3.6416,3.6606,3.575,3.613,22996100
2024-06-19,3.613,3.6511,3.5085,3.537,19603400
2024-06-20,3.518,3.5655,3.499,3.5085,7690300
2024-06-21,3.499,3.594,3.4894,3.5085,19991800
2024-06-24,3.5085,3.5275,3.4324,3.4704,12338400
2024-06-25,3.4419,3.518,3.4039,3.4704,12705400
2024-06-26,3.4799,3.5465,3.4799,3.499,7422700
2024-06-27,3.4799,3.518,3.4324,3.4894,9184700
2024-06-28,3.4894,3.5275,3.4704,3.518,11197500
2024-07-01,3.518,3.518,3.4799,3.5085,3272000
2024-07-02,3.518,3.6321,3.518,3.613,17100600
2024-07-03,3.6511,3.6986,3.6416,3.6891,16332000
2024-07-04,3.6986,3.6986,3.6226,3.6416,8987000
2024-07-05,3.6416,3.6606,3.613,3.6511,7909100
2024-07-09,3.6511,3.7271,3.6416,3.7271,13765100
2024-07-10,3.7271,3.7842,3.7176,3.7557,15190300
2024-07-11,3.7937,3.8317,3.7652,3.8032,17411200
2024-07-12,3.7652,3.7747,3.6891,3.7557,6748700
2024-07-15,3.7557,3.8032,3.7367,3.8032,7355500
2024-07-16,3.8032,3.8032,3.7652,3.7937,7429000
2024-07-17,3.7652,3.8032,3.7557,3.7747,13087700
2024-07-18,3.7081,3.7367,3.6511,3.7081,17304600
2024-07-19,3.6796,3.7081,3.6511,3.6606,6898400
2024-07-22,3.6606,3.6986,3.575,3.6321,8056900
2024-07-23,3.6606,3.6986,3.6035,3.6321,10210600
2024-07-24,3.613,3.6226,3.5845,3.6035,3600000
2024-07-25,3.518,3.556,3.4894,3.518,19228200
2024-07-26,3.5085,3.5465,3.499,3.518,9035500
2024-07-29,3.5465,3.556,3.5085,3.537,7643000
2024-07-30,3.537,3.613,3.518,3.594,9133500
2024-07-31,3.5845,3.594,3.4894,3.594,11561200
2024-08-01,3.613,3.6321,3.5465,3.594,7454300
2024-08-02,3.5275,3.5275,3.4039,3.4039,18474300
2024-08-05,3.3563,3.3563,2.995,3.1091,42420300
2024-08-06,3.1091,3.2708,3.0996,3.2327,23870500
2024-08-07,3.2327,3.3278,3.1852,3.2327,18749400
2024-08-08,3.1852,3.2993,3.1757,3.2327,7870500
2024-08-09,3.3088,3.4039,3.3088,3.3944,9060900
2024-08-12,3.4039,3.4799,3.3753,3.3944,7349100
2024-08-13,3.4229,3.4419,3.3658,3.4229,4803900
2024-08-14,3.4704,3.4799,3.4134,3.4229,4643400
2024-08-15,3.4229,3.4324,3.2993,3.3088,4681900
2024-08-16,3.3468,3.3849,3.3468,3.3753,7898200
2024-08-19,3.3944,3.3944,3.2613,3.2993,4317200
2024-08-20,3.3088,3.3183,3.2137,3.2613,10678300
2024-08-21,3.2422,3.3278,3.2422,3.3088,2385800
2024-08-22,3.3088,3.3658,3.3088,3.3468,3699700
2024-08-23,3.3468,3.3468,3.1662,3.1852,12123400
2024-08-26,3.1947,3.2803,3.1947,3.2042,8513300
2024-08-27,3.2042,3.2517,3.1947,3.2042,3282600
2024-08-28,3.1376,3.2613,2.9095,2.9475,24701500
2024-08-29,2.938,2.9855,2.8809,2.8904,17117700
2024-08-30,2.8999,3.0236,2.8999,2.995,19962200
2024-09-02,3.014,3.0901,2.9665,3.0711,7746700
2024-09-03,3.0806,3.0901,3.0045,3.0331,10177300
2024-09-04,2.9475,2.9855,2.8429,2.919,15344800
2024-09-05,2.9285,2.9475,2.7859,2.8144,14733200
2024-09-06,2.8144,2.8904,2.7954,2.8904,11390600
2024-09-09,2.8524,2.8619,2.8049,2.8239,4576100
2024-09-10,2.8524,2.8999,2.8239,2.8334,11792800
2024-09-11,2.8372,2.8468,2.7703,2.7894,4768100
2024-09-12,2.8659,2.885,2.8277,2.8659,11616500
2024-09-13,2.8945,2.9805,2.8372,2.9041,12254700
2024-09-17,2.9041,2.9136,2.799,2.8181,7262300
2024-09-18,2.8277,2.8754,2.8181,2.8754,2592100
2024-09-19,2.885,2.9614,2.8468,2.9614,9059000
2024-09-20,2.9996,3.0187,2.9327,2.9614,11790700
2024-09-23,2.9518,2.9614,2.8945,2.9614,7373400
2024-09-24,2.9614,2.9614,2.8468,2.8468,11006000
2024-09-25,2.8659,2.885,2.7703,2.7799,8474800
2024-09-26,2.8277,2.8277,2.7608,2.8181,8060600
2024-09-27,2.799,2.799,2.7608,2.7703,5617900
2024-09-30,2.7703,2.8086,2.7608,2.7703,5150900
2024-10-01,2.7799,2.8659,2.7703,2.8659,3500500
2024-10-02,2.8372,2.8563,2.7894,2.8563,3135100
2024-10-03,2.8563,2.8563,2.7894,2.7894,2434800
2024-10-04,2.7894,2.7894,2.7226,2.7512,11331600
2024-10-07,2.7703,2.8659,2.7608,2.8468,5250400
2024-10-08,2.8372,2.8372,2.7703,2.7799,5925600
2024-10-09,2.8181,2.8468,2.713,2.7321,13891000
2024-10-10,2.7512,2.7799,2.6653,2.7608,10602500
2024-10-11,2.7512,2.7512,2.6748,2.7035,11028500
2024-10-14,2.713,2.7226,2.6462,2.6748,6385500
2024-10-15,2.6844,2.7035,2.6462,2.6462,8453600
2024-10-16,2.6557,2.6557,2.5888,2.5984,12518700
2024-10-17,2.6079,2.6844,2.6079,2.6844,13363600
2024-10-18,2.6844,2.7417,2.6844,2.7035,6710500
2024-10-21,2.7035,2.7608,2.6844,2.7321,8315900
2024-10-22,2.7321,2.7512,2.7035,2.7226,6632700
2024-10-23,2.7226,2.7608,2.7035,2.7321,4924200
2024-10-24,2.7321,2.7417,2.7035,2.713,5362000
2024-10-25,2.7226,2.7226,2.6844,2.6939,4872000
2024-10-28,2.6939,2.7417,2.6939,2.713,4150300
2024-10-29,2.7226,2.7417,2.6844,2.713,5019900
2024-10-30,2.7226,2.7799,2.7035,2.7512,8029300
2024-11-01,2.6844,2.7417,2.6844,2.7321,6362300
2024-11-04,2.7321,2.7417,2.6939,2.713,4215200
2024-11-05,2.7226,2.7417,2.6748,2.7417,6005700
2024-11-06,2.7417,2.8659,2.7035,2.8563,20658000
2024-11-07,2.9136,3.076,2.9041,3.0474,54491300
2024-11-08,3.0283,3.0378,2.9136,2.9901,12264600
2024-11-11,2.9901,2.9901,2.8277,2.8372,8810000
2024-11-12,2.8372,2.8945,2.8277,2.8659,9116800
2024-11-13,2.8659,2.885,2.8277,2.8659,4591900
2024-11-14,2.8659,2.885,2.8277,2.8468,4584100
2024-11-15,2.8563,2.8659,2.7703,2.7703,6610400
2024-11-18,2.7703,2.8468,2.7226,2.8468,5046200
2024-11-19,2.8468,2.8563,2.7703,2.7799,4948100
2024-11-20,2.7894,2.8468,2.7894,2.8181,7205700
2024-11-21,2.8181,2.8277,2.7512,2.7703,5462700
2024-11-22,2.7703,2.7703,2.7321,2.7321,4199200
2024-11-25,2.7512,2.8086,2.7512,2.799,15131200
2024-11-26,2.799,2.8372,2.7703,2.8181,5080800
2024-11-27,2.8181,2.8563,2.799,2.8372,8935700
2024-11-28,2.8372,2.8372,2.713,2.7226,18781200
2024-11-29,2.713,2.7226,2.6366,2.6366,16080600
2024-12-02,2.627,2.6748,2.627,2.6462,9454900
2024-12-03,2.6557,2.7321,2.6557,2.7321,11578200
2024-12-04,2.7321,2.8181,2.7226,2.8181,12906800
2024-12-05,2.8181,2.8468,2.799,2.8086,8420000
2024-12-06,2.8181,2.8181,2.7799,2.8181,7754800
2024-12-09,2.8181,2.8468,2.799,2.8372,9691400
2024-12-10,2.8372,2.8659,2.8086,2.8563,10393800
2024-12-11,2.8659,2.8659,2.8276,2.8467,5981700
2024-12-12,2.8659,2.8947,2.8563,2.8755,15859500
2024-12-13,2.9713,3.0384,2.8947,3.0384,20840900
2024-12-16,3.0193,3.0672,2.9042,2.9713,13141800
2024-12-17,2.9809,3.0097,2.9426,2.9905,8270200
2024-12-18,2.9905,3.0001,2.933,2.9522,4580900
2024-12-19,2.9138,2.9618,2.8851,2.9618,5263000
2024-12-20,2.9618,2.9713,2.9042,2.9042,6817400
2024-12-23,2.9138,2.9713,2.9138,2.9234,4645400
2024-12-24,2.9234,2.9618,2.9138,2.9234,2157700
2024-12-26,2.933,2.9618,2.9138,2.9522,3593900
2024-12-27,2.9522,3.0001,2.9522,2.9713,3318500
2024-12-30,2.9618,2.9809,2.9138,2.933,5682100
2024-12-31,2.9234,2.9522,2.9138,2.933,5627200
2025-01-02,2.9234,2.9713,2.9138,2.9234,6470300
2025-01-03,2.9234,2.9426,2.8467,2.8563,10818700
2025-01-06,2.8467,2.8563,2.7892,2.8276,9133600
2025-01-07,2.8371,2.8947,2.8371,2.8659,9118800
2025-01-08,2.8563,2.8563,2.7509,2.7796,10063600
2025-01-09,2.7796,2.7988,2.703,2.7317,9163000
2025-01-10,2.7317,2.7605,2.6934,2.703,8228700
2025-01-13,2.6838,2.6934,2.6646,2.6646,8137600
2025-01-14,2.6742,2.7125,2.6071,2.6071,10891600
2025-01-15,2.6071,2.6454,2.5113,2.5208,15988600
2025-01-16,2.5879,2.655,2.5688,2.6263,7322000
2025-01-17,2.6167,2.6263,2.5496,2.6167,8747200
2025-01-20,2.6167,2.6167,2.5496,2.5496,11271400
2025-01-21,2.5496,2.655,2.54,2.6263,17274800
2025-01-22,2.6454,2.655,2.54,2.5592,10554500
2025-01-23,2.5592,2.5784,2.4729,2.5113,13001400
2025-01-24,2.5208,2.5208,2.425,2.4442,12097000
2025-01-27,2.4538,2.4921,2.425,2.4633,6882900
2025-01-28,2.4154,2.4442,2.31,2.4058,11250700
2025-01-31,2.425,2.4825,2.4154,2.425,8990100
2025-02-03,2.3962,2.4346,2.3483,2.3675,5630300
2025-02-04,2.3867,2.4154,2.3196,2.3483,8112000
2025-02-05,2.3579,2.4058,2.3196,2.3675,10479300
2025-02-06,2.3771,2.3771,2.31,2.3291,11172300
2025-02-07,2.3579,2.6359,2.3579,2.6071,38974800
2025-02-10,2.5975,2.6071,2.4633,2.5017,20719900
2025-02-12,2.5113,2.5496,2.4538,2.5113,22138900
2025-02-13,2.5113,2.5879,2.5017,2.5496,8594400
2025-02-14,2.5496,2.5592,2.5113,2.5304,6433500
2025-02-17,2.5304,2.54,2.4921,2.5113,9358300
2025-02-18,2.5017,2.5592,2.4729,2.5017,11927100
2025-02-19,2.4825,2.54,2.4825,2.5113,7174400
2025-02-20,2.5113,2.5879,2.5017,2.54,10427600
2025-02-21,2.5592,2.5688,2.2429,2.2525,39116500
2025-02-24,2.2045,2.2141,2.0799,2.147,38852000
2025-02-25,2.147,2.1566,2.0608,2.0608,24609800
2025-02-26,2.0608,2.1279,2.0608,2.0704,19356900
2025-02-27,2.0799,2.1662,2.0799,2.0991,36645600
2025-02-28,2.0799,2.1183,1.9841,1.9841,275081800
2025-03-03,2.0224,2.0416,1.9457,2.0033,25311000
2025-03-04,1.9745,1.9841,1.8882,1.917,19244000
2025-03-05,1.9362,1.9841,1.917,1.9266,18504600
2025-03-06,1.9553,2.032,1.9074,1.9841,17667100
2025-03-07,1.9649,2.0033,1.9266,1.9362,13278700
2025-03-10,1.9553,1.9841,1.8882,1.8882,9554600
2025-03-11,1.8691,1.8882,1.7924,1.8691,16915100
2025-03-12,1.8884,1.8884,1.811,1.8206,13349700
2025-03-13,1.8594,1.9659,1.8497,1.8884,14888600
2025-03-14,1.8788,1.9369,1.8594,1.9175,12711100
2025-03-17,1.9465,2.0046,1.9369,1.9465,13809400
2025-03-19,1.9465,1.9465,1.9175,1.9369,7517900
2025-03-20,1.9659,1.995,1.9175,1.9175,8771900
2025-03-21,1.9175,1.9659,1.9078,1.9465,10976300
2025-03-24,1.9465,1.9659,1.9175,1.9369,8943800
2025-03-25,1.9562,2.0531,1.9465,1.995,19784100
2025-03-26,2.0046,2.0046,1.9562,1.9756,15685700
2025-03-27,1.9562,2.0143,1.9465,2.0143,10339500
2025-03-28,2.0143,2.024,1.9659,1.9659,8216200
2025-04-02,1.9659,1.9853,1.9369,1.9659,5019400
2025-04-03,1.9369,2.0531,1.9272,1.9369,19700400
2025-04-04,1.9175,1.9272,1.811,1.8206,19537200
2025-04-07,1.7432,1.7432,1.4526,1.4914,47962500
2025-04-08,1.5979,1.627,1.4526,1.5011,50246000
2025-04-09,1.4526,1.5204,1.3752,1.4042,29643000
2025-04-10,1.8206,1.8206,1.5785,1.6657,69044400
2025-04-11,1.5495,1.656,1.5301,1.6076,25691500
2025-04-14,1.7432,1.7722,1.6948,1.7238,39990200
2025-04-15,1.7238,1.7238,1.656,1.7044,14173900
2025-04-16,1.6851,1.7238,1.6657,1.6754,11731000
2025-04-17,1.6463,1.6948,1.6463,1.6657,13730200
2025-04-18,1.6657,1.7044,1.6366,1.6851,11907100
2025-04-21,1.6948,1.7044,1.6366,1.656,17241100
2025-04-22,1.627,1.6657,1.627,1.656,8583800
2025-04-23,1.6948,1.7819,1.6754,1.7625,23718000
2025-04-24,1.7529,1.7819,1.7335,1.7432,14132900
2025-04-25,1.7819,1.8981,1.7722,1.8788,26335700
2025-04-28,1.8884,1.8884,1.811,1.8594,16615800
2025-04-29,1.8594,1.8884,1.84,1.8788,12068300
2025-04-30,1.8788,1.9078,1.8594,1.8594,16248900
2025-05-02,1.8691,1.9369,1.84,1.9272,20106300
2025-05-05,1.9369,1.9465,1.811,1.8303,25515900
2025-05-06,1.84,1.84,1.7819,1.84,7733300
2025-05-07,1.8497,1.8691,1.8206,1.8303,13771300
2025-05-08,1.84,1.9175,1.811,1.9175,17096800
2025-05-09,1.8981,1.9175,1.8594,1.8788,10003100
2025-05-13,1.9659,2.2274,1.9562,2.1402,82344200
2025-05-14,2.1693,2.1983,2.1305,2.1499,33230800
2025-05-15,2.1596,2.179,2.0724,2.1112,20440100
2025-05-16,2.0918,2.1112,2.0434,2.0434,13556300
2025-05-19,2.024,2.0337,1.9465,1.9465,14862900
2025-05-20,1.9853,2.0046,1.9465,1.9562,9475900
2025-05-21,1.9369,1.9369,1.811,1.811,36661800
2025-05-22,1.7722,1.8497,1.7625,1.84,12550500
2025-05-23,1.84,1.84,1.7916,1.8013,7528700
2025-05-26,1.8013,1.8013,1.7432,1.7819,16064500
2025-05-27,1.7819,1.8013,1.7432,1.7819,6913600
2025-05-28,1.8206,1.8303,1.7819,1.7916,10041500
2025-05-29,1.8206,1.8788,1.8013,1.8497,19271000
2025-05-30,1.8206,1.8691,1.811,1.8594,10227000
2025-06-03,1.8497,1.8691,1.8206,1.84,8116300
2025-06-04,1.8594,1.8594,1.8206,1.8594,4830700
2025-06-05,1.8594,1.9175,1.8497,1.9078,10595000
2025-06-06,1.8981,1.9175,1.8788,1.9078,5119700
2025-06-09,1.9205,1.9497,1.901,1.9302,6809100
2025-06-10,1.94,1.9887,1.9302,1.9692,7284200
2025-06-11,1.9692,1.9887,1.9497,1.979,8944300
2025-06-12,1.979,2.0082,1.9692,1.9985,8149300
2025-06-13,1.9595,1.9595,1.9107,1.9302,10214700
2025-06-16,1.9107,1.9107,1.8522,1.9107,16124300
2025-06-17,1.9107,1.9302,1.8912,1.901,5080900
2025-06-18,1.901,1.9107,1.8717,1.9107,4257400
2025-06-19,1.9205,1.9205,1.862,1.901,6252700
2025-06-20,1.8815,1.8815,1.8035,1.823,13341600
2025-06-23,1.7937,1.8522,1.784,1.8425,4647400
2025-06-24,1.8717,1.9107,1.862,1.8912,7211600
2025-06-25,1.9107,1.9302,1.901,1.9205,6149300
2025-06-26,1.9205,1.9985,1.9205,1.979,12521300
2025-06-30,2.018,2.0277,1.9497,1.9692,13594000
2025-07-01,1.979,1.979,1.94,1.9595,8177400
2025-07-02,1.94,1.9692,1.9205,1.9497,15978400
2025-07-03,1.9595,2.1155,1.94,2.096,44639000
2025-07-04,2.1057,2.1349,2.018,2.0277,21108800
2025-07-07,1.9497,2.0082,1.9107,1.9985,12980700
2025-07-08,1.9595,1.9595,1.8815,1.8815,32025700
2025-07-09,1.8912,1.9205,1.8522,1.8815,20105800
2025-07-10,1.9107,1.9107,1.8425,1.862,18845700
2025-07-11,1.8717,1.979,1.8522,1.979,23252500
2025-07-14,1.9692,2.0082,1.9302,2.0082,14261900
2025-07-15,2.0082,2.0375,1.979,2.0082,16385800
2025-07-16,2.0082,2.018,1.94,1.9595,6214700
2025-07-17,1.9302,1.9595,1.9205,1.9302,13671400
2025-07-18,1.9497,1.9985,1.9497,1.9887,8439400
2025-07-21,1.979,1.9887,1.9497,1.979,7502200
2025-07-22,1.9887,1.9985,1.94,1.94,4858700
2025-07-23,1.9595,1.9985,1.94,1.979,8020400
2025-07-24,2.0082,2.0375,1.9595,1.979,10868000
2025-07-25,1.9887,1.9887,1.94,1.9497,7819600
2025-07-28,1.9595,1.9887,1.9595,1.979,6319500
2025-07-29,1.9887,1.9887,1.94,1.9497,5126200
2025-07-30,1.9497,1.9985,1.9302,1.9985,5800600
2025-07-31,1.9985,2.1155,1.9595,2.057,28564800
2025-08-01,2.096,2.1155,2.0375,2.0765,17322800
2025-08-04,2.0472,2.057,1.9205,1.94,61241400
2025-08-05,1.9692,1.9692,1.9107,1.9205,19736100
2025-08-06,1.9107,1.9107,1.784,1.8132,54858700
2025-08-07,1.823,1.8912,1.7937,1.8425,32538400
2025-08-08,1.823,1.8327,1.7937,1.823,11224900
2025-08-11,1.823,1.8717,1.8035,1.8425,9773800
2025-08-12,1.8522,1.8717,1.8132,1.8327,10184900
2025-08-13,1.8522,1.94,1.8425,1.94,21703200
2025-08-14,1.94,1.94,1.8717,1.8912,8805700
2025-08-15,1.8912,1.9205,1.862,1.901,8601400
2025-08-18,1.901,1.901,1.8522,1.8815,8268000
2025-08-19,1.8912,1.9107,1.862,1.901,9748800
2025-08-20,1.8912,1.8912,1.8327,1.8912,11165100
2025-08-21,1.8815,1.8912,1.8425,1.862,9552700
2025-08-22,1.862,1.8717,1.8132,1.8717,14804700
2025-08-25,1.8912,1.9302,1.862,1.9302,22213900
2025-08-26,1.9302,1.9887,1.8815,1.9302,16781200
2025-08-27,1.94,1.9887,1.9205,1.979,13211700
2025-08-28,1.979,1.979,1.9205,1.9302,5813000
2025-08-29,1.9107,1.9985,1.901,1.979,12221200
2025-09-02,1.979,1.979,1.9107,1.94,6029100
2025-09-03,1.94,1.9887,1.9302,1.9887,9900700
2025-09-04,1.9985,2.018,1.9205,1.94,13039400
2025-09-08,1.9497,1.9985,1.9497,1.979,9142100
2025-09-09,1.9887,1.9985,1.9497,1.9985,8223200
2025-09-10,2.0082,2.0082,1.9595,1.979,4479100
2025-09-11,1.979,2.0082,1.9692,1.9887,7449200
2025-09-12,1.9985,2.0375,1.9887,2.018,12179800
2025-09-17,2.0297,2.0984,2.0297,2.0297,18898400
2025-09-18,2.0395,2.0984,2.0199,2.0788,12379300
2025-09-19,2.0788,2.1278,2.0493,2.118,21206500
2025-09-22,2.1278,2.1474,2.0788,2.118,9406000
2025-09-23,2.1278,2.1572,2.1082,2.118,11168500
2025-09-24,2.1082,2.1572,2.0984,2.1572,8743600
2025-09-25,2.1572,2.167,2.1082,2.1082,6755200
2025-09-26,2.1082,2.1082,2.0395,2.0591,13832100
2025-09-29,2.0591,2.069,2.0199,2.0395,7291800
2025-09-30,2.0395,2.069,2.0199,2.0297,6768000
2025-10-01,2.0395,2.0984,2.0297,2.069,12048800
2025-10-02,2.0984,2.3043,2.0984,2.3043,45055000
2025-10-03,2.3043,2.3337,2.2651,2.3141,15951000
2025-10-06,2.3239,2.3337,2.2062,2.2749,15989000
2025-10-07,2.2847,2.3239,2.2455,2.3141,17737800
2025-10-08,2.3141,2.3337,2.2651,2.3239,7425900
2025-10-09,2.3239,2.4416,2.3043,2.4219,32210900
2025-10-10,2.4121,2.4318,2.3827,2.3925,12207100
2025-10-13,2.3239,2.3729,2.2749,2.3435,15235500
2025-10-14,2.3827,2.3827,2.2651,2.2749,16121100
2025-10-15,2.2847,2.3631,2.2847,2.3435,13311100
2025-10-16,2.3435,2.471,2.3435,2.4514,25696700
2025-10-17,2.4416,2.4514,2.3141,2.3533,17143900
2025-10-21,2.4416,2.4808,2.4023,2.4612,23896300
2025-10-22,2.4612,2.4612,2.3827,2.4121,7745300
2025-10-23,2.3925,2.4416,2.3631,2.4416,7750300
2025-10-24,2.4318,2.4808,2.4219,2.4612,11096100
2025-10-27,2.5298,2.5788,2.5102,2.5592,25057600
2025-10-28,2.5592,2.5984,2.5396,2.5886,18353900
2025-10-29,2.5886,2.6181,2.5592,2.5886,12664100
2025-10-30,2.5984,2.5984,2.5396,2.5592,8726900
2025-10-31,2.5592,2.5886,2.5396,2.569,8242700
2025-11-03,2.5886,2.5886,2.4612,2.4808,9062900
2025-11-04,2.4808,2.4906,2.4023,2.4219,8390900
2025-11-05,2.3827,2.4318,2.3435,2.4318,14143800
2025-11-06,2.4318,2.4808,2.3631,2.3827,10447100
2025-11-07,2.3631,2.4612,2.3533,2.4612,7491700
2025-11-10,2.4612,2.5298,2.4416,2.4906,6326300
2025-11-11,2.5102,2.5298,2.471,2.471,4693300
2025-11-12,2.471,2.5102,2.4612,2.4906,3364700
2025-11-13,2.4808,2.5004,2.4612,2.471,3846500
2025-11-14,2.4219,2.4318,2.3533,2.3631,10636400
2025-11-17,2.3729,2.4023,2.3533,2.3631,4910600
2025-11-18,2.3337,2.3631,2.3043,2.3631,7914200
2025-11-19,2.3533,2.3631,2.2651,2.3631,11503100
2025-11-20,2.3827,2.3925,2.3533,2.3729,8059400
2025-11-21,2.3337,2.3729,2.2847,2.3729,6819200
2025-11-24,2.3729,2.3827,2.3239,2.3435,4824400
2025-11-25,2.3631,2.3827,2.3435,2.3631,5905900
2025-11-26,2.3533,2.3827,2.3239,2.3337,4375500
2025-11-27,2.3337,2.3435,2.3141,2.3337,3669500
2025-11-28,2.2455,2.2749,2.1376,2.1474,31299000
2025-12-01,2.1376,2.1376,1.8925,1.8925,48854600
2025-12-02,1.9121,1.9415,1.814,1.8434,30530900
2025-12-03,1.8434,1.8728,1.8238,1.8532,22406700
2025-12-04,1.863,1.8826,1.814,1.814,17200600
2025-12-05,1.814,1.8336,1.7748,1.7944,19632400
2025-12-08,1.7944,1.8532,1.7846,1.8238,8961500
2025-12-09,1.8238,1.8336,1.7846,1.814,10746900
2025-12-10,1.8042,1.8238,1.7846,1.814,11194000
2025-12-11,1.8336,1.8532,1.8042,1.8042,17641400
2025-12-12,1.814,1.8238,1.7748,1.7944,18575800
2025-12-15,1.7846,1.8042,1.7748,1.7944,7806300
2025-12-16,1.7944,1.7944,1.7258,1.7356,20310700
2025-12-17,1.7191,1.7685,1.7092,1.7685,15301800
2025-12-18,1.7487,1.7783,1.7289,1.7685,4895800
2025-12-19,1.7783,1.7981,1.7289,1.7388,9148700
2025-12-22,1.7586,1.7586,1.7289,1.7289,7261100
2025-12-23,1.7388,1.7685,1.7388,1.7586,6134000
2025-12-24,1.7586,1.7783,1.7388,1.7586,6461300
2025-12-26,1.7586,1.7685,1.6993,1.7092,13984500
2025-12-29,1.7092,1.7388,1.7092,1.7191,9938400
2025-12-30,1.7191,1.7586,1.6697,1.6795,20732900
2025-12-31,1.6795,1.7092,1.6203,1.6598,36627600
2026-01-02,1.6697,1.7289,1.6598,1.7191,24753900
2026-01-05,1.7092,1.7586,1.6993,1.7388,7369800
2026-01-06,1.7388,1.7882,1.7289,1.7882,13804600
2026-01-07,1.7882,1.7981,1.7586,1.7685,10805800
2026-01-08,1.7586,1.8277,1.7487,1.808,11775400
2026-01-09,1.808,1.8574,1.7783,1.8376,11664500
2026-01-12,1.8376,1.8475,1.8179,1.8376,13303800
2026-01-13,1.8475,1.8673,1.8376,1.8475,10035700
2026-01-14,1.8475,1.887,1.8376,1.8574,13761300
2026-01-15,1.8574,1.9265,1.8475,1.9167,16417400
2026-01-16,1.9265,1.9463,1.8969,1.9364,8807900
2026-01-19,1.9364,1.9364,1.9364,1.9364,0
2026-01-20,1.8574,1.8574,1.7981,1.8277,11415700
2026-01-21,1.8179,1.8376,1.7783,1.808,12200200
2026-01-22,1.8277,1.8475,1.7882,1.8179,14087800
2026-01-23,1.8277,1.8277,1.7685,1.7685,9991700
2026-01-26,1.7586,1.7586,1.6795,1.6894,27631200
2026-01-27,1.6993,1.7092,1.6795,1.6993,16218300
2026-01-28,1.6993,1.7092,1.64,1.64,20265000
2026-01-29,1.6499,1.6499,1.561,1.5808,20437300
2026-01-30,1.5808,1.6005,1.5511,1.5906,11120800
2026-02-03,1.6005,1.6203,1.5906,1.6005,9622500
2026-02-04,1.6005,1.6005,1.561,1.561,6014600
2026-02-05,1.561,1.561,1.4721,1.5017,19942700
2026-02-06,1.4918,1.5116,1.4721,1.5017,8132500
2026-02-09,1.5412,1.5511,1.5215,1.5412,8153000
2026-02-10,1.5511,1.5511,1.4918,1.5116,9401400
2026-02-11,1.5116,1.5215,1.4918,1.5116,6888800
2026-02-12,1.5116,1.5215,1.4918,1.5116,7051300
2026-02-13,1.5017,1.5017,1.4721,1.482,12353000
2026-02-16,1.482,1.4918,1.4721,1.4918,3646100
2026-02-19,1.4918,1.5314,1.482,1.5116,7318900
2026-02-20,1.5116,1.5314,1.4918,1.4918,3030700
2026-02-23,1.5116,1.5511,1.482,1.4918,8641700
2026-02-24,1.482,1.482,1.4622,1.4622,7960700
2026-02-25,1.482,1.5017,1.4721,1.482,5794200
2026-02-26,1.482,1.4918,1.4622,1.4918,8447300
2026-02-27,1.4523,1.4622,1.393,1.4029,28851900
2026-03-02,1.3733,1.393,1.3338,1.3535,17922700
2026-03-03,1.3634,1.4029,1.3436,1.3634,8509200
2026-03-04,1.3634,1.3733,1.2844,1.2942,12147400
2026-03-05,1.3338,1.3436,1.2942,1.3041,10430500
2026-03-06,1.3041,1.3239,1.2745,1.3041,14376000
2026-03-09,1.2745,1.2844,1.1954,1.1954,37017200
2026-03-10,1.2547,1.2942,1.2251,1.2547,35444100
2026-03-11,1.2745,1.2844,1.2448,1.2547,12146000
2026-03-12,1.235,1.2942,1.235,1.2844,20482200
2026-03-13,1.2745,1.3436,1.2646,1.3239,15694700
2026-03-16,1.3436,1.3436,1.2942,1.314,5442200
2026-03-17,1.3339,1.3439,1.324,1.324,3739400
2026-03-18,1.3439,1.3837,1.3339,1.3538,8226600
2026-03-19,1.3339,1.3638,1.314,1.314,15540000
2026-03-20,1.314,1.314,1.314,1.314,0
2026-03-24,1.324,1.3339,1.2841,1.324,6763700
2026-03-25,1.3439,1.3439,1.2841,1.304,8111300
2026-03-26,1.304,1.3737,1.2841,1.3737,12616800
2026-03-27,1.3538,1.3638,1.304,1.304,10854500
2026-03-30,1.2941,1.304,1.2443,1.2642,17106400
2026-03-31,1.2742,1.2941,1.2543,1.2841,13642100
2026-04-01,1.314,1.4036,1.2642,1.3837,38602700
2026-04-02,1.4135,1.4135,1.304,1.3439,20393400
2026-04-03,1.3538,1.4633,1.3439,1.4534,23202000
2026-04-06,1.4534,1.4932,1.4434,1.4633,22729300
2026-04-07,1.4633,1.4633,1.4036,1.4135,9275300
2026-04-08,1.4832,1.5031,1.4434,1.4832,16318800
2026-04-09,1.4832,1.4832,1.4434,1.4434,18918400
2026-04-10,1.4633,1.4733,1.4135,1.4235,10214300
2026-04-13,1.4135,1.4135,1.3936,1.3936,7440100
2026-04-14,1.4235,1.4832,1.4235,1.4733,14771400
2026-04-15,1.4932,1.533,1.4832,1.523,25720500
2026-04-16,1.543,1.6724,1.543,1.6425,57971900
2026-04-17,1.6624,1.6624,1.6027,1.6425,13096000
2026-04-20,1.6425,1.7819,1.6425,1.762,75613700
2026-04-21,1.7719,1.8217,1.752,1.8117,45506300
2026-04-22,1.8018,1.8217,1.762,1.7819,21381800
2026-04-23,1.8018,1.8416,1.7918,1.8117,27381900
2026-04-24,1.8117,1.8316,1.7918,1.8117,13662200
2026-04-27,1.8217,2.1004,1.8217,2.0506,112957400
2026-04-28,2.0606,2.1104,2.0009,2.1004,35498100
2026-04-29,2.1004,2.1004,2.0009,2.0407,44138900
2026-04-30,2.0407,2.0506,1.9411,1.961,27360000
2026-05-04,2.0108,2.0208,1.9411,1.961,15652500
2026-05-05,1.9511,1.971,1.9113,1.9411,22133000
2026-05-06,1.981,2.0108,1.971,2.0009,29717400
2026-05-07,2.0407,2.0705,1.971,1.981,25404000
2026-05-08,1.971,1.981,1.9013,1.9113,24295000
2026-05-11,1.9411,1.9511,1.8715,1.9013,21970600
2026-05-12,1.9113,1.9411,1.8814,1.8814,22147600
2026-05-13,1.8715,1.9511,1.8515,1.9411,22251600
2026-05-14,1.9511,1.971,1.9113,1.961,23000800
2026-05-15,1.971,1.981,1.8715,1.9212,18160200
2026-05-18,1.8814,1.9013,1.8316,1.8814,13703800
2026-05-19,1.8814,1.8914,1.8515,1.8715,10643700
2026-05-20,1.8715,1.8914,1.8316,1.8615,9110800
2026-05-21,1.8715,1.9013,1.8515,1.8615,10912900
2026-05-22,1.8715,1.9909,1.8715,1.961,23347500
2026-05-25,1.981,1.9909,1.9212,1.971,10428400
2026-05-26,1.8914,2.2199,1.8615,2.2099,123424700
2026-05-27,2.2099,2.2099,2.2099,2.2099,0
2026-05-28,2.2,2.3493,2.19,2.3393,66467100
2026-05-29,2.3294,2.409,2.2796,2.3294,32893400
2026-06-02,2.3294,2.3294,2.3294,2.3294,0
2026-06-03,2.3393,2.409,2.3095,2.3493,20312700
2026-06-04,2.2995,2.3294,2.2597,2.3095,23661900
2026-06-05,2.3095,2.3194,2.2298,2.2398,16938400
2026-06-08,2.1601,2.2298,2.1104,2.2199,20586300
2026-06-09,2.2099,2.2597,2.1601,2.2597,11783300
2026-06-10,2.2497,2.2497,2.2,2.2398,13030700
2026-06-11,2.2199,2.2298,2.18,2.19,15591100
2026-06-12,2.22,2.23,2.15,2.16,35653300
2026-06-15,2.19,2.33,2.19,2.29,35975100
2026-06-16,2.29,2.31,2.25,2.26,21089300
2026-06-18,2.28,2.29,2.18,2.22,14365100
2026-06-19,2.23,2.29,2.22,2.25,21770800
2026-06-22,2.25,2.31,2.23,2.27,23232200
2026-06-23,2.27,2.27,2.16,2.18,13425800
2026-06-24,2.17,2.21,2.12,2.19,15966700
2026-06-25,2.2,2.28,2.2,2.25,21673100
2026-06-26,2.23,2.25,2.16,2.2,16835000
2026-06-29,2.17,2.26,2.15,2.25,11655800
2026-06-30,2.27,2.31,2.21,2.26,29948300
2026-07-01,2.26,2.37,2.26,2.32,33568400
2026-07-02,2.29,2.3,2.21,2.22,14205700
2026-07-03,2.21,2.25,2.19,2.21,13579800
2026-07-06,2.21,2.21,2.16,2.17,10703200
2026-07-07,2.17,2.22,2.16,2.19,11613300
2026-07-08,2.18,2.2,2.17,2.18,6594900
2026-07-09,2.2,2.25,2.18,2.23,8604400
2026-07-10,2.24,2.25,2.18,2.18,8494600
2026-07-13,2.18,2.19,2.16,2.16,4757300
2026-07-14,2.15,2.17,2.08,2.17,17694800
2026-07-15,2.18,2.21,2.17,2.18,8360600
2026-07-16,2.18,2.23,2.17,2.2,5355400
2026-07-17,2.19,2.19,2.13,2.17,13133400
2026-07-20,2.16,2.31,2.16,2.28,47685400
2026-07-21,2.28,2.32,2.26,2.3,22284400
2026-07-22,2.31,2.33,2.25,2.29,12986000
2026-07-23,2.29,2.3,2.23,2.23,10580200
2026-07-24,2.22,2.22,2.18,2.2,8561400
2026-07-27,2.22,2.25,2.2,2.23,12450900
2026-07-28,2.2,2.21,2.15,2.17,15682200
2026-07-29,2.18,2.18,2.13,2.14,16950700
2026-07-30,2.11,2.14,2.09,2.12,12615000
2026-07-31,2.16,2.25,2.16,2.22,27122500
2026-08-03,2.22,2.23,2.17,2.19,14169700
2026-08-04,2.21,2.24,2.19,2.21,8935700
2026-08-05,2.26,2.43,2.26,2.41,69940800
2026-08-06,2.41,2.45,2.38,2.45,26125000
2026-08-07,2.45,2.45,2.35,2.4,42816000
2026-08-10,2.4,2.52,2.4,2.52,29277800
2026-08-11,2.52,2.52,2.45,2.5,15694700
2026-08-12,2.49,2.53,2.46,2.5,20832800
2026-08-13,2.51,2.51,2.4,2.44,19862500
2026-08-14,2.44,2.46,2.42,2.42,8893600
2026-08-17,0.0,0.0,0.0,2.42,0
