date,open,high,low,close,volume
2016-08-11,3.3795,3.3863,3.3658,3.3863,4883000
2016-08-12,3.3795,3.4067,3.3795,3.3931,6853900
2016-08-15,3.4067,3.4067,3.3795,3.3931,2024900
2016-08-16,3.3795,3.4067,3.3795,3.3999,4119400
2016-08-17,3.3999,3.4067,3.3931,3.3999,3486500
2016-08-18,3.3999,3.4272,3.3863,3.4272,6546600
2016-08-19,3.434,3.4544,3.3999,3.4067,3637500
2016-08-22,3.3999,3.4272,3.3863,3.4135,2708300
2016-08-23,3.3999,3.4135,3.3999,3.4067,5504600
2016-08-24,3.4135,3.4135,3.3999,3.4135,1660700
2016-08-25,3.4067,3.434,3.4067,3.4204,4190600
2016-08-26,3.4204,3.434,3.4067,3.4272,4891200
2016-08-29,3.4368,3.4644,3.4299,3.4437,3248800
2016-08-30,3.4575,3.4713,3.4437,3.4575,6666400
2016-09-01,3.4575,3.4712,3.4024,3.4506,6565300
2016-09-02,3.4575,3.4575,3.4162,3.4506,6736700
2016-09-05,3.423,3.4781,3.423,3.4575,6034300
2016-09-06,3.4575,3.4781,3.4575,3.4781,6030600
2016-09-07,3.4506,3.4988,3.4506,3.4988,8119300
2016-09-08,3.5057,3.5057,3.4919,3.4988,7953800
2016-09-09,3.4988,3.5057,3.4781,3.4988,1828800
2016-09-13,3.4623,3.4759,3.4147,3.4691,8030100
2016-09-14,3.4555,3.4691,3.4215,3.4283,10353800
2016-09-15,3.4351,3.4351,3.3739,3.3739,14443300
2016-09-19,3.3603,3.3603,3.2719,3.2719,8676400
2016-09-20,3.2719,3.2787,3.2175,3.2719,5062600
2016-09-21,3.2651,3.3059,3.2447,3.3059,6780100
2016-09-22,3.2991,3.4283,3.2855,3.4283,6769800
2016-09-23,3.4011,3.4351,3.3671,3.4283,8099400
2016-09-26,3.4011,3.4147,3.3875,3.4011,4244600
2016-09-27,3.4011,3.4079,3.3807,3.3875,5309000
2016-09-28,3.4011,3.4283,3.3875,3.4011,6745300
2016-09-29,3.4011,3.4215,3.3943,3.4079,4077700
2016-09-30,3.4079,3.4147,3.3875,3.3875,5314400
2016-10-04,3.3875,3.4283,3.3875,3.4079,7946900
2016-10-05,3.4147,3.4215,3.4011,3.4147,11781200
2016-10-06,3.4147,3.4215,3.4079,3.4147,9750500
2016-10-07,3.4147,3.4215,3.4011,3.4079,5589800
2016-10-10,3.4011,3.4079,3.3807,3.4011,6971600
2016-10-11,3.3807,3.4215,3.3807,3.4011,5948300
2016-10-12,3.3943,3.4079,3.3671,3.3943,1992600
2016-10-13,3.4011,3.4079,3.3535,3.4079,4865400
2016-10-14,3.4079,3.4079,3.3739,3.4011,4343600
2016-10-17,3.4079,3.4079,3.3603,3.3807,4649100
2016-10-18,3.3807,3.4011,3.3671,3.4011,8577900
2016-10-19,3.4011,3.4079,3.3943,3.4011,3675900
2016-10-20,3.4079,3.4147,3.3943,3.4011,4276800
2016-10-21,3.4011,3.4147,3.3671,3.3671,4975100
2016-10-24,3.3807,3.4147,3.3739,3.4079,5208100
2016-10-25,3.4147,3.4215,3.3535,3.4147,3436900
2016-10-26,3.4147,3.4147,3.3875,3.4147,7115100
2016-10-27,3.4147,3.4215,3.4147,3.4215,3110600
2016-10-28,3.4147,3.4215,3.3739,3.4215,8155000
2016-10-31,3.4351,3.4351,3.3671,3.4215,7196800
2016-11-01,3.4011,3.4283,3.3943,3.4215,4293000
2016-11-02,3.4215,3.4283,3.3807,3.3943,3787200
2016-11-03,3.4215,3.4215,3.3943,3.4079,4764000
2016-11-04,3.4147,3.4283,3.3807,3.4283,3556600
2016-11-07,3.3943,3.4147,3.3875,3.4011,5677100
2016-11-08,3.4011,3.4283,3.4011,3.4283,7989600
2016-11-09,3.3943,3.4283,3.3807,3.4147,8971400
2016-11-10,3.3943,3.4351,3.3943,3.4147,11411900
2016-11-11,3.3807,3.4147,3.3399,3.3943,12826700
2016-11-14,3.3943,3.3943,3.3195,3.3467,9621100
2016-11-15,3.3467,3.3943,3.3467,3.3875,6404500
2016-11-16,3.4011,3.4147,3.3875,3.3943,7358600
2016-11-17,3.4011,3.4079,3.3535,3.4011,4728700
2016-11-18,3.3943,3.4011,3.3671,3.3943,8117000
2016-11-21,3.4011,3.4011,3.3807,3.3943,1787600
2016-11-22,3.4011,3.4079,3.3603,3.3943,6848500
2016-11-23,3.4011,3.4011,3.3739,3.3943,9563600
2016-11-24,3.3943,3.3943,3.3671,3.3807,5922500
2016-11-25,3.3671,3.3875,3.3671,3.3807,5447100
2016-11-28,3.3807,3.3875,3.3739,3.3807,7120300
2016-11-29,3.3917,3.4192,3.3711,3.4055,6948400
2016-11-30,3.4192,3.433,3.3504,3.3504,22331700
2016-12-01,3.3711,3.4124,3.3573,3.4055,4428600
2016-12-02,3.4055,3.4261,3.3986,3.4055,3060100
2016-12-05,3.378,3.433,3.378,3.4124,2477500
2016-12-06,3.4192,3.433,3.4055,3.4261,2789100
2016-12-07,3.4192,3.433,3.4124,3.4261,4528000
2016-12-08,3.433,3.4399,3.4192,3.433,6332900
2016-12-09,3.4055,3.4399,3.4055,3.433,4804500
2016-12-13,3.4399,3.4399,3.4124,3.4261,10664600
2016-12-14,3.4124,3.433,3.4124,3.4261,4401000
2016-12-15,3.3986,3.433,3.3917,3.4192,4744500
2016-12-16,3.3986,3.4192,3.3986,3.4124,7880700
2016-12-19,3.3986,3.4399,3.3986,3.4261,2848800
2016-12-20,3.4399,3.4399,3.4192,3.433,4015500
2016-12-21,3.4399,3.4399,3.4192,3.4261,4749800
2016-12-22,3.433,3.4399,3.4055,3.4192,5401100
2016-12-23,3.4192,3.433,3.4055,3.4055,3526200
2016-12-27,3.3917,3.4192,3.3917,3.3917,3708000
2016-12-28,3.3917,3.433,3.3917,3.3986,4108700
2016-12-29,3.3986,3.4261,3.3848,3.4124,5459500
2016-12-30,3.4055,3.4192,3.3229,3.3229,11288000
2017-01-02,3.3229,3.3229,3.3229,3.3229,0
2017-01-03,3.3436,3.3504,3.3229,3.3436,4570000
2017-01-04,3.3436,3.3711,3.3367,3.3642,6052900
2017-01-05,3.3573,3.378,3.3504,3.3711,5411700
2017-01-06,3.3711,3.3848,3.3573,3.378,4685800
2017-01-09,3.378,3.3848,3.3642,3.3711,4146800
2017-01-10,3.378,3.3986,3.3642,3.3711,5758500
2017-01-11,3.3917,3.3917,3.3642,3.378,2319500
2017-01-12,3.3848,3.433,3.3573,3.3573,4783500
2017-01-13,3.3642,3.3917,3.3642,3.378,6308500
2017-01-16,3.3711,3.378,3.3367,3.3642,8872100
2017-01-17,3.3711,3.4055,3.3573,3.4055,10771200
2017-01-18,3.4055,3.4192,3.3642,3.3642,4129900
2017-01-19,3.3711,3.378,3.3436,3.378,9386700
2017-01-20,3.3848,3.3986,3.3711,3.3848,9879300
2017-01-23,3.3848,3.4124,3.378,3.3848,8316000
2017-01-24,3.4055,3.4055,3.3711,3.3986,11086100
2017-01-25,3.4055,3.4055,3.3642,3.378,7517600
2017-01-26,3.3711,3.4055,3.3573,3.378,7966500
2017-01-27,3.3917,3.3917,3.3642,3.3917,3458200
2017-01-31,3.3848,3.4399,3.3642,3.4124,5152700
2017-02-02,3.3917,3.4536,3.3917,3.4468,7954700
2017-02-03,3.4399,3.4812,3.4261,3.4743,8169600
2017-02-06,3.4743,3.5156,3.4468,3.5087,8051100
2017-02-07,3.5087,3.5293,3.4949,3.5087,12309500
2017-02-08,3.5087,3.5224,3.4605,3.4605,9981400
2017-02-10,3.4674,3.5018,3.4536,3.5018,9399200
2017-02-13,3.4674,3.5224,3.4674,3.5156,12078700
2017-02-14,3.5156,3.5156,3.4812,3.5018,9071800
2017-02-15,3.5087,3.5156,3.4674,3.4812,6032300
2017-02-16,3.488,3.5018,3.4812,3.488,5668700
2017-02-17,3.488,3.4949,3.4743,3.4743,6429300
2017-02-20,3.4743,3.5087,3.4605,3.5018,6061400
2017-02-21,3.4812,3.5224,3.4812,3.5018,7024900
2017-02-22,3.5087,3.5156,3.488,3.5018,7151300
2017-02-23,3.488,3.4949,3.4812,3.4812,6812300
2017-02-24,3.4743,3.488,3.4468,3.4536,7059900
2017-02-27,3.4536,3.488,3.4399,3.4536,6405400
2017-02-28,3.4468,3.4674,3.4055,3.4674,13956200
2017-03-01,3.473,3.5077,3.473,3.4869,5534700
2017-03-02,3.473,3.5424,3.473,3.4869,7242400
2017-03-03,3.4869,3.4938,3.4521,3.466,4352700
2017-03-06,3.473,3.5007,3.4591,3.5007,3847100
2017-03-07,3.5007,3.5216,3.5007,3.5216,5483200
2017-03-08,3.5285,3.5355,3.5216,3.5285,1182500
2017-03-09,3.5216,3.5424,3.5216,3.5285,3715900
2017-03-10,3.5146,3.5424,3.5146,3.5424,3441200
2017-03-13,3.5285,3.5771,3.5285,3.5702,6293200
2017-03-14,3.5424,3.5702,3.5146,3.5633,7984600
2017-03-15,3.5702,3.5702,3.5355,3.5563,5780600
2017-03-16,3.5702,3.5771,3.5563,3.5771,7473200
2017-03-17,3.5771,3.5841,3.5702,3.5771,17573600
2017-03-20,3.5563,3.598,3.5285,3.5563,6190500
2017-03-21,3.5702,3.5702,3.5424,3.5633,8328500
2017-03-22,3.5633,3.5702,3.5355,3.5633,7905200
2017-03-23,3.5771,3.591,3.5633,3.5702,5821000
2017-03-24,3.5563,3.5771,3.5494,3.5702,6002800
2017-03-27,3.5771,3.591,3.5563,3.5771,6885400
2017-03-28,3.591,3.591,3.5771,3.591,9879700
2017-03-29,3.598,3.598,3.5702,3.5841,6016800
2017-03-30,3.5841,3.6049,3.5841,3.591,6598900
2017-03-31,3.5563,3.5633,3.5424,3.5633,5496000
2017-04-03,3.5494,3.5633,3.5216,3.5563,5047000
2017-04-04,3.5424,3.5563,3.5424,3.5494,4927800
2017-04-05,3.5563,3.5563,3.5285,3.5424,6584900
2017-04-06,3.5424,3.5424,3.5216,3.5285,6755100
2017-04-07,3.5285,3.5355,3.5216,3.5355,5300500
2017-04-10,3.5355,3.5424,3.5285,3.5424,5436300
2017-04-11,3.5424,3.5424,3.5146,3.5355,4841600
2017-04-12,3.5355,3.5563,3.5216,3.5424,5248100
2017-04-13,3.5216,3.5563,3.5216,3.5424,3346100
2017-04-14,3.5424,3.5494,3.5285,3.5424,4908600
2017-04-17,3.5424,3.5633,3.5285,3.5424,1866800
2017-04-18,3.5563,3.5771,3.5494,3.5702,4977600
2017-04-19,3.5771,3.5841,3.5494,3.5702,2633700
2017-04-20,3.5702,3.5771,3.5633,3.5771,5580700
2017-04-21,3.5771,3.591,3.5702,3.591,2253900
2017-04-24,3.591,3.591,3.591,3.591,0
2017-04-25,3.6049,3.6049,3.5633,3.598,8157200
2017-04-26,3.5771,3.5841,3.5633,3.5841,6978800
2017-04-27,3.5771,3.598,3.5563,3.5771,2228400
2017-04-28,3.591,3.591,3.5285,3.5702,9213900
2017-05-02,3.5633,3.5633,3.4799,3.4938,10082100
2017-05-03,3.4938,3.5007,3.473,3.4799,8019000
2017-05-04,3.4799,3.4799,3.466,3.4799,6067700
2017-05-05,3.4799,3.5146,3.4799,3.5146,4682400
2017-05-08,3.4869,3.5285,3.4799,3.5216,4607900
2017-05-09,3.5285,3.5285,3.4938,3.5216,3732600
2017-05-11,3.5216,3.5355,3.4869,3.5285,7577200
2017-05-12,3.5285,3.5424,3.5285,3.5424,2025400
2017-05-15,3.5424,3.5494,3.5355,3.5494,3834400
2017-05-16,3.5563,3.5563,3.473,3.4799,9756400
2017-05-17,3.473,3.4869,3.466,3.4869,9868800
2017-05-18,3.4799,3.4799,3.4243,3.466,7233600
2017-05-19,3.466,3.4799,3.466,3.4799,8112800
2017-05-22,3.473,3.4938,3.4521,3.4938,4865700
2017-05-23,3.5077,3.5077,3.473,3.4869,2443500
2017-05-24,3.4869,3.5007,3.473,3.4938,3133500
2017-05-25,3.5077,3.5077,3.473,3.4938,4547400
2017-05-26,3.5007,3.5146,3.4799,3.5146,4415100
2017-05-29,3.5336,3.5336,3.4705,3.4985,7253400
2017-05-31,3.5125,3.5125,3.4564,3.4705,37475200
2017-06-01,3.4705,3.5055,3.4635,3.4705,5441000
2017-06-02,3.4985,3.4985,3.4705,3.4845,2497500
2017-06-05,3.4705,3.5055,3.4705,3.5055,2660800
2017-06-06,3.4775,3.5125,3.4775,3.5055,1701600
2017-06-07,3.5055,3.5055,3.4845,3.4985,5064600
2017-06-08,3.4985,3.5125,3.4985,3.5055,3367100
2017-06-09,3.4775,3.5055,3.4775,3.4985,3771800
2017-06-13,3.5125,3.5125,3.4705,3.4705,2358700
2017-06-14,3.4915,3.5055,3.4705,3.4845,4006700
2017-06-15,3.4845,3.5055,3.4775,3.4775,2880100
2017-06-16,3.4775,3.4985,3.4635,3.4705,8122800
2017-06-19,3.4915,3.5055,3.4705,3.5055,3377600
2017-06-20,3.4775,3.5055,3.4775,3.4985,2417700
2017-06-21,3.5055,3.5055,3.4775,3.4985,4959100
2017-06-22,3.4985,3.5125,3.4775,3.4985,2108800
2017-06-23,3.4985,3.5055,3.4985,3.4985,1509600
2017-06-26,3.4985,3.4985,3.4985,3.4985,0
2017-06-27,3.5055,3.5055,3.5055,3.5055,0
2017-06-28,3.5055,3.5195,3.4985,3.5125,2982400
2017-06-29,3.5055,3.5195,3.5055,3.5125,2559500
2017-06-30,3.5125,3.5125,3.4845,3.5055,2987800
2017-07-03,3.5125,3.5266,3.4915,3.5195,3967500
2017-07-04,3.5055,3.5125,3.4985,3.5055,3100700
2017-07-05,3.5195,3.5195,3.4915,3.5055,2280600
2017-07-06,3.5055,3.5125,3.4845,3.5125,3018100
2017-07-07,3.4845,3.5125,3.4845,3.5055,3203700
2017-07-10,3.5055,3.5055,3.4635,3.4915,4145900
2017-07-11,3.5055,3.5055,3.4775,3.5055,2330700
2017-07-12,3.5055,3.5055,3.4284,3.4354,7377600
2017-07-13,3.4354,3.4354,3.2742,3.3162,10158000
2017-07-14,3.3443,3.3443,3.2461,3.2671,6313600
2017-07-17,3.2952,3.3232,3.2812,3.3162,8402500
2017-07-18,3.3302,3.3443,3.3092,3.3443,4871000
2017-07-19,3.3513,3.3653,3.3373,3.3583,4428700
2017-07-20,3.3653,3.3653,3.2882,3.3232,4418100
2017-07-21,3.3022,3.3162,3.2952,3.3022,4074300
2017-07-24,3.3022,3.3653,3.2952,3.3653,2633600
2017-07-25,3.3513,3.3513,3.2952,3.3232,4148000
2017-07-26,3.3443,3.3443,3.3022,3.3302,2487100
2017-07-27,3.3302,3.3653,3.3232,3.3513,1978900
2017-07-28,3.3513,3.3723,3.3232,3.3653,2916000
2017-07-31,3.3653,3.3793,3.3232,3.3653,4995800
2017-08-01,3.3583,3.3793,3.3373,3.3723,2833900
2017-08-02,3.3653,3.3793,3.3653,3.3723,1854200
2017-08-03,3.3723,3.3793,3.3583,3.3793,3194400
2017-08-04,3.3583,3.3793,3.3583,3.3723,1753100
2017-08-07,3.3723,3.3723,3.3232,3.3653,4485500
2017-08-08,3.3583,3.3723,3.3232,3.3653,4030900
2017-08-09,3.3373,3.3653,3.3373,3.3653,2537200
2017-08-10,3.3513,3.3723,3.3513,3.3583,1726300
2017-08-11,3.3302,3.3513,3.2812,3.2812,3102300
2017-08-14,3.2812,3.3232,3.2812,3.3092,4506800
2017-08-15,3.3092,3.3723,3.3022,3.3653,1393000
2017-08-16,3.3653,3.3863,3.3583,3.3793,2717200
2017-08-17,3.3793,3.3863,3.3653,3.3863,2437100
2017-08-18,3.3653,3.4004,3.3653,3.3933,2756900
2017-08-21,3.3863,3.4004,3.3863,3.3933,5965300
2017-08-22,3.3583,3.4144,3.3583,3.4074,4755800
2017-08-23,3.3793,3.4214,3.3793,3.4214,1798300
2017-08-24,3.4004,3.4424,3.4004,3.4424,1802200
2017-08-25,3.4354,3.4494,3.4214,3.4424,3450000
2017-08-28,3.4424,3.4564,3.4354,3.4564,2264600
2017-08-29,3.4536,3.4536,3.397,3.4536,1465900
2017-08-30,3.4041,3.4536,3.4041,3.4253,7790900
2017-08-31,3.4253,3.4253,3.4253,3.4253,0
2017-09-01,3.4253,3.4253,3.4253,3.4253,0
2017-09-05,3.4395,3.4607,3.4041,3.4111,3737500
2017-09-06,3.4041,3.4395,3.4041,3.4395,1666600
2017-09-07,3.4182,3.4465,3.4182,3.4465,2335400
2017-09-08,3.4324,3.4536,3.4253,3.4536,2890700
2017-09-11,3.4536,3.4678,3.4536,3.4678,2374500
2017-09-12,3.4324,3.4748,3.4182,3.4748,3951500
2017-09-13,3.4678,3.4819,3.4536,3.4748,1226500
2017-09-14,3.4748,3.489,3.4465,3.4465,1860300
2017-09-15,3.4465,3.4536,3.4395,3.4465,10631500
2017-09-18,3.4395,3.4536,3.4395,3.4465,1976500
2017-09-19,3.4536,3.4678,3.4324,3.4395,2212600
2017-09-20,3.4678,3.4678,3.4253,3.4324,1950700
2017-09-21,3.4536,3.4536,3.4182,3.4465,1814200
2017-09-22,3.4465,3.4465,3.4465,3.4465,0
2017-09-25,3.4536,3.4819,3.4253,3.4748,2682400
2017-09-26,3.4324,3.4607,3.3687,3.4324,4480100
2017-09-27,3.4748,3.4748,3.4324,3.4748,3973900
2017-09-28,3.4253,3.4748,3.4253,3.4678,1316500
2017-09-29,3.489,3.489,3.4182,3.4678,5452300
2017-10-02,3.4678,3.4748,3.4395,3.4748,2819700
2017-10-03,3.4465,3.489,3.4465,3.489,2440000
2017-10-04,3.4819,3.5032,3.4819,3.5032,3413000
2017-10-05,3.489,3.489,3.4607,3.4748,4778600
2017-10-06,3.4678,3.5102,3.4678,3.4961,2510600
2017-10-09,3.489,3.5315,3.489,3.5244,7459100
2017-10-10,3.5244,3.5456,3.5173,3.5244,7560000
2017-10-11,3.5244,3.5244,3.4041,3.4536,1911500
2017-10-12,3.4819,3.489,3.4041,3.4253,2692400
2017-10-13,3.4395,3.4607,3.4111,3.4536,2754400
2017-10-16,3.4748,3.4748,3.4112,3.4182,4057900
2017-10-17,3.4465,3.4607,3.4253,3.4607,6240900
2017-10-18,3.4607,3.4607,3.4607,3.4607,0
2017-10-19,3.4678,3.4678,3.3687,3.3758,8125900
2017-10-20,3.3899,3.4253,3.3899,3.4111,9695000
2017-10-23,3.4112,3.4607,3.4112,3.4465,7418000
2017-10-24,3.4607,3.4607,3.4111,3.4111,4845000
2017-10-25,3.4112,3.4536,3.4112,3.4465,5799700
2017-10-26,3.4465,3.4607,3.4465,3.4536,2514900
2017-10-27,3.4536,3.5032,3.4465,3.5032,3126500
2017-10-30,3.4961,3.5315,3.4961,3.5244,2605500
2017-10-31,3.5244,3.5456,3.5173,3.5385,9741200
2017-11-01,3.5385,3.5456,3.4819,3.5173,5432100
2017-11-02,3.5173,3.5244,3.4819,3.5244,5336100
2017-11-03,3.5385,3.5385,3.4536,3.4961,4042100
2017-11-06,3.4961,3.5173,3.489,3.5032,4274900
2017-11-07,3.5173,3.5244,3.4961,3.5032,2801300
2017-11-08,3.4748,3.5173,3.4607,3.4607,5197300
2017-11-09,3.4607,3.4819,3.4395,3.4465,3913700
2017-11-10,3.4465,3.4465,3.4182,3.4253,1984600
2017-11-13,3.4253,3.4395,3.4041,3.4182,2999300
2017-11-14,3.4182,3.4253,3.397,3.4041,1896600
2017-11-15,3.4041,3.4182,3.3404,3.3404,10044000
2017-11-16,3.3404,3.3404,3.2696,3.3121,11274100
2017-11-17,3.3191,3.3545,3.3121,3.3545,7051200
2017-11-20,3.3404,3.3616,3.3404,3.3545,1947100
2017-11-21,3.3753,3.3753,3.3038,3.3324,4912200
2017-11-22,3.3538,3.3896,3.3252,3.3324,7140500
2017-11-23,3.3896,3.3896,3.3324,3.3395,2595800
2017-11-24,3.3324,3.3324,3.1178,3.1536,28248500
2017-11-27,3.1536,3.2823,3.1536,3.2823,13252900
2017-11-28,3.268,3.268,3.2323,3.2609,4188400
2017-11-29,3.2823,3.2966,3.2537,3.2895,3247100
2017-11-30,3.2966,3.3252,3.2895,3.3181,12231300
2017-12-01,3.3181,3.3181,3.3181,3.3181,0
2017-12-04,3.3181,3.3324,3.2966,3.3252,2839200
2017-12-05,3.3252,3.3395,3.2537,3.3252,6240100
2017-12-06,3.3395,3.3824,3.3252,3.3681,3634600
2017-12-07,3.3681,3.4182,3.3681,3.4039,4228300
2017-12-08,3.4039,3.411,3.3181,3.3395,6397500
2017-12-11,3.3467,3.361,3.3252,3.3538,3612700
2017-12-12,3.3538,3.4611,3.3324,3.4611,2568200
2017-12-13,3.4468,3.4468,3.3967,3.4468,3769800
2017-12-14,3.4396,3.4611,3.361,3.411,5677600
2017-12-15,3.3896,3.4182,3.3824,3.411,8258500
2017-12-18,3.411,3.4539,3.3967,3.4325,6660300
2017-12-19,3.4325,3.4611,3.4182,3.4468,5874500
2017-12-20,3.4325,3.4611,3.3967,3.3967,4868500
2017-12-21,3.411,3.4396,3.3967,3.4325,3571200
2017-12-22,3.3967,3.4468,3.3824,3.4325,4183100
2017-12-25,3.4325,3.4325,3.4325,3.4325,0
2017-12-26,3.4325,3.4468,3.411,3.4468,3907900
2017-12-27,3.4468,3.4468,3.4182,3.4396,2601300
2017-12-28,3.4396,3.4611,3.4325,3.4611,1239900
2017-12-29,3.4468,3.647,3.4468,3.647,3566000
2018-01-02,3.5254,3.5254,3.4682,3.4968,2791100
2018-01-03,3.504,3.5254,3.4897,3.4897,5187200
2018-01-04,3.4897,3.504,3.4897,3.504,3586900
2018-01-05,3.4825,3.5111,3.4825,3.4968,4384700
2018-01-08,3.4968,3.504,3.4539,3.4825,5442400
2018-01-09,3.4825,3.4825,3.4539,3.4682,5809100
2018-01-10,3.4611,3.4682,3.411,3.4325,5952700
2018-01-11,3.4325,3.4325,3.3324,3.361,6598500
2018-01-12,3.3538,3.3896,3.3538,3.361,3397900
2018-01-15,3.361,3.411,3.3538,3.3967,4181300
2018-01-16,3.4325,3.4325,3.3681,3.411,5758100
2018-01-17,3.411,3.4539,3.3967,3.4468,2740900
2018-01-18,3.4468,3.4611,3.4396,3.4611,2665200
2018-01-19,3.4468,3.4682,3.411,3.4611,5479800
2018-01-22,3.4611,3.4968,3.4039,3.4968,2379400
2018-01-23,3.4682,3.5183,3.4539,3.5183,3248200
2018-01-24,3.5183,3.5183,3.4897,3.5111,4252500
2018-01-25,3.504,3.5397,3.504,3.5397,3650500
2018-01-26,3.5183,3.5755,3.504,3.5755,3194600
2018-01-29,3.5683,3.5755,3.5612,3.5755,4801600
2018-01-30,3.5683,3.5683,3.504,3.5397,4994100
2018-02-02,3.5397,3.5755,3.4968,3.5612,6931600
2018-02-05,3.5397,3.5469,3.4825,3.5254,6899400
2018-02-06,3.4754,3.4754,3.3681,3.411,6816700
2018-02-07,3.4468,3.5397,3.4253,3.4539,8532200
2018-02-08,3.4396,3.4968,3.4325,3.4754,4137800
2018-02-09,3.3967,3.4682,3.3967,3.4325,5460700
2018-02-12,3.4325,3.4968,3.4325,3.4611,5417100
2018-02-13,3.4325,3.4754,3.4253,3.4539,7513700
2018-02-14,3.4396,3.4825,3.4325,3.4539,1704300
2018-02-15,3.4825,3.504,3.4468,3.4897,1028500
2018-02-19,3.5254,3.5612,3.4897,3.504,2738100
2018-02-20,3.504,3.5183,3.4968,3.4968,2363200
2018-02-21,3.4968,3.5326,3.4682,3.5326,3516400
2018-02-22,3.5514,3.5514,3.4792,3.5297,1966700
2018-02-23,3.5153,3.5369,3.5081,3.5369,3600000
2018-02-26,3.5369,3.5586,3.5225,3.5297,4442000
2018-02-27,3.5369,3.5369,3.5081,3.5225,4511400
2018-02-28,3.5153,3.5153,3.4864,3.4936,5339000
2018-03-01,3.4864,3.4864,3.4287,3.4647,5279000
2018-03-02,3.4287,3.4503,3.4287,3.4287,4992800
2018-03-05,3.4214,3.4503,3.3637,3.4287,3348400
2018-03-06,3.4647,3.4647,3.4142,3.4214,2305400
2018-03-07,3.4287,3.4287,3.3853,3.4214,2448900
2018-03-08,3.4142,3.4287,3.3998,3.407,1225400
2018-03-09,3.4287,3.4287,3.3781,3.4287,2643200
2018-03-12,3.4287,3.4431,3.3998,3.4287,2538400
2018-03-13,3.3998,3.4287,3.3781,3.4287,1110700
2018-03-14,3.407,3.407,3.3853,3.3998,919400
2018-03-15,3.3781,3.3926,3.3565,3.3565,1784300
2018-03-16,3.3565,3.3926,3.2771,3.2771,9882900
2018-03-19,3.2843,3.3276,3.2843,3.3204,1776100
2018-03-20,3.3204,3.3493,3.3059,3.3348,2794000
2018-03-21,3.3493,3.4287,3.3348,3.4287,2174200
2018-03-22,3.4286,3.4647,3.3565,3.3998,1828200
2018-03-23,3.3492,3.3853,3.3492,3.3709,1500300
2018-03-26,3.3276,3.3853,3.3276,3.3493,1921600
2018-03-27,3.3565,3.3709,3.3276,3.3276,1246800
2018-03-28,3.3204,3.3709,3.3132,3.3565,1193400
2018-03-29,3.342,3.3709,3.3204,3.342,4488700
2018-03-30,3.3637,3.3709,3.3348,3.3493,3786700
2018-04-02,3.3493,3.3709,3.3276,3.3565,2119300
2018-04-03,3.3492,3.3565,3.2843,3.3059,1981900
2018-04-04,3.3059,3.3204,3.1616,3.176,3411400
2018-04-05,3.1904,3.3204,3.1471,3.1616,6880500
2018-04-06,3.1616,3.241,3.1616,3.241,3010900
2018-04-09,3.2338,3.2771,3.1977,3.2698,3728300
2018-04-10,3.2771,3.3204,3.2698,3.2771,3143500
2018-04-11,3.2987,3.3132,3.2698,3.2698,3382400
2018-04-12,3.2698,3.3059,3.241,3.2482,3094400
2018-04-13,3.2626,3.2626,3.2265,3.2338,2840100
2018-04-16,3.2554,3.342,3.2554,3.2771,8107000
2018-04-17,3.2915,3.4864,3.2915,3.3493,12995600
2018-04-18,3.3781,3.4503,3.2915,3.2987,12568300
2018-04-19,3.3276,3.3926,3.2843,3.3565,22964200
2018-04-20,3.3565,3.3926,3.2626,3.2698,11215100
2018-04-23,3.2698,3.3059,3.2121,3.241,10229300
2018-04-24,3.2626,3.342,3.2049,3.2121,7761800
2018-04-25,3.2121,3.2482,3.176,3.241,11503100
2018-04-26,3.2482,3.3709,3.2482,3.2987,11599900
2018-04-27,3.3348,3.3709,3.2843,3.342,5098100
2018-04-30,3.3565,3.3565,3.3132,3.342,3570400
2018-05-02,3.342,3.342,3.2554,3.2915,4585300
2018-05-03,3.2698,3.3204,3.2554,3.2698,3969000
2018-05-04,3.3059,3.3059,3.2626,3.2698,2905200
2018-05-07,3.2843,3.3132,3.2554,3.2843,3966400
2018-05-08,3.2699,3.3276,3.2699,3.3204,4529700
2018-05-14,3.3276,3.4792,3.2915,3.3204,12038600
2018-05-15,3.3276,3.4287,3.3276,3.3709,5384400
2018-05-16,3.3781,3.4214,3.3709,3.3926,6197700
2018-05-17,3.4286,3.4647,3.3998,3.3998,8695300
2018-05-18,3.3998,3.4287,3.3998,3.4287,7596400
2018-05-21,3.4287,3.4575,3.3998,3.4142,8423000
2018-05-22,3.407,3.4142,3.3565,3.3709,3895700
2018-05-23,3.3637,3.3926,3.2915,3.2915,6109700
2018-05-24,3.2987,3.3565,3.2626,3.2843,5133800
2018-05-25,3.3276,3.3781,3.2338,3.2554,3948000
2018-05-28,3.2771,3.2771,3.1977,3.2049,4374500
2018-05-30,3.2049,3.2049,3.2049,3.2049,0
2018-05-31,3.102,3.102,3.102,3.102,0
2018-06-01,3.2261,3.2771,3.2115,3.2698,3701300
2018-06-04,3.2844,3.2844,3.1677,3.2479,3646900
2018-06-05,3.2479,3.2625,3.2115,3.2625,6133000
2018-06-06,3.1823,3.3209,3.1823,3.3136,3246800
2018-06-07,3.3136,3.3428,3.3063,3.3282,3668100
2018-06-08,3.3282,3.3428,3.2917,3.3355,3733100
2018-06-11,3.3355,3.3501,3.2844,3.3209,3904200
2018-06-12,3.2771,3.3282,3.2771,3.2771,2108200
2018-06-13,3.3063,3.3063,3.2334,3.299,2298700
2018-06-14,3.2479,3.2844,3.175,3.2698,7190900
2018-06-18,3.1969,3.3574,3.1823,3.2625,6424100
2018-06-19,3.2261,3.2334,3.1385,3.1604,4776300
2018-06-20,3.1896,3.2479,3.1531,3.1823,3635900
2018-06-21,3.1823,3.2334,3.0874,3.1239,6665900
2018-06-22,3.1239,3.2042,3.0728,3.1896,6694600
2018-06-25,3.2479,3.2479,3.1166,3.1166,2765500
2018-06-26,3.1458,3.1458,3.029,3.029,2178500
2018-06-27,3.0582,3.0801,2.9633,2.9706,2841800
2018-06-28,2.9706,2.9779,2.8684,2.8976,4626300
2018-06-29,2.9268,3.0655,2.9195,3.029,6383800
2018-07-02,3.029,3.0655,2.9341,3.0655,2670800
2018-07-03,3.0582,3.0582,2.9706,2.9852,2643400
2018-07-04,2.9925,3.0947,2.9925,3.0363,1397300
2018-07-05,3.0363,3.0655,3.029,3.0436,4002000
2018-07-06,3.0582,3.0728,3.0363,3.0509,3804800
2018-07-09,3.0509,3.0947,3.0509,3.0655,4373500
2018-07-10,3.0655,3.0874,3.0582,3.0874,7501500
2018-07-11,3.0874,3.0947,3.0509,3.0582,2406900
2018-07-12,3.0509,3.0801,3.0436,3.0509,5288900
2018-07-13,3.0509,3.0728,3.0363,3.0363,2302400
2018-07-16,3.0728,3.1239,3.0582,3.1166,4985400
2018-07-17,3.1604,3.3574,3.1312,3.3501,14472700
2018-07-18,3.372,3.4158,3.299,3.3793,8181100
2018-07-19,3.3793,3.4012,3.3501,3.3793,3116000
2018-07-20,3.3501,3.3501,3.3063,3.3136,5285500
2018-07-23,3.2917,3.3501,3.2479,3.299,4034300
2018-07-24,3.2917,3.3501,3.2917,3.3501,4706200
2018-07-25,3.3574,3.372,3.3282,3.3647,2492500
2018-07-26,3.3647,3.3793,3.3355,3.3574,6554700
2018-07-27,3.3209,3.3574,3.299,3.3136,2885400
2018-07-30,3.3355,3.372,3.3063,3.3282,6353900
2018-07-31,3.3209,3.3574,3.299,3.3209,8473800
2018-08-01,3.3574,3.4523,3.3282,3.445,7864500
2018-08-02,3.4377,3.445,3.3793,3.3939,2886800
2018-08-03,3.445,3.445,3.3355,3.3428,2221300
2018-08-06,3.3866,3.3866,3.2917,3.299,2226500
2018-08-07,3.3282,3.4377,3.299,3.4377,11060700
2018-08-08,3.4158,3.4961,3.4158,3.4961,5108500
2018-08-09,3.4377,3.4961,3.4158,3.4377,2691400
2018-08-10,3.4596,3.4596,3.4085,3.4304,2608300
2018-08-13,3.4158,3.4231,3.3282,3.3282,2034200
2018-08-14,3.3282,3.3647,3.3209,3.3501,3239700
2018-08-15,3.372,3.3866,3.3209,3.3355,3042300
2018-08-16,3.3209,3.3355,3.2844,3.299,2681400
2018-08-17,3.3063,3.3209,3.299,3.3136,1897100
2018-08-20,3.3136,3.3793,3.3136,3.3793,4751900
2018-08-21,3.4012,3.4377,3.3355,3.4304,3912600
2018-08-23,3.4815,3.5034,3.4596,3.4888,5068800
2018-08-24,3.4888,3.4888,3.4523,3.4815,2553900
2018-08-27,3.4742,3.4961,3.4742,3.4961,3043900
2018-08-28,3.4888,3.5618,3.4669,3.5253,6337800
2018-08-29,3.5467,3.5467,3.4508,3.4656,2753700
2018-08-30,3.4877,3.4951,3.4729,3.4729,3882400
2018-09-03,3.4877,3.4877,3.3992,3.4582,1210900
2018-09-04,3.4287,3.4361,3.3845,3.414,1314800
2018-09-05,3.414,3.4435,3.3402,3.4066,6951400
2018-09-06,3.4066,3.4361,3.3845,3.4213,3892000
2018-09-07,3.4213,3.4361,3.3845,3.3992,1759500
2018-09-12,3.3992,3.3992,3.3329,3.3992,4021900
2018-09-13,3.4066,3.4287,3.355,3.4213,5559500
2018-09-14,3.4287,3.5393,3.4287,3.5246,4696200
2018-09-18,3.5319,3.5541,3.4656,3.5467,5669400
2018-09-19,3.5393,3.5688,3.5393,3.5393,11028500
2018-09-20,3.5467,3.5688,3.5024,3.5319,2713100
2018-09-21,3.5614,3.5688,3.5319,3.5688,12974600
2018-09-24,3.5541,3.5688,3.5319,3.5393,1781600
2018-09-25,3.5098,3.5467,3.5098,3.5246,3073900
2018-09-26,3.5319,3.5541,3.5246,3.5393,3700200
2018-09-27,3.5393,3.5393,3.5246,3.5393,4209200
2018-09-28,3.5393,3.5688,3.5393,3.5541,6788000
2018-10-01,3.5541,3.5688,3.5467,3.5614,2064700
2018-10-02,3.5614,3.5688,3.5393,3.5541,4666500
2018-10-03,3.5393,3.5541,3.5172,3.5172,1672000
2018-10-04,3.5393,3.5393,3.4656,3.5024,2162800
2018-10-05,3.4729,3.5024,3.4287,3.4508,3742000
2018-10-08,3.4508,3.5393,3.4361,3.4729,2341000
2018-10-09,3.4877,3.4877,3.4066,3.4287,1510000
2018-10-10,3.4803,3.4803,3.3697,3.3697,3419100
2018-10-11,3.3181,3.3181,3.1928,3.237,10598200
2018-10-12,3.237,3.3107,3.237,3.2886,6822300
2018-10-15,3.296,3.296,3.2149,3.237,1939300
2018-10-16,3.2517,3.2517,3.2296,3.2444,2383000
2018-10-17,3.2517,3.3181,3.2517,3.2886,3418400
2018-10-18,3.3181,3.3845,3.2222,3.2591,5569600
2018-10-19,3.2812,3.2812,3.1485,3.1706,6323500
2018-10-22,3.1928,3.1928,3.119,3.1338,4598800
2018-10-23,3.1411,3.1559,3.1116,3.1116,4693300
2018-10-24,3.1043,3.1338,2.9715,3.001,2709100
2018-10-25,3.001,3.0748,2.9642,3.0748,6103500
2018-10-26,3.1338,3.1338,3.001,3.0232,3332100
2018-10-29,3.0305,3.0969,3.0305,3.0969,3793900
2018-10-30,3.1485,3.1485,3.0232,3.0895,5560200
2018-10-31,3.119,3.178,3.06,3.178,8316700
2018-11-01,3.1559,3.1633,3.0969,3.1116,2744200
2018-11-02,3.1706,3.1706,3.119,3.1485,3280800
2018-11-05,3.1854,3.1854,3.0895,3.1559,1606000
2018-11-07,3.1633,3.2739,3.1411,3.2739,5608500
2018-11-08,3.2812,3.3181,3.2149,3.3181,8103700
2018-11-09,3.3181,3.3181,3.2296,3.2812,2049300
2018-11-12,3.2812,3.3181,3.237,3.2591,3688500
2018-11-13,3.2222,3.2296,3.1559,3.2001,3426700
2018-11-14,3.2001,3.2001,3.1338,3.1633,4834900
2018-11-15,3.1485,3.2075,3.1485,3.1633,2928300
2018-11-16,3.1854,3.2444,3.1706,3.1854,3711500
2018-11-19,3.2149,3.2149,3.1706,3.1854,2182200
2018-11-21,3.1854,3.1854,3.1257,3.1854,2876400
2018-11-22,3.1854,3.1854,3.1406,3.163,2147000
2018-11-23,3.163,3.163,3.1182,3.1406,1006700
2018-11-26,3.1332,3.1555,3.1257,3.1332,2162400
2018-11-27,3.1555,3.1555,3.0884,3.1033,2954300
2018-11-28,3.1033,3.1108,3.0586,3.0735,3572800
2018-11-29,3.1033,3.1705,3.1033,3.1555,7417500
2018-11-30,3.1854,3.2078,3.1033,3.163,7720000
2018-12-03,3.1481,3.2227,3.1481,3.2003,2985800
2018-12-04,3.2003,3.2525,3.0436,3.2227,3449600
2018-12-05,3.1928,3.2227,3.1555,3.2003,1219100
2018-12-06,3.2749,3.357,3.2749,3.3197,7140000
2018-12-07,3.3197,3.342,3.2451,3.3495,2089100
2018-12-10,3.3495,3.3495,3.2152,3.2749,3378200
2018-12-11,3.2749,3.2898,3.1928,3.2301,3148900
2018-12-12,3.2376,3.26,3.1779,3.2525,6528000
2018-12-13,3.2898,3.3271,3.2227,3.26,3270000
2018-12-14,3.2824,3.2824,3.2152,3.2451,3309100
2018-12-17,3.1779,3.2078,3.1033,3.1257,1603800
2018-12-18,3.1257,3.3122,3.1182,3.2674,3713100
2018-12-19,3.2674,3.3197,3.2301,3.2898,4862400
2018-12-20,3.2078,3.26,3.1779,3.2227,3941000
2018-12-21,3.2003,3.3271,3.1705,3.2451,4873800
2018-12-24,3.2674,3.2973,3.2152,3.2898,2074100
2018-12-26,3.26,3.2749,3.1928,3.26,1526800
2018-12-27,3.2824,3.3495,3.2674,3.3495,1659100
2018-12-28,3.342,3.3793,3.3047,3.342,1986400
2018-12-31,3.357,3.3868,3.3271,3.357,5744800
2019-01-02,3.357,3.357,3.2525,3.2973,1016100
2019-01-03,3.3495,3.357,3.2824,3.3197,3920500
2019-01-04,3.3122,3.342,3.2973,3.3197,1855700
2019-01-07,3.342,3.357,3.2973,3.3346,3058200
2019-01-08,3.3271,3.3346,3.2973,3.3122,4211500
2019-01-09,3.342,3.3495,3.2973,3.3197,3800000
2019-01-10,3.3346,3.342,3.2898,3.3047,4440400
2019-01-11,3.3346,3.3346,3.2898,3.3122,5603600
2019-01-14,3.3122,3.342,3.2824,3.342,3958000
2019-01-15,3.3495,3.3495,3.3122,3.3346,4195000
2019-01-16,3.2973,3.342,3.2973,3.3346,2879400
2019-01-17,3.3495,3.3719,3.3197,3.357,2827100
2019-01-18,3.3644,3.3644,3.3197,3.357,2317300
2019-01-22,3.3719,3.3793,3.342,3.3719,3477100
2019-01-23,3.357,3.3719,3.3271,3.3719,2878400
2019-01-24,3.3719,3.3793,3.3495,3.3793,2367200
2019-01-25,3.3943,3.3943,3.3793,3.3943,3346100
2019-01-28,3.4241,3.536,3.4017,3.4316,3781100
2019-01-29,3.4316,3.4614,3.4092,3.439,4935700
2019-01-30,3.4539,3.4539,3.3793,3.4017,3627900
2019-01-31,3.4987,3.5062,3.4465,3.4763,8228000
2019-02-04,3.5062,3.5435,3.439,3.4465,1791200
2019-02-07,3.5062,3.5062,3.3943,3.4316,4652800
2019-02-08,3.4316,3.439,3.4017,3.4166,2928200
2019-02-11,3.4316,3.4316,3.3943,3.3943,1608400
2019-02-12,3.4166,3.4241,3.3868,3.4166,3398300
2019-02-13,3.3943,3.4539,3.3943,3.4017,1717300
2019-02-14,3.4017,3.4614,3.3943,3.4166,3789000
2019-02-15,3.4614,3.4763,3.4241,3.439,3959000
2019-02-18,3.4689,3.4912,3.4539,3.4614,2251200
2019-02-19,3.4912,3.5062,3.4689,3.4987,4393500
2019-02-20,3.5211,3.5285,3.4912,3.5211,6442800
2019-02-21,3.5285,3.5285,3.4987,3.5062,3215100
2019-02-22,3.4912,3.5062,3.4539,3.4838,5752600
2019-02-25,3.5136,3.5211,3.4912,3.5136,5899300
2019-02-26,3.5136,3.5211,3.4838,3.5136,5653400
2019-02-27,3.5121,3.5423,3.5046,3.5121,2648500
2019-02-28,3.4895,3.5046,3.4141,3.4292,5951500
2019-03-01,3.4443,3.482,3.4217,3.4367,2360100
2019-03-04,3.4066,3.5347,3.4066,3.4518,2394700
2019-03-05,3.4141,3.4744,3.4141,3.4367,2892400
2019-03-06,3.4367,3.4518,3.4217,3.4443,3130900
2019-03-07,3.4217,3.4669,3.4217,3.4367,2780600
2019-03-08,3.4443,3.5121,3.4217,3.4367,2944800
2019-03-11,3.4217,3.4443,3.3991,3.3991,1971900
2019-03-12,3.4066,3.4443,3.3991,3.4141,844800
2019-03-13,3.4217,3.4443,3.4141,3.4292,1779600
2019-03-14,3.3764,3.4443,3.3764,3.4141,3211700
2019-03-15,3.3991,3.497,3.3991,3.482,9307400
2019-03-18,3.4669,3.5196,3.4669,3.5196,5413700
2019-03-19,3.5272,3.5347,3.5046,3.5046,1310900
2019-03-20,3.5046,3.5272,3.4518,3.5121,2670100
2019-03-21,3.5196,3.5196,3.4744,3.4744,3535700
2019-03-22,3.4367,3.5046,3.4367,3.5046,2630900
2019-03-25,3.4367,3.482,3.4367,3.4518,1154900
2019-03-26,3.5121,3.5121,3.4518,3.4744,3471600
2019-03-27,3.4669,3.4895,3.4594,3.4594,1620900
2019-03-28,3.4594,3.482,3.4518,3.4669,4104900
2019-03-29,3.482,3.5272,3.4066,3.4292,4449300
2019-04-01,3.4367,3.4744,3.4367,3.4669,3852800
2019-04-02,3.4367,3.5121,3.4367,3.4744,1965300
2019-04-03,3.5121,3.5121,3.4744,3.497,1380800
2019-04-04,3.5046,3.5347,3.4895,3.5347,8264200
2019-04-05,3.5423,3.5423,3.5196,3.5423,2581300
2019-04-08,3.5423,3.5573,3.5347,3.5423,5239900
2019-04-09,3.5573,3.5573,3.5046,3.5347,1812300
2019-04-10,3.5272,3.5498,3.5196,3.5347,3260400
2019-04-11,3.5347,3.5498,3.5272,3.5347,2212900
2019-04-12,3.5272,3.5573,3.5196,3.5573,2092600
2019-04-15,3.5573,3.5724,3.5423,3.5573,6158200
2019-04-16,3.5347,3.5573,3.5046,3.5347,4318200
2019-04-17,3.5498,3.5498,3.5121,3.5272,2143200
2019-04-18,3.5046,3.5196,3.5046,3.5196,3779800
2019-04-19,3.5121,3.5423,3.4895,3.5046,195700
2019-04-22,3.5046,3.5272,3.4066,3.4141,5929800
2019-04-23,3.4141,3.4141,3.3764,3.384,5407400
2019-04-24,3.4443,3.4443,3.384,3.3991,3704700
2019-04-25,3.3915,3.4066,3.3764,3.3991,6034400
2019-04-26,3.3991,3.4292,3.3614,3.4292,2232100
2019-04-29,3.4292,3.4292,3.3764,3.384,2238200
2019-04-30,3.4066,3.4744,3.3764,3.4669,6171400
2019-05-02,3.4141,3.4141,3.3011,3.3463,6103900
2019-05-03,3.3614,3.4292,3.3388,3.4066,2715700
2019-05-06,3.4066,3.4066,3.4066,3.4066,0
2019-05-07,3.7684,3.7985,3.6176,3.6176,36881500
2019-05-08,3.6252,3.6628,3.6176,3.6252,17639500
2019-05-09,3.6252,3.6402,3.5799,3.6101,16106500
2019-05-10,3.595,3.595,3.5347,3.5347,5047400
2019-05-13,3.5272,3.5423,3.3991,3.4141,5950100
2019-05-14,3.3463,3.4895,3.3463,3.4443,10631900
2019-05-15,3.4669,3.5724,3.4669,3.5423,5691600
2019-05-16,3.5423,3.5649,3.497,3.5046,6904800
2019-05-17,3.5046,3.5799,3.497,3.5046,2956800
2019-05-21,3.5272,3.5498,3.4217,3.4443,4025400
2019-05-23,3.4443,3.5121,3.3915,3.4292,8500900
2019-05-24,3.4141,3.5498,3.4141,3.4669,2831600
2019-05-27,3.482,3.5573,3.482,3.5347,1040400
2019-05-28,3.5423,3.5875,3.5196,3.5573,14329400
2019-05-29,3.595,3.6478,3.5347,3.6252,3856100
2019-05-30,3.6327,3.6327,3.5724,3.6252,6073100
2019-05-31,3.6883,3.7795,3.597,3.7795,5098100
2019-06-03,3.7339,3.7339,3.6503,3.7111,3921500
2019-06-04,3.7035,3.7035,3.6274,3.6274,749900
2019-06-05,3.6274,3.6274,3.6274,3.6274,0
2019-06-06,3.6274,3.6274,3.6274,3.6274,0
2019-06-07,3.6959,3.7263,3.6198,3.6579,3849400
2019-06-10,3.635,3.7263,3.6274,3.7263,2843700
2019-06-11,3.7263,3.7415,3.7035,3.7263,4869800
2019-06-12,3.6959,3.7187,3.6579,3.7187,1750200
2019-06-13,3.6655,3.7263,3.6655,3.7111,4433500
2019-06-14,3.7263,3.7263,3.6883,3.7035,3914800
2019-06-17,3.6883,3.7035,3.6579,3.6579,3541400
2019-06-18,3.6883,3.7643,3.6883,3.7643,4645500
2019-06-19,3.7643,3.7871,3.7263,3.7643,6644700
2019-06-20,3.6883,3.7947,3.6883,3.7643,8546100
2019-06-21,3.7643,3.7643,3.7339,3.7643,14496000
2019-06-24,3.7111,3.7719,3.7111,3.7643,5911300
2019-06-25,3.7643,3.7795,3.7339,3.7795,7356600
2019-06-26,3.7795,3.8176,3.7491,3.8023,8669600
2019-06-27,3.7947,3.8404,3.7871,3.8404,4886300
2019-06-28,3.8404,3.8784,3.8252,3.8404,13753000
2019-07-01,3.8404,3.8708,3.8404,3.8556,8114700
2019-07-02,3.8784,3.8784,3.8556,3.8556,12041700
2019-07-03,3.8556,3.8708,3.848,3.8632,11666600
2019-07-04,3.8708,3.8784,3.848,3.8632,10960900
2019-07-05,3.8632,3.8708,3.848,3.8556,9467100
2019-07-08,3.8556,3.8556,3.7795,3.8404,8370500
2019-07-09,3.8404,3.8556,3.8404,3.848,6046200
2019-07-10,3.848,3.848,3.8252,3.8404,7690900
2019-07-11,3.8632,3.8708,3.8328,3.8404,4839700
2019-07-12,3.8556,3.8784,3.8404,3.8404,2588100
2019-07-15,3.8404,3.8556,3.8176,3.8404,7480800
2019-07-16,3.8404,3.848,3.7795,3.7871,5414600
2019-07-17,3.7871,3.7947,3.7415,3.7491,10332300
2019-07-18,3.7415,3.7795,3.7415,3.7567,11540700
2019-07-19,3.7795,3.7795,3.7567,3.7719,10556200
2019-07-22,3.7719,3.7947,3.7263,3.7871,7110100
2019-07-23,3.7871,3.81,3.7871,3.7947,9285500
2019-07-24,3.7719,3.7795,3.7491,3.7643,8061600
2019-07-25,3.7643,3.7871,3.7643,3.7719,10672400
2019-07-26,3.7643,3.7947,3.7567,3.7719,7528800
2019-07-29,3.7719,3.81,3.7567,3.8023,8594000
2019-07-31,3.81,3.8252,3.7795,3.8023,7573900
2019-08-01,3.8023,3.81,3.7263,3.81,9307700
2019-08-02,3.8023,3.81,3.7947,3.8023,5218700
2019-08-05,3.7339,3.8023,3.7339,3.7871,6317600
2019-08-06,3.7719,3.7871,3.7263,3.7795,13990100
2019-08-07,3.7415,3.8176,3.7415,3.8023,6545700
2019-08-08,3.8023,3.8252,3.7947,3.8176,2736100
2019-08-09,3.7871,3.8328,3.7871,3.8023,5098600
2019-08-13,3.7719,3.8023,3.7491,3.7795,5032400
2019-08-14,3.8023,3.8176,3.7947,3.8023,6009300
2019-08-15,3.7947,3.7947,3.7415,3.7947,4639700
2019-08-16,3.8023,3.8176,3.7643,3.8176,6046900
2019-08-19,3.7643,3.8023,3.7263,3.7795,7731300
2019-08-20,3.7947,3.8176,3.7795,3.8176,3657500
2019-08-21,3.7719,3.81,3.7719,3.7871,4016400
2019-08-22,3.8023,3.8252,3.7947,3.8023,6308300
2019-08-23,3.7947,3.81,3.7947,3.81,2835100
2019-08-26,3.7491,3.8328,3.7491,3.8023,2892700
2019-08-27,3.8328,3.8632,3.7795,3.8023,8902500
2019-08-28,3.8328,3.8328,3.81,3.8252,5319800
2019-08-29,3.8176,3.8252,3.7719,3.81,3180800
2019-08-30,3.8637,3.8714,3.8407,3.856,7699500
2019-09-03,3.856,3.8791,3.8023,3.8023,2283400
2019-09-04,3.8253,3.833,3.7792,3.8253,2758800
2019-09-05,3.8023,3.8253,3.7485,3.7639,5480200
2019-09-06,3.8176,3.8176,3.7331,3.7562,1373700
2019-09-10,3.4566,3.5334,3.303,3.5334,18223500
2019-09-11,3.5257,3.5641,3.5027,3.5411,9679200
2019-09-12,3.5642,3.6486,3.5642,3.6256,4422500
2019-09-13,3.6179,3.6179,3.5488,3.6179,4471700
2019-09-17,3.641,3.641,3.5872,3.6256,5123200
2019-09-18,3.641,3.6717,3.6256,3.6717,2065600
2019-09-19,3.6256,3.6563,3.5795,3.6563,1912600
2019-09-20,3.6179,3.6333,3.5795,3.5872,12323400
2019-09-23,3.5949,3.641,3.5949,3.6256,9406600
2019-09-24,3.6102,3.6333,3.6026,3.6026,5850300
2019-09-25,3.6102,3.6179,3.5718,3.6026,2792700
2019-09-26,3.5795,3.6486,3.5642,3.641,2552900
2019-09-27,3.6563,3.664,3.6256,3.641,1661600
2019-09-30,3.664,3.664,3.6102,3.6486,3290600
2019-10-01,3.641,3.6717,3.6333,3.6717,1004800
2019-10-02,3.6563,3.6563,3.6102,3.6102,1942000
2019-10-03,3.6102,3.6102,3.5411,3.5718,5155700
2019-10-04,3.5949,3.6102,3.5257,3.5872,1963900
2019-10-07,3.5872,3.6026,3.5641,3.5872,1592300
2019-10-08,3.5718,3.6026,3.5641,3.5872,2118500
2019-10-09,3.5872,3.5949,3.5334,3.5642,1509000
2019-10-10,3.5642,3.6102,3.5181,3.5642,3598800
2019-10-11,3.5642,3.6026,3.5642,3.6026,1468800
2019-10-14,3.6026,3.6486,3.6026,3.6256,1535700
2019-10-15,3.6102,3.6256,3.5488,3.5565,4849100
2019-10-16,3.5795,3.6179,3.5641,3.6179,5039200
2019-10-17,3.6179,3.6486,3.6179,3.641,4971200
2019-10-18,3.6333,3.664,3.5718,3.6026,8077300
2019-10-21,3.6026,3.6026,3.5718,3.5872,1286800
2019-10-22,3.5949,3.6102,3.5565,3.6102,5272100
2019-10-23,3.6102,3.6256,3.5949,3.6256,3187600
2019-10-24,3.6256,3.6486,3.6102,3.6256,3566600
2019-10-25,3.6256,3.6486,3.6102,3.6256,1443600
2019-10-29,3.6179,3.6486,3.6102,3.641,4129200
2019-10-30,3.6486,3.6486,3.6026,3.6256,1895100
2019-10-31,3.6333,3.6486,3.5872,3.6102,5326600
2019-11-01,3.6102,3.6256,3.5718,3.5949,2508600
2019-11-04,3.6102,3.6333,3.5872,3.6179,2954900
2019-11-05,3.6256,3.641,3.5949,3.6102,4728100
2019-11-06,3.641,3.641,3.6026,3.6179,2414600
2019-11-07,3.6333,3.6333,3.5949,3.6026,1790000
2019-11-08,3.641,3.641,3.5949,3.6102,2158900
2019-11-11,3.6026,3.6102,3.5718,3.6026,2319600
2019-11-12,3.6179,3.6333,3.5795,3.5949,2260700
2019-11-13,3.6102,3.6102,3.5411,3.5949,1826100
2019-11-14,3.5949,3.6026,3.5642,3.5642,1604200
2019-11-15,3.5641,3.5795,3.5181,3.5181,1217600
2019-11-18,3.5257,3.6333,3.5257,3.6333,1900100
2019-11-19,3.6102,3.6102,3.5411,3.5565,3027600
2019-11-20,3.5565,3.5718,3.5257,3.5565,2871600
2019-11-21,3.5759,3.5759,3.4905,3.5681,2361800
2019-11-22,3.5681,3.5914,3.5371,3.5681,3412400
2019-11-25,3.5681,3.5914,3.5448,3.5681,1992100
2019-11-26,3.5836,3.5914,3.5371,3.5914,10362600
2019-11-27,3.5836,3.5914,3.5681,3.5759,3285200
2019-11-28,3.5914,3.5914,3.5138,3.5371,1509500
2019-11-29,3.5836,3.5836,3.4285,3.475,4489400
2019-12-02,3.4905,3.5914,3.4905,3.5914,2482700
2019-12-03,3.5216,3.5836,3.5216,3.5836,3398500
2019-12-04,3.5293,3.5759,3.5061,3.5216,7252300
2019-12-05,3.5293,3.5371,3.4673,3.4983,3538600
2019-12-06,3.5216,3.5526,3.4983,3.5216,1895300
2019-12-09,3.5138,3.5448,3.5061,3.5138,2842500
2019-12-10,3.5293,3.5293,3.5061,3.5138,4073300
2019-12-11,3.5138,3.5216,3.4983,3.5061,2462500
2019-12-12,3.4983,3.5138,3.4905,3.4983,3934300
2019-12-13,3.5138,3.5138,3.4828,3.4983,5347900
2019-12-16,3.4983,3.5138,3.4983,3.4983,3093900
2019-12-17,3.5216,3.5371,3.4905,3.5138,8197200
2019-12-18,3.5061,3.5371,3.4828,3.5061,8009100
2019-12-19,3.4905,3.5293,3.4905,3.5061,4680100
2019-12-20,3.5138,3.5681,3.4983,3.5293,15216000
2019-12-23,3.5293,3.5448,3.5061,3.5293,4402800
2019-12-24,3.5526,3.5526,3.4905,3.4905,2091900
2019-12-26,3.4983,3.5138,3.4905,3.4983,3844200
2019-12-27,3.4983,3.506,3.4828,3.4983,2748000
2019-12-30,3.4983,3.5216,3.475,3.4905,4724500
2019-12-31,3.4905,3.4983,3.4518,3.4595,4140600
2020-01-02,3.4595,3.4905,3.4595,3.475,3759200
2020-01-03,3.4905,3.5681,3.475,3.5681,9611300
2020-01-06,3.5138,3.5138,3.4673,3.4828,4398100
2020-01-07,3.4828,3.5759,3.4828,3.5138,3485100
2020-01-08,3.4905,3.506,3.4207,3.4518,4019100
2020-01-09,3.4518,3.5526,3.4518,3.5526,2381300
2020-01-10,3.5603,3.5681,3.5061,3.5216,1169800
2020-01-13,3.5061,3.5448,3.5061,3.5371,1945200
2020-01-14,3.5216,3.5526,3.4673,3.5293,5523800
2020-01-15,3.5138,3.5138,3.475,3.4983,2339200
2020-01-16,3.5061,3.5448,3.4905,3.5216,2726600
2020-01-17,3.5216,3.6302,3.4905,3.5836,11773000
2020-01-20,3.5836,3.5836,3.5293,3.5293,703900
2020-01-21,3.5371,3.5526,3.5061,3.5293,362400
2020-01-22,3.5293,3.5448,3.4673,3.4983,4569500
2020-01-23,3.4828,3.5216,3.475,3.4828,1829400
2020-01-24,3.4828,3.5216,3.4595,3.475,228700
2020-01-28,3.4595,3.475,3.4052,3.4207,4053000
2020-01-29,3.4207,3.4285,3.3742,3.4207,2823600
2020-01-30,3.3975,3.4207,3.3587,3.3587,4544100
2020-01-31,3.3587,3.413,3.2733,3.2811,8270800
2020-02-03,3.2578,3.3509,3.2578,3.3276,3740800
2020-02-04,3.3354,3.4285,3.3354,3.413,6922200
2020-02-05,3.4285,3.4285,3.3587,3.3975,4526300
2020-02-06,3.3975,3.444,3.3975,3.4207,2055400
2020-02-07,3.4207,3.4362,3.3819,3.4207,1668200
2020-02-10,3.413,3.4285,3.3742,3.3975,3598300
2020-02-11,3.3819,3.413,3.3819,3.3897,1548300
2020-02-12,3.3975,3.4052,3.3354,3.3742,6005200
2020-02-13,3.3664,3.413,3.3664,3.3897,2476400
2020-02-14,3.3664,3.4518,3.3664,3.4518,1880500
2020-02-17,3.4285,3.444,3.4052,3.413,532400
2020-02-18,3.413,3.4362,3.3897,3.4207,1025800
2020-02-19,3.3975,3.4052,3.3587,3.3587,1749400
2020-02-20,3.3819,3.3819,3.3354,3.3354,2202100
2020-02-21,3.3199,3.3354,3.2889,3.2966,3380200
2020-02-24,3.2578,3.2811,3.2191,3.2191,3396300
2020-02-25,3.2035,3.2811,3.1958,3.2501,5766900
2020-02-26,3.2191,3.2733,3.1958,3.2346,5363600
2020-02-27,3.2691,3.2769,3.2142,3.2769,3924600
2020-02-28,3.2142,3.3553,3.2142,3.2612,7385200
2020-03-02,3.2612,3.2612,3.1515,3.1828,4880800
2020-03-03,3.2142,3.2377,3.1985,3.2142,4447400
2020-03-04,3.2142,3.3318,3.175,3.2926,3276600
2020-03-05,3.2926,3.3083,3.2377,3.2769,3032300
2020-03-06,3.2455,3.3239,3.2455,3.2926,2382100
2020-03-09,3.2769,3.2926,3.2142,3.2299,4442200
2020-03-10,3.2299,3.3239,3.2063,3.2534,4691000
2020-03-11,3.2534,3.3083,3.175,3.2769,3543900
2020-03-12,3.2612,3.3161,3.2299,3.3004,4146500
2020-03-13,3.3004,3.3004,3.3004,3.3004,0
2020-03-16,3.2142,3.2142,3.0809,3.1279,10478600
2020-03-17,3.0339,3.1358,2.9947,3.0731,9555000
2020-03-18,3.1358,3.1436,3.0574,3.1358,5689000
2020-03-19,3.0966,3.2534,3.0809,3.175,5201600
2020-03-20,3.1358,3.3318,3.1279,3.2691,14065900
2020-03-23,3.175,3.2926,3.1515,3.2142,4142800
2020-03-24,3.1985,3.2691,3.1358,3.1358,4333300
2020-03-25,3.1985,3.3318,3.1907,3.2534,3211800
2020-03-26,3.1985,3.4258,3.1515,3.3631,5716600
2020-03-27,3.4023,3.4729,3.3866,3.4415,2501400
2020-03-30,3.3396,3.4494,3.3318,3.4494,4138200
2020-03-31,3.4415,3.4729,3.3866,3.4102,7832600
2020-04-01,3.3945,3.3945,3.2377,3.2534,4597900
2020-04-02,3.2142,3.3239,3.1985,3.2769,4290100
2020-04-03,3.2769,3.3239,3.2769,3.3004,2219900
2020-04-06,3.2926,3.371,3.2455,3.3396,2867700
2020-04-07,3.3396,3.418,3.3318,3.371,2905400
2020-04-08,3.3475,3.4807,3.3239,3.4807,1983500
2020-04-09,3.4729,3.5434,3.4258,3.5434,2416200
2020-04-10,3.5278,3.5278,3.4572,3.5042,475900
2020-04-13,3.465,3.5278,3.4415,3.465,1021000
2020-04-14,3.5121,3.5121,3.4572,3.4886,2161800
2020-04-15,3.4886,3.5434,3.4886,3.5356,2650600
2020-04-16,3.4964,3.6689,3.465,3.567,4745200
2020-04-17,3.5983,3.6454,3.567,3.5905,3211300
2020-04-20,3.5513,3.6062,3.5513,3.5826,3938300
2020-04-21,3.567,3.5826,3.5199,3.5434,2463700
2020-04-22,3.4807,3.5748,3.4572,3.5199,3360100
2020-04-23,3.5278,3.5513,3.4729,3.5278,3681900
2020-04-24,3.5278,3.5278,3.3866,3.418,6318400
2020-04-27,3.4415,3.5434,3.4415,3.5121,3266900
2020-04-28,3.5199,3.5983,3.5121,3.5748,3155500
2020-04-29,3.5748,3.614,3.5513,3.5983,1764800
2020-04-30,3.5748,3.6454,3.5748,3.6375,5706200
2020-05-04,3.567,3.5905,3.5278,3.5434,2248700
2020-05-05,3.5278,3.6062,3.5278,3.5513,1491300
2020-05-06,3.5356,3.5513,3.5042,3.5278,4325900
2020-05-08,3.5356,3.5748,3.5042,3.5121,3293000
2020-05-12,3.4964,3.5513,3.4886,3.5121,6261300
2020-05-13,3.4886,3.567,3.4886,3.5356,1863900
2020-05-14,3.5826,3.5826,3.4337,3.465,4081800
2020-05-15,3.4807,3.4807,3.4258,3.4415,2248700
2020-05-18,3.4415,3.5356,3.4415,3.5199,1674400
2020-05-19,3.5513,3.5513,3.4886,3.5042,2251300
2020-05-20,3.5042,3.5356,3.4337,3.5042,2675100
2020-05-21,3.4807,3.5042,3.4494,3.4494,3241700
2020-05-22,3.4494,3.5356,3.4415,3.4886,1856200
2020-05-27,3.5042,3.5121,3.465,3.5121,3085500
2020-05-28,3.5216,3.5532,3.482,3.5453,4274500
2020-05-29,3.4978,3.6007,3.482,3.6007,8113600
2020-06-02,3.6007,3.6007,3.6007,3.6007,0
2020-06-03,3.6324,3.6324,3.5057,3.5611,3915600
2020-06-04,3.5374,3.5849,3.4662,3.5216,6907800
2020-06-05,3.5216,3.5216,3.4583,3.4741,4535000
2020-06-09,3.5137,3.5137,3.4345,3.482,4473500
2020-06-10,3.4662,3.5216,3.4662,3.5057,3562500
2020-06-11,3.5057,3.5453,3.482,3.482,3327600
2020-06-12,3.4266,3.482,3.4266,3.4662,761800
2020-06-15,3.4583,3.4583,3.3079,3.3554,4777200
2020-06-16,3.395,3.4662,3.387,3.4029,3820600
2020-06-17,3.4029,3.4741,3.4029,3.4741,2616000
2020-06-18,3.4266,3.4741,3.4266,3.4583,1627700
2020-06-19,3.4583,3.5137,3.395,3.395,5397700
2020-06-22,3.395,3.395,3.3475,3.3633,1731600
2020-06-23,3.3633,3.3633,3.3237,3.3554,5019200
2020-06-24,3.3554,3.3633,3.3158,3.3316,2682700
2020-06-25,3.3,3.3475,3.2921,3.3079,2447200
2020-06-26,3.3079,3.3396,3.3079,3.3316,867700
2020-06-29,3.3237,3.4108,3.3158,3.3791,3056700
2020-06-30,3.4108,3.4424,3.3396,3.4108,2574900
2020-07-01,3.4029,3.4187,3.3633,3.3791,3104600
2020-07-02,3.3712,3.4187,3.3712,3.395,4168000
2020-07-03,3.4029,3.4266,3.3475,3.387,2264400
2020-07-06,3.3791,3.4345,3.3475,3.4345,1051200
2020-07-07,3.4108,3.4504,3.3158,3.3316,4076200
2020-07-08,3.3316,3.4029,3.3316,3.4029,1308100
2020-07-09,3.4029,3.4029,3.3712,3.395,2846700
2020-07-10,3.3712,3.4345,3.3475,3.4345,1843500
2020-07-13,3.4345,3.4899,3.395,3.4504,1975200
2020-07-14,3.4345,3.4978,3.3791,3.4266,4080700
2020-07-15,3.4504,3.4899,3.4108,3.4583,4015400
2020-07-16,3.4662,3.4899,3.4424,3.4741,7766000
2020-07-17,3.482,3.5453,3.4029,3.5453,4712700
2020-07-20,3.5453,3.5453,3.3712,3.4266,2988900
2020-07-21,3.4029,3.4424,3.3633,3.3633,2135600
2020-07-22,3.387,3.4187,3.3316,3.3475,1871700
2020-07-23,3.3475,3.3791,3.3396,3.3712,974900
2020-07-24,3.3633,3.3633,3.2921,3.3158,3002300
2020-07-27,3.3237,3.3396,3.3079,3.3237,2579300
2020-07-28,3.3317,3.3791,3.3158,3.3554,2351800
2020-07-29,3.3554,3.3791,3.3237,3.3633,1889300
2020-07-30,3.3633,3.3791,3.2921,3.3633,3368800
2020-08-03,3.3633,3.3633,3.2604,3.2921,5553500
2020-08-04,3.3,3.3,3.2604,3.2763,2037700
2020-08-05,3.2683,3.3396,3.2604,3.2842,3958700
2020-08-06,3.2842,3.3316,3.2842,3.3316,1868200
2020-08-07,3.3237,3.3396,3.2763,3.3079,1826900
2020-08-10,3.2921,3.3396,3.2842,3.3316,1122400
2020-08-11,3.3079,3.3158,3.2367,3.2763,2491000
2020-08-12,3.2842,3.3,3.2525,3.2525,1066100
2020-08-13,3.2683,3.2842,3.2446,3.2604,3343300
2020-08-14,3.2604,3.3396,3.2525,3.2921,2718100
2020-08-17,3.3,3.3633,3.3,3.3237,4507100
2020-08-18,3.3554,3.3712,3.2763,3.3396,3110600
2020-08-19,3.3237,3.3554,3.3,3.3158,1790800
2020-08-21,3.3475,3.3554,3.2604,3.2763,2884700
2020-08-24,3.3,3.3,3.2842,3.2921,1293900
2020-08-25,3.3216,3.3615,3.2897,3.3536,4104500
2020-08-26,3.3536,3.3615,3.2897,3.3136,1976600
2020-08-27,3.2977,3.3376,3.2657,3.3057,5860900
2020-08-28,3.3376,3.3376,3.1539,3.1539,9004400
2020-09-01,3.2258,3.2817,3.1859,3.2657,6818500
2020-09-02,3.2737,3.2897,3.2258,3.2737,6485900
2020-09-03,3.2737,3.2817,3.2258,3.2577,2739000
2020-09-04,3.2577,3.3057,3.2338,3.2817,1014400
2020-09-07,3.2737,3.2817,3.2418,3.2817,355400
2020-09-08,3.2737,3.2737,3.2098,3.2258,2204600
2020-09-09,3.2258,3.2498,3.2019,3.2498,4315200
2020-09-10,3.2577,3.3296,3.2338,3.3296,1732400
2020-09-11,3.3296,3.3296,3.2258,3.3136,1609200
2020-09-14,3.2737,3.3136,3.2498,3.3136,1235400
2020-09-15,3.3136,3.3456,3.2577,3.3296,1647100
2020-09-17,3.3296,3.3296,3.2338,3.3136,1568300
2020-09-18,3.2577,3.3216,3.2577,3.2577,5165400
2020-09-21,3.2577,3.2657,3.2338,3.2418,1390400
2020-09-22,3.2577,3.2737,3.2338,3.2338,1969600
2020-09-23,3.2418,3.2657,3.2178,3.2577,1334800
2020-09-24,3.2338,3.2418,3.2098,3.2178,3583400
2020-09-25,3.2098,3.2418,3.2019,3.2098,1257500
2020-09-28,3.2098,3.2338,3.1619,3.1619,2641700
2020-09-29,3.1699,3.1779,3.138,3.138,3064600
2020-09-30,3.1539,3.2258,3.1539,3.2178,4392200
2020-10-01,3.1859,3.2178,3.1699,3.2019,640200
2020-10-02,3.1779,3.2178,3.1779,3.2178,1732900
2020-10-05,3.2178,3.2338,3.1779,3.2258,840400
2020-10-06,3.2258,3.2258,3.1859,3.1939,1404900
2020-10-07,3.2098,3.2178,3.1859,3.1939,2285200
2020-10-08,3.2098,3.2977,3.1859,3.2977,1384700
2020-10-09,3.2897,3.3136,3.2418,3.3136,1183200
2020-10-12,3.2657,3.3057,3.2178,3.2977,1153100
2020-10-13,3.2498,3.2897,3.2258,3.2897,1091100
2020-10-14,3.2977,3.2977,3.2338,3.2737,2552600
2020-10-15,3.2418,3.2498,3.1699,3.1699,2102900
2020-10-16,3.1939,3.1939,3.1539,3.1779,4746900
2020-10-19,3.1939,3.2258,3.1699,3.2258,1566500
2020-10-20,3.2258,3.2258,3.1619,3.1699,2537200
2020-10-21,3.1699,3.1939,3.1619,3.1619,1636100
2020-10-22,3.1699,3.1859,3.1619,3.1859,1489700
2020-10-23,3.1779,3.1859,3.1539,3.1779,1075300
2020-10-26,3.1539,3.1939,3.0981,3.106,4691700
2020-10-27,3.0981,3.1539,3.0901,3.13,2795800
2020-10-28,3.146,3.1539,3.106,3.114,1449800
2020-10-30,3.114,3.114,2.9863,3.0102,5969600
2020-11-02,3.0182,3.0741,3.0102,3.0581,1038700
2020-11-03,3.0661,3.0661,3.0262,3.0262,1157200
2020-11-04,3.0501,3.0741,3.0182,3.0501,826300
2020-11-05,3.0901,3.1699,3.0501,3.1699,1902000
2020-11-06,3.1699,3.2178,3.1539,3.1939,3294100
2020-11-09,3.2098,3.2817,3.2098,3.2817,2114400
2020-11-10,3.2817,3.3536,3.2737,3.3536,2764500
2020-11-11,3.3376,3.3775,3.3057,3.3775,1184500
2020-11-12,3.3695,3.3935,3.3057,3.3536,4787300
2020-11-13,3.3536,3.3615,3.3136,3.3296,1297600
2020-11-16,3.3296,3.3456,3.2098,3.2098,2862100
2020-11-17,3.259,3.2752,3.2187,3.2671,2992600
2020-11-18,3.2671,3.3478,3.259,3.3074,1688800
2020-11-19,3.3397,3.3801,3.2752,3.3155,2085000
2020-11-20,3.3397,3.3881,3.3236,3.372,2653000
2020-11-23,3.372,3.4527,3.3478,3.4204,2623000
2020-11-24,3.3881,3.4204,3.3559,3.3639,1122100
2020-11-25,3.3478,3.3881,3.3397,3.3478,2519000
2020-11-26,3.3478,3.3881,3.3316,3.3559,2594500
2020-11-27,3.3559,3.372,3.3478,3.3639,5122800
2020-11-30,3.372,3.3962,3.2268,3.2268,16790800
2020-12-01,3.2752,3.3236,3.2671,3.2994,5443400
2020-12-02,3.2913,3.3478,3.2752,3.2913,4115800
2020-12-03,3.2994,3.3881,3.2832,3.3881,2188300
2020-12-04,3.3881,3.3962,3.3316,3.3639,3501300
2020-12-07,3.3639,3.3881,3.3155,3.3559,2215700
2020-12-08,3.3559,3.3639,3.3478,3.3559,2762900
2020-12-09,3.3559,3.3639,3.3316,3.3478,2770700
2020-12-10,3.372,3.372,3.3155,3.3317,1684000
2020-12-11,3.3559,3.3801,3.3317,3.3397,1911700
2020-12-14,3.3397,3.3801,3.3316,3.3559,2174200
2020-12-15,3.3801,3.4204,3.3316,3.4123,3353800
2020-12-16,3.4285,3.4285,3.372,3.3881,2774500
2020-12-17,3.3881,3.4043,3.3317,3.3962,2754400
2020-12-18,3.3962,3.4043,3.3478,3.372,5048900
2020-12-21,3.3639,3.372,3.3316,3.3478,2894600
2020-12-22,3.3478,3.3881,3.3317,3.3801,1203500
2020-12-23,3.3639,3.3881,3.3639,3.372,471200
2020-12-24,3.4043,3.4043,3.3639,3.3881,947700
2020-12-28,3.3801,3.4043,3.372,3.3881,780900
2020-12-29,3.3881,3.3962,3.3478,3.3801,930200
2020-12-30,3.3881,3.3881,3.3478,3.3478,1415800
2020-12-31,3.3478,3.3801,3.3317,3.3397,1832600
2021-01-04,3.3478,3.3881,3.3397,3.3559,1556300
2021-01-05,3.3559,3.3962,3.3478,3.3881,1355200
2021-01-06,3.3881,3.3881,3.3317,3.3397,1835300
2021-01-07,3.3397,3.3881,3.3074,3.3559,3597900
2021-01-08,3.3559,3.4365,3.259,3.4365,5434400
2021-01-11,3.3881,3.3881,3.3155,3.3559,2859600
2021-01-12,3.3397,3.3639,3.2752,3.2752,2879700
2021-01-13,3.2832,3.2994,3.2752,3.2832,3677500
2021-01-14,3.2832,3.3155,3.2752,3.2832,3695200
2021-01-15,3.2832,3.3236,3.259,3.3074,1895600
2021-01-18,3.3074,3.3155,3.2752,3.2832,2411000
2021-01-19,3.2832,3.3236,3.2752,3.2832,2211800
2021-01-20,3.2832,3.3236,3.2187,3.2187,3223400
2021-01-21,3.2268,3.2832,3.2268,3.2429,3283000
2021-01-22,3.2429,3.259,3.2268,3.2268,2656000
2021-01-25,3.2348,3.2348,3.2106,3.2106,3506100
2021-01-26,3.2268,3.2268,3.1461,3.1945,3440700
2021-01-27,3.1945,3.251,3.1864,3.1864,4792000
2021-01-29,3.1784,3.2026,3.0332,3.0574,9495600
2021-02-02,3.0896,3.0896,3.0493,3.0735,4307400
2021-02-03,3.0816,3.1058,3.0654,3.0896,8065000
2021-02-04,3.0816,3.0896,3.0332,3.0493,6389800
2021-02-05,3.0654,3.0654,3.0251,3.0493,2290900
2021-02-08,3.0493,3.0896,3.0412,3.0493,2738600
2021-02-09,3.0654,3.0896,3.0251,3.0251,3730600
2021-02-10,3.0332,3.0574,3.0251,3.0332,2721300
2021-02-11,3.0412,3.0574,3.0332,3.0412,1268500
2021-02-15,3.0574,3.1138,3.0574,3.0816,2934700
2021-02-16,3.0896,3.1138,3.0816,3.0896,3772400
2021-02-17,3.1058,3.1058,3.0332,3.0493,4883900
2021-02-18,3.0574,3.0735,2.9928,2.9928,5310400
2021-02-19,3.017,3.0251,2.9928,3.017,5180500
2021-02-22,3.0412,3.0654,3.017,3.017,4242800
2021-02-23,3.0332,3.0816,3.0251,3.0493,4736700
2021-02-24,3.0654,3.0977,3.0654,3.0735,5392300
2021-02-25,3.0816,3.0977,3.0493,3.0574,4270200
2021-02-26,3.0785,3.0785,3.0134,3.0134,10882700
2021-03-01,3.0297,3.0378,2.8994,2.8994,8259700
2021-03-02,2.9157,2.932,2.7935,2.8668,13008100
2021-03-03,2.8749,2.9238,2.8505,2.8831,7612100
2021-03-04,2.8912,2.932,2.8668,2.8831,6081700
2021-03-05,2.8831,2.9157,2.8587,2.8749,3934700
2021-03-08,2.9157,2.9564,2.8912,2.9157,4351400
2021-03-09,2.9482,3.0541,2.9482,3.0134,5344100
2021-03-10,3.0297,3.0867,3.0297,3.0785,3396300
2021-03-11,3.0948,3.0948,3.0134,3.0134,3352000
2021-03-12,3.0215,3.0378,2.9727,2.9727,3104800
2021-03-15,2.9727,3.0215,2.9727,2.9971,2589500
2021-03-16,3.0215,3.0215,2.9727,2.9727,1841400
2021-03-17,2.989,3.046,2.9727,3.0297,2565600
2021-03-18,3.0378,3.046,2.9971,2.9971,1634000
2021-03-19,3.0297,3.046,2.9727,3.046,6008000
2021-03-22,3.046,3.046,2.9808,2.9808,2117400
2021-03-23,2.989,3.0052,2.9564,2.9564,1357500
2021-03-24,2.9564,3.0215,2.9075,2.9808,3036400
2021-03-25,2.9971,3.0053,2.9727,2.989,2007600
2021-03-26,3.0052,3.0785,2.9808,3.0785,5738400
2021-03-29,3.0704,3.0704,3.0052,3.0704,6670500
2021-03-30,3.0541,3.0541,3.0134,3.0297,3555700
2021-03-31,3.0297,3.0297,2.9157,2.9645,6193800
2021-04-01,2.9645,2.9971,2.9238,2.9971,2554500
2021-04-02,2.989,2.989,2.9401,2.9482,1512200
2021-04-05,2.9401,2.989,2.9401,2.9808,1550200
2021-04-06,2.9971,2.9971,2.9482,2.9564,1362500
2021-04-07,2.9727,3.0541,2.9645,3.0541,2615100
2021-04-08,3.0541,3.0541,3.0541,3.0541,0
2021-04-09,3.5102,3.6649,3.3555,3.6324,72684800
2021-04-12,3.6324,3.6405,3.3555,3.5102,19336800
2021-04-13,3.5021,3.5428,3.4695,3.5265,5930600
2021-04-14,3.4858,3.5102,3.4532,3.4939,4783200
2021-04-15,3.4613,3.4939,3.4043,3.4695,5260100
2021-04-16,3.4532,3.4613,3.4043,3.4613,2845200
2021-04-19,3.4369,3.4613,3.3962,3.4369,3418600
2021-04-20,3.4369,3.4613,3.388,3.4613,2964600
2021-04-21,3.4369,3.4695,3.4043,3.4206,2193600
2021-04-22,3.4206,3.445,3.4043,3.445,4003100
2021-04-23,3.4043,3.4206,3.3962,3.4125,2829900
2021-04-26,3.4043,3.5428,3.4043,3.5428,2901600
2021-04-27,3.5021,3.5102,3.4206,3.4288,1965600
2021-04-28,3.4288,3.4288,3.3962,3.4043,1300700
2021-04-30,3.4043,3.4369,3.3799,3.4125,3511500
2021-05-03,3.4043,3.4532,3.388,3.4125,4265500
2021-05-04,3.3962,3.445,3.3962,3.4206,3774700
2021-05-05,3.4206,3.4369,3.388,3.4043,1579200
2021-05-06,3.4043,3.4206,3.3147,3.4206,5523000
2021-05-07,3.4206,3.4206,3.3799,3.4125,1582500
2021-05-10,3.4043,3.4125,3.3555,3.4125,1470000
2021-05-11,3.4043,3.4206,3.3555,3.4043,2057300
2021-05-12,3.4043,3.4206,3.3555,3.4206,2197300
2021-05-17,3.4125,3.4613,3.3799,3.3799,3335200
2021-05-18,3.388,3.5021,3.3717,3.5021,2982400
2021-05-19,3.4288,3.4613,3.3962,3.4125,1040800
2021-05-20,3.4125,3.4369,3.3229,3.3473,3775100
2021-05-21,3.3473,3.4125,3.2822,3.4125,2728400
2021-05-24,3.4125,3.4532,3.3717,3.4125,2440100
2021-05-25,3.4158,3.5061,3.3665,3.5061,3083700
2021-05-27,3.4404,3.5307,3.4322,3.5307,10962600
2021-05-28,3.5307,3.5307,3.4568,3.5307,1781900
2021-05-31,3.4896,3.5143,3.4568,3.4979,1953000
2021-06-01,3.4896,3.4896,3.4568,3.4732,1118000
2021-06-02,3.4568,3.5635,3.4404,3.5225,3283400
2021-06-03,3.5225,3.5553,3.4896,3.5389,3046800
2021-06-04,3.5225,3.5225,3.4075,3.4322,4285000
2021-06-08,3.4322,3.4896,3.4157,3.4814,2242900
2021-06-09,3.4896,3.4896,3.4486,3.4568,2009200
2021-06-10,3.4568,3.5143,3.4404,3.4814,1841300
2021-06-11,3.4486,3.4896,3.4322,3.4486,1948600
2021-06-14,3.4486,3.5061,3.424,3.4486,3278700
2021-06-15,3.4404,3.4814,3.4404,3.4814,2070300
2021-06-16,3.4979,3.5718,3.4814,3.5307,4727800
2021-06-17,3.5307,3.5553,3.4896,3.5389,3329700
2021-06-18,3.5389,3.5471,3.4322,3.4322,18017300
2021-06-21,3.4157,3.5718,3.3665,3.5471,9022100
2021-06-22,3.5553,3.6949,3.5471,3.6292,7636700
2021-06-23,3.6539,3.6539,3.5718,3.5718,3586000
2021-06-24,3.5718,3.6046,3.5061,3.5307,3511700
2021-06-25,3.5307,3.58,3.5143,3.5389,3223000
2021-06-28,3.5307,3.5307,3.465,3.5143,2313900
2021-06-29,3.5225,3.5225,3.4568,3.5143,1434700
2021-06-30,3.4814,3.4979,3.3829,3.3911,4550900
2021-07-01,3.3911,3.465,3.3911,3.424,2624200
2021-07-02,3.424,3.4568,3.4075,3.4486,1917100
2021-07-05,3.4486,3.4486,3.4075,3.4486,1390100
2021-07-06,3.4404,3.4404,3.3336,3.3583,2344700
2021-07-07,3.3501,3.3993,3.3419,3.3911,3131300
2021-07-08,3.3747,3.424,3.3419,3.3911,4128200
2021-07-09,3.3993,3.5471,3.3911,3.4814,2532500
2021-07-12,3.4404,3.4732,3.3911,3.4404,2242700
2021-07-13,3.4404,3.4979,3.3911,3.4979,2270400
2021-07-14,3.4979,3.4979,3.3911,3.4157,3241300
2021-07-15,3.4158,3.4404,3.3911,3.3993,2069600
2021-07-16,3.3993,3.5225,3.3665,3.4896,4096700
2021-07-19,3.4896,3.5061,3.4158,3.4486,2692800
2021-07-21,3.4486,3.4486,3.3583,3.3911,4159500
2021-07-22,3.3911,3.4896,3.3829,3.4896,2023200
2021-07-23,3.4568,3.4732,3.4157,3.4404,1127100
2021-07-26,3.4404,3.4568,3.3911,3.3993,1623900
2021-07-27,3.4322,3.4322,3.3993,3.4322,951600
2021-07-28,3.4404,3.4814,3.4157,3.4814,974100
2021-07-29,3.4732,3.5061,3.4486,3.4814,2101200
2021-07-30,3.4896,3.4896,3.4075,3.4075,3091900
2021-08-02,3.424,3.4404,3.3993,3.4404,1534000
2021-08-03,3.4075,3.4732,3.4075,3.4568,2029400
2021-08-04,3.465,3.465,3.3911,3.4404,1681800
2021-08-05,3.4486,3.5307,3.4486,3.5307,2057800
2021-08-06,3.4814,3.5307,3.4486,3.4814,758100
2021-08-09,3.4568,3.5307,3.4486,3.5307,601100
2021-08-11,3.5143,3.5471,3.4979,3.5143,1073200
2021-08-12,3.4979,3.5389,3.4732,3.5389,660600
2021-08-13,3.5471,3.5471,3.4732,3.4896,1077000
2021-08-16,3.4568,3.5471,3.4404,3.5471,1012700
2021-08-17,3.5143,3.5718,3.5143,3.5471,2392000
2021-08-18,3.5307,3.5553,3.4814,3.5143,725500
2021-08-19,3.5143,3.5225,3.4568,3.4896,1186500
2021-08-20,3.5061,3.5635,3.4896,3.5389,2285300
2021-08-23,3.5471,3.5882,3.5225,3.5307,3412000
2021-08-24,3.5143,3.5635,3.4732,3.5307,3342400
2021-08-25,3.5688,3.6102,3.5191,3.5936,5550300
2021-08-26,3.6019,3.6847,3.5688,3.6185,8352400
2021-08-27,3.6185,3.6599,3.5854,3.6019,5106200
2021-08-30,3.6433,3.7178,3.6019,3.6433,17469500
2021-09-01,3.5688,3.6433,3.5688,3.5936,5212700
2021-09-02,3.6185,3.6764,3.6019,3.6433,2149300
2021-09-03,3.6433,3.6682,3.6185,3.6516,2567500
2021-09-06,3.6268,3.6516,3.6185,3.6433,1236300
2021-09-07,3.635,3.6847,3.6019,3.6847,1137400
2021-09-08,3.635,3.7261,3.6268,3.7261,4576900
2021-09-09,3.7178,3.7261,3.6764,3.7096,3551200
2021-09-10,3.6764,3.7261,3.6599,3.7096,872700
2021-09-13,3.7096,3.7178,3.6599,3.7096,2080400
2021-09-14,3.7096,3.7178,3.6764,3.7096,2345500
2021-09-15,3.7096,3.7261,3.7096,3.7261,2026600
2021-09-17,3.693,3.7261,3.6599,3.7178,8386900
2021-09-20,3.6847,3.7261,3.6847,3.7013,1494400
2021-09-21,3.6682,3.7261,3.6682,3.7178,1614200
2021-09-22,3.7013,3.7261,3.6764,3.693,1750800
2021-09-23,3.7178,3.7178,3.6682,3.693,1629800
2021-09-24,3.693,3.7096,3.6433,3.7013,1662700
2021-09-27,3.6516,3.7261,3.5688,3.7261,2631200
2021-09-28,3.6847,3.7096,3.6268,3.6682,2922300
2021-09-29,3.6433,3.7178,3.5936,3.7178,1732300
2021-09-30,3.6599,3.7096,3.6268,3.6847,3891100
2021-10-01,3.693,3.693,3.5771,3.6433,3914400
2021-10-04,3.6433,3.693,3.5854,3.6019,3451000
2021-10-05,3.5854,3.6019,3.5357,3.6019,2009500
2021-10-06,3.5936,3.6599,3.5688,3.6433,1518300
2021-10-07,3.5936,3.6433,3.5936,3.6268,951400
2021-10-08,3.6102,3.6102,3.5771,3.5771,2230200
2021-10-11,3.5854,3.5936,3.544,3.544,1172500
2021-10-12,3.544,3.6019,3.5108,3.6019,2894600
2021-10-13,3.6268,3.7178,3.5854,3.7178,3468200
2021-10-14,3.7096,3.7096,3.5936,3.6019,2033500
2021-10-15,3.6019,3.6599,3.5771,3.6516,3458800
2021-10-18,3.6268,3.6764,3.6102,3.6102,1362900
2021-10-20,3.6102,3.6433,3.5854,3.6433,2091600
2021-10-21,3.6019,3.635,3.5771,3.6019,1204600
2021-10-22,3.5936,3.6268,3.5605,3.5854,1467200
2021-10-25,3.5936,3.6185,3.5688,3.5936,2055600
2021-10-26,3.5936,3.6516,3.5771,3.6185,2678600
2021-10-27,3.6599,3.6682,3.5936,3.6019,1539000
2021-10-28,3.5854,3.6102,3.5854,3.5854,1178900
2021-10-29,3.5771,3.5771,3.5025,3.5025,3411400
2021-11-01,3.4446,3.5274,3.428,3.486,2809600
2021-11-02,3.5026,3.5274,3.4777,3.5191,1781600
2021-11-03,3.544,3.544,3.4611,3.4777,2693700
2021-11-05,3.4943,3.5688,3.4777,3.5605,2191100
2021-11-08,3.5771,3.5854,3.5357,3.5605,966800
2021-11-09,3.5605,3.5605,3.486,3.5108,1535200
2021-11-10,3.486,3.5522,3.486,3.5357,1346800
2021-11-11,3.5357,3.544,3.486,3.4943,1209500
2021-11-12,3.4943,3.544,3.486,3.5025,2447000
2021-11-15,3.5108,3.5108,3.4363,3.4363,888700
2021-11-16,3.4529,3.5357,3.4363,3.5025,2080000
2021-11-17,3.536,3.536,3.4775,3.4942,1281900
2021-11-18,3.4858,3.5025,3.4691,3.4858,1584000
2021-11-19,3.4775,3.5945,3.4775,3.5861,2174000
2021-11-22,3.5694,3.5945,3.5443,3.5611,1716200
2021-11-23,3.5778,3.5861,3.4691,3.4942,1961400
2021-11-24,3.4942,3.5276,3.4858,3.4942,1265900
2021-11-25,3.4942,3.5109,3.4858,3.4942,1098400
2021-11-26,3.4942,3.5026,3.4273,3.4691,2774800
2021-11-29,3.4524,3.4775,3.4106,3.4524,2218100
2021-11-30,3.4942,3.536,3.4524,3.4858,14693700
2021-12-01,3.4775,3.4775,3.4022,3.4106,2127700
2021-12-02,3.4022,3.5025,3.3772,3.5025,2811000
2021-12-06,3.4942,3.4942,3.4022,3.4106,3027200
2021-12-07,3.4273,3.4273,3.3354,3.3772,3609900
2021-12-08,3.3855,3.4106,3.3354,3.3939,1354300
2021-12-09,3.3939,3.444,3.3772,3.444,1089500
2021-12-10,3.444,3.444,3.3772,3.3772,1097900
2021-12-13,3.3688,3.4022,3.327,3.3354,1628600
2021-12-14,3.3354,3.3604,3.2936,3.3019,2869700
2021-12-15,3.327,3.327,3.2183,3.2852,3436400
2021-12-16,3.2685,3.2852,3.21,3.2267,3379100
2021-12-17,3.2267,3.2601,3.1765,3.2183,6750800
2021-12-20,3.2183,3.2685,3.21,3.2518,904800
2021-12-21,3.2434,3.2685,3.1849,3.2267,2132600
2021-12-22,3.2434,3.2601,3.2016,3.2183,2472100
2021-12-23,3.2351,3.2685,3.2183,3.2685,1469700
2021-12-24,3.2601,3.2768,3.2434,3.2601,143100
2021-12-27,3.2518,3.3437,3.2518,3.3437,1232400
2021-12-28,3.3521,3.3772,3.2936,3.3521,1697500
2021-12-29,3.3521,3.3521,3.3019,3.327,850300
2021-12-30,3.327,3.3772,3.3103,3.3772,995000
2021-12-31,3.3772,3.6447,3.327,3.6447,5288100
2022-01-03,3.419,3.4775,3.3604,3.4022,1967400
2022-01-04,3.4022,3.4106,3.3186,3.3688,1426700
2022-01-05,3.3604,3.4106,3.3437,3.4022,1287000
2022-01-06,3.3855,3.3855,3.3186,3.3186,2088400
2022-01-07,3.327,3.3521,3.2852,3.327,1607200
2022-01-10,3.327,3.3354,3.2852,3.3019,1285500
2022-01-11,3.3019,3.4022,3.2852,3.3939,1362200
2022-01-12,3.3939,3.4106,3.3521,3.4106,1221700
2022-01-13,3.419,3.419,3.3772,3.4106,1073000
2022-01-14,3.4106,3.4106,3.327,3.3521,1533800
2022-01-17,3.3521,3.3604,3.2936,3.3437,1700200
2022-01-19,3.3019,3.3186,3.2434,3.2685,1804000
2022-01-20,3.2601,3.3019,3.2351,3.2601,1825300
2022-01-21,3.2518,3.2936,3.2183,3.2936,1653600
2022-01-24,3.2601,3.327,3.2434,3.2936,665800
2022-01-25,3.2852,3.2936,3.1431,3.1933,3897000
2022-01-26,3.1933,3.2183,3.1598,3.1933,1510400
2022-01-27,3.1933,3.2016,3.1347,3.1598,1440800
2022-01-28,3.1682,3.2351,3.1431,3.2267,1253800
2022-01-31,3.2267,3.2434,3.1765,3.1765,1540900
2022-02-03,3.2016,3.2518,3.1849,3.2434,2071600
2022-02-04,3.2351,3.2434,3.2016,3.2434,1322300
2022-02-07,3.2434,3.2601,3.21,3.2267,4022800
2022-02-08,3.2351,3.2434,3.1933,3.2016,6692900
2022-02-09,3.2016,3.3354,3.2016,3.3354,3475700
2022-02-10,3.3354,3.419,3.3354,3.4022,4686800
2022-02-11,3.4106,3.4608,3.3772,3.4608,2072100
2022-02-14,3.4608,3.5025,3.4273,3.5025,2686200
2022-02-15,3.5109,3.5276,3.4608,3.5193,2840100
2022-02-16,3.5443,3.5611,3.4775,3.5109,2525200
2022-02-17,3.536,3.5611,3.4942,3.5193,2932800
2022-02-18,3.5193,3.536,3.4858,3.4858,1770000
2022-02-21,3.4775,3.4775,3.3019,3.327,5200300
2022-02-22,3.3186,3.3604,3.2601,3.3437,5115600
2022-02-23,3.3186,3.419,3.3186,3.3939,4024800
2022-02-24,3.3772,3.3772,3.2685,3.3437,2830600
2022-02-25,3.2936,3.4273,3.2936,3.3019,3699600
2022-02-28,3.3437,3.3939,3.2768,3.3855,11452500
2022-03-01,3.3688,3.4357,3.3103,3.3521,3564400
2022-03-02,3.3766,3.3934,3.3428,3.3766,2838000
2022-03-03,3.4103,3.4188,3.3344,3.4188,5020600
2022-03-04,3.3681,3.4357,3.3597,3.4272,3890700
2022-03-07,3.3934,3.4019,3.309,3.3597,3488000
2022-03-08,3.3681,3.3681,3.2753,3.2837,3576600
2022-03-09,3.2921,3.3344,3.2415,3.2668,4331900
2022-03-10,3.2837,3.4103,3.2753,3.3344,5975900
2022-03-11,3.3428,3.4188,3.3175,3.4188,3234500
2022-03-14,3.4188,3.4188,3.4188,3.4188,0
2022-03-15,3.3597,3.3766,3.309,3.3259,3111500
2022-03-16,3.3428,3.385,3.3344,3.385,2178400
2022-03-17,3.3934,3.4188,3.3681,3.4103,3871100
2022-03-18,3.4103,3.461,3.3681,3.4357,29344400
2022-03-21,3.4188,3.4188,3.3428,3.385,2335700
2022-03-22,3.385,3.3934,3.3428,3.385,1343200
2022-03-23,3.385,3.4103,3.3512,3.3512,1473300
2022-03-24,3.3512,3.3681,3.3259,3.3681,1471000
2022-03-25,3.3681,3.3934,3.3512,3.3766,1786900
2022-03-28,3.3597,3.385,3.3512,3.3681,1289100
2022-03-29,3.385,3.385,3.309,3.3175,2027500
2022-03-30,3.309,3.3681,3.2668,3.2837,2969600
2022-03-31,3.2921,3.3259,3.2499,3.2921,3338800
2022-04-01,3.2921,3.2921,3.2921,3.2921,0
2022-04-04,3.3428,3.3597,3.2921,3.3512,1316700
2022-04-05,3.3428,3.3428,3.2753,3.2753,1866500
2022-04-06,3.2753,3.2837,3.2415,3.2753,1827800
2022-04-07,3.2753,3.3259,3.2499,3.3006,1996000
2022-04-08,3.3175,3.3344,3.2668,3.309,1353700
2022-04-11,3.3175,3.3175,3.2837,3.2921,905400
2022-04-12,3.2921,3.309,3.2415,3.2499,1114500
2022-04-13,3.2584,3.2668,3.2331,3.2331,1430000
2022-04-14,3.2415,3.2584,3.2331,3.2499,959900
2022-04-15,3.2415,3.2584,3.2246,3.2499,641600
2022-04-18,3.2499,3.2499,3.2246,3.2246,732400
2022-04-20,3.2331,3.2837,3.2246,3.2584,3490700
2022-04-21,3.2753,3.2837,3.2331,3.2499,1015100
2022-04-22,3.2415,3.2584,3.2246,3.2499,845000
2022-04-25,3.2246,3.2331,3.1909,3.1909,1276300
2022-04-26,3.2162,3.2331,3.2077,3.2246,1126500
2022-04-27,3.2246,3.2584,3.1993,3.2331,1560700
2022-04-28,3.2246,3.2921,3.2077,3.2584,4207300
2022-04-29,3.2668,3.2837,3.2077,3.2246,2693100
2022-05-05,3.2246,3.2246,3.0389,3.0473,4605800
2022-05-06,3.0389,3.0727,2.9714,2.9798,6674300
2022-05-09,3.0051,3.0051,2.9207,2.9207,3813400
2022-05-10,2.9292,3.0473,2.9207,3.0136,3787000
2022-05-11,3.0136,3.0642,2.9883,2.9883,2719900
2022-05-12,2.9798,3.0136,2.9207,2.9207,3391300
2022-05-13,2.9461,3.0051,2.9376,2.9714,4525200
2022-05-17,2.9798,2.9967,2.9461,2.9461,4762400
2022-05-18,2.9545,2.9967,2.9123,2.9123,7820600
2022-05-19,2.887,2.9292,2.8701,2.8785,5619400
2022-05-20,2.887,2.9629,2.887,2.9038,8821900
2022-05-23,2.9038,2.9292,2.8448,2.8616,5553500
2022-05-24,2.8532,2.8954,2.8194,2.8194,5482800
2022-05-25,2.8279,2.9123,2.8279,2.8785,4294300
2022-05-26,2.9123,2.9123,2.8616,2.8785,3279200
2022-05-27,2.887,2.9038,2.8616,2.9038,2732500
2022-05-30,2.9285,2.937,2.8775,2.9115,2396400
2022-05-31,2.9285,3.0052,2.886,3.0052,23686500
2022-06-01,2.9626,3.0137,2.9456,2.9456,2911100
2022-06-02,2.9456,2.9541,2.9115,2.92,2853600
2022-06-03,2.9285,2.9285,2.8434,2.8434,3574800
2022-06-07,2.8519,2.8604,2.7668,2.8093,3681300
2022-06-08,2.8093,2.8349,2.7668,2.7838,2043300
2022-06-09,2.7838,2.8008,2.7242,2.7498,2962100
2022-06-10,2.7327,2.7498,2.6987,2.6987,2629900
2022-06-13,2.6731,2.6987,2.6391,2.6391,3463400
2022-06-14,2.6391,2.7668,2.6391,2.7668,3777600
2022-06-15,2.7242,2.7753,2.6646,2.7412,4859800
2022-06-16,2.7412,2.7668,2.7072,2.7668,3787900
2022-06-17,2.7498,2.7498,2.6902,2.7072,7738000
2022-06-20,2.7157,2.7412,2.6902,2.6987,1061700
2022-06-21,2.7157,2.7668,2.6987,2.7668,4165400
2022-06-22,2.7668,2.7838,2.7327,2.7498,3597600
2022-06-23,2.7498,2.7498,2.6902,2.7072,1592600
2022-06-24,2.7072,2.7412,2.6987,2.7327,1209800
2022-06-27,2.7242,2.7327,2.7157,2.7327,929300
2022-06-28,2.7327,2.7753,2.6987,2.7668,3090000
2022-06-29,2.9115,2.9796,2.8349,2.9115,11349700
2022-06-30,2.92,3.0392,2.9115,2.9796,11959300
2022-07-01,2.9881,3.1328,2.9711,3.0988,7201900
2022-07-04,3.0903,3.0988,3.0052,3.0222,1834100
2022-07-05,3.0222,3.0392,2.9456,2.9796,3129200
2022-07-06,2.9796,3.0222,2.92,2.9541,1844000
2022-07-07,2.937,2.9711,2.92,2.9285,2748300
2022-07-08,2.92,2.9711,2.9115,2.9711,2468000
2022-07-12,2.9796,2.9796,2.92,2.937,2983800
2022-07-13,2.9115,2.937,2.8519,2.8775,3779300
2022-07-14,2.8945,2.8945,2.8604,2.8945,1862300
2022-07-15,2.8945,2.9285,2.8775,2.9115,2776800
2022-07-18,2.903,2.903,2.8519,2.886,1722900
2022-07-19,2.8945,2.8945,2.8604,2.886,3206000
2022-07-20,2.8775,2.9541,2.8775,2.9456,2011800
2022-07-21,2.9456,2.9711,2.92,2.9626,1776700
2022-07-22,2.9626,3.0222,2.9456,3.0137,2369100
2022-07-25,2.9966,2.9966,2.9541,2.9881,586100
2022-07-26,2.9881,2.9881,2.8775,2.886,2472000
2022-07-27,2.8945,2.9966,2.886,2.9881,2462200
2022-07-28,2.9966,3.0647,2.9881,3.0647,3350600
2022-07-29,3.0562,3.1073,3.0477,3.0903,2308700
2022-08-01,3.0647,3.0988,3.0392,3.0647,1189200
2022-08-02,3.0222,3.0647,3.0222,3.0392,1313900
2022-08-03,3.0222,3.0477,2.9881,3.0307,2249900
2022-08-04,3.0307,3.1158,3.0307,3.1158,2647800
2022-08-05,3.1243,3.1243,3.0818,3.1073,1266500
2022-08-08,3.1073,3.1158,3.0392,3.0903,1335200
2022-08-09,3.0988,3.0988,3.0647,3.0988,628800
2022-08-10,3.0903,3.0988,3.0733,3.0903,1749000
2022-08-11,3.1073,3.1328,3.0818,3.1158,1629900
2022-08-12,3.1073,3.1328,3.0818,3.1328,1588600
2022-08-15,3.1328,3.1499,3.0988,3.1073,1773600
2022-08-16,3.1414,3.2861,3.1328,3.2861,5215000
2022-08-17,3.2861,3.2946,3.1924,3.2265,3259800
2022-08-18,3.235,3.2605,3.1754,3.1924,2401600
2022-08-19,3.1754,3.201,3.0903,3.1158,1498200
2022-08-22,3.1158,3.1328,3.0733,3.0903,669400
2022-08-23,3.0733,3.0988,3.0477,3.0818,1414400
2022-08-24,3.0818,3.0903,3.0052,3.0137,1046300
2022-08-25,3.0222,3.1924,3.0222,3.1754,2036500
2022-08-26,3.1754,3.2265,3.1669,3.1924,2552900
2022-08-29,3.1328,3.2265,3.1243,3.1754,1452700
2022-08-30,3.1909,3.2252,3.1137,3.2166,6660400
2022-09-01,3.1394,3.1737,3.0536,3.1051,2281700
2022-09-02,3.1222,3.1222,3.0622,3.0965,1310600
2022-09-05,3.0708,3.1051,3.0622,3.0708,501400
2022-09-06,3.0708,3.1222,3.0708,3.0793,2126700
2022-09-07,3.0793,3.0793,3.0279,3.0279,894200
2022-09-08,3.0365,3.0793,3.0193,3.045,1657000
2022-09-09,3.0536,3.1137,3.0536,3.0879,935100
2022-09-12,3.0879,3.1137,3.0879,3.0965,299200
2022-09-13,3.1051,3.1137,3.0708,3.0965,963700
2022-09-14,3.0708,3.0708,3.0193,3.0279,1270000
2022-09-15,3.0279,3.0708,2.9678,2.9678,5129800
2022-09-19,2.9593,2.9764,2.8992,2.9593,3593800
2022-09-20,2.9421,3.0365,2.9335,2.9936,2074200
2022-09-21,3.0021,3.0279,2.9507,2.985,1876400
2022-09-22,2.985,3.0021,2.9249,2.9421,1272000
2022-09-23,2.9335,2.9507,2.8992,2.8992,1028600
2022-09-26,2.8992,2.9164,2.8392,2.8735,2686600
2022-09-27,2.8821,2.9507,2.8735,2.9335,1516100
2022-09-28,2.9421,3.0708,2.8992,2.9507,3372200
2022-09-29,2.9678,2.9678,2.8821,2.9078,1332600
2022-09-30,2.8992,2.9764,2.8821,2.8992,3402800
2022-10-03,2.8992,3.0193,2.8563,2.9678,2703600
2022-10-04,2.9764,3.0622,2.9593,3.045,1830600
2022-10-05,3.0536,3.0793,3.0107,3.0107,1241100
2022-10-06,3.0107,3.0622,3.0107,3.0107,1413300
2022-10-07,3.0021,3.0193,2.9421,2.9593,1729300
2022-10-11,2.9593,2.9593,2.8992,2.9164,2035900
2022-10-12,2.9164,2.9249,2.8478,2.8478,1407400
2022-10-13,2.8563,2.8563,2.7362,2.7448,2775600
2022-10-14,2.7791,2.8049,2.762,2.7877,2092800
2022-10-17,2.7963,2.8392,2.7448,2.8049,1035200
2022-10-18,2.8306,2.9764,2.8306,2.9507,1490200
2022-10-19,2.9678,2.9678,2.8735,2.8992,883600
2022-10-20,2.9078,3.0793,2.9078,3.0021,3932100
2022-10-21,3.0536,3.0965,3.0193,3.0622,2077900
2022-10-25,3.0793,3.1222,3.0193,3.1051,3002000
2022-10-26,3.1308,3.2337,3.0965,3.2166,3017700
2022-10-27,3.208,3.2423,3.1737,3.2166,2367900
2022-10-28,3.2166,3.2337,3.1737,3.2166,2782000
2022-10-31,3.2337,3.2852,3.2166,3.2509,3824800
2022-11-01,3.2423,3.2681,3.208,3.2337,849800
2022-11-02,3.2509,3.2681,3.1994,3.2681,2377400
2022-11-03,3.2681,3.2681,3.1222,3.148,2423000
2022-11-04,3.1565,3.2595,3.148,3.2595,2168500
2022-11-07,3.2595,3.3281,3.2252,3.3281,3197300
2022-11-08,3.3281,3.3281,3.2595,3.2766,2576600
2022-11-09,3.3024,3.3109,3.2681,3.3109,1834600
2022-11-10,3.2938,3.3195,3.2766,3.2852,1650000
2022-11-11,3.3281,3.3624,3.3024,3.3452,3445600
2022-11-14,3.3538,3.3538,3.3109,3.3452,1155500
2022-11-15,3.3452,3.3452,3.2595,3.2681,1423000
2022-11-16,3.2681,3.3367,3.2509,3.3024,3475800
2022-11-17,3.2938,3.3538,3.2852,3.3195,1846200
2022-11-21,3.1499,3.2884,3.1499,3.2711,3391300
2022-11-22,3.2711,3.297,3.1759,3.2797,1750000
2022-11-23,3.2018,3.2797,3.1845,3.2538,1940900
2022-11-24,3.2538,3.5307,3.2538,3.4614,8608100
2022-11-25,3.4614,3.4614,3.323,3.4441,4955400
2022-11-29,3.4441,3.4441,3.2538,3.3576,5769900
2022-11-30,3.3922,3.4787,3.3576,3.4614,16938700
2022-12-01,3.4614,3.4874,3.4355,3.4528,3224400
2022-12-02,3.4614,3.4614,3.4009,3.4528,2520100
2022-12-05,3.4614,3.4614,3.3403,3.3749,2573800
2022-12-06,3.3576,3.3749,3.2538,3.2884,4482300
2022-12-07,3.3057,3.3057,3.2278,3.2451,3428900
2022-12-08,3.2711,3.3403,3.2538,3.3316,2874600
2022-12-09,3.3057,3.4182,3.3057,3.3836,2408500
2022-12-12,3.3316,3.3316,3.2624,3.2884,2455100
2022-12-13,3.3057,3.3403,3.2797,3.3057,1431800
2022-12-14,3.3057,3.3316,3.2711,3.2884,3606400
2022-12-15,3.297,3.297,3.1845,3.2018,4827200
2022-12-16,3.1932,3.2364,3.1499,3.2018,6642400
2022-12-19,3.2018,3.2884,3.1932,3.2797,1775500
2022-12-20,3.2797,3.3403,3.2538,3.3403,2138900
2022-12-21,3.3143,3.3576,3.2451,3.2624,3203800
2022-12-22,3.2624,3.297,3.2451,3.2884,1179700
2022-12-23,3.2797,3.3316,3.2711,3.323,1827300
2022-12-27,3.2884,3.4009,3.2884,3.3922,1526600
2022-12-28,3.3922,3.4614,3.3749,3.4441,3162500
2022-12-29,3.4441,3.4441,3.3576,3.4182,2149200
2022-12-30,3.4182,3.4614,3.3316,3.4614,14890400
2023-01-03,3.4095,3.4441,3.3403,3.3576,1117000
2023-01-04,3.3662,3.3922,3.3143,3.323,1375800
2023-01-05,3.323,3.3662,3.3143,3.3403,2122700
2023-01-06,3.3489,3.4268,3.3316,3.4268,1612200
2023-01-09,3.4268,3.4787,3.4182,3.4787,1318600
2023-01-10,3.4787,3.4787,3.4182,3.4441,2660400
2023-01-11,3.4614,3.548,3.3836,3.548,4937600
2023-01-12,3.5047,3.5653,3.5047,3.5566,5124400
2023-01-13,3.5566,3.5912,3.5393,3.5912,3226000
2023-01-16,3.5653,3.5912,3.5393,3.5912,970800
2023-01-17,3.5566,3.7037,3.5566,3.7037,3080700
2023-01-18,3.6345,3.6691,3.6172,3.6172,4753300
2023-01-19,3.6172,3.6518,3.6172,3.6345,2551300
2023-01-20,3.5912,3.6345,3.5912,3.6085,2397900
2023-01-25,3.6085,3.6345,3.5912,3.6172,749900
2023-01-26,3.5826,3.7124,3.5826,3.6864,2642700
2023-01-27,3.6951,3.6951,3.6345,3.6951,3409500
2023-01-30,3.6605,3.7384,3.6432,3.7384,4428600
2023-01-31,3.6951,3.7037,3.6259,3.6432,7055800
2023-02-02,3.6432,3.721,3.6432,3.721,3307200
2023-02-03,3.6951,3.721,3.5826,3.6172,2734500
2023-02-07,3.6605,3.7037,3.5999,3.6518,4119500
2023-02-08,3.6432,3.6605,3.5999,3.6518,1403200
2023-02-09,3.6172,3.6518,3.5393,3.5739,2825200
2023-02-10,3.5653,3.5739,3.522,3.5566,3120800
2023-02-13,3.5393,3.5912,3.5134,3.5826,1947000
2023-02-14,3.5826,3.6691,3.5826,3.6691,2706700
2023-02-15,3.6778,3.7297,3.6085,3.7297,1624600
2023-02-16,3.6778,3.7643,3.6778,3.6864,5102400
2023-02-17,3.6951,3.7384,3.6345,3.721,866400
2023-02-20,3.6691,3.972,3.6691,3.8682,29910200
2023-02-21,3.8682,3.8682,3.6864,3.721,11681400
2023-02-22,3.7384,3.7557,3.6778,3.7037,2768100
2023-02-23,3.7037,3.7124,3.6605,3.6951,2025700
2023-02-24,3.6518,3.7643,3.6518,3.7643,3060000
2023-02-27,3.7643,3.7989,3.721,3.721,2377900
2023-02-28,3.7124,3.721,3.6605,3.721,8176000
2023-03-01,3.721,3.721,3.6432,3.6778,3926900
2023-03-02,3.6778,3.7557,3.6345,3.721,2407400
2023-03-03,3.7816,3.8076,3.747,3.7557,3620900
2023-03-06,3.747,3.773,3.7037,3.7297,1479200
2023-03-07,3.7297,3.7297,3.6259,3.6432,3798300
2023-03-08,3.6864,3.6864,3.6172,3.6518,3108400
2023-03-09,3.6691,3.6864,3.6259,3.6605,1335800
2023-03-10,3.6345,3.6432,3.548,3.6085,3472500
2023-03-13,3.6269,3.6269,3.5484,3.592,3021800
2023-03-14,3.5571,3.6007,3.5048,3.5571,6763600
2023-03-15,3.5658,3.592,3.531,3.5571,3293400
2023-03-16,3.531,3.5658,3.4525,3.531,3656200
2023-03-17,3.531,3.6792,3.531,3.531,26291500
2023-03-20,3.5048,3.6356,3.4874,3.6181,3901700
2023-03-21,3.6181,3.7489,3.6094,3.714,3164900
2023-03-22,3.6879,3.7489,3.6792,3.714,2611600
2023-03-23,3.7053,3.8099,3.6879,3.7838,2893000
2023-03-24,3.7576,3.7576,3.6879,3.7228,2102700
2023-03-27,3.6879,3.8099,3.6879,3.7315,1709000
2023-03-28,3.7315,3.7838,3.6704,3.7402,1313200
2023-03-29,3.6966,3.7751,3.6966,3.7315,2082200
2023-03-30,3.7053,3.7664,3.6792,3.7489,3733900
2023-03-31,3.7751,3.8274,3.7664,3.7838,6357900
2023-04-03,3.7925,3.7925,3.7228,3.7489,3050200
2023-04-04,3.7489,3.7489,3.7228,3.7402,2972100
2023-04-05,3.7576,3.7576,3.7315,3.7489,443400
2023-04-06,3.7664,3.7664,3.6966,3.714,2544800
2023-04-07,3.7053,3.8535,3.6879,3.8361,7448300
2023-04-10,3.8448,3.8535,3.7838,3.8274,1091600
2023-04-11,3.8012,3.8535,3.7925,3.8448,3140700
2023-04-12,3.8361,3.8623,3.8012,3.8361,3876100
2023-04-13,3.8099,3.8448,3.7664,3.8274,2773900
2023-04-14,3.8274,3.8623,3.8099,3.8274,2142900
2023-04-17,3.8274,3.871,3.8099,3.8448,4234100
2023-04-18,3.8448,3.9494,3.8361,3.8884,5812100
2023-04-19,3.8797,3.8797,3.8361,3.8623,2236900
2023-04-20,3.8797,3.8797,3.7925,3.8187,1130100
2023-04-25,3.8274,3.8797,3.8187,3.8448,2060600
2023-04-26,3.7925,3.8535,3.7925,3.8361,2196700
2023-04-27,3.8099,3.8535,3.8099,3.8361,4215800
2023-04-28,3.8187,3.8361,3.8012,3.8361,5033800
2023-05-02,3.8361,3.8448,3.8099,3.8361,2007000
2023-05-03,3.8361,3.871,3.7751,3.871,5210400
2023-05-05,3.871,3.871,3.7925,3.8361,1970500
2023-05-08,3.8361,3.8535,3.8274,3.8361,3547600
2023-05-09,3.8274,3.8971,3.8187,3.8797,5745000
2023-05-10,3.8448,3.8623,3.8099,3.8361,3468400
2023-05-11,3.8187,3.871,3.8187,3.8535,3950500
2023-05-12,3.8623,3.993,3.8535,3.9058,8963300
2023-05-15,3.9233,3.9233,3.8012,3.8535,3141600
2023-05-16,3.8797,3.8797,3.8187,3.8361,4125300
2023-05-17,3.8099,3.8448,3.8099,3.8274,4774600
2023-05-18,3.8274,3.871,3.8187,3.8361,3220700
2023-05-19,3.8361,3.8623,3.8274,3.8535,3542000
2023-05-22,3.8361,3.8884,3.8187,3.8448,3701900
2023-05-23,3.8361,3.8535,3.8187,3.8274,3150800
2023-05-24,3.8187,3.8797,3.8187,3.8535,2001000
2023-05-25,3.8361,3.9146,3.8274,3.8884,6464300
2023-05-26,3.8797,3.9233,3.8361,3.8884,5852600
2023-05-29,3.8884,4.0017,3.871,3.9756,6242400
2023-05-30,3.9756,4.0105,3.9058,3.9843,7515700
2023-05-31,3.9843,3.9843,3.8797,3.8971,43538200
2023-06-01,3.8535,3.8971,3.7925,3.8187,6094200
2023-06-02,3.8448,3.9233,3.8012,3.9058,3464700
2023-06-06,3.8971,3.8971,3.8274,3.8361,2505200
2023-06-07,3.8274,3.8361,3.7576,3.7925,3929700
2023-06-08,3.7664,3.7925,3.714,3.7751,2534200
2023-06-09,3.7402,3.7751,3.714,3.7315,1582700
2023-06-12,3.7228,3.7664,3.7228,3.7489,815500
2023-06-13,3.777,3.777,3.7331,3.7682,747800
2023-06-14,3.777,3.8034,3.7595,3.7858,3201000
2023-06-15,3.7595,3.7858,3.7507,3.777,1583200
2023-06-16,3.7595,3.7858,3.7243,3.777,6202400
2023-06-19,3.777,3.777,3.7068,3.7243,1108100
2023-06-20,3.7331,3.7595,3.7068,3.7331,2990600
2023-06-21,3.7507,3.7507,3.6628,3.6716,2101000
2023-06-22,3.6804,3.7331,3.6628,3.7155,1589600
2023-06-23,3.698,3.7858,3.698,3.7331,2131800
2023-06-26,3.7419,3.7858,3.7331,3.777,1292300
2023-06-27,3.777,3.7858,3.7331,3.777,952900
2023-06-28,3.777,3.777,3.7331,3.7507,381600
2023-06-30,3.777,3.7858,3.5486,3.6101,4997700
2023-07-03,3.6101,3.6804,3.5838,3.654,2181700
2023-07-04,3.6453,3.7243,3.6365,3.6892,815200
2023-07-05,3.6716,3.7155,3.6716,3.6892,1327500
2023-07-06,3.6804,3.6892,3.6013,3.6101,2720600
2023-07-07,3.6189,3.6365,3.5486,3.5574,1946300
2023-07-10,3.5574,3.6277,3.5574,3.6013,786700
2023-07-11,3.6013,3.7331,3.5926,3.6716,1781700
2023-07-12,3.6716,3.7331,3.6716,3.7243,1547900
2023-07-13,3.7331,3.7331,3.6628,3.6804,1219500
2023-07-14,3.698,3.7858,3.6716,3.7858,1882000
2023-07-17,3.7858,3.7858,3.7068,3.7419,1289700
2023-07-18,3.777,3.777,3.7155,3.7419,593100
2023-07-20,3.7419,3.8209,3.7068,3.7946,1846500
2023-07-21,3.777,3.8473,3.777,3.8473,991100
2023-07-24,3.8561,3.8912,3.8034,3.8912,497400
2023-07-25,3.8649,3.8649,3.7682,3.8122,1539200
2023-07-26,3.8297,3.9176,3.8122,3.9176,2819300
2023-07-27,3.9088,3.9176,3.8122,3.8473,2089100
2023-07-28,3.8473,3.9088,3.8297,3.8649,1644700
2023-07-31,3.8649,3.9176,3.8649,3.8824,5033900
2023-08-01,3.9,3.9,3.8297,3.8824,1646100
2023-08-02,3.8561,3.9263,3.8473,3.9,1705000
2023-08-03,3.8561,3.9527,3.7946,3.9527,4868400
2023-08-04,3.9527,3.9527,3.8297,3.8824,1480100
2023-08-07,3.8824,3.9088,3.8385,3.8561,986000
2023-08-08,3.8385,3.8473,3.7419,3.7682,1264400
2023-08-09,3.7595,3.9351,3.6892,3.9,4033800
2023-08-10,3.8649,3.8736,3.8122,3.8649,2162200
2023-08-11,3.8297,3.8385,3.7858,3.8209,2301000
2023-08-14,3.8473,3.8649,3.8297,3.8473,494900
2023-08-15,3.8473,3.9,3.8473,3.8736,1733700
2023-08-16,3.8561,3.8912,3.8473,3.8649,2232000
2023-08-17,3.8473,3.9176,3.8385,3.8824,3754300
2023-08-18,3.8385,3.8736,3.7946,3.8473,2149300
2023-08-21,3.8473,3.8912,3.8034,3.8122,1705400
2023-08-22,3.8385,3.8824,3.7946,3.8034,2628100
2023-08-23,3.8034,3.8209,3.777,3.777,2439700
2023-08-24,3.7946,3.8649,3.7946,3.8561,1803900
2023-08-25,3.8385,3.8736,3.8122,3.8649,2252500
2023-08-28,3.8297,3.9,3.8297,3.8912,553800
2023-08-29,3.8912,3.9088,3.8385,3.8912,2242300
2023-08-30,3.8912,3.9,3.8473,3.8473,9028200
2023-09-01,3.9176,3.9351,3.8473,3.9351,2280100
2023-09-04,3.9351,3.9351,3.8473,3.8561,844000
2023-09-05,3.8667,3.9198,3.8578,3.8755,2763200
2023-09-06,3.8755,3.9286,3.8313,3.9021,3044300
2023-09-07,3.9021,3.9021,3.8755,3.8844,1379600
2023-09-08,3.8844,3.9286,3.8225,3.8578,2002800
2023-09-11,3.8578,3.9109,3.8578,3.8932,974300
2023-09-12,3.8932,3.9375,3.849,3.9198,2260300
2023-09-13,3.8667,3.9552,3.8667,3.9552,2909900
2023-09-14,3.9198,3.9817,3.8932,3.9729,1775200
2023-09-15,3.9375,3.9729,3.8844,3.9198,5471300
2023-09-18,3.8932,3.9817,3.8844,3.964,1201000
2023-09-19,3.9198,3.964,3.9198,3.9463,859600
2023-09-20,3.9286,3.964,3.9021,3.9109,1652700
2023-09-21,3.9021,3.9198,3.8401,3.9109,2327500
2023-09-22,3.9109,3.9817,3.8755,3.9817,1217000
2023-09-25,3.9198,3.9729,3.8401,3.8932,3448400
2023-09-26,3.8932,3.9463,3.8844,3.9198,802000
2023-09-27,3.9729,3.9729,3.8755,3.9198,1178100
2023-09-29,3.8932,3.9198,3.849,3.8667,3890600
2023-10-02,3.8578,3.9021,3.8136,3.8225,739300
2023-10-03,3.8401,3.8755,3.7959,3.8313,1684800
2023-10-04,3.8048,3.8313,3.7782,3.7959,3451600
2023-10-05,3.7605,3.8136,3.734,3.7428,2397900
2023-10-06,3.7251,3.8225,3.7251,3.8048,4084000
2023-10-09,3.8136,3.8136,3.734,3.7517,1734500
2023-10-10,3.7694,3.849,3.7694,3.8313,1175100
2023-10-11,3.8048,3.8313,3.7959,3.7959,2352700
2023-10-12,3.8225,3.8844,3.8225,3.8578,1620700
2023-10-13,3.8578,3.9109,3.849,3.8755,877100
2023-10-16,3.849,3.8578,3.7782,3.7871,1808900
2023-10-17,3.7871,3.8136,3.7694,3.7782,819400
2023-10-18,3.7782,3.8667,3.7782,3.8313,1872900
2023-10-19,3.8313,3.8667,3.7871,3.7959,1314900
2023-10-20,3.8225,3.8313,3.7871,3.7959,1266600
2023-10-23,3.7959,3.8048,3.7163,3.7163,1529300
2023-10-24,3.7251,3.7251,3.6455,3.6632,3138700
2023-10-25,3.6632,3.7605,3.6632,3.734,2310900
2023-10-26,3.7163,3.7605,3.6986,3.7428,938200
2023-10-27,3.734,3.7605,3.7163,3.7163,1444400
2023-10-30,3.7163,3.7428,3.7074,3.7163,1215800
2023-10-31,3.7163,3.7782,3.6897,3.7428,1539000
2023-11-01,3.7428,3.7517,3.7163,3.7163,1885200
2023-11-02,3.734,3.8136,3.734,3.7605,1237700
2023-11-03,3.8048,3.8048,3.7694,3.7871,2258300
2023-11-06,3.8048,3.9021,3.8048,3.8667,3087900
2023-11-07,3.8755,3.8755,3.7959,3.8136,2040000
2023-11-08,3.8048,3.8136,3.7871,3.7959,368000
2023-11-09,3.8048,3.8048,3.7694,3.7694,1806200
2023-11-10,3.7605,3.7782,3.7517,3.7605,378500
2023-11-14,3.7428,3.8313,3.734,3.8313,1351800
2023-11-15,3.8048,3.849,3.7959,3.8313,2365000
2023-11-16,3.8048,3.8048,3.7605,3.7782,1489600
2023-11-17,3.7782,3.7959,3.7605,3.7694,2004600
2023-11-20,3.7782,3.8048,3.7782,3.8048,602500
2023-11-21,3.7959,3.8048,3.7251,3.734,3496900
2023-11-22,3.734,3.7694,3.7163,3.734,4339000
2023-11-23,3.7605,3.7605,3.6986,3.7163,2973300
2023-11-24,3.7163,3.7163,3.6897,3.6986,3332500
2023-11-27,3.6986,3.7428,3.6366,3.6543,5969200
2023-11-28,3.6543,3.6809,3.6278,3.672,8586300
2023-11-29,3.6897,3.6897,3.6278,3.6543,8040400
2023-11-30,3.672,3.8402,3.6543,3.8402,34001800
2023-12-01,3.7694,3.7782,3.7251,3.7517,3450700
2023-12-04,3.7365,3.8346,3.7187,3.7454,1462100
2023-12-05,3.79,3.79,3.7008,3.7722,1614500
2023-12-06,3.7454,3.7722,3.7008,3.7276,1617500
2023-12-07,3.7187,3.7187,3.6473,3.683,2790900
2023-12-08,3.6741,3.7008,3.6117,3.6206,2468100
2023-12-11,3.6295,3.6562,3.6295,3.6562,2675400
2023-12-12,3.6562,3.6562,3.6295,3.6562,2500400
2023-12-13,3.6295,3.6473,3.6206,3.6384,1204900
2023-12-14,3.6473,3.6741,3.5938,3.6384,3062100
2023-12-15,3.6384,3.683,3.6206,3.6473,5842000
2023-12-18,3.6206,3.6652,3.6206,3.6562,2151300
2023-12-19,3.6741,3.6919,3.6562,3.6741,3008700
2023-12-20,3.6741,3.683,3.6652,3.6741,3216900
2023-12-21,3.683,3.683,3.6473,3.6562,2764100
2023-12-22,3.6562,3.683,3.6562,3.6652,1076800
2023-12-26,3.6652,3.7098,3.6652,3.7008,606400
2023-12-27,3.7008,3.7276,3.6919,3.7098,1828100
2023-12-28,3.7098,3.7365,3.6741,3.683,2839500
2023-12-29,3.683,3.6919,3.6295,3.6384,1971700
2024-01-02,3.6295,3.6562,3.5938,3.6473,1601300
2024-01-03,3.6384,3.7008,3.6206,3.683,1715400
2024-01-04,3.683,3.6919,3.6473,3.6919,1771200
2024-01-05,3.6919,3.7543,3.683,3.7543,1053200
2024-01-08,3.7365,3.7543,3.7008,3.7365,1742300
2024-01-09,3.7365,3.7811,3.7276,3.7811,2692100
2024-01-10,3.7722,3.79,3.7633,3.7722,1805300
2024-01-11,3.7543,3.7989,3.7543,3.7722,785500
2024-01-12,3.7722,3.79,3.7722,3.7811,1096600
2024-01-15,3.7989,3.8078,3.7365,3.7722,1124300
2024-01-16,3.79,3.79,3.7276,3.7454,1961700
2024-01-17,3.7276,3.7722,3.7187,3.7454,4375000
2024-01-18,3.7454,3.7722,3.7365,3.7454,2658000
2024-01-19,3.7365,3.7633,3.7187,3.7454,2282500
2024-01-22,3.7722,3.8078,3.7187,3.7722,2414700
2024-01-23,3.7989,3.8078,3.7543,3.7811,1611300
2024-01-24,3.7543,3.7989,3.7543,3.79,1184200
2024-01-26,3.79,3.8078,3.7543,3.79,1951100
2024-01-29,3.8078,3.8078,3.7543,3.7722,1516300
2024-01-30,3.79,3.8078,3.7365,3.7365,1300300
2024-01-31,3.7276,3.8168,3.7187,3.79,2872300
2024-02-02,3.7989,3.8078,3.7187,3.7543,1953100
2024-02-05,3.7722,3.79,3.7543,3.7633,2119100
2024-02-06,3.7543,3.7722,3.7276,3.7365,1832200
2024-02-07,3.7722,3.7811,3.7454,3.7811,877200
2024-02-08,3.79,3.79,3.7454,3.7633,1198900
2024-02-09,3.7722,3.79,3.7543,3.7722,395500
2024-02-13,3.7811,3.8257,3.7633,3.79,1599000
2024-02-14,3.7722,3.8078,3.7633,3.7989,1074400
2024-02-15,3.8257,3.8257,3.7454,3.7722,1344400
2024-02-16,3.7811,3.897,3.7811,3.8346,3462100
2024-02-19,3.8792,3.8792,3.7989,3.8614,1689600
2024-02-20,3.8524,3.9149,3.8435,3.897,5160800
2024-02-21,3.897,3.897,3.79,3.8435,4294300
2024-02-22,3.8614,3.8703,3.8168,3.8168,2557100
2024-02-23,3.8168,3.8614,3.8168,3.8257,1179100
2024-02-26,3.8435,3.8792,3.8257,3.8703,2157000
2024-02-27,3.8881,3.9238,3.8524,3.8881,4308900
2024-02-28,3.8881,3.9149,3.8614,3.8614,1854500
2024-02-29,3.8792,3.9238,3.8435,3.8792,7316200
2024-03-01,3.8614,3.9059,3.8168,3.8346,1013400
2024-03-04,3.8524,3.8524,3.7989,3.8257,1406900
2024-03-05,3.8346,3.8346,3.7543,3.7989,3843700
2024-03-06,3.7811,3.7811,3.7008,3.7276,2252600
2024-03-07,3.7276,3.8257,3.7276,3.8168,1838200
2024-03-08,3.8168,3.8168,3.7633,3.7633,1841000
2024-03-11,3.7722,3.8524,3.7722,3.8346,1548100
2024-03-12,3.8524,3.9505,3.8168,3.897,3851800
2024-03-13,3.8792,3.897,3.7989,3.8168,1134200
2024-03-14,3.8392,3.8572,3.7943,3.8572,1986500
2024-03-15,3.8572,3.9651,3.7943,3.9651,6526000
2024-03-18,3.9561,3.9561,3.8572,3.9381,1755700
2024-03-19,3.9022,3.9022,3.8123,3.8213,3027100
2024-03-20,3.8213,3.8482,3.8033,3.8033,1001900
2024-03-21,3.8033,3.9112,3.8033,3.9022,1684300
2024-03-22,3.9112,3.9561,3.8482,3.9561,2178900
2024-03-25,3.8482,3.8572,3.8303,3.8303,860600
2024-03-26,3.8303,3.8662,3.8123,3.8482,2451800
2024-03-27,3.8392,3.8392,3.7673,3.7853,3282100
2024-03-29,3.7853,3.8123,3.7403,3.7673,4645600
2024-04-01,3.7673,3.8303,3.7673,3.8123,803600
2024-04-02,3.8033,3.9022,3.7943,3.8392,2173100
2024-04-03,3.8392,3.8482,3.7943,3.8213,1977000
2024-04-04,3.8842,3.8842,3.7943,3.8033,779400
2024-04-05,3.7943,3.8123,3.7853,3.8033,1019900
2024-04-08,3.8123,3.8213,3.7673,3.7763,1540100
2024-04-09,3.7763,3.8123,3.7673,3.7853,666100
2024-04-12,3.7763,3.7853,3.7403,3.7583,4215400
2024-04-15,3.7403,3.7403,3.6684,3.6684,4128200
2024-04-16,3.6684,3.8033,3.6594,3.7763,4601600
2024-04-17,3.7313,3.7673,3.7134,3.7313,2095800
2024-04-18,3.7313,3.7403,3.6774,3.6774,2238100
2024-04-19,3.6864,3.6954,3.6235,3.6324,2859200
2024-04-22,3.6504,3.7044,3.6504,3.6954,1631800
2024-04-23,3.7044,3.7134,3.6504,3.6594,5159300
2024-04-24,3.6684,3.7134,3.6684,3.6774,2150900
2024-04-25,3.6774,3.7044,3.6684,3.6864,1840300
2024-04-26,3.6774,3.7583,3.6774,3.7583,1813600
2024-04-29,3.7493,3.7673,3.7313,3.7583,3396700
2024-04-30,3.7493,3.7583,3.7313,3.7313,3677600
2024-05-02,3.7224,3.7313,3.6864,3.6954,2379700
2024-05-03,3.7044,3.7493,3.6594,3.6774,2688300
2024-05-06,3.6774,3.7134,3.6684,3.6954,493900
2024-05-07,3.7044,3.7313,3.6864,3.6864,3563800
2024-05-08,3.7044,3.7313,3.6864,3.7134,2717500
2024-05-09,3.7134,3.7224,3.6774,3.6864,2063200
2024-05-10,3.6954,3.7313,3.6864,3.6954,2123100
2024-05-13,3.7044,3.7044,3.6594,3.6684,1802100
2024-05-14,3.6684,3.6864,3.6055,3.6594,6842800
2024-05-15,3.6684,3.6774,3.6504,3.6594,1252200
2024-05-16,3.6684,3.6774,3.6235,3.6324,2401900
2024-05-17,3.6414,3.6864,3.6414,3.6504,2080100
2024-05-20,3.6594,3.7493,3.6594,3.7403,1623000
2024-05-21,3.7493,3.7493,3.6324,3.6504,3800300
2024-05-23,3.6504,3.6774,3.6324,3.6504,2753000
2024-05-24,3.6504,3.6504,3.6324,3.6414,1773400
2024-05-27,3.6594,3.6774,3.6504,3.6684,1192300
2024-05-28,3.6594,3.6594,3.5965,3.5965,4310100
2024-05-29,3.6145,3.6145,3.4526,3.4706,5518900
2024-05-30,3.4796,3.5425,3.4436,3.4976,4355200
2024-05-31,3.5156,3.5605,3.4256,3.4256,16867500
2024-06-04,3.4256,3.5156,3.4167,3.4796,5794800
2024-06-05,3.4976,3.5515,3.4796,3.4976,4451300
2024-06-06,3.5066,3.5335,3.4796,3.4796,2382100
2024-06-07,3.4886,3.5066,3.4077,3.4256,5579900
2024-06-10,3.4436,3.4796,3.4436,3.4526,2292000
2024-06-11,3.4706,3.4796,3.4256,3.4256,2969000
2024-06-12,3.4436,3.4526,3.3897,3.3987,2641200
2024-06-13,3.4214,3.4214,3.3397,3.3397,4563100
2024-06-14,3.3488,3.3851,3.3397,3.376,2075200
2024-06-18,3.376,3.4123,3.3669,3.376,1179300
2024-06-19,3.376,3.4123,3.3578,3.376,2868700
2024-06-20,3.376,3.4032,3.3578,3.3669,2071600
2024-06-21,3.3669,3.3941,3.2762,3.2762,9130400
2024-06-24,3.2943,3.3215,3.2036,3.2399,7686000
2024-06-25,3.2399,3.2671,3.1945,3.2217,3675300
2024-06-26,3.2308,3.2399,3.1945,3.2126,1705800
2024-06-27,3.2126,3.2126,3.1491,3.1491,3320400
2024-06-28,3.1763,3.3578,3.1763,3.3397,11439700
2024-07-01,3.3578,3.3669,3.3034,3.3488,6047600
2024-07-02,3.3488,3.3488,3.2036,3.2126,10158200
2024-07-03,3.2217,3.3125,3.2126,3.3034,2641400
2024-07-04,3.2943,3.3215,3.2762,3.2852,2192900
2024-07-05,3.2852,3.2943,3.2217,3.2217,2177300
2024-07-09,3.2308,3.2671,3.2308,3.2399,4344400
2024-07-10,3.2489,3.2762,3.2489,3.258,3256000
2024-07-11,3.2671,3.2852,3.258,3.258,6035600
2024-07-12,3.258,3.2852,3.258,3.2671,4241100
2024-07-15,3.2762,3.3488,3.2762,3.3397,1489300
2024-07-16,3.3397,3.3397,3.258,3.2671,4886800
2024-07-17,3.2671,3.376,3.2671,3.3578,3688600
2024-07-18,3.3397,3.3941,3.3397,3.3851,2286600
2024-07-19,3.3851,3.4214,3.3306,3.3669,6670300
2024-07-22,3.376,3.376,3.3034,3.3578,3513700
2024-07-23,3.3578,3.4123,3.3578,3.376,3015000
2024-07-24,3.3851,3.3851,3.3306,3.3669,1141200
2024-07-25,3.3578,3.376,3.3397,3.376,2598600
2024-07-26,3.3669,3.3941,3.3578,3.3669,3433500
2024-07-29,3.3669,3.4214,3.3669,3.4123,2036900
2024-07-30,3.4123,3.4395,3.4032,3.4123,1610700
2024-07-31,3.4032,3.4758,3.4032,3.4486,7106400
2024-08-01,3.4577,3.4577,3.3851,3.4032,3292600
2024-08-02,3.3851,3.4032,3.3306,3.3851,7276300
2024-08-05,3.3488,3.3578,3.1854,3.1854,2677400
2024-08-06,3.1763,3.2762,3.1037,3.2489,7486200
2024-08-07,3.2489,3.3397,3.2126,3.3125,7885500
2024-08-08,3.3125,3.376,3.2762,3.3397,4887600
2024-08-09,3.3397,3.3851,3.2943,3.3125,9120100
2024-08-12,3.3125,3.4486,3.3125,3.4214,8930300
2024-08-13,3.4214,3.4667,3.376,3.4577,5819400
2024-08-14,3.4577,3.494,3.4395,3.4849,5748700
2024-08-15,3.4577,3.4758,3.4123,3.4486,4893600
2024-08-16,3.4849,3.4849,3.3941,3.4123,6722700
2024-08-19,3.4123,3.4123,3.2671,3.2671,6206400
2024-08-20,3.2852,3.2852,3.1673,3.2217,10432500
2024-08-21,3.2036,3.2217,3.1945,3.2036,3250900
2024-08-22,3.2126,3.2399,3.1854,3.2036,3831000
2024-08-23,3.2126,3.2308,3.1854,3.2126,2888500
2024-08-26,3.2308,3.2308,3.1854,3.2036,3773500
2024-08-27,3.1945,3.3034,3.1945,3.2762,3377100
2024-08-28,3.2943,3.4304,3.2852,3.4032,9304700
2024-08-29,3.4123,3.5121,3.3578,3.4758,9034000
2024-08-30,3.4758,3.5121,3.4395,3.5121,11143500
2024-09-02,3.494,3.494,3.4214,3.4667,2297800
2024-09-03,3.4486,3.4486,3.3397,3.376,5682400
2024-09-04,3.3397,3.4214,3.3397,3.4032,2658100
2024-09-05,3.4261,3.4261,3.3803,3.4078,2773100
2024-09-06,3.4078,3.4078,3.307,3.3528,4867300
2024-09-09,3.3253,3.417,3.3253,3.3986,2675600
2024-09-10,3.3895,3.4261,3.2979,3.3895,4496200
2024-09-11,3.417,3.4536,3.3528,3.4444,4080700
2024-09-12,3.4444,3.4719,3.3803,3.417,3647400
2024-09-13,3.417,3.4261,3.3711,3.3895,2515400
2024-09-17,3.3895,3.4628,3.3895,3.4444,1105100
2024-09-18,3.4261,3.4444,3.3711,3.4353,2128100
2024-09-19,3.4078,3.4902,3.3528,3.4811,5855200
2024-09-20,3.4902,3.4902,3.362,3.362,6812400
2024-09-23,3.362,3.4261,3.3528,3.4078,2991800
2024-09-24,3.4261,3.4444,3.3895,3.4078,1842300
2024-09-25,3.3986,3.4353,3.3803,3.4353,2673900
2024-09-26,3.4261,3.4353,3.4078,3.4353,3246200
2024-09-27,3.3986,3.4261,3.3986,3.4078,1928100
2024-09-30,3.4078,3.4353,3.3986,3.4078,3330800
2024-10-01,3.417,3.4353,3.3895,3.4261,1163900
2024-10-02,3.417,3.4261,3.3437,3.4261,3184100
2024-10-03,3.417,3.417,3.3895,3.3986,704300
2024-10-04,3.3895,3.3986,3.307,3.3162,4105000
2024-10-07,3.3162,3.362,3.2795,3.362,3636800
2024-10-08,3.3437,3.3437,3.2795,3.2795,2946800
2024-10-09,3.2795,3.2887,3.2337,3.2337,3937000
2024-10-10,3.2521,3.307,3.2429,3.2887,2649700
2024-10-11,3.2887,3.3345,3.2612,3.2612,1094000
2024-10-14,3.2612,3.3253,3.2612,3.307,3283300
2024-10-15,3.307,3.3711,3.2979,3.3253,3358400
2024-10-16,3.3253,3.3345,3.2612,3.2704,2426800
2024-10-17,3.2795,3.3162,3.2612,3.2795,2514000
2024-10-18,3.2979,3.3253,3.2795,3.2979,2101800
2024-10-21,3.2887,3.2979,3.2521,3.2704,2602000
2024-10-22,3.2795,3.3162,3.2704,3.2979,2718600
2024-10-23,3.2979,3.3162,3.2795,3.2795,1163100
2024-10-24,3.2795,3.2887,3.2521,3.2704,3839300
2024-10-25,3.2612,3.2612,3.1421,3.1605,4961500
2024-10-28,3.1605,3.2154,3.1605,3.1788,1968900
2024-10-29,3.1788,3.2246,3.1696,3.1971,2143700
2024-10-30,3.1879,3.1879,3.1238,3.1238,6149800
2024-11-01,3.1146,3.1238,3.0872,3.0872,3724400
2024-11-04,3.0872,3.0963,3.0688,3.0963,3360600
2024-11-05,3.0963,3.1421,3.0872,3.1146,1769900
2024-11-06,3.133,3.1421,3.078,3.1146,1742800
2024-11-07,3.133,3.133,3.0414,3.0688,3450600
2024-11-08,3.078,3.0872,3.0322,3.0597,1245400
2024-11-11,3.0597,3.0688,3.0139,3.0322,1198600
2024-11-12,3.0322,3.0414,2.9864,3.0047,2896300
2024-11-13,2.9956,3.0139,2.9772,2.9864,1990100
2024-11-14,2.9956,3.0597,2.9864,3.0414,3513700
2024-11-15,3.078,3.0963,3.0139,3.0505,1705600
2024-11-18,3.023,3.1238,3.023,3.0872,3285000
2024-11-19,3.0872,3.133,3.0688,3.1146,7593800
2024-11-20,3.1238,3.2429,3.0963,3.2337,8994200
2024-11-21,3.2337,3.2612,3.1971,3.2521,4442900
2024-11-22,3.2612,3.2887,3.2246,3.2612,3661600
2024-11-25,3.2612,3.2887,3.2521,3.2521,26513900
2024-11-26,3.2612,3.2979,3.2337,3.2795,3323000
2024-11-27,3.2795,3.307,3.2795,3.2887,3524300
2024-11-28,3.2979,3.3162,3.2887,3.2887,2752500
2024-11-29,3.2887,3.2979,3.2612,3.2795,2992000
2024-12-02,3.2795,3.362,3.2795,3.3437,4666500
2024-12-03,3.3437,3.362,3.307,3.362,3595600
2024-12-04,3.3345,3.4078,3.3345,3.3895,2614000
2024-12-05,3.395,3.432,3.3765,3.4135,2261700
2024-12-06,3.4043,3.4228,3.3395,3.395,1787600
2024-12-09,3.3765,3.3765,3.3303,3.3765,1838300
2024-12-10,3.3765,3.3858,3.321,3.3673,2677100
2024-12-11,3.3673,3.3765,3.3303,3.3673,2437800
2024-12-12,3.3673,3.3673,3.3025,3.3025,6660500
2024-12-13,3.3118,3.3118,3.2655,3.284,7176700
2024-12-16,3.284,3.321,3.284,3.321,2663300
2024-12-17,3.321,3.3488,3.284,3.3303,1973800
2024-12-18,3.3303,3.3488,3.3303,3.3303,1909500
2024-12-19,3.321,3.3488,3.247,3.3395,2642400
2024-12-20,3.3303,3.3395,3.2748,3.2748,3607800
2024-12-23,3.3025,3.3025,3.284,3.284,3154000
2024-12-24,3.284,3.3303,3.284,3.3118,327600
2024-12-26,3.3118,3.3303,3.3118,3.321,321500
2024-12-27,3.321,3.3858,3.321,3.3765,2013700
2024-12-30,3.4043,3.4228,3.3673,3.4228,2278100
2024-12-31,3.4228,3.4228,3.3303,3.3488,2730200
2025-01-02,3.3395,3.4043,3.3303,3.3765,1226400
2025-01-03,3.3765,3.4228,3.3765,3.4228,1489700
2025-01-06,3.4228,3.432,3.3765,3.3765,3356300
2025-01-07,3.3765,3.432,3.3488,3.3858,3733200
2025-01-08,3.395,3.395,3.3303,3.3395,2211200
2025-01-09,3.3395,3.395,3.3395,3.3858,1521900
2025-01-10,3.3673,3.395,3.3488,3.395,1464300
2025-01-13,3.395,3.432,3.3858,3.4043,3777600
2025-01-14,3.3673,3.4413,3.3673,3.4043,2988900
2025-01-15,3.4043,3.4413,3.3488,3.4413,2262700
2025-01-16,3.4413,3.469,3.4043,3.4505,2576800
2025-01-17,3.4228,3.4505,3.4043,3.4413,3415500
2025-01-20,3.4043,3.469,3.4043,3.4598,1786500
2025-01-21,3.4505,3.4783,3.432,3.4783,1410400
2025-01-22,3.4413,3.506,3.4413,3.4968,1378200
2025-01-23,3.4598,3.4875,3.4413,3.4413,1414300
2025-01-24,3.469,3.4875,3.4413,3.4875,2010500
2025-01-27,3.4875,3.506,3.4598,3.506,939200
2025-01-28,3.4505,3.4875,3.4505,3.469,607000
2025-01-31,3.469,3.4968,3.4505,3.469,1875400
2025-02-03,3.4413,3.4875,3.4413,3.4875,1062400
2025-02-04,3.4875,3.4875,3.4135,3.4413,2111500
2025-02-05,3.432,3.4875,3.432,3.4783,1440600
2025-02-06,3.4875,3.5338,3.4413,3.5338,2262400
2025-02-07,3.506,3.5153,3.4875,3.4968,884000
2025-02-10,3.506,3.5338,3.4968,3.5153,1164300
2025-02-12,3.5153,3.6355,3.5153,3.6355,3458700
2025-02-13,3.6263,3.6633,3.5523,3.58,4518900
2025-02-14,3.5615,3.5615,3.2655,3.2748,7545800
2025-02-17,3.284,3.3395,3.2193,3.2378,4454600
2025-02-18,3.2378,3.247,3.1267,3.1453,3649400
2025-02-19,3.1453,3.1638,3.1175,3.136,5381700
2025-02-20,3.136,3.1638,3.062,3.1082,3972500
2025-02-21,3.1082,3.173,3.0712,3.173,2782500
2025-02-24,3.173,3.21,3.1453,3.2008,1800700
2025-02-25,3.173,3.21,3.1453,3.2008,4823400
2025-02-26,3.1638,3.3025,3.1638,3.3025,1848300
2025-02-27,3.284,3.3025,3.2563,3.2563,2942700
2025-02-28,3.2563,3.4135,3.2193,3.4135,7740700
2025-03-03,3.358,3.3858,3.2655,3.3765,1838100
2025-03-04,3.3488,3.3858,3.284,3.3858,2634800
2025-03-05,3.3673,3.3858,3.321,3.321,3345000
2025-03-06,3.3303,3.3673,3.2748,3.284,1752800
2025-03-07,3.284,3.3118,3.2563,3.2933,2057400
2025-03-10,3.3303,3.3303,3.2563,3.284,3238000
2025-03-11,3.2655,3.3118,3.2378,3.2933,1294800
2025-03-12,3.2748,3.3025,3.247,3.3025,3018000
2025-03-13,3.2748,3.3118,3.2285,3.3025,3592100
2025-03-14,3.2997,3.3558,3.2997,3.3278,3237900
2025-03-17,3.3278,3.3838,3.2904,3.2997,1729600
2025-03-19,3.2904,3.3278,3.281,3.2997,3508100
2025-03-20,3.2997,3.2997,3.2062,3.2156,2542400
2025-03-21,3.2156,3.2436,3.0847,3.1128,9399300
2025-03-24,3.1315,3.1782,3.1034,3.1501,2828800
2025-03-25,3.1595,3.253,3.1595,3.2249,3514300
2025-03-26,3.2436,3.2904,3.2343,3.253,2803500
2025-03-27,3.253,3.3278,3.2343,3.3278,3170700
2025-03-28,3.281,3.3184,3.2436,3.253,2343600
2025-04-02,3.2436,3.3838,3.2436,3.3838,2402800
2025-04-03,3.3651,3.3932,3.3091,3.3464,494700
2025-04-04,3.2904,3.3838,3.2904,3.3838,819400
2025-04-07,3.2997,3.3558,3.2062,3.3464,4430200
2025-04-08,3.3184,3.3184,3.253,3.2623,2475200
2025-04-09,3.2623,3.3278,3.1408,3.1688,4663900
2025-04-10,3.2343,3.2997,3.1875,3.2156,2858700
2025-04-11,3.1595,3.253,3.1408,3.2156,1842400
2025-04-14,3.3091,3.3091,3.2717,3.281,777000
2025-04-15,3.2997,3.3278,3.2436,3.2904,1755400
2025-04-16,3.2904,3.3184,3.2436,3.2623,1556700
2025-04-17,3.2623,3.3651,3.253,3.3278,2030300
2025-04-18,3.3184,3.4025,3.3184,3.3558,1310600
2025-04-21,3.3558,3.4306,3.3558,3.4306,2907300
2025-04-22,3.3838,3.4306,3.3838,3.4306,1824400
2025-04-23,3.4306,3.5147,3.4306,3.5147,4325400
2025-04-24,3.5147,3.5334,3.468,3.5054,1249400
2025-04-25,3.5054,3.5054,3.468,3.5054,2034200
2025-04-28,3.5147,3.5427,3.5054,3.5147,1734000
2025-04-29,3.496,3.5427,3.496,3.5241,1538000
2025-04-30,3.5334,3.5801,3.5334,3.5708,2812600
2025-05-02,3.5708,3.5988,3.5427,3.5988,1816600
2025-05-05,3.5988,3.5988,3.5054,3.5334,1231500
2025-05-06,3.5708,3.5895,3.5147,3.5427,2431800
2025-05-07,3.5334,3.6643,3.5334,3.6549,4464800
2025-05-08,3.6269,3.6456,3.6082,3.6175,4071500
2025-05-09,3.6269,3.683,3.5801,3.6362,2380900
2025-05-13,3.6456,3.6923,3.6362,3.6456,4532900
2025-05-14,3.6082,3.739,3.6082,3.739,2792600
2025-05-15,3.739,3.739,3.6643,3.7204,2999900
2025-05-16,3.7204,3.7297,3.6736,3.711,4973500
2025-05-19,3.7017,3.711,3.6082,3.6456,1402700
2025-05-20,3.5988,3.6923,3.5988,3.6269,2907500
2025-05-21,3.6456,3.6923,3.6362,3.6456,3712200
2025-05-22,3.6456,3.6923,3.6362,3.6643,5872100
2025-05-23,3.6643,3.6736,3.6549,3.6643,2478400
2025-05-26,3.6456,3.6923,3.5895,3.6269,1993300
2025-05-27,3.6269,3.6549,3.5895,3.6082,2852100
2025-05-28,3.5801,3.6549,3.5801,3.5988,2119000
2025-05-29,3.5895,3.6456,3.5427,3.6082,2569600
2025-05-30,3.6456,3.6456,3.4773,3.4773,22660600
2025-06-03,3.4867,3.5895,3.4399,3.5334,6603900
2025-06-04,3.5241,3.6643,3.5054,3.6643,4212200
2025-06-05,3.6269,3.683,3.5988,3.6175,3855700
2025-06-06,3.6175,3.6175,3.5614,3.5988,2610000
2025-06-09,3.5614,3.6175,3.5334,3.5801,1011400
2025-06-10,3.5801,3.5801,3.5054,3.5334,3177000
2025-06-11,3.5614,3.5708,3.496,3.5147,3510600
2025-06-12,3.5591,3.5874,3.5119,3.578,2522100
2025-06-13,3.5874,3.5874,3.493,3.5874,1758500
2025-06-16,3.5874,3.6157,3.5496,3.5968,3153800
2025-06-17,3.5874,3.6157,3.5591,3.6063,1794100
2025-06-18,3.5968,3.6346,3.578,3.5968,1261900
2025-06-19,3.6063,3.6157,3.5968,3.6063,1093400
2025-06-20,3.6063,3.6063,3.5496,3.578,8931300
2025-06-23,3.5591,3.6157,3.5024,3.578,1702600
2025-06-24,3.5968,3.6629,3.5874,3.6252,1760700
2025-06-25,3.644,3.6912,3.5968,3.6629,2576400
2025-06-26,3.6629,3.6818,3.644,3.6818,1283100
2025-06-30,3.6912,3.729,3.6157,3.7101,3537500
2025-07-01,3.6629,3.6912,3.6157,3.6346,1912000
2025-07-02,3.6157,3.7007,3.6063,3.6912,1930400
2025-07-03,3.7007,3.7101,3.6724,3.7007,790000
2025-07-04,3.7007,3.7007,3.6724,3.6818,495000
2025-07-07,3.644,3.6818,3.6252,3.6629,1623100
2025-07-08,3.6346,3.6912,3.6346,3.6535,1424100
2025-07-09,3.6818,3.6818,3.644,3.6535,1884600
2025-07-10,3.6346,3.6535,3.5968,3.6346,2911800
2025-07-11,3.644,3.6629,3.5968,3.6252,1425300
2025-07-14,3.6252,3.6724,3.6252,3.6535,2228600
2025-07-15,3.644,3.6724,3.6157,3.644,1655100
2025-07-16,3.6535,3.6818,3.5591,3.578,1865500
2025-07-17,3.578,3.6724,3.578,3.6535,2220300
2025-07-18,3.644,3.6724,3.6063,3.6252,2500200
2025-07-21,3.6157,3.6629,3.5591,3.578,2649000
2025-07-22,3.578,3.5874,3.5213,3.578,2278500
2025-07-23,3.5685,3.6252,3.5685,3.6157,1181400
2025-07-24,3.6063,3.6252,3.5968,3.6157,811600
2025-07-25,3.6063,3.6346,3.578,3.6252,911800
2025-07-28,3.6346,3.6724,3.5591,3.578,1693500
2025-07-29,3.5874,3.6063,3.5496,3.5496,1748400
2025-07-30,3.5402,3.6063,3.5119,3.5874,1816400
2025-07-31,3.5874,3.6629,3.578,3.6252,5750900
2025-08-01,3.6252,3.6535,3.5968,3.5968,846100
2025-08-04,3.5968,3.6157,3.5685,3.5685,1162800
2025-08-05,3.5591,3.6063,3.5591,3.6063,2163400
2025-08-06,3.6252,3.6346,3.5874,3.5874,1272400
2025-08-07,3.5968,3.6157,3.5402,3.6157,1730600
2025-08-08,3.6157,3.6724,3.6063,3.6629,1416000
2025-08-11,3.6629,3.6629,3.5591,3.578,1476900
2025-08-12,3.578,3.578,3.493,3.5402,4164400
2025-08-13,3.5402,3.6346,3.5308,3.6252,3769500
2025-08-14,3.644,3.644,3.5874,3.6252,2095800
2025-08-15,3.6252,3.6252,3.5591,3.5591,1663500
2025-08-18,3.5685,3.5874,3.5308,3.5685,2989600
2025-08-19,3.5685,3.5685,3.493,3.493,4941400
2025-08-20,3.5024,3.5308,3.4741,3.493,3606400
2025-08-21,3.5024,3.5213,3.3986,3.4269,4698400
2025-08-22,3.4269,3.493,3.408,3.493,4675400
2025-08-25,3.493,3.5308,3.4836,3.5119,3444900
2025-08-26,3.5119,3.5119,3.4458,3.4458,13138700
2025-08-27,3.4458,3.4647,3.408,3.4458,3568000
2025-08-28,3.4458,3.5119,3.4363,3.493,3459300
2025-08-29,3.493,3.493,3.408,3.4741,6410400
2025-09-02,3.493,3.5119,3.4458,3.5024,2700100
2025-09-03,3.4647,3.4836,3.4552,3.4647,1192400
2025-09-04,3.4647,3.5119,3.4647,3.5119,1652600
2025-09-08,3.4836,3.5024,3.4647,3.4741,775900
2025-09-09,3.4741,3.4741,3.4647,3.4741,1656600
2025-09-10,3.4647,3.493,3.4458,3.493,1714700
2025-09-11,3.5102,3.5102,3.4625,3.4911,1349400
2025-09-12,3.4911,3.5388,3.4911,3.5006,1298300
2025-09-17,3.5006,3.5769,3.4434,3.5769,3802000
2025-09-18,3.5674,3.5674,3.5197,3.5483,1488000
2025-09-19,3.5483,3.6151,3.5292,3.6151,3360300
2025-09-22,3.6151,3.6151,3.5292,3.5769,1234300
2025-09-23,3.5769,3.5769,3.5388,3.5483,700100
2025-09-24,3.5483,3.5483,3.5102,3.5102,1150600
2025-09-25,3.5197,3.5292,3.4911,3.4911,2909700
2025-09-26,3.4911,3.5102,3.4815,3.4911,1494000
2025-09-29,3.4911,3.5388,3.4911,3.5292,2898000
2025-09-30,3.5483,3.5483,3.4815,3.5292,5020800
2025-10-01,3.5292,3.5292,3.4911,3.5006,2003900
2025-10-02,3.5006,3.5292,3.4815,3.5102,5008900
2025-10-03,3.5102,3.5102,3.4625,3.4911,4930800
2025-10-06,3.4815,3.5388,3.4815,3.5197,2351800
2025-10-07,3.5197,3.5292,3.4911,3.4911,1780500
2025-10-08,3.4911,3.5388,3.4911,3.5292,1865500
2025-10-09,3.5102,3.5579,3.5102,3.5388,2191900
2025-10-10,3.5292,3.5292,3.4911,3.4911,1416900
2025-10-13,3.472,3.4911,3.4529,3.4625,1741700
2025-10-14,3.4625,3.5006,3.4625,3.4911,3206100
2025-10-15,3.5006,3.5579,3.5006,3.5102,2448800
2025-10-16,3.5102,3.5388,3.5006,3.5292,1864500
2025-10-17,3.5292,3.5674,3.5197,3.5197,2613500
2025-10-21,3.5483,3.5674,3.5197,3.5388,2677300
2025-10-22,3.5292,3.5579,3.4911,3.4911,926500
2025-10-23,3.4911,3.5102,3.4052,3.4339,2314200
2025-10-24,3.4339,3.4529,3.4052,3.4148,1521200
2025-10-27,3.4434,3.5006,3.4339,3.472,1796900
2025-10-28,3.472,3.4911,3.4625,3.472,2840600
2025-10-29,3.4815,3.4815,3.4148,3.4243,2586900
2025-10-30,3.4339,3.4625,3.4243,3.4434,3548400
2025-10-31,3.4339,3.4625,3.4243,3.4339,2118600
2025-11-03,3.4339,3.4815,3.4243,3.4815,1514400
2025-11-04,3.4911,3.5102,3.4815,3.4911,4119400
2025-11-05,3.4911,3.5102,3.4911,3.5102,1643500
2025-11-06,3.5102,3.5388,3.5102,3.5197,3619700
2025-11-07,3.5197,3.5388,3.5102,3.5292,1547400
2025-11-10,3.5292,3.5865,3.5197,3.5197,9258500
2025-11-11,3.5388,3.5865,3.5292,3.5388,2386300
2025-11-12,3.5388,3.5769,3.4815,3.4911,2499900
2025-11-13,3.4911,3.5006,3.4434,3.4529,3728300
2025-11-14,3.4434,3.4625,3.4339,3.4529,2383600
2025-11-17,3.4625,3.4815,3.4434,3.4434,6470900
2025-11-18,3.4434,3.4434,3.3099,3.3099,10146000
2025-11-19,3.3099,3.3099,3.224,3.2335,5481300
2025-11-20,3.2622,3.2622,3.2145,3.2335,3665800
2025-11-21,3.2335,3.2431,3.1859,3.2049,2571200
2025-11-24,3.2049,3.2431,3.1954,3.2145,20035300
2025-11-25,3.224,3.2526,3.1954,3.1954,3166900
2025-11-26,3.2145,3.2431,3.1954,3.2145,4009900
2025-11-27,3.224,3.2526,3.1859,3.1859,3102500
2025-11-28,3.224,3.224,3.1095,3.1286,6032000
2025-12-01,3.1477,3.1954,3.1477,3.1763,8551100
2025-12-02,3.1954,3.2717,3.1954,3.2335,9074600
2025-12-03,3.2335,3.2431,3.1286,3.1668,6259000
2025-12-04,3.1763,3.1763,3.1286,3.1382,5075000
2025-12-05,3.1477,3.1572,3.1191,3.1286,2719800
2025-12-08,3.1382,3.1382,3.0809,3.1095,2555300
2025-12-09,3.1346,3.1346,3.0864,3.1153,2493900
2025-12-10,3.125,3.1636,3.1057,3.125,2357600
2025-12-11,3.1346,3.2021,3.1346,3.1828,1926800
2025-12-12,3.1925,3.2214,3.1539,3.1828,1426300
2025-12-15,3.1732,3.2118,3.1539,3.2118,1957200
2025-12-16,3.2118,3.2407,3.1732,3.1925,3618300
2025-12-17,3.1636,3.1828,3.1443,3.1443,1821700
2025-12-18,3.1443,3.1925,3.1346,3.1732,2216300
2025-12-19,3.1732,3.1925,3.1636,3.1636,4049800
2025-12-22,3.1636,3.1828,3.1346,3.1732,3810800
2025-12-23,3.1732,3.1828,3.1443,3.1636,5046800
2025-12-24,3.1636,3.1636,3.125,3.1346,10256400
2025-12-26,3.1346,3.1346,3.1057,3.1153,2370900
2025-12-29,3.125,3.1443,3.1057,3.1057,3154800
2025-12-30,3.125,3.125,3.0768,3.0864,15031300
2025-12-31,3.0864,3.096,3.0768,3.0768,7768400
2026-01-02,3.0864,3.1346,3.0768,3.1057,2793200
2026-01-05,3.1057,3.1732,3.096,3.1539,3305700
2026-01-06,3.1443,3.3468,3.1346,3.3179,14999300
2026-01-07,3.3082,3.3082,3.2407,3.2793,3564700
2026-01-08,3.2697,3.2697,3.2021,3.2407,4773700
2026-01-09,3.2407,3.2697,3.2118,3.26,3265200
2026-01-12,3.26,3.3082,3.2311,3.2697,3648200
2026-01-13,3.2793,3.2986,3.2407,3.2793,2428200
2026-01-14,3.2793,3.3275,3.26,3.3275,3049600
2026-01-15,3.3082,3.3082,3.2311,3.2889,5496300
2026-01-16,3.2889,3.3179,3.2697,3.2986,4942300
2026-01-19,3.2986,3.2986,3.2986,3.2986,0
2026-01-20,3.2504,3.3275,3.2504,3.2697,5977300
2026-01-21,3.2889,3.3082,3.2504,3.2697,3544600
2026-01-22,3.2889,3.2986,3.2214,3.2697,5151300
2026-01-23,3.2697,3.2697,3.2311,3.2407,3770100
2026-01-26,3.2407,3.26,3.2021,3.2214,5422200
2026-01-27,3.2214,3.2311,3.1539,3.1828,6688600
2026-01-28,3.1828,3.2021,3.1443,3.1828,3774200
2026-01-29,3.1828,3.1828,3.1153,3.1443,3462600
2026-01-30,3.125,3.1539,3.096,3.1443,5812600
2026-02-03,3.1828,3.2407,3.125,3.125,2156200
2026-02-04,3.1539,3.1636,3.1153,3.1346,3429600
2026-02-05,3.1443,3.1443,3.0864,3.0864,3205900
2026-02-06,3.0864,3.096,3.0382,3.0575,4403100
2026-02-09,3.0768,3.1346,3.0575,3.125,4374700
2026-02-10,3.1539,3.1539,3.0864,3.1153,2053700
2026-02-11,3.1346,3.1539,3.0575,3.1346,7582500
2026-02-12,3.1539,3.1539,3.0768,3.096,4332100
2026-02-13,3.0864,3.125,3.0671,3.0768,3941100
2026-02-16,3.0768,3.0864,3.0285,3.0285,3500700
2026-02-19,3.0575,3.096,3.0382,3.0671,3206100
2026-02-20,3.0671,3.096,3.0382,3.0768,3105500
2026-02-23,3.0768,3.1539,3.0575,3.1539,5020900
2026-02-24,3.1443,3.1443,3.0864,3.1443,6196000
2026-02-25,3.1346,3.1346,3.1057,3.1346,2796100
2026-02-26,3.1346,3.1539,3.1057,3.1443,7086900
2026-02-27,3.1443,3.1443,3.0671,3.0768,13925200
2026-03-02,3.0575,3.0768,3.0285,3.0478,6730200
2026-03-03,3.0575,3.1153,3.0575,3.0864,3399600
2026-03-04,3.0671,3.1057,3.0575,3.0575,2705600
2026-03-05,3.0671,3.1057,3.0671,3.096,3787600
2026-03-06,3.096,3.1057,3.0671,3.1057,3796800
2026-03-09,3.0575,3.0864,3.0285,3.0671,6643100
2026-03-10,3.0864,3.1636,3.0864,3.1057,3796500
2026-03-11,3.1153,3.1539,3.1057,3.125,1764000
2026-03-12,3.1503,3.1503,3.0918,3.1016,3786400
2026-03-13,3.1016,3.1503,3.0821,3.1016,3481000
2026-03-16,3.1016,3.1503,3.1016,3.1113,3473700
2026-03-17,3.1211,3.1406,3.0528,3.0626,4384600
2026-03-18,3.0821,3.1113,3.0333,3.043,3312600
2026-03-19,3.0235,3.0626,2.9748,2.9845,10357600
2026-03-20,2.9845,2.9845,2.9845,2.9845,0
2026-03-24,3.004,3.0528,2.9943,3.0528,6254300
2026-03-25,3.0626,3.0723,2.9845,2.9943,4055000
2026-03-26,3.004,3.004,2.8577,2.9163,6863400
2026-03-27,2.9163,2.9748,2.9163,2.965,5035900
2026-03-30,2.9065,2.965,2.8285,2.8577,6209300
2026-03-31,2.8577,2.9163,2.8577,2.887,5132100
2026-04-01,2.9358,2.9553,2.8967,2.9455,1418800
2026-04-02,2.9455,2.965,2.8577,2.9163,2230100
2026-04-03,2.9163,2.965,2.9163,2.965,1359800
2026-04-06,2.9553,2.965,2.926,2.9358,743100
2026-04-07,2.926,2.9845,2.926,2.9845,2157800
2026-04-08,2.9845,2.9845,2.9358,2.965,1530200
2026-04-09,2.9455,2.9943,2.9065,2.965,2902800
2026-04-10,2.965,2.965,2.926,2.9455,1293900
2026-04-13,2.9455,2.9455,2.8967,2.926,1664300
2026-04-14,2.9358,2.9358,2.8577,2.887,3397800
2026-04-15,2.9065,2.926,2.848,2.8675,6236900
2026-04-16,2.8967,2.926,2.887,2.9163,1789300
2026-04-17,2.926,2.9358,2.887,2.887,976600
2026-04-20,2.9065,2.9553,2.8772,2.9455,2219500
2026-04-21,2.9455,2.9748,2.9065,2.9065,1590600
2026-04-22,2.926,2.9358,2.887,2.9065,910100
2026-04-23,2.9163,2.9163,2.887,2.9163,1318500
2026-04-24,2.9163,2.9163,2.8967,2.8967,615300
2026-04-27,2.8967,2.9163,2.8577,2.8675,4271600
2026-04-28,2.8772,2.8967,2.8285,2.8772,4572300
2026-04-29,2.8772,2.9553,2.8675,2.9163,2794700
2026-04-30,2.9163,2.9358,2.887,2.926,2306000
2026-05-04,2.926,2.9845,2.9163,2.965,2430000
2026-05-05,2.965,3.0528,2.9455,3.0235,4425300
2026-05-06,3.0528,3.0528,2.9455,2.9455,3991400
2026-05-07,2.965,2.9943,2.9455,2.965,2049500
2026-05-08,2.965,2.9748,2.926,2.9553,2417400
2026-05-11,2.9455,2.9553,2.9065,2.926,2860800
2026-05-12,2.926,2.9553,2.9163,2.9358,1659900
2026-05-13,2.9553,2.9845,2.9065,2.965,2259300
2026-05-14,2.9748,3.1406,2.9748,3.1113,8700000
2026-05-15,3.1211,3.1406,3.043,3.1211,5828600
2026-05-18,3.0723,3.1211,3.0723,3.1113,2228600
2026-05-19,3.0821,3.1113,3.0723,3.1016,3446000
2026-05-20,3.0918,3.0918,3.004,3.0138,3331800
2026-05-21,3.0138,3.043,2.965,2.9845,1882300
2026-05-22,2.9845,2.9845,2.9455,2.9748,1655100
2026-05-25,2.9748,3.0235,2.9455,2.9845,2328000
2026-05-26,2.9748,3.0138,2.8967,3.0138,3514300
2026-05-27,3.0138,3.0138,3.0138,3.0138,0
2026-05-28,3.004,3.0138,2.9163,2.9943,4898300
2026-05-29,2.9748,2.9943,2.9065,2.9748,50202700
2026-06-02,2.9748,2.9748,2.9748,2.9748,0
2026-06-03,2.965,2.965,2.7992,2.7992,10889300
2026-06-04,2.8187,2.8285,2.7407,2.7407,7018500
2026-06-05,2.7504,2.7992,2.7309,2.7504,6532100
2026-06-08,2.7407,2.7602,2.7114,2.7114,4314800
2026-06-09,2.7212,2.7212,2.6724,2.6724,4426700
2026-06-10,2.6822,2.7017,2.6627,2.6627,2908500
2026-06-11,2.6765,2.6962,2.6172,2.6469,4065800
2026-06-12,2.6567,2.6666,2.6271,2.637,1153900
2026-06-15,2.6469,2.7061,2.6469,2.6666,2292400
2026-06-16,2.6864,2.795,2.6765,2.7654,4533800
2026-06-18,2.7851,2.7851,2.7061,2.7654,4459700
2026-06-19,2.7654,2.7654,2.7061,2.7555,5365800
2026-06-22,2.7654,2.7753,2.716,2.716,1342100
2026-06-23,2.716,2.716,2.6172,2.6172,4211800
2026-06-24,2.6172,2.6962,2.6172,2.6469,2102300
2026-06-25,2.6666,2.7061,2.6469,2.6765,2466200
2026-06-26,2.6864,2.716,2.6469,2.6666,2250100
2026-06-29,2.6765,2.6765,2.6271,2.637,3007000
2026-06-30,2.637,2.7061,2.6271,2.637,5827000
2026-07-01,2.6469,2.7061,2.6469,2.6864,5238600
2026-07-02,2.6864,2.7555,2.6765,2.7456,2492400
2026-07-03,2.7456,2.874,2.7259,2.8543,5057400
2026-07-06,2.8444,2.874,2.8049,2.8345,1384300
2026-07-07,2.8641,2.8641,2.8148,2.8444,820700
2026-07-08,2.8444,2.9333,2.8345,2.9135,5070700
2026-07-09,2.9333,2.9333,2.874,2.8839,996300
2026-07-10,2.8839,2.9728,2.8839,2.953,3326000
2026-07-13,2.953,2.953,2.9037,2.9234,1512300
2026-07-14,2.9135,2.9925,2.9135,2.9827,1935500
2026-07-15,2.9827,2.9925,2.9037,2.9432,1897200
2026-07-16,2.9432,2.9629,2.9037,2.9037,1152300
2026-07-17,2.9037,2.9234,2.874,2.9234,838000
2026-07-20,2.9234,2.953,2.9037,2.9432,1757500
2026-07-21,2.9432,2.9629,2.874,2.8839,1077300
2026-07-22,2.8839,2.9432,2.8641,2.9037,2233900
2026-07-23,2.9037,2.9135,2.8543,2.8543,1301000
2026-07-24,2.8543,2.8543,2.8049,2.8148,1271500
2026-07-27,2.8148,2.8543,2.8148,2.8444,1962700
2026-07-28,2.8444,2.8641,2.8049,2.8049,1291400
2026-07-29,2.8049,2.9135,2.8049,2.8938,3996900
2026-07-30,2.874,2.8938,2.8444,2.8938,2179500
2026-07-31,2.8938,2.9432,2.8641,2.9432,4911800
2026-08-03,2.9333,2.9333,2.8444,2.8641,1284400
2026-08-04,2.8641,2.8938,2.8543,2.874,1479300
2026-08-05,2.8839,3.0222,2.874,2.9827,5715500
2026-08-06,2.9827,2.9827,2.9037,2.9037,1459700
2026-08-07,2.9135,2.9135,2.8543,2.8641,1512400
2026-08-10,2.8641,2.9234,2.8543,2.8641,3004700
2026-08-11,2.874,2.8938,2.8543,2.8543,731800
2026-08-12,2.8543,2.9037,2.8345,2.8839,3594800
2026-08-13,2.8938,2.9037,2.8444,2.8543,1692000
2026-08-14,2.8543,2.874,2.7753,2.8049,2174500
2026-08-17,2.8148,2.9629,2.8148,2.8839,7143000
2026-08-18,2.9037,2.9333,2.8444,2.8839,3604200
2026-08-19,2.8839,2.8938,2.8345,2.8543,2102000
2026-08-20,2.8641,2.874,2.8543,2.8641,3880400
2026-08-21,2.874,2.874,2.8543,2.8641,3780400
2026-08-24,2.8641,2.874,2.8148,2.8246,2953100
2026-08-25,2.8246,2.8246,2.8246,2.8246,0
2026-08-26,2.8444,2.8839,2.8345,2.8543,4718200
2026-08-27,2.8543,2.8543,2.8148,2.8246,1162300
2026-08-28,2.8345,2.8543,2.7851,2.7851,4809200
2026-08-31,2.7851,2.7851,2.7851,2.7851,0
2026-09-01,2.7654,2.7654,2.6765,2.7358,5367200
2026-09-02,2.7358,2.7555,2.6962,2.7456,2469100
2026-09-03,2.7555,2.7555,2.6567,2.6765,4543300
2026-09-04,2.6864,2.6962,2.6567,2.6666,2053200
2026-09-07,2.6765,2.7456,2.6765,2.7259,4027200
2026-09-08,2.7259,2.7555,2.7061,2.7061,2248900
2026-09-09,2.7061,2.7456,2.7061,2.716,3962800
2026-09-10,2.74,2.77,2.71,2.75,1425600
2026-09-11,2.75,2.75,2.71,2.72,3308200
