date,open,high,low,close,volume
2016-04-22,110.3441,110.8799,108.1612,109.6991,38458200
2016-04-25,109.0145,109.8083,108.2207,109.2427,21017900
2016-04-26,109.6297,109.6396,107.3079,107.9132,22521500
2016-04-27,107.0995,108.0918,105.4822,108.0421,52213100
2016-04-28,118.6489,119.8495,115.325,115.8211,87110100
2016-04-29,115.9104,116.9225,114.938,116.6645,37140600
2016-05-02,116.9125,117.8055,115.6623,117.6468,28095200
2016-05-03,116.6049,117.24,116.1088,116.5156,24117500
2016-05-04,115.702,117.3789,115.6623,117.1407,23448400
2016-05-05,117.1209,118.0536,116.337,116.8927,22056700
2016-05-06,116.2477,118.7084,116.1981,118.5596,26395600
2016-05-09,118.6092,119.3435,117.9742,118.3116,21138100
2016-05-10,118.6886,119.5617,118.0734,119.5617,23220000
2016-05-11,119.4724,120.1372,118.4902,118.5894,22038400
2016-05-12,119.0458,119.8991,117.9742,119.3435,22035500
2016-05-13,119.4427,119.7007,118.7481,118.8771,18124300
2016-05-16,118.4505,118.6787,116.4363,117.746,31247800
2016-05-17,117.8948,118.0833,116.2874,116.4363,21328600
2016-05-18,115.8906,117.3491,115.8211,116.7339,21642300
2016-05-19,116.1386,116.5752,114.9777,115.9005,20544100
2016-05-20,116.0493,117.0713,116.0394,116.4363,18944800
2016-05-23,116.5057,116.6843,115.0372,115.067,20441000
2016-05-24,115.3349,116.8133,115.2158,116.7835,20183600
2016-05-25,117.2102,117.746,116.466,116.9721,20019800
2016-05-26,117.3193,118.8275,117.0018,118.5398,18481300
2016-05-27,118.629,118.9168,118.0833,118.4504,13493600
2016-05-31,118.5298,119.1649,117.2003,117.8849,23547600
2016-06-01,117.5773,118.1528,116.9026,117.8551,15029500
2016-06-02,117.7658,118.51,117.2995,118.004,13228300
2016-06-03,118.0536,118.0536,116.9423,117.5475,14135100
2016-06-06,117.6964,118.5001,117.4384,117.8651,12744700
2016-06-07,118.3116,118.3711,116.7538,116.8431,17103000
2016-06-08,116.8431,117.6765,116.3569,117.4682,14505600
2016-06-09,117.2102,117.7559,116.7935,117.6368,13859200
2016-06-10,116.6248,117.1904,115.3548,115.712,18510800
2016-06-13,114.1046,114.5808,112.4277,113.0627,31718200
2016-06-14,113.1818,114.055,112.6956,114.0451,17618500
2016-06-15,114.4022,114.5412,113.1818,113.7077,19819400
2016-06-16,112.9834,113.6085,112.0606,113.4993,19236300
2016-06-17,113.5291,113.539,111.6836,112.14,24644300
2016-06-20,112.8842,113.8268,111.8721,112.4873,20785400
2016-06-21,113.2314,114.3129,113.0826,113.4894,19166300
2016-06-22,113.7573,113.8466,112.7254,113.0231,14846300
2016-06-23,113.4795,114.1939,112.6559,114.184,16176900
2016-06-24,110.1456,112.7948,110.1357,111.2073,40643100
2016-06-27,110.7013,110.7013,107.3873,108.1215,36130400
2016-06-28,109.7686,111.8721,109.6892,111.8225,26813800
2016-06-29,112.4873,113.3604,112.1598,113.2711,20968300
2016-06-30,113.7771,114.2832,112.7849,113.3902,23192700
2016-07-01,113.3108,114.2336,112.9238,113.3009,14980000
2016-07-05,113.0528,113.3108,112.0904,113.3108,14207000
2016-07-06,112.4773,115.8806,112.0904,115.7913,24337600
2016-07-07,115.7219,116.0592,114.4618,114.9479,16630200
2016-07-08,115.5234,116.5851,114.9479,116.3271,18142600
2016-07-11,116.7935,117.7757,116.5851,116.9522,17711600
2016-07-12,117.7063,117.7956,116.6546,117.0118,15217700
2016-07-13,117.4682,117.4781,115.7715,115.8707,16207700
2016-07-14,116.5851,116.724,115.7913,116.3767,14579700
2016-07-15,116.8232,117.359,115.6723,115.9501,16646000
2016-07-18,116.4065,118.6787,115.9799,118.4405,20868400
2016-07-19,118.0635,119.909,117.7361,119.6709,21541300
2016-07-20,120.3059,121.2485,119.6213,120.9707,20046500
2016-07-21,120.9707,121.1493,119.3137,119.6709,17801700
2016-07-22,118.9664,120.0678,118.381,120.0578,18422400
2016-07-25,120.4448,120.9012,116.8629,120.6829,18487400
2016-07-26,121.05,121.1195,119.8098,120.2761,17612000
2016-07-27,121.4668,124.0267,120.5639,122.3796,52654200
2016-07-28,126.5271,127.3308,122.6674,124.0267,78955800
2016-07-29,123.6794,124.8602,122.7467,122.975,35058800
2016-08-01,122.8857,123.61,121.9034,123.3421,25006900
2016-08-02,123.094,123.8283,121.1195,122.1316,23968400
2016-08-03,122.1316,122.9551,121.3577,121.5561,18525300
2016-08-04,121.9828,123.8184,121.5561,123.3917,21066000
2016-08-05,124.0069,124.8602,123.6497,124.1755,20184000
2016-08-08,124.2748,124.4732,123.5802,124.2847,15233900
2016-08-09,124.3641,125.1082,123.5604,124.0863,19621000
2016-08-10,124.0962,124.503,123.5703,123.9076,10670100
2016-08-11,124.2251,124.4037,123.7786,123.9275,11729500
2016-08-12,123.729,124.0267,123.2131,123.9076,12159000
2016-08-15,123.8226,123.8325,122.6232,122.8214,19295100
2016-08-16,122.4249,122.8413,121.7112,122.2267,14222400
2016-08-17,122.5835,123.2972,121.7806,123.2873,13794200
2016-08-18,122.9305,123.1783,122.5637,122.8314,12400800
2016-08-19,122.524,123.0792,122.2068,122.4844,11688300
2016-08-22,122.2564,123.7433,122.0383,123.0693,14386400
2016-08-23,123.4261,124.0011,123.1684,123.2873,13309500
2016-08-24,123.3865,123.6046,122.0185,122.4051,12243700
2016-08-25,122.0482,123.2873,122.0284,122.8115,10730800
2016-08-26,122.9701,124.1002,122.8313,123.8722,17504800
2016-08-29,123.2675,125.6268,123.2675,125.4385,15925900
2016-08-30,125.4979,125.4979,124.0605,124.7445,17804300
2016-08-31,124.5066,125.1212,124.011,125.0221,14200600
2016-09-01,125.2798,125.5277,124.5066,125.0717,13536100
2016-09-02,125.7458,125.7557,124.9032,125.4087,12118800
2016-09-06,125.5673,128.8089,125.3691,128.6007,26278400
2016-09-07,128.9079,130.8311,128.8187,129.9092,27990800
2016-09-08,129.7803,129.9389,128.68,129.136,15676600
2016-09-09,128.5809,128.8188,125.9936,125.9936,27100700
2016-09-12,124.8635,127.6391,124.6553,127.5697,21252800
2016-09-13,126.9155,127.2327,125.5574,126.1026,18016200
2016-09-14,125.7854,127.6788,125.7854,126.6577,15691100
2016-09-15,126.8659,127.9762,126.5586,127.2327,15077200
2016-09-16,127.084,128.0555,127.084,127.9465,24119200
2016-09-19,128.7791,128.8089,127.1435,127.5301,14958800
2016-09-20,127.5301,128.0455,126.9155,127.5202,11083800
2016-09-21,128.0059,128.8783,127.2724,128.8089,14068300
2016-09-22,129.364,129.592,128.4322,128.9476,15538300
2016-09-23,126.4496,127.4805,126.1918,126.8461,28326300
2016-09-26,126.1617,126.9442,125.5971,126.1022,15064900
2016-09-27,126.3994,127.7861,126.2211,127.4691,15637100
2016-09-28,127.9842,128.2418,127.1819,128.004,12047600
2016-09-29,127.9545,128.0634,126.34,126.8748,14532200
2016-09-30,126.8154,127.3701,126.2409,127.0531,18402900
2016-10-03,127.1621,127.8654,126.5876,127.5484,13156900
2016-10-04,127.9446,128.0535,126.3399,126.9739,14307500
2016-10-05,127.0333,127.5781,126.6173,127.2512,12386800
2016-10-06,127.2116,127.8356,126.8649,127.5187,11682700
2016-10-07,127.8158,128.0238,127.1126,127.7663,12804400
2016-10-10,128.4497,129.4601,127.9743,129.0044,15138700
2016-10-11,128.9945,129.4006,127.0135,127.6573,17537900
2016-10-12,127.7861,128.4299,127.2413,127.8257,11073000
2016-10-13,126.9937,127.0333,125.5475,126.6074,17139300
2016-10-14,127.271,127.7267,126.3697,126.6668,13345300
2016-10-17,126.9838,127.2512,126.1121,126.3301,11351700
2016-10-18,127.4592,128.1625,126.7956,127.3503,13504000
2016-10-19,127.5187,129.2323,127.38,128.8757,16752300
2016-10-20,128.836,129.4204,128.2714,128.7667,13167500
2016-10-21,128.5488,130.8765,128.4696,130.8171,19088800
2016-10-24,131.4609,132.1444,130.8963,132.0156,17470200
2016-10-25,132.2335,132.2335,130.9657,131.035,13336800
2016-10-26,130.3911,131.0053,129.6978,129.7968,13084700
2016-10-27,130.4902,130.5496,128.0436,128.4597,16741400
2016-10-28,129.262,131.7085,128.6974,130.0445,24545500
2016-10-31,130.7577,130.8666,129.6384,129.7473,15669000
2016-11-01,130.1633,130.6883,127.4295,128.2714,22077800
2016-11-02,128.9945,128.9945,125.082,125.9635,39640900
2016-11-03,120.8426,122.1105,118.3663,118.8616,63766300
2016-11-04,118.4555,120.7733,118.1187,119.6045,30545500
2016-11-07,121.6647,122.0411,120.1988,120.9912,23008900
2016-11-08,120.8723,123.4278,120.387,123.0415,19460800
2016-11-09,120.3474,122.6354,119.3667,122.0114,31916000
2016-11-10,122.7543,123.0019,114.1764,119.654,67846700
2016-11-11,118.396,119.5549,117.0291,117.8909,32840100
2016-11-14,117.9998,117.9998,112.4728,113.9883,51377000
2016-11-15,115.6226,117.3659,114.7311,116.0881,34681400
2016-11-16,113.394,116.7617,113.1265,115.2363,32397900
2016-11-17,115.7018,116.6726,114.9094,116.6726,18597800
2016-11-18,117.2668,117.9998,115.7316,115.9098,22879300
2016-11-21,117.0786,120.7931,116.6824,120.6148,35415400
2016-11-22,121.2388,121.8133,119.753,120.3176,26089200
2016-11-23,120.0799,120.1592,118.8022,119.6936,15672100
2016-11-25,119.862,119.9908,118.9309,119.238,8658600
2016-11-28,118.9804,120.5355,118.6833,119.2677,18101300
2016-11-29,119.4262,120.9417,119.2578,119.7233,18891000
2016-11-30,119.1785,120.6346,116.831,117.2966,30188900
2016-12-01,117.2569,117.3263,112.9185,114.0081,43277000
2016-12-02,114.018,115.375,113.2157,114.3052,25070400
2016-12-05,114.85,116.4546,113.9784,116.316,20201500
2016-12-06,116.5735,116.6825,115.2264,116.1971,19131200
2016-12-07,115.89,116.831,115.4641,116.831,21913700
2016-12-08,116.8608,118.3663,116.524,117.7819,22442800
2016-12-09,118.089,118.8022,117.8215,118.5446,17464700
2016-12-12,118.089,118.1088,116.5339,116.6527,17805500
2016-12-13,116.7419,120.3672,116.4943,119.1686,29768000
2016-12-14,118.8616,120.5356,117.7225,119.0696,25913100
2016-12-15,118.9408,121.3379,118.4951,119.4262,20139600
2016-12-16,119.7531,120.3474,118.1385,118.7328,25324300
2016-12-19,118.713,119.2182,117.3857,118.1088,15918100
2016-12-20,118.3663,118.6338,117.673,117.9602,13684400
2016-12-21,117.7918,118.0692,117.356,117.9107,10767600
2016-12-22,117.7324,117.8612,115.8207,116.2863,16258600
2016-12-23,115.89,116.4447,115.1967,116.1575,10890000
2016-12-27,115.8504,117.5541,115.7514,116.8905,12051500
2016-12-28,117.0688,117.1282,115.5434,115.8108,12087400
2016-12-29,115.89,116.415,114.959,115.2462,9934900
2016-12-30,115.4938,115.7217,113.6812,113.9585,18684100
2017-01-03,114.9292,116.7221,114.4142,115.7514,20663900
2017-01-04,116.4348,118.5248,116.1773,117.564,19630900
2017-01-05,117.7324,119.8026,117.1975,119.5252,19492200
2017-01-06,119.8323,122.7048,118.8913,122.2392,28545300
2017-01-09,122.3779,124.2401,121.8727,123.7151,22880400
2017-01-10,123.6358,124.3094,123.101,123.1703,17324600
2017-01-11,123.1703,124.9235,122.8831,124.8938,18356500
2017-01-12,124.4184,125.5277,123.616,125.4188,18653900
2017-01-13,126.2805,128.0436,126.1617,127.1225,24884300
2017-01-17,126.8253,127.1225,126.1914,126.6569,15294500
2017-01-18,127.1918,127.2116,125.6367,126.7064,13145900
2017-01-19,127.0135,127.1324,126.2409,126.34,12195500
2017-01-20,126.8847,127.2611,125.5772,125.8348,19097200
2017-01-23,126.1022,128.0238,125.7456,127.7069,16593600
2017-01-24,128.1526,128.6677,127.1621,128.1427,15162700
2017-01-25,128.7667,130.4902,128.5389,130.2327,18731300
2017-01-26,130.3813,131.877,130.1931,131.5204,20020100
2017-01-27,131.4213,131.6887,129.8365,130.926,19539500
2017-01-30,130.3317,130.3317,128.3705,129.7374,18956100
2017-01-31,128.9351,129.4204,128.2913,129.0837,19790500
2017-02-01,130.9954,132.2236,129.4403,131.9661,50139800
2017-02-02,131.9562,134.2046,129.1629,129.5987,54366400
2017-02-03,129.9949,131.5897,129.5195,129.7374,24804900
2017-02-06,129.7374,130.8072,129.0639,130.8072,17058500
2017-02-07,130.9855,131.7382,130.411,130.5892,14596400
2017-02-08,131.3421,133.1646,131.1836,132.9269,22390600
2017-02-09,133.2141,133.224,132.0453,132.8674,16470600
2017-02-10,132.8278,133.6598,132.4118,132.917,15061900
2017-02-13,133.4221,133.4221,132.4316,132.7783,13526200
2017-02-14,132.8278,132.9566,131.2925,132.5802,14364900
2017-02-15,132.184,132.4316,131.4015,132.1741,13226500
2017-02-16,131.8076,132.6,131.7581,132.5703,12831100
2017-02-17,132.2335,132.8179,131.9066,132.2632,12276500
2017-02-21,132.2335,132.6396,131.6392,132.4514,14759100
2017-02-22,132.3326,135.4923,132.1939,134.8287,27360100
2017-02-23,134.6009,134.8287,133.0557,134.0759,18422500
2017-02-24,132.8872,134.3334,132.8872,134.1551,12625700
2017-02-27,133.9768,135.8786,133.7391,135.1159,14306700
2017-02-28,135.4923,135.5121,133.4717,134.2542,16112100
2017-03-01,135.1753,136.1757,135.0069,136.1163,16257000
2017-03-02,135.7894,136.5125,135.0168,135.4626,12294800
2017-03-03,135.3338,136.0272,134.789,135.8687,11160600
2017-03-06,135.5814,136.5224,135.2149,136.1163,12748200
2017-03-07,135.73,137.0573,135.6904,135.9975,13527100
2017-03-08,135.8489,136.6809,135.7498,136.4135,10184500
2017-03-09,136.4135,137.2554,136.0965,136.9286,15535300
2017-03-10,137.5922,138.1667,136.9087,137.4733,16314100
2017-03-13,137.3941,138.3549,137.3545,138.2757,10955500
2017-03-14,138.137,138.137,137.2059,137.9983,12944000
2017-03-15,137.9686,138.7709,137.1762,138.3945,19344800
2017-03-16,138.87,138.9195,138.4044,138.662,13612900
2017-03-17,139.0086,139.0086,138.3747,138.5134,20592800
2017-03-20,138.3846,138.86,137.9289,138.6124,12099500
2017-03-21,139.8109,140.9599,137.087,137.196,29894800
2017-03-22,136.6215,138.4638,136.2946,138.2657,17055400
2017-03-23,138.1568,139.0581,137.7705,138.2063,13022800
2017-03-24,138.7511,139.6822,138.4341,139.0086,16664700
2017-03-27,137.7308,139.3157,137.4535,138.9888,12800500
2017-03-28,139.0284,140.6033,138.6817,140.4151,14679400
2017-03-29,140.643,141.5047,140.0883,141.2967,16527600
2017-03-30,141.0491,141.5938,140.5043,141.059,12404000
2017-03-31,140.96,141.2769,140.5439,140.7024,11478300
2017-04-03,140.5835,141.1184,139.4841,140.9302,13564000
2017-04-04,140.5142,140.742,139.9298,140.3854,12948600
2017-04-05,140.9104,142.0792,139.9496,140.5043,17158100
2017-04-06,140.7618,140.8708,139.5732,139.8307,15103400
2017-04-07,139.8605,140.2072,138.9096,139.4445,11818300
2017-04-10,139.6624,140.0883,139.2959,139.702,9039400
2017-04-11,139.4643,139.6921,137.4931,138.5926,16638100
2017-04-12,138.3945,139.068,138.1171,138.2558,11612500
2017-04-13,138.2954,139.2463,138.0082,138.0676,10965600
2017-04-17,138.4341,140.2072,138.4242,140.0784,11519700
2017-04-18,139.9298,140.5637,139.2761,139.6227,14807500
2017-04-19,140.009,141.683,139.9298,140.9203,15563900
2017-04-20,141.5938,142.8815,141.3363,142.4358,15968200
2017-04-21,142.5349,142.8023,140.9203,142.317,12382000
2017-04-24,143.5848,144.2881,142.9707,144.09,14407200
2017-04-25,144.4069,145.754,144.4069,145.1003,17767500
2017-04-26,145.6946,146.1898,144.7041,145.1696,12395000
2017-04-27,145.2786,146.3483,144.7536,146.2988,11275100
2017-04-28,148.0817,150.0924,147.6558,148.8246,30652200
2017-05-01,150.3005,151.1226,149.9835,151.0136,25218300
2017-05-02,151.8853,151.9843,150.2212,151.3306,21870400
2017-05-03,152.1428,152.1428,149.9043,150.3599,29782500
2017-05-04,148.7454,150.0826,147.3091,149.4189,36225500
2017-05-05,150.0132,150.1915,148.369,148.8147,17148500
2017-05-08,149.2802,149.6467,148.3194,149.6269,15827500
2017-05-09,150.0528,151.1424,148.785,149.0524,17453900
2017-05-10,148.8048,149.0921,147.4478,148.8642,12080700
2017-05-11,148.884,149.2208,147.9926,148.6166,11841900
2017-05-12,148.9732,149.0326,148.2105,148.9039,9598200
2017-05-15,148.7454,150.043,148.3492,148.7652,15064700
2017-05-16,148.6859,148.785,147.6162,148.359,14550800
2017-05-17,146.5959,147.2596,143.0499,143.4758,28300100
2017-05-18,143.3471,146.7445,143.139,146.2592,23031600
2017-05-19,147.0417,147.9728,146.5563,146.6554,16187900
2017-05-22,146.6752,147.1803,146.2889,146.8337,12586700
2017-05-23,147.111,147.3983,145.8531,146.6653,12817800
2017-05-24,147.1011,148.8048,147.012,148.6166,17862400
2017-05-25,148.8741,151.1424,148.5274,150.5184,19891400
2017-05-26,150.7858,150.8056,149.7161,150.6868,14996200
2017-05-30,150.5283,151.4494,150.2014,150.9344,13226000
2017-05-31,151.2514,151.8952,149.6566,150.0231,18023900
2017-06-01,150.3104,150.8453,148.8741,150.0925,14530600
2017-06-02,150.4095,152.1726,149.8647,152.1528,16854400
2017-06-05,152.1824,153.2423,151.9546,152.1725,12520400
2017-06-06,151.9546,153.0541,151.0334,151.3603,13457100
2017-06-07,151.8159,152.2914,150.8947,151.6673,12066700
2017-06-08,152.6183,153.2621,151.6476,153.2423,17799400
2017-06-09,153.3017,154.1139,145.2191,148.1808,35577700
2017-06-12,146.7644,147.7846,143.1886,147.0318,33170200
2017-06-13,148.7255,149.7458,147.4874,149.2505,20483400
2017-06-14,149.825,150.9542,147.636,148.8246,20808800
2017-06-15,146.2691,148.6166,144.9814,148.3789,18994200
2017-06-16,148.1709,149.3991,147.1903,149.2109,22882400
2017-06-19,150.2708,152.1131,150.2708,151.4198,19026500
2017-06-20,151.4297,152.3805,150.766,150.8056,14743900
2017-06-21,150.9146,152.6183,150.4391,152.4499,15039800
2017-06-22,151.5584,153.0838,151.4594,151.9447,13005500
2017-06-23,151.2712,153.7276,151.2018,153.5989,18027000
2017-06-26,154.7677,155.0153,151.7467,152.1329,18049700
2017-06-27,151.39,151.8556,148.9633,149.1515,19360800
2017-06-28,149.4882,152.0141,148.4383,151.7862,16719100
2017-06-29,150.8353,151.0533,147.5072,149.6071,23973500
2017-06-30,150.459,150.4788,148.6364,149.5477,17666000
2017-07-03,150.2807,150.7066,146.3979,147.0219,13862700
2017-07-05,147.5865,149.4189,146.7247,148.9137,14334300
2017-07-06,147.6162,148.6166,146.596,147.4082,14951800
2017-07-07,147.8341,150.5481,147.7746,150.0033,13615900
2017-07-10,150.2509,152.5192,150.0726,152.0437,13378700
2017-07-11,151.915,153.9456,151.4594,153.797,13667700
2017-07-12,155.0054,157.6501,154.7182,157.3926,22739400
2017-07-13,157.2341,158.2642,156.9171,157.7491,13929200
2017-07-14,158.6109,158.7991,157.8184,158.4524,16371200
2017-07-17,158.7297,159.2547,157.3034,158.2147,12858800
2017-07-18,158.1454,162.1767,157.9076,161.315,23722900
2017-07-19,162.038,164.128,161.622,162.5828,26273600
2017-07-20,163.2366,163.4347,161.2654,162.9691,18523100
2017-07-21,162.6026,163.4842,162.1965,162.8701,14744000
2017-07-24,163.0781,164.5936,162.7512,164.4252,17367000
2017-07-25,163.4446,163.9695,162.3055,163.712,15383200
2017-07-26,164.4351,164.4351,162.5432,164.0389,35236900
2017-07-27,173.0427,173.8252,165.911,168.8231,68910700
2017-07-28,167.4661,171.7847,167.4462,170.814,24557600
2017-07-31,170.3683,171.0814,166.951,167.6444,25478900
2017-08-01,168.209,168.8528,167.4463,168.2486,14385000
2017-08-02,168.6844,168.932,165.3266,167.6939,17433800
2017-08-03,167.6939,168.0901,166.6538,166.9906,10793800
2017-08-04,167.367,168.4467,167.0897,168.0108,10777700
2017-08-07,168.3377,170.4277,168.0505,170.3484,12787800
2017-08-08,170.2494,171.4083,169.0013,169.6055,14393500
2017-08-09,168.3674,169.8235,167.9514,169.556,10815000
2017-08-10,168.4467,168.9716,165.2671,165.8119,20832700
2017-08-11,166.3567,167.2184,165.2671,166.4854,13791200
2017-08-14,168.4764,169.457,167.684,169.1301,12954200
2017-08-15,169.8631,169.873,168.3971,169.3778,8729200
2017-08-16,169.6254,169.7542,167.6345,168.3872,15779900
2017-08-17,167.7335,168.2486,165.2671,165.3266,17216000
2017-08-18,165.2572,167.0699,164.6332,165.8218,15093600
2017-08-21,165.5742,166.4062,164.2469,166.1883,11907500
2017-08-22,166.6836,168.2585,165.5643,168.0307,11391000
2017-08-23,167.2382,167.7533,166.6043,167.1095,9856500
2017-08-24,167.2779,167.6839,164.8313,166.1487,14030400
2017-08-25,166.2675,166.7826,164.6035,164.7421,12614500
2017-08-28,165.3265,166.109,164.752,165.6534,8553700
2017-08-29,163.6823,166.8321,163.4347,166.4557,11121000
2017-08-30,166.5746,168.5655,166.0397,168.308,11138300
2017-08-31,168.7834,170.5168,168.4467,170.3385,17226500
2017-09-01,170.7645,171.2795,169.6848,170.3881,11677600
2017-09-05,169.6452,170.7546,167.9415,169.1004,13210900
2017-09-06,169.2886,170.8437,167.9613,170.4574,13906300
2017-09-07,170.3088,171.6658,168.6547,171.5668,18049500
2017-09-08,171.4479,171.8441,169.1796,169.3282,10998500
2017-09-11,170.7645,172.2404,170.5664,171.864,12372000
2017-09-12,172.1115,172.3493,170.1206,171.3191,11186300
2017-09-13,171.3687,171.5272,170.4277,171.4083,9119300
2017-09-14,170.6258,170.6456,168.8825,169.3381,15615700
2017-09-15,169.2589,170.705,168.6448,170.0117,15660500
2017-09-18,170.3583,170.4376,167.7335,168.3971,12954000
2017-09-19,169.0014,170.923,168.7438,170.8834,13168600
2017-09-20,170.8635,171.4083,169.0806,170.5366,12264100
2017-09-21,170.0612,170.6357,168.3971,169.4867,11161400
2017-09-22,168.5953,170.1008,167.6147,168.9221,12097100
2017-09-25,167.6344,167.6939,160.0273,161.3248,41251600
2017-09-26,162.9394,163.9299,161.2357,162.6522,23363300
2017-09-27,164.3261,166.743,163.9993,166.0892,19242500
2017-09-28,166.3468,167.4661,165.5742,167.1293,12178700
2017-09-29,167.2283,170.0315,167.2085,169.249,15340400
2017-10-02,169.7641,170.2395,167.1491,167.8623,13392300
2017-10-03,167.6939,169.1103,167.5948,168.3476,8190300
2017-10-04,168.2188,169.0509,166.6934,166.8222,12127900
2017-10-05,167.575,169.6848,167.0006,169.6155,14580600
2017-10-06,168.6349,170.7348,168.1396,170.5961,13124500
2017-10-09,171.0616,173.221,170.3683,170.8635,14570400
2017-10-10,171.3588,171.5569,169.1797,169.9622,11341100
2017-10-11,170.3187,171.1409,169.7739,171.1012,11283700
2017-10-12,170.9725,172.2007,170.6555,170.913,10351000
2017-10-13,171.8045,172.9931,171.5569,172.0918,13658300
2017-10-16,172.8347,173.3398,172.4087,172.8644,11498800
2017-10-17,173.0526,174.4591,172.7059,174.4393,15990100
2017-10-18,174.9741,175.0633,174.0827,174.36,12752400
2017-10-19,173.2705,174.36,170.9923,172.904,14048400
2017-10-20,173.8351,174.2115,172.9733,173.32,12602200
2017-10-23,173.5379,173.6766,169.6254,169.6452,13852700
2017-10-24,170.6654,171.5965,169.873,170.1702,12267900
2017-10-25,170.2692,170.6159,167.2878,168.9816,15868200
2017-10-26,169.7541,170.6555,168.7735,169.0113,11833100
2017-10-27,172.4979,176.5194,172.2502,176.1925,30285300
2017-10-30,177.5594,178.9758,175.9251,178.1636,24353200
2017-10-31,178.857,179.0848,177.2425,178.3518,20174200
2017-11-01,180.63,181.1648,178.857,180.9271,40918300
2017-11-02,178.9164,180.214,175.6576,177.2226,35529900
2017-11-03,177.5891,178.1537,175.0336,177.2226,17822100
2017-11-06,176.866,178.7381,176.6184,178.4607,13312700
2017-11-07,178.7877,179.0353,177.2623,178.54,12928200
2017-11-08,178.0843,178.639,177.4108,177.8565,10494100
2017-11-09,176.6184,177.698,175.41,177.599,12610300
2017-11-10,176.658,177.4009,176.2717,176.767,11070200
2017-11-13,175.8161,177.3415,175.618,177.0741,9523400
2017-11-14,176.4401,177.2722,175.4991,176.3807,9585900
2017-11-15,174.9841,176.876,174.7265,176.2618,10253700
2017-11-16,177.0641,178.124,176.8066,177.8863,15607600
2017-11-17,177.599,178.2726,177.2028,177.3019,13018000
2017-11-20,177.1731,177.7971,176.4104,177.0443,10052400
2017-11-21,177.4504,180.1644,177.292,180.1347,14504000
2017-11-22,179.5801,180.006,178.7282,179.1541,10376300
2017-11-24,178.6885,181.4125,178.5796,181.046,9426300
2017-11-27,180.8281,181.987,180.2635,181.2936,12344500
2017-11-28,181.7691,182.5021,180.3626,180.6894,14379700
2017-11-29,180.1644,180.2437,172.3493,173.4686,41933500
2017-11-30,175.1723,176.5887,173.5379,175.4991,25307600
2017-12-01,174.36,175.7963,170.705,173.4389,20182500
2017-12-04,174.6176,174.8949,169.1697,169.8433,24459400
2017-12-05,168.8329,173.7162,167.4066,171.1904,20184900
2017-12-06,170.8635,175.093,170.2692,174.3897,20255800
2017-12-07,174.1322,178.6787,174.1322,178.431,20404500
2017-12-08,179.8079,180.5508,177.0444,177.3019,19883800
2017-12-11,177.599,178.5103,177.1037,177.3415,13168600
2017-12-12,176.9056,177.4801,174.9246,175.2812,16854100
2017-12-13,175.618,177.4603,175.5684,176.6085,14615700
2017-12-14,176.5986,178.6489,175.9944,176.6976,13591000
2017-12-15,177.3217,178.7778,176.668,178.4707,28463100
2017-12-18,179.2928,179.5801,178.0448,179.1046,17265400
2017-12-19,178.2429,178.3716,176.5293,177.807,14920600
2017-12-20,178.1042,178.1042,175.6774,176.2024,11860500
2017-12-21,176.2519,176.9849,175.3704,175.7666,11600700
2017-12-22,175.4595,175.8458,174.5581,175.5189,8509500
2017-12-26,174.9543,175.3208,173.0129,174.3204,8897300
2017-12-27,174.8751,176.7472,174.5878,175.9349,9496100
2017-12-28,176.2618,177.2424,175.9944,176.2321,12220800
2017-12-29,176.3113,177.1533,174.7859,174.7859,10261500
2018-01-02,175.9944,179.8574,175.8656,179.6989,18151900
2018-01-03,180.1545,183.027,179.6097,182.918,16886600
2018-01-04,183.1459,184.4434,182.3535,182.5813,13880900
2018-01-05,183.8293,185.1269,183.1756,185.0774,13574500
2018-01-08,185.424,187.1079,184.5623,186.4938,17994700
2018-01-09,186.9099,187.0089,185.325,186.0877,12393100
2018-01-10,185.1666,186.1075,183.869,186.058,10529900
2018-01-11,186.6127,186.6127,185.6024,185.9887,9588600
2018-01-12,176.3708,179.7583,175.717,177.6684,77551300
2018-01-16,179.7781,180.0258,176.3509,176.6976,36183800
2018-01-17,177.5594,177.6188,174.1322,175.9151,27992400
2018-01-18,176.4401,179.2631,175.4001,178.0943,23304900
2018-01-19,179.1343,180.6399,178.4608,179.5701,26826500
2018-01-22,179.0848,183.6312,178.6985,183.6114,21059500
2018-01-23,184.285,187.7518,183.7897,187.5537,25678800
2018-01-24,188.0885,188.8512,184.7505,184.7802,24334500
2018-01-25,186.1669,186.8306,184.8298,185.7014,17377700
2018-01-26,185.9688,188.1975,185.0378,188.1975,17759200
2018-01-29,186.9593,187.0485,183.869,184.2156,20453200
2018-01-30,185.8401,186.3948,180.1149,185.3448,20858600
2018-01-31,186.5829,188.0291,183.4628,185.117,43275100
2018-02-01,186.4344,193.467,186.1075,191.2582,54211300
2018-02-02,190.2181,192.3676,188.1777,188.4748,26677500
2018-02-05,185.1566,188.8017,178.8966,179.5404,33128200
2018-02-06,176.876,184.0076,176.0538,183.552,37758500
2018-02-07,182.403,183.3242,178.2429,178.4707,27601900
2018-02-08,179.2928,180.1149,169.8532,169.9523,38478300
2018-02-09,173.1021,175.2218,165.594,174.4393,39887600
2018-02-12,175.3802,175.8656,170.2098,174.7364,32092100
2018-02-13,173.9539,174.3006,171.4578,171.5074,21809400
2018-02-14,171.8045,178.1042,171.5668,177.8169,28929700
2018-02-15,178.7876,178.7876,175.1623,178.2527,20922100
2018-02-16,177.292,178.1735,174.6275,175.6774,20645300
2018-02-20,174.1025,176.2618,173.4488,174.3402,21204900
2018-02-21,175.0336,179.5503,174.7265,176.2222,23200800
2018-02-22,177.0047,178.5004,175.7269,177.292,18464200
2018-02-23,178.1933,181.6502,177.807,181.5512,19007300
2018-02-26,182.8289,183.8987,181.4818,183.1756,17599700
2018-02-27,182.7001,182.9478,179.7385,179.7385,15849800
2018-02-28,180.5705,181.145,176.45,176.6283,18783000
2018-03-01,177.3118,178.4112,172.7554,174.2709,23201600
2018-03-02,171.646,175.4298,171.3489,174.9444,20025900
2018-03-05,174.5284,179.4315,174.2214,178.6886,16189300
2018-03-06,180.0555,180.6498,177.4108,178.0744,15086800
2018-03-07,177.0443,182.0761,176.3807,181.9672,19097300
2018-03-08,181.8186,182.6506,179.7286,180.6102,17225900
2018-03-09,182.1653,183.7501,181.4719,183.4727,18526300
2018-03-12,183.4727,184.3345,182.4723,183.0072,15301200
2018-03-13,183.8491,184.2255,179.3918,180.1545,18067500
2018-03-14,180.8677,182.5021,180.1248,182.4426,16821700
2018-03-15,181.5016,182.2544,180.4616,182.1158,15614300
2018-03-16,182.7398,183.5718,181.67,183.3341,24403400
2018-03-19,175.3307,175.4892,168.4467,170.923,88140100
2018-03-20,165.8813,168.5854,160.4136,166.5548,129851800
2018-03-21,163.2366,171.755,161.7508,167.783,106598800
2018-03-22,164.554,168.6547,162.1668,163.3257,73743000
2018-03-23,163.8705,165.0195,157.5114,157.8779,53609700
2018-03-26,159.2943,159.5717,147.6063,158.5415,126116600
2018-03-27,154.8271,161.3051,149.3199,150.7759,79117000
2018-03-28,150.2113,154.4012,149.3694,151.5782,60029200
2018-03-29,153.6781,159.8886,152.6777,158.2741,59434300
2018-04-02,156.3129,157.6897,152.648,153.9158,36796000
2018-04-03,155.0648,155.8969,149.3793,154.629,42543900
2018-04-04,150.5877,154.0842,149.0821,153.6286,49885600
2018-04-05,160.0273,160.0372,155.1639,157.8284,41449600
2018-04-06,156.2337,159.8886,155.3224,155.7087,41644800
2018-04-09,156.3228,159.0071,154.5597,156.4317,34915200
2018-04-10,156.4318,164.4054,155.5205,163.4743,57889300
2018-04-11,163.7912,167.05,161.7013,164.7421,56144600
2018-04-12,165.3959,165.8614,161.5527,162.3154,38263000
2018-04-13,163.0186,164.128,162.2163,162.9592,19990600
2018-04-16,164.1479,164.2073,161.84,163.2663,18119400
2018-04-17,164.2568,167.3967,164.0884,167.06,22743000
2018-04-18,165.2969,166.5251,164.1974,164.7818,20969600
2018-04-19,164.6233,166.7331,163.6328,166.5053,22235000
2018-04-20,166.1982,166.8321,164.237,164.7025,19119400
2018-04-23,165.6831,166.8519,163.5238,164.2667,23088100
2018-04-24,163.8606,164.5242,156.6893,158.175,35079900
2018-04-25,158.6208,159.532,154.7083,158.175,41083600
2018-04-26,171.5767,174.5977,169.1796,172.5078,77556900
2018-04-27,175.1326,175.4199,170.9626,171.9432,29804700
2018-04-30,172.1413,174.053,170.081,170.3683,20750500
2018-05-01,170.3683,172.3691,168.6151,172.2106,26025900
2018-05-02,172.5969,176.3906,172.5474,174.3996,30424500
2018-05-03,173.4686,174.4492,170.4871,172.3691,24026100
2018-05-04,171.438,175.301,171.4182,174.9345,17677800
2018-05-07,175.6675,177.7971,175.4892,176.2816,18697200
2018-05-08,176.559,177.3415,175.4298,177.2226,15577200
2018-05-09,177.9655,181.2738,177.0839,180.9271,23282800
2018-05-10,181.4125,184.3642,180.7686,183.7699,21071400
2018-05-11,183.0964,186.5334,182.4327,185.216,21207800
2018-05-14,185.9292,186.0778,184.4335,184.8694,15646700
2018-05-15,183.1261,183.5322,181.462,182.5714,15429400
2018-05-16,181.9573,182.5714,180.9272,181.462,16975500
2018-05-17,180.9469,182.3138,180.4913,182.0167,14840700
2018-05-18,181.7493,182.4426,180.8776,180.9469,13130500
2018-05-21,182.0266,183.5421,181.3927,182.7398,13532900
2018-05-22,183.1756,183.6609,181.6898,182.0563,12731400
2018-05-23,180.7687,185.1368,180.4517,185.1269,16628100
2018-05-24,184.1166,185.0279,183.2747,184.1661,12354700
2018-05-25,184.2553,184.5623,182.7002,183.1657,10965100
2018-05-29,182.5912,185.0378,181.9672,183.9779,16398900
2018-05-30,184.7703,186.2165,183.4926,185.8896,13736900
2018-05-31,186.0877,190.8917,185.7014,189.9606,30782600
2018-06-01,191.2384,192.7043,190.2479,192.1496,17307200
2018-06-04,190.0201,192.1398,189.6536,191.4464,18939800
2018-06-05,192.4567,193.1501,190.7926,191.1096,15544300
2018-06-06,189.2177,190.7035,187.3159,189.5248,22558900
2018-06-07,188.9404,189.1583,184.9982,186.3948,21503200
2018-06-08,185.7509,187.6824,184.6613,187.306,12677100
2018-06-11,187.0188,190.7729,187.0089,189.7229,12928900
2018-06-12,190.3469,191.4464,189.7427,190.5747,11562700
2018-06-13,190.9115,192.6548,190.0894,190.5846,15853800
2018-06-14,191.2681,195.4084,191.0799,194.9429,19120900
2018-06-15,193.9326,195.2004,192.7935,193.992,21860900
2018-06-18,192.952,197.6866,192.2883,196.4287,16826000
2018-06-19,194.3783,196.082,191.9515,195.6164,19994000
2018-06-20,197.2112,201.6189,196.9239,200.0836,28230900
2018-06-21,200.8364,201.4605,198.1918,199.5884,19045700
2018-06-22,199.2516,200.3214,197.4192,199.8261,17420200
2018-06-25,198.1026,198.1026,191.278,194.4873,25275100
2018-06-26,195.7254,197.2112,194.3684,197.1121,17897600
2018-06-27,197.2904,198.8455,193.9425,193.9821,18734400
2018-06-28,193.3284,195.4679,191.4266,194.3684,18172400
2018-06-29,195.4481,195.7254,192.1199,192.4765,15811600
2018-07-02,191.5355,195.5768,190.3965,195.4877,13961600
2018-07-03,192.7043,193.5463,190.6936,190.9016,13489500
2018-07-05,192.8925,196.7654,192.1893,196.5673,19684200
2018-07-06,196.5673,201.7081,195.8245,201.302,19740100
2018-07-09,202.9858,203.8476,200.2025,202.7977,18149400
2018-07-10,202.56,202.9661,200.3412,201.6091,13190100
2018-07-11,200.3016,202.5599,199.836,200.6185,12927400
2018-07-12,201.5001,205.1155,201.2624,204.957,15454700
2018-07-13,205.8386,206.4527,204.4915,205.3532,11486800
2018-07-16,205.5315,206.74,204.8778,205.2641,11078200
2018-07-17,202.9561,208.4634,202.8967,207.9978,15349900
2018-07-18,207.8295,208.9884,206.4626,207.3739,15334900
2018-07-19,206.7894,207.9979,205.789,206.1159,11350400
2018-07-20,206.8687,209.4935,206.522,207.9483,16163900
2018-07-23,208.5823,209.6124,206.8192,208.9091,16732000
2018-07-24,213.0693,214.149,210.5831,212.6335,28468700
2018-07-25,213.6735,216.546,212.2373,215.4366,58954200
2018-07-26,173.2308,178.4211,172.1017,174.5878,169803700
2018-07-27,178.1636,178.223,171.3588,173.2309,60073700
2018-07-30,173.637,173.637,164.9799,169.4372,65280800
2018-07-31,169.0509,172.587,168.3872,170.9428,40356500
2018-08-01,172.28,173.4191,169.2787,170.0216,34042100
2018-08-02,169.0608,175.1128,168.6547,174.6968,32400000
2018-08-03,176.0043,177.1533,174.4789,176.0934,24763400
2018-08-06,177.2722,184.0274,176.6878,183.9284,49716200
2018-08-07,184.7307,186.5136,181.9771,182.0662,33398600
2018-08-08,182.9973,185.0774,182.0167,183.4232,22205200
2018-08-09,184.0869,184.8,180.7488,181.353,19732100
2018-08-10,180.313,180.3724,177.7179,178.5499,21500400
2018-08-13,178.3914,180.8776,177.2028,178.3419,17423300
2018-08-14,178.9957,180.2635,176.9255,179.3919,19102000
2018-08-15,177.6386,179.1541,173.1219,177.8268,33020200
2018-08-16,178.7084,178.7876,172.3592,173.0426,31351800
2018-08-17,172.8446,174.5483,170.4079,172.1512,24893200
2018-08-20,172.3889,172.9139,169.2886,170.8635,21518000
2018-08-21,171.1705,172.5176,169.764,170.9823,19578500
2018-08-22,170.5763,172.587,170.497,171.9927,16894100
2018-08-23,171.4479,173.8846,171.1904,171.2597,18053600
2018-08-24,172.0521,173.1615,171.2795,172.9931,14631600
2018-08-27,174.3204,176.975,174.1223,175.7765,17921900
2018-08-28,176.4104,176.5491,174.1619,174.5878,15910700
2018-08-29,174.6275,175.1128,173.0922,174.2313,18494100
2018-08-30,174.2313,178.0844,174.0332,175.9548,24216500
2018-08-31,175.4694,175.935,173.32,174.0629,18065200
2018-09-04,171.854,172.2403,167.1986,169.5362,29809000
2018-09-05,167.8821,169.5065,165.0888,165.594,31226700
2018-09-06,165.3959,165.3959,158.4821,160.9881,41514800
2018-09-07,158.7892,163.0682,158.6406,161.4933,24300600
2018-09-10,161.9588,163.4446,160.6216,162.6225,20197700
2018-09-11,162.3847,165.6039,162.1668,164.3658,20457100
2018-09-12,161.7013,162.9295,160.265,160.4631,24078100
2018-09-13,160.4631,161.7706,159.334,159.8292,25453800
2018-09-14,160.1858,161.2951,158.8189,160.7801,21770400
2018-09-17,160.3839,160.5226,158.2543,159.0566,21005300
2018-09-18,157.8779,160.2254,157.3629,158.7793,22465200
2018-09-19,158.5613,161.8894,157.967,161.513,19629000
2018-09-20,162.9394,164.8709,162.9097,164.445,18936000
2018-09-21,165.0591,165.6633,161.2655,161.3843,45994800
2018-09-24,159.5023,164.128,159.3538,163.8408,19222800
2018-09-25,160.4532,164.0191,159.6212,163.3455,27622800
2018-09-26,162.7413,167.6939,162.6522,165.3662,25252200
2018-09-27,165.9605,170.1404,165.6237,167.2382,27266900
2018-09-28,166.7331,167.1887,161.0178,162.8998,34265600
2018-10-01,161.4833,164.3063,159.7301,160.8989,26407700
2018-10-02,160.0471,160.7405,157.1647,157.8185,36031000
2018-10-03,158.4821,162.1074,158.0166,160.8891,23109500
2018-10-04,159.9283,159.9283,155.8572,157.343,25739600
2018-10-05,157.6996,159.3736,154.7181,155.8374,25744000
2018-10-08,154.0644,156.8378,152.9253,155.7582,24046000
2018-10-09,156.194,159.0665,155.9266,156.402,18844400
2018-10-10,155.3323,156.194,149.8746,149.9439,30610000
2018-10-11,148.7057,153.3413,147.7449,151.8952,35338900
2018-10-12,155.2431,155.4016,149.8646,152.2815,25293500
2018-10-15,151.8655,154.0941,151.1028,152.0636,15433500
2018-10-16,153.9257,157.9472,153.5394,157.2737,19180100
2018-10-17,158.0463,158.9675,156.4516,157.9076,17592000
2018-10-18,157.0062,157.1548,151.8259,153.4503,21675100
2018-10-19,154.3814,155.8572,152.0933,152.5885,19761300
2018-10-22,153.2918,155.8473,152.9947,153.3116,15424700
2018-10-23,149.7854,153.3017,149.4189,152.9253,19095000
2018-10-24,152.8164,153.1829,144.2187,144.6545,27744600
2018-10-25,146.3285,150.766,145.6055,149.518,22105700
2018-10-26,144.4366,147.5865,142.4358,143.9909,31303300
2018-10-29,147.0912,147.4181,137.7111,140.742,31336800
2018-10-30,138.6124,145.2489,138.4143,144.8328,50528300
2018-10-31,153.5296,154.9163,147.5469,150.35,60101300
2018-11-01,150.0825,151.3009,147.9331,150.3103,25640800
2018-11-02,150.3599,152.6678,147.5468,148.9237,24708700
2018-11-05,148.6761,148.7652,146.0413,147.2695,15971200
2018-11-06,147.8935,149.5378,146.5959,148.5175,16667100
2018-11-07,150.1321,151.5584,148.4086,150.0925,21877400
2018-11-08,149.0623,149.5081,145.3479,146.4672,24145800
2018-11-09,145.3578,146.3582,142.7032,143.5848,17326900
2018-11-12,143.1093,143.664,139.1572,140.2072,18542100
2018-11-13,140.6529,143.5056,140.2765,140.8114,15141700
2018-11-14,142.3368,144.1989,140.2072,142.8518,22068400
2018-11-15,140.9797,143.4659,139.4939,142.4853,30320300
2018-11-16,139.7317,140.4251,136.463,138.2063,37250600
2018-11-19,136.3045,136.4432,129.9652,130.302,44362700
2018-11-20,125.8249,132.8872,125.6466,131.1736,41939500
2018-11-21,133.1249,135.8885,132.8575,133.541,25469700
2018-11-23,132.3821,133.224,130.0148,130.4803,11886100
2018-11-26,131.7382,135.7003,131.5203,135.0862,24263600
2018-11-27,134.4622,135.314,132.4415,133.7193,20750300
2018-11-28,134.9871,135.4923,130.5992,135.4626,29847500
2018-11-29,134.6305,138.6619,134.373,137.3643,24238700
2018-11-30,136.9484,139.6327,136.0569,139.2761,25732600
2018-12-03,141.6434,142.3169,139.4246,139.7515,24819200
2018-12-04,139.3949,142.0297,135.8588,136.6215,30307400
2018-12-06,132.5505,138.3747,132.4019,138.3054,28218100
2018-12-07,137.9289,139.5336,135.3635,136.1163,21195500
2018-12-10,138.2757,141.6929,137.6912,140.5043,26422200
2018-12-11,142.515,142.515,139.7614,140.7321,20300300
2018-12-12,141.7226,145.7936,141.158,143.1292,23696900
2018-12-13,144.189,144.4664,141.8316,143.6343,18148600
2018-12-14,141.9802,144.6248,141.158,142.6933,21785800
2018-12-17,141.7226,143.5452,137.1068,138.86,24334000
2018-12-18,139.7416,144.5456,138.5035,142.2971,24709100
2018-12-19,139.8704,143.5353,131.243,131.976,57404900
2018-12-20,129.4601,134.2839,128.7667,132.1345,40297900
2018-12-21,132.1246,133.6202,122.2491,123.7646,56901500
2018-12-24,121.9322,128.5092,121.8529,122.8831,22066000
2018-12-26,124.8047,132.9665,124.6957,132.9071,39723400
2018-12-27,131.1836,133.7094,128.4399,133.2439,31202500
2018-12-28,134.0561,134.6306,130.9458,131.9364,22627600
2018-12-31,133.1745,133.3627,128.7172,129.8464,24625300
2019-01-02,127.7663,136.2055,127.3404,134.3928,28146200
2019-01-03,133.4122,135.8687,129.8761,130.4902,22717900
2019-01-04,132.7387,136.6908,132.4811,136.6413,29002100
2019-01-07,136.255,137.5526,134.6206,136.7403,20089300
2019-01-08,138.5629,141.7821,138.2162,141.1779,26263800
2019-01-09,141.5938,143.3272,139.9298,142.8617,22205900
2019-01-10,141.7226,143.1886,139.5039,142.832,16125000
2019-01-11,141.7919,143.981,141.2175,142.4358,12908000
2019-01-14,140.6528,145.1795,139.9298,144.0107,20520300
2019-01-15,144.6248,149.2505,144.605,147.537,24069000
2019-01-16,147.5865,148.2303,145.6054,146.1403,18025700
2019-01-17,145.5559,147.5865,145.1102,146.8931,15787900
2019-01-18,148.3294,150.9839,147.1407,148.6166,31029600
2019-01-22,147.7845,150.0924,144.9814,146.17,22378700
2019-01-23,146.8733,147.3884,141.7028,142.931,20098400
2019-01-24,143.2678,145.0507,141.1679,144.4465,20955500
2019-01-25,146.0809,148.4086,145.1498,147.5964,22237200
2019-01-28,146.6455,147.5469,144.8229,146.071,15508500
2019-01-29,146.6851,146.695,142.0693,142.8221,17632100
2019-01-30,144.8328,149.5179,144.3177,148.993,44613200
2019-01-31,164.029,170.0513,163.4347,165.1087,77233600
2019-02-01,164.2667,167.4958,164.0884,164.1379,30806500
2019-02-04,164.128,167.6939,162.0678,167.6444,20036000
2019-02-05,167.5453,170.3485,167.0897,169.5362,22557000
2019-02-06,169.5758,170.8338,167.6641,168.8726,13281200
2019-02-07,166.6043,167.6345,163.6823,164.8016,17517600
2019-02-08,162.9097,165.7822,162.6522,165.7426,12561400
2019-02-11,166.3072,166.7034,163.5139,164.2172,12811200
2019-02-12,165.277,166.743,162.9394,163.4743,16292300
2019-02-13,163.811,164.6431,162.1767,162.5135,14205100
2019-02-14,161.6419,163.3059,160.7108,162.3947,12755200
2019-02-15,162.9493,163.1375,159.3339,160.9584,15504400
2019-02-19,158.9774,162.5927,158.809,160.7504,14345400
2019-02-20,160.7108,162.1668,159.7203,161.0178,11770700
2019-02-21,160.3938,160.7009,158.076,158.5217,15607800
2019-02-22,159.0566,160.8692,158.7891,160.3542,15858500
2019-02-25,161.523,164.4945,161.3546,163.0583,18737100
2019-02-26,162.7809,164.6629,162.2461,162.5729,13784100
2019-02-27,161.3546,162.3748,158.8882,161.2655,12697500
2019-02-28,160.8296,161.9489,159.334,159.9184,11114200
2019-03-01,161.0574,161.5824,160.156,160.7404,11097800
2019-03-04,162.3451,165.911,162.2758,165.7822,18894700
2019-03-05,165.7822,170.2494,164.97,169.6353,28187900
2019-03-06,171.2597,171.9234,169.6452,170.8734,21531700
2019-03-07,169.873,170.1107,166.0199,167.5255,18306500
2019-03-08,164.6233,168.0108,164.3955,167.991,13184800
2019-03-11,169.972,172.6464,169.9522,170.4376,18884000
2019-03-12,170.4574,172.1512,169.5957,170.289,12155300
2019-03-13,170.6852,172.379,170.4871,171.7253,11973300
2019-03-14,168.1495,169.5263,166.5647,168.5556,18037400
2019-03-15,165.5742,165.9902,160.9683,164.4054,37135400
2019-03-18,162.0183,162.3451,157.7689,158.9477,37524200
2019-03-19,159.9481,162.2659,159.2943,160.0372,25611500
2019-03-20,159.9679,164.544,159.7103,163.8705,20211500
2019-03-21,163.3257,164.8115,162.1965,164.5044,16223000
2019-03-22,164.0785,165.8317,162.5333,162.7809,16389200
2019-03-25,161.4537,164.9601,160.4631,164.7124,12631200
2019-03-26,165.7624,167.8425,164.7719,166.0892,15437900
2019-03-27,166.2576,167.3373,163.2266,164.2964,10620300
2019-03-28,163.0088,165.1384,161.7805,163.9795,10443000
2019-03-29,164.8115,165.6039,163.2465,165.1087,13455500
2019-04-01,166.2378,167.2977,165.6931,167.0996,10381500
2019-04-02,168.5259,173.2407,167.9415,172.5474,23946500
2019-04-03,172.8446,176.2717,171.3093,171.8937,27391100
2019-04-04,174.3501,176.3114,173.8648,174.3501,17847700
2019-04-05,175.202,175.3208,173.4388,174.053,9594100
2019-04-08,173.5478,173.8351,172.5771,173.2705,7297400
2019-04-09,173.9539,177.4901,173.8846,175.8953,19751000
2019-04-10,176.4896,177.0938,174.8652,176.1331,11701500
2019-04-11,176.549,176.7075,175.3208,175.826,8071000
2019-04-12,176.3113,177.9259,176.2618,177.4009,12329800
2019-04-15,176.8066,178.7876,175.1921,177.9457,10834800
2019-04-16,177.3019,178.4608,176.6085,177.1731,11215200
2019-04-17,177.8962,179.0253,176.6679,177.0839,9973700
2019-04-18,177.1038,177.183,175.6576,176.5887,11655600
2019-04-22,176.559,179.9465,176.559,179.7187,13389900
2019-04-23,181.0064,182.4723,179.7583,182.0365,19954800
2019-04-24,182.7398,183.3836,179.9267,180.8479,37289900
2019-04-25,195.1113,196.597,190.2974,191.4266,54148800
2019-04-26,190.6738,191.07,187.2961,189.6734,22075000
2019-04-29,189.1385,193.5562,188.8413,192.9321,19641300
2019-04-30,192.3478,195.5174,190.4559,191.5652,23494700
2019-05-01,192.9321,194.3189,191.1789,191.1987,15996600
2019-05-02,191.169,192.1596,187.9499,190.7035,13209500
2019-05-03,192.5359,194.2991,191.8723,193.6156,14575400
2019-05-06,189.4258,192.4369,188.7423,192.0407,13994900
2019-05-07,190.7134,191.07,186.0679,187.9697,16253000
2019-05-08,187.5933,188.9107,186.7613,187.7419,12505700
2019-05-09,185.424,187.9697,184.493,186.8603,12967000
2019-05-10,186.4641,188.1975,182.8388,186.5532,12578500
2019-05-13,181.7592,183.6708,179.1244,179.8177,16833300
2019-05-14,180.7885,181.7493,176.4104,179.0154,17628100
2019-05-15,178.7084,185.5033,178.3122,184.5029,16746900
2019-05-16,183.2945,186.791,183.2945,185.216,12953100
2019-05-17,183.0864,185.8005,182.5318,183.5421,10485400
2019-05-20,180.1546,182.4823,179.6494,180.9866,10352000
2019-05-21,182.819,183.9383,182.1455,183.0667,7502800
2019-05-22,182.9775,184.9684,181.8681,183.5619,9213800
2019-05-23,180.6894,182.1554,177.9655,179.1541,12768800
2019-05-24,180.6003,181.8879,179.1145,179.3423,8807700
2019-05-28,179.8177,182.9577,179.7286,182.5615,14843300
2019-05-29,181.7592,182.8091,179.6296,180.4616,12797700
2019-05-30,181.3431,181.7393,179.1739,181.2738,8581500
2019-05-31,178.5697,178.8273,175.4793,175.7864,15226500
2019-06-03,173.3398,173.3893,159.4825,162.5927,56059600
2019-06-04,162.1569,166.6836,159.3141,165.911,46044300
2019-06-05,165.8912,167.1194,163.0682,166.5746,19758300
2019-06-06,166.7034,168.0901,165.6435,166.7331,12446400
2019-06-07,168.5556,172.2205,167.2383,171.7055,16917300
2019-06-10,173.0922,176.1727,172.1512,173.1615,14767900
2019-06-11,176.7868,178.2726,175.1128,176.4104,15266600
2019-06-12,176.6878,177.5693,171.2399,173.3794,17699800
2019-06-13,173.8648,176.3411,172.9535,175.7864,12253600
2019-06-14,178.7975,180.1149,178.2924,179.6098,16773700
2019-06-17,183.2548,187.7022,182.6605,187.2169,29459900
2019-06-18,192.1595,192.6845,185.5033,186.682,37571400
2019-06-19,185.226,186.3155,182.7992,185.7014,21417100
2019-06-20,189.1385,189.3465,185.8599,187.732,14635700
2019-06-21,186.9593,190.1785,186.9593,189.3267,22751200
2019-06-24,190.5945,192.1397,189.7526,190.7728,15509000
2019-06-25,191.0502,191.3077,186.3453,187.0485,16750300
2019-06-26,187.7419,188.9503,185.533,185.8797,12808600
2019-06-27,188.0787,196.9933,186.4839,187.7023,11159000
2019-06-28,188.7423,191.3671,188.1381,191.169,16378900
2019-07-01,193.3581,193.4274,190.1092,191.169,14181800
2019-07-02,191.169,193.1501,190.8818,193.1501,9050000
2019-07-03,192.318,195.5273,192.318,195.3292,10246100
2019-07-05,194.3189,195.2004,192.3279,194.5368,11164100
2019-07-08,193.3383,194.8141,191.803,193.9028,9723900
2019-07-09,193.1203,197.5678,193.0411,197.3201,14698600
2019-07-10,198.1027,201.0346,197.7758,200.8067,20571700
2019-07-11,201.3317,201.8666,198.3106,199.321,13678500
2019-07-12,197.7857,203.3524,197.2706,202.9264,15366300
2019-07-15,202.3123,203.3821,199.9054,201.9756,16030300
2019-07-16,201.9557,203.5208,201.1732,201.9062,12132700
2019-07-17,202.2429,202.4212,199.6775,199.8855,12083700
2019-07-18,198.2512,200.5492,197.4885,198.8752,11937900
2019-07-19,200.262,200.4106,196.191,196.4782,12098300
2019-07-22,198.0135,200.6482,196.9239,200.4006,13589000
2019-07-23,200.9157,202.3024,199.0535,200.4402,14583700
2019-07-24,195.7551,202.867,195.349,202.7184,32532500
2019-07-25,204.7391,206.6805,196.3791,198.8059,39889900
2019-07-26,198.2908,200.9553,194.3882,197.855,24434000
2019-07-29,197.1121,197.7361,193.4472,194.0811,16530800
2019-07-30,193.5364,196.8249,191.6643,195.1707,11903600
2019-07-31,195.0816,196.8744,190.8521,192.3874,14593500
2019-08-01,192.3279,196.5871,189.0692,190.9016,17777000
2019-08-02,189.2871,190.7926,186.2858,187.2268,15297000
2019-08-05,182.9379,183.9086,177.6386,180.006,23086700
2019-08-06,181.9474,184.0274,181.3531,182.7596,18035700
2019-08-07,181.8582,184.6019,179.5008,183.3935,15833200
2019-08-08,184.8495,188.5343,182.3039,188.356,14828900
2019-08-09,188.1975,189.1682,185.3448,186.0679,11058800
2019-08-12,185.0774,185.8103,182.71,183.6114,10930900
2019-08-13,183.76,189.5644,183.6114,186.6622,13577000
2019-08-14,184.0374,184.2256,177.6089,178.0051,18903700
2019-08-15,179.2334,181.462,178.3221,180.8578,12925900
2019-08-16,182.0068,183.344,180.63,181.9573,12654600
2019-08-19,184.2453,185.7212,183.0964,184.4038,9691200
2019-08-20,183.6907,184.2354,180.6597,182.0662,10083400
2019-08-21,183.2449,184.1364,181.4026,181.8087,8398200
2019-08-22,181.6898,182.3634,178.2032,180.313,10821400
2019-08-23,179.1244,181.3927,174.9841,176.0637,17323400
2019-08-26,177.6981,178.7876,176.5491,178.649,8773600
2019-08-27,180.2041,182.2941,179.2928,179.5801,14399600
2019-08-28,178.8173,180.2239,177.2226,180.0357,9386100
2019-08-29,182.0266,184.3147,181.7294,183.8095,10128700
2019-08-30,185.0081,185.0279,181.7196,183.9086,10774500
2019-09-03,182.2544,183.9085,180.3823,180.6597,9779400
2019-09-04,182.8983,185.9689,182.1455,185.3646,11308000
2019-09-05,186.7414,189.5446,186.157,189.089,13876700
2019-09-06,188.4055,188.4055,184.5821,185.7113,15226800
2019-09-09,185.949,187.1872,184.0869,186.9693,14722400
2019-09-10,185.6618,186.3155,182.7992,184.4038,15455900
2019-09-11,184.6911,187.6428,184.3147,186.7018,11761700
2019-09-12,188.0588,189.1187,185.4538,185.6915,11419800
2019-09-13,185.5528,186.1868,184.7703,185.4142,11441100
2019-09-16,185.1566,186.0085,184.0077,184.4534,8444800
2019-09-17,184.8892,186.5335,183.7798,186.2957,9671100
2019-09-18,186.3056,187.2862,184.2454,186.3551,9681900
2019-09-19,186.8702,189.2871,186.3651,188.3362,10392700
2019-09-20,188.8513,191.2681,186.3354,188.1282,19934200
2019-09-23,187.5438,188.2966,183.453,185.0477,13327600
2019-09-24,186.1967,186.2561,178.6787,179.5602,18546600
2019-09-25,179.7286,181.6799,176.1826,181.0658,18068300
2019-09-26,179.6098,179.6791,175.9845,178.4013,16083300
2019-09-27,178.7777,179.0451,173.9935,175.4199,14656200
2019-09-30,176.1826,176.975,175.1723,176.3906,10740000
2019-10-01,177.4504,178.1339,173.221,174.1421,17073000
2019-10-02,173.1813,174.8553,171.4479,172.9436,16151700
2019-10-03,173.9044,178.1339,171.9828,177.6783,16086300
2019-10-04,177.8467,179.2631,176.4104,178.7381,10430200
2019-10-07,178.2924,179.4612,176.4005,177.9754,9178300
2019-10-08,176.5689,178.6589,176.034,176.0637,9466900
2019-10-09,177.4603,179.0055,176.2519,178.1438,7556900
2019-10-10,178.6094,179.8871,177.4703,178.3221,8605000
2019-10-11,180.422,184.7208,180.4121,182.4426,14930500
2019-10-14,182.4525,182.8685,180.838,181.5412,7006000
2019-10-15,182.0563,188.5739,181.9176,187.098,15039100
2019-10-16,186.5335,187.9004,185.1269,187.7518,10516900
2019-10-17,188.4946,189.0295,186.9791,188.5838,9603000
2019-10-18,188.4253,189.6734,182.1752,184.0869,16874200
2019-10-21,185.2656,188.1083,184.9783,187.9598,8122600
2019-10-22,188.1975,188.8413,179.7782,180.6102,19537600
2019-10-23,180.2833,184.6118,180.2734,184.384,12300400
2019-10-24,182.8685,184.9585,181.0658,184.6118,11413500
2019-10-25,184.067,187.207,183.3341,186.1075,8061200
2019-10-28,185.4241,187.732,183.3242,187.6032,13657900
2019-10-29,189.8714,190.7035,186.682,187.514,13574900
2019-10-30,187.7617,188.6432,184.2156,186.4641,28734600
2019-10-31,194.8339,196.2107,186.4641,189.8318,42286500
2019-11-01,191.0205,192.2685,188.1083,191.7831,21711800
2019-11-04,192.7044,195.4976,191.9714,192.8727,16371300
2019-11-05,193.5165,193.8929,191.7633,192.4765,9942000
2019-11-06,192.1893,192.526,189.5347,189.7328,10973000
2019-11-07,190.0894,191.6049,187.6725,188.6135,13473000
2019-11-08,188.1975,190.5153,187.9003,189.0295,10760800
2019-11-11,188.1282,188.2767,186.7513,187.8112,8631200
2019-11-12,188.1975,193.2095,187.94,192.6251,17615500
2019-11-13,192.8529,193.8434,190.9115,191.3572,10860700
2019-11-14,191.0997,192.1893,189.6337,191.3176,9040500
2019-11-15,192.4171,193.4472,191.5455,193.2491,11524300
2019-11-18,192.7143,196.7457,191.2186,195.5273,16167200
2019-11-19,195.5273,198.1026,194.9924,197.4291,19056800
2019-11-20,196.6961,197.6965,193.576,195.6363,12355400
2019-11-21,195.5471,197.2013,194.9925,196.0523,12131000
2019-11-22,196.498,197.4093,195.7452,196.9339,9959800
2019-11-25,197.6272,199.0634,197.3598,197.8946,15272300
2019-11-26,198.1026,198.2512,196.1612,197.0824,11735500
2019-11-27,198.0036,201.2128,197.5281,200.0836,12736600
2019-11-29,199.6874,201.8666,199.3011,199.7271,7985200
2019-12-02,200.2125,200.262,196.1712,197.8055,11503400
2019-12-03,195.7254,197.0428,193.2293,196.9339,11595300
2019-12-04,198.1026,198.1323,196.1711,196.8248,8456300
2019-12-05,197.964,199.3804,196.3296,197.4687,9740400
2019-12-06,198.5979,199.6577,198.162,199.1426,12270600
2019-12-09,198.7465,201.2129,198.3107,199.4299,11954800
2019-12-10,199.7469,200.1332,198.2512,198.9644,9475700
2019-12-11,198.38,200.7077,198.38,200.3412,8036800
2019-12-12,200.4303,201.7279,192.2586,194.8835,23734800
2019-12-13,194.5368,194.933,191.3374,192.2685,18798000
2019-12-16,193.4175,197.231,192.9618,196.0423,14911500
2019-12-17,196.9536,197.1121,194.2693,196.5079,10175700
2019-12-18,198.1918,202.3618,198.1918,200.5789,23274400
2019-12-19,200.8563,204.3429,200.5888,204.1052,16514600
2019-12-20,205.5116,205.7395,201.5001,204.3428,27306900
2019-12-23,204.7391,206.6111,203.7287,204.224,13348900
2019-12-24,204.3429,204.8282,203.0552,203.1741,6046300
2019-12-26,203.6198,205.8485,203.3623,205.8187,9350700
2019-12-27,206.6904,206.9479,204.6301,206.1258,10284200
2019-12-30,205.8881,205.9277,201.9656,202.4708,10524300
2019-12-31,202.0647,203.6099,201.6685,203.3028,8953500
2020-01-02,204.7886,207.7997,204.3131,207.7898,12077100
2020-01-03,205.2442,208.404,204.9867,206.6904,11188400
2020-01-06,204.7391,210.7614,204.5608,210.5831,17058900
2020-01-07,210.801,212.5443,209.7412,211.0387,14912400
2020-01-08,210.9793,214.1886,210.593,213.1782,13475000
2020-01-09,215.4762,216.3083,214.2282,216.229,12642800
2020-01-10,217.1205,217.794,215.3574,215.9913,12119400
2020-01-13,217.5167,219.8642,217.1304,219.8048,14463400
2020-01-14,219.5076,220.2703,216.5559,216.9818,13288900
2020-01-15,218.5171,219.577,218.0516,219.052,10036500
2020-01-16,220.4585,220.5179,218.2992,219.6661,10015300
2020-01-17,219.9237,220.1812,218.4379,220.0326,15905900
2020-01-21,220.0524,220.2604,217.0412,219.3392,14275800
2020-01-22,220.201,220.6368,219.1808,219.2204,12212800
2020-01-23,218.6558,219.3888,217.1898,217.6752,11195000
2020-01-24,218.7053,219.676,214.0598,215.8724,11905800
2020-01-27,211.0784,214.0103,210.4841,212.8316,13810700
2020-01-28,214.0895,216.6649,211.4944,215.7239,13413800
2020-01-29,219.3392,222.073,216.3776,221.1122,33181300
2020-01-30,204.5707,209.4242,202.8076,207.5422,48775500
2020-01-31,206.4527,206.7102,199.1526,199.9945,31359900
2020-02-03,201.51,203.1938,200.5789,202.2529,15495600
2020-02-04,204.6598,208.6021,203.2533,207.8394,19628900
2020-02-05,210.4939,210.7119,206.73,208.1167,12538200
2020-02-06,208.4733,209.1865,207.354,208.8497,10567500
2020-02-07,208.3049,210.801,207.9384,210.3157,12242500
2020-02-10,209.5134,211.7717,208.6615,211.0387,11856400
2020-02-11,208.196,208.8596,204.5509,205.2244,25030800
2020-02-12,205.8782,209.2162,205.4324,208.7606,13813700
2020-02-13,207.5323,212.2967,207.1955,211.118,15396600
2020-02-14,211.9698,212.891,210.6326,212.1481,10741700
2020-02-18,211.5241,215.912,211.3755,215.7338,15609200
2020-02-19,215.922,216.2488,214.0598,215.4267,12135100
2020-02-20,214.4659,216.6946,210.9298,212.5443,13109200
2020-02-21,211.4548,212.2076,206.8489,208.1861,14092300
2020-02-24,199.8855,201.718,196.29,198.8158,23080100
2020-02-25,200.3313,201.5694,194.091,194.9033,21433500
2020-02-26,195.3193,199.3012,193.6354,195.3292,16524500
2020-02-27,190.0003,194.0217,187.7023,187.9499,21682600
2020-02-28,180.9668,190.9115,180.0951,190.6441,32568900
2020-03-02,192.1893,194.7052,187.0584,194.5764,24949000
2020-03-03,194.3585,195.3688,182.2247,184.1265,27984100
2020-03-04,187.3754,190.0101,184.6217,189.9408,23062500
2020-03-05,185.0081,187.1971,182.1455,183.4133,19333400
2020-03-06,176.6382,182.0365,174.5879,179.372,24559600
2020-03-09,167.991,173.3398,163.6229,167.892,29949000
2020-03-10,173.0129,176.5986,167.892,176.4995,24517800
2020-03-11,172.3592,174.2115,166.0694,168.625,20373900
2020-03-12,158.0265,165.0195,152.8758,153.0046,43266300
2020-03-13,161.9786,169.1698,156.1049,168.6646,35028600
2020-03-16,150.875,157.6203,141.7424,144.6248,39120400
2020-03-17,149.31,152.4796,138.6719,148.0025,34255600
2020-03-18,138.4242,146.7742,135.7994,145.5658,37553100
2020-03-19,145.2291,158.4128,143.4263,151.6773,39862300
2020-03-20,154.5399,157.759,146.5959,148.3095,32568400
2020-03-23,148.2402,150.8651,140.9005,146.695,29830800
2020-03-24,153.7376,159.7797,151.1226,159.4528,30440400
2020-03-25,157.4123,161.4437,151.6079,154.7281,35184300
2020-03-26,156.7487,162.4442,155.5304,161.7904,26556800
2020-03-27,156.6992,158.5712,153.2819,155.3025,24879900
2020-03-30,157.6699,165.1681,156.5605,164.3757,22515200
2020-03-31,163.9101,169.3084,162.6423,165.2176,23676300
2020-04-01,160.0867,162.5927,156.5407,158.0859,19507600
2020-04-02,157.5907,159.8193,154.4408,156.6893,20886300
2020-04-03,155.6591,156.4119,149.3991,152.7173,25983300
2020-04-06,158.6307,164.6233,157.0063,163.9795,28453600
2020-04-07,170.1603,171.7451,164.4351,167.2283,31411900
2020-04-08,169.6254,173.3398,166.1487,172.6266,21664200
2020-04-09,174.2312,175.4001,169.9423,173.528,23534300
2020-04-13,172.0224,173.3398,167.8425,173.1318,19355400
2020-04-14,177.2821,179.5107,174.9445,176.4798,21011800
2020-04-15,173.528,176.4995,171.1805,175.2911,17423000
2020-04-16,176.2618,176.3609,170.8734,174.5779,23593200
2020-04-17,177.5,178.5697,174.9841,177.5396,20974800
2020-04-20,175.727,178.7876,175.093,176.5491,16110700
2020-04-21,173.5874,173.7162,166.743,169.1796,24850500
2020-04-22,176.7571,183.027,176.45,180.5507,33242000
2020-04-23,182.3337,185.2755,181.4125,183.3737,21426600
2020-04-24,181.4917,188.6036,179.1145,188.2668,28792000
2020-04-27,190.8323,191.9119,185.6321,185.7212,29197800
2020-04-28,186.8702,187.4051,180.8281,181.1748,21731000
2020-04-29,189.1187,195.0419,188.1975,192.3477,45954500
2020-04-30,204.957,207.7007,199.6578,202.768,46230100
2020-05-01,199.6874,205.3136,197.1616,200.3511,30415600
2020-05-04,198.3007,203.9566,196.8744,203.3127,19250700
2020-05-05,205.056,208.3842,204.541,205.1056,21071200
2020-05-06,206.1456,209.5926,204.6995,206.4923,21857000
2020-05-07,209.1568,209.5926,207.0569,209.2558,15152000
2020-05-08,210.2265,211.1873,208.8497,210.3355,12506000
2020-05-11,208.8893,212.9603,208.3743,211.1576,12911900
2020-05-12,211.2666,213.2377,208.0078,208.1068,14704600
2020-05-13,207.4432,208.7804,200.1926,203.1543,20684600
2020-05-14,200.6384,204.9669,198.7861,204.848,17178900
2020-05-15,203.3226,209.335,202.1835,208.8794,19383200
2020-05-18,210.1374,212.6037,208.9388,211.1675,20151900
2020-05-19,211.2468,218.3983,210.8109,214.8225,31843200
2020-05-20,221.3797,229.1453,221.0727,227.7883,50162900
2020-05-21,232.4933,234.9497,229.0067,229.1949,47782600
2020-05-22,229.3137,233.7512,226.57,232.6815,33925600
2020-05-26,237.4953,238.6146,229.4722,229.9971,33178300
2020-05-27,226.8969,228.3727,219.0322,226.9662,34697600
2020-05-28,222.1721,229.4326,221.8749,223.3211,29377200
2020-05-29,223.0636,225.3319,220.7656,222.9546,23241500
2020-06-01,222.4594,230.2349,221.3797,229.7099,18223800
2020-06-02,228.7491,230.7896,224.4107,230.5122,20919000
2020-06-03,229.908,230.4429,226.362,227.9765,15380300
2020-06-04,227.3822,229.4326,222.4791,224.1432,17041500
2020-06-05,224.5593,229.1552,223.1725,228.5807,16750400
2020-06-08,226.8572,229.3533,225.2526,229.2047,15466500
2020-06-09,229.3236,237.4954,228.2242,236.4058,27462900
2020-06-10,238.6741,238.9217,233.048,234.4842,20720700
2020-06-11,227.7586,230.6806,221.4292,222.3009,26708200
2020-06-12,227.719,229.4623,222.3702,226.4115,22091400
2020-06-15,222.9546,231.5523,222.6674,230.2943,15340300
2020-06-16,234.8903,236.1978,230.7896,233.4144,15236700
2020-06-17,232.7706,235.336,229.5316,233.2956,19578100
2020-06-18,232.7607,233.8998,229.9476,233.7017,15782500
2020-06-19,235.5341,238.5453,233.3154,236.5246,30081300
2020-06-22,236.2968,238.4165,234.6625,236.9506,18917800
2020-06-23,238.991,242.8639,237.5845,239.9419,24017900
2020-06-24,238.9118,240.9126,230.4726,231.7999,20834900
2020-06-25,232.3942,235.0488,230.532,233.4441,18704300
2020-06-26,230.433,230.8787,213.3565,214.0301,76343900
2020-06-29,207.7602,218.6558,205.1452,218.5468,58514300
2020-06-30,218.4973,225.3417,216.3974,224.9158,33927100
2020-07-01,226.3323,236.7326,225.4012,235.2964,43399700
2020-07-02,236.7326,237.7231,230.4033,231.2056,30633600
2020-07-06,231.5424,238.1194,230.0665,238.0005,26206200
2020-07-07,237.1388,245.3006,236.5544,238.575,27887800
2020-07-08,235.8511,244.6469,234.3455,241.2692,29791300
2020-07-09,242.6757,244.1912,236.9704,242.1805,22174900
2020-07-10,241.3781,243.1611,237.0496,242.7451,22982700
2020-07-13,244.6667,247.7769,236.1582,236.7327,24674900
2020-07-14,234.5139,238.05,229.8288,237.4557,23378100
2020-07-15,239.2585,242.4974,235.7917,238.0005,19133600
2020-07-16,235.7421,239.4665,234.088,238.6443,18880700
2020-07-17,238.7137,241.8437,235.6034,239.7339,18152400
2020-07-20,237.7826,243.7158,233.4045,243.0917,20872200
2020-07-21,243.8842,244.5676,237.8024,239.4566,19364200
2020-07-22,237.9807,239.6051,235.861,237.5944,15427900
2020-07-23,237.3567,240.1202,229.5514,230.3934,21771800
2020-07-24,228.0062,231.2749,224.7474,228.5213,18325800
2020-07-27,229.2642,232.7211,228.6402,231.2848,13163100
2020-07-28,232.4041,232.731,227.6496,227.9369,14170100
2020-07-29,228.9472,231.4829,228.1251,231.0768,13588300
2020-07-30,228.0359,232.6616,226.8275,232.2753,20615300
2020-07-31,253.3931,253.4228,246.6378,251.2635,53005100
2020-08-03,250.2532,252.9771,247.9552,249.5697,23124900
2020-08-04,249.1735,250.4017,245.0827,247.4599,17183500
2020-08-05,247.8165,249.8767,245.4194,246.7566,13050100
2020-08-06,246.6774,264.0708,246.3109,262.7633,45241600
2020-08-07,261.5747,276.2442,260.9309,265.8933,72766400
2020-08-10,265.4972,271.2619,257.2264,260.505,30248800
2020-08-11,257.7216,263.3973,252.7096,253.7001,28238300
2020-08-12,256.5132,261.3964,255.6613,257.4245,21415700
2020-08-13,259.0687,262.6445,257.1075,258.8211,17374000
2020-08-14,259.8215,260.1583,256.2259,258.7617,14792700
2020-08-17,260.0097,261.5945,256.9391,258.6824,13351100
2020-08-18,258.4744,262.6345,256.8004,259.8512,18690400
2020-08-19,258.9103,265.3684,258.8707,260.0989,23291500
2020-08-20,259.0192,267.0721,258.9796,266.4579,20299700
2020-08-21,266.141,267.9239,263.8925,264.4769,15538600
2020-08-24,268.4984,274.6198,266.2202,268.8154,23685600
2020-08-25,269.8257,280.4044,267.6961,278.1559,42127200
2020-08-26,281.3058,301.7797,281.3058,301.0269,69015200
2020-08-27,297.3125,298.3723,289.2497,290.4383,30301300
2020-08-28,292.2014,294.4102,288.2195,290.8741,17157400
2020-08-31,291.1613,294.0635,288.7841,290.4184,17345100
2020-09-01,291.9142,298.6299,289.9332,292.6373,17295900
2020-09-02,296.0446,300.7198,290.2699,299.6302,24341400
2020-09-03,293.182,294.7768,280.9393,288.3582,32294100
2020-09-04,284.5249,286.2583,268.5677,280.0478,30333700
2020-09-08,268.7064,276.6503,266.8641,268.5876,24864000
2020-09-09,273.1538,275.8381,268.7758,271.1233,22918800
2020-09-10,272.8963,276.5116,264.4967,265.5466,24814700
2020-09-11,267.498,268.8154,260.1484,264.0807,18913900
2020-09-14,268.3795,274.0156,263.1793,263.6251,24093800
2020-09-15,268.1022,271.9157,266.7452,269.8356,18478500
2020-09-16,264.7542,269.8554,259.3064,261.02,29183400
2020-09-17,255.8297,259.0192,247.8165,252.4026,31281400
2020-09-18,255.9486,256.741,247.6778,250.1343,28130800
2020-09-21,245.1916,247.5787,241.814,245.7958,24709400
2020-09-22,250.9069,252.8978,245.8652,252.3332,30293100
2020-09-23,252.8384,255.5425,245.7958,246.6576,19641300
2020-09-24,244.1615,249.8471,243.2899,247.1628,20006800
2020-09-25,247.034,253.3237,244.2705,252.4026,18351300
2020-09-28,256.9391,257.1373,252.4026,254.3836,18826300
2020-09-29,255.3642,260.8319,254.4629,259.3065,20200200
2020-09-30,259.4947,263.5558,257.6325,259.4154,20142500
2020-10-01,262.8327,265.7844,262.2879,264.1006,20009800
2020-10-02,258.732,262.6346,256.7212,257.474,16367600
2020-10-05,259.7126,262.3573,258.3655,262.1393,12822300
2020-10-06,259.2966,263.1695,255.7901,256.2062,18696900
2020-10-07,256.7509,257.7117,252.4026,255.6712,23133400
2020-10-08,257.2858,262.1096,256.6915,261.2578,16312800
2020-10-09,262.0105,262.2384,259.6829,261.9412,14107800
2020-10-12,267.6367,277.522,265.3288,273.134,31019300
2020-10-13,274.9467,276.4523,270.7964,273.5204,18063300
2020-10-14,274.9863,276.1056,268.9243,269.2413,15577800
2020-10-15,265.0613,266.4877,261.1686,264.1897,15416100
2020-10-16,264.8434,268.7956,262.7831,263.4072,16622700
2020-10-19,263.011,266.0023,257.4146,258.9202,13587000
2020-10-20,260.5644,267.1414,260.3861,265.0217,18763200
2020-10-21,276.9078,280.3647,273.7481,276.0857,28998600
2020-10-22,277.2149,279.7704,272.4307,275.4815,16720000
2020-10-23,276.1551,282.534,274.1939,282.0883,17535200
2020-10-26,280.4737,282.5241,271.6582,274.4811,21322900
2020-10-27,276.1155,281.8109,273.6887,280.6025,16287200
2020-10-28,276.1452,276.1452,264.7246,265.1307,23121800
2020-10-29,273.9264,280.9095,271.1827,278.1658,32368100
2020-10-30,271.8959,274.075,256.642,260.6139,47247800
2020-11-02,262.0898,267.9041,254.8986,258.8805,27165700
2020-11-03,260.6635,267.4881,258.4051,262.7831,17961900
2020-11-04,278.3341,286.1988,275.9767,284.6536,35364400
2020-11-05,289.1308,294.5588,286.2088,291.8844,23823600
2020-11-06,291.1613,291.8051,285.3272,290.6264,13891000
2020-11-09,287.12,289.8043,275.8876,276.1253,25117700
2020-11-10,270.5092,271.4006,261.4955,269.8455,29067700
2020-11-11,270.8757,275.7589,269.8951,273.8571,14957000
2020-11-12,274.5505,277.0961,271.8265,272.4704,12899500
2020-11-13,275.0853,275.1249,270.5092,274.3226,10391200
2020-11-16,272.4406,276.7593,272.0246,276.3135,12970400
2020-11-17,275.0457,275.0457,270.6973,272.3911,15040300
2020-11-18,271.9156,274.7584,269.2611,269.3898,12152900
2020-11-19,268.4489,270.8756,266.6363,270.3507,12963700
2020-11-20,269.9742,270.4101,266.8541,267.1414,18114700
2020-11-23,268.3201,268.3796,262.0205,265.8835,20990800
2020-11-24,265.9429,275.1844,265.3287,274.2929,16930400
2020-11-25,275.5014,277.522,270.0635,272.9756,12467000
2020-11-27,274.7585,276.482,272.2128,275.1745,7808400
2020-11-30,273.4113,275.0655,268.439,274.3424,16693300
2020-12-01,276.5116,286.5554,276.3135,283.8315,20738900
2020-12-02,282.6528,289.0119,278.1658,284.7923,17361600
2020-12-03,283.5345,283.9307,278.4036,279.1762,12921700
2020-12-04,277.6408,280.7708,276.6503,277.0465,10880300
2020-12-07,276.5414,285.7532,275.5608,282.8708,13007700
2020-12-08,283.2967,283.7127,278.879,280.7114,10747700
2020-12-09,280.9689,284.9013,269.1719,275.2834,25189700
2020-12-10,272.926,276.0857,269.2809,274.491,20065100
2020-12-11,271.9255,273.8571,267.6862,270.9548,14391400
2020-12-14,270.7766,274.5901,268.9838,271.5889,16376900
2020-12-15,272.2227,273.4609,264.9326,272.9359,23979500
2020-12-16,272.1534,275.224,269.9248,273.0548,15885000
2020-12-17,274.4414,277.7795,271.0142,271.876,16377800
2020-12-18,273.1538,275.3627,268.5678,273.7778,26693200
2020-12-21,270.3903,272.0643,265.2495,270.2021,16553700
2020-12-22,268.9243,268.9243,262.1195,264.5561,17312900
2020-12-23,264.3581,269.588,263.7044,265.5665,14329000
2020-12-24,266.3292,267.8348,263.6747,264.8633,6702000
2020-12-28,266.1905,274.6693,263.1397,274.3722,23299700
2020-12-29,274.3226,277.8489,273.659,274.1542,16383000
2020-12-30,275.3131,275.4419,269.1323,269.2908,11803800
2020-12-31,269.4196,274.4613,267.2503,270.5686,12900400
2021-01-04,272.1732,272.3911,262.6841,266.3886,15106100
2021-01-05,265.7448,269.8157,265.6655,268.3993,9871600
2021-01-06,259.5145,265.21,257.5434,260.8121,24354100
2021-01-07,263.3774,269.0332,262.268,266.1905,15789800
2021-01-08,265.7646,266.3985,260.6832,265.0316,18528300
2021-01-11,258.0089,260.9705,253.4723,254.4034,30412300
2021-01-12,254.1954,257.2561,247.9255,248.708,26383500
2021-01-13,249.1636,251.5408,246.8359,249.2527,19528900
2021-01-14,250.996,252.6106,242.2894,243.3097,29739400
2021-01-15,245.5482,251.4517,244.8152,248.9754,24942900
2021-01-19,254.4628,259.7125,250.3225,258.623,28028500
2021-01-20,266.3787,267.7555,261.0993,264.9425,25199900
2021-01-21,266.7055,271.0044,264.9523,270.2813,20838700
2021-01-22,269.4295,275.8282,269.4196,271.8959,21954000
2021-01-25,275.5013,277.4427,268.9342,275.3726,19087000
2021-01-26,275.5014,282.6826,275.1745,279.3742,19373600
2021-01-27,279.8496,280.7609,265.5763,269.5582,35346200
2021-01-28,274.5504,284.0693,262.1888,262.486,37758800
2021-01-29,262.7832,264.0312,252.4323,255.8793,30389500
2021-02-01,257.058,261.6639,252.4917,259.5244,22914300
2021-02-02,261.4955,266.2995,260.7724,264.5463,17320800
2021-02-03,263.1001,266.6462,261.337,264.1203,14223400
2021-02-04,264.4769,265.616,261.4954,263.9618,16060000
2021-02-05,264.2689,266.6165,263.1497,265.5566,12454400
2021-02-08,266.2004,267.2999,262.486,264.051,13755200
2021-02-09,263.9123,270.7964,263.2289,266.8938,14613400
2021-02-10,269.8653,271.2025,265.1802,269.2908,14687200
2021-02-11,269.3106,270.9846,265.9429,267.8249,12828600
2021-02-12,267.9536,268.6073,265.7943,267.9338,9097600
2021-02-16,268.2309,273.9759,267.4881,271.3709,15417200
2021-02-17,268.6668,271.3709,267.0226,270.9747,12763200
2021-02-18,267.0126,269.3701,263.5062,266.8344,15249100
2021-02-19,267.2999,267.706,257.682,259.0786,25622600
2021-02-22,255.5029,260.5743,255.0868,257.8603,17434900
2021-02-23,257.0382,264.9226,252.5412,263.3378,21924600
2021-02-24,259.8413,263.8529,255.9387,261.8025,15736100
2021-02-25,259.8116,264.4076,251.63,252.2738,19053100
2021-02-26,254.0369,263.0307,254.0369,255.176,26619500
2021-03-01,258.3457,264.1203,255.4533,262.3969,22157300
2021-03-02,263.2586,264.1797,256.1962,256.5429,15191700
2021-03-03,257.8207,258.514,252.6799,252.987,15513500
2021-03-04,254.0369,263.9618,251.0951,255.1958,31626500
2021-03-05,258.1971,262.9317,253.1851,261.7728,26820100
2021-03-08,263.0308,263.0605,252.6304,252.8879,18391800
2021-03-09,258.7022,265.9825,257.3452,263.2189,22039700
2021-03-10,266.0915,266.4184,260.3762,262.387,14210300
2021-03-11,265.5665,275.2636,265.2793,271.2818,21834000
2021-03-12,266.5868,267.181,261.5153,265.8538,20600200
2021-03-15,266.5273,273.342,265.9528,271.153,16844800
2021-03-16,273.4608,279.4634,272.193,276.6305,22437700
2021-03-17,273.0944,283.5146,272.7973,281.3157,21315000
2021-03-18,277.2149,282.4845,275.64,275.9768,18728300
2021-03-19,278.5521,290.0222,278.5323,287.3577,38930500
2021-03-22,287.6946,296.8667,284.0297,290.7552,28273100
2021-03-23,290.369,295.173,287.0607,287.8729,23000900
2021-03-24,288.2393,288.9525,278.4927,279.4634,18675000
2021-03-25,278.3144,285.3272,275.115,276.0956,24505600
2021-03-26,275.6598,281.801,275.1348,280.335,17629200
2021-03-29,283.0589,290.3986,281.9991,288.061,21718800
2021-03-30,287.0804,289.6954,283.9801,285.2678,17474500
2021-03-31,287.2388,293.6871,285.8719,291.7358,19498200
2021-04-01,295.5691,299.5312,293.7862,295.8267,17616000
2021-04-05,298.0355,307.8217,297.8275,305.9794,28237000
2021-04-06,305.9101,308.3963,302.3542,303.3546,17335200
2021-04-07,303.4338,311.2688,302.6018,310.1198,22855200
2021-04-08,311.863,312.8833,307.1086,310.0504,20894100
2021-04-09,308.4458,311.7541,307.386,309.4958,15988600
2021-04-12,308.0991,309.1887,305.0087,308.5845,10881900
2021-04-13,309.2482,311.4471,306.3856,306.8214,14036900
2021-04-14,304.3847,305.1078,299.0855,299.9472,17421400
2021-04-15,303.4338,307.1977,301.215,304.8997,14558300
2021-04-16,305.2465,306.0191,301.7203,303.2754,13059200
2021-04-19,302.1165,304.7809,297.7087,299.3727,14553500
2021-04-20,299.1251,302.2056,294.3904,299.7788,16796400
2021-04-21,299.0855,299.1152,294.5687,298.61,14863500
2021-04-22,298.4713,300.0462,293.2315,293.7069,16375400
2021-04-23,295.9258,299.7194,294.331,298.2733,17536800
2021-04-26,300.4622,302.8989,298.6991,300.1651,16172600
2021-04-27,301.3933,302.4433,298.2534,300.6901,15309300
2021-04-28,304.4441,307.9704,302.473,304.1866,33907200
2021-04-29,326.9882,328.6621,318.5589,326.384,56526800
2021-04-30,323.046,326.6911,321.4215,321.996,26332400
2021-05-03,323.0757,325.4331,318.7868,319.5197,18719500
2021-05-04,316.984,319.1334,310.1495,315.3398,24032600
2021-05-05,315.1714,318.0141,311.5065,312.0314,15577600
2021-05-06,311.5362,317.202,310.2981,316.9841,19012200
2021-05-07,319.3217,319.8763,315.7261,316.0529,15916700
2021-05-10,311.3678,311.5956,301.9381,303.0673,24239200
2021-05-11,297.8969,303.9291,296.8469,303.622,18920100
2021-05-12,298.2732,302.0669,295.3611,299.6797,24645500
2021-05-13,303.1762,305.9299,299.8976,302.364,18079200
2021-05-14,306.6034,313.8441,306.1478,312.9427,19245700
2021-05-17,310.5754,312.6852,308.6241,312.4673,15401300
2021-05-18,312.5961,313.4974,306.8709,307.0195,14522400
2021-05-19,301.3042,311.6749,300.6901,310.6151,19106200
2021-05-20,310.6051,316.2213,310.1891,315.5874,17320200
2021-05-21,316.2609,316.8949,312.814,313.23,13600900
2021-05-24,315.1913,322.8579,315.013,321.5504,16445400
2021-05-25,323.977,326.0571,321.7187,324.6803,16437000
2021-05-26,325.235,326.701,322.729,324.5516,9686900
2021-05-27,324.8883,330.6135,323.6601,329.5932,20477700
2021-05-28,327.8599,329.7121,325.2152,325.6114,12037400
2021-06-01,327.0179,328.2759,323.5412,326.0076,11765900
2021-06-02,327.2458,328.7217,324.0167,326.0275,11654300
2021-06-03,322.6893,324.2742,320.4112,322.9469,12610800
2021-06-04,322.8083,329.306,322.0951,327.2161,13289400
2021-06-07,326.3543,334.4864,325.8095,333.3869,20136700
2021-06-08,333.5058,335.0906,329.0881,330.5144,14580500
2021-06-09,332.5549,333.6048,326.8693,327.117,13727900
2021-06-10,327.6519,330.772,325.4331,329.306,13240200
2021-06-11,329.4249,329.6725,325.8095,328.1174,13587900
2021-06-14,328.7513,333.6246,326.6811,333.5751,12250800
2021-06-15,333.793,336.6952,331.8516,333.5553,15795200
2021-06-16,333.5058,334.3477,325.6015,327.9391,17232200
2021-06-17,327.3547,334.7736,327.0179,333.3176,17794100
2021-06-18,331.3564,332.961,325.8789,326.5326,23039500
2021-06-21,327.949,329.7616,324.5416,329.1376,11337500
2021-06-22,329.5338,336.6953,329.4447,335.8137,15345300
2021-06-23,336.1307,340.1621,334.9916,337.3589,14817800
2021-06-24,338.6069,341.628,338.5475,339.9243,12329100
2021-06-25,339.3399,340.8554,336.4575,338.1315,14594400
2021-06-28,339.2111,354.7424,338.5277,352.2661,29156100
2021-06-29,352.8902,353.3557,345.7386,348.5517,21417300
2021-06-30,348.829,349.5719,343.8765,344.4113,15107500
2021-07-01,343.5299,351.3054,343.2129,351.028,17137000
2021-07-02,351.7312,353.0585,349.2747,351.335,11521300
2021-07-06,353.118,355.3863,345.8674,349.4333,13488500
2021-07-07,351.8897,353.108,346.6796,347.1649,14218900
2021-07-08,342.4501,345.0254,339.3102,342.3709,14406500
2021-07-09,342.044,347.3828,341.9944,347.0956,13018700
2021-07-12,347.898,350.8299,346.3231,349.8097,10018600
2021-07-13,348.1654,355.0891,345.491,348.7498,11456000
2021-07-14,351.1964,351.8303,343.4407,344.3322,13894200
2021-07-15,345.9169,345.9169,336.9924,341.1922,14781600
2021-07-16,341.6379,342.7077,336.9132,337.9235,11026100
2021-07-19,334.3675,336.5665,331.3663,333.7534,14372300
2021-07-20,335.5859,340.1918,331.3267,338.4188,11024300
2021-07-21,338.2602,343.2326,338.0126,342.9454,9279700
2021-07-22,343.3911,348.205,341.9351,347.8583,12385400
2021-07-23,357.4861,371.7693,353.8014,366.2819,33694300
2021-07-26,366.0738,370.8877,364.7267,368.9265,14925200
2021-07-27,368.3818,369.61,361.0916,364.3207,15705400
2021-07-28,371.0066,373.9682,363.449,369.7387,29676900
2021-07-29,357.5753,362.0524,353.3557,354.9207,33413200
2021-07-30,350.6417,357.3078,349.5917,352.9198,15976200
2021-08-02,354.7028,355.9905,347.4126,348.6112,13180400
2021-08-03,349.3837,350.4138,344.4014,347.9078,12406100
2021-08-04,349.0766,357.0602,348.1752,355.515,14180600
2021-08-05,356.2282,360.4478,353.5142,359.5266,10247200
2021-08-06,357.9714,361.6859,357.9714,360.0614,8925000
2021-08-09,360.3091,362.3099,357.3276,358.1794,7798900
2021-08-10,358.3974,360.6459,355.6339,357.704,7469900
2021-08-11,358.6648,358.9223,354.4155,356.5451,8400300
2021-08-12,355.0495,359.5563,353.7221,359.2096,7170700
2021-08-13,359.5266,361.2006,358.0507,359.7346,7195700
2021-08-16,359.0808,363.4688,353.9896,363.0825,11222100
2021-08-17,359.5365,361.2104,351.7015,355.0494,12328700
2021-08-18,352.8703,356.446,351.7807,352.0779,10042400
2021-08-19,348.0168,354.1778,347.6701,351.751,12004500
2021-08-20,351.236,356.5748,349.9582,355.9607,8697700
2021-08-23,356.0301,362.2208,355.6933,359.903,10942000
2021-08-24,360.21,364.4692,358.4073,362.0425,9235100
2021-08-25,362.1316,367.3417,361.9335,364.8952,9684500
2021-08-26,364.8852,365.9352,360.6756,360.9232,7888700
2021-08-27,361.6364,370.1944,360.6261,369.095,11219100
2021-08-30,369.0256,377.8708,367.0049,377.0487,13547300
2021-08-31,376.3455,379.1288,375.2064,375.7809,12345400
2021-09-01,375.9889,380.6839,375.2163,378.4255,11567200
2021-09-02,377.8807,378.1284,370.5113,371.7198,14832900
2021-09-03,371.1948,373.5819,369.5704,372.6905,7509600
2021-09-07,372.3141,379.327,369.61,378.5544,10793800
2021-09-08,376.5535,377.2567,371.2344,373.9881,11067200
2021-09-09,374.0574,376.2266,372.9976,374.414,9098900
2021-09-10,377.7421,380.1491,374.6715,375.0974,11549600
2021-09-13,378.059,378.1284,370.7986,372.9381,13026300
2021-09-14,373.8197,374.9984,371.5514,372.9579,8711600
2021-09-15,373.4235,373.9782,364.182,370.3727,17940300
2021-09-16,369.2534,370.0161,366.2026,369.5208,11934200
2021-09-17,367.8865,367.8865,358.1597,361.26,26299000
2021-09-20,355.8914,357.605,346.4815,352.3255,19822800
2021-09-21,355.099,356.6244,351.8204,354.0887,11751900
2021-09-22,343.9359,346.5211,337.458,339.954,43692900
2021-09-23,342.0836,346.3527,339.746,342.6779,21806300
2021-09-24,339.9837,350.9883,339.122,349.6115,18801900
2021-09-27,346.4914,351.7807,343.7873,350.2256,15205800
2021-09-28,344.6689,346.2834,335.7048,337.4183,21710300
2021-09-29,339.8946,341.9549,335.6651,336.3882,14452200
2021-09-30,337.2202,339.5479,334.942,336.1703,16547100
2021-10-01,338.3692,341.7469,335.4274,339.756,14905300
2021-10-04,332.3468,332.7529,319.6385,323.135,42885000
2021-10-05,325.4627,332.0001,323.0657,329.8012,35377900
2021-10-06,326.6118,331.2078,322.7092,330.4748,26443000
2021-10-07,333.803,335.6255,325.8591,326.0968,28307500
2021-10-08,328.3651,330.2371,325.5916,326.9189,15946100
2021-10-11,324.5218,327.325,322.2238,322.3625,14708200
2021-10-12,319.9655,321.3027,314.3592,320.6985,31658700
2021-10-13,323.8681,323.8978,319.599,321.4612,14761500
2021-10-14,325.2449,327.3844,323.9969,325.4133,14302200
2021-10-15,325.5618,325.9482,319.4504,321.679,21596400
2021-10-18,325.8294,332.7035,324.3931,332.1587,21585000
2021-10-19,336.4278,339.2111,334.0802,336.7645,18786300
2021-10-20,340.1917,340.7167,336.2297,337.5471,13639500
2021-10-21,337.0518,339.0625,334.5953,338.6366,16354400
2021-10-22,323.254,326.5029,318.0637,321.5305,35224500
2021-10-25,317.2614,326.4335,316.6869,325.5718,38409000
2021-10-26,325.1459,327.0774,306.6629,312.814,65654000
2021-10-27,311.2093,316.2213,309.0995,309.258,29971800
2021-10-28,310.0207,322.4318,305.187,313.9134,50806800
2021-10-29,317.1524,322.9073,316.568,320.5004,37059400
2021-11-01,322.947,330.2867,322.9073,326.8496,31518900
2021-11-02,328.2362,331.6139,320.7281,324.9675,28353000
2021-11-03,324.3832,328.999,320.1339,328.474,20786500
2021-11-04,330.8414,334.0704,329.4943,332.6639,22495300
2021-11-05,337.0815,343.5001,336.4179,337.8938,26872800
2021-11-08,341.1526,341.5191,335.1303,335.4076,18342500
2021-11-09,336.7745,338.072,331.2969,332.1884,17556700
2021-11-10,329.3357,330.0291,322.4219,324.5317,21872600
2021-11-11,326.6911,329.306,323.8978,324.6308,12376600
2021-11-12,327.0476,338.6168,326.6514,337.6561,25414300
2021-11-15,341.0734,350.295,339.9442,344.2628,25076600
2021-11-16,340.5681,343.3614,337.6362,339.7064,18181100
2021-11-17,340.9743,344.0052,336.8735,337.5372,13602800
2021-11-18,336.4972,339.2112,332.1191,335.4769,17487200
2021-11-19,338.9536,348.7597,336.6754,342.0242,26488500
2021-11-22,345.7386,350.4733,337.2797,337.7749,27116800
2021-11-23,335.7146,338.1612,330.3361,334.0505,17225000
2021-11-24,332.8124,338.5375,329.6526,337.8244,13566200
2021-11-26,332.6143,334.5458,328.7513,329.9597,14750700
2021-11-29,333.694,337.4381,332.129,334.8232,16650900
2021-11-30,331.8219,332.6242,320.3617,321.3819,25390000
2021-12-01,327.1566,327.3646,307.3463,307.6534,30329600
2021-12-02,308.4458,311.6155,304.2857,307.4454,24396200
2021-12-03,310.7537,310.7735,296.6587,303.9291,27471000
2021-12-06,305.2068,317.0632,303.4338,314.8544,21758300
2021-12-07,318.5193,323.4422,317.9547,319.7475,18794000
2021-12-08,321.9168,329.5932,320.0051,327.424,19937700
2021-12-09,326.4137,332.9412,324.8883,326.6911,16879200
2021-12-10,329.4051,331.8516,323.2738,326.6217,14528000
2021-12-13,327.8104,337.8542,326.4633,331.3168,22948700
2021-12-14,324.9379,332.5153,324.5417,330.5739,20461000
2021-12-15,329.3357,338.8645,320.9065,338.4188,24681300
2021-12-16,335.7641,341.1921,330.5738,331.7228,22635000
2021-12-17,329.6428,333.9119,327.6122,330.6234,40012600
2021-12-20,326.6514,326.7703,319.4702,322.3625,17901800
2021-12-21,323.3134,332.8124,320.6786,331.0295,16116800
2021-12-22,330.6333,331.3365,325.1458,327.3151,16764600
2021-12-23,326.9684,333.4761,325.2449,332.0596,13987700
2021-12-27,335.6354,344.5698,334.8034,342.8959,17795000
2021-12-28,343.3416,349.3639,341.9251,342.9355,16637600
2021-12-29,343.6189,346.3725,338.3989,339.6866,10747000
2021-12-30,340.7366,343.936,339.964,341.0932,10593300
2021-12-31,339.7658,340.1818,333.0798,333.1591,12870500
2022-01-03,335.0906,337.8442,333.9911,335.3283,14537900
2022-01-04,336.725,339.8352,328.7216,333.3374,15998000
2022-01-05,329.8607,332.5747,320.7678,321.0947,20564500
2022-01-06,319.7575,335.9524,319.6584,329.306,27962800
2022-01-07,329.5833,333.8029,325.76,328.6424,14722000
2022-01-10,322.2238,325.2251,312.4376,324.9577,24942400
2022-01-11,323.6799,331.4554,322.1941,331.1979,16226800
2022-01-12,332.0002,333.1789,326.8991,330.0984,14104900
2022-01-13,331.8021,332.4459,322.6696,323.3827,14797100
2022-01-14,318.7373,329.5735,318.1628,328.7514,16868500
2022-01-18,320.223,321.1343,314.6266,315.1318,22645600
2022-01-19,316.5482,323.9969,316.3006,316.5581,20814700
2022-01-20,320.8272,324.7101,312.9824,313.5569,16925000
2022-01-21,311.8235,315.2903,300.1651,300.2939,28710700
2022-01-24,295.0144,306.5935,286.2682,305.7813,38878100
2022-01-25,297.1045,303.3249,294.757,297.3026,25108500
2022-01-26,304.0974,304.5927,288.0907,291.8349,28348800
2022-01-27,294.9253,298.8477,291.4684,291.8448,21629900
2022-01-28,292.8155,299.0359,290.2501,298.8477,21871600
2022-01-31,297.8275,310.8132,296.4805,310.2882,21579500
2022-02-01,311.5758,316.6275,309.159,315.9737,18023800
2022-02-02,324.71,324.8883,313.8638,319.9357,58458300
2022-02-03,242.3291,245.6473,233.5135,235.5044,188119900
2022-02-04,232.7409,240.3084,227.927,234.8407,89342200
2022-02-07,235.445,236.0393,221.8849,222.7763,88613800
2022-02-08,218.7549,223.6282,214.0994,218.0912,94729700
2022-02-09,222.0731,231.1561,220.1019,229.7991,86563300
2022-02-10,226.1045,232.7706,224.5493,225.9064,49310400
2022-02-11,226.2926,228.234,216.6946,217.4672,46156900
2022-02-14,217.2294,218.9034,212.7424,215.6347,38184000
2022-02-15,218.3785,219.052,213.0198,218.9034,42685500
2022-02-16,210.3949,215.397,210.3453,214.4857,45817500
2022-02-17,211.9896,215.4366,205.1947,205.7395,38747500
2022-02-18,207.4036,208.7507,203.2335,204.2042,37128400
2022-02-22,200.4204,205.5117,198.1621,200.1629,39852400
2022-02-23,202.2232,204.9768,196.1711,196.5673,44481400
2022-02-24,189.2474,206.3734,188.4154,205.6305,49957200
2022-02-25,202.9958,209.3153,201.2525,208.4832,37627600
2022-02-28,205.7098,211.1279,204.8678,209.028,34239800
2022-03-01,207.879,209.7411,200.3016,201.5595,27094900
2022-03-02,202.8373,207.1658,200.1035,206.1357,29452100
2022-03-03,207.0371,207.0965,199.5092,201.0444,27263500
2022-03-04,200.4502,203.9368,196.9041,198.1621,32130900
2022-03-07,198.8851,198.9842,185.5033,185.6915,38560600
2022-03-08,186.0679,194.8339,184.3444,188.4848,37508100
2022-03-09,193.8831,197.2112,192.0803,196.6169,31894700
2022-03-10,192.9916,194.4179,189.2573,193.3581,24853000
2022-03-11,190.8125,191.7238,184.8991,185.8302,34694500
2022-03-14,185.2557,190.4658,184.0572,184.8595,31010500
2022-03-15,188.9899,190.4559,184.1463,190.2083,31721700
2022-03-16,192.8529,201.7973,192.6746,201.6982,40640300
2022-03-17,199.7865,206.0664,199.2021,205.8683,29499700
2022-03-18,204.7391,214.7433,204.0457,214.4362,52128000
2022-03-21,212.4651,212.6731,205.6602,209.4836,30142300
2022-03-22,209.3648,217.378,208.1861,214.5947,31998800
2022-03-23,211.3062,214.7433,210.1473,211.435,23717300
2022-03-24,212.9603,218.5766,212.7523,217.487,31502300
2022-03-25,218.4181,223.3607,216.8134,219.7157,40039000
2022-03-28,220.0227,221.9146,217.4573,221.4689,26224100
2022-03-29,223.9253,228.6996,223.1527,227.6794,31417900
2022-03-30,226.7384,228.9571,224.5592,225.6884,25588000
2022-03-31,226.2827,226.3224,220.1515,220.2505,24192300
2022-04-01,222.4197,225.1238,220.5873,222.7169,19544800
2022-04-04,223.8362,232.1268,223.7173,231.6711,28054800
2022-04-05,231.8593,234.6129,228.8284,229.6406,29727200
2022-04-06,224.7573,226.8176,219.3095,221.1816,28995100
2022-04-07,221.8056,223.3806,216.4866,220.8349,21037200
2022-04-08,220.2703,222.9942,217.9426,220.2208,18375700
2022-04-11,216.3479,218.5171,213.1782,214.4065,20516600
2022-04-12,218.1506,219.9236,211.1081,212.1085,20128800
2022-04-13,209.8105,214.5551,209.3251,212.9504,19231800
2022-04-14,212.8514,212.9504,208.0078,208.1861,18379500
2022-04-18,208.0078,211.3557,206.3239,208.7705,16580800
2022-04-19,208.5229,216.3578,207.0173,215.2484,20089900
2022-04-20,211.5835,212.1283,197.0329,198.5187,43036500
2022-04-21,199.6874,201.0444,183.8194,186.2858,49954100
2022-04-22,188.564,190.8917,181.5314,182.3634,36426800
2022-04-25,180.9965,185.4042,179.9366,185.216,29281100
2022-04-26,184.8595,185.4142,177.7971,179.2334,31747400
2022-04-27,172.7752,179.4909,167.3967,173.2903,71062900
2022-04-28,200.9949,206.5517,191.07,203.7783,100890600
2022-04-29,202.5203,210.4642,198.0036,198.5682,49193400
2022-05-02,199.2615,209.8699,199.0832,209.127,49915300
2022-05-03,208.4535,212.8613,206.1159,210.0185,41556300
2022-05-04,208.6516,222.1721,204.9966,221.2905,41375900
2022-05-05,216.6649,218.0813,204.2042,206.3041,41129200
2022-05-06,205.373,207.3936,199.113,201.8369,34747200
2022-05-09,197.9441,200.6483,193.7246,194.3486,36303200
2022-05-10,197.6173,201.0346,192.3478,195.7749,34452500
2022-05-11,194.4675,198.7663,186.4839,186.9495,31153400
2022-05-12,185.2854,196.1711,183.027,189.4257,38262200
2022-05-13,190.753,197.9937,189.4654,196.7357,24549800
2022-05-16,195.1806,203.4217,194.0713,198.1423,27112600
2022-05-17,200.2025,203.5109,196.4782,200.6978,24872700
2022-05-18,198.1026,199.0931,189.812,190.4163,23960000
2022-05-19,189.3861,193.4373,187.8013,189.4753,24446900
2022-05-20,193.1204,196.0325,186.0877,191.7039,31465600
2022-05-23,193.3383,195.1212,189.4257,194.3684,25059200
2022-05-24,178.8372,181.9375,174.4393,179.5602,50406300
2022-05-25,178.6886,183.6907,177.6188,182.086,28030200
2022-05-26,181.1451,191.0007,180.5309,189.812,23056500
2022-05-27,189.5446,193.4769,187.9994,193.2788,22562700
2022-05-31,193.0411,195.7254,190.1884,191.803,26131100
2022-06-01,194.6457,197.6371,183.2449,186.8504,36623500
2022-06-02,186.6622,199.0337,185.949,196.9735,31951600
2022-06-03,194.1208,194.7448,187.9796,188.9701,19465000
2022-06-06,192.1497,195.0519,186.6127,192.4072,30574200
2022-06-07,190.1092,194.6656,189.6734,193.7939,18828700
2022-06-08,192.8232,200.1134,192.5657,194.7745,22267200
2022-06-09,192.4369,197.5579,181.9375,182.2545,23501600
2022-06-10,181.3035,181.363,173.3596,173.9044,27450800
2022-06-13,168.9716,170.9428,162.4739,162.7017,31749300
2022-06-14,164.4549,165.1681,159.8292,162.1767,27244300
2022-06-15,165.6138,170.5267,162.4243,167.7434,30008300
2022-06-16,162.1668,163.5139,158.0958,159.3439,26944100
2022-06-17,160.1462,164.3261,158.383,162.1866,31374200
2022-06-21,164.3558,166.1684,154.4903,155.5601,50724900
2022-06-22,156.8775,159.2646,153.9654,154.3715,47267800
2022-06-23,154.7875,158.2345,152.7866,157.2439,40499200
2022-06-24,160.1957,168.6349,159.7698,168.5457,68736000
2022-06-27,169.6947,170.1206,166.4161,167.8821,29174600
2022-06-28,168.2882,169.6749,159.0863,159.1557,27744500
2022-06-29,162.0182,164.752,158.7991,162.3847,28595200
2022-06-30,160.6117,163.6625,156.9864,159.7202,35250600
2022-07-01,158.7892,159.0962,153.5295,158.5118,31423900
2022-07-05,156.6397,166.6538,155.5304,166.5944,28618600
2022-07-06,166.6043,169.9621,163.8903,168.1594,23085900
2022-07-07,167.8424,171.0814,166.1883,170.5564,24083400
2022-07-08,168.3674,170.7645,166.5548,169.2589,19249200
2022-07-11,165.4851,165.9011,160.374,161.3348,21885600
2022-07-12,163.2366,164.3361,160.5622,161.7211,16639700
2022-07-13,158.6406,163.4149,158.0958,161.939,16555100
2022-07-14,159.6905,161.0475,155.7879,156.5506,23765200
2022-07-15,159.017,163.4149,158.3038,163.1375,23342800
2022-07-18,165.1681,170.0612,164.0686,165.6435,23574300
2022-07-19,168.7537,174.8156,167.9018,174.1124,25933700
2022-07-20,175.8062,181.8582,175.0236,181.353,24784300
2022-07-21,178.9164,182.1058,177.1731,181.4323,27195800
2022-07-22,171.4281,173.9341,166.8123,167.6642,42583900
2022-07-25,167.3967,168.9518,163.2465,165.069,26166300
2022-07-26,164.3658,164.4252,156.4516,157.6402,28468400
2022-07-27,161.0475,169.249,160.4829,167.9712,43846600
2022-07-28,159.532,159.9778,153.381,159.1953,73214300
2022-07-29,156.194,158.6208,153.6979,157.5907,42065400
2022-08-01,155.7582,163.6229,153.7574,158.4128,40596700
2022-08-02,156.8081,160.7008,156.511,158.6703,27374500
2022-08-03,161.1466,167.9316,160.0372,167.1986,31721900
2022-08-04,166.7034,170.5168,165.2176,168.9518,23938200
2022-08-05,165.4058,169.982,164.2271,165.5246,25832700
2022-08-08,166.4062,175.826,165.5445,168.6349,27299100
2022-08-09,167.3472,167.9217,165.0195,166.9312,18655100
2022-08-10,174.3204,178.7678,172.2997,176.6481,30262100
2022-08-11,178.0051,181.363,174.6968,175.8062,24079100
2022-08-12,179.0947,179.7385,177.2127,178.7876,21274000
2022-08-15,177.2622,179.7187,176.5094,179.1739,15878700
2022-08-16,177.7377,179.273,175.3604,177.7674,21156700
2022-08-17,175.0831,176.45,172.5177,173.1912,20118100
2022-08-18,172.6861,174.0926,170.2296,173.003,18844500
2022-08-19,168.5854,170.6853,165.4653,166.3666,26240800
2022-08-22,163.92,163.92,160.7207,161.5032,19499700
2022-08-23,160.9386,163.4842,159.1755,159.5816,18111800
2022-08-24,159.0764,163.8903,158.2543,161.7112,20891500
2022-08-25,163.613,167.2779,162.464,167.1788,15550500
2022-08-26,166.8817,169.2985,160.1363,160.2452,24023600
2022-08-29,159.1359,161.5032,157.5015,157.66,20052700
2022-08-30,158.8288,160.1263,154.4309,155.669,19567900
2022-08-31,165.4851,166.2477,160.6018,161.3843,40953000
2022-09-01,162.0281,165.7723,158.8288,163.7913,30145700
2022-09-02,165.8615,166.3369,157.7095,158.7991,22634200
2022-09-06,158.5812,160.1561,156.194,157.036,19339800
2022-09-07,156.2634,159.433,155.3224,158.8684,16831200
2022-09-08,157.2044,160.691,156.2436,160.5226,22530800
2022-09-09,161.7013,167.9316,161.4735,167.5453,22086800
2022-09-12,165.802,169.7641,165.693,167.3571,23220400
2022-09-13,160.0075,160.0967,151.2217,151.6773,44444100
2022-09-14,151.8754,152.0834,147.636,150.033,43064200
2022-09-15,148.3789,152.7371,147.2893,148.1313,34606300
2022-09-16,146.6455,147.1704,142.9211,144.9022,40122800
2022-09-19,143.8621,147.1705,143.7235,146.6158,22169500
2022-09-20,144.397,147.428,143.8423,144.7041,23217400
2022-09-21,145.0012,148.1807,140.6528,140.7717,38338600
2022-09-22,140.2071,143.2084,139.5336,141.4651,34418500
2022-09-23,140.0784,141.267,137.5724,139.078,31710700
2022-09-26,138.7907,140.8906,134.898,135.0763,30497000
2022-09-27,136.6116,138.0973,132.8476,133.125,30826500
2022-09-28,133.3429,140.6826,132.9962,140.2666,32658500
2022-09-29,138.0379,138.5134,133.9174,135.1159,38985400
2022-09-30,134.7593,139.6525,134.2145,134.3928,33166400
2022-10-03,135.839,138.2954,134.8088,137.295,27723100
2022-10-04,139.1572,141.0392,138.0181,138.9492,34670700
2022-10-05,136.9285,138.8799,133.5014,137.6615,27979300
2022-10-06,136.4135,140.1081,135.3041,137.7507,36231100
2022-10-07,135.4626,136.9781,131.1836,132.184,33214800
2022-10-10,132.283,134.8187,130.619,132.5207,24024000
2022-10-11,130.3713,131.4015,125.7853,127.3206,38481400
2022-10-12,127.1027,128.4398,125.0523,126.2904,34605200
2022-10-13,122.3581,129.8959,121.3676,129.054,34325700
2022-10-14,129.7572,130.5397,125.3197,125.5574,23559400
2022-10-17,129.0639,133.5113,128.945,132.7684,29612200
2022-10-18,135.7894,136.5323,130.1534,131.5401,25445000
2022-10-19,131.6293,135.7003,130.9657,131.9661,30691000
2022-10-20,131.6689,135.4725,130.0643,130.2822,26356300
2022-10-21,125.1117,128.8856,124.25,128.7766,46348600
2022-10-24,126.0428,132.2137,123.3882,128.4894,63563400
2022-10-25,129.6384,137.0375,129.3511,136.2055,38433200
2022-10-26,130.4307,134.264,127.3106,128.5884,82791500
2022-10-27,97.0505,101.5276,95.4657,97.0109,232316600
2022-10-28,98.6353,99.8932,96.5849,98.2589,95928300
2022-10-31,97.2882,98.3778,91.7215,92.2762,121361400
2022-11-01,93.4351,96.5651,92.6625,94.2969,110189600
2022-11-02,93.3162,94.2968,89.6216,89.6811,71821100
2022-11-03,89.2254,89.6018,87.5713,88.0665,60664000
2022-11-04,89.4929,90.523,87.2543,89.9287,55638100
2022-11-07,93.8808,95.9609,92.2168,95.8024,81987300
2022-11-08,95.01,96.8722,93.8907,95.5548,52088300
2022-11-09,100.755,103.9048,99.7843,100.5074,107677300
2022-11-10,106.1038,111.6804,103.6176,110.8087,80671000
2022-11-11,108.1938,113.81,107.7777,111.9478,59961700
2022-11-14,109.937,115.167,109.7489,113.1364,53395000
2022-11-15,114.9689,117.6135,113.3246,115.9693,50670500
2022-11-16,113.4138,114.9788,111.5912,112.1558,33287800
2022-11-17,109.3626,111.2643,108.7584,110.3927,35093800
2022-11-18,112.7204,113.2355,109.5706,110.987,33357700
2022-11-21,110.462,111.304,108.1541,108.8178,24351100
2022-11-22,108.8178,110.5611,107.2924,110.3828,29029000
2022-11-23,110.6601,111.6011,109.6795,111.1752,21343100
2022-11-25,110.2441,111.6606,109.9668,110.3531,12007600
2022-11-28,109.729,110.9771,107.3518,107.748,23309400
2022-11-29,108.5008,109.8875,107.5103,108.4216,23899200
2022-11-30,108.4711,117.039,108.3423,116.9796,43348600
2022-12-01,118.0692,120.0502,117.2768,119.2974,36551400
2022-12-02,116.7122,122.8633,116.4943,122.3185,39950500
2022-12-05,120.595,123.4873,120.1988,121.2685,35474900
2022-12-06,118.7724,119.4064,112.661,113.0374,43689200
2022-12-07,112.6808,114.7807,111.8091,112.8492,29461100
2022-12-08,115.2858,116.2268,113.5029,114.2359,30619400
2022-12-09,114.2062,116.4249,112.7897,114.8005,26033400
2022-12-12,114.0873,114.6222,112.0667,113.6218,24747100
2022-12-13,120.9714,122.1303,117.5145,119.0102,44701100
2022-12-14,118.2574,122.9623,118.2574,120.4365,36922000
2022-12-15,117.2074,117.5046,112.9284,115.0481,34531000
2022-12-16,119.0894,122.1402,117.6928,118.297,67064000
2022-12-19,115.7216,116.6824,113.2454,113.3939,29769900
2022-12-20,112.1855,116.2169,111.3931,115.9792,28742500
2022-12-21,115.5929,119.1984,114.5231,118.6239,20392800
2022-12-22,116.0881,117.4947,113.2949,116.0089,23618100
2022-12-23,114.9292,117.0588,114.4439,116.9202,17796600
2022-12-27,116.8112,117.4748,114.949,115.7712,21392300
2022-12-28,115.1471,117.0291,114.4142,114.5231,19612500
2022-12-29,115.2957,119.8818,114.6717,119.1191,22366200
2022-12-30,117.039,119.2776,116.623,119.1983,19583800
2023-01-03,121.6548,125.1711,121.1199,123.5566,35528500
2023-01-04,126.1716,127.8257,124.6561,126.1617,32397100
2023-01-05,124.9334,127.3008,123.3585,125.7357,25447100
2023-01-06,127.7465,129.0936,124.8443,128.7865,27584500
2023-01-09,129.9157,131.6887,128.0535,128.2417,26649100
2023-01-10,126.0626,132.1741,125.9438,131.7284,28684400
2023-01-11,129.7176,132.5802,129.1035,131.6293,25423000
2023-01-12,132.1741,136.3738,130.51,135.4131,30757700
2023-01-13,133.6896,136.0866,133.5608,135.6805,22423800
2023-01-17,134.8881,135.4527,132.9764,134.0759,21147600
2023-01-18,134.5216,135.948,131.5402,131.7581,20215500
2023-01-19,131.2331,136.146,130.8864,134.8584,28625200
2023-01-20,134.6008,138.6124,133.333,138.0478,28688600
2023-01-23,137.9686,142.3962,137.3446,141.9108,27470100
2023-01-24,140.3458,143.6244,140.0189,141.782,21970200
2023-01-25,139.8803,141.8118,138.9789,140.1576,26622000
2023-01-26,143.0301,146.1106,141.9405,145.9026,25482100
2023-01-27,146.8337,151.7367,145.9918,150.3005,35771900
2023-01-30,147.9926,149.6864,145.5559,145.6649,28040100
2023-01-31,146.5464,148.4581,146.1205,147.5568,29842100
2023-02-01,146.6256,152.123,145.6648,151.6673,55661000
2023-02-02,181.6403,195.2896,178.4509,186.9792,150475700
2023-02-03,181.7295,194.9033,181.155,184.7604,76809700
2023-02-06,184.7604,188.8909,183.76,184.2949,42483800
2023-02-07,183.8194,191.9416,182.6506,189.8021,47080700
2023-02-08,188.1975,189.0196,181.1847,181.6898,36139100
2023-02-09,184.3642,184.8793,175.5883,176.2321,37118800
2023-02-10,174.677,177.1929,171.7055,172.4979,33433600
2023-02-13,176.5293,179.2829,174.152,177.7278,31463200
2023-02-14,175.4793,179.788,174.2115,177.7773,24034600
2023-02-15,174.7463,176.4995,173.6667,175.4793,25308900
2023-02-16,171.1112,174.1818,170.1603,170.8041,25827500
2023-02-17,168.6051,171.5371,168.0901,171.2399,24171300
2023-02-21,172.6564,176.4797,170.2494,170.4475,34592600
2023-02-22,169.4471,171.121,168.0802,169.4966,22433200
2023-02-23,170.3683,172.0422,167.7731,170.4079,20017800
2023-02-24,167.0401,169.1004,166.0694,168.7735,19791300
2023-02-27,170.2494,171.4776,167.4562,167.9316,19277000
2023-02-28,170.2692,175.8656,170.2395,173.2804,46051100
2023-03-01,172.9337,176.1628,171.4083,171.7748,30998400
2023-03-02,170.7447,173.3497,169.8037,172.8743,17352000
2023-03-03,177.2226,184.8496,175.3704,183.4926,45877700
2023-03-06,186.2165,187.8607,182.8884,183.1459,33209400
2023-03-07,187.207,188.5541,182.2643,182.7596,36701500
2023-03-08,181.1351,183.5025,179.6197,183.2152,19432400
2023-03-09,184.5821,187.1376,178.5895,179.9663,26582800
2023-03-10,179.2928,183.0171,177.1038,177.807,25665000
2023-03-13,176.2717,182.0365,173.1615,179.1838,24728000
2023-03-14,185.8005,192.4765,184.7901,192.1794,41642600
2023-03-15,191.1195,195.9037,189.0295,195.874,42123600
2023-03-16,196.3791,203.808,194.2297,202.9858,50447100
2023-03-17,198.6573,199.9846,193.576,193.7543,50141100
2023-03-20,196.5971,197.4687,191.803,195.9334,25186300
2023-03-21,201.2723,201.619,196.0721,200.2421,31827000
2023-03-22,200.5789,205.4027,197.7758,197.9144,28477800
2023-03-23,200.9157,205.9079,200.2322,202.342,27389700
2023-03-24,203.2335,205.6107,201.6189,204.0556,27716400
2023-03-27,202.867,203.907,199.4497,200.9157,18527200
2023-03-28,198.2512,199.1229,196.0226,198.7762,19127300
2023-03-29,201.6289,203.7684,200.6185,203.4019,18851100
2023-03-30,201.4506,206.1159,200.8959,205.8683,22608300
2023-03-31,205.274,210.1572,204.8084,209.9294,25440300
2023-04-03,206.8588,211.4647,206.2248,211.0486,17924600
2023-04-04,211.3656,214.1886,210.5237,212.683,21026400
2023-04-05,212.1184,213.1485,207.9483,209.4737,19396600
2023-04-06,207.2649,214.8819,206.6706,214.0499,26104400
2023-04-10,212.6731,213.6141,208.6615,212.7127,16106100
2023-04-11,213.4358,213.9707,211.3854,211.8212,16710100
2023-04-12,212.8018,214.7829,210.5633,211.9698,18972200
2023-04-13,213.6834,219.052,213.6438,218.2596,23310400
2023-04-14,215.813,220.0029,215.4861,219.3887,21591200
2023-04-17,217.7049,218.8836,215.0701,216.7837,15481900
2023-04-18,217.8237,218.3487,214.1589,215.8229,12281000
2023-04-19,211.4448,215.2682,210.91,213.6537,15898100
2023-04-20,211.4547,214.6937,210.7515,211.0486,16475400
2023-04-21,208.2158,211.3854,207.5917,210.8703,17717200
2023-04-24,211.6529,211.8906,208.711,210.7713,15750900
2023-04-25,208.82,209.2558,205.165,205.581,19198200
2023-04-26,210.484,212.0788,206.8984,207.4134,41992700
2023-04-27,237.6142,239.3971,234.5238,236.2968,71196500
2023-04-28,236.7425,238.149,233.5134,238.0401,39554000
2023-05-01,236.3562,241.6852,234.2168,240.873,29143900
2023-05-02,240.873,242.5965,236.7227,236.9704,24350100
2023-05-03,237.1982,239.4565,230.5419,234.7813,34463900
2023-05-04,233.8206,235.9403,230.7202,231.3047,17889400
2023-05-05,230.0368,232.4536,227.6695,230.5717,27000500
2023-05-08,229.2245,233.3847,228.0855,231.057,16400500
2023-05-09,229.2642,233.6422,228.8878,231.1561,16865600
2023-05-10,233.9295,234.504,228.5312,230.8688,19119000
2023-05-11,230.8391,235.9502,230.0962,233.5531,20449000
2023-05-12,234.4941,234.712,229.2543,231.5919,16161400
2023-05-15,234.6724,237.9807,233.0975,236.594,20653200
2023-05-16,233.5531,237.3666,233.2857,236.5544,18163800
2023-05-17,236.1879,241.5267,235.8808,240.1896,21193100
2023-05-18,239.0108,244.7459,238.9019,244.5082,22943300
2023-05-19,245.1223,246.3307,241.1008,243.3097,21733600
2023-05-22,243.0819,251.1644,242.7946,245.9642,27738500
2023-05-23,244.4685,249.223,244.3101,244.3992,17748100
2023-05-24,242.9531,247.2222,242.6262,246.8458,17724300
2023-05-25,250.996,253.195,246.8062,250.2928,22371400
2023-05-26,250.5305,259.8215,250.3126,259.5541,25727200
2023-05-30,262.7337,266.1014,258.8112,260.0295,23816500
2023-05-31,257.5335,262.4861,255.9982,262.2087,25473700
2023-06-01,263.3774,271.4006,263.3675,270.0237,25609500
2023-06-02,270.0733,272.7378,268.5479,270.0237,19416900
2023-06-05,267.7357,272.9557,267.0027,268.8154,20742900
2023-06-06,267.5772,273.9462,267.1315,268.5479,19419000
2023-06-07,269.0928,271.6483,260.3069,261.0993,26163600
2023-06-08,258.1476,265.1109,256.4241,262.07,20899400
2023-06-09,259.99,265.4081,259.2174,262.4365,16949800
2023-06-12,264.6354,269.1719,262.8128,268.4785,15442500
2023-06-13,272.2723,273.1043,266.5372,268.746,16164000
2023-06-14,269.3107,272.3812,265.7745,270.7568,19175100
2023-06-15,269.7167,281.2958,268.8451,279.1563,25973500
2023-06-16,282.0486,285.1192,277.4724,278.3341,43127700
2023-06-20,276.0858,282.0982,273.5996,281.6326,20701600
2023-06-21,280.8402,281.3057,275.7192,278.9681,20556200
2023-06-22,276.4324,282.5538,275.1546,282.1774,17563100
2023-06-23,278.8393,286.9219,276.3036,285.9908,51092000
2023-06-26,285.9612,287.0408,274.9665,275.8282,24232700
2023-06-27,279.3346,286.605,277.9875,284.3268,26108300
2023-06-28,282.118,286.8031,281.3652,282.5835,16722100
2023-06-29,281.801,283.8513,278.0271,278.8591,15395700
2023-06-30,282.0585,286.3078,281.7217,284.2574,19694900
2023-07-03,283.9801,286.6544,282.1476,283.3065,8629300
2023-07-05,284.9211,295.2918,283.6433,291.5773,33865500
2023-07-06,293.0829,295.2918,288.5464,289.2199,47600500
2023-07-07,289.4081,293.39,285.9215,287.7738,25586000
2023-07-10,292.7462,295.3017,284.3268,291.3099,37058300
2023-07-11,291.1118,297.3323,289.1308,295.4602,27585900
2023-07-12,298.8874,306.5144,297.2531,306.4054,36677100
2023-07-13,310.6448,313.2399,307.3464,310.4368,30281000
2023-07-14,308.8321,311.8928,304.4441,305.9398,23054100
2023-07-17,304.6225,308.7529,301.8193,307.6732,25323100
2023-07-18,307.9307,311.2193,304.7017,309.0896,20731900
2023-07-19,310.0604,315.6568,307.5742,313.0121,21763700
2023-07-20,310.5258,312.5465,299.3529,299.65,23836900
2023-07-21,301.6806,302.5622,288.4375,291.4684,42139300
2023-07-24,292.974,294.6975,285.5649,288.8435,24915700
2023-07-25,292.3896,295.4701,289.0912,291.6764,19585600
2023-07-26,298.3327,298.9072,289.1308,295.7375,47256900
2023-07-27,322.0357,322.2635,306.9006,308.7529,64229200
2023-07-28,313.8738,323.1054,311.2687,322.3922,39220300
2023-07-31,320.6192,322.5705,314.5771,315.5775,25799600
2023-08-01,314.5275,321.0649,311.6748,319.6485,22817900
2023-08-02,314.9832,315.3696,307.703,311.3282,20461100
2023-08-03,306.9898,312.9527,306.9898,310.2188,15180200
2023-08-04,311.972,315.3893,307.2572,307.7822,17612800
2023-08-07,310.2585,314.0621,307.5147,313.5569,16236500
2023-08-08,311.4174,314.8743,307.168,309.6741,15183500
2023-08-09,309.9117,310.6546,299.9769,302.3145,19955800
2023-08-10,305.0187,309.3769,300.9873,302.8395,14358900
2023-08-11,299.6996,301.8291,297.5105,298.7784,14046300
2023-08-14,298.1247,303.305,295.4205,303.2852,15641900
2023-08-15,303.2357,304.3154,297.1837,299.0854,11623600
2023-08-16,297.352,298.2237,291.4882,291.4981,18547700
2023-08-17,290.2699,293.2415,282.2468,282.3854,23950100
2023-08-18,276.3829,282.9797,271.777,280.5628,35347900
2023-08-21,280.761,287.7441,279.1762,287.1498,20181500
2023-08-22,289.7746,290.1213,284.0296,284.8716,12980200
2023-08-23,285.763,294.5786,284.9409,291.4486,18287000
2023-08-24,295.6682,296.6191,283.9207,284.0297,18360900
2023-08-25,283.4155,285.6541,273.4113,282.7915,23701400
2023-08-28,285.2678,288.6851,283.0887,287.5064,14239300
2023-08-29,285.8422,296.312,285.446,295.163,20844500
2023-08-30,294.3508,295.4602,290.6463,292.3004,17717000
2023-08-31,292.9938,298.2435,292.8551,293.0829,17229900
2023-09-01,296.5299,298.8774,291.6764,293.5683,12842300
2023-09-05,294.2023,298.5308,292.7066,297.3026,14956000
2023-09-06,298.8477,300.4226,292.8551,296.3318,15418100
2023-09-07,295.173,304.1371,289.4478,295.8366,33748700
2023-09-08,296.3814,302.3542,293.9645,295.064,17548000
2023-09-11,298.5506,306.1082,298.4218,304.6422,19489300
2023-09-12,303.4239,305.7318,297.3818,298.7982,13480400
2023-09-13,299.4915,304.2658,298.4614,302.1659,13210900
2023-09-14,303.83,309.9019,302.1363,308.7628,19343100
2023-09-15,308.6538,309.0401,295.9158,297.461,28131100
2023-09-18,295.3611,300.7198,294.9748,299.6797,14234200
2023-09-19,299.6104,303.2654,296.9657,302.1758,15924400
2023-09-20,302.1561,305.1375,296.5894,296.8271,19379500
2023-09-21,292.8947,297.4115,290.4878,292.9244,21319600
2023-09-22,296.4606,302.4829,295.4404,296.2427,25369600
2023-09-25,292.8354,298.095,290.9138,297.9761,18987000
2023-09-26,294.8361,297.4511,293.2018,296.1238,19417200
2023-09-27,297.5997,298.4416,284.0693,294.9154,36429800
2023-09-28,296.104,303.4239,293.8853,301.0764,22167100
2023-09-29,304.4639,307.693,296.52,297.3619,25373700
2023-10-02,299.8679,304.2658,298.7685,303.9092,16265600
2023-10-03,301.3736,303.8597,296.7974,298.0851,17362300
2023-10-04,295.896,303.9885,295.6682,302.681,16880500
2023-10-05,301.74,303.305,296.6587,301.8985,19130000
2023-10-06,298.5803,313.3092,298.0553,312.4375,21803900
2023-10-09,309.5354,317.2911,308.8618,315.3398,22503700
2023-10-10,316.0926,321.58,315.1417,318.7868,19038000
2023-10-11,319.9457,325.7204,319.8863,324.7101,22036300
2023-10-12,324.8883,327.4042,319.6287,321.0847,20530500
2023-10-13,320.4607,321.9663,309.4066,311.7046,21341000
2023-10-16,315.6172,318.767,312.5267,318.1033,16536100
2023-10-17,315.1615,321.3225,314.2898,320.9263,16387800
2023-10-18,318.341,322.8479,312.5663,313.963,16851000
2023-10-19,316.8454,318.8363,308.7925,309.8425,18709200
2023-10-20,311.1598,312.3088,303.5626,305.7219,22312300
2023-10-23,306.5638,314.3493,304.3451,311.0311,17796800
2023-10-24,313.7747,315.3298,307.6831,309.5848,19525500
2023-10-25,307.0591,307.9307,296.005,296.6884,42192500
2023-10-26,292.2014,292.2014,276.7494,285.6145,66684100
2023-10-27,291.6863,296.4705,290.1906,293.915,29596300
2023-10-30,296.2526,306.4648,296.213,299.7887,28435100
2023-10-31,300.4326,300.799,294.0437,298.4119,19434200
2023-11-01,298.9864,309.7731,298.9864,308.8915,20434600
2023-11-02,314.2898,315.7954,305.4049,307.9208,21631800
2023-11-03,309.5849,312.5564,308.0694,311.6155,16764300
2023-11-06,312.9824,315.3101,311.4669,312.8041,12887700
2023-11-07,314.052,317.9547,312.1304,315.7953,14055600
2023-11-08,315.1219,318.2816,311.8928,316.7463,13609700
2023-11-09,316.3897,321.1045,315.7755,317.5089,16103100
2023-11-10,316.9048,325.9779,316.4293,325.651,19096200
2023-11-13,323.1054,329.1772,322.6102,326.067,16908900
2023-11-14,331.3662,334.8925,330.1677,333.1194,17179400
2023-11-15,334.7241,335.1896,326.8891,329.5536,14531200
2023-11-16,326.2453,331.4058,323.2836,331.0195,18932600
2023-11-17,327.1269,332.3172,326.2255,331.8616,14494400
2023-11-20,331.713,338.6268,331.0196,336.7448,16960500
2023-11-21,335.1204,336.6755,332.7135,333.7832,12027900
2023-11-22,335.992,339.6668,335.3679,338.2503,10702700
2023-11-24,336.9032,338.6168,333.5751,335.0212,5467500
2023-11-27,332.9907,336.6754,331.0295,331.5248,15684500
2023-11-28,330.2371,336.1604,330.2371,335.774,12637200
2023-11-29,336.4674,336.6754,327.6419,329.0484,16024500
2023-11-30,328.7415,330.3362,319.3415,324.0464,23146400
2023-12-01,322.3923,323.7592,317.717,321.7385,15276400
2023-12-04,314.28,317.8161,310.6844,316.9841,19037100
2023-12-05,315.9539,318.8264,312.3979,315.2704,16952100
2023-12-06,318.8759,319.1929,314.0323,314.4384,11294300
2023-12-07,314.7554,325.126,314.7554,323.4917,15905100
2023-12-08,320.0249,330.0093,319.9357,329.5932,14087400
2023-12-11,326.275,326.7604,316.9642,322.1941,25802500
2023-12-12,321.5206,331.2969,321.4809,331.0493,18485500
2023-12-13,330.762,335.1599,329.4843,331.5644,16353300
2023-12-14,330.6829,331.5248,325.5223,330.0093,19607300
2023-12-15,328.8405,335.4472,328.0778,331.7427,31776900
2023-12-18,334.2784,344.2628,333.8227,341.3506,18993900
2023-12-19,342.3016,350.2455,341.8459,347.0362,17729400
2023-12-20,345.3424,351.5926,344.4906,345.9665,16369900
2023-12-21,349.6313,353.0288,345.8971,350.7308,15289600
2023-12-22,352.2067,353.8114,347.8881,350.0375,11772800
2023-12-26,351.6222,353.5934,350.0969,351.4637,9898600
2023-12-27,352.692,355.5942,351.9392,354.4353,13207900
2023-12-28,356.2876,358.4667,354.4155,354.9207,11798800
2023-12-29,355.5843,356.5848,348.4824,350.6021,14987100
2024-01-02,347.9871,349.8096,336.7844,343.0048,19042200
2024-01-03,341.7072,344.6491,339.9243,341.2021,15451100
2024-01-04,341.2318,344.8471,340.1422,343.8269,12099900
2024-01-05,343.6982,350.1465,342.9752,348.6112,13920700
2024-01-08,351.335,355.5744,348.7101,355.2574,13890200
2024-01-09,353.0189,357.2187,351.9887,354.0391,13463900
2024-01-10,356.7531,369.402,355.6735,366.9554,22117200
2024-01-11,368.5997,369.2435,359.487,366.1631,17205400
2024-01-12,366.6483,373.4828,366.0342,370.9372,19310000
2024-01-16,370.1052,372.0466,363.7461,363.9739,15306900
2024-01-17,362.825,365.0438,355.2079,364.8754,12724800
2024-01-18,367.9657,373.2749,367.4309,372.5617,16354300
2024-01-19,375.4045,380.7136,374.3843,379.8123,21670800
2024-01-22,384.2696,386.6468,377.544,378.1581,17680500
2024-01-23,380.9712,384.6955,378.4553,381.5457,15506100
2024-01-24,386.3001,392.3918,384.1309,386.9935,15698500
2024-01-25,386.4686,391.7381,382.0013,389.45,15091100
2024-01-26,390.6088,393.0257,387.875,390.4008,13163700
2024-01-29,391.2428,399.1075,389.3707,397.2156,18742400
2024-01-30,399.7612,402.5049,395.7793,396.2647,18614700
2024-01-31,385.3096,394.2242,383.4276,386.4388,20180800
2024-02-01,390.2027,396.7005,389.3211,391.0347,29727100
2024-02-02,455.2398,481.3498,448.7124,470.4838,84707600
2024-02-05,465.4223,467.4232,454.8635,455.0517,40832400
2024-02-06,459.5981,462.6885,448.7024,450.4061,21655200
2024-02-07,453.655,467.0468,451.8523,465.1351,23066000
2024-02-08,463.8771,466.1256,460.6183,465.5412,18815100
2024-02-09,468.4632,469.0971,463.0352,463.6691,18413100
2024-02-12,463.7483,474.6044,462.1536,464.4516,19382000
2024-02-13,452.5358,463.4513,450.7727,455.7549,20916600
2024-02-14,463.4909,469.6122,461.6683,468.7901,16858400
2024-02-15,470.7711,483.9846,467.7402,479.4381,24212300
2024-02-16,473.5742,474.4162,464.7587,468.8297,23324600
2024-02-20,465.2638,471.6625,462.1338,467.2746,18015500
2024-02-21,462.5647,465.0436,457.8944,464.0818,12921800
2024-02-22,476.1888,485.8565,472.044,482.0291,21625800
2024-02-23,483.9329,490.1897,478.281,479.9468,18374300
2024-02-26,479.3915,482.039,476.5457,477.6761,12101400
2024-02-27,475.9309,483.1594,475.8715,482.9413,10809600
2024-02-28,480.9086,486.9075,478.6776,479.9368,12715500
2024-02-29,484.3196,487.5521,478.5387,485.9953,17732000
2024-03-01,487.9586,499.9962,487.7008,498.0627,16273600
2024-03-04,498.7567,500.1648,492.2322,493.9873,12324100
2024-03-05,490.8243,491.3994,483.7743,486.0846,15325300
2024-03-06,493.432,498.727,490.1202,491.905,11757900
2024-03-07,499.0344,515.4646,497.1504,507.8692,18586400
2024-03-08,509.8523,519.1531,495.1375,501.6818,18597100
2024-03-11,492.8173,493.1247,471.9845,479.5105,20428300
2024-03-12,489.099,498.0726,480.6409,495.5342,15448200
2024-03-13,491.211,496.7538,486.8878,491.3895,12090700
2024-03-14,496.0399,497.1207,484.0419,487.681,12620000
2024-03-15,484.8848,487.681,477.2398,480.0162,29153600
2024-03-18,487.7603,493.2238,482.7033,492.7875,11755300
2024-03-19,484.0519,492.4405,477.22,492.0538,10903100
2024-03-20,495.2863,503.9129,490.9928,501.2555,11711100
2024-03-21,510.368,510.6951,501.7414,503.4766,9712500
2024-03-22,502.723,505.6679,500.0854,505.2812,8120600
2024-03-25,501.5232,502.9412,496.02,498.7766,8380600
2024-03-26,500.8688,505.6977,491.0324,491.7067,11205400
2024-03-27,495.088,495.673,483.9527,489.6939,9989700
2024-03-28,488.6825,488.7321,481.0574,481.4837,15212800
2024-04-01,483.0901,493.2337,477.7158,487.205,9247000
2024-04-02,481.0077,493.3329,480.5615,493.1742,11081000
2024-04-03,494.7211,502.961,494.5426,502.4652,12099200
2024-04-04,512.0635,525.529,506.2728,506.61,26476300
2024-04-05,512.4998,526.2231,510.0705,522.8915,19263300
2024-04-08,524.8151,527.0064,514.5127,514.8697,13260600
2024-04-09,517.8244,521.4337,502.4651,512.5394,10863800
2024-04-10,504.9937,518.1518,501.5331,515.4448,11418500
2024-04-11,516.714,519.4408,512.9262,518.7467,10369500
2024-04-12,513.3824,515.8018,505.0334,507.5817,11984500
2024-04-15,512.361,514.1558,493.085,496.0101,13512900
2024-04-16,493.908,500.5118,492.9164,495.5441,9847900
2024-04-17,498.8559,498.9154,483.0306,490.0013,12193700
2024-04-18,495.6036,507.8891,494.8302,497.5669,14808700
2024-04-19,498.5584,498.5584,471.7168,477.0117,25215400
2024-04-22,485.5887,487.8594,469.4064,477.6661,17271100
2024-04-23,487.1059,494.5525,484.8451,491.9149,15079200
2024-04-24,503.7741,505.6977,480.4921,489.3369,37772700
2024-04-25,417.8451,442.0095,411.0033,437.6566,82890700
2024-04-26,437.7358,442.6738,428.316,439.5504,32691400
2024-04-29,435.8519,436.0502,424.9447,428.9704,21502600
2024-04-30,427.4137,435.9114,426.0949,426.5411,18429500
2024-05-01,424.9844,446.1641,423.5069,435.485,20344900
2024-05-02,435.138,440.2148,428.6333,437.954,15221300
2024-05-03,442.1682,450.3387,440.1058,448.1473,16489100
2024-05-06,451.7368,462.2275,449.5157,461.7516,15094600
2024-05-07,462.3564,467.5522,457.4184,464.29,13406800
2024-05-08,459.59,471.568,459.0942,468.6132,11683900
2024-05-09,466.0351,472.0638,463.6851,471.4094,9437700
2024-05-10,473.0653,473.4719,465.6385,472.1829,10750000
2024-05-13,468.7619,469.3568,458.9454,464.0619,14668800
2024-05-14,459.461,468.5537,456.1988,467.8695,10478600
2024-05-15,470.9731,478.4296,467.225,477.4778,13100500
2024-05-16,470.9929,473.6602,468.7619,469.2379,16608200
2024-05-17,466.8581,468.8115,464.4685,467.929,10807300
2024-05-20,465.9856,469.2082,463.1001,464.8849,11745100
2024-05-21,463.1794,466.7293,458.3703,460.7104,11742200
2024-05-22,463.9231,469.7238,461.7218,463.8339,10078600
2024-05-23,468.8908,470.3583,457.6465,461.8507,11747900
2024-05-24,463.6752,475.8021,462.3664,474.1858,12024300
2024-05-28,472.5596,476.8035,470.8343,475.8714,10175800
2024-05-29,470.6558,475.802,469.7039,470.3583,9226200
2024-05-30,467.6911,467.7506,460.7898,463.11,10719600
2024-05-31,461.8706,465.1626,450.6263,462.8919,16919800
2024-06-03,466.8879,475.5542,464.29,473.462,11279400
2024-06-04,472.9761,474.8502,469.2379,472.9662,7088700
2024-06-05,480.3632,492.4603,479.8278,490.8837,15690500
2024-06-06,488.8213,498.5783,486.7489,489.5947,10667300
2024-06-07,491.7266,494.7013,486.035,488.8015,9380700
2024-06-10,489.6938,498.4196,489.2476,498.3601,11220900
2024-06-11,495.9407,503.3179,494.0666,503.189,9673700
2024-06-12,509.6541,509.6739,500.2144,504.5475,11983200
2024-06-13,501.4439,505.0631,497.1306,499.8475,9954600
2024-06-14,498.9045,503.371,497.0187,500.4033,10243300
2024-06-17,497.9319,506.9442,492.3141,502.8549,11266600
2024-06-18,500.8003,502.2296,491.3314,495.7681,13060400
2024-06-20,498.2594,499.917,493.0684,497.9617,11801200
2024-06-21,499.6986,499.6986,488.721,491.0932,22359200
2024-06-24,495.4803,504.0162,490.6068,495.1924,13525300
2024-06-25,493.3462,506.9045,491.8078,506.7953,12063200
2024-06-26,502.8747,509.9814,500.9194,509.2965,8882300
2024-06-27,510.418,518.9837,510.0707,515.6885,10121200
2024-06-28,513.2966,517.9913,500.0857,500.4629,15855100
2024-07-01,501.1875,502.8053,489.4952,500.9195,10328200
2024-07-02,497.0287,506.6961,495.7285,505.7036,7739500
2024-07-03,502.5968,507.4702,502.2494,506.1601,6005600
2024-07-05,507.7878,536.8397,507.7878,535.8868,21354100
2024-07-08,538.3087,538.7653,522.7258,525.3759,14917500
2024-07-09,529.7728,533.475,524.2542,526.0507,8753200
2024-07-10,526.8348,534.8645,524.4229,530.7057,10983300
2024-07-11,526.9341,531.4701,504.5819,508.8796,16458300
2024-07-12,494.051,504.304,490.5473,495.1527,19750500
2024-07-15,494.9145,502.9045,489.6937,492.4629,12539200
2024-07-16,497.7631,500.1949,482.1702,486.1404,14075800
2024-07-17,475.5996,475.5996,455.6989,458.5475,28076600
2024-07-18,471.4606,475.669,461.0786,472.3043,19267200
2024-07-19,472.5127,483.0833,472.1653,473.2372,15149400
2024-07-22,482.9543,488.3935,480.2943,483.7682,12023100
2024-07-23,486.19,491.5299,484.0858,485.0486,9455500
2024-07-24,468.7906,472.7509,457.148,457.8329,17649700
2024-07-25,459.8081,460.0959,439.3516,450.0315,18240500
2024-07-26,460.7411,466.2695,455.9967,462.2299,14222400
2024-07-29,466.3787,470.4283,461.5549,462.2398,11339600
2024-07-30,463.5202,469.2075,453.297,459.7386,11390400
2024-07-31,467.5103,472.9494,463.2721,471.2919,24285800
2024-08-01,517.1178,523.2418,488.4332,494.0311,43083100
2024-08-02,485.3563,497.4158,472.602,484.5027,24044700
2024-08-05,447.9868,479.8774,447.4409,472.1852,21396200
2024-08-06,475.4308,498.8152,475.0834,490.4083,20955000
2024-08-07,499.3809,506.3486,483.2321,485.2768,20105300
2024-08-08,493.793,506.1601,491.0337,505.8326,16156800
2024-08-09,503.9268,514.4776,501.9318,513.9119,13696600
2024-08-12,513.0087,514.1601,505.3065,512.1055,9767400
2024-08-13,516.1352,527.5396,514.2891,524.6016,13743800
2024-08-14,524.1253,530.0211,519.2321,522.835,11444200
2024-08-15,527.8274,535.7479,522.7753,533.3261,13482100
2024-08-16,527.9366,529.6835,520.7505,523.49,14776700
2024-08-19,522.944,527.6983,518.8647,525.3361,9879700
2024-08-20,524.4129,527.1325,521.9614,522.805,7944400
2024-08-21,523.222,535.3807,523.0036,531.1722,13423300
2024-08-22,532.9985,540.1746,524.6512,527.9663,15708300
2024-08-23,532.9191,535.8472,521.1475,524.0656,11323900
2024-08-26,523.6686,524.0656,511.1129,517.2369,9584000
2024-08-27,515.113,520.1055,511.4703,515.2321,6282700
2024-08-28,513.8126,517.2072,508.6316,512.9293,9106100
2024-08-29,515.1824,523.2716,511.8375,514.3585,8317400
2024-08-30,517.4652,519.6389,511.3611,517.4255,9157500
2024-09-03,515.7679,521.5743,504.83,507.9467,12459100
2024-09-04,502.2991,512.7407,500.314,508.9193,8335200
2024-09-05,507.907,517.7431,507.3412,513.0087,8640900
2024-09-06,517.9912,520.6711,494.5373,496.5422,14744500
2024-09-09,502.3884,507.5199,498.3388,501.0287,11047800
2024-09-10,504.3735,510.3487,496.3041,501.0287,9899000
2024-09-11,503.2321,509.2965,491.9071,508.0161,10782500
2024-09-12,513.1973,522.7853,511.3809,521.6835,11970500
2024-09-13,516.4629,523.6489,513.2569,520.7109,10321400
2024-09-16,521.1281,530.626,514.0346,529.8113,9527600
2024-09-17,534.1032,538.574,527.119,532.8316,11690800
2024-09-18,533.5766,540.6603,530.4273,534.4509,10323500
2024-09-19,546.4225,558.414,542.9652,555.4633,15647000
2024-09-20,556.3575,560.8283,552.6816,557.6987,22066800
2024-09-23,565.7956,570.2464,558.7517,560.7386,12830700
2024-09-24,562.994,564.057,550.5852,559.6658,12993000
2024-09-25,560.3811,573.1277,560.0532,564.6134,16543400
2024-09-26,571.985,573.6442,558.692,564.1464,14400800
2024-09-27,566.3917,567.127,560.8381,563.6696,9398400
2024-09-30,564.0074,570.942,561.1262,568.7166,12792300
2024-10-01,574.2205,579.2475,566.3917,572.7203,15259300
2024-10-02,571.1208,572.2534,565.6368,569.0842,6524700
2024-10-03,566.4415,579.5655,565.0307,578.9794,11581000
2024-10-04,579.9331,592.9678,577.6481,592.0637,14169500
2024-10-07,594.3288,599.0281,580.2411,580.9763,12014200
2024-10-08,585.8543,589.6991,582.1584,589.0334,7857400
2024-10-09,590.1263,590.5237,577.8268,586.6689,9529700
2024-10-10,583.7482,586.3909,578.7311,580.0325,7740400
2024-10-11,581.026,587.3645,578.9198,586.1127,8587100
2024-10-14,590.3549,596.1966,586.1226,586.5796,8252000
2024-10-15,586.3213,586.7683,576.3665,582.4566,9564200
2024-10-16,577.6183,578.2938,570.2962,573.0382,11268400
2024-10-17,579.5356,581.1649,571.4585,573.1772,8701200
2024-10-18,577.3202,580.1715,571.5082,572.7203,7694300
2024-10-21,572.2833,573.4854,565.4082,571.4189,8171900
2024-10-22,570.5545,579.7344,568.3986,578.2243,8544500
2024-10-23,576.1976,581.1949,558.8413,560.0236,14248400
2024-10-24,563.4411,565.1797,557.8676,564.0869,7184700
2024-10-25,570.1969,577.509,568.0012,569.5213,11337900
2024-10-28,578.2145,579.9531,570.3857,574.3994,10925100
2024-10-29,576.3764,589.8084,571.6573,589.421,13019100
2024-10-30,597.0708,597.2894,585.5463,587.9506,26864900
2024-10-31,581.1949,586.0631,559.348,563.8882,26838400
2024-11-01,563.9179,569.9385,558.9008,563.4708,15303200
2024-11-04,560.4308,564.991,554.2613,557.0331,12064600
2024-11-05,563.6099,569.7497,562.984,568.7065,9775400
2024-11-06,559.0896,569.2729,551.5589,568.3291,18305400
2024-11-07,573.1377,590.9311,571.4686,587.8513,14653700
2024-11-08,587.6923,589.2421,580.718,585.5067,9415700
2024-11-11,582.546,583.1818,572.7601,579.3767,10209100
2024-11-12,584.7118,595.7594,576.6049,581.016,16287700
2024-11-13,578.8204,581.8307,571.4288,576.2274,10757600
2024-11-14,573.2469,576.9824,569.2829,573.4058,11053700
2024-11-15,567.5045,568.8458,547.9128,550.4761,17712900
2024-11-18,553.4167,556.2581,546.5119,550.7939,14327300
2024-11-19,548.2704,557.7781,547.0186,557.4404,9522400
2024-11-20,559.2684,562.6662,550.5952,561.8416,9797300
2024-11-21,565.8156,566.2925,545.4787,559.4274,11154700
2024-11-22,559.8844,560.1626,550.9827,555.5031,9164000
2024-11-25,558.4437,568.8655,552.7709,561.4341,13599800
2024-11-26,562.3185,573.7437,561.5237,569.8094,10356600
2024-11-27,571.1505,571.2399,560.4306,565.4975,7200200
2024-11-29,565.2989,574.6974,563.2126,570.5844,7130500
2024-12-02,573.7436,590.6331,571.8262,588.9739,12522400
2024-12-03,591.1298,610.2049,587.4042,609.6585,14907200
2024-12-04,608.973,613.7617,601.1641,609.7877,14697000
2024-12-05,613.0663,615.8679,603.1015,604.9692,8081200
2024-12-06,606.1316,625.6935,604.5718,619.7127,16935500
2024-12-09,619.8616,622.3255,602.2271,609.579,11426000
2024-12-10,613.5431,621.5209,608.7545,615.2917,10938900
2024-12-11,619.3154,634.2476,617.4874,628.5648,10837200
2024-12-12,627.3925,632.5189,623.1304,626.6871,7474700
2024-12-13,623.1403,626.9753,612.8775,616.315,8453300
2024-12-16,626.3871,627.5505,615.0522,620.6799,10885600
2024-12-17,622.5988,628.7635,613.0237,615.9072,12897800
2024-12-18,617.4584,623.7821,592.9191,593.7842,17075500
2024-12-19,606.9089,608.0324,591.6066,592.1734,14958100
2024-12-20,587.2118,599.6703,576.6921,581.9122,48989400
2024-12-23,586.2375,597.662,582.9066,596.429,10205800
2024-12-24,599.2826,604.5226,595.8623,604.2839,4726100
2024-12-26,602.0269,602.8422,595.5242,599.909,6081400
2024-12-27,595.9915,598.4176,586.4363,596.3892,8084200
2024-12-30,585.3923,593.5355,582.2403,587.868,7025900
2024-12-31,588.8922,590.5825,580.5202,582.1708,6019500
2025-01-02,586.3567,601.46,584.4675,595.8224,12682300
2025-01-03,601.3109,606.0239,593.0085,601.1816,11436800
2025-01-06,608.3407,627.3914,602.1661,626.6059,14560800
2025-01-07,628.0973,628.4949,604.7611,614.366,12071500
2025-01-08,609.9017,612.9243,599.3522,607.2369,10085800
2025-01-10,606.5509,626.3175,593.9333,612.3477,19256600
2025-01-13,603.6376,605.4969,595.0369,604.8606,10785000
2025-01-14,601.6193,602.0369,585.1935,590.861,13598000
2025-01-15,606.73,618.9101,603.0411,613.6005,15524300
2025-01-16,608.0125,612.7354,606.2327,607.8136,8355300
2025-01-17,620.491,621.4057,600.2272,609.2753,17280600
2025-01-21,614.3065,617.9555,605.5368,612.9443,11674000
2025-01-22,619.7452,630.0859,615.8973,619.9441,12274000
2025-01-23,623.7821,632.9694,617.6075,632.8203,9910200
2025-01-24,632.7705,648.2815,630.5831,643.7972,19065300
2025-01-27,623.0363,660.0838,621.5349,656.1166,28399200
2025-01-28,662.2017,678.6872,655.709,670.4843,20950100
2025-01-29,671.1504,677.1659,661.8736,672.6319,21377800
2025-01-30,692.846,706.7363,672.2441,683.082,29322900
2025-01-31,687.0591,701.2776,681.6701,685.2495,19303900
2025-02-03,672.0552,699.985,671.399,693.4824,21415700
2025-02-04,698.4935,703.6738,687.6656,700.1739,13826300
2025-02-05,699.5376,714.0444,695.0235,700.85,17778200
2025-02-06,701.8542,714.8,699.4878,707.9294,13080700
2025-02-07,712.712,720.8752,707.6908,710.445,16427100
2025-02-10,714.462,717.0869,707.2732,713.3086,12904300
2025-02-11,709.2519,719.5329,705.9905,715.6949,12998000
2025-02-12,711.2206,722.9533,708.536,721.2431,12016500
2025-02-13,717.4051,724.8424,713.9449,724.4049,12569100
2025-02-14,721.9988,736.6845,721.4817,732.4687,16901200
2025-02-18,731.8025,732.7968,702.4111,712.2844,21938700
2025-02-19,700.0844,702.9679,691.4241,699.7563,17535500
2025-02-20,693.3033,701.6057,689.6841,690.8773,12587400
2025-02-21,692.6073,699.8557,678.4684,679.6516,15660400
2025-02-24,682.3662,683.3505,658.672,664.3196,15677000
2025-02-25,662.1718,664.1903,638.1994,653.7502,20579700
2025-02-26,655.8879,679.1147,654.2473,669.8578,14488700
2025-02-27,678.5579,684.7226,653.8198,654.486,12500000
2025-02-28,654.2871,665.8111,638.9352,664.3892,17534200
2025-03-03,669.8379,677.3647,647.1282,651.3141,10843800
2025-03-04,641.8286,646.0444,620.0932,636.35,21495200
2025-03-05,637.3444,655.7389,634.0234,652.7261,13770000
2025-03-06,644.3043,646.8497,620.5505,624.3488,13446500
2025-03-07,621.8035,631.1697,597.1847,622.0918,21375700
2025-03-10,604.6021,606.6304,583.523,594.5795,21999900
2025-03-11,591.6564,611.423,589.9462,602.2556,17401500
2025-03-12,626.3076,629.718,605.8748,616.0266,15747000
2025-03-13,616.7126,616.9612,583.165,587.2715,16480300
2025-03-14,599.8954,605.9262,591.9141,604.6723,12364500
2025-03-17,604.5331,610.1459,595.1186,601.9854,15473900
2025-03-18,597.1586,597.3576,571.8909,579.5538,20297700
2025-03-19,581.4647,589.4659,572.0005,581.2457,20537500
2025-03-20,579.952,607.2597,576.7176,583.1763,24336500
2025-03-21,580.6087,594.6607,578.1506,593.3769,25015900
2025-03-24,612.0067,619.5403,609.2501,615.868,15741300
2025-03-25,623.74,630.8256,618.1868,623.2921,15312500
2025-03-26,621.879,623.73,603.687,608.0359,12609800
2025-03-27,599.0992,611.2901,597.2083,599.6764,10436500
2025-03-28,597.4174,598.8504,571.1545,573.9609,17602800
2025-03-31,560.7847,575.9115,550.6339,573.5828,21124700
2025-04-01,568.0894,587.0675,567.2534,583.1763,12836600
2025-04-02,572.1397,589.8042,570.5972,581.1163,13470800
2025-04-03,543.588,549.8975,527.7448,529.0584,34777500
2025-04-04,504.1789,515.504,491.8187,502.298,38589800
2025-04-07,482.7625,536.771,479.5779,513.7624,36606100
2025-04-08,540.6323,544.7922,500.4369,507.9904,28034200
2025-04-09,506.8161,585.0573,499.6906,582.9475,39216600
2025-04-10,572.717,578.499,532.7206,543.6577,28173500
2025-04-11,532.9296,544.7624,526.043,540.9508,17642300
2025-04-14,553.49,555.0824,525.7345,528.919,14130900
2025-04-15,529.546,535.3479,515.0064,519.007,15558700
2025-04-16,506.0597,510.8963,493.2418,499.8896,18735100
2025-04-17,502.8155,504.8556,495.6103,499.0636,14593500
2025-04-21,488.9625,491.122,477.488,482.3246,16166000
2025-04-22,489.4999,504.4376,484.0164,497.8694,17399400
2025-04-23,525.9833,532.7605,514.0312,517.7631,18173900
2025-04-24,516.2305,531.3274,515.0064,530.5811,13910000
2025-04-25,544.1652,547.2105,533.6661,544.633,17098900
2025-04-28,552.9627,555.799,537.9853,547.0911,15179000
2025-04-29,543.3691,553.8882,541.4982,551.7684,11835000
2025-04-30,535.8058,546.4542,526.9486,546.3547,29244000
2025-05-01,589.227,590.0928,567.751,569.4528,31159000
2025-05-02,580.6487,601.4281,575.5434,594.1434,24739300
2025-05-05,588.3712,600.3035,585.2165,596.3824,13887700
2025-05-06,589.6749,593.1581,583.7536,584.48,10600700
2025-05-07,587.5153,600.1741,583.8431,593.9343,13139100
2025-05-08,603.3685,608.3544,593.7452,595.1285,14622800
2025-05-09,600.8109,604.0453,588.8589,589.6351,10427300
2025-05-12,627.8799,637.3043,618.0376,636.3489,21965100
2025-05-13,642.4294,657.7353,639.7325,652.8689,18570800
2025-05-14,658.0239,659.4768,651.1571,656.1828,12348200
2025-05-15,651.1274,654.1427,635.503,640.7775,14341800
2025-05-16,634.8859,637.3539,623.1328,637.2545,18519000
2025-05-19,625.2228,639.9017,624.7749,637.3441,9592400
2025-05-20,632.9454,636.2692,629.2134,634.0301,6743500
2025-05-21,628.7457,643.4943,627.1335,632.4379,11464600
2025-05-22,630.9948,640.1505,627.6709,633.5027,8228400
2025-05-23,620.9932,629.4025,619.6497,624.0385,8454100
2025-05-27,632.3482,639.9813,629.701,639.2249,9508400
2025-05-28,639.5036,647.7438,639.4539,640.4789,9042900
2025-05-29,648.51,650.1719,636.4185,641.9418,8858800
2025-05-30,639.404,646.2807,629.7309,644.37,16241000
2025-06-02,641.285,670.0159,641.1556,667.6673,15766300
2025-06-03,668.2147,672.3248,661.8256,663.6368,11585000
2025-06-04,666.0948,685.68,665.3485,684.6351,14031900
2025-06-05,688.3272,691.0341,678.9626,681.3212,13083100
2025-06-06,692.8154,699.4234,688.5361,694.348,11728000
2025-06-09,695.0944,701.7919,690.5962,690.7156,12773200
2025-06-10,697.9705,699.8414,688.2276,699.0154,10850100
2025-06-11,700.3191,705.4542,688.6556,690.7952,9582500
2025-06-12,689.9593,692.0293,683.6896,690.019,7322700
2025-06-13,684.6351,691.2232,677.7285,679.5795,9274400
2025-06-16,696.4958,704.2841,690.6994,699.2745,13720300
2025-06-17,699.1549,703.1088,693.239,694.4042,10066100
2025-06-18,695.3504,698.7466,692.0837,692.9502,10068300
2025-06-20,697.9099,698.9756,675.9194,679.5845,22538600
2025-06-23,680.9192,696.2169,675.9992,695.699,11080100
2025-06-24,702.0332,710.2996,699.2645,709.3136,13823200
2025-06-25,710.4291,713.6759,702.5212,705.8079,9320400
2025-06-26,711.4649,725.2687,708.1683,723.1474,13964800
2025-06-27,723.5756,732.4494,722.9182,730.6567,18775700
2025-06-30,741.5325,744.8689,731.2742,735.0987,15402100
2025-07-01,733.8936,734.76,712.4707,716.3051,13431200
2025-07-02,712.431,717.3808,709.9112,710.6781,9336700
2025-07-03,723.6652,726.0754,711.5246,716.096,8601700
2025-07-07,714.6916,724.0536,710.6182,715.4386,9457100
2025-07-08,718.6456,719.9801,711.913,717.7492,7770700
2025-07-09,719.7909,734.5409,719.7909,729.8102,11418000
2025-07-10,728.5852,732.818,716.6836,724.2927,9913600
2025-07-11,719.5718,722.221,706.8237,714.6021,10873900
2025-07-14,714.6917,725.0496,713.6459,717.9982,8939400
2025-07-15,720.9662,721.5338,706.9432,707.5109,11529500
2025-07-16,710.4788,711.0763,696.436,700.0612,13067600
2025-07-17,701.5353,703.0392,694.2848,698.5673,11803300
2025-07-18,699.3442,701.854,688.8469,701.4257,12779800
2025-07-21,703.9355,714.0941,702.8997,710.0804,9404400
2025-07-22,713.2874,713.6957,698.5673,701.9536,8921100
2025-07-23,703.5072,711.7338,702.0731,710.688,8771600
2025-07-24,714.144,720.6873,711.1063,711.9031,10920800
2025-07-25,714.0144,717.7294,709.0148,709.7916,8271700
2025-07-28,712.3015,721.8028,709.7917,714.7216,8715700
2025-07-29,717.082,721.5338,697.0734,697.163,13267000
2025-07-30,705.2203,705.6286,688.3987,692.3925,27077300
2025-07-31,772.0582,781.5695,762.4075,770.3054,38831100
2025-08-01,757.6469,762.8955,742.2894,746.9703,19028700
2025-08-04,756.9199,773.7016,755.3363,773.2236,15801700
2025-08-05,773.3033,779.9562,759.9077,760.3659,11640300
2025-08-06,766.8793,770.5046,757.378,768.8613,9733900
2025-08-07,770.3552,771.8591,756.4717,758.7425,9019700
2025-08-08,759.6587,766.7798,755.5057,766.1822,7320800
2025-08-11,766.959,770.3253,761.5709,762.7661,7612000
2025-08-12,769.8672,790.4534,769.2995,786.7983,14563100
2025-08-13,787.9436,792.2361,775.0759,776.9185,8811800
2025-08-14,774.7274,784.6171,769.3791,778.9601,8116200
2025-08-15,780.972,793.023,777.6555,782.0476,13375400
2025-08-18,771.9488,772.6658,753.4938,764.26,16513700
2025-08-19,764.011,764.0607,746.3229,748.4343,12286700
2025-08-20,744.5403,747.1596,728.0374,744.6896,11898200
2025-08-21,741.6919,742.4786,730.1388,736.1046,8876300
2025-08-22,736.234,753.8325,731.4137,751.731,10612700
2025-08-25,751.7609,755.8044,747.0899,750.247,6861200
2025-08-26,747.7572,751.8107,744.9088,751.0438,7601800
2025-08-27,749.2511,751.0937,739.8295,744.3511,8315400
2025-08-28,740.9847,749.998,737.7976,748.0659,7468000
2025-08-29,742.2595,744.112,732.3697,735.7062,9070500
2025-09-02,723.0975,733.0171,718.805,732.1307,9350900
2025-09-03,733.0171,737.2499,731.0153,734.0629,7699300
2025-09-04,745.5362,758.0751,742.7973,745.6158,11439100
2025-09-05,749.5699,754.8783,742.0107,749.4006,9663400
2025-09-08,752.9361,763.4035,748.9723,749.2511,13087800
2025-09-09,754.4201,763.1943,750.3765,762.5968,10999000
2025-09-10,762.0291,762.5968,747.9564,748.9324,12478300
2025-09-11,751.5916,754.0316,745.337,747.8568,7923300
2025-09-12,745.6955,754.4997,740.7457,752.5278,8248600
2025-09-15,754.4001,770.9329,748.9423,761.6008,10533800
2025-09-16,763.8915,778.1933,761.9992,775.8429,11782500
2025-09-17,776.8289,780.1155,763.2043,772.5762,9400900
2025-09-18,777.5858,785.5833,770.2257,777.0878,10955000
2025-09-19,783.2327,787.595,766.0726,775.2253,23696800
2025-09-22,779.2068,783.0737,761.8856,762.5732,11706900
2025-09-23,766.6495,767.9949,748.5309,752.8463,10872600
2025-09-24,754.9391,758.5369,749.986,758.0884,8828200
2025-09-25,750.9029,754.2116,742.0329,746.3782,10591100
2025-09-26,747.4646,749.3881,734.8573,741.2357,9696300
2025-09-29,746.1889,748.242,736.6513,740.8869,9246800
2025-09-30,739.7407,740.4583,723.8446,731.8973,16226800
2025-10-01,719.0509,719.4096,707.799,714.9149,20419600
2025-10-02,720.1373,725.3098,715.7123,724.5922,11415300
2025-10-03,727.1634,728.5288,707.7792,708.1579,16154300
2025-10-06,702.8061,714.4566,688.1757,713.2407,21654700
2025-10-07,715.2936,716.071,703.3641,710.6694,12062900
2025-10-08,711.0382,717.2172,705.4172,715.4133,10790600
2025-10-09,715.8518,731.0303,710.0316,731.0303,12717200
2025-10-10,728.449,732.7844,702.1283,702.9156,16980100
2025-10-13,710.5995,717.5061,705.2477,713.2805,9251800
2025-10-14,705.3873,713.131,696.9658,706.2543,8829800
2025-10-15,714.6359,721.4528,707.1114,715.1242,10246800
2025-10-16,715.1242,723.0374,701.5005,709.6628,9017000
2025-10-17,704.6897,716.1109,703.7329,714.4964,12232400
2025-10-20,718.7519,731.2894,717.7453,729.6948,8900200
2025-10-21,733.5319,736.0035,726.2865,730.7912,7647300
2025-10-22,731.3493,738.0964,721.5824,730.9307,8734500
2025-10-23,732.2163,739.9002,730.6217,731.5187,9856000
2025-10-24,734.2992,738.7043,728.6783,735.8639,9151300
2025-10-27,747.1954,753.1951,745.4812,748.2817,11321100
2025-10-28,750.0856,755.8362,742.9997,748.8997,12193800
2025-10-29,752.1984,756.5935,739.9998,749.1288,26818600
2025-10-30,666.8879,678.658,647.972,664.2169,88440100
2025-10-31,672.2298,672.6085,643.3876,646.1582,56953200
2025-11-03,653.7823,657.101,634.0293,635.5541,33003600
2025-11-04,625.9168,639.5705,623.8937,625.1993,27356600
2025-11-05,630.1724,640.0588,624.4219,633.8001,20219900
2025-11-06,633.7004,633.8499,615.9108,616.8476,23628800
2025-11-07,614.4059,620.0268,599.1676,619.6083,29946800
2025-11-10,628.9566,632.8534,616.0204,629.6243,19245000
2025-11-11,625.877,627.4317,617.2961,624.9601,13302200
2025-11-12,626.0065,626.8636,605.7154,606.9512,24493300
2025-11-13,610.9975,615.562,600.9615,607.8282,20973800
2025-11-14,599.7556,611.6054,593.1879,607.3997,20724100
2025-11-17,606.9811,609.6222,593.3873,599.9749,16501300
2025-11-18,589.6,601.6192,581.8065,595.6694,25500600
2025-11-19,591.7128,593.3174,579.285,588.3243,24744700
2025-11-20,601.4598,604.6689,581.3779,587.1583,20603000
2025-11-21,586.5105,596.098,579.893,592.2411,21052600
2025-11-24,596.6958,614.6151,595.6096,610.9774,23554900
2025-11-25,621.8905,634.8964,616.2098,634.0692,25213000
2025-11-26,635.5342,636.202,629.4947,631.468,15209500
2025-11-28,633.9297,645.8592,633.3517,645.7596,11033200
2025-12-01,637.3879,643.1384,635.604,638.7034,13029900
2025-12-02,640.1685,645.6798,635.9129,644.9124,11640900
2025-12-03,642.2315,646.6565,635.3947,637.4377,11134300
2025-12-04,673.7148,673.8144,657.8187,659.2937,29874600
2025-12-05,661.7553,672.4092,660.1508,671.1434,21207900
2025-12-08,667.0772,674.4223,662.8216,664.5458,13161000
2025-12-09,661.5261,662.2337,651.1314,654.7391,12997100
2025-12-10,647.7528,652.2974,641.225,647.9322,16910900
2025-12-11,641.1153,653.0648,638.6337,650.5035,13056700
2025-12-12,647.6032,708.5964,636.4511,642.0521,14016900
2025-12-15,644.042,651.3232,637.06,645.8474,15549100
2025-12-16,641.8476,660.8387,641.5484,655.4626,14309100
2025-12-17,653.9265,659.5321,647.533,647.8322,15598500
2025-12-18,655.3429,668.8381,654.7744,662.7438,20260300
2025-12-19,664.7088,669.2771,656.49,657.0785,49977100
2025-12-22,659.951,671.8504,654.9639,659.8014,15659400
2025-12-23,658.3551,664.2898,656.5597,663.2325,8486800
2025-12-24,660.8288,666.4643,660.4996,665.8359,5627500
2025-12-26,666.3446,667.2323,659.6219,661.5868,7133800
2025-12-29,656.3204,658.5546,652.7097,656.9987,8506500
2025-12-30,656.9986,670.4938,656.1508,664.24,9187500
2025-12-31,663.0431,663.2924,657.7467,658.3951,7940400
2026-01-02,661.0283,662.6841,641.8477,648.7399,13726500
2026-01-05,649.3383,662.8336,646.0867,657.0983,12213700
2026-01-06,657.8764,663.8111,650.2261,658.9237,11074400
2026-01-07,653.9565,657.4575,643.1543,647.0244,12846300
2026-01-08,644.2216,645.4384,634.0876,644.4011,11921700
2026-01-09,643.7826,653.2682,641.1993,651.3831,11634900
2026-01-12,650.8545,652.2907,639.5834,640.3215,14797200
2026-01-13,640.6208,640.6208,622.4974,629.4695,18030400
2026-01-14,624.8913,626.8363,613.2413,613.9395,15527900
2026-01-15,616.8919,622.5673,612.6528,619.2059,13076100
2026-01-16,622.5773,627.4647,618.4878,618.6573,17012500
2026-01-20,606.3191,609.8301,598.4593,602.5687,15169600
2026-01-21,605.182,616.6825,598.5392,611.3861,14494700
2026-01-22,627.734,658.8738,624.9412,645.967,21394700
2026-01-23,643.1144,664.7786,642.7952,657.0685,22797700
2026-01-26,663.4221,673.5461,659.592,670.6335,16327400
2026-01-27,672.8578,675.082,662.9532,671.2419,13297400
2026-01-28,672.768,675.9398,664.3896,667.0128,25709600
2026-01-29,735.5364,742.0896,710.7203,736.4142,59852900
2026-01-30,725.6319,730.2899,711.7577,714.6602,23744600
2026-02-02,712.765,719.4478,701.7135,704.5961,14365200
2026-02-03,705.5536,715.1589,684.6474,689.9239,13760700
2026-02-04,685.9641,687.0613,665.7462,667.2722,16882800
2026-02-05,661.8761,679.7501,651.822,668.4891,17131800
2026-02-06,663.7812,670.2645,644.8399,659.7615,18159300
2026-02-09,661.4771,681.5554,657.0884,675.481,14837500
2026-02-10,675.8601,678.9023,668.0701,668.9977,10455800
2026-02-11,672.2693,677.5258,655.4127,666.973,14323800
2026-02-12,668.2496,674.2642,643.6231,648.1414,14960100
2026-02-13,643.4435,649.7573,632.9406,638.1273,12336400
2026-02-17,637.8579,640.9499,627.1853,637.6484,12674700
2026-02-18,632.1725,643.3438,626.537,641.5683,14649200
2026-02-19,636.9303,645.5281,635.085,643.1243,10035700
2026-02-20,638.0474,661.6466,637.1398,653.9764,14183500
2026-02-23,650.8644,656.0111,634.3669,635.6136,8605900
2026-02-24,631.4544,639.4637,627.3649,637.6584,10135600
2026-02-25,640.8802,652.201,640.4911,652.0115,11330700
2026-02-26,648.8795,659.3027,645.8373,655.3229,10637700
2026-02-27,641.7978,647.7724,636.4815,646.5156,15703000
2026-03-02,635.5239,658.2455,632.8708,651.8818,9816100
2026-03-03,646.6253,657.3477,637.1996,653.3979,12263800
2026-03-04,656.2705,671.0425,655.9812,666.0154,10810100
2026-03-05,660.2303,668.9778,648.6402,658.8738,13341400
2026-03-06,646.2363,647.8022,634.4766,643.2041,13159400
2026-03-09,633.1501,646.0868,625.1707,645.7277,13489700
2026-03-10,651.8818,658.6045,647.3335,652.3905,9859300
2026-03-11,653.0787,657.4275,646.6951,653.1784,8977200
2026-03-12,647.0841,651.8219,635.2646,636.5413,11617500
2026-03-13,622.2879,627.5544,607.9847,612.1341,18957600
2026-03-16,630.9169,633.6622,622.0321,626.3747,15134900
2026-03-17,626.9138,635.4591,620.6346,621.5929,10348800
2026-03-18,615.2838,621.583,613.5567,614.6249,11726300
2026-03-19,611.101,611.9495,601.2279,605.6603,13247700
2026-03-20,602.4957,602.925,586.2436,592.6426,21214900
2026-03-23,604.7518,607.5969,597.9834,603.0248,13638000
2026-03-24,598.0733,599.97,589.9872,591.9039,10739700
2026-03-25,597.7139,602.6354,592.383,593.8705,12585000
2026-03-26,581.4917,582.0008,542.4187,546.6016,35780100
2026-03-27,539.1743,542.6683,519.3684,524.819,30133000
2026-03-30,535.4608,538.6253,527.6342,535.4608,22795200
2026-03-31,549.0374,572.7068,545.833,571.1495,32898300
2026-04-01,579.1358,591.5345,572.8366,578.2373,23608100
2026-04-02,565.0699,577.5086,558.7408,573.4755,13518500
2026-04-06,576.6999,581.7912,571.0197,572.038,9515700
2026-04-07,571.4989,574.2441,563.7921,574.0645,9580800
2026-04-08,604.9614,628.8704,590.8157,611.3704,32036600
2026-04-09,625.8955,636.4075,621.9323,627.3131,19012900
2026-04-10,633.3826,637.4856,623.26,628.7805,13294800
2026-04-13,628.4212,633.9118,623.33,633.4426,9538900
2026-04-14,642.1176,665.1182,638.2742,661.3546,17818000
2026-04-15,665.8569,677.3372,663.0816,670.4291,14952600
2026-04-16,674.8315,676.4188,666.6056,675.71,9544800
2026-04-17,677.437,690.3349,673.973,687.3699,16283500
2026-04-20,680.1923,682.2089,666.8552,669.7602,12534000
2026-04-21,669.8501,675.0412,666.1864,667.6938,8660100
2026-04-22,673.2043,677.2174,668.6022,673.5637,9215600
2026-04-23,662.5626,668.4125,651.9308,658.0204,11667000
2026-04-24,659.1884,679.5035,652.7195,673.8732,13348300
2026-04-27,669.85,681.3303,669.6903,677.457,12805200
2026-04-28,673.0844,677.0177,664.4892,670.1895,10606800
2026-04-29,667.7636,673.0945,662.6724,667.9733,18947500
2026-04-30,618.2586,619.7859,598.9717,610.8613,52765000
2026-05-01,613.6365,617.8194,605.0712,607.7067,21404000
2026-05-04,606.8982,612.9478,601.717,609.3639,16203900
2026-05-05,612.2589,613.2971,599.3311,603.9232,17171300
2026-05-06,600.0199,618.8875,597.075,611.8297,19915500
2026-05-07,613.6664,623.9088,612.4885,615.7529,12307400
2026-05-08,614.1457,615.713,605.0213,608.5852,13557000
2026-05-11,603.5339,603.8733,597.055,597.8337,15940600
2026-05-12,593.8006,602.7153,591.5844,601.9666,11351600
2026-05-13,597.8038,618.8377,595.6374,615.5732,14634400
2026-05-14,614.9443,622.661,613.946,617.3701,10651200
2026-05-15,612.9378,620.1355,608.2658,613.1774,13272600
2026-05-18,608.0661,614.535,602.6554,610.1625,13772400
2026-05-19,607.8765,612.8779,599.5208,601.5773,11749900
2026-05-20,599.7305,606.958,596.7855,604.0231,11329700
2026-05-21,598.9717,608.5552,593.7906,606.3391,13476100
2026-05-22,606.8382,613.7564,605.9098,609.2142,11688600
2026-05-26,607.8465,613.4169,604.2626,611.2906,12234200
2026-05-27,608.3557,637.4058,607.9563,634.1713,23143600
2026-05-28,638.404,641.898,628.2315,634.2012,16772400
2026-05-29,632.4143,633.4126,622.2817,631.426,19806500
2026-06-01,629.3196,634.6604,598.5025,599.4409,29138800
2026-06-02,602.2061,607.8365,595.6574,596.6058,18252000
2026-06-03,601.9666,623.0804,599.2413,621.9124,23020100
2026-06-04,622.6011,641.299,621.3632,626.4944,21469200
2026-06-05,622.3916,628.0718,581.911,591.9838,30091600
2026-06-08,590.9854,590.9854,578.2273,584.3868,19512400
2026-06-09,589.9871,596.6058,580.0143,583.5881,16977400
2026-06-10,579.7348,590.3066,569.6221,570.0015,17064000
2026-06-11,564.8603,571.1894,556.0554,567.4558,17628000
2026-06-12,571.968,575.0827,559.9387,566.0082,14326400
2026-06-15,579.4427,600.7959,578.8432,593.012,17653300
2026-06-16,593.1819,605.3323,591.5331,599.7367,11344400
2026-06-17,591.5332,593.3417,565.7435,567.1324,20478300
2026-06-18,572.3683,579.7624,562.6559,576.7648,28824600
2026-06-22,571.5689,575.3559,559.3685,563.4053,15405500
2026-06-23,561.8066,571.7488,560.5776,561.7567,13103300
2026-06-24,561.4469,568.5913,555.1119,557.2302,13963600
2026-06-25,555.1119,555.9013,539.754,542.4419,16968600
2026-06-26,542.9116,556.4109,539.9739,549.8161,18867700
2026-06-29,559.5584,570.4498,557.56,562.1563,15011400
2026-06-30,560.4976,565.094,550.9951,562.8458,18111100
2026-07-01,607.4306,627.7846,594.6307,612.4266,45536300
2026-07-02,607.4207,609.519,579.9623,582.4404,21705900
2026-07-06,594.3709,603.104,581.3012,599.8166,17674100
2026-07-07,607.1109,624.8769,603.184,615.0946,18560800
2026-07-08,613.9055,615.5143,597.5385,602.6444,13606500
2026-07-09,583.5295,632.7706,576.6149,630.982,26579700
2026-07-10,659.8193,677.3255,657.4911,668.6823,40608900
2026-07-13,660.8585,676.0864,653.6841,656.2121,19840700
2026-07-14,651.4858,665.9744,648.5381,660.5187,16748200
2026-07-15,663.0767,685.539,656.1422,680.7728,19003400
2026-07-16,676.7459,681.3623,659.6394,664.0159,15816000
2026-07-17,647.1893,651.6857,625.5064,645.5006,22267900
2026-07-20,646.1901,652.7848,635.5085,645.3407,10225200
2026-07-21,653.6641,655.3628,642.6928,643.3023,9140500
2026-07-22,647.1893,648.4882,623.5079,626.6754,11019600
2026-07-23,607.9302,614.1653,596.749,605.622,15494800
2026-07-24,604.8227,609.499,593.9812,594.7206,11503500
2026-07-27,606.7411,610.778,592.6623,593.4017,11195300
2026-07-28,596.3494,600.5261,586.5371,592.942,12009300
2026-07-29,592.7822,599.4969,581.7609,585.1482,22371100
2026-07-30,525.5852,539.4543,524.0764,538.605,42271500
2026-07-31,543.1713,557.8897,539.7939,556.271,24261500
2026-08-03,561.7966,597.0488,558.9189,589.7745,25938100
2026-08-04,581.0415,592.3225,577.794,587.4764,17959200
2026-08-05,599.9865,600.5261,579.6625,588.3057,14897200
2026-08-06,586.4872,594.8406,585.5379,589.4349,11811500
2026-08-07,585.1782,598.2678,585.1582,591.6331,11250300
2026-08-10,598.6576,607.7304,591.5632,594.4509,14967300
2026-08-11,597.5284,611.947,592.9321,598.6475,13146900
2026-08-12,600.596,604.0233,577.754,578.3935,16186900
2026-08-13,580.2521,595.3801,578.9331,594.5008,11164200
2026-08-14,596.5092,601.3854,588.8253,589.3848,8758000
2026-08-17,589.2849,589.7745,564.3047,568.5213,17225600
2026-08-18,557.0404,560.2179,542.7817,543.2413,27094900
2026-08-19,540.9131,553.6331,536.8463,545.5994,16971700
2026-08-20,546.5187,549.5563,538.8847,545.3996,13872200
2026-08-21,546.4587,553.4332,542.8016,549.4664,13848000
2026-08-24,549.7662,560.9773,545.8692,558.5792,12990600
2026-08-25,563.4353,570.3499,560.9573,569.6005,9769100
2026-08-26,589.8445,592.8721,561.4369,575.6857,31416300
2026-08-27,576.0254,587.926,567.1724,570.6496,15221400
2026-08-28,571.0993,588.7254,570.5497,577.5642,16042400
2026-08-31,577.1745,578.2236,568.6912,571.8887,13383800
2026-09-01,557.9097,584.4887,555.6614,578.0837,15796900
2026-09-02,578.3335,599.9065,576.545,592.3824,16552700
2026-09-03,604.0133,618.9715,603.8734,610.1984,19737100
2026-09-04,611.8671,616.9731,604.7927,616.2836,15966200
2026-09-08,615.7241,624.3073,609.2592,612.9962,18909700
2026-09-09,648.1285,657.3412,638.0564,653.1745,35900700
2026-09-10,653.1945,662.9768,641.6337,643.8719,21531900
2026-09-11,652.9947,663.7162,645.6905,647.519,16925000
2026-09-14,657.3113,668.0728,648.708,665.0751,19332300
2026-09-15,658.7801,678.3347,655.6826,669.7115,19502800
2026-09-16,679.3738,684.7696,671.3801,672.7791,17217800
2026-09-17,681.9019,682.6613,666.524,681.772,15928000
2026-09-18,688.077,689.6058,660.2789,665.225,27596400
2026-09-21,680.3,753.0,679.6,741.25,48720500
2026-09-22,731.4,757.27,730.0,736.6,28122100
2026-09-23,747.6,763.9,739.51,744.1,30829200
2026-09-24,744.36,779.82,743.01,777.59,34808500
2026-09-25,768.85,769.57,746.54,751.66,25753100
