date,open,high,low,close,volume
2016-09-19,97.6291,98.4612,97.4273,97.6291,2562805
2016-09-20,98.2594,98.7007,97.3643,97.3643,2258419
2016-09-21,97.6543,98.1397,96.9987,98.0451,2587699
2016-09-22,98.436,99.1105,98.146,98.4108,2814891
2016-09-23,98.1019,98.3666,97.5282,97.6984,2826501
2016-09-26,97.3706,97.3706,96.7402,97.068,2649832
2016-09-27,97.2823,98.8268,96.9608,98.8268,3124611
2016-09-28,98.9655,99.9994,98.4864,99.785,3462260
2016-09-29,99.9993,104.015,99.2618,99.6715,3530041
2016-09-30,100.1695,100.7621,99.64,100.138,3762357
2016-10-03,99.64,99.8354,98.9844,99.3563,2330279
2016-10-04,99.3942,99.9363,98.2279,98.6314,3016769
2016-10-05,99.0159,99.495,98.7953,99.0222,1761987
2016-10-06,98.8709,99.2429,98.2721,98.8962,2039805
2016-10-07,99.0601,99.4131,97.6228,98.1334,2794807
2016-10-10,98.789,99.9111,98.7575,98.9844,2595440
2016-10-11,98.8016,98.9403,97.0113,97.5786,3034760
2016-10-12,97.6921,97.6921,96.5007,97.2634,3100344
2016-10-13,96.8915,97.2193,95.99,96.9041,3043755
2016-10-14,97.3769,98.0451,97.1374,97.3643,4558677
2016-10-17,97.3643,98.2721,97.2949,97.566,6161358
2016-10-18,94.5717,95.1894,93.1659,95.0129,13358048
2016-10-19,95.3596,96.1035,95.0823,95.3533,4846013
2016-10-20,95.366,96.3872,95.2021,95.5173,4208163
2016-10-21,94.9247,95.284,94.2817,94.3258,4617253
2016-10-24,94.8112,95.5172,94.8112,94.9184,2789368
2016-10-25,94.9184,95.2903,94.4519,95.1138,2769285
2016-10-26,95.0066,96.4124,94.723,95.7001,2941038
2016-10-27,96.3368,97.1185,95.8325,96.6709,4423848
2016-10-28,97.1121,97.358,95.9333,96.2044,3822607
2016-10-31,96.299,97.2887,96.299,96.8852,3716647
2016-11-01,96.7654,97.0239,95.6559,96.3178,3338727
2016-11-02,96.1224,96.6709,95.6118,95.7883,3215822
2016-11-03,96.1414,96.9167,95.6938,96.0531,3011225
2016-11-04,96.072,96.8537,95.7379,96.0909,2584038
2016-11-07,97.0743,98.4108,96.9798,98.1649,3979925
2016-11-08,98.3176,99.189,97.3634,98.7056,4102307
2016-11-09,97.2998,98.9537,96.053,98.4766,5652270
2016-11-10,100.2895,102.5159,100.245,101.918,8070727
2016-11-11,101.7589,102.6304,101.3518,102.5859,4651144
2016-11-14,102.5731,102.9612,100.2386,100.6394,5435539
2016-11-15,100.7729,101.2373,100.2195,100.932,3636942
2016-11-16,100.7984,101.4918,100.5249,101.3264,2356429
2016-11-17,101.2818,101.7335,101.0465,101.6508,2365215
2016-11-18,101.6508,102.236,101.2755,102.0261,3118754
2016-11-21,102.2169,103.6864,102.0134,103.5401,4850407
2016-11-22,103.6863,103.6863,103.0184,103.4764,2898257
2016-11-23,103.0121,103.292,102.6431,103.0375,2356324
2016-11-25,102.9421,103.8072,102.9421,103.7754,1679144
2016-11-28,103.8136,104.7423,103.4955,104.6532,4654072
2016-11-29,104.3225,104.5833,103.7055,104.0235,3293017
2016-11-30,103.909,104.1952,103.1838,103.1902,4600099
2016-12-01,103.0184,103.1775,100.6966,101.6635,4848942
2016-12-02,101.1419,101.9625,100.7666,101.7908,2866981
2016-12-05,102.3187,102.5095,101.5172,101.6762,3605667
2016-12-06,101.8607,102.2806,101.0974,102.0007,2990514
2016-12-07,102.1597,105.0731,102.0261,104.825,4639115
2016-12-08,104.8759,105.5947,104.4625,105.1876,3416654
2016-12-09,105.0731,106.0527,104.7041,105.9255,3291657
2016-12-12,106.0527,106.0972,105.0031,105.2766,3548346
2016-12-13,105.3911,108.1074,105.3911,107.0514,6205186
2016-12-14,107.1023,108.0692,106.5171,107.1913,4313913
2016-12-15,106.8733,108.0437,106.727,106.8796,3544476
2016-12-16,107.4839,107.573,105.6329,106.0591,7448148
2016-12-19,106.1227,106.3962,105.5947,106.0273,3091871
2016-12-20,106.5425,107.026,105.881,106.6125,2274632
2016-12-21,105.7537,106.8287,105.1176,106.4407,3740182
2016-12-22,106.4598,107.0132,105.9636,106.269,2931520
2016-12-23,106.2308,106.5425,105.8809,106.0463,1779455
2016-12-27,106.2181,106.8542,106.1354,106.3199,1461785
2016-12-28,106.4153,106.7015,105.5947,105.7156,1838345
2016-12-29,105.6074,106.2244,105.5947,105.9764,1740021
2016-12-30,105.8746,106.0399,105.2766,105.5883,3088629
2017-01-03,106.2308,106.7842,105.601,106.3517,3069278
2017-01-04,106.7206,108.0565,106.4598,107.6684,3536944
2017-01-05,107.662,107.7511,106.3962,107.3122,2805686
2017-01-06,107.3059,108.0883,106.5616,107.8402,3080993
2017-01-09,107.802,108.0119,106.6252,106.6443,3336635
2017-01-10,106.8542,106.9242,105.1749,105.2894,4308160
2017-01-11,105.6265,106.7143,105.3402,106.7079,3765077
2017-01-12,106.7206,106.8733,105.3148,106.8351,3062165
2017-01-13,106.8478,107.1722,106.1545,106.4471,3007668
2017-01-17,106.0336,106.9814,105.6711,106.797,3468222
2017-01-18,106.5171,107.2422,106.0336,106.1036,4192159
2017-01-19,106.2054,106.5171,105.4675,106.1099,7283716
2017-01-20,106.7461,108.5463,105.5947,108.489,13273740
2017-01-23,108.19,108.9343,108.1455,108.7943,5730197
2017-01-24,109.0043,111.9558,108.8771,111.8922,7272210
2017-01-25,112.1212,114.0232,112.0385,113.4125,6194935
2017-01-26,113.2662,113.7878,112.9163,113.6479,3204839
2017-01-27,113.527,113.9914,112.7828,112.7828,3642486
2017-01-30,112.5792,112.6365,111.0525,111.8286,4283161
2017-01-31,111.3515,111.6886,110.4355,111.0143,4329394
2017-02-01,111.3197,111.765,109.9775,110.8681,2924302
2017-02-02,110.8299,111.3006,110.3974,111.0525,2741043
2017-02-03,111.3197,112.1721,111.2497,111.8413,3461528
2017-02-06,111.5169,111.9431,110.9253,111.8667,2772737
2017-02-07,111.9558,113.6224,111.8922,113.5207,4051681
2017-02-08,113.8027,113.8027,112.7641,112.95,3047103
2017-02-09,112.95,113.9951,112.7833,113.6168,3232872
2017-02-10,113.7194,114.6811,113.3283,114.5593,3065512
2017-02-13,114.9184,115.3415,114.6619,114.9953,3235696
2017-02-14,114.4888,115.4889,114.3477,115.4889,2904219
2017-02-15,115.5338,116.6366,115.2838,116.4827,3048358
2017-02-16,116.3353,117.1944,115.9634,116.3225,3401069
2017-02-17,116.2071,116.4122,115.4056,115.8352,3715915
2017-02-21,115.7903,115.9121,114.8414,115.5723,4686394
2017-02-22,115.4633,116.2647,115.4633,116.1429,3159443
2017-02-23,116.6879,117.0084,115.9954,116.4635,2387495
2017-02-24,115.5402,116.3609,115.3351,116.2711,3451905
2017-02-27,116.1686,116.207,114.944,115.0209,3861100
2017-02-28,115.0081,115.8095,114.9888,115.2902,3423976
2017-03-01,115.7133,117.0405,115.4248,116.6558,3143858
2017-03-02,116.6109,116.6109,115.6813,115.7454,3052437
2017-03-03,115.7454,116.2519,115.2517,115.4377,1905812
2017-03-06,115.2261,116.0403,115.1299,115.7069,3351802
2017-03-07,115.8608,116.2327,115.5338,115.6492,3117603
2017-03-08,115.8865,116.0147,114.9568,115.053,3721040
2017-03-09,114.8607,114.9248,112.7641,113.5976,5694529
2017-03-10,114.258,115.0786,113.7515,114.0143,3242914
2017-03-13,114.0272,114.1618,113.1103,113.136,3642381
2017-03-14,112.9565,113.3668,112.3345,112.6615,3292285
2017-03-15,112.6551,113.0206,112.0396,112.7192,3991013
2017-03-16,114.4183,114.7645,113.3668,113.6361,4510143
2017-03-17,113.027,113.3476,112.6167,112.6167,6193366
2017-03-20,112.6166,112.9565,112.2897,112.6487,2590001
2017-03-21,112.8474,112.9885,111.4562,111.4818,4108374
2017-03-22,111.5844,112.2384,110.7894,112.0589,3609223
2017-03-23,111.8345,112.6295,111.2767,112.0845,3912040
2017-03-24,112.2769,112.5205,111.1677,111.4498,3369898
2017-03-27,110.7189,111.6614,110.3342,111.4113,3408914
2017-03-28,111.5203,112.1999,110.9176,111.8858,3685999
2017-03-29,111.7511,111.8729,111.2125,111.5203,3227538
2017-03-30,111.469,111.937,111.36,111.469,3314042
2017-03-31,111.5459,112.1678,111.36,111.6485,3047730
2017-04-03,111.4433,112.1165,111.1613,111.8793,4483679
2017-04-04,111.251,112.1743,111.0843,111.8922,3251909
2017-04-05,112.0076,113.0526,110.7958,110.8407,6525889
2017-04-06,111.2189,111.2189,110.4368,110.565,3593428
2017-04-07,110.3278,110.8727,109.8148,110.3662,3753362
2017-04-10,110.6163,110.6355,109.6353,109.7636,3964235
2017-04-11,109.4109,109.7828,108.3402,109.3661,5116927
2017-04-12,109.661,109.7636,109.007,109.4174,3427637
2017-04-13,108.9429,109.8661,108.6928,108.6928,3352953
2017-04-17,108.8339,109.8276,108.7505,109.6994,3891329
2017-04-18,109.5007,110.0777,108.8852,109.0262,6637393
2017-04-19,103.7112,104.2754,102.3263,103.6663,20171378
2017-04-20,103.4291,104.1215,102.9034,104.0574,6785193
2017-04-21,103.8971,103.9356,102.8264,102.8264,5865759
2017-04-24,103.4099,103.5894,102.8521,103.0636,5565348
2017-04-25,103.724,103.8907,102.8264,102.8328,5083978
2017-04-26,102.9226,103.288,102.5123,102.6213,4526879
2017-04-27,102.7687,102.8905,102.3456,102.7879,4312240
2017-04-28,102.9034,102.9611,102.3905,102.7687,4345189
2017-05-01,102.6148,102.852,101.7493,101.839,5162324
2017-05-02,102.2237,102.2558,101.7108,102.0057,3355777
2017-05-03,101.7749,102.2301,101.6339,101.7044,4176992
2017-05-04,101.8711,102.0314,101.5313,101.9737,4477508
2017-05-05,98.4282,99.8771,98.0948,99.4091,13097280
2017-05-08,98.9236,99.3573,98.5351,99.0725,7836632
2017-05-09,98.7941,99.1178,98.1208,98.4768,7168238
2017-05-10,98.179,98.6452,97.8424,97.9201,5229895
2017-05-11,97.7906,97.8553,96.9749,97.5316,5886783
2017-05-12,97.3051,97.9266,97.1108,97.3504,3886204
2017-05-15,97.5122,98.2956,97.4021,98.0884,4440793
2017-05-16,98.1855,99.694,98.1855,99.4933,5767330
2017-05-17,99.2473,99.7911,97.687,97.7129,5430309
2017-05-18,97.6676,97.9719,97.182,97.6158,3424813
2017-05-19,97.7647,98.7035,97.687,98.3927,5902578
2017-05-22,98.4704,98.9495,98.1467,98.82,3453997
2017-05-23,98.7746,99.4933,98.3538,98.425,2682467
2017-05-24,98.5416,98.8977,97.9071,98.7358,3904090
2017-05-25,99.2149,99.5256,99.0207,99.1825,2701504
2017-05-26,98.9559,99.053,98.4445,98.7229,2555692
2017-05-30,98.3733,98.8394,98.1402,98.2308,3834636
2017-05-31,98.4251,98.9236,98.1791,98.8135,3706396
2017-06-01,98.9235,98.9689,98.1661,98.8394,3052333
2017-06-02,99.0983,99.1825,98.2761,98.438,3750642
2017-06-05,98.2891,99.0077,98.1985,98.6711,4157955
2017-06-06,98.4057,98.9818,98.4057,98.6452,3971871
2017-06-07,99.0854,99.8299,97.6287,97.7453,5089522
2017-06-08,97.7582,98.9365,97.7064,98.4704,3879614
2017-06-09,98.4056,99.8688,98.3279,99.7652,4562129
2017-06-12,99.8235,101.7722,99.7134,100.4644,6769189
2017-06-13,100.6327,100.6586,99.7976,99.8623,3685581
2017-06-14,99.681,100.309,99.0142,99.5774,3189359
2017-06-15,99.2408,100.1472,99.2408,99.8429,4868398
2017-06-16,99.8494,100.6198,99.0336,100.5939,7052132
2017-06-19,100.678,100.9046,100.05,100.2443,4842457
2017-06-20,100.0112,100.6004,99.8623,100.3155,4687858
2017-06-21,100.8593,100.8593,99.3056,99.5645,4141846
2017-06-22,100.0565,100.3414,99.4997,99.9594,2485819
2017-06-23,99.9206,100.1407,99.571,99.7717,3433181
2017-06-26,100.1601,100.8334,100.1083,100.4967,2252561
2017-06-27,100.3479,100.568,100.0242,100.186,2496279
2017-06-28,100.445,100.7039,100.2054,100.555,2323166
2017-06-29,100.5744,100.8269,99.4544,99.7846,3412261
2017-06-30,99.8817,100.0242,99.1437,99.5904,3735789
2017-07-03,99.4285,101.0147,99.3897,100.7233,2952335
2017-07-05,100.8464,100.924,99.4609,99.4868,3728362
2017-07-06,99.2861,99.5904,98.5545,98.6387,2884345
2017-07-07,98.807,99.3703,98.4963,99.0142,2573265
2017-07-10,98.9948,99.6292,98.8135,99.3249,3353685
2017-07-11,99.2214,99.4739,98.438,99.176,3606085
2017-07-12,99.3638,99.8558,99.0854,99.5062,3240403
2017-07-13,99.5062,99.8235,99.176,99.4609,2590001
2017-07-14,99.7069,100.1018,99.312,99.8558,3406194
2017-07-17,99.435,99.6228,98.561,99.0595,4981680
2017-07-18,98.6387,99.8882,98.4056,99.7004,7914873
2017-07-19,97.1238,97.2727,94.9808,95.5117,14951106
2017-07-20,95.5117,96.3534,95.188,95.5959,7543961
2017-07-21,95.5506,95.7319,94.8514,95.2204,6808937
2017-07-24,95.1686,95.1945,94.3917,94.5147,4055970
2017-07-25,94.8902,95.4858,94.5406,94.6442,4402509
2017-07-26,94.696,94.819,93.5307,94.1069,4113290
2017-07-27,93.8738,94.1328,92.9933,93.9191,6726617
2017-07-28,93.7508,93.8997,93.1228,93.4141,3195321
2017-07-31,93.4724,93.8285,93.3365,93.6602,4556062
2017-08-01,93.8738,94.3076,93.6925,94.068,3367597
2017-08-02,93.9515,94.0615,93.3688,93.5177,3703781
2017-08-03,93.5048,94.0939,93.5048,93.835,3175028
2017-08-04,93.8738,94.1263,93.4854,93.9774,2666672
2017-08-07,93.8738,93.9321,92.4171,92.8833,4830742
2017-08-08,92.9029,93.4001,92.9029,92.9749,3450440
2017-08-09,92.7393,92.9225,92.373,92.7524,3060387
2017-08-10,92.6674,93.1777,92.3991,92.7982,4733568
2017-08-11,93.1973,93.2889,92.5889,92.7982,3142184
2017-08-14,92.9029,93.4001,92.8636,93.1122,2352036
2017-08-15,93.2627,93.7796,91.9739,92.9487,4896849
2017-08-16,92.7655,93.4983,92.6477,93.23,3439039
2017-08-17,93.2431,93.4852,92.0523,92.0523,4625517
2017-08-18,92.1636,92.3468,91.3196,91.3981,4343724
2017-08-21,91.3261,91.8692,91.0252,91.8103,3337472
2017-08-22,92.0131,92.3468,91.843,92.2552,2661442
2017-08-23,92.0524,93.5899,92.0393,92.9945,4234522
2017-08-24,93.23,94.002,93.0665,93.5179,3757441
2017-08-25,93.7534,94.3357,93.7207,94.0413,3005053
2017-08-28,94.2834,94.5778,93.1581,93.2366,5319956
2017-08-29,92.9683,93.8385,92.8375,93.6487,3147937
2017-08-30,93.7272,93.7403,93.1711,93.2693,2861856
2017-08-31,93.5702,93.9889,93.3151,93.5768,3824594
2017-09-01,93.544,94.5385,93.544,94.2637,3505878
2017-09-05,93.8843,94.4469,93.3608,93.5833,3239985
2017-09-06,94.1329,94.5189,93.8843,94.0936,3423872
2017-09-07,94.2768,94.6301,93.1712,93.4917,4380857
2017-09-08,93.6553,93.6553,92.6674,93.1973,3521045
2017-09-11,93.9104,94.9507,93.5637,94.774,4825616
2017-09-12,94.9376,95.7619,94.545,95.3628,5479053
2017-09-13,95.0946,95.7096,95.0881,95.5134,4289646
2017-09-14,95.4283,95.7685,95.1993,95.2189,3929717
2017-09-15,94.7479,94.9769,94.2637,94.7479,7737471
2017-09-18,94.7413,95.1797,94.388,94.5712,3158397
2017-09-19,94.7282,94.8526,94.3553,94.4665,3623762
2017-09-20,94.8198,95.4414,94.4862,95.4414,5698085
2017-09-21,95.2909,95.4479,94.931,95.0357,2673158
2017-09-22,95.2516,95.2516,94.5974,94.9507,2920746
2017-09-25,94.9441,95.5395,94.8068,95.4348,5452903
2017-09-26,95.7554,96.4489,95.4806,95.8862,4695076
2017-09-27,95.9647,96.1087,94.8852,95.2974,3663824
2017-09-28,95.2974,95.4283,94.3488,95.2974,2902441
2017-09-29,95.16,95.3171,94.8133,94.918,2776816
2017-10-02,95.0946,96.089,95.003,95.9517,3109967
2017-10-03,95.9713,96.305,95.7423,96.0302,2408624
2017-10-04,96.1741,96.1872,95.5919,95.8339,2347642
2017-10-05,95.9648,96.5274,95.8339,95.9909,2810079
2017-10-06,95.9386,96.076,95.7293,95.8339,2743867
2017-10-09,95.847,96.691,95.7488,96.4293,2806000
2017-10-10,96.6386,97.4499,96.5994,97.1555,4218100
2017-10-11,97.0901,97.1359,96.3573,96.5798,3872501
2017-10-12,96.5405,96.7564,96.0236,96.1937,3414458
2017-10-13,96.4881,96.7302,96.1349,96.2395,2621904
2017-10-16,96.3181,96.6125,95.8536,96.0629,3192497
2017-10-17,95.932,96.2526,95.6376,95.8732,6665530
2017-10-18,102.7951,105.484,102.6839,104.3718,31892749
2017-10-19,104.5485,105.3074,104.084,105.2682,10370253
2017-10-20,105.3794,106.3018,104.5288,106.0336,8230765
2017-10-23,106.0205,106.3215,104.3783,104.3849,6045252
2017-10-24,104.4503,104.483,101.5193,101.9838,8571656
2017-10-25,102.0689,102.3044,100.1388,100.4267,7239471
2017-10-26,100.9567,101.4866,100.4529,100.4922,4498323
2017-10-27,101.1071,101.166,100.0407,100.5445,5120379
2017-10-30,100.5968,101.1398,99.9099,100.9894,4404078
2017-10-31,100.9697,101.3623,100.0538,100.7931,4527402
2017-11-01,100.8193,101.3426,100.6426,100.7735,3389249
2017-11-02,100.8716,101.0744,100.0407,100.3286,3553890
2017-11-03,100.3744,100.4071,99.1117,99.1706,4635663
2017-11-06,99.2949,99.3276,98.3201,98.6864,4705326
2017-11-07,99.0332,99.1248,98.464,99.0201,3871351
2017-11-08,99.1836,99.3079,98.32,99.164,4847582
2017-11-09,99.0715,100.3072,99.0252,99.316,4996219
2017-11-10,99.5473,99.7059,98.5495,98.5627,4505436
2017-11-13,98.3777,98.457,97.7433,98.0605,5342445
2017-11-14,97.7632,98.4372,97.4592,98.3843,3930868
2017-11-15,97.7962,98.2654,96.6134,97.2015,4992872
2017-11-16,97.6178,98.8865,97.4658,98.5363,5697039
2017-11-17,98.6816,99.2169,98.3446,98.4371,5142659
2017-11-20,99.5407,100.4063,99.0517,99.4548,5937619
2017-11-21,99.9768,100.7367,99.9107,100.4063,3928985
2017-11-22,100.4394,100.6971,99.9966,100.2874,3361426
2017-11-24,100.4063,100.5715,99.9966,100.3336,1247878
2017-11-27,100.479,100.7631,100.1883,100.4261,3529204
2017-11-28,100.6706,101.0539,100.2411,100.7499,4156490
2017-11-29,100.9746,101.5032,100.5517,101.4636,5333240
2017-11-30,101.5296,102.0318,101.153,101.7411,6799837
2017-12-01,102.0252,102.4349,101.0406,102.2631,5824023
2017-12-04,103.056,103.6111,102.4679,103.3864,4878858
2017-12-05,103.3798,103.5715,102.2102,102.653,5301128
2017-12-06,101.827,103.2279,101.8204,101.827,3567592
2017-12-07,101.49,102.0583,101.2719,101.4768,3944571
2017-12-08,102.4085,102.4415,101.4635,102.2961,3682234
2017-12-11,102.7256,103.0098,102.1375,102.6926,4291424
2017-12-12,103.9415,104.305,102.5275,103.5715,6612603
2017-12-13,103.479,103.5649,101.6882,101.7014,5922034
2017-12-14,102.1574,102.4944,101.5627,101.7609,4850720
2017-12-15,101.5032,101.6288,100.4592,100.7697,11798775
2017-12-18,101.49,101.8798,101.2389,101.3182,5327069
2017-12-19,101.7939,101.8732,101.1596,101.2521,4305754
2017-12-20,101.5296,101.6882,100.9548,101.0671,3959842
2017-12-21,101.2125,101.4041,100.1023,100.1089,4344979
2017-12-22,100.3204,101.1001,100.109,100.7697,3128168
2017-12-26,100.7763,101.6684,100.7697,100.9878,2593034
2017-12-27,101.0671,101.2191,100.8424,101.186,2248168
2017-12-28,101.2323,101.8402,101.2323,101.7873,2811230
2017-12-29,101.8732,102.2367,101.3776,101.3776,3480147
2018-01-02,102.0913,102.2961,101.4569,101.9261,4395815
2018-01-03,103.9679,105.6001,103.3005,104.7278,9875914
2018-01-04,105.4943,107.2586,105.3093,106.849,7903785
2018-01-05,107.338,107.6419,106.4525,107.371,5434807
2018-01-08,107.4833,108.3093,106.8489,108.0185,5478425
2018-01-09,108.3027,108.719,107.7476,108.2564,4541523
2018-01-10,107.6485,108.5868,107.3776,108.4877,4366109
2018-01-11,108.8974,108.9899,107.9062,108.5009,3969047
2018-01-12,108.3819,108.8577,107.7278,107.8005,5263367
2018-01-16,109.0956,109.2212,107.9393,108.2697,8152733
2018-01-17,111.0185,111.7586,110.5229,111.4414,12248660
2018-01-18,112.3335,113.0801,111.111,111.752,14915228
2018-01-19,108.6727,109.2939,106.5847,107.2917,22146435
2018-01-22,106.7234,108.3555,106.4591,107.4436,8870917
2018-01-23,107.589,109.8621,107.3842,109.8555,7809645
2018-01-24,110.1859,111.4877,108.9106,109.2741,5904670
2018-01-25,109.6309,110.2057,109.1551,109.3401,3454415
2018-01-26,109.7696,110.622,109.5516,110.5758,3962143
2018-01-29,110.6485,111.2696,109.6969,110.219,3678782
2018-01-30,109.8291,110.1991,107.8137,108.1176,5127806
2018-01-31,108.2036,109.0229,107.5494,108.1705,4260149
2018-02-01,107.8335,108.4546,106.9811,107.3115,4638173
2018-02-02,106.849,107.0472,104.9789,105.0847,5493487
2018-02-05,104.3314,104.7344,99.1178,100.7896,9148944
2018-02-06,99.3094,102.7455,98.5297,102.6463,10321614
2018-02-07,101.8732,102.6463,101.2851,101.6618,6432063
2018-02-08,101.7485,102.2023,98.4254,98.4855,7090939
2018-02-09,99.1594,100.454,96.3568,99.7667,8188402
2018-02-12,100.6942,101.6952,100.2939,101.0279,6151944
2018-02-13,100.6942,100.881,99.8534,100.5941,5115986
2018-02-14,100.2204,103.4301,100.0937,103.27,5731034
2018-02-15,103.7638,104.6713,102.5626,104.1041,5882286
2018-02-16,103.9039,105.2918,103.8905,104.2175,4479913
2018-02-20,103.9573,104.0707,102.6761,103.5369,4696122
2018-02-21,103.717,104.6245,102.6961,102.7361,3900116
2018-02-22,103.0964,103.4568,101.9554,102.2156,4209732
2018-02-23,102.963,103.9973,102.8095,103.7771,3405881
2018-02-26,103.9706,106.0192,103.7704,105.819,3776374
2018-02-27,105.7389,106.6198,104.4511,104.4644,4432216
2018-02-28,105.0983,105.5254,103.9639,103.9839,3978461
2018-03-01,103.7838,104.7447,101.9554,102.636,4225108
2018-03-02,101.9554,103.27,101.3482,103.0898,3411111
2018-03-05,102.8429,105.0917,102.596,104.7313,3839448
2018-03-06,104.9515,105.3586,103.5369,103.9106,3855242
2018-03-07,103.4301,105.9858,103.25,105.6455,4819654
2018-03-08,106.0993,106.4796,103.4768,104.2375,6752558
2018-03-09,105.0783,106.4863,104.9649,106.3061,5253221
2018-03-12,106.5264,107.4472,106.0125,106.9401,5296421
2018-03-13,106.8266,108.1745,105.9725,106.3128,4378138
2018-03-14,106.88,107.2203,105.2585,105.512,3798863
2018-03-15,105.9058,107.6007,105.779,106.5063,4048648
2018-03-16,106.8066,108.0878,106.5264,106.9401,9688784
2018-03-19,106.573,106.6932,104.3977,104.9982,5734172
2018-03-20,105.1117,105.3853,103.6236,104.2309,4536188
2018-03-21,104.4778,105.5655,104.044,104.5578,3642381
2018-03-22,103.4301,103.5969,101.4282,101.4883,4964630
2018-03-23,101.5951,101.8153,99.1194,99.353,4645181
2018-03-26,100.9011,102.5359,100.2805,102.3424,4292679
2018-03-27,102.7294,103.3433,100.8677,101.3681,4062350
2018-03-28,101.4749,102.6694,101.3548,101.7752,3833381
2018-03-29,102.1422,102.6894,100.8143,102.3824,3577320
2018-04-02,102.3224,102.3491,99.046,100.1404,5387318
2018-04-03,100.6275,100.7609,98.9593,99.9936,4325942
2018-04-04,98.6857,103.0764,98.3921,102.8429,5026344
2018-04-05,103.0564,103.3767,102.3224,102.7828,3331928
2018-04-06,102.4025,102.7294,99.7867,100.474,3841853
2018-04-09,101.2948,103.2032,101.2548,101.8887,4616207
2018-04-10,103.4501,104.4977,103.2633,103.6903,3981494
2018-04-11,103.0097,103.9506,102.6827,103.6703,3458599
2018-04-12,104.5979,106.0859,104.5445,105.4787,5898812
2018-04-13,105.8791,106.2461,104.0374,104.5712,4243727
2018-04-16,105.4253,106.1927,105.2118,105.3586,4379393
2018-04-17,105.9792,108.1012,105.7723,107.3738,10677045
2018-04-18,101.5217,101.8486,98.9326,99.2862,21319258
2018-04-19,99.5531,99.5665,97.8382,98.5589,8458061
2018-04-20,98.6923,98.739,96.4302,96.6904,8645818
2018-04-23,96.7772,97.3978,96.3101,97.3311,5560118
2018-04-24,97.7648,98.292,96.4436,97.1309,5142659
2018-04-25,97.2844,97.6914,96.1633,97.3845,7663414
2018-04-26,97.8249,98.332,97.5579,97.9049,4462027
2018-04-27,97.985,98.2586,97.1976,97.7448,3352953
2018-04-30,97.9984,98.3453,96.7305,96.7305,4618613
2018-05-01,96.5236,96.7705,95.7362,96.7572,4637336
2018-05-02,96.3968,96.6371,94.802,95.0556,5433865
2018-05-03,94.8421,94.9088,93.354,94.7487,5249456
2018-05-04,94.1548,96.3234,93.6076,96.0298,4604701
2018-05-07,96.0899,96.3035,95.1824,95.5694,3825222
2018-05-08,95.4226,95.7629,94.7954,95.4226,5616079
2018-05-09,95.7397,96.4954,95.3214,96.2188,4389016
2018-05-10,96.5831,97.3792,96.4886,97.3185,3898024
2018-05-11,97.2308,97.7301,96.8732,97.2511,3214567
2018-05-14,97.4737,97.9123,97.251,97.359,3364041
2018-05-15,96.8193,97.1499,96.4279,96.9812,4277512
2018-05-16,96.9542,97.8515,96.6641,97.5817,3314460
2018-05-17,97.4939,97.9595,97.0014,97.4939,3292494
2018-05-18,97.4737,97.7908,97.1498,97.2106,2805581
2018-05-21,97.7976,98.533,97.6154,98.1619,3027856
2018-05-22,98.1821,98.6409,97.8313,97.892,2389064
2018-05-23,97.3927,97.6289,96.8057,97.6086,3618846
2018-05-24,97.4197,97.4804,96.4481,97.2038,3555040
2018-05-25,97.0891,97.5411,96.7922,96.9137,5140358
2018-05-29,96.1648,96.4077,94.5995,95.2809,4746330
2018-05-30,95.7397,96.5494,95.6858,96.2255,5353951
2018-05-31,96.3537,96.3537,95.1662,95.3417,7144494
2018-06-01,96.0973,96.3739,95.5508,95.7735,4034945
2018-06-04,96.0096,96.5966,95.9287,96.5089,3174924
2018-06-05,96.5156,97.2106,96.5089,96.9542,2966456
2018-06-06,97.386,97.6424,96.8462,97.6356,3368225
2018-06-07,97.8313,98.9783,97.7841,98.0742,4515059
2018-06-08,97.8313,98.7961,97.4062,98.6004,5450183
2018-06-11,98.9243,99.4573,98.6005,98.8973,3409960
2018-06-12,99.2481,99.5315,98.9243,99.093,2761963
2018-06-13,99.039,99.4978,98.6409,98.7421,3104737
2018-06-14,98.9445,99.1672,97.892,97.9662,3479310
2018-06-15,97.7638,98.1484,96.9541,98.0944,9535336
2018-06-18,97.278,97.5074,96.5763,97.4804,4483574
2018-06-19,96.5628,97.305,96.4481,97.0891,3647402
2018-06-20,97.305,97.5074,96.0838,96.2323,3483075
2018-06-21,96.2053,96.5764,95.0178,95.3012,4066534
2018-06-22,95.5643,95.679,94.9841,95.3214,5869420
2018-06-25,94.7277,94.7277,93.2973,93.6414,9348207
2018-06-26,94.026,94.3566,93.331,93.8371,4329917
2018-06-27,93.8573,94.3094,92.7373,92.7576,4290483
2018-06-28,93.1759,94.8221,93.0746,94.4848,4731790
2018-06-29,94.6737,95.3754,94.1947,94.2554,3880765
2018-07-02,93.2973,94.6062,93.2433,94.3633,3562048
2018-07-03,94.8963,95.092,94.0327,94.1677,2053507
2018-07-05,94.7817,95.4226,94.4106,95.4226,3916956
2018-07-06,95.4901,96.4414,95.2472,96.131,2980054
2018-07-09,96.2053,97.6424,96.1243,97.4197,4084316
2018-07-10,97.5007,98.2294,97.332,97.6356,3950742
2018-07-11,97.1566,98.6342,97.1566,97.7908,3688824
2018-07-12,98.4048,99.066,98.3306,98.8096,3262997
2018-07-13,98.8096,99.1672,98.371,98.4385,3203480
2018-07-16,98.2833,98.3643,97.2983,98.1416,3628365
2018-07-17,97.6626,97.8313,96.7113,96.8125,5331148
2018-07-18,96.826,97.6964,96.3065,97.5074,7254324
2018-07-19,99.7542,101.5691,99.3494,100.692,15329967
2018-07-20,100.2467,100.4356,98.6814,98.7421,6709672
2018-07-23,98.7421,98.9783,97.838,98.3036,4077203
2018-07-24,98.9783,99.2077,98.452,98.7624,4070614
2018-07-25,98.5127,98.9446,98.1686,98.9243,3797921
2018-07-26,99.4708,100.7122,98.931,98.985,4997788
2018-07-27,99.1065,99.2752,97.6019,97.9325,3921768
2018-07-30,97.6964,98.6679,97.6222,98.1619,3774177
2018-07-31,98.3305,98.371,97.2645,97.784,5726013
2018-08-01,97.6694,97.9595,96.7113,96.8193,3544266
2018-08-02,96.3874,96.7248,96.0298,96.4549,4018104
2018-08-03,96.6438,99.8014,96.4819,99.653,8424066
2018-08-06,99.147,99.3156,98.2159,98.5262,4093730
2018-08-07,98.9445,99.6125,98.7421,99.1874,3670205
2018-08-08,99.4033,99.4708,98.6679,99.1065,3745831
2018-08-09,99.2497,99.5293,98.7041,98.7313,3235801
2018-08-10,98.5472,98.936,98.1244,98.5336,3141243
2018-08-13,98.3085,98.4108,97.2037,97.3265,2989991
2018-08-14,97.5243,98.0835,97.4765,97.7698,2991560
2018-08-15,97.2174,98.2063,96.8423,98.1449,4436609
2018-08-16,98.4586,99.352,98.4586,99.1201,5492232
2018-08-17,98.745,99.8362,98.6768,99.6111,2801816
2018-08-20,99.8225,100.3613,99.6725,99.918,2614686
2018-08-21,100.2522,100.3341,99.4952,99.5498,3249817
2018-08-22,99.577,99.6793,99.0178,99.0519,2498894
2018-08-23,98.9155,99.2429,98.7177,99.1406,2322538
2018-08-24,99.2019,99.6316,98.7996,99.5975,2904324
2018-08-27,100.2113,100.675,99.9248,100.0408,3652214
2018-08-28,100.2181,100.2454,99.6998,99.9726,2568244
2018-08-29,100.1636,100.8865,99.9794,100.6205,3298875
2018-08-30,100.2726,100.4568,99.0587,99.5224,3494058
2018-08-31,99.3792,100.1021,99.2565,99.8976,3648971
2018-09-04,99.5566,99.6998,98.7587,99.352,3479205
2018-09-05,99.0178,100.0817,98.9223,100.0203,3270319
2018-09-06,100.1704,100.7023,99.2565,99.8362,4444245
2018-09-07,99.5293,99.9112,98.9701,99.1951,4908983
2018-09-10,99.9794,100.4568,99.2702,99.3315,3784742
2018-09-11,99.5702,100.2454,99.0587,99.9044,3529936
2018-09-12,99.8226,100.9206,99.5907,99.959,4714008
2018-09-13,100.4909,101.6162,100.334,101.5821,5592439
2018-09-14,101.5139,101.8208,100.7842,101.1593,3610897
2018-09-17,101.2343,101.6639,100.7774,100.8933,3715287
2018-09-18,100.7705,101.6093,100.5727,101.3161,3796352
2018-09-19,101.3638,102.2709,101.0911,101.6571,4441525
2018-09-20,102.0117,103.2393,101.9162,103.0824,6226001
2018-09-21,103.3075,104.0713,102.8028,103.2188,20865085
2018-09-24,103.0484,103.1166,101.9299,102.3186,4461190
2018-09-25,102.2368,102.5778,101.1797,101.5548,4599785
2018-09-26,103.9349,104.5828,103.212,103.3962,7742387
2018-09-27,103.6689,103.9281,103.0892,103.3211,3637570
2018-09-28,103.0892,103.4098,102.8369,103.1234,3457867
2018-10-01,103.4644,104.6306,103.4644,104.3441,3930240
2018-10-02,104.3373,104.917,104.0031,104.8556,3169275
2018-10-03,105.0261,105.2716,104.2077,104.4942,3467804
2018-10-04,103.4508,104.2078,102.5437,103.1916,4432843
2018-10-05,102.912,103.5189,100.8455,101.6366,4813901
2018-10-08,101.2752,101.6639,100.375,101.2002,3388308
2018-10-09,100.9888,101.1797,100.2045,100.4159,3809950
2018-10-10,100.5932,100.7228,97.1833,97.3128,5802894
2018-10-11,97.2651,98.3358,94.6463,94.81,9111183
2018-10-12,96.2421,96.5286,94.8509,96.058,6865316
2018-10-15,95.7375,97.0196,95.5738,96.2489,5193913
2018-10-16,97.4765,99.1951,96.5558,98.9701,9095493
2018-10-17,92.6753,93.5346,90.9908,91.4205,20359344
2018-10-18,90.5202,90.9772,88.6857,89.0335,10472238
2018-10-19,89.1017,89.9474,87.2672,88.0446,8150014
2018-10-22,88.372,88.9585,87.5672,88.6721,5982597
2018-10-23,87.9901,89.9542,87.574,89.4836,6760926
2018-10-24,89.4563,89.811,86.6125,86.7557,5972974
2018-10-25,86.7829,87.1512,85.3439,86.2374,10778298
2018-10-26,85.3917,85.7804,84.3687,85.1053,9170282
2018-10-29,81.3884,84.5324,80.6792,81.593,21391118
2018-10-30,82.1659,82.8615,78.5309,78.7014,22445696
2018-10-31,79.4447,79.4516,77.808,78.7218,22640670
2018-11-01,78.7696,79.7926,78.5036,79.6766,14253528
2018-11-02,80.1404,80.3041,78.1149,78.8855,11079964
2018-11-05,79.1788,82.3637,79.1106,81.8794,9565252
2018-11-06,82.3159,84.4369,82.05,83.9663,10038880
2018-11-07,84.4233,85.2894,83.4276,85.1393,12952304
2018-11-08,84.718,85.9198,84.6973,85.2153,10874634
2018-11-09,85.3742,86.0372,84.2346,85.3258,7282043
2018-11-12,85.2982,85.3466,83.3298,83.5025,5626539
2018-11-13,83.7027,84.4348,82.8118,83.461,4272282
2018-11-14,83.6475,84.2138,82.722,83.019,4981366
2018-11-15,82.646,83.8754,82.5424,83.8754,5447463
2018-11-16,83.4956,84.1586,83.2538,83.9652,4263810
2018-11-19,84.0067,84.3865,82.722,83.095,4321235
2018-11-20,81.8379,82.5286,80.6016,80.947,6520555
2018-11-21,81.2301,82.5424,81.0782,81.8932,5581247
2018-11-23,81.5617,81.7343,80.7467,80.9401,2442096
2018-11-26,81.7551,83.0535,81.5409,82.577,5241611
2018-11-27,81.762,82.9085,81.7551,82.9016,5129375
2018-11-28,83.5785,85.0151,83.0328,84.9529,5339307
2018-11-29,84.5661,85.0357,83.8478,83.903,5439305
2018-11-30,84.0274,86.1201,83.903,85.83,7585174
2018-12-03,86.797,87.4324,85.8922,86.5483,6115334
2018-12-04,85.982,86.279,83.7994,83.9859,6276732
2018-12-06,82.6875,85.5814,82.3974,85.5814,7257148
2018-12-07,85.5745,85.6781,82.1004,82.425,7342502
2018-12-10,82.7013,84.0412,81.8587,83.6613,6850777
2018-12-11,85.1255,85.5123,82.8808,83.4955,5275083
2018-12-12,84.6145,84.87,83.5715,83.682,3724283
2018-12-13,83.7511,84.1172,82.9983,83.3851,4177306
2018-12-14,82.5355,83.6475,82.4941,82.8118,4763693
2018-12-17,82.2385,82.7289,79.4758,80.1872,7713727
2018-12-18,80.7398,81.6584,80.132,80.5671,6579549
2018-12-19,80.9125,83.0674,80.0975,80.4152,7300871
2018-12-20,79.9109,80.429,77.1483,78.0599,8843302
2018-12-21,77.7008,79.6209,76.278,76.6234,10864279
2018-12-24,75.905,76.6648,74.2474,74.2958,3997184
2018-12-26,74.5928,76.9342,73.17,76.9342,6951507
2018-12-27,75.9672,78.5849,75.6081,78.5849,6323698
2018-12-28,78.8888,79.2893,77.7008,78.0669,5352905
2018-12-31,78.2741,78.9786,77.6456,78.5089,5212009
2019-01-02,77.3623,80.1043,77.1413,79.5725,4434935
2019-01-03,79.1029,79.3446,77.832,77.984,4546648
2019-01-04,79.3653,81.1473,79.0407,81.0298,4683779
2019-01-07,81.1542,82.0728,80.5809,81.6031,3923755
2019-01-08,82.646,83.2746,82.1764,82.7635,4982726
2019-01-09,83.5094,83.8478,82.7911,83.3574,3800850
2019-01-10,82.9361,84.1655,82.8463,84.1172,4089860
2019-01-11,83.9721,83.9998,83.019,83.8892,3893630
2019-01-14,83.2331,83.3298,82.7151,83.1502,5469220
2019-01-15,83.5439,84.2139,83.4472,84.0757,3668845
2019-01-16,83.9721,84.2622,83.4541,83.9997,4017791
2019-01-17,83.2676,84.5454,83.2607,84.3934,5261275
2019-01-18,85.1393,86.1408,84.7526,85.5192,6284891
2019-01-22,85.1601,85.5054,83.9445,84.6214,10514810
2019-01-23,90.7338,93.2409,90.0017,91.7836,23078630
2019-01-24,91.604,92.0046,90.7752,91.535,6613753
2019-01-25,91.7698,92.8542,91.4659,92.5296,5969940
2019-01-28,91.9287,93.1097,91.5695,92.7368,5604154
2019-01-29,92.7506,93.5241,92.274,92.7782,5268807
2019-01-30,92.5503,93.2617,92.0323,92.8128,4707941
2019-01-31,92.8611,93.0475,92.3707,92.8403,5108664
2019-02-01,93.2202,93.3791,92.1013,92.6193,3981076
2019-02-04,92.5641,93.3791,91.8527,93.3722,4149064
2019-02-05,93.4343,93.8073,93.1857,93.6208,5647249
2019-02-06,93.3929,94.3806,93.3584,94.1527,5104166
2019-02-07,93.3142,93.957,92.315,93.0626,4580852
2019-02-08,92.4687,93.426,92.3639,93.426,3399291
2019-02-11,93.8312,94.4321,93.5657,93.6216,3237475
2019-02-12,94.4321,95.1658,94.2295,95.061,3469791
2019-02-13,95.6689,96.3676,95.3125,96.0881,4448638
2019-02-14,95.8436,96.144,95.1728,95.3614,2917712
2019-02-15,96.1301,96.5563,95.9973,96.4445,4020929
2019-02-19,96.2908,96.9126,95.9763,96.9126,3541442
2019-02-20,96.9545,97.2899,95.8785,96.4235,3976892
2019-02-21,96.2977,96.668,95.9693,96.3117,3072416
2019-02-22,96.9336,97.3877,96.724,97.2969,3256930
2019-02-25,97.821,98.1494,97.3458,97.4436,3341133
2019-02-26,97.5904,98.1633,97.4506,97.6253,3201178
2019-02-27,97.2969,97.5205,96.703,97.241,2647321
2019-02-28,96.9615,97.1641,96.2278,96.5143,3616859
2019-03-01,97.3388,97.8489,96.8707,97.262,3169380
2019-03-04,97.8139,97.8768,95.8435,96.7239,3563617
2019-03-05,96.682,96.9406,96.1161,96.3397,4445814
2019-03-06,96.5073,96.696,95.5291,95.7108,2895642
2019-03-07,95.4523,95.6479,94.0688,94.5789,4559305
2019-03-08,93.7754,94.495,93.3352,94.3902,3947186
2019-03-11,95.047,96.2348,94.9143,96.2209,4120508
2019-03-12,96.7868,97.6113,96.3257,96.6191,4136616
2019-03-13,96.4584,97.3458,96.3187,96.8148,3319167
2019-03-14,96.7799,97.0803,96.4654,96.9755,2864576
2019-03-15,97.3808,98.0515,97.2829,97.4227,7482770
2019-03-18,97.7022,98.0795,96.9266,97.9677,3418851
2019-03-19,98.4917,99.0087,97.8209,98.1633,3642486
2019-03-20,98.1913,98.31,97.1082,97.5414,3817377
2019-03-21,97.1921,99.3022,97.0384,98.8271,3771248
2019-03-22,98.4987,98.8271,97.0524,97.4367,4055551
2019-03-25,97.1641,97.7581,96.6681,97.248,2970431
2019-03-26,97.772,98.5336,97.4157,97.9747,2671170
2019-03-27,98.1074,98.1633,96.703,97.2899,3240717
2019-03-28,97.758,98.1284,97.1921,97.765,2786439
2019-03-29,98.1703,98.6734,97.9257,98.5895,3244064
2019-04-01,98.876,100.2036,98.876,100.1267,4167578
2019-04-02,100.1616,100.5809,99.6376,99.9171,2515421
2019-04-03,100.3713,100.7695,99.9241,100.3573,2804535
2019-04-04,100.3503,100.7136,99.5957,99.7634,2898571
2019-04-05,100.1197,100.2665,99.5398,100.1127,2857463
2019-04-08,99.9311,100.2105,99.8263,100.1896,2215637
2019-04-09,99.6795,99.8822,99.1066,99.2952,3178271
2019-04-10,99.3581,100.2665,99.2044,99.9311,2801188
2019-04-11,100.4761,100.6927,99.9381,100.4621,3077332
2019-04-12,100.7975,100.9233,100.4062,100.8604,3032249
2019-04-15,100.8953,100.9372,100.1057,100.5459,3768947
2019-04-16,100.8953,101.587,100.6298,101.4124,6591578
2019-04-17,95.9833,99.2044,95.2077,97.1991,13101882
2019-04-18,97.1222,98.1633,96.9126,98.0515,5188160
2019-04-22,97.4157,98.2122,96.7589,97.0454,4700724
2019-04-23,97.227,98.4638,97.0803,98.1284,4667461
2019-04-24,98.2402,98.7363,97.6672,97.786,2902545
2019-04-25,97.6113,97.6463,96.2209,96.8637,3043965
2019-04-26,97.3598,97.7441,96.9895,97.4297,2426511
2019-04-29,97.227,97.5624,96.9895,97.1572,3094382
2019-04-30,97.1991,98.1283,96.8986,98.0096,4852185
2019-05-01,98.2052,99.0856,97.9397,98.2122,3194170
2019-05-02,98.1703,98.7153,97.4087,97.5345,3704304
2019-05-03,97.6113,98.5197,97.5624,97.9956,2698575
2019-05-06,96.6331,98.303,96.3536,98.0864,2921792
2019-05-07,97.227,97.4786,95.1588,96.172,4944233
2019-05-08,96.2628,96.9126,95.8156,96.4235,3994569
2019-05-09,95.37,95.8579,94.055,95.6882,4385564
2019-05-10,95.363,95.9781,93.6237,95.674,4160570
2019-05-13,94.2317,94.4368,92.5915,92.9167,5186068
2019-05-14,93.1995,94.967,93.1005,94.2529,3431298
2019-05-15,93.7439,95.1579,93.5883,95.0236,2668346
2019-05-16,95.264,96.2326,95.1933,96.07,3156096
2019-05-17,95.2216,95.7377,94.6984,94.967,2739579
2019-05-20,94.4085,95.7518,93.9843,95.5326,3414667
2019-05-21,96.2397,96.9043,96.0063,96.473,2618661
2019-05-22,96.1548,96.6851,95.9498,96.4023,1934891
2019-05-23,95.5397,95.5397,92.2238,93.6025,5589196
2019-05-24,94.4085,94.9175,93.0369,93.5247,2715521
2019-05-28,93.4187,93.7792,92.1036,92.2379,5134605
2019-05-29,91.9127,92.1107,90.7249,91.6935,3848234
2019-05-30,91.7289,91.8915,91.1562,91.6087,2868027
2019-05-31,90.8098,90.8098,89.6856,89.7846,3702108
2019-06-03,89.8624,90.8946,89.8341,90.6896,4463177
2019-06-04,91.6016,93.85,91.2693,93.8146,4093521
2019-06-05,94.3024,94.465,92.245,92.9662,3306720
2019-06-06,93.4611,93.7863,92.549,93.4823,2403917
2019-06-07,93.659,95.2498,93.4752,94.2529,2670856
2019-06-10,95.0095,95.6953,94.6771,95.264,3045220
2019-06-11,95.674,96.48,95.4831,96.1195,3564036
2019-06-12,95.8437,96.1124,95.0307,95.3559,2358416
2019-06-13,95.5397,96.3457,95.5114,95.9851,3091244
2019-06-14,95.7589,96.07,95.0448,95.5539,2294192
2019-06-17,95.7235,96.176,95.2357,95.4124,2295029
2019-06-18,95.5892,96.9962,95.5892,96.4235,3048776
2019-06-19,96.4588,97.8234,96.3245,96.9184,2491990
2019-06-20,98.2264,98.6577,97.7103,98.1699,3212266
2019-06-21,97.88,98.6577,97.8446,98.4173,5531980
2019-06-24,98.4173,99.089,98.3112,98.5233,2286556
2019-06-25,98.6011,98.6647,97.6608,97.8234,2930055
2019-06-26,98.184,98.7567,97.8587,97.9365,2389692
2019-06-27,98.0779,98.488,97.5335,97.9365,2248691
2019-06-28,97.9719,98.3749,97.4558,97.4982,6436979
2019-07-01,98.7001,100.0363,98.4738,98.898,3533074
2019-07-02,98.8062,99.2869,98.6082,99.1385,2520546
2019-07-03,99.492,100.2697,99.287,100.0718,2019198
2019-07-05,99.598,100.0364,98.9193,99.9586,2232896
2019-07-08,99.7253,99.895,99.1738,99.3859,2505484
2019-07-09,99.4142,99.6829,98.3678,98.5092,3519999
2019-07-10,98.9829,100.3333,98.8344,99.3152,2629539
2019-07-11,99.5415,100.1,99.195,99.8596,2231013
2019-07-12,100.3404,101.0474,100.1566,100.9201,2914365
2019-07-15,101.0262,101.4646,100.4818,101.3302,2477242
2019-07-16,101.2242,101.8393,101.1181,101.4787,3634536
2019-07-17,101.5352,101.6696,100.3616,101.1535,6343258
2019-07-18,100.7505,106.2723,100.5384,105.7915,13276460
2019-07-19,106.0249,107.1702,105.735,105.8269,7626072
2019-07-22,106.1663,107.4248,105.841,105.8693,4280860
2019-07-23,106.4561,106.5622,104.9077,106.3218,3914341
2019-07-24,106.138,107.0783,105.4875,106.0743,3088210
2019-07-25,105.9258,106.4914,105.0703,106.3288,3244797
2019-07-26,106.7601,107.05,106.1238,107.0147,3037898
2019-07-29,106.8379,107.0995,106.2794,106.6753,2170973
2019-07-30,106.0531,106.3359,105.5017,105.8905,2753804
2019-07-31,105.841,106.1804,103.5008,104.8088,3894153
2019-08-01,105.2754,108.0469,104.9926,106.2794,6635824
2019-08-02,105.3673,108.1388,102.9352,104.1088,8474378
2019-08-05,102.5039,102.5887,98.3819,99.5202,7442185
2019-08-06,100.4182,100.7292,98.4951,99.499,5303952
2019-08-07,98.0921,98.686,96.4447,98.3537,6204767
2019-08-08,99.0404,100.4496,98.5468,100.2207,5503111
2019-08-09,99.6269,99.6556,96.8228,97.3807,5485852
2019-08-12,97.0446,97.1948,95.2705,95.621,4271759
2019-08-13,95.714,97.6955,95.0058,97.1376,4730117
2019-08-14,95.7927,95.9716,93.6967,93.8899,5349453
2019-08-15,93.8684,94.6911,93.1745,94.3692,3910889
2019-08-16,95.1703,96.2791,95.1059,95.6854,3150552
2019-08-19,96.4866,97.5239,96.4866,96.6011,3310695
2019-08-20,96.7441,96.7727,95.0058,95.1417,3157456
2019-08-21,96.5438,97.2449,95.714,96.0359,2934762
2019-08-22,96.3507,97.0589,95.7212,96.086,2818865
2019-08-23,95.5924,96.0431,92.1587,92.6881,5040046
2019-08-26,93.7468,93.9256,92.3948,92.9885,2964259
2019-08-27,93.8541,94.2118,93.2174,93.8326,4945488
2019-08-28,93.3104,95.063,93.0243,94.97,2838426
2019-08-29,95.9858,97.066,95.8857,96.4866,3108503
2019-08-30,96.9873,97.3379,96.1146,96.9516,3096788
2019-09-03,96.4651,96.5009,95.3778,95.9286,2957983
2019-09-04,97.0803,97.5954,96.6797,97.5167,2351303
2019-09-05,98.9331,101.3653,98.7543,100.8431,5242134
2019-09-06,101.2365,101.2437,100.4783,100.5569,2695333
2019-09-09,100.5713,102.3096,100.4783,102.0091,4421024
2019-09-10,102.2953,104.055,102.2666,103.7617,5208766
2019-09-11,103.6186,103.8118,102.0878,102.7245,4047706
2019-09-12,103.0321,103.0392,101.494,102.7388,2620648
2019-09-13,103.2395,103.4756,102.4813,102.7745,2308104
2019-09-16,101.9805,102.7531,101.7731,101.9233,2017211
2019-09-17,101.9233,101.9233,100.6213,101.723,3068127
2019-09-18,101.6157,101.7945,100.514,101.7373,2074846
2019-09-19,101.9089,103.7474,101.9018,102.2738,3232035
2019-09-20,102.4741,102.889,101.4511,101.494,5432296
2019-09-23,101.0005,101.7373,100.5498,101.63,1901523
2019-09-24,101.9376,102.2166,100.9146,101.351,3380254
2019-09-25,101.3939,102.7459,100.7644,102.4097,2642928
2019-09-26,102.4168,102.9247,101.1578,102.6887,2416051
2019-09-27,103.3039,103.7903,101.8517,102.4669,2465213
2019-09-30,102.8175,104.8491,102.8175,104.0264,4171866
2019-10-01,104.148,105.407,102.6815,102.7674,3096997
2019-10-02,101.7158,101.773,100.5569,101.3581,3494477
2019-10-03,101.3081,101.63,99.5626,101.5942,3063525
2019-10-04,101.6228,102.3382,100.886,102.2881,2524626
2019-10-07,101.7659,102.0806,101.0219,101.0648,2538119
2019-10-08,100.3209,100.4854,98.8973,98.9903,3373768
2019-10-09,99.9847,100.3853,99.2836,99.9131,2741357
2019-10-10,99.9846,101.4225,99.8344,100.9575,2713010
2019-10-11,102.1307,103.3683,102.0162,102.1236,3134653
2019-10-14,101.8016,101.8875,101.0935,101.6085,2415737
2019-10-15,101.9662,102.8103,101.444,102.2953,3164673
2019-10-16,101.9304,102.2595,101.1435,101.6586,5577900
2019-10-17,96.5724,97.2878,95.0774,96.0431,16484751
2019-10-18,96.0144,96.2076,94.6052,95.9214,7507665
2019-10-21,94.8628,95.2133,93.6395,94.8413,6596181
2019-10-22,94.8198,95.8929,94.1474,95.8285,4353034
2019-10-23,95.5137,96.2648,94.9271,96.1289,3777001
2019-10-24,96.4508,96.6225,95.3563,95.9072,2718031
2019-10-25,95.9429,97.2377,95.9286,96.8872,2697739
2019-10-28,97.2878,97.7385,96.8943,97.2663,3374501
2019-10-29,96.8729,96.9802,95.4565,95.7283,4352092
2019-10-30,95.7355,96.7727,95.2848,96.7513,2356638
2019-10-31,96.6511,96.7513,95.3063,95.6639,3569057
2019-11-01,96.2148,96.973,95.9215,96.9516,3231931
2019-11-04,97.4595,98.5325,97.4523,98.4824,3488828
2019-11-05,98.5754,99.2622,98.4538,98.6398,3153690
2019-11-06,98.7185,99.2765,98.3966,99.2765,4683256
2019-11-07,99.7904,100.7096,99.5805,99.6601,4261195
2019-11-08,99.5804,99.6022,98.5526,99.6022,2383206
2019-11-11,99.3054,99.3054,97.7131,98.0532,2686128
2019-11-12,98.3428,98.9146,97.7275,98.1401,3186639
2019-11-13,97.9953,98.1329,96.8807,97.3367,3052646
2019-11-14,97.0834,97.2281,96.5043,96.9893,4425940
2019-11-15,97.2716,97.7999,97.011,97.2788,3412575
2019-11-18,97.2064,97.3367,96.4319,97.2136,3358078
2019-11-19,97.6262,97.9881,97.3222,97.3656,3132770
2019-11-20,97.0327,97.3222,96.0845,96.4102,4328557
2019-11-21,96.555,97.1123,96.251,96.8734,3499184
2019-11-22,97.1267,97.4597,96.6925,97.2353,3449185
2019-11-25,97.3294,98.4369,97.2426,98.4151,2709245
2019-11-26,98.5454,98.5454,97.5466,97.7782,3967687
2019-11-27,97.9664,98.2269,96.7142,96.8228,3431821
2019-11-29,96.6997,97.3656,96.2872,97.315,1909264
2019-12-02,97.315,97.3511,95.8891,96.2003,3208187
2019-12-03,95.5417,95.8601,94.5935,95.6285,3810055
2019-12-04,96.1641,96.7576,95.5127,95.5344,3692380
2019-12-05,96.2582,96.4392,95.2738,95.4765,3760788
2019-12-06,96.0845,96.9096,96.0483,96.4247,3595625
2019-12-09,96.5188,97.4163,96.4536,96.9313,3105051
2019-12-10,96.9313,97.5972,96.6708,96.9241,3640498
2019-12-11,97.0689,97.3584,96.7504,96.8155,4135152
2019-12-12,96.7721,98.1908,96.7432,97.9447,5046009
2019-12-13,97.5321,98.075,96.9965,97.1413,2651610
2019-12-16,97.6696,98.0388,96.8807,97.0833,3189463
2019-12-17,97.1919,97.4887,96.5984,97.1485,3040931
2019-12-18,97.3873,97.713,97.0978,97.286,3244483
2019-12-19,97.3222,97.5176,97.1268,97.3946,4044359
2019-12-20,98.2487,98.7409,97.6769,98.1401,7438943
2019-12-23,98.2776,98.5454,97.7131,98.1111,2932147
2019-12-24,98.1546,98.1618,97.4308,97.6986,1257397
2019-12-26,97.6986,97.9374,97.4597,97.6479,2227666
2019-12-27,97.7131,98.2559,97.619,97.9085,2878801
2019-12-30,97.8578,97.9302,95.9036,96.1279,4308369
2019-12-31,95.9253,97.0761,95.8312,97.0182,3951265
2020-01-02,97.7131,98.379,97.5466,98.0171,3293436
2020-01-03,96.678,97.6117,96.6708,97.2353,2482890
2020-01-06,96.5694,97.163,96.4102,97.0616,2537073
2020-01-07,96.7649,97.6841,96.555,97.1268,3232977
2020-01-08,97.3584,98.3355,96.9313,97.9374,4545916
2020-01-09,98.2487,99.0087,97.9374,98.9725,3902208
2020-01-10,99.1607,99.7904,98.6612,98.9363,3405148
2020-01-13,98.0605,98.9001,97.7637,98.8711,3693426
2020-01-14,98.6395,99.262,98.1112,98.3066,3850326
2020-01-15,98.4368,99.9279,98.2269,98.8856,4232011
2020-01-16,99.3923,100.022,99.1679,99.87,4519661
2020-01-17,98.8277,100.1233,98.5527,100.1088,5881972
2020-01-21,99.7469,100.8616,99.5949,100.7313,7577329
2020-01-22,103.7351,105.5228,103.1777,104.1476,17228038
2020-01-23,104.372,104.524,102.8882,103.4094,5918059
2020-01-24,103.7857,104.1693,101.665,101.7374,5836889
2020-01-27,100.2464,101.3827,99.9568,100.3332,4358264
2020-01-28,100.9702,101.6722,100.4273,101.0063,3610374
2020-01-29,100.7313,101.0281,99.5949,99.6601,3194275
2020-01-30,98.9869,99.1389,97.6913,98.9942,5290563
2020-01-31,103.4311,104.2635,101.9039,104.0319,19868352
2020-02-03,104.4082,106.6013,104.1549,105.8703,9295488
2020-02-04,106.9632,108.1213,106.3118,107.9259,5879566
2020-02-05,108.7221,113.9552,108.6786,113.1517,15048593
2020-02-06,113.5064,114.9033,112.4931,113.463,8786923
2020-02-07,113.0314,113.7555,111.8393,112.1977,6718876
2020-02-10,111.8759,112.951,110.8593,112.9437,5480831
2020-02-11,113.4483,113.5215,111.7004,112.2489,4011515
2020-02-12,112.4464,113.7994,112.2781,113.5873,4641939
2020-02-13,112.8998,113.2362,112.1977,112.8559,3996452
2020-02-14,112.9364,113.0388,109.5356,110.2157,6379763
2020-02-18,109.5502,110.713,109.4405,110.5083,3496778
2020-02-19,110.8301,111.086,109.9305,110.3327,2858613
2020-02-20,110.2962,110.8886,109.3454,110.596,3013003
2020-02-21,110.4644,110.4644,108.8554,109.5867,3699597
2020-02-24,106.42,108.2776,106.3249,107.0928,5703210
2020-02-25,107.1513,107.5609,103.3117,103.6408,6497229
2020-02-26,104.5111,105.3595,102.0976,102.2074,5656663
2020-02-27,100.3716,101.4321,97.278,97.3511,8808471
2020-02-28,95.062,95.8738,92.4145,95.1863,13607832
2020-03-02,95.6251,98.3238,93.5773,98.2214,8923844
2020-03-03,98.3531,99.5379,93.4676,94.2721,8259321
2020-03-04,96.2322,98.2068,94.3452,98.1629,5226234
2020-03-05,95.4423,96.7514,93.943,94.7475,5696725
2020-03-06,92.6631,93.8552,91.0688,93.4164,8570192
2020-03-09,87.88,89.5256,85.7737,86.1613,11252345
2020-03-10,89.7962,91.332,84.662,91.2516,11935592
2020-03-11,88.5017,89.6499,85.1155,86.2784,8835039
2020-03-12,80.1934,80.3032,74.8033,75.191,13088284
2020-03-13,79.484,79.8351,73.7282,78.9501,13077197
2020-03-16,71.6731,78.5552,69.4791,72.463,11054128
2020-03-17,73.582,78.5479,71.0149,77.9994,9684182
2020-03-18,72.7044,78.2042,72.697,75.7322,9176035
2020-03-19,74.8399,75.8346,71.8487,73.3845,8782739
2020-03-20,73.8087,73.8599,69.2669,69.7643,11031639
2020-03-23,69.1865,71.483,66.2318,69.3109,10176952
2020-03-24,73.1285,77.5532,72.5946,77.1437,8340699
2020-03-25,77.1437,82.2632,75.2056,77.4143,9052084
2020-03-26,78.1895,82.7532,77.2095,82.5631,7482561
2020-03-27,79.4109,81.5465,78.7307,79.0086,6718458
2020-03-30,79.0525,82.9799,78.8478,82.5923,5820467
2020-03-31,81.9122,83.2359,80.5738,81.1296,6635092
2020-04-01,77.7873,80.3909,76.4416,76.895,6394093
2020-04-02,77.0632,80.6835,76.895,80.4494,6619820
2020-04-03,79.6596,80.5006,76.7341,77.7727,4747585
2020-04-06,80.7054,84.567,80.5445,83.9746,7357773
2020-04-07,86.8854,87.4485,84.0111,84.0623,5852684
2020-04-08,85.0643,87.7338,84.1574,87.2438,5395896
2020-04-09,88.1141,89.8986,87.8874,88.8601,5832705
2020-04-13,88.9551,89.0795,86.3296,88.6041,5355206
2020-04-14,90.2935,91.5514,89.6792,90.6226,5322780
2020-04-15,87.1194,87.902,85.3934,86.8049,5896616
2020-04-16,87.039,87.5802,83.682,84.6401,6754650
2020-04-17,87.251,88.0482,86.2418,87.8508,5194436
2020-04-20,87.1413,89.8547,86.4027,88.0629,8558058
2020-04-21,83.3749,85.6786,81.956,85.3934,15009054
2020-04-22,87.6679,88.0044,85.9712,87.2584,7412479
2020-04-23,87.4485,89.979,87.1194,88.7504,7198154
2020-04-24,89.5256,91.4198,88.3188,91.215,5215251
2020-04-27,91.8294,92.8752,91.7635,92.0927,5150295
2020-04-28,93.6358,93.7602,91.6977,92.3486,4997893
2020-04-29,94.2575,94.572,93.2701,94.1185,5499450
2020-04-30,92.5315,93.08,91.5807,91.8294,6941047
2020-05-01,90.0961,90.3008,88.7796,89.1307,5152073
2020-05-04,88.3627,89.2038,87.3169,88.9917,4202723
2020-05-05,90.2423,90.9225,89.5695,89.6499,4078772
2020-05-06,90.1326,90.725,89.5256,90.0814,4042372
2020-05-07,91.1487,91.3562,89.57,89.8517,4615580
2020-05-08,90.9189,91.334,89.7257,91.1561,5232615
2020-05-11,90.2815,91.497,89.4366,90.8596,3697924
2020-05-12,91.1709,92.1419,89.1327,89.1327,5004587
2020-05-13,88.9029,88.9326,85.123,85.7752,6153409
2020-05-14,84.9155,86.7832,82.8699,86.6795,5501332
2020-05-15,85.9235,87.0056,85.4195,86.7017,5006470
2020-05-18,88.8511,90.6892,88.7547,90.0962,4399162
2020-05-19,89.822,90.5484,89.0438,89.155,3390191
2020-05-20,89.6293,90.7707,89.3847,89.9628,4017372
2020-05-21,89.6738,90.2148,88.1766,88.2878,4184941
2020-05-22,88.4731,88.5472,87.1538,87.7467,4373117
2020-05-26,89.9035,90.8819,89.6886,90.2445,5720888
2020-05-27,91.8602,93.261,91.5119,93.0461,5990965
2020-05-28,94.0318,94.1059,92.0677,92.2975,4095404
2020-05-29,91.6601,92.7422,90.6002,92.5717,8294675
2020-06-01,92.379,93.2017,91.9269,92.5643,3003798
2020-06-02,93.1424,93.387,92.3938,93.387,3115093
2020-06-03,94.2394,96.0552,94.1282,95.6476,4097914
2020-06-04,94.7063,95.5735,94.143,95.529,4042581
2020-06-05,99.2348,99.4868,97.6487,97.8785,6163764
2020-06-08,98.0341,100.7098,98.0341,100.6134,5617543
2020-06-09,98.9606,99.0199,97.1077,97.7377,5641706
2020-06-10,97.9452,98.0045,96.2035,96.2553,4952601
2020-06-11,93.4092,93.4611,87.3391,87.4651,12304726
2020-06-12,89.8665,91.2525,88.4064,90.3557,6506434
2020-06-15,88.3397,90.6966,87.6726,90.163,5385959
2020-06-16,92.6459,94.4988,91.2821,92.757,5864608
2020-06-17,93.261,93.5723,91.46,92.0159,3302013
2020-06-18,91.1635,92.2012,90.667,92.0233,2997208
2020-06-19,93.513,93.9948,90.6077,90.7707,8471554
2020-06-22,90.5113,90.793,89.3329,89.7331,4993081
2020-06-23,90.4298,91.0894,88.3693,88.5027,6937700
2020-06-24,87.6949,87.6949,85.8864,86.2866,7061546
2020-06-25,86.5386,88.3545,86.0495,88.2211,6412608
2020-06-26,87.6504,88.1914,86.1681,86.8573,11244605
2020-06-29,87.4429,88.777,86.9907,88.7547,4350837
2020-06-30,88.3397,89.8294,88.1989,89.5107,4099797
2020-07-01,89.1401,89.8517,87.7319,87.8579,4869967
2020-07-02,88.7103,89.9925,88.3916,88.7177,3919362
2020-07-06,89.8665,90.3112,88.5398,89.0808,4231488
2020-07-07,88.1989,88.5769,86.9611,87.1464,4474893
2020-07-08,87.5022,87.932,86.3311,87.2427,5431669
2020-07-09,87.4577,87.4577,85.3824,85.7604,4982098
2020-07-10,85.6048,87.8802,85.4491,87.7171,4482842
2020-07-13,88.777,89.6738,87.9469,88.3471,4864632
2020-07-14,87.9172,89.5997,87.3984,89.3847,4742982
2020-07-15,90.7188,91.875,90.5335,91.1635,4679176
2020-07-16,90.9264,92.2605,90.541,91.9121,4530121
2020-07-17,92.1938,93.1128,91.3118,92.7274,4167892
2020-07-20,93.4389,94.1801,92.7496,93.6613,10384374
2020-07-21,97.2114,97.96,93.2388,93.4315,16063004
2020-07-22,93.3129,95.9589,93.2388,95.3659,8572388
2020-07-23,95.6846,95.8848,94.2394,94.3728,4414225
2020-07-24,93.7428,94.61,93.0164,93.2314,3693531
2020-07-27,92.5421,93.6242,92.4309,93.5427,3905136
2020-07-28,93.2536,93.639,92.0159,92.2531,4370397
2020-07-29,92.3198,93.3796,91.9566,92.883,2963109
2020-07-30,91.6898,91.8306,90.1555,91.0894,4171553
2020-07-31,90.9486,91.1561,89.7479,91.119,5519847
2020-08-03,91.5341,92.2086,90.5335,92.1345,3688301
2020-08-04,91.7713,93.2833,91.7713,93.2684,3625541
2020-08-05,93.9281,93.9429,92.3568,92.9794,3786102
2020-08-06,92.6459,93.5797,92.6459,93.476,3574287
2020-08-07,92.7326,93.9115,92.5149,93.8289,3818946
2020-08-10,94.1743,95.5409,93.9941,95.4433,4150842
2020-08-11,96.6822,97.9662,95.0678,95.1729,5231255
2020-08-12,95.8187,95.9538,94.5197,95.1354,3692066
2020-08-13,94.5797,94.9026,93.6862,93.8814,3317180
2020-08-14,93.2582,94.2794,93.0405,94.0617,3099716
2020-08-17,94.0466,94.3019,93.4159,93.4384,3514665
2020-08-18,93.8589,94.2344,93.2883,93.7988,3014990
2020-08-19,93.7313,94.2344,92.7326,92.9879,3916119
2020-08-20,92.5073,93.1381,92.2145,92.4698,2679015
2020-08-21,92.3647,92.7176,91.839,92.4773,3540815
2020-08-24,92.9503,94.6548,92.6275,94.3695,4258057
2020-08-25,94.6098,95.2255,93.476,93.5886,3114674
2020-08-26,93.8214,93.949,93.0705,93.2357,3544162
2020-08-27,93.5586,93.934,93.093,93.5961,3580144
2020-08-28,93.8289,94.0841,93.2732,93.9115,3242182
2020-08-31,94.0466,94.0466,92.3797,92.5899,5049983
2020-09-01,92.2445,93.0705,91.7189,92.6575,3300444
2020-09-02,92.8978,96.6371,92.7927,96.2467,6895650
2020-09-03,96.2542,97.5757,92.8452,93.4459,5979773
2020-09-04,93.3708,94.1217,91.0356,91.8316,6295037
2020-09-08,91.7264,92.2596,90.6377,91.0131,5449974
2020-09-09,91.7039,92.8827,91.0731,91.8015,3944152
2020-09-10,92.0043,92.7927,90.2848,90.525,4161406
2020-09-11,91.1483,92.1319,90.6527,91.2008,3711313
2020-09-14,91.8766,92.6425,91.4261,91.6739,3809009
2020-09-15,92.222,92.6575,91.7865,91.9367,3049299
2020-09-16,92.1394,94.4746,92.1394,93.2732,3962666
2020-09-17,92.0718,94.2719,91.5838,93.7988,3317180
2020-09-18,93.3033,93.7988,92.0944,92.1769,5639614
2020-09-21,90.465,90.6302,89.0383,90.2923,5555724
2020-09-22,90.3523,91.1933,89.7516,90.4875,3093859
2020-09-23,90.7052,91.2984,88.9257,89.226,4120612
2020-09-24,88.6779,89.7441,87.4615,88.6704,3709325
2020-09-25,88.3025,89.6615,87.8069,89.3161,3089570
2020-09-28,90.5326,91.8541,90.4124,91.4036,3670623
2020-09-29,91.1633,91.7489,90.2622,90.8104,2203504
2020-09-30,91.1407,92.2896,90.7052,91.3585,3411111
2020-10-01,91.8766,92.5824,90.3749,90.923,3359438
2020-10-02,89.3837,91.4186,89.2185,90.5325,3059759
2020-10-05,91.4862,92.1694,90.893,91.6138,3190823
2020-10-06,92.0418,93.7313,91.2984,91.5838,4050426
2020-10-07,92.1094,93.4009,91.8466,93.1606,2944908
2020-10-08,98.259,101.7431,97.4406,98.7321,26452189
2020-10-09,99.115,99.115,95.8112,95.9538,8737970
2020-10-12,96.1641,96.2992,94.9402,95.5183,4848315
2020-10-13,95.0378,95.4733,93.4534,93.934,5654781
2020-10-14,93.9565,95.3156,93.9565,94.5647,3899593
2020-10-15,93.1681,94.0241,92.9954,93.7763,3541024
2020-10-16,93.9866,94.9327,93.6036,94.5572,4927078
2020-10-19,95.2105,95.6235,93.919,94.2494,7822720
2020-10-20,89.9544,90.2172,87.7318,88.1298,22490151
2020-10-21,87.5966,88.37,86.1925,86.3952,10204044
2020-10-22,86.3502,87.1461,84.8334,86.9208,8217167
2020-10-23,87.4765,87.5666,86.7482,87.1011,4072496
2020-10-26,85.9372,86.2751,83.9774,84.2628,7534756
2020-10-27,84.2102,84.2628,82.6184,83.0163,6209161
2020-10-28,81.5897,82.3931,79.5323,80.0804,9860956
2020-10-29,80.5309,82.3255,80.0053,81.7774,7071169
2020-10-30,81.019,83.9474,80.9064,83.8423,8285889
2020-11-02,84.5857,85.4717,84.2853,84.7809,5555829
2020-11-03,85.5993,86.8383,85.3215,85.7195,4397698
2020-11-04,84.3454,85.5317,83.4668,84.0225,6066905
2020-11-05,85.0737,86.5679,84.8559,86.1775,5127701
2020-11-06,86.4103,86.4253,85.1413,85.6294,5490663
2020-11-09,89.7962,91.213,87.808,88.006,9405841
2020-11-10,88.8897,90.0171,88.5545,89.819,5881449
2020-11-11,89.979,90.1542,88.5317,89.2782,4486922
2020-11-12,88.0822,88.6459,86.4444,87.2214,6797117
2020-11-13,87.7471,89.4077,87.6099,89.0116,4898000
2020-11-16,90.1161,90.3065,89.2172,90.1618,5536896
2020-11-17,89.5829,90.2989,89.1792,89.6591,4324687
2020-11-18,89.6743,90.5579,88.9354,88.9506,4818713
2020-11-19,88.7754,89.4686,88.2803,89.2629,3597822
2020-11-20,89.5829,89.9181,88.8897,89.0801,5255418
2020-11-23,89.4534,91.8072,89.3315,91.4797,5910318
2020-11-24,92.0662,95.0142,92.0281,94.7781,8109115
2020-11-25,93.6431,94.7095,93.0184,94.6105,4326151
2020-11-27,94.6105,95.456,94.3896,94.7248,2187395
2020-11-30,94.5343,95.2199,93.7649,94.0925,6263448
2020-12-01,94.382,95.8522,93.7573,93.8183,5553319
2020-12-02,93.5821,94.9457,93.247,94.9304,3860472
2020-12-03,94.58,95.1132,93.9173,94.161,4757417
2020-12-04,94.4353,97.0329,94.1839,96.8958,5776849
2020-12-07,96.355,96.7206,94.8924,94.9914,8701151
2020-12-08,95.4636,96.233,94.9456,95.7607,5643170
2020-12-09,95.8293,97.269,95.7531,96.5835,6813121
2020-12-10,96.2483,96.6901,95.1742,95.1894,5024147
2020-12-11,94.5191,95.6084,94.1611,94.6638,4687544
2020-12-14,95.4637,96.1645,94.0544,94.1001,5282300
2020-12-15,94.7552,95.9283,94.0316,95.9283,4556585
2020-12-16,95.9283,96.4159,95.4408,95.6389,4738485
2020-12-17,96.0426,96.0502,95.1513,95.6389,3962248
2020-12-18,95.6694,96.2864,95.1971,95.8674,7900229
2020-12-21,94.4353,94.5953,92.7213,93.9935,6397022
2020-12-22,93.9325,94.6257,93.2469,94.161,4535561
2020-12-23,94.3667,95.3799,94.2601,94.382,2817819
2020-12-24,95.2199,95.2961,94.6181,94.9838,1842111
2020-12-28,95.2961,96.4387,94.8086,95.0828,3781499
2020-12-29,95.4865,95.5856,93.8792,94.3058,3647402
2020-12-30,94.3058,95.1057,94.1763,94.7172,3535794
2020-12-31,94.6257,96.0045,94.4505,95.8903,3738822
2021-01-04,95.8674,95.9207,93.7269,94.4125,5417443
2021-01-05,95.2275,96.4997,94.9228,96.0883,6395872
2021-01-06,96.6673,100.4608,96.5301,98.4879,8322708
2021-01-07,99.0592,99.3791,97.7032,98.2593,4714740
2021-01-08,97.9394,98.5107,96.7282,97.9089,4891305
2021-01-11,97.4671,98.7849,97.2462,97.947,5859587
2021-01-12,98.3355,98.9144,97.4595,98.4269,3921663
2021-01-13,98.3812,98.8383,96.3321,96.6825,8030874
2021-01-14,97.5204,99.1506,97.1624,98.2441,7848347
2021-01-15,97.7185,98.4498,97.2538,97.8023,5131153
2021-01-19,98.4802,98.7164,97.5737,98.2822,5646308
2021-01-20,98.8002,99.8362,97.9318,99.0897,5856240
2021-01-21,99.1201,100.735,99.0668,100.2856,13116003
2021-01-22,91.9443,91.9443,89.4,90.3522,39814421
2021-01-25,90.4666,91.0607,89.4686,90.3294,14315974
2021-01-26,90.7865,93.3841,90.2075,93.3079,11186656
2021-01-27,92.9956,95.0599,92.6452,93.2926,12705239
2021-01-28,93.5441,93.8488,91.4644,91.4721,8455969
2021-01-29,91.5787,92.4014,90.5732,90.7332,12369473
2021-02-01,91.3349,92.1348,90.4437,91.8225,6538023
2021-02-02,90.9236,92.1729,90.8626,90.9845,6633627
2021-02-03,90.6798,91.2587,89.979,90.7408,7024308
2021-02-04,91.3426,92.249,90.5503,92.1881,4771957
2021-02-05,92.1729,92.7899,91.8072,92.7747,4775722
2021-02-08,93.4069,94.4429,93.2393,94.161,6158848
2021-02-09,94.0993,94.6396,93.4431,94.2537,4933982
2021-02-10,94.9716,95.2649,93.5667,94.3618,5090673
2021-02-11,94.1765,94.3386,93.119,93.3351,5629154
2021-02-12,93.4045,93.6824,92.7021,93.2502,4049275
2021-02-16,92.7484,93.0958,92.1386,92.6867,6945231
2021-02-17,92.0691,93.0649,91.8761,92.6095,4141219
2021-02-18,93.0186,93.3582,92.401,93.1961,5646413
2021-02-19,93.2116,93.2193,91.3821,91.853,6881320
2021-02-22,91.4747,93.5049,91.4284,93.2965,6149643
2021-02-23,93.3428,93.6747,92.4782,93.1807,4739740
2021-02-24,93.2502,95.3267,93.034,95.1105,6087720
2021-02-25,95.2341,95.9906,94.439,94.5393,5953623
2021-02-26,94.3695,94.3695,91.7681,91.8066,9467346
2021-03-01,92.9028,94.4235,92.5246,93.2039,5977367
2021-03-02,93.2039,94.0993,92.8333,92.8874,4732418
2021-03-03,93.0186,94.6628,92.6172,94.4544,7744898
2021-03-04,94.1765,95.1183,91.6754,92.7175,8439651
2021-03-05,93.1267,95.5274,92.8256,94.8172,7268968
2021-03-08,94.9407,97.9204,94.8558,96.3456,7572203
2021-03-09,96.8011,97.5962,95.8439,95.8593,5867014
2021-03-10,96.5309,98.9934,96.1913,98.7078,7581199
2021-03-11,98.8776,99.3022,97.8664,98.1442,5383657
2021-03-12,98.1829,98.5611,97.7351,98.5071,4194565
2021-03-15,98.6306,99.3871,98.453,99.2558,3577948
2021-03-16,99.0243,99.2095,98.2986,98.9934,4867247
2021-03-17,99.1632,99.9583,98.4144,99.6032,4488804
2021-03-18,99.5338,101.124,98.646,100.3983,6104142
2021-03-19,100.3674,100.6917,99.2173,99.5029,10297870
2021-03-22,99.1941,100.9078,98.7232,100.7766,4356485
2021-03-23,100.6917,101.5562,100.1976,100.7071,4556794
2021-03-24,101.0854,101.9808,100.792,100.8306,4189230
2021-03-25,100.6068,102.8531,100.1745,102.7219,5809484
2021-03-26,102.8917,105.3542,102.7605,105.277,5823710
2021-03-29,104.9682,105.8096,104.6054,104.8756,4835344
2021-03-30,104.8756,105.1921,103.4552,103.9956,5010758
2021-03-31,103.8566,103.9878,102.444,102.8685,5172575
2021-04-01,103.2545,103.3857,102.1043,102.8454,4261404
2021-04-05,103.1619,105.5163,102.9766,104.9296,5722980
2021-04-06,104.6594,104.7057,103.5092,103.6096,3787566
2021-04-07,103.3163,104.1654,103.2699,104.1577,3112896
2021-04-08,103.8798,104.698,103.5633,104.3044,4275211
2021-04-09,104.1113,104.7829,103.9878,104.7752,3162999
2021-04-12,104.2271,104.4973,103.324,103.8952,3926684
2021-04-13,102.6678,103.1464,100.6453,101.2629,8403041
2021-04-14,101.3633,102.498,100.7534,102.3822,6137928
2021-04-15,102.884,103.3394,102.0657,102.3436,4062664
2021-04-16,102.6678,103.517,102.6292,103.1233,5535223
2021-04-19,103.131,103.3008,102.3436,102.7605,8575736
2021-04-20,105.8096,107.8938,105.524,106.651,16192708
2021-04-21,106.5738,110.9507,106.3037,110.8118,12456814
2021-04-22,110.9276,111.7304,108.8433,109.0595,7428064
2021-04-23,109.0826,110.8581,108.8047,109.9472,4765576
2021-04-26,109.9395,110.8735,109.2139,109.2833,4927497
2021-04-27,109.376,110.0476,108.6503,109.623,4062664
2021-04-28,110.3255,110.696,109.6925,110.3872,3941433
2021-04-29,111.2595,114.8181,110.3718,111.3444,4554179
2021-04-30,110.9275,111.0279,108.4959,109.5226,9280321
2021-05-03,111.0125,112.51,110.8118,111.7381,5997241
2021-05-04,111.4756,113.1585,111.4139,112.51,6642623
2021-05-05,112.6567,112.6567,111.908,112.1009,5229895
2021-05-06,112.1318,114.6406,112.0701,114.5711,7848661
2021-05-07,113.8998,114.0716,112.8461,113.5408,7325661
2021-05-10,113.8062,115.82,113.8062,114.095,7304636
2021-05-11,113.1739,113.33,111.5425,112.5728,7454214
2021-05-12,112.2763,112.5182,110.1688,110.2936,6233742
2021-05-13,110.4107,113.1037,110.278,112.5339,4807207
2021-05-14,113.2676,113.7203,112.3699,112.9319,2873780
2021-05-17,112.7446,113.8062,112.6587,113.2676,4471755
2021-05-18,113.01,113.4159,111.8001,112.3309,4000009
2021-05-19,111.0898,111.7767,109.997,111.7689,4498532
2021-05-20,111.7142,113.1115,110.9649,112.3075,4301675
2021-05-21,112.6197,113.7281,112.6197,112.9788,4219041
2021-05-24,113.2286,113.4861,112.5417,112.9632,3449290
2021-05-25,113.1193,113.1817,111.7767,112.2372,4118311
2021-05-26,112.0109,112.3933,111.6518,111.9172,3225655
2021-05-27,112.2606,113.0022,112.1123,112.2606,5889294
2021-05-28,112.5651,112.6587,112.0031,112.1982,2651192
2021-06-01,113.1817,113.8296,112.206,112.5495,2528705
2021-06-02,112.8851,113.7671,112.487,113.7437,2915097
2021-06-03,113.1115,113.8686,112.4324,113.611,4320608
2021-06-04,113.9623,115.1722,113.7749,115.0707,3261323
2021-06-07,115.1721,116.101,114.8755,115.539,3621984
2021-06-08,115.6171,117.2407,115.6171,116.3586,5313785
2021-06-09,116.3274,117.9198,116.1635,117.6075,5547252
2021-06-10,118.232,119.3013,116.8972,117.506,4977391
2021-06-11,117.4202,118.5286,117.3734,118.0837,3596462
2021-06-14,117.6387,117.8885,116.0386,117.108,3498661
2021-06-15,116.9675,117.0143,115.9917,116.585,2628912
2021-06-16,116.8972,116.8972,114.9146,115.3907,4057329
2021-06-17,115.1722,115.5702,113.4003,113.6501,4568300
2021-06-18,112.7758,112.9319,111.6518,111.7143,9577699
2021-06-21,112.487,114.7975,112.448,114.4697,4482633
2021-06-22,114.3682,114.5945,113.4549,114.2433,2549102
2021-06-23,114.2979,114.3526,112.8461,112.8773,3349920
2021-06-24,113.8062,114.1106,112.9398,113.5252,3775746
2021-06-25,113.4783,114.6882,113.1427,114.618,3759533
2021-06-28,114.7507,114.977,113.1115,113.4081,4067789
2021-06-29,113.3847,114.5399,113.2598,113.611,2540211
2021-06-30,113.2832,114.6882,112.9553,114.4228,3394375
2021-07-01,114.7116,115.1331,114.4072,114.618,2809661
2021-07-02,114.6726,114.7038,108.8574,109.2945,17584515
2021-07-06,109.2711,109.6067,107.0152,108.3266,8466010
2021-07-07,108.311,109.5365,108.311,109.1384,4246446
2021-07-08,107.546,110.3014,107.4524,109.8565,5739820
2021-07-09,110.4107,110.8244,109.9346,110.4654,4083689
2021-07-12,110.3951,110.8088,109.3726,109.997,3496360
2021-07-13,109.997,109.997,108.9901,109.4975,3309858
2021-07-14,109.8409,109.8643,108.4437,109.1384,4606061
2021-07-15,108.7481,109.638,108.3422,109.6302,3807126
2021-07-16,110.0595,110.0595,108.1783,108.4203,4298328
2021-07-19,106.5079,108.1002,106.3206,107.6553,8977086
2021-07-20,111.6206,113.1193,108.2642,109.2555,14237838
2021-07-21,109.2555,110.3639,109.0057,110.2936,5024984
2021-07-22,110.5746,110.6917,109.5989,109.8331,3466653
2021-07-23,110.0283,110.6059,109.5365,110.3249,4680013
2021-07-26,110.3639,111.6206,110.161,111.4411,4441630
2021-07-27,111.2537,112.1202,110.5278,111.4255,3281302
2021-07-28,111.6284,111.6987,110.559,110.6605,2660815
2021-07-29,111.0976,111.5894,110.5278,110.7854,2793761
2021-07-30,110.4654,110.723,109.8956,110.0283,3698238
2021-08-02,110.4107,111.6674,110.0829,110.3873,3064257
2021-08-03,110.762,112.9476,110.5669,112.4558,4272596
2021-08-04,112.2451,112.5417,111.2069,111.4333,2960285
2021-08-05,111.644,111.9407,111.0118,111.4411,2884240
2021-08-06,111.6206,112.7056,111.5347,112.4714,4002833
2021-08-09,112.274,112.5109,111.3029,111.5239,5129689
2021-08-10,111.4923,111.9661,110.8054,111.6266,5543695
2021-08-11,111.9424,112.7241,111.7213,112.2188,4455960
2021-08-12,112.3214,113.0241,112.1793,112.9609,2184780
2021-08-13,112.6214,113.3636,112.4635,113.0478,1997965
2021-08-16,113.0872,113.4899,112.2977,113.3715,2913319
2021-08-17,112.9057,113.032,111.3976,112.4477,3215195
2021-08-18,111.8556,112.0529,110.0554,110.1185,3672192
2021-08-19,109.5027,110.1027,108.3341,108.9737,4351465
2021-08-20,108.7526,110.0475,108.3815,109.8343,2780059
2021-08-23,110.237,110.6555,109.5896,110.237,3179422
2021-08-24,110.3633,110.7186,110.0001,110.4107,2474418
2021-08-25,110.4738,111.1686,110.1106,110.4264,2105389
2021-08-26,110.5133,111.1686,109.5185,109.5737,2613640
2021-08-27,109.5185,110.2133,109.2737,110.0712,2572637
2021-08-30,110.1422,110.4423,109.6053,109.7238,2087293
2021-08-31,110.1738,111.2792,109.708,110.8055,4429915
2021-09-01,110.5212,110.5923,109.8975,109.9843,2588327
2021-09-02,110.316,110.5765,109.7712,110.5449,2840413
2021-09-03,110.2844,110.9081,109.9843,110.2054,2009575
2021-09-07,110.2607,110.3712,108.7684,109.0053,3436110
2021-09-08,109.0684,109.8185,108.6421,109.4869,3122728
2021-09-09,108.8395,109.7159,108.6105,108.7526,3669682
2021-09-10,109.6053,110.0396,108.1684,108.1841,4157955
2021-09-13,109.2737,109.7396,108.571,109.0763,4334729
2021-09-14,109.2737,109.408,106.8577,107.5525,4659198
2021-09-15,107.5525,108.8,107.1183,108.3263,3403579
2021-09-16,108.3894,108.9184,107.1498,107.7183,2765624
2021-09-17,107.1814,107.3156,106.6287,106.7709,5890340
2021-09-20,105.7208,106.7314,104.8365,106.0445,4990152
2021-09-21,106.6761,107.1025,104.9628,104.9865,4261927
2021-09-22,105.5786,106.8814,105.3813,106.2971,3767901
2021-09-23,106.7866,108.5,106.6129,107.9552,3151807
2021-09-24,108.1921,109.3369,107.971,108.5552,3100762
2021-09-27,108.9263,109.8027,108.5473,109.4,3459017
2021-09-28,109.8817,110.2922,108.3341,108.5394,4513072
2021-09-29,108.7447,110.4818,107.7262,109.8896,3947499
2021-09-30,110.537,110.9871,109.3527,109.6922,6090230
2021-10-01,111.3266,113.6715,110.8292,113.1583,6907889
2021-10-04,112.7004,115.2743,112.3924,113.7821,7689251
2021-10-05,114.2874,114.4848,112.6214,113.0241,7297524
2021-10-06,112.4951,113.1978,111.2397,112.4003,5573506
2021-10-07,112.6925,113.2215,111.745,111.9661,3999695
2021-10-08,111.9661,113.4189,111.366,113.0794,3902940
2021-10-11,113.3004,113.7584,112.4319,112.4556,2921792
2021-10-12,112.2819,112.353,110.7739,110.9081,3293436
2021-10-13,110.9476,111.6503,110.2686,111.1371,3013003
2021-10-14,111.3582,113.6321,111.3345,113.2136,4410668
2021-10-15,113.2136,114.3663,112.7398,114.1768,3371049
2021-10-18,113.6952,114.4374,111.9266,112.3688,6437189
2021-10-19,111.3897,112.8583,110.9476,112.1003,4539117
2021-10-20,111.8635,112.274,111.0897,112.0372,6474008
2021-10-21,105.4128,105.5786,101.1414,101.323,32913959
2021-10-22,101.1019,102.8389,99.9649,100.9677,12114981
2021-10-25,100.6913,101.5756,100.2255,100.7782,6667204
2021-10-26,100.6834,101.2993,100.0834,100.3755,8912861
2021-10-27,100.6203,100.9677,98.7017,98.828,7294176
2021-10-28,98.828,99.7281,98.3937,99.357,6802138
2021-10-29,99.0333,99.736,98.6227,98.7727,6188973
2021-11-01,98.7333,99.7281,97.7779,99.7044,6177153
2021-11-02,99.7202,100.4071,98.6227,99.6254,4722062
2021-11-03,99.6649,100.5018,99.2307,100.3755,5670784
2021-11-04,101.6232,101.8627,99.0217,99.8063,7208700
2021-11-05,100.2853,102.2179,100.2853,102.0857,6790500
2021-11-08,102.3996,103.052,102.0197,102.8538,5625300
2021-11-09,102.5692,102.8538,100.6444,101.1381,7236600
2021-11-10,101.2637,102.4604,100.3682,100.6109,6270300
2021-11-11,101.18,101.9248,100.4937,100.6527,4643300
2021-11-12,100.4268,100.9624,99.4058,99.5564,5418300
2021-11-15,100.0418,100.5607,99.0124,99.4811,5046300
2021-11-16,99.523,100.3431,99.1045,99.138,4750800
2021-11-17,99.071,99.8661,98.5689,98.8032,4043300
2021-11-18,99.0543,99.0543,97.3387,97.6316,5046900
2021-11-19,97.4893,97.5479,96.4683,97.1211,5380200
2021-11-22,97.0792,99.4309,96.4014,97.4726,6416200
2021-11-23,97.7404,98.7028,97.1127,97.7404,4912800
2021-11-24,97.2131,98.1421,97.1462,97.6902,3220800
2021-11-26,96.2423,97.3638,95.8741,96.9202,3322000
2021-11-29,99.2719,100.1004,98.3597,99.1715,8949800
2021-11-30,98.3346,99.7908,97.4558,97.9998,9252700
2021-12-01,98.9622,99.5313,97.7906,97.8492,5958300
2021-12-02,98.2258,98.7363,97.5479,97.8324,5267100
2021-12-03,98.2174,99.8912,98.2174,99.456,6630100
2021-12-06,99.9246,101.3892,99.9246,100.3515,4785600
2021-12-07,100.8285,102.1675,100.4854,101.7491,5194000
2021-12-08,102.1006,103.2555,101.6989,102.9542,5483900
2021-12-09,102.2261,103.7325,101.9248,103.4145,4601100
2021-12-10,104.0254,104.8874,103.2387,103.8497,4966900
2021-12-13,103.5735,104.0756,101.0879,102.586,6847500
2021-12-14,102.3935,104.6363,102.3516,103.5735,5716100
2021-12-15,103.607,104.4606,102.2512,103.0295,4990000
2021-12-16,103.3643,105.9837,103.3392,105.3895,7280500
2021-12-17,105.3393,107.6575,104.787,106.6198,10379000
2021-12-20,105.2138,106.4524,104.3602,106.3352,4941400
2021-12-21,106.8374,108.2433,106.8374,107.9337,4856000
2021-12-22,108.009,108.6199,106.7872,108.5865,3923200
2021-12-23,108.7957,109.5991,108.394,109.3229,3649000
2021-12-27,109.3229,110.1765,108.7538,110.1514,4293900
2021-12-28,110.1347,111.4905,110.1263,110.9967,3445200
2021-12-29,110.8042,112.319,110.7205,111.5993,4239900
2021-12-30,111.934,112.4529,111.5825,112.0679,3158100
2021-12-31,112.1433,112.9718,111.8169,111.8587,3362100
2022-01-03,112.2018,114.0597,111.8336,113.8505,4605900
2022-01-04,113.9007,117.1228,113.7334,115.5076,7300000
2022-01-05,115.7502,119.0057,115.3904,115.6749,8956900
2022-01-06,115.6582,115.8339,110.8963,113.2647,9908100
2022-01-07,112.8965,113.5325,111.7332,112.8379,5238100
2022-01-10,112.5366,113.9844,111.6244,113.0052,5432800
2022-01-11,109.2309,111.5156,107.0968,111.1976,11105300
2022-01-12,111.5156,112.5366,109.9422,111.8001,5352000
2022-01-13,112.0595,113.8589,111.775,112.7793,4868300
2022-01-14,112.6035,113.0973,111.5574,112.319,5310300
2022-01-18,111.2645,112.0512,110.2854,111.2562,5246700
2022-01-19,111.2227,112.0596,110.051,110.118,4103700
2022-01-20,109.8502,111.2059,109.2727,109.482,5278200
2022-01-21,110.1765,110.3607,108.1847,108.2517,5907000
2022-01-24,107.1135,108.0843,103.9333,107.8081,13484000
2022-01-25,108.076,114.9384,107.373,113.9007,19715700
2022-01-26,114.2104,114.7125,111.4152,112.3608,8336000
2022-01-27,111.8587,112.7709,110.5364,110.9047,5497300
2022-01-28,111.4654,112.5868,110.2937,112.5617,5471500
2022-01-31,112.2186,112.2186,110.7205,111.7834,5859000
2022-02-01,111.9424,113.7836,110.8879,113.4237,6206400
2022-02-02,113.5659,115.1226,113.1977,114.8631,5357200
2022-02-03,114.6539,116.1268,113.6747,115.3067,6100800
2022-02-04,115.3737,116.1771,114.0012,114.7795,4142000
2022-02-07,115.0305,115.3402,114.043,114.8548,3759000
2022-02-08,114.8464,115.0891,113.6329,114.6707,4181800
2022-02-09,115.3569,115.7837,114.5117,115.3151,5393500
2022-02-10,114.7391,115.6623,112.7911,113.0875,5978600
2022-02-11,113.4094,114.0954,112.122,112.3846,4176200
2022-02-14,112.2998,112.3506,109.3185,110.2332,5345300
2022-02-15,110.6483,111.5291,109.7759,110.0554,4394000
2022-02-16,109.6404,110.4789,108.6325,109.4117,4875600
2022-02-17,108.4546,108.8357,105.7443,105.8459,6797000
2022-02-18,105.8205,106.244,104.694,105.3208,4609200
2022-02-22,105.1938,105.8713,103.9064,104.9566,5349700
2022-02-23,105.3462,105.6172,103.2203,103.3897,4086400
2022-02-24,101.6365,103.4151,100.6286,103.305,6563200
2022-02-25,103.3728,105.2446,102.8646,105.1768,4460900
2022-02-28,103.5083,104.5077,102.5173,103.7624,6757300
2022-03-01,103.8979,104.5077,102.2294,102.7799,4873300
2022-03-02,103.8301,105.5664,103.161,104.9058,4891400
2022-03-03,105.8374,107.2858,105.2276,106.659,5206600
2022-03-04,105.3631,107.8617,105.2022,107.2434,4402400
2022-03-07,107.1164,108.336,106.3965,106.7776,5047400
2022-03-08,107.2434,108.7087,105.7189,106.4473,4887600
2022-03-09,107.9125,108.4969,106.6421,106.9046,4403500
2022-03-10,106.5066,106.7437,104.2875,105.3208,5326800
2022-03-11,105.8714,107.3705,104.9482,104.9905,4119600
2022-03-14,105.4055,106.0069,103.9148,104.9736,3289200
2022-03-15,105.0244,106.6675,104.3637,106.4134,4021200
2022-03-16,107.1418,107.8024,105.6257,107.5992,4292800
2022-03-17,107.65,108.6579,107.1672,108.3784,3671900
2022-03-18,107.8871,109.1999,107.0317,109.0559,7466000
2022-03-21,109.2592,109.886,107.9041,108.497,3384600
2022-03-22,108.8357,109.5133,108.2852,109.31,2690200
2022-03-23,109.327,109.5302,108.624,108.6663,2924500
2022-03-24,108.6918,109.5726,108.2429,109.471,2971100
2022-03-25,109.6827,111.2919,109.5218,111.2496,3530200
2022-03-28,110.8007,111.3767,109.7674,111.3512,2483500
2022-03-29,111.834,112.5116,110.4704,111.7493,5791000
2022-03-30,111.8086,112.7149,111.2835,111.9102,2622900
2022-03-31,110.716,111.6985,110.1062,110.1231,4274000
2022-04-01,109.8182,110.3349,108.4631,110.2332,4012400
2022-04-04,110.3264,110.4873,109.1999,110.3349,2809800
2022-04-05,109.9792,111.148,108.9713,109.1661,3107200
2022-04-06,108.2259,109.6912,107.777,109.5895,3958100
2022-04-07,109.1491,109.471,107.3366,108.8781,3538300
2022-04-08,108.4207,109.0729,107.794,108.1836,3143300
2022-04-11,108.3699,108.5647,106.8708,107.0317,3202500
2022-04-12,107.074,107.8532,106.3626,106.7014,2691000
2022-04-13,106.4134,107.2858,105.7951,106.8369,3064900
2022-04-14,109.1999,110.5974,107.0402,107.1926,6384200
2022-04-18,107.2265,107.8956,106.3202,106.8623,4884200
2022-04-19,106.7861,109.598,106.7183,109.3863,7971400
2022-04-20,114.341,118.2032,112.9689,117.153,17859200
2022-04-21,117.0767,120.1682,116.3314,118.4488,9922300
2022-04-22,118.3218,118.9486,116.3314,117.0937,6508600
2022-04-25,116.5347,118.2794,114.502,117.8136,5748300
2022-04-26,117.7289,118.4658,115.332,115.3489,4956200
2022-04-27,115.0017,116.1366,114.0277,114.3919,4369100
2022-04-28,115.908,116.0265,114.1801,114.9678,4474300
2022-04-29,114.4512,114.8069,111.8001,111.978,5078700
2022-05-02,112.6471,113.2993,110.86,112.681,4213500
2022-05-03,112.6471,113.1553,111.7917,112.2406,3688600
2022-05-04,112.537,116.7719,111.9187,116.3738,5932600
2022-05-05,115.5776,116.2552,114.1378,115.1203,5957400
2022-05-06,114.7391,116.8735,114.7391,116.6025,7306400
2022-05-09,115.2223,116.8854,114.2879,115.248,7647900
2022-05-10,115.7281,116.0795,110.096,110.696,8642400
2022-05-11,111.3218,113.9793,111.3218,112.0848,5301100
2022-05-12,112.5305,114.5451,111.7933,113.9278,5384800
2022-05-13,114.0136,114.6994,112.342,114.5279,4195100
2022-05-16,114.0993,117.0225,113.5078,115.7538,4250400
2022-05-17,117.6054,118.617,116.2767,118.617,4372900
2022-05-18,117.5283,117.9741,113.3021,113.9622,6003000
2022-05-19,113.1563,113.4307,110.336,111.1504,5819700
2022-05-20,111.5961,111.759,107.8414,110.1388,6914500
2022-05-23,111.0132,113.1135,110.9447,112.4448,3591500
2022-05-24,111.9305,115.188,111.8019,114.6994,4189700
2022-05-25,113.8936,115.5738,113.8936,115.2052,3299300
2022-05-26,115.7281,117.9141,115.3166,117.3483,3929300
2022-05-27,117.7769,119.7914,117.6483,119.3885,4608000
2022-05-31,118.4712,119.8686,117.2797,119.0199,7978100
2022-06-01,119.7314,120.4172,118.7456,119.5257,3796500
2022-06-02,119.5428,120.2629,117.314,120.1429,3734800
2022-06-03,120.2372,122.226,119.7914,121.0259,4352200
2022-06-06,122.5689,124.069,121.7288,122.4831,4766900
2022-06-07,122.2431,122.5689,120.8373,122.3974,2887100
2022-06-08,121.7888,122.4146,120.1429,120.7258,3005700
2022-06-09,120.1429,120.9058,118.2398,118.2655,3591000
2022-06-10,118.1284,118.1284,115.9424,116.7482,4659500
2022-06-13,114.8451,117.9312,114.6651,115.8223,6486000
2022-06-14,115.7281,117.3997,115.6081,116.3453,4607800
2022-06-15,116.5939,118.6856,116.2253,117.494,4606900
2022-06-16,115.9853,116.7911,115.2052,116.3024,5386400
2022-06-17,116.5767,117.4254,113.885,115.7452,12968500
2022-06-21,116.4996,118.7284,116.4996,118.1712,4089300
2022-06-22,116.671,118.4541,116.611,117.5111,3791500
2022-06-23,117.5626,118.8313,117.0139,118.677,4547900
2022-06-24,119.3285,122.046,119.2685,121.7802,11493000
2022-06-27,121.9517,123.2975,121.6859,122.4146,3936000
2022-06-28,122.5175,123.5804,121.1459,121.6088,4064800
2022-06-29,122.3632,123.0318,119.5857,120.623,4161500
2022-06-30,119.6542,122.1231,119.3971,121.0344,4878000
2022-07-01,120.8715,121.4459,119.3799,120.9744,4011900
2022-07-05,119.9886,119.9886,115.9595,117.974,6273400
2022-07-06,118.2998,119.2771,117.554,118.3684,3237000
2022-07-07,119.0799,121.1459,119.0113,120.7258,3897100
2022-07-08,120.6658,121.1459,119.86,120.4172,2820800
2022-07-11,120.5458,121.6174,120.1258,120.8716,3904700
2022-07-12,120.7344,121.343,118.7884,119.3113,3235400
2022-07-13,117.5969,119.0713,117.2711,117.5969,4123200
2022-07-14,116.2424,119.5256,115.7452,119.2085,5298400
2022-07-15,120.5972,120.5972,118.8227,119.9457,4519300
2022-07-18,120.1429,120.28,118.1112,118.4112,8231700
2022-07-19,112.7963,113.6364,109.4873,112.1962,29690500
2022-07-20,112.0419,112.0591,109.7788,110.7389,9882000
2022-07-21,110.3703,110.4217,107.267,108.9987,11975400
2022-07-22,108.8958,110.0017,107.7643,109.9417,6467200
2022-07-25,110.1045,110.696,109.6416,110.1903,4702400
2022-07-26,109.9502,110.8418,109.4102,109.7959,3645300
2022-07-27,109.7016,110.9532,109.3673,110.6875,4175600
2022-07-28,110.3703,111.279,110.2503,110.7732,3913700
2022-07-29,111.0304,112.2991,110.8503,112.1191,5786800
2022-08-01,112.0848,113.7564,112.0419,113.1906,4142100
2022-08-02,113.3278,113.825,111.879,112.9935,4403600
2022-08-03,113.002,113.8935,112.5734,113.4478,3088500
2022-08-04,113.2849,113.4049,112.3163,112.8477,3179800
2022-08-05,112.5134,113.7307,112.3591,113.5678,2586500
2022-08-08,114.0993,114.3136,113.1735,113.6793,3821200
2022-08-09,112.7765,113.5317,112.082,112.3859,3496000
2022-08-10,113.497,114.391,113.1411,114.148,3664000
2022-08-11,114.8945,115.6497,114.582,115.0508,3501900
2022-08-12,115.1202,116.3962,114.5647,116.3268,2766900
2022-08-15,115.4153,117.3511,114.7904,117.1254,2791200
2022-08-16,116.8389,119.2434,116.7087,118.5403,4313600
2022-08-17,118.4535,120.1549,118.3146,119.608,3667600
2022-08-18,119.608,120.7625,119.5733,120.7191,3177700
2022-08-19,120.4413,120.9535,119.4952,120.1115,3155800
2022-08-22,119.4865,119.6601,117.5942,117.6636,3093600
2022-08-23,117.5073,118.141,116.9431,116.9605,4141800
2022-08-24,117.0907,117.2817,115.5456,115.6497,2855400
2022-08-25,116.0143,116.6914,115.5108,116.3008,2706000
2022-08-26,116.4049,116.4744,113.1411,113.1758,4185300
2022-08-29,112.8373,114.0786,112.4727,113.115,2783000
2022-08-30,113.332,113.5143,112.2296,112.4813,2407900
2022-08-31,112.7765,112.8459,111.4571,111.5005,3490400
2022-09-01,111.4571,112.6897,110.8841,112.5508,3396200
2022-09-02,113.1063,113.332,110.4501,110.9276,3040600
2022-09-06,110.9362,111.1619,109.6342,109.9987,3347100
2022-09-07,109.9727,110.997,109.6168,110.8581,2401500
2022-09-08,110.4154,111.5786,109.8859,111.5178,2964600
2022-09-09,111.8911,112.4032,111.1619,112.1428,3291900
2022-09-12,113.1324,113.7053,112.7504,113.4188,3741100
2022-09-13,112.0994,112.7678,110.0421,110.4588,4565600
2022-09-14,110.6758,111.9779,110.1116,110.8408,3819100
2022-09-15,110.5803,110.6498,108.4189,108.9311,5141700
2022-09-16,107.9502,110.7019,107.4901,110.4762,9839700
2022-09-19,109.7991,111.1619,109.6168,110.8755,3981600
2022-09-20,110.155,110.2331,108.9571,109.6342,2837500
2022-09-21,110.1463,110.971,108.4363,108.4449,3389500
2022-09-22,108.2974,109.8164,107.9936,108.7748,4046600
2022-09-23,108.0977,108.5057,105.6759,106.5179,5195600
2022-09-26,106.162,107.8634,105.6846,105.9103,3987800
2022-09-27,106.4224,107.5943,105.103,105.6759,4117200
2022-09-28,105.5977,106.9693,104.0005,106.5613,4996400
2022-09-29,105.7714,106.4398,104.6603,105.5804,3817700
2022-09-30,105.6064,106.2748,102.9589,103.1325,5346100
2022-10-03,104.3044,106.0839,103.8183,105.4762,4261700
2022-10-04,106.596,109.0699,106.3529,108.9397,4566100
2022-10-05,108.254,109.773,107.8373,109.148,3212900
2022-10-06,108.4015,108.7661,105.7019,106.1012,5074600
2022-10-07,105.4675,105.728,102.4901,103.1412,4499700
2022-10-10,103.9832,104.1308,101.5961,102.2124,5990000
2022-10-11,101.9606,103.4971,101.5093,102.2558,4043100
2022-10-12,102.4294,103.1325,101.735,102.0561,3338800
2022-10-13,100.7801,106.0318,100.3027,105.7193,5837500
2022-10-14,105.728,106.3703,104.0266,104.2002,3762400
2022-10-17,105.728,106.6654,105.4068,105.4849,5458600
2022-10-18,106.7696,107.5856,105.7453,106.7175,5120300
2022-10-19,106.2141,107.5856,105.8929,106.3443,5906600
2022-10-20,109.5907,111.9432,108.6359,111.3702,13623100
2022-10-21,111.4484,113.5838,110.7539,112.7591,7201300
2022-10-24,113.6272,115.5456,112.7157,115.181,5610900
2022-10-25,114.582,115.7105,113.9744,115.3893,5957600
2022-10-26,116.0751,117.9327,115.2851,117.1948,5139000
2022-10-27,117.6636,118.4014,116.7087,116.9865,3993200
2022-10-28,117.6723,120.5368,117.3771,120.233,5965500
2022-10-31,119.8424,120.4587,118.575,120.042,4915300
2022-11-01,120.0073,120.3545,118.6619,119.9639,3590600
2022-11-02,119.5733,121.674,118.7487,118.7747,5360500
2022-11-03,118.4188,118.4709,116.2921,116.7261,4442400
2022-11-04,117.7504,119.5559,117.1341,118.8875,4178000
2022-11-07,118.6098,120.3979,118.4969,120.0854,4043100
2022-11-08,120.6583,122.3336,120.4153,121.5611,5042800
2022-11-09,121.1746,122.0091,120.2874,120.6827,4720000
2022-11-10,123.2037,124.1787,121.4733,124.0558,5389000
2022-11-11,124.2929,126.6031,123.8186,125.7598,5871300
2022-11-14,125.2855,128.316,124.8902,126.6646,5293500
2022-11-15,126.5592,128.3863,124.7321,126.7876,4727100
2022-11-16,126.6031,127.3234,126.4977,126.9457,3445200
2022-11-17,125.9707,128.4038,125.8301,128.3248,3954000
2022-11-18,128.7376,130.2748,128.193,129.6863,4661700
2022-11-21,129.6072,129.941,128.641,128.843,3476200
2022-11-22,129.6511,131.1883,129.1417,130.9687,7062100
2022-11-23,130.9687,132.1633,130.266,130.6613,3658200
2022-11-25,130.2397,131.3113,130.0903,130.3275,2075200
2022-11-28,129.9849,130.2133,128.193,128.4038,3538100
2022-11-29,128.1666,129.2734,127.9822,128.6761,2754700
2022-11-30,128.4126,131.443,127.9558,130.793,6377600
2022-12-01,131.7417,131.7681,129.4227,131.0214,4495900
2022-12-02,130.1167,131.0214,129.7653,130.591,2900000
2022-12-05,129.9498,130.8194,128.9484,129.4843,2784600
2022-12-06,129.3876,129.8268,128.8606,129.5633,2847600
2022-12-07,129.414,130.0903,128.5004,129.3613,3971300
2022-12-08,129.9146,131.0126,129.4491,129.8092,2665700
2022-12-09,129.4754,130.3011,129.0977,129.168,3047600
2022-12-12,129.8444,131.0653,129.0714,131.0653,4032800
2022-12-13,132.0843,134.5789,131.7153,132.2599,8811500
2022-12-14,132.1721,133.437,130.3978,131.6363,4205900
2022-12-15,130.4593,130.8633,124.3632,125.0483,6687000
2022-12-16,124.0733,124.6618,122.0706,123.1159,9834400
2022-12-19,123.1159,123.3618,120.5158,121.9827,5282900
2022-12-20,121.9564,124.2314,121.5172,124.0997,5156500
2022-12-21,124.5916,125.6896,123.8361,124.8551,3793700
2022-12-22,123.8098,124.2402,121.7631,123.7483,3337100
2022-12-23,123.4936,124.6091,122.624,124.4247,2092500
2022-12-27,124.4949,125.3646,124.0558,125.101,2742400
2022-12-28,125.0835,125.4436,122.9314,122.9929,2539500
2022-12-29,123.4848,124.9605,123.3706,123.9064,2337200
2022-12-30,123.4497,123.7659,122.4922,123.7571,2858000
2023-01-03,123.9416,124.6443,123.397,124.3369,3338600
2023-01-04,124.7936,126.1551,124.1787,125.2592,3869200
2023-01-05,125.1186,125.1713,122.9841,123.9503,2866600
2023-01-06,125.0659,126.7085,124.3632,126.2254,3574000
2023-01-09,126.5592,127.7802,125.9619,126.0936,3987700
2023-01-10,126.1463,127.2355,125.5227,127.1916,2152100
2023-01-11,127.3673,127.8328,126.0058,127.5957,3268700
2023-01-12,127.2619,128.8254,126.9457,127.8504,2715900
2023-01-13,126.5416,128.3335,126.4977,128.1491,2455700
2023-01-17,128.6146,129.2822,127.3761,127.5342,2986500
2023-01-18,126.8402,127.0862,123.1773,123.3354,6445600
2023-01-19,122.9753,124.9341,122.7557,123.5199,4833900
2023-01-20,124.4422,124.6091,123.4233,124.0294,7153300
2023-01-23,124.2051,125.6017,123.9064,124.6091,5898400
2023-01-24,124.0733,125.3909,122.9753,124.2841,4407600
2023-01-25,123.3882,123.8801,122.4132,123.6429,7347500
2023-01-26,120.8057,121.4557,116.809,118.1002,17548500
2023-01-27,118.0915,119.0138,117.5029,118.0475,8143100
2023-01-30,117.9861,119.5584,117.6874,118.8469,5375700
2023-01-31,119.0225,119.1543,117.4941,118.3462,7206400
2023-02-01,118.1354,119.2773,116.6509,118.6624,5428900
2023-02-02,119.4266,120.0942,118.4516,119.8043,6107800
2023-02-03,119.7692,120.2962,119.0489,120.2874,3755700
2023-02-06,119.3124,119.7428,118.5394,119.6199,4841300
2023-02-07,119.1719,119.8131,118.1002,119.3212,3737600
2023-02-08,119.207,120.1118,118.7239,119.4442,4593700
2023-02-09,120.031,120.689,118.5639,118.9284,3918800
2023-02-10,118.9551,120.7246,118.7062,120.5735,5049600
2023-02-13,120.9291,122.1651,120.7957,122.1295,4403000
2023-02-14,121.8628,122.0317,120.0844,120.938,3202200
2023-02-15,120.2178,121.3292,120.1022,121.2848,2506700
2023-02-16,120.5468,120.9025,119.6754,120.0399,2965500
2023-02-17,119.5953,120.5556,119.0529,120.0577,3466200
2023-02-21,119.1507,119.4975,117.0701,117.1145,4257200
2023-02-22,117.2835,117.3635,115.8519,116.4565,3200200
2023-02-23,116.9278,117.1056,114.5803,116.2964,3725600
2023-02-24,115.2561,116.1897,114.9004,116.1008,3015800
2023-02-27,116.8566,117.2568,115.7096,116.0297,2761300
2023-02-28,116.0831,116.1364,114.8293,114.9716,5143100
2023-03-01,114.6159,115.1227,113.5844,113.9846,3760700
2023-03-02,114.1624,114.9004,113.5578,114.6426,3340100
2023-03-03,115.016,115.514,114.5003,115.2739,2860300
2023-03-06,115.2739,116.3587,115.2294,115.763,3131200
2023-03-07,115.843,115.9674,113.9846,114.0379,3530400
2023-03-08,114.2425,114.4737,113.4155,113.8601,2778800
2023-03-09,114.0824,114.2869,112.0195,112.1796,5478300
2023-03-10,112.144,113.1843,111.2637,111.5482,5990900
2023-03-13,111.2815,113.9846,111.0147,111.6638,8188400
2023-03-14,112.473,112.6063,109.5475,110.8369,8114800
2023-03-15,109.3608,109.6809,108.2227,109.6187,5989300
2023-03-16,109.3341,110.988,108.4094,110.8813,6438700
2023-03-17,110.33,110.7213,109.3075,109.9833,37400200
2023-03-20,110.5346,112.1796,110.4279,111.9839,4588300
2023-03-21,112.8375,113.0598,111.7349,112.5441,3856300
2023-03-22,112.9265,113.1221,110.2678,110.3034,3549000
2023-03-23,110.09,111.0858,109.014,109.6987,4651900
2023-03-24,109.6898,111.5038,109.263,111.406,3812300
2023-03-27,112.4552,115.8252,112.4552,114.9805,6524100
2023-03-28,114.8649,115.2917,114.527,115.0071,2888900
2023-03-29,115.7007,115.9052,114.8649,115.3361,3279600
2023-03-30,115.7363,116.91,114.7937,114.9004,3561800
2023-03-31,115.1227,116.6877,115.0783,116.5632,4524700
2023-04-03,116.4565,117.9148,116.2787,117.4257,3840100
2023-04-04,117.3635,117.5057,116.3854,117.0167,3382800
2023-04-05,116.8122,117.9148,116.8122,117.4968,2898700
2023-04-06,117.5147,117.9059,115.8786,116.0386,3050600
2023-04-10,115.4428,116.5543,114.9182,116.5099,2614400
2023-04-11,116.1097,116.5721,115.7541,115.9675,3132400
2023-04-12,115.9497,116.3854,113.9668,114.2958,3957500
2023-04-13,113.8245,114.1624,112.0373,113.7267,5621500
2023-04-14,114.2247,115.4517,113.2021,113.9401,4180600
2023-04-17,114.0824,114.4559,112.7486,113.6556,3662700
2023-04-18,113.9401,114.4203,113.2377,113.62,3193800
2023-04-19,112.4819,112.9087,111.4148,112.3218,7014400
2023-04-20,115.7274,116.4654,111.895,112.3574,9749600
2023-04-21,112.0373,112.6597,111.3882,111.7972,6725400
2023-04-24,111.6371,112.0817,110.7568,111.5038,4043900
2023-04-25,111.0592,112.2062,110.9347,111.9394,4275400
2023-04-26,111.8683,112.5263,111.2548,111.9039,4070200
2023-04-27,112.3663,112.9442,111.5571,112.8998,3204900
2023-04-28,112.553,113.1487,111.7172,112.4018,5061200
2023-05-01,112.3485,112.7042,112.0906,112.1173,2725000
2023-05-02,112.304,112.4374,109.6098,111.2904,4445300
2023-05-03,111.5571,111.6549,109.6009,109.7698,4554200
2023-05-04,109.3964,109.8321,108.2671,108.9874,4468200
2023-05-05,109.4675,110.3478,109.2008,109.9477,4971900
2023-05-08,110.0455,110.1878,108.9696,109.7254,3663800
2023-05-09,109.8696,109.9327,108.752,109.2116,4540000
2023-05-10,109.9507,110.4014,109.1485,109.9777,4189200
2023-05-11,109.9777,110.176,108.6528,108.9683,3446500
2023-05-12,109.428,110.7348,109.1576,110.7168,4564800
2023-05-15,110.861,111.4829,110.2662,111.1855,2915700
2023-05-16,111.1765,111.6362,110.3653,111.2756,2748400
2023-05-17,111.7083,113.4298,111.2847,113.3036,4515100
2023-05-18,112.9341,114.0246,112.8349,113.7002,3797900
2023-05-19,114.277,115.629,114.0607,114.7006,4306700
2023-05-22,114.9169,115.5388,114.6015,114.9169,2806800
2023-05-23,114.6826,116.35,114.5834,115.5298,4592300
2023-05-24,115.2054,115.2775,113.0873,113.2766,3915500
2023-05-25,113.2134,114.6736,112.6727,114.25,4102900
2023-05-26,114.5203,116.8638,114.295,116.1697,5612600
2023-05-30,116.7736,117.2333,115.6019,116.7015,3741100
2023-05-31,115.8272,116.6655,114.8809,115.8994,11590200
2023-06-01,115.7642,117.3054,115.1693,117.008,4136100
2023-06-02,117.5127,119.9823,117.3054,119.3514,5375800
2023-06-05,119.9823,120.3969,119.2162,119.5497,3993500
2023-06-06,119.3604,119.8201,118.8647,119.5947,3298000
2023-06-07,119.4235,121.172,119.1441,121.1179,5772000
2023-06-08,121.3973,122.56,120.7844,121.145,4128500
2023-06-09,121.0999,122.6682,120.9287,121.9472,3981500
2023-06-12,122.5781,123.1369,122.4158,122.9566,4494500
2023-06-13,123.0377,124.5339,122.5781,124.0202,3927300
2023-06-14,124.2004,125.2189,123.4253,123.6596,4514900
2023-06-15,123.7227,125.1017,123.6416,124.7412,3812600
2023-06-16,125.4893,125.7056,123.903,123.912,7473700
2023-06-20,122.9025,123.6867,122.4789,122.542,4271300
2023-06-21,121.7759,122.0282,120.1355,120.496,5501300
2023-06-22,118.6844,119.8381,117.7831,118.2247,6012800
2023-06-23,117.5307,117.729,116.4311,116.6564,11324700
2023-06-26,116.6204,118.4411,116.5483,118.378,4845600
2023-06-27,118.3419,119.829,117.9183,119.2792,3219900
2023-06-28,119.0269,119.126,117.9904,118.7565,2753800
2023-06-29,118.7475,121.0909,118.6934,120.8295,3639800
2023-06-30,121.3973,121.7038,120.2617,120.6042,4236700
2023-07-03,120.2527,121.0909,119.7569,120.478,1477100
2023-07-05,120.1626,121.0549,119.5046,120.9918,2955100
2023-07-06,120.0905,120.6853,118.5672,119.117,3507700
2023-07-07,118.7745,120.6403,118.7475,119.0449,2982700
2023-07-10,118.7565,119.9192,118.7024,119.784,2369200
2023-07-11,120.469,121.2802,120.0814,121.172,2924000
2023-07-12,121.7398,121.9742,119.4866,119.7299,3732200
2023-07-13,120.3338,121.7398,120.1986,120.7033,3221400
2023-07-14,120.6943,120.7033,119.8201,120.2346,2861500
2023-07-17,120.1085,121.3253,119.9643,120.9918,3167400
2023-07-18,121.4154,122.533,121.0368,122.0012,3852100
2023-07-19,122.1544,122.9836,121.848,122.1094,5520000
2023-07-20,123.6506,126.4717,123.0828,124.7232,10896300
2023-07-21,124.57,125.985,124.1644,125.2279,5858600
2023-07-24,125.5974,126.2914,125.0837,125.7687,3475200
2023-07-25,125.6605,126.5708,125.318,126.4807,3770800
2023-07-26,126.5799,127.3099,126.0751,127.1477,4046400
2023-07-27,128.2563,129.2297,127.8958,128.8602,6331600
2023-07-28,129.2838,129.7435,128.752,129.2928,6686400
2023-07-31,129.6172,130.3293,129.3649,129.9507,6138100
2023-08-01,130.0139,130.2212,128.1391,129.1847,4797700
2023-08-02,128.6889,130.0589,128.2653,129.9417,4957400
2023-08-03,129.5903,130.8882,129.1667,130.1942,3951900
2023-08-04,130.771,131.6723,129.7795,130.0049,4223100
2023-08-07,130.6898,132.0418,130.6267,131.7534,3438700
2023-08-08,131.3207,131.7263,129.8876,131.51,4654600
2023-08-09,132.1391,132.1391,129.7323,129.9055,4072900
2023-08-10,130.4069,131.8109,130.0878,130.5983,4735800
2023-08-11,130.4798,130.7807,129.6502,130.4798,2526400
2023-08-14,130.416,130.7077,129.2764,129.3767,4226400
2023-08-15,129.0029,129.7414,128.7294,129.3402,3656600
2023-08-16,129.1852,129.5408,128.1459,128.2189,3285300
2023-08-17,128.5562,130.0604,128.1824,128.2371,3742100
2023-08-18,127.6354,129.3038,127.4166,128.9209,3915500
2023-08-21,128.93,129.8143,128.6473,129.714,2937800
2023-08-22,130.0605,130.5801,128.8206,128.9938,3557500
2023-08-23,129.2035,130.808,129.0759,130.7442,2559100
2023-08-24,130.8354,131.7106,130.571,130.8719,2900200
2023-08-25,131.4462,132.6223,130.8263,132.5129,3660100
2023-08-28,132.5676,133.7801,132.3852,133.1237,3561100
2023-08-29,133.379,133.771,132.759,133.5157,2778100
2023-08-30,133.4884,133.9442,132.8775,133.8895,2245400
2023-08-31,133.9624,134.6827,133.5978,133.8622,3885900
2023-09-01,134.2542,135.02,133.9442,134.8741,2727800
2023-09-05,134.8468,135.8405,134.5368,135.0474,3731300
2023-09-06,134.6188,135.2297,134.1265,134.9835,2932200
2023-09-07,135.0474,135.64,134.3818,134.4912,3332900
2023-09-08,134.3363,135.4667,134.2542,134.6371,3722800
2023-09-11,135.4485,135.6399,134.5459,135.2753,3273600
2023-09-12,134.8559,134.9288,132.9231,133.379,4457700
2023-09-13,133.0599,133.9989,133.0325,133.6069,2627800
2023-09-14,134.3636,134.6827,133.5431,134.3363,2723100
2023-09-15,134.1174,134.7921,132.677,133.0963,6234000
2023-09-18,132.8958,133.5431,132.2485,132.2758,2508100
2023-09-19,132.1938,133.7619,131.8838,133.5795,3945400
2023-09-20,135.257,138.5117,135.0474,136.5972,9632400
2023-09-21,135.8405,136.0684,134.2998,134.3636,4944600
2023-09-22,134.391,135.02,133.8531,133.9351,2562000
2023-09-25,133.6251,134.4092,133.3334,133.5431,2694200
2023-09-26,132.6587,133.2604,130.3886,130.5892,4824700
2023-09-27,130.9813,131.118,129.24,130.5254,4439800
2023-09-28,129.5864,129.714,127.8268,129.0758,5783200
2023-09-29,129.4588,129.5773,127.2798,127.9089,5704000
2023-10-02,127.6718,128.9573,127.5077,128.3647,3275300
2023-10-03,128.4286,129.1306,127.6354,127.991,3284400
2023-10-04,127.9727,128.7294,127.6263,128.6109,2637600
2023-10-05,128.4559,129.1852,127.8086,129.0211,3223900
2023-10-06,128.9117,130.3157,127.7357,129.4861,3511100
2023-10-09,129.7323,129.8234,128.2553,129.6411,2354400
2023-10-10,130.0057,130.7533,129.2035,129.559,3015800
2023-10-11,129.9237,130.6804,129.5864,130.5801,2511500
2023-10-12,129.9237,130.3066,128.5015,128.7659,3921100
2023-10-13,127.4257,127.7448,126.0582,126.2314,4582800
2023-10-16,126.979,127.4348,126.2861,126.9152,3361500
2023-10-17,125.0098,128.2006,124.2713,127.9272,4172800
2023-10-18,127.6354,128.0274,127.2525,127.608,3330000
2023-10-19,126.3955,127.0975,125.7482,125.8211,5314200
2023-10-20,125.9488,126.9699,125.0097,125.0462,4865600
2023-10-23,124.563,125.5203,123.8701,124.3351,3457500
2023-10-24,124.6633,125.7938,124.0342,125.6206,3698000
2023-10-25,125.3562,126.2587,124.2895,124.9733,6472500
2023-10-26,129.6411,131.6559,129.0758,131.0633,11130200
2023-10-27,130.9357,131.9203,129.1944,129.9328,5469200
2023-10-30,130.5437,131.738,129.9875,130.0331,4204100
2023-10-31,130.3704,131.975,129.9967,131.8656,6591800
2023-11-01,132.1938,133.5704,131.6923,132.5584,4750100
2023-11-02,132.8958,134.1083,132.0479,134.0263,3902700
2023-11-03,134.4274,135.3391,134.2724,134.8377,3510500
2023-11-06,134.8286,136.0502,134.7921,135.8132,4597200
2023-11-07,135.8679,136.0958,134.9562,135.6855,3549900
2023-11-08,136.0684,136.4604,134.555,134.9562,3618600
2023-11-09,135.1221,135.5278,133.9512,135.1867,3412700
2023-11-10,135.9428,137.5378,135.3988,137.3996,3179000
2023-11-13,136.8832,136.9109,135.8598,136.5513,2647200
2023-11-14,137.796,139.05,137.4272,138.6812,4321900
2023-11-15,138.6719,141.272,138.6719,140.6819,4632500
2023-11-16,141.0692,141.3919,140.267,141.1245,3519200
2023-11-17,141.3366,141.5302,140.5713,140.9678,4426500
2023-11-20,140.6174,142.6182,140.4699,142.3139,3658500
2023-11-21,142.5444,142.5997,141.5394,141.9082,2859500
2023-11-22,142.4522,143.5679,142.1387,143.0331,3044700
2023-11-24,143.0331,143.282,141.9175,143.0792,1799200
2023-11-27,142.904,143.9643,142.6827,143.4388,4053100
2023-11-28,143.3189,143.6048,142.7842,143.5125,2666200
2023-11-29,143.9736,145.2275,143.8537,144.2133,3568900
2023-11-30,144.7112,146.2325,144.6559,146.1956,6740600
2023-12-01,146.0573,148.0673,145.6793,148.0305,4871900
2023-12-04,147.7907,150.0957,147.7907,148.5375,5779000
2023-12-05,148.2241,149.8007,148.1872,148.8049,4556700
2023-12-06,148.9893,149.6901,147.5325,147.7815,3555900
2023-12-07,148.4454,148.8787,147.4957,147.7262,3665500
2023-12-08,147.5233,149.4042,147.5233,149.3305,4561300
2023-12-11,149.9943,150.8887,149.3213,150.7596,6077200
2023-12-12,150.5383,153.3689,150.2156,151.8661,5292300
2023-12-13,151.5526,152.1058,150.0497,150.8611,4989100
2023-12-14,150.2248,150.7504,147.6616,150.2064,6129800
2023-12-15,149.644,151.2944,149.4043,149.5795,11016100
2023-12-18,149.5794,150.5937,148.9801,150.0497,3677300
2023-12-19,149.183,149.6255,148.7404,148.9617,3766600
2023-12-20,148.7127,149.183,147.5325,147.5694,4865800
2023-12-21,148.0673,148.5191,147.09,148.2425,2982900
2023-12-22,148.5375,149.7454,148.4453,149.4964,2442700
2023-12-26,149.5794,150.5752,149.4135,150.483,1772400
2023-12-27,150.4185,150.8795,149.9943,150.7135,3234600
2023-12-28,151.1745,151.1745,150.6582,150.9809,2071300
2023-12-29,150.9809,151.3774,150.1327,150.7965,2526200
2024-01-02,150.1326,150.5568,147.9474,148.9063,3825000
2024-01-03,148.4454,149.1184,147.5971,147.6155,4086100
2024-01-04,147.7262,149.1922,147.6801,148.3163,3212000
2024-01-05,147.4404,148.0304,146.297,146.7488,4199400
2024-01-08,146.3155,148.6482,145.5779,148.5744,3321700
2024-01-09,147.5233,147.9659,147.0715,147.5971,2617200
2024-01-10,147.7815,148.7588,147.2836,148.6574,2967800
2024-01-11,148.4638,149.5794,147.7907,149.5149,3778200
2024-01-12,150.2617,153.037,149.6901,152.871,4958300
2024-01-16,152.8711,154.208,152.4469,153.9406,4869600
2024-01-17,153.7839,154.7335,152.5945,153.1292,4288600
2024-01-18,153.5072,153.9683,152.1703,153.8299,3776900
2024-01-19,157.2875,158.2003,155.9875,158.1081,6929100
2024-01-22,159.3436,160.8465,158.9564,159.3528,4926000
2024-01-23,159.4174,160.4501,159.0302,160.3763,3983500
2024-01-24,161.1324,161.2246,159.4174,160.3671,9097800
2024-01-25,170.537,181.5459,170.4171,175.5804,29596200
2024-01-26,176.3918,177.3876,171.6434,172.8052,9895900
2024-01-29,172.842,174.6861,171.542,172.547,6107900
2024-01-30,173.0725,173.9392,172.2058,173.22,4575100
2024-01-31,172.464,173.0172,168.8589,169.3383,8876100
2024-02-01,169.3107,172.8881,168.4624,172.3257,4669400
2024-02-02,172.5101,172.7775,171.1455,171.3022,4055400
2024-02-05,171.0441,171.293,168.9695,169.1171,4379600
2024-02-06,169.2369,170.2788,168.7667,169.1078,3337600
2024-02-07,169.0433,169.6703,168.3887,169.4121,4841200
2024-02-08,169.9239,171.7103,168.8632,171.5335,5161200
2024-02-09,171.6079,174.1573,171.059,173.3757,5064600
2024-02-12,172.9663,173.506,171.2265,173.2083,4724000
2024-02-13,171.459,171.9149,169.6726,170.9194,4290500
2024-02-14,172.129,172.129,169.5796,170.7984,3173400
2024-02-15,170.8449,173.9712,170.8449,173.8688,4714300
2024-02-16,173.6456,175.8042,173.0129,174.5853,4842800
2024-02-20,174.5853,175.6367,170.3239,170.6775,4247200
2024-02-21,169.8587,170.296,166.3138,167.1977,4723700
2024-02-22,169.7563,171.7102,169.2725,171.3939,5078400
2024-02-23,172.0359,173.4874,171.7289,172.7988,3433800
2024-02-26,172.6872,173.1803,171.2543,171.3195,4620800
2024-02-27,171.3474,172.2499,169.9145,172.008,3641400
2024-02-28,171.7847,172.4732,170.7798,172.4081,3216300
2024-02-29,173.1989,173.8502,171.8405,172.1569,6458500
2024-03-01,172.5849,175.2738,172.2964,175.1063,4018400
2024-03-04,174.6969,180.4097,174.5481,179.6282,7938300
2024-03-05,178.6419,180.447,177.3114,178.5954,5653600
2024-03-06,180.0376,184.3455,179.5351,182.5125,6945800
2024-03-07,183.8337,184.9037,182.4939,182.8661,4604500
2024-03-08,182.4195,184.0105,180.8564,182.3171,3943100
2024-03-11,181.5169,181.7868,177.5998,178.3907,4725100
2024-03-12,179.0699,185.3224,178.7815,184.0198,5880100
2024-03-13,183.8058,184.3176,181.731,183.015,3993300
2024-03-14,183.2476,183.9919,178.7536,179.9725,4109600
2024-03-15,178.6326,179.6282,177.4324,177.7767,8828200
2024-03-18,178.3628,179.7863,177.0788,178.3535,5410600
2024-03-19,178.1674,180.112,177.0416,179.8887,5317300
2024-03-20,179.4514,180.4842,177.9999,180.4656,3238600
2024-03-21,179.5724,179.9166,176.7904,178.5489,6013600
2024-03-22,178.6419,179.5631,177.2556,177.5626,3988400
2024-03-25,177.023,177.544,175.618,175.6553,3718300
2024-03-26,175.8693,176.7811,175.3854,175.3854,4229500
2024-03-27,176.4089,177.6743,175.4785,177.5254,3693300
2024-03-28,177.6557,178.5768,177.0974,177.6743,3742200
2024-04-01,176.7811,177.2091,175.404,176.6229,2364300
2024-04-02,175.9809,176.595,174.5481,175.739,2693500
2024-04-03,175.4785,178.0372,175.3761,177.6185,2826200
2024-04-04,178.6419,179.8329,174.3061,174.8644,2983900
2024-04-05,175.4692,177.0788,174.9389,175.9809,2014300
2024-04-08,176.074,177.0044,175.7669,176.6136,2678300
2024-04-09,177.2835,177.9441,173.6735,176.1391,2794200
2024-04-10,174.3806,174.8458,172.6128,173.0966,3081700
2024-04-11,173.0966,173.8037,171.7382,172.9663,2861700
2024-04-12,171.1985,172.2871,169.0493,169.5889,3547400
2024-04-15,172.6593,174.4364,168.2956,168.6398,3528100
2024-04-16,172.6779,172.7896,170.1378,170.9659,4473700
2024-04-17,171.3474,171.8219,169.133,170.3612,3003000
2024-04-18,169.6633,170.6961,167.635,168.8445,2886700
2024-04-19,169.7378,170.082,168.0072,168.9469,3038000
2024-04-22,169.7564,170.5658,167.8955,169.2446,3076500
2024-04-23,170.0169,171.8312,166.5464,169.5145,5950200
2024-04-24,170.4263,171.4683,168.7794,171.2916,7616600
2024-04-25,156.4978,160.4521,154.1345,157.1584,16702200
2024-04-26,155.8465,156.1907,154.1996,155.5022,8983800
2024-04-29,155.7534,156.5164,154.6648,155.7813,5242200
2024-04-30,154.9067,155.1579,153.7623,154.6369,6011600
2024-05-01,154.1624,154.7021,152.8691,152.9901,4029900
2024-05-02,152.9156,153.4087,151.306,153.232,3829900
2024-05-03,153.5204,155.0184,153.446,154.181,3400400
2024-05-06,154.9161,156.9351,154.8044,156.8793,4222300
2024-05-07,157.2421,157.5119,156.2559,156.6653,3155300
2024-05-08,156.321,158.4144,156.2186,158.0795,3522000
2024-05-09,157.3935,157.4405,155.8713,156.2378,4266600
2024-05-10,157.0459,157.9292,156.2847,157.0647,2255400
2024-05-13,157.3935,157.9197,156.6982,157.4499,2414900
2024-05-14,157.7318,157.9856,156.4351,157.262,2601000
2024-05-15,157.807,158.1923,157.2432,158.1077,4468800
2024-05-16,158.1077,159.395,157.666,158.7748,3492300
2024-05-17,158.7748,158.9064,157.2338,158.8312,2956400
2024-05-20,158.8031,159.8931,158.2205,159.6676,2726300
2024-05-21,159.6863,164.4128,159.6863,163.0033,6459800
2024-05-22,162.9282,164.4316,162.3362,163.2101,3294900
2024-05-23,164.8075,164.8733,160.1562,160.3723,3341300
2024-05-24,161.1334,161.6314,159.94,160.579,2587400
2024-05-28,160.1562,160.7669,158.4741,159.4232,2629500
2024-05-29,157.8634,158.4554,156.1814,156.9707,4206600
2024-05-30,155.5706,156.67,154.3209,155.6364,3842400
2024-05-31,155.7022,156.8955,153.9544,156.7828,4905000
2024-06-03,156.4915,156.717,153.6631,155.3075,2776100
2024-06-04,154.6685,156.3599,153.992,155.8055,2594200
2024-06-05,156.3693,157.666,155.7773,157.2808,3049400
2024-06-06,157.2808,158.2768,156.7358,158.0513,2207100
2024-06-07,158.0325,160.9737,157.9198,159.7521,3475500
2024-06-10,159.3199,160.4568,158.6903,160.0998,3440000
2024-06-11,159.7239,159.7427,156.7452,159.1037,2951300
2024-06-12,161.0113,162.0637,157.9573,158.803,3522700
2024-06-13,158.8124,159.3574,158.1829,158.9158,3525700
2024-06-14,158.1359,159.2447,157.1398,159.0004,2777700
2024-06-17,158.5775,159.4796,157.3935,159.2729,3239800
2024-06-18,159.7427,160.4475,158.2205,160.2595,3386400
2024-06-20,163.5765,163.7644,160.8891,163.4262,4723100
2024-06-21,163.4732,164.4034,161.0582,162.0543,10181500
2024-06-24,164.441,167.6923,163.6423,164.4504,4864700
2024-06-25,164.5726,165.1458,161.077,162.1859,4069800
2024-06-26,160.9454,162.261,160.1279,161.4998,2779000
2024-06-27,160.7951,162.0919,160.1937,160.5414,2894000
2024-06-28,160.5414,162.9939,160.2407,162.5147,4193300
2024-07-01,162.9845,165.8129,162.9188,164.535,3321000
2024-07-02,164.2907,166.7808,163.8021,166.6022,2883300
2024-07-03,167.1473,167.2412,164.6008,165.127,1649000
2024-07-05,165.1364,165.4653,163.4544,165.3995,2086000
2024-07-08,165.766,167.8144,165.3901,166.9218,2503000
2024-07-09,166.8841,166.9781,164.986,165.8317,2512700
2024-07-10,165.9445,167.4668,163.9242,167.1097,3462200
2024-07-11,166.9311,168.6131,165.9633,167.5513,2806800
2024-07-12,167.7862,173.0483,167.7298,171.7986,4785600
2024-07-15,172.3154,173.7437,171.5825,171.8456,2925700
2024-07-16,173.5276,175.3411,173.3866,174.5988,3374500
2024-07-17,174.2511,176.6003,173.9034,176.1398,4225300
2024-07-18,175.3787,178.0379,173.9316,174.0444,3487800
2024-07-19,175.0874,175.717,170.9717,172.1932,3816000
2024-07-22,172.3342,173.8095,171.8268,173.0389,2488500
2024-07-23,173.2363,174.1947,171.9677,172.992,2180200
2024-07-24,173.0295,173.9034,172.0993,172.9168,6962100
2024-07-25,175.529,184.4182,174.1195,180.3965,9532800
2024-07-26,179.0152,181.8906,178.1789,180.1804,4294900
2024-07-29,181.5241,181.6275,177.7654,179.9455,3336800
2024-07-30,179.9267,181.1388,177.6809,179.5132,3065000
2024-07-31,179.4756,182.8114,178.5266,180.5468,5558400
2024-08-01,181.1764,181.9563,176.9291,178.2165,4085400
2024-08-02,177.3896,177.8406,174.4954,177.7091,4548800
2024-08-05,173.4148,174.082,170.8401,172.2496,4975000
2024-08-06,173.5558,177.5024,172.5597,175.5291,3632500
2024-08-07,176.7318,178.4138,175.4351,175.5291,3801900
2024-08-08,176.1868,181.2422,175.717,180.9885,3712700
2024-08-09,181.216,182.5904,179.1875,181.4719,2773700
2024-08-12,181.2823,181.5951,179.1496,179.6046,2290300
2024-08-13,180.3724,181.3392,179.3487,181.0359,2178900
2024-08-14,181.1875,183.0264,180.7894,182.2966,1895100
2024-08-15,183.4245,184.126,183.2065,183.8416,2472000
2024-08-16,183.4909,184.2208,182.8084,183.6805,2494400
2024-08-19,183.7373,185.3393,183.6236,184.581,2361400
2024-08-20,184.4483,185.9838,183.652,185.8132,1790400
2024-08-21,185.7563,187.0455,184.0028,186.9317,2579300
2024-08-22,186.9696,187.6047,185.3772,185.7468,1969500
2024-08-23,186.5336,187.0928,184.2587,185.8795,2322000
2024-08-26,185.7848,188.0123,185.69,187.6616,2567200
2024-08-27,187.1497,189.0076,186.7042,188.3725,2617100
2024-08-28,188.6284,189.5763,187.1971,188.1166,2645200
2024-08-29,188.9128,190.6379,187.9365,188.5336,2989600
2024-08-30,188.7327,191.6332,188.3725,191.5953,4751000
2024-09-03,191.3868,194.0503,189.7754,190.7896,3874700
2024-09-04,190.2967,193.7091,190.0503,193.4721,3142500
2024-09-05,193.4436,195.2162,190.4863,192.0313,3229200
2024-09-06,191.8323,193.4626,188.9507,190.2777,3304500
2024-09-09,191.4152,194.3631,190.9318,192.9223,3705000
2024-09-10,193.5574,195.1024,192.2967,194.619,3070600
2024-09-11,196.9318,199.1688,192.4578,198.9508,5554300
2024-09-12,199.0551,201.567,197.4153,200.5812,4615300
2024-09-13,201.4058,204.8277,201.0741,203.5954,4572300
2024-09-16,204.6287,206.5434,204.2874,205.8419,4176100
2024-09-17,205.9272,207.4344,201.8987,202.9698,5635200
2024-09-18,202.9698,205.5576,202.458,203.7376,3482800
2024-09-19,206.6476,207.0931,199.4058,202.7424,5279600
2024-09-20,203.1594,206.496,202.6002,206.3538,9958800
2024-09-23,206.6381,209.1216,205.9462,209.0078,4074800
2024-09-24,208.3254,209.6619,206.7898,209.4534,3183900
2024-09-25,209.6429,210.2875,208.6856,209.6998,2537800
2024-09-26,210.5339,212.3254,209.823,211.7851,2673200
2024-09-27,211.3776,212.4676,209.2638,209.3301,3830300
2024-09-30,209.1501,209.7851,207.605,209.5576,3543400
2024-10-01,209.1311,209.5766,204.6476,207.9178,3548400
2024-10-02,206.932,208.7235,204.5528,208.278,3343400
2024-10-03,208.06,211.2164,207.842,211.1122,3788300
2024-10-04,212.0885,214.297,211.6335,214.2212,3553800
2024-10-07,213.6335,215.8042,213.2923,215.2828,3458000
2024-10-08,216.2213,217.3966,215.207,216.7047,3245100
2024-10-09,217.2544,222.7047,216.5909,222.0886,5083600
2024-10-10,222.8469,223.5389,219.7284,220.8754,3142000
2024-10-11,221.0934,221.2735,218.4488,221.1028,3469200
2024-10-14,221.3967,223.8138,221.0175,222.9986,2524400
2024-10-15,224.0792,224.9986,220.5815,220.8185,3350600
2024-10-16,220.0127,221.6905,219.0743,221.4914,2846700
2024-10-17,219.9085,220.9986,218.6383,220.7426,5040100
2024-10-18,219.8327,220.5246,218.1739,220.0981,4715700
2024-10-21,219.1597,220.3066,218.2592,219.6715,2733300
2024-10-22,219.899,220.828,218.6478,220.1455,3180800
2024-10-23,218.4014,221.1787,218.2592,220.6194,5791000
2024-10-24,209.2922,209.7851,204.8941,207.0078,11193400
2024-10-25,205.5007,207.2543,203.2163,203.4817,8482200
2024-10-28,204.2685,204.9794,201.6144,201.8134,4993300
2024-10-29,200.9414,202.221,198.9129,199.4627,5258400
2024-10-30,198.5622,200.1167,193.6143,194.2209,6956600
2024-10-31,193.491,197.2826,192.9033,195.946,5925300
2024-11-01,196.9413,198.9034,196.6001,197.3963,3334100
2024-11-04,196.8276,196.875,195.074,195.5669,2593900
2024-11-05,195.4247,197.2731,194.856,196.7518,2441500
2024-11-06,202.3537,203.1594,199.4058,202.4675,3934400
2024-11-07,202.5054,203.3396,200.8845,202.5528,3675800
2024-11-08,202.9983,205.4059,201.6902,202.5812,3201000
2024-11-11,203.2258,204.1832,202.3537,202.4391,3013000
2024-11-12,202.4391,203.5186,199.7259,201.4455,2817800
2024-11-13,200.1462,201.9709,199.7354,201.5028,3247800
2024-11-14,200.6239,201.1016,197.1369,199.659,6372900
2024-11-15,198.1973,199.1813,194.9587,195.8376,3986500
2024-11-18,197.7578,199.1144,196.2006,198.7992,3405900
2024-11-19,197.2801,200.9391,196.984,200.8627,2860700
2024-11-20,201.5792,205.3624,200.4042,205.0185,4562900
2024-11-21,206.1745,212.69,205.6586,212.4702,5236400
2024-11-22,213.3778,217.0559,211.0277,213.0148,5320700
2024-11-25,213.3778,216.3108,212.7091,216.0337,7189300
2024-11-26,216.6069,218.7565,215.4414,218.6132,4449500
2024-11-27,218.6131,218.9571,214.2567,216.7884,2995100
2024-11-29,217.5814,220.0748,217.0464,217.2566,2640300
2024-12-02,217.3425,218.1833,215.4414,217.2375,2655900
2024-12-03,217.0941,218.8806,216.5496,218.7756,3163800
2024-12-04,219.7309,223.3039,219.1099,223.0651,4104200
2024-12-05,223.1224,225.9598,223.0364,224.2688,4791100
2024-12-06,223.9631,227.7368,223.7625,227.4119,4028400
2024-12-09,227.3737,228.6634,218.6896,219.7309,4970400
2024-12-10,218.2024,223.9249,217.6292,221.3741,4769500
2024-12-11,222.3008,222.597,218.8998,219.8456,3872700
2024-12-12,220.3614,223.4472,220.0939,221.89,4515700
2024-12-13,221.8805,223.3422,219.9793,220.5143,2757400
2024-12-16,220.4283,220.7149,216.7502,219.0908,3610300
2024-12-17,218.9953,219.922,217.4572,218.7469,3651300
2024-12-18,218.8138,218.8138,210.2061,210.3398,4152500
2024-12-19,214.4001,216.1006,213.0244,213.9224,4427200
2024-12-20,212.7855,217.5145,211.7824,213.3874,12423200
2024-12-23,212.8619,213.7504,211.2092,212.0212,2988100
2024-12-24,212.3461,214.4192,211.6486,214.3905,1186200
2024-12-26,213.3396,215.3363,212.6136,214.8491,3286500
2024-12-27,213.1772,214.4001,211.5245,212.8333,1810800
2024-12-30,210.6933,211.6964,207.9323,210.4162,2095600
2024-12-31,210.8653,211.1805,208.6871,210.015,2270200
2025-01-02,211.9161,212.5562,207.8845,210.1201,2579500
2025-01-03,210.7028,213.674,210.7028,212.7091,3872100
2025-01-06,213.0434,214.3332,210.8939,212.7282,2846700
2025-01-07,213.3778,216.5878,212.881,213.9606,3299300
2025-01-08,213.9128,214.8586,210.9703,213.2154,2619800
2025-01-10,212.0881,212.4989,207.1203,209.9386,3570300
2025-01-13,208.1616,209.7857,205.1618,207.6935,3716800
2025-01-14,208.2667,208.3909,205.0281,208.0279,3485500
2025-01-15,211.0085,211.7824,208.2762,210.206,2951600
2025-01-16,209.8812,212.7377,207.6744,212.7186,3329100
2025-01-17,215.8713,215.8713,213.6549,214.7535,5506800
2025-01-21,214.9446,217.2948,212.8811,214.2472,3982200
2025-01-22,212.069,214.3809,210.5118,213.2918,4759500
2025-01-23,213.9415,215.9477,213.1867,215.9477,3619700
2025-01-24,215.2121,216.6833,213.8077,214.7631,3232900
2025-01-27,212.2696,214.2854,210.0245,214.123,4898400
2025-01-28,214.3045,215.6898,211.8684,215.5847,4485400
2025-01-29,215.5465,219.2246,213.7409,218.4221,7079800
2025-01-30,238.8379,250.1111,235.9814,246.7387,15381900
2025-01-31,244.6178,245.7547,240.6436,244.2835,7199800
2025-02-03,241.1308,250.3595,240.5958,249.0889,8408500
2025-02-04,248.3915,253.4071,246.5954,252.6523,6077700
2025-02-05,253.8465,253.8561,249.5188,251.5441,6165100
2025-02-06,251.2384,251.6206,241.4461,242.1244,6128300
2025-02-07,243.8822,245.4585,240.7678,241.0735,3370300
2025-02-10,241.2562,242.3045,237.419,239.7271,3564400
2025-02-11,241.487,246.9207,240.9869,244.9492,4801600
2025-02-12,243.045,246.5841,242.3718,246.0167,3075300
2025-02-13,245.8725,249.3539,244.6703,249.2673,4531500
2025-02-14,249.0846,251.912,248.0363,251.2773,3925300
2025-02-18,251.9024,253.8547,249.8828,252.9988,4262800
2025-02-19,251.9697,254.2394,250.1328,254.2009,3718700
2025-02-20,253.5566,254.9414,252.114,254.6048,4884800
2025-02-21,253.7489,254.6914,251.1042,251.4696,5667900
2025-02-24,251.4889,253.7489,249.6423,251.8447,4398100
2025-02-25,251.0849,253.3931,246.94,247.8824,6292200
2025-02-26,248.219,248.4402,244.6703,246.0455,3460100
2025-02-27,245.4493,247.767,243.3624,243.5355,3402200
2025-02-28,241.2562,243.1315,237.1016,242.7757,7988800
2025-03-03,244.9877,246.1898,238.7461,240.6119,2977700
2025-03-04,239.227,245.6994,238.6019,243.5163,5342100
2025-03-05,241.9486,243.0642,237.5536,241.7274,4009800
2025-03-06,240.1887,242.4488,237.3517,239.1693,3254400
2025-03-07,236.5342,251.9313,235.7937,251.5274,6700200
2025-03-10,251.5466,256.2494,244.9973,247.065,8165500
2025-03-11,246.1898,246.8726,236.4476,239.4193,5630600
2025-03-12,240.7657,243.4393,236.1303,240.0733,3848800
2025-03-13,239.2751,239.7271,233.7356,236.3899,3862400
2025-03-14,233.4567,239.4193,232.4277,238.8423,4045200
2025-03-17,239.7079,244.8819,239.4674,243.2854,3233900
2025-03-18,242.843,242.9008,235.736,237.4959,4171900
2025-03-19,238.8231,243.949,237.1978,242.6315,3853600
2025-03-20,234.8896,237.3516,228.1384,234.0049,7026800
2025-03-21,232.4373,235.8225,229.3694,234.5338,9580100
2025-03-24,237.8421,239.2943,236.5534,238.9385,4753300
2025-03-25,238.8519,241.2947,238.698,240.3329,3133800
2025-03-26,241.6313,244.5838,239.9771,240.7561,4450100
2025-03-27,240.1502,240.7177,236.3226,236.7842,2889300
2025-03-28,236.8419,238.0921,232.8027,234.6588,3125300
2025-03-31,233.4471,241.2851,233.2067,239.1404,6795000
2025-04-01,238.5346,241.0254,234.1684,240.7561,4412900
2025-04-02,238.7173,243.1123,237.7652,240.4099,4080800
2025-04-03,233.4182,241.0158,233.2451,234.1684,5309600
2025-04-04,228.8885,230.9658,218.1942,218.7713,7407100
2025-04-07,210.8467,223.3971,206.2882,217.1364,7797900
2025-04-08,223.6568,224.1281,208.9618,212.5682,6850000
2025-04-09,208.8079,227.2536,206.9229,226.3015,7302800
2025-04-10,222.1565,223.6664,213.5203,220.762,5656100
2025-04-11,220.9255,228.4846,218.8001,226.465,4325900
2025-04-14,230.5908,232.5142,227.6672,229.908,3321500
2025-04-15,230.3792,232.2834,229.1482,231.4852,3363700
2025-04-16,231.0812,233.9856,226.8593,229.4367,4869900
2025-04-17,230.5042,232.5238,228.3115,229.6675,4635200
2025-04-21,228.9559,231.591,224.0126,227.1767,4908900
2025-04-22,229.3694,233.3509,228.9078,231.6775,4232700
2025-04-23,236.5823,239.7944,234.3319,236.0822,7948300
2025-04-24,222.3296,223.8684,215.8477,220.5505,15428100
2025-04-25,220.185,224.4262,217.6557,223.5125,6700100
2025-04-28,223.9453,227.571,223.1856,227.119,3653500
2025-04-29,227.9268,230.7927,227.0997,230.2253,3426500
2025-04-30,227.6672,233.1874,225.3687,232.5623,5143000
2025-05-01,232.1968,233.0912,228.8404,230.485,4243300
2025-05-02,233.8222,236.2841,232.0911,236.1495,3731900
2025-05-05,234.4088,240.2368,234.3126,239.6405,4137800
2025-05-06,238.2749,240.6119,236.688,239.5828,2900600
2025-05-07,239.9002,244.728,239.3039,243.6701,3399700
2025-05-08,245.2377,246.6995,243.5547,244.4106,3637000
2025-05-09,244.459,244.9334,239.7443,241.2546,2901300
2025-05-12,244.4494,245.7176,236.8496,245.6014,4609500
2025-05-13,246.3178,251.3036,244.8173,250.3452,3521400
2025-05-14,249.3867,252.2427,248.0507,249.5997,3634700
2025-05-15,250.7518,258.9033,250.3645,258.1772,4856300
2025-05-16,257.8578,259.4358,256.1539,258.2547,3817900
2025-05-19,256.9865,260.5588,256.6282,259.8521,3198600
2025-05-20,258.8743,260.6944,257.151,258.4387,2437900
2025-05-21,256.5218,257.1801,252.1072,252.5525,3753900
2025-05-22,252.4557,252.9397,249.6869,250.1322,3091300
2025-05-23,250.3355,251.5844,247.6344,250.3839,2722600
2025-05-27,252.6784,255.3794,251.3521,254.8373,3284200
2025-05-28,254.7695,256.5508,251.6521,251.9426,2318400
2025-05-29,252.4363,252.8042,248.5832,250.442,2295000
2025-05-30,250.5001,251.8264,248.9027,250.8002,9668900
2025-06-02,249.6288,255.5634,249.0189,255.4859,2831900
2025-06-03,254.9535,257.093,254.208,256.7445,2494700
2025-06-04,256.454,258.487,256.3475,257.0542,2588600
2025-06-05,256.7445,258.9808,256.6476,258.3515,2658400
2025-06-06,259.4455,261.556,259.0002,260.2975,2495200
2025-06-09,259.552,264.7508,258.2063,263.4051,4331500
2025-06-10,264.4797,268.6232,263.8698,267.4324,5163500
2025-06-11,267.8778,272.7667,266.3384,272.5441,4656000
2025-06-12,272.5538,274.035,270.908,272.0697,3418000
2025-06-13,269.3397,270.9177,267.0355,268.3812,3243800
2025-06-16,270.4046,275.4291,269.785,272.8442,3685300
2025-06-17,272.1859,275.7099,272.0407,274.0253,3069600
2025-06-18,275.9131,277.7622,273.9188,274.1802,3534100
2025-06-20,270.3755,275.0612,268.3618,272.0116,7677000
2025-06-23,272.6699,280.3471,271.2758,279.9598,3786200
2025-06-24,281.199,284.9553,279.2144,284.4229,4219100
2025-06-25,285.1005,286.7173,280.2696,281.7799,3862300
2025-06-26,282.4963,283.5709,280.9183,282.6222,3621100
2025-06-27,283.629,283.7742,279.3209,280.4633,3562500
2025-06-30,281.6541,285.4104,280.7537,285.3813,3495400
2025-07-01,285.1586,285.7008,280.8312,281.9155,3272800
2025-07-02,280.7537,280.9377,277.7526,278.4786,3257500
2025-07-03,278.7594,282.9998,278.7207,282.6609,1853300
2025-07-07,283.174,285.8073,281.1022,283.145,4488100
2025-07-08,283.7549,286.1848,280.2599,281.1603,2925300
2025-07-09,282.0994,282.3027,279.4274,280.8893,2971300
2025-07-10,279.6888,279.6888,273.2121,278.2657,3487800
2025-07-11,275.9228,278.2657,273.8995,274.5481,3790700
2025-07-14,273.8123,275.8453,272.728,274.7417,2857100
2025-07-15,274.7224,275.0902,271.7793,273.6865,2864100
2025-07-16,273.7349,274.8192,270.9467,272.9314,2804800
2025-07-17,272.5247,274.4222,271.9438,273.0088,3337200
2025-07-18,274.3448,278.0043,273.2218,276.7554,4478200
2025-07-21,277.162,278.5561,275.3129,275.6324,3051800
2025-07-22,275.6615,275.797,272.2827,272.9701,4824200
2025-07-23,275.2355,278.8949,272.4667,273.0185,8105900
2025-07-24,252.9204,253.6949,244.6914,252.204,22647700
2025-07-25,251.7296,252.4847,248.1766,251.4392,7758700
2025-07-28,252.0007,255.5827,251.3327,254.8179,5192500
2025-07-29,255.8731,257.3253,252.6977,254.0434,4627300
2025-07-30,253.2592,253.6465,250.6453,251.962,3718300
2025-07-31,251.2939,251.7005,244.1783,245.0786,6739100
2025-08-01,243.3941,243.4619,237.779,242.0775,9683400
2025-08-04,243.0456,244.0427,240.1993,243.9459,5280600
2025-08-05,243.9653,244.7398,241.061,242.6777,5823000
2025-08-06,243.5103,246.2114,241.332,244.2364,3692100
2025-08-07,244.7495,246.8697,240.9448,242.184,6251300
2025-08-08,242.5738,243.1586,235.527,236.1313,6828400
2025-08-11,236.1021,236.989,228.7531,230.3126,9382000
2025-08-12,230.5368,231.9305,227.4471,228.8214,8792800
2025-08-13,230.2151,234.7376,230.2151,233.9871,5663600
2025-08-14,232.2132,232.9442,229.6498,231.1021,4556700
2025-08-15,231.5894,234.5231,230.7707,233.6459,4344300
2025-08-18,233.4997,235.3029,233.0611,233.3828,3569600
2025-08-19,233.9188,236.6771,233.4218,235.1664,3328300
2025-08-20,235.9754,236.7259,234.2502,236.4042,3240100
2025-08-21,236.0729,236.3555,232.603,233.334,2991900
2025-08-22,234.6401,237.5056,234.1333,235.9559,3134900
2025-08-25,236.4237,236.4237,233.3633,233.3633,3513300
2025-08-26,234.913,238.7727,234.2892,236.4822,5386600
2025-08-27,236.7161,239.7278,235.8681,238.6362,3698400
2025-08-28,239.2113,239.6499,237.1937,239.5037,2820800
2025-08-29,239.0163,239.2405,235.5952,237.3204,2967600
2025-09-02,234.796,235.4296,232.2132,235.3808,3469500
2025-09-03,233.9383,238.0612,233.3438,237.915,3163200
2025-09-04,239.2015,242.9637,236.6966,240.9169,4765100
2025-09-05,241.9403,242.72,239.2307,242.2327,3147500
2025-09-08,242.3302,250.6343,240.761,249.6012,6940300
2025-09-09,249.6304,254.0553,248.4218,252.5446,4931100
2025-09-10,253.0709,253.49,248.1099,250.3711,5185400
2025-09-11,251.0339,251.9988,249.182,250.4978,3576000
2025-09-12,250.4394,250.7318,246.0339,247.0183,3433300
2025-09-15,247.5836,252.4861,247.5641,249.7473,4028400
2025-09-16,249.7668,251.4628,247.9637,250.9949,2719900
2025-09-17,250.9754,254.3477,250.4979,252.5154,3974800
2025-09-18,252.3009,258.5096,250.2931,258.2854,4988400
2025-09-19,259.3087,261.0826,256.9598,259.6499,9858100
2025-09-22,259.8643,265.4102,259.2601,264.494,5030500
2025-09-23,265.7903,266.375,262.4471,265.3419,5394100
2025-09-24,265.7123,266.7162,260.5271,260.7513,3159900
2025-09-25,266.0242,277.0282,264.2796,274.3088,11506200
2025-09-26,273.4024,281.5311,273.0125,277.1061,9063900
2025-09-29,278.7533,278.7533,272.5739,272.7104,6022100
2025-09-30,273.763,278.7728,273.4121,275.0106,5926900
2025-10-01,273.1003,279.3283,273.0515,279.2309,4381300
2025-10-02,278.5486,281.2289,275.6246,279.455,3814200
2025-10-03,280.2153,285.8878,280.0203,281.0632,4375100
2025-10-06,281.2971,284.0652,280.5077,282.0866,2881900
2025-10-07,288.0613,293.4122,285.8586,286.4239,7190100
2025-10-08,286.7065,286.7455,279.2114,282.1256,5297000
2025-10-09,282.4765,282.7786,276.1412,280.9268,4912400
2025-10-10,281.648,283.0321,270.4686,270.7805,4508500
2025-10-13,272.7007,275.2835,267.6812,270.1958,4333800
2025-10-14,268.5388,270.4979,265.644,269.1528,3058100
2025-10-15,271.3264,278.2172,269.9813,273.6363,3346800
2025-10-16,273.9872,275.4004,268.6168,268.9774,2956900
2025-10-17,269.1528,276.2191,268.3731,274.1529,5309600
2025-10-20,274.1236,278.266,273.841,276.4628,3494300
2025-10-21,276.1314,278.0808,274.4648,274.9034,4081000
2025-10-22,274.8449,281.843,274.2211,280.225,10538500
2025-10-23,258.2366,278.3439,256.8818,277.7786,16676400
2025-10-24,276.5798,302.8762,275.0593,299.6695,16914200
2025-10-27,300.0009,305.5565,295.2056,305.1569,9868200
2025-10-28,304.6793,311.2583,303.5195,304.6501,6044800
2025-10-29,304.8645,306.3655,299.728,300.4005,4135900
2025-10-30,298.8801,305.8002,297.2914,302.2037,4694300
2025-10-31,304.0945,305.5565,293.9872,299.6208,7697500
2025-11-03,300.1959,304.231,296.5214,297.0087,4958000
2025-11-04,292.3985,295.4882,288.4999,293.227,5677300
2025-11-05,293.7436,299.4161,292.1159,298.997,4650400
2025-11-06,298.9775,307.4473,293.4609,304.5038,6818500
2025-11-07,301.8333,302.1452,294.9619,298.6169,5070800
2025-11-10,300.6946,303.7523,298.1563,302.9584,2975200
2025-11-11,302.831,311.5632,302.2724,307.4568,4381900
2025-11-12,313.5037,318.4136,308.2507,308.6917,6042700
2025-11-13,306.0554,308.3193,297.6172,298.7737,5310200
2025-11-14,294.0108,301.5766,291.6489,299.5872,3592500
2025-11-17,299.4891,299.8909,290.5904,291.2372,3909700
2025-11-18,291.0706,291.0706,284.132,284.1614,4861900
2025-11-19,284.7004,285.2982,282.3189,282.7697,3595900
2025-11-20,288.7577,294.7065,284.3672,284.6024,5597000
2025-11-21,287.6209,294.4811,286.0626,291.5018,5710900
2025-11-24,293.2071,301.0474,291.5704,298.0485,6050600
2025-11-25,298.0583,299.8909,291.1294,298.4013,2825300
2025-11-26,299.0873,300.479,295.618,297.1566,2196400
2025-11-28,297.9897,303.0075,297.5389,302.4194,1689000
2025-12-01,300.3907,300.9885,296.7548,299.5675,3166600
2025-12-02,300.871,304.2717,295.5494,295.7552,4261100
2025-12-03,296.8332,297.9015,292.9425,296.5784,3953400
2025-12-04,296.8332,303.4288,296.5,301.8412,2962500
2025-12-05,302.4292,305.6045,301.0474,301.7922,2344700
2025-12-08,303.4387,309.0543,301.802,303.0074,3630200
2025-12-09,303.4485,307.7018,302.586,304.2815,2935300
2025-12-10,304.0365,308.4075,300.528,306.4278,3411500
2025-12-11,305.7711,307.1824,302.243,304.5363,2755700
2025-12-12,304.3697,304.8401,297.2742,303.0663,2953400
2025-12-15,302.8213,305.1439,300.234,302.4979,3566700
2025-12-16,301.1846,301.2434,294.4223,297.1272,3366900
2025-12-17,297.7251,300.136,297.0292,297.2645,3131000
2025-12-18,297.0978,298.3719,289.7966,294.4518,5411700
2025-12-19,294.3537,300.7337,293.1287,294.9712,11031000
2025-12-22,295.0202,297.1272,292.3643,296.745,2612100
2025-12-23,295.324,299.0383,294.6478,297.7153,2923000
2025-12-24,297.6957,299.0579,296.2648,298.4797,1210600
2025-12-26,298.6071,299.6459,297.6075,298.9991,2814700
2025-12-29,298.5679,303.8111,297.6858,299.6361,4664500
2025-12-30,300.0379,300.1261,295.9708,296.0198,1883700
2025-12-31,295.7356,295.8238,289.9632,290.2964,3430100
2026-01-02,291.6194,291.6292,283.2303,285.6804,4662800
2026-01-05,289.8651,293.2169,288.3755,289.0811,4190000
2026-01-06,289.1106,296.9901,288.5422,296.4314,4147300
2026-01-07,296.4608,298.2347,290.4336,290.806,2833300
2026-01-08,289.1105,297.6075,289.1105,296.6764,3343300
2026-01-09,296.5686,300.871,295.9708,298.1465,2718800
2026-01-12,296.5784,306.0946,293.9715,305.9476,3895200
2026-01-13,305.3791,306.565,295.8434,297.1076,4507800
2026-01-14,297.4408,303.0173,295.4808,302.8604,3779000
2026-01-15,302.8311,305.6536,291.1098,292.0017,4932500
2026-01-16,294.9907,301.312,294.7751,299.5675,6199600
2026-01-20,295.3338,295.5788,284.3672,285.5334,7275500
2026-01-21,286.9153,291.7273,286.6703,291.5999,5185000
2026-01-22,293.4423,294.9221,287.6699,288.7871,3670200
2026-01-23,288.1991,288.4637,284.0046,286.6017,3298400
2026-01-26,287.3073,290.8942,287.2877,290.414,3726900
2026-01-27,291.2274,291.394,287.4151,287.9933,2954900
2026-01-28,288.2971,290.0416,285.4452,288.2873,5790300
2026-01-29,311.5142,313.5134,297.4115,303.0663,10124900
2026-01-30,301.459,301.6354,293.7461,300.577,5940700
2026-02-02,301.3708,310.3185,300.2928,308.4467,4581200
2026-02-03,306.1631,306.7316,278.1831,288.4343,11466500
2026-02-04,285.5922,285.5922,273.3907,283.2793,8708000
2026-02-05,280.3882,285.9842,279.4082,284.1026,5532800
2026-02-06,286.6604,293.9029,284.8572,292.9621,3744300
2026-02-09,290.0024,291.7763,285.602,290.4238,4627800
2026-02-10,290.7491,293.3314,286.1561,287.5655,3837300
2026-02-11,288.1372,289.2805,268.4444,268.8879,7628200
2026-02-12,266.414,267.3996,253.522,255.789,12565400
2026-02-13,256.2621,260.8551,252.9504,258.6079,6842600
2026-02-17,255.4736,256.952,250.989,254.5964,4929700
2026-02-18,254.9217,257.3561,252.566,257.0407,3949200
2026-02-19,252.3196,254.5668,249.8654,252.5956,4948700
2026-02-20,251.5311,255.3159,250.1512,253.4629,4708600
2026-02-23,250.713,251.5212,217.5468,220.139,19522900
2026-02-24,224.525,233.1886,220.415,226.0232,13379800
2026-02-25,229.8671,236.1061,227.8959,234.125,8569700
2026-02-26,236.2638,243.9319,235.5147,238.5307,7343100
2026-02-27,234.6474,236.7566,231.1977,236.7566,6642200
2026-03-02,232.3114,237.3184,230.419,235.9287,6220300
2026-03-03,232.9521,242.5521,230.9217,241.7537,6960400
2026-03-04,242.2169,247.2436,241.4383,246.465,6085000
2026-03-05,245.7356,256.6366,245.4202,252.8617,9894600
2026-03-06,252.7533,255.6707,248.5841,255.1286,6234400
2026-03-09,251.7085,254.3697,247.9533,249.688,6126600
2026-03-10,249.619,249.7964,243.0055,246.603,4938000
2026-03-11,246.4157,250.0724,243.6461,245.2921,4008500
2026-03-12,243.5476,246.4551,242.1085,244.1192,5547700
2026-03-13,244.1094,246.1299,241.1919,242.7393,4338400
2026-03-16,244.3065,248.5742,242.5619,245.6666,5674200
2026-03-17,246.9085,252.704,246.4058,252.428,5840100
2026-03-18,250.5061,254.5668,246.5636,247.9829,5177000
2026-03-19,245.844,248.5644,244.681,246.7705,4249500
2026-03-20,245.4202,246.6818,238.2942,238.2942,11314100
2026-03-23,242.9562,247.7365,241.1919,244.8683,4972000
2026-03-24,242.9069,243.5574,234.5784,237.1311,4151500
2026-03-25,240.0979,242.6506,234.5784,237.9196,4207900
2026-03-26,237.1016,243.1237,236.3525,238.1956,3606800
2026-03-27,235.4162,235.9977,230.3895,232.9422,4853700
2026-03-30,234.3813,236.7566,232.7353,233.8392,3882600
2026-03-31,236.8157,239.3587,232.9817,238.9053,4750300
2026-04-01,238.6391,242.7196,236.6876,239.6445,4228700
2026-04-02,239.5065,244.6416,238.0182,244.5923,3350900
2026-04-06,244.5726,245.3217,241.2215,243.1927,3376000
2026-04-07,241.7932,242.2268,237.6338,241.5468,2356100
2026-04-08,245.0556,246.4059,237.3381,238.2646,4771500
2026-04-09,237.417,238.2646,230.3993,233.7702,5078600
2026-04-10,235.7513,235.8301,227.196,227.4424,5869400
2026-04-13,230.2712,234.6474,228.3689,234.401,5349600
2026-04-14,235.3176,238.0675,234.6967,236.8158,3777300
2026-04-15,238.7673,242.5225,237.5254,241.2806,3879500
2026-04-16,245.1738,247.6083,242.5915,247.3915,4817500
2026-04-17,251.0087,251.9746,247.4309,249.826,5671500
2026-04-20,251.334,254.7836,248.929,250.0625,5157700
2026-04-21,250.3483,254.3795,248.249,252.0042,5584900
2026-04-22,250.851,253.8375,243.656,248.2391,12190200
2026-04-23,228.9308,229.5616,218.5423,227.7579,22297800
2026-04-24,228.5956,229.4531,221.7653,228.6449,9816900
2026-04-27,226.6441,227.9944,223.8548,224.7714,8060700
2026-04-28,227.1862,230.2022,225.1755,229.6897,5162900
2026-04-29,227.0285,228.1521,223.5591,223.8351,6443700
2026-04-30,223.2733,228.2704,221.6667,227.6593,6283300
2026-05-01,231.178,232.5578,228.4182,228.8618,3582100
2026-05-04,228.6646,230.7246,225.3332,226.1808,4003100
2026-05-05,226.8511,227.679,223.8844,225.7373,4221900
2026-05-06,225.4613,225.7078,221.1542,222.4946,7673200
2026-05-07,224.2293,228.4872,224.1406,227.9845,5485500
2026-05-08,228.0938,229.0668,223.2287,228.1236,5332800
2026-05-11,227.0314,228.5902,220.9649,221.9578,6677200
2026-05-12,222.8315,222.8315,217.6586,217.6586,6045200
2026-05-13,216.7154,216.7551,210.8276,213.1113,8361200
2026-05-14,214.0148,219.3862,213.4687,216.8147,5906200
2026-05-15,216.6459,219.3366,216.07,217.7381,6154500
2026-05-18,216.9934,221.7394,216.1991,221.1635,5946400
2026-05-19,222.901,225.7307,220.3394,220.7465,5937800
2026-05-20,219.4756,223.3975,215.236,223.3975,4873400
2026-05-21,230.9235,251.8235,229.2952,251.1682,25707800
2026-05-22,260.1836,262.497,251.5853,252.032,19072900
2026-05-26,252.737,252.737,243.7018,248.9045,9256100
2026-05-27,248.6761,255.7851,248.6761,253.3824,9275500
2026-05-28,259.1411,266.9749,255.1696,262.3381,12432900
2026-05-29,275.3249,298.8561,271.3832,295.6789,28481000
2026-06-01,320.2527,325.644,305.8063,318.1378,32880200
2026-06-02,311.5153,330.0921,307.9013,326.8851,17210700
2026-06-03,316.0329,316.0329,300.3753,303.4532,13926600
2026-06-04,305.2404,308.2289,298.042,299.6207,9608100
2026-06-05,297.8633,300.1469,279.0681,282.8112,12509500
2026-06-08,284.3999,288.4309,277.4398,278.8199,6790600
2026-06-09,279.1376,281.5702,269.3578,275.5136,9007900
2026-06-10,271.8698,278.5121,269.3975,270.4201,5497100
2026-06-11,266.0912,274.5108,264.6019,272.8924,7558300
2026-06-12,276.9533,276.9533,265.7735,270.301,5748900
2026-06-15,270.0627,270.3109,262.914,266.7961,7178800
2026-06-16,268.9408,274.6498,266.6969,268.8812,4917600
2026-06-17,264.453,266.955,260.0148,260.4814,5537000
2026-06-18,249.5896,250.6718,241.9444,247.3258,16619700
2026-06-22,246.6606,251.5058,242.0735,250.4236,9615400
2026-06-23,259.7169,265.6246,253.4419,263.053,15686100
2026-06-24,259.9751,263.1821,254.3554,261.0871,8149900
2026-06-25,265.7636,266.8458,254.1767,256.4305,8520700
2026-06-26,257.0957,271.1946,256.4404,269.6953,9719900
2026-06-29,272.3463,276.1689,267.1436,276.02,6464200
2026-06-30,271.2641,280.5574,269.189,279.2071,7458400
2026-07-01,277.6682,292.3925,276.9731,284.2112,6905800
2026-07-02,281.1234,288.8579,280.2695,287.4579,5944100
2026-07-06,286.2963,298.6774,285.6012,297.3867,7181500
2026-07-07,303.483,309.5792,298.3498,303.9496,8618600
2026-07-08,298.6278,301.6561,293.4847,299.8987,7416700
2026-07-09,283.8041,295.1627,282.4141,293.1967,10842000
2026-07-10,295.1428,296.642,285.4523,285.5119,3640100
2026-07-13,288.4309,295.3811,287.0409,288.1629,5024200
2026-07-14,224.7577,228.2824,211.7014,215.5239,67440900
2026-07-15,219.3962,222.2159,209.527,209.6957,29590400
2026-07-16,207.3327,218.3834,202.9839,217.4898,22533300
2026-07-17,214.0843,215.6232,208.7227,211.1553,13150200
2026-07-20,208.5738,214.7396,207.3327,211.4829,9585000
2026-07-21,209.2192,213.4389,207.6901,209.0007,11954400
2026-07-22,206.2008,210.8276,203.2718,204.3044,14606700
2026-07-23,201.1967,206.0717,197.7713,205.1781,15306000
2026-07-24,207.7894,214.5609,205.3271,212.6645,10578800
2026-07-27,216.1991,218.0657,213.7566,214.7396,8362300
2026-07-28,218.165,227.3491,213.5779,225.9293,13263000
2026-07-29,226.0782,229.3249,222.3549,224.8272,8806700
2026-07-30,220.4188,223.2585,218.6317,220.1607,9675200
2026-07-31,219.5749,223.1592,215.0474,222.0571,9093600
2026-08-03,226.7038,226.9222,223.2684,224.6981,7974700
2026-08-04,223.1592,233.634,221.7096,233.4752,7537900
2026-08-05,234.4184,237.258,231.7972,234.2397,5726900
2026-08-06,227.9746,232.8,226.813,231.7674,4250100
2026-08-07,233.7035,235.6297,231.0625,235.59,4763300
2026-08-10,235.0,240.74,234.13,236.31,7348900
2026-08-11,236.31,241.8,235.44,238.42,4469000
2026-08-12,236.95,237.46,231.68,235.98,5696200
2026-08-13,238.92,239.71,233.61,237.14,5395200
2026-08-14,238.37,239.15,233.73,234.32,4523500
2026-08-17,231.59,233.65,227.4,228.85,7564300
2026-08-18,229.73,234.45,229.42,232.67,4650100
2026-08-19,232.26,238.62,230.51,237.16,5342600
2026-08-20,236.0,237.5,233.03,233.69,4986900
2026-08-21,233.71,238.72,233.12,235.68,3888700
2026-08-24,234.37,234.49,230.47,231.04,4078300
2026-08-25,230.0,234.44,229.51,234.19,3022800
2026-08-26,230.7,234.23,228.96,229.87,4632000
2026-08-27,232.8,240.81,231.45,238.79,5501300
2026-08-28,238.3,239.08,235.09,235.59,3943300
2026-08-31,232.73,235.94,232.18,233.87,6096600
2026-09-01,231.0,233.09,229.9,231.4,3236800
2026-09-02,230.55,232.88,229.1,231.7,4653600
2026-09-03,234.38,238.29,232.82,234.71,4371500
2026-09-04,233.33,236.17,231.68,234.89,3721100
2026-09-08,232.95,233.4,230.2,232.09,4785300
2026-09-09,232.65,241.5,230.36,239.94,6397500
2026-09-10,238.18,242.31,231.83,234.02,5817600
2026-09-11,235.78,243.63,235.0,243.29,4914700
2026-09-14,249.41,251.37,244.12,249.09,6959400
2026-09-15,246.19,251.82,246.15,248.37,4516800
2026-09-16,240.5,243.34,235.41,237.49,6181800
2026-09-17,238.58,243.37,237.35,237.75,5901300
2026-09-18,237.85,237.89,229.38,229.55,13413800
2026-09-21,231.99,234.7,228.35,231.93,8200100
2026-09-23,233.47,237.86,232.53,232.76,4536600
2026-09-24,232.0,232.62,226.01,227.06,4142400
2026-09-25,226.15,228.99,225.19,225.51,4143500
2026-09-28,222.5,223.14,219.23,220.67,5285800
2026-09-29,220.865,223.12,219.91,219.99,3640667
