date,open,high,low,close,volume
2016-08-11,0.9419,0.9443,0.9419,0.9443,212800
2016-08-12,0.9419,0.9443,0.9419,0.9419,96000
2016-08-15,0.9516,0.9564,0.9516,0.954,922400
2016-08-16,0.9443,0.954,0.9443,0.954,109200
2016-08-17,0.9516,0.954,0.9443,0.9492,444000
2016-08-18,0.9468,0.9492,0.9395,0.9468,954000
2016-08-19,0.9516,0.9516,0.9395,0.9395,1284800
2016-08-22,0.9395,0.9395,0.9299,0.9299,831200
2016-08-23,0.9323,0.9443,0.9299,0.9395,626000
2016-08-24,0.9419,0.9443,0.9299,0.9299,980800
2016-08-25,0.9419,0.9419,0.9347,0.9395,29200
2016-08-26,0.9371,0.9371,0.9323,0.9371,165200
2016-08-29,0.9323,0.9371,0.9299,0.9323,298400
2016-08-30,0.9323,0.9323,0.9299,0.9299,331600
2016-09-01,0.9299,0.9323,0.9299,0.9299,400000
2016-09-02,0.9299,0.9299,0.925,0.925,570000
2016-09-05,0.925,0.9274,0.925,0.925,562000
2016-09-06,0.925,0.9274,0.925,0.9274,39600
2016-09-07,0.9274,0.9299,0.925,0.9299,657600
2016-09-08,0.9323,0.9323,0.9299,0.9323,7200
2016-09-09,0.9323,0.9323,0.9299,0.9323,261200
2016-09-13,0.9226,0.9323,0.9226,0.9323,62400
2016-09-14,0.9323,0.9323,0.9274,0.9299,35200
2016-09-15,0.9226,0.925,0.9226,0.9226,86400
2016-09-19,0.925,0.925,0.9202,0.9202,261600
2016-09-20,0.9202,0.9202,0.9202,0.9202,317200
2016-09-21,0.9202,0.9202,0.9178,0.9178,17200
2016-09-22,0.9202,0.9202,0.9202,0.9202,19600
2016-09-23,0.9202,0.9202,0.9202,0.9202,0
2016-09-26,0.9202,0.9202,0.9178,0.9202,108800
2016-09-27,0.9178,0.9202,0.9154,0.9154,296000
2016-09-28,0.9154,0.9154,0.9057,0.913,316800
2016-09-29,0.9105,0.9105,0.9081,0.9081,55200
2016-09-30,0.9081,0.9105,0.9081,0.9081,90000
2016-10-04,0.9081,0.9081,0.9057,0.9057,86800
2016-10-05,0.9081,0.9081,0.8985,0.8985,199600
2016-10-06,0.9009,0.9009,0.8695,0.8936,232000
2016-10-07,0.8985,0.8985,0.8888,0.8888,136400
2016-10-10,0.8888,0.8888,0.8719,0.8791,278400
2016-10-11,0.8743,0.8743,0.8719,0.8719,50400
2016-10-12,0.8791,0.8816,0.8767,0.8767,111200
2016-10-13,0.8767,0.884,0.8767,0.8816,280800
2016-10-14,0.8791,0.9033,0.8791,0.8791,14400
2016-10-17,0.8816,0.8816,0.8791,0.8791,31600
2016-10-18,0.8791,0.8936,0.8791,0.8936,137600
2016-10-19,0.8936,0.8985,0.8936,0.8985,40400
2016-10-20,0.8985,0.8985,0.884,0.884,55600
2016-10-21,0.884,0.884,0.884,0.884,10400
2016-10-24,0.884,0.884,0.884,0.884,4000
2016-10-25,0.8864,0.8985,0.884,0.8985,24400
2016-10-26,0.8985,0.9057,0.896,0.896,74000
2016-10-27,0.8936,0.8936,0.8888,0.8888,40800
2016-10-28,0.9057,0.9057,0.8888,0.8888,111600
2016-10-31,0.9009,0.9009,0.8985,0.9009,165600
2016-11-01,0.8888,0.8936,0.8864,0.8864,136400
2016-11-02,0.8912,0.8912,0.8888,0.8888,36000
2016-11-03,0.8888,0.8888,0.8864,0.8888,3471600
2016-11-04,0.8936,0.8936,0.8695,0.8816,84800
2016-11-07,0.8695,0.896,0.8695,0.8816,1688800
2016-11-08,0.8888,0.8888,0.8888,0.8888,4400
2016-11-09,0.8888,0.8888,0.8646,0.8695,34800
2016-11-10,0.896,0.896,0.8816,0.8816,10800
2016-11-11,0.8743,0.8743,0.8695,0.8743,61200
2016-11-14,0.8767,0.8791,0.8695,0.8695,36800
2016-11-15,0.8695,0.8695,0.8671,0.8671,80000
2016-11-16,0.8671,0.8695,0.8622,0.8622,263200
2016-11-17,0.8598,0.8622,0.8574,0.8622,117600
2016-11-18,0.8695,0.8767,0.8646,0.8646,1092000
2016-11-21,0.8622,0.8622,0.8574,0.8574,267600
2016-11-22,0.8598,0.8695,0.8598,0.8695,286000
2016-11-23,0.8816,0.8816,0.8453,0.8574,328000
2016-11-24,0.855,0.855,0.855,0.855,60000
2016-11-25,0.8671,0.8671,0.8671,0.8671,8000
2016-11-28,0.8574,0.8598,0.8574,0.8598,237200
2016-11-29,0.8526,0.8622,0.8526,0.8574,204400
2016-11-30,0.8502,0.8502,0.8502,0.8502,15600
2016-12-01,0.8622,0.8622,0.855,0.8598,22800
2016-12-02,0.8598,0.8598,0.8598,0.8598,0
2016-12-05,0.8598,0.8598,0.8598,0.8598,0
2016-12-06,0.8598,0.8598,0.8526,0.8526,88800
2016-12-07,0.8526,0.8526,0.8526,0.8526,12000
2016-12-08,0.8526,0.855,0.8526,0.855,72000
2016-12-09,0.855,0.855,0.855,0.8598,40800
2016-12-13,0.8526,0.855,0.8526,0.8526,64800
2016-12-14,0.8526,0.8526,0.8526,0.8526,10400
2016-12-15,0.8526,0.855,0.8526,0.8526,18000
2016-12-16,0.8526,0.8743,0.8526,0.8598,24800
2016-12-19,0.8695,0.8695,0.8574,0.8574,553200
2016-12-20,0.8671,0.8671,0.8598,0.8598,72000
2016-12-21,0.8574,0.8719,0.8574,0.8695,196000
2016-12-22,0.8743,0.8912,0.8743,0.8912,185600
2016-12-23,0.8936,0.8985,0.8912,0.8912,17600
2016-12-27,0.8743,0.9009,0.8743,0.9009,92800
2016-12-28,0.9039,0.9039,0.9039,0.9039,0
2016-12-29,0.9015,0.9015,0.9015,0.9015,8000
2016-12-30,0.8966,0.9015,0.8966,0.8991,148800
2017-01-02,0.8991,0.8991,0.8991,0.8991,0
2017-01-03,0.853,0.8966,0.8482,0.8966,52000
2017-01-04,0.8966,0.8966,0.8966,0.8966,0
2017-01-05,0.8821,0.8966,0.8821,0.8966,11200
2017-01-06,0.8918,0.8918,0.8869,0.8869,35200
2017-01-09,0.8869,0.8918,0.8869,0.8918,80000
2017-01-10,0.8966,0.8966,0.8966,0.8966,33600
2017-01-11,0.8966,0.9088,0.8966,0.9088,230400
2017-01-12,0.9015,0.9088,0.9015,0.9088,72400
2017-01-13,0.9015,0.9088,0.8991,0.8991,2200800
2017-01-16,0.8918,0.8918,0.8869,0.8869,73200
2017-01-17,0.8869,0.8869,0.8821,0.8821,378800
2017-01-18,0.8821,0.8821,0.8772,0.8797,1356400
2017-01-19,0.8797,0.8966,0.8797,0.8918,3174400
2017-01-20,0.8918,0.8991,0.8918,0.8991,79600
2017-01-23,0.8869,0.8869,0.8869,0.8869,16400
2017-01-24,0.8869,0.8869,0.8869,0.8869,0
2017-01-25,0.8869,0.8869,0.8869,0.8869,0
2017-01-26,0.8869,0.8918,0.8869,0.8918,34800
2017-01-27,0.8966,0.9209,0.8918,0.9209,212400
2017-01-31,0.9209,0.933,0.9184,0.9184,129600
2017-02-02,0.9112,0.9184,0.9112,0.9184,57200
2017-02-03,0.9209,0.9403,0.9209,0.9403,363200
2017-02-06,0.9403,0.9403,0.9403,0.9403,0
2017-02-07,0.9354,0.9427,0.9354,0.9403,69600
2017-02-08,0.9403,0.9475,0.9403,0.9403,110000
2017-02-10,0.9499,0.9499,0.9451,0.9499,110400
2017-02-13,0.9451,0.9451,0.9403,0.9403,28000
2017-02-14,0.9403,0.9451,0.9403,0.9451,324000
2017-02-15,0.9499,0.9499,0.9451,0.9451,12400
2017-02-16,0.9451,0.9451,0.9403,0.9403,96000
2017-02-17,0.9403,0.9403,0.9403,0.9403,61600
2017-02-20,0.9451,0.9499,0.9451,0.9499,121600
2017-02-21,0.9475,0.9548,0.9475,0.9548,171200
2017-02-22,0.9548,0.9645,0.9548,0.9645,360800
2017-02-23,0.9645,0.9669,0.9645,0.9669,294000
2017-02-24,0.9645,0.9693,0.9645,0.9693,194400
2017-02-27,0.9693,1.0033,0.9693,1.0033,3239200
2017-02-28,1.0057,1.0154,0.9887,0.9936,967600
2017-03-01,0.9887,1.0105,0.9887,1.0105,307200
2017-03-02,1.0105,1.0299,1.0081,1.0178,1090400
2017-03-03,1.0178,1.0178,1.0081,1.0178,250000
2017-03-06,1.0178,1.0202,1.0178,1.0178,707600
2017-03-07,1.0178,1.0299,1.0178,1.0275,697600
2017-03-08,1.0323,1.0396,1.0323,1.0396,274400
2017-03-09,1.0372,1.0469,1.0372,1.0469,639200
2017-03-10,1.0469,1.0711,1.0469,1.0614,3324400
2017-03-13,1.0663,1.0784,1.0663,1.076,645200
2017-03-14,1.0711,1.0784,1.0687,1.0711,97600
2017-03-15,1.0784,1.0784,1.0735,1.0735,628800
2017-03-16,1.0735,1.076,1.0735,1.076,250000
2017-03-17,1.076,1.076,1.0663,1.076,721600
2017-03-20,1.076,1.0905,1.076,1.0784,2946000
2017-03-21,1.0881,1.0905,1.0832,1.0832,807600
2017-03-22,1.0857,1.0881,1.0735,1.0881,260400
2017-03-23,1.0881,1.0905,1.0857,1.0905,461200
2017-03-24,1.0905,1.0978,1.0857,1.0857,2276400
2017-03-27,1.0929,1.0929,1.0857,1.0905,574400
2017-03-28,1.0857,1.0881,1.0784,1.0784,257200
2017-03-29,1.0905,1.0905,1.0808,1.0881,708800
2017-03-30,1.0881,1.0905,1.0808,1.0905,782400
2017-03-31,1.1026,1.1632,1.1002,1.1487,2446000
2017-04-03,1.1438,1.1487,1.1341,1.1438,786400
2017-04-04,1.1462,1.1632,1.1438,1.1608,459200
2017-04-05,1.1632,1.1729,1.1608,1.1656,1256800
2017-04-06,1.1632,1.1632,1.1511,1.1632,208000
2017-04-07,1.1656,1.1656,1.1632,1.1632,180800
2017-04-10,1.1656,1.1656,1.1632,1.1632,708000
2017-04-11,1.1535,1.1535,1.1487,1.1487,262800
2017-04-12,1.1462,1.1462,1.122,1.1317,413600
2017-04-13,1.1269,1.1269,1.0953,1.0978,2582000
2017-04-14,1.0978,1.0978,1.0711,1.0832,1055600
2017-04-17,1.0905,1.0929,1.0857,1.0881,1285600
2017-04-18,1.0905,1.1244,1.0881,1.1123,652000
2017-04-19,1.1269,1.1753,1.1269,1.168,3185600
2017-04-20,1.1753,1.2529,1.1753,1.2311,2238400
2017-04-21,1.2311,1.2698,1.2311,1.2407,648000
2017-04-24,1.2407,1.2407,1.2407,1.2407,0
2017-04-25,1.2432,1.2892,1.2432,1.2577,1134400
2017-04-26,1.2601,1.2819,1.2601,1.2819,848800
2017-04-27,1.2844,1.3765,1.2844,1.3765,1749200
2017-04-28,1.3813,1.4782,1.3813,1.4007,1016000
2017-05-02,1.4055,1.4152,1.3886,1.3958,707200
2017-05-03,1.4613,1.4976,1.4225,1.4346,3080400
2017-05-04,1.4492,1.4516,1.4346,1.4346,597600
2017-05-05,1.4346,1.4661,1.4346,1.4516,425200
2017-05-08,1.454,1.5243,1.454,1.5,947600
2017-05-09,1.5049,1.5049,1.4831,1.5025,303200
2017-05-11,1.5025,1.5291,1.4976,1.5,1096000
2017-05-12,1.5025,1.5146,1.5,1.5146,553600
2017-05-15,1.5219,1.5219,1.4613,1.4952,292000
2017-05-16,1.4952,1.4952,1.4685,1.4734,1120000
2017-05-17,1.4782,1.4782,1.4613,1.4637,241200
2017-05-18,1.4588,1.471,1.454,1.4588,541600
2017-05-19,1.4782,1.5461,1.4613,1.517,1591600
2017-05-22,1.5461,1.5752,1.5315,1.5509,1370000
2017-05-23,1.5752,1.643,1.5752,1.6285,1435200
2017-05-24,1.6285,1.6479,1.5873,1.6358,526400
2017-05-25,1.6382,1.6963,1.6382,1.6503,3876800
2017-05-26,1.6503,1.6551,1.6382,1.6454,614800
2017-05-29,1.6454,1.6479,1.6042,1.6382,184000
2017-05-31,1.5509,1.6115,1.5509,1.5727,632800
2017-06-01,1.6333,1.6382,1.5776,1.5946,530800
2017-06-02,1.6188,1.6188,1.597,1.6139,1994400
2017-06-05,1.6358,1.7206,1.6358,1.7206,2164400
2017-06-06,1.7206,1.723,1.6576,1.7157,664000
2017-06-07,1.7133,1.7206,1.6988,1.7036,607200
2017-06-08,1.7085,1.7448,1.7085,1.7351,698800
2017-06-09,1.7375,1.7375,1.7206,1.7375,231600
2017-06-13,1.7157,1.7157,1.6769,1.6891,1688800
2017-06-14,1.7012,1.7157,1.6915,1.6963,2022400
2017-06-15,1.6963,1.7109,1.6939,1.7109,1189600
2017-06-16,1.7085,1.7351,1.6963,1.723,665200
2017-06-19,1.7181,1.7327,1.706,1.7327,1561600
2017-06-20,1.7327,1.803,1.7327,1.8005,925200
2017-06-21,1.803,1.8708,1.803,1.8442,3827200
2017-06-22,1.849,1.9387,1.849,1.9314,1770400
2017-06-23,1.9387,1.9871,1.8539,1.9508,1196000
2017-06-26,1.9508,1.9508,1.9508,1.9508,0
2017-06-27,1.9508,1.9508,1.9508,1.9508,0
2017-06-28,1.9435,1.9678,1.9192,1.9459,503600
2017-06-29,1.9508,1.9921,1.9508,1.9751,1096400
2017-06-30,1.9726,1.9726,1.9484,1.9581,371600
2017-07-03,1.9629,1.9872,1.9629,1.9654,1156000
2017-07-04,1.9629,1.9654,1.9435,1.9556,243600
2017-07-05,1.9556,1.9921,1.9556,1.9678,451200
2017-07-06,1.9799,1.9872,1.9192,1.9386,704000
2017-07-07,1.9386,1.9459,1.8609,1.8706,1647200
2017-07-10,1.8706,1.8828,1.8633,1.8828,236800
2017-07-11,1.8828,1.8828,1.8463,1.8488,512400
2017-07-12,1.8488,1.8706,1.8488,1.8633,1145200
2017-07-13,1.8633,1.9532,1.8633,1.8828,484000
2017-07-14,1.8852,1.9143,1.8852,1.9071,612400
2017-07-17,1.9192,1.9192,1.8949,1.8998,1179600
2017-07-18,1.9071,1.9313,1.9071,1.9192,1344400
2017-07-19,1.9435,1.9824,1.8998,1.9046,872000
2017-07-20,1.9046,1.9289,1.8658,1.8755,344800
2017-07-21,1.9192,1.9435,1.8852,1.9435,241200
2017-07-24,1.9435,1.9678,1.9095,1.9338,437800
2017-07-25,1.9435,2.0407,1.9338,2.0164,1527000
2017-07-26,2.031,2.1864,2.031,2.1864,2324800
2017-07-27,2.1962,2.3273,2.1621,2.167,4719400
2017-07-28,2.1864,2.2593,2.1816,2.235,1382400
2017-07-31,2.235,2.303,2.2156,2.2156,2176000
2017-08-01,2.2253,2.2496,2.133,2.1427,1206400
2017-08-02,2.167,2.201,2.167,2.1816,1089400
2017-08-03,2.2156,2.2156,2.1816,2.201,1308400
2017-08-04,2.2156,2.2156,2.1476,2.1621,875000
2017-08-07,2.1767,2.1864,2.1136,2.1281,1055000
2017-08-08,2.133,2.133,1.9435,2.1038,1605200
2017-08-09,2.1136,2.1184,2.099,2.1087,705200
2017-08-10,2.1184,2.1184,2.0407,2.0552,899200
2017-08-11,2.0455,2.0455,1.9824,2.031,1894200
2017-08-14,2.031,2.099,2.0261,2.0893,861000
2017-08-15,2.1087,2.1767,2.1087,2.1378,924800
2017-08-16,2.167,2.2204,2.167,2.2107,3488000
2017-08-17,2.235,2.3322,2.235,2.3322,2329600
2017-08-18,2.3128,2.3128,2.2302,2.2593,2868800
2017-08-21,2.2836,2.2836,2.2107,2.2107,2059000
2017-08-22,2.2253,2.2302,2.167,2.1719,738200
2017-08-23,2.1864,2.2593,2.1719,2.2545,1272000
2017-08-24,2.2496,2.269,2.2107,2.2447,889400
2017-08-25,2.2593,2.2593,2.2156,2.2204,296000
2017-08-28,2.2447,2.2447,2.1864,2.2204,975200
2017-08-29,2.1864,2.201,2.1621,2.1719,545000
2017-08-30,2.1864,2.2107,2.1816,2.1962,970000
2017-08-31,2.1962,2.1962,2.1962,2.1962,0
2017-09-01,2.1962,2.1962,2.1962,2.1962,0
2017-09-04,2.1962,2.1962,2.1962,2.1962,0
2017-09-05,2.2107,2.2107,2.1573,2.167,333000
2017-09-06,2.1621,2.235,2.1573,2.235,743800
2017-09-07,2.235,2.2593,2.1962,2.2107,699800
2017-09-08,2.1962,2.2204,2.167,2.1864,2371200
2017-09-11,2.2059,2.235,2.2059,2.2253,2599200
2017-09-12,2.2253,2.2399,2.2059,2.235,734800
2017-09-13,2.235,2.235,2.2107,2.235,845200
2017-09-14,2.235,2.235,2.2302,2.235,1201600
2017-09-15,2.2107,2.2253,2.1913,2.2107,156800
2017-09-18,2.2107,2.2107,2.1621,2.1864,464600
2017-09-19,2.1864,2.1864,2.1524,2.1621,300600
2017-09-20,2.1524,2.1621,2.1378,2.1427,272600
2017-09-21,2.1427,2.235,2.1427,2.2302,1004600
2017-09-22,2.2302,2.2302,2.2302,2.2302,0
2017-09-25,2.1962,2.2302,2.1962,2.2059,492200
2017-09-26,2.1962,2.201,2.1378,2.1621,3070800
2017-09-27,2.1573,2.2253,2.1573,2.2204,2612000
2017-09-28,2.2253,2.2253,2.1719,2.1864,261800
2017-09-29,2.167,2.1767,2.1524,2.1573,1274200
2017-10-02,2.1573,2.1864,2.1573,2.1864,1153000
2017-10-03,2.1864,2.1864,2.1524,2.1573,476600
2017-10-04,2.167,2.1767,2.1621,2.1621,315400
2017-10-05,2.1816,2.1864,2.167,2.1816,210800
2017-10-06,2.1864,2.2204,2.1864,2.2156,765400
2017-10-09,2.2204,2.235,2.2156,2.235,333200
2017-10-10,2.2399,2.2447,2.235,2.2447,1296200
2017-10-11,2.2545,2.2982,2.2496,2.2933,1419800
2017-10-12,2.2933,2.3808,2.2933,2.3613,2883200
2017-10-13,2.3711,2.4925,2.3711,2.478,2196400
2017-10-16,2.5023,2.5654,2.5023,2.5217,1389800
2017-10-17,2.5265,2.5751,2.5071,2.512,681400
2017-10-18,2.512,2.512,2.512,2.512,0
2017-10-19,2.512,2.512,2.4488,2.4731,333800
2017-10-20,2.4537,2.478,2.4294,2.4731,279000
2017-10-23,2.478,2.546,2.478,2.4877,925600
2017-10-24,2.4877,2.5071,2.4585,2.4634,182000
2017-10-25,2.4974,2.4974,2.3905,2.4051,914000
2017-10-26,2.4439,2.4585,2.3954,2.4099,699400
2017-10-27,2.4197,2.4391,2.4197,2.4294,572400
2017-10-30,2.4391,2.4439,2.4148,2.4245,859600
2017-10-31,2.4294,2.4439,2.4294,2.4439,418400
2017-11-01,2.4439,2.5265,2.4439,2.4974,605200
2017-11-02,2.512,2.5363,2.4877,2.5265,779200
2017-11-03,2.5265,2.5363,2.4828,2.512,304000
2017-11-06,2.5023,2.5363,2.5023,2.5265,477000
2017-11-07,2.5363,2.5363,2.4974,2.5217,359000
2017-11-08,2.5168,2.5265,2.5023,2.5265,292800
2017-11-09,2.5265,2.5897,2.5265,2.546,2496400
2017-11-10,2.5508,2.7549,2.5508,2.7355,2197600
2017-11-13,2.7355,2.8667,2.7258,2.8424,1729800
2017-11-14,2.8472,2.8764,2.6772,2.7209,1300400
2017-11-15,2.7646,2.7938,2.7258,2.7598,652600
2017-11-16,2.7938,2.7938,2.6772,2.7063,628200
2017-11-17,2.7695,2.7889,2.6723,2.6917,1645600
2017-11-20,2.6772,2.6869,2.5265,2.5314,1437400
2017-11-21,2.5265,2.5265,2.4051,2.4197,1937000
2017-11-22,2.4245,2.5071,2.4245,2.4974,902200
2017-11-23,2.5217,2.5848,2.5023,2.5023,1031000
2017-11-24,2.5071,2.5557,2.5023,2.5265,518200
2017-11-27,2.5703,2.5703,2.5023,2.5217,251800
2017-11-28,2.5217,2.5557,2.5071,2.5265,408200
2017-11-29,2.5217,2.5508,2.5217,2.5411,2890200
2017-11-30,2.5411,2.6674,2.5168,2.6529,5295000
2017-12-01,2.6529,2.6529,2.6529,2.6529,0
2017-12-04,2.6529,2.6674,2.5848,2.614,1328400
2017-12-05,2.5946,2.6237,2.5751,2.6237,593000
2017-12-06,2.6237,2.6723,2.5994,2.6577,2107400
2017-12-07,2.6723,2.6723,2.6043,2.6189,3812400
2017-12-08,2.648,2.6723,2.614,2.6286,1622400
2017-12-11,2.6577,2.6577,2.614,2.6286,152800
2017-12-12,2.6334,2.648,2.6334,2.6383,176400
2017-12-13,2.6529,2.8958,2.6529,2.8812,3175400
2017-12-14,2.8861,2.9055,2.8424,2.8667,1277600
2017-12-15,2.8667,2.959,2.8521,2.9395,992400
2017-12-18,2.9444,3.0124,2.8958,2.9638,683200
2017-12-19,2.9541,2.9784,2.9201,2.9638,766200
2017-12-20,2.9638,3.163,2.959,3.1096,1226600
2017-12-21,3.1145,3.1679,3.1145,3.1533,1414600
2017-12-22,3.1582,3.1582,3.0659,3.1193,276400
2017-12-25,3.1193,3.1193,3.1193,3.1193,0
2017-12-26,3.061,3.1436,3.061,3.0853,520800
2017-12-27,3.0938,3.1376,3.0792,3.1279,246800
2017-12-28,3.1473,3.1716,3.0549,3.0841,527400
2017-12-29,3.0889,3.0889,3.0208,3.0208,814000
2018-01-02,3.0208,3.05,2.9917,3.0257,854800
2018-01-03,3.0646,3.0695,3.0111,3.0208,3893600
2018-01-04,3.0111,3.2592,3.0063,3.23,2622600
2018-01-05,3.2349,3.3468,3.2349,3.303,1068000
2018-01-08,3.303,3.3273,3.303,3.3176,336800
2018-01-09,3.3224,3.3273,3.2787,3.2884,896400
2018-01-10,3.2738,3.2981,3.2057,3.2252,492800
2018-01-11,3.2252,3.2252,3.1133,3.1133,588800
2018-01-12,3.1619,3.1716,3.1376,3.1473,309000
2018-01-15,3.1425,3.1425,3.016,3.0257,758800
2018-01-16,3.0354,3.1327,2.8214,3.0889,1246200
2018-01-17,3.0792,3.0792,2.9576,3.016,523400
2018-01-18,3.0257,3.0646,2.9673,3.0014,1678200
2018-01-19,3.0111,3.0598,2.9819,2.9917,601200
2018-01-22,3.016,3.016,2.9819,2.9965,351600
2018-01-23,3.0014,3.1571,3.0014,3.1133,924200
2018-01-24,3.1376,3.2835,3.1133,3.1862,1344600
2018-01-25,3.1862,3.2154,3.0646,3.0646,1050000
2018-01-26,3.0744,3.1473,3.0744,3.123,361600
2018-01-29,3.1619,3.1668,3.1473,3.1473,303000
2018-01-30,3.123,3.1279,3.0549,3.0744,313400
2018-02-02,3.1035,3.1084,2.9722,2.9722,724600
2018-02-05,2.9625,2.9625,2.7922,2.9041,1272800
2018-02-06,2.8214,2.8749,2.6755,2.8457,3192000
2018-02-07,2.9187,2.9673,2.8506,2.8506,828200
2018-02-08,2.8603,2.8749,2.8263,2.8409,841600
2018-02-09,2.7874,2.8117,2.7192,2.7971,987600
2018-02-12,2.8214,2.8214,2.763,2.7728,393400
2018-02-13,2.7971,2.8263,2.7971,2.8165,224200
2018-02-14,2.8165,2.909,2.8165,2.8749,283400
2018-02-15,2.8749,2.8749,2.8749,2.8749,0
2018-02-16,2.8749,2.8749,2.8749,2.8749,0
2018-02-19,3.0257,3.1133,3.0257,3.1084,496800
2018-02-20,3.1035,3.1181,3.0744,3.0889,1470200
2018-02-21,3.0646,3.0889,3.0646,3.0744,229000
2018-02-22,3.0646,3.1084,3.0452,3.0792,283000
2018-02-23,3.0646,3.0841,3.0452,3.0792,1078600
2018-02-26,3.0889,3.1668,3.0889,3.1571,1436600
2018-02-27,3.1619,3.2252,3.0889,3.0938,734000
2018-02-28,3.0889,3.1084,3.0598,3.0889,1131000
2018-03-01,3.0938,3.1668,3.0646,3.1619,530400
2018-03-02,3.1133,3.1133,3.0646,3.1133,503200
2018-03-05,3.1133,3.123,2.9187,2.9771,908800
2018-03-06,2.9917,3.0792,2.9381,3.0111,548400
2018-03-07,3.0111,3.0403,2.9041,2.9284,1355800
2018-03-08,2.909,2.9917,2.8555,2.8944,640800
2018-03-09,2.87,3.0063,2.87,2.8798,260000
2018-03-12,2.8944,3.016,2.8798,3.016,512200
2018-03-13,3.016,3.016,2.9187,2.9576,195600
2018-03-14,2.9284,2.9284,2.8944,2.8992,150200
2018-03-15,2.8846,2.8895,2.8263,2.87,581000
2018-03-16,2.87,2.87,2.7825,2.8506,551600
2018-03-19,2.8652,2.9138,2.763,2.763,749200
2018-03-20,2.763,2.7825,2.729,2.7728,434200
2018-03-21,2.8068,2.836,2.729,2.7728,1533200
2018-03-22,2.7533,2.7874,2.6755,2.7047,565200
2018-03-23,2.6755,2.6852,2.6268,2.6755,1680600
2018-03-26,2.6657,2.6657,2.5587,2.6317,4252000
2018-03-27,2.6511,2.6706,2.6366,2.656,1095600
2018-03-28,2.6463,2.6463,2.5928,2.6025,78200
2018-03-29,2.5782,2.5976,2.5684,2.5976,210000
2018-03-30,2.5782,2.6171,2.5782,2.6025,984400
2018-04-02,2.6268,2.6268,2.6122,2.6122,86400
2018-04-03,2.6025,2.6025,2.583,2.5879,304200
2018-04-04,2.5782,2.5782,2.3593,2.3885,1354400
2018-04-05,2.4322,2.4809,2.4176,2.4712,627200
2018-04-06,2.4566,2.4566,2.3836,2.4517,304400
2018-04-09,2.4517,2.5733,2.4468,2.5684,316400
2018-04-10,2.5636,2.7436,2.5636,2.656,777600
2018-04-11,2.6657,2.8117,2.6657,2.7874,381800
2018-04-12,2.7873,2.7873,2.6366,2.6511,260800
2018-04-13,2.6998,2.763,2.6755,2.7436,296400
2018-04-16,2.7436,2.7533,2.7047,2.7144,52800
2018-04-17,2.7144,2.7582,2.6366,2.6463,163400
2018-04-18,2.6852,2.6901,2.622,2.6268,192200
2018-04-19,2.6268,2.6268,2.622,2.622,35400
2018-04-20,2.6268,2.6268,2.4809,2.5393,301600
2018-04-23,2.5393,2.5393,2.5149,2.5295,249400
2018-04-24,2.4614,2.5684,2.4614,2.5003,299400
2018-04-25,2.4809,2.4955,2.4809,2.4955,653600
2018-04-26,2.4809,2.4858,2.476,2.476,2444000
2018-04-27,2.5003,2.5539,2.4955,2.5344,186200
2018-04-30,2.5441,2.5441,2.4809,2.5149,178000
2018-05-02,2.4809,2.5149,2.4809,2.5052,38400
2018-05-03,2.5295,2.5539,2.5052,2.549,41400
2018-05-04,2.549,2.549,2.5198,2.5198,211400
2018-05-07,2.5198,2.5539,2.4955,2.5539,122200
2018-05-08,2.5295,2.5782,2.5247,2.5782,171800
2018-05-14,2.5782,2.87,2.5782,2.6511,2390600
2018-05-15,2.7971,2.7971,2.7241,2.7338,973200
2018-05-16,2.7338,2.8263,2.7241,2.7971,2285800
2018-05-17,2.8117,2.8117,2.7679,2.7825,1956400
2018-05-18,2.8214,2.943,2.763,2.909,1080000
2018-05-21,2.9479,3.016,2.8944,2.9187,669400
2018-05-22,2.9187,3.0111,2.9187,2.9868,282800
2018-05-23,2.9868,3.016,2.87,2.9138,349400
2018-05-24,2.8992,2.9917,2.87,2.9771,355200
2018-05-25,2.9771,2.9965,2.9771,2.9819,2368800
2018-05-28,2.9917,2.9917,2.9236,2.9868,214800
2018-05-30,2.9868,2.9868,2.9868,2.9868,0
2018-05-31,2.9333,2.9333,2.9333,2.9333,0
2018-06-01,2.8603,2.8603,2.7825,2.8457,1018200
2018-06-04,2.8457,2.9479,2.836,2.9479,320200
2018-06-05,2.9479,2.9479,2.87,2.9333,106600
2018-06-06,2.9333,2.9576,2.8457,2.9138,343200
2018-06-07,2.9187,2.9625,2.9187,2.9236,169400
2018-06-08,2.9284,2.9284,2.8798,2.8992,73400
2018-06-11,2.8944,2.943,2.8944,2.9284,187000
2018-06-12,2.9236,2.9236,2.87,2.8895,168400
2018-06-13,2.8652,2.8992,2.8652,2.8895,1051200
2018-06-14,2.8895,2.8895,2.87,2.8798,68600
2018-06-18,2.8555,2.8895,2.8506,2.8506,209200
2018-06-19,2.8506,2.8895,2.8409,2.8555,628600
2018-06-20,2.8457,2.8798,2.6901,2.7144,5154000
2018-06-21,2.7241,2.7922,2.7241,2.7728,363200
2018-06-22,2.7728,2.836,2.7728,2.7971,262800
2018-06-25,2.7922,2.7971,2.7484,2.7533,161000
2018-06-26,2.7241,2.7387,2.6998,2.6998,340000
2018-06-27,2.6925,2.7217,2.6925,2.7071,135200
2018-06-28,2.6974,2.7071,2.6876,2.6876,146200
2018-06-29,2.6827,2.7315,2.6827,2.7217,212400
2018-07-02,2.7608,2.7608,2.6827,2.7169,76000
2018-07-03,2.7315,2.7608,2.6876,2.7217,46600
2018-07-04,2.6974,2.7315,2.6974,2.7217,1594000
2018-07-05,2.7071,2.712,2.6974,2.712,30400
2018-07-06,2.7071,2.7364,2.6827,2.6974,149800
2018-07-09,2.6974,2.7315,2.6583,2.6827,746000
2018-07-10,2.7315,2.7315,2.673,2.6827,111600
2018-07-11,2.7315,2.7315,2.6339,2.6388,266600
2018-07-12,2.6827,2.6827,2.6339,2.6339,1094200
2018-07-13,2.6827,2.6827,2.6583,2.673,97400
2018-07-16,2.7071,2.7071,2.6437,2.6632,127800
2018-07-17,2.6925,2.6925,2.6681,2.6778,40600
2018-07-18,2.6827,2.6827,2.6681,2.6778,424200
2018-07-19,2.6681,2.6827,2.6632,2.6827,1464200
2018-07-20,2.673,2.6827,2.6583,2.6583,417000
2018-07-23,2.6827,2.8339,2.6827,2.8242,4273400
2018-07-24,2.8778,3.1705,2.8778,3.1705,3979400
2018-07-25,3.1998,3.2095,3.0583,3.0876,922800
2018-07-26,3.0778,3.0973,3.0583,3.0827,458600
2018-07-27,3.1705,3.2583,3.1412,3.1705,3505600
2018-07-30,3.1559,3.1559,3.1168,3.1217,480600
2018-07-31,3.112,3.1559,3.0876,3.1217,375400
2018-08-01,3.0729,3.1607,3.0729,3.1266,1519000
2018-08-02,3.1363,3.1461,3.1217,3.1217,777400
2018-08-03,3.1363,3.1412,3.1168,3.1217,623200
2018-08-06,3.1363,3.2193,3.1363,3.2144,1830000
2018-08-07,3.2144,3.2632,3.1656,3.1656,2256000
2018-08-08,3.2144,3.3168,3.2046,3.3168,4286400
2018-08-09,3.3266,3.5509,3.3168,3.5266,5574400
2018-08-10,3.5314,3.6436,3.5217,3.5266,1345400
2018-08-13,3.5217,3.5753,3.4339,3.5753,977800
2018-08-14,3.5607,3.7558,3.5607,3.7314,2695400
2018-08-15,3.746,3.7851,3.7168,3.7314,1540400
2018-08-16,3.7168,3.7168,3.6339,3.668,480000
2018-08-17,3.707,3.746,3.6095,3.629,535600
2018-08-20,3.6339,3.668,3.5997,3.629,1766400
2018-08-21,3.6095,3.6241,3.5802,3.5948,351800
2018-08-23,3.5997,3.6778,3.5948,3.6095,594000
2018-08-24,3.6095,3.6583,3.59,3.6095,189200
2018-08-27,3.6095,3.7168,3.6095,3.6729,833200
2018-08-28,3.707,3.7851,3.707,3.7851,801200
2018-08-29,3.7899,3.8095,3.7119,3.7656,468400
2018-08-30,3.7656,3.7851,3.7265,3.7802,994600
2018-09-03,3.7558,3.7753,3.7314,3.7656,382600
2018-09-04,3.7948,3.7948,3.746,3.7753,568000
2018-09-05,3.7899,3.8485,3.7802,3.8192,1360200
2018-09-06,3.8436,3.8436,3.8046,3.8338,441000
2018-09-07,3.8338,3.8777,3.7753,3.8777,797000
2018-09-12,3.8777,3.907,3.8582,3.8973,1784200
2018-09-13,3.8973,3.8973,3.8485,3.8582,151800
2018-09-14,3.8582,3.8582,3.7607,3.7851,358800
2018-09-18,3.7558,3.8192,3.7119,3.7899,149400
2018-09-19,3.7899,3.7899,3.7558,3.7558,178600
2018-09-20,3.7899,3.7899,3.7217,3.7753,214600
2018-09-21,3.7899,3.7899,3.7314,3.7558,687400
2018-09-24,3.8192,3.8192,3.7558,3.8046,1267200
2018-09-25,3.7753,3.8241,3.7704,3.8046,666800
2018-09-26,3.7948,3.829,3.7363,3.7851,110200
2018-09-27,3.7851,3.8924,3.7802,3.8046,460400
2018-09-28,3.868,3.9021,3.7851,3.9021,399800
2018-10-01,3.8973,3.9753,3.8973,3.9655,628600
2018-10-02,3.9753,3.9997,3.8973,3.9265,1235200
2018-10-03,3.9265,4.0533,3.9265,4.0485,296800
2018-10-04,4.0972,4.1558,3.9753,4.0192,839400
2018-10-05,4.0192,4.0241,3.9412,4.0192,175600
2018-10-08,4.0192,4.0241,3.9509,3.9509,188800
2018-10-09,3.9509,3.9607,3.9265,3.9412,107400
2018-10-10,3.907,3.907,3.707,3.8046,1342800
2018-10-11,3.6583,3.8534,3.5119,3.8534,1227400
2018-10-12,3.7948,3.8582,3.7314,3.8095,295000
2018-10-15,3.9216,3.9509,3.829,3.8534,1069600
2018-10-16,3.8534,3.946,3.8534,3.9119,772200
2018-10-17,3.9509,3.9509,3.9119,3.9412,328800
2018-10-18,3.946,3.9655,3.9412,3.946,515400
2018-10-19,3.9021,3.9509,3.8582,3.9265,1285000
2018-10-22,3.8924,3.9168,3.8095,3.8095,264600
2018-10-23,3.8143,3.8973,3.8143,3.8534,436600
2018-10-24,3.8534,3.8631,3.707,3.746,366000
2018-10-25,3.707,3.707,3.5217,3.6485,1575200
2018-10-26,3.7119,3.7558,3.6192,3.7022,1165800
2018-10-29,3.6387,3.668,3.5119,3.5168,582000
2018-10-30,3.507,3.5461,3.39,3.39,1357800
2018-10-31,3.4192,3.5997,3.4192,3.5656,769200
2018-11-01,3.59,3.6241,3.5656,3.5753,178800
2018-11-02,3.629,3.7217,3.6095,3.7217,321800
2018-11-05,3.7217,3.907,3.6875,3.8777,448200
2018-11-07,3.8777,3.8777,3.7656,3.8143,432600
2018-11-08,3.8534,3.8729,3.6778,3.7265,834200
2018-11-09,3.7265,3.7948,3.7119,3.7265,54200
2018-11-12,3.7168,3.7558,3.7168,3.7558,43200
2018-11-13,3.707,3.7363,3.6387,3.7265,128000
2018-11-14,3.7948,3.7948,3.6534,3.6631,174800
2018-11-15,3.6631,3.7704,3.6241,3.7119,1128800
2018-11-16,3.7168,3.7851,3.6875,3.6924,413800
2018-11-19,3.6924,3.746,3.6924,3.7168,28600
2018-11-21,3.6875,3.7168,3.6583,3.7119,721800
2018-11-22,3.7119,3.7119,3.7022,3.7022,33600
2018-11-23,3.668,3.7022,3.6192,3.6192,118000
2018-11-26,3.629,3.629,3.5705,3.5705,161800
2018-11-27,3.5802,3.5851,3.468,3.5119,269800
2018-11-28,3.5119,3.5119,3.468,3.4875,362000
2018-11-29,3.5266,3.5314,3.4631,3.4729,571600
2018-11-30,3.4729,3.4729,3.4046,3.4144,583800
2018-12-03,3.4339,3.4875,3.4095,3.4241,863400
2018-12-04,3.4388,3.4534,3.4046,3.4144,1252200
2018-12-05,3.4046,3.4436,3.39,3.4144,684000
2018-12-06,3.4095,3.4241,3.4095,3.4241,213400
2018-12-07,3.4631,3.5022,3.4144,3.4583,533800
2018-12-10,3.4583,3.4583,3.4095,3.4144,467000
2018-12-11,3.4144,3.4144,3.3168,3.3607,489600
2018-12-12,3.3217,3.4095,3.3217,3.3412,216200
2018-12-13,3.3461,3.3607,3.3168,3.3558,333800
2018-12-14,3.3558,3.3607,3.1705,3.1802,1062000
2018-12-17,3.112,3.1217,2.9998,3.0437,1087200
2018-12-18,3.0242,3.0242,2.9266,2.9803,1809800
2018-12-19,2.9754,3.0046,2.912,2.912,363200
2018-12-20,2.9022,3.0485,2.9022,3.0144,807400
2018-12-21,2.9754,3.0681,2.951,3.0632,268200
2018-12-24,3.0388,3.0485,2.9754,3.029,155600
2018-12-26,3.0144,3.0437,2.9607,2.9851,178200
2018-12-27,3.0383,3.092,2.9992,3.0773,909600
2018-12-28,3.0578,3.1066,3.0187,3.0236,53800
2018-12-31,3.0236,3.1066,3.0236,3.0724,860000
2019-01-02,3.0578,3.0578,2.9943,2.9943,68800
2019-01-03,2.9894,2.9894,2.7891,2.8429,852600
2019-01-04,2.8233,2.838,2.7843,2.8136,616400
2019-01-07,2.8331,2.8819,2.8331,2.8722,294200
2019-01-08,2.8722,2.8868,2.8478,2.8575,274000
2019-01-09,2.8624,2.8917,2.8624,2.8819,728600
2019-01-10,2.9308,2.9943,2.8819,2.965,298000
2019-01-11,2.9699,3.0236,2.9699,2.9943,218800
2019-01-14,2.9943,3.0138,2.9552,2.9796,82600
2019-01-15,2.9943,2.9943,2.9406,2.965,202000
2019-01-16,2.9699,3.0578,2.9601,2.9796,523400
2019-01-17,2.9894,3.1848,2.9894,3.1653,517800
2019-01-18,3.1701,3.2678,3.1506,3.1506,153200
2019-01-22,3.1848,3.2727,3.0773,3.219,305400
2019-01-23,3.1994,3.2971,3.1506,3.2727,361000
2019-01-24,3.2923,3.3558,3.2532,3.2727,373000
2019-01-25,3.3411,3.3606,3.3216,3.346,1707400
2019-01-28,3.3606,3.3606,3.3069,3.3362,131800
2019-01-29,3.3216,3.3216,3.175,3.2434,100200
2019-01-30,3.2483,3.2971,3.2239,3.2483,120600
2019-01-31,3.2727,3.2923,3.2532,3.2678,272200
2019-02-04,3.2678,3.2678,3.2678,3.2678,0
2019-02-07,3.2434,3.2678,3.1799,3.2239,1172600
2019-02-08,3.2239,3.2239,3.2092,3.2092,12400
2019-02-11,3.219,3.2239,3.2092,3.2092,190200
2019-02-12,3.2385,3.2385,3.1799,3.2043,195200
2019-02-13,3.2239,3.2971,3.2043,3.2532,533400
2019-02-14,3.2532,3.3313,3.2239,3.302,333400
2019-02-15,3.3216,3.3851,3.3118,3.3606,765600
2019-02-18,3.3851,3.4193,3.3704,3.4046,1217600
2019-02-19,3.3997,3.4144,3.3655,3.4095,222200
2019-02-20,3.4144,3.4241,3.3704,3.4095,985800
2019-02-21,3.4388,3.4388,3.3851,3.3948,134600
2019-02-22,3.3948,3.3948,3.3216,3.3313,305800
2019-02-25,3.3362,3.3509,3.2629,3.2678,314600
2019-02-26,3.2581,3.3069,3.2483,3.2874,127600
2019-02-27,3.3997,3.429,3.3606,3.4241,1386000
2019-02-28,3.4193,3.429,3.3899,3.4193,1386400
2019-03-01,3.3948,3.4388,3.3704,3.429,686000
2019-03-04,3.429,3.5267,3.4095,3.5023,1335000
2019-03-05,3.5072,3.5267,3.4779,3.5121,2933800
2019-03-06,3.5169,3.5902,3.5169,3.5365,1128800
2019-03-07,3.5169,3.5756,3.5169,3.5609,1472800
2019-03-08,3.5511,3.5658,3.4632,3.5511,1499600
2019-03-11,3.5267,3.5316,3.5169,3.5267,500200
2019-03-12,3.5218,3.5316,3.5169,3.5267,483800
2019-03-13,3.4779,3.4925,3.4486,3.4828,479800
2019-03-14,3.473,3.4876,3.4583,3.473,518600
2019-03-15,3.473,3.556,3.473,3.5218,625600
2019-03-18,3.5218,3.5463,3.5023,3.5023,455600
2019-03-19,3.5023,3.5023,3.4241,3.4241,684000
2019-03-20,3.4388,3.4583,3.4241,3.429,297400
2019-03-21,3.4437,3.5609,3.4388,3.5169,597400
2019-03-22,3.5169,3.6,3.5169,3.5267,602000
2019-03-25,3.473,3.4974,3.4632,3.4925,102200
2019-03-26,3.4681,3.5365,3.4583,3.4828,32800
2019-03-27,3.4828,3.5658,3.4779,3.5463,438000
2019-03-28,3.5463,3.5756,3.5267,3.5756,718200
2019-03-29,3.5805,3.5805,3.5023,3.5072,111200
2019-04-01,3.4779,3.5365,3.4681,3.5072,213800
2019-04-02,3.4828,3.5072,3.4241,3.4534,645800
2019-04-03,3.4534,3.4632,3.4241,3.429,2766000
2019-04-04,3.429,3.4876,3.429,3.4681,2547000
2019-04-05,3.4681,3.5169,3.4437,3.4974,70800
2019-04-08,3.4974,3.5023,3.473,3.4876,155800
2019-04-09,3.4974,3.5072,3.4583,3.4876,410000
2019-04-10,3.4876,3.4876,3.4632,3.4632,58200
2019-04-11,3.4681,3.473,3.4437,3.473,118200
2019-04-12,3.4437,3.4583,3.4144,3.4583,1013800
2019-04-15,3.4583,3.4583,3.4486,3.4583,804000
2019-04-16,3.4583,3.4583,3.4437,3.4486,336000
2019-04-17,3.4388,3.4534,3.4339,3.4437,382600
2019-04-18,3.4437,3.4828,3.4437,3.4779,94200
2019-04-19,3.4681,3.4876,3.4534,3.4534,7800
2019-04-22,3.4534,3.5023,3.4534,3.4925,259600
2019-04-23,3.5072,3.5169,3.4925,3.5072,165000
2019-04-24,3.5169,3.556,3.5169,3.556,258200
2019-04-25,3.556,3.556,3.5267,3.5414,54800
2019-04-26,3.5414,3.5414,3.4437,3.5121,1046400
2019-04-29,3.5023,3.5121,3.4925,3.5023,1256000
2019-04-30,3.4974,3.5169,3.4925,3.5023,745800
2019-05-02,3.5169,3.5218,3.4974,3.5121,449800
2019-05-03,3.5121,3.5169,3.2629,3.5169,343800
2019-05-06,3.5121,3.5121,3.4193,3.4583,498800
2019-05-07,3.4583,3.4925,3.4534,3.4925,104200
2019-05-08,3.429,3.5072,3.4241,3.4925,417600
2019-05-09,3.5023,3.5072,3.4437,3.4437,136000
2019-05-10,3.4681,3.4681,3.4339,3.4437,186000
2019-05-13,3.4437,3.4437,3.4046,3.4388,199600
2019-05-14,3.4193,3.4339,3.3948,3.4241,513000
2019-05-15,3.4339,3.4534,3.4095,3.4534,1068400
2019-05-16,3.4632,3.4925,3.4339,3.4339,181200
2019-05-17,3.4339,3.4632,3.429,3.4583,148800
2019-05-21,3.4583,3.4681,3.3753,3.429,746000
2019-05-23,3.429,3.429,3.3216,3.346,463000
2019-05-24,3.3216,3.3802,3.3216,3.3606,555200
2019-05-27,3.3948,3.3948,3.3655,3.3851,135400
2019-05-28,3.3948,3.5365,3.3704,3.5365,2091800
2019-05-29,3.4925,3.4974,3.4193,3.4779,159400
2019-05-30,3.4779,3.4779,3.4779,3.4779,1000
2019-05-31,3.4779,3.4779,3.3899,3.4144,518200
2019-06-03,3.3899,3.4632,3.3899,3.4583,45800
2019-06-04,3.4486,3.4534,3.4437,3.4534,86200
2019-06-05,3.4534,3.4534,3.4534,3.4534,0
2019-06-06,3.4534,3.4534,3.4534,3.4534,0
2019-06-07,3.4241,3.4534,3.4193,3.4388,103200
2019-06-10,3.4388,3.4388,3.3899,3.429,210400
2019-06-11,3.4437,3.4632,3.4437,3.4534,55800
2019-06-12,3.4534,3.4681,3.4339,3.4681,27600
2019-06-13,3.4632,3.4876,3.4632,3.4876,111600
2019-06-14,3.4876,3.4876,3.4876,3.4876,0
2019-06-17,3.4339,3.4828,3.429,3.429,15800
2019-06-18,3.4486,3.4681,3.429,3.4486,266000
2019-06-19,3.4339,3.4339,3.3802,3.3899,137000
2019-06-20,3.3802,3.4095,3.3118,3.3851,368400
2019-06-21,3.3704,3.4339,3.3655,3.429,191000
2019-06-24,3.3753,3.4144,3.3753,3.4144,14000
2019-06-25,3.4193,3.4388,3.3948,3.4193,300600
2019-06-26,3.4193,3.4241,3.4046,3.4193,542800
2019-06-27,3.4291,3.4389,3.4242,3.4291,246800
2019-06-28,3.4193,3.4291,3.4144,3.4242,62000
2019-07-01,3.4389,3.4682,3.4389,3.4584,98400
2019-07-02,3.4633,3.4633,3.4535,3.4584,126200
2019-07-03,3.4437,3.4437,3.4291,3.4389,32400
2019-07-04,3.4291,3.4291,3.4095,3.4242,22800
2019-07-05,3.4144,3.4291,3.4046,3.4242,20600
2019-07-08,3.4242,3.4242,3.3948,3.4046,134600
2019-07-09,3.4046,3.4046,3.3703,3.3948,44800
2019-07-10,3.3948,3.3948,3.385,3.3899,51600
2019-07-11,3.3899,3.4193,3.3899,3.3997,103200
2019-07-12,3.4193,3.4437,3.4046,3.4193,102400
2019-07-15,3.4437,3.4682,3.4242,3.4437,239800
2019-07-16,3.4193,3.4242,3.3556,3.3752,402800
2019-07-17,3.3752,3.3752,3.3556,3.3703,388800
2019-07-18,3.3556,3.3801,3.336,3.3507,337000
2019-07-19,3.3703,3.3703,3.3507,3.3605,362000
2019-07-22,3.3605,3.4046,3.3507,3.3997,89400
2019-07-23,3.3801,3.4144,3.3703,3.4095,506800
2019-07-24,3.4144,3.434,3.385,3.4291,1301200
2019-07-25,3.4291,3.4535,3.4291,3.4535,973200
2019-07-26,3.4193,3.4535,3.4046,3.4437,2972600
2019-07-29,3.4438,3.4535,3.4193,3.4291,1513400
2019-07-31,3.4291,3.4291,3.4193,3.4242,1385600
2019-08-01,3.4046,3.4291,3.3948,3.4291,2554600
2019-08-02,3.4291,3.4291,3.4095,3.4144,352400
2019-08-05,3.4046,3.4144,3.3997,3.4046,1495000
2019-08-06,3.3605,3.4242,3.3605,3.4242,2154800
2019-08-07,3.4242,3.4389,3.4242,3.434,362200
2019-08-08,3.4291,3.4389,3.4291,3.4389,36000
2019-08-09,3.4389,3.4437,3.434,3.4389,63200
2019-08-13,3.4389,3.4438,3.4095,3.4291,467000
2019-08-14,3.4389,3.4389,3.4389,3.4389,200
2019-08-15,3.3801,3.3899,3.3654,3.3654,796600
2019-08-16,3.3654,3.4193,3.3654,3.3899,154000
2019-08-19,3.3752,3.3948,3.3752,3.3801,442600
2019-08-20,3.3801,3.3801,3.3556,3.3605,275200
2019-08-21,3.3556,3.3997,3.3507,3.3997,86200
2019-08-22,3.3948,3.4193,3.3752,3.4046,865000
2019-08-23,3.3703,3.3948,3.3703,3.3703,26000
2019-08-26,3.3458,3.3458,3.238,3.3066,1154800
2019-08-27,3.3262,3.4976,3.287,3.4976,306800
2019-08-28,3.4486,3.4486,3.385,3.4291,828000
2019-08-29,3.4291,3.4438,3.4095,3.4291,544600
2019-08-30,3.4291,3.434,3.3997,3.4242,556600
2019-09-03,3.385,3.4242,3.3556,3.3654,46600
2019-09-04,3.3605,3.3801,3.3409,3.3458,89600
2019-09-05,3.3507,3.3899,3.3507,3.3899,51400
2019-09-06,3.3654,3.4095,3.3654,3.4046,297400
2019-09-10,3.3409,3.4389,3.3409,3.4389,142200
2019-09-11,3.4291,3.4535,3.4291,3.4389,46400
2019-09-12,3.4389,3.4829,3.4389,3.4682,563400
2019-09-13,3.4633,3.5074,3.4633,3.4927,392400
2019-09-17,3.4878,3.5074,3.4584,3.4927,193200
2019-09-18,3.478,3.527,3.478,3.5221,440800
2019-09-19,3.5025,3.527,3.5025,3.5221,55600
2019-09-20,3.5074,3.5319,3.5074,3.527,157000
2019-09-23,3.5221,3.5515,3.5074,3.5319,115200
2019-09-24,3.5319,3.6495,3.527,3.6348,684600
2019-09-25,3.625,3.6495,3.5956,3.6495,247000
2019-09-26,3.6495,3.6642,3.6397,3.6642,110200
2019-09-27,3.6642,3.674,3.6495,3.6544,80800
2019-09-30,3.6495,3.6838,3.6495,3.6838,173800
2019-10-01,3.674,3.8063,3.674,3.7965,548000
2019-10-02,3.8062,3.9532,3.7965,3.9189,2022000
2019-10-03,3.8895,3.9581,3.8454,3.8993,1025400
2019-10-04,3.9189,4.1149,3.9189,4.061,1359000
2019-10-07,4.0659,4.0659,3.9924,4.0218,242400
2019-10-08,3.9385,4.0169,3.9287,3.9483,328600
2019-10-09,3.9483,3.9483,3.865,3.9238,1219000
2019-10-10,3.9189,3.9287,3.8503,3.9091,120600
2019-10-11,3.9091,3.9483,3.8944,3.9189,476400
2019-10-14,3.9385,3.9385,3.7867,3.8699,364600
2019-10-15,3.8601,3.9973,3.8601,3.9777,601400
2019-10-16,3.9826,4.0708,3.9826,4.061,895600
2019-10-17,4.061,4.0757,4.0316,4.061,185200
2019-10-18,4.0512,4.0561,4.0218,4.0414,746600
2019-10-21,4.0414,4.0659,4.0414,4.061,245800
2019-10-22,4.0561,4.0561,3.9679,3.9679,279200
2019-10-23,3.9679,3.9826,3.9483,3.9728,507000
2019-10-24,3.9434,3.963,3.9434,3.9532,99400
2019-10-25,3.723,3.8405,3.6936,3.7181,5669800
2019-10-29,3.7034,3.7034,3.5907,3.6495,1134200
2019-10-30,3.6495,3.674,3.6446,3.6495,203800
2019-10-31,3.6446,3.7867,3.6446,3.7867,1112800
2019-11-01,3.7965,3.8014,3.6789,3.723,326200
2019-11-04,3.7916,3.7965,3.7769,3.7965,107600
2019-11-05,3.7965,3.8111,3.772,3.772,896800
2019-11-06,3.8062,3.8062,3.7475,3.7524,69600
2019-11-07,3.7524,3.7965,3.7524,3.7965,94400
2019-11-08,3.8111,3.8846,3.8111,3.8405,801400
2019-11-11,3.723,3.8699,3.723,3.8699,434200
2019-11-12,3.8699,3.8846,3.7524,3.772,301200
2019-11-13,3.772,3.7818,3.772,3.7769,51600
2019-11-14,3.772,3.8111,3.772,3.8014,7600
2019-11-15,3.7965,3.8063,3.7769,3.7965,1320000
2019-11-18,3.7965,3.865,3.7965,3.8552,44200
2019-11-19,3.8062,3.8405,3.8014,3.8405,4800
2019-11-20,3.8699,3.8699,3.8454,3.8454,16400
2019-11-21,3.8111,3.8454,3.8111,3.8209,1800
2019-11-22,3.8111,3.8356,3.772,3.816,447000
2019-11-25,3.7965,3.7965,3.7818,3.7965,19000
2019-11-26,3.8307,4.012,3.8209,4.012,439400
2019-11-27,3.9189,3.9189,3.8846,3.8944,88200
2019-11-28,3.8699,3.914,3.8014,3.8209,67000
2019-11-29,3.8014,3.8063,3.7818,3.7965,64600
2019-12-02,3.7818,3.7916,3.7818,3.7818,27400
2019-12-03,3.7818,3.8062,3.7769,3.8062,12000
2019-12-04,3.7916,3.8014,3.7867,3.7965,1215200
2019-12-05,3.7965,3.8307,3.7965,3.8258,12400
2019-12-06,3.8014,3.8209,3.8014,3.8014,13000
2019-12-09,3.8209,3.8209,3.7965,3.8014,10600
2019-12-10,3.7965,3.8356,3.7916,3.7916,23000
2019-12-11,3.7916,3.8014,3.7769,3.8014,115600
2019-12-12,3.8209,3.8356,3.8014,3.8356,51400
2019-12-13,3.8014,3.8356,3.8014,3.8307,12600
2019-12-16,3.8454,3.865,3.8454,3.8552,132600
2019-12-17,3.8552,3.8944,3.8552,3.8699,78600
2019-12-18,3.8895,3.8895,3.8895,3.8895,11000
2019-12-19,3.8797,3.8846,3.8699,3.8699,51400
2019-12-20,3.8699,3.8699,3.8405,3.8601,135600
2019-12-23,3.8601,3.8846,3.8552,3.8601,119200
2019-12-24,3.8601,3.8601,3.8601,3.8601,528600
2019-12-26,3.8601,3.8601,3.8454,3.8601,631400
2019-12-27,3.8601,3.8895,3.8552,3.8895,437400
2019-12-30,3.8981,3.8981,3.8785,3.8834,76000
2019-12-31,3.8834,3.8883,3.8785,3.8834,240000
2020-01-02,3.8785,3.8834,3.8785,3.8834,6000
2020-01-03,3.8834,3.9569,3.8834,3.9226,704600
2020-01-06,3.8981,3.9471,3.8981,3.9373,694800
2020-01-07,3.9226,3.9422,3.9226,3.9324,583600
2020-01-08,3.9226,3.9324,3.9226,3.9226,1107800
2020-01-09,3.9226,3.9275,3.9226,3.9226,207800
2020-01-10,3.9226,4.0648,3.9226,4.0648,524000
2020-01-13,4.0599,4.1923,4.0599,4.1678,1149400
2020-01-14,4.1433,4.158,4.1335,4.1335,170800
2020-01-15,4.1188,4.4375,4.1188,4.3639,2239200
2020-01-16,4.3639,4.4718,4.2757,4.4179,4605000
2020-01-17,4.4277,4.4669,4.3688,4.4473,2498600
2020-01-20,4.462,4.6189,4.462,4.5699,1440400
2020-01-21,4.4326,4.5699,4.4326,4.5699,797800
2020-01-22,4.5601,4.5601,4.4571,4.5306,970000
2020-01-23,4.5355,4.5944,4.5306,4.5748,3292800
2020-01-24,4.5601,4.5748,4.5551,4.5601,444400
2020-01-28,4.5012,4.5257,4.4718,4.511,281400
2020-01-29,4.5012,4.6924,4.5012,4.6924,1508400
2020-01-30,4.6875,4.6875,4.6091,4.614,301200
2020-01-31,4.5502,4.5993,4.5502,4.5601,1667400
2020-02-03,4.4424,4.4914,4.3149,4.4424,1369600
2020-02-04,4.4424,4.5551,4.4424,4.5012,235200
2020-02-05,4.462,4.6091,4.462,4.5944,74800
2020-02-06,4.614,4.6189,4.6042,4.6091,522800
2020-02-07,4.6091,4.6581,4.4669,4.5404,310600
2020-02-10,4.5404,4.5404,4.3933,4.4179,342400
2020-02-11,4.413,4.4816,4.413,4.462,768200
2020-02-12,4.462,4.462,4.4375,4.4522,138600
2020-02-13,4.4522,4.4522,4.3982,4.4031,472000
2020-02-14,4.413,4.4179,4.3198,4.3884,993000
2020-02-17,4.3884,4.4424,4.3492,4.3639,370600
2020-02-18,4.359,4.359,4.2904,4.3149,618200
2020-02-19,4.2904,4.3541,4.2904,4.3149,463800
2020-02-20,4.3247,4.3394,4.2904,4.3149,1322200
2020-02-21,4.3149,4.3884,4.3051,4.3737,304000
2020-02-24,4.3541,4.3541,4.31,4.31,1214200
2020-02-25,4.2953,4.3345,4.2806,4.3247,261800
2020-02-26,4.3198,4.3345,4.31,4.3149,436600
2020-02-27,4.3051,4.3051,4.2413,4.2511,223600
2020-02-28,4.2168,4.2168,4.0599,4.1188,1380600
2020-03-02,4.0403,4.0648,4.0403,4.055,1270200
2020-03-03,4.055,4.1188,4.055,4.0942,1349000
2020-03-04,4.0942,4.0942,4.006,4.0158,515400
2020-03-05,4.0207,4.0648,4.0109,4.0648,156400
2020-03-06,4.0648,4.0942,4.0452,4.055,226000
2020-03-09,3.9962,3.9962,3.6775,3.8932,280400
2020-03-10,3.7314,3.9275,3.7314,3.9226,106200
2020-03-11,3.9226,3.9815,3.9226,3.9471,85400
2020-03-12,3.9226,3.9226,3.7363,3.8246,513600
2020-03-13,3.7363,3.8197,3.6824,3.7265,1042800
2020-03-16,3.6775,3.6775,3.3833,3.4127,344800
2020-03-17,3.1871,3.7265,2.9861,3.6627,1083800
2020-03-18,3.5794,3.5794,3.4568,3.4715,681400
2020-03-19,3.4666,3.4666,3.2362,3.3342,627000
2020-03-20,3.4274,3.4813,3.1871,3.3637,615200
2020-03-23,3.1871,3.3342,3.1136,3.2411,374200
2020-03-24,3.2656,3.3882,3.2656,3.3489,42600
2020-03-25,3.398,3.4666,3.398,3.4617,414400
2020-03-26,3.4666,3.4666,3.2852,3.4127,105200
2020-03-27,3.4323,3.6775,3.3735,3.6088,678800
2020-03-30,3.4813,3.6775,3.4323,3.4813,121000
2020-03-31,3.4813,3.6186,3.4813,3.496,98000
2020-04-01,3.496,3.5206,3.4323,3.4617,104000
2020-04-02,3.4813,3.6039,3.4813,3.6039,100800
2020-04-03,3.6039,3.6775,3.5794,3.6088,309800
2020-04-06,3.6039,3.6775,3.599,3.6775,64600
2020-04-07,3.7265,3.7755,3.6775,3.751,98400
2020-04-08,3.751,3.7804,3.751,3.7755,413400
2020-04-09,3.7755,4.0697,3.7755,3.9766,54800
2020-04-10,3.9226,3.9226,3.8344,3.9226,74000
2020-04-13,3.9226,3.9226,3.9226,3.9226,0
2020-04-14,3.9226,3.9226,3.8736,3.8834,31600
2020-04-15,3.8834,3.9471,3.8834,3.9324,364600
2020-04-16,3.8491,3.9717,3.8491,3.9275,156400
2020-04-17,3.9717,4.0599,3.9668,3.9962,277200
2020-04-20,3.9962,3.9962,3.8834,3.9619,693800
2020-04-21,3.8981,3.9177,3.854,3.9177,63200
2020-04-22,3.8834,3.8834,3.8834,3.8834,317800
2020-04-23,3.8736,3.9128,3.8736,3.9128,154600
2020-04-24,3.9226,3.9422,3.8981,3.9422,69400
2020-04-27,3.9128,3.9471,3.9128,3.9471,100600
2020-04-28,3.8883,3.9962,3.8883,3.9717,647400
2020-04-29,3.9962,4.0158,3.9569,4.0011,203800
2020-04-30,4.0207,4.0648,4.0207,4.0648,157000
2020-05-04,4.0599,4.0599,3.9766,4.0207,11600
2020-05-05,3.9471,4.0256,3.9471,4.0207,26600
2020-05-06,4.0207,4.0991,4.0207,4.0942,192000
2020-05-08,4.0942,4.0942,4.0746,4.0746,21400
2020-05-12,4.0452,4.0501,3.9766,3.9815,48600
2020-05-13,3.9766,4.0452,3.9569,4.0207,186400
2020-05-14,4.0207,4.0207,4.0207,4.0207,39600
2020-05-15,4.006,4.006,3.9815,3.9913,185200
2020-05-18,3.9962,3.9962,3.8785,3.9226,488600
2020-05-19,3.8834,3.9373,3.8834,3.9226,699600
2020-05-20,3.8981,3.9275,3.8981,3.9177,16400
2020-05-21,3.903,4.0207,3.903,3.9226,364600
2020-05-22,3.9226,3.9668,3.9128,3.9668,49200
2020-05-27,3.9569,3.9962,3.9324,3.9962,336000
2020-05-28,3.9962,4.0011,3.9471,3.9717,409600
2020-05-29,3.9962,4.3443,3.9422,4.2168,1909800
2020-06-02,4.2168,4.2168,4.2168,4.2168,0
2020-06-03,4.2904,4.3296,4.1678,4.1776,341600
2020-06-04,4.2168,4.3149,4.0795,4.0795,493600
2020-06-05,4.1629,4.2659,4.1482,4.1482,122800
2020-06-09,4.1482,4.1972,4.0844,4.1972,645200
2020-06-10,4.2021,4.3296,4.2021,4.3296,391200
2020-06-11,4.3541,4.4031,4.2119,4.256,413000
2020-06-12,4.158,4.261,4.0697,4.2364,337200
2020-06-15,4.1727,4.31,4.1727,4.2168,1078800
2020-06-16,4.1776,4.2659,4.1727,4.2119,181600
2020-06-17,4.2119,4.2266,4.207,4.2119,389400
2020-06-18,4.1874,4.2953,4.1874,4.2757,337000
2020-06-19,4.31,4.413,4.1972,4.2413,417800
2020-06-22,4.2462,4.31,4.2413,4.256,65800
2020-06-23,4.3149,4.3639,4.256,4.3149,327600
2020-06-24,4.3051,4.511,4.3051,4.4865,595400
2020-06-25,4.4816,4.511,4.4228,4.511,193200
2020-06-26,4.511,4.5404,4.511,4.5355,412400
2020-06-29,4.511,4.511,4.4767,4.4865,50600
2020-06-30,4.511,4.511,4.4179,4.4816,248600
2020-07-01,4.5061,4.6238,4.5012,4.6238,359000
2020-07-02,4.6238,4.6532,4.565,4.5846,277400
2020-07-03,4.5846,4.663,4.5846,4.6581,477400
2020-07-06,4.6581,4.7317,4.6287,4.7071,835200
2020-07-07,4.7219,5.1288,4.7219,4.9915,1941800
2020-07-08,5.0013,5.0896,4.9817,5.021,1055800
2020-07-09,5.0573,5.1359,5.0082,5.018,756600
2020-07-10,4.9787,4.9787,4.8609,4.8609,655400
2020-07-13,4.8609,5.1064,4.8511,5.0966,479200
2020-07-14,5.1064,5.1457,4.9002,4.91,769800
2020-07-15,4.9198,4.9787,4.9002,4.91,429400
2020-07-16,4.91,4.9886,4.8216,4.9051,255000
2020-07-17,4.91,4.9984,4.8953,4.9296,133400
2020-07-20,4.9296,4.9787,4.8216,4.9296,740200
2020-07-21,4.9886,5.0573,4.9002,5.0082,618200
2020-07-22,5.0082,5.0769,4.9002,4.91,995400
2020-07-23,4.9296,4.9591,4.8511,4.8953,592000
2020-07-24,4.8609,5.0278,4.8609,4.9886,430200
2020-07-27,5.0573,5.0573,4.9051,5.0475,680000
2020-07-28,5.0082,5.6367,5.0082,5.6072,1939600
2020-07-29,5.5974,5.8134,5.2046,5.8134,1489000
2020-07-30,5.8134,6.0295,5.7054,6.0295,2270600
2020-08-03,6.0197,6.0197,5.7545,5.892,1115400
2020-08-04,5.9018,6.1375,5.9018,6.0197,1225600
2020-08-05,6.0197,6.1277,6.0197,6.0295,317600
2020-08-06,6.0393,6.0688,5.6465,6.0295,830200
2020-08-07,6.0295,6.0295,5.892,5.892,290800
2020-08-10,5.892,5.9018,5.6956,5.6956,292000
2020-08-11,5.7054,5.7152,5.5581,5.5876,368000
2020-08-12,5.5385,5.8429,5.1555,5.7938,435000
2020-08-13,5.7938,5.8822,5.7938,5.8822,547000
2020-08-14,5.8822,5.8822,5.6465,5.7447,110200
2020-08-17,5.6269,5.8625,5.401,5.8625,266000
2020-08-18,5.8625,5.9313,5.8527,5.892,552000
2020-08-19,5.9313,5.9804,5.8134,5.9313,172600
2020-08-21,5.9411,5.9804,5.892,5.9313,349600
2020-08-24,5.9313,6.108,5.9116,6.0884,1136400
2020-08-25,6.0393,6.1277,5.9411,6.0884,667600
2020-08-26,6.0786,6.1375,6.0393,6.1375,774200
2020-08-27,6.0884,6.1571,6.0884,6.1571,961800
2020-08-28,6.1375,6.1964,5.9411,5.9411,598800
2020-09-01,5.9509,6.1277,5.9509,6.0786,520000
2020-09-02,6.1179,6.1375,6.0589,6.1375,451200
2020-09-03,6.1571,6.3732,6.1571,6.2946,383800
2020-09-04,6.2946,6.2946,5.892,6.1375,353200
2020-09-07,6.1375,6.1375,5.9607,6.1375,219600
2020-09-08,6.0491,6.2062,6.0491,6.1375,486000
2020-09-09,5.9706,6.108,5.9607,6.0393,662200
2020-09-10,6.0491,6.0982,5.7447,5.7938,523200
2020-09-11,5.7447,6.0197,5.7251,6.0197,994200
2020-09-14,5.9411,6.3044,5.9313,6.275,486000
2020-09-15,6.275,6.3143,6.2161,6.3044,520000
2020-09-17,6.3241,6.5107,6.167,6.5107,2266200
2020-09-18,6.5107,6.5499,6.1768,6.1866,1619200
2020-09-21,6.3634,6.3634,6.0589,6.2848,999800
2020-09-22,6.0982,6.275,6.0982,6.1866,875800
2020-09-23,6.1964,6.2652,6.1571,6.1866,1324600
2020-09-24,6.1866,6.275,6.1571,6.1866,1208600
2020-09-25,6.2357,6.2455,6.1866,6.2357,28800
2020-09-28,6.275,6.2848,6.1866,6.275,97000
2020-09-29,6.2848,6.2848,6.1964,6.2357,114400
2020-09-30,6.2357,6.2357,5.9902,5.9902,238200
2020-10-01,6.0197,6.2652,6.0197,6.2062,767200
2020-10-02,6.2553,6.2848,6.1866,6.1866,847000
2020-10-05,6.1866,6.2848,6.1866,6.2259,342600
2020-10-06,6.275,6.4321,6.1964,6.3339,639800
2020-10-07,6.3339,6.3535,6.3142,6.3142,142800
2020-10-08,6.3143,6.4714,6.3143,6.4026,457200
2020-10-09,6.3928,6.4616,6.3339,6.3634,83000
2020-10-12,6.3634,6.3732,6.2946,6.2946,65000
2020-10-13,6.3535,6.4125,6.2553,6.4026,75000
2020-10-14,6.383,6.4026,6.383,6.4026,528800
2020-10-15,6.3928,6.4321,6.383,6.383,89600
2020-10-16,6.3928,6.5008,6.3928,6.4812,192000
2020-10-19,6.4812,6.6776,6.4812,6.6187,440600
2020-10-20,6.6285,7.1195,6.6285,6.7758,902000
2020-10-21,6.8642,6.9231,6.7758,6.7758,206400
2020-10-22,6.7856,6.8642,6.7856,6.8445,41400
2020-10-23,6.9133,7.2962,6.9133,6.9329,2466600
2020-10-26,6.9918,7.3159,6.9918,7.1686,367600
2020-10-27,7.1686,7.3355,7.1195,7.149,441000
2020-10-28,7.1686,7.2766,7.1195,7.1195,268600
2020-10-30,7.2079,7.2079,6.9329,6.9722,453200
2020-11-02,6.9427,6.9526,6.8249,6.8249,528200
2020-11-03,6.874,7.0213,6.874,6.9133,244400
2020-11-04,6.9231,6.9329,6.8544,6.874,207800
2020-11-05,6.9133,7.1686,6.8838,7.1686,590600
2020-11-06,7.1784,7.4043,7.1784,7.3748,590600
2020-11-09,7.3846,7.6105,7.3846,7.6007,457000
2020-11-10,7.6105,7.6105,7.4141,7.5123,405200
2020-11-11,7.5221,7.5417,7.3159,7.365,499200
2020-11-12,7.5123,7.5319,7.4534,7.4926,134800
2020-11-13,7.4926,7.5516,7.2668,7.4435,298000
2020-11-16,7.5123,7.5319,7.4239,7.4435,207000
2020-11-17,7.4435,7.4435,7.3159,7.3159,65400
2020-11-18,7.3159,7.4435,7.3061,7.3453,120000
2020-11-19,7.365,7.4337,7.3453,7.4043,236600
2020-11-20,7.3944,7.4534,7.3257,7.3944,36400
2020-11-23,7.3944,7.4632,7.3159,7.3159,146200
2020-11-24,7.3159,7.3748,7.1195,7.1195,1181800
2020-11-25,7.3159,7.3159,7.0213,7.149,198600
2020-11-26,7.1686,7.2079,7.1293,7.1293,180800
2020-11-27,7.1293,7.4632,7.1293,7.3159,227000
2020-11-30,7.4632,7.4632,6.9231,7.4632,526400
2020-12-01,7.4632,7.4632,7.3061,7.365,132400
2020-12-02,7.3257,7.365,7.2668,7.2668,386400
2020-12-03,7.365,7.4141,7.3159,7.365,232600
2020-12-04,7.4141,7.4141,7.3159,7.3846,85600
2020-12-07,7.4141,7.6203,7.3355,7.5123,296800
2020-12-08,7.5123,7.5516,7.4141,7.4141,234000
2020-12-09,7.5123,7.5123,7.3257,7.4632,125600
2020-12-10,7.5025,7.5123,7.2177,7.257,660400
2020-12-11,7.2471,7.3257,7.2275,7.2471,145200
2020-12-14,7.3159,7.3159,6.982,7.0017,295200
2020-12-15,7.0213,7.0704,6.9918,6.9918,582200
2020-12-16,7.0016,7.0704,7.0016,7.0213,586800
2020-12-17,7.1097,7.1097,6.9918,7.0115,133000
2020-12-18,7.0213,7.1195,7.0115,7.0802,664800
2020-12-21,7.198,7.198,7.0311,7.0704,244600
2020-12-22,7.0704,7.0998,7.0606,7.0704,188800
2020-12-23,7.1195,7.1195,7.0409,7.0704,153600
2020-12-24,7.0704,7.1293,7.0507,7.0998,92800
2020-12-28,7.0998,7.257,7.0998,7.2177,88800
2020-12-29,7.1784,7.2962,7.1784,7.2766,149800
2020-12-30,7.2809,7.3006,7.1925,7.1925,211800
2020-12-31,7.1925,7.222,7.1139,7.222,107200
2021-01-04,7.2613,7.2613,7.0647,7.1237,254000
2021-01-05,7.1335,7.1532,7.0746,7.1532,67200
2021-01-06,7.1237,7.1237,7.0746,7.0746,37200
2021-01-07,7.0254,7.0451,6.8289,6.9272,284200
2021-01-08,6.9665,7.0647,6.6619,6.7601,734000
2021-01-11,6.7601,6.9174,6.6717,6.8486,128800
2021-01-12,6.8486,7.1827,6.8387,7.0746,364400
2021-01-13,7.1728,7.3693,7.1532,7.3399,998800
2021-01-14,7.3988,7.4676,7.3595,7.4185,863000
2021-01-15,7.4185,7.4578,7.3497,7.4283,340600
2021-01-18,7.4676,7.6052,7.4283,7.5659,1270800
2021-01-19,7.615,7.7624,7.556,7.5659,909000
2021-01-20,7.5659,8.0964,7.5659,7.7722,1661000
2021-01-21,7.7722,8.008,7.7034,7.8115,797400
2021-01-22,7.8606,8.3028,7.8606,8.2537,1993800
2021-01-25,8.2537,8.2537,8.008,8.0571,842600
2021-01-26,8.1063,8.1161,8.0375,8.0768,645600
2021-01-27,8.0768,8.1554,8.0178,8.0768,908800
2021-01-29,8.0571,8.1652,8.0178,8.1554,568600
2021-02-02,8.1554,8.3421,8.067,8.2438,566200
2021-02-03,8.2438,8.686,8.2438,8.5484,844400
2021-02-04,8.7056,8.7941,8.5386,8.5386,673600
2021-02-05,8.5484,8.6369,8.5288,8.5779,170200
2021-02-08,8.6467,8.6467,8.4797,8.4993,104800
2021-02-09,8.46,8.5386,8.3323,8.4404,262800
2021-02-10,8.3617,8.4502,8.2537,8.3519,242200
2021-02-11,8.3519,8.4895,8.3519,8.4895,24200
2021-02-15,8.5386,8.8236,8.5386,8.7646,307600
2021-02-16,8.7843,8.7843,8.6958,8.7548,162800
2021-02-17,8.8334,8.8432,8.6565,8.686,696800
2021-02-18,8.6565,8.6762,8.401,8.4502,323400
2021-02-19,8.5484,8.745,8.3028,8.745,526400
2021-02-22,8.745,8.745,8.3028,8.3519,663200
2021-02-23,8.2635,8.4993,8.2635,8.3617,1212600
2021-02-24,8.3617,8.4502,8.2831,8.4502,327800
2021-02-25,8.5779,8.9218,8.2537,8.5779,1678000
2021-02-26,8.5779,8.5779,8.293,8.4502,1465200
2021-03-01,8.5484,8.5484,7.9589,7.9687,572200
2021-03-02,8.0178,8.3912,8.0178,8.1554,521800
2021-03-03,8.1849,8.3519,7.9589,8.2045,251800
2021-03-04,8.1751,8.1751,7.9098,7.9982,312200
2021-03-05,7.8901,8.234,7.7231,7.7722,203600
2021-03-08,7.7722,7.7722,7.1728,7.1728,475600
2021-03-09,7.163,7.5659,6.8486,7.1237,1423200
2021-03-10,7.3693,7.4283,6.9075,6.937,723600
2021-03-11,6.9763,7.3104,6.937,7.3006,622800
2021-03-12,7.3693,7.4283,7.1433,7.222,343000
2021-03-15,7.3202,7.3202,6.996,7.0942,247000
2021-03-16,7.0746,7.2711,7.0156,7.222,490600
2021-03-17,7.3202,7.3202,7.1237,7.2121,352800
2021-03-18,7.2711,7.4283,7.2613,7.3202,870600
2021-03-19,7.3202,7.5266,7.1532,7.5266,760200
2021-03-22,7.5266,7.5266,7.3202,7.3595,333000
2021-03-23,7.4676,7.4676,7.2318,7.2613,430400
2021-03-24,7.2514,7.3595,7.222,7.2711,580800
2021-03-25,7.3595,7.3595,7.0746,7.1139,288800
2021-03-26,7.0942,7.2121,7.0942,7.1237,493600
2021-03-29,7.2121,7.3006,7.1433,7.2514,290200
2021-03-30,7.2613,7.4676,7.2514,7.2711,910400
2021-03-31,7.2711,7.3497,7.2711,7.3399,544000
2021-04-01,7.3693,7.7624,7.3693,7.7034,931800
2021-04-02,7.7624,8.1063,7.7624,8.008,731000
2021-04-05,8.008,8.1063,7.8705,8.008,398600
2021-04-06,8.1063,8.1849,7.6739,7.7132,445400
2021-04-07,7.8606,8.0571,7.7722,7.8803,136000
2021-04-08,7.9098,7.9196,7.7329,7.8115,92200
2021-04-09,7.8115,8.008,7.8115,7.8508,51000
2021-04-12,7.8606,8.008,7.7919,8.008,69600
2021-04-13,7.9982,8.008,7.7132,7.7132,457600
2021-04-14,7.9589,7.9884,7.7722,7.8115,161000
2021-04-15,7.8115,7.8115,7.7132,7.7624,179800
2021-04-16,7.7624,7.9392,7.7624,7.7722,294000
2021-04-19,7.6936,7.8312,7.6936,7.7624,101200
2021-04-20,7.8115,7.9294,7.7525,7.8017,77400
2021-04-21,7.7132,7.8017,7.6739,7.7624,174600
2021-04-22,7.7624,8.0571,7.7624,7.8999,192000
2021-04-23,7.9196,8.1947,7.8705,7.8999,580600
2021-04-26,7.9098,7.9098,7.6641,7.7132,332800
2021-04-27,7.7427,7.9589,7.7427,7.8606,810600
2021-04-28,7.8606,8.0571,7.8606,7.9196,139800
2021-04-30,7.8999,7.9785,7.8901,7.8901,228400
2021-05-03,7.9098,7.9098,7.7132,7.8606,24400
2021-05-04,7.8115,7.8312,7.7231,7.7329,115200
2021-05-05,7.7132,7.7525,7.5462,7.5659,331600
2021-05-06,7.5659,7.5659,7.5167,7.5266,68600
2021-05-07,7.5069,7.5659,7.4283,7.5364,76800
2021-05-10,7.6052,7.6052,7.3104,7.3497,210400
2021-05-11,7.3693,7.3693,6.9763,7.1335,526600
2021-05-12,7.1335,7.3104,7.1139,7.1728,106000
2021-05-17,7.1728,7.3693,7.1728,7.2711,332800
2021-05-18,7.3202,7.4185,7.2711,7.3399,195800
2021-05-19,7.3202,7.615,7.3202,7.4283,288800
2021-05-20,7.3792,7.5167,7.3792,7.4283,194400
2021-05-21,7.3792,7.389,7.1433,7.2613,110400
2021-05-24,7.3693,7.5069,7.3399,7.4971,101800
2021-05-25,7.556,7.9294,7.33,7.5266,508600
2021-05-27,7.5266,7.6346,7.4283,7.6346,512000
2021-05-28,7.7132,7.7132,7.4676,7.5266,56800
2021-05-31,7.4676,7.4971,7.4283,7.4676,44400
2021-06-01,7.4676,7.5167,7.3693,7.5167,49400
2021-06-02,7.615,7.6838,7.5659,7.6838,133600
2021-06-03,7.7132,7.7132,7.5364,7.6346,66000
2021-06-04,7.5757,7.615,7.5364,7.5364,212800
2021-06-08,7.5364,7.6248,7.389,7.556,46200
2021-06-09,7.4086,7.4283,7.389,7.389,47800
2021-06-10,7.5167,7.5167,7.3497,7.3595,65600
2021-06-11,7.4676,7.4676,7.4676,7.4676,800
2021-06-14,7.5167,7.5167,7.4578,7.4676,69600
2021-06-15,7.3792,7.5069,7.33,7.3693,82000
2021-06-16,7.5069,7.5069,7.3693,7.3988,37200
2021-06-17,7.3202,7.3595,7.2416,7.2907,123000
2021-06-18,7.2907,7.4185,6.9763,7.1237,1455000
2021-06-21,7.1335,7.2711,7.1335,7.2613,71200
2021-06-22,7.2613,7.2907,7.222,7.2809,32800
2021-06-23,7.2416,7.3497,7.2416,7.3006,51400
2021-06-24,7.3006,7.3693,7.3006,7.3693,379000
2021-06-25,7.3202,7.3497,7.2318,7.3497,20400
2021-06-28,7.3497,7.3497,7.2318,7.3497,13200
2021-06-29,7.3397,7.4283,7.1626,7.2807,82000
2021-06-30,7.3791,7.3791,7.1921,7.202,28600
2021-07-01,7.202,7.2807,7.1823,7.2807,40400
2021-07-02,7.2807,7.3594,7.1528,7.3594,68400
2021-07-05,7.3791,7.4775,7.3102,7.4775,100800
2021-07-06,7.4775,7.4873,7.3201,7.3594,57000
2021-07-07,7.4283,7.4971,7.3397,7.4971,75000
2021-07-08,7.507,7.5267,7.3299,7.4381,77600
2021-07-09,7.4184,7.6447,7.3692,7.6152,235600
2021-07-12,7.5463,7.6742,7.4283,7.6152,38600
2021-07-13,7.6054,7.7136,7.5759,7.6742,219600
2021-07-14,7.7234,7.8809,7.7136,7.8513,601400
2021-07-15,7.7726,7.8809,7.7726,7.8513,908800
2021-07-16,7.7825,7.8513,7.7628,7.8513,8400
2021-07-19,7.871,8.3039,7.871,8.2055,858800
2021-07-21,8.2252,8.5597,8.2252,8.2449,793800
2021-07-22,8.363,8.6975,8.3531,8.6483,1984600
2021-07-23,9.1009,9.7896,8.9828,9.5535,2403400
2021-07-26,9.5535,9.7699,9.2878,9.5043,1168800
2021-07-27,9.4452,9.5633,9.3075,9.3272,876200
2021-07-28,9.3272,9.4354,9.1009,9.1304,330200
2021-07-29,9.2976,9.4846,9.2878,9.2976,1076600
2021-07-30,9.2878,9.4846,9.0714,9.2976,492800
2021-08-02,9.4747,10.2225,9.4452,9.6518,1979000
2021-08-03,9.701,9.9372,9.6617,9.8289,715000
2021-08-04,9.7601,9.7699,9.4059,9.5928,612200
2021-08-05,9.583,9.7896,9.5731,9.7207,1134200
2021-08-06,9.7404,9.8191,9.6125,9.6715,572600
2021-08-09,9.7109,9.7896,9.5928,9.7601,597400
2021-08-11,9.7601,9.9273,9.5928,9.7601,517600
2021-08-12,9.642,9.7896,9.3075,9.3173,634800
2021-08-13,9.5338,9.7306,9.2485,9.4452,589000
2021-08-16,9.4354,9.4354,9.1501,9.337,276000
2021-08-17,9.337,9.7896,9.2386,9.7896,721000
2021-08-18,9.7601,9.7601,9.5141,9.5928,89600
2021-08-19,9.7207,9.7207,9.1501,9.2681,379600
2021-08-20,9.2878,9.4846,9.2681,9.3468,377800
2021-08-23,9.3764,9.6912,9.3764,9.4354,545400
2021-08-24,9.583,9.6223,9.4255,9.4354,516000
2021-08-25,9.4354,9.5731,9.3665,9.396,246000
2021-08-26,9.3665,9.396,9.1009,9.3468,1175200
2021-08-27,9.2485,9.3468,9.1402,9.1501,790600
2021-08-30,9.1501,9.2878,9.1501,9.2189,908200
2021-09-01,9.2189,9.2681,9.1107,9.1501,1295400
2021-09-02,9.1501,9.1697,9.1205,9.1402,470800
2021-09-03,9.1402,9.1697,9.1009,9.1402,163200
2021-09-06,9.1009,9.4944,9.1009,9.3468,793800
2021-09-07,9.3567,9.3764,9.1993,9.2386,130800
2021-09-08,9.2288,9.3272,9.1501,9.2583,633600
2021-09-09,9.1501,9.2583,9.1501,9.2288,178400
2021-09-10,9.1993,9.4846,9.1894,9.4649,185600
2021-09-13,9.4944,9.5141,9.2878,9.2976,45600
2021-09-14,9.2976,9.4846,9.2288,9.3468,287400
2021-09-15,9.3468,9.3468,9.1304,9.2189,397600
2021-09-17,9.1993,9.4255,9.1993,9.396,392800
2021-09-20,9.396,9.5239,9.2091,9.3468,784200
2021-09-21,9.2484,9.8388,9.2091,9.8093,827400
2021-09-22,9.7994,10.1339,9.6912,9.8289,1016400
2021-09-23,10.006,10.1339,9.6617,9.8388,1194200
2021-09-24,9.8388,10.2323,9.7896,10.0847,726200
2021-09-27,10.0946,10.4291,10.0651,10.2422,561000
2021-09-28,10.2422,10.3209,10.0454,10.1339,542000
2021-09-29,9.888,10.0552,9.6912,9.8388,663800
2021-09-30,9.7109,9.9962,9.6912,9.8388,827400
2021-10-01,9.7797,10.1339,9.7404,9.8093,583600
2021-10-04,9.7994,9.9076,9.7404,9.8683,694200
2021-10-05,9.8683,9.8683,9.5338,9.5633,873200
2021-10-06,9.5633,9.7994,9.5633,9.6026,411600
2021-10-07,9.6125,9.7601,9.6125,9.6518,212200
2021-10-08,9.6715,9.6814,9.4944,9.6026,658800
2021-10-11,9.6125,9.6814,9.5436,9.5731,372000
2021-10-12,9.5338,9.7306,9.5338,9.642,332600
2021-10-13,9.5535,9.701,9.5535,9.5928,233400
2021-10-14,9.5731,9.6912,9.5535,9.6715,102600
2021-10-15,9.6715,9.8191,9.6026,9.6518,176200
2021-10-18,9.6912,9.8289,9.642,9.7306,186000
2021-10-20,9.7404,10.1635,9.6715,9.7404,677200
2021-10-21,9.8388,9.947,9.5633,9.947,658000
2021-10-22,9.6912,9.8093,9.5436,9.6912,1003800
2021-10-25,9.6814,9.6814,9.4846,9.5436,948600
2021-10-26,9.5436,9.701,9.5436,9.6322,130000
2021-10-27,9.6223,9.6814,9.5535,9.6814,205200
2021-10-28,9.642,9.7305,9.6026,9.6912,182800
2021-10-29,9.642,9.7207,9.6223,9.6814,305800
2021-11-01,9.6814,9.6814,9.5043,9.5239,466600
2021-11-02,9.5436,9.8978,9.5141,9.8388,323000
2021-11-03,9.8191,9.8388,9.583,9.6125,382600
2021-11-05,9.7207,9.888,9.642,9.8388,325800
2021-11-08,9.8388,9.8781,9.7404,9.8388,133200
2021-11-09,10.1143,10.1536,9.7601,9.8781,394400
2021-11-10,9.888,9.8978,9.7896,9.8388,43600
2021-11-11,9.8683,9.888,9.7404,9.8289,314600
2021-11-12,9.7502,9.9372,9.7404,9.8585,288800
2021-11-15,9.888,9.9273,9.7502,9.8093,76200
2021-11-16,9.7896,9.8486,9.7896,9.8191,121400
2021-11-17,9.8191,9.8191,9.642,9.7109,219000
2021-11-18,9.6223,9.8093,9.6026,9.7404,248800
2021-11-19,9.7306,9.8191,9.642,9.7404,474800
2021-11-22,9.7797,10.0356,9.5928,9.9372,307800
2021-11-23,9.9372,9.9864,9.8388,9.9667,148200
2021-11-24,9.9568,10.311,9.8388,10.2422,601000
2021-11-25,10.2422,10.2914,10.1143,10.2323,108000
2021-11-26,10.252,10.252,10.0847,10.0847,231200
2021-11-29,10.0847,10.2126,9.888,10.2126,275200
2021-11-30,10.1635,10.311,10.0847,10.0847,328400
2021-12-01,10.2815,10.9014,10.1438,10.9014,902200
2021-12-02,10.921,10.9702,10.4783,10.862,216400
2021-12-06,10.8522,10.8522,10.1044,10.3307,149600
2021-12-07,10.3406,10.5177,10.2323,10.5177,124000
2021-12-08,10.5668,10.6751,10.2422,10.252,284200
2021-12-09,10.252,10.4291,9.9864,9.9864,293400
2021-12-10,9.9864,10.1831,9.8289,9.8388,168400
2021-12-13,10.1241,10.1241,9.7896,9.8388,209600
2021-12-14,9.7404,9.8683,9.7404,9.7502,67800
2021-12-15,9.8388,9.8585,9.642,9.642,102000
2021-12-16,9.701,9.8388,9.642,9.6715,249600
2021-12-17,9.6715,9.7502,9.6518,9.7502,58600
2021-12-20,9.8289,9.8289,9.4255,9.5436,807200
2021-12-21,9.5436,9.6715,9.4944,9.6322,32800
2021-12-22,9.701,9.8683,9.6223,9.7207,286000
2021-12-23,9.7207,9.8388,9.6912,9.7994,40800
2021-12-24,9.8289,9.9175,9.7797,9.8289,47400
2021-12-27,9.947,9.947,9.7404,9.8585,80400
2021-12-28,9.8683,9.9568,9.8683,9.947,26800
2021-12-29,9.8978,9.8978,9.7404,9.8683,521000
2021-12-30,9.8154,9.8154,9.7957,9.8154,52800
2021-12-31,9.9729,9.9729,9.7957,9.8055,3400
2022-01-03,9.8252,9.8449,9.5594,9.6874,388800
2022-01-04,9.7465,9.8252,9.648,9.8154,78200
2022-01-05,9.7563,9.776,9.5988,9.6972,169600
2022-01-06,9.648,9.6677,9.6086,9.6283,115600
2022-01-07,9.648,9.7268,9.6185,9.6775,56800
2022-01-10,9.6775,9.6775,9.4117,9.4117,352200
2022-01-11,9.4216,9.4314,8.9096,9.0081,710000
2022-01-12,9.1164,9.333,9.0081,9.0081,539000
2022-01-13,9.1853,9.205,9.0179,9.0672,290200
2022-01-14,9.0081,9.077,8.1221,8.3682,1948400
2022-01-17,8.3485,8.3485,8.0728,8.1417,1190200
2022-01-19,8.063,8.063,7.9252,8.0138,466800
2022-01-20,8.0138,8.1122,7.9941,8.0236,459000
2022-01-21,7.9941,7.9941,7.807,7.8661,897400
2022-01-24,7.8365,7.8562,7.5806,7.679,1335000
2022-01-25,7.6987,7.8661,7.679,7.679,455900
2022-01-26,7.6987,7.8267,7.5904,7.8267,1018800
2022-01-27,7.807,7.807,7.5018,7.679,1242100
2022-01-28,7.6987,7.8365,7.6101,7.7775,463000
2022-01-31,7.8464,8.0236,7.8365,8.0138,75300
2022-02-03,8.0925,8.2303,7.679,7.7578,631800
2022-02-04,7.7676,7.8267,7.7283,7.7381,519200
2022-02-07,7.7381,7.8562,7.6495,7.8464,364500
2022-02-08,7.8759,7.9547,7.8169,7.9252,393500
2022-02-09,7.9252,8.1221,7.9252,7.9941,472700
2022-02-10,8.0728,8.2205,7.9941,8.1122,399900
2022-02-11,7.9744,8.1122,7.8956,8.0236,456300
2022-02-14,8.0433,8.0433,7.8956,7.9055,1043200
2022-02-15,7.9055,7.9842,7.7086,7.7283,1065200
2022-02-16,7.8661,7.8759,7.7972,7.8759,242200
2022-02-17,7.8759,8.0925,7.8759,8.0728,333400
2022-02-18,8.0728,8.0728,7.551,7.6593,3213300
2022-02-21,7.6495,7.7775,7.6101,7.6298,1129800
2022-02-22,7.6298,7.6298,7.1769,7.3345,2103200
2022-02-23,7.2262,7.6298,7.2262,7.551,487000
2022-02-24,7.3837,7.6495,7.3837,7.6298,331500
2022-02-25,7.6593,7.8267,7.6593,7.6593,1475800
2022-02-28,7.6593,7.679,7.2459,7.3148,744300
2022-03-01,7.4624,7.4624,7.3148,7.4231,81100
2022-03-02,7.4624,7.4624,7.236,7.2557,293200
2022-03-03,7.3837,7.3837,7.1376,7.1769,1261700
2022-03-04,7.1573,7.3148,7.0588,7.1376,1210300
2022-03-07,7.1376,7.1376,6.537,6.6945,2629600
2022-03-08,6.665,6.665,5.8085,5.8085,3031600
2022-03-09,5.9168,6.7142,5.9168,6.3598,2113300
2022-03-10,6.7044,6.8324,6.3893,6.409,985200
2022-03-11,6.409,6.793,6.3598,6.6158,938200
2022-03-14,6.6847,6.7438,6.3007,6.3697,847900
2022-03-15,6.3697,6.3697,6.0054,6.0842,2270200
2022-03-16,6.2417,6.4287,6.0251,6.3697,1860400
2022-03-17,6.5961,7.3246,6.5469,7.108,2394200
2022-03-18,7.0883,7.2951,6.8914,7.1376,4274000
2022-03-21,7.1868,7.7381,7.1868,7.5314,2193200
2022-03-22,7.5314,7.7578,7.364,7.6889,637500
2022-03-23,7.7775,8.3288,7.7775,7.9744,2681400
2022-03-24,7.8759,8.2008,7.7479,7.8956,947500
2022-03-25,8.1221,8.25,7.9252,7.9448,694400
2022-03-28,7.9252,7.9448,7.679,7.7283,681000
2022-03-29,7.8267,7.8661,7.5314,7.6889,553500
2022-03-30,7.7972,8.0531,7.7972,7.9252,1273100
2022-03-31,7.9645,8.1024,7.8759,8.0728,604700
2022-04-01,7.9252,8.0728,7.8267,7.8759,683100
2022-04-04,7.8759,8.0236,7.807,7.9744,184100
2022-04-05,8.0039,8.25,8.0039,8.1417,727900
2022-04-06,8.0531,8.1122,7.9252,8.0728,419100
2022-04-07,8.0039,8.0039,7.7775,7.8759,1307700
2022-04-08,7.9252,8.0236,7.8169,7.9744,101500
2022-04-11,7.8562,7.9645,7.3738,7.3837,1695400
2022-04-12,7.3541,7.5707,7.2065,7.4624,874100
2022-04-13,7.4624,7.6298,7.4624,7.5707,487100
2022-04-14,7.679,7.6889,7.3148,7.3837,499900
2022-04-15,7.3837,7.5117,7.2852,7.4723,98500
2022-04-18,7.4624,7.4624,7.364,7.3837,77600
2022-04-20,7.5314,7.5314,7.4329,7.4821,536300
2022-04-21,7.4821,7.5412,7.4329,7.492,174800
2022-04-22,7.3837,7.4329,7.2852,7.3837,193600
2022-04-25,7.364,7.364,7.1868,7.236,638600
2022-04-26,7.3738,7.5018,7.3345,7.3837,198200
2022-04-27,7.236,7.3345,7.0883,7.2852,302400
2022-04-28,7.3345,7.5117,7.3345,7.3837,978300
2022-04-29,7.4624,7.5412,7.4034,7.4821,254000
2022-05-05,7.5609,7.62,7.0293,7.0883,525900
2022-05-06,7.0391,7.0883,6.9505,6.9899,417600
2022-05-09,6.9899,6.9899,6.8422,6.9505,446800
2022-05-10,6.8914,7.0391,6.8717,6.9604,264900
2022-05-11,6.98,7.1277,6.9702,7.0982,113900
2022-05-12,7.0686,7.1376,6.8225,6.8914,479100
2022-05-13,6.9505,7.0686,6.8914,6.9997,541400
2022-05-17,6.9997,7.1671,6.9013,7.1376,189700
2022-05-18,7.1671,7.3837,7.0785,7.1868,210800
2022-05-19,6.9407,7.0883,6.9111,7.0391,353400
2022-05-20,7.0391,7.1868,7.0391,7.1474,54100
2022-05-23,7.1868,7.1868,6.9899,7.0096,48700
2022-05-24,7.1277,7.1277,7.0194,7.049,149100
2022-05-25,7.0096,7.0883,7.0096,7.0883,484200
2022-05-26,7.0982,7.2852,7.0883,7.2655,260200
2022-05-27,7.2852,7.4428,7.236,7.236,226200
2022-05-30,7.2951,7.3443,7.2459,7.2852,212900
2022-05-31,7.364,7.6298,7.3443,7.6298,1066700
2022-06-01,7.6298,7.6298,7.4526,7.5117,331300
2022-06-02,7.4821,7.5609,7.3837,7.5609,94200
2022-06-03,7.5806,7.7775,7.5806,7.6987,382500
2022-06-07,7.6987,7.7479,7.5314,7.679,192400
2022-06-08,7.679,7.807,7.6298,7.7086,162900
2022-06-09,7.7676,7.7676,7.679,7.7283,124600
2022-06-10,7.679,7.6889,7.4821,7.5117,307400
2022-06-13,7.3837,7.3837,7.0686,7.108,477900
2022-06-14,7.0391,7.2065,6.9702,7.0883,461700
2022-06-15,7.1376,7.1868,6.9505,6.9899,112100
2022-06-16,7.1376,7.1376,6.9997,7.0293,194700
2022-06-17,7.0391,7.1277,6.8422,7.1277,354500
2022-06-20,7.1179,7.1277,6.9111,6.9308,207000
2022-06-21,6.9899,7.0883,6.9111,6.921,656300
2022-06-22,6.9407,6.9899,6.9308,6.9604,237900
2022-06-23,6.9505,6.9702,6.9013,6.9604,264800
2022-06-24,6.9308,7.049,6.9013,6.9899,427000
2022-06-27,7.0391,7.3148,7.0391,7.2557,247000
2022-06-28,7.2655,7.2655,7.049,7.0785,77600
2022-06-29,7.0851,7.1344,7.0061,7.0653,59200
2022-06-30,7.0456,7.1443,7.0456,7.1048,382700
2022-07-01,7.1048,7.1048,6.9864,7.0061,157700
2022-07-04,6.9765,7.0061,6.9568,6.9864,575000
2022-07-05,6.9864,6.9962,6.9666,6.9864,266600
2022-07-06,7.0061,7.016,6.8581,6.8778,198400
2022-07-07,6.8778,6.9074,6.5818,6.6509,511000
2022-07-08,6.7199,6.8088,6.6805,6.7101,231300
2022-07-12,6.7002,6.7002,6.5127,6.5325,204600
2022-07-13,6.5621,6.5621,6.3647,6.4733,300800
2022-07-14,6.414,6.5226,6.4042,6.5226,359100
2022-07-15,6.493,6.8088,6.493,6.5818,197100
2022-07-18,6.641,6.8384,6.641,6.789,113000
2022-07-19,6.8088,6.9469,6.6903,6.9173,291900
2022-07-20,7.0061,7.1837,6.9765,7.0851,299300
2022-07-21,7.0851,7.3811,7.0653,7.3712,377400
2022-07-22,7.3515,7.4008,7.2133,7.3021,233300
2022-07-25,7.2627,7.2627,7.0258,7.0456,196800
2022-07-26,7.016,7.164,7.016,7.1048,226400
2022-07-27,7.0258,7.3416,7.0258,7.3021,356500
2022-07-28,7.4008,7.6179,7.4008,7.5094,420600
2022-07-29,7.5094,7.6969,7.5094,7.5883,1590200
2022-08-01,7.5883,7.5883,7.46,7.4699,407500
2022-08-02,7.4008,7.4206,7.3219,7.3712,380100
2022-08-03,7.4008,7.4008,7.2725,7.3021,368200
2022-08-04,7.4502,7.7067,7.4403,7.6475,683900
2022-08-05,7.6475,7.6475,7.5094,7.5094,46600
2022-08-08,7.5094,7.5094,7.3219,7.4008,120900
2022-08-09,7.4008,7.4403,7.3416,7.4008,156600
2022-08-10,7.3416,7.3416,7.0851,7.1245,259700
2022-08-11,7.4502,7.539,7.3219,7.5192,339500
2022-08-12,7.539,7.539,7.46,7.4995,677500
2022-08-15,7.5883,7.5982,7.4304,7.5094,179700
2022-08-16,7.5094,7.5094,7.3021,7.4008,82500
2022-08-17,7.4008,7.4008,7.2528,7.3021,49700
2022-08-18,7.3021,7.312,7.1147,7.2035,232700
2022-08-19,7.2627,7.312,7.1936,7.2429,154100
2022-08-22,7.2035,7.2331,7.1048,7.2133,213200
2022-08-23,7.2133,7.2725,7.1837,7.2232,132300
2022-08-24,7.2528,7.2725,7.1541,7.2035,63600
2022-08-25,7.2035,7.3317,7.2035,7.2133,76600
2022-08-26,7.2528,7.2627,7.2429,7.2627,66300
2022-08-29,7.0653,7.1837,7.0061,7.164,152500
2022-08-30,7.0357,7.1344,7.0357,7.1147,66300
2022-09-01,7.0851,7.2035,7.0554,7.1048,172700
2022-09-02,7.0555,7.1936,7.0555,7.1837,274900
2022-09-05,7.1837,7.1837,7.0554,7.0554,183600
2022-09-06,7.0554,7.2035,7.0554,7.1048,137400
2022-09-07,7.1048,7.1245,7.0851,7.1048,639100
2022-09-08,7.1837,7.2528,7.1147,7.2331,91800
2022-09-09,7.2627,7.2627,7.2035,7.2035,105200
2022-09-12,7.2824,7.391,7.2528,7.3515,54900
2022-09-13,7.4008,7.4699,7.2923,7.4502,183300
2022-09-14,7.2035,7.3021,7.1541,7.2429,105400
2022-09-15,7.2429,7.4995,7.2232,7.4995,134300
2022-09-19,7.2331,7.3515,7.2331,7.3317,161900
2022-09-20,7.3317,7.4502,7.2923,7.3219,42800
2022-09-21,7.2824,7.3416,7.2429,7.3021,171400
2022-09-22,7.2824,7.312,7.2725,7.3021,232000
2022-09-23,7.2232,7.2627,7.2035,7.2528,411000
2022-09-26,7.2528,7.2923,7.2331,7.2923,81700
2022-09-27,7.2429,7.3021,7.2429,7.2923,79900
2022-09-28,7.2923,7.2923,7.2528,7.2528,347800
2022-09-29,7.2627,7.2627,7.0061,7.1443,245500
2022-09-30,7.1344,7.164,7.1048,7.1344,143100
2022-10-03,7.1048,7.1147,7.0851,7.1048,500000
2022-10-04,7.1443,7.1739,7.1048,7.1739,462100
2022-10-05,7.2035,7.2232,7.1936,7.2035,355300
2022-10-06,7.2035,7.2824,7.1936,7.2824,230900
2022-10-07,7.2035,7.2824,7.1147,7.2824,14700
2022-10-11,7.1541,7.1541,7.016,7.0752,179100
2022-10-12,7.0554,7.0554,6.6607,6.7101,986700
2022-10-13,6.7101,6.8186,6.641,6.8088,883200
2022-10-14,6.8088,6.9173,6.8088,6.868,326000
2022-10-17,6.8581,6.868,6.8088,6.8186,153500
2022-10-18,6.8186,6.9765,6.8186,6.9568,458900
2022-10-19,6.9173,7.0851,6.8877,6.9568,538000
2022-10-20,6.9173,6.9173,6.868,6.9074,443600
2022-10-21,6.8778,6.9173,6.8778,6.9074,282200
2022-10-25,6.9173,6.9173,6.8384,6.8581,341000
2022-10-26,6.8877,6.9666,6.8581,6.9173,244700
2022-10-27,6.9272,7.164,6.9272,7.164,199800
2022-10-28,7.1147,7.1344,6.8088,6.9074,580700
2022-10-31,6.9074,7.0061,6.8482,6.9864,783500
2022-11-01,6.9864,7.0061,6.8877,6.9074,618800
2022-11-02,6.9074,6.9469,6.9074,6.9272,33400
2022-11-03,6.9864,6.9962,6.8581,6.9962,320300
2022-11-04,7.0357,7.0357,6.8877,6.8877,18500
2022-11-07,6.9962,6.9962,6.8877,6.9666,163500
2022-11-08,6.9765,6.9962,6.9173,6.9765,285800
2022-11-09,6.9272,6.9765,6.8877,6.9765,218100
2022-11-10,6.937,6.9765,6.9074,6.9568,114200
2022-11-11,7.0554,7.1837,7.0357,7.0357,326200
2022-11-14,7.0554,7.1048,7.0554,7.0851,44300
2022-11-15,7.0554,7.1048,7.0061,7.0851,816500
2022-11-16,7.0851,7.0949,6.9074,6.9666,182600
2022-11-17,6.9666,6.9666,6.8877,6.8877,46500
2022-11-21,6.8581,6.9074,6.7989,6.8581,90400
2022-11-22,7.0061,7.0061,6.8581,6.9469,35100
2022-11-23,6.9074,7.0752,6.9074,7.0653,35300
2022-11-24,7.0653,7.2232,7.0653,7.1541,138800
2022-11-25,7.2035,7.2035,7.1541,7.1936,54900
2022-11-29,7.1936,7.2232,7.0752,7.164,64200
2022-11-30,7.1837,7.2429,7.1739,7.2035,100500
2022-12-01,7.2528,7.8153,7.2528,7.4896,2109300
2022-12-02,7.46,7.7758,7.4304,7.6673,285700
2022-12-05,7.46,7.6179,7.46,7.5291,77700
2022-12-06,7.46,7.6179,7.4502,7.5686,147100
2022-12-07,7.4995,7.5192,7.4502,7.4502,89400
2022-12-08,7.4502,7.5291,7.4502,7.4995,125900
2022-12-09,7.4995,7.8942,7.4995,7.835,398000
2022-12-12,7.8251,7.8251,7.5784,7.6278,92800
2022-12-13,7.6376,7.7659,7.6376,7.7067,203000
2022-12-14,7.6969,7.8449,7.6771,7.7462,286500
2022-12-15,7.7462,7.7462,7.6771,7.6969,186600
2022-12-16,7.6969,7.7067,7.6574,7.6969,111600
2022-12-19,7.6969,7.6969,7.608,7.6376,110300
2022-12-20,7.5883,7.5883,7.4699,7.4896,149500
2022-12-21,7.5488,7.5883,7.5291,7.5587,1016600
2022-12-22,7.5587,7.5883,7.5488,7.5784,16900
2022-12-23,7.5488,7.5587,7.5488,7.5587,19100
2022-12-27,7.5488,7.5784,7.539,7.5488,103200
2022-12-28,7.5488,7.5587,7.539,7.5488,157300
2022-12-29,7.555,7.5649,7.5451,7.555,66300
2022-12-30,7.555,7.6044,7.5254,7.555,96500
2023-01-03,7.555,7.5649,7.5451,7.555,52300
2023-01-04,7.555,7.555,7.4464,7.5254,203000
2023-01-05,7.4464,7.5155,7.4464,7.5056,997000
2023-01-06,7.5056,7.5254,7.4661,7.5056,697000
2023-01-09,7.5353,7.6636,7.5353,7.6636,136800
2023-01-10,7.6636,7.7031,7.6636,7.6834,222500
2023-01-11,7.6044,7.7427,7.6044,7.6933,598400
2023-01-12,7.6143,7.7427,7.6143,7.7328,1277200
2023-01-13,7.7427,7.9007,7.7427,7.8908,378800
2023-01-16,7.9007,7.9007,7.7822,7.8019,803200
2023-01-17,7.7031,7.8513,7.6636,7.7031,57500
2023-01-18,7.7624,7.8612,7.7031,7.7624,118400
2023-01-19,7.7723,7.7723,7.634,7.6439,53900
2023-01-20,7.6636,7.7723,7.6636,7.7031,261400
2023-01-25,7.7031,7.8217,7.7031,7.8217,37700
2023-01-26,7.8217,7.8315,7.7031,7.7525,61100
2023-01-27,7.7822,8.0982,7.7624,8.0982,561200
2023-01-30,8.0982,8.0982,7.9599,7.9797,306100
2023-01-31,7.9599,7.9698,7.7328,7.7427,198900
2023-02-02,7.9007,8.1871,7.9007,8.0982,879300
2023-02-03,8.0982,8.5623,8.0982,8.1476,1102000
2023-02-07,8.1081,8.1377,8.0982,8.1278,64400
2023-02-08,8.1081,8.3451,8.0982,8.2266,485900
2023-02-09,8.2266,8.2266,8.0982,8.1574,181600
2023-02-10,8.1574,8.1574,8.0883,8.0982,352700
2023-02-13,8.0784,8.0784,7.8118,7.8315,100300
2023-02-14,7.8809,7.9994,7.8612,7.9797,83400
2023-02-15,7.9303,7.9797,7.8513,7.95,54000
2023-02-16,7.95,7.9994,7.8414,7.95,1425300
2023-02-17,7.8019,7.9007,7.634,7.6834,135600
2023-02-20,7.7031,7.7031,7.5945,7.6241,279200
2023-02-21,7.5748,7.7031,7.5056,7.5748,59000
2023-02-22,7.5846,7.6933,7.5254,7.5846,54800
2023-02-23,7.5846,7.6933,7.5056,7.6439,104600
2023-02-24,7.6933,7.9007,7.6241,7.8809,167600
2023-02-27,7.8809,7.9402,7.7229,7.8513,114600
2023-02-28,7.7328,7.9994,7.7031,7.9007,517200
2023-03-01,7.9007,7.9007,7.792,7.8908,27500
2023-03-02,7.9007,7.9994,7.8315,7.9402,37800
2023-03-03,7.8513,7.8908,7.8513,7.8908,17100
2023-03-06,7.8908,7.9994,7.8612,7.9007,486500
2023-03-07,7.9007,7.95,7.8513,7.8513,48800
2023-03-08,7.9007,7.9007,7.7822,7.8019,625700
2023-03-09,7.7624,7.7624,7.5945,7.6044,180900
2023-03-10,7.6044,7.6241,7.5353,7.555,819200
2023-03-13,7.5254,7.6834,7.4563,7.4859,163400
2023-03-14,7.4859,7.4859,7.3081,7.3081,1118900
2023-03-15,7.4069,7.4859,7.3081,7.3674,1097600
2023-03-16,7.3674,7.4958,7.3377,7.4859,62400
2023-03-17,7.4859,7.6044,7.4661,7.4661,123200
2023-03-20,7.4365,7.5945,7.4365,7.5846,143400
2023-03-21,7.5846,7.6143,7.5846,7.6044,166200
2023-03-22,7.6044,7.6636,7.5056,7.6143,214600
2023-03-23,7.6241,7.792,7.6241,7.7822,232900
2023-03-24,7.6834,7.7723,7.6834,7.7624,150100
2023-03-27,7.7624,7.8019,7.6241,7.6241,361200
2023-03-28,7.6933,7.792,7.634,7.7822,241200
2023-03-29,7.7031,7.7822,7.6636,7.7822,59500
2023-03-30,7.6735,7.8809,7.6735,7.8809,117800
2023-03-31,7.8908,7.9007,7.8315,7.8809,263000
2023-04-03,7.8612,7.9204,7.8513,7.9007,71300
2023-04-04,7.9007,7.9007,7.8809,7.8908,157700
2023-04-05,7.9204,7.9204,7.8414,7.8908,155500
2023-04-06,7.9007,7.9007,7.713,7.8217,24800
2023-04-07,7.7525,7.8019,7.6538,7.713,25200
2023-04-10,7.7031,7.8019,7.6933,7.7822,19200
2023-04-11,7.7427,7.8118,7.7427,7.8019,15600
2023-04-12,7.7525,7.7525,7.6933,7.7229,103100
2023-04-13,7.7624,7.792,7.7031,7.792,118800
2023-04-14,7.8019,7.9797,7.8019,7.8809,391500
2023-04-17,7.9007,7.9007,7.8019,7.8019,92000
2023-04-18,7.8019,7.9599,7.8019,7.9007,149400
2023-04-19,7.9007,7.9007,7.792,7.8612,25700
2023-04-20,7.8019,7.8809,7.8019,7.8612,27000
2023-04-25,7.8612,7.8612,7.7822,7.8315,4000
2023-04-26,7.7525,7.8908,7.7525,7.8908,66100
2023-04-27,7.8513,7.8513,7.7525,7.8019,29600
2023-04-28,7.8019,7.9105,7.7031,7.8908,129200
2023-05-02,7.8908,7.9007,7.871,7.8908,56700
2023-05-03,7.8019,7.8612,7.792,7.8118,159500
2023-05-05,7.8019,7.8019,7.7031,7.713,124400
2023-05-08,7.713,7.7624,7.713,7.7624,43100
2023-05-09,7.7624,7.7624,7.6933,7.7229,264600
2023-05-10,7.7229,7.8217,7.7031,7.8217,390100
2023-05-11,7.8019,7.8019,7.713,7.7427,80300
2023-05-12,7.7031,7.7328,7.7031,7.7229,38300
2023-05-15,7.7525,7.7525,7.7031,7.7229,46500
2023-05-16,7.7229,7.7328,7.7031,7.7328,498200
2023-05-17,7.7031,7.7525,7.7031,7.7525,262700
2023-05-18,7.7525,7.8513,7.7525,7.792,208000
2023-05-19,7.792,7.8217,7.7624,7.8019,23700
2023-05-22,7.8513,7.8513,7.713,7.792,20800
2023-05-23,7.8019,7.8019,7.7229,7.7822,30600
2023-05-24,7.7031,7.7525,7.7031,7.7525,5200
2023-05-25,7.7031,7.7525,7.6538,7.7031,135800
2023-05-26,7.6636,7.7822,7.634,7.6538,79600
2023-05-29,7.6538,7.8019,7.6538,7.7822,52500
2023-05-30,7.7031,7.792,7.7031,7.7525,58100
2023-05-31,7.7525,7.8019,7.7031,7.7031,138300
2023-06-01,7.8019,7.8019,7.6636,7.7624,13600
2023-06-02,7.7525,7.792,7.7031,7.7723,7800
2023-06-06,7.7427,7.792,7.7427,7.792,102900
2023-06-07,7.713,7.9007,7.713,7.8612,258900
2023-06-08,7.8612,7.8908,7.7229,7.7328,111700
2023-06-09,7.7229,7.792,7.7031,7.792,38700
2023-06-12,7.7723,7.792,7.7229,7.792,1700
2023-06-13,7.7822,7.8513,7.7723,7.792,1945900
2023-06-14,7.792,7.9402,7.792,7.9105,622700
2023-06-15,7.9007,7.9007,7.7822,7.9007,58000
2023-06-16,7.9007,7.9105,7.8513,7.9007,544400
2023-06-19,7.871,8.0488,7.8019,8.0488,421600
2023-06-20,7.9994,7.9994,7.9204,7.95,28200
2023-06-21,7.9105,7.9994,7.8612,7.9007,75000
2023-06-22,7.8908,7.8908,7.7822,7.792,205600
2023-06-23,7.8118,7.8414,7.792,7.8019,376800
2023-06-26,7.8019,7.8118,7.7822,7.792,113800
2023-06-27,7.792,7.9007,7.7229,7.8908,517700
2023-06-28,7.8618,7.9212,7.8618,7.8915,223500
2023-06-30,7.8915,7.9014,7.8222,7.9014,400500
2023-07-03,7.9014,7.9212,7.8618,7.9113,25800
2023-07-04,7.8816,7.9212,7.8816,7.9212,1076900
2023-07-05,7.9212,7.9212,7.7232,7.7232,132600
2023-07-06,7.7232,7.8222,7.7034,7.743,448100
2023-07-07,7.7529,7.842,7.7529,7.8123,36400
2023-07-10,7.8123,7.842,7.7925,7.8321,109800
2023-07-11,7.7529,7.9212,7.7529,7.9212,645100
2023-07-12,7.9212,7.9212,7.8717,7.9113,234900
2023-07-13,7.9212,7.9212,7.8816,7.9212,193500
2023-07-14,7.9014,7.9707,7.9014,7.941,2698900
2023-07-17,7.9608,8.4955,7.9509,8.4262,2630500
2023-07-18,8.4163,8.4163,8.2084,8.2183,1358100
2023-07-20,8.2183,8.2381,7.9311,7.9608,423100
2023-07-21,7.9905,8.1292,7.9707,8.1193,1016900
2023-07-24,7.9806,8.1094,7.9806,7.9905,359000
2023-07-25,8.1193,8.1193,7.9707,7.9905,783900
2023-07-26,8.0203,8.1094,7.9311,7.9905,885900
2023-07-27,8.0797,8.0797,7.9608,7.9707,502100
2023-07-28,7.941,7.9509,7.6737,7.7727,1070100
2023-07-31,7.7232,7.8321,7.5945,7.7727,866900
2023-08-01,7.7727,7.7925,7.7232,7.7925,781200
2023-08-02,7.7826,7.8618,7.7727,7.8519,943500
2023-08-03,7.7529,7.8618,7.7529,7.8321,1018000
2023-08-04,7.8123,7.842,7.7925,7.8222,30200
2023-08-07,7.842,7.842,7.7529,7.8321,88600
2023-08-08,7.8519,7.8519,7.7232,7.7628,353000
2023-08-09,7.7529,7.8321,7.7034,7.8222,241500
2023-08-10,7.7727,7.8024,7.7331,7.8024,356300
2023-08-11,7.7826,7.8222,7.7826,7.7826,95300
2023-08-14,7.842,7.842,7.6737,7.6836,180900
2023-08-15,7.6935,7.7529,7.6935,7.7529,344400
2023-08-16,7.743,7.7529,7.6836,7.7529,260400
2023-08-17,7.743,7.8321,7.7034,7.8222,606800
2023-08-18,7.8123,7.8519,7.743,7.8519,1117300
2023-08-21,7.8519,7.8519,7.6935,7.7034,1002400
2023-08-22,7.8222,7.8222,7.7034,7.7826,1571500
2023-08-23,7.6935,7.6935,7.6737,7.6836,215800
2023-08-24,7.6836,7.7133,7.6242,7.6341,538900
2023-08-25,7.6341,7.6341,7.5351,7.5549,306700
2023-08-28,7.5549,7.5549,7.4757,7.4757,225700
2023-08-29,7.4757,7.4757,7.4361,7.4757,636600
2023-08-30,7.4361,7.7034,7.4361,7.5054,509800
2023-09-01,7.5252,7.6638,7.5054,7.5054,332400
2023-09-04,7.6836,7.7232,7.4856,7.7232,1050300
2023-09-05,7.7232,7.7727,7.6341,7.6737,225200
2023-09-06,7.7727,7.7727,7.6242,7.7232,531200
2023-09-07,7.7232,7.7232,7.5252,7.6044,385100
2023-09-08,7.6737,7.6737,7.5549,7.5648,328100
2023-09-11,7.644,7.644,7.545,7.5549,369900
2023-09-12,7.6242,7.6242,7.5153,7.6242,1084000
2023-09-13,7.6242,7.6242,7.4559,7.545,991800
2023-09-14,7.545,7.6044,7.5351,7.545,323000
2023-09-15,7.6143,7.6143,7.4262,7.4262,13800800
2023-09-18,7.4559,7.5252,7.2875,7.3767,1045900
2023-09-19,7.3767,7.5252,7.3172,7.3767,528200
2023-09-20,7.337,7.5351,7.3271,7.4262,612900
2023-09-21,7.3568,7.5054,7.3568,7.5054,12700
2023-09-22,7.4559,7.5054,7.446,7.4559,164300
2023-09-25,7.446,7.4559,7.4262,7.4262,99500
2023-09-26,7.4262,7.4757,7.3866,7.4262,167900
2023-09-27,7.4262,7.4361,7.3568,7.4262,324600
2023-09-29,7.4262,7.4262,7.337,7.3667,132100
2023-10-02,7.3667,7.3667,7.2776,7.2776,155600
2023-10-03,7.3073,7.3073,7.1489,7.238,154300
2023-10-04,7.2281,7.3172,7.1588,7.1786,875400
2023-10-05,7.1786,7.238,7.0697,7.0994,261700
2023-10-06,7.0994,7.2479,7.0994,7.1489,194900
2023-10-09,7.1687,7.1687,7.0895,7.1291,179500
2023-10-10,7.139,7.139,7.0796,7.0994,40000
2023-10-11,7.1291,7.1588,7.0301,7.0598,196000
2023-10-12,7.0598,7.1291,7.0598,7.0796,177300
2023-10-13,7.1192,7.1192,7.0598,7.0598,196500
2023-10-16,7.0598,7.0895,7.0301,7.0598,63900
2023-10-17,7.0796,7.0895,6.9806,7.0796,123800
2023-10-18,7.0796,7.1489,7.0499,7.1489,63100
2023-10-19,7.1093,7.1093,7.0301,7.04,211200
2023-10-20,7.0301,7.0697,7.0301,7.0499,103800
2023-10-23,7.04,7.1093,7.0301,7.0499,63200
2023-10-24,7.0499,7.1885,7.0499,7.1786,90300
2023-10-25,7.0796,7.2776,7.0796,7.1588,656900
2023-10-26,7.1588,7.1588,7.0598,7.1291,23700
2023-10-27,7.04,7.0895,6.8519,6.8519,1537200
2023-10-30,6.8519,6.8519,6.743,6.8123,335500
2023-10-31,6.8123,6.8321,6.7925,6.8123,217000
2023-11-01,6.8123,6.8123,6.7231,6.743,219800
2023-11-02,6.7331,6.743,6.7132,6.7231,182900
2023-11-03,6.7331,6.7529,6.7132,6.7331,792100
2023-11-06,6.7331,6.8519,6.7331,6.8024,944700
2023-11-07,6.8024,6.8024,6.6736,6.6934,817800
2023-11-08,6.7033,6.7529,6.7033,6.7331,1204200
2023-11-09,6.7331,6.7529,6.7033,6.7331,1379400
2023-11-10,6.7331,6.743,6.7033,6.7331,1415100
2023-11-14,6.7331,6.7331,6.6637,6.6835,541300
2023-11-15,6.7231,6.7231,6.6736,6.6835,618100
2023-11-16,6.6835,6.7033,6.6637,6.6835,1133800
2023-11-17,6.6934,6.743,6.6934,6.7331,179500
2023-11-20,6.7331,6.8717,6.7331,6.7925,788500
2023-11-21,6.7628,6.8321,6.7628,6.8321,890100
2023-11-22,6.8222,6.9014,6.8123,6.8816,466800
2023-11-23,6.8519,6.8816,6.8222,6.8321,283400
2023-11-24,6.8816,6.9212,6.8519,6.8816,106600
2023-11-27,6.8816,6.8816,6.842,6.8717,560100
2023-11-28,6.8618,6.8618,6.7925,6.842,116800
2023-11-29,6.8717,6.8717,6.7925,6.8618,60400
2023-11-30,6.842,6.941,6.8222,6.9311,435100
2023-12-01,6.941,6.941,6.842,6.9113,32100
2023-12-04,6.9212,6.9608,6.8618,6.9311,146600
2023-12-05,6.9311,6.9707,6.9311,6.9707,150700
2023-12-06,6.941,7.0103,6.941,6.9806,137500
2023-12-07,6.9806,7.1588,6.9608,7.1192,177300
2023-12-08,7.1192,7.2776,7.0994,7.2677,221900
2023-12-11,7.2479,7.2578,7.1588,7.2281,483500
2023-12-12,7.2578,7.2578,7.0301,7.0301,76000
2023-12-13,7.0103,7.1192,6.9509,7.1192,37800
2023-12-14,7.1291,7.1984,7.1093,7.1489,69100
2023-12-15,7.1291,7.1786,7.1291,7.139,36400
2023-12-18,7.0994,7.1687,7.0994,7.1291,144300
2023-12-19,7.1291,7.2182,7.1291,7.139,41400
2023-12-20,7.139,7.1786,7.1291,7.1786,147200
2023-12-21,7.2083,7.2281,7.1489,7.2083,96700
2023-12-22,7.1588,7.2083,7.0499,7.1885,56400
2023-12-26,7.1588,7.2281,7.0796,7.2281,94800
2023-12-27,7.0895,7.2281,7.0895,7.2083,58900
2023-12-28,7.2343,7.2343,7.165,7.2343,38600
2023-12-29,7.2343,7.2542,7.1848,7.2244,51200
2024-01-02,7.1352,7.1947,7.0857,7.0857,73600
2024-01-03,7.1352,7.1352,7.1154,7.1352,31900
2024-01-04,7.1352,7.1848,7.0956,7.1352,526300
2024-01-05,7.1352,7.1352,7.0758,7.0758,116700
2024-01-08,7.0956,7.1352,7.056,7.0956,100000
2024-01-09,7.1055,7.165,7.0857,7.1154,585500
2024-01-10,7.1451,7.1848,7.0857,7.165,104800
2024-01-11,7.165,7.1749,7.1352,7.165,454200
2024-01-12,7.1947,7.2145,7.1154,7.1848,59600
2024-01-15,7.1253,7.1451,7.0758,7.1451,102400
2024-01-16,7.1451,7.2145,7.0758,7.165,97400
2024-01-17,7.0659,7.165,7.0361,7.165,124900
2024-01-18,7.165,7.165,7.0361,7.1154,722100
2024-01-19,7.1352,7.1451,7.0758,7.1451,707700
2024-01-22,7.1154,7.1352,7.0956,7.1352,431000
2024-01-23,7.0857,7.1352,7.0857,7.0956,336400
2024-01-24,7.1352,7.1352,7.0163,7.0163,39600
2024-01-26,7.0262,7.0262,6.8379,6.8677,366000
2024-01-29,6.937,6.937,6.6596,6.7884,604700
2024-01-30,6.7388,6.937,6.7388,6.937,327700
2024-01-31,6.937,6.9767,6.7388,6.8677,803800
2024-02-02,6.8776,6.9271,6.8578,6.8875,1226500
2024-02-05,6.8875,6.8875,6.7884,6.8677,37800
2024-02-06,6.8677,6.8875,6.8379,6.8677,1012500
2024-02-07,6.9172,6.9965,6.8776,6.937,487300
2024-02-08,6.9668,7.0064,6.9668,6.9668,202400
2024-02-09,6.9469,6.9866,6.937,6.9668,9600
2024-02-13,6.9668,7.0659,6.9668,7.056,121500
2024-02-14,7.056,7.056,6.8875,6.9965,114800
2024-02-15,6.9668,6.9866,6.937,6.9668,835000
2024-02-16,6.937,7.0163,6.8677,6.9569,673100
2024-02-19,6.9569,7.0262,6.8478,6.9569,785600
2024-02-20,6.9668,7.2046,6.9172,7.1352,428600
2024-02-21,7.1352,7.1947,7.0956,7.1451,292800
2024-02-22,7.1352,7.6407,7.1352,7.5713,1348900
2024-02-23,7.5316,7.7893,7.2343,7.5019,1277100
2024-02-26,7.4325,7.4821,7.165,7.2542,1385900
2024-02-27,7.274,7.4722,7.2442,7.383,1813500
2024-02-28,7.3731,7.4623,7.3136,7.4127,619500
2024-02-29,7.4325,7.5118,7.3136,7.4325,1161300
2024-03-01,7.3632,7.4524,7.3334,7.4226,128400
2024-03-04,7.4226,7.492,7.3632,7.3929,354800
2024-03-05,7.3632,7.3632,7.2542,7.274,164000
2024-03-06,7.2145,7.2343,7.0064,7.0163,154300
2024-03-07,7.0659,7.2343,7.0659,7.1947,259800
2024-03-08,7.1749,7.1947,7.0659,7.1551,187200
2024-03-11,7.1551,7.1551,7.0361,7.0361,255900
2024-03-12,7.0361,7.2442,7.0361,7.2145,234100
2024-03-13,7.2145,7.2145,7.1253,7.1352,129400
2024-03-14,7.1154,7.2244,7.0857,7.1154,118500
2024-03-15,7.1154,7.1451,7.1055,7.1352,83500
2024-03-18,7.1352,7.1848,7.1154,7.1154,406900
2024-03-19,7.1253,7.2046,7.1253,7.1551,356600
2024-03-20,7.1551,7.2145,7.1551,7.2145,166600
2024-03-21,7.2145,7.3632,7.2145,7.2839,665800
2024-03-22,7.1848,7.4226,7.1848,7.383,1450800
2024-03-25,7.383,7.5118,7.3334,7.3334,875000
2024-03-26,7.383,7.383,7.2343,7.3136,704000
2024-03-27,7.3235,7.5911,7.3235,7.5713,285500
2024-03-29,7.5316,7.5316,7.4524,7.5118,684400
2024-04-01,7.5019,7.6208,7.4325,7.6109,1508900
2024-04-02,7.6109,7.7298,7.5911,7.6902,408800
2024-04-03,7.6902,7.7199,7.6704,7.7199,155400
2024-04-04,7.7199,7.7199,7.6407,7.6704,136700
2024-04-05,7.6704,7.6803,7.5911,7.6704,136200
2024-04-08,7.6704,7.6803,7.5019,7.6704,137600
2024-04-09,7.6902,7.7298,7.6307,7.6704,155600
2024-04-12,7.71,7.71,7.6605,7.71,56700
2024-04-15,7.6506,7.71,7.6307,7.71,231900
2024-04-16,7.71,7.71,7.5118,7.6803,285900
2024-04-17,7.6803,7.7001,7.5911,7.6803,463800
2024-04-18,7.6803,7.6902,7.6307,7.6704,261700
2024-04-19,7.6704,7.6803,7.6307,7.6803,387300
2024-04-22,7.5911,7.6506,7.5911,7.6506,646600
2024-04-23,7.5911,7.5911,7.4325,7.5019,482000
2024-04-24,7.5019,7.6109,7.5019,7.5316,468200
2024-04-25,7.5316,7.6307,7.5316,7.5515,123400
2024-04-26,7.4821,7.4821,7.0857,7.3334,5297100
2024-04-29,7.3136,7.3533,7.3037,7.3334,2609200
2024-04-30,7.3334,7.383,7.2938,7.383,489100
2024-05-02,3.6865,3.6865,3.637,3.6667,2203000
2024-05-03,3.6667,3.741,3.6568,3.6667,570000
2024-05-06,3.6717,3.7163,3.6568,3.6667,4349400
2024-05-07,3.6667,3.6816,3.6568,3.6667,495600
2024-05-08,3.6667,3.6766,3.637,3.6766,522400
2024-05-09,3.6667,3.7113,3.6469,3.6667,1170600
2024-05-10,3.6568,3.6865,3.5973,3.6271,1346800
2024-05-13,3.6271,3.7014,3.6122,3.6865,331200
2024-05-14,3.6865,3.7113,3.6865,3.6915,550400
2024-05-15,3.7014,3.8253,3.7014,3.751,910800
2024-05-16,3.7609,3.8104,3.751,3.7658,673600
2024-05-17,3.7559,3.8699,3.7559,3.8055,1271400
2024-05-20,3.8055,3.8401,3.7708,3.7906,1095400
2024-05-21,3.7807,3.7956,3.7708,3.7906,1005600
2024-05-23,3.7906,3.855,3.7856,3.8154,1248000
2024-05-24,3.8501,3.8501,3.7906,3.8154,452400
2024-05-27,3.8253,3.9343,3.8253,3.9046,1612200
2024-05-28,3.9095,3.9194,3.8352,3.855,371600
2024-05-29,3.855,3.8748,3.8451,3.86,494400
2024-05-30,3.8501,3.8847,3.8501,3.8649,769400
2024-05-31,3.8649,3.8699,3.7559,3.7559,880400
2024-06-04,3.7559,3.855,3.7559,3.8401,841800
2024-06-05,3.8649,3.9046,3.8203,3.8649,881800
2024-06-06,3.8699,3.8996,3.8401,3.8996,465200
2024-06-07,3.8996,3.9492,3.8897,3.9343,884800
2024-06-10,4.1127,4.2217,4.0532,4.2118,1611300
2024-06-11,4.2217,5.0145,4.1226,4.8064,2874200
2024-06-12,4.955,5.8469,4.4595,4.4595,15430000
2024-06-13,4.6676,4.7667,4.4595,4.7172,8682000
2024-06-14,4.737,4.7667,4.519,4.5586,4648900
2024-06-18,4.5983,4.7469,4.519,4.5289,4973300
2024-06-19,4.5289,4.5388,4.3307,4.3604,3938200
2024-06-20,4.2217,4.5586,4.2217,4.3604,4536300
2024-06-21,4.3604,4.4397,4.2811,4.3109,1817700
2024-06-24,4.301,4.301,4.1226,4.1622,3723700
2024-06-25,4.1325,4.2019,4.0829,4.1127,1731600
2024-06-26,4.1127,4.1127,4.0433,4.0929,2582900
2024-06-27,4.1237,4.1237,4.064,4.1237,1974300
2024-06-28,4.1237,4.1237,4.0938,4.0938,1388500
2024-07-01,4.0938,4.1038,4.0243,4.064,1738300
2024-07-02,4.0541,4.2826,4.0541,4.223,3753100
2024-07-03,4.223,4.2528,4.074,4.0938,4095500
2024-07-04,4.0938,4.0938,3.9647,4.0044,3865500
2024-07-05,4.0044,4.1336,3.9547,4.1336,2039900
2024-07-09,4.1336,4.5211,4.1336,4.3721,5782900
2024-07-10,4.3721,4.4019,4.3224,4.3721,2021000
2024-07-11,4.3919,4.5012,4.3522,4.4814,2206700
2024-07-12,4.4019,4.5211,4.3721,4.4913,1276400
2024-07-15,4.4913,4.6105,4.4913,4.5509,1804400
2024-07-16,4.5708,4.5708,4.4714,4.4714,601100
2024-07-17,4.4714,4.4814,4.3124,4.3323,1286800
2024-07-18,4.2926,4.3224,4.1336,4.223,2790500
2024-07-19,4.2131,4.2131,4.1237,4.1336,1480600
2024-07-22,4.1336,4.2131,4.0541,4.1833,584800
2024-07-23,4.2031,4.2429,4.1038,4.223,1084200
2024-07-24,4.223,4.223,4.0839,4.1237,890500
2024-07-25,4.064,4.1038,4.0442,4.0442,646200
2024-07-26,4.0938,4.0938,3.9547,3.9746,2161000
2024-07-29,3.9945,4.0541,3.9249,4.0342,2488600
2024-07-30,4.0243,4.1137,4.0144,4.0541,1339100
2024-07-31,4.0541,4.0541,3.9547,3.9647,1503000
2024-08-01,4.0541,4.0839,3.9448,4.0044,873400
2024-08-02,3.9349,3.9349,3.7461,3.756,2258400
2024-08-05,3.7262,3.7262,3.5275,3.6268,5771200
2024-08-06,3.6268,3.756,3.5175,3.7361,3979100
2024-08-07,3.7361,3.8951,3.6169,3.8554,3314600
2024-08-08,3.8256,3.8454,3.7759,3.8355,525400
2024-08-09,3.8554,4.074,3.8554,4.0044,1478000
2024-08-12,3.9746,4.064,3.9746,4.0044,1261300
2024-08-13,4.0044,4.0044,3.8554,3.915,902800
2024-08-14,3.9448,3.9945,3.9448,3.9945,1156400
2024-08-15,3.9746,3.9845,3.8653,3.8653,465600
2024-08-16,3.9249,3.9647,3.915,3.9349,466900
2024-08-19,3.9349,3.9647,3.8256,3.8355,299200
2024-08-20,3.8752,3.8951,3.8554,3.8752,993100
2024-08-21,3.8752,3.9051,3.8355,3.8454,80300
2024-08-22,3.8554,3.8554,3.8057,3.8554,121300
2024-08-23,3.8057,3.8256,3.7858,3.7957,260600
2024-08-26,3.7957,3.8355,3.7759,3.7759,944300
2024-08-27,3.7759,3.8256,3.6964,3.6964,1246400
2024-08-28,3.6864,3.8256,3.6368,3.6765,823100
2024-08-29,3.6765,3.7063,3.6268,3.6765,433200
2024-08-30,3.6765,3.6765,3.6169,3.6169,416500
2024-09-02,3.6169,3.6268,3.5473,3.5473,1112600
2024-09-03,3.5871,3.6169,3.5573,3.5771,283700
2024-09-04,3.5374,3.5871,3.4281,3.448,1144300
2024-09-05,3.5275,3.5275,3.3784,3.3784,1756900
2024-09-06,3.3784,3.3784,3.1399,3.1697,2780100
2024-09-09,3.1697,3.1697,2.9909,3.1201,4616200
2024-09-10,3.1399,3.2691,3.0903,3.2492,1672400
2024-09-11,3.2492,3.2492,3.0803,3.0803,788100
2024-09-12,3.1201,3.3983,3.1002,3.3287,3014300
2024-09-13,3.3387,3.4082,3.289,3.3387,1662500
2024-09-17,3.3585,3.3585,3.2393,3.2592,675500
2024-09-18,3.2592,3.2592,3.1598,3.1797,854000
2024-09-19,3.1797,3.3387,3.1697,3.2791,1411300
2024-09-20,3.3387,3.4082,3.2791,3.3188,1822700
2024-09-23,3.3387,3.3585,3.2989,3.3287,348800
2024-09-24,3.3287,3.3287,3.2095,3.2791,534100
2024-09-25,3.289,3.3486,3.1598,3.1598,982300
2024-09-26,3.1598,3.2393,3.1598,3.1797,412800
2024-09-27,3.1797,3.1996,3.1399,3.1797,586900
2024-09-30,3.1797,3.2294,3.1399,3.2095,895600
2024-10-01,3.1797,3.3188,3.1797,3.3188,935000
2024-10-02,3.2393,3.2791,3.1697,3.2194,270200
2024-10-03,3.2492,3.2691,3.13,3.1499,356100
2024-10-04,3.1499,3.1499,3.0803,3.0903,407400
2024-10-07,3.1499,3.2095,3.13,3.1499,449700
2024-10-08,3.1499,3.2393,3.1101,3.1896,603800
2024-10-09,3.2294,3.3188,3.1996,3.2691,441400
2024-10-10,3.2691,3.2691,3.2095,3.2592,267000
2024-10-11,3.2592,3.2592,3.2095,3.2194,199400
2024-10-14,3.2194,3.2691,3.1797,3.2592,105800
2024-10-15,3.2592,3.289,3.2095,3.2791,227200
2024-10-16,3.2691,3.4877,3.2393,3.4877,1685300
2024-10-17,3.4877,3.4877,3.4082,3.4182,786200
2024-10-18,3.4579,3.5076,3.4182,3.448,296900
2024-10-21,3.4977,3.5573,3.4678,3.5374,741100
2024-10-22,3.5374,3.6268,3.5374,3.607,1621600
2024-10-23,3.6268,3.6467,3.5076,3.5672,510000
2024-10-24,3.5374,3.5374,3.4182,3.4281,873900
2024-10-25,3.4182,3.5871,3.3089,3.4877,3073200
2024-10-28,3.4877,3.4877,3.2989,3.3287,824700
2024-10-29,3.3089,3.3387,3.2592,3.289,719300
2024-10-30,3.2989,3.3089,3.2194,3.2294,422200
2024-11-01,3.2294,3.289,3.2095,3.289,609200
2024-11-04,3.289,3.289,3.2294,3.2393,127400
2024-11-05,3.2393,3.3089,3.2294,3.2791,492400
2024-11-06,3.2791,3.4579,3.2592,3.4281,1121800
2024-11-07,3.4778,3.6268,3.4678,3.607,2412400
2024-11-08,3.6169,3.6169,3.4977,3.607,673800
2024-11-11,3.5672,3.607,3.5473,3.597,417500
2024-11-12,3.607,3.6467,3.5771,3.607,985800
2024-11-13,3.607,3.607,3.4977,3.5275,653500
2024-11-14,3.5275,3.5871,3.5275,3.5374,1148000
2024-11-15,3.5374,3.5473,3.4977,3.5275,172400
2024-11-18,3.4778,3.4778,3.3585,3.3585,1046100
2024-11-19,3.3585,3.438,3.3585,3.4082,227200
2024-11-20,3.3784,3.3983,3.289,3.3089,297100
2024-11-21,3.3089,3.3983,3.289,3.3784,437700
2024-11-22,3.3983,3.3983,3.3287,3.3287,268400
2024-11-25,3.3188,3.5573,3.3188,3.5573,643900
2024-11-26,3.5374,3.5374,3.3486,3.3685,1513500
2024-11-27,3.3685,3.3685,3.3089,3.3287,451100
2024-11-28,3.3287,3.3287,3.2791,3.3089,256800
2024-11-29,3.2989,3.2989,3.2592,3.2592,237700
2024-12-02,3.2492,3.3089,3.2492,3.3089,308800
2024-12-03,3.3188,3.3585,3.2691,3.2989,658300
2024-12-04,3.3089,3.448,3.3089,3.3685,2256400
2024-12-05,3.3983,3.4281,3.3188,3.4082,1162300
2024-12-06,3.3983,3.4281,3.3486,3.4281,852200
2024-12-09,3.438,3.5573,3.4182,3.5473,1229600
2024-12-10,3.5473,3.597,3.4778,3.5473,544400
2024-12-11,3.5275,3.5871,3.5076,3.5573,526300
2024-12-12,3.5473,3.607,3.5175,3.5175,379900
2024-12-13,3.5076,3.7957,3.5076,3.7858,1890200
2024-12-16,3.7858,4.064,3.7858,3.9746,5245300
2024-12-17,3.9746,4.0144,3.8951,3.9249,2165300
2024-12-18,3.9249,3.9547,3.8951,3.9249,500400
2024-12-19,3.8554,3.8951,3.8057,3.8554,848100
2024-12-20,3.8156,3.9448,3.8156,3.8554,947800
2024-12-23,3.8852,3.9945,3.8852,3.9448,1939700
2024-12-24,3.9249,3.9547,3.9249,3.9448,374600
2024-12-26,3.9547,4.0541,3.9547,4.0243,1067000
2024-12-27,4.0243,4.1237,4.0243,4.0541,1673700
2024-12-30,4.079,4.079,3.9695,3.9994,1653300
2024-12-31,3.9795,4.0392,3.9397,3.9894,809900
2025-01-02,3.9894,4.1685,3.9894,4.1486,2833400
2025-01-03,4.1486,4.2183,4.1387,4.1785,3258600
2025-01-06,4.1785,4.2282,4.1785,4.1984,1725100
2025-01-07,4.1984,4.2779,4.1984,4.2779,1370500
2025-01-08,4.2779,4.2779,4.1785,4.2183,1158200
2025-01-09,4.2083,4.2083,3.9397,4.079,2609100
2025-01-10,3.9695,3.9994,3.8999,3.9297,2724100
2025-01-13,3.9098,3.9795,3.8402,3.9795,847200
2025-01-14,3.9695,4.0193,3.8899,3.9397,776000
2025-01-15,3.9297,3.9297,3.7009,3.7009,1529100
2025-01-16,3.7407,3.8999,3.7109,3.8601,1566200
2025-01-17,3.8601,3.9695,3.8502,3.9198,872500
2025-01-20,4.0193,4.0193,3.8999,3.9894,1209900
2025-01-21,3.9894,4.1685,3.9596,4.1387,1380100
2025-01-22,4.1387,4.1984,4.0889,4.0889,868000
2025-01-23,4.0889,4.0989,3.9596,3.9795,796500
2025-01-24,3.9596,4.0193,3.9098,3.9695,448200
2025-01-27,3.9695,3.9695,3.8899,3.9098,2093200
2025-01-28,3.88,3.9297,3.6313,3.8601,1504700
2025-01-31,3.8601,3.9297,3.8601,3.8601,711900
2025-02-03,3.88,3.88,3.7706,3.8402,391900
2025-02-04,3.8104,3.9297,3.8104,3.8303,310100
2025-02-05,3.8899,4.0193,3.8303,3.9198,3157700
2025-02-06,3.9198,3.9596,3.8402,3.9596,139500
2025-02-07,3.9795,3.9894,3.9198,3.9596,496100
2025-02-10,3.9596,3.9695,3.8899,3.8999,308600
2025-02-12,3.8999,3.9695,3.8203,3.88,249100
2025-02-13,3.8402,3.8899,3.7905,3.7905,1171200
2025-02-14,3.7905,3.8303,3.7805,3.8004,598700
2025-02-17,3.8004,3.87,3.7208,3.7308,194200
2025-02-18,3.7308,3.7308,3.5616,3.5815,1477500
2025-02-19,3.5815,3.6114,3.5517,3.5716,644600
2025-02-20,3.5716,3.6512,3.5119,3.6213,710600
2025-02-21,3.6213,3.691,3.5318,3.691,861500
2025-02-24,3.6313,3.7308,3.5019,3.5815,1060600
2025-02-25,3.5815,3.6014,3.293,3.293,2916400
2025-02-26,3.293,3.3826,3.2134,3.3428,1382300
2025-02-27,3.3925,3.482,3.3428,3.482,802600
2025-02-28,3.4622,3.4622,3.0841,3.0841,4816500
2025-03-03,3.1637,3.1637,3.0543,3.0742,1363200
2025-03-04,3.0742,3.0742,2.8453,2.8851,2634200
2025-03-05,2.9349,2.9747,2.8155,2.8553,2542400
2025-03-06,2.8752,2.9249,2.7856,2.8553,2028400
2025-03-07,2.8155,2.905,2.7359,2.7359,3274600
2025-03-10,2.7359,2.7359,2.5568,2.5966,4859100
2025-03-11,2.527,2.5369,2.4175,2.4971,2948600
2025-03-12,2.5071,2.5369,2.4076,2.4374,2805100
2025-03-13,2.4573,2.6265,2.4474,2.5767,4493700
2025-03-14,2.5767,2.7558,2.5469,2.7359,2017700
2025-03-17,2.8155,2.915,2.8055,2.8652,3717100
2025-03-19,2.8851,2.9249,2.8553,2.8951,3169000
2025-03-20,2.915,3.0145,2.915,2.9846,4500400
2025-03-21,2.9846,3.0244,2.8055,2.8652,23309800
2025-03-24,2.8652,2.8652,2.7657,2.8055,845800
2025-03-25,2.8254,2.905,2.8254,2.8851,1463000
2025-03-26,2.8851,3.0344,2.8851,2.9647,1038500
2025-03-27,2.9349,3.0145,2.9249,2.9946,3214800
2025-03-28,2.9946,3.0244,2.9647,2.9946,936500
2025-04-02,2.9946,2.9946,2.8354,2.9448,1723500
2025-04-03,2.8453,2.9747,2.7458,2.7757,2070800
2025-04-04,2.7359,2.7558,2.6464,2.706,2991200
2025-04-07,2.4872,2.4872,2.2683,2.328,7035200
2025-04-08,2.4275,2.4772,2.3578,2.3678,5834700
2025-04-09,2.318,2.3479,2.2683,2.318,1075300
2025-04-10,2.6663,2.915,2.6066,2.6364,2767600
2025-04-11,2.5867,2.6464,2.4872,2.5867,844300
2025-04-14,2.7359,2.7458,2.5767,2.6165,1248600
2025-04-15,2.6265,2.6265,2.527,2.527,583200
2025-04-16,2.517,2.5568,2.4971,2.517,858600
2025-04-17,2.5071,2.5966,2.4772,2.5867,1139300
2025-04-18,2.6066,2.6364,2.5668,2.6165,601800
2025-04-21,2.6165,2.6563,2.6165,2.6364,806500
2025-04-22,2.5568,2.6265,2.527,2.5767,544700
2025-04-23,2.6165,2.706,2.5767,2.6862,3076800
2025-04-24,2.706,2.716,2.6464,2.6862,1716500
2025-04-25,2.7558,3.0045,2.7458,3.0045,6979400
2025-04-28,3.0145,3.3527,2.9349,3.1836,5013400
2025-04-29,3.1836,3.2433,3.1139,3.1736,3042600
2025-04-30,3.1736,3.2134,3.094,3.1139,1780600
2025-05-02,3.1139,3.303,3.0841,3.2731,3461200
2025-05-05,3.293,3.3129,3.1239,3.1935,1807600
2025-05-06,3.1935,3.2134,3.1139,3.1537,1553500
2025-05-07,3.1736,3.2831,3.1438,3.2831,1501300
2025-05-08,3.2632,3.4323,3.1836,3.4025,3196100
2025-05-09,3.4025,3.4025,3.3229,3.3627,603800
2025-05-13,3.482,3.6114,3.4721,3.5915,4180300
2025-05-14,3.6313,3.6512,3.5616,3.5616,2068300
2025-05-15,3.5716,3.5815,3.492,3.5119,1646600
2025-05-16,3.5119,3.5119,3.3328,3.3726,2299300
2025-05-19,3.3726,3.3726,3.1836,3.2831,3160600
2025-05-20,3.3229,3.3328,3.2234,3.2532,1016100
2025-05-21,3.2532,3.303,3.1736,3.1935,1717200
2025-05-22,3.1836,3.1935,3.1139,3.1537,2440900
2025-05-23,3.1239,3.1537,3.0742,3.1537,665100
2025-05-26,3.104,3.1637,3.0841,3.1537,955000
2025-05-27,3.1537,3.2234,3.1239,3.1836,757300
2025-05-28,3.2433,3.2632,3.1836,3.2134,953500
2025-05-29,3.2433,3.3328,3.2134,3.303,1760000
2025-05-30,3.303,3.303,3.1736,3.1736,1025100
2025-06-03,3.1736,3.2234,3.1239,3.1537,407700
2025-06-04,3.1438,3.1836,3.1139,3.1836,475000
2025-06-05,3.1736,3.2532,3.1637,3.2234,809100
2025-06-06,3.2333,3.2632,3.2134,3.2134,518000
2025-06-09,3.2333,3.2731,3.2134,3.2532,585000
2025-06-10,3.2632,3.3428,3.2333,3.2333,862500
2025-06-11,3.2532,3.3328,3.2433,3.3328,924400
2025-06-12,3.3229,3.3925,3.2831,3.3925,1145300
2025-06-13,3.3826,3.3826,3.2731,3.2831,1508600
2025-06-16,3.2632,3.2731,3.1637,3.2035,660000
2025-06-17,3.2632,3.303,3.2433,3.2831,769300
2025-06-18,3.2831,3.3328,3.2632,3.3229,1211500
2025-06-19,3.3229,3.3229,3.2831,3.293,568000
2025-06-20,3.293,3.3129,3.2731,3.293,5352500
2025-06-23,3.2632,3.3229,3.2035,3.3129,662300
2025-06-24,3.3229,3.4025,3.303,3.3726,1313700
2025-06-25,3.3826,3.5218,3.3826,3.492,4498800
2025-06-26,3.489,3.6286,3.4691,3.6086,2304200
2025-06-30,3.6186,3.6385,3.499,3.5089,2689300
2025-07-01,3.5089,3.7083,3.5089,3.7083,2278400
2025-07-02,3.6784,3.6784,3.5987,3.6485,1049800
2025-07-03,3.6286,3.7781,3.5987,3.7582,4022500
2025-07-04,3.7582,3.7681,3.6684,3.6684,624500
2025-07-07,3.5289,3.6086,3.4691,3.5688,1076100
2025-07-08,3.5289,3.5488,3.479,3.5289,386900
2025-07-09,3.489,3.5488,3.489,3.5488,257500
2025-07-10,3.5688,3.5688,3.5089,3.5388,337100
2025-07-11,3.5388,3.6485,3.5388,3.5987,499400
2025-07-14,3.6385,3.6884,3.5887,3.6884,321000
2025-07-15,3.6884,3.6983,3.5987,3.6485,356300
2025-07-16,3.6485,3.6485,3.5388,3.6186,266700
2025-07-17,3.6186,3.6286,3.5887,3.6086,377800
2025-07-18,3.6286,3.6784,3.5787,3.5787,511500
2025-07-21,3.5787,3.5987,3.5588,3.5787,786500
2025-07-22,3.6385,3.6385,3.5588,3.5688,321600
2025-07-23,3.6086,3.7482,3.5787,3.7382,1023900
2025-07-24,3.7083,3.8878,3.7083,3.7781,1133200
2025-07-25,3.7681,3.9874,3.6784,3.9575,5168000
2025-07-28,3.9476,3.9476,3.8578,3.8678,2493600
2025-07-29,3.8678,3.8977,3.8578,3.8878,3217400
2025-07-30,3.8878,3.8878,3.818,3.8678,764100
2025-07-31,3.8678,3.8778,3.8279,3.8279,2110300
2025-08-01,3.8479,3.9177,3.8479,3.8878,1121400
2025-08-04,3.8678,3.9177,3.8279,3.8878,1368800
2025-08-05,3.8878,3.9376,3.8678,3.8878,2615100
2025-08-06,3.8778,3.8778,3.7681,3.7781,891600
2025-08-07,3.7781,3.8279,3.6585,3.8279,1594800
2025-08-08,3.8479,3.8479,3.7582,3.7781,391200
2025-08-11,3.7781,3.8578,3.7382,3.818,652800
2025-08-12,3.818,3.8479,3.7881,3.808,819000
2025-08-13,3.8479,3.9376,3.8479,3.9177,2090400
2025-08-14,3.9376,3.9675,3.7781,3.818,2383400
2025-08-15,3.818,3.8578,3.798,3.808,585800
2025-08-18,3.808,3.9177,3.808,3.8878,1777500
2025-08-19,3.8878,3.9177,3.8778,3.8878,1370900
2025-08-20,3.8878,3.8878,3.8279,3.8279,431700
2025-08-21,3.8279,3.8479,3.7881,3.808,483000
2025-08-22,3.8479,3.9775,3.818,3.9476,1946700
2025-08-25,3.9874,4.0871,3.9276,4.0572,4386400
2025-08-26,4.0572,4.0572,3.9476,3.9476,2161000
2025-08-27,3.9575,3.9874,3.8977,3.9376,683100
2025-08-28,3.9376,3.9476,3.8778,3.9077,463500
2025-08-29,3.9476,3.9476,3.8479,3.8977,614800
2025-09-02,3.8977,3.8977,3.7881,3.8678,1337900
2025-09-03,3.8678,3.9575,3.8578,3.9476,1559200
2025-09-04,3.9575,4.0074,3.8778,3.9575,723100
2025-09-08,3.9177,3.9575,3.7582,3.7781,2008700
2025-09-09,3.7681,3.808,3.5887,3.6286,5072500
2025-09-10,3.6385,3.7881,3.5488,3.6983,5275300
2025-09-11,3.6983,3.8878,3.6983,3.8878,1969500
2025-09-12,3.8977,3.9575,3.7781,3.7881,3560700
2025-09-17,3.7881,3.8977,3.7781,3.8279,1830500
2025-09-18,3.8379,3.8878,3.7781,3.8778,1075700
2025-09-19,3.8778,3.8878,3.7881,3.8479,1073900
2025-09-22,3.8578,3.8578,3.7183,3.7283,1552600
2025-09-23,3.7283,3.808,3.7283,3.7781,746200
2025-09-24,3.7881,3.8479,3.7183,3.818,1096800
2025-09-25,3.808,3.8479,3.798,3.808,1165700
2025-09-26,3.798,3.818,3.7283,3.7681,1820400
2025-09-29,3.7881,3.7881,3.6884,3.7283,1173200
2025-09-30,3.7183,3.7582,3.7183,3.7382,1286800
2025-10-01,3.7283,3.9974,3.7283,3.9376,13353100
2025-10-02,3.9476,4.4759,3.9476,4.1868,19594900
2025-10-03,4.2067,4.2865,4.1968,4.2367,4228900
2025-10-06,4.2367,4.4261,4.137,4.4261,3952700
2025-10-07,4.4261,4.4958,4.3862,4.436,5337400
2025-10-08,4.436,4.4759,4.3662,4.3662,2346200
2025-10-09,4.3662,4.5357,4.3662,4.5257,7843200
2025-10-10,4.5257,4.5257,4.3264,4.3463,2610600
2025-10-13,4.0871,4.3463,4.0871,4.3164,4410800
2025-10-14,4.2765,4.3762,4.2167,4.2367,1908800
2025-10-15,4.2067,4.3064,4.2067,4.2765,1171100
2025-10-16,4.2865,4.3662,4.2167,4.2666,4935900
2025-10-17,4.2666,4.3563,4.1868,4.2566,1371900
2025-10-21,4.2865,4.5058,4.1968,4.3363,2288500
2025-10-22,4.3363,4.456,4.2865,4.456,3422500
2025-10-23,4.446,4.5058,4.3463,4.5058,4320300
2025-10-24,4.5856,4.7849,4.5457,4.6254,5387400
2025-10-27,4.6852,4.775,4.6354,4.6454,5828700
2025-10-28,4.6653,4.8248,4.6055,4.6753,9642900
2025-10-29,4.6852,4.745,4.6155,4.6354,6106900
2025-10-30,4.6852,4.7052,4.5357,4.5856,3306000
2025-10-31,4.5856,4.5955,4.4859,4.4958,1871100
2025-11-03,4.5058,4.5656,4.4161,4.436,1232300
2025-11-04,4.4061,4.5357,4.3363,4.4859,5028700
2025-11-05,4.436,4.5656,4.3463,4.4958,5710900
2025-11-06,4.5058,4.6254,4.4759,4.5058,3039600
2025-11-07,4.4958,4.4958,4.456,4.4759,2876700
2025-11-10,4.4759,4.7052,4.4061,4.6155,4650600
2025-11-11,4.6354,4.7151,4.5357,4.5457,1219900
2025-11-12,4.5457,4.5457,4.4958,4.5357,1394400
2025-11-13,4.5856,4.5856,4.436,4.446,972400
2025-11-14,4.4061,4.4659,4.2865,4.2965,1180800
2025-11-17,4.2865,4.3164,4.1868,4.2765,1077200
2025-11-18,4.2765,4.2765,4.1569,4.1669,1867100
2025-11-19,4.1569,4.2267,4.117,4.1669,1166500
2025-11-20,4.2367,4.2765,4.1768,4.2566,1657900
2025-11-21,4.1469,4.1868,4.0871,4.127,1002100
2025-11-24,4.137,4.3064,4.0772,4.3064,2559800
2025-11-25,4.2566,4.3064,4.1569,4.2666,1372900
2025-11-26,4.2367,4.2367,4.1868,4.2167,498000
2025-11-27,4.2267,4.2666,4.137,4.2267,926600
2025-11-28,4.1868,4.1968,4.117,4.1469,1069600
2025-12-01,4.137,4.1968,4.0871,4.137,655900
2025-12-02,4.1071,4.2367,4.0273,4.137,1077600
2025-12-03,4.1669,4.2666,4.137,4.2666,965500
2025-12-04,4.2367,4.2765,4.1469,4.2666,593500
2025-12-05,4.2367,4.2566,4.1768,4.2067,414000
2025-12-08,4.2067,4.2666,4.1669,4.2367,152700
2025-12-09,4.2566,4.2566,4.1569,4.1868,621100
2025-12-10,4.1768,4.2765,4.1569,4.2566,598700
2025-12-11,4.2566,4.3363,4.2067,4.2466,1762800
2025-12-12,4.2167,4.2566,4.1669,4.2367,1256800
2025-12-15,4.2367,4.2367,4.1071,4.1768,1037300
2025-12-16,4.1669,4.2167,4.0871,4.1868,1139100
2025-12-17,4.117,4.2965,4.117,4.2965,786600
2025-12-18,4.2466,4.2865,4.1868,4.1868,381100
2025-12-19,4.2167,4.2267,4.1768,4.1868,1187500
2025-12-22,4.1868,4.1868,4.1071,4.137,1533300
2025-12-23,4.127,4.2367,4.1071,4.1569,1344500
2025-12-24,4.137,4.1868,4.117,4.127,404300
2025-12-26,4.127,4.1768,4.0472,4.0572,438700
2025-12-29,4.0572,4.1569,4.0572,4.137,733900
2025-12-30,4.1433,4.1532,4.0933,4.1433,2237700
2025-12-31,4.1233,4.1233,3.9735,3.9735,1305900
2026-01-02,3.9935,4.0634,3.9336,4.0634,1173900
2026-01-05,4.0634,4.1832,4.0634,4.1732,1024300
2026-01-06,4.1033,4.2131,4.0634,4.1732,1051700
2026-01-07,4.1832,4.2331,4.1532,4.2231,1914200
2026-01-08,4.2231,4.303,4.1532,4.303,2482800
2026-01-09,4.293,4.8122,4.273,4.6824,8042500
2026-01-12,4.6724,4.7223,4.5226,4.5426,2048100
2026-01-13,4.5426,4.5426,4.4128,4.4627,1270600
2026-01-14,4.4428,4.6025,4.4228,4.4428,3103900
2026-01-15,4.4428,4.6225,4.4228,4.5925,3180500
2026-01-16,4.5825,4.7423,4.5526,4.6924,4839100
2026-01-19,4.6924,4.6924,4.6924,4.6924,0
2026-01-20,4.5925,4.6724,4.5526,4.5925,1253000
2026-01-21,4.5526,4.7023,4.5526,4.6724,2032300
2026-01-22,4.6924,4.7423,4.6325,4.6724,1401700
2026-01-23,4.6724,4.6724,4.5127,4.5426,1977400
2026-01-26,4.5426,4.5426,4.323,4.4028,4243400
2026-01-27,4.4028,4.5027,4.3429,4.4428,1078900
2026-01-28,4.4627,4.4727,4.283,4.3729,2188800
2026-01-29,4.3729,4.3928,4.283,4.313,1663400
2026-01-30,4.313,4.3729,4.303,4.3429,2603500
2026-02-03,4.3429,4.4128,4.313,4.323,903200
2026-02-04,4.3329,4.3329,4.2231,4.273,444300
2026-02-05,4.273,4.273,4.0035,4.0933,5412900
2026-02-06,4.0434,4.1632,4.0434,4.1333,547500
2026-02-09,4.1732,4.3329,4.1732,4.293,546200
2026-02-10,4.313,4.323,4.1632,4.2631,1151100
2026-02-11,4.2631,4.303,4.1932,4.2331,1739700
2026-02-12,4.313,4.3329,4.1932,4.303,340400
2026-02-13,4.2431,4.283,4.2131,4.2631,495700
2026-02-16,4.2331,4.2631,4.1233,4.1233,444300
2026-02-19,4.1433,4.293,4.1433,4.293,413700
2026-02-20,4.283,4.293,4.1433,4.2231,947700
2026-02-23,4.2231,4.3329,4.2131,4.3329,929700
2026-02-24,4.283,4.3928,4.2331,4.3829,1256600
2026-02-25,4.3928,4.4927,4.3529,4.4028,1006900
2026-02-26,4.4028,4.5226,4.3529,4.5127,2766800
2026-02-27,4.5626,4.7922,4.5626,4.5925,6385900
2026-03-02,4.4627,4.6424,4.4028,4.4727,3605000
2026-03-03,4.4727,4.6624,4.4228,4.4827,2053800
2026-03-04,4.4827,4.5226,4.1832,4.2631,4661900
2026-03-05,4.3429,4.4727,4.2631,4.4128,2767000
2026-03-06,4.3829,4.4128,4.2531,4.323,727300
2026-03-09,4.2631,4.273,4.1033,4.1932,3593600
2026-03-10,4.2431,4.4128,4.2431,4.3429,1005500
2026-03-11,4.3529,4.4827,4.313,4.3829,1327400
2026-03-12,4.3928,4.4128,4.303,4.3729,1039700
2026-03-13,4.3729,4.4028,4.273,4.313,330500
2026-03-16,4.2431,4.323,4.2431,4.283,720900
2026-03-17,4.293,4.3429,4.283,4.313,933700
2026-03-18,4.283,4.3729,4.2631,4.323,726400
2026-03-19,4.2431,4.3429,4.2431,4.3329,736700
2026-03-20,4.3329,4.3329,4.3329,4.3329,0
2026-03-24,4.3329,4.3329,4.1433,4.1832,1365800
2026-03-25,4.1932,4.313,4.1932,4.283,854200
2026-03-26,4.283,4.3529,4.2032,4.293,1257900
2026-03-27,4.283,4.313,4.2131,4.293,989700
2026-03-30,4.293,4.293,4.0534,4.1632,1797200
2026-03-31,4.1732,4.2231,4.1433,4.1932,1726100
2026-04-01,4.273,4.323,4.2331,4.293,1045800
2026-04-02,4.313,4.323,4.1133,4.1832,900800
2026-04-03,4.1832,4.293,4.1832,4.2231,1665500
2026-04-06,4.2231,4.293,4.2032,4.2531,629900
2026-04-07,4.2531,4.2531,4.1732,4.1932,627000
2026-04-08,4.283,4.4028,4.273,4.3829,1719900
2026-04-09,4.3829,4.4228,4.3329,4.3629,645500
2026-04-10,4.3928,4.5825,4.3928,4.5226,1789600
2026-04-13,4.4128,4.5226,4.4128,4.5127,438500
2026-04-14,4.5226,4.6524,4.5226,4.5925,1605400
2026-04-15,4.6325,4.8421,4.6325,4.7922,3601500
2026-04-16,4.8321,4.922,4.7922,4.902,2912000
2026-04-17,4.922,4.942,4.8521,4.932,953000
2026-04-20,4.932,4.9819,4.8421,4.8821,1358900
2026-04-21,4.8821,4.9819,4.8721,4.922,3043400
2026-04-22,4.942,5.0717,4.922,4.9719,2016200
2026-04-23,4.9919,5.0717,4.922,4.9719,2564000
2026-04-24,5.0218,5.541,5.0218,5.511,15163100
2026-04-27,5.501,5.7806,5.501,5.6009,10828200
2026-04-28,5.6109,5.7606,5.4611,5.4911,7950300
2026-04-29,5.4911,5.6308,5.4611,5.4911,6204600
2026-04-30,5.501,5.521,5.2914,5.4411,6800900
2026-05-04,5.4511,5.7606,5.4511,5.7506,6855600
2026-05-05,5.5909,5.7307,5.511,5.5909,6766600
2026-05-06,5.6708,5.7706,5.6408,5.7606,4974500
2026-05-07,5.7806,5.8904,5.7207,5.8105,5080800
2026-05-08,5.7207,5.8405,5.6907,5.8405,2100100
2026-05-11,5.8405,5.8704,5.7506,5.8704,2636200
2026-05-12,5.8704,6.0502,5.8505,6.0102,3952100
2026-05-13,5.9603,6.2898,5.9503,6.2798,5341100
2026-05-14,6.2798,6.2997,6.1999,6.2398,2649100
2026-05-15,6.2398,6.2898,5.8904,5.9803,4698600
2026-05-18,5.9603,6.1899,5.8006,6.1899,4352700
2026-05-19,6.1899,6.2299,6.0502,6.1899,3903300
2026-05-20,6.13,6.2898,6.0701,6.2099,3819600
2026-05-21,6.2898,6.6092,6.2498,6.4695,8190900
2026-05-22,6.4695,6.9387,6.4495,6.9088,6503700
2026-05-25,6.9088,6.9387,6.739,6.8988,1413700
2026-05-26,6.9088,6.9886,6.739,6.749,2875500
2026-05-27,6.749,6.749,6.749,6.749,0
2026-05-28,6.7989,6.8888,6.6991,6.7989,3975000
2026-05-29,6.8489,6.8489,6.6891,6.759,2924400
2026-06-02,6.759,6.759,6.759,6.759,0
2026-06-03,6.7889,6.9287,6.739,6.7989,3389400
2026-06-04,6.7989,6.8688,6.6492,6.749,6371900
2026-06-05,6.6891,6.9287,6.6292,6.8888,4760000
2026-06-08,6.6092,6.779,6.5793,6.729,6317100
2026-06-09,6.7889,7.1484,6.759,7.1484,7658800
2026-06-10,7.0785,7.1384,6.9487,6.9886,3635400
2026-06-11,6.9886,7.2981,6.9287,7.2682,5032800
2026-06-12,7.3381,7.4079,7.0785,7.2282,3339700
2026-06-15,7.2881,7.5976,7.2881,7.4778,7248600
2026-06-16,7.4978,7.6076,7.4079,7.6076,4227900
2026-06-18,7.5876,7.5876,7.348,7.4778,3219100
2026-06-19,7.4978,7.5876,7.348,7.5876,4203500
2026-06-22,7.5577,7.5577,7.3281,7.4479,2512500
2026-06-23,7.388,7.4379,7.0885,7.1883,5064900
2026-06-24,7.1883,7.3381,7.1084,7.3381,3405000
2026-06-25,7.4079,7.9071,7.2881,7.8372,5032900
2026-06-26,7.7374,7.7374,7.2482,7.2482,3122100
2026-06-29,7.25,7.59,7.23,7.53,3065600
2026-06-30,7.54,7.83,7.48,7.76,5208700
2026-07-01,7.76,8.0,7.74,7.89,4091100
2026-07-02,7.89,7.89,7.67,7.72,3516100
2026-07-03,7.7,7.86,7.56,7.8,2673400
2026-07-06,7.85,7.85,7.6,7.63,1682200
2026-07-07,7.64,7.74,7.43,7.48,3135200
2026-07-08,7.46,7.63,7.45,7.45,2432100
2026-07-09,7.53,7.65,7.46,7.54,2317600
2026-07-10,7.54,7.59,7.37,7.39,2665100
2026-07-13,7.39,7.52,7.35,7.37,2999300
2026-07-14,7.37,7.48,7.18,7.48,4042100
2026-07-15,7.5,7.71,7.45,7.69,2548200
2026-07-16,7.68,7.7,7.42,7.66,1615900
2026-07-17,7.6,7.62,7.26,7.28,4585600
2026-07-20,7.29,7.73,7.29,7.69,3944800
2026-07-21,7.7,8.04,7.69,7.88,5582800
2026-07-22,7.89,8.04,7.83,7.95,2012200
2026-07-23,7.95,7.98,7.76,7.81,2029700
2026-07-24,7.74,8.08,7.68,8.0,4539000
2026-07-27,8.02,8.1,7.9,7.99,4390700
2026-07-28,7.93,7.95,7.8,7.86,3331800
2026-07-29,7.88,8.07,7.75,8.05,4558800
2026-07-30,7.99,8.2,7.97,8.0,4883100
2026-07-31,8.5,9.2,8.48,8.7,13521400
2026-08-03,8.81,8.85,8.61,8.7,5536300
2026-08-04,8.75,8.98,8.7,8.75,7290400
2026-08-05,8.83,9.14,8.73,9.1,9344600
2026-08-06,9.09,9.29,8.98,9.22,5226100
2026-08-07,9.3,9.33,9.13,9.28,4119900
2026-08-10,9.28,9.41,9.17,9.41,3426700
2026-08-11,9.4,9.58,9.34,9.54,4415000
2026-08-12,9.59,9.59,9.37,9.44,4126300
2026-08-13,9.5,9.65,9.38,9.4,3336300
2026-08-14,9.54,9.58,9.26,9.29,2251500
2026-08-17,9.25,9.39,9.22,9.31,1856000
2026-08-18,9.24,9.44,9.24,9.44,1766800
2026-08-19,9.44,9.44,9.26,9.35,2493100
2026-08-20,9.35,9.36,9.16,9.26,1819600
2026-08-21,9.28,9.28,8.99,9.05,4544100
2026-08-24,9.05,9.12,8.93,9.0,3429000
2026-08-26,8.98,9.2,8.98,9.12,1375000
2026-08-27,9.2,9.54,9.07,9.5,2574800
2026-08-28,0.0,9.23,9.23,9.23,0
2026-09-01,0.0,0.0,0.0,9.06,0
2026-09-02,0.0,0.0,0.0,9.02,0
2026-09-03,9.02,9.02,9.0,9.01,400
