date,open,high,low,close,volume
2016-04-21,4.6804,4.6908,4.6494,4.6597,9255900
2016-04-22,4.6649,4.6804,4.6546,4.6804,7302700
2016-04-25,4.6804,4.6804,4.6494,4.6597,7223500
2016-04-26,4.6494,4.6752,4.639,4.639,10402800
2016-04-27,4.639,4.6494,4.6184,4.6287,6305700
2016-04-28,4.6339,4.6442,4.5925,4.6028,10026000
2016-04-29,4.6028,4.6235,4.5718,4.6184,7068700
2016-05-03,4.6235,4.6597,4.5304,4.5408,7717400
2016-05-04,4.5568,4.6104,4.5568,4.5729,14168900
2016-05-05,4.5729,4.5729,4.5408,4.5676,9662000
2016-05-06,4.5783,4.6639,4.5515,4.6425,7705600
2016-05-09,4.6425,4.7121,4.6265,4.6907,5724000
2016-05-10,4.7014,4.7228,4.605,4.7121,5949000
2016-05-11,4.7228,4.7389,4.7014,4.7389,4460800
2016-05-12,4.7335,4.7335,4.7121,4.7228,3489100
2016-05-13,4.6854,4.7175,4.4712,4.5461,49347600
2016-05-16,4.5408,4.5568,4.5087,4.5247,13953400
2016-05-17,4.5247,4.5783,4.5247,4.5676,7536000
2016-05-18,4.5515,4.6425,4.5033,4.6372,12625900
2016-05-19,4.5997,4.6211,4.5194,4.5408,23751800
2016-05-20,4.5515,4.5676,4.5194,4.5194,9166400
2016-05-23,4.5194,4.5515,4.5033,4.5354,7388300
2016-05-24,4.514,4.5354,4.4497,4.4497,21185900
2016-05-25,4.4605,4.4658,4.4123,4.4444,21775000
2016-05-26,4.4444,4.4979,4.4337,4.4819,11476500
2016-05-27,4.4819,4.4979,4.3801,4.4283,19627900
2016-05-30,4.4337,4.439,4.3908,4.4069,16609800
2016-05-31,4.4069,4.4497,4.3694,4.3694,167533800
2016-06-01,4.3748,4.4176,4.3641,4.4069,21243700
2016-06-02,4.3908,4.4444,4.3801,4.4283,13997800
2016-06-03,4.4176,4.4551,4.4016,4.4283,11020700
2016-06-06,4.4283,4.5247,4.4283,4.5087,7771600
2016-06-07,4.5086,4.5461,4.4712,4.4926,14878600
2016-06-08,4.4872,4.4979,4.4176,4.4283,11659300
2016-06-09,4.4337,4.4497,4.4016,4.4176,8230900
2016-06-10,4.4123,4.4283,4.3908,4.3908,4154500
2016-06-13,4.3801,4.3908,4.3641,4.3694,9214500
2016-06-14,4.3641,4.3748,4.2838,4.2838,27729300
2016-06-15,4.2838,4.3534,4.273,4.3534,13111700
2016-06-16,4.3319,4.3587,4.2945,4.2998,9312300
2016-06-17,4.3105,4.3427,4.3052,4.3319,7930800
2016-06-20,4.3534,4.3908,4.3319,4.3908,15558800
2016-06-21,4.3908,4.4069,4.3427,4.4016,16376100
2016-06-23,4.4069,4.4123,4.3641,4.3908,10449600
2016-06-24,4.3855,4.4016,4.2838,4.3908,14177100
2016-06-27,4.3427,4.3908,4.3319,4.3801,10246200
2016-06-28,4.3641,4.3855,4.3587,4.3855,6939900
2016-06-29,4.3855,4.3908,4.348,4.348,4874600
2016-06-30,4.3641,4.3962,4.3587,4.3587,9909000
2016-07-01,4.3694,4.3908,4.3641,4.3908,4212000
2016-07-04,4.3801,4.4069,4.3801,4.4069,6442000
2016-07-05,4.4069,4.4069,4.3801,4.3908,2098700
2016-07-06,4.3908,4.3908,4.3908,4.3908,0
2016-07-07,4.3908,4.3908,4.3908,4.3908,0
2016-07-08,4.4123,4.4283,4.3694,4.3908,4407700
2016-07-11,4.3908,4.3908,4.3748,4.3855,6443900
2016-07-12,4.3855,4.3908,4.3748,4.3908,6257800
2016-07-13,4.3962,4.4016,4.3373,4.348,11173500
2016-07-14,4.3373,4.3427,4.2945,4.2945,14249900
2016-07-15,4.3105,4.3801,4.3105,4.3748,5786600
2016-07-18,4.3855,4.3855,4.3427,4.3587,4204200
2016-07-19,4.3534,4.3855,4.3427,4.3694,4650500
2016-07-20,4.3694,4.3694,4.3427,4.348,2956400
2016-07-21,4.348,4.3534,4.2891,4.2945,8756400
2016-07-22,4.2945,4.3159,4.2891,4.3052,4529700
2016-07-25,4.3052,4.3373,4.2998,4.3373,6764000
2016-07-26,4.3266,4.3373,4.3159,4.3319,2419200
2016-07-27,4.3319,4.3373,4.2945,4.2998,8156700
2016-07-28,4.2998,4.3212,4.2945,4.2945,4565700
2016-07-29,4.3105,4.3266,4.2945,4.2945,10071500
2016-08-01,4.3105,4.3159,4.2945,4.2998,8160300
2016-08-02,4.2998,4.3052,4.273,4.2891,9897800
2016-08-03,4.2784,4.2891,4.2088,4.2356,17336700
2016-08-04,4.2195,4.257,4.2195,4.2463,6283400
2016-08-05,4.2516,4.2891,4.2463,4.2838,7557500
2016-08-08,4.2945,4.3052,4.257,4.2623,6618600
2016-08-09,4.2838,4.2838,4.273,4.2784,3893500
2016-08-10,4.2838,4.2838,4.257,4.257,3766000
2016-08-11,4.2677,4.2838,4.2623,4.2838,6177200
2016-08-12,4.2998,4.3212,4.273,4.2838,5968700
2016-08-15,4.2891,4.3052,4.2677,4.2677,6324400
2016-08-16,4.2838,4.3105,4.2784,4.2998,9818100
2016-08-17,4.3052,4.3105,4.2838,4.2891,7796000
2016-08-18,4.2998,4.2998,4.2784,4.2838,6213100
2016-08-19,4.2891,4.2891,4.273,4.2838,3323700
2016-08-22,4.2838,4.2838,4.2677,4.2784,3642800
2016-08-23,4.2784,4.2838,4.273,4.2784,3558400
2016-08-24,4.2838,4.2838,4.273,4.2784,5282000
2016-08-25,4.2891,4.2891,4.2302,4.2302,8419700
2016-08-26,4.2356,4.2838,4.2356,4.2838,5838200
2016-08-29,4.2784,4.2891,4.2302,4.2516,6654900
2016-08-30,4.2356,4.2623,4.1874,4.257,11318200
2016-09-01,4.1874,4.2034,4.1499,4.1499,12506800
2016-09-02,4.1606,4.1981,4.1499,4.1499,4104600
2016-09-05,4.1713,4.2249,4.166,4.2249,4819000
2016-09-06,4.2249,4.2302,4.2034,4.2141,5306700
2016-09-07,4.2141,4.2409,4.2088,4.2302,3433600
2016-09-08,4.2356,4.257,4.2141,4.257,2710300
2016-09-09,4.257,4.2623,4.2302,4.257,3712000
2016-09-13,4.257,4.273,4.2356,4.2516,5658800
2016-09-14,4.2516,4.2516,4.1927,4.2249,8909100
2016-09-15,4.2302,4.2409,4.1927,4.1981,10308100
2016-09-19,4.2249,4.2409,4.1927,4.1927,7394900
2016-09-20,4.182,4.2088,4.1659,4.1767,10852200
2016-09-21,4.182,4.1874,4.1499,4.1552,9063800
2016-09-22,4.1713,4.1874,4.1552,4.1767,17002800
2016-09-23,4.1931,4.2976,4.1602,4.2151,8062200
2016-09-26,4.09,4.1006,4.074,4.1006,2226800
2016-09-27,4.0953,4.0953,4.0473,4.0473,8182800
2016-09-28,4.0526,4.0686,4.01,4.01,8990200
2016-09-29,4.0153,4.0686,4.01,4.0633,10168300
2016-09-30,4.058,4.074,3.9993,3.9993,8988100
2016-10-04,4.0153,4.058,4.0153,4.042,6517600
2016-10-05,4.026,4.0846,4.01,4.0793,5425000
2016-10-06,4.0846,4.106,4.0793,4.106,4628200
2016-10-07,4.106,4.1326,4.0686,4.0686,4476600
2016-10-10,4.074,4.1113,4.0526,4.106,5685000
2016-10-11,4.0953,4.1326,4.0846,4.106,4770200
2016-10-12,4.0953,4.1006,4.074,4.0846,2657900
2016-10-13,4.0846,4.106,4.0526,4.0686,4891700
2016-10-14,4.074,4.0846,4.058,4.058,3367400
2016-10-17,4.074,4.0793,4.0473,4.0526,4331200
2016-10-18,4.0686,4.1113,4.0473,4.1113,5679100
2016-10-19,4.106,4.1166,4.09,4.106,3736500
2016-10-20,4.1006,4.1113,4.0526,4.0526,3896900
2016-10-21,4.058,4.1006,4.0473,4.1006,6854600
2016-10-24,4.1006,4.1326,4.1006,4.122,6542400
2016-10-25,4.1326,4.2179,4.122,4.2126,11790000
2016-10-26,4.2126,4.2339,4.2126,4.2233,7783400
2016-10-27,4.2286,4.2286,4.154,4.154,6226400
2016-10-28,4.1593,4.1913,4.1593,4.1753,4932500
2016-10-31,4.1913,4.2179,4.1646,4.2126,9141200
2016-11-01,4.2073,4.2126,4.1859,4.1913,1704500
2016-11-02,4.1913,4.1913,4.1646,4.1646,2741400
2016-11-03,4.1646,4.1806,4.1486,4.1486,5505400
2016-11-04,4.138,4.154,4.09,4.09,8551700
2016-11-07,4.1006,4.1753,4.0953,4.1753,5802000
2016-11-08,4.1806,4.2393,4.1646,4.2393,16511000
2016-11-09,4.2446,4.2446,4.154,4.1966,7637100
2016-11-10,4.2126,4.2713,4.2073,4.2446,14717700
2016-11-11,4.2286,4.2286,4.154,4.1593,12213900
2016-11-14,4.1593,4.1593,4.09,4.09,8175600
2016-11-15,4.1006,4.1806,4.0793,4.1486,3912200
2016-11-16,4.1593,4.17,4.0846,4.0846,6067800
2016-11-17,4.0846,4.1326,4.0846,4.1326,2940400
2016-11-18,4.106,4.1273,4.09,4.0953,6712300
2016-11-21,4.1006,4.1486,4.1006,4.1486,1940000
2016-11-22,4.1486,4.154,4.1006,4.1006,4540800
2016-11-23,4.1166,4.1166,4.0686,4.0953,7119500
2016-11-24,4.106,4.1273,4.0793,4.106,5948700
2016-11-25,4.1113,4.1646,4.106,4.1593,7803600
2016-11-28,4.1433,4.1646,4.122,4.1326,4501700
2016-11-29,4.1326,4.2073,4.1273,4.2073,9348700
2016-11-30,4.2073,4.2126,4.1433,4.1433,13022700
2016-12-01,4.1593,4.2019,4.1433,4.154,3837000
2016-12-02,4.1753,4.1913,4.1593,4.1859,2154300
2016-12-05,4.1859,4.2073,4.1806,4.1806,2822600
2016-12-06,4.17,4.2126,4.1646,4.2019,5145500
2016-12-07,4.2019,4.2126,4.1806,4.2073,3715200
2016-12-08,4.2126,4.2179,4.1966,4.2126,5633100
2016-12-09,4.2126,4.2286,4.2019,4.2179,4492400
2016-12-13,4.2393,4.2393,4.2126,4.2339,7726000
2016-12-14,4.2339,4.2393,4.2126,4.2393,7860500
2016-12-15,4.2019,4.2393,4.1646,4.2233,7042600
2016-12-16,4.2126,4.2393,4.2126,4.2339,7588700
2016-12-19,4.2179,4.2339,4.2179,4.2233,4148300
2016-12-20,4.2286,4.2286,4.2126,4.2179,6390700
2016-12-21,4.2339,4.2339,4.1966,4.1966,8053300
2016-12-22,4.1966,4.2019,4.138,4.138,7558100
2016-12-23,4.1433,4.154,4.0953,4.1273,6262900
2016-12-27,4.1273,4.1593,4.1273,4.1326,3435100
2016-12-28,4.154,4.2393,4.1326,4.2393,7258000
2016-12-29,4.2286,4.2553,4.2019,4.2553,7837500
2016-12-30,4.2499,4.3726,4.2019,4.3726,24834100
2017-01-02,4.3726,4.3726,4.3726,4.3726,0
2017-01-03,4.2766,4.2873,4.2499,4.2713,4940500
2017-01-04,4.2713,4.3139,4.2713,4.3086,5682300
2017-01-05,4.3086,4.3726,4.3086,4.3673,11952800
2017-01-06,4.3619,4.3992,4.3566,4.3992,11385000
2017-01-09,4.4046,4.4152,4.3939,4.4046,7699200
2017-01-10,4.3992,4.4152,4.3566,4.4152,5000500
2017-01-11,4.4152,4.4259,4.4152,4.4259,6430000
2017-01-12,4.4259,4.4419,4.3779,4.4312,11993000
2017-01-13,4.4312,4.4526,4.4259,4.4366,10301100
2017-01-16,4.4366,4.4366,4.2926,4.2926,12006200
2017-01-17,4.3033,4.3726,4.3033,4.3566,8139300
2017-01-18,4.3673,4.3832,4.3619,4.3779,7955800
2017-01-19,4.3779,4.3992,4.3353,4.3992,7950900
2017-01-20,4.3726,4.4152,4.3726,4.4099,5897500
2017-01-23,4.4206,4.4206,4.3992,4.4152,7675800
2017-01-24,4.4152,4.4366,4.4152,4.4366,11618500
2017-01-25,4.4419,4.4526,4.4312,4.4419,9100600
2017-01-26,4.4472,4.4526,4.4312,4.4366,5554600
2017-01-27,4.4366,4.4419,4.3619,4.3992,9801500
2017-01-31,4.3992,4.4366,4.3832,4.3832,10329100
2017-02-02,4.3299,4.3779,4.3299,4.3353,13436500
2017-02-03,4.3406,4.3779,4.3406,4.3726,9516700
2017-02-06,4.3886,4.3939,4.3673,4.3832,8174400
2017-02-07,4.3726,4.3832,4.3566,4.3566,4262000
2017-02-08,4.3673,4.3832,4.3619,4.3726,10757400
2017-02-10,4.4152,4.4419,4.4099,4.4259,12421900
2017-02-13,4.4366,4.4739,4.4312,4.4526,9769400
2017-02-14,4.4526,4.4579,4.4312,4.4366,11340700
2017-02-15,4.4526,4.4739,4.4419,4.4632,9711100
2017-02-16,4.4686,4.4792,4.4632,4.4792,23401000
2017-02-17,4.4792,4.5219,4.4739,4.5112,26387800
2017-02-20,4.5112,4.5166,4.4686,4.4899,5623400
2017-02-21,4.5166,4.5166,4.4739,4.4792,4110500
2017-02-22,4.4952,4.5059,4.4792,4.4899,7576000
2017-02-23,4.4899,4.4899,4.4686,4.4792,7368700
2017-02-24,4.5112,4.6125,4.5059,4.5859,22579200
2017-02-27,4.5859,4.6339,4.5859,4.5965,9595200
2017-02-28,4.5965,4.6019,4.5805,4.5859,16869400
2017-03-01,4.5859,4.6179,4.5805,4.5965,12099500
2017-03-02,4.6392,4.6925,4.6392,4.6659,27051200
2017-03-03,4.6765,4.6765,4.6339,4.6552,13582300
2017-03-06,4.6605,4.7032,4.6552,4.7032,17398000
2017-03-07,4.7192,4.7459,4.6925,4.6925,23256000
2017-03-08,4.6925,4.7245,4.6925,4.7085,10100500
2017-03-09,4.6925,4.6979,4.6392,4.6552,14323900
2017-03-10,4.6765,4.7139,4.6552,4.6765,14421700
2017-03-13,4.6819,4.7139,4.6819,4.6925,11659500
2017-03-14,4.7032,4.7192,4.7032,4.7192,14968300
2017-03-15,4.7192,4.7192,4.6552,4.6659,7228100
2017-03-16,4.6872,4.7192,4.6872,4.7192,34071500
2017-03-17,4.7459,4.7992,4.7352,4.7459,34238700
2017-03-20,4.7459,4.7938,4.7405,4.7459,10988900
2017-03-21,4.7832,4.7992,4.7725,4.7992,20293600
2017-03-22,4.7725,4.7992,4.7459,4.7672,15162600
2017-03-23,4.7778,4.8205,4.7725,4.7992,16536500
2017-03-24,4.8098,4.8205,4.7885,4.7938,9617200
2017-03-27,4.7885,4.7992,4.7619,4.7832,7163900
2017-03-28,4.7992,4.7992,4.7778,4.7992,11540900
2017-03-29,4.7992,4.8098,4.7619,4.7832,9965300
2017-03-30,4.7885,4.7885,4.7405,4.7565,11342100
2017-03-31,4.7885,4.7885,4.7512,4.7565,9417500
2017-04-03,4.7512,4.7992,4.7459,4.7992,8296600
2017-04-04,4.8045,4.8098,4.7832,4.7992,10481300
2017-04-05,4.7938,4.7938,4.7619,4.7725,12046500
2017-04-06,4.7725,4.7778,4.7619,4.7672,25418100
2017-04-07,4.7778,4.7992,4.7619,4.7992,30713500
2017-04-10,4.7938,4.7992,4.7832,4.7938,8034300
2017-04-11,4.7992,4.7992,4.7778,4.7885,5560300
2017-04-12,4.7885,4.7938,4.7778,4.7885,7446100
2017-04-13,4.7885,4.7938,4.7565,4.7778,12395900
2017-04-14,4.7725,4.7832,4.7619,4.7725,7485500
2017-04-17,4.7725,4.8098,4.7565,4.8098,14490800
2017-04-18,4.8045,4.8205,4.8045,4.8205,15439200
2017-04-19,4.8205,4.8312,4.8152,4.8258,22362200
2017-04-20,4.8258,4.8472,4.8152,4.8418,24083600
2017-04-21,4.8525,5.0285,4.8472,5.0125,41146200
2017-04-24,4.9538,4.9538,4.9538,4.9538,0
2017-04-25,5.0125,5.0125,4.9698,4.9965,21733900
2017-04-26,4.9751,5.0551,4.9698,5.0551,29078200
2017-04-27,5.0231,5.0925,5.0231,5.0871,33354600
2017-04-28,5.0658,5.1191,5.0658,5.1085,34363200
2017-05-02,5.1031,5.1565,5.0871,5.1191,34056400
2017-05-03,5.1245,5.1618,5.0978,5.1138,20035900
2017-05-04,5.0647,5.0647,4.9719,5.021,19416000
2017-05-05,5.021,5.1029,5.0046,5.0756,18994700
2017-05-08,5.0756,5.1302,5.0756,5.1247,13301300
2017-05-09,5.1302,5.1356,5.1029,5.1083,14766500
2017-05-11,5.1302,5.1356,5.081,5.081,21526200
2017-05-12,5.1083,5.1302,5.0974,5.1192,12707100
2017-05-15,5.1083,5.1302,5.1083,5.1192,13071200
2017-05-16,5.1083,5.1192,5.092,5.1029,11150800
2017-05-17,5.1083,5.1083,5.0865,5.0974,10556000
2017-05-18,5.0647,5.1029,5.0483,5.0865,14700900
2017-05-19,5.0974,5.1302,5.0865,5.1029,28520000
2017-05-22,5.1029,5.1138,5.0483,5.1029,10328900
2017-05-23,5.1029,5.1302,5.0756,5.1029,12392100
2017-05-24,5.1192,5.1302,5.081,5.1083,16260300
2017-05-25,5.1083,5.2284,5.1029,5.1247,38056600
2017-05-26,5.1083,5.1411,5.0756,5.1302,11621700
2017-05-29,5.1302,5.1356,5.1247,5.1302,7813400
2017-05-31,5.1247,5.152,5.0974,5.152,18112500
2017-06-01,5.152,5.152,5.1192,5.1411,15299300
2017-06-02,5.1411,5.212,5.1411,5.2011,18822800
2017-06-05,5.1847,5.2448,5.1684,5.2339,21972900
2017-06-06,5.2339,5.2393,5.1957,5.2284,4634400
2017-06-07,5.2229,5.2393,5.1847,5.212,8764500
2017-06-08,5.2011,5.2448,5.2011,5.2229,9289000
2017-06-09,5.2339,5.2448,5.212,5.2229,10313100
2017-06-13,5.2339,5.2339,5.2229,5.2229,5875800
2017-06-14,5.2393,5.2448,5.2229,5.2448,12781200
2017-06-15,5.2284,5.2666,5.2284,5.2611,10489000
2017-06-16,5.2502,5.2611,5.2339,5.2557,13787500
2017-06-19,5.2448,5.2666,5.2284,5.2557,9969400
2017-06-20,5.2557,5.2666,5.2502,5.2611,24095000
2017-06-21,5.2502,5.2611,5.212,5.2339,17090300
2017-06-22,5.2175,5.2393,5.1902,5.2284,7971500
2017-06-23,5.2284,5.2393,5.2284,5.2393,9432400
2017-06-26,5.2393,5.2393,5.2393,5.2393,0
2017-06-27,5.2339,5.2339,5.2339,5.2339,0
2017-06-28,5.2393,5.2666,5.2284,5.2557,9917800
2017-06-29,5.2502,5.2611,5.2448,5.2557,5805600
2017-06-30,5.2448,5.2775,5.2448,5.2557,15034400
2017-07-03,5.2557,5.2666,5.2502,5.2611,13443600
2017-07-04,5.2557,5.2775,5.2448,5.2666,7894400
2017-07-05,5.2721,5.2775,5.2611,5.2721,16507700
2017-07-06,5.2448,5.2775,5.2448,5.2666,10891000
2017-07-07,5.2666,5.2721,5.2502,5.2557,11618400
2017-07-10,5.2448,5.2611,5.2448,5.2502,7954300
2017-07-11,5.2557,5.2557,5.2393,5.2557,6102600
2017-07-12,5.2557,5.2557,5.2175,5.2557,8811300
2017-07-13,5.2557,5.2557,5.2393,5.2448,13220600
2017-07-14,5.2502,5.2557,5.2284,5.2502,13250100
2017-07-17,5.2502,5.2611,5.2229,5.2448,7926400
2017-07-18,5.2393,5.2502,5.2175,5.2393,14054300
2017-07-19,5.2448,5.2611,5.2393,5.2611,27586200
2017-07-20,5.2666,5.2666,5.2393,5.2502,13245800
2017-07-21,5.2557,5.2611,5.2502,5.2557,11819400
2017-07-24,5.2557,5.2611,5.2393,5.2557,8825000
2017-07-25,5.2557,5.2611,5.2502,5.2502,7473800
2017-07-26,5.2557,5.2611,5.2502,5.2557,6944000
2017-07-27,5.2611,5.2721,5.2502,5.2611,7807700
2017-07-28,5.2611,5.2666,5.2557,5.2611,4425500
2017-07-31,5.2721,5.2721,5.2066,5.2066,18749000
2017-08-01,5.2284,5.2721,5.2175,5.2666,21909600
2017-08-02,5.2611,5.2666,5.2393,5.2666,8289200
2017-08-03,5.2666,5.2775,5.2557,5.2611,13036800
2017-08-04,5.2502,5.2666,5.2502,5.2666,11350000
2017-08-07,5.2611,5.3321,5.2611,5.2939,11955000
2017-08-08,5.2939,5.3703,5.2884,5.3485,23854600
2017-08-09,5.3266,5.3648,5.2884,5.3594,12973100
2017-08-10,5.3485,5.3594,5.3103,5.3376,8468600
2017-08-11,5.3103,5.3212,5.2721,5.2884,10810600
2017-08-14,5.283,5.2993,5.2611,5.2884,12060400
2017-08-15,5.3048,5.3048,5.2775,5.2884,5041800
2017-08-16,5.2939,5.2993,5.283,5.2884,9208700
2017-08-17,5.2939,5.3212,5.283,5.2939,8141800
2017-08-18,5.2884,5.2939,5.2502,5.2721,13908400
2017-08-21,5.2502,5.2611,5.2284,5.2393,16226600
2017-08-22,5.2393,5.2557,5.2393,5.2448,16658600
2017-08-23,5.2448,5.2611,5.2229,5.2284,7188000
2017-08-24,5.2284,5.2448,5.2011,5.2229,8128300
2017-08-25,5.2339,5.2393,5.1847,5.2175,9263800
2017-08-28,5.1847,5.2393,5.1847,5.2393,5024400
2017-08-29,5.2339,5.2393,5.1411,5.1629,9887200
2017-08-30,5.1465,5.1847,5.1465,5.1629,15381800
2017-08-31,5.1629,5.1629,5.1629,5.1629,0
2017-09-01,5.1629,5.1629,5.1629,5.1629,0
2017-09-05,5.2284,5.2284,5.1302,5.1411,13228200
2017-09-06,5.1411,5.1738,5.1411,5.1684,10052400
2017-09-07,5.1684,5.1793,5.1575,5.1793,19336500
2017-09-08,5.1847,5.2611,5.1793,5.2393,17531400
2017-09-11,5.2393,5.2557,5.2229,5.2502,11747500
2017-09-12,5.2666,5.3048,5.2557,5.2939,6166300
2017-09-13,5.2666,5.2994,5.2666,5.2939,8759300
2017-09-14,5.2939,5.3103,5.283,5.3048,12231000
2017-09-15,5.2994,5.3048,5.2666,5.2939,7542200
2017-09-18,5.2939,5.3594,5.2939,5.3485,13402600
2017-09-19,5.3212,5.3594,5.3048,5.3539,12770800
2017-09-20,5.3539,5.3758,5.3485,5.3758,10318200
2017-09-21,5.3485,5.3812,5.3485,5.3758,6790800
2017-09-22,5.3758,5.3758,5.3758,5.3758,0
2017-09-25,5.343,5.3703,5.2721,5.3376,14356200
2017-09-26,5.3212,5.3703,5.3103,5.3485,20424900
2017-09-27,5.3485,5.3812,5.3212,5.3594,19037100
2017-09-28,5.3485,5.3758,5.343,5.3485,18444100
2017-09-29,5.3652,5.3652,5.3038,5.3261,8053000
2017-10-02,5.3373,5.3485,5.3317,5.3373,12596000
2017-10-03,5.3485,5.3541,5.3317,5.3429,8476300
2017-10-04,5.3317,5.3485,5.3261,5.3373,2962300
2017-10-05,5.3317,5.3429,5.3261,5.3317,8160800
2017-10-06,5.3429,5.3429,5.3261,5.3317,9890700
2017-10-09,5.3317,5.3429,5.3261,5.3373,4122500
2017-10-10,5.3373,5.3429,5.3317,5.3317,4543100
2017-10-11,5.3149,5.3373,5.3149,5.3373,5264400
2017-10-12,5.3373,5.3373,5.3205,5.3261,8593800
2017-10-13,5.3373,5.3373,5.3093,5.3149,6467900
2017-10-16,5.3149,5.3205,5.287,5.287,7602500
2017-10-17,5.2646,5.2982,5.2646,5.2646,6745600
2017-10-18,5.2646,5.2646,5.2646,5.2646,0
2017-10-19,5.2535,5.2702,5.2255,5.2255,9314300
2017-10-20,5.2255,5.2311,5.1808,5.192,6457200
2017-10-23,5.192,5.1976,5.1585,5.164,7858200
2017-10-24,5.192,5.192,5.164,5.1696,9719300
2017-10-25,5.1585,5.1752,5.1249,5.164,7800800
2017-10-26,5.1696,5.1752,5.1585,5.164,9824100
2017-10-27,5.1752,5.2143,5.1585,5.1585,8131700
2017-10-30,5.1473,5.1976,5.1193,5.164,8848400
2017-10-31,5.1417,5.1864,5.1417,5.1696,11073500
2017-11-01,5.1696,5.1752,5.1417,5.1417,4539900
2017-11-02,5.1473,5.1696,5.1361,5.1696,5700500
2017-11-03,5.1696,5.1864,5.1417,5.164,7042900
2017-11-06,5.164,5.1752,5.164,5.1696,8549000
2017-11-07,5.1752,5.1808,5.1584,5.1696,5265900
2017-11-08,5.1529,5.1584,5.1137,5.1137,6484200
2017-11-09,5.1137,5.1417,5.0914,5.1193,10305600
2017-11-10,5.1193,5.2479,5.0858,5.1305,10091200
2017-11-13,5.1305,5.164,5.1193,5.1193,7456400
2017-11-14,5.2255,5.2982,5.1305,5.2199,16880700
2017-11-15,5.1976,5.2423,5.1473,5.1473,11670300
2017-11-16,5.1417,5.164,5.0914,5.1473,10144400
2017-11-17,5.1417,5.1696,5.1417,5.1529,7981900
2017-11-20,5.1417,5.1529,5.1305,5.1473,6930900
2017-11-21,5.1473,5.164,5.1417,5.1473,8065600
2017-11-22,5.1584,5.164,5.1417,5.1473,10285400
2017-11-23,5.1417,5.164,5.1417,5.1473,2374200
2017-11-24,5.1473,5.1584,5.1137,5.1137,25726500
2017-11-27,5.1361,5.1473,5.1249,5.1417,4668500
2017-11-28,5.1584,5.1584,5.1193,5.1417,8568600
2017-11-29,5.1417,5.1417,5.1305,5.1417,13506000
2017-11-30,5.1361,5.1864,5.1249,5.1696,62218600
2017-12-01,5.1696,5.1696,5.1696,5.1696,0
2017-12-04,5.2087,5.2814,5.164,5.1696,14839700
2017-12-05,5.164,5.2423,5.164,5.2423,10423000
2017-12-06,5.2255,5.2255,5.1584,5.1752,13206300
2017-12-07,5.1752,5.2143,5.164,5.1808,13092500
2017-12-08,5.1752,5.192,5.164,5.1808,11586700
2017-12-11,5.1808,5.1808,5.1696,5.1696,10041000
2017-12-12,5.1696,5.1752,5.1473,5.1696,22176700
2017-12-13,5.164,5.1808,5.164,5.1696,12695100
2017-12-14,5.1752,5.3093,5.1696,5.3038,22069500
2017-12-15,5.2814,5.4099,5.2646,5.3317,12612200
2017-12-18,5.3093,5.3261,5.2646,5.3093,4864600
2017-12-19,5.3093,5.3093,5.2758,5.3038,14193800
2017-12-20,5.287,5.3205,5.2814,5.3093,14102800
2017-12-21,5.3093,5.3093,5.259,5.2982,5243400
2017-12-22,5.2982,5.3093,5.287,5.2982,7146200
2017-12-25,5.2982,5.2982,5.2982,5.2982,0
2017-12-26,5.3038,5.3093,5.2702,5.2926,9149900
2017-12-27,5.287,5.3373,5.287,5.3373,11664300
2017-12-28,5.3429,5.382,5.3149,5.3429,5102600
2017-12-29,5.3429,5.477,5.3261,5.477,10722800
2018-01-02,5.3932,5.4099,5.3596,5.3988,5284100
2018-01-03,5.3988,5.4658,5.3988,5.4658,13946300
2018-01-04,5.4658,5.4882,5.4658,5.477,18711500
2018-01-05,5.477,5.4882,5.4714,5.477,17266600
2018-01-08,5.477,5.505,5.4714,5.505,19238800
2018-01-09,5.4882,5.505,5.477,5.4938,14892600
2018-01-10,5.4826,5.505,5.4826,5.4994,18220300
2018-01-11,5.4994,5.505,5.4938,5.4994,11074400
2018-01-12,5.4938,5.5105,5.4938,5.505,15866800
2018-01-15,5.4938,5.5217,5.4938,5.505,8175600
2018-01-16,5.5105,5.5161,5.4882,5.505,9757500
2018-01-17,5.505,5.5217,5.4938,5.5217,6246100
2018-01-18,5.5217,5.5217,5.505,5.5105,7144300
2018-01-19,5.5105,5.5161,5.505,5.5161,10349100
2018-01-22,5.4938,5.5217,5.4938,5.5161,7857700
2018-01-23,5.505,5.5273,5.4826,5.5273,11027100
2018-01-24,5.5273,5.5441,5.5217,5.5385,10791600
2018-01-25,5.5329,5.5888,5.5329,5.5888,22369300
2018-01-26,5.5888,5.6335,5.5664,5.6335,12715400
2018-01-29,5.6111,5.7229,5.6111,5.7006,11916400
2018-01-30,5.667,5.6894,5.6,5.6447,13480900
2018-02-02,5.6894,5.6894,5.6111,5.6447,22122400
2018-02-05,5.5441,5.6447,5.5105,5.6,16512600
2018-02-06,5.5329,5.6,5.4323,5.5888,26590600
2018-02-07,5.6111,5.6782,5.5832,5.6223,15623900
2018-02-08,5.6447,5.6447,5.5888,5.6335,7491300
2018-02-09,5.5329,5.6111,5.5273,5.6,9938100
2018-02-12,5.6111,5.6335,5.6,5.6223,9640700
2018-02-13,5.6447,5.6559,5.6111,5.6447,14350700
2018-02-14,5.6559,5.667,5.6335,5.6559,13604500
2018-02-15,5.6447,5.667,5.6447,5.6447,6344400
2018-02-16,5.6447,5.6447,5.6447,5.6447,0
2018-02-19,5.6559,5.6782,5.6335,5.667,7966200
2018-02-20,5.667,5.6782,5.6447,5.667,10243900
2018-02-21,5.6559,5.7006,5.6559,5.6894,13332900
2018-02-22,5.667,5.7006,5.6335,5.7006,6643800
2018-02-23,5.7006,5.7564,5.6894,5.7341,16708900
2018-02-26,5.7453,5.9018,5.7341,5.8123,34971700
2018-02-27,5.8682,5.9129,5.8123,5.8459,25321300
2018-02-28,5.8235,5.8682,5.8235,5.8459,37085500
2018-03-01,5.8459,5.857,5.8235,5.8347,19498200
2018-03-02,5.8235,5.8459,5.8123,5.8459,14106700
2018-03-05,5.8459,5.8459,5.79,5.8235,15421900
2018-03-06,5.8347,5.8682,5.8235,5.8682,28199800
2018-03-07,5.8682,5.8794,5.8459,5.857,38287400
2018-03-08,5.8347,5.8682,5.8123,5.8459,9816000
2018-03-09,5.8459,5.857,5.8012,5.8347,7807800
2018-03-12,5.8235,5.857,5.8123,5.8347,8071000
2018-03-13,5.8235,5.8459,5.8235,5.8347,8188600
2018-03-14,5.8459,5.8459,5.7788,5.8347,9243600
2018-03-15,5.8347,5.8347,5.79,5.79,12405400
2018-03-16,5.7229,5.79,5.6894,5.7676,21560900
2018-03-19,5.7565,5.7788,5.7341,5.7676,7003900
2018-03-20,5.7564,5.8012,5.7341,5.7788,12778100
2018-03-21,5.79,5.8123,5.7453,5.7453,18324300
2018-03-22,5.7564,5.8906,5.7453,5.8906,14718500
2018-03-23,5.8459,5.8794,5.79,5.8682,22245100
2018-03-26,5.8459,5.8794,5.8347,5.8794,13679800
2018-03-27,5.8794,5.8794,5.8459,5.8794,10533200
2018-03-28,5.857,5.8794,5.8459,5.8682,6054000
2018-03-29,5.8682,5.8794,5.857,5.8794,7799800
2018-03-30,5.8794,5.9241,5.8682,5.9241,17657200
2018-04-02,5.9018,5.9129,5.8682,5.8794,11484500
2018-04-03,5.8682,5.8906,5.8459,5.8794,9381900
2018-04-04,5.8459,5.8906,5.7453,5.7788,19084900
2018-04-05,5.8123,5.8682,5.8012,5.857,11309900
2018-04-06,5.8459,5.8794,5.8012,5.857,10721700
2018-04-09,5.857,5.857,5.8012,5.8459,12429500
2018-04-10,5.8347,5.857,5.8347,5.857,18839500
2018-04-11,5.8682,5.9241,5.857,5.9241,26416700
2018-04-12,5.9018,5.9129,5.8794,5.8906,17208000
2018-04-13,5.8682,5.9018,5.857,5.8906,15587900
2018-04-16,5.8906,5.9241,5.857,5.9241,18810400
2018-04-17,5.8906,5.9576,5.8794,5.9353,27215400
2018-04-18,5.9241,5.9353,5.9018,5.9241,14640800
2018-04-19,5.9353,5.9688,5.9241,5.9688,18816500
2018-04-20,5.9688,5.9912,5.9353,5.9912,8130800
2018-04-23,5.9576,5.9912,5.9241,5.9353,5348800
2018-04-24,5.98,5.9912,5.9129,5.9353,12628300
2018-04-25,5.9018,5.9353,5.8347,5.9129,11027500
2018-04-26,5.9576,5.98,5.9241,5.9688,16733100
2018-04-27,5.98,6.0582,5.9688,6.0135,27037600
2018-04-30,6.0135,6.0359,5.9912,6.0247,9906000
2018-05-02,6.0135,6.0359,5.9353,5.9576,19137200
2018-05-03,5.9241,6.0359,5.9241,5.98,17766400
2018-05-04,5.9688,5.9912,5.8906,5.9353,24481700
2018-05-07,5.9018,5.9129,5.8682,5.8906,13254900
2018-05-08,5.8459,6.0024,5.8459,5.98,22680600
2018-05-14,5.857,6.1924,5.7676,6.0359,38139200
2018-05-15,6.0582,6.0918,5.9241,6.0359,25054900
2018-05-16,6.0135,6.1253,5.9576,6.0694,14884100
2018-05-17,6.0694,6.0918,6.0247,6.0471,15856600
2018-05-18,6.0694,6.0806,6.0247,6.0471,21475100
2018-05-21,6.0135,6.0918,6.0135,6.0806,16951700
2018-05-22,6.0582,6.0918,6.0471,6.0806,14828200
2018-05-23,6.0806,6.0918,5.9353,5.9688,37859000
2018-05-24,5.98,6.0024,5.5161,5.7341,84880700
2018-05-25,5.8459,5.8459,5.6447,5.7341,21178900
2018-05-28,5.7565,5.7676,5.5553,5.5888,24037500
2018-05-30,5.5888,5.5888,5.5888,5.5888,0
2018-05-31,5.3485,5.3485,5.3485,5.3485,0
2018-06-01,5.382,5.6447,5.3205,5.6111,27310300
2018-06-04,5.6111,5.6223,5.5608,5.5776,28040900
2018-06-05,5.6353,5.67,5.5199,5.5718,28895600
2018-06-06,5.5487,5.5661,5.5083,5.5372,26661600
2018-06-07,5.5661,5.7508,5.543,5.6989,22401300
2018-06-08,5.7104,5.7104,5.5776,5.6584,15016700
2018-06-11,5.6584,5.6584,5.5776,5.6353,10518700
2018-06-12,5.6123,5.6238,5.543,5.543,16229200
2018-06-13,5.543,5.5776,5.4852,5.543,10291600
2018-06-14,5.5141,5.5603,5.4968,5.543,64042000
2018-06-18,5.4852,5.5718,5.4852,5.5141,13122000
2018-06-19,5.5083,5.5083,5.3582,5.3582,24012500
2018-06-20,5.4102,5.4275,5.3351,5.3351,12873200
2018-06-21,5.3409,5.3524,5.2947,5.2947,16318200
2018-06-22,5.2831,5.3467,5.2658,5.3062,12917100
2018-06-25,5.3293,5.3409,5.2427,5.2427,8903000
2018-06-26,5.2369,5.2369,5.1561,5.1965,18908600
2018-06-27,5.1965,5.2543,5.0118,5.0118,19391600
2018-06-28,5.0233,5.1677,5.0175,5.1041,10492000
2018-06-29,5.1215,5.2543,5.1041,5.1965,16315000
2018-07-02,5.1965,5.2196,5.1272,5.1734,10722000
2018-07-03,5.185,5.2139,5.1677,5.185,9232500
2018-07-04,5.1792,5.2081,5.1677,5.185,10966800
2018-07-05,5.1965,5.2427,5.1908,5.2139,4963100
2018-07-06,5.2543,5.2774,5.1792,5.1792,6437700
2018-07-09,5.1965,5.2485,5.1908,5.2427,5815000
2018-07-10,5.26,5.2889,5.2485,5.2774,7985200
2018-07-11,5.2485,5.2889,5.2254,5.2774,7159800
2018-07-12,5.2774,5.4852,5.2716,5.4852,10610000
2018-07-13,5.5372,5.5372,5.4275,5.491,12303200
2018-07-16,5.5141,5.5372,5.5025,5.5256,11431000
2018-07-17,5.5141,5.5545,5.5141,5.5314,5768400
2018-07-18,5.543,5.5603,5.5314,5.543,8632100
2018-07-19,5.5718,5.7046,5.5487,5.6642,13403400
2018-07-20,5.6642,5.6873,5.6296,5.6527,9257900
2018-07-23,5.6584,5.6873,5.6411,5.6642,7315200
2018-07-24,5.6584,5.6815,5.6411,5.6411,11325300
2018-07-25,5.6411,5.6758,5.6296,5.6642,8543400
2018-07-26,5.6815,5.7162,5.6642,5.7162,17784200
2018-07-27,5.7046,5.7104,5.6815,5.7046,5776000
2018-07-30,5.6989,5.6989,5.67,5.6873,7625500
2018-07-31,5.6584,5.7046,5.6065,5.6642,25545100
2018-08-01,5.6584,5.6873,5.6353,5.6873,11504300
2018-08-02,5.6873,5.6931,5.6758,5.6815,5242800
2018-08-03,5.6873,5.6989,5.67,5.6758,4247600
2018-08-06,5.6758,5.6989,5.67,5.6989,4492300
2018-08-07,5.6931,5.722,5.6931,5.7104,10256900
2018-08-08,5.7104,5.7335,5.7104,5.7162,9629100
2018-08-09,5.7162,5.7277,5.7104,5.7162,8737200
2018-08-10,5.7162,5.7335,5.7046,5.7104,10032800
2018-08-13,5.7104,5.7162,5.6873,5.7046,6728900
2018-08-14,5.6931,5.7162,5.6584,5.6584,10299400
2018-08-15,5.6584,5.67,5.6353,5.6527,7337400
2018-08-16,5.6469,5.67,5.6411,5.6527,6138100
2018-08-17,5.6584,5.6642,5.6469,5.6469,5919000
2018-08-20,5.6411,5.6873,5.6411,5.6527,6530200
2018-08-21,5.6584,5.6815,5.6469,5.67,15016700
2018-08-23,5.6642,5.67,5.6411,5.6642,10984800
2018-08-24,5.6584,5.6815,5.6584,5.6642,6113300
2018-08-27,5.6815,5.7508,5.6758,5.7335,12797000
2018-08-28,5.7451,5.7739,5.7335,5.7739,10501200
2018-08-29,5.7739,5.7739,5.7335,5.7739,14728000
2018-08-30,5.7681,5.7739,5.7277,5.7508,10068400
2018-09-03,5.7855,5.8548,5.7681,5.7855,9775000
2018-09-04,5.7855,5.8086,5.7681,5.7681,8287700
2018-09-05,5.7451,5.7739,5.6296,5.6989,13455000
2018-09-06,5.6873,5.7162,5.6758,5.7046,4707600
2018-09-07,5.7162,5.7162,5.67,5.7104,4506400
2018-09-12,5.7855,5.7855,5.6296,5.6584,13810700
2018-09-13,5.6527,5.7162,5.6296,5.7046,12140900
2018-09-14,5.6873,5.7335,5.6873,5.7162,10078600
2018-09-18,5.6815,5.7046,5.5949,5.6238,12632400
2018-09-19,5.6527,5.6989,5.6296,5.6296,8240800
2018-09-20,5.6296,5.6584,5.6238,5.6527,7818900
2018-09-21,5.67,5.6931,5.6353,5.6527,57213100
2018-09-24,5.6411,5.67,5.6353,5.6527,7045300
2018-09-25,5.6527,5.67,5.6469,5.6584,3800200
2018-09-26,5.6584,5.67,5.6469,5.6469,17150300
2018-09-27,5.6527,5.6642,5.6469,5.6527,9193400
2018-09-28,5.6882,5.8067,5.6645,5.8008,13366400
2018-10-01,5.7949,5.8008,5.7534,5.7534,5945200
2018-10-02,5.7771,5.783,5.7475,5.7712,6422200
2018-10-03,5.7534,5.7652,5.7297,5.7534,10215700
2018-10-04,5.7415,5.7652,5.7238,5.7475,9838200
2018-10-05,5.7534,5.7534,5.6882,5.7238,7781000
2018-10-08,5.706,5.7297,5.706,5.7178,8498600
2018-10-09,5.706,5.7238,5.6882,5.7178,6917100
2018-10-10,5.6823,5.7178,5.5519,5.6349,13108100
2018-10-11,5.5401,5.5816,5.4275,5.4986,18672500
2018-10-12,5.4749,5.6941,5.4749,5.6764,15691900
2018-10-15,5.6764,5.7238,5.6527,5.6764,10743000
2018-10-16,5.6586,5.6704,5.6171,5.6586,7996600
2018-10-17,5.6882,5.7001,5.6645,5.6823,12202100
2018-10-18,5.6586,5.6941,5.6171,5.6882,7878600
2018-10-19,5.6764,5.6941,5.6171,5.6882,10535300
2018-10-22,5.7001,5.7119,5.6704,5.6882,7153300
2018-10-23,5.6527,5.6586,5.5697,5.5697,11929400
2018-10-24,5.5756,5.629,5.5282,5.5579,6080400
2018-10-25,5.5282,5.6171,5.4868,5.6112,8452700
2018-10-26,5.6053,5.6053,5.5697,5.5934,6507300
2018-10-29,5.5934,5.5934,5.4868,5.4927,2792100
2018-10-30,5.5164,5.5816,5.4749,5.5342,5658000
2018-10-31,5.5697,5.6823,5.5342,5.623,12132200
2018-11-01,5.623,5.629,5.5638,5.5697,8071900
2018-11-02,5.6053,5.6408,5.5519,5.5697,10608300
2018-11-05,5.5697,5.6053,5.4927,5.5579,4485900
2018-11-07,5.5164,5.5401,5.4453,5.4986,14818100
2018-11-08,5.5342,5.5519,5.4986,5.5223,8754200
2018-11-09,5.5223,5.5223,5.4453,5.5045,10221400
2018-11-12,5.4808,5.4927,5.4097,5.4512,4837800
2018-11-13,5.4216,5.469,5.392,5.4453,7729300
2018-11-14,5.4394,5.5105,5.4275,5.5045,4758800
2018-11-15,5.4749,5.629,5.4631,5.5579,6542200
2018-11-16,5.6112,5.6171,5.546,5.5993,9596800
2018-11-19,5.6112,5.629,5.5638,5.629,6456900
2018-11-21,5.5697,5.6053,5.5519,5.5697,6999400
2018-11-22,5.5697,5.623,5.5342,5.5638,3254700
2018-11-23,5.5638,5.5816,5.546,5.5816,1617500
2018-11-26,5.5816,5.5993,5.5579,5.5993,4529900
2018-11-27,5.5993,5.6408,5.5342,5.5697,7670100
2018-11-28,5.5875,5.6053,5.5697,5.5875,10103200
2018-11-29,5.5993,5.623,5.5934,5.5993,10535200
2018-11-30,5.5993,5.5993,5.5342,5.5638,15597100
2018-12-03,5.6053,5.6112,5.5638,5.5875,8414800
2018-12-04,5.5816,5.5934,5.5638,5.5816,8761700
2018-12-05,5.5579,5.5993,5.5579,5.5816,3366600
2018-12-06,5.5816,5.5934,5.5342,5.5934,5560500
2018-12-07,5.5756,5.5993,5.5638,5.5816,2510200
2018-12-10,5.5816,5.5816,5.5282,5.5519,3082700
2018-12-11,5.5401,5.5579,5.4986,5.5342,6823200
2018-12-12,5.5342,5.5638,5.5045,5.5045,6678800
2018-12-13,5.5164,5.6408,5.5164,5.5934,5242400
2018-12-14,5.5816,5.6053,5.5342,5.5519,4947000
2018-12-17,5.5401,5.5697,5.5105,5.5105,4956900
2018-12-18,5.5045,5.5342,5.4631,5.4631,5719700
2018-12-19,5.4631,5.5697,5.4571,5.5282,6851500
2018-12-20,5.4631,5.5105,5.4631,5.5105,4682500
2018-12-21,5.4631,5.5164,5.4631,5.5045,13703900
2018-12-24,5.4808,5.5223,5.4631,5.4868,4907700
2018-12-26,5.469,5.5401,5.4631,5.5401,2533700
2018-12-27,5.546,5.5875,5.5223,5.5697,2726500
2018-12-28,5.5697,5.6112,5.546,5.5875,3417500
2018-12-31,5.5993,5.6408,5.5934,5.629,9538100
2019-01-02,5.629,5.629,5.5579,5.5638,4096900
2019-01-03,5.5223,5.5993,5.5223,5.546,6983900
2019-01-04,5.5164,5.5579,5.5164,5.5401,4276600
2019-01-07,5.5519,5.6349,5.5519,5.6053,7580400
2019-01-08,5.623,5.629,5.5934,5.6112,6692800
2019-01-09,5.623,5.623,5.5934,5.6112,7504700
2019-01-10,5.6171,5.623,5.5638,5.5993,6418900
2019-01-11,5.6053,5.6171,5.5697,5.5993,8841600
2019-01-14,5.5993,5.6112,5.5342,5.5875,2583700
2019-01-15,5.5993,5.623,5.5519,5.5756,8929600
2019-01-16,5.5756,5.5875,5.5519,5.5816,7022100
2019-01-17,5.5993,5.6053,5.5579,5.5756,5297500
2019-01-18,5.5816,5.6586,5.5697,5.6586,7469700
2019-01-22,5.6467,5.6586,5.6171,5.6349,8835800
2019-01-23,5.6349,5.6586,5.5993,5.6527,10802200
2019-01-24,5.6467,5.7178,5.6408,5.7001,15604900
2019-01-25,5.6823,5.7238,5.6823,5.7238,15255800
2019-01-28,5.7415,5.7534,5.6467,5.7238,10645700
2019-01-29,5.7178,5.7415,5.6645,5.7415,14146100
2019-01-30,5.706,5.7415,5.6645,5.6882,11085400
2019-01-31,5.7119,5.7119,5.6527,5.6527,17031300
2019-02-04,5.7356,5.7356,5.6586,5.6704,6692100
2019-02-07,5.6882,5.7238,5.6408,5.6823,8378900
2019-02-08,5.6586,5.6882,5.6586,5.6764,11303300
2019-02-11,5.6882,5.706,5.6704,5.6823,9894600
2019-02-12,5.7001,5.7001,5.6586,5.6645,6208100
2019-02-13,5.6586,5.6882,5.629,5.6586,8783000
2019-02-14,5.6408,5.6823,5.6349,5.6586,9235500
2019-02-15,5.6645,5.6704,5.5934,5.6112,10588600
2019-02-18,5.6171,5.6467,5.6112,5.6171,2891200
2019-02-19,5.6171,5.623,5.6053,5.6171,28160800
2019-02-20,5.6349,5.6527,5.6171,5.6408,22180400
2019-02-21,5.6467,5.6704,5.6349,5.6467,10883700
2019-02-22,5.6467,5.6704,5.6408,5.6527,7149200
2019-02-25,5.6645,5.6704,5.6349,5.6527,6372500
2019-02-26,5.6645,5.6823,5.6467,5.6586,22190000
2019-02-27,5.6764,5.6941,5.6645,5.6764,21041200
2019-02-28,5.6823,5.706,5.6467,5.6467,15956400
2019-03-01,5.6764,5.6764,5.6349,5.6467,16015900
2019-03-04,5.629,5.7238,5.629,5.6527,7364200
2019-03-05,5.6467,5.6764,5.6467,5.6467,5966300
2019-03-06,5.6645,5.6704,5.6467,5.6527,6943400
2019-03-07,5.6408,5.6882,5.6408,5.6467,9146700
2019-03-08,5.6467,5.6764,5.6349,5.6467,10003800
2019-03-11,5.6467,5.6527,5.6112,5.6112,5990400
2019-03-12,5.6171,5.6527,5.6112,5.623,6568100
2019-03-13,5.623,5.6586,5.6112,5.6586,9009300
2019-03-14,5.6586,5.6586,5.6112,5.623,6393200
2019-03-15,5.6527,5.6586,5.6112,5.6112,12417200
2019-03-18,5.629,5.6408,5.6171,5.623,4231000
2019-03-19,5.623,5.629,5.6112,5.6171,7332600
2019-03-20,5.6112,5.629,5.5934,5.6112,5747000
2019-03-21,5.6171,5.6171,5.5105,5.5697,10788200
2019-03-22,5.5875,5.5934,5.4868,5.5045,9648000
2019-03-25,5.4808,5.5045,5.4631,5.469,8208300
2019-03-26,5.469,5.5105,5.469,5.4808,13550500
2019-03-27,5.5105,5.5164,5.4808,5.4868,7539400
2019-03-28,5.4868,5.5105,5.4808,5.4868,10759500
2019-03-29,5.4986,5.5045,5.469,5.4927,12318600
2019-04-01,5.4986,5.5045,5.4453,5.4512,10000500
2019-04-02,5.4927,5.5045,5.4631,5.4808,9276600
2019-04-03,5.5045,5.5045,5.4749,5.4749,8149100
2019-04-04,5.4749,5.5105,5.4749,5.4927,9263700
2019-04-05,5.4868,5.5045,5.4749,5.4868,7897700
2019-04-08,5.4986,5.5045,5.4808,5.4986,5181100
2019-04-09,5.4986,5.5105,5.4808,5.5105,9050700
2019-04-10,5.5045,5.5105,5.4868,5.4986,7977700
2019-04-11,5.4986,5.5045,5.4868,5.4868,9156000
2019-04-12,5.4868,5.4986,5.4868,5.4927,6399000
2019-04-15,5.4927,5.5164,5.4808,5.4808,4279900
2019-04-16,5.4808,5.5045,5.4512,5.4571,10528700
2019-04-17,5.4512,5.4512,5.3268,5.3327,19584400
2019-04-18,5.3268,5.3446,5.1846,5.3327,19802800
2019-04-19,5.3446,5.3979,5.3327,5.386,4477800
2019-04-22,5.392,5.4453,5.392,5.4216,6573700
2019-04-23,5.4334,5.4334,5.4097,5.4275,5863900
2019-04-24,5.4631,5.5282,5.4038,5.4157,11424900
2019-04-25,5.4157,5.4394,5.4038,5.4097,9545200
2019-04-26,5.4157,5.4453,5.4097,5.4157,8898200
2019-04-29,5.4216,5.4275,5.4038,5.4157,4701300
2019-04-30,5.4334,5.5105,5.4157,5.4808,13967600
2019-05-02,5.4808,5.5105,5.4749,5.4808,5897000
2019-05-03,5.4868,5.5105,5.4808,5.4868,9427300
2019-05-06,5.4808,5.5105,5.4571,5.5105,3013600
2019-05-07,5.535,5.5411,5.4736,5.5166,6708500
2019-05-08,5.5105,5.5105,5.4675,5.5043,6417100
2019-05-09,5.5105,5.5227,5.4982,5.5043,11646900
2019-05-10,5.5043,5.5166,5.4675,5.5043,10875200
2019-05-13,5.5105,5.5227,5.4675,5.5105,9165200
2019-05-14,5.4614,5.5166,5.4614,5.4982,9806600
2019-05-15,5.5105,5.5473,5.4921,5.5289,14212100
2019-05-16,5.5289,5.535,5.4982,5.4982,6561100
2019-05-17,5.5227,5.535,5.5105,5.5227,5444800
2019-05-21,5.5227,5.5473,5.4921,5.5166,5884800
2019-05-23,5.3693,5.5841,5.3693,5.535,9068700
2019-05-24,5.5227,5.5534,5.4982,5.5166,4780500
2019-05-27,5.5227,5.5289,5.5105,5.5166,4579400
2019-05-28,5.5166,5.5227,5.5043,5.5166,16563300
2019-05-29,5.5227,5.578,5.5043,5.5534,5605800
2019-05-30,5.5227,5.5657,5.4614,5.5289,5654500
2019-05-31,5.5227,5.5473,5.5105,5.535,6920700
2019-06-03,5.5534,5.5534,5.5043,5.5166,8587400
2019-06-04,5.5473,5.5596,5.4859,5.5043,5287900
2019-06-05,5.5043,5.5043,5.5043,5.5043,0
2019-06-06,5.5043,5.5043,5.5043,5.5043,0
2019-06-07,5.535,5.535,5.4982,5.5166,9087800
2019-06-10,5.5227,5.5473,5.4921,5.5473,4037700
2019-06-11,5.535,5.5411,5.5105,5.5166,2933800
2019-06-12,5.5105,5.5227,5.4921,5.5227,4193200
2019-06-13,5.5166,5.5166,5.4921,5.4982,4879700
2019-06-14,5.5043,5.5043,5.4921,5.4982,6650700
2019-06-17,5.5105,5.5105,5.4798,5.4982,5022200
2019-06-18,5.4982,5.5043,5.4736,5.4798,5283000
2019-06-19,5.5043,5.5043,5.4798,5.4859,7570200
2019-06-20,5.4736,5.4982,5.4675,5.4859,7648100
2019-06-21,5.4982,5.4982,5.4675,5.4859,11051500
2019-06-24,5.4798,5.5043,5.4736,5.4982,7099800
2019-06-25,5.4921,5.4982,5.4614,5.4798,8641300
2019-06-26,5.4736,5.4859,5.4675,5.4736,6928500
2019-06-27,5.4736,5.4798,5.4368,5.4552,7929900
2019-06-28,5.4552,5.4982,5.4491,5.4491,7548900
2019-07-01,5.4675,5.4859,5.4614,5.4675,3658100
2019-07-02,5.4736,5.5105,5.4675,5.5105,12840800
2019-07-03,5.5105,5.5105,5.4798,5.5043,9673400
2019-07-04,5.5043,5.5105,5.4859,5.5105,7870700
2019-07-05,5.4982,5.5105,5.4798,5.5043,5125500
2019-07-08,5.4921,5.5043,5.4675,5.4736,5985800
2019-07-09,5.4859,5.5043,5.4798,5.4859,8066500
2019-07-10,5.4921,5.4982,5.4798,5.4859,6855900
2019-07-11,5.4921,5.5043,5.4736,5.4921,4950100
2019-07-12,5.5105,5.5105,5.4491,5.4736,10903400
2019-07-15,5.4798,5.4859,5.4552,5.4614,3701800
2019-07-16,5.4614,5.4921,5.4491,5.4552,3588900
2019-07-17,5.4614,5.4736,5.4368,5.4491,5701600
2019-07-18,5.4491,5.4552,5.4368,5.4368,3838700
2019-07-19,5.443,5.4491,5.4368,5.443,4497500
2019-07-22,5.4491,5.4552,5.4061,5.4123,6165500
2019-07-23,5.4123,5.4246,5.4,5.4123,6368100
2019-07-24,5.4123,5.4184,5.3755,5.3755,5093000
2019-07-25,5.3939,5.4123,5.3571,5.3693,9117100
2019-07-26,5.3693,5.3877,5.3448,5.3571,4588700
2019-07-29,5.3693,5.3877,5.3386,5.3571,5072800
2019-07-31,5.3571,5.3693,5.308,5.308,17542100
2019-08-01,5.308,5.3509,5.308,5.3325,5064100
2019-08-02,5.3386,5.3386,5.308,5.308,6821900
2019-08-05,5.308,5.308,5.265,5.265,8831000
2019-08-06,5.2405,5.2957,5.2221,5.2711,9918800
2019-08-07,5.2834,5.2896,5.2773,5.2773,8301100
2019-08-08,5.2896,5.3325,5.2773,5.2896,6975600
2019-08-09,5.3018,5.3141,5.2773,5.2773,6605900
2019-08-13,5.2773,5.2834,5.2343,5.2527,5917100
2019-08-14,5.2773,5.2957,5.2527,5.2711,9499500
2019-08-15,5.2589,5.265,5.2282,5.2466,8892600
2019-08-16,5.2527,5.2589,5.2159,5.2221,11401400
2019-08-19,5.2282,5.2589,5.2159,5.2282,6714400
2019-08-20,5.2282,5.2527,5.2282,5.2466,10350600
2019-08-21,5.2466,5.2527,5.2343,5.2343,5846900
2019-08-22,5.2466,5.265,5.2343,5.2527,7838100
2019-08-23,5.2527,5.3018,5.2527,5.3018,6326000
2019-08-26,5.2711,5.2773,5.2527,5.2711,6005900
2019-08-27,5.2834,5.3018,5.2466,5.2466,14190300
2019-08-28,5.2466,5.265,5.2282,5.2343,5598000
2019-08-29,5.2405,5.2711,5.2343,5.2589,8272500
2019-08-30,5.2896,5.3386,5.2773,5.3325,9212700
2019-09-03,5.3632,5.3693,5.3264,5.3386,10525800
2019-09-04,5.3509,5.3816,5.3264,5.3509,9295600
2019-09-05,5.3571,5.3877,5.3509,5.3632,8272900
2019-09-06,5.3877,5.3877,5.3571,5.3693,7441000
2019-09-10,5.4368,5.4491,5.4061,5.4368,12508100
2019-09-11,5.4491,5.4675,5.443,5.4552,11237400
2019-09-12,5.4614,5.5105,5.4552,5.4614,12803800
2019-09-13,5.4675,5.4921,5.4368,5.4614,10335100
2019-09-17,5.4921,5.4982,5.4491,5.4614,13910200
2019-09-18,5.4614,5.5056,5.4487,5.4929,6042600
2019-09-19,5.4929,5.5056,5.4551,5.4551,6755400
2019-09-20,5.4677,5.5119,5.4551,5.5119,13272200
2019-09-23,5.5245,5.5245,5.4803,5.5056,4038400
2019-09-24,5.5056,5.5056,5.4424,5.4614,8929700
2019-09-25,5.4803,5.4803,5.4361,5.4424,5125100
2019-09-26,5.4551,5.4929,5.4551,5.4929,7652400
2019-09-27,5.4929,5.4929,5.4298,5.4298,4332500
2019-09-30,5.4361,5.4487,5.3667,5.373,9061300
2019-10-01,5.3982,5.4235,5.3856,5.4235,5553700
2019-10-02,5.4109,5.4109,5.3793,5.3856,3915200
2019-10-03,5.3793,5.3919,5.3414,5.354,6570100
2019-10-04,5.3667,5.3667,5.3035,5.3288,10661800
2019-10-07,5.3351,5.3667,5.3288,5.3477,4105500
2019-10-08,5.354,5.3667,5.3162,5.3351,5380600
2019-10-09,5.3351,5.3351,5.2909,5.2909,4474800
2019-10-10,5.3035,5.3035,5.2846,5.2972,3473500
2019-10-11,5.3035,5.3477,5.3035,5.3288,3989400
2019-10-14,5.354,5.4109,5.354,5.3856,4916400
2019-10-15,5.3919,5.3982,5.373,5.373,4334300
2019-10-16,5.3919,5.4172,5.3667,5.3793,8849800
2019-10-17,5.3856,5.3982,5.3667,5.3793,5993600
2019-10-18,5.3919,5.3919,5.3477,5.3667,7098000
2019-10-21,5.3667,5.3982,5.3477,5.3604,3747900
2019-10-22,5.373,5.3919,5.3351,5.3667,7845800
2019-10-23,5.3667,5.373,5.3351,5.3477,4095900
2019-10-24,5.3477,5.373,5.3288,5.3414,7467400
2019-10-25,5.3414,5.354,5.3351,5.3351,3155700
2019-10-29,5.354,5.373,5.3414,5.3477,14631300
2019-10-30,5.3477,5.3793,5.3414,5.3477,6977800
2019-10-31,5.3793,5.4424,5.3604,5.4298,21248900
2019-11-01,5.4361,5.4424,5.4109,5.4298,3680100
2019-11-04,5.4424,5.474,5.4298,5.4487,11283300
2019-11-05,5.4298,5.4803,5.4172,5.4677,15375000
2019-11-06,5.4803,5.5119,5.4361,5.4993,6581000
2019-11-07,5.4993,5.5245,5.4866,5.5245,8063900
2019-11-08,5.5245,5.5813,5.5056,5.575,11932700
2019-11-11,5.5813,5.594,5.5687,5.5876,8700300
2019-11-12,5.5813,5.594,5.5245,5.5498,3939000
2019-11-13,5.5498,5.5498,5.4551,5.4614,7346800
2019-11-14,5.4677,5.4929,5.4424,5.474,6244700
2019-11-15,5.4803,5.4866,5.4551,5.4677,7008800
2019-11-18,5.4677,5.4803,5.4551,5.4677,5251700
2019-11-19,5.4677,5.4803,5.4551,5.4614,4647700
2019-11-20,5.4614,5.4803,5.4551,5.474,11370400
2019-11-21,5.4803,5.4803,5.4487,5.4551,5467000
2019-11-22,5.4551,5.4803,5.4487,5.4551,5267700
2019-11-25,5.4614,5.474,5.4424,5.4677,6747400
2019-11-26,5.474,5.474,5.4235,5.4235,15542800
2019-11-27,5.4172,5.4298,5.3919,5.4172,4553100
2019-11-28,5.4045,5.4045,5.3667,5.3793,8068300
2019-11-29,5.3856,5.4109,5.373,5.3856,6025600
2019-12-02,5.3919,5.4045,5.3667,5.373,4145700
2019-12-03,5.3793,5.3919,5.3477,5.373,6843000
2019-12-04,5.373,5.3793,5.354,5.3667,7934400
2019-12-05,5.373,5.4298,5.373,5.3856,7746400
2019-12-06,5.373,5.3919,5.3667,5.3667,3088400
2019-12-09,5.373,5.4046,5.3667,5.4046,3065600
2019-12-10,5.3856,5.4045,5.3793,5.3919,3225200
2019-12-11,5.3856,5.4298,5.3793,5.3919,5468200
2019-12-12,5.3856,5.3982,5.373,5.373,6781500
2019-12-13,5.3856,5.4109,5.3793,5.3919,10515700
2019-12-16,5.3919,5.4045,5.3793,5.3793,5157900
2019-12-17,5.3856,5.3982,5.3793,5.3982,7654700
2019-12-18,5.3982,5.4551,5.3856,5.4551,10309700
2019-12-19,5.4551,5.5561,5.4298,5.5182,7648800
2019-12-20,5.5308,5.5561,5.3982,5.4424,10136800
2019-12-23,5.4361,5.474,5.4109,5.4424,5219600
2019-12-24,5.4487,5.4487,5.4235,5.4298,2532200
2019-12-26,5.4298,5.474,5.4298,5.4551,375500
2019-12-27,5.4551,5.4614,5.4298,5.4361,6505300
2019-12-30,5.4424,5.5056,5.4424,5.5056,3756900
2019-12-31,5.4866,5.4866,5.4361,5.4551,6929900
2020-01-02,5.4614,5.5245,5.4487,5.5245,5716500
2020-01-03,5.5498,5.5624,5.4866,5.5245,6452400
2020-01-06,5.5371,5.5371,5.4424,5.4614,4537900
2020-01-07,5.4614,5.4929,5.4551,5.4614,6513100
2020-01-08,5.4424,5.4551,5.3793,5.3919,4732900
2020-01-09,5.4235,5.4677,5.4109,5.4614,7231600
2020-01-10,5.4614,5.4866,5.4487,5.4614,8110500
2020-01-13,5.4677,5.4866,5.4551,5.4614,6456900
2020-01-14,5.4614,5.4803,5.4172,5.4614,6869000
2020-01-15,5.4614,5.474,5.4172,5.4298,3523000
2020-01-16,5.4298,5.4551,5.4109,5.4361,6331700
2020-01-17,5.4487,5.4677,5.4298,5.4424,5506200
2020-01-20,5.4424,5.4487,5.4298,5.4298,4212700
2020-01-21,5.4424,5.4424,5.4235,5.4298,3875900
2020-01-22,5.4298,5.4424,5.3856,5.3982,5624600
2020-01-23,5.3982,5.3982,5.3604,5.373,5802400
2020-01-24,5.373,5.4046,5.373,5.3856,2740700
2020-01-28,5.3667,5.373,5.3351,5.3414,12736400
2020-01-29,5.3477,5.3604,5.3351,5.3351,9535400
2020-01-30,5.3477,5.3667,5.3288,5.3604,6858300
2020-01-31,5.3414,5.3604,5.3225,5.3225,16259500
2020-02-03,5.3035,5.3225,5.2783,5.2783,7053100
2020-02-04,5.3162,5.3351,5.2972,5.3035,10386900
2020-02-05,5.3225,5.3225,5.272,5.2783,9715000
2020-02-06,5.2972,5.3667,5.2909,5.3351,6801600
2020-02-07,5.3604,5.3793,5.3351,5.373,9304800
2020-02-10,5.373,5.3793,5.3351,5.354,5698400
2020-02-11,5.3667,5.4045,5.354,5.3919,10879400
2020-02-12,5.3919,5.4614,5.3098,5.3414,15380500
2020-02-13,5.354,5.3667,5.3288,5.3414,7950000
2020-02-14,5.3288,5.3793,5.3162,5.3477,6152900
2020-02-17,5.3477,5.3667,5.3477,5.3604,3413200
2020-02-18,5.3604,5.373,5.3414,5.3477,7876600
2020-02-19,5.3604,5.3604,5.2909,5.3035,7351200
2020-02-20,5.3414,5.354,5.3035,5.3162,6472500
2020-02-21,5.3035,5.3288,5.3035,5.3098,5112800
2020-02-24,5.2909,5.2972,5.1646,5.1773,31879200
2020-02-25,5.1773,5.2467,5.1709,5.2278,9919800
2020-02-26,5.2151,5.3098,5.1962,5.2593,13805600
2020-02-27,5.272,5.3856,5.2656,5.3793,10516600
2020-02-28,5.3477,5.3604,5.2972,5.3162,21388000
2020-03-02,5.272,5.3225,5.1394,5.2972,19116200
2020-03-03,5.3162,5.3351,5.2593,5.3098,13108500
2020-03-04,5.3098,5.3667,5.2972,5.3477,12396400
2020-03-05,5.354,5.3919,5.354,5.3856,12099700
2020-03-06,5.354,5.3856,5.3288,5.3667,10325900
2020-03-09,5.3288,5.3477,5.1962,5.2025,16192400
2020-03-10,5.1773,5.3288,5.1773,5.2846,18280300
2020-03-11,5.2846,5.3351,5.2467,5.2972,11597700
2020-03-12,5.2656,5.2783,5.2088,5.2278,16420700
2020-03-13,5.2278,5.2278,5.2278,5.2278,0
2020-03-16,4.8616,4.8616,4.4827,4.6027,45554700
2020-03-17,4.4701,4.729,4.4196,4.6469,28858800
2020-03-18,4.6469,4.7353,4.5459,4.5838,23446600
2020-03-19,4.5396,4.5711,4.4322,4.4701,23988500
2020-03-20,4.4764,4.7669,4.4701,4.7416,22601000
2020-03-23,4.5459,4.6216,4.4891,4.4954,18596500
2020-03-24,4.5459,4.6343,4.5459,4.609,14441000
2020-03-25,4.6722,4.71,4.5459,4.609,14453800
2020-03-26,4.6911,4.6911,4.5838,4.5901,13453200
2020-03-27,4.6343,4.6848,4.6216,4.6532,15861300
2020-03-30,4.6406,4.6406,4.609,4.6153,10944500
2020-03-31,4.6406,4.7353,4.6343,4.7037,14393100
2020-04-01,4.7037,4.71,4.6216,4.6216,15024600
2020-04-02,4.6153,4.6532,4.609,4.6343,9883600
2020-04-03,4.6406,4.6848,4.6343,4.6722,6937700
2020-04-06,4.6722,4.8489,4.6722,4.83,6529300
2020-04-07,4.9121,5.0005,4.9121,4.9436,14042800
2020-04-08,4.9752,5.0005,4.9247,4.9689,7979700
2020-04-09,4.9878,5.0131,4.9752,4.9878,9053200
2020-04-10,5.0144,5.0144,4.9414,4.9812,3199500
2020-04-13,4.9812,4.9812,4.8949,4.948,3697500
2020-04-14,4.9414,5.0343,4.9281,5.0343,5095200
2020-04-15,5.0343,5.1008,5.0144,5.0742,7220700
2020-04-16,5.0609,5.0675,5.0277,5.0343,9129900
2020-04-17,5.0543,5.1406,5.0543,5.114,5773400
2020-04-20,5.134,5.1539,5.1074,5.1074,7327600
2020-04-21,5.0941,5.0941,5.0211,5.0211,4959100
2020-04-22,5.0011,5.0011,4.9148,4.9812,8617300
2020-04-23,4.9945,5.0211,4.9281,4.9281,7702100
2020-04-24,4.9414,4.948,4.8882,4.8882,7651200
2020-04-27,4.9148,4.9414,4.9015,4.9148,3110600
2020-04-28,4.9015,4.9148,4.8816,4.8882,7867700
2020-04-29,4.8882,4.9812,4.8882,4.9214,3739500
2020-04-30,4.948,5.0476,4.948,5.0277,7502800
2020-05-04,4.9812,4.9812,4.8816,4.9015,7092400
2020-05-05,4.9148,5.0277,4.9148,4.9679,3949500
2020-05-06,4.9812,5.0211,4.9214,4.9214,5791800
2020-05-08,4.9148,4.9546,4.9148,4.9214,7307200
2020-05-12,4.9214,4.9613,4.9214,4.9414,5221600
2020-05-13,4.9414,4.948,4.9081,4.9081,5626200
2020-05-14,4.9148,4.9414,4.9015,4.9148,4223000
2020-05-15,4.9281,4.9613,4.9148,4.9148,2744800
2020-05-18,4.9281,4.9679,4.9214,4.9214,3750500
2020-05-19,4.9679,4.9945,4.948,4.948,5307600
2020-05-20,4.9679,4.9945,4.948,4.9746,2983300
2020-05-21,4.9812,5.0875,4.9812,4.9878,6725100
2020-05-22,4.9945,5.0211,4.9281,4.9347,7050300
2020-05-27,4.9214,4.948,4.9015,4.9148,11075300
2020-05-28,4.9148,4.9281,4.9015,4.9214,7071200
2020-05-29,4.9148,5.0011,4.9081,4.9812,15319500
2020-06-02,4.9812,4.9812,4.9812,4.9812,0
2020-06-03,5.0011,5.3133,5.0011,5.3,14943700
2020-06-04,5.3664,5.4461,5.3398,5.4395,14813700
2020-06-05,5.4129,5.4129,5.2934,5.3664,10096100
2020-06-09,5.4461,5.4461,5.3863,5.4461,10902800
2020-06-10,5.4395,5.4461,5.3996,5.4461,6303700
2020-06-11,5.4461,5.4461,5.2469,5.3664,8404400
2020-06-12,5.1805,5.2668,5.114,5.2535,7357500
2020-06-15,5.2402,5.2469,5.114,5.114,8645100
2020-06-16,5.1738,5.2137,5.1539,5.1539,5872200
2020-06-17,5.207,5.207,5.1207,5.1605,3461600
2020-06-18,5.1472,5.1672,5.1008,5.1207,7326300
2020-06-19,5.114,5.134,5.0875,5.0875,13773900
2020-06-22,5.0808,5.1008,5.0543,5.0875,3017900
2020-06-23,5.1008,5.114,5.0609,5.0808,2944200
2020-06-24,5.0875,5.0875,5.0543,5.0742,3123300
2020-06-25,5.0543,5.0675,5.0476,5.0543,3365800
2020-06-26,5.0609,5.0808,5.0543,5.0609,2401700
2020-06-29,5.0543,5.0543,4.9878,5.0011,4659600
2020-06-30,5.0011,5.0543,4.9878,4.9878,6573800
2020-07-01,4.9945,5.0144,4.9878,4.9945,3576800
2020-07-02,4.9945,5.114,4.9945,5.0609,6605800
2020-07-03,5.1008,5.1605,5.0875,5.1207,2723100
2020-07-06,5.114,5.2004,5.114,5.2004,3257200
2020-07-07,5.2004,5.2402,5.1472,5.1937,9486000
2020-07-08,5.1805,5.2734,5.1605,5.2535,9804700
2020-07-09,5.2601,5.3,5.207,5.2535,10696600
2020-07-10,5.2402,5.2801,5.2004,5.2469,6078800
2020-07-13,5.2469,5.2668,5.2137,5.2402,4397900
2020-07-14,5.2402,5.2535,5.1871,5.2203,5999400
2020-07-15,5.2269,5.2801,5.2137,5.2535,9014100
2020-07-16,5.2336,5.2469,5.1871,5.1937,4360000
2020-07-17,5.1672,5.2867,5.1672,5.2734,7163200
2020-07-20,5.2734,5.2734,5.1805,5.1937,5518900
2020-07-21,5.1937,5.2469,5.1937,5.2203,4504900
2020-07-22,5.2137,5.2402,5.2004,5.2137,4646400
2020-07-23,5.2269,5.2402,5.2004,5.2336,4591200
2020-07-24,5.2336,5.2336,5.2004,5.2137,5217600
2020-07-27,5.2137,5.2402,5.1871,5.1937,2036300
2020-07-28,5.1937,5.2137,5.1871,5.2004,5557800
2020-07-29,5.2004,5.2269,5.1207,5.1472,5624300
2020-07-30,5.1472,5.1672,5.0343,5.0941,9110600
2020-08-03,4.9812,5.0875,4.9812,4.9812,7286000
2020-08-04,4.9945,5.0543,4.9812,4.9812,5739200
2020-08-05,4.9878,4.9945,4.9613,4.9613,6276000
2020-08-06,4.9945,5.0144,4.9812,4.9945,3470300
2020-08-07,4.9945,5.0476,4.9812,4.9812,2387300
2020-08-10,4.9878,5.0343,4.9812,4.9945,3426100
2020-08-11,4.9812,5.0476,4.9746,4.9746,3940900
2020-08-12,4.9746,5.114,4.9746,5.0808,2810400
2020-08-13,5.1406,5.2004,5.134,5.1804,4028300
2020-08-14,5.1871,5.2137,5.1605,5.1804,5374400
2020-08-17,5.1805,5.2269,5.1805,5.1871,4072400
2020-08-18,5.1871,5.207,5.041,5.0675,5324700
2020-08-19,5.0808,5.1074,5.0543,5.0742,4711800
2020-08-21,5.0476,5.0476,4.9812,5.0144,4917800
2020-08-24,5.0144,5.0343,4.9613,4.9679,11833900
2020-08-25,4.9746,5.0011,4.9679,4.9746,7024600
2020-08-26,4.9945,5.0144,4.948,4.9546,9398600
2020-08-27,4.9546,4.9746,4.8949,4.9546,12367300
2020-08-28,4.948,4.9546,4.8683,4.8683,15702900
2020-09-01,4.8816,4.9015,4.7355,4.7355,19526600
2020-09-02,4.7421,4.8284,4.7421,4.8152,7398100
2020-09-03,4.8218,4.8218,4.782,4.7886,4961000
2020-09-04,4.782,4.8019,4.7554,4.7886,6149300
2020-09-07,4.7886,4.8351,4.7886,4.8218,1429400
2020-09-08,4.8218,4.9812,4.8019,4.9812,5498200
2020-09-09,4.8749,4.948,4.8218,4.948,4626500
2020-09-10,4.9148,4.9812,4.8683,4.9812,5789800
2020-09-11,4.9414,4.9679,4.8484,4.948,3209500
2020-09-14,4.9414,4.9414,4.8351,4.8351,4748400
2020-09-15,4.8351,4.9812,4.8351,4.9812,3871600
2020-09-17,4.9812,4.9812,4.8683,4.8949,3104800
2020-09-18,4.8882,4.9148,4.7886,4.7886,17629700
2020-09-21,4.8019,4.8152,4.7753,4.7753,6548200
2020-09-22,4.7753,4.8152,4.7753,4.782,5544200
2020-09-23,4.7886,4.8019,4.7487,4.762,5249800
2020-09-24,4.782,4.7886,4.7089,4.7089,9661400
2020-09-25,4.7288,4.7487,4.7023,4.7023,4508000
2020-09-28,4.7155,4.7421,4.7023,4.7155,6190600
2020-09-29,4.7288,4.8152,4.7222,4.7554,6187200
2020-09-30,4.7753,4.8019,4.7487,4.7952,4470000
2020-10-01,4.7886,4.7952,4.7288,4.7687,2775500
2020-10-02,4.762,4.762,4.7155,4.7222,3509900
2020-10-05,4.7222,4.7687,4.7222,4.7288,3981700
2020-10-06,4.7355,4.7886,4.7355,4.7753,4820300
2020-10-07,4.7753,4.782,4.7155,4.7155,5831100
2020-10-08,4.762,4.8484,4.7222,4.8484,3918200
2020-10-09,4.8218,4.9148,4.782,4.9148,4985700
2020-10-12,4.8949,4.9015,4.8085,4.8816,3319800
2020-10-13,4.8484,4.9081,4.8152,4.8816,2713500
2020-10-14,4.8816,4.8816,4.8085,4.8085,5620800
2020-10-15,4.8085,4.8284,4.782,4.7886,3230200
2020-10-16,4.7952,4.8019,4.7487,4.7487,4176100
2020-10-19,4.7487,4.8351,4.7487,4.782,2292300
2020-10-20,4.7886,4.8351,4.7687,4.7687,2320300
2020-10-21,4.8085,4.8085,4.7487,4.7487,6517500
2020-10-22,4.7554,4.762,4.689,4.689,17817000
2020-10-23,4.7023,4.7355,4.6956,4.7023,3756300
2020-10-26,4.7089,4.7222,4.6956,4.7023,2877600
2020-10-27,4.7023,4.7222,4.6956,4.6956,5987300
2020-10-28,4.7023,4.7155,4.689,4.6956,2926000
2020-10-30,4.6956,4.7089,4.6491,4.6491,8677900
2020-11-02,4.6491,4.669,4.6226,4.6558,4829300
2020-11-03,4.6558,4.6757,4.6292,4.6491,6801700
2020-11-04,4.6624,4.7089,4.6425,4.6491,2220100
2020-11-05,4.669,4.7023,4.6624,4.7023,4913900
2020-11-06,4.7023,4.7753,4.689,4.7687,5184100
2020-11-09,4.7687,4.8218,4.6956,4.7288,4107900
2020-11-10,4.8019,5.0875,4.8019,5.0875,30397300
2020-11-11,5.0875,5.1074,4.948,5.1074,11143500
2020-11-12,5.1008,5.2137,5.0476,5.1804,17048000
2020-11-13,5.1472,5.2668,5.0875,5.2668,10653600
2020-11-16,5.2668,5.4129,5.2004,5.4063,12784100
2020-11-17,5.4328,5.5457,5.4195,5.5125,15747400
2020-11-18,5.5125,5.5125,5.393,5.466,13471400
2020-11-19,5.4395,5.4395,5.3133,5.3797,9308600
2020-11-20,5.3664,5.4727,5.3266,5.4195,6936600
2020-11-23,5.3863,5.4129,5.3465,5.3797,7869700
2020-11-24,5.3797,5.4395,5.3797,5.3996,7592700
2020-11-25,5.4129,5.4727,5.3996,5.4594,9645100
2020-11-26,5.4461,5.4461,5.4063,5.4395,3544300
2020-11-27,5.4395,5.5457,5.393,5.5059,9378500
2020-11-30,5.5059,5.5125,5.2469,5.2469,17430800
2020-12-01,5.3266,5.4727,5.3266,5.4395,6811600
2020-12-02,5.4594,5.5125,5.4195,5.4926,9443700
2020-12-03,5.4926,5.5325,5.3,5.5125,7955200
2020-12-04,5.5125,5.5391,5.4461,5.4461,4875200
2020-12-07,5.466,5.5125,5.466,5.4926,2824900
2020-12-08,5.4926,5.5059,5.4594,5.4727,3306500
2020-12-09,5.486,5.5922,5.4461,5.5657,8833200
2020-12-10,5.5789,5.6454,5.5657,5.5657,7790900
2020-12-11,5.5789,5.9442,5.5789,5.9177,26438900
2020-12-14,5.9177,5.9841,5.838,5.911,7556400
2020-12-15,5.8778,5.931,5.8313,5.8778,7052400
2020-12-16,5.9243,5.9774,5.8247,5.8513,10156600
2020-12-17,5.8749,5.8951,5.8074,5.8681,4314300
2020-12-18,5.8681,5.8681,5.6725,5.7062,9748200
2020-12-21,5.7062,5.7197,5.632,5.7197,3251900
2020-12-22,5.6927,5.6927,5.5713,5.6658,4354300
2020-12-23,5.632,5.7467,5.5983,5.7265,3664800
2020-12-24,5.7265,5.7602,5.6725,5.6927,2088500
2020-12-28,5.6995,5.8276,5.6995,5.7602,1905500
2020-12-29,5.7602,5.7939,5.7467,5.7872,2295900
2020-12-30,5.7669,5.8007,5.7332,5.7804,2955500
2020-12-31,5.7939,5.7939,5.7062,5.7062,4648700
2021-01-04,5.713,5.7197,5.6186,5.632,4278900
2021-01-05,5.6253,5.6388,5.5376,5.6051,5386900
2021-01-06,5.6051,5.632,5.5309,5.5578,4014500
2021-01-07,5.5309,5.5848,5.4229,5.5848,13503300
2021-01-08,5.5578,5.6658,5.4634,5.6658,9074600
2021-01-11,5.5848,5.5848,5.4702,5.5241,11171200
2021-01-12,5.4971,5.5039,5.3825,5.396,11813300
2021-01-13,5.3892,5.6253,5.3825,5.5983,10369600
2021-01-14,5.5983,5.6995,5.5646,5.632,6579300
2021-01-15,5.6253,5.6253,5.5511,5.5646,4000100
2021-01-18,5.5578,5.5578,5.4499,5.4499,4324100
2021-01-19,5.4634,5.5646,5.4499,5.4634,5366400
2021-01-20,5.4634,5.5646,5.4567,5.4567,7817100
2021-01-21,5.4702,5.5039,5.4297,5.4297,4667700
2021-01-22,5.4364,5.4904,5.396,5.396,6342400
2021-01-25,5.396,5.4095,5.315,5.315,9196100
2021-01-26,5.3622,5.4095,5.2746,5.2746,7729900
2021-01-27,5.2948,5.369,5.288,5.3083,8484000
2021-01-29,5.3083,5.3622,5.2543,5.2678,13896200
2021-02-02,5.315,5.4095,5.2813,5.2948,6448200
2021-02-03,5.3285,5.4364,5.3218,5.3555,9579700
2021-02-04,5.3622,5.3892,5.315,5.3218,5076300
2021-02-05,5.3285,5.3555,5.2813,5.3015,5408600
2021-02-08,5.315,5.3622,5.2813,5.2813,5252200
2021-02-09,5.2948,5.3757,5.288,5.3622,5365000
2021-02-10,5.3757,5.4499,5.3757,5.4162,7475100
2021-02-11,5.4364,5.4499,5.3622,5.3825,3390100
2021-02-15,5.4162,5.5039,5.396,5.4769,4748800
2021-02-16,5.4837,5.5174,5.4837,5.4904,4177400
2021-02-17,5.4904,5.4904,5.4095,5.4567,7644900
2021-02-18,5.4432,5.4567,5.3488,5.3488,9704700
2021-02-19,5.3555,5.4162,5.3353,5.4162,5579100
2021-02-22,5.396,5.4095,5.3622,5.3622,4627200
2021-02-23,5.369,5.4095,5.3218,5.3218,9613100
2021-02-24,5.3353,5.4634,5.3218,5.3218,12885600
2021-02-25,5.3622,5.4971,5.3622,5.4567,16263400
2021-02-26,5.4702,5.5444,5.396,5.4162,20831500
2021-03-01,5.4432,5.5106,5.4297,5.4364,9984200
2021-03-02,5.4702,5.5174,5.4364,5.4499,8240500
2021-03-03,5.4634,5.5039,5.4499,5.4904,9817100
2021-03-04,5.4904,5.5781,5.4634,5.5309,11990300
2021-03-05,5.5578,5.6388,5.5241,5.6388,9727800
2021-03-08,5.6523,5.8007,5.6455,5.7332,13686100
2021-03-09,5.7467,5.7737,5.6995,5.7332,9520000
2021-03-10,5.7332,5.7939,5.7332,5.7602,7239100
2021-03-11,5.7669,5.8007,5.7467,5.7669,7219000
2021-03-12,5.7872,5.7872,5.6658,5.6658,7715100
2021-03-15,5.6995,5.7669,5.6927,5.7197,7028600
2021-03-16,5.7197,5.7602,5.6995,5.7197,3370300
2021-03-17,5.6927,5.6995,5.632,5.632,6161200
2021-03-18,5.6455,5.686,5.6388,5.6455,7584300
2021-03-19,5.659,5.6927,5.6388,5.6523,12600300
2021-03-22,5.6523,5.659,5.6186,5.6186,4025800
2021-03-23,5.6253,5.632,5.5781,5.5781,3471100
2021-03-24,5.5781,5.5916,5.5444,5.5578,5975900
2021-03-25,5.5713,5.5916,5.5511,5.5511,4579300
2021-03-26,5.5578,5.5848,5.5376,5.5646,5856200
2021-03-29,5.5646,5.6658,5.5646,5.6523,3973500
2021-03-30,5.659,5.713,5.6253,5.6658,6302800
2021-03-31,5.6658,5.7062,5.5376,5.5646,12314000
2021-04-01,5.5713,5.6118,5.5511,5.5646,5909200
2021-04-02,5.5781,5.5848,5.5511,5.5646,4477000
2021-04-05,5.5713,5.6455,5.5713,5.6253,1791200
2021-04-06,5.632,5.632,5.5781,5.6051,3771700
2021-04-07,5.6253,5.7197,5.5983,5.7197,5912500
2021-04-08,5.6658,5.686,5.5848,5.5848,8152000
2021-04-09,5.5916,5.6118,5.5781,5.5916,4045100
2021-04-12,5.5983,5.6388,5.5781,5.6118,7651200
2021-04-13,5.6118,5.632,5.6051,5.6118,3358300
2021-04-14,5.632,5.659,5.5983,5.6051,4923600
2021-04-15,5.6051,5.632,5.5848,5.5983,5653200
2021-04-16,5.5983,5.5983,5.5781,5.5848,4849100
2021-04-19,5.5848,5.5983,5.5646,5.5848,4344400
2021-04-20,5.5848,5.6523,5.5713,5.6051,6040200
2021-04-21,5.5983,5.6186,5.5848,5.5983,2988800
2021-04-22,5.5983,5.6186,5.5781,5.5848,3373100
2021-04-23,5.5848,5.5916,5.5646,5.5713,6875400
2021-04-26,5.5781,5.6388,5.5646,5.6388,6291500
2021-04-27,5.632,5.632,5.5646,5.5713,7047700
2021-04-28,5.5781,5.5916,5.5578,5.5646,6723000
2021-04-30,5.5713,5.5916,5.5511,5.5511,9533600
2021-05-03,5.5511,5.5848,5.5376,5.5781,2145800
2021-05-04,5.5781,5.5916,5.5511,5.5578,4962700
2021-05-05,5.5646,5.5713,5.5376,5.5376,4564100
2021-05-06,5.5444,5.5578,5.5039,5.5511,5176100
2021-05-07,5.5646,5.5848,5.5309,5.5578,1872500
2021-05-10,5.5511,5.5713,5.5444,5.5578,3097200
2021-05-11,5.5444,5.5578,5.5106,5.5241,3566700
2021-05-12,5.5241,5.5646,5.5174,5.5376,4726000
2021-05-17,5.5848,5.632,5.5781,5.5983,9066100
2021-05-18,5.6051,5.6658,5.5983,5.659,5955900
2021-05-19,5.659,5.6658,5.5578,5.5848,7296500
2021-05-20,5.5848,5.632,5.5713,5.5781,5620400
2021-05-21,5.5781,5.6186,5.5444,5.5578,6898000
2021-05-24,5.5781,5.6455,5.5781,5.6253,7530500
2021-05-25,5.6253,5.6388,5.6186,5.6186,6553800
2021-05-27,5.659,5.6658,5.6186,5.6186,28611100
2021-05-28,5.6574,5.813,5.6433,5.7989,22509100
2021-05-31,5.7282,5.7847,5.7282,5.7847,6539300
2021-06-01,5.7706,5.813,5.7494,5.7989,5763500
2021-06-02,5.7989,5.8696,5.7918,5.8272,8132100
2021-06-03,5.8272,5.8484,5.7847,5.7989,4994700
2021-06-04,5.813,5.813,5.7706,5.7777,7168500
2021-06-08,5.7918,5.8342,5.7777,5.7989,9830400
2021-06-09,5.7918,5.8201,5.7777,5.7989,4842300
2021-06-10,5.7918,5.813,5.7706,5.7847,4762200
2021-06-11,5.806,5.813,5.7706,5.7847,4793400
2021-06-14,5.7989,5.8272,5.7847,5.7918,6609300
2021-06-15,5.8201,5.8272,5.7918,5.7989,6900700
2021-06-16,5.7989,5.813,5.7777,5.7777,7760600
2021-06-17,5.8201,5.8201,5.7706,5.7777,6170200
2021-06-18,5.7777,5.813,5.7706,5.7989,11846400
2021-06-21,5.7847,5.7918,5.7635,5.7847,3995600
2021-06-22,5.7847,5.813,5.7847,5.7989,5855400
2021-06-23,5.7989,5.806,5.7847,5.7989,4422800
2021-06-24,5.806,5.813,5.7918,5.7989,5110600
2021-06-25,5.7989,5.806,5.7706,5.7918,3132700
2021-06-28,5.7847,5.7918,5.7423,5.7565,5188900
2021-06-29,5.7423,5.7635,5.7423,5.7494,6639200
2021-06-30,5.7494,5.7706,5.7282,5.7352,9913200
2021-07-01,5.7352,5.7847,5.7352,5.7352,5707500
2021-07-02,5.7352,5.7635,5.7282,5.7352,3792200
2021-07-05,5.7423,5.7494,5.7211,5.7494,4517300
2021-07-06,5.7494,5.7635,5.7282,5.7282,5398800
2021-07-07,5.7282,5.7352,5.6999,5.6999,6667600
2021-07-08,5.6999,5.7069,5.6574,5.6787,5489500
2021-07-09,5.6787,5.7494,5.6787,5.7494,4149500
2021-07-12,5.7635,5.7635,5.6928,5.6999,4046500
2021-07-13,5.7069,5.7423,5.6928,5.6999,2969800
2021-07-14,5.7069,5.7211,5.6787,5.6928,5611500
2021-07-15,5.6928,5.7282,5.6928,5.6928,5099300
2021-07-16,5.6999,5.714,5.6645,5.6928,3933100
2021-07-19,5.6928,5.7352,5.6787,5.6787,5532200
2021-07-21,5.6787,5.714,5.6645,5.6645,5436800
2021-07-22,5.6787,5.7069,5.6716,5.6857,4193400
2021-07-23,5.6928,5.714,5.6716,5.6787,4552900
2021-07-26,5.6787,5.6857,5.6574,5.6574,3786200
2021-07-27,5.6716,5.6787,5.6574,5.6574,4056200
2021-07-28,5.6574,5.6857,5.6504,5.6857,3770900
2021-07-29,5.6857,5.7282,5.6787,5.6857,6320100
2021-07-30,5.714,5.714,5.6645,5.6645,12356100
2021-08-02,5.6645,5.6857,5.6504,5.6504,7272200
2021-08-03,5.6574,5.6928,5.6504,5.6928,4082500
2021-08-04,5.6716,5.6857,5.6574,5.6645,4772100
2021-08-05,5.6716,5.7352,5.6716,5.6857,5421300
2021-08-06,5.6857,5.6928,5.6433,5.6433,5063800
2021-08-09,5.6574,5.6787,5.6504,5.6574,4170800
2021-08-11,5.6716,5.7282,5.6716,5.6787,5048100
2021-08-12,5.6716,5.6857,5.6504,5.6645,6482900
2021-08-13,5.6645,5.6928,5.6574,5.6928,3416500
2021-08-16,5.6645,5.6999,5.6645,5.6999,4245300
2021-08-17,5.714,5.7847,5.7069,5.7565,7986800
2021-08-18,5.7706,5.7706,5.7282,5.7565,3219500
2021-08-19,5.7494,5.7494,5.6999,5.7211,3378800
2021-08-20,5.7352,5.7635,5.7282,5.7423,2481700
2021-08-23,5.7423,5.7847,5.7423,5.7777,2740300
2021-08-24,5.7777,5.8837,5.7706,5.8837,11958400
2021-08-25,5.8837,5.9332,5.8767,5.8908,6494900
2021-08-26,5.8908,5.9827,5.8625,5.9757,15585500
2021-08-27,5.9757,6.004,5.905,5.9191,8277800
2021-08-30,5.9403,5.9757,5.9191,5.9403,15745800
2021-09-01,6.011,6.011,5.8696,5.8696,11580300
2021-09-02,5.8696,5.8908,5.8484,5.8484,5935100
2021-09-03,5.8696,5.9191,5.8625,5.912,5150600
2021-09-06,5.9191,5.9403,5.8767,5.8908,3099900
2021-09-07,5.8908,5.912,5.8413,5.8484,7448400
2021-09-08,5.8484,5.8908,5.8484,5.8767,6840800
2021-09-09,5.8767,5.905,5.8342,5.8413,8835400
2021-09-10,5.8555,5.8837,5.8555,5.8625,5578400
2021-09-13,5.8696,5.8979,5.8625,5.8696,5751800
2021-09-14,5.8696,5.8979,5.8555,5.8625,7729300
2021-09-15,5.8625,5.8908,5.8484,5.8625,6305200
2021-09-17,5.8696,5.8696,5.8342,5.8342,11992200
2021-09-20,5.8555,5.8696,5.8342,5.8696,5948500
2021-09-21,5.8696,5.8979,5.8555,5.8908,6102200
2021-09-22,5.9274,5.942,5.8908,5.9274,8966000
2021-09-23,5.9274,5.964,5.9274,5.964,5206600
2021-09-24,5.964,5.964,5.8981,5.9274,6052400
2021-09-27,5.9274,5.942,5.9055,5.9274,4951500
2021-09-28,5.9274,5.942,5.9055,5.9274,5055200
2021-09-29,5.9201,5.9347,5.9055,5.9274,6080200
2021-09-30,5.9274,5.9274,5.8908,5.8908,12922100
2021-10-01,5.8908,5.9201,5.8689,5.8908,7229500
2021-10-04,5.8981,5.9128,5.8689,5.8762,4843500
2021-10-05,5.8908,5.8908,5.8542,5.8615,8490700
2021-10-06,5.8689,5.9274,5.8689,5.9128,7276700
2021-10-07,5.9128,5.9201,5.8689,5.8908,8429600
2021-10-08,5.8908,5.942,5.8762,5.8908,8794200
2021-10-11,5.8981,5.9933,5.8981,5.9713,7430400
2021-10-12,5.9786,6.0664,5.9494,6.0225,10727500
2021-10-13,6.0591,6.1104,6.0299,6.0664,10062000
2021-10-14,6.0738,6.0811,6.0372,6.0591,4068600
2021-10-15,6.0518,6.0884,6.0518,6.0591,4919300
2021-10-18,6.0884,6.1103,6.0664,6.0811,8260000
2021-10-20,6.1103,6.1103,6.0738,6.0811,5894400
2021-10-21,6.0664,6.0738,6.0006,6.0006,16989400
2021-10-22,5.964,6.0152,5.9274,5.964,5929700
2021-10-25,5.9786,6.0225,5.964,5.964,7072100
2021-10-26,5.9786,5.9859,5.942,5.942,6927900
2021-10-27,5.964,5.9859,5.9494,5.9494,6212600
2021-10-28,5.9494,5.9786,5.9274,5.9347,6856900
2021-10-29,5.964,5.964,5.8908,5.8908,12744800
2021-11-01,5.8762,5.8762,5.8469,5.8469,19994700
2021-11-02,5.8542,5.8981,5.8469,5.8469,14166400
2021-11-03,5.8615,5.8908,5.8542,5.8542,6587600
2021-11-05,5.8981,5.8981,5.8469,5.8615,7442600
2021-11-08,5.8689,5.8908,5.8469,5.8615,6504600
2021-11-09,5.8615,5.8762,5.8469,5.8469,5564700
2021-11-10,5.8542,5.8542,5.8396,5.8469,3811100
2021-11-11,5.8542,5.8762,5.8469,5.8542,9120000
2021-11-12,5.8835,5.9494,5.8835,5.9347,21463000
2021-11-15,5.9347,6.0006,5.8981,5.9274,5426000
2021-11-16,5.942,5.9494,5.8981,5.9201,9802500
2021-11-17,5.9274,5.942,5.8908,5.9055,7211100
2021-11-18,5.8981,5.9055,5.8835,5.8835,4650900
2021-11-19,5.8908,5.9128,5.8762,5.9128,5583400
2021-11-22,5.9274,5.9786,5.9055,5.964,7744700
2021-11-23,5.964,5.9713,5.942,5.9713,5921300
2021-11-24,5.9786,5.9786,5.9274,5.942,5761000
2021-11-25,5.9713,5.9786,5.9274,5.9347,6947800
2021-11-26,5.942,5.942,5.9055,5.9274,7883200
2021-11-29,5.8908,5.9128,5.8542,5.8908,14506700
2021-11-30,5.8908,5.9055,5.8396,5.8396,69689000
2021-12-01,5.8396,5.8469,5.8103,5.8176,17852900
2021-12-02,5.8176,5.8396,5.7591,5.8176,15650300
2021-12-06,5.8176,5.8835,5.7957,5.8469,6915900
2021-12-07,5.8542,5.9274,5.8542,5.9274,4972100
2021-12-08,5.9347,5.9713,5.8835,5.9274,6946700
2021-12-09,5.9494,5.9567,5.8981,5.9347,6248700
2021-12-10,5.9347,5.964,5.9347,5.942,8790000
2021-12-13,5.964,6.0006,5.9567,5.9859,5392900
2021-12-14,5.964,5.9713,5.9128,5.9201,8446500
2021-12-15,5.9274,5.964,5.9055,5.9274,4590400
2021-12-16,5.942,5.9786,5.9128,5.9347,6164900
2021-12-17,5.9274,5.942,5.8908,5.9128,15061100
2021-12-20,5.9055,5.9494,5.8981,5.9347,3592900
2021-12-21,5.942,5.964,5.9128,5.9567,5696000
2021-12-22,5.9567,6.0152,5.9567,6.0152,5398200
2021-12-23,6.0006,6.0372,5.9933,6.0372,3810600
2021-12-24,6.0372,6.0372,6.0079,6.0372,989400
2021-12-27,6.0372,6.0738,6.0079,6.0738,3564900
2021-12-28,6.0738,6.0738,6.0591,6.0738,3159600
2021-12-29,6.0664,6.0957,6.0591,6.0957,4337000
2021-12-30,6.0884,6.0957,6.0518,6.0738,4792600
2021-12-31,6.0664,6.0738,6.0079,6.0738,7968500
2022-01-03,6.0664,6.103,6.0445,6.0957,1600100
2022-01-04,6.0957,6.1177,6.0738,6.1177,3812600
2022-01-05,6.1103,6.1177,6.0811,6.1103,4009700
2022-01-06,6.1177,6.1177,6.0664,6.0738,4650200
2022-01-07,6.0738,6.0884,6.0518,6.0884,4304200
2022-01-10,6.0884,6.1103,6.0591,6.103,5194100
2022-01-11,6.0957,6.2201,6.0884,6.2201,13400500
2022-01-12,6.2128,6.2201,6.1469,6.1543,5230400
2022-01-13,6.1543,6.2201,6.1469,6.2201,6076700
2022-01-14,6.2055,6.2055,6.1616,6.1908,3803500
2022-01-17,6.1835,6.2055,6.1396,6.1543,6514300
2022-01-19,6.2128,6.2128,6.0811,6.0884,9284300
2022-01-20,6.0811,6.0884,6.0445,6.0591,5697900
2022-01-21,6.0591,6.0738,6.0372,6.0591,3697500
2022-01-24,6.0299,6.0445,6.0006,6.0372,6793500
2022-01-25,6.0006,6.0225,5.9786,6.0225,7623000
2022-01-26,6.0225,6.0738,6.0225,6.0738,4861300
2022-01-27,6.0738,6.0884,6.0591,6.0738,6740500
2022-01-28,6.0738,6.103,6.0591,6.0811,5973400
2022-01-31,6.0738,6.0811,6.0518,6.0518,6030000
2022-02-03,6.0664,6.1103,6.0664,6.0884,7871200
2022-02-04,6.0811,6.0884,6.0372,6.0445,4343900
2022-02-07,6.0445,6.0957,6.0445,6.0957,6537000
2022-02-08,6.1103,6.1323,6.0957,6.1103,3130200
2022-02-09,6.1103,6.2201,6.1103,6.2201,10869700
2022-02-10,6.2128,6.2567,6.1908,6.2567,8871500
2022-02-11,6.2348,6.2787,6.2128,6.2713,5725500
2022-02-14,6.264,6.2933,6.2348,6.2933,5044600
2022-02-15,6.2933,6.3079,6.264,6.3079,7698400
2022-02-16,6.3299,6.3957,6.3299,6.3592,8043400
2022-02-17,6.3738,6.3957,6.3518,6.3518,6343500
2022-02-18,6.3445,6.3518,6.3079,6.3372,5278200
2022-02-21,6.3445,6.4396,6.3445,6.4396,14516800
2022-02-22,6.4323,6.4323,6.3372,6.3811,7153400
2022-02-23,6.3738,6.4323,6.3738,6.4177,6897000
2022-02-24,6.4177,6.4177,6.3006,6.3665,12256600
2022-02-25,6.4396,6.5421,6.4104,6.4982,19982800
2022-02-28,6.4982,6.5494,6.4104,6.4104,23797300
2022-03-01,6.4396,6.586,6.4177,6.5128,17200200
2022-03-02,6.5128,6.5714,6.5055,6.5421,11439700
2022-03-03,6.5787,6.6738,6.5421,6.6738,22234100
2022-03-04,6.6738,6.6738,6.5641,6.586,11629000
2022-03-07,6.586,6.6006,6.4104,6.4323,16825000
2022-03-08,6.425,6.4762,6.4031,6.4396,17459400
2022-03-09,6.4397,6.4616,6.4104,6.447,12103800
2022-03-10,6.4836,6.5714,6.4836,6.5494,9845200
2022-03-11,6.5494,6.5641,6.4762,6.5201,13078000
2022-03-14,6.5201,6.5201,6.5201,6.5201,0
2022-03-15,6.5275,6.608,6.5275,6.5641,15373900
2022-03-16,6.6322,6.7382,6.6322,6.7382,18507400
2022-03-17,6.7382,6.8442,6.7306,6.7988,25559900
2022-03-18,6.8063,6.8442,6.7685,6.829,48769300
2022-03-21,6.8139,6.8215,6.6852,6.7003,8993500
2022-03-22,6.7003,6.7382,6.6776,6.6852,7968000
2022-03-23,6.6852,6.776,6.6852,6.7685,6696300
2022-03-24,6.7685,6.7988,6.7533,6.7988,7216900
2022-03-25,6.7912,6.8063,6.723,6.7382,4076600
2022-03-28,6.776,6.7988,6.7458,6.7836,5655400
2022-03-29,6.7836,6.7836,6.7003,6.7382,9036200
2022-03-30,6.7609,6.7988,6.723,6.723,6513000
2022-03-31,6.7382,6.7988,6.7306,6.7685,13186100
2022-04-01,6.7836,6.8063,6.7533,6.7988,7608600
2022-04-04,6.7988,6.7988,6.7685,6.7836,6324100
2022-04-05,6.776,6.7988,6.7079,6.7079,7373300
2022-04-06,6.7003,6.7685,6.7003,6.7306,6850400
2022-04-07,6.7306,6.7306,6.6852,6.6852,10373800
2022-04-08,6.7003,6.7079,6.6776,6.7003,5400400
2022-04-11,6.7003,6.7306,6.6928,6.7003,3598100
2022-04-12,6.6928,6.7306,6.6776,6.6776,7898300
2022-04-13,6.6776,6.7079,6.67,6.6928,6144300
2022-04-14,6.6928,6.7079,6.6776,6.6852,5961300
2022-04-15,6.6852,6.6852,6.6549,6.6549,3371900
2022-04-18,6.6625,6.67,6.6246,6.6246,5627900
2022-04-20,6.6398,6.6928,6.6398,6.6625,8520700
2022-04-21,6.6625,6.7533,6.6625,6.723,5070400
2022-04-22,6.723,6.7836,6.723,6.7685,12667800
2022-04-25,6.7458,6.7609,6.723,6.7306,5353000
2022-04-26,6.7306,6.7988,6.7306,6.776,11014100
2022-04-27,6.7685,6.829,6.7458,6.7988,8299600
2022-04-28,6.8896,6.8896,6.8139,6.8442,13334200
2022-04-29,6.8518,6.8745,6.7988,6.8669,6499400
2022-05-05,6.8972,6.8972,6.8063,6.8063,14471800
2022-05-06,6.829,6.8517,6.7836,6.8139,16531400
2022-05-09,6.8139,6.8517,6.7912,6.8139,8082600
2022-05-10,6.8139,6.8215,6.7912,6.8139,10344400
2022-05-11,6.8139,6.8896,6.8063,6.8896,9939200
2022-05-12,6.8896,6.9502,6.8442,6.8669,11698100
2022-05-13,6.8593,6.8593,6.776,6.7836,9013100
2022-05-17,6.8063,6.8063,6.723,6.776,13757500
2022-05-18,6.7836,6.8366,6.7306,6.8063,12894500
2022-05-19,6.8139,6.8139,6.776,6.7988,8624000
2022-05-20,6.8063,6.8215,6.7836,6.7836,8031800
2022-05-23,6.7836,6.8139,6.776,6.7988,6697500
2022-05-24,6.7988,6.8063,6.776,6.7836,5997700
2022-05-25,6.7988,6.7988,6.7609,6.7836,5495700
2022-05-26,6.7836,6.8366,6.7836,6.7988,8098900
2022-05-27,6.7912,6.8063,6.7609,6.8063,4576400
2022-05-30,6.7988,6.8139,6.7912,6.7988,3510600
2022-05-31,6.7988,6.8896,6.7609,6.8896,24283800
2022-06-01,6.8366,6.8366,6.7306,6.7306,10000200
2022-06-02,6.776,6.7836,6.7533,6.7685,3888000
2022-06-03,6.7685,6.776,6.723,6.723,6678900
2022-06-07,6.7306,6.7458,6.6928,6.6928,6161000
2022-06-08,6.7155,6.7306,6.6928,6.6928,5121400
2022-06-09,6.7003,6.7155,6.6625,6.6625,7299500
2022-06-10,6.6625,6.67,6.6246,6.6246,5540600
2022-06-13,6.5943,6.6019,6.5111,6.5716,9847100
2022-06-14,6.5413,6.6019,6.5186,6.5716,12044600
2022-06-15,6.5716,6.5792,6.5111,6.5338,6405300
2022-06-16,6.5641,6.6019,6.5565,6.6019,5464600
2022-06-17,6.5565,6.723,6.5338,6.723,15701800
2022-06-20,6.6398,6.6473,6.5489,6.5489,4966600
2022-06-21,6.5489,6.5641,6.5111,6.5489,8874500
2022-06-22,6.5489,6.5489,6.5111,6.5111,10588900
2022-06-23,6.5035,6.5338,6.4353,6.4808,4106500
2022-06-24,6.4808,6.5186,6.4732,6.5111,4508500
2022-06-27,6.5413,6.5565,6.4808,6.4959,3108000
2022-06-28,6.4959,6.5641,6.4808,6.5413,10031100
2022-06-29,6.5262,6.5565,6.5111,6.5489,7588600
2022-06-30,6.5489,6.5565,6.4883,6.5035,9486800
2022-07-01,6.4883,6.5338,6.4808,6.5262,3724200
2022-07-04,6.5111,6.5489,6.4883,6.5111,2575800
2022-07-05,6.5186,6.5489,6.5035,6.5186,5958100
2022-07-06,6.5262,6.5716,6.5111,6.5262,7664500
2022-07-07,6.5262,6.5489,6.4959,6.4959,8578000
2022-07-08,6.5111,6.5413,6.5111,6.5262,2318300
2022-07-12,6.5262,6.5489,6.5186,6.5413,6454000
2022-07-13,6.5262,6.5338,6.4959,6.5186,6351800
2022-07-14,6.5111,6.5489,6.5111,6.5262,5360900
2022-07-15,6.5262,6.5262,6.4959,6.5035,2147100
2022-07-18,6.5111,6.5186,6.4808,6.4959,4454300
2022-07-19,6.4959,6.5035,6.4732,6.4808,3887700
2022-07-20,6.4883,6.5186,6.4883,6.5111,3442400
2022-07-21,6.5186,6.617,6.5186,6.5868,5902300
2022-07-22,6.6095,6.6928,6.6095,6.67,6858400
2022-07-25,6.6625,6.67,6.6246,6.6625,3774900
2022-07-26,6.6625,6.6625,6.6322,6.6549,5389100
2022-07-27,6.6549,6.6852,6.6473,6.6625,4439100
2022-07-28,6.6776,6.7003,6.6473,6.7003,7911500
2022-07-29,6.7003,6.7079,6.6852,6.7079,6251300
2022-08-01,6.7155,6.7155,6.6852,6.7155,5326700
2022-08-02,6.7155,6.723,6.6852,6.723,5583500
2022-08-03,6.6852,6.7079,6.67,6.6852,5472400
2022-08-04,6.6852,6.7382,6.6852,6.7382,10733300
2022-08-05,6.7306,6.7306,6.6928,6.7306,7493700
2022-08-08,6.7382,6.7382,6.7155,6.723,3227000
2022-08-09,6.7306,6.7685,6.723,6.7306,4560000
2022-08-10,6.7382,6.7533,6.723,6.7382,8167900
2022-08-11,6.7458,6.7912,6.7458,6.7685,9179100
2022-08-12,6.776,6.8139,6.776,6.7912,9174500
2022-08-15,6.7912,6.8063,6.7458,6.7458,5851400
2022-08-16,6.7533,6.8063,6.7382,6.7912,10501000
2022-08-17,6.7988,6.8366,6.7685,6.7912,8606400
2022-08-18,6.7912,6.829,6.7685,6.776,7366500
2022-08-19,6.776,6.7912,6.7382,6.7533,3313100
2022-08-22,6.7382,6.7458,6.7003,6.7155,6213100
2022-08-23,6.7079,6.7155,6.6776,6.6852,4518400
2022-08-24,6.6852,6.7155,6.6625,6.67,10754100
2022-08-25,6.7003,6.7079,6.6776,6.6928,12236200
2022-08-26,6.6928,6.7912,6.6852,6.7458,9472400
2022-08-29,6.7155,6.7988,6.7155,6.7685,6908200
2022-08-30,6.7609,6.7988,6.7458,6.7912,16918100
2022-09-01,6.776,6.8063,6.7382,6.7458,12497100
2022-09-02,6.7533,6.7912,6.7458,6.7609,6213800
2022-09-05,6.7609,6.7988,6.7458,6.7685,4605700
2022-09-06,6.7685,6.8063,6.7382,6.7382,6615200
2022-09-07,6.7685,6.7685,6.7458,6.7609,3679900
2022-09-08,6.776,6.7912,6.7609,6.776,6305100
2022-09-09,6.776,6.8139,6.776,6.7912,7766200
2022-09-12,6.8139,6.8366,6.7912,6.8063,5265200
2022-09-13,6.8139,6.829,6.7533,6.7533,8180900
2022-09-14,6.7382,6.776,6.6928,6.7003,8516800
2022-09-15,6.7079,6.7609,6.7079,6.7079,16256600
2022-09-19,6.7235,6.7626,6.7157,6.747,10516900
2022-09-20,6.7626,6.8095,6.7392,6.8017,13167600
2022-09-21,6.7939,6.833,6.7626,6.8252,12824000
2022-09-22,6.8017,6.833,6.7704,6.8095,9821800
2022-09-23,6.8095,6.8174,6.7861,6.7939,6231400
2022-09-26,6.7861,6.7939,6.6923,6.7157,8102800
2022-09-27,6.7157,6.7314,6.6688,6.7001,13257100
2022-09-28,6.7079,6.7157,6.6766,6.6923,14998200
2022-09-29,6.7001,6.7314,6.6688,6.6923,10921500
2022-09-30,6.6844,6.7079,6.661,6.7079,13665700
2022-10-03,6.7079,6.7392,6.6688,6.7235,6345600
2022-10-04,6.7235,6.7939,6.7235,6.7861,7446200
2022-10-05,6.7861,6.8174,6.7783,6.8017,7544600
2022-10-06,6.8095,6.8174,6.7704,6.7783,6092500
2022-10-07,6.8017,6.8017,6.7392,6.7626,5115500
2022-10-11,6.7001,6.7079,6.575,6.5984,13658000
2022-10-12,6.6063,6.661,6.5984,6.6532,12017800
2022-10-13,6.6454,6.6532,6.6219,6.6219,6868100
2022-10-14,6.6454,6.661,6.6063,6.6063,9162100
2022-10-17,6.6141,6.6688,6.6141,6.661,7178100
2022-10-18,6.661,6.6844,6.6297,6.6532,8438500
2022-10-19,6.661,6.6844,6.6532,6.6844,5678000
2022-10-20,6.6844,6.7235,6.6532,6.7235,17687500
2022-10-21,6.7235,6.8408,6.7001,6.7704,5264000
2022-10-25,6.7939,6.8799,6.7626,6.7861,11102300
2022-10-26,6.8174,6.8408,6.7861,6.8017,4901500
2022-10-27,6.8095,6.833,6.7783,6.7861,9727200
2022-10-28,6.7861,6.7861,6.6923,6.7079,9980500
2022-10-31,6.7235,6.7783,6.7001,6.7157,13458200
2022-11-01,6.7235,6.7314,6.6532,6.6766,8463200
2022-11-02,6.7079,6.7235,6.6375,6.6766,14217100
2022-11-03,6.6923,6.6923,6.5515,6.575,15120000
2022-11-04,6.5906,6.6454,6.5906,6.6063,14252300
2022-11-07,6.6454,6.661,6.6063,6.6297,7544600
2022-11-08,6.6454,6.661,6.6297,6.6454,7659200
2022-11-09,6.6454,6.7783,6.6375,6.747,11826300
2022-11-10,6.7392,6.7861,6.7235,6.7548,6787700
2022-11-11,6.7939,6.8252,6.7157,6.7235,12681900
2022-11-14,6.7235,6.7392,6.6923,6.7157,7450800
2022-11-15,6.7157,6.7157,6.6297,6.6454,11820600
2022-11-16,6.6454,6.661,6.6063,6.6532,5543400
2022-11-17,6.661,6.6923,6.6532,6.6923,8101600
2022-11-21,6.6923,6.7001,6.6454,6.6766,13127000
2022-11-22,6.6766,6.7235,6.661,6.6766,9165900
2022-11-23,6.661,6.7079,6.6532,6.6844,5063000
2022-11-24,6.7939,6.9112,6.7626,6.8486,26437100
2022-11-25,6.8721,6.9034,6.7704,6.7783,14156200
2022-11-29,6.7783,6.8408,6.7704,6.8017,13796900
2022-11-30,6.8017,6.8017,6.7392,6.747,24418800
2022-12-01,6.7626,6.8017,6.7157,6.7392,13787500
2022-12-02,6.7392,6.7392,6.6844,6.7079,14812800
2022-12-05,6.7157,6.7235,6.6688,6.7079,7507800
2022-12-06,6.7001,6.7548,6.6923,6.7314,6061300
2022-12-07,6.7392,6.8017,6.7001,6.7626,5247500
2022-12-08,6.7392,6.7704,6.7235,6.7392,6500200
2022-12-09,6.7548,6.7939,6.7235,6.7939,5168200
2022-12-12,6.8017,6.8017,6.7548,6.8017,3534200
2022-12-13,6.7939,6.8486,6.7783,6.8408,6300100
2022-12-14,6.8408,6.8643,6.8174,6.8564,5615300
2022-12-15,6.8564,6.8721,6.7783,6.8017,7569200
2022-12-16,6.7704,6.8252,6.7626,6.8174,7126000
2022-12-19,6.8174,6.8174,6.7861,6.8095,6689900
2022-12-20,6.8095,6.8252,6.7861,6.8017,3594600
2022-12-21,6.8017,6.8643,6.8017,6.8643,2914600
2022-12-22,6.8643,6.8643,6.7939,6.8095,2812200
2022-12-23,6.8095,6.8643,6.7861,6.8643,2805500
2022-12-27,6.8486,6.8721,6.7548,6.7548,5169900
2022-12-28,6.7626,6.8174,6.7001,6.8095,8294200
2022-12-29,6.7783,6.8408,6.747,6.833,5176600
2022-12-30,6.8408,6.8643,6.7704,6.8017,11372700
2023-01-03,6.7783,6.8174,6.7548,6.8095,2945000
2023-01-04,6.8095,6.8252,6.7783,6.8095,5769800
2023-01-05,6.8174,6.8643,6.8095,6.8643,4995300
2023-01-06,6.8643,6.8721,6.8252,6.8564,2335800
2023-01-09,6.8721,6.8955,6.8564,6.8799,8902300
2023-01-10,6.8799,6.9034,6.8486,6.8721,9589500
2023-01-11,6.8721,6.919,6.8564,6.9034,9458400
2023-01-12,6.9112,6.919,6.8799,6.8799,8251400
2023-01-13,6.8877,6.9268,6.8877,6.9268,4406700
2023-01-16,6.9268,6.9346,6.8564,6.8643,13282500
2023-01-17,6.8643,6.9034,6.8486,6.8643,10039700
2023-01-18,6.8721,6.9112,6.8564,6.8877,12028600
2023-01-19,6.919,6.9268,6.8643,6.8799,8461300
2023-01-20,6.8799,6.8955,6.8643,6.8799,9472200
2023-01-25,6.8799,6.8955,6.8721,6.8877,7311200
2023-01-26,6.8877,6.8877,6.8564,6.8643,3449500
2023-01-27,6.8643,6.8799,6.8252,6.833,7677600
2023-01-30,6.8408,6.8643,6.8408,6.8643,10107700
2023-01-31,6.8408,6.8486,6.8252,6.833,18926700
2023-02-02,6.919,6.919,6.8095,6.8174,8622200
2023-02-03,6.8174,6.833,6.7861,6.8095,10222500
2023-02-07,6.7626,6.7939,6.7235,6.747,14622300
2023-02-08,6.747,6.7704,6.7392,6.7548,10821200
2023-02-09,6.7704,6.7783,6.7235,6.7392,8488500
2023-02-10,6.747,6.8486,6.747,6.8408,3723000
2023-02-13,6.8486,6.8721,6.8252,6.8564,10984000
2023-02-14,6.8408,6.8955,6.8408,6.8799,10805000
2023-02-15,6.8799,6.8955,6.8174,6.8799,6298100
2023-02-16,6.8799,6.8799,6.8486,6.8564,11109700
2023-02-17,6.8564,6.8643,6.8252,6.8408,4141800
2023-02-20,6.8408,6.8564,6.8095,6.833,1772000
2023-02-21,6.8408,6.8486,6.8017,6.8017,3129300
2023-02-22,6.8017,6.833,6.747,6.7704,6858900
2023-02-23,6.7861,6.8174,6.7704,6.7939,5099500
2023-02-24,6.8095,6.8486,6.7939,6.833,5191900
2023-02-27,6.8408,6.8643,6.8017,6.8408,9393300
2023-02-28,6.8408,6.8955,6.833,6.8799,14539900
2023-03-01,6.8799,6.8877,6.833,6.8643,11206400
2023-03-02,6.8643,6.8799,6.833,6.8408,6903900
2023-03-03,6.8643,6.8643,6.8095,6.8095,7501900
2023-03-06,6.8486,6.8721,6.7704,6.7939,10924700
2023-03-07,6.8174,6.833,6.7861,6.7861,7443900
2023-03-08,6.8017,6.8095,6.7783,6.7783,10314400
2023-03-09,6.7939,6.8174,6.7939,6.8095,12475500
2023-03-10,6.8095,6.8408,6.8017,6.8017,7520300
2023-03-13,6.8422,6.8665,6.7693,6.8341,11284800
2023-03-14,6.8341,6.8422,6.7531,6.7531,12179400
2023-03-15,6.7936,6.8179,6.7612,6.7612,8240000
2023-03-16,6.7612,6.7612,6.6884,6.6884,10810700
2023-03-17,6.7126,6.826,6.7126,6.7855,14838400
2023-03-20,6.7936,6.8017,6.745,6.7531,4898200
2023-03-21,6.7855,6.8179,6.7774,6.8017,3105300
2023-03-22,6.8017,6.9232,6.8017,6.9232,5988000
2023-03-23,6.8908,6.907,6.8422,6.8746,4242000
2023-03-24,6.8827,6.8827,6.826,6.826,3945300
2023-03-27,6.8341,6.8503,6.826,6.8341,4017200
2023-03-28,6.8503,6.8908,6.8341,6.8908,3961900
2023-03-29,6.8827,6.9394,6.8746,6.9313,6333300
2023-03-30,6.9394,6.988,6.9151,6.988,4793800
2023-03-31,6.988,6.9961,6.9313,6.9394,5979600
2023-04-03,6.9394,7.0203,6.9394,7.0203,3422500
2023-04-04,7.0203,7.0203,6.9718,7.0122,4197700
2023-04-05,7.0122,7.0122,6.9799,7.0122,3801300
2023-04-06,7.0041,7.0122,6.9556,7.0041,6289600
2023-04-07,7.0041,7.0203,6.988,7.0122,1679400
2023-04-10,7.0122,7.0446,6.9961,7.0041,4621700
2023-04-11,7.0122,7.0689,7.0042,7.0689,6301800
2023-04-12,7.0689,7.0689,7.0122,7.0446,6229000
2023-04-13,7.0446,7.0608,7.0284,7.0527,9680500
2023-04-14,7.0527,7.0689,7.0365,7.0527,5182100
2023-04-17,7.0527,7.0608,7.0203,7.0446,5435900
2023-04-18,7.0527,7.0527,7.0041,7.0446,4305200
2023-04-19,7.0608,7.0608,7.0284,7.0365,7339600
2023-04-20,7.0446,7.0446,7.0122,7.0446,1970400
2023-04-25,7.0527,7.0527,6.9799,7.0041,4366500
2023-04-26,7.0041,7.0041,6.9232,6.9718,6902900
2023-04-27,7.0041,7.0446,6.9799,7.0446,8021400
2023-04-28,7.0446,7.0446,6.9799,7.0122,8180600
2023-05-02,7.0122,7.0446,7.0041,7.0284,3605300
2023-05-03,7.0365,7.0689,6.988,7.0608,6173500
2023-05-05,7.0608,7.0851,7.0365,7.0851,8269100
2023-05-08,7.077,7.0932,7.0446,7.0932,2841600
2023-05-09,7.0689,7.0851,7.0608,7.0851,4385800
2023-05-10,7.0851,7.0851,7.0365,7.0446,3548400
2023-05-11,7.0446,7.0851,7.0446,7.077,9117700
2023-05-12,7.077,7.1094,7.0122,7.0365,8072900
2023-05-15,7.0365,7.077,7.0041,7.0365,3836700
2023-05-16,7.0365,7.0851,7.0365,7.0689,3238200
2023-05-17,7.0446,7.0851,7.0365,7.0527,4054500
2023-05-18,7.0689,7.0932,7.0446,7.0932,3691600
2023-05-19,7.0851,7.1094,7.0527,7.1094,4841000
2023-05-22,7.0527,7.077,6.9475,6.9475,11619300
2023-05-23,6.9637,7.0365,6.9232,6.9718,8260900
2023-05-24,6.9637,6.9637,6.9232,6.9313,8130600
2023-05-25,6.9475,6.9799,6.9313,6.9313,9154400
2023-05-26,6.9394,6.9718,6.9313,6.9475,5321800
2023-05-29,6.9556,6.9799,6.9475,6.9637,6150800
2023-05-30,6.9799,7.0042,6.9475,6.9556,8271900
2023-05-31,6.9718,7.0041,6.9475,7.0041,59731000
2023-06-01,6.9637,7.0041,6.9556,6.9637,8702900
2023-06-02,6.9637,6.9799,6.9232,6.9475,7850300
2023-06-06,6.9394,6.988,6.9232,6.9475,7838300
2023-06-07,6.9637,6.9637,6.9313,6.9475,5694000
2023-06-08,6.9637,6.9637,6.9394,6.9637,4977100
2023-06-09,6.9718,7.0041,6.9556,6.9799,3179100
2023-06-12,6.9799,7.0122,6.9637,6.988,5126600
2023-06-13,6.9799,7.0041,6.9718,6.9799,4022900
2023-06-14,6.988,7.0041,6.9556,6.9637,4709200
2023-06-15,6.9637,6.988,6.9475,6.9637,3846900
2023-06-16,6.9799,6.9799,6.9394,6.9394,22042500
2023-06-19,6.9394,7.0041,6.9313,7.0041,3264000
2023-06-20,7.0041,7.0041,6.9718,7.0041,6681500
2023-06-21,7.0041,7.0851,6.988,7.077,4738400
2023-06-22,7.0689,7.1175,7.0689,7.0851,8575800
2023-06-23,7.0851,7.0851,7.0608,7.077,5713300
2023-06-26,7.077,7.0851,7.0284,7.0446,5306800
2023-06-27,7.0689,7.077,7.0365,7.0527,5553800
2023-06-28,7.0608,7.1094,7.0527,7.0689,6424900
2023-06-30,7.0689,7.077,6.9637,6.988,11019400
2023-07-03,7.0041,7.1094,7.0041,7.0851,4420600
2023-07-04,7.0851,7.0851,7.0365,7.0446,4200200
2023-07-05,7.0203,7.0689,7.0203,7.0446,3847000
2023-07-06,7.0608,7.0689,7.0365,7.0689,8449400
2023-07-07,7.0689,7.0689,7.0203,7.0203,4282500
2023-07-10,7.0203,7.0446,7.0122,7.0203,4183300
2023-07-11,7.0122,7.077,7.0122,7.077,6327700
2023-07-12,7.077,7.0932,7.0527,7.0851,4733200
2023-07-13,7.0851,7.1094,7.0689,7.0689,5238100
2023-07-14,7.0689,7.1499,7.0689,7.1256,16087300
2023-07-17,7.1256,7.1661,7.1175,7.1661,8706900
2023-07-18,7.1661,7.1661,7.1175,7.1418,6517200
2023-07-20,7.1661,7.1661,7.1175,7.1256,9032300
2023-07-21,7.1256,7.1337,7.1013,7.1094,6196300
2023-07-24,7.1094,7.2309,7.1094,7.2228,6344700
2023-07-25,7.2228,7.3199,7.2228,7.2714,16470100
2023-07-26,7.2714,7.3037,7.2552,7.2876,12650500
2023-07-27,7.2876,7.3361,7.2714,7.2795,11107700
2023-07-28,7.2795,7.2876,7.2552,7.2795,6829000
2023-07-31,7.2876,7.3361,7.2795,7.3038,13720000
2023-08-01,7.2957,7.3361,7.2552,7.2795,7015900
2023-08-02,7.2795,7.2795,7.2228,7.2471,7720100
2023-08-03,7.2309,7.239,7.1661,7.2066,6079000
2023-08-04,7.2066,7.2876,7.1985,7.2147,9106400
2023-08-07,7.2147,7.2633,7.2066,7.2228,4553900
2023-08-08,7.239,7.2876,7.2228,7.2633,12847500
2023-08-09,7.2471,7.2876,7.2228,7.2876,13758700
2023-08-10,7.2795,7.2876,7.2309,7.2876,13833200
2023-08-11,7.2876,7.3038,7.239,7.3038,11962100
2023-08-14,7.3037,7.3037,7.2633,7.2876,6458500
2023-08-15,7.2876,7.328,7.2876,7.3118,6833500
2023-08-16,7.3118,7.328,7.2957,7.3118,8915800
2023-08-17,7.2876,7.3118,7.2471,7.2633,9008200
2023-08-18,7.2633,7.2957,7.2552,7.2876,14576400
2023-08-21,7.2876,7.2957,7.2552,7.2795,8039100
2023-08-22,7.2795,7.3199,7.2714,7.2957,9313800
2023-08-23,7.2876,7.2957,7.2714,7.2795,9939200
2023-08-24,7.2876,7.3037,7.2633,7.2957,9482300
2023-08-25,7.2876,7.3038,7.2633,7.3038,6904100
2023-08-28,7.2876,7.3037,7.2795,7.2876,4888100
2023-08-29,7.2876,7.3604,7.2876,7.3604,9759300
2023-08-30,7.3604,7.409,7.3604,7.3766,20042600
2023-09-01,7.409,7.4252,7.3766,7.409,10690700
2023-09-04,7.409,7.4171,7.3928,7.409,7505000
2023-09-05,7.4171,7.4171,7.3685,7.3928,8691000
2023-09-06,7.3928,7.4333,7.3928,7.4333,5751000
2023-09-07,7.4252,7.4495,7.4252,7.4252,7713500
2023-09-08,7.4414,7.4414,7.3847,7.4009,6968900
2023-09-11,7.409,7.4171,7.4009,7.4171,8610500
2023-09-12,7.4171,7.4171,7.3928,7.4009,13363800
2023-09-13,7.4009,7.409,7.3685,7.3847,8474400
2023-09-14,7.4265,7.46,7.368,7.3931,12036700
2023-09-15,7.4014,7.46,7.3931,7.4516,16968900
2023-09-18,7.4516,7.4684,7.4014,7.4684,3578300
2023-09-19,7.4684,7.4684,7.4265,7.4516,3117600
2023-09-20,7.4433,7.4516,7.4098,7.4098,8614700
2023-09-21,7.4098,7.4433,7.4098,7.4433,10162700
2023-09-22,7.4098,7.4433,7.4098,7.4265,7870100
2023-09-25,7.4265,7.4433,7.4014,7.4182,7752500
2023-09-26,7.4098,7.4265,7.4014,7.4182,11442100
2023-09-27,7.4182,7.4684,7.4014,7.4265,8611800
2023-09-29,7.4265,7.4265,7.3513,7.3513,9701600
2023-10-02,7.3513,7.3847,7.3178,7.3178,8039400
2023-10-03,7.3178,7.3429,7.3095,7.3345,9769100
2023-10-04,7.3262,7.3429,7.2676,7.3011,19376300
2023-10-05,7.3011,7.3345,7.2844,7.3262,21738000
2023-10-06,7.3262,7.3513,7.3011,7.3345,17326600
2023-10-09,7.3345,7.368,7.3345,7.3596,5249900
2023-10-10,7.3764,7.4349,7.3764,7.4349,10124500
2023-10-11,7.4349,7.46,7.4182,7.4433,5376600
2023-10-12,7.4684,7.5269,7.4684,7.5185,8988800
2023-10-13,7.5185,7.5185,7.4851,7.5102,3997100
2023-10-16,7.5102,7.5185,7.4516,7.5102,7575600
2023-10-17,7.4851,7.552,7.4851,7.5269,14488500
2023-10-18,7.5269,7.5269,7.4767,7.4851,7189900
2023-10-19,7.5269,7.5269,7.4767,7.4934,8419400
2023-10-20,7.4851,7.5269,7.4767,7.5185,5698700
2023-10-23,7.5185,7.552,7.4934,7.5185,8603700
2023-10-24,7.5185,7.5185,7.4851,7.4934,6262000
2023-10-25,7.5018,7.5436,7.5018,7.5269,3303500
2023-10-26,7.5185,7.5353,7.5185,7.5269,10190100
2023-10-27,7.5269,7.5436,7.5185,7.5269,9618700
2023-10-30,7.5269,7.5353,7.5018,7.5185,6331100
2023-10-31,7.5185,7.5436,7.5102,7.5436,7999800
2023-11-01,7.5269,7.5436,7.5185,7.5436,3072400
2023-11-02,7.5269,7.5604,7.5185,7.5436,4638000
2023-11-03,7.5603,7.5771,7.552,7.5603,8990900
2023-11-06,7.5603,7.6273,7.552,7.6189,9292100
2023-11-07,7.6273,7.6691,7.6189,7.6523,7965100
2023-11-08,7.6523,7.6523,7.6189,7.6273,2564700
2023-11-09,7.6189,7.6273,7.6105,7.6273,3319100
2023-11-10,7.6189,7.6273,7.552,7.5938,2550200
2023-11-14,7.5938,7.6356,7.5771,7.6189,2876000
2023-11-15,7.6356,7.6607,7.6189,7.644,12278700
2023-11-16,7.644,7.6523,7.6022,7.644,9223500
2023-11-17,7.644,7.6607,7.6189,7.6273,8253300
2023-11-20,7.6273,7.6273,7.6022,7.6189,3004800
2023-11-21,7.6273,7.644,7.6022,7.6189,7807600
2023-11-22,7.6189,7.6273,7.5938,7.6105,5590200
2023-11-23,7.6105,7.6356,7.5938,7.6022,10776700
2023-11-24,7.6022,7.6273,7.5938,7.6022,6451100
2023-11-27,7.6022,7.6105,7.5771,7.5771,2295500
2023-11-28,7.5771,7.6356,7.5603,7.5687,7021100
2023-11-29,7.5687,7.6022,7.5436,7.5603,5286400
2023-11-30,7.552,7.5603,7.4934,7.5102,17499800
2023-12-01,7.5102,7.5687,7.5102,7.5269,5534500
2023-12-04,7.5269,7.5604,7.5269,7.5269,3433400
2023-12-05,7.5436,7.552,7.5102,7.5353,6046500
2023-12-06,7.5353,7.5604,7.5185,7.5269,9132000
2023-12-07,7.5269,7.552,7.5102,7.5353,5578600
2023-12-08,7.5353,7.5854,7.5185,7.5603,3680200
2023-12-11,7.5603,7.5771,7.552,7.5687,3501100
2023-12-12,7.5771,7.5938,7.5687,7.5854,10430500
2023-12-13,7.5938,7.5938,7.5771,7.5854,17272900
2023-12-14,7.5771,7.5938,7.5603,7.5687,12189400
2023-12-15,7.5687,7.5854,7.5269,7.5269,12959300
2023-12-18,7.5269,7.5604,7.5185,7.5269,14454300
2023-12-19,7.5436,7.552,7.5018,7.5102,8844000
2023-12-20,7.5269,7.5353,7.4851,7.5018,10544500
2023-12-21,7.5018,7.5102,7.4265,7.4349,14900400
2023-12-22,7.4433,7.4516,7.4265,7.4349,9499000
2023-12-26,7.4349,7.4684,7.4349,7.4349,4446800
2023-12-27,7.4433,7.46,7.4349,7.4433,9111900
2023-12-28,7.46,7.4684,7.4349,7.4516,10363900
2023-12-29,7.4516,7.5102,7.4349,7.4349,18460900
2024-01-02,7.4349,7.46,7.3847,7.46,6414300
2024-01-03,7.46,7.4684,7.4265,7.4349,8678500
2024-01-04,7.4433,7.5687,7.4433,7.552,5560000
2024-01-05,7.552,7.5854,7.5269,7.5771,4495500
2024-01-08,7.5771,7.6022,7.5771,7.5771,5330400
2024-01-09,7.5938,7.6273,7.5771,7.6105,6138900
2024-01-10,7.6022,7.6022,7.5269,7.5269,6162000
2024-01-11,7.5353,7.5687,7.5185,7.5269,7170600
2024-01-12,7.5269,7.5771,7.5018,7.5771,4583000
2024-01-15,7.5771,7.6022,7.552,7.5938,2119300
2024-01-16,7.6022,7.6189,7.5771,7.5771,4671600
2024-01-17,7.5771,7.5938,7.5436,7.5687,6297800
2024-01-18,7.5687,7.5854,7.5102,7.5436,21155600
2024-01-19,7.5436,7.5604,7.5269,7.552,3936200
2024-01-22,7.552,7.5604,7.5102,7.5353,7647700
2024-01-23,7.5436,7.6105,7.5436,7.6022,8965400
2024-01-24,7.6022,7.6105,7.5854,7.6105,2691000
2024-01-26,7.6105,7.644,7.6022,7.644,11712600
2024-01-29,7.644,7.7276,7.644,7.7193,9102600
2024-01-30,7.7193,7.736,7.7109,7.7276,10320800
2024-01-31,7.7276,7.7443,7.6942,7.7443,25319200
2024-02-02,7.7443,7.8196,7.736,7.8112,7897900
2024-02-05,7.7862,7.8363,7.7778,7.7945,6688200
2024-02-06,7.7945,7.7945,7.7527,7.7862,12713500
2024-02-07,7.7862,7.8029,7.7443,7.7694,11263600
2024-02-08,7.7611,7.7945,7.7443,7.7443,6242500
2024-02-09,7.7611,7.7611,7.7276,7.7443,1872900
2024-02-13,7.7778,7.9032,7.7443,7.8949,8227000
2024-02-14,7.8698,7.8949,7.8447,7.8614,9920200
2024-02-15,7.8614,7.9032,7.828,7.8614,14681500
2024-02-16,7.8782,7.8949,7.8614,7.8865,9230300
2024-02-19,7.8865,7.9116,7.8698,7.9116,5441400
2024-02-20,7.9116,7.9785,7.9032,7.9534,11376500
2024-02-21,7.9451,7.9701,7.9283,7.9701,10354100
2024-02-22,7.9701,7.9785,7.9451,7.9618,9020000
2024-02-23,7.9618,7.9785,7.9451,7.9701,11030500
2024-02-26,7.9618,7.9618,7.9283,7.9534,10318700
2024-02-27,7.9534,7.9701,7.9367,7.9534,12318900
2024-02-28,7.9451,7.9869,7.9367,7.9534,15098000
2024-02-29,7.9701,7.9869,7.9451,7.9701,25877300
2024-03-01,7.9701,8.0287,7.8865,7.9032,13831100
2024-03-04,7.9032,8.0287,7.8782,8.0287,22934200
2024-03-05,8.0287,8.0538,7.9283,8.0538,16190000
2024-03-06,8.0454,8.0705,8.0036,8.0621,12203500
2024-03-07,8.0705,8.1374,8.0538,8.1123,12851700
2024-03-08,8.1123,8.1709,8.0872,8.1541,13304100
2024-03-11,8.1541,8.2127,8.1541,8.2127,14310100
2024-03-12,8.2127,8.2378,8.1792,8.221,13954200
2024-03-13,8.221,8.3074,8.1865,8.3074,14597000
2024-03-14,8.2988,8.3333,8.221,8.3333,16668600
2024-03-15,8.3247,8.411,8.2901,8.3851,28950100
2024-03-18,8.3851,8.4628,8.3419,8.4197,9478200
2024-03-19,8.4197,8.4369,8.2988,8.3333,15660900
2024-03-20,8.3333,8.3419,8.247,8.2642,8926900
2024-03-21,8.2642,8.2729,8.221,8.247,13260300
2024-03-22,8.247,8.2815,8.2297,8.2815,11088500
2024-03-25,8.2815,8.3074,8.2383,8.3074,8437900
2024-03-26,8.3074,8.3765,8.2815,8.3678,12421500
2024-03-27,8.3678,8.3765,8.3333,8.3333,12331400
2024-03-29,8.3333,8.3765,8.316,8.3678,11394900
2024-04-01,8.3678,8.3938,8.3592,8.3851,5896100
2024-04-02,8.3938,8.4024,8.3678,8.4024,9104200
2024-04-03,8.411,8.411,8.2729,8.3074,17711600
2024-04-04,8.316,8.3851,8.3074,8.3678,8919600
2024-04-05,8.3592,8.3765,8.316,8.3247,8829400
2024-04-08,8.3333,8.3765,8.3074,8.3678,5322100
2024-04-09,8.3678,8.3765,8.3074,8.316,5053800
2024-04-12,8.316,8.3506,8.2988,8.3333,20130900
2024-04-15,8.3247,8.3419,8.2901,8.3333,10966600
2024-04-16,8.3333,8.3333,8.2729,8.2729,16712100
2024-04-17,8.2729,8.2988,8.2297,8.2901,8183700
2024-04-18,8.316,8.3765,8.2815,8.3506,6173800
2024-04-19,8.3592,8.3851,8.3333,8.3333,11014400
2024-04-22,8.3333,8.4456,8.3247,8.411,10542600
2024-04-23,8.411,8.4974,8.411,8.4801,12826500
2024-04-24,8.4801,8.5319,8.4542,8.4628,16388400
2024-04-25,8.4628,8.506,8.4283,8.4456,20536400
2024-04-26,8.4456,8.4715,8.4283,8.4542,21849500
2024-04-29,8.4542,8.4715,8.4024,8.4197,11487500
2024-04-30,8.4283,8.4542,8.3938,8.4024,18284500
2024-05-02,8.4024,8.4628,8.4024,8.4456,12902000
2024-05-03,8.4456,8.4974,8.4369,8.4628,12570300
2024-05-06,8.4628,8.4974,8.4628,8.4887,7250200
2024-05-07,8.4887,8.5233,8.4887,8.4974,11018700
2024-05-08,8.506,8.5233,8.4283,8.4628,7482500
2024-05-09,8.4628,8.4974,8.4456,8.4974,5843200
2024-05-10,8.4974,8.5319,8.4887,8.5233,10022700
2024-05-13,8.5233,8.5406,8.4974,8.5233,6357800
2024-05-14,8.5233,8.5319,8.4974,8.5319,8552500
2024-05-15,8.5319,8.5406,8.5147,8.5319,8762600
2024-05-16,8.5319,8.5665,8.5147,8.5665,8935300
2024-05-17,8.5665,8.5751,8.5492,8.5665,14514800
2024-05-20,8.5665,8.6356,8.5665,8.6269,8624900
2024-05-21,8.6269,8.6356,8.601,8.6269,15707100
2024-05-23,8.6356,8.6356,8.6096,8.6269,12556500
2024-05-24,8.6269,8.6356,8.5837,8.6183,7144100
2024-05-27,8.6183,8.6701,8.6183,8.6269,9859000
2024-05-28,8.6356,8.6528,8.6183,8.6269,14897200
2024-05-29,8.6183,8.6183,8.5406,8.5492,18596100
2024-05-30,8.5492,8.5665,8.5406,8.5492,13482600
2024-05-31,8.5924,8.5924,8.5319,8.5751,44154100
2024-06-04,8.5751,8.6874,8.5751,8.6874,12569300
2024-06-05,8.6701,8.6874,8.6096,8.6183,9305400
2024-06-06,8.6269,8.6701,8.6096,8.6183,17551100
2024-06-07,8.6356,8.6528,8.6183,8.6356,14225900
2024-06-10,8.6356,8.6356,8.6183,8.6269,3362700
2024-06-11,8.6356,8.6356,8.601,8.6183,7326800
2024-06-12,8.6183,8.6356,8.601,8.601,6605100
2024-06-13,8.601,8.6356,8.5578,8.5665,7110100
2024-06-14,8.5665,8.601,8.5665,8.5837,6538100
2024-06-18,8.5837,8.6269,8.5751,8.5751,9341600
2024-06-19,8.5751,8.601,8.5751,8.5837,14041500
2024-06-20,8.5837,8.5924,8.5406,8.5751,11191300
2024-06-21,8.6183,8.6183,8.5147,8.5147,20822100
2024-06-24,8.5147,8.5492,8.4801,8.5319,12314000
2024-06-25,8.5319,8.5578,8.506,8.5578,7228400
2024-06-26,8.5319,8.601,8.5147,8.601,7868600
2024-06-27,8.5837,8.601,8.5492,8.601,11688600
2024-06-28,8.601,8.6096,8.5578,8.601,19112200
2024-07-01,8.6183,8.6183,8.601,8.6096,4567700
2024-07-02,8.601,8.6356,8.601,8.6269,8972000
2024-07-03,8.6269,8.6528,8.6269,8.6528,6945200
2024-07-04,8.6356,8.7219,8.6269,8.7219,5841700
2024-07-05,8.7046,8.7046,8.6269,8.6701,5166300
2024-07-09,8.6701,8.7219,8.6269,8.6874,15335700
2024-07-10,8.6874,8.7046,8.6356,8.6528,11404600
2024-07-11,8.6528,8.7219,8.6528,8.6874,8715700
2024-07-12,8.6701,8.6874,8.6356,8.6701,13515100
2024-07-15,8.6701,8.791,8.6701,8.7564,16356600
2024-07-16,8.7392,8.8083,8.7046,8.7219,12165100
2024-07-17,8.7219,8.7737,8.6874,8.7046,6894900
2024-07-18,8.7046,8.7564,8.6874,8.7219,9066900
2024-07-19,8.7219,8.791,8.7046,8.7219,10604900
2024-07-22,8.7219,8.7392,8.6701,8.6874,7268000
2024-07-23,8.7046,8.7564,8.6874,8.7219,9008600
2024-07-24,8.7219,8.7564,8.7046,8.7392,5658900
2024-07-25,8.7046,8.7564,8.7046,8.7564,2729300
2024-07-26,8.7737,8.7737,8.7219,8.7564,7445100
2024-07-29,8.7564,8.8083,8.7564,8.8083,6957200
2024-07-30,8.8428,8.8601,8.7046,8.7046,14123900
2024-07-31,8.7219,8.8255,8.7046,8.8255,12304400
2024-08-01,8.8428,8.8601,8.8255,8.8601,9399700
2024-08-02,8.8428,8.8428,8.791,8.8428,14920300
2024-08-05,8.791,8.8083,8.4283,8.5492,41673600
2024-08-06,8.506,8.7392,8.4628,8.7219,15941600
2024-08-07,8.7219,8.791,8.6874,8.7564,8335500
2024-08-08,8.7564,8.791,8.7219,8.7564,10489900
2024-08-09,8.791,8.8083,8.7392,8.7737,8868100
2024-08-12,8.791,8.8428,8.7737,8.8083,8462800
2024-08-13,8.8083,8.8255,8.7737,8.8083,9175400
2024-08-14,8.8083,8.8428,8.791,8.8083,8837800
2024-08-15,8.8083,8.8255,8.7564,8.791,8570700
2024-08-16,8.8083,8.8601,8.791,8.8601,13280600
2024-08-19,8.8601,9.1882,8.8083,9.1537,22478300
2024-08-20,9.1537,9.2228,9.0501,9.1537,14561200
2024-08-21,9.1537,9.171,9.0501,9.0846,9183300
2024-08-22,9.0846,9.1019,8.981,9.0155,11791600
2024-08-23,9.0155,9.1019,8.9982,9.0155,16880900
2024-08-26,9.0328,9.1364,9.0328,9.1019,10275400
2024-08-27,9.1019,9.2573,9.0846,9.24,16528500
2024-08-28,9.2573,9.4991,9.2573,9.3782,27770500
2024-08-29,9.3782,9.4473,9.2228,9.2228,15147400
2024-08-30,9.2228,9.3264,9.1364,9.3091,28703800
2024-09-02,9.3091,9.3264,9.2055,9.2919,9546700
2024-09-03,9.2919,9.3437,9.2055,9.24,10840000
2024-09-04,9.24,9.3437,9.2228,9.3264,23271800
2024-09-05,9.3264,9.3609,9.3091,9.3264,17008300
2024-09-06,9.3782,9.4127,9.3091,9.3264,14520600
2024-09-09,9.3091,9.4818,9.24,9.4128,20533500
2024-09-10,9.4646,9.5336,9.4128,9.4473,35524000
2024-09-11,9.4916,9.5981,9.4029,9.4739,26690300
2024-09-12,9.4739,9.5626,9.4029,9.4384,25908500
2024-09-13,9.4384,9.4562,9.3852,9.4384,16938300
2024-09-17,9.4384,9.4916,9.4207,9.4562,18105900
2024-09-18,9.4562,9.4916,9.4384,9.4739,13326600
2024-09-19,9.4916,9.5094,9.4029,9.4384,15438900
2024-09-20,9.4739,9.5094,9.4029,9.4029,23154900
2024-09-23,9.4029,9.4916,9.332,9.4916,8581000
2024-09-24,9.4916,9.5626,9.4384,9.5271,4198700
2024-09-25,9.5271,9.5449,9.4384,9.4916,9920100
2024-09-26,9.4384,9.4739,9.4029,9.4562,8842600
2024-09-27,9.4562,9.4739,9.3142,9.3142,9355500
2024-09-30,9.332,9.3675,9.2965,9.2965,13366600
2024-10-01,9.3142,9.3675,9.2787,9.3497,6397400
2024-10-02,9.332,9.3497,9.2255,9.2787,8410900
2024-10-03,9.2787,9.3497,9.2255,9.3497,11292800
2024-10-04,9.3142,9.3675,9.261,9.3142,12419500
2024-10-07,9.3142,9.332,9.2433,9.3142,7475800
2024-10-08,9.3142,9.3142,9.2787,9.2965,8959300
2024-10-09,9.3142,9.3675,9.3142,9.3142,4743600
2024-10-10,9.3497,9.4029,9.332,9.3497,6759800
2024-10-11,9.332,9.3852,9.332,9.3675,5909600
2024-10-14,9.3675,9.3852,9.3142,9.3497,3022100
2024-10-15,9.3497,9.4739,9.3497,9.4562,12317600
2024-10-16,9.4562,9.4562,9.3675,9.4029,7567800
2024-10-17,9.4029,9.4916,9.4029,9.4739,5079500
2024-10-18,9.4384,9.4916,9.4384,9.4562,6453400
2024-10-21,9.4207,9.4562,9.3852,9.4562,3445100
2024-10-22,9.4562,9.4739,9.4207,9.4207,6057900
2024-10-23,9.4207,9.4562,9.4029,9.4207,7188600
2024-10-24,9.4029,9.4384,9.3675,9.3852,12054000
2024-10-25,9.4207,9.4207,9.3142,9.3497,5831600
2024-10-28,9.3497,9.4029,9.2255,9.2255,13604800
2024-10-29,9.2433,9.2965,9.2433,9.2787,16313400
2024-10-30,9.2965,9.332,9.2433,9.3142,18351100
2024-11-01,9.3142,9.3142,9.2255,9.2255,15832100
2024-11-04,9.2433,9.3142,9.2255,9.261,3985100
2024-11-05,9.2433,9.3852,9.2433,9.3497,9613100
2024-11-06,9.3852,9.4029,9.332,9.4029,7861300
2024-11-07,9.4029,9.4384,9.332,9.3852,12499600
2024-11-08,9.3852,9.4029,9.3142,9.3142,5558600
2024-11-11,9.3142,9.3497,9.1723,9.1723,6387900
2024-11-12,9.2078,9.2965,9.2078,9.2965,9276500
2024-11-13,9.2965,9.2965,9.2078,9.2433,3269900
2024-11-14,9.261,9.2787,9.1191,9.1368,10771400
2024-11-15,9.1723,9.19,9.1191,9.19,13010100
2024-11-18,9.1546,9.2078,9.1013,9.1723,8958700
2024-11-19,9.1368,9.1546,9.0836,9.0836,11017500
2024-11-20,9.0836,9.1013,8.8884,8.9771,24806300
2024-11-21,8.9771,9.0836,8.9771,9.0481,8807300
2024-11-22,9.0481,9.0836,9.0126,9.0481,8308300
2024-11-25,9.0659,9.2433,9.0481,9.1368,27565700
2024-11-26,9.1368,9.19,9.0659,9.0659,12043400
2024-11-27,9.0836,9.1191,9.0304,9.0304,18362100
2024-11-28,9.0304,9.0659,8.9949,9.0481,11487500
2024-11-29,9.0481,9.0659,9.0126,9.0481,14264900
2024-12-02,9.0481,9.1013,8.9417,8.9417,8313200
2024-12-03,8.9594,9.0304,8.9239,9.0304,11883800
2024-12-04,8.9594,9.0481,8.9594,9.0304,6372400
2024-12-05,9.0481,9.0836,9.0304,9.0659,4621500
2024-12-06,9.0659,9.0659,8.9949,9.0126,21450600
2024-12-09,8.9771,9.0304,8.9594,8.9594,9903600
2024-12-10,8.9594,8.9949,8.9417,8.9594,14271600
2024-12-11,8.9594,8.9949,8.9594,8.9771,8436000
2024-12-12,8.9949,9.0126,8.9594,8.9949,8949000
2024-12-13,9.0126,9.0304,8.9771,8.9949,7364400
2024-12-16,8.9949,9.0126,8.9594,8.9771,10993700
2024-12-17,8.9771,9.0126,8.9594,8.9949,17866600
2024-12-18,8.9949,9.0126,8.9771,8.9771,8070600
2024-12-19,8.9594,8.9771,8.9062,8.9239,8357800
2024-12-20,8.9239,8.9417,8.8352,8.8352,16617300
2024-12-23,8.8618,8.9417,8.8352,8.9417,7289400
2024-12-24,8.9417,8.9771,8.8884,8.9417,5510500
2024-12-26,8.9417,9.0304,8.9239,8.9771,3892000
2024-12-27,8.9771,9.0126,8.9594,8.9594,2381800
2024-12-30,8.9594,9.0836,8.9594,9.0836,5907300
2024-12-31,9.0836,9.1191,9.0304,9.0836,6723100
2025-01-02,9.0481,9.0659,8.9949,9.0304,5317400
2025-01-03,9.0126,9.0304,8.9771,8.9949,5622100
2025-01-06,8.9949,9.0126,8.9417,8.9594,10345600
2025-01-07,8.9594,9.0126,8.9594,9.0126,8476000
2025-01-08,8.9949,9.0126,8.9239,8.9239,8759200
2025-01-09,8.9239,9.0126,8.9239,8.9417,10233100
2025-01-10,8.9594,8.9771,8.9417,8.9594,2682500
2025-01-13,8.9594,8.9771,8.9239,8.9417,10214700
2025-01-14,8.9594,9.1368,8.9594,9.0481,19973500
2025-01-15,9.1191,9.1191,8.9594,8.9949,11024100
2025-01-16,9.0304,9.0659,8.9949,8.9949,9931100
2025-01-17,8.9949,9.0481,8.9417,8.9949,15633400
2025-01-20,8.9949,9.1368,8.9949,9.1191,8638800
2025-01-21,9.1191,9.1368,9.0481,9.1191,5418900
2025-01-22,9.1191,9.19,9.1013,9.19,8926100
2025-01-23,9.19,9.2078,9.1191,9.19,9697800
2025-01-24,9.19,9.2255,9.1546,9.2255,11596300
2025-01-27,9.19,9.2078,9.1546,9.19,3223800
2025-01-28,9.19,9.2255,9.0836,9.0836,3640700
2025-01-31,9.0836,9.19,9.0481,9.1723,7709000
2025-02-03,9.1546,9.1723,9.0836,9.1368,4994800
2025-02-04,9.1191,9.2255,9.1013,9.2078,10817200
2025-02-05,9.2078,9.2255,9.1723,9.1723,6038400
2025-02-06,9.1723,9.2433,9.1546,9.2433,12903300
2025-02-07,9.2433,9.261,9.2255,9.2433,6398400
2025-02-10,9.2433,9.2787,9.2078,9.2787,6433900
2025-02-12,9.2965,9.4029,9.2787,9.4029,11945900
2025-02-13,9.4029,9.4384,9.3142,9.332,6888700
2025-02-14,9.3142,9.3675,9.2965,9.3675,5132600
2025-02-17,9.3675,9.3675,9.2965,9.3675,3827600
2025-02-18,9.3142,9.3497,9.19,9.3497,12645300
2025-02-19,9.3142,9.3497,9.2787,9.3142,11660500
2025-02-20,9.2788,9.3142,9.2255,9.261,8891800
2025-02-21,9.261,9.3497,9.2433,9.3142,11116300
2025-02-24,9.2965,9.3497,9.261,9.2965,7864000
2025-02-25,9.3142,9.332,9.261,9.2787,8278900
2025-02-26,9.2787,9.5449,9.2787,9.4916,12926700
2025-02-27,9.4916,9.5094,9.4384,9.4562,7396500
2025-02-28,9.4739,9.5271,9.4384,9.5094,28644300
2025-03-03,9.4739,9.5271,9.4384,9.4739,7335000
2025-03-04,9.4384,9.4739,9.3852,9.4029,10536900
2025-03-05,9.4029,9.4562,9.3675,9.3852,9949000
2025-03-06,9.4207,9.4739,9.3497,9.3675,8011300
2025-03-07,9.3497,9.4384,9.3497,9.4384,13601100
2025-03-10,9.4384,9.4384,9.3497,9.3852,10654600
2025-03-11,9.3675,9.4029,9.261,9.3675,19060800
2025-03-12,9.3492,9.3492,9.2394,9.3126,18772300
2025-03-13,9.3126,9.4406,9.276,9.4223,11848700
2025-03-14,9.3858,9.5138,9.3309,9.4406,12181600
2025-03-17,9.4589,9.5504,9.4406,9.5321,12164200
2025-03-19,9.5138,9.5687,9.4589,9.4772,14737900
2025-03-20,9.4772,9.5138,9.2943,9.3126,9345500
2025-03-21,9.3309,9.404,9.3126,9.3126,20309800
2025-03-24,9.3126,9.404,9.2943,9.2943,7825900
2025-03-25,9.3309,9.404,9.2943,9.3492,10897000
2025-03-26,9.3492,9.4223,9.3126,9.3126,14890200
2025-03-27,9.3126,9.5138,9.3126,9.4772,12466300
2025-03-28,9.4772,9.5321,9.2577,9.2577,14794700
2025-04-02,9.3126,9.4589,9.3126,9.4406,11658100
2025-04-03,9.3858,9.404,9.3309,9.3858,3435200
2025-04-04,9.3309,9.3858,9.2943,9.3675,11496600
2025-04-07,9.2577,9.276,9.029,9.1479,32825100
2025-04-08,9.1479,9.1662,9.0381,9.0381,23089300
2025-04-09,9.029,9.0381,8.5258,8.6905,33584300
2025-04-10,9.1296,9.2211,9.0381,9.1388,15033600
2025-04-11,9.0107,9.0564,8.8918,8.9832,10373900
2025-04-14,9.0564,9.1296,9.0107,9.0473,10707000
2025-04-15,9.0564,9.1113,9.0564,9.093,6780200
2025-04-16,9.093,9.1113,8.9741,9.0015,6038900
2025-04-17,9.0015,9.0473,8.9741,9.029,5321100
2025-04-18,9.029,9.2028,9.029,9.1662,5759800
2025-04-21,9.1845,9.1845,9.1205,9.1296,3345700
2025-04-22,9.1205,9.1205,9.0564,9.1022,6512000
2025-04-23,9.1388,9.1479,9.0656,9.1022,7732300
2025-04-24,9.1022,9.1388,9.0839,9.1022,9293800
2025-04-25,9.1113,9.1205,9.029,9.029,9179100
2025-04-28,9.0656,9.1388,9.0564,9.1388,10079900
2025-04-29,9.1388,9.1479,9.1022,9.1022,6401100
2025-04-30,9.1388,9.1479,9.093,9.1388,13948400
2025-05-02,9.1388,9.1845,9.1113,9.1388,18469500
2025-05-05,9.1662,9.2028,9.1388,9.1479,6860500
2025-05-06,9.1479,9.1662,9.1022,9.1113,5588400
2025-05-07,9.1296,9.1662,9.1113,9.1479,16094000
2025-05-08,9.1479,9.2028,9.0381,9.0381,12018800
2025-05-09,9.0839,9.093,9.0473,9.0473,8175900
2025-05-13,9.1296,9.3675,9.1296,9.3309,33513000
2025-05-14,9.3492,9.404,9.2577,9.3309,16646600
2025-05-15,9.3309,9.3492,9.2211,9.2394,10899600
2025-05-16,9.2394,9.3126,9.2211,9.276,6301900
2025-05-19,9.276,9.2943,9.2211,9.276,7294200
2025-05-20,9.276,9.3126,9.1479,9.1845,8251600
2025-05-21,9.1845,9.2028,9.1296,9.1479,9415900
2025-05-22,9.1479,9.1662,8.9832,8.9832,11412000
2025-05-23,9.0381,9.0473,9.0198,9.0381,10907900
2025-05-26,9.0564,9.093,9.0107,9.0747,7002100
2025-05-27,9.0747,9.093,9.0107,9.0107,10954400
2025-05-28,9.029,9.0473,8.9832,9.0015,8025100
2025-05-29,9.0107,9.0473,8.9832,9.029,8959200
2025-05-30,9.0473,9.0564,8.9467,8.9467,29844200
2025-06-03,8.9649,9.0015,8.8735,8.9284,10002900
2025-06-04,8.9284,8.9467,8.8826,8.8918,8806600
2025-06-05,8.9009,8.9101,8.8643,8.8735,8953900
2025-06-06,8.8643,8.8826,8.8552,8.8735,5942700
2025-06-09,8.8826,8.8918,8.8552,8.8552,4156400
2025-06-10,8.8643,8.8735,8.8277,8.8369,9601600
2025-06-11,8.8369,8.9284,8.8369,8.8735,7224400
2025-06-12,8.8735,8.9832,8.8643,8.9375,9934800
2025-06-13,8.9192,8.9284,8.8552,8.8735,6997700
2025-06-16,8.8643,8.8735,8.7545,8.7728,14727400
2025-06-17,8.782,8.8094,8.718,8.7362,10413500
2025-06-18,8.7362,8.8186,8.7362,8.8003,8598600
2025-06-19,8.8186,8.8277,8.7545,8.782,3742600
2025-06-20,8.7911,8.8643,8.7728,8.8369,13607700
2025-06-23,8.782,8.8643,8.7637,8.846,5298600
2025-06-24,8.846,9.0015,8.8277,8.9649,22349600
2025-06-25,8.9924,9.0473,8.8918,8.9558,6881000
2025-06-26,8.9558,8.9741,8.9284,8.9741,13716700
2025-06-30,8.9832,8.9924,8.8735,8.8735,16988600
2025-07-01,8.8735,8.9284,8.8643,8.8918,9735300
2025-07-02,8.8918,8.9741,8.8826,8.9284,10304200
2025-07-03,8.9284,8.9649,8.8826,8.9649,8090300
2025-07-04,8.9649,8.9741,8.9101,8.9101,7461200
2025-07-07,8.9192,8.9284,8.8735,8.8918,7229900
2025-07-08,8.8735,8.8826,8.846,8.8735,9821300
2025-07-09,8.8735,8.8918,8.8552,8.8735,9677500
2025-07-10,8.8735,8.9009,8.846,8.9009,14117500
2025-07-11,8.9009,8.9101,8.8277,8.8643,14116200
2025-07-14,8.8826,8.9192,8.8735,8.8918,4294400
2025-07-15,8.8918,8.9101,8.8094,8.8277,11533300
2025-07-16,8.8186,8.8552,8.718,8.718,12695100
2025-07-17,8.7362,8.782,8.6997,8.718,7431600
2025-07-18,8.7363,8.7728,8.7088,8.7088,15598200
2025-07-21,8.7271,8.782,8.6997,8.7088,8019000
2025-07-22,8.7088,8.7637,8.6997,8.718,13305100
2025-07-23,8.7271,8.8003,8.7271,8.7728,14928700
2025-07-24,8.8003,8.8186,8.7363,8.8094,16109900
2025-07-25,8.8094,8.8094,8.7271,8.7271,11782100
2025-07-28,8.7454,8.8094,8.718,8.7271,8810800
2025-07-29,8.7271,8.8094,8.7088,8.7088,10407600
2025-07-30,8.7088,8.718,8.6356,8.6448,17662900
2025-07-31,8.6448,8.6814,8.5899,8.5899,24319000
2025-08-01,8.6082,8.8094,8.599,8.782,9626900
2025-08-04,8.782,8.782,8.7271,8.7271,5851200
2025-08-05,8.7637,8.8552,8.7454,8.8369,15631100
2025-08-06,8.8552,8.8552,8.8003,8.8094,13104300
2025-08-07,8.8094,8.846,8.7911,8.8094,9314400
2025-08-08,8.8277,8.8369,8.7728,8.7911,10712700
2025-08-11,8.7911,8.9009,8.7911,8.8277,17908700
2025-08-12,8.8277,8.9649,8.8277,8.8826,16886500
2025-08-13,8.9009,9.0473,8.8918,9.0198,12018300
2025-08-14,9.0564,9.1296,8.9924,9.0015,11253900
2025-08-15,9.0839,9.0839,8.9558,8.9649,7456100
2025-08-18,8.9649,8.9832,8.9467,8.9467,10610600
2025-08-19,8.9558,9.0107,8.9558,8.9649,14476700
2025-08-20,8.9741,9.0107,8.9467,8.9649,15305500
2025-08-21,8.9741,9.0107,8.9467,8.9467,15263300
2025-08-22,8.9741,9.0381,8.9649,8.9649,20549800
2025-08-25,9.0107,9.0564,8.9924,9.0107,17724500
2025-08-26,9.0107,9.0381,8.9192,8.9192,81816700
2025-08-27,8.9467,8.9924,8.8918,8.9558,7930800
2025-08-28,8.9924,9.1296,8.9924,9.1022,11065300
2025-08-29,9.1022,9.1022,9.0198,9.0564,15268300
2025-09-02,9.1479,9.2394,9.1022,9.2028,14442600
2025-09-03,9.2028,9.2211,9.1205,9.1296,8502700
2025-09-04,9.1296,9.1845,9.1296,9.1388,8335900
2025-09-08,9.1479,9.2028,9.1388,9.1479,11547400
2025-09-09,9.1662,9.1845,9.1388,9.1845,14188000
2025-09-10,9.2028,9.2028,9.1022,9.1205,13630000
2025-09-11,9.1865,9.2242,9.1299,9.2148,11221500
2025-09-12,9.2431,9.3091,9.1959,9.3091,5982300
2025-09-17,9.3091,9.3751,9.2714,9.3751,12289100
2025-09-18,9.3751,9.3845,9.2619,9.3185,6333800
2025-09-19,9.3091,9.3091,9.2431,9.2431,14915200
2025-09-22,9.2525,9.2997,9.2525,9.2808,6948400
2025-09-23,9.2902,9.2997,9.2619,9.2619,7863300
2025-09-24,9.2902,9.2902,9.2336,9.2714,8350200
2025-09-25,9.2714,9.2808,9.2336,9.2336,9635800
2025-09-26,9.2336,9.328,9.2336,9.328,17464100
2025-09-29,9.328,9.3657,9.328,9.3468,14425800
2025-09-30,9.3468,9.394,9.3185,9.3468,15324800
2025-10-01,9.3468,9.4034,9.3468,9.3846,7538300
2025-10-02,9.3845,9.4317,9.3845,9.4128,11590600
2025-10-03,9.4128,9.4317,9.394,9.4317,6072900
2025-10-06,9.4317,9.4694,9.4128,9.4506,6783700
2025-10-07,9.4506,9.4506,9.3846,9.3846,4086900
2025-10-08,9.4034,9.4317,9.3845,9.4317,3842400
2025-10-09,9.4317,9.4317,9.3845,9.4317,8997700
2025-10-10,9.4317,9.4317,9.3846,9.3846,13635800
2025-10-13,9.3374,9.394,9.3185,9.3657,11714400
2025-10-14,9.3657,9.3751,9.3468,9.3563,19420400
2025-10-15,9.3563,9.3751,9.328,9.3563,7596600
2025-10-16,9.3563,9.4034,9.328,9.3563,5504700
2025-10-17,9.3563,9.3751,9.3185,9.328,9174300
2025-10-21,9.3751,9.3751,9.328,9.3374,8248800
2025-10-22,9.3468,9.3563,9.2808,9.2997,8032900
2025-10-23,9.2997,9.3185,9.2714,9.2808,13607900
2025-10-24,9.2808,9.3374,9.2808,9.3374,13120200
2025-10-27,9.3468,9.4034,9.328,9.3468,6836900
2025-10-28,9.3468,9.3657,9.3091,9.3185,15488100
2025-10-29,9.3185,9.3468,9.2902,9.3091,3533300
2025-10-30,9.3091,9.328,9.2997,9.328,13328500
2025-10-31,9.328,9.3468,9.3091,9.3091,7945800
2025-11-03,9.3091,9.3846,9.2997,9.3846,7031700
2025-11-04,9.3751,9.4317,9.3563,9.3846,11476500
2025-11-05,9.3845,9.394,9.3468,9.3563,9886600
2025-11-06,9.3563,9.394,9.3468,9.3563,13615200
2025-11-07,9.3468,9.3563,9.328,9.3468,14059300
2025-11-10,9.3468,9.4128,9.3374,9.3751,5201100
2025-11-11,9.3751,9.4317,9.3374,9.3468,12091400
2025-11-12,9.3563,9.3846,9.3374,9.3751,14528900
2025-11-13,9.3846,9.4034,9.3751,9.3846,6270800
2025-11-14,9.3563,9.394,9.3563,9.3657,9101900
2025-11-17,9.3657,9.4128,9.3563,9.3563,10284800
2025-11-18,9.3657,9.3845,9.3563,9.3563,10540800
2025-11-19,9.3468,9.394,9.3468,9.3657,8296000
2025-11-20,9.3845,9.4034,9.3374,9.3374,11768100
2025-11-21,9.3374,9.3751,9.3374,9.3751,16576200
2025-11-24,9.3751,9.4128,9.3563,9.394,29333500
2025-11-25,9.394,9.4223,9.3845,9.4128,11171600
2025-11-26,9.4128,9.4317,9.4034,9.4128,9291000
2025-11-27,9.4317,9.4317,9.394,9.4128,7827900
2025-11-28,9.4128,9.4317,9.3374,9.3468,14660700
2025-12-01,9.3563,9.4223,9.3563,9.4034,12913500
2025-12-02,9.4128,9.7524,9.4034,9.7524,23648700
2025-12-03,9.7147,9.7901,9.6203,9.6769,9302900
2025-12-04,9.6769,9.6769,9.5826,9.6581,11408500
2025-12-05,9.6581,9.6581,9.5072,9.6015,6986900
2025-12-08,9.6015,9.6203,9.4506,9.5449,8398100
2025-12-09,9.6015,9.6015,9.4883,9.526,8804400
2025-12-10,9.526,9.5449,9.4883,9.5449,7198200
2025-12-11,9.5638,9.6769,9.5638,9.6769,7073000
2025-12-12,9.6769,9.7524,9.6203,9.7147,11934800
2025-12-15,9.7147,9.7712,9.6958,9.7712,8003400
2025-12-16,9.7712,9.809,9.7147,9.7712,7523300
2025-12-17,9.7712,9.7712,9.6581,9.7147,5527700
2025-12-18,9.6958,9.7524,9.6958,9.7147,9239700
2025-12-19,9.7147,9.8844,9.7147,9.8467,15901400
2025-12-22,9.8467,9.9033,9.8467,9.8844,11775300
2025-12-23,9.8844,9.941,9.8656,9.941,11391600
2025-12-24,9.941,9.941,9.8278,9.8844,9549000
2025-12-26,9.8844,9.9033,9.7713,9.809,8426100
2025-12-29,9.809,9.8467,9.7335,9.8467,9425900
2025-12-30,9.8278,9.9222,9.7901,9.9033,8976600
2025-12-31,9.9033,9.9033,9.809,9.8844,11098900
2026-01-02,9.8467,9.8656,9.809,9.8467,4725100
2026-01-05,9.809,9.9599,9.7901,9.9599,16899800
2026-01-06,9.9599,10.1297,9.9033,10.0919,14688900
2026-01-07,10.0919,10.1297,10.0165,10.0731,15431300
2026-01-08,10.0731,10.0731,9.941,10.0353,22432000
2026-01-09,10.0542,10.2428,10.0542,10.2428,24217300
2026-01-12,10.2428,10.3749,10.224,10.3183,18042700
2026-01-13,10.3372,10.5069,10.3183,10.4315,31669500
2026-01-14,10.4126,10.4692,10.356,10.4126,18158400
2026-01-15,10.4126,10.5446,10.356,10.4692,34082500
2026-01-16,10.5447,10.5635,10.4692,10.5258,16818300
2026-01-19,10.5258,10.5258,10.5258,10.5258,0
2026-01-20,10.5258,10.5447,10.3749,10.4315,20726100
2026-01-21,10.4315,10.5069,10.4126,10.4692,20199000
2026-01-22,10.4881,10.6012,10.4881,10.5824,24235000
2026-01-23,10.5824,10.771,10.5447,10.7144,26605000
2026-01-26,10.7144,10.9219,10.7144,10.8465,26116500
2026-01-27,10.9031,11.1106,10.8842,11.0917,39707900
2026-01-28,11.0917,11.1294,11.0351,11.1294,37093500
2026-01-29,11.1106,11.1294,10.7899,10.9785,32458500
2026-01-30,10.9785,11.1671,10.9408,11.1294,31145100
2026-02-03,11.2237,11.2992,11.1483,11.2615,23873200
2026-02-04,11.2615,11.3746,11.2237,11.2615,27252500
2026-02-05,11.2615,11.318,11.2426,11.2615,19523400
2026-02-06,11.2615,11.2803,11.186,11.2615,24016700
2026-02-09,11.3181,11.3746,11.2615,11.3746,14983900
2026-02-10,11.3746,11.4312,11.318,11.318,14979400
2026-02-11,11.3181,11.5633,11.2992,11.5633,22376800
2026-02-12,11.5255,11.5821,11.4501,11.4501,29839600
2026-02-13,11.4124,11.469,11.3558,11.3746,24462100
2026-02-16,11.3369,11.3746,11.2237,11.2615,11323500
2026-02-19,11.2803,11.4124,11.2615,11.3746,21980600
2026-02-20,11.3746,11.5444,11.3558,11.5255,16940000
2026-02-23,11.5255,11.5821,11.4501,11.5067,13792800
2026-02-24,11.5067,11.6765,11.469,11.6765,17767800
2026-02-25,11.6953,11.7142,11.601,11.6576,12753300
2026-02-26,11.6765,11.6765,10.771,11.318,68613500
2026-02-27,11.318,11.318,11.2426,11.2803,46679200
2026-03-02,11.0351,11.1483,10.9408,11.054,33344300
2026-03-03,11.0917,11.2615,11.0917,11.1671,25271200
2026-03-04,11.186,11.2237,10.9219,10.9974,39378200
2026-03-05,11.0351,11.0917,11.0162,11.0351,26268000
2026-03-06,11.0351,11.1294,11.0162,11.0917,26417100
2026-03-09,11.0162,11.0351,10.6201,10.8087,31000800
2026-03-10,10.8653,11.054,10.8653,10.9974,22323700
2026-03-11,11.0728,11.1483,11.0351,11.1294,16903500
2026-03-12,11.1197,11.1585,11.0615,11.1003,29734200
2026-03-13,11.0615,11.1003,10.9645,10.9839,30945000
2026-03-16,10.9839,11.1973,10.8286,11.1391,20731500
2026-03-17,11.2556,11.3138,11.1779,11.2556,18770200
2026-03-18,11.2944,11.4302,11.275,11.3914,16991600
2026-03-19,11.3332,11.4108,11.2556,11.2556,25355000
2026-03-20,11.2556,11.2556,11.2556,11.2556,0
2026-03-24,11.3332,11.3332,11.0033,11.0033,31171900
2026-03-25,11.0615,11.1973,11.0615,11.1003,23482400
2026-03-26,11.1003,11.1779,11.0615,11.1003,13681200
2026-03-27,11.1003,11.1779,11.0809,11.1197,16981000
2026-03-30,11.0615,11.1003,10.8092,10.8674,19105000
2026-03-31,10.9062,11.1003,10.8286,11.0227,19736300
2026-04-01,11.1973,11.3526,11.1197,11.3138,15102300
2026-04-02,11.3526,11.372,11.0615,11.1197,15123300
2026-04-03,11.1779,11.1779,10.9062,10.9257,7843900
2026-04-06,10.9062,11.0227,10.848,10.8868,10927900
2026-04-07,10.8868,11.0809,10.8286,10.8286,8690300
2026-04-08,11.0615,11.0809,10.9451,10.9839,15742500
2026-04-09,10.9257,10.9645,10.8092,10.8286,12086100
2026-04-10,10.8674,10.9257,10.8092,10.8286,9484800
2026-04-13,10.7704,10.7898,10.6346,10.654,12197300
2026-04-14,10.751,10.7898,10.6928,10.7122,12827400
2026-04-15,10.751,10.848,10.6928,10.7316,8751900
2026-04-16,10.7704,10.8092,10.6928,10.7316,14705700
2026-04-17,10.7316,10.7898,10.6928,10.7704,9876600
2026-04-20,10.751,11.0033,10.7122,11.0033,15617600
2026-04-21,11.0033,11.1197,10.9451,11.0227,13521700
2026-04-22,11.0227,11.0421,10.8674,10.8868,9077500
2026-04-23,10.9451,11.0227,10.848,10.8868,16119700
2026-04-24,10.8868,10.9062,10.8286,10.8286,15570600
2026-04-27,10.848,10.8868,10.751,10.7704,7904600
2026-04-28,10.8092,10.8868,10.7704,10.8868,6726900
2026-04-29,10.8868,10.9257,10.7122,10.7122,9711700
2026-04-30,10.7316,10.7898,10.7122,10.751,12335300
2026-05-04,10.7898,10.9839,10.7704,10.9451,7717200
2026-05-05,10.9451,10.9451,10.848,10.8674,5699900
2026-05-06,10.8674,10.9257,10.848,10.8868,11104600
2026-05-07,10.9062,11.0227,10.8868,10.9257,28726200
2026-05-08,10.9062,10.9257,10.8092,10.848,12116400
2026-05-11,10.8868,10.9257,10.848,10.848,6868000
2026-05-12,10.848,10.9645,10.848,10.9062,8511300
2026-05-13,10.8868,10.9257,10.848,10.848,14383100
2026-05-14,10.8674,10.9062,10.8092,10.848,7753500
2026-05-15,10.848,10.8868,10.7704,10.7704,14663000
2026-05-18,10.8286,10.848,10.7316,10.751,10285900
2026-05-19,10.7704,10.7898,10.7316,10.751,10648600
2026-05-20,10.7122,10.7898,10.7122,10.7316,11356900
2026-05-21,10.7704,10.7898,10.7122,10.7122,16388300
2026-05-22,10.7122,10.7316,10.6734,10.6734,18897600
2026-05-25,10.6928,10.7704,10.6734,10.7316,7515100
2026-05-26,10.751,10.7704,10.6152,10.6152,11534400
2026-05-27,10.6152,10.6152,10.6152,10.6152,0
2026-05-28,10.6152,10.6346,10.1882,10.1882,27822800
2026-05-29,10.227,10.3435,10.1882,10.3241,61428200
2026-06-02,10.3241,10.3241,10.3241,10.3241,0
2026-06-03,10.033,10.3629,10.0136,10.1106,24954500
2026-06-04,10.13,10.3241,10.1106,10.2852,10951500
2026-06-05,10.3047,10.5181,10.3047,10.4793,12840400
2026-06-08,10.4211,10.4211,10.3047,10.3823,8645300
2026-06-09,10.4211,10.4211,10.2464,10.3047,23106900
2026-06-10,10.3047,10.4211,10.2852,10.3629,11264200
2026-06-11,10.3047,10.3823,10.3047,10.3435,14197200
2026-06-12,10.3629,10.4211,10.3435,10.4017,7401600
2026-06-15,10.4599,10.6152,10.4405,10.5957,11468500
2026-06-16,10.5957,10.8868,10.5763,10.8286,14958800
2026-06-18,10.8674,10.9645,10.7316,10.8286,14244600
2026-06-19,10.7898,10.848,10.7316,10.848,11410300
2026-06-22,10.8092,10.8286,10.6152,10.6346,8748600
2026-06-23,10.6346,10.6734,10.4987,10.5181,12772400
2026-06-24,10.5181,10.6152,10.4987,10.4987,6796400
2026-06-25,10.4987,10.5569,10.4017,10.4017,10929500
2026-06-26,10.4017,10.4793,10.3823,10.4793,6927100
2026-06-29,10.4793,10.5569,10.3823,10.4793,6047900
2026-06-30,10.4793,10.5375,10.4405,10.4599,13164800
2026-07-01,10.4793,10.4987,10.3435,10.3435,10343100
2026-07-02,10.3435,10.4793,10.3435,10.4211,4740200
2026-07-03,10.4599,10.5763,10.4599,10.4793,5442300
2026-07-06,10.4793,10.6152,10.4793,10.6152,3083500
2026-07-07,10.6152,10.6346,10.5569,10.5957,4472000
2026-07-08,10.6152,10.7316,10.5957,10.6152,6657300
2026-07-09,10.6346,10.654,10.5375,10.5375,4132600
2026-07-10,10.6152,10.654,10.5763,10.5763,10161000
2026-07-13,10.5763,10.6346,10.4987,10.6152,7622100
2026-07-14,10.6152,10.6928,10.5957,10.6734,7776100
2026-07-15,10.7316,10.7704,10.6152,10.6346,4112800
2026-07-16,10.6346,10.7316,10.6346,10.7122,8531400
2026-07-17,10.7122,11.0421,10.6928,10.8674,25170000
2026-07-20,10.8286,10.848,10.6346,10.6928,10892700
2026-07-21,10.7122,10.751,10.6346,10.6928,7654500
2026-07-22,10.6734,10.6928,10.5569,10.6152,18311600
2026-07-23,10.6152,10.654,10.5181,10.5375,10374500
2026-07-24,10.5375,10.5569,10.4405,10.4599,11420000
2026-07-27,10.4987,10.654,10.4987,10.5763,10360600
2026-07-28,10.5569,10.5957,10.5181,10.5763,11088400
2026-07-29,10.5763,10.654,10.5181,10.5375,10816100
2026-07-30,10.5375,10.5763,10.5181,10.5569,10587900
2026-07-31,10.5763,10.654,10.5181,10.5763,19807300
2026-08-03,10.5957,10.6346,10.4987,10.5181,14291000
2026-08-04,10.4793,10.5181,10.3823,10.4599,30570400
2026-08-05,10.5181,10.5957,10.4599,10.4987,17306700
2026-08-06,10.4987,10.5375,10.4599,10.4793,11333100
2026-08-07,10.4793,10.4793,10.3435,10.3629,20710000
2026-08-10,10.3823,10.4211,10.3435,10.3435,8811100
2026-08-11,10.3435,10.3629,10.2076,10.2464,23729400
2026-08-12,10.2658,10.3047,10.2076,10.2852,10868100
2026-08-13,10.3047,10.3241,10.227,10.2852,21794800
2026-08-14,10.2658,10.3241,10.2464,10.2852,16527900
2026-08-17,10.3047,10.3241,10.227,10.2658,9763000
2026-08-18,10.2658,10.3047,10.2464,10.3047,16994400
2026-08-19,10.3047,10.3629,10.2852,10.3241,14639800
2026-08-20,10.3241,10.3435,10.2658,10.2658,12497000
2026-08-21,10.2852,10.3241,10.2658,10.2852,15028700
2026-08-24,10.2852,10.3047,10.227,10.2464,12705600
2026-08-25,10.2464,10.2464,10.2464,10.2464,0
2026-08-26,10.2464,10.4405,10.2076,10.4017,22580500
2026-08-27,10.4017,10.5181,10.2658,10.3047,21232200
2026-08-28,10.3435,10.4017,10.2852,10.3629,107839600
2026-08-31,10.3629,10.3629,10.3629,10.3629,0
2026-09-01,10.2076,10.3435,10.1882,10.2464,21851500
2026-09-02,10.2658,10.3241,10.227,10.2852,14085400
2026-09-03,10.3047,10.3241,10.2464,10.2658,18486800
2026-09-04,10.2852,10.2852,10.2076,10.2464,11682400
2026-09-07,10.2464,10.3241,10.2464,10.2658,11027500
2026-09-08,10.2658,10.2852,10.227,10.227,8389200
2026-09-09,10.2464,10.2464,10.1494,10.1494,17425300
2026-09-10,10.1882,10.227,10.1494,10.1494,8373300
2026-09-11,10.1688,10.1688,10.0718,10.0718,11956900
2026-09-14,10.0718,10.1688,10.0718,10.1494,6491800
2026-09-15,10.1688,10.1688,10.0912,10.1106,11314800
2026-09-17,10.13,10.1688,10.033,10.0524,11221000
2026-09-18,10.0524,10.1106,10.0136,10.0136,15504800
2026-09-21,10.033,10.13,10.0136,10.0718,12127000
2026-09-22,10.0912,10.1494,10.0524,10.13,20591800
2026-09-23,10.28,10.3,10.12,10.14,12759300
2026-09-24,10.12,10.18,10.08,10.12,5723500
2026-09-25,10.14,10.22,10.12,10.22,4990400
