date,open,high,low,close,volume
2016-08-12,120.5361,121.367,119.9764,121.1465,1787900
2016-08-15,121.2144,121.3416,119.968,120.0782,2369600
2016-08-16,119.6797,120.0782,118.9844,119.6203,1688500
2016-08-17,119.7984,120.3241,119.2643,120.1545,1849100
2016-08-18,120.1206,121.1127,119.7815,120.5446,1572700
2016-08-19,120.1037,120.6124,119.7391,120.4343,1950200
2016-08-22,120.4937,121.2483,120.1545,120.4767,1587900
2016-08-23,121.0194,121.1381,120.1884,120.4089,2295500
2016-08-24,120.4004,120.4682,118.2891,118.5944,2529800
2016-08-25,118.4926,118.4926,116.1864,116.4153,3891000
2016-08-26,116.7291,117.2632,115.3046,115.8388,3082400
2016-08-29,116.3305,117.0428,115.7201,116.3899,2315900
2016-08-30,116.3899,116.746,115.5166,116.0507,2026600
2016-08-31,115.7794,116.0083,114.9315,115.3555,2837300
2016-09-01,116.0084,116.144,114.762,115.0926,2765400
2016-09-02,115.737,115.9744,115.1096,115.8303,2390500
2016-09-06,115.8388,116.0338,114.9994,115.2876,2242400
2016-09-07,114.9938,115.8115,114.3123,114.9852,2816300
2016-09-08,114.5423,115.5219,114.4912,115.3686,2826700
2016-09-09,114.7467,115.1215,113.8182,113.8182,3322300
2016-09-12,113.0431,115.6071,112.7706,115.4452,3457400
2016-09-13,114.3464,115.1216,113.6053,114.0994,3331500
2016-09-14,114.0312,114.7297,113.2731,113.8779,4592400
2016-09-15,113.3157,115.9222,113.1879,115.5134,3302900
2016-09-16,115.5134,118.0177,115.4452,117.9495,7421900
2016-09-19,117.4054,118.0065,116.4234,116.5589,3239500
2016-09-20,116.9399,117.2785,116.034,116.3811,2425700
2016-09-21,116.9991,118.4891,116.8213,118.4468,3506600
2016-09-22,118.9378,119.7167,118.8023,119.4034,3018300
2016-09-23,119.3865,120.0299,118.8277,118.9547,2802000
2016-09-26,118.4807,118.6669,117.5917,118.2859,2636500
2016-09-27,118.5145,119.2341,117.4139,119.1918,3048600
2016-09-28,119.4796,119.9707,118.2351,118.8701,1990400
2016-09-29,118.6754,118.76,116.6943,117.1007,2201000
2016-09-30,117.8288,118.9293,117.1853,118.523,4164100
2016-10-03,117.9727,118.2859,116.8551,117.2446,2724400
2016-10-04,117.414,117.9812,116.1187,116.9653,2452600
2016-10-05,117.0076,117.6171,115.6445,116.4911,4625600
2016-10-06,116.2457,116.398,114.8488,115.5345,4025300
2016-10-07,116.161,116.4488,115.1197,115.6954,2568700
2016-10-10,115.9578,117.1261,115.9578,116.8975,2586000
2016-10-11,116.2541,116.5673,113.7567,114.0784,3353600
2016-10-12,114.2731,114.8996,113.1387,114.3747,4287900
2016-10-13,113.9937,113.9937,113.1133,113.6043,3425700
2016-10-14,114.1038,114.7218,113.3503,113.3757,3452900
2016-10-17,113.4942,113.8074,112.6222,113.5535,3602500
2016-10-18,117.8457,121.867,116.7197,121.3929,10141900
2016-10-19,121.757,123.9073,120.9104,122.2226,5796000
2016-10-20,122.3242,123.501,121.8924,122.8152,5203700
2016-10-21,122.1295,123.1284,121.7062,123.0692,3331800
2016-10-24,123.6025,123.7888,121.9263,122.4935,2930200
2016-10-25,122.6544,123.0777,121.5707,121.7231,3095400
2016-10-26,121.6977,121.7231,120.123,120.4109,3267600
2016-10-27,120.8257,121.2744,119.8606,120.1653,3358000
2016-10-28,119.9283,120.5125,118.0489,118.8193,4033600
2016-10-31,119.2003,119.8267,118.4976,119.649,3761100
2016-11-01,119.8013,119.8013,117.524,118.0404,3391400
2016-11-02,117.6933,119.5643,117.6171,117.6594,3149700
2016-11-03,117.8287,118.8108,116.5334,116.6858,2989700
2016-11-04,117.2108,117.5833,116.5674,116.5843,3520700
2016-11-07,118.1843,120.5887,118.142,120.1569,3896600
2016-11-08,119.6659,121.5792,119.3696,120.9781,4389300
2016-11-09,118.1335,122.0702,115.3228,120.1315,8042400
2016-11-10,120.504,124.0851,120.2162,123.7126,6075500
2016-11-11,124.2036,124.8724,123.611,123.9581,4475400
2016-11-14,124.72,129.4609,124.4829,128.9191,5740400
2016-11-15,129.9604,130.3414,128.2672,128.8768,4910700
2016-11-16,128.6736,129.5287,128.0302,128.2588,3899000
2016-11-17,128.5297,128.6144,127.1498,127.6408,4683000
2016-11-18,127.8778,128.3942,126.4809,126.5232,5664800
2016-11-21,126.7519,127.5477,125.7698,127.336,3867800
2016-11-22,127.9032,129.4694,127.4629,128.9021,4992100
2016-11-23,128.6905,130.1552,127.8016,129.9858,2697200
2016-11-25,130.316,130.7986,129.1985,129.3678,1664500
2016-11-28,129.3085,129.4016,126.9889,128.7752,5029600
2016-11-29,132.8642,133.8632,131.3742,133.4145,5827400
2016-11-30,133.8438,135.7902,133.5038,134.5663,7142400
2016-12-01,135.2462,137.4561,135.2462,136.7932,5250200
2016-12-02,136.8441,138.1361,136.4701,136.6146,3480000
2016-12-05,136.1557,136.5637,132.7898,133.9798,5854200
2016-12-06,134.4387,134.4897,132.8153,133.7163,3216700
2016-12-07,134.2008,135.9772,132.8918,135.4842,4552300
2016-12-08,135.4927,136.1982,134.2943,135.4162,3407500
2016-12-09,135.5862,136.1302,134.0478,136.0962,4007200
2016-12-12,134.9997,135.7052,134.0817,135.5607,3471200
2016-12-13,136.3342,137.4476,136.0537,136.4532,3868900
2016-12-14,136.9631,137.5241,134.9062,135.8752,3885700
2016-12-15,135.8836,137.0906,135.5097,136.5211,4422700
2016-12-16,137.1671,139.394,137.0056,139.343,7605300
2016-12-19,138.6205,139.343,137.0311,137.3031,4732600
2016-12-20,137.4476,138.6375,137.1926,137.3456,3131200
2016-12-21,137.2012,137.9406,135.6712,137.1247,2767700
2016-12-22,137.1756,137.5921,136.2236,137.3371,2741700
2016-12-23,137.3202,138.5781,136.4617,138.5696,2044400
2016-12-27,138.765,139.36,138.0766,138.2381,1344000
2016-12-28,137.8301,138.7565,137.1161,137.2181,1669100
2016-12-29,137.6261,138.0001,136.3257,136.8781,2476300
2016-12-30,137.1586,137.2521,135.8667,136.0282,2855600
2017-01-03,136.9546,137.9236,135.2717,137.2266,3539700
2017-01-04,137.9916,138.1871,135.7732,137.6176,2695200
2017-01-05,137.4816,138.2296,137.2776,137.8471,2961100
2017-01-06,137.4816,138.4931,136.9377,138.0426,3081300
2017-01-09,137.6941,138.0596,136.6571,137.6516,3040800
2017-01-10,137.0736,138.527,136.4191,137.3371,3500700
2017-01-11,137.0991,138.4931,136.5127,137.6006,3330600
2017-01-12,137.4306,138.493,136.7506,138.0001,2555900
2017-01-13,137.8301,138.3231,137.1926,137.5241,3183300
2017-01-17,138.2126,138.5186,133.8778,136.5552,5475800
2017-01-18,136.8951,137.0141,132.6708,134.0732,6591600
2017-01-19,134.0733,136.4617,133.6483,134.8893,4976900
2017-01-20,135.1612,135.8242,134.1328,134.8553,3579100
2017-01-23,134.8212,135.5862,133.0703,135.2037,4062600
2017-01-24,135.4502,137.1077,135.2293,136.3597,3514100
2017-01-25,136.6911,137.6771,136.2916,137.0481,3605800
2017-01-26,137.5751,139.037,137.0566,138.3316,4202400
2017-01-27,138.969,139.224,138.2211,138.5356,3110400
2017-01-30,138.4931,138.9351,137.1076,137.7706,2784600
2017-01-31,137.3711,137.8556,136.0027,137.7791,3037000
2017-02-01,138.3316,139.309,137.7196,138.2976,3718500
2017-02-02,138.1361,138.7565,136.2151,136.6401,4714000
2017-02-03,136.9547,137.6941,136.1727,137.5836,2762300
2017-02-06,137.2776,138.1446,136.1812,136.4277,3479400
2017-02-07,136.8867,137.4222,135.6032,136.4447,2942700
2017-02-08,135.9942,136.5297,135.4927,136.2577,2339700
2017-02-09,136.2577,137.0991,135.6202,136.3682,3056800
2017-02-10,136.0961,137.3456,136.0792,136.6316,1905900
2017-02-13,136.5806,137.7111,136.5806,137.6856,3275800
2017-02-14,137.2266,138.9691,137.0566,138.6546,2969400
2017-02-15,138.1871,140.1505,138.1871,139.6405,4537900
2017-02-16,140.057,140.2185,137.9746,139.0965,3191600
2017-02-17,135.1442,136.1302,133.0108,133.9712,12033600
2017-02-21,133.9713,136.6912,133.8863,136.4787,5419000
2017-02-22,136.7677,137.5071,135.6882,136.4787,2725300
2017-02-23,137.1246,138.2041,136.5807,138.2041,2459600
2017-02-24,138.2636,138.6206,137.4731,138.5951,2715700
2017-02-27,138.6801,140.635,138.3826,140.567,4071800
2017-02-28,140.6435,141.7399,140.159,140.567,4382100
2017-03-01,141.7059,143.3039,141.3915,142.7429,3514200
2017-03-02,143.0659,143.1594,141.9099,142.2074,1889800
2017-03-03,142.2074,143.1764,141.6209,142.9639,2254400
2017-03-06,142.3094,143.9413,142.0544,143.3889,2576500
2017-03-07,143.1764,143.9499,142.7344,143.0489,2702300
2017-03-08,142.9081,143.7186,142.3024,143.2493,2048200
2017-03-09,143.4541,144.239,143.1044,143.3347,3631400
2017-03-10,143.6845,145.0324,143.3773,145.0153,3716600
2017-03-13,145.0239,145.8258,144.6485,145.2116,3130200
2017-03-14,144.7423,145.1859,143.7527,144.2304,2522600
2017-03-15,144.4864,146.7131,144.4267,146.551,2807600
2017-03-16,146.7984,146.8581,145.2201,146.1415,3138600
2017-03-17,145.9623,146.3462,144.6826,144.7765,5622900
2017-03-20,144.9727,145.2372,143.2579,143.3262,3928600
2017-03-21,143.8977,144.0257,142.5242,143.0702,4953100
2017-03-22,143.437,143.6503,141.3042,142.4986,2999800
2017-03-23,141.8161,142.4133,140.5705,141.0141,3947400
2017-03-24,141.7308,142.8142,140.2122,140.7667,5243900
2017-03-27,139.9051,140.8606,139.3249,140.4255,4383000
2017-03-28,140.4084,141.6795,139.7771,141.0653,7327100
2017-03-29,140.4767,140.7412,138.8387,139.4359,5900400
2017-03-30,139.615,141.5601,139.4529,140.7582,2993800
2017-03-31,140.4596,140.852,139.7003,139.9221,3496100
2017-04-03,140.4426,141.7393,140.1269,141.2701,3473700
2017-04-04,141.509,142.0038,140.5876,140.7412,2886000
2017-04-05,141.4151,142.6948,140.9544,141.0824,3541600
2017-04-06,141.1507,141.6369,140.6302,141.0568,2923600
2017-04-07,140.7327,142.0465,140.4426,141.637,2927800
2017-04-10,141.782,142.473,141.0056,141.1762,3234900
2017-04-11,140.6729,141.4834,140.4255,141.4749,3172900
2017-04-12,141.8929,141.9782,140.4255,141.2445,2978700
2017-04-13,140.7241,141.3213,140.4852,140.7326,1979800
2017-04-17,140.7582,142.8313,140.7326,142.6266,4396700
2017-04-18,145.0836,145.2286,143.0702,143.8295,5526200
2017-04-19,144.6827,146.0477,143.9148,144.3926,4703400
2017-04-20,144.6229,146.9008,143.6418,146.3462,3652100
2017-04-21,146.8496,147.2676,145.4334,146.022,2982300
2017-04-24,147.3017,147.7283,146.4827,147.0202,2830300
2017-04-25,148.0184,149.0763,147.7539,148.4791,3394700
2017-04-26,148.5217,149.8526,148.4279,148.7691,2817500
2017-04-27,148.5047,150.2109,148.462,148.9824,2438600
2017-04-28,148.9653,149.2981,148.3682,149.1957,2010800
2017-05-01,149.2981,150.2707,148.5218,148.9483,2709700
2017-05-02,149.2213,149.6137,145.2627,148.5644,4951000
2017-05-03,148.2317,148.7009,146.6192,147.1994,3622200
2017-05-04,147.6345,148.6241,147.0629,148.462,2585200
2017-05-05,148.9057,149.1958,147.8563,148.5474,2189000
2017-05-08,148.3852,148.9227,148.0781,148.8203,2505900
2017-05-09,148.5303,149.1019,147.3615,147.7966,1653700
2017-05-10,147.6259,148.1378,147.1311,147.9245,1568700
2017-05-11,147.387,148.3255,146.4571,147.8648,1901300
2017-05-12,147.2847,147.9245,146.3292,146.5766,2335400
2017-05-15,146.5595,146.7387,145.2286,146.3377,2831400
2017-05-16,145.604,145.8856,142.6863,143.4285,4343700
2017-05-17,143.4285,145.3652,142.1744,144.0599,4442300
2017-05-18,143.5394,148.4279,143.2152,146.2694,3908000
2017-05-19,146.9946,147.5492,145.2457,147.242,3877300
2017-05-22,147.3615,149.2128,147.2506,149.0421,3480300
2017-05-23,148.8203,149.7417,148.1975,149.4857,2471500
2017-05-24,149.682,150.2365,148.8885,149.8014,1612300
2017-05-25,150.4242,152.4802,150.1,151.9001,3212200
2017-05-26,151.5845,152.6168,151.0044,151.4309,1583600
2017-05-30,151.465,151.9257,150.356,150.6546,2285700
2017-05-31,150.9105,150.919,149.2298,149.4516,3320400
2017-06-01,149.9635,153.2054,149.4602,153.2054,2890600
2017-06-02,153.4955,153.4955,152.1475,153.0433,2610100
2017-06-05,153.1627,153.8367,152.8471,153.0262,2640600
2017-06-06,152.8727,154.4681,152.267,154.2633,3443900
2017-06-07,155.27,156.5241,153.2651,156.3023,3783600
2017-06-08,156.3023,156.7715,154.3998,155.0056,3079900
2017-06-09,155.1335,155.6112,154.2974,154.8093,2392200
2017-06-12,154.8093,155.1164,150.5095,152.9239,3705600
2017-06-13,152.8897,154.7495,152.8385,154.4595,2458500
2017-06-14,154.3657,155.9866,154.3657,155.5771,2039300
2017-06-15,155.697,157.1962,154.275,154.5234,3078700
2017-06-16,154.9089,156.3052,154.5234,155.5942,4473300
2017-06-19,156.1682,156.785,154.8489,156.785,3887100
2017-06-20,156.5537,157.1276,156.0996,156.9991,2742600
2017-06-21,157.1876,158.5754,156.5194,158.4126,2866300
2017-06-22,158.3955,161.6165,158.2927,159.7661,3841300
2017-06-23,159.5691,159.5691,157.7444,158.6953,3438500
2017-06-26,158.5926,159.2436,157.102,158.584,2327400
2017-06-27,159.098,160.0231,157.813,158.1385,2682800
2017-06-28,159.0638,159.6035,158.5583,159.0809,2451200
2017-06-29,159.1837,159.415,157.9073,158.7125,2193600
2017-06-30,158.6097,159.5006,158.4212,158.841,2392000
2017-07-03,159.5863,160.6486,159.1152,159.8947,2087000
2017-07-05,159.4577,161.3595,159.098,161.2653,2587400
2017-07-06,161.1539,161.2139,159.4663,160.1431,1844700
2017-07-07,160.4943,161.4195,160.203,161.0168,2252500
2017-07-10,160.4772,161.0512,159.4663,160.1517,2612000
2017-07-11,160.1944,160.7598,158.5582,159.295,2664500
2017-07-12,160.0146,160.4515,159.6891,159.9289,3342800
2017-07-13,160.1944,160.4343,158.7553,158.8923,2379300
2017-07-14,159.1751,160.3059,158.2841,160.1088,2716700
2017-07-17,160.2545,160.4086,159.1322,159.6377,2444600
2017-07-18,160.1517,160.3658,157.5046,160.066,4235800
2017-07-19,160.6314,162.2591,160.6314,162.0706,3401600
2017-07-20,162.259,164.4092,161.8392,164.0494,3099600
2017-07-21,163.9467,165.3344,163.2785,164.2893,4911500
2017-07-24,164.2979,164.6234,163.3127,163.5269,2356500
2017-07-25,164.5891,164.889,163.0215,163.1071,1960100
2017-07-26,162.7816,164.0751,162.2333,163.407,2683500
2017-07-27,162.97,163.1842,161.4451,161.8478,2631400
2017-07-28,162.002,163.8267,160.7085,163.7496,1925000
2017-07-31,164.1265,165.0003,163.741,164.315,3767100
2017-08-01,165.6771,165.6771,164.1522,164.6748,3336800
2017-08-02,164.5977,165.7199,164.5977,165.3344,2463800
2017-08-03,165.5572,167.0135,165.343,166.8507,2886100
2017-08-04,167.0049,167.9386,166.705,166.9449,2892300
2017-08-07,166.885,167.399,166.1054,166.8593,2074800
2017-08-08,166.7736,167.0392,166.2596,166.9621,1741000
2017-08-09,166.9621,167.3562,166.3367,166.9021,2125900
2017-08-10,166.4138,166.5251,164.8204,164.966,2698600
2017-08-11,166.114,166.6537,165.0432,165.3515,2210700
2017-08-14,166.7051,166.8336,165.2488,165.9427,2322000
2017-08-15,166.5937,167.0562,166.0283,166.6194,1595200
2017-08-16,166.8849,167.279,165.1888,165.994,1881600
2017-08-17,165.9769,166.3966,165.0431,165.0774,2440900
2017-08-18,165.1973,165.5057,163.3041,163.4669,2858500
2017-08-21,163.5183,164.7433,163.5183,164.5035,1930500
2017-08-22,164.6063,167.0135,164.1008,166.8678,2021900
2017-08-23,166.6194,166.6965,165.9512,166.3967,1547000
2017-08-24,166.6622,167.1077,166.371,166.8335,1923700
2017-08-25,167.3304,167.5103,166.311,166.4995,1375000
2017-08-28,166.6965,167.7417,166.4995,167.1249,2009900
2017-08-29,166.9021,168.7953,166.4738,168.5297,2072200
2017-08-30,168.2299,168.6582,167.219,167.8015,1506700
2017-08-31,168.7011,170.8942,168.2385,170.3887,2990200
2017-09-01,171.1511,171.3224,169.9261,171.1168,2241800
2017-09-05,170.6457,171.708,170.2259,170.7399,2700800
2017-09-06,170.9369,171.3224,169.3007,169.9432,3040200
2017-09-07,170.0636,171.534,169.4617,170.4076,2684600
2017-09-08,170.6311,171.0009,169.4015,170.0464,2206000
2017-09-11,171.3363,172.3423,170.9321,171.62,3307900
2017-09-12,171.4996,171.5254,169.3241,169.8056,2554700
2017-09-13,170.0893,172.6347,170.0721,170.5451,2394400
2017-09-14,170.2184,170.5881,169.4789,170.0292,2378600
2017-09-15,170.7086,171.7319,169.5735,170.4162,4198700
2017-09-18,170.4075,170.9664,169.84,170.4247,1915200
2017-09-19,170.6397,170.7773,165.4373,167.3807,3819000
2017-09-20,167.6989,168.404,166.8733,168.3266,2788500
2017-09-21,168.2234,168.6534,167.5957,167.8623,1895000
2017-09-22,167.7762,168.4298,161.8773,165.9876,5660200
2017-09-25,166.194,168.8081,164.1732,164.887,3105900
2017-09-26,165.3685,167.1313,165.1363,165.7038,2775400
2017-09-27,166.1338,168.2148,164.8784,167.2431,3267200
2017-09-28,167.0367,169.0145,166.4004,168.6275,2088400
2017-09-29,168.3868,168.619,167.2345,168.4126,2646300
2017-10-02,169.0489,170.184,168.8253,169.7798,2893600
2017-10-03,169.8314,171.4997,169.6251,170.8031,2533800
2017-10-04,171.1471,172.6089,170.6311,172.3939,2286400
2017-10-05,171.921,171.921,169.0231,170.1754,4069000
2017-10-06,170.1753,171.9726,169.84,170.3129,3361900
2017-10-09,170.27,170.5366,168.3524,168.7996,3365400
2017-10-10,168.7651,168.9113,166.538,167.4065,2499100
2017-10-11,167.3635,168.6018,166.4692,167.9053,2935600
2017-10-12,167.6903,167.9912,165.7297,165.8931,2954700
2017-10-13,163.0295,165.7125,159.9425,165.5491,5435000
2017-10-16,165.5147,166.237,164.5516,166.1338,2927400
2017-10-17,169.2295,177.6737,168.8597,175.3262,8949700
2017-10-18,175.2488,178.6884,175.1456,176.4785,4796300
2017-10-19,176.6849,176.9257,174.3029,174.7759,3471800
2017-10-20,175.6443,179.041,175.1542,178.4218,5138800
2017-10-23,178.4993,179.2474,176.9686,178.0091,2261400
2017-10-24,177.4674,179.0582,177.0375,178.9894,3459900
2017-10-25,179.1356,179.8407,178.0607,178.4821,2908300
2017-10-26,178.7916,182.0421,178.4993,179.8493,4346000
2017-10-27,179.8494,182.9622,179.3334,182.816,4385300
2017-10-30,182.4807,182.9622,180.0471,180.0557,2477400
2017-10-31,180.0556,181.0273,178.6884,180.7694,3749600
2017-11-01,181.9733,182.8419,179.6516,180.1761,1902900
2017-11-02,180.6748,181.8615,179.7289,181.5261,2825900
2017-11-03,181.1994,183.8737,180.6662,183.0482,2196900
2017-11-06,182.2227,183.9597,182.1281,182.4033,2293700
2017-11-07,182.9364,183.6243,181.3455,182.902,1845800
2017-11-08,182.3689,183.0998,181.1822,181.2424,2261100
2017-11-09,181.0876,182.0937,179.8321,181.9217,1839700
2017-11-10,181.8357,182.1367,180.7522,181.5004,1384700
2017-11-13,180.8468,183.6243,180.5286,182.8676,2662200
2017-11-14,182.4806,182.9019,181.3713,182.0506,1993900
2017-11-15,181.337,182.2829,180.2535,180.4599,1816300
2017-11-16,180.907,182.3086,180.4942,181.5519,1919600
2017-11-17,180.9758,181.8357,179.8493,180.4943,1887500
2017-11-20,180.5803,181.165,180.2191,180.7952,2040400
2017-11-21,181.552,183.031,181.2252,182.816,2327200
2017-11-22,182.5236,182.9966,181.2338,181.6293,2257800
2017-11-24,182.3001,183.0998,181.4402,182.7386,744000
2017-11-27,182.515,184.2348,182.1367,182.644,2856300
2017-11-28,183.9166,186.0062,182.7386,185.86,2905700
2017-11-29,187.2015,192.8511,186.9092,191.6559,4247200
2017-11-30,193.1226,197.3676,191.7939,196.8672,6846400
2017-12-01,197.4884,197.7731,190.7499,195.6679,3325800
2017-12-04,197.8076,199.9733,191.026,191.0432,5591500
2017-12-05,190.6809,193.0277,189.0933,189.8957,3246300
2017-12-06,190.6982,191.5092,188.9812,189.7663,2397500
2017-12-07,190.3271,190.3444,188.2564,189.9475,2661600
2017-12-08,190.2926,193.554,190.0079,193.1916,2233300
2017-12-11,191.9837,193.9768,191.5782,192.2081,1599500
2017-12-12,191.026,192.7689,190.9052,191.9664,2294100
2017-12-13,191.3194,194.089,190.8793,193.5713,3059400
2017-12-14,194.1321,195.8318,190.6895,190.8966,2811700
2017-12-15,193.0536,193.0536,190.3617,191.3884,6293400
2017-12-18,192.0614,193.9682,191.7076,192.1218,3194100
2017-12-19,192.3979,193.0881,190.5515,191.5782,2340200
2017-12-20,192.5014,194.0372,191.3107,191.8715,2633200
2017-12-21,192.51,193.2176,191.0001,191.2762,2955300
2017-12-22,191.5436,191.8456,188.4807,189.818,1959700
2017-12-26,189.0328,190.1804,189.0328,189.4729,1482400
2017-12-27,189.8008,191.0605,189.1709,190.1804,1861900
2017-12-28,191.0778,192.2253,189.9475,192.2081,1452600
2017-12-29,193.2262,193.2262,190.215,190.215,2350200
2018-01-02,190.6981,191.9319,189.8181,190.8189,3485000
2018-01-03,191.2158,193.1054,190.2667,192.8206,2417600
2018-01-04,193.5627,195.0813,193.416,193.6576,2749100
2018-01-05,194.296,197.6265,193.8905,197.3504,2432800
2018-01-08,196.8327,197.3332,193.7956,193.925,2850800
2018-01-09,193.925,195.5385,192.6653,194.8914,2672200
2018-01-10,193.9854,194.1407,192.4324,193.4418,2311600
2018-01-11,193.4246,194.9259,193.0104,194.4686,2543600
2018-01-12,196.246,198.3599,195.4436,197.2727,3943800
2018-01-16,201.3538,202.7602,199.5246,200.9483,6852600
2018-01-17,202.4755,206.1769,201.768,205.7196,5124800
2018-01-18,206.4358,210.4392,205.8232,209.8007,6234200
2018-01-19,210.6808,210.8275,207.9975,209.9647,4293600
2018-01-22,210.1717,210.3529,208.2477,210.1458,4012200
2018-01-23,209.6541,213.0967,209.1536,211.5695,3300000
2018-01-24,212.2597,213.3814,210.2753,211.2589,2733300
2018-01-25,211.1725,212.415,210.4391,211.5435,2420500
2018-01-26,211.3883,214.6152,210.9224,214.3822,2615300
2018-01-29,215.0811,216.384,213.459,213.4677,2564700
2018-01-30,200.9311,209.4384,200.2581,204.1838,11565500
2018-01-31,209.5246,213.1139,203.4159,204.296,5187400
2018-02-01,202.9845,205.1933,201.7507,202.95,4268300
2018-02-02,201.0346,203.8819,199.4729,200.0683,3959900
2018-02-05,199.1277,201.1295,179.8785,189.8353,6290000
2018-02-06,183.0882,195.435,181.3712,194.2874,7064800
2018-02-07,191.8285,197.8336,191.1209,194.8397,5589200
2018-02-08,194.4168,195.5385,186.5912,186.7637,4902400
2018-02-09,188.0925,192.6481,182.9242,190.6464,6225300
2018-02-12,191.9233,196.7205,191.6731,194.7274,4912000
2018-02-13,192.5359,195.9612,191.8801,195.5471,3536800
2018-02-14,194.089,197.8767,193.2003,197.3935,2878400
2018-02-15,197.8163,198.4462,191.3194,195.0122,4662700
2018-02-16,194.9863,198.9207,194.7361,197.9026,3621700
2018-02-20,196.6428,197.3676,194.6584,195.5643,3172300
2018-02-21,195.1243,197.8853,194.227,194.2442,3371900
2018-02-22,195.2538,198.3081,194.2012,195.9354,2767900
2018-02-23,196.6343,198.7223,194.9173,198.5842,2393900
2018-02-26,199.8612,202.3374,198.1873,201.9492,3307000
2018-02-27,202.2425,203.5281,200.5514,200.6205,2899500
2018-02-28,202.2597,202.5445,195.0725,195.1329,4368600
2018-03-01,194.7361,197.8336,192.1822,193.6576,3514600
2018-03-02,192.5877,194.8396,192.0527,194.296,2613600
2018-03-05,192.7257,197.9543,192.2253,197.0484,2627300
2018-03-06,197.5143,197.7128,193.1744,195.1502,2652800
2018-03-07,193.5713,196.5652,193.0536,196.0907,3242200
2018-03-08,197.3113,197.3632,193.84,194.5412,3500900
2018-03-09,195.7357,196.0907,192.6107,195.1471,4834600
2018-03-12,195.8224,196.5062,192.8445,192.8445,3117300
2018-03-13,193.5024,197.4238,193.1821,196.4543,3343800
2018-03-14,196.6187,198.5751,194.7921,195.1038,3048200
2018-03-15,195.4934,199.7611,195.3462,198.6531,3330200
2018-03-16,198.8089,200.2026,197.1555,197.2507,5690300
2018-03-19,196.7746,197.3459,193.6322,194.8182,3407300
2018-03-20,194.9134,197.0256,193.8053,196.3157,3429100
2018-03-21,196.0301,196.8871,192.8877,192.8877,3419800
2018-03-22,191.8749,191.8835,186.2048,186.3,5894800
2018-03-23,186.7675,188.4815,183.9541,183.9973,5741200
2018-03-26,186.2827,189.9358,185.8585,189.6415,3561300
2018-03-27,190.7236,192.1346,187.3388,188.6806,3722100
2018-03-28,189.4856,190.3686,187.8841,189.148,3179500
2018-03-29,189.9099,193.3465,185.2526,185.2526,5529400
2018-04-02,189.1134,193.0349,185.7979,188.0227,6220700
2018-04-03,190.7409,194.8614,190.1782,194.4113,4652000
2018-04-04,191.0439,198.6531,190.8101,198.0557,4674000
2018-04-05,198.6358,200.471,196.3331,198.2981,3348100
2018-04-06,196.2032,197.5364,192.0221,193.8746,3231700
2018-04-09,195.277,195.7531,192.4895,192.8098,3031500
2018-04-10,195.1211,197.5104,193.4677,196.3244,2737500
2018-04-11,194.1429,195.1125,191.9095,192.0913,3482100
2018-04-12,193.9439,195.4242,193.3985,194.117,2664500
2018-04-13,194.8614,195.7531,193.1128,194.1516,2496600
2018-04-16,196.6014,200.7047,195.9435,199.3802,4510600
2018-04-17,207.1625,209.2055,204.3664,206.5046,6180300
2018-04-18,206.8942,207.5348,204.5569,204.6435,2940100
2018-04-19,204.4703,206.2622,203.2584,204.0894,2734900
2018-04-20,204.3405,205.2495,202.1331,203.4835,2842000
2018-04-23,203.6825,204.479,201.7694,202.8602,3051700
2018-04-24,204.2539,205.4399,201.3193,202.7563,2771200
2018-04-25,202.0898,203.5181,199.4841,203.345,3118800
2018-04-26,204.0634,205.89,202.8515,205.1888,2252800
2018-04-27,205.7082,208.2273,205.2927,207.9156,2301800
2018-04-30,208.6255,208.6255,204.6435,204.6435,3446900
2018-05-01,205.1628,205.587,202.8775,205.033,2633500
2018-05-02,203.7605,204.479,201.579,202.0984,3542700
2018-05-03,200.8085,203.2584,198.5059,202.6957,2731600
2018-05-04,201.7868,204.8599,200.973,204.2106,1999900
2018-05-07,204.1933,205.1542,201.3799,202.3754,3237800
2018-05-08,202.3235,202.3235,199.6659,200.8605,2698300
2018-05-09,201.7435,202.0638,197.571,198.4193,3504200
2018-05-10,199.233,202.8169,198.5492,202.3148,2169000
2018-05-11,202.2023,206.721,201.6569,206.2709,3044900
2018-05-14,206.8076,210.9369,206.7384,210.2703,3893600
2018-05-15,209.37,209.6816,206.6085,207.327,2396600
2018-05-16,207.4569,209.3267,206.522,209.2488,1906100
2018-05-17,209.0497,210.8416,208.2273,210.3222,2418700
2018-05-18,210.6771,211.8804,209.8288,211.7765,2283600
2018-05-21,212.0882,215.698,211.9497,214.5986,3040700
2018-05-22,214.6851,214.7284,211.084,212.2439,2644100
2018-05-23,211.2485,212.521,209.1795,211.4476,3047800
2018-05-24,211.7159,212.4691,209.6643,210.1231,2610400
2018-05-25,210.3136,212.5903,209.8721,212.0449,1554900
2018-05-29,211.1013,211.1013,207.9676,209.6383,2837800
2018-05-30,210.9974,212.7374,210.0366,212.0362,2071900
2018-05-31,211.4043,211.8718,208.3485,209.067,2966100
2018-06-01,210.9974,210.9974,208.8766,210.6598,2371400
2018-06-04,211.2225,212.2959,210.1318,211.7679,2188900
2018-06-05,212.166,212.1834,209.4132,211.5947,1531900
2018-06-06,213.2308,215.3084,212.2007,215.2478,2650300
2018-06-07,216.2087,216.4165,214.9016,215.5335,2117200
2018-06-08,215.9491,217.715,214.7458,217.0052,3034600
2018-06-11,217.1437,220.7362,216.7628,219.6887,2775200
2018-06-12,219.1867,219.8273,216.5637,219.5156,2567200
2018-06-13,220.0004,222.2425,218.5634,218.901,3138300
2018-06-14,220.286,221.6019,219.5849,221.0305,2456600
2018-06-15,220.8915,222.377,219.406,222.377,4772200
2018-06-18,220.657,221.5344,219.0411,221.4128,1961900
2018-06-19,219.7622,220.0489,218.1898,219.8056,2370200
2018-06-20,220.0662,220.4224,218.8153,219.6232,2580400
2018-06-21,219.7448,220.3529,217.9813,218.824,2150300
2018-06-22,219.128,221.6212,218.2158,220.9784,2604000
2018-06-25,220.9697,221.6386,215.9745,217.7989,3060800
2018-06-26,217.6685,219.3278,216.7824,216.9822,2158000
2018-06-27,217.4339,218.711,215.5575,215.5922,2481000
2018-06-28,214.6888,215.4446,210.432,212.7515,3556900
2018-06-29,212.7515,215.0102,212.4909,213.1338,2772600
2018-07-02,212.8384,215.21,212.0739,214.9928,1793300
2018-07-03,215.7052,216.0961,214.35,214.5585,1248000
2018-07-05,216.4088,217.9899,215.0797,217.6164,2182900
2018-07-06,218.0595,218.6849,216.6782,217.8423,1572300
2018-07-09,219.0325,220.6657,218.0942,220.3703,2039600
2018-07-10,220.8133,223.1763,220.4398,221.9948,2012200
2018-07-11,221.6473,222.3944,220.431,221.1694,1486000
2018-07-12,222.5507,223.1067,221.4561,222.4378,1592700
2018-07-13,222.7332,225.0093,222.4117,224.74,2356200
2018-07-16,224.3839,224.5229,222.7767,223.2458,3625400
2018-07-17,218.5286,219.3713,213.9417,217.434,6932300
2018-07-18,218.1463,222.9243,217.5643,221.8905,3359800
2018-07-19,221.8037,222.8288,218.7892,219.7274,2307600
2018-07-20,218.1984,220.266,218.1984,219.5276,1959600
2018-07-23,219.71,221.7255,219.293,219.5623,1479600
2018-07-24,221.4041,221.491,218.9282,220.4485,2476500
2018-07-25,221.3606,221.7602,219.5884,221.4041,3016900
2018-07-26,222.6116,224.0189,222.2207,223.2632,2021300
2018-07-27,223.9495,223.9495,221.8645,222.351,1656800
2018-07-30,222.3162,223.1676,219.8838,220.518,1681500
2018-07-31,220.7786,221.6994,219.6579,219.9793,2355900
2018-08-01,222.4813,222.4813,219.6231,220.1096,3006700
2018-08-02,220.2226,222.655,219.1193,222.4639,1854400
2018-08-03,222.7854,223.7497,220.9176,223.4543,1422300
2018-08-06,222.8287,223.7322,221.934,223.0546,1398100
2018-08-07,223.8191,224.8616,223.3761,223.8278,1462800
2018-08-08,224.2274,225.435,224.0624,224.8355,1494300
2018-08-09,225.7912,228.4929,225.2699,227.2506,2315000
2018-08-10,226.295,227.1724,225.0961,226.182,1625000
2018-08-13,226.7381,228.0846,226.13,226.6599,1635100
2018-08-14,226.6425,229.6049,226.6078,228.8925,1941600
2018-08-15,227.5894,228.2062,225.1657,226.3992,2017700
2018-08-16,227.2333,229.1271,227.129,228.5624,2115900
2018-08-17,228.9533,229.4572,227.3635,227.8934,1969700
2018-08-20,228.4755,228.9012,227.2332,227.9543,1786200
2018-08-21,227.4765,228.0585,226.5035,227.3375,1559300
2018-08-22,227.5633,227.5633,226.0864,226.5121,2148500
2018-08-23,226.7554,228.0932,225.487,227.1029,1603500
2018-08-24,227.3896,230.0218,227.3896,229.5874,2238600
2018-08-27,230.2129,232.3413,229.7091,232.0199,2614000
2018-08-28,233.2883,233.8095,232.2371,233.2622,2603900
2018-08-29,233.158,233.9659,232.1676,233.6879,2880600
2018-08-30,234.0875,234.7044,232.9148,233.158,2976300
2018-08-31,233.0623,233.8703,232.1241,233.2187,2961500
2018-09-04,232.8192,234.0441,231.5769,233.2622,2097300
2018-09-05,233.3056,233.5141,231.8896,232.5064,2230600
2018-09-06,233.256,235.3654,232.6807,235.0429,2556100
2018-09-07,235.0342,236.3591,233.1776,233.8488,2958000
2018-09-10,232.5412,232.5587,225.5418,226.3961,4146200
2018-09-11,224.8184,227.8692,224.4348,227.5379,2283300
2018-09-12,227.6077,230.5451,227.3723,228.9587,2236300
2018-09-13,230.2575,231.5912,229.6125,231.4168,2734500
2018-09-14,231.3383,232.4279,229.4904,231.2599,2084600
2018-09-17,232.2972,232.4367,229.6038,230.0047,1940400
2018-09-18,229.1853,230.1964,228.3747,229.4991,3557000
2018-09-19,230.5277,231.5214,229.3859,231.2773,2274300
2018-09-20,231.9311,233.5524,231.9136,232.2013,2095000
2018-09-21,231.9485,233.4652,231.7306,232.4454,5671600
2018-09-24,232.7418,234.9384,232.4455,233.0469,2699800
2018-09-25,232.9945,233.0207,229.2726,229.691,3789700
2018-09-26,230.5539,231.4168,228.767,229.168,2238000
2018-09-27,229.2464,231.3471,229.1854,230.6847,2761400
2018-09-28,230.4493,232.027,229.9873,231.8963,2875100
2018-10-01,232.9509,235.3654,232.7504,234.5635,3314500
2018-10-02,234.4764,236.6032,233.1689,235.8972,2777300
2018-10-03,237.0913,237.1523,235.1475,236.1325,3002200
2018-10-04,236.2197,236.7601,233.0033,233.8837,2186600
2018-10-05,234.1713,236.2197,233.5611,234.6507,2045700
2018-10-08,234.337,235.043,231.5564,234.4852,1865000
2018-10-09,234.642,237.0564,234.0144,235.4439,2510100
2018-10-10,235.871,236.5858,228.828,229.3161,4267300
2018-10-11,228.3747,230.4667,222.953,224.121,4558500
2018-10-12,226.37,227.8431,223.8944,226.2915,4006300
2018-10-15,226.7448,228.7583,226.03,226.8494,3583400
2018-10-16,235.0778,237.7973,230.9897,237.5881,6453600
2018-10-17,235.5136,236.2196,231.5388,232.9945,3985100
2018-10-18,233.0381,233.5001,229.8652,232.5674,3132100
2018-10-19,232.4018,233.5873,230.0222,231.2512,3336600
2018-10-22,232.5151,232.5848,226.6837,228.5403,2618100
2018-10-23,226.3874,231.443,225.9341,230.8677,4081800
2018-10-24,230.1268,231.2773,223.0837,223.4237,5265600
2018-10-25,225.0275,231.1466,220.8523,230.3272,4675600
2018-10-26,227.9389,228.7234,224.0339,225.045,4830600
2018-10-29,226.3874,228.4096,220.8087,223.598,3697700
2018-10-30,223.7463,226.3612,221.384,225.1322,4169200
2018-10-31,227.3898,230.1791,226.8232,227.8082,4230200
2018-11-01,229.1767,230.7108,226.4223,227.4421,2771300
2018-11-02,230.6498,232.1926,226.2479,227.5118,2593600
2018-11-05,228.5055,229.2464,226.6925,227.5118,3287000
2018-11-06,227.2416,230.1268,227.2416,229.7171,2582400
2018-11-07,232.6458,241.2317,232.6458,239.3838,5796800
2018-11-08,240.578,242.3213,239.4449,241.1446,3809100
2018-11-09,241.3276,242.3213,239.0003,241.0574,2904300
2018-11-12,240.5779,242.1382,237.0913,237.4225,3140600
2018-11-13,237.5968,238.4859,233.7267,234.6681,2516900
2018-11-14,234.7292,235.8013,229.5515,230.9549,3511900
2018-11-15,230.118,231.7916,227.3723,230.9374,3657600
2018-11-16,230.981,236.917,230.92,236.3156,3857800
2018-11-19,236.6381,237.3267,230.2749,231.9049,3670800
2018-11-20,231.5302,232.5413,226.9801,227.9389,3617700
2018-11-21,228.889,230.6672,227.0237,227.1108,3234300
2018-11-23,226.6314,229.1941,225.1322,228.0435,1159300
2018-11-26,230.6585,233.8662,229.6822,232.0008,3879800
2018-11-27,231.4866,236.4812,231.0159,236.3504,3497300
2018-11-28,237.8061,246.1566,237.8061,244.8927,5044300
2018-11-29,244.4394,248.8152,244.3348,246.2873,4177800
2018-11-30,247.4591,248.0275,244.0312,246.0337,6143200
2018-12-03,247.4678,250.5546,247.2142,250.3797,4178800
2018-12-04,250.2223,251.7876,242.1424,243.5765,4635500
2018-12-06,238.7409,242.1688,231.9465,242.0901,6694600
2018-12-07,239.388,241.714,233.7216,235.383,3506900
2018-12-10,234.8671,235.2256,227.5567,233.0657,4061300
2018-12-11,235.7327,237.4379,232.3137,233.6691,3102800
2018-12-12,237.8052,240.0875,236.5285,236.6597,3167900
2018-12-13,236.852,239.0032,235.7677,237.9801,2350400
2018-12-14,236.4148,236.5985,230.5997,231.7453,3360500
2018-12-17,228.265,229.7603,224.4962,225.6679,5806800
2018-12-18,227.0933,227.3468,217.0371,221.2082,5065500
2018-12-19,220.6836,224.3475,216.5037,218.8822,5468500
2018-12-20,217.2995,217.7455,209.9105,212.0004,7311700
2018-12-21,210.5051,216.425,207.6369,208.4151,12209700
2018-12-24,206.5788,208.0304,203.3609,203.6932,3091000
2018-12-26,203.4832,212.8136,202.705,212.7961,4159300
2018-12-27,209.0797,215.0872,205.7044,215.0872,4295800
2018-12-28,215.7342,218.4275,214.0728,215.3232,3312700
2018-12-31,216.9147,218.856,215.9354,217.8416,3123200
2019-01-02,214.2389,215.4194,211.1522,212.9185,4063600
2019-01-03,212.9098,212.9098,206.4826,207.1122,4623200
2019-01-04,209.6918,212.8923,208.8174,209.5344,5367600
2019-01-07,210.2165,211.5981,208.319,209.9367,4133000
2019-01-08,211.9042,214.0553,209.6131,212.7436,3618600
2019-01-09,214.0291,215.6643,211.6681,213.0497,3425400
2019-01-10,211.6856,214.3614,211.0997,214.1253,3374100
2019-01-11,212.8836,216.6524,212.7262,216.5737,3967100
2019-01-14,215.6293,218.5412,215.2096,216.9147,4955500
2019-01-15,218.6112,224.6623,215.9878,224.6186,5325600
2019-01-16,226.2451,229.2707,225.7554,228.6323,6069400
2019-01-17,228.2213,228.8772,225.5106,227.1545,3583600
2019-01-18,229.6291,232.8296,227.7228,232.165,4844800
2019-01-22,230.9058,233.9139,230.626,232.3312,4052700
2019-01-23,234.1325,235.6366,230.5648,233.4942,2971100
2019-01-24,233.3018,234.4911,231.0808,232.716,2927300
2019-01-25,235.0507,236.4586,232.3399,234.3949,2809100
2019-01-28,233.3893,233.4155,231.3868,233.2756,2837300
2019-01-29,232.6022,234.7446,232.1126,233.774,2173000
2019-01-30,235.829,238.2337,233.6429,236.4236,3659000
2019-01-31,236.5198,237.6215,235.2168,236.2749,4055100
2019-02-01,234.7622,235.5667,232.6286,234.9808,3946800
2019-02-04,234.6223,234.9545,231.0895,234.5348,3398900
2019-02-05,236.205,237.9276,232.4624,232.8734,3597000
2019-02-06,231.8503,236.0388,231.7103,235.6628,2570000
2019-02-07,234.9108,236.6072,233.7041,235.2256,2458200
2019-02-08,233.914,234.9633,227.6354,229.0171,4547000
2019-02-11,228.3787,228.3875,224.1551,224.8547,4856200
2019-02-12,226.6735,230.8534,224.6623,230.4162,4327900
2019-02-13,230.4336,232.8558,230.1101,230.6785,3066400
2019-02-14,230.1888,233.5379,229.7253,232.0164,3015300
2019-02-15,234.1675,237.0881,233.1444,237.0881,3673700
2019-02-19,237.1231,238.2774,235.4704,236.4585,2486700
2019-02-20,235.4092,236.616,234.5086,235.6716,2802800
2019-02-21,235.6366,236.0476,231.8153,232.9521,2554300
2019-02-22,233.0395,234.6922,232.5586,233.5729,3191100
2019-02-25,233.9839,234.4999,231.1857,231.3781,3679100
2019-02-26,231.4305,232.1039,229.8041,229.9615,3212900
2019-02-27,228.7635,228.7635,217.6843,218.6812,8952900
2019-02-28,218.3489,220.3164,209.1235,211.808,11034300
2019-03-01,212.9797,216.8622,212.9797,215.2445,6921300
2019-03-04,216.9672,217.2558,205.066,206.3864,8646300
2019-03-05,206.8324,212.665,205.442,211.1172,6924500
2019-03-06,211.3883,211.3883,207.2696,209.0535,4878700
2019-03-07,210.1291,210.8986,205.9754,206.981,5033500
2019-03-08,206.4105,210.1499,205.9628,208.289,4921700
2019-03-11,209.9743,214.1964,207.5253,213.4328,4539600
2019-03-12,215.0127,217.2335,213.9506,215.8291,4235800
2019-03-13,217.6549,221.8682,216.8824,221.4205,4881600
2019-03-14,222.0789,223.8872,221.4996,222.3159,3865200
2019-03-15,223.2551,223.6062,219.3929,220.6744,6466200
2019-03-18,221.7805,224.1066,219.8142,223.8345,3927400
2019-03-19,224.6684,227.5651,223.9574,225.7042,4164800
2019-03-20,225.9675,226.1957,219.4192,219.8844,4193500
2019-03-21,218.7346,222.0438,218.2694,221.2187,2699700
2019-03-22,219.9459,220.4989,216.8034,216.8912,3777900
2019-03-25,217.1809,217.1809,211.3524,216.6893,4110900
2019-03-26,217.0404,217.5934,212.1775,213.6434,4416200
2019-03-27,213.2484,215.6536,209.0526,212.1688,4819200
2019-03-28,212.9412,213.1695,209.6934,212.6252,3601500
2019-03-29,214.4335,217.4794,212.3092,217.0405,4294200
2019-04-01,219.191,219.6212,213.3538,215.5307,4809500
2019-04-02,215.5043,216.2855,213.1255,214.5387,4057100
2019-04-03,216.2065,217.2862,214.6967,215.794,2851400
2019-04-04,215.478,218.6643,214.7406,217.1545,2255500
2019-04-05,218.5239,218.8399,215.2058,218.3746,3343000
2019-04-08,219.1647,219.1647,216.2066,218.3484,2195400
2019-04-09,217.3126,219.3929,215.8906,218.3835,2903800
2019-04-10,218.3747,219.3315,215.5131,215.9608,2753700
2019-04-11,215.9783,216.742,204.2423,206.6475,8223400
2019-04-12,207.5955,207.8413,193.788,195.9386,13979400
2019-04-15,198.1769,202.7414,196.9831,202.0655,10021800
2019-04-16,208.9209,208.9209,189.443,193.9548,27361400
2019-04-17,196.4389,196.8339,182.6401,190.3383,22101400
2019-04-18,190.6016,195.7455,188.0298,194.6482,13927200
2019-04-22,196.6232,199.7481,194.4288,199.3531,11191800
2019-04-23,200.3538,203.5928,198.4666,202.399,10261400
2019-04-24,201.9689,203.3207,199.9149,202.1972,6104100
2019-04-25,200.5996,203.7508,200.2485,202.5834,5954500
2019-04-26,203.7684,208.1309,202.9345,208.0344,6186200
2019-04-29,208.3855,208.9649,205.5415,208.4294,5345300
2019-04-30,208.9824,208.9824,202.0567,204.5847,7632300
2019-05-01,204.5847,205.9452,202.1971,203.6016,4823200
2019-05-02,202.6799,204.8217,200.2046,204.0405,5499200
2019-05-03,204.3828,205.3132,199.4145,203.6016,4323100
2019-05-06,200.2836,211.1681,199.6955,211.1066,7180200
2019-05-07,209.9568,213.4328,207.5077,208.9561,5104700
2019-05-08,208.9122,211.3788,206.7441,209.9216,3768400
2019-05-09,207.6833,211.1418,206.867,208.8859,4299500
2019-05-10,210.6414,212.9675,207.4814,211.1856,4374400
2019-05-13,207.5516,210.7555,207.3322,210.2727,4684400
2019-05-14,211.2295,211.5368,207.4024,207.5341,5329700
2019-05-15,206.2788,208.4996,204.1897,207.2269,5099700
2019-05-16,207.0601,211.0628,206.9109,207.8501,4456400
2019-05-17,207.3059,212.8096,206.8494,211.8791,4486400
2019-05-20,210.6677,216.584,210.4658,215.9256,5390800
2019-05-21,216.821,220.4814,216.6367,219.3929,5345300
2019-05-22,218.6556,220.3497,218.3133,218.8663,4038000
2019-05-23,217.6724,217.8216,214.5212,216.3733,3934600
2019-05-24,217.0317,218.8838,215.5043,217.3652,2973900
2019-05-28,218.1289,218.8311,212.4057,212.476,6172700
2019-05-29,210.5361,213.3274,208.8244,212.7744,3958400
2019-05-30,212.3531,215.3639,211.844,213.74,2646600
2019-05-31,212.3794,213.8453,210.2113,212.2478,3285700
2019-06-03,211.9756,214.0033,207.1742,207.6482,4999400
2019-06-04,209.0263,211.5894,206.1296,211.3348,4992000
2019-06-05,213.4503,215.7501,211.7474,213.0992,3194400
2019-06-06,213.4152,214.1262,212.1863,212.2653,2630100
2019-06-07,213.2133,216.8737,212.5901,216.6103,2837400
2019-06-10,216.8825,219.1559,215.9257,217.8129,2331000
2019-06-11,218.1464,220.0512,215.6974,215.8203,3043000
2019-06-12,216.11,216.3733,212.6867,214.6178,3251800
2019-06-13,214.8986,215.3551,213.4064,215.0215,3107800
2019-06-14,215.7622,216.9789,214.0605,216.3353,2165500
2019-06-17,216.8907,217.8605,216.203,216.8642,2270300
2019-06-18,218.2132,219.8355,216.1413,216.6262,3482500
2019-06-19,216.8907,221.6252,216.4587,220.5849,4204600
2019-06-20,221.8281,222.9037,218.125,218.4424,3800800
2019-06-21,219.3418,223.4944,217.6842,222.4276,6323500
2019-06-24,221.59,222.7362,218.5306,220.1,3163800
2019-06-25,219.8002,221.3343,218.1427,218.3543,3182700
2019-06-26,218.654,218.7246,214.3603,214.6601,3852900
2019-06-27,215.3566,218.7863,214.3868,217.1905,3366200
2019-06-28,217.3315,217.5519,210.4104,215.1362,6727600
2019-07-01,216.8466,217.0406,212.2355,213.9283,4102700
2019-07-02,213.8842,215.1185,211.1951,215.1009,3863500
2019-07-03,215.4095,218.2308,215.1626,216.1942,2559400
2019-07-05,215.4712,219.3241,215.1802,217.7635,2965000
2019-07-08,217.2522,218.6364,215.9033,218.513,1902500
2019-07-09,215.6828,216.9612,214.854,216.8907,2774800
2019-07-10,217.6137,219.6327,216.4322,218.1956,2753000
2019-07-11,225.5311,230.7241,219.5798,230.2568,10268800
2019-07-12,230.6711,234.9825,230.6711,234.4359,5336100
2019-07-15,233.6953,235.9788,232.9812,234.4888,2611400
2019-07-16,233.9334,235.5292,232.0466,233.3427,3121600
2019-07-17,232.7608,236.8958,232.3199,235.0972,3995200
2019-07-18,234.2067,234.9738,226.8183,229.7631,5825800
2019-07-19,230.2039,231.6322,226.06,226.2804,4413200
2019-07-22,227.5941,228.3083,224.4113,225.1078,4104300
2019-07-23,224.3584,225.7955,222.1983,224.8345,2889300
2019-07-24,222.8772,222.9125,216.1236,221.4136,4864000
2019-07-25,221.4136,222.8419,218.9097,219.2712,3362800
2019-07-26,219.5534,223.8383,217.3404,223.0095,3362600
2019-07-29,222.9213,225.0902,222.4805,223.7854,2005500
2019-07-30,222.7626,224.8786,220.8317,224.764,1908800
2019-07-31,225.9895,226.7301,219.0772,219.5445,3532400
2019-08-01,219.7032,221.8104,218.0192,219.7561,3613600
2019-08-02,220.1441,221.8016,216.9789,220.4615,2677600
2019-08-05,218.7686,220.3645,213.8842,216.0619,5812400
2019-08-06,216.829,218.9009,214.7483,218.9009,3533000
2019-08-07,217.1287,217.8076,212.7116,217.2874,3205800
2019-08-08,217.0582,218.3631,214.5719,218.319,2830700
2019-08-09,218.4072,220.7877,217.0141,219.2095,2535000
2019-08-12,217.5872,218.6188,214.2721,214.422,2667400
2019-08-13,213.0819,220.823,212.932,219.7297,2763400
2019-08-14,217.5343,219.0155,214.2545,214.422,3464300
2019-08-15,215.4359,216.2382,212.8791,215.3477,2513500
2019-08-16,216.3441,217.8694,215.2861,216.6174,2810000
2019-08-19,218.2044,219.0861,215.2067,215.7534,2672300
2019-08-20,215.3125,215.6563,211.5301,211.7417,3201300
2019-08-21,211.7682,213.267,210.9835,211.9093,2761900
2019-08-22,211.9093,211.9093,205.138,205.3761,4498200
2019-08-23,205.3408,207.2805,202.2374,203.3659,4826600
2019-08-26,205.0058,206.8044,203.1895,203.7362,2918300
2019-08-27,204.3005,204.9,196.2597,196.5506,4988100
2019-08-28,196.1009,202.5811,194.6549,200.4475,4847600
2019-08-29,201.391,204.8119,201.0295,203.3306,4052500
2019-08-30,206.0197,207.2364,204.803,206.3107,3384100
2019-09-03,204.3181,204.6972,201.4351,203.3306,3382300
2019-09-04,204.5032,205.3849,199.6981,199.9009,4526100
2019-09-05,202.784,204.1153,200.6503,202.4225,4256900
2019-09-06,202.9338,204.512,201.5408,201.9023,4183200
2019-09-09,201.9023,204.5473,201.5144,203.3835,3895600
2019-09-10,204.0624,206.5664,203.5158,204.9529,4257600
2019-09-11,204.9793,206.531,201.532,206.4958,3168100
2019-09-12,207.1923,208.4266,202.5194,202.8721,4713700
2019-09-13,206.3889,209.5513,205.1044,206.9381,4523200
2019-09-16,206.2383,209.0995,205.6448,207.6645,2973600
2019-09-17,206.4597,207.2747,204.7766,205.9725,2392900
2019-09-18,204.4489,206.5129,203.0581,204.2806,2960500
2019-09-19,205.5119,207.2392,204.8298,206.2648,2666700
2019-09-20,207.9656,208.1694,205.441,206.3003,6220100
2019-09-23,203.5365,204.4312,202.2521,202.6507,3281200
2019-09-24,203.191,203.5985,197.4686,199.3111,5006800
2019-09-25,198.6733,200.6398,196.7688,196.8042,4658000
2019-09-26,197.5749,198.0975,189.0621,190.878,10444400
2019-09-27,193.2697,193.8898,190.4705,190.6831,4834900
2019-09-30,189.2481,193.5798,188.7875,192.508,5286300
2019-10-01,194.1645,194.1645,187.8663,192.4106,5523600
2019-10-02,191.4716,194.3151,190.7009,192.0031,4921200
2019-10-03,191.0109,191.6575,188.7254,190.7717,3375800
2019-10-04,192.0827,194.758,190.5768,194.7048,3700500
2019-10-07,194.0404,197.1231,193.9873,195.9804,3843200
2019-10-08,194.4302,196.6359,193.4646,194.9794,4817000
2019-10-09,196.3967,197.9558,195.0326,196.7245,4483100
2019-10-10,193.2786,198.5405,192.6851,198.1861,5252200
2019-10-11,199.7895,202.7216,196.2905,196.7157,5891600
2019-10-14,196.3259,197.8406,194.7934,195.4046,4075300
2019-10-15,206.1231,212.4568,204.7058,211.3495,13397700
2019-10-16,209.3121,210.3662,207.3544,209.9322,5368600
2019-10-17,211.4381,216.6822,210.1802,215.8495,6301200
2019-10-18,216.5405,218.2767,214.1576,217.3288,4922100
2019-10-21,217.0454,217.5591,214.503,216.0709,3029200
2019-10-22,215.8229,222.7855,215.3889,220.9962,5660800
2019-10-23,220.0306,223.007,218.5602,219.508,3706600
2019-10-24,219.7117,220.1192,216.0621,216.5936,2546900
2019-10-25,216.0621,217.9843,214.503,216.9479,2815100
2019-10-28,217.258,220.0306,216.9568,218.8436,2957100
2019-10-29,218.8347,224.2914,218.188,223.4853,3528900
2019-10-30,223.379,226.1339,223.2107,225.7087,3299600
2019-10-31,225.3367,226.5237,221.3771,223.8485,3960400
2019-11-01,224.9912,227.064,223.3702,223.4145,2919600
2019-11-04,224.6723,224.8495,221.3771,222.5641,3186400
2019-11-05,224.7698,225.2393,221.5365,221.7226,5393400
2019-11-06,221.1999,223.2196,220.6507,221.9174,3668600
2019-11-07,223.1842,227.4361,222.5729,227.1792,3646300
2019-11-08,227.4538,228.8446,225.8859,227.631,2200300
2019-11-11,225.9302,227.1792,224.4066,225.0798,1765600
2019-11-12,224.6369,226.5592,224.4775,226.1074,1892500
2019-11-13,225.7708,227.5513,224.2826,224.6192,3289800
2019-11-14,224.8229,226.8426,224.5306,226.6212,2101900
2019-11-15,226.8692,244.1074,226.2048,238.6418,10136000
2019-11-18,238.2875,246.6586,238.2875,241.7688,6985200
2019-11-19,243.815,243.9213,240.5463,242.9204,4002000
2019-11-20,241.1664,244.5148,240.2717,244.0985,4141600
2019-11-21,243.7974,245.9765,242.637,244.9755,3309900
2019-11-22,244.9578,246.0563,243.6025,245.2324,2802700
2019-11-25,246.0651,250.6891,245.383,250.3968,4082900
2019-11-26,248.6605,250.0247,248.1733,249.2717,2998600
2019-11-27,248.9263,249.7412,246.8712,248.6251,2323900
2019-11-29,246.3485,248.8466,245.6664,247.9164,1520900
2019-12-02,249.6084,249.8033,246.7649,247.7304,2517100
2019-12-03,245.3476,246.6321,242.5838,245.2856,3239200
2019-12-04,249.4666,249.6615,246.8269,247.4292,2694200
2019-12-05,247.3584,250.5297,245.7994,249.8033,3357300
2019-12-06,251.5105,251.6884,248.1937,249.1541,2828900
2019-12-09,249.6699,249.7588,246.6909,246.7977,2697100
2019-12-10,246.851,248.6295,243.6587,248.5583,2515300
2019-12-11,247.4735,249.5721,247.2334,249.4298,2751300
2019-12-12,249.9011,252.5332,249.0208,252.1953,2996200
2019-12-13,253.4046,255.93,252.6488,253.8581,3599300
2019-12-16,256.0723,262.7149,255.2631,259.6826,4663600
2019-12-17,258.9801,260.3496,257.1394,258.2954,4409100
2019-12-18,258.7668,262.1992,258.7579,260.4563,3621600
2019-12-19,262.3237,264.28,261.0965,261.9858,2905900
2019-12-20,265.7916,266.7697,260.1094,260.1805,6608300
2019-12-23,260.9275,263.0795,260.3762,262.4037,2098900
2019-12-24,262.5549,263.0617,261.0432,261.9146,714000
2019-12-26,262.5904,263.4441,261.9146,262.9016,1050600
2019-12-27,263.2218,263.6931,262.3326,263.1862,1547100
2019-12-30,263.2574,263.6932,260.9454,261.3011,1511700
2019-12-31,261.1321,261.5145,258.9001,261.4167,2224200
2020-01-02,261.4166,262.9461,257.6907,260.1006,2543400
2020-01-03,255.4499,259.5493,252.8622,257.4685,2711400
2020-01-06,256.099,259.3536,255.4054,259.2558,3079100
2020-01-07,258.4999,259.2024,255.7255,257.6907,2492900
2020-01-08,259.2113,264.44,257.913,263.1239,3379200
2020-01-09,261.6924,264.2801,261.1855,261.6301,2838200
2020-01-10,263.2751,263.2751,259.8427,262.4392,2477900
2020-01-13,261.7634,261.8345,253.4491,254.1871,6994900
2020-01-14,253.9648,256.3124,252.7643,256.3124,6056300
2020-01-15,257.0061,266.4497,256.9883,263.5775,6081300
2020-01-16,264.9914,267.6502,263.1506,267.4279,3710300
2020-01-17,266.7787,267.3923,263.1062,265.4093,4632200
2020-01-21,264.0043,269.0285,263.2218,267.2411,4962800
2020-01-22,268.5394,268.664,264.4134,267.2945,3117600
2020-01-23,266.7788,267.2857,263.791,266.2897,3169600
2020-01-24,265.2937,266.7076,259.2647,260.3763,3678500
2020-01-27,256.099,256.1702,249.0474,252.6221,4399400
2020-01-28,252.4621,256.4281,251.9197,254.205,4341000
2020-01-29,252.542,254.4894,249.7765,251.5638,3963800
2020-01-30,250.6213,250.6213,245.3571,249.8566,4211800
2020-01-31,247.3579,247.9003,241.1421,242.2714,5532600
2020-02-03,244.6546,246.1841,240.822,243.6676,5646800
2020-02-04,246.5664,252.0975,246.2107,249.7321,4290200
2020-02-05,253.9649,264.1021,253.8226,262.9728,5761000
2020-02-06,264.1022,264.3422,257.8775,260.065,3044000
2020-02-07,260.4296,260.892,256.9082,257.1839,3425900
2020-02-10,254.5252,257.2462,253.8316,255.2365,3147400
2020-02-11,255.0765,259.2736,254.2317,258.58,2992200
2020-02-12,262.3237,271.216,261.4434,269.8644,6701900
2020-02-13,266.8943,272.0163,266.8943,268.7261,3565500
2020-02-14,268.735,270.3,264.3777,265.6849,2485600
2020-02-18,266.4764,269.7488,265.8806,268.6729,3241700
2020-02-19,269.7665,272.7365,269.1974,271.4916,3021100
2020-02-20,269.6154,270.4691,264.8936,268.6639,2885500
2020-02-21,267.1878,269.0018,265.5338,268.0414,2987100
2020-02-24,255.112,256.9793,246.8866,247.02,8790600
2020-02-25,249.1186,250.7459,232.9879,234.2151,8171200
2020-02-26,235.3977,239.9417,230.0534,233.8682,6806600
2020-02-27,229.7955,233.1123,224.1489,225.7939,7604300
2020-02-28,218.9291,228.6218,218.1288,226.7188,9961000
2020-03-02,228.8351,242.9739,222.5927,242.8583,8866300
2020-03-03,244.8503,249.2964,230.5158,232.4454,9188100
2020-03-04,257.8775,263.0706,250.9504,257.3618,14533000
2020-03-05,250.4079,257.3617,248.9318,251.6173,5908400
2020-03-06,244.9124,253.4046,241.7823,252.4264,5361900
2020-03-09,235.1664,250.2656,230.5247,243.1518,8070700
2020-03-10,248.7361,252.4531,242.3159,248.9851,7366000
2020-03-11,244.3256,253.6447,242.9917,247.011,7744600
2020-03-12,231.2006,242.0759,222.3082,222.6728,10496600
2020-03-13,233.0861,244.0086,216.3676,242.9547,9308400
2020-03-16,217.8412,219.413,200.0063,200.9798,10303500
2020-03-17,206.1418,222.1637,203.8823,218.1091,9642200
2020-03-18,201.6139,206.7044,178.7866,193.853,12917500
2020-03-19,193.7815,201.9443,186.6011,196.3,8065200
2020-03-20,199.3186,207.7672,181.707,184.5023,9364100
2020-03-23,180.4388,183.7521,167.6498,174.0264,10654500
2020-03-24,180.5281,196.7197,177.7238,196.3,8894400
2020-03-25,195.6659,221.0473,192.9063,209.4194,10014000
2020-03-26,209.0086,230.3801,207.4636,228.0849,7517600
2020-03-27,216.9659,224.7001,212.7684,216.5283,4879500
2020-03-30,216.6981,226.9239,216.6981,224.4143,5329000
2020-03-31,217.4482,227.3168,217.0196,222.7174,5450000
2020-04-01,213.1704,220.2436,210.2678,211.9468,4548800
2020-04-02,210.1428,216.1265,201.8639,214.7332,4636800
2020-04-03,212.8399,213.7509,202.9713,204.954,4650300
2020-04-06,214.3403,222.637,209.982,221.7886,6365900
2020-04-07,232.0323,238.1946,220.181,221.5207,4984100
2020-04-08,221.2081,240.3826,219.931,239.1948,6390200
2020-04-09,236.6674,241.4901,233.6309,235.8904,4923300
2020-04-13,234.0417,236.6317,230.5766,235.3367,2964900
2020-04-14,240.2398,243.8746,238.4536,241.5794,4778900
2020-04-15,246.786,252.7339,241.7401,251.564,7841800
2020-04-16,253.1359,267.9253,250.0726,266.5232,7738900
2020-04-17,268.8095,271.4977,256.4045,259.4946,5857500
2020-04-20,254.797,258.1104,251.1979,251.9749,4072600
2020-04-21,245.5536,250.0637,244.0353,244.8748,3977500
2020-04-22,249.6886,253.4753,247.1254,247.4023,3663300
2020-04-23,249.2242,257.6192,248.7598,254.8239,4420500
2020-04-24,256.5742,260.6913,253.636,260.1465,3265000
2020-04-27,261.8613,265.1211,259.5572,262.549,3706200
2020-04-28,266.1392,266.3625,255.0828,257.5298,3862900
2020-04-29,260.7807,261.4505,255.5115,256.8958,4258400
2020-04-30,256.0027,263.4599,254.9935,261.2004,7631700
2020-05-01,257.5567,258.1014,249.7064,254.0915,3526100
2020-05-04,254.0737,257.1548,251.9481,256.7976,2894200
2020-05-05,258.9588,264.3531,256.5743,261.7095,2501300
2020-05-06,263.5492,265.8534,257.6013,257.896,2579200
2020-05-07,259.9412,261.0397,254.1004,254.5291,3162300
2020-05-08,258.5391,258.9946,255.1186,256.3153,3200000
2020-05-11,255.0292,259.0838,254.7613,257.8246,3490700
2020-05-12,260.5753,261.8078,256.9405,256.9405,4214300
2020-05-13,254.0736,255.7794,246.0984,248.2775,5474100
2020-05-14,246.4288,261.1826,246.1699,259.5393,5704600
2020-05-15,261.1469,267.9254,259.6376,259.8519,12182800
2020-05-18,266.5679,267.6753,260.7985,261.9953,4015100
2020-05-19,259.6554,263.1295,257.9942,258.1461,3059400
2020-05-20,261.5845,261.5845,256.0473,257.1994,3200600
2020-05-21,255.4579,259.1107,254.4666,256.2349,3604900
2020-05-22,256.5832,259.2089,254.3416,258.941,2922800
2020-05-26,264.7996,265.273,261.2273,263.3618,4567800
2020-05-27,265.6212,271.3191,259.709,271.2923,5618900
2020-05-28,273.2392,276.5526,270.8636,271.4709,4387700
2020-05-29,272.1408,275.4005,268.6845,272.2569,6251500
2020-06-01,271.5155,273.266,268.4255,273.2213,2894000
2020-06-02,272.9088,275.1594,269.4704,273.5608,2756800
2020-06-03,274.936,276.9633,270.3724,272.7033,4360000
2020-06-04,270.7654,271.9175,262.8259,266.2107,4374300
2020-06-05,271.4977,280.6786,268.3719,278.5085,5554300
2020-06-08,275.6417,282.0719,275.0075,276.3918,4635500
2020-06-09,276.7669,279.2229,274.4717,276.1507,3061500
2020-06-10,275.9095,277.1331,270.4796,273.0606,3296100
2020-06-11,270.9261,270.9261,250.7782,253.3949,6638900
2020-06-12,259.575,262.6562,248.9027,254.6631,5416800
2020-06-15,248.2953,256.3152,244.4461,255.6721,4494600
2020-06-16,263.8529,265.7552,256.7082,261.6738,4245400
2020-06-17,263.5493,263.5493,260.093,261.3166,2538000
2020-06-18,259.3786,260.5843,255.9581,260.3163,2926600
2020-06-19,264.0833,265.9579,260.9262,261.2221,5172800
2020-06-22,259.9216,262.8008,256.7555,262.5048,2174100
2020-06-23,263.7067,268.4335,261.0697,266.9267,4023400
2020-06-24,263.6887,266.4782,256.1366,259.3745,3399900
2020-06-25,258.5672,266.1911,256.576,265.6888,3112500
2020-06-26,264.7202,266.0118,256.3608,257.3116,5043200
2020-06-29,258.7197,262.155,257.0783,259.8947,2356700
2020-06-30,258.8274,265.8952,258.0111,264.5498,2932900
2020-07-01,265.3391,269.438,264.8099,267.0432,2303800
2020-07-02,269.5277,271.8418,266.5499,267.5186,1971700
2020-07-06,271.7701,272.2095,268.4783,271.5996,2395000
2020-07-07,269.6713,272.2724,265.4467,266.0746,2075700
2020-07-08,266.7025,269.8597,265.2046,267.6084,1987400
2020-07-09,264.6843,267.7787,257.8676,261.1504,3061700
2020-07-10,263.9129,263.9129,257.5089,261.2132,2391600
2020-07-13,261.9846,273.1335,261.6976,268.8192,4263300
2020-07-14,267.115,277.8154,266.1284,276.7212,4234900
2020-07-15,270.0839,278.6675,267.8774,272.7298,5116900
2020-07-16,273.573,278.811,271.9136,275.4924,3844500
2020-07-17,277.2324,278.9186,274.6851,274.9362,3016500
2020-07-20,275.1694,276.7929,271.214,272.1826,2375500
2020-07-21,273.5909,275.3578,271.8688,273.6626,2340200
2020-07-22,273.4383,275.2771,270.7027,275.0977,1935800
2020-07-23,276.4342,276.7032,270.2184,271.7432,2367700
2020-07-24,272.0661,272.9182,268.3887,269.7879,2415700
2020-07-27,267.6711,270.9897,266.7203,267.8236,2060500
2020-07-28,267.1868,270.335,266.5769,269.0165,2257400
2020-07-29,270.3888,277.8244,269.0793,275.0708,2672700
2020-07-30,270.5862,274.8735,268.0838,273.7703,2205300
2020-07-31,272.1648,272.4338,267.3303,271.5728,3913500
2020-08-03,272.2993,273.4832,268.3618,272.3172,2628500
2020-08-04,270.7924,277.0261,269.1421,273.1155,3594900
2020-08-05,275.2053,280.7035,273.5818,280.264,2982200
2020-08-06,279.8424,283.6454,278.4074,281.6901,3305300
2020-08-07,281.0444,286.121,281.0444,284.3541,2600800
2020-08-10,284.3271,287.4394,283.0534,286.2106,2563600
2020-08-11,289.637,291.1169,282.2283,283.0266,3018200
2020-08-12,285.224,289.9688,284.9011,289.0539,2915800
2020-08-13,287.6279,288.6952,285.0806,288.3813,2159500
2020-08-14,287.5023,290.5429,285.8788,290.3366,1787200
2020-08-17,288.3186,290.4263,286.435,287.4754,2772500
2020-08-18,288.7939,289.4127,283.1701,284.1567,2520000
2020-08-19,284.1209,286.5605,282.6947,282.8921,2066700
2020-08-20,282.3808,282.7844,279.8514,281.0354,2245600
2020-08-21,279.1966,282.7843,278.1293,281.7618,2488500
2020-08-24,284.1567,284.2374,274.9004,277.0082,2922200
2020-08-25,280.0219,280.1654,276.0753,280.0398,1879300
2020-08-26,278.9276,279.2684,272.3172,276.9902,3178900
2020-08-27,278.4164,282.327,274.0035,279.5465,2321000
2020-08-28,280.1475,283.2688,277.1248,281.9682,2883500
2020-08-31,282.4347,286.6234,280.3269,280.3359,4341600
2020-09-01,278.1922,282.2822,278.0486,280.5869,2487100
2020-09-02,280.3447,288.166,280.3447,287.2332,2846500
2020-09-03,288.8118,290.4442,281.3942,283.6365,3872500
2020-09-04,283.8607,285.0716,275.026,279.8425,2901000
2020-09-08,278.9725,279.3582,272.5146,275.5821,2594500
2020-09-09,277.7615,282.8202,276.6314,279.8604,2195600
2020-09-10,280.4973,282.031,272.4159,273.2052,2421200
2020-09-11,274.7543,276.0062,267.7474,271.5211,3085900
2020-09-14,272.899,280.203,272.899,277.9064,1795500
2020-09-15,279.2394,280.5093,275.6369,276.6996,1468300
2020-09-16,278.3568,281.2208,275.772,276.0602,3438200
2020-09-17,274.241,276.8348,272.0885,274.6733,2394100
2020-09-18,274.7002,279.5456,273.5834,277.4111,3795400
2020-09-21,270.6114,270.6654,262.6769,269.4586,4124700
2020-09-22,268.7831,270.7465,263.8117,265.0185,3163600
2020-09-23,265.6849,266.6756,262.8299,263.1091,3709900
2020-09-24,263.1542,265.622,260.8577,263.5775,2869100
2020-09-25,262.3076,273.1331,262.2806,272.4397,2455800
2020-09-28,275.9431,279.2034,272.7368,273.0971,2575700
2020-09-29,273.4934,275.1415,270.8005,273.9257,1797800
2020-09-30,273.8087,283.2652,273.7816,280.7885,3497300
2020-10-01,281.8152,283.8506,278.4288,281.9593,2731200
2020-10-02,281.0857,285.85,277.7173,280.9776,2338000
2020-10-05,283.7606,286.7777,282.0043,286.5345,1638600
2020-10-06,287.2549,288.4707,282.3375,283.2021,2434400
2020-10-07,284.4359,292.4695,284.4359,291.0555,2596600
2020-10-08,291.2898,293.019,289.0923,290.3712,2056700
2020-10-09,292.3975,295.5587,291.731,295.2615,2028900
2020-10-12,296.4143,300.4131,296.3152,297.1798,2424200
2020-10-13,295.8559,300.5392,295.1444,298.4858,2713500
2020-10-14,290.065,297.7203,288.3808,289.8668,4455400
2020-10-15,287.1649,294.478,284.8953,292.3165,3172200
2020-10-16,293.118,299.3234,292.4606,297.1168,3293300
2020-10-19,295.892,297.9094,290.0559,292.0013,2482100
2020-10-20,294.1627,295.964,291.1546,291.2717,1988600
2020-10-21,291.2718,294.0457,290.164,290.7134,2139000
2020-10-22,290.29,295.4596,290.227,293.3611,2100600
2020-10-23,296.4503,302.2954,295.5227,297.7473,2349500
2020-10-26,293.8926,295.1805,286.8857,290.9565,2408500
2020-10-27,290.9566,291.3529,287.6873,288.66,2427700
2020-10-28,282.1934,286.2282,276.8887,277.3931,3301400
2020-10-29,276.1231,278.726,271.5029,273.5023,3279200
2020-10-30,273.0972,276.6456,269.8279,274.8174,3556800
2020-11-02,281.572,281.572,276.8167,281.0857,4519000
2020-11-03,285.9221,294.0007,283.7155,289.4165,4043900
2020-11-04,310.9235,324.622,307.24,319.3264,10344900
2020-11-05,322.4875,325.1083,314.9312,319.1822,4786500
2020-11-06,315.5436,317.0206,310.329,312.9318,2994900
2020-11-09,329.9086,331.3857,314.3008,315.2194,4635300
2020-11-10,314.76,320.533,313.5712,318.5426,3733200
2020-11-11,320.7672,321.3526,314.688,316.7505,2048200
2020-11-12,316.4803,324.694,314.9943,319.1912,2907300
2020-11-13,321.3978,322.3705,317.7322,320.326,2442100
2020-11-16,323.2801,323.8474,316.1291,321.3617,2790100
2020-11-17,317.3719,318.2455,312.9678,317.1107,2557600
2020-11-18,318.3086,318.867,308.9961,310.275,2722500
2020-11-19,308.2756,308.978,301.1065,303.5112,3935600
2020-11-20,301.71,304.1057,298.747,301.4398,3702000
2020-11-23,302.2053,302.8448,298.6389,301.764,2535700
2020-11-24,302.7728,306.2132,301.1967,302.6197,3759700
2020-11-25,305.1504,305.1504,296.4323,300.0798,3145100
2020-11-27,300.3861,305.2224,298.864,304.3578,1558600
2020-11-30,301.8091,304.3579,297.4681,302.9169,5265700
2020-12-01,310.5091,318.912,306.1501,307.2849,3817700
2020-12-02,307.8072,316.8675,307.5641,313.0219,2864300
2020-12-03,313.3281,317.7142,312.0582,314.0306,4169200
2020-12-04,312.7381,317.6822,312.5121,316.2542,3255100
2020-12-07,315.1966,316.2541,312.0331,314.4193,2999400
2020-12-08,311.6082,316.2631,311.0026,314.4193,2471200
2020-12-09,315.3503,315.8203,308.7701,311.3009,2600400
2020-12-10,311.9789,312.25,306.646,306.9985,2896900
2020-12-11,305.6246,306.3025,302.1899,304.6665,3071700
2020-12-14,307.3419,310.2343,303.5728,303.8168,2479000
2020-12-15,306.5375,308.2277,304.6394,307.0165,2616500
2020-12-16,304.4496,308.8153,302.1267,306.7183,2365600
2020-12-17,307.1431,309.6649,304.8834,308.8243,2525700
2020-12-18,309.5926,309.6739,301.8916,305.8506,8742700
2020-12-21,300.1472,304.5581,297.7338,303.7717,2892700
2020-12-22,302.9401,304.5852,301.4126,302.8046,2069700
2020-12-23,304.1422,308.8062,303.7265,305.1365,2348100
2020-12-24,304.0971,308.5894,304.0971,308.029,1360600
2020-12-28,310.2162,314.356,310.0807,312.6928,2308200
2020-12-29,314.5368,317.5196,311.8342,313.9583,2275700
2020-12-30,313.7142,315.4587,311.3551,311.8251,1866000
2020-12-31,311.8704,317.3388,310.9756,316.9682,1969000
2021-01-04,317.6641,318.2335,307.6583,315.9016,4203800
2021-01-05,315.1694,317.5827,311.3642,311.6534,3160500
2021-01-06,304.7027,324.9312,302.8949,324.7324,6561400
2021-01-07,324.0725,331.2221,323.5121,329.9386,3366700
2021-01-08,331.7193,332.1622,324.2714,328.4563,2947800
2021-01-11,327.7603,329.2698,324.66,326.0701,2695100
2021-01-12,323.5301,325.4644,321.0807,323.0149,2372500
2021-01-13,321.8129,322.5089,317.4653,320.9091,1974500
2021-01-14,322.545,324.3165,316.7331,316.8325,2919900
2021-01-15,315.5581,319.1103,312.5031,317.5286,3777000
2021-01-19,321.9665,322.6444,317.7635,318.3329,3361300
2021-01-20,318.0528,318.2335,312.5844,317.1128,3036800
2021-01-21,317.0857,326.1967,317.0224,320.8729,3749800
2021-01-22,319.3454,320.5294,314.13,314.1391,2585100
2021-01-25,313.7775,316.706,311.4726,314.374,2506300
2021-01-26,316.8145,317.7184,309.6378,310.1259,2467500
2021-01-27,304.6393,305.5071,297.3813,300.9787,4770900
2021-01-28,304.2778,313.2622,302.3526,305.6426,2769900
2021-01-29,304.1785,306.4291,298.8457,301.5121,3899200
2021-02-01,302.8226,305.6426,300.7527,301.8916,3020200
2021-02-02,304.6936,311.5088,304.6936,306.1579,2663700
2021-02-03,305.5071,307.4594,302.4339,305.4077,2537100
2021-02-04,300.3731,303.0576,296.8209,297.6615,5962200
2021-02-05,300.1833,301.4216,292.383,293.3139,7227900
2021-02-08,295.5736,295.5827,292.6813,293.1603,4758200
2021-02-09,292.7626,299.2162,290.7831,297.9417,4096900
2021-02-10,300.6805,303.4824,298.0683,301.3493,4122700
2021-02-11,302.7955,304.2869,299.6319,301.051,2776700
2021-02-12,299.7947,300.4455,296.36,296.6854,2760800
2021-02-16,295.8899,298.1315,291.4791,293.4133,4339000
2021-02-17,292.3649,297.0108,291.2622,295.438,2620000
2021-02-18,294.5703,297.8965,293.9376,296.839,2383500
2021-02-19,297.1463,297.2367,292.9523,293.3772,2313800
2021-02-22,290.5932,297.4174,289.5538,296.143,2688300
2021-02-23,298.2671,301.8374,295.2392,297.8333,3225700
2021-02-24,296.9113,301.5301,294.6969,300.2737,3360500
2021-02-25,299.18,301.5301,295.8899,297.2548,2780100
2021-02-26,298.7733,305.4258,298.1406,300.2827,5430000
2021-03-01,302.217,306.3296,301.6024,302.4791,4198900
2021-03-02,302.7955,305.2089,301.7923,302.4702,2568900
2021-03-03,301.277,305.6517,300.7889,300.8702,3039700
2021-03-04,302.0453,308.0741,300.6895,301.7199,4991600
2021-03-05,302.8227,314.808,302.8137,313.7324,4563100
2021-03-08,313.651,319.969,312.3766,316.5072,3419900
2021-03-09,318.9928,326.522,317.5647,318.1432,4277600
2021-03-10,319.8877,320.4029,314.9978,315.992,3012300
2021-03-11,317.0404,321.7496,316.236,319.1555,2520500
2021-03-12,320.3529,323.6637,319.2825,322.938,2088700
2021-03-15,323.7544,324.6796,318.8834,320.9969,2343400
2021-03-16,320.6795,322.3394,319.21,321.6501,2904200
2021-03-17,322.167,324.7975,319.1373,319.4548,2633100
2021-03-18,320.0808,330.4668,319.6,328.4077,3311600
2021-03-19,328.2898,336.0363,325.6502,331.6097,8572900
2021-03-22,331.0835,334.3309,326.6479,332.7707,3505200
2021-03-23,334.5758,337.0159,333.0973,334.2584,3100100
2021-03-24,332.036,339.0659,331.5462,336.1632,3407800
2021-03-25,336.1632,337.5329,329.6232,336.6077,3021500
2021-03-26,337.1428,342.0229,335.882,341.4968,2959800
2021-03-29,341.388,345.1433,340.1453,343.8371,2740400
2021-03-30,342.4674,344.5809,337.2517,338.8481,3066000
2021-03-31,338.1588,341.9685,337.2517,337.4966,3356500
2021-04-01,337.6146,338.059,331.773,332.9613,2977700
2021-04-05,335.2743,338.0046,333.4783,335.7823,2709400
2021-04-06,334.5124,335.4285,329.0155,330.5121,2698600
2021-04-07,330.3489,331.8818,327.0471,331.6642,2158900
2021-04-08,329.3692,332.8161,329.3692,330.9838,2426700
2021-04-09,334.1223,341.6148,332.8978,341.3336,2483200
2021-04-12,339.6827,344.5355,339.2745,341.3154,3057300
2021-04-13,341.2883,344.0639,339.5467,339.7009,2652300
2021-04-14,340.4627,342.8846,339.7733,340.7258,2805600
2021-04-15,344.6897,355.9012,344.6897,353.7696,4488300
2021-04-16,357.3163,357.3163,349.6424,354.6767,4532400
2021-04-19,353.7605,356.8355,352.3727,353.6154,2965400
2021-04-20,353.6336,360.9083,353.2345,359.6838,3348100
2021-04-21,361.7973,364.1739,358.6951,361.752,2473300
2021-04-22,361.4163,361.7065,356.6541,359.6928,2718600
2021-04-23,358.8583,364.6364,357.8424,363.1125,2263200
2021-04-26,362.659,362.8313,358.4864,359.076,1642300
2021-04-27,357.9875,359.5023,355.8468,357.8424,1758500
2021-04-28,358.4592,360.1011,356.7539,357.9241,1886500
2021-04-29,359.8834,364.7907,359.4752,364.2373,1996500
2021-04-30,363.7384,364.5185,361.3347,361.7428,2328100
2021-05-03,363.7384,368.9723,363.3121,368.1831,2568500
2021-05-04,367.8022,374.1427,366.0062,373.1177,3237200
2021-05-05,372.3557,374.3967,368.9995,374.1699,2767600
2021-05-06,374.6234,378.1157,374.2243,376.4104,3058700
2021-05-07,376.4375,380.0839,375.5939,378.8412,1851000
2021-05-10,380.3107,386.3972,379.3583,381.7802,2489300
2021-05-11,381.88,383.0501,372.4554,373.4442,3024000
2021-05-12,371.2582,372.6732,367.0765,367.7024,2888100
2021-05-13,368.5278,374.7866,366.7499,370.5959,2637500
2021-05-14,372.8002,374.2515,370.5415,371.7207,2072900
2021-05-17,371.2763,374.179,370.6051,370.6595,1583900
2021-05-18,371.6209,374.5871,368.5187,372.2468,2694800
2021-05-19,371.4395,372.5552,366.6864,371.4486,2783100
2021-05-20,371.4758,375.3762,370.3782,370.6685,2105800
2021-05-21,372.5914,379.7301,371.4122,373.3806,4295400
2021-05-24,374.0519,375.4398,371.8296,372.7639,1883600
2021-05-25,373.5802,375.4034,370.8953,374.6687,2285600
2021-05-26,373.807,376.7097,372.8183,374.8139,1903900
2021-05-27,376.3649,376.5373,372.2468,374.3512,2041800
2021-05-28,374.3513,376.8639,371.9203,373.6437,2367900
2021-06-01,375.2855,375.2855,368.4189,368.9269,2199600
2021-06-02,371.1221,371.1221,366.9586,368.1378,2232900
2021-06-03,366.0062,371.6845,365.4075,370.0518,2281200
2021-06-04,372.7729,372.8092,367.0493,367.9473,2990900
2021-06-07,369.1446,369.3714,361.6431,363.0581,3353800
2021-06-08,363.4844,365.3258,361.6975,364.4096,3051300
2021-06-09,365.8519,368.0743,363.3121,363.8292,1925700
2021-06-10,364.5639,365.4165,361.4435,364.1829,4033600
2021-06-11,365.87,365.8791,358.0964,360.9174,3094300
2021-06-14,360.3822,362.3506,358.4139,362.0694,2674900
2021-06-15,362.795,364.1919,359.6293,363.0853,2845800
2021-06-16,363.8291,365.6886,359.8108,360.3369,3330800
2021-06-17,359.2031,361.0807,357.9422,360.4276,3532000
2021-06-18,352.5799,357.4778,352.5526,354.4826,5521400
2021-06-21,354.4827,363.432,354.3461,362.4032,3839300
2021-06-22,364.7155,364.752,362.1755,362.9676,3964600
2021-06-23,362.1756,363.2499,359.8541,360.1181,2942100
2021-06-24,362.6308,366.1267,361.2834,363.1315,3309100
2021-06-25,364.2513,373.246,363.268,368.6667,16928900
2021-06-28,368.6667,368.7031,362.2757,365.4894,3193300
2021-06-29,365.9537,367.0735,361.866,362.4305,2458800
2021-06-30,361.9206,365.4347,361.2469,364.5608,2875600
2021-07-01,366.0084,368.9035,365.8081,368.6122,2678100
2021-07-02,368.7941,373.1458,367.6925,372.6815,1982400
2021-07-06,372.0534,374.3203,369.3586,373.5009,2615300
2021-07-07,373.5829,375.2489,370.7151,374.7755,2270400
2021-07-08,371.9988,374.0199,368.7851,373.2188,2032300
2021-07-09,375.5676,376.2231,373.8469,375.1852,2078900
2021-07-12,374.1928,379.0908,373.5464,378.763,2802600
2021-07-13,379.0726,382.086,378.4626,381.0391,2948900
2021-07-14,383.0692,384.6716,376.3141,377.5795,3538700
2021-07-15,375.0031,383.9433,370.7152,382.4138,3546500
2021-07-16,383.6064,384.4531,380.2198,382.0952,2625400
2021-07-19,379.8555,381.9403,370.36,372.4084,3611300
2021-07-20,374.1746,380.3017,373.8196,375.9681,3186700
2021-07-21,379.6916,379.8464,374.0198,377.4885,1863700
2021-07-22,378.7448,379.4822,376.66,378.5172,1421900
2021-07-23,380.4564,381.7673,378.7175,380.2743,1611700
2021-07-26,379.4823,380.247,374.0836,376.4871,2232600
2021-07-27,375.085,378.0529,372.7726,377.9073,2630600
2021-07-28,377.352,377.352,370.351,372.5087,2446600
2021-07-29,374.4295,375.613,371.8257,375.1578,1597300
2021-07-30,373.9562,376.6965,373.4919,375.2854,1864200
2021-08-02,376.5144,379.1272,375.8225,378.3352,1806500
2021-08-03,378.5628,384.3165,377.8891,384.098,2496500
2021-08-04,384.2346,385.7004,382.1043,383.7703,1995400
2021-08-05,384.2436,384.4166,371.3432,374.3475,3598600
2021-08-06,375.0942,379.4277,375.0942,377.9255,1944000
2021-08-09,377.7708,378.9361,373.5829,374.0563,1509800
2021-08-10,373.7285,376.5871,371.9623,374.8847,1441800
2021-08-11,376.0227,376.8421,370.9973,371.2067,1542600
2021-08-12,370.533,372.108,368.0749,369.5862,1939900
2021-08-13,370.6059,373.3098,369.5498,372.9638,1537800
2021-08-16,373.1185,380.0194,370.8334,379.8282,2377500
2021-08-17,379.728,384.6442,379.3002,383.9887,2258000
2021-08-18,383.5973,383.8157,379.7189,379.9283,3037000
2021-08-19,378.1622,389.9701,375.4492,389.5513,3204500
2021-08-20,389.97,392.7103,388.659,391.2081,2401900
2021-08-23,391.982,391.982,386.8291,387.2479,2375900
2021-08-24,387.3936,387.776,383.9341,385.4727,1619300
2021-08-25,384.0525,385.6639,381.8675,382.1315,1939000
2021-08-26,382.1588,383.6337,379.3002,379.5005,1385400
2021-08-27,380.5565,382.6869,378.8358,381.2393,1621600
2021-08-30,381.2394,382.8872,380.4473,380.8206,1284200
2021-08-31,379.637,383.0419,377.1061,378.9724,4249100
2021-09-01,379.2182,382.2498,374.3931,379.9556,2034400
2021-09-02,381.6035,386.374,380.7659,385.7458,3137400
2021-09-03,384.1253,386.0098,382.9235,384.9719,1604800
2021-09-07,382.6414,384.4258,380.1651,383.4972,1920300
2021-09-08,383.4515,384.981,377.0879,378.1712,2262500
2021-09-09,378.1258,382.5685,376.8421,377.4066,3508500
2021-09-10,379.654,380.056,367.8047,369.0106,4215800
2021-09-13,372.729,380.7961,371.3312,378.7039,3068200
2021-09-14,381.5086,381.5086,375.8261,376.895,2879800
2021-09-15,376.8766,385.0077,374.1176,381.4446,3180600
2021-09-16,383.4089,386.8166,379.1058,380.8234,2262700
2021-09-17,379.115,384.7062,379.115,383.8566,4534200
2021-09-20,380.8965,383.0708,373.405,377.0411,2799800
2021-09-21,379.1515,382.5958,376.5934,376.7122,2382200
2021-09-22,369.9516,376.4016,369.9516,373.3868,3629400
2021-09-23,374.3917,379.0054,372.2996,372.7746,2681600
2021-09-24,371.7788,372.6467,370.2165,371.9067,1950400
2021-09-27,372.5919,376.5386,369.9698,370.2531,2608600
2021-09-28,367.8139,369.0929,362.716,364.1777,3115400
2021-09-29,362.6977,367.1286,361.6013,365.813,2056300
2021-09-30,366.7997,368.6269,356.7228,356.9786,3779900
2021-10-01,357.7642,359.6737,350.0169,358.5225,3146600
2021-10-04,357.7825,361.0075,351.5152,353.5708,3074800
2021-10-05,355.6995,361.7932,355.6081,359.4361,3269400
2021-10-06,356.9877,360.6695,352.502,360.1853,2809200
2021-10-07,362.4784,372.9026,362.4327,369.7324,2813700
2021-10-08,371.2946,373.7704,367.8503,373.1674,2012200
2021-10-11,372.7471,375.6889,369.2846,369.9972,2164200
2021-10-12,370.1069,373.0944,367.5489,368.3985,2415700
2021-10-13,368.4899,370.2896,363.7117,368.6817,3021800
2021-10-14,388.8813,396.0439,381.7004,384.0392,6038800
2021-10-15,385.5832,393.294,385.0808,391.0831,3312000
2021-10-18,391.0192,391.0192,387.2186,387.9312,2232800
2021-10-19,389.9502,390.8547,386.8166,387.7119,1616800
2021-10-20,390.1056,397.8986,389.9594,397.4966,2764000
2021-10-21,397.8711,404.2663,397.4874,404.0653,2465100
2021-10-22,402.7497,410.4696,402.4026,410.3509,2736200
2021-10-25,411.1183,413.5302,407.8659,410.6523,3553500
2021-10-26,411.5659,418.1621,408.9165,415.3574,3103900
2021-10-27,415.3573,420.6562,414.2975,414.2975,3520400
2021-10-28,413.859,418.3356,413.4205,416.0882,1672600
2021-10-29,415.1473,421.5242,413.9139,420.6837,2497800
2021-11-01,421.917,425.5166,412.1964,414.8732,2203100
2021-11-02,416.8373,417.0018,411.4654,412.982,2600000
2021-11-03,411.502,417.9885,408.4141,417.8149,2438200
2021-11-04,418.0616,418.893,413.0916,417.2942,2517300
2021-11-05,418.2718,421.6429,415.3026,416.4263,2905000
2021-11-08,417.3764,424.0822,415.0559,422.6479,2279900
2021-11-09,422.6479,424.338,420.5192,424.2284,2657800
2021-11-10,425.1785,425.7358,417.1754,420.1629,2818200
2021-11-11,420.2543,421.0308,416.0883,417.8698,2246800
2021-11-12,420.8663,421.1678,417.5865,419.3315,2609500
2021-11-15,418.4271,418.6189,411.5751,411.8492,2849600
2021-11-16,413.8499,418.7468,410.5427,410.7711,3383800
2021-11-17,411.4746,414.7362,409.9581,410.1591,2281500
2021-11-18,409.958,413.6855,408.478,410.6341,2073800
2021-11-19,409.4098,410.6158,401.5255,401.9823,3536100
2021-11-22,404.5586,405.4083,399.5978,399.7349,2598700
2021-11-23,398.337,408.8525,398.3279,408.4962,2857000
2021-11-24,408.0486,412.0136,407.135,411.2644,2248800
2021-11-26,406.4772,409.4555,400.347,401.9001,2480600
2021-11-29,405.2347,413.9321,402.4847,412.9454,4079700
2021-11-30,408.4323,412.3516,403.1243,405.8377,7435400
2021-12-01,413.7585,416.5267,405.7645,405.9472,4325500
2021-12-02,404.8601,409.1906,401.2697,407.4821,4738700
2021-12-03,410.4152,416.5287,408.0321,411.8359,3038300
2021-12-06,414.4298,423.2564,413.8524,421.7257,4721500
2021-12-07,424.1455,426.8953,421.8358,425.9604,3105200
2021-12-08,427.2068,430.9465,423.9071,429.7457,3228300
2021-12-09,429.4433,434.897,428.3709,433.8337,2977400
2021-12-10,432.6238,438.5632,431.7164,438.3341,2572300
2021-12-13,437.2251,440.1948,434.4662,438.2517,2724800
2021-12-14,439.7273,442.7428,437.3717,439.4615,3018000
2021-12-15,440.5064,454.0717,440.0847,453.1368,4188600
2021-12-16,452.7976,455.5015,449.2229,451.7435,4080800
2021-12-17,450.4237,451.991,445.8041,446.4824,5707200
2021-12-20,441.7896,444.5485,435.6118,443.3752,3145600
2021-12-21,446.3907,448.2056,441.9729,446.5649,2536000
2021-12-22,446.5099,454.1175,445.3642,452.9076,1687500
2021-12-23,453.7051,456.5923,451.6978,454.0534,1706500
2021-12-27,457.0781,458.563,455.2083,457.8297,1349400
2021-12-28,460.1211,463.1642,458.6546,460.9827,1495500
2021-12-29,462.6692,464.9056,460.1211,463.4024,1573900
2021-12-30,465.5563,466.7479,461.6334,462.3483,1309800
2021-12-31,462.0825,464.5848,460.1577,460.2494,1695400
2022-01-03,458.2879,460.946,451.9177,460.3777,3033600
2022-01-04,461.221,461.7251,449.9287,449.9471,3908100
2022-01-05,453.4943,455.5382,448.8381,448.8381,3921100
2022-01-06,439.9564,443.751,424.4846,430.4698,6555200
2022-01-07,428.6733,428.93,417.5461,420.3417,5494200
2022-01-10,417.9585,426.9959,416.5287,426.2077,5831800
2022-01-11,428.2242,431.2031,422.239,429.874,3332800
2022-01-12,429.8466,435.6668,427.436,434.2003,3502300
2022-01-13,436.1893,436.7942,427.106,428.435,3005300
2022-01-14,430.6898,433.6962,426.2811,429.5899,3665400
2022-01-18,426.3636,426.8585,420.1125,422.5323,3938800
2022-01-19,428.9576,435.8227,423.009,423.9347,4030900
2022-01-20,425.6395,432.2847,423.458,424.3746,3228600
2022-01-21,424.8329,431.5147,422.6056,422.6973,4273200
2022-01-24,419.856,425.4196,410.7452,423.7056,4780700
2022-01-25,416.1896,421.1575,409.9569,418.7285,3428900
2022-01-26,420.2042,425.1812,415.6214,420.1859,4435900
2022-01-27,419.865,429.5807,418.8843,423.0914,3508100
2022-01-28,422.9081,427.381,417.1153,427.1793,3364400
2022-01-31,426.2078,433.7053,425.6578,433.1462,3500500
2022-02-01,435.3735,435.3735,424.1455,429.3333,3148600
2022-02-02,429.929,441.7712,429.929,439.7547,3026800
2022-02-03,457.0506,458.4529,443.2286,447.9948,4370900
2022-02-04,441.5604,448.783,440.1306,442.862,3066400
2022-02-07,444.4568,446.6108,441.1479,443.3477,2937200
2022-02-08,441.1938,454.3192,441.1938,452.2477,3534700
2022-02-09,455.5382,459.1403,454.8874,456.5464,2818100
2022-02-10,451.1753,452.9901,444.6034,446.1158,2626100
2022-02-11,444.2461,449.5164,436.6935,438.2425,2493800
2022-02-14,435.4743,437.8849,430.1765,434.8235,2549500
2022-02-15,436.2351,441.0288,435.5569,438.3341,3001000
2022-02-16,435.8318,441.5421,432.0739,440.0022,2651800
2022-02-17,438.2791,439.3057,429.7733,431.1023,2403100
2022-02-18,431.0198,435.3002,427.8851,428.7833,2992300
2022-02-22,425.1354,428.2151,419.6268,423.9255,3029800
2022-02-23,428.2151,428.7009,420.5617,421.2766,2840300
2022-02-24,412.0191,418.4993,408.5545,417.8577,3933000
2022-02-25,418.5543,436.0884,418.1694,436.0609,3314400
2022-02-28,426.9868,437.4908,426.7669,436.1709,3918300
2022-03-01,431.6065,437.17,428.7101,436.5193,2917600
2022-03-02,438.2974,446.5283,438.0225,444.8876,3675900
2022-03-03,445.4559,450.387,441.9912,445.9966,3139400
2022-03-04,440.5889,457.9763,437.6558,457.0506,4170100
2022-03-07,458.288,458.288,442.7245,446.2533,4123300
2022-03-08,438.8565,444.0718,432.1838,433.962,3849500
2022-03-09,442.3212,447.0324,434.0811,445.0617,3115500
2022-03-10,439.3423,452.5227,437.9675,450.4421,2834800
2022-03-11,448.4564,453.9445,443.5658,443.8967,2615000
2022-03-14,450.8189,455.59,446.1122,448.5391,2704100
2022-03-15,450.4512,459.5889,447.9783,457.7228,3043000
2022-03-16,459.4878,464.7001,450.4604,458.0445,3497100
2022-03-17,455.967,466.1895,455.2132,466.0975,2357200
2022-03-18,467.6786,469.4621,461.0782,465.2701,5065600
2022-03-21,464.2497,471.5948,463.6522,466.6858,2617700
2022-03-22,468.1659,470.5377,464.0935,464.5347,2752500
2022-03-23,461.7309,466.1343,460.8667,462.6134,2753200
2022-03-24,464.2405,474.1504,463.1925,472.0177,2789200
2022-03-25,472.6888,474.84,468.1384,471.6225,2551100
2022-03-28,472.8083,475.4007,467.7431,471.7787,2643000
2022-03-29,475.3639,477.653,466.3549,469.5081,3478400
2022-03-30,473.5346,479.1331,471.1168,478.7837,3041200
2022-03-31,475.3639,479.7673,468.5336,468.8094,3979700
2022-04-01,469.4621,473.2312,465.7114,471.2179,2344100
2022-04-04,470.8687,471.1168,463.8085,468.8554,2657500
2022-04-05,468.837,482.3781,466.9984,475.9707,3268600
2022-04-06,476.3935,490.4586,476.1913,488.8315,3955600
2022-04-07,487.2228,494.8345,485.7427,493.6118,2867000
2022-04-08,495.4964,504.6616,494.669,501.8946,3986700
2022-04-11,499.7251,503.4114,493.3269,494.0623,3574000
2022-04-12,492.196,497.0866,487.9398,490.6333,3575700
2022-04-13,490.2747,494.8344,485.954,493.6577,3012000
2022-04-14,495.0368,508.633,490.9643,491.6538,4211300
2022-04-18,494.4852,497.3349,487.5721,490.9735,2087100
2022-04-19,492.6374,498.6955,492.0399,494.3013,2207600
2022-04-20,498.383,504.101,495.4965,501.9407,2986300
2022-04-21,501.4717,503.77,492.7661,494.0623,2539900
2022-04-22,489.1165,490.3024,478.1953,478.894,3453300
2022-04-25,478.3977,483.7847,470.4274,481.9553,3030400
2022-04-26,481.9276,483.7846,472.0637,472.3119,2895300
2022-04-27,473.3506,478.8572,468.6715,472.3394,3353700
2022-04-28,475.0513,483.803,471.7511,482.093,2582700
2022-04-29,476.9727,477.938,466.0423,467.504,2873200
2022-05-02,469.5816,472.0637,453.5216,460.7013,3184300
2022-05-03,460.6829,464.7186,457.3275,459.2948,2763400
2022-05-04,459.1845,468.6255,453.2918,466.6491,4002600
2022-05-05,466.2721,469.4529,449.7433,454.7902,3359700
2022-05-06,445.864,461.0874,445.8548,459.2948,3260300
2022-05-09,450.819,454.7076,445.3308,447.1602,3862700
2022-05-10,453.9537,456.2887,442.288,448.6219,4275500
2022-05-11,445.2941,460.1222,445.2941,446.912,3936300
2022-05-12,446.866,447.5922,433.3709,440.1552,3997600
2022-05-13,442.1592,447.6933,437.4064,446.2224,2453400
2022-05-16,446.2317,455.5624,445.0734,449.7342,2338800
2022-05-17,454.1284,454.7903,449.0355,452.777,2289000
2022-05-18,448.8517,449.725,430.5579,433.3341,3240500
2022-05-19,426.8439,442.7108,425.9338,439.9253,3813800
2022-05-20,442.527,448.1255,434.189,446.5259,3068200
2022-05-23,447.0407,455.728,447.0407,452.3634,2279800
2022-05-24,451.1775,457.8791,449.2194,457.4011,2658100
2022-05-25,458.2836,461.7677,451.6095,457.8883,3161600
2022-05-26,461.2437,466.3182,459.1018,461.6942,2705800
2022-05-27,451.3705,466.1802,449.8905,466.1802,3349100
2022-05-31,462.9719,463.4224,455.6544,456.684,4003100
2022-06-01,458.0998,460.9128,448.4104,452.7954,1765900
2022-06-02,454.1284,456.1049,443.9886,452.5288,2093500
2022-06-03,448.9159,451.9864,445.7628,446.4155,1756900
2022-06-06,449.9273,453.7883,447.0407,450.6167,1781500
2022-06-07,449.9916,457.447,447.8036,456.9781,2341900
2022-06-08,454.1284,457.7136,449.1183,453.6963,3268100
2022-06-09,453.0987,456.3898,448.2541,449.9272,3148800
2022-06-10,445.6709,450.5983,442.1133,445.5147,2599900
2022-06-13,436.7814,442.4902,429.5466,431.7897,3764600
2022-06-14,429.7673,431.3117,420.5009,424.4814,3814200
2022-06-15,426.7336,431.1646,419.6551,426.8531,2550700
2022-06-16,418.2917,422.3602,415.7823,420.7734,3135600
2022-06-17,415.8469,425.7276,414.8782,417.0555,5277400
2022-06-21,422.3602,447.5555,421.7052,443.1272,5726800
2022-06-22,438.8833,457.5192,437.7947,451.7624,5061000
2022-06-23,456.6243,464.586,453.8658,461.108,4687700
2022-06-24,460.7666,461.0619,448.884,457.2609,15861100
2022-06-27,454.6685,472.2527,454.4379,466.5051,3907100
2022-06-28,472.4279,478.4522,465.9699,469.0697,4978200
2022-06-29,469.448,478.5353,466.8279,475.7768,3823400
2022-06-30,473.784,476.3395,470.2506,473.8578,3568900
2022-07-01,472.6493,477.4559,463.4144,477.3359,2426600
2022-07-05,468.3317,471.4315,454.1334,466.1175,3029600
2022-07-06,466.4866,477.3452,465.2504,475.3894,2506700
2022-07-07,475.3525,477.2437,472.5663,474.5498,2385400
2022-07-08,472.64,487.4565,471.4407,478.4707,3092100
2022-07-11,474.9926,481.0908,472.1788,476.9208,1743600
2022-07-12,473.5073,478.9412,471.0809,474.5866,2706500
2022-07-13,468.7284,472.2249,462.3811,462.4272,3467700
2022-07-14,456.6705,466.7172,454.1611,463.5251,3765500
2022-07-15,485.3253,490.7961,475.5369,488.7296,5742500
2022-07-18,489.8828,490.953,478.5814,479.1534,3212000
2022-07-19,480.7402,492.5029,480.2789,492.1431,2953500
2022-07-20,492.1432,492.6967,475.7952,479.2456,4327500
2022-07-21,479.1719,482.0133,471.5607,482.0042,2667600
2022-07-22,485.27,486.7461,478.2586,481.0354,1850300
2022-07-25,485.3531,491.6266,483.6279,488.4713,2337200
2022-07-26,492.466,496.0087,489.9105,490.4272,2637800
2022-07-27,492.2263,496.2118,487.1521,493.2134,2268100
2022-07-28,495.8703,502.1899,490.5656,499.5606,2344500
2022-07-29,498.1951,501.7378,495.1322,500.3447,2945700
2022-08-01,500.2802,501.5533,489.8828,493.9237,2335000
2022-08-02,495.9257,498.675,490.5471,493.9976,2114200
2022-08-03,495.658,501.5255,494.2096,498.7856,1802900
2022-08-04,497.5309,498.5826,491.5066,492.4199,2368000
2022-08-05,488.9603,494.0344,486.7093,493.6285,2373400
2022-08-08,498.1029,499.3852,492.1154,495.0492,1656400
2022-08-09,498.186,503.4815,494.8463,495.6582,2147200
2022-08-10,498.4258,500.0126,492.4752,496.0825,2291400
2022-08-11,496.5623,496.9221,488.6559,491.5989,3006200
2022-08-12,494.1359,502.2453,493.0657,501.5995,1981000
2022-08-15,499.7266,504.8377,496.8575,502.4667,1447300
2022-08-16,502.9926,505.0499,500.391,503.8322,1773000
2022-08-17,503.0201,505.3726,499.6343,502.7987,1471700
2022-08-18,502.8081,505.6865,499.8651,503.0018,1486400
2022-08-19,503.2601,510.2993,502.6327,505.8617,2258000
2022-08-22,499.4684,506.9688,499.4314,502.4021,1672900
2022-08-23,501.2212,501.2212,491.9218,494.3112,2039600
2022-08-24,495.1229,498.0566,493.5915,494.92,1761200
2022-08-25,493.5822,500.0494,490.1134,499.6343,1965800
2022-08-26,500.271,501.129,487.3181,488.2684,1906700
2022-08-29,485.27,491.6357,482.3824,488.7481,1594000
2022-08-30,489.3385,489.9659,481.386,482.3547,2013400
2022-08-31,480.4911,486.2848,478.9596,479.1165,2891300
2022-09-01,479.1163,483.6646,475.2047,483.4247,2085300
2022-09-02,488.6097,488.7665,474.0239,476.3672,1944200
2022-09-06,479.67,486.6078,476.8931,477.5943,2711900
2022-09-07,476.9669,482.9636,474.8266,481.2845,2504400
2022-09-08,480.611,487.5672,478.6367,486.6631,1557500
2022-09-09,488.4864,488.4864,483.6277,485.2565,2495500
2022-09-12,485.8671,495.1403,483.5535,491.6513,2792000
2022-09-13,484.9418,486.1078,473.8085,475.6501,3172500
2022-09-14,475.6871,476.9642,468.3759,471.7724,2648100
2022-09-15,477.8157,488.6251,475.8168,483.933,3058100
2022-09-16,479.8702,483.8497,478.5376,482.1839,3981700
2022-09-19,479.935,484.9417,474.7338,484.5252,2130800
2022-09-20,485.1638,485.5618,476.4367,483.8311,2421700
2022-09-21,485.895,488.6529,473.8548,473.9103,2427700
2022-09-22,472.9385,482.1376,468.3853,478.8893,2285600
2022-09-23,475.2799,476.2979,468.6351,475.3262,2536900
2022-09-26,469.5699,474.3637,461.8052,470.4675,2867400
2022-09-27,472.3277,478.2691,466.0438,470.4768,2583400
2022-09-28,468.7276,477.7879,463.471,475.6316,3027300
2022-09-29,476.3997,476.3997,465.0165,470.9025,2392000
2022-09-30,473.0033,478.0471,467.2099,467.395,3116000
2022-10-03,469.283,479.2132,467.7282,477.0846,2562400
2022-10-04,479.7129,485.4878,478.3062,484.1736,3189800
2022-10-05,482.1654,489.893,481.3603,487.783,2281800
2022-10-06,488.949,489.1804,478.2229,480.4348,2187300
2022-10-07,475.8444,475.8444,463.7116,467.2191,3273700
2022-10-10,467.9133,468.5704,458.1219,461.6757,2459100
2022-10-11,459.9265,469.0515,458.2699,462.5548,2844500
2022-10-12,464.7019,470.3657,461.0741,462.6937,2254300
2022-10-13,456.6689,475.1966,451.3845,471.902,3999700
2022-10-14,481.24,490.4113,473.7715,474.882,5628900
2022-10-17,479.1483,485.2286,476.8717,482.9798,3282300
2022-10-18,492.3454,492.3454,479.6944,483.2852,2345500
2022-10-19,482.8503,484.7752,476.2425,481.5361,2500500
2022-10-20,484.0626,489.9578,481.0364,482.0544,2390800
2022-10-21,479.4444,496.5377,479.3982,493.9464,2896000
2022-10-24,497.9629,505.7461,497.7131,501.2298,2627100
2022-10-25,497.704,503.377,494.104,499.9528,2411900
2022-10-26,501.0263,506.8197,499.9435,502.6829,2863500
2022-10-27,505.7831,505.7831,499.527,501.4149,2212100
2022-10-28,504.3486,511.7801,503.1641,510.1513,2761900
2022-10-31,513.6311,516.5,509.1241,513.7699,2770400
2022-11-01,513.6311,514.2697,503.6546,506.5143,3338900
2022-11-02,503.8305,513.2424,502.5904,502.9235,2696200
2022-11-03,501.3594,507.0325,498.0185,503.0901,2245300
2022-11-04,506.2736,506.9306,487.8476,498.0555,3513100
2022-11-07,498.0556,506.1812,495.5568,504.395,2540300
2022-11-08,506.2736,513.4459,501.6,511.8264,2797000
2022-11-09,512.5021,513.2702,499.2309,500.36,2672600
2022-11-10,508.0136,510.5771,494.1502,503.6084,3426400
2022-11-11,505.5611,505.5611,471.6614,483.1649,7034300
2022-11-14,483.0908,489.5505,475.1411,475.4558,5238400
2022-11-15,474.5859,478.1304,463.4433,465.5164,5103800
2022-11-16,468.1817,475.8075,467.793,473.392,3430800
2022-11-17,473.9843,487.6996,473.9843,476.8995,4246300
2022-11-18,483.2019,493.271,480.7402,490.4946,3566000
2022-11-21,489.5784,492.2992,476.9643,478.6394,3349600
2022-11-22,481.1844,485.5525,481.1566,484.0996,2567400
2022-11-23,485.8673,490.9019,484.0164,490.2263,2238300
2022-11-25,494.1963,500.5357,492.8267,497.5465,1419200
2022-11-28,495.8899,499.3604,492.0585,492.5953,2699900
2022-11-29,492.0399,493.243,484.6177,488.6435,3751000
2022-11-30,490.2354,507.2269,488.1623,506.9307,9688900
2022-12-01,511.1878,511.7801,495.8622,496.8894,2997800
2022-12-02,494.6336,499.9993,494.2716,497.7249,2346200
2022-12-05,493.3896,501.6424,492.8234,496.6852,2424800
2022-12-06,496.1096,501.8374,495.9425,500.6584,3097700
2022-12-07,502.0695,506.776,500.9462,503.9911,2849100
2022-12-08,505.8014,511.7704,504.7988,508.642,2272300
2022-12-09,508.6513,509.1712,500.2408,500.5471,2852400
2022-12-12,503.0071,506.9339,500.6214,506.7296,2714100
2022-12-13,511.0926,511.4917,496.7408,499.6371,3369700
2022-12-14,503.0813,504.5201,493.4639,499.7672,2654600
2022-12-15,495.7105,495.7848,487.8013,489.8529,2963800
2022-12-16,487.5042,488.1168,478.7501,486.1581,7109100
2022-12-19,486.9937,489.4166,483.5868,486.0653,1808100
2022-12-20,489.2123,489.2123,482.4449,482.9183,2086100
2022-12-21,486.0933,490.0386,480.9597,489.723,2182000
2022-12-22,488.7389,491.0876,484.2366,489.3052,1851600
2022-12-23,486.5296,493.2227,485.4156,493.2227,1292300
2022-12-27,495.6548,497.428,491.8673,493.8539,1596700
2022-12-28,496.7131,499.5723,489.8992,490.5677,1694200
2022-12-29,494.3645,495.4228,490.9483,491.8952,1379700
2022-12-30,492.0065,492.4706,487.2164,492.1736,1849600
2023-01-03,487.4857,487.9498,475.4454,481.4609,3525600
2023-01-04,481.4608,481.4608,464.7141,468.3345,5070400
2023-01-05,465.0947,466.0973,453.4815,454.8368,5497100
2023-01-06,456.35,457.5383,452.5904,454.874,4841300
2023-01-09,457.1112,464.1478,453.5186,454.9296,3702800
2023-01-10,453.8063,455.3102,448.0786,451.1606,3164000
2023-01-11,450.5016,460.0725,450.2323,458.0302,4274200
2023-01-12,454.874,462.9782,450.4366,460.1375,3726800
2023-01-13,451.2628,472.9761,451.1607,454.4748,5390100
2023-01-17,455.988,457.6032,449.0999,450.3067,4495600
2023-01-18,453.0638,454.4098,440.7172,442.1004,4398200
2023-01-19,443.6136,451.5228,443.168,449.6383,4549600
2023-01-20,450.7244,452.0797,444.6625,451.8291,3525900
2023-01-23,451.7919,454.9668,446.8812,450.9843,3418700
2023-01-24,464.3985,464.3985,445.5908,456.3593,3036300
2023-01-25,454.2056,459.8497,450.9101,457.1947,3037300
2023-01-26,457.1948,460.8616,455.4124,457.1762,3005000
2023-01-27,458.0024,458.0024,449.7404,451.2071,3177100
2023-01-30,452.841,459.7476,450.0467,450.9658,3606900
2023-01-31,462.3005,469.2628,457.7796,463.4052,5567000
2023-02-01,464.1108,468.2232,460.1376,461.3722,3451200
2023-02-02,458.8286,459.5156,430.6357,437.0782,11169900
2023-02-03,441.1628,444.4583,436.0756,438.1829,5440100
2023-02-06,438.1644,444.6347,437.2453,441.1721,4174200
2023-02-07,437.2732,443.8085,435.4073,442.6945,3394600
2023-02-08,441.3856,450.2695,441.0513,448.58,3466400
2023-02-09,450.8172,454.5954,447.8187,450.91,3664600
2023-02-10,454.0664,460.1283,453.7136,458.8193,3418100
2023-02-13,458.5872,464.0364,456.5078,459.8404,2589000
2023-02-14,458.8564,462.254,454.0291,457.501,2072600
2023-02-15,454.5491,456.5728,453.3794,456.0344,2242500
2023-02-16,455.9415,458.5872,452.3397,452.4139,2611500
2023-02-17,452.4418,463.6558,452.4139,463.303,3891500
2023-02-21,461.0936,465.4567,455.3381,456.09,2877300
2023-02-22,457.4825,458.4851,453.6393,453.8436,2982800
2023-02-23,451.7734,457.9653,451.04,456.4428,2511800
2023-02-24,454.484,457.204,448.385,449.6104,2940400
2023-02-27,453.7321,455.7466,447.4103,448.6728,3006200
2023-02-28,448.0695,448.71,439.9467,441.8219,3902100
2023-03-01,439.6588,444.1148,438.1643,441.1534,2996900
2023-03-02,441.1442,445.99,439.3247,443.4557,2188800
2023-03-03,443.6785,444.7554,440.2252,444.2541,2863300
2023-03-06,446.8626,449.629,444.6625,446.3149,3812700
2023-03-07,448.3572,449.137,438.6842,439.9096,2589200
2023-03-08,437.9322,441.3113,433.2999,436.8647,3036600
2023-03-09,439.9745,439.9745,430.5057,431.5826,2780400
2023-03-10,431.1261,436.7996,426.3003,428.8529,3787500
2023-03-13,427.2878,438.2064,427.2878,431.9739,2971600
2023-03-14,432.8775,437.7126,427.6604,432.8123,3258200
2023-03-15,429.4678,436.8183,427.8375,433.6042,3770200
2023-03-16,432.9334,441.0199,431.4336,439.7436,2940500
2023-03-17,439.1567,439.7343,434.4147,437.3959,5290000
2023-03-20,437.8617,447.0102,437.8617,444.3457,3119400
2023-03-21,445.678,448.5288,443.1906,447.2711,3163300
2023-03-22,448.9946,452.5254,442.3521,443.0042,2632200
2023-03-23,444.765,447.802,434.7594,437.7778,3284900
2023-03-24,436.9114,444.2712,435.6165,443.4421,2533200
2023-03-27,452.3484,453.0378,445.8643,448.948,2271800
2023-03-28,449.0411,450.7087,438.5045,440.2653,2369500
2023-03-29,442.6222,443.3396,433.157,434.6848,3733200
2023-03-30,434.6663,438.2437,429.5516,437.9176,3324600
2023-03-31,439.2777,443.4514,437.9548,440.2745,3996700
2023-04-03,452.0224,462.205,450.4293,460.3976,4729100
2023-04-04,459.3169,462.177,458.2083,459.5219,2624700
2023-04-05,463.3788,476.7476,462.177,474.4092,4964800
2023-04-06,476.0581,479.0766,472.4714,477.7444,3472600
2023-04-10,475.8811,480.1479,473.3471,479.9523,2714500
2023-04-11,480.8467,486.5109,479.9896,485.3464,3065300
2023-04-12,489.0821,490.6845,484.4799,485.5513,3422400
2023-04-13,488.0853,494.1782,484.9085,490.2467,4224400
2023-04-14,486.306,491.1877,473.7291,476.7941,4872000
2023-04-17,473.9341,474.7446,468.3723,470.7945,3660900
2023-04-18,469.2293,472.3223,464.0775,469.9839,3232000
2023-04-19,466.4159,467.6456,450.5597,452.954,5809100
2023-04-20,452.2739,456.1681,450.215,454.1278,3283000
2023-04-21,456.5314,457.1742,449.1716,450.7367,3165300
2023-04-24,450.3547,456.699,449.6466,455.5065,2322400
2023-04-25,458.9908,464.4129,457.0344,458.2828,2937300
2023-04-26,452.6465,454.3513,445.65,449.9261,2930000
2023-04-27,449.2274,457.4071,449.2274,456.9319,2473200
2023-04-28,455.2737,460.1833,454.7427,458.4412,2398900
2023-05-01,460.7702,465.242,458.1803,461.8044,2105600
2023-05-02,461.3851,462.7452,455.814,459.6523,2152300
2023-05-03,460.5932,461.5715,454.6588,455.9724,1749700
2023-05-04,453.7458,456.2053,448.9946,453.9601,2555700
2023-05-05,460.2765,466.6022,458.3853,460.4815,2329400
2023-05-08,458.3946,460.5467,454.929,458.9349,1738500
2023-05-09,459.1399,465.2513,456.7735,456.8481,2038600
2023-05-10,455.9351,459.7268,454.2955,456.5593,2018700
2023-05-11,454.6308,456.6059,452.4508,455.3389,2384200
2023-05-12,455.3389,459.1958,454.398,457.64,1536500
2023-05-15,457.7983,458.1617,450.6249,453.5688,2169700
2023-05-16,454.2769,455.7581,446.2556,446.9171,2178900
2023-05-17,447.1779,452.2086,444.8861,451.659,2682000
2023-05-18,449.0877,449.5535,441.4857,446.4606,3040100
2023-05-19,446.7866,451.6497,445.1377,446.0786,2317900
2023-05-22,447.5878,449.2275,445.2308,447.7555,2242800
2023-05-23,443.6191,450.3361,440.228,446.6562,2874200
2023-05-24,447.7462,450.2336,446.1438,447.9511,1904700
2023-05-25,444.9699,448.8268,441.8676,445.0352,2684100
2023-05-26,445.3706,454.9942,445.3147,448.594,3135200
2023-05-30,444.0849,452.6465,443.4793,447.0381,3180800
2023-05-31,445.4264,454.0719,444.4855,453.9228,4944100
2023-06-01,454.4352,464.6737,452.8701,459.8759,3376600
2023-06-02,458.3573,466.7605,456.8294,465.419,3064500
2023-06-05,466.4625,468.512,463.4067,464.1241,2688800
2023-06-06,465.7171,465.7171,450.5969,454.2302,3816600
2023-06-07,456.4475,456.904,448.6685,449.1623,4381700
2023-06-08,451.2678,458.1897,449.4418,456.7084,2725900
2023-06-09,456.4848,464.152,453.9135,459.8666,3174100
2023-06-12,458.6368,460.6398,455.3016,458.907,2207700
2023-06-13,457.3046,460.8354,455.2457,457.7145,3016600
2023-06-14,423.552,429.1324,415.2047,428.415,14672400
2023-06-15,432.1662,441.53,431.1559,435.8145,6798100
2023-06-16,436.0484,438.2747,428.3683,428.8922,7699100
2023-06-20,427.2645,440.1175,427.2645,439.0885,4597700
2023-06-21,438.6769,448.4242,437.0305,445.9734,4886500
2023-06-22,447.311,451.9883,447.1427,448.1249,3179000
2023-06-23,447.4513,451.1463,445.7862,446.2072,4862600
2023-06-26,447.2737,450.2391,442.4655,448.1343,2968300
2023-06-27,447.2643,451.9882,446.9275,451.4083,3693200
2023-06-28,450.847,450.9967,443.3822,443.8219,3670100
2023-06-29,444.4112,448.7423,442.5403,445.6834,2979300
2023-06-30,447.1427,450.978,444.4486,449.6123,3970400
2023-07-03,447.2362,449.21,445.5524,447.0304,1915700
2023-07-05,445.2999,446.4785,440.211,440.8004,5053100
2023-07-06,439.0511,441.9042,436.5253,439.0604,3913600
2023-07-07,434.9819,438.3588,431.0717,431.7827,4131600
2023-07-10,430.3046,433.2045,429.5189,433.1577,4339200
2023-07-11,432.5217,436.3758,431.3711,433.0082,3086800
2023-07-12,433.1111,434.8136,422.1196,422.5406,7287600
2023-07-13,422.8211,425.5339,418.3123,418.8455,7276800
2023-07-14,432.69,453.6907,430.4075,449.1725,11379300
2023-07-17,450.052,453.3167,447.4234,452.8302,4582000
2023-07-18,457.7413,471.8572,456.0294,467.7225,8816400
2023-07-19,474.7757,481.4361,470.0424,471.1836,4956500
2023-07-20,473.9525,475.8421,468.2183,471.6888,2963100
2023-07-21,472.4464,477.4604,471.9506,473.8309,2887300
2023-07-24,472.7084,476.8711,471.9975,475.8421,2279000
2023-07-25,477.0769,479.4156,474.5325,477.9469,2730600
2023-07-26,478.5175,482.5586,473.9245,475.206,3697200
2023-07-27,475.7393,477.5447,470.6505,472.6149,3028300
2023-07-28,472.5961,474.7196,465.1781,470.4446,2930000
2023-07-31,470.5288,475.0938,466.8431,473.6812,2441600
2023-08-01,474.7383,477.1143,470.0517,472.1564,2161200
2023-08-02,476.7869,477.5165,470.5194,472.2125,3220500
2023-08-03,470.4259,473.3352,468.6954,472.2687,2442900
2023-08-04,477.0769,477.9188,469.3595,470.2762,2411200
2023-08-07,473.0919,480.4445,472.0723,477.7691,2430900
2023-08-08,470.5288,475.3651,467.7412,473.2042,2422600
2023-08-09,471.4642,473.0826,468.5456,469.6962,1916900
2023-08-10,471.9039,478.9852,470.323,470.9778,2179700
2023-08-11,472.9891,477.7037,471.6981,475.2154,2029600
2023-08-14,476.2818,480.351,475.4399,477.9469,2127200
2023-08-15,478.555,480.4914,473.5878,473.9807,1817500
2023-08-16,475.206,477.5446,470.3698,471.0526,1454100
2023-08-17,463.4943,468.8732,460.0706,462.0724,3009500
2023-08-18,462.8395,468.6018,461.6421,466.2632,2364400
2023-08-21,465.3932,467.9563,464.1865,465.5522,1533500
2023-08-22,463.4382,464.7197,459.6122,460.557,2079400
2023-08-23,461.1744,462.1098,456.4316,457.8442,2011400
2023-08-24,459.7057,463.4381,455.7581,456.5907,2311100
2023-08-25,458.2932,459.4438,453.3634,457.5449,1923500
2023-08-28,458.8264,461.2305,457.5542,459.5654,1344500
2023-08-29,459.7431,461.1182,456.469,461.0153,2113700
2023-08-30,462.1004,464.6449,458.6393,459.7993,2283400
2023-08-31,460.5757,461.9414,445.5431,445.8143,4927700
2023-09-01,448.0781,449.6216,442.8022,445.4963,3165900
2023-09-05,447.1427,453.3166,446.7124,449.7713,3443300
2023-09-06,450.9687,451.9696,445.6273,446.1511,2596100
2023-09-07,448.92,455.6645,447.7039,453.513,2928000
2023-09-08,450.94,453.5507,449.5877,451.4847,1858400
2023-09-11,452.6209,454.3676,448.8833,450.1793,2059200
2023-09-12,448.3012,454.1799,443.3616,450.6677,2195200
2023-09-13,452.1044,454.5554,450.2544,450.6112,2197800
2023-09-14,453.2314,455.7105,449.6159,454.1423,2334300
2023-09-15,456.1519,459.9834,454.6494,457.0534,5334300
2023-09-18,458.6593,458.9692,454.1423,456.4524,1997500
2023-09-19,454.2925,456.1425,447.5123,451.3813,3230700
2023-09-20,453.344,464.9511,449.954,462.1527,3724800
2023-09-21,464.0872,474.3702,463.0448,470.6138,4703900
2023-09-22,468.6042,478.3989,467.6933,475.2717,4558500
2023-09-25,477.3002,479.8169,475.7695,479.1971,2758500
2023-09-26,477.9387,478.3895,473.6565,474.6613,2420200
2023-09-27,475.3939,475.5159,470.5294,473.0461,2593700
2023-09-28,475.1496,482.8314,474.2481,479.0281,2922000
2023-09-29,478.7932,478.8214,473.1117,473.478,3006200
2023-10-02,474.7365,483.4794,472.4921,483.2258,3550400
2023-10-03,482.0332,482.6717,477.3941,478.4365,3143200
2023-10-04,478.4552,480.6433,475.7506,479.5164,2801700
2023-10-05,480.4555,486.6441,480.0893,484.7847,2790700
2023-10-06,484.9912,493.9126,484.5498,492.842,3647200
2023-10-09,489.405,494.7765,488.5598,494.4384,2341600
2023-10-10,494.429,495.9692,491.2174,492.3067,2455700
2023-10-11,489.189,493.5745,488.541,492.2035,2819300
2023-10-12,492.5227,496.3824,490.438,493.5276,2377300
2023-10-13,500.7679,511.2951,499.5941,506.5433,5245400
2023-10-16,510.093,513.4738,503.4631,505.2568,3827600
2023-10-17,507.0503,509.3886,502.0074,503.9607,2586000
2023-10-18,509.9615,510.8443,502.787,503.4067,2551400
2023-10-19,504.1204,505.5479,497.0116,499.2466,2351200
2023-10-20,498.6549,501.876,494.6826,494.9268,2811100
2023-10-23,494.9267,495.631,488.5972,489.7993,2357700
2023-10-24,491.0108,498.3451,490.2689,493.0204,1978200
2023-10-25,495.1522,499.9321,488.4001,497.9131,2380100
2023-10-26,493.6778,498.1572,490.6915,496.1758,2675800
2023-10-27,493.9501,495.5935,489.5082,492.7011,2585600
2023-10-30,493.0204,499.425,491.0859,497.7065,2555400
2023-10-31,502.4113,503.9889,499.2372,502.9372,2464200
2023-11-01,497.697,503.1907,494.7107,499.2183,2747400
2023-11-02,499.594,504.1392,494.8516,503.4724,2350900
2023-11-03,502.0075,503.3316,496.5889,498.5611,2739500
2023-11-06,499.2466,503.3692,497.7628,500.9651,2684900
2023-11-07,502.7494,506.7781,499.1433,505.069,2604800
2023-11-08,507.1067,508.4214,501.6037,504.0359,1769200
2023-11-09,504.8528,507.9612,501.9229,506.1676,1819600
2023-11-10,509.6235,509.6235,503.3692,508.243,2480800
2023-11-13,508.1867,511.004,505.1441,509.5202,1507900
2023-11-14,506.1959,509.6142,503.8294,507.5388,2454000
2023-11-15,507.1537,507.5387,499.3123,505.6136,2473700
2023-11-16,505.6135,511.6707,504.7308,506.9377,2360300
2023-11-17,507.3603,507.5951,496.157,503.6227,2676900
2023-11-20,501.106,503.6697,499.4062,502.5052,2518400
2023-11-21,505.0125,508.6749,501.6506,506.7217,2115700
2023-11-22,509.8958,511.2388,507.351,510.6378,2234500
2023-11-24,511.7363,514.2343,509.7454,513.7741,1135000
2023-11-27,513.7742,517.3333,508.5435,510.478,2675800
2023-11-28,512.3938,512.5722,507.1725,507.6045,2859300
2023-11-29,497.7159,508.8534,496.4481,502.3925,4550000
2023-11-30,503.1531,520.1976,501.4816,519.2866,7121200
2023-12-01,518.6553,522.6883,513.6989,515.5834,3462200
2023-12-04,516.62,520.0216,511.7012,516.6389,2709200
2023-12-05,517.4115,520.6436,513.8779,518.5046,2645600
2023-12-06,515.9604,520.0311,515.5269,517.8167,2239700
2023-12-07,519.5317,519.6825,513.0959,516.6295,2511700
2023-12-08,518.4668,519.8897,513.1146,518.0428,2039900
2023-12-11,518.0335,518.2597,507.951,512.3044,3655300
2023-12-12,514.302,515.8945,511.3338,514.2266,2706100
2023-12-13,512.606,517.7132,507.5083,517.3269,2876600
2023-12-14,512.8885,513.4727,498.8484,503.4091,5386800
2023-12-15,499.4138,502.7118,492.7801,500.4692,9030100
2023-12-18,498.5752,500.799,494.9191,496.163,3260300
2023-12-19,494.316,497.1711,491.6682,493.7977,3645600
2023-12-20,493.6187,494.5421,486.0992,486.1557,3847800
2023-12-21,488.9355,490.7636,486.6929,489.8778,2491600
2023-12-22,489.8778,492.8272,488.1251,490.283,1759500
2023-12-26,489.8779,491.3855,488.0781,490.0192,1390800
2023-12-27,489.7553,492.9685,489.3878,492.6198,1851800
2023-12-28,493.2606,497.4067,492.7612,494.6081,2001000
2023-12-29,495.6258,497.7554,493.6847,496.0875,2080100
2024-01-02,496.4362,508.5163,496.2759,508.2148,3415700
2024-01-03,511.7013,515.2349,508.3468,510.7497,2891400
2024-01-04,513.5482,517.3173,511.6636,513.9439,2994400
2024-01-05,515.4327,515.4327,502.9285,506.3679,2815400
2024-01-08,508.2713,509.0722,497.5292,505.5575,2648900
2024-01-09,506.9522,508.4692,501.6094,507.3008,2677000
2024-01-10,507.0463,509.9674,505.2089,506.6129,2180000
2024-01-11,505.19,508.9874,503.6824,508.5352,2814100
2024-01-12,488.9166,497.9815,483.5173,491.4137,6327300
2024-01-16,493.4868,494.2312,486.74,489.19,3736700
2024-01-17,491.197,500.0356,489.9908,494.6458,3791300
2024-01-18,476.0733,487.0133,468.7517,486.5421,7367000
2024-01-19,485.2794,487.6823,472.8601,474.4996,6143400
2024-01-22,474.8577,483.932,467.8471,483.3854,5922900
2024-01-23,482.9237,488.1817,482.528,485.7694,2672900
2024-01-24,488.0121,491.621,483.3478,483.6116,2918800
2024-01-25,459.4513,466.9142,451.357,464.926,14671000
2024-01-26,464.813,474.6222,461.628,474.1605,6212200
2024-01-29,474.0756,477.2794,472.2287,475.4231,4554100
2024-01-30,475.4231,476.8459,470.4101,474.5467,4931200
2024-01-31,475.3948,485.2795,475.3948,482.2076,5358100
2024-02-01,479.4655,480.7753,473.972,477.873,4242600
2024-02-02,478.919,483.31,476.224,480.7847,3804500
2024-02-05,480.5303,484.5256,471.1922,473.9342,3646300
2024-02-06,474.8577,481.4538,473.4537,481.1994,2745400
2024-02-07,484.3466,490.9332,483.1028,489.4161,4109100
2024-02-08,490.5846,492.0262,487.4279,490.0757,3343000
2024-02-09,489.0392,490.3584,486.495,488.3136,2715400
2024-02-12,488.3135,489.0391,483.2158,487.7671,3194000
2024-02-13,491.8755,496.521,484.5351,487.0227,3436000
2024-02-14,485.5244,488.6057,484.6104,487.1075,1918500
2024-02-15,487.4845,491.6399,486.0333,490.8202,2292100
2024-02-16,492.1582,493.5622,488.945,491.4515,2135500
2024-02-20,493.958,495.051,489.4349,490.9897,2600200
2024-02-21,493.449,493.4679,487.6728,491.8471,2095900
2024-02-22,493.9486,496.342,488.6624,496.1158,3186800
2024-02-23,496.3513,499.8849,493.9107,496.813,2502000
2024-02-26,497.8308,502.0617,494.0522,495.004,2308900
2024-02-27,494.4762,495.2584,482.4997,483.7906,3780600
2024-02-28,466.8483,469.7788,456.436,469.5244,9558600
2024-02-29,469.7316,472.7941,463.2298,465.1144,6833200
2024-03-01,461.1757,461.741,449.708,461.2793,7315000
2024-03-04,455.3523,458.933,452.3935,454.0614,5239800
2024-03-05,454.5514,455.0319,443.4606,445.8446,5296200
2024-03-06,447.0602,452.1108,441.1709,445.3264,5577500
2024-03-07,446.6456,453.4206,446.2687,451.1497,5102000
2024-03-08,452.5025,458.1028,449.1347,450.8375,4673600
2024-03-11,451.2443,463.8356,450.2983,462.7382,4410100
2024-03-12,461.7733,465.6992,461.0354,462.9274,4153800
2024-03-13,466.8722,469.2183,459.1245,461.6503,3669000
2024-03-14,462.3315,463.2396,458.9921,462.5963,3378500
2024-03-15,461.1301,464.6965,461.1301,464.3181,5713500
2024-03-18,465.529,465.529,460.1178,460.7516,2970500
2024-03-19,463.2302,466.7966,461.4517,466.6831,2511700
2024-03-20,465.879,467.894,463.0126,467.544,3548200
2024-03-21,465.6993,469.4076,464.7532,465.1411,3693400
2024-03-22,468.4616,469.0575,463.3248,463.6086,2847300
2024-03-25,464.11,464.9425,457.9326,459.6448,2786100
2024-03-26,461.7733,466.702,459.0299,465.7276,3113300
2024-03-27,467.0426,468.963,464.7816,466.475,2653100
2024-03-28,468.2723,469.0954,462.8801,467.9886,3820000
2024-04-01,467.771,469.0103,462.3126,463.2586,2928700
2024-04-02,434.7838,438.6435,425.3238,433.4026,11867000
2024-04-03,437.0542,437.8583,430.9524,434.9162,4460400
2024-04-04,435.938,436.7894,427.5185,430.7917,5182000
2024-04-05,426.3549,433.0337,425.7116,431.1322,5747400
2024-04-08,431.3498,432.5134,429.0983,431.3782,4532300
2024-04-09,429.7511,434.9352,428.0293,434.8973,3521200
2024-04-10,430.8957,433.9702,425.494,425.7495,4493500
2024-04-11,426.0711,426.4306,417.6422,417.8693,5844100
2024-04-12,416.5638,418.3612,412.8176,415.4854,6045700
2024-04-15,418.1341,424.1412,418.1246,421.5681,5376800
2024-04-16,451.0267,453.8458,440.4599,443.5722,11816500
2024-04-17,452.7579,461.6503,448.9644,453.1268,8759800
2024-04-18,459.8813,474.8944,459.7299,466.5506,8880400
2024-04-19,470.1644,479.9082,468.8022,474.0714,6618600
2024-04-22,470.9022,472.4537,464.1478,464.7059,4697700
2024-04-23,464.4884,467.6196,458.784,459.9286,3646700
2024-04-24,457.6582,462.4639,454.754,460.9881,3724400
2024-04-25,462.5585,470.2874,461.2057,467.1939,4329700
2024-04-26,465.4344,470.382,464.8668,468.6035,2727000
2024-04-29,468.944,470.4955,461.4327,462.6247,2192100
2024-04-30,462.5585,463.268,456.5324,457.5825,3367500
2024-05-01,453.3823,462.7761,451.3105,457.9704,2729200
2024-05-02,458.1312,467.0331,457.8095,466.352,3561400
2024-05-03,464.3559,466.1817,459.5502,465.8601,2487600
2024-05-06,465.8884,468.1494,465.4343,467.6858,2029500
2024-05-07,469.2183,474.5633,468.3102,473.9105,3752100
2024-05-08,476.9473,479.6245,473.0781,476.0391,3078900
2024-05-09,475.0269,480.542,475.0269,479.6528,2342900
2024-05-10,481.5164,485.8491,479.6244,485.1207,2784600
2024-05-13,484.4017,486.8803,479.9177,484.1085,2454500
2024-05-14,486.7951,488.2992,479.9082,486.1329,2949700
2024-05-15,487.0317,494.3727,487.0317,489.6048,2981200
2024-05-16,491.9224,499.6418,491.4589,493.1238,3655800
2024-05-17,494.7037,497.4566,491.932,496.3025,2657200
2024-05-20,496.3025,496.3025,488.6493,489.3021,2476200
2024-05-21,490.3332,496.3876,488.0627,495.2808,2521900
2024-05-22,494.5902,497.8634,492.5374,493.1996,2299100
2024-05-23,490.3332,492.1401,487.41,488.9237,3055400
2024-05-24,488.2425,489.2169,480.1163,480.7312,2527800
2024-05-28,479.2933,479.2933,474.7998,476.4836,2912800
2024-05-29,465.756,467.2318,447.7157,458.5475,7521600
2024-05-30,456.2771,459.7867,452.1903,455.6432,5169700
2024-05-31,456.3622,471.4983,456.3622,468.6224,6694800
2024-06-03,467.4493,471.7536,466.4466,470.5806,2795100
2024-06-04,471.6401,480.8258,467.8845,478.1959,3178400
2024-06-05,481.2326,481.611,471.8672,475.9539,2464400
2024-06-06,476.4553,477.4486,470.4293,474.8188,2419600
2024-06-07,474.9322,475.7079,463.9397,464.1951,3416300
2024-06-10,464.4883,468.6413,459.938,468.2723,3332800
2024-06-11,464.3559,470.9023,463.8167,469.4265,4599700
2024-06-12,473.0024,473.0024,461.1016,466.4466,4048200
2024-06-13,463.8072,474.8944,458.2258,470.4482,4951700
2024-06-14,470.0036,470.9685,465.179,470.278,3188400
2024-06-17,466.7723,468.4729,464.2738,464.7773,2407200
2024-06-18,466.1834,467.0859,455.0967,457.0062,3692700
2024-06-20,456.0467,461.6328,454.2131,460.3028,5258100
2024-06-21,460.2267,463.8938,456.5691,458.4692,6368600
2024-06-24,464.4258,466.3544,460.2837,465.4898,5139800
2024-06-25,466.1168,466.1168,456.5786,460.2837,2916100
2024-06-26,460.2837,463.0768,457.4052,459.8467,3153100
2024-06-27,460.8062,464.5398,457.9561,462.1267,2991900
2024-06-28,471.5604,483.9391,464.9483,483.8062,22734200
2024-07-01,481.4216,483.4737,468.2544,469.9264,4523100
2024-07-02,469.5559,473.5555,468.7294,473.337,3312000
2024-07-03,472.2729,473.1849,462.2027,465.4043,2239200
2024-07-05,464.5588,465.1954,460.2837,463.6183,3499000
2024-07-08,464.7393,469.1949,461.8703,464.8818,3450600
2024-07-09,463.9223,470.6389,461.7942,467.5133,3056800
2024-07-10,466.4018,476.434,465.6228,475.8925,3189800
2024-07-11,472.824,483.3027,472.824,479.1511,3535100
2024-07-12,481.5831,488.8508,478.2676,485.9627,3570600
2024-07-15,498.0375,504.2981,488.1193,489.6108,5128000
2024-07-16,507.2146,522.4338,500.783,521.4363,11062000
2024-07-17,526.31,544.9398,523.7449,544.6263,10330800
2024-07-18,536.2852,552.4355,533.3591,536.1332,6834800
2024-07-19,538.7742,541.4153,533.4731,537.0737,4290400
2024-07-22,534.9077,536.0477,529.2361,530.6136,3377300
2024-07-23,530.8605,530.9081,525.1794,526.975,2785600
2024-07-24,532.0101,533.0837,525.379,531.7726,3156200
2024-07-25,533.9102,541.4058,530.6611,531.7061,3102900
2024-07-26,532.0101,550.184,532.0101,541.2443,3201900
2024-07-29,537.4347,542.7927,533.6821,538.4227,2965000
2024-07-30,538.5653,550.469,537.7007,547.5239,4139100
2024-07-31,537.1782,551.8655,534.2141,547.3624,4713200
2024-08-01,548.3505,558.1357,538.7553,544.1419,3680800
2024-08-02,553.224,561.9736,546.4978,560.3491,5094000
2024-08-05,553.0244,557.4895,538.4321,541.4722,4587400
2024-08-06,539.8097,548.6544,534.4136,539.9427,3216500
2024-08-07,538.2897,543.0779,529.1886,537.7863,4320700
2024-08-08,536.1616,543.8377,536.1616,537.9381,2860800
2024-08-09,536.3231,537.6436,529.7585,530.832,2976700
2024-08-12,534.2142,540.5603,533.0076,537.0357,2532400
2024-08-13,541.5008,546.9538,540.5602,545.5383,2369400
2024-08-14,546.4883,552.0744,544.6168,550.6969,2344400
2024-08-15,550.6968,554.1834,544.8447,550.6398,2751800
2024-08-16,551.8844,552.578,545.4053,548.8064,2728900
2024-08-19,549.1865,554.1455,548.2269,549.8515,1847900
2024-08-20,550.8679,554.63,546.7354,551.628,1677500
2024-08-21,552.4449,554.231,548.5689,549.1769,2844300
2024-08-22,550.2978,553.8129,542.0992,549.7943,2282000
2024-08-23,551.9605,555.9601,549.5379,555.295,2376400
2024-08-26,558.6581,562.4962,556.4635,557.7841,1800000
2024-08-27,560.0071,562.7337,554.6015,557.993,1581900
2024-08-28,559.5701,563.2087,554.687,559.1236,1657000
2024-08-29,561.1567,562.9902,555.1621,562.0022,1953200
2024-08-30,560.5106,563.6077,557.2711,560.7006,2944700
2024-09-03,562.9046,570.6377,562.2395,568.7567,3175500
2024-09-04,570.0107,577.5538,567.9966,573.9818,2935000
2024-09-05,573.9913,575.7108,560.197,565.7261,2144800
2024-09-06,566.0872,570.5903,562.6577,567.0468,2926400
2024-09-09,568.4147,569.5167,546.5168,564.4056,3411400
2024-09-10,565.4602,574.5709,561.6031,569.0893,2863500
2024-09-11,559.6936,561.8407,550.0319,560.2731,3563600
2024-09-12,559.1143,560.9953,554.0601,559.0097,3395800
2024-09-13,561.5366,567.8067,557.879,564.6146,2241900
2024-09-16,567.2652,570.8785,560.3627,561.6783,2548600
2024-09-17,558.6941,559.371,549.5225,551.0193,3416000
2024-09-18,549.9707,557.2736,545.6328,553.584,2988300
2024-09-19,556.5108,557.5691,547.7969,550.1708,2945700
2024-09-20,545.0513,551.8585,543.0969,548.1974,5398700
2024-09-23,549.6178,552.4208,545.3371,546.6814,2386100
2024-09-24,544.2122,550.3997,539.6169,548.3785,3188500
2024-09-25,550.9336,554.0226,546.3669,549.4464,2658800
2024-09-26,548.1974,549.7228,544.298,548.0162,2751900
2024-09-27,550.7524,559.3615,549.7132,554.728,2986200
2024-09-30,556.3012,559.0851,551.7631,557.4262,3009700
2024-10-01,557.7312,561.2588,553.6984,556.1105,2648400
2024-10-02,576.0935,576.3414,557.0162,564.7005,3667000
2024-10-03,563.0797,565.5775,557.1305,565.1199,2645800
2024-10-04,564.5289,568.3425,561.0109,563.6423,2462600
2024-10-07,561.3446,564.8245,556.1391,556.3584,2591100
2024-10-08,560.6487,561.7451,552.5449,554.4708,2231400
2024-10-09,555.0235,565.1675,553.5457,563.6611,2207700
2024-10-10,567.4367,571.031,565.1295,569.8392,2143200
2024-10-11,568.6857,573.4813,568.4092,570.173,1909700
2024-10-14,571.1836,580.2598,569.5342,577.1804,2447100
2024-10-15,526.2886,543.1444,517.689,530.3595,11939400
2024-10-16,531.046,549.3224,529.2441,544.7081,5103900
2024-10-17,534.4495,542.925,532.6761,539.6454,5588700
2024-10-18,540.4273,544.3362,536.7949,543.0587,3687000
2024-10-21,543.0873,552.2779,542.1911,544.8319,3018000
2024-10-22,541.3806,546.3286,539.1306,543.2969,2593800
2024-10-23,545.4612,547.3775,533.8966,538.3203,2911900
2024-10-24,538.6539,545.0512,534.1921,534.6688,2590200
2024-10-25,539.7694,544.8605,537.3383,538.244,2513700
2024-10-28,539.8552,541.8383,536.5756,538.8923,1826500
2024-10-29,536.5851,541.2185,534.5257,535.9272,2600300
2024-10-30,535.0883,543.726,534.8023,536.7186,2323600
2024-10-31,534.7356,541.9527,534.7356,538.1868,2490000
2024-11-01,538.7778,543.745,537.6147,541.1041,2548300
2024-11-04,540.3224,542.0862,529.5301,531.7706,2656600
2024-11-05,532.2567,542.2291,528.5576,540.5989,2608100
2024-11-06,575.7502,577.2756,563.3085,568.8763,6591300
2024-11-07,570.783,579.3158,568.3614,577.2279,5254300
2024-11-08,580.6125,590.909,576.9896,587.105,3875800
2024-11-11,588.1443,601.3296,585.3032,596.105,3003200
2024-11-12,590.6994,595.371,585.1698,586.0182,2809400
2024-11-13,584.426,584.4356,574.9493,577.6284,3409400
2024-11-14,575.3498,577.7523,561.5352,565.5013,3079200
2024-11-15,564.3287,571.0119,562.4505,564.6242,3423900
2024-11-18,561.9643,566.4452,558.0363,562.1645,2577100
2024-11-19,555.5574,559.4854,549.8848,550.1041,3198300
2024-11-20,555.5479,574.5489,554.442,572.5087,3928600
2024-11-21,572.032,575.8455,568.9144,569.639,2722900
2024-11-22,570.6592,573.2333,561.2302,563.3276,3197900
2024-11-25,569.7249,581.4134,567.2747,577.5903,5146200
2024-11-26,579.8879,580.1072,570.9642,578.5055,2693600
2024-11-27,582.5479,588.6686,578.4197,580.0214,2269800
2024-11-29,580.4218,587.0765,578.3435,581.7566,2010800
2024-12-02,585.3795,585.3795,572.7662,580.155,3364900
2024-12-03,582.3763,587.048,576.6274,577.0183,2329900
2024-12-04,582.5383,593.7978,578.6771,582.319,4147600
2024-12-05,577.4092,580.603,547.1391,551.9823,5943700
2024-12-06,554.9759,554.9759,518.7758,524.0004,13003600
2024-12-09,528.288,538.7963,521.2442,536.5377,7684700
2024-12-10,537.8585,543.3615,533.102,540.9114,5360600
2024-12-11,531.7907,534.1259,509.7883,510.6114,10363000
2024-12-12,508.6973,511.0612,492.1021,493.6047,9403800
2024-12-13,493.4899,504.8691,488.7812,498.1219,8202900
2024-12-16,495.7484,499.2895,474.77,477.0861,8880000
2024-12-17,466.0801,474.3107,455.3804,464.6637,14132700
2024-12-18,467.4487,484.7808,465.1231,478.2538,10147600
2024-12-19,478.6557,482.0149,465.3528,468.2335,7418100
2024-12-20,468.2718,481.0484,467.7359,478.6462,10956900
2024-12-23,479.2491,486.9245,477.6125,484.5894,4286000
2024-12-24,482.7327,484.3597,479.0864,484.3597,1824400
2024-12-26,483.929,490.2168,483.0485,489.1927,3387000
2024-12-27,487.5371,491.1356,485.9867,488.0826,3471800
2024-12-30,485.087,487.8338,479.1534,485.9867,5408600
2024-12-31,487.47,489.0492,481.7182,484.1299,4214000
2025-01-02,486.1781,490.1115,481.6704,482.838,4234900
2025-01-03,484.599,494.1119,483.6706,490.9633,3019500
2025-01-06,490.9633,497.9497,487.9199,491.6045,4444800
2025-01-07,496.562,497.1841,489.2597,492.1596,3914500
2025-01-08,492.3989,502.132,487.6232,501.9885,4141700
2025-01-10,504.0173,512.4489,496.1982,498.3229,5467500
2025-01-13,512.0565,523.8856,510.2382,517.8945,6472500
2025-01-14,516.4685,521.158,513.5016,520.3828,3978300
2025-01-15,514.028,522.8232,511.377,520.0765,4103900
2025-01-16,507.568,516.6504,488.0922,488.6569,9059900
2025-01-17,483.9003,499.4044,481.2014,487.8625,7495700
2025-01-21,491.9681,502.4478,490.791,502.4382,5682100
2025-01-22,499.2512,501.9118,493.8344,497.3946,3756100
2025-01-23,505.1944,508.6494,497.0117,507.0128,4580800
2025-01-24,505.4242,511.6642,501.9789,509.6353,3671200
2025-01-27,516.7843,528.2018,516.7843,520.1722,4263000
2025-01-28,519.6841,523.0242,514.7362,519.1769,3162700
2025-01-29,518.4591,520.1339,511.0707,514.985,2737600
2025-01-30,516.2962,523.608,512.0183,522.1342,2924700
2025-01-31,519.9043,525.57,518.1529,519.1865,4120500
2025-02-03,518.7175,530.1159,517.8275,524.632,4083600
2025-02-04,521.7801,525.2351,518.2487,522.0194,2869900
2025-02-05,507.9317,517.4734,499.4905,516.6216,4621600
2025-02-06,514.7842,515.9421,502.7063,507.2713,3926800
2025-02-07,506.4674,509.5204,502.8211,504.3907,3349100
2025-02-10,505.0031,511.2143,500.8974,510.4583,3143100
2025-02-11,512.0183,524.0196,505.5774,510.9847,2631900
2025-02-12,516.6599,519.0525,502.9359,504.7448,3859200
2025-02-13,508.0943,511.377,504.4575,508.3623,2835100
2025-02-14,506.276,510.2956,500.4476,501.0219,3705300
2025-02-18,488.9918,493.8344,475.6506,479.2204,8759300
2025-02-19,479.7946,489.8722,476.7512,489.0875,4380300
2025-02-20,483.4888,486.5896,478.7514,480.8378,4144300
2025-02-21,420.6684,449.5233,419.6635,446.3842,19864900
2025-02-24,446.633,447.8963,437.3688,441.6947,6919300
2025-02-25,440.9769,450.5378,430.7366,450.1741,9101000
2025-02-26,444.6902,452.7294,438.5173,443.6758,5108400
2025-02-27,446.145,454.9785,445.0443,448.4323,4216800
2025-02-28,446.9393,455.8972,444.5275,454.5573,6146300
2025-03-03,453.9927,456.7681,445.2262,446.9872,5700200
2025-03-04,449.5712,458.6248,446.4225,454.2224,5864100
2025-03-05,450.8345,458.5004,450.777,455.5335,3637100
2025-03-06,455.5526,467.152,451.7245,466.7692,4964000
2025-03-07,463.0463,478.4452,462.6061,472.2818,5434100
2025-03-10,473.1468,478.5003,459.1431,461.5555,5108900
2025-03-11,463.7469,467.8509,458.5952,467.1493,4101000
2025-03-12,464.3621,468.6487,460.21,462.4109,3680800
2025-03-13,460.8155,465.2463,456.5384,462.805,2876600
2025-03-14,462.3052,470.4268,459.6524,469.6578,3915900
2025-03-17,468.5622,481.153,467.0629,479.6248,5152300
2025-03-18,482.7197,486.3047,478.4715,484.219,3617600
2025-03-19,485.4109,486.67,480.6244,483.6424,3317600
2025-03-20,485.6127,494.3975,483.9404,491.4276,4965400
2025-03-21,491.7927,498.8282,485.4589,496.7618,10244900
2025-03-24,495.0607,498.1074,491.2545,496.4254,3840900
2025-03-25,498.1363,498.8283,491.6486,493.4748,3015100
2025-03-26,495.176,502.6248,492.9173,498.0594,3253800
2025-03-27,496.2236,500.8275,493.0135,495.6758,2822200
2025-03-28,496.7811,500.7313,495.0318,495.9833,2379100
2025-03-31,499.0013,507.5938,498.4343,503.3937,5238700
2025-04-01,505.3063,507.6419,500.7025,502.7882,2962500
2025-04-02,502.6248,504.5951,496.7138,502.8651,2378900
2025-04-03,509.3911,527.1817,508.7183,519.435,6457900
2025-04-04,519.6272,530.2958,504.4413,504.6431,9919000
2025-04-07,493.446,508.6319,484.0172,504.3068,7356700
2025-04-08,559.5431,562.2727,526.1822,531.5837,11762300
2025-04-09,538.3694,566.4922,532.9102,556.0158,12691900
2025-04-10,557.688,578.487,557.4574,571.2977,8646000
2025-04-11,566.0307,582.7929,563.7336,576.1707,6121500
2025-04-14,571.8744,572.48,556.775,564.243,4839300
2025-04-15,569.2217,569.8176,559.3893,560.9079,3871300
2025-04-16,562.5707,571.6918,560.3024,562.3015,4192100
2025-04-17,463.2183,470.7536,429.7228,436.4603,29120200
2025-04-21,432.2795,435.8741,408.2992,408.799,13029900
2025-04-22,408.1357,414.7291,400.908,410.577,10156900
2025-04-23,410.4713,421.7934,407.2803,411.3267,8345700
2025-04-24,410.9518,413.1913,407.1842,407.7609,7629100
2025-04-25,407.0977,407.0977,396.0062,402.3689,9263800
2025-04-28,403.4358,407.6359,399.399,403.6761,6614300
2025-04-29,404.8198,405.3581,393.1997,393.3247,9909100
2025-04-30,393.1324,397.198,385.4145,395.4488,9192800
2025-05-01,395.3334,395.9774,384.3188,385.107,9316800
2025-05-02,384.415,386.3757,377.8312,384.3766,11392900
2025-05-05,383.6076,393.7764,382.1371,389.0764,8157200
2025-05-06,387.1446,388.99,378.1292,379.1768,7858600
2025-05-07,379.9841,380.1475,370.7092,375.8609,8517200
2025-05-08,374.8421,375.7263,370.392,370.565,7218300
2025-05-09,370.6804,371.5262,363.8275,365.8459,8381100
2025-05-12,366.1918,372.1605,362.1935,364.0293,11004800
2025-05-13,322.691,328.7077,297.0864,299.2778,59478300
2025-05-14,308.9564,310.3885,295.1737,296.0388,40029600
2025-05-15,264.2156,265.8976,239.2069,263.687,121849200
2025-05-16,268.435,283.0442,258.6795,280.5645,71094300
2025-05-19,292.9247,303.9969,285.6969,303.6125,62524700
2025-05-20,308.4469,312.0224,300.4311,309.0813,41487000
2025-05-21,289.3011,297.9129,288.4073,291.2042,45506900
2025-05-22,282.4676,293.7897,281.1316,285.1395,27159600
2025-05-23,284.5916,288.0517,280.305,284.0822,16873600
2025-05-27,287.8595,288.292,277.8925,283.5344,20144600
2025-05-28,282.5733,291.9731,281.8812,286.5235,16114200
2025-05-29,285.2644,291.5887,283.5344,286.5812,16221100
2025-05-30,286.3889,293.7609,284.3417,290.1758,16309300
2025-06-02,291.3388,301.3634,289.2724,292.8766,19074400
2025-06-03,291.3195,293.8377,288.3496,289.5126,12805700
2025-06-04,291.7425,295.6831,288.5323,288.7053,11255600
2025-06-05,288.7053,290.666,282.6789,284.3417,13529000
2025-06-06,285.6778,292.5595,285.6008,291.4349,12589000
2025-06-09,293.1842,295.4525,289.4358,291.4061,12170300
2025-06-10,291.9923,293.261,288.9071,291.9827,11384100
2025-06-11,290.9159,299.47,290.4834,298.4896,14711400
2025-06-12,299.297,306.4094,296.5193,306.121,15957200
2025-06-13,303.6221,305.083,299.7872,301.3442,13762400
2025-06-16,302.9703,303.2317,295.0234,297.8015,14240100
2025-06-17,297.5982,300.0181,295.73,298.9727,11593900
2025-06-18,297.695,301.7992,296.4173,297.3563,12205600
2025-06-20,299.5825,299.6696,291.926,292.3325,16177900
2025-06-23,292.226,292.7778,286.0505,291.0451,12274700
2025-06-24,291.7905,296.0204,289.7384,295.8268,8781400
2025-06-25,294.6266,294.6266,290.1933,292.3422,8722100
2025-06-26,292.8746,296.8819,291.6356,292.9229,6532700
2025-06-27,293.2424,300.5021,292.5164,299.205,15304400
2025-06-30,299.0986,302.3703,296.5238,301.9734,10074100
2025-07-01,301.9734,316.0862,301.1119,315.6893,17865500
2025-07-02,310.4623,312.0885,296.6109,297.7047,18177200
2025-07-03,299.9116,302.2444,298.3532,298.6629,6161100
2025-07-07,298.1306,298.721,291.5485,293.978,9031200
2025-07-08,294.4814,298.4209,294.0651,297.8402,9613800
2025-07-09,293.4747,293.8716,289.177,293.2037,12816700
2025-07-10,293.3489,295.159,287.0959,289.9127,11355600
2025-07-11,290.4063,294.3749,288.451,294.3556,9808200
2025-07-14,291.9744,294.2975,289.419,290.9484,10681400
2025-07-15,290.1062,291.0451,281.7043,282.3625,16019000
2025-07-16,283.1757,286.5054,281.4333,283.1176,9714000
2025-07-17,282.9627,283.6112,274.735,278.8392,14792700
2025-07-18,278.665,278.8392,271.8119,273.5929,14979700
2025-07-21,275.5191,277.3195,272.1894,273.0992,10319200
2025-07-22,273.5735,277.91,272.9637,275.9934,14600300
2025-07-23,278.2875,283.2628,275.8192,283.137,13111100
2025-07-24,274.0285,279.9427,269.3048,269.6533,22585200
2025-07-25,271.9957,276.971,270.9697,272.0538,16486600
2025-07-28,274.4156,275.8676,270.7277,273.0799,15779400
2025-07-29,257.186,264.165,252.201,252.7044,41706000
2025-07-30,256.3149,258.0862,249.8489,257.5151,22371800
2025-07-31,253.0238,253.0238,239.8112,241.5632,29606900
2025-08-01,242.5796,243.4314,227.0826,230.151,39989200
2025-08-04,230.6059,234.4874,229.3573,233.2581,17427900
2025-08-05,233.4324,243.9928,232.3579,242.9571,23795900
2025-08-06,242.6086,245.0479,237.4494,237.9043,12946400
2025-08-07,238.5238,240.7792,231.8256,236.8299,11369900
2025-08-08,236.9461,243.0345,236.5395,242.8506,10185700
2025-08-11,245.7351,250.1199,244.0605,244.2832,11779500
2025-08-12,245.8803,254.4564,245.5415,253.1884,12171800
2025-08-13,255.918,263.4681,254.4661,263.1003,19480300
2025-08-14,263.381,265.0749,258.4444,262.7905,25011100
2025-08-15,292.0421,300.3569,285.2664,294.2684,68198500
2025-08-18,303.1446,306.2614,297.5692,298.6049,39600500
2025-08-19,299.0017,300.5505,289.6222,294.4911,22348600
2025-08-20,296.5818,297.3562,286.2247,290.2321,16679000
2025-08-21,292.6036,296.7464,288.2574,293.6296,13359000
2025-08-22,296.2915,300.7247,294.8202,297.5692,14930000
2025-08-25,298.6049,298.9727,293.0295,295.0912,8917100
2025-08-26,294.5588,299.0598,284.7728,290.8031,16303200
2025-08-27,290.9096,296.1656,290.8709,294.1426,9982800
2025-08-28,294.5007,294.7137,289.8061,292.6035,11235000
2025-08-29,292.6132,300.0665,291.2678,299.9406,12065400
2025-09-02,298.4306,302.8639,297.453,298.9049,10957100
2025-09-03,298.237,299.6696,293.9684,298.0144,9654600
2025-09-04,296.2915,301.9153,294.3556,300.4343,7725700
2025-09-05,300.4924,307.7521,298.3242,305.2838,14126700
2025-09-08,309.4653,311.3432,303.7447,309.988,18438600
2025-09-09,321.8455,340.44,316.6766,336.7714,46408900
2025-09-10,334.487,337.4006,330.4603,335.6679,17804300
2025-09-11,337.8168,349.4129,334.7581,342.2791,18943500
2025-09-12,344.4957,350.7003,341.1659,341.2144,14016200
2025-09-15,342.1494,342.5878,333.6459,338.8669,11035900
2025-09-16,338.4869,339.987,329.545,330.9672,12695800
2025-09-17,328.9314,334.1037,328.9314,332.7497,8467700
2025-09-18,334.6199,335.9836,325.454,326.1358,11255600
2025-09-19,327.7722,332.1165,325.1812,327.9573,13656800
2025-09-22,325.7851,333.5971,323.9734,332.4477,8903700
2025-09-23,332.1555,343.5521,331.1425,338.672,12504100
2025-09-24,341.1169,345.3054,338.8181,342.6852,9016300
2025-09-25,339.8506,341.1072,334.6881,336.5973,8104900
2025-09-26,338.9058,340.8929,332.4477,335.1556,6774700
2025-09-29,335.0583,336.5875,332.5939,336.2271,6878900
2025-09-30,334.8342,340.2597,333.451,336.344,7429700
2025-10-01,334.9803,339.6559,332.7692,339.2662,8825500
2025-10-02,338.2824,345.8703,335.7109,344.5456,8564200
2025-10-03,347.9841,358.4553,347.3607,350.8576,13494800
2025-10-06,351.6661,353.1174,347.8477,349.4647,7181700
2025-10-07,350.0881,355.2603,348.7731,354.2278,7236200
2025-10-08,357.413,364.9133,356.3123,360.3254,9438300
2025-10-09,362.858,366.462,356.585,358.1533,8759800
2025-10-10,359.8189,359.8189,343.367,345.3054,13141900
2025-10-13,345.5391,349.8445,344.156,349.3575,5659400
2025-10-14,345.7437,352.9323,344.2339,350.5945,5974800
2025-10-15,350.0686,354.7733,346.6204,351.7829,6579600
2025-10-16,352.455,352.6109,345.208,347.4191,5872100
2025-10-17,341.8962,349.0945,341.7306,347.3509,8608400
2025-10-20,349.2406,356.0883,348.2374,355.0266,5996500
2025-10-21,355.6694,361.4261,352.1238,355.8935,6885300
2025-10-22,354.52,354.559,348.7146,352.114,7833000
2025-10-23,346.3574,352.8836,344.4677,351.1011,5756700
2025-10-24,351.9972,355.9422,350.692,353.0979,5462100
2025-10-27,354.072,356.7214,352.0264,356.4876,7766400
2025-10-28,370.8063,371.1181,349.3283,358.2994,18858700
2025-10-29,354.8317,356.6532,344.7015,346.0457,11874900
2025-10-30,338.5064,345.3443,334.6881,335.8083,11441900
2025-10-31,335.4576,337.2986,328.3761,332.701,8390800
2025-11-03,330.334,331.8633,318.129,325.1325,11181400
2025-11-04,319.1323,327.7722,318.7135,322.2493,9646600
2025-11-05,317.8368,321.6454,315.8107,319.2394,9697100
2025-11-06,320.3889,323.7494,313.1126,313.2198,7922100
2025-11-07,311.369,316.1322,306.0117,315.801,9402900
2025-11-10,311.6905,315.84,308.9436,313.2392,9283800
2025-11-11,314.9146,319.3563,311.5833,318.957,7157800
2025-11-12,319.931,334.2693,318.5966,330.2658,10403300
2025-11-13,329.5743,330.2367,322.6974,323.8955,7788700
2025-11-14,318.4699,319.6972,312.1775,313.5119,8676500
2025-11-17,312.2847,319.3758,311.145,312.2067,6485400
2025-11-18,308.7877,309.265,300.7614,305.4467,9182100
2025-11-19,305.7876,306.8299,296.6315,301.0732,8181100
2025-11-20,302.7486,306.5864,301.9596,303.4597,7337600
2025-11-21,303.82,315.4406,303.3622,311.671,8406300
2025-11-24,316.1127,317.3985,309.3819,310.7748,10773800
2025-11-25,312.7912,319.4927,312.5769,317.8173,6149100
2025-11-26,318.1193,326.4962,317.4375,321.1584,5504200
2025-11-28,323.0675,323.4474,320.3596,321.2168,2464500
2025-12-01,318.6745,321.4993,314.6516,314.827,6154600
2025-12-02,314.9828,320.1746,314.4276,316.1225,7978100
2025-12-03,317.5446,332.5549,316.5803,330.899,9770000
2025-12-04,330.597,332.4088,320.194,324.8403,8061600
2025-12-05,326.3112,327.0027,319.9895,322.3272,5906000
2025-12-08,322.3273,322.7195,316.571,317.3457,4782800
2025-12-09,316.8946,320.0326,316.2278,317.3261,4628400
2025-12-10,316.4926,322.3567,313.4037,322.0037,5910500
2025-12-11,323.9649,332.6727,322.3861,330.2016,7513200
2025-12-12,330.9567,338.2917,330.8292,335.2125,7979000
2025-12-15,334.379,338.272,330.4663,334.4868,6447200
2025-12-16,333.8201,334.379,324.6121,327.7206,6334000
2025-12-17,327.1421,329.015,324.0728,325.2005,4685600
2025-12-18,322.5528,323.7786,318.2773,321.7781,6354900
2025-12-19,321.6997,328.1129,319.7482,321.0721,10553000
2025-12-22,316.6397,323.4059,315.4139,318.8559,7872400
2025-12-23,317.7184,321.4447,317.483,318.5028,4463300
2025-12-24,318.8951,322.6116,317.8458,321.2289,2842700
2025-12-26,320.8563,325.4554,319.9346,325.3965,4359300
2025-12-29,324.4748,327.7696,321.9154,322.5626,4346800
2025-12-30,323.3373,329.6328,323.1216,325.7202,4432500
2025-12-31,325.8771,326.8675,323.4844,323.7099,4285200
2026-01-02,324.4846,333.6631,321.1505,329.878,6863600
2026-01-05,328.9464,340.2136,327.3774,335.389,7956600
2026-01-06,341.5963,345.7737,338.4289,342.2043,9441900
2026-01-07,342.2141,343.3221,331.4862,335.0752,7461400
2026-01-08,334.3986,341.155,334.1926,340.1254,5059300
2026-01-09,340.5176,342.2925,335.8401,337.311,4129100
2026-01-12,334.8007,336.0068,327.4657,333.9083,7146400
2026-01-13,334.8791,335.2125,326.3968,327.4558,5605900
2026-01-14,328.8679,333.516,327.6226,328.4659,5740900
2026-01-15,328.7013,332.8689,321.6997,332.3883,6943500
2026-01-16,328.3678,329.6819,324.0237,324.6023,8039100
2026-01-20,321.0524,333.3003,320.1699,331.8686,7596500
2026-01-21,332.8492,341.3315,332.1236,341.0079,8933300
2026-01-22,340.449,348.0684,340.0469,347.5977,7491400
2026-01-23,347.4113,350.9317,346.1463,349.3529,9082200
2026-01-26,347.0877,347.9114,340.5372,344.8225,10399500
2026-01-27,288.2706,293.6934,274.9637,277.2191,65836900
2026-01-28,278.2193,289.2218,278.2193,288.3196,23396900
2026-01-29,288.6236,289.869,283.6127,286.6231,13456400
2026-01-30,286.4368,287.2704,279.1803,281.3671,12022200
2026-02-02,280.4747,284.7698,276.8072,280.0531,8664200
2026-02-03,279.1803,282.5046,273.1986,278.6704,10809100
2026-02-04,276.5425,278.9842,268.7368,270.5705,12944100
2026-02-05,268.9721,271.5217,261.1273,263.3434,13035300
2026-02-06,261.8823,272.4239,261.2449,271.2864,9572800
2026-02-09,268.8349,274.748,268.021,270.3548,10371600
2026-02-10,272.1395,274.0713,267.364,267.9229,7284700
2026-02-11,267.158,274.2674,264.5692,273.5026,6333100
2026-02-12,272.7671,280.7591,270.4627,278.8567,12336900
2026-02-13,280.0923,287.7704,278.994,287.5057,10281900
2026-02-17,288.3,288.5256,282.7497,283.4852,6091700
2026-02-18,284.3776,284.5051,280.7395,282.6125,6632000
2026-02-19,285.2503,285.2503,281.3279,284.3089,4931800
2026-02-20,283.2989,285.162,280.0138,284.3776,6974100
2026-02-23,282.9557,286.1132,276.2091,276.8661,7247500
2026-02-24,276.7288,276.9249,266.5304,268.6387,9684500
2026-02-25,271.914,279.2195,271.5021,278.69,11380600
2026-02-26,281.4161,289.5356,279.7,281.1023,10210000
2026-02-27,279.1803,288.4275,278.3468,287.5841,9723300
2026-03-02,282.5732,289.5846,281.926,289.212,8141400
2026-03-03,283.3871,288.045,278.8469,283.6029,7051100
2026-03-04,283.4067,288.6334,282.1025,286.2995,7796000
2026-03-05,284.4266,285.7406,281.1807,283.1714,5397900
2026-03-06,281.7691,285.6818,277.5623,280.9258,6816900
2026-03-09,278.6825,281.8449,275.3818,281.8152,10348800
2026-03-10,283.9992,284.1968,275.619,279.0185,6075600
2026-03-11,279.0581,282.8529,277.299,281.8943,6878800
2026-03-12,281.4298,284.1771,273.0397,273.7907,10512300
2026-03-13,274.7889,279.5522,274.5418,278.7715,4737600
2026-03-16,280.6392,284.019,277.7338,282.1314,4854000
2026-03-17,284.4143,285.5903,281.4891,284.187,5752000
2026-03-18,281.8449,285.0072,279.7399,280.9851,4544100
2026-03-19,280.659,284.1672,276.7752,277.1409,5542100
2026-03-20,275.7079,279.7696,271.7649,272.3479,38893000
2026-03-23,275.8561,277.4472,265.9244,266.3691,10424200
2026-03-24,265.707,270.1639,264.442,269.0768,5911700
2026-03-25,271.7648,272.8321,263.9677,267.3672,8121200
2026-03-26,266.8138,271.4091,264.0368,264.8966,6218800
2026-03-27,264.3531,264.5211,252.9587,255.9728,10735300
2026-03-30,257.1192,259.2439,253.6505,258.7103,7774700
2026-03-31,259.906,268.6816,259.5206,267.4067,9170800
2026-04-01,270.9841,272.0613,267.5747,270.7569,5473400
2026-04-02,269.0868,275.7573,268.3357,273.9983,6407000
2026-04-06,274.611,279.9672,273.9884,278.05,7097000
2026-04-07,305.2167,308.7545,297.2119,304.1098,22099800
2026-04-08,308.3296,309.2882,301.2439,302.3804,9645000
2026-04-09,302.2223,304.268,300.5621,303.2995,5742000
2026-04-10,304.3272,306.7187,300.6213,300.7498,5212900
2026-04-13,299.6825,309.6341,299.3564,309.3178,7972200
2026-04-14,308.8336,315.8599,308.8336,310.4938,5864500
2026-04-15,312.2825,314.0218,307.4896,310.3554,5041200
2026-04-16,311.2943,314.8618,309.4265,312.6778,5205600
2026-04-17,316.2849,321.4435,313.4091,320.811,9414700
2026-04-20,320.3762,321.572,316.3541,319.6746,9050600
2026-04-21,348.8571,353.4722,341.1687,341.9395,26097300
2026-04-22,346.7522,354.3419,344.9932,349.3611,11807300
2026-04-23,350.5075,352.652,346.3767,350.3889,7255800
2026-04-24,352.2962,354.0651,347.2562,350.7447,8554600
2026-04-27,349.7465,352.2962,344.8449,350.5174,7256100
2026-04-28,352.6421,365.2816,351.5353,362.4553,10604100
2026-04-29,361.6943,366.4774,360.716,366.3785,9046600
2026-04-30,364.1748,367.6138,358.7296,366.1216,6879900
2026-05-01,367.5842,368.5131,362.7023,364.4416,4945400
2026-05-04,364.2143,366.4675,360.3602,366.3884,4916900
2026-05-05,366.1216,367.4261,357.5536,359.5894,6489000
2026-05-06,358.8284,364.2143,354.0355,362.9593,6695500
2026-05-07,362.3268,365.4595,360.4294,365.3903,5235400
2026-05-08,367.6139,375.5099,367.6139,375.5099,6455100
2026-05-11,375.9743,380.283,371.6459,379.9174,6949600
2026-05-12,378.3461,392.7447,377.516,391.7268,9236300
2026-05-13,391.8355,399.3955,388.3767,396.4407,8454100
2026-05-14,396.2826,397.172,391.3414,394.395,5342500
2026-05-15,389.6614,392.9522,385.6591,389.2167,9811200
2026-05-18,385.412,387.5268,378.9884,386.5287,8400700
2026-05-19,385.412,390.3432,382.9513,384.6609,5016800
2026-05-20,384.9673,388.7522,376.2214,378.7908,7783900
2026-05-21,376.6364,381.5677,376.0633,377.9804,4732500
2026-05-22,377.4271,385.9456,376.5278,383.9,5598600
2026-05-26,381.459,381.9729,371.9819,372.4265,6498100
2026-05-27,373.9781,380.0063,372.6539,379.4925,4544000
2026-05-28,380.4313,384.6807,376.4783,378.0298,4330800
2026-05-29,379.2651,380.5894,371.0332,375.836,10257900
2026-06-01,371.6854,378.8402,371.4976,375.3913,6623700
2026-06-02,373.5334,375.6087,370.3117,373.4741,3874400
2026-06-03,375.5296,382.9018,372.3771,372.5649,6808400
2026-06-04,385.412,396.6581,385.2341,391.8059,12666100
2026-06-05,394.8398,399.2868,392.5273,394.7706,10897300
2026-06-08,392.4581,403.9019,390.3433,401.787,6963200
2026-06-09,405.1668,408.1414,402.6468,408.1414,8590400
2026-06-10,408.6355,411.0864,399.7908,402.6666,6512900
2026-06-11,403.9019,405.1569,398.3677,400.779,4938100
2026-06-12,404.1984,405.068,400.0478,403.7141,7269600
2026-06-15,404.211,411.6254,397.2042,408.5245,6777900
2026-06-16,408.1667,409.2301,404.052,405.1552,4815100
2026-06-17,406.6162,408.6437,396.1507,397.0849,5838800
2026-06-18,400.3051,403.7141,396.7072,398.5062,11896900
2026-06-22,399.679,406.9541,399.679,404.1912,5818600
2026-06-23,407.0138,407.3914,400.3746,406.7454,6675900
2026-06-24,408.0275,410.8998,397.552,403.3165,6858800
2026-06-25,404.1613,415.0244,404.1613,412.987,6014400
2026-06-26,413.6131,425.3111,413.6131,425.2714,10588200
2026-06-29,423.9197,424.0887,413.2653,417.2508,5167400
2026-06-30,420.133,420.1529,410.721,413.0864,5779800
2026-07-01,414.5573,425.4005,411.198,423.9296,4985900
2026-07-02,425.5099,427.5672,417.9664,422.7568,3928800
2026-07-06,420.8983,421.8425,412.5099,415.4319,6379000
2026-07-07,421.3555,425.977,419.5466,425.5695,5800500
2026-07-08,424.5359,428.1337,421.2362,422.9954,3859200
2026-07-09,424.4961,431.6421,420.9281,429.0381,5566000
2026-07-10,429.0282,430.2109,421.0573,422.0214,3798600
2026-07-13,423.8601,428.909,422.9258,426.464,3863800
2026-07-14,428.3623,429.5053,419.2087,422.5879,5135900
2026-07-15,416.9227,421.5145,411.8341,415.9587,6764800
2026-07-16,446.6398,458.7949,417.7974,420.789,13281900
2026-07-17,424.1085,434.7927,422.4984,423.4824,10718100
2026-07-20,424.6353,428.3822,414.8257,418.9702,4818800
2026-07-21,419.8945,434.3256,417.9266,433.6796,6833600
2026-07-22,432.2881,433.6498,427.0703,428.6704,4234100
2026-07-23,425.649,427.8554,417.8272,420.9679,4868700
2026-07-24,422.6376,426.3746,416.3563,418.1651,3752500
2026-07-27,419.9243,420.292,410.0153,415.0841,4615700
2026-07-28,417.3601,427.8256,412.5696,426.1659,5917300
2026-07-29,425.6391,429.0381,417.7775,417.9962,5257900
2026-07-30,412.6491,424.7247,408.773,418.8907,3647500
2026-07-31,419.4174,420.2224,411.526,411.8639,3920900
2026-08-03,414.8754,416.7737,410.7905,412.818,3209600
2026-08-04,413.0168,413.4541,404.1812,405.0558,5266300
2026-08-05,400.7225,413.8119,395.3655,410.224,5399000
2026-08-06,412.7286,414.4182,399.9373,401.4977,4712400
2026-08-07,399.1323,408.1269,398.208,404.5887,4095900
2026-08-10,406.0994,410.542,405.4931,406.2385,3182200
2026-08-11,406.497,408.3853,398.864,399.7286,3398900
2026-08-12,398.526,404.708,398.049,403.1078,3317200
2026-08-13,403.1078,404.8273,396.1507,396.6178,4170200
2026-08-14,395.5643,400.7126,394.1331,399.2715,3476400
2026-08-17,396.1308,396.4588,389.0345,393.1989,5295100
2026-08-18,394.9977,396.3494,391.1018,391.5192,3605100
2026-08-19,392.1553,394.3716,383.9657,386.2317,5268500
2026-08-20,385.8739,390.3066,381.481,382.4948,4497200
2026-08-21,383.6377,391.2508,383.6377,387.7225,4879600
2026-08-24,388.6469,397.1346,388.468,396.3196,4683900
2026-08-25,395.3655,396.588,393.1988,394.1629,2655000
2026-08-26,393.9045,403.7638,393.5865,398.5559,3557000
2026-08-27,394.4412,397.4328,391.3602,392.6323,3668200
2026-08-28,393.994,394.312,390.257,390.5452,2455500
2026-08-31,391.1117,392.0758,385.3372,387.0269,5748000
2026-09-01,389.6805,397.1545,389.3823,393.8747,3716200
2026-09-02,396.8265,398.6851,394.0834,397.2141,3265300
2026-09-03,397.5719,402.6805,392.8808,398.4863,5488900
2026-09-04,394.6201,399.7684,392.7814,394.7096,5565400
2026-09-08,389.9986,401.4183,388.0506,398.3869,7049400
2026-09-09,402.6904,404.0421,375.7662,390.6545,7735200
2026-09-10,393.5765,396.8265,385.2279,385.9037,4339900
2026-09-11,388.0307,389.3326,373.5995,376.77,7478400
2026-09-14,381.44,386.46,379.28,383.55,4474000
2026-09-15,383.55,383.8,375.5,375.93,4391400
2026-09-16,375.9,380.22,373.63,375.26,4414900
2026-09-17,376.45,380.5,374.2,375.21,4833700
2026-09-18,375.29,378.49,372.42,376.9,8606300
2026-09-21,377.87,378.95,373.82,377.56,5712300
2026-09-22,381.39,381.39,372.41,372.95,4495000
2026-09-23,370.89,372.61,366.0,371.29,3859300
2026-09-24,371.92,375.28,368.5,375.01,4651000
2026-09-25,375.95,379.17,371.17,376.59,4077400
2026-09-28,376.36,380.98,374.56,377.83,4677100
2026-09-29,374.88,376.59,371.33,374.94,3284700
2026-09-30,374.93,374.93,365.72,367.08,4788300
2026-10-01,367.99,371.86,362.6,365.2,3940700
2026-10-02,365.14,372.68,364.47,371.9,3306900
2026-10-05,372.33,379.14,368.05,378.58,5823300
2026-10-06,379.03,380.41,374.44,375.36,1481700
