date,open,high,low,close,volume
2016-08-12,13.1952,13.2327,13.1377,13.2212,16530000
2016-08-15,13.2902,13.4773,13.2235,13.4566,25807000
2016-08-16,13.4006,13.4144,13.1929,13.2159,19069000
2016-08-17,13.2044,13.2833,13.1668,13.2642,16613000
2016-08-18,13.2481,13.3523,13.2343,13.3331,21120000
2016-08-19,13.3523,13.4198,13.2948,13.4098,15349000
2016-08-22,13.4152,13.5156,13.3431,13.4865,15393000
2016-08-23,13.547,13.6045,13.501,13.5945,19741000
2016-08-24,13.6122,13.6214,13.3669,13.4382,21802000
2016-08-25,13.455,13.5792,13.3914,13.4949,18735000
2016-08-26,13.5555,13.695,13.4251,13.5807,22586000
2016-08-29,13.5915,13.6973,13.5608,13.5991,16726000
2016-08-30,13.6574,13.754,13.4872,13.5685,27838000
2016-08-31,13.5761,13.6697,13.442,13.524,32753000
2016-09-01,13.5593,13.6198,13.4014,13.5754,39128000
2016-09-02,13.5685,13.5945,12.9399,13.2703,80668000
2016-09-06,13.3094,13.3385,13.0043,13.1162,36132000
2016-09-07,13.1407,13.1852,12.8563,12.9476,31437000
2016-09-08,12.9085,12.9422,12.7682,12.9077,18680000
2016-09-09,12.7505,12.8057,12.3167,12.3251,45022000
2016-09-12,12.1986,12.6294,12.1695,12.6087,35673000
2016-09-13,12.6087,12.8295,12.5949,12.667,36003000
2016-09-14,12.6662,13.0265,12.6524,13.002,40324000
2016-09-15,13.0197,13.3018,12.9328,13.2803,36322000
2016-09-16,13.2573,13.3011,13.0596,13.1665,83067000
2016-09-19,13.1904,13.3464,13.025,13.1273,28306000
2016-09-20,13.2411,13.2411,12.9305,12.9351,18722000
2016-09-21,12.9474,13.0727,12.8874,13.0581,17977000
2016-09-22,13.1458,13.1673,12.9228,12.982,20619000
2016-09-23,12.9712,12.9966,12.7259,12.8136,26875000
2016-09-26,12.6944,12.8582,12.5145,12.8167,32033000
2016-09-27,12.8321,13.1388,12.7652,13.1373,25353000
2016-09-28,13.208,13.2796,13.0543,13.125,20843000
2016-09-29,13.0712,13.378,13.032,13.2603,38570000
2016-09-30,13.3018,13.4287,13.2588,13.2649,34220000
2016-10-03,13.3026,13.3703,13.0497,13.0766,22807000
2016-10-04,13.1181,13.1404,12.9236,12.9981,19596000
2016-10-05,13.1865,13.3872,13.1235,13.3388,26149000
2016-10-06,13.3249,13.4287,13.1681,13.3933,21014000
2016-10-07,13.4464,13.4518,13.2549,13.3949,21842000
2016-10-10,13.4349,13.5248,13.3603,13.4379,16336000
2016-10-11,13.4779,13.4941,13.035,13.1611,26181000
2016-10-12,13.1288,13.1527,12.9482,13.1073,21740000
2016-10-13,12.9766,13.0635,12.8251,12.9897,22373000
2016-10-14,13.0696,13.2742,13.0204,13.0781,19570000
2016-10-17,13.0481,13.1442,12.9735,12.9851,12741000
2016-10-18,13.1212,13.2919,13.1127,13.238,14167000
2016-10-19,13.1611,13.2465,13.0796,13.215,20440000
2016-10-20,13.1988,13.4233,13.1496,13.3334,18961000
2016-10-21,13.2473,13.3326,13.125,13.2957,15842000
2016-10-24,13.391,13.6094,13.3449,13.5748,19772000
2016-10-25,13.5348,13.571,13.3411,13.3518,21622000
2016-10-26,13.2365,13.4387,13.1558,13.3018,21075000
2016-10-27,13.4026,13.4748,13.208,13.2434,19840000
2016-10-28,13.2626,13.2919,12.9974,13.0212,20651000
2016-10-31,13.0712,13.1988,12.9705,13.0927,20317000
2016-11-01,13.1265,13.1904,12.7506,12.9789,28452000
2016-11-02,13.2949,13.3903,13.0566,13.268,43501000
2016-11-03,13.2596,13.4818,13.2365,13.3011,20654000
2016-11-04,13.1019,13.4195,13.0889,13.238,21753000
2016-11-07,13.4087,13.6771,13.3872,13.6063,26126000
2016-11-08,13.6148,13.6878,13.4641,13.6094,18923000
2016-11-09,13.1842,13.571,13.1604,13.3341,32506000
2016-11-10,13.3572,13.4172,12.556,12.9128,51217000
2016-11-11,12.8674,13.0712,12.7429,12.882,29793000
2016-11-14,12.7998,12.8997,12.5345,12.5929,28187000
2016-11-15,12.6737,12.879,12.5799,12.7982,25380000
2016-11-16,12.7867,12.9305,12.7444,12.9043,13333000
2016-11-17,12.8674,12.9958,12.7652,12.8436,18100000
2016-11-18,12.8213,13.0066,12.8213,12.9297,19524000
2016-11-21,13.0043,13.2834,13.0043,13.2696,21384000
2016-11-22,13.3572,13.6417,13.3257,13.6109,31024000
2016-11-23,13.5602,13.6678,13.4741,13.6156,22123000
2016-11-25,13.5925,13.6109,13.4995,13.5902,8198000
2016-11-28,13.5371,13.6148,13.4203,13.4287,26570000
2016-11-29,13.368,13.6079,13.3349,13.4902,18514000
2016-11-30,13.4649,13.5248,13.105,13.1089,31249000
2016-12-01,13.072,13.1089,12.3953,12.5168,46389000
2016-12-02,12.5768,12.6806,12.35,12.6268,26945000
2016-12-05,12.7644,12.8105,12.4868,12.7736,21372000
2016-12-06,12.8259,12.9151,12.5676,12.6683,39184000
2016-12-07,12.6683,12.9597,12.5845,12.9597,32659000
2016-12-08,13.0366,13.1773,12.8797,13.1258,38361000
2016-12-09,13.9131,13.9862,13.6017,13.7701,75744000
2016-12-12,13.6901,13.8993,13.5756,13.6986,37194000
2016-12-13,13.7432,13.9892,13.6863,13.797,69076000
2016-12-14,13.8225,13.8589,13.6277,13.7352,46795000
2016-12-15,13.7885,14.012,13.654,13.92,38103000
2016-12-16,13.9772,14.0035,13.7243,13.797,41541000
2016-12-19,13.8473,14.0282,13.7738,13.9548,22219000
2016-12-20,13.9965,14.1728,13.93,14.0793,27352000
2016-12-21,14.2076,14.2277,14.0568,14.0963,21013000
2016-12-22,14.1396,14.1512,13.8713,13.9656,17557000
2016-12-23,13.9231,14.0723,13.8929,14.0692,8977000
2016-12-27,14.0824,14.2053,14.0777,14.0978,8283000
2016-12-28,14.1233,14.1512,13.9068,13.9339,14039000
2016-12-29,13.896,13.971,13.8133,13.9091,13671000
2016-12-30,13.9478,13.9888,13.6114,13.6694,25421000
2017-01-03,13.787,13.9888,13.6516,13.7908,32098000
2017-01-04,13.7846,13.8419,13.6625,13.6926,23965000
2017-01-05,13.6354,13.6872,13.4459,13.4769,24861000
2017-01-06,13.4715,13.6795,13.4019,13.6555,23142000
2017-01-09,13.6601,13.7877,13.6594,13.6849,20265000
2017-01-10,13.7251,13.9764,13.6795,13.9633,30181000
2017-01-11,13.9231,13.9555,13.746,13.8743,18787000
2017-01-12,13.7715,13.8496,13.5635,13.831,23137000
2017-01-13,13.8341,13.9795,13.7947,13.954,20902000
2017-01-17,13.879,13.8906,13.7305,13.8504,26316000
2017-01-18,13.947,14.3112,13.9192,14.3074,35642000
2017-01-19,14.3136,14.4512,14.2811,14.3491,45718000
2017-01-20,14.5842,14.8116,14.5456,14.776,57623000
2017-01-23,14.7706,14.8108,14.5703,14.7698,33394000
2017-01-24,14.9028,15.4379,14.8688,15.2918,62008000
2017-01-25,15.4596,15.6661,15.3134,15.6576,60888000
2017-01-26,15.8091,15.8733,15.5532,15.7882,38820000
2017-01-27,15.8818,15.9135,15.7395,15.9073,25780000
2017-01-30,15.8099,15.8424,15.5129,15.7148,33234000
2017-01-31,15.6568,15.6568,15.3776,15.4271,26749000
2017-02-01,15.6398,15.8122,15.482,15.7511,31184000
2017-02-02,15.6181,15.8547,15.5431,15.779,22712000
2017-02-03,15.8486,15.9761,15.7001,15.9421,24367000
2017-02-06,15.9413,15.9808,15.7983,15.9731,18716000
2017-02-07,16.0233,16.038,15.847,15.9228,22840000
2017-02-08,15.9274,16.1424,15.8648,15.9986,21069000
2017-02-09,16.0326,16.0604,15.7465,15.8787,27519000
2017-02-10,15.9297,15.9684,15.7635,15.8926,23842000
2017-02-13,15.9901,16.0156,15.8656,15.9846,12463000
2017-02-14,16.0063,16.0071,15.8369,15.8779,17357000
2017-02-15,15.9158,16.0024,15.837,15.929,17088000
2017-02-16,15.9653,16.1014,15.8663,16.0983,17188000
2017-02-17,16.1617,16.2708,15.9932,16.2708,30945000
2017-02-21,16.3164,16.519,16.3094,16.4517,30333000
2017-02-22,16.471,16.6203,16.355,16.5607,23949000
2017-02-23,16.6319,16.6999,16.2112,16.2839,29364000
2017-02-24,16.1138,16.2893,15.6676,16.2677,27651000
2017-02-27,16.2909,16.5058,16.2538,16.4927,26991000
2017-02-28,16.5592,16.5747,16.2623,16.311,27548000
2017-03-01,16.4765,16.6559,16.2824,16.6365,51155000
2017-03-02,17.3302,17.3974,16.7046,16.8028,71171000
2017-03-03,16.8577,17.0124,16.8345,16.8824,30747000
2017-03-06,16.7316,16.8987,16.6389,16.8531,22771000
2017-03-07,16.8067,17.1183,16.7873,16.9543,29129000
2017-03-08,16.952,17.1082,16.9002,16.9837,24532000
2017-03-09,16.918,17.2335,16.867,17.1678,25675000
2017-03-10,17.2235,17.508,17.2235,17.5034,39430000
2017-03-13,17.4655,17.6116,17.4268,17.5111,26669000
2017-03-14,17.3804,17.498,17.2838,17.3487,22165000
2017-03-15,17.3472,17.5266,17.2629,17.4709,20727000
2017-03-16,17.5152,17.5416,17.2115,17.2728,27835000
2017-03-17,17.3629,17.3777,17.1555,17.1812,51635000
2017-03-20,17.1812,17.2946,17.1501,17.1858,17215000
2017-03-21,17.2635,17.321,16.7415,16.7803,30557000
2017-03-22,16.7803,16.9629,16.7314,16.8891,19131000
2017-03-23,16.8767,16.9699,16.8122,16.8456,19223000
2017-03-24,16.9349,17.1983,16.914,17.0095,23794000
2017-03-27,16.8433,17.1035,16.7765,17.0157,15358000
2017-03-28,16.9738,17.2278,16.9613,17.1633,17929000
2017-03-29,17.1516,17.1944,17.0646,17.1913,15927000
2017-03-30,17.2371,17.4352,17.0009,17.0926,34168000
2017-03-31,17.0887,17.1664,16.9365,17.0087,25897000
2017-04-03,17.0118,17.0887,16.8301,16.9963,19210000
2017-04-04,16.9474,17.1214,16.9248,17.0087,12634000
2017-04-05,17.0538,17.1283,16.8409,16.8666,15690000
2017-04-06,16.8332,16.9707,16.7469,16.8953,14615000
2017-04-07,16.8953,17.0771,16.8596,16.9536,16412000
2017-04-10,16.8619,17.0157,16.799,16.9357,17994000
2017-04-11,16.8223,16.9652,16.6258,16.8992,22219000
2017-04-12,16.7531,16.7897,16.1915,16.2506,61026000
2017-04-13,16.2513,16.6211,16.235,16.4152,42579000
2017-04-17,16.4976,16.6514,16.4828,16.6133,14507000
2017-04-18,16.5504,16.6009,16.4727,16.5535,8486000
2017-04-19,16.6063,16.6879,16.5659,16.5947,12081000
2017-04-20,16.7011,17.0211,16.6405,16.9505,16916000
2017-04-21,16.8891,16.9598,16.7912,16.9077,14683000
2017-04-24,17.1431,17.2371,17.0646,17.1858,17531000
2017-04-25,17.2464,17.4002,17.241,17.3381,14848000
2017-04-26,17.3606,17.3948,17.1571,17.22,14726000
2017-04-27,17.314,17.4072,17.2495,17.3295,11850000
2017-04-28,17.3093,17.3334,17.0716,17.1524,16490000
2017-05-01,17.2519,17.2651,17.0825,17.192,15339000
2017-05-02,17.3583,17.5167,17.206,17.5129,27277000
2017-05-03,17.4398,17.5703,17.3653,17.4701,18002000
2017-05-04,17.4981,17.5447,17.234,17.3536,16245000
2017-05-05,17.4748,17.5936,17.4041,17.5905,23128000
2017-05-08,17.596,17.641,17.3893,17.4841,17448000
2017-05-09,17.5261,17.8197,17.4554,17.7467,19261000
2017-05-10,17.8267,18.132,17.7645,17.9696,24433000
2017-05-11,17.9191,18.01,17.7296,17.951,14823000
2017-05-12,17.9813,18.3363,17.9315,18.3293,25852000
2017-05-15,18.3021,18.6353,18.2547,18.5677,29172000
2017-05-16,18.6384,18.7433,18.5413,18.6959,18128000
2017-05-17,18.4877,18.5631,17.951,17.958,31447000
2017-05-18,17.989,18.5359,17.6861,18.4613,30699000
2017-05-19,18.3875,18.4093,18.0255,18.1848,35812000
2017-05-22,18.2959,18.5639,18.1941,18.5173,20419000
2017-05-23,18.5149,18.56,18.3199,18.3743,13696000
2017-05-24,18.5235,18.6439,18.4077,18.612,16392000
2017-05-25,18.7293,18.7643,18.5444,18.7099,19010000
2017-05-26,18.713,18.7674,18.5126,18.7371,13120000
2017-05-30,18.6819,18.7511,18.5654,18.6291,29364000
2017-05-31,18.8388,18.8676,18.4536,18.6027,44830000
2017-06-01,18.7674,18.7884,18.1623,18.2228,63774000
2017-06-02,19.3065,19.872,18.9655,19.7718,108613000
2017-06-05,19.7306,19.9466,19.4354,19.5916,39532000
2017-06-06,19.4797,19.8347,19.4681,19.7197,29653000
2017-06-07,19.7058,19.8743,19.6506,19.7524,29290000
2017-06-08,19.8083,19.8937,19.6001,19.8044,28273000
2017-06-09,19.8479,19.886,18.7557,18.9025,58191000
2017-06-12,18.6742,18.8847,18.313,18.8505,54872000
2017-06-13,19.0284,19.2575,18.7728,18.8715,30853000
2017-06-14,18.9204,19.0276,18.459,18.685,34509000
2017-06-15,18.359,18.6827,18.3535,18.5657,27527000
2017-06-16,18.639,18.678,18.3426,18.4299,35819000
2017-06-19,19.0977,19.0977,18.7498,18.8122,28519000
2017-06-20,18.8785,19.0072,18.7108,18.7217,24429000
2017-06-21,19.0018,19.1835,18.8723,19.1219,34998000
2017-06-22,19.1523,19.2225,18.9628,19.0376,18666000
2017-06-23,18.9986,19.2584,18.9401,19.1328,34985000
2017-06-26,19.1898,19.3388,18.8161,18.937,32103000
2017-06-27,18.8286,18.8777,18.3504,18.3582,33582000
2017-06-28,18.4565,18.8574,18.2934,18.8044,24533000
2017-06-29,18.6211,18.6421,17.9868,18.2575,34513000
2017-06-30,18.4315,18.4643,18.1655,18.1803,26534000
2017-07-03,18.2942,18.3512,17.8706,17.9237,21123000
2017-07-05,18.0204,18.1241,17.873,18.068,29699000
2017-07-06,17.752,18.3894,17.7474,18.3356,26334000
2017-07-07,18.3558,18.7373,18.3535,18.6928,24731000
2017-07-10,18.7623,18.8738,18.6297,18.8606,22499000
2017-07-11,18.8785,18.9253,18.6749,18.7919,20502000
2017-07-12,18.9565,19.2826,18.8052,19.2233,27710000
2017-07-13,19.2779,19.4924,19.2335,19.2927,20400000
2017-07-14,19.3957,19.5338,19.3349,19.5252,14417000
2017-07-17,19.5642,19.6867,19.4137,19.4261,18746000
2017-07-18,19.2888,19.5751,19.1952,19.5712,13003000
2017-07-19,19.6586,19.8568,19.5455,19.8458,25526000
2017-07-20,19.8536,19.8926,19.6859,19.7702,12135000
2017-07-21,19.622,19.7772,19.5385,19.7452,15504000
2017-07-24,19.7592,19.7897,19.6344,19.739,13638000
2017-07-25,19.721,19.8466,19.5166,19.838,16123000
2017-07-26,19.8685,20.1415,19.863,20.0494,19971000
2017-07-27,20.1431,20.1649,19.4207,19.5767,32010000
2017-07-28,19.4183,19.59,19.3076,19.5315,31919000
2017-07-31,19.579,19.6937,19.1484,19.242,18902000
2017-08-01,19.3645,19.5026,19.2654,19.377,17582000
2017-08-02,19.8614,20.0705,19.5853,19.7647,36970000
2017-08-03,19.7218,19.7366,19.2865,19.5252,23447000
2017-08-04,19.5603,19.5783,19.3559,19.4378,13454000
2017-08-07,19.455,19.728,19.4168,19.6929,18730000
2017-08-08,19.657,19.8373,19.5354,19.6087,20439000
2017-08-09,19.4659,19.5307,19.3091,19.4378,21256000
2017-08-10,19.242,19.2686,18.7584,18.7779,29033000
2017-08-11,18.7264,19.1313,18.6211,19.0478,16976000
2017-08-14,19.2576,19.6001,19.1905,19.5736,16736000
2017-08-15,19.746,19.8193,19.6017,19.7904,20942000
2017-08-16,19.8396,19.8724,19.6438,19.7694,15394000
2017-08-17,19.7366,19.8341,19.2413,19.2647,22793000
2017-08-18,19.2943,19.618,19.2007,19.4534,20126000
2017-08-21,19.65,19.65,19.2046,19.473,20693000
2017-08-22,19.6453,19.9855,19.5806,19.9075,26917000
2017-08-23,19.8084,20.1977,19.767,20.0424,27928000
2017-08-24,20.1789,20.2328,19.5884,19.8965,52119000
2017-08-25,19.6781,19.8458,19.0174,19.1586,69099000
2017-08-28,19.2717,19.3185,18.9175,18.976,34174000
2017-08-29,18.8231,19.0798,18.7248,18.8575,33536000
2017-08-30,18.8442,19.2171,18.7911,19.1921,21924000
2017-08-31,19.2389,19.7,19.1554,19.6641,29491000
2017-09-01,19.6844,19.9192,19.682,19.7156,23242000
2017-09-05,19.512,19.7156,19.2701,19.4285,24306000
2017-09-06,19.5502,19.6048,19.3232,19.4542,13996000
2017-09-07,19.4862,19.5026,19.2007,19.2335,16088000
2017-09-08,19.1843,19.2218,18.9643,19.0431,18094000
2017-09-11,19.2748,19.3653,19.1913,19.3263,16878000
2017-09-12,19.4761,19.4823,19.1515,19.2795,18396000
2017-09-13,19.1765,19.3396,19.1242,19.2093,29664000
2017-09-14,19.0829,19.3083,18.9752,19.2647,28645000
2017-09-15,19.3177,19.5954,19.1211,19.5455,50066000
2017-09-18,19.6646,19.804,19.4734,19.5682,25743000
2017-09-19,19.674,19.7272,19.4515,19.5635,22088000
2017-09-20,19.5619,19.5729,18.6314,19.027,57010000
2017-09-21,18.9917,19.0105,18.6565,18.8288,28620000
2017-09-22,18.669,18.8578,18.6518,18.7395,23100000
2017-09-25,18.5789,18.6275,18.1356,18.4473,38692000
2017-09-26,18.633,18.7951,18.4317,18.5852,39010000
2017-09-27,18.7599,19.0082,18.6878,18.8444,26489000
2017-09-28,18.7606,19.0622,18.7599,19.0293,21932000
2017-09-29,19.0293,19.1343,18.9173,18.998,17319000
2017-10-02,19.2149,19.2149,18.7794,18.8358,19431000
2017-10-03,18.8053,18.8734,18.6337,18.7599,25611000
2017-10-04,18.7035,18.9815,18.604,18.9557,23271000
2017-10-05,19.0552,19.2486,18.9847,19.0865,22811000
2017-10-06,18.8225,19.2494,18.8225,19.2486,17489000
2017-10-09,19.269,19.3669,19.2212,19.3019,16551000
2017-10-10,19.3888,19.4382,19.0371,19.2682,15348000
2017-10-11,19.2071,19.674,19.2016,19.6136,26603000
2017-10-12,19.6152,19.6826,19.4476,19.4836,20067000
2017-10-13,19.5941,19.6481,19.3841,19.4225,15257000
2017-10-16,19.4711,19.5408,19.2392,19.3215,14899000
2017-10-17,19.2565,19.2643,18.9823,19.0042,26965000
2017-10-18,19.0599,19.1601,18.7834,19.1123,19905000
2017-10-19,18.8632,19.1413,18.6706,19.1351,25844000
2017-10-20,19.3442,19.3473,19.0935,19.1311,23548000
2017-10-23,19.2048,19.2416,19.0113,19.1335,23418000
2017-10-24,19.1961,19.4366,19.1209,19.4006,22887000
2017-10-25,19.2596,19.4985,19.1303,19.2549,20955000
2017-10-26,19.3685,19.4139,19.0935,19.0935,24446000
2017-10-27,19.157,19.8165,19.0176,19.8095,44753000
2017-10-30,19.8408,20.5379,19.8384,20.4619,50202000
2017-10-31,20.5614,20.8904,20.4674,20.6719,32845000
2017-11-01,20.6977,20.8074,20.122,20.31,27333000
2017-11-02,20.5356,20.729,19.4938,20.3264,67196000
2017-11-03,20.6813,21.7755,20.1392,21.4332,120503000
2017-11-06,21.799,22.0732,21.1512,21.7379,78088000
2017-11-07,21.3479,21.5014,20.9562,21.2523,36789000
2017-11-08,21.0964,21.4481,20.9327,21.3369,30254000
2017-11-09,21.0424,21.1802,20.5614,20.8074,30980000
2017-11-10,20.8191,20.8857,20.6476,20.7541,20338000
2017-11-13,20.5614,20.834,20.487,20.758,28064000
2017-11-14,20.6241,20.8027,20.4643,20.621,19718000
2017-11-15,20.5458,20.9139,20.2113,20.8042,29032000
2017-11-16,20.8982,21.5131,20.8442,21.3142,31000000
2017-11-17,21.2875,21.3142,21.0259,21.2946,24069000
2017-11-20,21.3541,21.6776,21.2578,21.5311,28639000
2017-11-21,21.6267,21.792,21.5335,21.6651,20903000
2017-11-22,21.6988,21.7528,21.4755,21.5695,18642000
2017-11-24,21.6713,22.1664,21.6588,22.1186,11572000
2017-11-27,21.9525,22.3771,21.9142,22.2941,26230000
2017-11-28,22.3129,22.316,21.6847,21.7285,26796000
2017-11-29,21.7755,21.7865,20.7471,21.2664,47231000
2017-11-30,21.2883,21.8029,21.1559,21.7708,31452000
2017-12-01,21.557,21.5805,20.6828,21.2711,47729000
2017-12-04,21.4552,21.5029,20.3766,20.6484,48439000
2017-12-05,20.574,20.845,20.4008,20.4948,38117000
2017-12-06,20.274,20.7118,19.9113,20.6703,48751000
2017-12-07,21.5319,21.5954,20.4964,20.6703,79282000
2017-12-08,20.8176,20.9092,20.3108,20.3585,41848000
2017-12-11,20.3139,20.6437,20.2708,20.3617,34941000
2017-12-12,20.3155,20.4345,20.0304,20.2638,28541000
2017-12-13,20.3977,20.6233,20.3797,20.5246,26943000
2017-12-14,20.5489,20.6006,20.1071,20.3139,37595000
2017-12-15,20.4948,20.8356,20.2293,20.8144,45091000
2017-12-18,20.8223,21.0139,20.7048,20.8468,29786000
2017-12-19,20.7608,20.9177,20.6007,20.7924,19094000
2017-12-20,20.9847,21.0013,20.7198,20.9453,19845000
2017-12-21,20.9698,20.9934,20.585,20.6213,17758000
2017-12-22,20.6441,20.7663,20.3981,20.6859,14617000
2017-12-26,20.2822,20.6859,19.9794,20.3508,22256000
2017-12-27,20.4092,20.6276,20.3823,20.4312,35615000
2017-12-28,20.5132,20.5637,20.3863,20.5337,13641000
2017-12-29,20.4825,20.6544,20.2357,20.2562,17980000
2018-01-02,20.4825,21.092,20.309,21.0533,33135000
2018-01-03,21.0754,21.3467,20.9761,21.2836,31161000
2018-01-04,21.4145,21.4279,21.1653,21.2907,19067000
2018-01-05,21.4444,21.625,21.2457,21.4168,28633000
2018-01-08,21.3616,21.4902,21.215,21.4681,20971000
2018-01-09,21.5304,21.5927,21.1464,21.1708,26027000
2018-01-10,20.9721,20.9847,20.5582,20.7238,31607000
2018-01-11,20.7821,20.8042,20.6228,20.7766,17726000
2018-01-12,20.7679,20.9201,20.6591,20.8389,19881000
2018-01-16,20.9091,21.0526,20.6315,20.7569,33528000
2018-01-17,20.9327,21.0155,20.5369,20.9587,37365000
2018-01-18,20.9311,21.2938,20.8539,21.2733,30319000
2018-01-19,21.2221,21.2449,20.9792,21.0045,29963000
2018-01-22,20.9461,21.0344,20.5495,20.667,27230000
2018-01-23,20.6378,20.8483,20.3516,20.7293,35398000
2018-01-24,20.5771,20.7585,20.1852,20.253,45405000
2018-01-25,20.3224,20.3303,19.4756,19.4984,59520000
2018-01-26,19.6664,19.787,19.3368,19.7744,49014000
2018-01-29,19.5765,19.6719,19.1988,19.3549,50401000
2018-01-30,19.0222,19.3203,18.6879,19.0009,46002000
2018-01-31,19.7121,19.9597,19.3068,19.5568,80482000
2018-02-01,19.0593,19.3889,18.7738,18.8282,66851000
2018-02-02,18.669,18.7628,18.4576,18.5672,58352000
2018-02-05,18.5042,19.239,17.9459,17.9853,70776000
2018-02-06,17.7898,18.9552,17.733,18.9536,77744000
2018-02-07,18.8259,19.1681,18.6871,18.7171,40475000
2018-02-08,18.7178,18.8069,18.0965,18.1013,43200000
2018-02-09,18.3551,18.6966,17.8395,18.5688,43282000
2018-02-12,18.7549,19.3557,18.7265,19.2706,35063000
2018-02-13,19.0033,19.3991,18.9284,19.3857,23719000
2018-02-14,19.3179,19.6057,19.198,19.5276,25491000
2018-02-15,19.6554,19.8572,19.2729,19.8564,25540000
2018-02-16,19.8123,19.899,19.5576,19.6246,32639000
2018-02-20,19.6136,20.1647,19.5166,19.6822,41693000
2018-02-21,19.9085,19.9857,19.5899,19.6033,28156000
2018-02-22,19.6427,19.9566,19.5757,19.6609,19342000
2018-02-23,19.8809,20.1087,19.735,20.0047,18280000
2018-02-26,19.8667,20.0622,19.791,19.9447,28878000
2018-02-27,19.8769,20.1592,19.8446,19.8548,21176000
2018-02-28,20.0338,20.0662,19.3952,19.433,28834000
2018-03-01,19.3857,19.6427,19.0269,19.1846,26044000
2018-03-02,18.9575,19.8052,18.9418,19.7807,27402000
2018-03-05,19.7042,19.8178,19.1933,19.474,25900000
2018-03-06,19.6577,19.8146,19.5008,19.7878,30030000
2018-03-07,19.6088,19.6648,19.2651,19.4795,31549000
2018-03-08,19.5749,19.5781,19.3904,19.4716,33554000
2018-03-09,19.6002,20.0496,19.5253,20.0102,30782000
2018-03-12,20.5519,20.8397,20.4706,20.7245,53881000
2018-03-13,21.0076,21.5927,20.5187,20.5968,66855000
2018-03-14,20.6583,20.6851,20.1182,20.5471,39619000
2018-03-15,20.7947,21.2024,20.7766,21.1125,57990000
2018-03-16,20.7372,20.7845,20.0598,20.0961,113955000
2018-03-19,19.9566,20.2239,19.1421,19.3139,71267000
2018-03-20,19.3258,19.5584,19.0246,19.1097,61918000
2018-03-21,19.2473,20.0482,19.2057,19.681,54912000
2018-03-22,19.3633,19.7386,19.3209,19.4865,43078000
2018-03-23,19.4713,19.6186,19.2337,19.3993,59070000
2018-03-26,19.8146,19.9074,19.2417,19.8194,48713000
2018-03-27,19.8474,20.341,19.3289,19.5506,63917000
2018-03-28,19.5273,19.7554,18.8489,18.9353,41744000
2018-03-29,19.0481,19.2681,18.7817,18.8529,46874000
2018-04-02,18.7169,18.8905,18.0361,18.2153,53088000
2018-04-03,18.4697,18.9593,18.1777,18.9433,45569000
2018-04-04,18.4049,19.0345,18.3609,18.9601,37720000
2018-04-05,19.2617,19.3353,18.8009,18.9057,35798000
2018-04-06,18.6993,18.9241,18.2217,18.3105,30248000
2018-04-09,18.3993,19.1737,18.3417,18.7801,37494000
2018-04-10,19.1657,19.3257,19.0137,19.1809,33244000
2018-04-11,19.0505,19.2585,18.9673,19.2265,19922000
2018-04-12,19.3153,19.4121,18.9689,19.1553,41036000
2018-04-13,20.001,20.161,19.593,19.7562,48312000
2018-04-16,19.9282,19.9922,19.6554,19.9506,25172000
2018-04-17,20.0722,20.229,19.9722,20.1402,25084000
2018-04-18,20.081,20.1346,19.7978,19.9682,20511000
2018-04-19,19.4841,19.7034,19.2537,19.4297,50141000
2018-04-20,19.2985,19.3289,18.8017,18.9705,41530000
2018-04-23,19.0401,19.0665,18.5705,18.6769,31337000
2018-04-24,18.8601,18.8905,18.1361,18.2721,44889000
2018-04-25,18.3209,18.4889,18.0697,18.3209,34023000
2018-04-26,18.4809,18.5513,18.2649,18.4345,32751000
2018-04-27,18.6865,18.7369,18.4569,18.6233,27211000
2018-04-30,18.6073,18.7305,18.2665,18.3545,39682000
2018-05-01,18.4689,18.4689,18.1097,18.4313,44947000
2018-05-02,18.6649,18.6761,18.1449,18.3001,52950000
2018-05-03,18.1201,18.2313,17.8153,18.0209,58011000
2018-05-04,17.8929,18.5681,17.7593,18.4425,51303000
2018-05-07,18.5049,18.9529,18.4809,18.8785,36953000
2018-05-08,18.8601,19.1177,18.7865,19.1089,40149000
2018-05-09,18.8649,19.1313,18.7249,19.0449,35031000
2018-05-10,19.1793,19.4993,19.0897,19.4817,25747000
2018-05-11,19.4473,19.5609,19.3289,19.4713,24052000
2018-05-14,19.7034,19.8746,19.5049,19.5817,27580000
2018-05-15,19.3857,19.5561,19.0809,19.3273,24984000
2018-05-16,19.3721,19.3777,19.1201,19.2417,29330000
2018-05-17,19.0505,19.3337,19.0409,19.1569,22825000
2018-05-18,19.1897,19.2505,18.8713,18.8801,25262000
2018-05-21,19.1577,19.2409,18.9345,19.1249,25720000
2018-05-22,19.2201,19.3105,19.0073,19.0801,19218000
2018-05-23,18.8993,19.2513,18.8833,19.2457,23454000
2018-05-24,19.2697,19.5497,19.2009,19.4833,22799000
2018-05-25,19.5241,20.0554,19.5241,20.0034,32214000
2018-05-29,19.8922,20.0898,19.8786,19.9762,28281000
2018-05-30,20.0954,20.1634,19.9474,19.953,26844000
2018-05-31,19.9418,20.4242,19.921,20.1666,34698000
2018-06-01,20.3506,20.617,20.2042,20.5082,26360000
2018-06-04,20.641,20.7498,20.4994,20.6706,25886000
2018-06-05,20.7578,20.909,20.6442,20.7418,42374000
2018-06-06,20.8602,21.1034,20.7778,21.0826,37465000
2018-06-07,21.041,21.3194,21.0346,21.1754,46077000
2018-06-08,20.5402,20.7954,20.3002,20.6386,73694000
2018-06-11,20.6298,20.945,20.5066,20.8674,31859000
2018-06-12,20.8274,20.9394,20.673,20.9154,27594000
2018-06-13,20.9418,21.2866,20.8578,21.0874,34868000
2018-06-14,21.201,21.5266,21.129,21.4778,37042000
2018-06-15,21.6042,21.7459,21.3074,21.6194,60969000
2018-06-18,21.521,21.521,21.1394,21.161,30191000
2018-06-19,20.7556,21.1716,20.6057,21.157,36221000
2018-06-20,21.2016,21.4059,21.1399,21.1789,24951000
2018-06-21,21.2081,21.2883,20.9535,21.0516,18186000
2018-06-22,21.1756,21.2016,20.9956,21.0564,52412000
2018-06-25,20.7897,20.7897,20.304,20.4654,29705000
2018-06-26,20.5124,20.6429,20.3138,20.394,24233000
2018-06-27,20.4386,20.6875,20.0138,20.0349,24720000
2018-06-28,19.9676,20.0519,19.6425,19.8557,33238000
2018-06-29,20.0219,20.0219,19.6668,19.6725,42794000
2018-07-02,19.4657,19.6384,19.2492,19.6246,33369000
2018-07-03,19.7308,19.7333,19.3773,19.4008,11591000
2018-07-05,19.6035,19.9133,19.5135,19.8962,25299000
2018-07-06,19.8557,20.1557,19.8168,20.0811,23112000
2018-07-09,20.1881,20.2068,19.9068,20.0608,17955000
2018-07-10,20.1346,20.4151,20.03,20.3146,16413000
2018-07-11,19.8597,20.0697,19.67,19.7373,35761000
2018-07-12,16.7894,17.0488,16.0094,17.0245,435083000
2018-07-13,17.2288,17.3504,16.3694,16.4148,161678000
2018-07-16,16.3451,16.7326,16.2583,16.4788,102277000
2018-07-17,16.3945,16.9523,16.3783,16.8891,110827000
2018-07-18,16.8007,17.0164,16.7529,16.9272,80834000
2018-07-19,16.8875,17.1461,16.8672,17.0561,63247000
2018-07-20,17.0342,17.1242,16.9256,17.0529,62893000
2018-07-23,17.0594,17.7266,17.0585,17.5709,82211000
2018-07-24,17.6585,17.8685,17.5126,17.6212,81158000
2018-07-25,17.6512,18.5382,17.6512,18.3209,92271000
2018-07-26,18.3639,18.629,17.9642,18.0947,85069000
2018-07-27,18.162,18.5901,17.8426,17.922,79443000
2018-07-30,17.9269,18.4871,17.922,18.2577,75275000
2018-07-31,18.3785,18.5536,17.9617,17.9804,63860000
2018-08-01,18.1012,18.1563,17.5288,17.5774,42669000
2018-08-02,17.3723,17.6958,17.2896,17.5409,40312000
2018-08-03,17.4923,17.6747,17.3828,17.6593,24832000
2018-08-06,17.5636,17.6999,17.5012,17.5896,22638000
2018-08-07,17.7736,17.9861,17.605,17.862,29798000
2018-08-08,17.8807,17.9366,17.7518,17.7931,15801000
2018-08-09,17.849,17.8571,17.5077,17.5596,27563000
2018-08-10,17.2539,17.3893,17.0634,17.2069,37017000
2018-08-13,17.1599,17.3488,17.0626,17.1137,29842000
2018-08-14,17.1542,17.1542,16.7699,16.8072,36327000
2018-08-15,16.6313,16.8299,16.4399,16.7488,41132000
2018-08-16,16.8453,16.9337,16.7578,16.9199,29239000
2018-08-17,16.8615,17.1226,16.6621,16.9669,39093000
2018-08-20,16.984,17.0261,16.6905,16.7602,54489000
2018-08-21,16.825,17.1429,16.7918,17.0675,29952000
2018-08-22,17.0626,17.1648,16.8177,16.8267,26890000
2018-08-23,16.8421,16.9515,16.6434,16.6686,35578000
2018-08-24,16.7302,16.9669,16.5948,16.945,20541000
2018-08-27,17.0464,17.3804,16.915,17.2669,28213000
2018-08-28,17.4015,17.5093,17.2345,17.3853,24340000
2018-08-29,17.4161,17.4964,17.3058,17.4307,18125000
2018-08-30,17.4291,17.5888,17.3999,17.5653,26529000
2018-08-31,17.515,17.7817,17.5004,17.7582,27623000
2018-09-04,17.7226,17.8604,17.6042,17.7907,36663000
2018-09-05,17.8328,17.9828,17.8028,17.952,37194000
2018-09-06,17.9585,18.0655,17.3439,17.5101,62509000
2018-09-07,18.1774,19.0863,18.1612,18.8568,104703000
2018-09-10,19.0255,19.5354,18.8139,19.5079,60880000
2018-09-11,19.2719,19.4341,18.6801,18.8544,60755000
2018-09-12,18.4936,18.7166,18.0663,18.6387,53077000
2018-09-13,18.9468,19.3952,18.7385,19.0871,43757000
2018-09-14,19.066,19.2225,18.9468,19.1617,28095000
2018-09-17,19.4584,19.4827,18.9971,19.0392,36739000
2018-09-18,19.1961,19.7189,19.1855,19.5825,50511000
2018-09-19,19.6429,19.8079,19.5857,19.7507,31160000
2018-09-20,19.8487,20.0979,19.745,20.0072,39986000
2018-09-21,20.1216,20.3209,20.0276,20.2662,135321000
2018-09-24,20.2621,20.4295,20.2016,20.3764,45326000
2018-09-25,20.3381,20.3683,20.0783,20.2294,47037000
2018-09-26,20.0652,20.2621,19.9966,20.0481,33428000
2018-09-27,20.0693,20.2482,20.0056,20.1314,29572000
2018-09-28,20.057,20.1739,19.919,20.1543,26739000
2018-10-01,20.2482,20.5962,20.231,20.3813,27709000
2018-10-02,20.3511,20.5611,20.2515,20.2662,24888000
2018-10-03,20.3242,20.53,20.1796,20.374,19607000
2018-10-04,20.1485,20.3993,20.111,20.2719,25660000
2018-10-05,20.2899,20.4254,19.8006,19.95,33860000
2018-10-08,19.8749,20.0472,19.6355,19.7164,33397000
2018-10-09,19.6527,20.0726,19.6347,19.9884,24675000
2018-10-10,19.8438,20.0187,18.9216,18.9371,56327000
2018-10-11,18.9486,19.2451,18.5581,18.6978,37424000
2018-10-12,19.1765,19.2508,18.715,19.0286,32589000
2018-10-15,18.8718,19.223,18.7909,18.9894,30099000
2018-10-16,19.2778,19.5032,19.1291,19.4673,30355000
2018-10-17,19.5833,19.5833,19.1079,19.3733,20262000
2018-10-18,19.2312,19.3448,18.5042,18.6259,37442000
2018-10-19,18.7877,18.8767,18.5369,18.6472,32231000
2018-10-22,18.8334,18.9862,18.6276,18.6749,25619000
2018-10-23,18.2003,18.7501,17.8744,18.7101,35990000
2018-10-24,18.4936,18.4944,17.7944,17.8654,37810000
2018-10-25,17.961,18.2477,17.9014,18.1538,35193000
2018-10-26,17.6089,17.7535,17.0886,17.4113,53324000
2018-10-29,17.6596,17.8638,17.0094,17.2765,28636000
2018-10-30,17.4627,18.0982,17.2356,18.0533,29697000
2018-10-31,18.3792,18.434,18.1105,18.2559,28146000
2018-11-01,18.3923,19.1332,18.2747,18.7779,36830000
2018-11-02,18.4062,18.4585,17.787,18.0337,40241000
2018-11-05,17.8907,18.0607,17.457,17.9781,27609000
2018-11-06,17.9953,18.719,17.9479,18.6447,29464000
2018-11-07,18.9502,19.2198,18.7231,19.1471,29004000
2018-11-08,19.009,19.8185,19.009,19.6249,29796000
2018-11-09,19.1961,19.5245,18.9951,19.522,33611000
2018-11-12,18.8693,18.9404,17.9937,18.2673,50306000
2018-11-13,18.4193,18.773,18.1603,18.3653,26697000
2018-11-14,18.523,18.831,18.4299,18.4773,25411000
2018-11-15,18.4789,19.5481,18.4495,19.3055,36694000
2018-11-16,19.0997,19.5392,18.9224,19.4093,36005000
2018-11-19,19.3211,19.6927,18.6684,18.7166,35326000
2018-11-20,18.2926,18.7125,18.1815,18.6006,32123000
2018-11-21,18.8056,19.058,18.5843,18.7877,19926000
2018-11-23,18.59,19.0074,18.59,18.7795,8066000
2018-11-26,19.1324,19.4534,18.9143,19.2214,28714000
2018-11-27,19.0801,19.4714,18.9853,19.2639,30406000
2018-11-28,19.3186,19.4411,18.92,19.2141,31080000
2018-11-29,19.1364,19.4926,19.0131,19.2598,17920000
2018-11-30,19.2288,19.464,19.0646,19.3929,40083000
2018-12-03,20.0293,20.1796,19.7246,19.7736,35241000
2018-12-04,19.6445,19.6968,18.9167,18.9543,36455000
2018-12-06,18.4805,18.563,17.7756,18.5622,57859000
2018-12-07,19.1185,19.464,18.3384,18.67,78396000
2018-12-10,18.6202,19.6307,18.5026,19.5433,43344000
2018-12-11,19.8871,20.4491,19.8839,20.1632,57730000
2018-12-12,20.6207,21.2537,20.5847,20.8282,68703000
2018-12-13,21.1124,21.3607,20.7955,21.0994,54355000
2018-12-14,20.8592,21.3681,20.7996,20.8159,42727000
2018-12-17,20.7473,21.346,20.673,20.7587,56238000
2018-12-18,21.0559,21.098,20.5383,20.6093,51849000
2018-12-19,20.554,21.1261,20.0191,20.1322,59728000
2018-12-20,20.1743,20.5127,19.6832,19.9671,75365000
2018-12-21,19.9671,20.7802,19.9671,20.2164,102138000
2018-12-24,19.9762,20.1165,19.2754,19.2993,28494000
2018-12-26,19.6278,20.5127,19.2745,20.483,36741000
2018-12-27,20.2238,20.7381,19.9877,20.7067,37507000
2018-12-28,20.8842,21.3019,20.7323,20.9329,28702000
2018-12-31,21.2829,21.3382,20.715,20.9899,26590000
2019-01-02,20.5416,21.0245,20.3468,20.9263,30346000
2019-01-03,20.1875,20.3509,19.0129,19.0649,68580000
2019-01-04,19.3398,19.5181,19.1235,19.2523,54248000
2019-01-07,19.2869,19.8309,19.0484,19.6443,53433000
2019-01-08,19.8202,19.9679,19.2638,19.4867,36795000
2019-01-09,19.6807,20.3625,19.6336,20.3295,52971000
2019-01-10,20.2709,20.6836,20.171,20.5969,29594000
2019-01-11,20.5895,20.8776,20.5804,20.6836,20158000
2019-01-14,20.4805,20.767,20.2981,20.7084,25498000
2019-01-15,20.8644,21.6453,20.8025,21.1723,39247000
2019-01-16,21.2309,21.2433,20.7488,20.7769,24484000
2019-01-17,20.6415,21.2433,20.5309,21.0765,35154000
2019-01-18,21.3902,21.6222,21.2144,21.5297,34634000
2019-01-22,21.2969,21.4174,21.041,21.3209,37156000
2019-01-23,21.4241,21.5371,20.9379,21.2573,31771000
2019-01-24,21.552,22.0192,21.462,21.7551,35999000
2019-01-25,21.8888,22.148,21.5371,22.1174,30333000
2019-01-28,21.5908,22.1925,21.3506,22.091,31320000
2019-01-29,22.0687,22.0894,21.7782,21.9837,27870000
2019-01-30,22.2875,22.597,22.0704,22.3552,28727000
2019-01-31,22.3337,22.37,21.9862,22.143,21063000
2019-02-01,22.2173,22.2545,21.8657,22.0242,22878000
2019-02-04,22.0811,22.4641,21.8706,22.4625,20761000
2019-02-05,22.4493,22.6697,22.28,22.2875,22619000
2019-02-06,22.5574,23.1129,22.5145,22.8001,27064000
2019-02-07,22.5236,22.6647,21.9821,22.2124,28646000
2019-02-08,22.0671,22.6416,22.0448,22.6226,23903000
2019-02-11,22.6507,22.7828,22.5582,22.7596,18012000
2019-02-12,23.0015,23.1451,22.8703,23.0626,19809000
2019-02-13,23.1129,23.2912,22.9454,23.2219,19190000
2019-02-14,23.1625,23.3474,23.0263,23.2368,16015000
2019-02-15,23.4506,23.4506,23.0131,23.2723,17352000
2019-02-19,23.2079,23.3466,23.1253,23.25,15152000
2019-02-20,23.3812,23.6602,23.3012,23.3953,16150000
2019-02-21,23.3804,23.3895,23.0246,23.1905,13254000
2019-02-22,23.1088,23.1129,22.6721,22.824,27225000
2019-02-25,23.1773,23.1815,22.9875,22.9974,19245000
2019-02-26,22.9421,22.9487,22.6548,22.7002,27211000
2019-02-27,22.5533,22.7085,22.2528,22.4105,29146000
2019-02-28,22.285,22.7588,22.1744,22.7299,31460000
2019-03-01,22.9256,22.9611,22.3808,22.5145,19035000
2019-03-04,22.7002,22.8306,22.3585,22.6911,17382000
2019-03-05,22.7415,23.1493,22.6614,22.8661,21699000
2019-03-06,22.8372,22.8595,22.3271,22.3989,19973000
2019-03-07,22.3023,22.3147,21.7988,21.9169,25411000
2019-03-08,21.5908,21.8549,21.396,21.8079,22167000
2019-03-11,21.8657,22.3329,21.7963,22.2099,27161000
2019-03-12,22.2677,22.29,21.8145,22.2569,23324000
2019-03-13,22.3296,22.5417,22.2066,22.3874,32089000
2019-03-14,22.46,22.474,22.1133,22.1389,43094000
2019-03-15,23.6462,24.7267,23.4019,23.9623,144066000
2019-03-18,23.9574,24.5146,23.9557,24.2554,56746000
2019-03-19,24.2818,24.8448,24.2777,24.7069,51556000
2019-03-20,24.8185,24.9018,24.1764,24.238,41263000
2019-03-21,24.3088,24.9326,24.2355,24.7186,27379000
2019-03-22,24.6453,24.6886,24.2688,24.3729,23307000
2019-03-25,24.3355,24.5004,24.069,24.3321,23878000
2019-03-26,24.5162,24.9409,24.5045,24.7377,28009000
2019-03-27,24.7827,24.8751,24.3571,24.6494,21862000
2019-03-28,24.7444,25.2599,24.6245,24.9076,33030000
2019-03-29,25.0867,25.2074,24.8418,25.0442,24493000
2019-04-01,25.2441,25.5472,24.9643,25.4673,27040000
2019-04-02,25.4981,25.5972,25.2025,25.2391,22857000
2019-04-03,25.5031,25.6014,25.1367,25.3349,22266000
2019-04-04,25.3807,25.4848,25.1242,25.1516,15228000
2019-04-05,25.3182,25.3549,25.135,25.3415,18875000
2019-04-08,25.3299,25.4265,25.1516,25.3582,13899000
2019-04-09,25.1999,25.3274,25.0092,25.2724,11621000
2019-04-10,25.2849,25.6322,25.2349,25.6105,14992000
2019-04-11,25.6638,25.8337,25.5039,25.7688,16669000
2019-04-12,25.9303,26.4375,25.8654,26.4034,30087000
2019-04-15,26.4034,26.4442,26.0819,26.3509,16216000
2019-04-16,26.6508,26.6516,26.3259,26.5258,21116000
2019-04-17,26.6707,26.729,26.4709,26.6949,18138000
2019-04-18,26.7374,26.8548,26.4975,26.5358,26548000
2019-04-22,26.4275,26.475,26.1677,26.2343,13504000
2019-04-23,26.3809,26.4917,26.1669,26.2876,19777000
2019-04-24,26.1994,26.4017,26.0836,26.1785,23335000
2019-04-25,26.0636,26.0636,25.5323,25.9695,26732000
2019-04-26,25.7471,25.897,25.4107,25.8521,16404000
2019-04-29,25.9212,26.2068,25.8546,26.0444,13404000
2019-04-30,26.0944,26.5192,26.0286,26.5175,18953000
2019-05-01,26.6924,26.9173,26.5416,26.5591,18158000
2019-05-02,26.6491,26.8331,26.1702,26.3026,20428000
2019-05-03,26.2302,26.3718,25.8754,26.2935,19214000
2019-05-06,25.5506,25.9787,25.4306,25.9487,14371000
2019-05-07,25.7055,25.7863,25.2957,25.5922,21734000
2019-05-08,25.4265,25.623,25.2441,25.2674,15099000
2019-05-09,24.9851,25.4723,24.7227,25.3232,22282000
2019-05-10,25.2541,25.4348,24.7069,25.3149,21025000
2019-05-13,24.4704,24.6253,24.0023,24.4337,37864000
2019-05-14,24.6261,25.3682,24.6086,25.1516,34277000
2019-05-15,25.0076,25.6322,24.8693,25.349,18166000
2019-05-16,24.9643,25.2433,24.5437,24.7594,34233000
2019-05-17,24.3838,24.4496,24.0198,24.1431,39094000
2019-05-20,23.1528,23.3152,22.3733,22.7023,65162000
2019-05-21,23.0771,23.3011,22.8738,22.9305,25060000
2019-05-22,22.5265,22.908,22.4008,22.4216,31809000
2019-05-23,22.0352,22.111,21.5013,21.6612,46607000
2019-05-24,21.8786,22.1318,21.2989,21.3156,27963000
2019-05-28,21.3681,21.4647,20.8284,21.194,61965000
2019-05-29,21.0491,21.3514,20.9525,21.164,28132000
2019-05-30,21.209,21.4322,21.164,21.3722,17310000
2019-05-31,21.0741,21.2989,20.9042,20.9575,22192000
2019-06-03,21.0333,21.5147,20.9208,21.0857,28911000
2019-06-04,21.4005,22.1534,21.3006,22.1284,36805000
2019-06-05,22.4041,22.6123,21.8536,22.1301,23651000
2019-06-06,22.2384,22.903,22.0935,22.7189,32687000
2019-06-07,22.8847,23.142,22.7597,22.8922,25963000
2019-06-10,23.0471,23.7167,23.0462,23.3369,23280000
2019-06-11,24.1931,24.298,23.2703,23.6092,37105000
2019-06-12,23.4585,23.5826,23.1037,23.2969,27057000
2019-06-13,23.446,23.5601,23.1037,23.4535,37735000
2019-06-14,21.4963,22.3275,21.443,22.1476,100797000
2019-06-17,22.0568,22.3783,21.7653,22.1509,35785000
2019-06-18,22.3325,23.5709,22.1917,23.157,54920000
2019-06-19,23.2178,23.242,22.7956,23.1104,28920000
2019-06-20,23.5284,23.7733,23.0829,23.2403,57291000
2019-06-21,23.2579,23.6271,23.0351,23.0376,45399000
2019-06-24,23.1663,23.4967,23.1226,23.4757,20506000
2019-06-25,23.4724,23.7851,23.2083,23.2495,24436000
2019-06-26,23.4236,23.8818,23.3832,23.6641,24774000
2019-06-27,23.7893,24.2535,23.7305,24.0231,21813000
2019-06-28,24.2039,24.3249,23.9483,24.2039,49265000
2019-07-01,25.3659,25.7081,24.916,25.2541,44832000
2019-07-02,25.1305,25.281,24.7117,24.832,19011000
2019-07-03,23.8541,24.2812,23.7969,23.9541,49411000
2019-07-05,23.8499,24.0004,23.7086,23.7666,24565000
2019-07-08,23.543,23.643,23.0713,23.1192,34291000
2019-07-09,22.9922,23.205,22.9048,23.1671,26131000
2019-07-10,23.3631,23.4421,23.0385,23.0805,30134000
2019-07-11,23.1428,23.3286,22.9502,23.2117,20712000
2019-07-12,23.2386,24.0416,23.2386,23.9962,21971000
2019-07-15,24.4763,24.7613,24.1543,24.2442,30334000
2019-07-16,24.1307,24.198,23.7439,23.8902,14617000
2019-07-17,24.0105,24.1559,23.8112,23.9701,15453000
2019-07-18,24.0626,24.409,23.8625,24.3653,19357000
2019-07-19,24.5377,24.6495,24.3443,24.3838,22047000
2019-07-22,24.6361,25.2238,24.5721,24.9009,33905000
2019-07-23,25.1826,25.4231,25.1582,25.2902,19692000
2019-07-24,25.3255,25.6349,25.2667,25.5416,19006000
2019-07-25,25.4037,25.4037,25.1742,25.2574,15741000
2019-07-26,25.3583,25.4786,25.2692,25.302,14996000
2019-07-29,25.328,25.439,24.969,25.3709,12068000
2019-07-30,25.1481,25.3028,24.9808,25.1876,11164000
2019-07-31,25.2272,25.2944,24.1038,24.383,20819000
2019-08-01,24.3106,25.0413,23.738,23.992,21911000
2019-08-02,23.717,23.8659,23.1991,23.4194,20080000
2019-08-05,22.8661,22.8905,22.2044,22.5054,27765000
2019-08-06,22.7131,22.8855,22.2448,22.4028,22199000
2019-08-07,22.2002,22.9309,22.1136,22.7064,22244000
2019-08-08,22.7341,22.9174,22.0716,22.7846,29163000
2019-08-09,22.6668,23.5892,22.6668,23.184,30735000
2019-08-12,22.9864,23.3925,22.9157,23.1764,20040000
2019-08-13,23.1478,24.0054,22.8728,23.8541,22340000
2019-08-14,23.4412,23.5556,22.7341,22.8333,27108000
2019-08-15,22.8703,22.9359,22.2691,22.5878,20010000
2019-08-16,22.8829,23.1856,22.8686,23.02,17458000
2019-08-19,23.5009,23.5489,23.1739,23.4404,17489000
2019-08-20,23.3883,23.96,23.2916,23.5741,17920000
2019-08-21,23.9331,24.2375,23.8835,24.1736,19381000
2019-08-22,24.2484,24.3342,23.9256,24.1837,12294000
2019-08-23,23.8785,24.0038,22.7904,22.8813,25742000
2019-08-26,23.2865,23.3706,23.1226,23.3092,14249000
2019-08-27,23.4715,23.5615,23.115,23.1705,14298000
2019-08-28,23.0662,23.2411,22.7417,23.2117,17202000
2019-08-29,23.6683,24.0046,23.6313,23.8263,16429000
2019-08-30,23.9937,24.0391,23.5346,23.765,16720000
2019-09-03,23.543,23.6144,22.7804,23.0427,22210000
2019-09-04,23.4412,23.9087,23.3916,23.7969,19865000
2019-09-05,24.2459,24.6932,24.2459,24.4696,20938000
2019-09-06,24.5394,24.6613,24.3249,24.5444,13748000
2019-09-09,24.8042,24.9892,24.4174,24.6033,21686000
2019-09-10,24.4973,24.758,24.2846,24.7571,20850000
2019-09-11,24.9152,25.122,24.7664,25.0573,19260000
2019-09-12,25.3449,25.4205,24.9278,25.2734,33109000
2019-09-13,25.027,25.0556,23.8701,24.4107,62557000
2019-09-16,24.1147,24.4065,24.0223,24.2711,22176000
2019-09-17,24.2173,24.3249,23.8583,24.2854,21912000
2019-09-18,24.2568,24.4477,23.8692,24.1938,16510000
2019-09-19,24.2577,24.5478,24.1509,24.4376,19421000
2019-09-20,24.4105,24.4724,23.9141,24.1211,35524000
2019-09-23,24.0668,24.3672,23.9361,24.2229,14850000
2019-09-24,24.3808,24.5148,23.7384,23.9556,20292000
2019-09-25,23.0596,23.5229,22.9111,23.4007,55588000
2019-09-26,23.3574,23.6459,23.1385,23.4974,27477000
2019-09-27,23.4737,23.8682,23.1622,23.2624,28660000
2019-09-30,23.4024,23.4813,23.1232,23.4261,19826000
2019-10-01,23.6128,23.7299,23.1979,23.3226,19429000
2019-10-02,23.2047,23.2335,22.7685,22.917,19543000
2019-10-03,22.9111,23.2929,22.6752,23.287,17096000
2019-10-04,23.6315,23.9039,23.3523,23.881,25884000
2019-10-07,23.7605,23.8462,23.3947,23.427,18658000
2019-10-08,23.2556,23.3269,22.8186,22.9391,22757000
2019-10-09,23.2233,23.3277,23.0825,23.1784,16329000
2019-10-10,23.298,23.6561,23.2208,23.2887,17340000
2019-10-11,23.7163,24.1058,23.6824,23.8368,23697000
2019-10-14,23.7953,23.9845,23.7494,23.9005,13312000
2019-10-15,23.9836,24.6608,23.9463,24.6353,21230000
2019-10-16,24.5233,24.6167,24.3146,24.4792,20046000
2019-10-17,24.6201,24.7533,24.4656,24.5598,13125000
2019-10-18,24.5657,24.6031,24.099,24.3307,16981000
2019-10-21,24.4758,24.7694,24.3587,24.5717,13031000
2019-10-22,24.5734,24.6811,24.374,24.3926,13046000
2019-10-23,24.0108,24.06,23.6544,23.7868,20957000
2019-10-24,24.0049,24.0566,23.6493,23.9556,16896000
2019-10-25,24.0362,24.7244,24.0329,24.5929,20869000
2019-10-28,24.7066,24.8186,24.4656,24.7397,12999000
2019-10-29,24.8016,24.9221,24.4444,24.452,13272000
2019-10-30,24.609,24.6905,24.3129,24.6285,17281000
2019-10-31,24.5912,24.9544,24.4215,24.85,27881000
2019-11-01,24.8619,25.1674,24.7855,25.1674,21234000
2019-11-04,25.416,25.92,25.3804,25.881,34075000
2019-11-05,25.881,26.8806,25.836,26.6481,38711000
2019-11-06,26.4801,26.6685,26.1958,26.5734,18076000
2019-11-07,26.7788,27.1114,26.3604,26.4529,23981000
2019-11-08,26.2943,26.6108,25.892,26.5946,17830000
2019-11-11,26.4071,26.5802,26.3766,26.5386,9154000
2019-11-12,26.6447,26.8484,26.5819,26.7745,16875000
2019-11-13,26.5157,26.7898,26.475,26.6167,12625000
2019-11-14,26.3689,26.4614,25.9752,26.2179,17268000
2019-11-15,26.4979,26.5649,26.3121,26.5522,18120000
2019-11-18,26.4597,26.5946,26.1381,26.3961,15850000
2019-11-19,26.8696,27.635,26.8696,26.9587,31743000
2019-11-20,26.8059,26.8849,26.2204,26.447,19927000
2019-11-21,26.402,26.789,26.2883,26.7508,19317000
2019-11-22,26.8687,27.1097,26.6201,26.7228,13216000
2019-11-25,26.8662,27.1691,26.8373,27.1216,19636000
2019-11-26,27.069,27.1691,26.8187,26.8373,30793000
2019-11-27,26.979,27.1488,26.8543,27.0215,20182000
2019-11-29,26.8866,26.9663,26.7296,26.8322,9229000
2019-12-02,26.9604,26.9782,26.3528,26.3664,23158000
2019-12-03,25.9506,26.2204,25.7223,26.01,18736000
2019-12-04,26.2841,26.4215,26.0618,26.2815,14439000
2019-12-05,26.3554,26.514,26.2255,26.4063,15494000
2019-12-06,26.699,26.8433,26.4801,26.8187,16937000
2019-12-09,26.8144,26.912,26.6396,26.677,24694000
2019-12-10,26.7381,26.8068,26.5811,26.7347,14563000
2019-12-11,26.7448,27.2684,26.7448,27.1301,20829000
2019-12-12,27.1309,28.016,27.1055,27.8157,38935000
2019-12-13,26.9892,27.1343,26.3579,26.7652,70952000
2019-12-16,26.9816,27.7988,26.9443,27.4194,37921000
2019-12-17,27.4712,27.5739,27.3023,27.4763,20248000
2019-12-18,27.5272,28.1042,27.4551,27.7852,35155000
2019-12-19,27.9354,27.9396,27.4687,27.5018,31787000
2019-12-20,27.6406,27.6406,27.164,27.3432,50540000
2019-12-23,27.4752,27.6286,27.224,27.3886,20254000
2019-12-24,27.4289,27.4872,27.344,27.4718,7024000
2019-12-26,27.5378,27.578,27.1563,27.2558,15848000
2019-12-27,27.3689,27.3732,27.0192,27.1315,14487000
2019-12-30,27.1306,27.2,26.8075,26.8683,13104000
2019-12-31,26.8392,27.1169,26.8117,27.0877,12487000
2020-01-02,27.3706,27.6432,27.1992,27.6338,20329000
2020-01-03,27.2155,27.4289,26.9215,26.9309,22870000
2020-01-06,26.6446,26.9078,26.54,26.8906,20789000
2020-01-07,27.0218,27.1358,26.7646,26.798,18565000
2020-01-08,26.8272,26.8709,26.4355,26.4637,31979000
2020-01-09,26.7706,26.828,25.976,26.2512,42397000
2020-01-10,26.1817,26.1903,25.6117,25.6477,40705000
2020-01-13,25.7163,26.0403,25.6863,25.8157,22054000
2020-01-14,25.886,26.4989,25.8509,26.4157,28911000
2020-01-15,26.3412,26.39,25.7746,25.9837,22733000
2020-01-16,26.1432,26.3883,26.0755,26.3189,21508000
2020-01-17,26.4569,26.4809,26.0634,26.468,26896000
2020-01-21,26.3832,26.5297,26.2572,26.4063,21967000
2020-01-22,26.6403,27.2506,26.6146,26.8263,29264000
2020-01-23,27.0157,27.4118,26.642,27.3989,30266000
2020-01-24,28.3289,28.4215,27.4949,27.7718,55782000
2020-01-27,27.1212,27.4186,26.4552,26.4886,38843000
2020-01-28,26.8743,27.3629,26.8092,27.284,23166000
2020-01-29,27.4992,27.8943,27.1838,27.2155,23668000
2020-01-30,26.942,27.0449,26.4509,27.0175,21128000
2020-01-31,26.9283,26.9643,26.0249,26.1569,22123000
2020-02-03,26.1972,26.2803,26.0266,26.1629,21288000
2020-02-04,26.7252,26.9635,26.5417,26.7089,22559000
2020-02-05,27.2146,27.4126,27.074,27.2043,24825000
2020-02-06,27.3295,27.4186,26.9343,27.4023,22683000
2020-02-07,27.2849,27.302,26.9892,27.02,15883000
2020-02-10,26.7749,26.966,26.5975,26.9317,19218000
2020-02-11,27.1418,27.4966,27.0869,27.4426,15527000
2020-02-12,27.6038,27.8652,27.5686,27.8318,15310000
2020-02-13,27.5558,27.8969,27.5103,27.7692,13857000
2020-02-14,27.8438,27.9175,27.1803,27.2378,19137000
2020-02-18,27.0003,27.0012,26.4046,26.636,26693000
2020-02-19,26.8289,27.1572,26.7175,27.0595,20525000
2020-02-20,26.9112,27.0595,26.2392,26.5066,25521000
2020-02-21,26.4432,26.5246,25.9109,26.1003,24522000
2020-02-24,25.2174,25.6117,24.8626,24.9946,36849000
2020-02-25,25.2097,25.3486,24.092,24.23,31892000
2020-02-26,24.3731,24.7032,24.3431,24.5043,23074000
2020-02-27,24.026,24.4554,23.4466,23.4817,34837000
2020-02-28,22.5714,23.4971,22.5208,23.3677,44586000
2020-03-02,23.7226,24.4632,23.2417,24.4263,31976000
2020-03-03,24.3989,24.7272,23.2777,23.5074,29930000
2020-03-04,23.7894,24.4906,23.552,24.4674,23477000
2020-03-05,23.7654,24.2651,23.3531,23.4894,24374000
2020-03-06,22.8843,23.2229,22.5003,23.096,30169000
2020-03-09,21.5214,22.3091,20.936,21.2334,43934000
2020-03-10,21.9937,22.6014,20.8631,22.5346,55071000
2020-03-11,21.7614,21.9851,20.7851,21.0834,36030000
2020-03-12,19.4565,20.8083,18.5419,18.7528,64281000
2020-03-13,19.3297,20.0977,17.2425,20.0762,84714000
2020-03-16,17.8442,18.7545,15.4485,16.0785,76935000
2020-03-17,16.4419,17.1439,15.5556,17.1011,70662000
2020-03-18,15.9139,16.0699,13.3433,14.389,98993000
2020-03-19,14.3693,17.7834,14.143,16.6673,74438000
2020-03-20,17.6088,18.1911,16.3805,16.7563,74044000
2020-03-23,16.8138,17.0832,15.4949,16.8652,46921000
2020-03-24,17.9261,19.0655,17.5469,18.5468,62970000
2020-03-25,18.4971,21.27,18.2382,18.9643,64442000
2020-03-26,19.7036,21.3398,19.7036,21.1977,60213000
2020-03-27,20.3111,21.1035,20.0496,20.1098,39448000
2020-03-30,20.2414,21.0399,19.9136,20.9309,52343000
2020-03-31,20.747,22.0293,20.5779,20.6685,50191000
2020-04-01,19.8744,20.4341,19.15,19.4943,41858000
2020-04-02,19.3871,20.7426,19.3043,20.6651,45049000
2020-04-03,20.6284,21.1436,20.0976,20.421,28960000
2020-04-06,21.3206,22.0903,21.2317,22.0058,38868000
2020-04-07,22.8252,23.1442,22.0136,22.0781,45892000
2020-04-08,22.3832,22.8566,22.1104,22.7607,27565000
2020-04-09,23.1695,23.3186,21.9073,22.1679,34828000
2020-04-13,22.0982,22.7973,22.0372,22.6578,25729000
2020-04-14,23.1983,23.3953,22.867,23.3299,23094000
2020-04-15,22.752,22.867,22.3301,22.4416,25926000
2020-04-16,22.8182,22.8182,22.1514,22.5157,26896000
2020-04-17,22.9455,23.3125,22.5724,23.1774,34089000
2020-04-20,22.6648,23.1233,22.4826,22.5149,23801000
2020-04-21,22.1906,22.2106,21.5141,21.5882,29138000
2020-04-22,22.2089,22.8583,21.8576,22.6622,35438000
2020-04-23,22.6866,23.1181,22.5358,22.5715,21659000
2020-04-24,22.6482,23.1068,22.5672,23.0841,23373000
2020-04-27,23.044,23.6429,23.044,23.4014,16588000
2020-04-28,23.9061,24.0953,23.0239,23.0771,18988000
2020-04-29,23.6307,24.1459,23.4694,24.0613,28871000
2020-04-30,23.8442,23.8896,23.4319,23.6777,23379000
2020-05-01,23.1878,23.3491,22.5079,22.6386,26836000
2020-05-04,22.5959,22.8766,22.2568,22.8618,17046000
2020-05-05,23.2358,23.4441,22.9882,23.0893,26462000
2020-05-06,23.3909,23.5784,22.9804,23.0292,22727000
2020-05-07,23.5365,23.5775,23.1878,23.3404,18238000
2020-05-08,23.7283,24.0203,23.5391,23.975,16757000
2020-05-11,23.8303,24.1241,23.6891,24.0072,20851000
2020-05-12,24.1101,24.2095,23.3814,23.4014,18764000
2020-05-13,23.5426,23.5653,22.609,22.9394,21927000
2020-05-14,22.7485,23.2706,22.2071,23.2401,19912000
2020-05-15,22.6142,23.0187,22.3832,22.7005,21650000
2020-05-18,23.4162,24.1232,23.3622,23.8442,26531000
2020-05-19,23.8442,24.0622,23.6769,23.7065,18702000
2020-05-20,24.1441,24.5224,24.0665,24.2932,18605000
2020-05-21,24.3141,24.3647,23.9419,23.9549,14847000
2020-05-22,23.8625,24.1685,23.581,24.1162,17452000
2020-05-26,24.8441,25.0263,24.5294,24.5843,23573000
2020-05-27,24.6715,25.0882,24.4082,25.0699,22812000
2020-05-28,24.8441,25.2189,24.6201,24.682,18543000
2020-05-29,24.661,25.4543,24.5747,25.3907,27300000
2020-06-01,25.3166,25.3759,25.0507,25.2791,18444000
2020-06-02,25.3698,26.0052,25.2878,25.9826,31847000
2020-06-03,26.2432,27.0975,26.1961,26.9824,31926000
2020-06-04,26.6529,27.2849,26.3347,26.9266,34997000
2020-06-05,27.869,28.6021,27.4671,27.6406,50958000
2020-06-08,27.6772,27.794,27.3163,27.679,23916000
2020-06-09,27.1978,27.7975,27.1603,27.4872,22335000
2020-06-10,27.6031,27.8263,27.4331,27.4628,25914000
2020-06-11,26.8159,26.897,25.5764,25.6069,45115000
2020-06-12,26.3975,26.496,25.5179,26.1735,39439000
2020-06-15,25.7158,26.7401,25.49,26.5082,29824000
2020-06-16,27.0234,27.42,26.5004,27.0862,30387000
2020-06-17,27.3215,27.6083,27.1794,27.3233,20279000
2020-06-18,27.2082,27.8184,27.1559,27.7827,33625000
2020-06-19,27.9782,28.0152,26.6651,26.6651,58465000
2020-06-22,26.9055,27.67,26.732,27.6136,27195000
2020-06-23,27.7474,27.9571,27.4154,27.4163,22419000
2020-06-24,27.2314,27.3872,26.8183,27.035,19096000
2020-06-25,26.9548,27.256,26.6853,27.2005,15029000
2020-06-26,27.6162,27.8109,26.6985,27.0737,31425000
2020-06-29,27.1318,27.3379,26.813,27.2824,14516000
2020-06-30,27.2974,27.9245,27.0156,27.7959,25125000
2020-07-01,27.7519,27.9051,27.4727,27.5422,15661000
2020-07-02,27.9844,28.1279,27.7122,27.7836,16638000
2020-07-06,28.1825,28.2697,27.9482,28.076,17561000
2020-07-07,27.9483,28.0205,27.5264,27.5766,16150000
2020-07-08,27.8426,28.1684,27.6647,28.1447,18023000
2020-07-09,28.1834,28.5639,27.7642,28.3146,25225000
2020-07-10,28.3507,28.4459,27.7809,28.1332,13280000
2020-07-13,28.3305,28.4934,27.3529,27.4172,21549000
2020-07-14,27.2129,27.8496,26.8782,27.7492,18363000
2020-07-15,27.8258,27.9861,27.3168,27.6347,15253000
2020-07-16,27.3555,27.6435,27.2402,27.4198,12929000
2020-07-17,27.6673,27.7607,27.3018,27.5405,13354000
2020-07-20,27.4647,27.9756,27.3247,27.9298,14323000
2020-07-21,28.1147,28.1147,27.537,27.684,14312000
2020-07-22,27.743,27.8021,27.3344,27.6365,14404000
2020-07-23,27.5986,27.8382,27.1591,27.2728,19417000
2020-07-24,27.0015,27.382,26.7892,26.931,15631000
2020-07-27,27.1521,27.5625,27.0808,27.5378,20646000
2020-07-28,27.4057,27.4876,26.9636,27.0684,13974000
2020-07-29,27.1724,27.4101,27.0764,27.2005,16562000
2020-07-30,26.9495,27.5599,26.9495,27.4868,21259000
2020-07-31,27.7158,28.0416,27.4251,27.8963,24719000
2020-08-03,28.0064,28.4899,27.943,28.2908,20796000
2020-08-04,28.2266,28.939,28.2169,28.9214,25258000
2020-08-05,28.9091,29.2024,28.6933,29.0227,22299000
2020-08-06,28.8668,29.1407,28.659,28.9892,14193000
2020-08-07,28.9214,29.0394,28.3129,28.7048,14192000
2020-08-10,28.5542,28.9989,28.5401,28.8307,11989000
2020-08-11,28.8492,29.3556,28.4256,28.5374,19316000
2020-08-12,28.6977,29.5811,28.6546,29.3838,18471000
2020-08-13,29.2579,29.3635,28.8739,29.0121,15095000
2020-08-14,28.8888,29.05,28.7109,28.8712,10140000
2020-08-17,29.0201,29.2209,28.9752,29.0914,10594000
2020-08-18,29.227,29.3433,28.8994,28.9434,8857000
2020-08-19,29.0165,29.3354,28.9082,28.9937,11273000
2020-08-20,28.8598,29.0623,28.7162,28.9602,8910000
2020-08-21,28.9135,29.1037,28.6229,29.065,11508000
2020-08-24,29.2402,29.6084,29.1636,29.4155,11996000
2020-08-25,29.5036,29.6876,29.3274,29.604,11140000
2020-08-26,29.4807,30.0769,29.3724,29.9149,14844000
2020-08-27,29.9871,30.0584,29.604,29.8682,12552000
2020-08-28,29.8559,30.3684,29.7414,30.3684,14589000
2020-08-31,30.2539,30.8757,30.2539,30.5736,22229000
2020-09-01,30.8246,31.8876,30.5974,31.6648,29205000
2020-09-02,32.2214,33.3751,32.0197,33.0273,37053000
2020-09-03,32.2346,32.4892,30.8387,31.0087,41795000
2020-09-04,31.7908,32.8089,31.1329,31.9651,58514000
2020-09-08,31.0589,31.9475,30.8246,30.8722,26685000
2020-09-09,31.3671,31.8683,30.9215,31.708,26273000
2020-09-10,31.8929,32.3949,31.2113,31.4482,22851000
2020-09-11,31.7494,32.0814,31.2368,31.6789,17362000
2020-09-14,32.0937,32.2241,31.6481,31.8991,16447000
2020-09-15,32.2602,32.6847,32.1765,32.3139,16618000
2020-09-16,32.4258,32.7622,32.2646,32.3253,18498000
2020-09-17,31.265,32.5966,31.265,32.2267,22862000
2020-09-18,32.3324,32.3958,31.2694,31.6816,35295000
2020-09-21,31.1065,31.2798,30.5262,31.2647,24198000
2020-09-22,31.6718,32.1544,31.3678,32.1357,19500000
2020-09-23,32.0104,32.1019,31.1101,31.247,15542000
2020-09-24,31.1234,31.7784,31.0248,31.3296,13611000
2020-09-25,31.2879,31.7918,30.9528,31.71,18183000
2020-09-28,32.1437,32.7436,31.9082,32.6432,22192000
2020-09-29,32.6601,32.9542,32.349,32.373,13722000
2020-09-30,32.2566,32.972,32.1464,32.3783,22403000
2020-10-01,32.7925,32.9462,32.4228,32.7587,16016000
2020-10-02,31.9944,32.4317,31.6522,31.7127,17100000
2020-10-05,32.069,32.6032,31.9855,32.5365,18923000
2020-10-06,32.5374,33.0609,32.1739,32.3481,16672000
2020-10-07,32.7365,32.8707,32.533,32.5934,12747000
2020-10-08,32.8733,33.2644,32.7329,33.1791,17045000
2020-10-09,33.4101,33.7718,33.2386,33.4786,17253000
2020-10-12,33.9309,34.2251,33.7532,33.9878,18839000
2020-10-13,34.1638,34.4651,33.6483,33.9043,16731000
2020-10-14,34.0865,34.1042,33.5808,33.7985,17298000
2020-10-15,33.3319,33.8154,33.3293,33.7656,14361000
2020-10-16,34.0634,34.0634,33.6074,33.6519,10295000
2020-10-19,33.8821,34.0927,33.3408,33.3959,14803000
2020-10-20,33.5061,33.8732,33.3773,33.5043,13297000
2020-10-21,33.3959,33.4928,32.9107,33.0653,11896000
2020-10-22,32.9791,33.2662,32.6263,33.1826,13547000
2020-10-23,33.1729,33.2333,32.9507,33.1249,8868000
2020-10-26,32.8476,32.8796,31.782,32.2646,15509000
2020-10-27,32.4548,32.4548,31.9251,31.9588,9620000
2020-10-28,31.4612,31.5376,30.7084,30.8577,22331000
2020-10-29,30.8621,31.9446,30.6942,31.5509,15697000
2020-10-30,31.0514,31.3714,30.6097,31.0728,18530000
2020-11-02,31.5536,31.5847,30.959,31.2168,11757000
2020-11-03,31.6345,31.9269,30.8088,31.4398,15457000
2020-11-04,32.037,32.7925,31.7402,32.4059,21277000
2020-11-05,33.0929,34.0074,33.0618,33.8492,21783000
2020-11-06,33.7763,34.098,33.5204,33.827,13545000
2020-11-09,34.5806,35.0063,33.3284,33.3755,24088000
2020-11-10,32.9116,33.1675,32.0264,32.2726,26784000
2020-11-11,32.9595,33.5177,32.7543,33.4092,15133000
2020-11-12,33.5257,33.6474,32.7303,32.9009,12160000
2020-11-13,33.3275,33.5346,33.0236,33.1942,10997000
2020-11-16,33.3106,33.8936,33.2386,33.8438,12100000
2020-11-17,33.6528,33.9887,33.5079,33.8252,11950000
2020-11-18,33.7621,34.2109,33.7381,33.827,13517000
2020-11-19,33.5692,34.202,33.2697,34.1567,14555000
2020-11-20,34.1549,34.5584,34.0118,34.0678,16140000
2020-11-23,34.2491,34.5851,34.0385,34.394,12212000
2020-11-24,34.5379,34.9103,34.3211,34.8588,13455000
2020-11-25,34.913,35.1494,34.5717,34.7344,11787000
2020-11-27,34.9405,35.4755,34.9272,35.1005,6846000
2020-11-30,35.0179,35.7413,34.9041,35.6897,15454000
2020-12-01,35.8568,36.143,35.56,35.9555,18181000
2020-12-02,35.9706,36.0301,35.648,35.8808,10031000
2020-12-03,35.9493,36.1394,35.3805,35.5315,16120000
2020-12-04,35.7626,36.6514,35.7617,36.5874,20083000
2020-12-07,37.0077,37.5792,36.7349,37.4059,19707000
2020-12-08,37.2628,37.9222,37.1633,37.6298,18121000
2020-12-09,37.2797,37.8689,36.7642,36.9908,20908000
2020-12-10,36.566,36.9046,36.2612,36.4416,26244000
2020-12-11,35.9048,36.1714,35.3965,36.0666,26664000
2020-12-14,36.1297,36.8202,36.0826,36.598,26116000
2020-12-15,36.9073,37.2726,36.7038,37.1544,21207000
2020-12-16,37.149,37.9622,37.0566,37.7623,23160000
2020-12-17,37.9045,38.2164,37.7312,37.8689,17152000
2020-12-18,38.0751,39.0476,37.8241,38.9499,45243000
2020-12-21,38.3753,38.7204,37.9765,38.4408,19096000
2020-12-22,38.4408,38.8593,38.3619,38.819,17929000
2020-12-23,38.9893,39.0789,38.1002,38.1342,10533000
2020-12-24,38.4058,38.7204,38.3233,38.672,4123000
2020-12-28,38.9301,39.1928,38.6442,38.7097,10625000
2020-12-29,39.0637,39.0637,38.2534,38.4551,9593000
2020-12-30,38.6908,39.2582,38.5501,38.9741,10553000
2020-12-31,39.1067,39.303,38.8145,39.2447,10211000
2021-01-04,39.3774,39.6382,37.756,38.1127,24171000
2021-01-05,38.0975,38.4865,37.86,38.3708,15069000
2021-01-06,37.9406,38.9516,37.6932,38.1342,17226000
2021-01-07,38.7258,39.8489,38.5949,39.7413,21267000
2021-01-08,40.0649,40.3329,39.3164,39.943,15271000
2021-01-11,39.4921,40.2244,39.4751,39.9537,11660000
2021-01-12,40.1339,40.7604,39.9394,40.2791,13846000
2021-01-13,40.3606,40.6466,40.1644,40.4422,13118000
2021-01-14,40.6484,41.0956,40.453,40.5193,19692000
2021-01-15,40.1706,40.3338,39.4966,39.9618,18165000
2021-01-19,40.1796,41.1844,40.1796,41.1646,18819000
2021-01-20,41.187,41.749,40.7819,41.3986,14710000
2021-01-21,41.4192,42.0789,41.2659,41.8413,15749000
2021-01-22,41.5635,41.9068,41.4434,41.68,16248000
2021-01-25,42.0869,42.1264,40.8787,41.6594,14692000
2021-01-26,41.4676,41.8602,41.3986,41.5769,10742000
2021-01-27,40.8303,40.9576,39.5728,39.8587,21857000
2021-01-28,40.8294,41.0938,40.0675,40.4897,16946000
2021-01-29,40.3248,41.0598,40.1213,40.3786,22069000
2021-02-01,40.8581,42.0654,40.6555,41.8342,17027000
2021-02-02,42.1049,42.7511,41.9471,42.743,16141000
2021-02-03,42.7475,42.89,41.6415,41.6952,17857000
2021-02-04,41.2301,42.2303,41.0042,42.1828,15243000
2021-02-05,42.5145,42.7466,41.7105,41.7687,12488000
2021-02-08,42.0143,42.4329,41.7302,42.3684,17610000
2021-02-09,42.3056,42.5915,42.0027,42.5414,12758000
2021-02-10,42.7726,42.7977,41.7221,42.1308,14587000
2021-02-11,42.4571,42.9644,42.0538,42.8784,17123000
2021-02-12,42.8775,43.6519,42.5647,43.5891,13551000
2021-02-16,43.9979,44.3474,43.6519,43.841,15163000
2021-02-17,43.4018,43.5712,42.5799,43.245,14084000
2021-02-18,43.0433,43.5076,42.5862,43.3149,16715000
2021-02-19,43.6725,44.3797,43.6295,43.9154,17992000
2021-02-22,43.3812,43.6151,42.6032,42.6964,16967000
2021-02-23,42.2286,42.5405,40.8769,42.2967,21303000
2021-02-24,41.9184,43.149,41.4685,43.1015,15125000
2021-02-25,42.5521,42.9671,40.8007,40.9755,23148000
2021-02-26,41.905,42.6426,41.2964,42.1147,22640000
2021-03-01,42.9958,43.919,42.4723,43.8813,24677000
2021-03-02,43.9521,43.9961,42.9868,43.0684,18546000
2021-03-03,42.8434,43.1473,41.4066,41.5043,23991000
2021-03-04,41.3797,41.8575,39.5656,39.7592,34575000
2021-03-05,40.7147,40.8715,38.81,40.3463,42414000
2021-03-08,40.0496,40.1509,37.5785,37.7569,45243000
2021-03-09,39.0511,40.0559,38.5949,39.7601,37884000
2021-03-10,40.0962,40.695,38.9983,39.2214,19914000
2021-03-11,40.2459,41.0015,39.6248,40.6645,26170000
2021-03-12,39.9179,40.6466,39.8426,40.4386,18906000
2021-03-15,40.798,42.2366,40.6197,42.1954,31241000
2021-03-16,42.2402,43.3812,41.8942,42.8595,31190000
2021-03-17,42.1533,43.6743,42.1273,43.3444,23754000
2021-03-18,42.5351,43.3229,41.5662,41.602,28728000
2021-03-19,41.2859,43.0591,41.0194,42.8585,108602000
2021-03-22,42.7185,43.4746,42.6065,42.9326,31805000
2021-03-23,42.7971,42.9407,41.7917,41.9191,24712000
2021-03-24,42.406,42.4548,41.2696,41.3057,20882000
2021-03-25,41.0971,41.9155,40.5867,41.7059,17537000
2021-03-26,41.2488,43.63,41.2488,43.5432,28925000
2021-03-29,43.3951,43.4638,42.2994,42.6923,28410000
2021-03-30,41.9028,41.9137,40.7954,41.2055,27935000
2021-03-31,41.462,42.191,40.8658,41.883,28684000
2021-04-01,42.6426,43.05,42.3834,42.9931,23528000
2021-04-05,43.3861,44.2298,43.0717,44.125,22966000
2021-04-06,43.6408,44.1015,43.1548,43.7086,18063000
2021-04-07,43.3599,43.7122,43.1783,43.5812,12074000
2021-04-08,44.0798,44.0798,43.3698,43.854,18121000
2021-04-09,43.359,43.8386,43.0464,43.8188,16614000
2021-04-12,43.5333,43.8486,43.2325,43.6905,23247000
2021-04-13,43.8106,44.1015,43.3852,43.807,15281000
2021-04-14,43.5821,44.1891,42.9245,43.1151,18220000
2021-04-15,43.5071,43.5676,43.0681,43.359,18370000
2021-04-16,43.4023,43.5198,43.0681,43.2497,16263000
2021-04-19,43.0455,43.0699,41.5569,41.733,26319000
2021-04-20,41.5532,41.7357,41.0591,41.3048,19128000
2021-04-21,41.1206,41.5831,40.8839,41.5334,25947000
2021-04-22,41.1097,41.6553,40.5587,41.1106,27057000
2021-04-23,41.4159,42.2614,41.3265,42.1061,22890000
2021-04-26,42.1865,42.8016,41.8748,42.6228,18271000
2021-04-27,42.7899,42.8405,42.0094,42.1259,13267000
2021-04-28,42.0374,42.0916,41.1955,41.4801,15940000
2021-04-29,42.4277,42.4277,41.4647,42.1205,14650000
2021-04-30,41.5262,41.6183,40.9959,41.2091,19367000
2021-05-03,41.5298,41.5379,40.4937,40.6617,15098000
2021-05-04,40.3979,40.4413,39.5027,40.1558,23497000
2021-05-05,40.6861,40.7791,39.9598,40.0917,16388000
2021-05-06,40.089,40.5668,39.7313,40.5208,13495000
2021-05-07,41.0637,41.406,40.5768,40.8821,11712000
2021-05-10,40.5027,40.5162,39.3636,39.3934,25239000
2021-05-11,38.3908,39.9047,38.2146,39.752,17887000
2021-05-12,38.7783,38.9201,37.8614,38.1541,29940000
2021-05-13,38.8325,39.2778,38.4486,38.8966,21841000
2021-05-14,39.4196,40.2082,39.0276,39.8921,16964000
2021-05-17,39.939,39.939,39.0989,39.7403,15725000
2021-05-18,40.0998,40.1468,39.1387,39.1803,17824000
2021-05-19,38.4811,39.9716,38.454,39.9011,21369000
2021-05-20,40.2651,41.4891,40.2272,41.1007,21886000
2021-05-21,41.3708,41.3708,40.5894,40.761,13216000
2021-05-24,41.2741,41.7728,41.2235,41.4792,14420000
2021-05-25,41.724,41.8197,41.2362,41.5108,9600000
2021-05-26,41.6219,41.742,41.1486,41.5966,9873000
2021-05-27,41.5523,42.3147,41.5207,42.2461,19098000
2021-05-28,42.4557,42.873,42.2461,42.6661,19946000
2021-06-01,42.9471,43.1783,42.2027,42.303,16277000
2021-06-02,42.621,43.1512,42.4078,42.7926,13286000
2021-06-03,42.3473,42.434,41.8468,41.9859,20389000
2021-06-04,42.5008,43.2144,42.4123,42.9073,23865000
2021-06-07,42.7267,42.8603,41.7755,41.8938,24142000
2021-06-08,42.2795,42.6716,41.8694,41.8712,16615000
2021-06-09,42.2018,42.2018,41.7077,41.9074,12126000
2021-06-10,42.0492,42.4141,41.5713,42.3355,15413000
2021-06-11,42.3148,42.6481,42.1982,42.5189,14508000
2021-06-14,42.4999,42.9886,42.0998,42.9823,14675000
2021-06-15,43.0482,43.0491,42.3247,42.5225,11131000
2021-06-16,42.4801,42.5568,41.686,42.0718,20437000
2021-06-17,41.9932,42.929,41.9083,42.5613,20881000
2021-06-18,42.209,42.434,41.5984,41.8685,28537000
2021-06-21,41.9841,42.3674,41.7356,42.2973,18591000
2021-06-22,42.4766,42.6587,41.9978,42.2827,13722000
2021-06-23,42.229,42.595,42.1544,42.4839,17674000
2021-06-24,42.778,43.1203,42.6605,42.7935,12502000
2021-06-25,42.9109,43.011,41.8776,42.0779,19100000
2021-06-28,42.4238,43.3606,42.3792,43.0429,13987000
2021-06-29,43.0037,43.4535,42.8554,43.4389,14184000
2021-06-30,43.5281,43.57,43.0183,43.4107,15381000
2021-07-01,43.5017,43.5017,42.6906,42.7552,11153000
2021-07-02,43.4043,43.5691,41.4871,42.6214,37054000
2021-07-06,42.8244,43.4025,42.6332,43.0866,13870000
2021-07-07,43.2432,43.276,42.4575,42.7461,12581000
2021-07-08,42.28,42.8863,42.0196,42.8335,16011000
2021-07-09,42.7489,43.7785,42.6087,43.7148,16782000
2021-07-12,43.8185,44.9747,43.0848,44.2218,33142000
2021-07-13,44.1836,44.3839,43.8805,44.0634,11806000
2021-07-14,44.5359,44.7908,43.7667,43.8431,14020000
2021-07-15,43.997,44.1035,43.072,43.4562,12624000
2021-07-16,43.6128,43.7239,42.5386,42.6123,13980000
2021-07-19,42.1944,42.4211,41.6582,42.3938,14938000
2021-07-20,42.5959,42.9928,42.1753,42.6596,20727000
2021-07-21,42.7543,43.6328,42.6514,43.6092,13660000
2021-07-22,43.3888,43.6064,43.1986,43.3643,12583000
2021-07-23,43.7011,44.0243,43.4098,43.9852,13489000
2021-07-26,43.895,44.0279,43.6692,43.9023,11160000
2021-07-27,43.7676,43.8632,42.5877,43.276,14715000
2021-07-28,43.3979,43.6146,43.1813,43.4844,8359000
2021-07-29,43.5591,44.2291,43.4653,44.0725,9162000
2021-07-30,43.8768,44.2756,43.6592,44.19,11548000
2021-08-02,44.5223,45.0275,44.0179,44.1244,15619000
2021-08-03,44.1982,44.4048,43.6947,44.3165,11135000
2021-08-04,44.4749,44.6069,44.0634,44.4085,12123000
2021-08-05,44.6479,44.6479,44.1435,44.3966,8372000
2021-08-06,44.1599,44.4376,44.0653,44.1927,9964000
2021-08-09,44.2892,44.3202,43.7894,44.1244,5952000
2021-08-10,44.2355,44.2856,43.5008,43.9041,9319000
2021-08-11,44.1363,44.2419,43.6793,44.0216,9816000
2021-08-12,43.9059,44.1536,43.4007,44.0862,8702000
2021-08-13,43.936,44.515,43.8905,44.2592,8582000
2021-08-16,44.1381,44.5095,44.0989,44.4394,9188000
2021-08-17,44.2073,44.2646,43.1995,43.5791,16499000
2021-08-18,43.3934,43.4325,42.6378,42.6942,15616000
2021-08-19,42.4557,43.3187,42.1198,43.1094,14044000
2021-08-20,43.0447,43.3552,42.828,43.2587,10007000
2021-08-23,43.3643,44.2619,43.3069,43.9214,15707000
2021-08-24,43.9169,43.9751,43.713,43.8286,9429000
2021-08-25,43.8413,44.2692,43.8413,44.0088,10017000
2021-08-26,43.9715,44.4367,43.753,44.2209,10836000
2021-08-27,44.4276,45.195,44.3029,45.1495,16459000
2021-08-30,45.5191,46.2338,45.3598,45.4181,19614000
2021-08-31,45.6366,45.6366,44.8546,45.2651,17378000
2021-09-01,45.1796,45.4499,44.8719,44.8964,12586000
2021-09-02,45.1359,45.1532,44.6233,44.7817,16991000
2021-09-03,45.1468,46.0654,45.0676,45.3079,25191000
2021-09-07,45.3006,45.3006,44.6998,45.2087,12398000
2021-09-08,45.4846,45.5091,44.4367,45.0075,13987000
2021-09-09,44.8682,45.4008,44.8682,44.9265,13174000
2021-09-10,45.2506,46.0645,45.2014,45.3507,16110000
2021-09-13,45.7012,45.744,44.9055,45.4245,14927000
2021-09-14,45.7012,46.0126,45.3698,45.6894,14134000
2021-09-15,45.7121,46.4932,45.4663,46.4058,23346000
2021-09-16,45.9925,46.3521,45.5383,46.1883,17569000
2021-09-17,45.8806,46.2128,45.6102,46.0654,34470000
2021-09-20,45.4281,45.7923,44.4667,45.0476,30105000
2021-09-21,45.2557,45.2796,44.6606,45.0265,16935000
2021-09-22,45.3254,46.1279,45.1393,45.9068,20610000
2021-09-23,46.0829,46.5213,45.9068,46.2471,18370000
2021-09-24,46.0609,46.3571,45.9289,46.3039,10605000
2021-09-27,45.8326,46.3865,45.6125,46.2975,9831000
2021-09-28,45.5776,45.9857,44.9852,45.0292,20124000
2021-09-29,45.2686,45.3273,44.7202,44.888,15783000
2021-09-30,45.3502,45.3502,44.4295,44.4707,15735000
2021-10-01,44.7385,44.8128,43.7894,44.6927,16052000
2021-10-04,44.4707,44.6202,43.3565,43.6472,20093000
2021-10-05,43.6463,44.9164,43.5904,44.5157,16557000
2021-10-06,44.3057,44.8761,43.9911,44.8238,12042000
2021-10-07,45.1769,45.8436,45.1769,45.2952,13261000
2021-10-08,45.5611,45.6693,45.0531,45.197,10279000
2021-10-11,45.0494,45.8151,45.0136,45.1503,11186000
2021-10-12,45.4712,45.5501,44.2039,44.5028,20991000
2021-10-13,44.1259,44.512,43.9774,44.4781,16424000
2021-10-14,45.1062,45.7748,45.0109,45.6326,19233000
2021-10-15,46.2562,46.3901,45.9518,46.1508,25103000
2021-10-18,45.8885,46.2177,45.7298,46.1609,16042000
2021-10-19,46.2489,46.8496,46.0151,46.8056,16383000
2021-10-20,46.8615,47.0843,46.6267,46.7139,13458000
2021-10-21,46.7166,47.2091,46.6414,47.1504,11787000
2021-10-22,47.2045,47.8134,47.0467,47.2659,15367000
2021-10-25,47.4567,48.0995,47.2448,47.8767,12416000
2021-10-26,48.1665,49.0615,48.0537,48.9588,24043000
2021-10-27,48.7708,49.1606,47.8574,47.9721,23500000
2021-10-28,48.0665,48.5993,48.0014,48.5645,11872000
2021-10-29,48.0078,48.8011,48.0078,48.757,15564000
2021-11-01,48.6351,48.8405,48.139,48.4251,16896000
2021-11-02,48.37,49.5961,48.2994,49.2523,16262000
2021-11-03,49.4338,49.8685,48.9496,49.7383,14038000
2021-11-04,49.8694,50.3527,49.6053,50.3115,15956000
2021-11-05,50.438,51.3248,50.4206,51.256,18674000
2021-11-08,51.5357,51.7118,51.1808,51.2588,17231000
2021-11-09,51.2808,51.5293,50.9094,51.1533,15838000
2021-11-10,50.8323,51.4376,50.2592,50.3252,18450000
2021-11-11,50.6847,51.091,50.3289,50.9332,14157000
2021-11-12,51.2093,51.8906,50.8589,51.6504,13592000
2021-11-15,52.0603,52.0603,51.3395,51.8842,13972000
2021-11-16,51.7301,52.229,51.6063,52.1593,13194000
2021-11-17,52.1016,52.3968,51.7311,52.2391,12532000
2021-11-18,52.373,52.8893,52.2391,52.7132,12712000
2021-11-19,52.848,52.9333,51.8989,52.1547,19612000
2021-11-22,52.4262,52.4592,50.6654,50.7388,25898000
2021-11-23,50.6599,50.9754,50.3032,50.9075,17109000
2021-11-24,50.7342,51.2707,50.1987,51.2386,12084000
2021-11-26,50.6003,51.1075,49.8254,50.1253,14219000
2021-11-29,51.0066,52.0474,50.7755,51.7531,18703000
2021-11-30,51.6549,51.8127,50.6214,50.7755,22574000
2021-12-01,51.6742,52.1327,50.7434,50.8745,21980000
2021-12-02,50.0776,51.2735,49.8878,50.6627,22619000
2021-12-03,51.8081,52.1804,50.4747,51.1827,20305000
2021-12-06,51.7815,52.1226,50.9837,51.8118,22482000
2021-12-07,52.4555,54.3878,52.4555,54.1429,29562000
2021-12-08,54.1924,54.1924,53.412,53.9742,17998000
2021-12-09,53.4139,54.1282,53.4139,53.5028,29080000
2021-12-10,57.2224,59.1271,56.7281,57.9285,57087000
2021-12-13,58.1413,58.1798,56.9702,57.0096,26898000
2021-12-14,56.6593,56.7308,55.5405,56.3906,35956000
2021-12-15,56.4511,58.7704,55.9715,58.6787,29092000
2021-12-16,58.4494,58.752,56.0779,56.9197,42748000
2021-12-17,56.6309,58.6906,56.408,58.2293,50661000
2021-12-20,57.4351,59.25,57.3242,59.1528,32770000
2021-12-21,59.8145,59.941,58.4486,59.6429,36534000
2021-12-22,59.3734,60.6507,58.9987,60.4698,28383000
2021-12-23,60.5556,61.9031,60.5556,61.3558,23596000
2021-12-27,61.3558,62.4172,61.3244,62.2307,19442000
2021-12-28,62.5325,62.5519,61.5616,61.7434,17247000
2021-12-29,61.8173,62.4818,61.7545,62.0766,14797000
2021-12-30,62.1218,62.3618,61.2672,61.3816,11473000
2021-12-31,61.5561,61.9566,61.2146,61.4121,12046000
2022-01-03,61.4961,61.9926,61.0254,61.2192,22591000
2022-01-04,61.1786,62.0378,60.6571,61.9206,21103000
2022-01-05,61.9474,61.9474,59.2525,59.3438,34961000
2022-01-06,59.0817,59.8653,58.5529,58.7928,28581000
2022-01-07,58.6839,59.0586,57.079,57.1427,27832000
2022-01-10,56.193,57.4094,55.7048,57.3282,29793000
2022-01-11,56.8095,57.9595,56.72,57.4103,19037000
2022-01-12,57.9142,58.2354,57.1971,57.4057,18806000
2022-01-13,57.9105,57.9484,54.8354,55.1159,30048000
2022-01-14,54.9858,55.4103,54.6369,55.0402,25661000
2022-01-18,54.2973,54.5483,53.1593,53.3255,35825000
2022-01-19,53.6752,53.966,51.9909,52.05,22692000
2022-01-20,52.4219,52.6194,50.4626,50.5502,25225000
2022-01-21,50.4506,51.259,49.0385,49.2129,38010000
2022-01-24,48.997,50.1617,47.3828,49.9836,54256000
2022-01-25,48.7302,50.3361,48.3814,49.2969,38158000
2022-01-26,50.9452,52.9914,50.7671,51.4178,49715000
2022-01-27,52.5807,52.6305,49.9328,50.0509,34183000
2022-01-28,50.1478,51.7297,49.1354,51.6928,30254000
2022-01-31,51.6282,54.1173,51.3144,54.0721,40288000
2022-02-01,54.0712,54.8123,53.1436,54.7034,25719000
2022-02-02,55.283,55.8183,54.7874,55.6918,24443000
2022-02-03,54.9756,55.2848,53.5405,53.6079,30602000
2022-02-04,53.1953,55.055,53.1732,54.4671,20548000
2022-02-07,54.4671,55.5211,53.9134,54.2336,18671000
2022-02-08,54.3028,55.546,54.1745,55.3956,14570000
2022-02-09,56.0536,56.4569,55.5192,56.4219,22004000
2022-02-10,54.9415,56.7264,54.3204,54.5779,24920000
2022-02-11,54.5779,55.3531,52.5216,52.9221,27281000
2022-02-14,53.068,53.7888,52.613,53.3984,19291000
2022-02-15,54.3628,55.9327,54.2908,55.6309,34284000
2022-02-16,54.827,55.45,54.1958,55.1178,22931000
2022-02-17,54.4247,54.5982,53.427,53.4371,21424000
2022-02-18,53.6162,54.2438,52.9092,53.5285,19708000
2022-02-22,53.5285,54.4717,52.589,53.295,20204000
2022-02-23,53.5507,53.9974,52.1211,52.1626,22416000
2022-02-24,50.9065,54.0546,50.6702,53.5294,35316000
2022-02-25,53.5137,54.3951,52.9757,54.2687,22380000
2022-02-28,53.6217,54.6646,53.1953,54.2161,25005000
2022-03-01,53.9715,54.2327,52.1727,52.6176,24898000
2022-03-02,53.0237,54.5013,52.9369,54.0629,21771000
2022-03-03,54.792,54.7938,53.0061,53.4002,26454000
2022-03-04,54.7098,55.9207,53.8995,55.0052,44757000
2022-03-07,55.1058,55.2627,52.6065,52.6711,26494000
2022-03-08,52.8068,55.0107,52.0168,53.1557,26993000
2022-03-09,54.3407,55.5266,54.1755,55.1002,22560000
2022-03-10,54.0426,54.4542,53.1944,54.2428,19323000
2022-03-11,54.6369,54.8612,53.2636,53.331,19813000
2022-03-14,53.2488,53.5276,52.122,52.4035,25234000
2022-03-15,53.2775,55.0762,53.0717,54.7071,28260000
2022-03-16,55.0661,56.0868,53.9041,56.0324,29454000
2022-03-17,55.8109,56.0213,55.1565,55.6217,18174000
2022-03-18,55.7417,56.5944,55.0052,56.336,41538000
2022-03-21,56.2701,56.2701,54.7146,55.8696,25789000
2022-03-22,55.9095,57.0041,55.6875,56.8034,19262000
2022-03-23,56.493,56.8062,55.6717,55.6921,13839000
2022-03-24,56.3658,58.2789,55.9356,58.2055,26016000
2022-03-25,58.2659,58.5753,57.6145,58.4322,14538000
2022-03-28,58.1544,58.8438,57.2159,58.8048,14427000
2022-03-29,59.4664,59.9598,58.5372,59.603,23001000
2022-03-30,59.3614,59.865,58.2891,58.6385,18626000
2022-03-31,58.5818,59.3735,58.356,58.5075,21731000
2022-04-01,58.6942,58.9618,57.4863,58.2566,16267000
2022-04-04,58.2046,59.1616,58.028,58.9879,16484000
2022-04-05,58.4954,58.7472,56.9576,57.0617,19778000
2022-04-06,55.943,56.8266,55.1709,55.9356,23742000
2022-04-07,55.7339,56.4596,55.1216,56.0331,16583000
2022-04-08,55.5063,55.6187,54.4461,54.5418,20464000
2022-04-11,54.1311,54.7537,53.8384,53.9481,23512000
2022-04-12,54.7379,55.6187,54.093,54.3625,17350000
2022-04-13,54.6812,55.444,54.4535,55.0566,20266000
2022-04-14,55.2842,55.4766,53.228,53.32,27385000
2022-04-18,53.227,54.9339,53.227,54.4954,21375000
2022-04-19,53.8319,55.6289,53.8319,55.5286,16581000
2022-04-20,56.14,56.9976,55.2972,55.5379,13920000
2022-04-21,56.2645,57.2243,54.8819,55.0742,20352000
2022-04-22,54.8308,55.6327,54.4731,54.5372,21064000
2022-04-25,54.0298,54.7053,53.0663,54.6236,26959000
2022-04-26,54.2445,54.3987,52.0061,52.0396,35809000
2022-04-27,51.6419,52.9697,51.5685,51.9903,19313000
2022-04-28,52.585,54.3578,51.8445,53.7929,22334000
2022-04-29,53.2057,53.7316,51.4198,51.5118,26108000
2022-05-02,51.7673,53.6721,51.6967,53.5523,26725000
2022-05-03,53.5207,54.5186,53.1267,54.0001,17064000
2022-05-04,54.0577,56.1279,53.332,56.0898,23896000
2022-05-05,55.2136,55.5518,53.3608,53.8905,32806000
2022-05-06,53.4212,54.8187,52.9093,53.9007,20745000
2022-05-09,53.2298,53.7056,52.0582,52.3044,30074000
2022-05-10,53.9369,54.9274,53.1295,54.0206,29271000
2022-05-11,53.3878,54.3272,52.5776,52.6937,26660000
2022-05-12,52.349,53.2977,51.8714,53.1081,25518000
2022-05-13,53.6173,54.9683,53.2874,54.657,19449000
2022-05-16,54.2984,54.7407,53.673,54.1395,14189000
2022-05-17,55.327,56.586,55.156,56.507,24676000
2022-05-18,55.7497,55.8166,52.6073,53.0152,35024000
2022-05-19,51.8473,52.1028,50.0781,50.7518,34884000
2022-05-20,51.4663,51.5676,47.614,50.4712,40281000
2022-05-23,48.6881,49.7631,47.7831,48.9074,58586000
2022-05-24,48.9352,49.1406,47.9624,48.7067,25060000
2022-05-25,48.6788,49.9378,48.6788,49.397,17842000
2022-05-26,49.3887,51.5285,49.0337,51.1652,39743000
2022-05-27,52.2273,54.3987,52.034,54.1962,37301000
2022-05-31,54.3095,54.5446,53.5197,53.9035,30009000
2022-06-01,54.5957,54.9079,52.8164,53.2986,18345000
2022-06-02,53.6823,53.6842,52.7885,53.5885,29488000
2022-06-03,52.8572,52.9251,52.1241,52.3416,20562000
2022-06-06,53.1035,53.215,51.8045,52.1474,14557000
2022-06-07,52.0832,53.3841,51.8036,53.2401,15895000
2022-06-08,53.1313,53.5448,52.2319,52.5311,24004000
2022-06-09,52.1409,53.3004,51.6549,51.6818,18787000
2022-06-10,51.1123,51.2005,50.1487,50.2928,24018000
2022-06-13,48.9464,49.5243,47.9466,48.0953,31619000
2022-06-14,48.7782,48.7782,47.8138,48.3322,24380000
2022-06-15,49.1666,49.6015,47.9002,48.9399,19141000
2022-06-16,47.5685,47.7989,45.7408,46.1961,37244000
2022-06-17,45.9935,46.4916,45.331,46.3327,43504000
2022-06-21,47.2255,47.8654,47.114,47.1965,21901000
2022-06-22,46.4976,47.1965,46.2999,46.4779,24721000
2022-06-23,47.0072,47.0072,46.001,46.5229,16707000
2022-06-24,47.3117,47.9488,46.9791,47.6949,21201000
2022-06-27,48.1361,48.1586,47.1075,47.3782,13207000
2022-06-28,48.0247,48.1689,46.6662,46.6981,15667000
2022-06-29,46.4198,46.462,45.5944,45.9448,14444000
2022-06-30,45.7218,46.2568,45.036,45.5139,18890000
2022-07-01,44.9143,45.3696,43.9793,44.7672,21315000
2022-07-05,44.22,44.6819,43.4621,44.6229,20711000
2022-07-06,45.0192,45.63,44.5479,45.2141,22975000
2022-07-07,45.7293,46.9735,45.7293,46.7065,21319000
2022-07-08,46.1865,46.8086,45.9064,46.7205,12713000
2022-07-11,45.8586,46.0582,45.0613,45.2375,21449000
2022-07-12,45.7022,46.15,44.9761,45.0979,21159000
2022-07-13,44.4992,45.4979,44.2472,45.1316,17665000
2022-07-14,45.1991,45.5954,44.354,45.4042,19957000
2022-07-15,45.9842,46.3505,45.5438,46.3242,18714000
2022-07-18,46.8582,47.069,45.7368,46.0057,18042000
2022-07-19,46.5435,47.9066,46.4582,47.6864,27257000
2022-07-20,47.737,48.4931,47.262,47.9459,27412000
2022-07-21,48.019,48.5118,47.4072,48.4996,13912000
2022-07-22,48.6055,48.6973,47.4691,48.0162,17867000
2022-07-25,47.8232,48.0912,47.455,48.0715,15061000
2022-07-26,48.2139,48.4181,47.6789,47.8822,17958000
2022-07-27,48.5484,49.6717,48.4294,49.4468,25699000
2022-07-28,49.5218,50.2647,48.7713,49.9921,14867000
2022-07-29,49.8394,50.3874,49.6791,50.1673,18482000
2022-08-01,49.7878,50.5711,49.6951,50.2506,11485000
2022-08-02,49.9555,50.5158,49.3943,49.7672,13072000
2022-08-03,50.1495,51.3402,50.0398,51.2222,19228000
2022-08-04,51.3786,51.8227,51.0601,51.7899,16293000
2022-08-05,51.0498,51.715,50.898,51.6625,14357000
2022-08-08,51.4667,51.8077,50.4727,51.1088,13722000
2022-08-09,50.5055,50.5298,49.4431,49.9162,20072000
2022-08-10,51.1585,51.6232,50.5195,51.566,19519000
2022-08-11,51.8976,52.2555,50.9889,51.0994,14268000
2022-08-12,51.3224,52.3155,51.12,52.2986,18399000
2022-08-15,51.9239,52.4448,51.5744,52.367,14329000
2022-08-16,52.2321,52.2715,51.1538,51.6822,14782000
2022-08-17,51.0001,51.032,49.7513,50.4586,19022000
2022-08-18,50.9102,52.5169,50.7434,52.3192,23459000
2022-08-19,51.6082,52.0504,51.328,51.3805,16923000
2022-08-22,50.8315,50.8802,49.3775,49.5367,18555000
2022-08-23,50.0146,50.3678,49.5517,49.6333,9003000
2022-08-24,49.6126,49.7756,49.0393,49.7326,11883000
2022-08-25,49.9771,51.5726,49.8656,51.5398,17345000
2022-08-26,51.4189,51.6203,48.717,48.7976,25682000
2022-08-29,48.717,48.9737,47.9675,48.1717,16580000
2022-08-30,48.4209,48.5212,46.9735,47.4419,18282000
2022-08-31,47.7951,47.7951,46.5191,46.7599,32445000
2022-09-01,46.0441,46.2146,45.0482,46.0947,31930000
2022-09-02,48.5296,48.6992,46.684,46.8639,40426000
2022-09-06,46.7056,47.218,45.9411,46.6746,24738000
2022-09-07,47.1159,47.7267,46.7571,47.3239,20440000
2022-09-08,47.0868,48.0368,46.7215,47.9609,22535000
2022-09-09,48.2898,49.2763,48.2898,48.9418,23019000
2022-09-12,49.3494,49.7719,49.1442,49.5658,18157000
2022-09-13,48.1399,48.5549,47.0007,47.1852,35136000
2022-09-14,47.5113,48.0612,47.1028,47.8504,20605000
2022-09-15,47.6799,47.9263,46.5884,46.8564,36574000
2022-09-16,46.6297,47.189,45.8933,47.0775,59012000
2022-09-19,46.3205,47.1609,46.3205,47.0156,17948000
2022-09-20,46.4685,46.7336,45.8802,46.1931,17132000
2022-09-21,46.3849,47.2247,45.5138,45.5488,20669000
2022-09-22,45.5762,45.6499,44.6853,45.1208,23540000
2022-09-23,44.8695,45.1567,43.6461,44.2772,29649000
2022-09-26,44.3055,44.7136,43.5809,43.6707,19361000
2022-09-27,44.3594,44.3915,43.1275,43.9059,17850000
2022-09-28,43.5838,44.2838,43.1123,44.0202,27605000
2022-09-29,43.5422,43.5866,42.0287,42.5247,39997000
2022-09-30,42.4236,43.2512,41.9116,41.9466,27202000
2022-10-03,42.4406,43.5469,42.2262,43.153,21479000
2022-10-04,44.2602,45.3617,44.0108,45.3334,27277000
2022-10-05,44.6428,46.1109,44.5398,45.8001,18493000
2022-10-06,45.7046,46.263,45.2257,45.2994,17250000
2022-10-07,44.6267,44.7174,43.3646,43.5025,28425000
2022-10-10,43.4572,43.4666,40.7968,41.3504,33454000
2022-10-11,41.1143,41.4449,40.2054,40.6948,28046000
2022-10-12,40.8356,41.1634,40.435,40.6768,15046000
2022-10-13,39.4345,41.9239,39.2125,41.3759,27980000
2022-10-14,41.8776,41.9418,40.2839,40.349,22816000
2022-10-17,41.5252,41.6849,40.9433,41.1303,24120000
2022-10-18,42.3433,42.3755,40.6381,41.0793,20341000
2022-10-19,40.9281,41.4071,40.7061,41.1237,12702000
2022-10-20,41.1077,41.7746,40.4473,40.6514,23402000
2022-10-21,40.8205,42.5748,40.5446,42.4869,26980000
2022-10-24,42.7704,43.3429,42.6173,43.1284,25287000
2022-10-25,43.2673,43.8596,43.1577,43.4638,18246000
2022-10-26,43.2673,44.5682,43.0169,43.5686,29291000
2022-10-27,44.0287,44.4746,42.9763,43.0226,18512000
2022-10-28,43.17,44.8119,43.0462,44.6759,23094000
2022-10-31,44.1043,44.6674,43.9305,44.4132,19259000
2022-11-01,44.9498,45.0471,43.7566,44.2035,16324000
2022-11-02,44.4283,45.3891,43.0528,43.0821,21070000
2022-11-03,42.6013,42.7826,41.6962,41.957,23887000
2022-11-04,43.1605,44.297,42.8223,43.9579,28891000
2022-11-07,44.0967,45.1331,43.6055,44.895,17687000
2022-11-08,45.4647,46.178,44.7325,45.5459,20743000
2022-11-09,45.2049,45.2521,44.3102,44.3518,23695000
2022-11-10,46.3858,47.9134,46.0259,47.8567,33970000
2022-11-11,47.6895,49.031,47.425,48.945,26728000
2022-11-14,48.69,49.5997,48.4642,48.485,21608000
2022-11-15,50.0664,50.313,48.7391,49.5431,23315000
2022-11-16,48.8156,48.9876,48.2072,48.3442,25405000
2022-11-17,47.7084,48.4396,47.5327,48.3801,20375000
2022-11-18,48.8298,48.911,48.2752,48.6682,14536000
2022-11-21,48.4585,49.2058,48.2856,48.8836,18622000
2022-11-22,49.4061,50.0967,49.032,50.0749,18920000
2022-11-23,50.1033,51.1548,49.9568,50.4141,13964000
2022-11-25,50.1354,50.5029,50.0211,50.0617,7455000
2022-11-28,49.6205,49.9531,48.7703,49.3343,23505000
2022-11-29,49.4089,49.6782,48.6371,49.2568,12694000
2022-11-30,49.5138,52.1165,48.9205,52.057,47349000
2022-12-01,52.057,52.1883,51.2001,52.0305,23006000
2022-12-02,50.7362,51.27,50.6446,51.0905,19320000
2022-12-05,50.8043,50.9658,49.6441,50.1307,18548000
2022-12-06,50.1316,50.4075,49.2908,49.6753,19655000
2022-12-07,49.0877,49.5978,48.7523,48.9838,16524000
2022-12-08,49.202,50.2988,49.1614,50.1722,27514000
2022-12-09,52.0485,52.2091,51.1094,51.4608,37028000
2022-12-12,51.4637,52.6087,51.2265,52.586,23416000
2022-12-13,54.3989,54.9676,53.3796,53.9473,40414000
2022-12-14,53.7121,55.3276,53.6346,54.2686,35218000
2022-12-15,53.2615,53.5175,52.6871,52.7154,36876000
2022-12-16,52.6635,52.8855,52.0418,52.518,49549000
2022-12-19,52.7761,53.0105,51.9855,52.3579,25092000
2022-12-20,51.9331,52.2979,51.5282,51.8235,29831000
2022-12-21,52.1712,53.5277,52.1027,53.463,25619000
2022-12-22,52.7123,52.8638,52.1265,52.6875,27553000
2022-12-23,52.3932,52.738,52.1503,52.6247,13761000
2022-12-27,52.5408,53.1658,52.1017,52.7304,16677000
2022-12-28,52.5494,53.1334,51.674,51.9064,15410000
2022-12-29,52.5694,53.5935,52.4408,53.1372,18176000
2022-12-30,52.5666,53.3124,52.2036,53.2629,14376000
2023-01-03,53.8221,54.0669,52.4685,52.7247,20173000
2023-01-04,53.6306,54.1231,52.9676,53.3687,17074000
2023-01-05,52.9371,53.3306,52.4999,52.8714,16277000
2023-01-06,53.643,56.2989,53.5649,56.054,35261000
2023-01-09,56.4227,57.3153,53.3991,54.9547,37739000
2023-01-10,54.4889,54.7871,52.3922,54.768,44635000
2023-01-11,54.5842,55.0929,54.0002,55.0738,22502000
2023-01-12,54.8309,55.7378,54.6566,55.4358,19514000
2023-01-13,54.9795,55.4349,54.9338,55.1557,19647000
2023-01-17,54.7652,55.7616,54.7309,55.1786,15835000
2023-01-18,55.5568,55.9712,54.6528,54.7071,15703000
2023-01-19,54.2146,54.3041,53.3753,53.6525,22692000
2023-01-20,53.6344,54.428,53.261,54.3727,22950000
2023-01-23,54.4889,55.7073,54.2774,55.4063,23429000
2023-01-24,55.1024,55.8883,54.8347,55.7302,13825000
2023-01-25,55.029,55.915,54.8738,55.7921,13766000
2023-01-26,56.2427,57.2096,55.8473,57.0209,24525000
2023-01-27,56.5199,57.0848,56.2217,56.2979,19344000
2023-01-30,55.5368,56.1665,55.2281,55.3891,16984000
2023-01-31,55.4482,55.9397,55.3215,55.7283,23719000
2023-02-01,55.5911,57.9469,55.5082,57.4182,26553000
2023-02-02,57.8831,58.4079,57.1324,57.7059,24188000
2023-02-03,56.9657,57.9221,56.799,56.9295,19093000
2023-02-06,56.5218,57.4629,56.4189,57.2801,18709000
2023-02-07,57.2191,58.7766,57.1295,58.5327,24025000
2023-02-08,57.7926,58.126,57.2153,57.3191,15290000
2023-02-09,58.3565,58.5785,56.7256,57.1,18837000
2023-02-10,56.8047,57.0095,56.1684,56.5132,21035000
2023-02-13,56.6799,57.2972,56.5342,57.2629,19847000
2023-02-14,56.6008,57.6878,56.5199,57.3763,17571000
2023-02-15,57.0476,57.945,56.8418,57.8888,12683000
2023-02-16,57.2277,58.0078,57.1133,57.2076,17449000
2023-02-17,57.1562,57.2372,56.437,56.7361,14215000
2023-02-21,56.2036,56.498,55.2358,55.3977,22737000
2023-02-22,55.4653,55.5454,54.4985,54.8862,23475000
2023-02-23,55.7988,55.8169,54.649,55.613,18939000
2023-02-24,55.0157,55.2739,54.6423,55.0367,15353000
2023-02-27,55.8102,56.1845,55.6568,55.7702,18321000
2023-02-28,55.7807,57.0209,55.4587,56.6123,27822000
2023-03-01,56.5847,56.9857,56.2322,56.5437,15484000
2023-03-02,56.1455,57.2458,55.8349,57.0276,27525000
2023-03-03,58.8423,60.5599,58.6566,60.2769,46088000
2023-03-06,60.4903,61.3524,60.1788,60.2922,24983000
2023-03-07,60.4779,60.5646,59.3958,59.552,19334000
2023-03-08,59.8025,60.2741,59.411,60.2293,20912000
2023-03-09,60.0216,61.1991,59.2405,59.3015,21775000
2023-03-10,59.8416,60.0293,58.3775,58.5689,26098000
2023-03-13,57.8316,59.4796,57.8116,58.7251,22364000
2023-03-14,59.3844,60.335,58.9185,60.2484,25893000
2023-03-15,59.7921,60.0207,58.6994,59.6368,22963000
2023-03-16,59.2376,60.6875,58.8528,60.6332,31716000
2023-03-17,60.6332,60.9257,59.7359,60.1064,79303000
2023-03-20,60.275,61.4182,60.1664,61.32,25857000
2023-03-21,61.7019,62.0377,60.8614,61.0936,25000000
2023-03-22,61.108,62.221,60.5103,60.5342,25799000
2023-03-23,61.2999,62.1903,60.5928,61.3316,27162000
2023-03-24,61.2164,61.3383,60.3069,61.038,17228000
2023-03-27,61.3095,61.3191,60.0612,60.1428,14707000
2023-03-28,59.9883,60.114,59.3771,59.9375,12439000
2023-03-29,60.7127,60.8307,59.9317,60.0142,26395000
2023-03-30,60.7079,61.0264,60.3788,60.8058,21523000
2023-03-31,60.4978,61.6184,60.0535,61.5532,22097000
2023-04-03,61.3095,61.7796,61.0639,61.6424,15682000
2023-04-04,61.7077,61.8122,60.6379,60.8691,13429000
2023-04-05,60.5554,60.6091,60.0334,60.351,16908000
2023-04-06,59.8856,60.2925,59.3877,59.7398,14493000
2023-04-10,59.2994,60.2416,59.1459,60.1955,15400000
2023-04-11,60.5208,60.5304,59.5652,59.6371,16518000
2023-04-12,60.1908,60.208,59.1277,59.1699,14112000
2023-04-13,59.3973,60.1102,59.2092,59.8933,17265000
2023-04-14,59.5326,60.257,59.0269,59.4424,17465000
2023-04-17,59.3532,60.2867,59.2764,60.1927,13201000
2023-04-18,60.6014,60.9737,60.1706,60.6686,16806000
2023-04-19,60.138,61.0974,60.019,60.8777,19060000
2023-04-20,60.2406,61.6674,60.1716,60.7357,20239000
2023-04-21,60.5035,60.8106,59.6774,60.7242,14807000
2023-04-24,60.7952,61.2951,60.6177,60.8816,12338000
2023-04-25,60.8288,61.0207,59.6535,59.6803,23670000
2023-04-26,59.4836,59.7868,58.8638,59.121,17179000
2023-04-27,59.1209,59.4951,57.8775,59.334,18250000
2023-04-28,59.3973,60.137,58.9646,60.1102,16183000
2023-05-01,60.1102,61.3085,60.0814,61.2087,17030000
2023-05-02,60.0392,60.1102,58.0492,58.7516,28357000
2023-05-03,59.1891,59.6736,58.7573,58.8341,19816000
2023-05-04,58.5271,58.907,57.6914,58.5424,17684000
2023-05-05,59.0979,60.587,58.8504,60.4575,24876000
2023-05-08,60.4249,60.516,59.5422,60.3558,13934000
2023-05-09,59.7484,59.877,59.0893,59.3436,16990000
2023-05-10,59.6842,60.2541,59.3205,60.0881,19174000
2023-05-11,60.1178,60.3001,59.2937,60.2224,14430000
2023-05-12,60.2905,60.705,59.8904,60.5563,11942000
2023-05-15,60.6254,61.4074,60.2992,61.3862,14614000
2023-05-16,61.4496,62.0684,61.2836,61.5436,14967000
2023-05-17,62.1106,63.4107,61.8448,63.0816,24133000
2023-05-18,62.9406,65.1819,62.9406,65.0418,26389000
2023-05-19,65.2433,65.7182,65.0907,65.4591,22968000
2023-05-22,65.3776,65.6923,64.6791,65.0869,17796000
2023-05-23,66.2641,67.0653,65.4371,65.8669,36088000
2023-05-24,65.3814,65.6568,64.8653,65.1982,23021000
2023-05-25,67.1056,70.2699,66.2766,69.9254,49263000
2023-05-26,71.7129,78.1941,71.6736,77.9782,82500000
2023-05-30,80.1264,88.4411,76.6426,77.0772,116912000
2023-05-31,76.2675,78.8359,75.8098,77.5205,89998000
2023-06-01,76.8163,77.3123,75.333,75.7925,80792000
2023-06-02,75.8587,79.0374,75.5287,77.9081,62815000
2023-06-05,77.6395,77.6395,76.2272,76.9775,26222000
2023-06-06,76.9487,76.9487,74.4905,75.7973,37823000
2023-06-07,75.7801,77.2797,75.5584,76.0497,28957000
2023-06-08,76.2684,77.2375,75.6803,77.1598,21909000
2023-06-09,77.3133,78.4598,77.1291,77.2001,19241000
2023-06-12,77.8237,82.3217,77.8237,82.0684,51065000
2023-06-13,82.622,82.8263,80.6906,81.6616,38990000
2023-06-14,82.1202,85.2518,81.2874,85.0254,43524000
2023-06-15,84.8556,85.1971,83.5709,84.7616,33814000
2023-06-16,85.3229,85.3871,83.0365,83.2917,68299000
2023-06-20,82.7688,84.1513,82.6105,83.284,27535000
2023-06-21,82.9531,83.5319,81.4677,81.7629,23229000
2023-06-22,81.515,81.8834,80.5716,81.2584,23464000
2023-06-23,80.4462,80.6401,78.9839,79.3022,37413000
2023-06-26,79.5771,80.7346,79.1161,79.2521,21372000
2023-06-27,79.9321,81.9886,79.1913,81.8342,24923000
2023-06-28,80.9015,82.8114,80.7404,81.7899,19445000
2023-06-29,82.4178,83.2271,81.6423,83.201,23386000
2023-06-30,83.775,84.3585,83.3708,83.6698,23145000
2023-07-03,83.7846,84.5669,83.4277,84.5389,9038000
2023-07-05,83.6669,84.5833,83.122,83.1326,14440000
2023-07-06,81.5063,82.3648,81.4417,81.7957,23939000
2023-07-07,82.03,82.7593,81.4735,81.6751,19409000
2023-07-10,81.8227,84.8022,81.8227,84.6633,30622000
2023-07-11,84.9893,85.1717,83.3997,85.08,25498000
2023-07-12,85.7504,86.579,85.0752,85.842,28197000
2023-07-13,86.7092,86.7092,84.7154,85.8816,25912000
2023-07-14,85.4765,87.1346,85.4765,85.7099,18510000
2023-07-17,85.9443,88.0856,85.8256,87.8098,26819000
2023-07-18,87.3882,87.7664,86.6436,87.1423,24513000
2023-07-19,86.5481,87.3873,85.4254,86.9436,24118000
2023-07-20,86.0919,87.4866,85.461,85.6867,28268000
2023-07-21,87.2445,87.8869,86.2163,86.4979,74287000
2023-07-24,86.8886,87.3362,86.2549,86.9648,19992000
2023-07-25,86.8712,89.0473,86.8712,88.5467,20042000
2023-07-26,87.6795,87.8358,85.6202,86.1449,19877000
2023-07-27,87.6313,87.7615,85.461,86.1874,21922000
2023-07-28,86.7458,87.1548,86.2279,86.7912,18791000
2023-07-31,86.5703,86.9079,85.9433,86.6812,14952000
2023-08-01,86.713,88.8004,86.5896,88.7406,19683000
2023-08-02,87.9979,88.0654,85.8748,86.0687,26877000
2023-08-03,85.5208,86.361,84.9865,85.3626,18281000
2023-08-04,85.3627,86.196,84.2428,85.0415,21156000
2023-08-07,85.6231,86.5577,85.3906,86.5278,11146000
2023-08-08,85.8555,85.9047,84.2457,85.1871,14081000
2023-08-09,85.1447,85.2228,81.8651,82.059,24672000
2023-08-10,82.2895,83.0978,80.7414,81.3037,20186000
2023-08-11,80.4462,80.6768,79.4305,80.0363,20331000
2023-08-14,80.1684,82.3918,79.8067,82.3841,17688000
2023-08-15,81.9124,82.4342,80.6825,81.2671,14035000
2023-08-16,81.7754,82.4226,80.2485,80.3478,16003000
2023-08-17,80.6874,80.9681,79.771,79.7797,19228000
2023-08-18,79.0949,79.8829,78.3232,79.6582,17759000
2023-08-21,80.4511,83.6612,80.2302,83.4489,30012000
2023-08-22,84.2466,84.3759,82.0734,82.5471,17079000
2023-08-23,82.0628,84.7077,81.9886,84.5524,19692000
2023-08-24,87.0381,87.7625,82.2259,82.4188,30934000
2023-08-25,82.6657,83.8637,80.7993,82.1641,24181000
2023-08-28,82.6049,83.3515,81.7098,83.0573,14306000
2023-08-29,82.7988,86.1208,82.6078,85.8401,27822000
2023-08-30,86.0774,86.687,84.7964,86.0668,23234000
2023-08-31,86.6195,89.0946,86.2105,89.0193,55203000
2023-09-01,86.9918,86.9918,83.4026,84.1608,65017000
2023-09-05,83.8704,85.1717,83.6283,84.127,24808000
2023-09-06,84.1589,84.6286,83.6033,84.1367,20142000
2023-09-07,82.9049,83.1162,81.0742,82.6667,27789000
2023-09-08,82.4709,83.0332,82.0001,82.7168,16810000
2023-09-11,83.7991,83.8213,81.569,82.8702,15710000
2023-09-12,82.0117,82.7863,81.1841,81.46,16680000
2023-09-13,81.7175,82.8673,81.433,82.2712,17413000
2023-09-14,82.8596,84.5611,82.4709,84.0759,19648000
2023-09-15,83.7402,83.7402,81.3037,82.1506,50190000
2023-09-18,81.2729,82.5991,81.024,81.9886,16541000
2023-09-19,81.6018,82.0879,80.8793,81.9114,13126000
2023-09-20,82.4342,82.4342,80.5294,80.5508,13681000
2023-09-21,77.1118,79.7681,77.1098,78.3968,53654000
2023-09-22,78.6761,80.5517,78.5927,80.4062,27764000
2023-09-25,80.3015,81.3256,79.8176,80.8727,15648000
2023-09-26,80.415,80.5216,78.6732,79.1561,17641000
2023-09-27,79.4539,79.8825,78.0108,79.2163,15352000
2023-09-28,79.5421,81.3547,79.0097,80.6894,16180000
2023-09-29,81.121,81.8571,79.8079,80.5517,16481000
2023-10-02,80.4043,81.3256,79.8651,80.9755,14676000
2023-10-03,80.2045,81.0531,78.4501,79.0242,18761000
2023-10-04,79.5576,80.5517,79.1668,79.8951,16417000
2023-10-05,79.5363,80.3626,79.0873,79.9,11474000
2023-10-06,79.4675,82.279,78.7226,81.9754,21103000
2023-10-09,81.5099,83.0762,81.2548,83.0054,15760000
2023-10-10,83.1286,84.6221,82.9899,83.2508,14718000
2023-10-11,83.3768,84.8927,83.0704,84.817,14334000
2023-10-12,84.9984,89.0231,84.9984,87.8273,43871000
2023-10-13,88.1571,89.7971,85.5473,85.653,28312000
2023-10-16,86.4085,88.8156,86.4085,87.5335,21150000
2023-10-17,85.8441,86.6034,83.9868,85.7713,33008000
2023-10-18,85.3398,86.8604,84.8791,86.0264,20404000
2023-10-19,86.0254,86.265,83.9548,84.1643,26620000
2023-10-20,84.85,84.85,82.6136,82.7872,26953000
2023-10-23,83.2071,84.7239,81.7388,83.6202,16456000
2023-10-24,83.7929,85.6355,83.7075,85.4522,14972000
2023-10-25,85.0604,85.2214,82.0549,82.3992,21432000
2023-10-26,82.2324,82.8638,79.3646,80.1803,27917000
2023-10-27,80.4955,81.4857,80.3539,81.3062,18236000
2023-10-30,81.572,82.3798,80.2191,81.5865,20889000
2023-10-31,81.8425,81.9987,80.7476,81.5981,14747000
2023-11-01,81.6593,82.8066,81.0357,82.7202,18684000
2023-11-02,83.5989,85.3931,83.4049,84.5008,18759000
2023-11-03,85.1021,86.072,84.4776,85.6045,18041000
2023-11-06,85.4959,85.9158,84.4921,85.4251,12870000
2023-11-07,85.5696,87.4559,84.9722,87.0728,19365000
2023-11-08,87.2842,88.5363,87.1873,88.3636,15280000
2023-11-09,88.4965,90.1743,88.1144,88.3879,24486000
2023-11-10,89.3926,93.0014,89.0503,92.8627,36272000
2023-11-13,92.1382,92.3661,91.2101,91.8356,16893000
2023-11-14,93.3301,94.7296,92.6425,94.3601,23886000
2023-11-15,94.9953,95.2126,93.7733,94.5967,16099000
2023-11-16,93.4911,93.9469,92.1838,93.0595,26198000
2023-11-17,92.9296,95.4201,92.2303,94.8227,19789000
2023-11-20,94.364,96.9699,94.364,96.5664,18674000
2023-11-21,94.5579,96.1096,94.2311,95.1592,43344000
2023-11-22,95.4007,95.8177,94.17,94.267,33743000
2023-11-24,94.554,95.0293,93.7578,94.9332,23158000
2023-11-27,94.6695,95.1408,92.0684,92.1566,96962000
2023-11-28,91.1577,92.2168,90.5972,91.7794,39025000
2023-11-29,91.9724,93.0479,91.1024,91.244,34843000
2023-11-30,91.2605,91.3982,89.0658,89.7796,49571000
2023-12-01,89.4625,90.5719,88.0601,90.1937,29612000
2023-12-04,89.286,90.2878,88.8786,89.6089,25009000
2023-12-05,88.4092,88.9591,87.8516,88.5566,37066000
2023-12-06,89.2588,89.318,87.5849,87.6373,24813000
2023-12-07,87.8215,89.6235,87.6373,89.4431,43517000
2023-12-08,89.9842,92.2042,88.3055,91.5806,69668000
2023-12-11,92.8132,100.8143,92.724,99.8183,101184000
2023-12-12,99.697,104.6819,99.3663,103.9924,90242000
2023-12-13,103.5773,106.6594,103.0478,105.6808,71654000
2023-12-14,105.9223,108.762,105.7381,107.3102,66964000
2023-12-15,106.2172,111.5182,106.159,109.565,118544000
2023-12-18,108.698,111.7064,108.4885,111.2389,54741000
2023-12-19,111.2633,112.0875,110.3387,111.0275,36020000
2023-12-20,110.3572,111.2009,108.0735,108.1826,34523000
2023-12-21,110.3523,110.6222,108.6327,109.8301,24106000
2023-12-22,109.8973,110.289,108.4895,109.3128,19089000
2023-12-26,109.5329,110.63,109.4141,110.2783,16793000
2023-12-27,110.6787,111.0265,109.4082,109.721,20055000
2023-12-28,110.2588,110.3124,109.0273,109.3546,21247000
2023-12-29,109.2621,109.5466,108.6006,108.7545,20558000
2024-01-02,106.4036,107.3661,104.9392,105.7469,28831000
2024-01-03,104.2679,104.7356,102.8172,103.1358,34735000
2024-01-04,103.0754,104.1997,102.0436,102.2034,25658000
2024-01-05,102.4557,102.8318,101.4727,102.2297,22475000
2024-01-08,102.9331,105.0278,102.4947,104.7209,33110000
2024-01-09,103.8217,106.0557,103.733,105.4653,23225000
2024-01-10,105.2568,105.5111,103.5275,105.2782,17643000
2024-01-11,105.6436,107.2979,104.6878,107.1693,25757000
2024-01-12,108.3502,108.6999,107.1723,107.9195,26882000
2024-01-16,108.3735,109.7278,107.0378,108.6288,26145000
2024-01-17,107.7841,108.4486,106.2175,107.5288,18314000
2024-01-18,109.5972,111.7066,109.303,111.4494,32228000
2024-01-19,112.7549,118.5704,112.6273,118.0053,53077000
2024-01-22,118.4973,119.9666,117.715,118.9114,31222000
2024-01-23,118.9601,119.5427,117.2571,119.4775,16952000
2024-01-24,121.0353,125.1517,119.9354,122.1626,34805000
2024-01-25,124.8058,124.8058,119.7201,119.837,36356000
2024-01-26,118.8335,118.9806,116.9365,117.3896,25818000
2024-01-29,118.3668,119.2202,117.4003,118.6454,21526000
2024-01-30,118.548,119.6421,117.3321,117.7091,20683000
2024-01-31,115.8862,116.6433,114.4112,114.9655,27400000
2024-02-01,115.6816,117.2152,114.8788,116.9151,19411000
2024-02-02,117.7666,120.2939,117.4159,119.2855,26689000
2024-02-05,119.5408,121.5663,119.0722,121.1133,22045000
2024-02-06,123.1076,123.9397,118.0774,119.1209,25354000
2024-02-07,120.2267,122.7121,119.5155,122.4734,25768000
2024-02-08,123.4418,126.2643,123.2479,124.1979,29326000
2024-02-09,121.9833,125.2686,121.6871,125.0435,26293000
2024-02-12,125.6837,125.6895,122.6624,123.247,24778000
2024-02-13,120.3358,122.3574,119.5535,121.9463,31907000
2024-02-14,123.6601,124.0264,120.9399,122.9761,27306000
2024-02-15,124.7035,124.7084,121.2838,123.2538,21873000
2024-02-16,122.6663,124.2875,121.0441,121.3452,21268000
2024-02-20,120.4079,120.5891,118.1378,119.5009,26329000
2024-02-21,118.6678,119.647,117.1713,119.5885,20579000
2024-02-22,124.875,127.7268,124.3645,127.1344,40819000
2024-02-23,127.4725,128.5685,125.5677,126.3033,23115000
2024-02-26,127.6312,128.4876,126.7992,127.5465,16282000
2024-02-27,127.5465,127.8203,125.899,126.2897,12126000
2024-02-28,125.975,126.5128,124.9977,125.6262,10967000
2024-02-29,126.9795,127.4754,125.4177,126.7047,27536000
2024-03-01,129.1833,137.1559,128.6055,136.319,44488000
2024-03-04,136.7067,140.1186,134.9569,136.62,34854000
2024-03-05,135.9126,135.9126,129.8107,130.822,36040000
2024-03-06,135.5795,135.8961,131.242,131.5284,43196000
2024-03-07,134.6452,137.794,133.7585,137.0828,62832000
2024-03-08,135.8396,137.6664,126.8109,127.5065,74025000
2024-03-11,124.5067,126.5615,122.035,125.9867,31105000
2024-03-12,127.3389,127.4159,122.6897,125.8658,42789000
2024-03-13,124.989,124.989,122.0155,122.5523,37838000
2024-03-14,123.0073,124.0391,121.5624,122.981,38029000
2024-03-15,122.1226,123.4779,119.8438,120.3728,88823000
2024-03-18,122.1733,123.0404,120.0026,120.5424,25737000
2024-03-19,118.5655,120.8376,117.3058,120.6174,24491000
2024-03-20,121.2299,126.0213,120.0137,124.8481,40946000
2024-03-21,129.9673,137.3339,128.7619,131.8929,72468000
2024-03-22,132.0885,134.654,131.7118,132.4281,38624000
2024-03-25,131.6022,132.9143,130.8625,132.2431,21237000
2024-03-26,133.5258,135.018,130.1816,130.2775,23522000
2024-03-27,132.0885,132.0885,126.8069,129.029,25583000
2024-03-28,128.9478,130.1405,128.3245,129.6826,19856000
2024-04-01,129.709,133.3586,129.6826,132.114,17252000
2024-04-02,128.7413,131.342,127.53,130.9888,24694000
2024-04-03,129.936,134.7127,129.6688,133.381,28650000
2024-04-04,135.5444,137.3701,128.664,128.9086,27014000
2024-04-05,129.7403,133.1873,128.5857,131.0543,19438000
2024-04-08,130.4888,131.3547,128.7374,130.7285,17139000
2024-04-09,132.8096,133.0161,128.0417,130.5309,17986000
2024-04-10,129.4468,130.6943,128.711,129.3851,17467000
2024-04-11,130.3939,136.1852,129.5104,135.2645,31713000
2024-04-12,132.2852,133.7039,130.7794,131.5083,27823000
2024-04-15,134.0454,134.0454,127.7834,128.2423,24370000
2024-04-16,128.7012,130.75,128.2727,130.0397,18923000
2024-04-17,131.4144,131.795,125.3784,125.4968,24718000
2024-04-18,126.0223,126.4772,122.8384,123.1838,24888000
2024-04-19,123.1838,123.2826,117.1733,117.8729,44797000
2024-04-22,119.8092,120.6604,117.4649,119.8053,25162000
2024-04-23,120.1683,123.0772,120.1536,122.2249,22025000
2024-04-24,123.6642,125.7894,121.8111,122.9715,20108000
2024-04-25,124.5008,127.982,122.9891,126.6504,30410000
2024-04-26,128.1748,132.6589,127.5026,131.5083,24100000
2024-04-29,131.5093,132.3801,129.7109,130.9751,13372000
2024-04-30,130.0221,131.9271,127.1034,127.2228,22113000
2024-05-01,125.0761,126.4498,121.4578,121.6056,30958000
2024-05-02,122.9187,123.718,119.6928,121.1859,29480000
2024-05-03,123.1848,125.6191,122.0244,125.0546,24898000
2024-05-06,125.8481,128.2502,124.7572,128.2052,16287000
2024-05-07,128.8049,129.0544,126.8793,127.5007,12413000
2024-05-08,126.5604,130.9056,126.0702,129.6786,13918000
2024-05-09,128.9409,129.3107,127.392,127.7511,12170000
2024-05-10,128.6943,131.5014,128.6943,130.4056,16300000
2024-05-13,131.8929,132.9095,130.1424,130.8665,18507000
2024-05-14,130.3606,135.2186,129.7207,135.0268,19420000
2024-05-15,135.0238,140.7917,134.0434,140.5197,32757000
2024-05-16,139.5247,141.4228,137.4758,138.1676,28395000
2024-05-17,138.1959,138.8916,135.198,136.5199,18174000
2024-05-20,136.5893,138.6382,136.3115,138.3535,27170000
2024-05-21,136.8515,137.8994,136.3408,136.9024,15333000
2024-05-22,136.5903,137.4699,135.4367,136.2215,21002000
2024-05-23,139.7624,139.8181,134.8281,136.3242,31039000
2024-05-24,136.9601,138.3094,136.1999,137.7478,16730000
2024-05-28,137.9591,138.6617,136.2508,138.1989,22919000
2024-05-29,136.8926,136.8926,135.3174,136.0678,26861000
2024-05-30,134.926,135.2958,132.6404,133.4662,21717000
2024-05-31,133.2001,133.3165,127.9067,129.9898,73091000
2024-06-03,132.3527,132.3821,127.4439,129.3391,26278000
2024-06-04,129.1923,130.3264,127.8822,130.2119,23048000
2024-06-05,131.6971,138.3847,131.1629,138.2615,32947000
2024-06-06,139.1205,139.2008,135.8301,137.1049,20172000
2024-06-07,137.7419,139.4268,136.6891,137.6304,17859000
2024-06-10,137.9396,141.7799,137.874,140.9404,31042000
2024-06-11,140.7183,143.3415,138.5687,142.9521,34844000
2024-06-12,146.765,147.3325,144.4559,146.3257,56697000
2024-06-13,167.3121,169.8414,161.6881,164.278,89061000
2024-06-14,165.048,170.9558,164.5823,169.7621,69705000
2024-06-17,176.1181,180.3253,174.0223,178.9428,87528000
2024-06-18,179.9916,181.1687,174.6514,176.3646,86797000
2024-06-20,176.4566,176.5828,168.5078,169.7152,68157000
2024-06-21,165.909,167.7035,161.5805,162.2859,99289000
2024-06-24,161.1739,163.0339,156.1297,156.2818,58575000
2024-06-25,157.0592,157.6393,153.5129,155.1609,53329000
2024-06-26,156.8128,158.8309,154.4542,156.2612,46479000
2024-06-27,156.2612,157.5981,154.2,155.7371,31649000
2024-06-28,156.6421,160.897,155.6723,157.5892,69377000
2024-07-01,157.8513,161.8315,156.4085,161.0511,47623000
2024-07-02,161.0511,162.8572,159.2058,162.6883,32539000
2024-07-03,163.9172,169.7299,163.3735,169.7299,39954000
2024-07-05,172.3153,173.288,166.4693,167.1868,45240000
2024-07-08,167.3526,172.4468,167.3526,171.3632,36398000
2024-07-09,172.4135,173.8289,167.4076,170.1314,37802000
2024-07-10,171.377,173.3881,169.4492,171.2484,41074000
2024-07-11,173.2085,173.2291,163.77,167.4459,51026000
2024-07-12,167.9445,169.405,166.0089,166.9276,30453000
2024-07-15,166.8618,170.307,166.1355,168.2556,22999200
2024-07-16,169.2176,169.62,163.3283,166.2533,22244900
2024-07-17,159.3138,159.834,152.7375,153.1007,43343400
2024-07-18,155.957,158.5286,151.0591,157.5569,37973500
2024-07-19,158.8525,160.9235,154.2196,154.4454,26309500
2024-07-22,157.2722,159.9813,154.9852,158.0869,28813300
2024-07-23,157.4391,162.2781,156.9483,160.7469,21570200
2024-07-24,157.39,158.4304,148.3108,148.5463,37162600
2024-07-25,148.4678,150.7155,142.8338,146.5047,30872100
2024-07-26,150.6664,150.745,147.1525,148.831,20839900
2024-07-29,149.2138,152.1388,146.3968,147.447,16625800
2024-07-30,150.4505,150.637,140.7038,140.8707,31102300
2024-07-31,148.6739,158.3519,148.2126,157.7139,45827500
2024-08-01,154.5926,155.9766,143.4718,144.3061,40320000
2024-08-02,139.31,142.6669,137.023,141.1651,33745800
2024-08-05,127.2174,142.7356,126.1279,139.4572,41309300
2024-08-06,139.1137,146.1612,137.661,141.2633,24751300
2024-08-07,145.5133,147.3292,133.3226,133.7545,29749800
2024-08-08,138.5935,143.5699,135.8452,143.0497,27583200
2024-08-09,141.5381,146.7894,141.4498,145.5232,18438700
2024-08-12,145.3465,148.3402,143.6681,145.8765,17778500
2024-08-13,148.7525,153.4933,147.0446,153.2774,22053600
2024-08-14,155.103,157.2919,151.8639,154.7791,20184200
2024-08-15,158.2243,163.5933,157.3802,163.0633,27945000
2024-08-16,161.4339,163.024,159.677,162.6609,19296900
2024-08-19,161.8168,164.7319,157.4587,164.6142,20441700
2024-08-20,163.9663,165.262,161.1199,162.8866,19417500
2024-08-21,162.0719,163.397,159.8733,162.7198,16097700
2024-08-22,167.6863,169.2372,158.5089,159.3432,30044500
2024-08-23,161.9836,165.1736,160.4426,163.2891,18848000
2024-08-26,161.9149,162.6412,155.7312,156.6735,18521200
2024-08-27,154.6908,159.039,152.9534,158.4108,16683100
2024-08-28,157.125,159.2844,153.3657,155.26,18063600
2024-08-29,155.5643,160.1874,152.5412,154.0331,23519300
2024-08-30,158.1458,160.2267,155.7803,159.8144,25158500
2024-09-03,157.4194,157.7728,148.5856,149.9695,37179100
2024-09-04,147.5255,154.8772,146.3967,151.275,20324100
2024-09-05,147.7905,153.4737,147.339,149.999,31548500
2024-09-06,140.6057,140.8511,134.0784,134.471,76634600
2024-09-09,136.5421,138.9763,132.4098,138.2205,39516700
2024-09-10,138.6131,147.0936,138.4364,145.4741,36067500
2024-09-11,145.6508,155.9373,142.3626,155.3484,39700800
2024-09-12,155.1815,163.2498,153.935,161.5223,43530700
2024-09-13,163.662,164.9773,161.0119,164.5945,29850000
2024-09-16,162.1407,162.4449,157.4489,160.9923,26126900
2024-09-17,162.4352,162.9554,157.7336,159.4709,19844300
2024-09-18,160.7469,164.3786,158.3813,158.6856,26557600
2024-09-19,165.126,167.4107,163.1368,164.87,32453100
2024-09-20,164.6336,169.3999,163.9345,168.4939,91758500
2024-09-23,169.3802,170.6801,165.7858,170.3059,29431100
2024-09-24,170.1779,173.3095,169.0651,172.177,34223400
2024-09-25,171.9899,174.4419,171.1134,172.8466,16613800
2024-09-26,175.7812,177.5046,172.3345,175.3775,24340000
2024-09-27,175.4562,175.7517,169.1439,170.0597,20580900
2024-09-30,169.2522,170.2862,167.0463,169.8726,16902000
2024-10-01,169.5378,169.6264,163.2746,164.9192,23770400
2024-10-02,164.998,170.2074,164.4761,168.0606,14317800
2024-10-03,167.0365,172.2754,166.613,169.2719,13072300
2024-10-04,173.6147,174.2056,169.9711,173.9495,17921400
2024-10-07,172.1573,175.5941,171.2119,172.4133,15588300
2024-10-08,172.7481,178.834,172.2262,177.9772,20774200
2024-10-09,176.5099,183.5806,173.7329,183.1177,25504100
2024-10-10,180.7641,183.4723,179.7498,182.8617,16318000
2024-10-11,178.381,179.8089,174.698,178.7158,23070000
2024-10-14,180.5081,182.133,177.3864,179.5332,17195800
2024-10-15,178.0363,178.9325,170.7294,173.2996,27657500
2024-10-16,175.7911,176.5198,172.6595,174.1268,15285100
2024-10-17,178.6075,182.6844,177.9379,178.7651,25232400
2024-10-18,179.5431,179.9271,175.9585,177.1501,17835200
2024-10-21,176.6478,178.9522,175.535,177.2485,13695100
2024-10-22,175.9388,177.9379,174.7078,176.6478,12062600
2024-10-23,174.8851,176.2539,169.9415,170.8672,19513700
2024-10-24,171.6058,171.6452,166.9183,168.7401,20485200
2024-10-25,171.5369,174.1071,170.0893,170.365,19977700
2024-10-28,170.365,171.3202,168.7402,169.3999,13195800
2024-10-29,169.8135,177.4848,168.6022,176.5099,23702300
2024-10-30,174.7669,176.4607,172.9451,173.9495,17911500
2024-10-31,171.7929,171.7929,164.8306,167.1842,26086600
2024-11-01,165.6972,168.7204,164.9488,166.3471,17847000
2024-11-04,166.7016,169.8234,165.8547,165.9828,13621300
2024-11-05,167.4599,171.7437,167.4599,171.2513,13441800
2024-11-06,176.894,177.4652,173.2799,176.8152,24300800
2024-11-07,179.218,182.0542,179.0211,181.0103,18970600
2024-11-08,180.2028,182.2315,179.0605,180.8429,13503200
2024-11-11,180.6066,180.8331,174.1268,176.185,17036700
2024-11-12,176.1751,176.8251,170.5619,173.5359,15862000
2024-11-13,172.049,172.9155,169.9711,170.9362,17472500
2024-11-14,172.108,172.8958,167.2826,167.7849,20638900
2024-11-15,165.904,166.5638,160.9407,162.3293,20836200
2024-11-18,163.1368,163.8163,159.7492,163.1466,17856900
2024-11-19,164.1216,164.2594,161.8073,162.8315,18003400
2024-11-20,163.0186,163.0186,158.4099,160.7635,17196700
2024-11-21,163.7178,163.8064,158.1539,161.443,24835300
2024-11-22,161.7975,162.3982,159.9264,161.7286,17332500
2024-11-25,162.8807,164.6829,160.409,162.3096,26850600
2024-11-26,162.0929,163.836,160.212,162.2308,16308800
2024-11-27,160.7143,160.7143,155.1405,157.238,19722700
2024-11-29,157.1395,160.212,156.657,159.6113,11024000
2024-12-02,160.4681,165.8154,160.2711,163.9738,21472400
2024-12-03,161.9748,165.707,161.5316,165.5889,17024400
2024-12-04,170.7983,172.7186,165.9926,167.9621,32748200
2024-12-05,168.1493,169.7741,166.6229,167.8735,18490000
2024-12-06,167.5092,177.928,166.7509,176.7955,27830800
2024-12-09,176.2244,178.0363,173.339,176.2145,20886300
2024-12-10,175.1017,175.7812,167.1448,169.1931,27762600
2024-12-11,177.2682,182.0542,173.7427,180.4096,41295200
2024-12-12,178.1742,179.2279,173.3095,177.9083,46967200
2024-12-13,210.642,225.2166,207.8945,221.376,121336600
2024-12-16,228.2595,248.0435,227.2945,246.1922,111623200
2024-12-17,236.9846,238.7769,230.2389,236.571,70382100
2024-12-18,235.7635,236.1968,215.881,220.214,53960100
2024-12-19,224.4386,224.5765,214.266,214.9947,40845200
2024-12-20,217.0036,226.7824,215.5757,217.4271,131910400
2024-12-23,223.8354,230.4609,222.295,229.4241,40643800
2024-12-24,237.0962,237.2049,231.8432,236.6618,22827200
2024-12-26,236.9777,244.1661,234.608,242.2702,28459000
2024-12-27,242.5467,242.685,233.3737,238.7057,29282200
2024-12-30,231.7445,235.7632,228.7032,232.6134,27316800
2024-12-31,232.9096,234.4697,228.3972,228.9205,17927700
2025-01-02,233.1861,236.484,227.3407,229.0587,31525800
2025-01-03,230.6485,233.512,226.1163,229.6216,24973200
2025-01-06,233.5218,238.7057,230.3621,233.433,34028400
2025-01-07,236.484,236.484,224.7339,225.7608,25928600
2025-01-08,226.8074,229.5426,223.2133,226.4223,18756500
2025-01-10,224.4377,224.961,218.4639,221.4853,23864000
2025-01-13,217.2197,226.373,216.7458,222.453,23772100
2025-01-14,223.7168,227.3604,220.2905,221.8704,18143100
2025-01-15,225.6719,227.4394,222.7393,225.1288,21745600
2025-01-16,232.2579,235.5954,226.3236,226.5211,23471900
2025-01-17,234.0945,235.1017,229.7302,234.45,31196600
2025-01-21,238.4588,239.6931,234.4105,237.2838,30903200
2025-01-22,243.6427,243.8797,237.6591,237.8763,29610500
2025-01-23,235.4078,237.3727,233.1466,237.2542,17653900
2025-01-24,241.6185,246.447,238.8637,241.6185,25387800
2025-01-27,210.7127,215.6794,193.7589,199.5846,90569400
2025-01-28,205.3906,207.3062,196.3854,204.7488,50316000
2025-01-29,206.2101,208.7872,200.2166,203.7515,32533700
2025-01-30,215.8176,219.1649,211.0089,212.9442,42449500
2025-01-31,216.8939,223.944,213.5762,218.4836,41104700
2025-02-03,212.7468,218.1578,210.8213,214.9882,24507300
2025-02-04,216.5878,220.2214,212.5888,219.629,23768500
2025-02-05,230.994,234.9338,224.6351,229.0785,29196000
2025-02-06,231.547,231.8432,225.6818,228.4465,21169500
2025-02-07,232.0407,232.6825,221.2878,222.0383,22117500
2025-02-10,224.566,232.8504,224.2599,232.0802,23901600
2025-02-11,229.5524,234.8943,227.0741,232.0802,18476200
2025-02-12,227.4591,233.5021,227.1037,233.3737,16397300
2025-02-13,233.0874,233.9662,227.8245,232.8306,20962000
2025-02-14,231.5766,232.7714,226.0175,230.1054,16988800
2025-02-18,227.2024,229.2759,221.4754,225.6521,26080500
2025-02-19,224.9807,226.1854,221.5742,225.8497,16375500
2025-02-20,225.7707,226.0965,219.945,223.8847,16104000
2025-02-21,222.8084,224.882,212.9146,215.9065,24883600
2025-02-24,215.8472,216.7162,204.9265,205.3116,33050400
2025-02-25,204.3933,206.0126,198.3898,199.9894,33100800
2025-02-26,204.3044,210.8509,203.4059,210.2585,21368300
2025-02-27,214.5439,216.4891,194.9142,195.3092,27572900
2025-02-28,193.2948,198.6565,190.7177,196.9186,39747200
2025-03-03,201.4311,201.4903,182.2063,185.0105,37435600
2025-03-04,186.8372,191.5076,178.2072,185.1191,37910500
2025-03-05,189.444,191.636,184.7439,189.1675,25644500
2025-03-06,178.7602,184.4773,175.3734,177.1902,56864100
2025-03-07,185.3659,193.0184,179.2736,192.5049,74528900
2025-03-10,187.2124,189.5624,178.1579,182.1273,44217100
2025-03-11,185.6819,193.1566,183.0159,187.6962,42153200
2025-03-12,193.749,197.4617,190.0265,191.7841,30409700
2025-03-13,190.7177,193.8478,187.084,188.9502,27236100
2025-03-14,193.7293,195.0129,190.7671,193.0776,25900900
2025-03-17,185.6819,194.2428,185.1389,192.0507,26830600
2025-03-18,188.0418,190.461,184.5464,186.2941,24951000
2025-03-19,186.9557,195.7733,184.5464,193.1073,37962700
2025-03-20,189.6805,191.9782,187.1252,188.7099,31430000
2025-03-21,186.4023,190.2252,185.5703,189.8191,43086500
2025-03-24,192.4338,194.8008,188.8386,189.4131,33180300
2025-03-25,189.0565,189.7597,185.8774,186.4518,23417300
2025-03-26,184.8671,186.2537,175.8744,177.5481,30578500
2025-03-27,175.9536,176.6667,168.8228,170.3381,32151700
2025-03-28,170.2786,171.6355,164.8711,167.4956,30391500
2025-03-31,162.9101,166.327,159.0773,165.8219,35656400
2025-04-01,164.772,167.0896,161.8504,166.9014,20472400
2025-04-02,164.4848,171.7642,163.9104,170.4371,19523700
2025-04-03,158.998,161.8603,152.2237,152.5307,44354900
2025-04-04,146.7468,151.3324,137.8333,144.8849,72302200
2025-04-07,143.1022,158.8891,136.7736,152.6595,68503500
2025-04-08,166.01,168.1493,151.6196,154.5313,58888200
2025-04-09,158.9584,185.5307,155.9971,183.3716,72708300
2025-04-10,173.6163,175.2504,164.8017,170.6451,51212200
2025-04-11,171.9524,180.9056,171.6454,180.1925,33964100
2025-04-14,183.3023,184.2135,174.1313,176.6469,25748300
2025-04-15,178.0037,180.5094,176.3695,177.2312,17242400
2025-04-16,168.793,174.3888,165.3168,172.9329,34638600
2025-04-17,174.5572,174.5572,168.288,169.3477,22501800
2025-04-21,165.3861,166.3864,160.0578,164.6136,23469800
2025-04-22,165.8218,168.8822,163.6331,167.9512,18504900
2025-04-23,176.0725,178.7168,174.1313,175.2108,24380500
2025-04-24,177.9641,186.7588,176.5875,186.3428,27576900
2025-04-25,185.1246,191.5127,185.0949,190.4629,21242300
2025-04-28,188.7,191.2453,185.8773,190.6213,16385800
2025-04-29,189.8785,191.3938,188.2741,189.3338,14630000
2025-04-30,184.1144,191.3443,182.2525,190.6213,22768900
2025-05-01,196.2369,199.4656,194.3552,195.4347,24939700
2025-05-02,201.9415,203.7045,199.1486,201.6841,17766800
2025-05-05,198.3266,201.278,198.079,198.7921,14025400
2025-05-06,194.5532,199.9707,194.058,198.1682,16348800
2025-05-07,197.3758,204.2492,196.5241,202.8428,20253700
2025-05-08,206.0022,209.1318,201.7336,205.7744,18460900
2025-05-09,207.3194,207.9434,204.5364,206.2003,13289200
2025-05-12,217.3818,219.6696,213.8065,219.4518,25437700
2025-05-13,219.8677,233.0202,219.8677,230.1876,28790500
2025-05-14,228.0187,231.2573,226.1567,229.8905,19751400
2025-05-15,227.9493,232.208,225.8794,230.4055,18803700
2025-05-16,230.0886,230.4055,224.2156,226.4142,23094600
2025-05-19,219.7192,229.0289,219.4716,228.4148,15355500
2025-05-20,224.3146,229.5439,224.166,229.4547,11787200
2025-05-21,226.1963,234.2284,225.6417,227.5235,17642900
2025-05-22,226.1468,231.4454,225.2455,228.3158,14340200
2025-05-23,224.7603,228.4346,224.0076,226.5232,15385600
2025-05-27,230.6333,234.2086,228.91,233.3866,17941700
2025-05-28,234.8722,238.6753,232.1783,237.1303,20443000
2025-05-29,243.5481,243.7065,235.1198,239.6459,20743700
2025-05-30,238.9031,240.8344,232.6438,239.7449,27088600
2025-06-02,240.9136,247.5988,240.8542,246.3212,19197000
2025-06-03,247.678,255.4031,247.0045,254.383,30380200
2025-06-04,255.5813,262.8805,255.1158,258.5723,31536000
2025-06-05,260.4244,262.3458,256.5718,257.4334,41970900
2025-06-06,248.7278,252.8677,243.766,244.5583,41146700
2025-06-09,242.6963,245.7864,238.7942,241.9337,25334100
2025-06-10,241.8743,243.9145,239.0814,242.2803,25491300
2025-06-11,243.9938,252.323,241.4583,250.4809,24599000
2025-06-12,247.787,255.413,247.1036,253.6105,20410900
2025-06-13,248.2524,251.5604,245.9646,246.3113,19028400
2025-06-16,247.9454,252.7389,247.1729,249.6786,20363000
2025-06-17,248.5397,251.5208,245.5388,246.9748,22014300
2025-06-18,248.4802,253.1846,247.0144,248.8467,30435500
2025-06-20,251.3682,251.676,242.394,248.1716,42134900
2025-06-23,247.298,252.3609,244.6673,251.9241,19747000
2025-06-24,256.8878,263.9361,256.8878,261.8514,32764900
2025-06-25,264.0652,267.907,261.5139,262.725,18894200
2025-06-26,263.1518,269.6939,262.2088,268.2048,23569600
2025-06-27,268.3339,269.8727,264.9388,267.3908,27477600
2025-06-30,272.7317,275.69,270.1506,273.645,24708400
2025-07-01,272.4041,272.5033,260.7495,262.8143,28847600
2025-07-02,262.0698,270.0215,260.819,267.9368,17582100
2025-07-03,268.7608,273.7939,268.1552,273.1784,10592700
2025-07-07,273.1288,275.5411,270.6767,272.1857,16760600
2025-07-08,274.3399,274.3399,269.1777,269.823,14869400
2025-07-09,270.9746,277.4174,270.7363,275.8786,20133000
2025-07-10,277.7549,279.1347,270.7164,273.3968,17891600
2025-07-11,272.146,274.459,269.9123,272.3842,14274700
2025-07-14,272.136,276.3352,267.6191,273.5953,11934200
2025-07-15,277.7747,281.2989,275.829,278.8965,17918400
2025-07-16,278.0725,279.4623,273.6648,278.7674,15031000
2025-07-17,279.095,286.1831,277.874,284.3664,17231100
2025-07-18,285.0216,285.4386,278.9561,281.2791,15012400
2025-07-21,281.8945,288.4267,281.5669,286.1136,17726800
2025-07-22,285.5577,285.9052,274.4193,276.5636,16564800
2025-07-23,274.7668,281.9342,271.0142,281.6265,20556200
2025-07-24,287.6821,289.0819,281.4379,286.61,16413800
2025-07-25,285.9746,290.4617,285.1804,288.0693,12476200
2025-07-28,290.3327,293.301,288.4763,292.1593,13683400
2025-07-29,295.3361,299.9919,292.7252,295.2567,19210800
2025-07-30,294.9886,301.0542,293.6484,300.4188,16738900
2025-07-31,300.5975,304.7173,288.1189,291.5637,25488500
2025-08-01,284.4558,290.5114,279.5616,286.5405,21428100
2025-08-04,290.0746,296.3089,289.2804,295.5544,17164600
2025-08-05,295.6438,299.0092,289.3301,290.7993,18477500
2025-08-06,290.7695,300.6074,289.7768,299.4757,17392100
2025-08-07,303.943,308.0826,297.6987,301.5505,16319400
2025-08-08,301.8384,305.6306,300.3493,302.7517,12458700
2025-08-11,302.8311,306.0674,299.0985,301.6895,12396400
2025-08-12,304.3996,311.1601,302.4539,310.5545,17609600
2025-08-13,314.446,315.0417,302.5333,306.8417,17371200
2025-08-14,304.7769,311.8848,304.7669,308.9662,15717600
2025-08-15,308.7676,309.2342,297.5796,304.1117,22806900
2025-08-18,300.4982,303.943,296.8251,303.536,14724700
2025-08-19,300.2203,300.6968,290.2632,292.7649,20149600
2025-08-20,293.3109,293.3406,279.8197,289.0521,23600500
2025-08-21,287.9501,290.2632,284.0885,287.4935,14946300
2025-08-22,289.6279,297.9072,286.9078,291.8615,16301300
2025-08-25,290.6802,296.2295,289.5882,292.0898,15124700
2025-08-26,292.2089,298.066,291.8515,295.8423,25689100
2025-08-27,295.3658,298.9893,291.6431,298.066,13830300
2025-08-28,300.7265,308.7378,300.1309,306.4049,18907100
2025-08-29,304.7769,304.7769,291.524,295.2269,21610700
2025-09-02,287.2354,296.5373,285.0812,296.0707,19693000
2025-09-03,300.0912,302.2355,294.244,300.1905,18529400
2025-09-04,302.8411,306.534,300.0515,303.8735,31220800
2025-09-05,353.1921,353.748,329.0093,332.4541,78401600
2025-09-08,340.2569,351.5938,338.7678,343.1358,43535600
2025-09-09,347.0074,348.4271,333.3872,334.2212,26972300
2025-09-10,348.9631,370.2571,348.0001,366.8818,51086800
2025-09-11,368.4801,371.5079,356.1505,357.0141,29430900
2025-09-12,360.2703,361.7395,354.5621,357.2524,31949800
2025-09-15,357.2524,362.8414,353.7481,361.4417,21792200
2025-09-16,362.7719,363.0301,354.3933,357.3814,21306500
2025-09-17,356.2398,357.3119,339.016,343.652,45197100
2025-09-18,347.4542,348.1491,341.2894,342.838,24663900
2025-09-19,342.1431,343.7513,333.9829,342.431,41240100
2025-09-22,340.5216,344.738,336.0567,336.9019,28660000
2025-09-23,338.3439,343.2961,335.1418,337.0511,21944100
2025-09-24,337.8666,338.1848,331.9497,337.4191,19677300
2025-09-25,331.1342,336.176,325.476,334.2269,21678200
2025-09-26,335.5495,337.1903,328.7377,332.6657,15464700
2025-09-29,334.1275,339.1494,325.7246,326.0727,21336000
2025-09-30,328.2803,329.2051,322.801,328.0714,20109500
2025-10-01,326.3212,336.0666,322.6916,331.532,21122700
2025-10-02,345.6728,345.6728,333.3817,336.2953,19917600
2025-10-03,339.5968,342.4807,333.8689,336.4843,14749100
2025-10-06,334.048,342.2122,332.6956,333.6204,18465700
2025-10-07,335.1518,336.2257,324.76,334.5352,18086700
2025-10-08,331.9596,344.6087,330.7663,343.5745,21478300
2025-10-09,343.8231,345.3744,338.503,343.0972,17643700
2025-10-10,343.4652,348.6461,322.2441,322.8209,28941000
2025-10-13,350.804,357.3772,341.6056,354.7122,45984300
2025-10-14,348.1788,348.7158,337.7571,342.2122,22078000
2025-10-15,352.4946,357.3971,345.5634,349.372,23918500
2025-10-16,354.8116,361.2157,347.5423,352.1763,20317200
2025-10-17,347.6616,349.0141,338.8809,347.3832,20937900
2025-10-20,351.8283,354.6027,345.9015,347.2937,15640200
2025-10-21,348.0495,349.1434,339.4079,340.7504,16092600
2025-10-22,345.3645,346.0706,333.6402,338.4035,19268800
2025-10-23,338.503,344.6386,338.503,342.3713,12859200
2025-10-24,350.5455,356.3032,348.9246,352.1565,16143700
2025-10-27,359.5252,360.7284,353.1012,360.0323,20065800
2025-10-28,360.5992,371.9754,360.5097,370.8915,21056000
2025-10-29,371.1102,384.3262,371.1102,383.829,24975200
2025-10-30,384.2466,384.2466,367.9977,374.372,24295300
2025-10-31,376.1619,376.7089,363.0653,367.5701,21598400
2025-11-03,369.9269,372.761,359.9627,360.5295,17198900
2025-11-04,356.522,366.8939,349.0439,349.9787,24047500
2025-11-05,348.9345,362.8366,348.139,356.9795,17087600
2025-11-06,358.1031,361.4743,350.7444,353.6083,19896900
2025-11-07,352.2161,352.5244,335.3904,347.4826,21903200
2025-11-10,355.9054,357.9937,352.6338,356.3927,16409000
2025-11-11,356.9695,359.8733,347.7213,349.9986,16446800
2025-11-12,356.0447,356.87,349.7201,353.2404,12190500
2025-11-13,349.6207,351.5797,332.2978,338.0854,22616600
2025-11-14,329.6227,342.8188,327.2262,340.5515,18500800
2025-11-17,337.9262,350.2372,335.639,340.7404,14799600
2025-11-18,341.2874,346.0308,333.6402,338.6024,21726800
2025-11-19,338.8112,357.6855,335.9175,352.4449,21851900
2025-11-20,363.9603,373.9841,343.2563,344.8872,28867000
2025-11-21,343.2365,346.6573,329.9509,338.3041,30280300
2025-11-24,345.7922,379.8712,345.7225,375.8537,47262400
2025-11-25,382.7848,385.967,369.6783,382.8842,33507600
2025-11-26,383.4013,397.6415,381.1241,395.3544,28693000
2025-11-28,397.1245,400.7541,394.9467,400.7144,13365500
2025-12-01,392.6496,393.2164,382.9539,383.9284,23252000
2025-12-02,386.146,391.3071,377.6735,379.4435,22207000
2025-12-03,377.8823,380.1695,368.5844,378.4889,21336400
2025-12-04,378.5585,381.7506,374.4316,378.9066,15845900
2025-12-05,384.0179,391.3369,383.0036,388.0652,24779900
2025-12-08,400.237,405.0202,395.1853,398.8647,30410600
2025-12-09,396.5278,404.6622,393.3059,404.0258,24546000
2025-12-10,399.9586,412.2994,397.3333,410.6686,31531000
2025-12-11,402.5739,407.019,391.9932,404.1053,45681600
2025-12-12,377.8425,379.8711,353.1708,357.9241,95588500
2025-12-15,359.8732,359.9826,335.6291,337.9162,65894900
2025-12-16,334.1474,345.5634,333.1927,339.3979,58061100
2025-12-17,344.6783,344.6783,319.6288,324.2031,73300900
2025-12-18,334.1275,334.1573,321.8265,328.0416,54501900
2025-12-19,331.4823,341.536,330.7266,338.4632,159095200
2025-12-22,344.76,344.9692,335.9824,340.1968,28739600
2025-12-23,339.5592,348.825,337.2975,348.0379,28232600
2025-12-24,349.4029,351.5649,345.8659,348.9346,11424400
2025-12-26,349.7715,351.9535,346.4737,350.8376,15028100
2025-12-29,347.4401,349.0442,343.4249,348.1077,21946900
2025-12-30,348.6855,351.3856,348.018,348.566,16633600
2025-12-31,348.4464,348.5959,344.1522,344.8297,15346100
2026-01-02,351.4852,359.3363,344.2917,346.3441,25398600
2026-01-05,353.438,353.727,335.265,342.1596,31136000
2026-01-06,342.3389,347.7689,336.7595,342.5083,27135500
2026-01-07,340.4459,348.4165,334.6473,342.2393,20249300
2026-01-08,341.5219,342.4186,329.287,331.2597,24385200
2026-01-09,336.6798,346.1151,332.276,343.7039,22482500
2026-01-12,339.6987,352.6011,339.6987,350.9173,20949600
2026-01-13,351.5849,358.1706,349.6221,353.3085,18308000
2026-01-14,347.6892,349.4029,333.1927,338.6426,30094700
2026-01-15,347.8387,348.3966,340.416,341.761,22218800
2026-01-16,344.9991,353.2089,342.7873,350.4192,31291200
2026-01-20,342.8371,344.1323,330.5822,331.3793,32293900
2026-01-21,334.2786,334.5675,323.0101,327.5932,32006600
2026-01-22,334.1192,335.7532,323.6976,324.2954,24275400
2026-01-23,318.1281,320.8082,312.9571,318.8753,30259500
2026-01-26,318.6263,327.4737,316.4344,323.6577,25006400
2026-01-27,328.5497,333.5314,325.8198,331.5686,25537600
2026-01-28,337.6064,338.7422,325.501,332.0169,23001700
2026-01-29,331.3394,334.717,319.1045,329.5162,20447500
2026-01-30,331.2199,336.9588,327.125,330.0841,28313000
2026-02-02,324.9131,334.8266,324.5544,329.8947,17278200
2026-02-03,335.5041,337.6562,307.5172,319.1543,36914800
2026-02-04,318.3373,318.3373,294.2162,306.9194,43330300
2026-02-05,313.1863,325.3316,305.5744,309.3704,42775800
2026-02-06,318.9252,333.7705,315.1391,331.6982,33003400
2026-02-09,329.556,351.0468,329.4364,342.6777,30091000
2026-02-10,346.1947,346.7327,338.5927,339.1905,19542700
2026-02-11,345.5272,345.9257,332.5151,341.502,17004700
2026-02-12,342.5681,345.0191,328.3505,329.9546,22007300
2026-02-13,328.6394,333.093,323.4983,323.9766,18397200
2026-02-17,318.5067,334.5177,315.1491,331.3195,23469700
2026-02-18,328.3106,336.6399,326.029,332.2859,13565300
2026-02-19,331.7878,337.1979,328.47,332.7642,15180900
2026-02-20,331.1402,338.8617,328.3704,331.4291,17658900
2026-02-23,331.0306,337.2576,324.126,329.1276,16472400
2026-02-24,321.3562,327.105,313.2959,324.2954,23614400
2026-02-25,329.5261,334.6772,328.0715,331.0904,20182300
2026-02-26,325.3017,325.3814,306.7998,320.5193,33025300
2026-02-27,309.5597,318.8256,308.8623,318.3772,28004200
2026-03-02,308.2246,318.8654,306.0725,317.6499,20567200
2026-03-03,311.8513,314.7207,306.2718,312.6882,20826200
2026-03-04,314.5214,321.4559,310.5959,316.3646,34895800
2026-03-05,328.9682,334.8864,321.8444,331.5486,57076600
2026-03-06,327.0752,342.2493,326.1984,329.2671,39152200
2026-03-09,326.0489,347.211,322.4223,344.481,40605800
2026-03-10,347.4501,351.8439,339.5492,341.3226,29531700
2026-03-11,341.3326,344.5408,336.9787,340.3164,20104100
2026-03-12,336.5004,338.5828,330.9808,334.7369,21982700
2026-03-13,336.4407,337.0783,320.2503,320.9776,34725000
2026-03-16,324.8234,327.9918,318.8853,323.7275,31363100
2026-03-17,324.5644,326.2382,316.0856,320.1307,38026500
2026-03-18,319.2539,324.2456,314.3918,314.7704,25460600
2026-03-19,311.3232,322.0835,307.3777,318.6661,23524800
2026-03-20,318.9451,320.33,308.7826,309.3704,43325900
2026-03-23,317.4975,325.9641,314.4324,322.0004,27369200
2026-03-24,319.4943,323.8874,314.3425,317.787,19799000
2026-03-25,322.0802,323.7875,316.2195,318.3062,19900000
2026-03-26,313.5238,316.4192,308.6815,308.9311,20343700
2026-03-27,306.5748,307.0141,298.3977,300.2049,23593900
2026-03-30,300.3946,304.2884,289.5018,292.9464,28054500
2026-03-31,298.9169,309.8197,295.8717,309.0209,29289500
2026-04-01,312.8748,315.291,309.9894,312.9946,19171000
2026-04-02,304.0088,314.1927,301.2732,314.0529,14021100
2026-04-06,314.5621,315.9,309.7897,313.9331,12111300
2026-04-07,326.2137,333.622,321.2915,333.4423,33310900
2026-04-08,351.1942,353.5804,341.9888,350.076,31573100
2026-04-09,351.7433,358.1332,350.9446,354.3492,20514900
2026-04-10,360.3696,375.955,360.2498,370.9629,29958100
2026-04-13,369.0759,380.2582,368.8962,379.1499,24115800
2026-04-14,377.3028,381.6759,375.7253,380.1783,24423000
2026-04-15,389.2639,396.4525,384.9607,396.0931,29559300
2026-04-16,394.3758,399.0484,391.73,397.8404,18872900
2026-04-17,400.2665,406.0873,399.1782,405.8976,20581700
2026-04-20,405.0589,405.7778,395.2744,398.9985,16922000
2026-04-21,398.7789,402.9622,393.9465,401.5345,16275500
2026-04-22,406.3369,422.5313,404.2202,421.9821,23702500
2026-04-23,421.7226,428.6316,417.1398,419.2764,19501600
2026-04-24,424.3085,424.3284,408.2139,422.092,22491100
2026-04-27,419.8156,422.082,413.9748,417.5392,17451600
2026-04-28,399.6774,405.1687,394.0264,399.1982,25519200
2026-04-29,402.8624,404.999,396.153,404.8093,15962500
2026-04-30,414.8634,417.7189,403.5913,416.7704,21821600
2026-05-01,414.4341,422.5013,412.6269,420.6143,11882600
2026-05-04,417.5591,423.1603,408.8829,415.8419,15140400
2026-05-05,420.9937,432.7052,418.6874,426.6847,21175200
2026-05-06,434.8717,436.9884,417.1198,424.7677,20707000
2026-05-07,421.1535,425.8161,405.658,411.9081,22791700
2026-05-08,419.1366,434.3126,413.3458,429.3205,22561400
2026-05-11,426.9443,432.9647,424.3783,427.753,16825500
2026-05-12,422.7609,428.6616,407.7646,418.6374,19004300
2026-05-13,415.1529,417.9685,404.1603,416.1314,16981200
2026-05-14,416.0715,441.661,414.9333,439.0951,19733800
2026-05-15,432.1261,432.1261,419.1366,424.5181,18957100
2026-05-18,420.7441,421.3432,413.7152,420.0452,17863300
2026-05-19,409.1724,417.2896,405.2187,410.4204,20652100
2026-05-20,412.1577,423.4998,410.7699,417.0999,16312600
2026-05-21,412.8965,421.5828,409.8513,413.9149,16865300
2026-05-22,416.8303,419.3263,409.5618,413.4856,14086400
2026-05-26,417.8387,434.6221,416.3411,421.3432,22562900
2026-05-27,424.3983,432.1161,415.8318,421.1934,17601000
2026-05-28,420.4745,429.001,413.3558,425.9059,17855600
2026-05-29,432.2659,448.1907,430.7882,446.064,41798400
2026-06-01,449.3788,465.3135,441.5212,459.2432,30586000
2026-06-02,488.0176,488.0476,469.7166,480.8091,38306700
2026-06-03,493.9982,494.2178,471.8932,478.4727,50126400
2026-06-04,408.3437,425.8061,402.3732,418.248,80979400
2026-06-05,406.9659,409.8513,384.9807,385.1205,51146100
2026-06-08,401.9838,402.2034,390.7316,395.9733,37099000
2026-06-09,400.9754,407.2255,369.7448,391.5403,37026900
2026-06-10,380.8972,385.2004,370.5835,371.512,38193500
2026-06-11,372.2309,388.8845,369.9644,384.9607,35187600
2026-06-12,383.1137,384.3717,376.4043,381.4663,27600900
2026-06-15,394.885,395.5739,387.9859,393.3175,32394200
2026-06-16,389.5934,391.1709,375.8651,376.1147,31573700
2026-06-17,388.0958,400.0169,382.0453,392.2791,40005500
2026-06-18,408.9328,412.0479,404.7394,410.7,45076100
2026-06-22,413.66,414.64,391.91,392.13,26403700
2026-06-23,377.87,391.02,376.66,380.15,33122200
2026-06-24,386.62,388.74,376.96,382.07,29938700
2026-06-25,386.58,388.8,372.7,378.91,23353700
2026-06-26,370.45,373.69,363.83,365.02,34839300
2026-06-29,373.62,376.21,360.46,372.45,24285200
2026-06-30,374.79,379.62,370.64,377.75,28517400
2026-07-01,371.87,373.75,368.03,369.34,23712600
2026-07-02,365.73,374.0,356.43,360.45,26749500
2026-07-06,373.61,383.16,371.18,373.9,24544000
2026-07-07,366.56,372.96,362.01,370.78,24116700
2026-07-08,377.52,395.09,376.89,388.69,31624100
2026-07-09,402.19,407.52,387.93,401.11,28074000
2026-07-10,398.5,402.44,395.7,399.97,14595900
2026-07-13,393.48,395.75,383.42,384.05,21294500
2026-07-14,395.72,397.33,384.64,389.11,20118700
2026-07-15,396.09,399.0,386.74,394.28,16324100
2026-07-16,384.54,386.74,371.9,374.45,23407200
2026-07-17,366.05,377.35,357.8,370.83,23272200
2026-07-20,378.76,383.59,375.96,378.16,14420500
2026-07-21,390.21,390.58,379.22,386.5,17291100
2026-07-22,380.2,398.59,380.0,396.81,16966200
2026-07-23,392.19,397.61,386.82,392.47,16348700
2026-07-24,387.68,389.27,378.75,381.92,15149400
2026-07-27,389.82,389.9,373.5,383.22,18502100
2026-07-28,374.36,385.8,371.52,380.91,20328400
2026-07-29,380.64,386.12,369.51,370.32,21374400
2026-07-30,380.35,388.68,377.54,387.84,23639800
2026-07-31,394.83,399.92,379.71,389.28,20391000
2026-08-03,384.41,392.61,374.61,392.23,17315100
2026-08-04,402.97,422.07,400.68,418.16,29564200
2026-08-05,421.7,427.0,416.89,418.28,16880400
2026-08-06,420.55,428.03,410.76,420.57,13907500
2026-08-07,428.4,430.84,421.61,427.76,14698300
2026-08-10,426.99,432.73,420.16,422.4,13854100
2026-08-11,426.07,426.76,413.23,416.08,12882700
2026-08-12,426.26,426.5,414.61,416.05,15859200
2026-08-13,415.81,424.92,411.41,417.82,13180500
2026-08-14,411.96,412.5,388.5,392.99,29513600
2026-08-17,397.26,399.36,391.31,392.43,20042600
2026-08-18,384.32,385.78,377.01,380.0,22878200
2026-08-19,372.4,373.91,357.61,362.48,35091400
2026-08-20,364.39,367.12,362.25,364.03,19729800
2026-08-21,370.8,375.12,365.05,368.45,19037140
2026-08-24,364.652,366.12,358.71,358.76,18635761
2026-08-25,360.995,362.99,355.32,356.74,17929510
2026-08-26,357.24,359.4699,350.07,355.59,18558282
