date,open,high,low,close,volume
2016-08-15,0.0742,0.0751,0.0742,0.0751,268300
2016-08-16,0.0759,0.0768,0.0759,0.0759,388742
2016-08-17,0.0768,0.0776,0.0734,0.0759,1107964
2016-08-18,0.0759,0.0759,0.0742,0.0742,267811
2016-08-19,0.0776,0.0776,0.0776,0.0776,979
2016-08-22,0.0759,0.0776,0.0751,0.0776,441619
2016-08-23,0.0742,0.0776,0.0742,0.0776,76867
2016-08-24,0.0742,0.0768,0.0742,0.0768,74419
2016-08-25,0.0751,0.0751,0.0742,0.0742,276134
2016-08-26,0.0759,0.0759,0.0751,0.0759,49449
2016-08-29,0.0742,0.0759,0.0742,0.0759,464140
2016-08-30,0.0776,0.0776,0.0776,0.0776,979
2016-09-01,0.0742,0.0742,0.0708,0.0742,1394870
2016-09-02,0.0708,0.0717,0.07,0.0717,843580
2016-09-05,0.07,0.07,0.0683,0.0683,528768
2016-09-06,0.0683,0.07,0.0683,0.0683,1224000
2016-09-07,0.0683,0.07,0.0674,0.0691,891561
2016-09-08,0.0717,0.0717,0.0683,0.0708,1249459
2016-09-09,0.0691,0.0708,0.0683,0.0691,1275897
2016-09-13,0.0683,0.07,0.0674,0.07,323625
2016-09-14,0.0683,0.0683,0.0674,0.0674,447984
2016-09-15,0.0691,0.07,0.0674,0.07,62179
2016-09-19,0.0683,0.0683,0.0674,0.0683,489600
2016-09-20,0.0674,0.0683,0.0674,0.0683,88128
2016-09-21,0.0683,0.0683,0.0683,0.0683,357408
2016-09-22,0.0683,0.0683,0.0683,0.0683,24480
2016-09-23,0.0683,0.0683,0.0683,0.0683,430848
2016-09-26,0.0674,0.0683,0.0674,0.0674,606124
2016-09-27,0.0674,0.0683,0.0665,0.0683,675648
2016-09-28,0.0674,0.0674,0.0674,0.0674,324115
2016-09-29,0.0674,0.0683,0.0665,0.0683,517996
2016-09-30,0.0674,0.0674,0.0665,0.0665,626688
2016-10-04,0.0665,0.0683,0.0665,0.0683,156182
2016-10-05,0.0683,0.0683,0.0683,0.0683,0
2016-10-06,0.0657,0.0674,0.0648,0.0674,86659
2016-10-07,0.0665,0.0665,0.0648,0.0665,533664
2016-10-10,0.0657,0.0665,0.0623,0.0665,751536
2016-10-11,0.0648,0.0648,0.0648,0.0648,713836
2016-10-12,0.0631,0.0648,0.0631,0.0648,137088
2016-10-13,0.0648,0.0708,0.0648,0.0674,4402483
2016-10-14,0.0674,0.0674,0.0648,0.0674,759369
2016-10-17,0.0665,0.0665,0.0665,0.0665,195840
2016-10-18,0.0648,0.0648,0.064,0.0648,463161
2016-10-19,0.064,0.064,0.0631,0.064,1865865
2016-10-20,0.064,0.064,0.0623,0.0623,1126569
2016-10-21,0.0614,0.0614,0.0606,0.0614,1050192
2016-10-24,0.0614,0.0631,0.0606,0.0631,396576
2016-10-25,0.0623,0.0623,0.0606,0.0614,783360
2016-10-26,0.0606,0.0614,0.0589,0.0614,917020
2016-10-27,0.0597,0.0597,0.058,0.0597,118483
2016-10-28,0.058,0.0597,0.058,0.0597,1023264
2016-10-31,0.0589,0.0589,0.0572,0.0589,1160352
2016-11-01,0.0572,0.0589,0.0572,0.0589,422524
2016-11-02,0.0572,0.0589,0.0572,0.0589,1483488
2016-11-03,0.0572,0.058,0.0563,0.058,2646288
2016-11-04,0.0572,0.0572,0.0563,0.0563,790704
2016-11-07,0.0563,0.058,0.0563,0.058,293760
2016-11-08,0.0563,0.0563,0.0555,0.0555,944928
2016-11-09,0.0546,0.0546,0.0503,0.0512,2283004
2016-11-10,0.0512,0.0572,0.0512,0.0537,3398313
2016-11-11,0.0529,0.0537,0.052,0.0537,774547
2016-11-14,0.0512,0.052,0.0512,0.0512,941990
2016-11-15,0.052,0.0529,0.0486,0.0503,1327795
2016-11-16,0.0495,0.0495,0.0495,0.0495,573811
2016-11-17,0.0495,0.0503,0.0478,0.0495,446025
2016-11-18,0.0486,0.0495,0.0486,0.0495,78336
2016-11-21,0.0478,0.0495,0.0478,0.0495,597801
2016-11-22,0.0486,0.0495,0.0486,0.0495,147859
2016-11-23,0.052,0.052,0.052,0.052,489
2016-11-24,0.0495,0.0495,0.0486,0.0495,453369
2016-11-25,0.0486,0.0495,0.0486,0.0495,596332
2016-11-28,0.0495,0.0529,0.0486,0.0529,720691
2016-11-29,0.0512,0.052,0.0495,0.052,538560
2016-11-30,0.0512,0.0512,0.0478,0.0495,1801238
2016-12-01,0.0495,0.0495,0.0495,0.0495,0
2016-12-02,0.0495,0.0495,0.0444,0.0461,1863907
2016-12-05,0.0452,0.0461,0.0435,0.0452,3047270
2016-12-06,0.0444,0.0452,0.0444,0.0444,1532448
2016-12-07,0.0435,0.0435,0.0427,0.0435,1840896
2016-12-08,0.0427,0.0435,0.0427,0.0435,1129996
2016-12-09,0.0427,0.0435,0.041,0.0435,1892304
2016-12-13,0.0435,0.0435,0.0427,0.0435,754473
2016-12-14,0.0418,0.0418,0.041,0.0418,2977257
2016-12-15,0.0418,0.0427,0.041,0.0427,1424736
2016-12-16,0.041,0.041,0.0401,0.041,2241388
2016-12-19,0.041,0.0418,0.041,0.041,917510
2016-12-20,0.041,0.041,0.041,0.041,775526
2016-12-21,0.0418,0.0444,0.0418,0.0435,3504067
2016-12-22,0.0444,0.0444,0.0418,0.0418,920448
2016-12-23,0.041,0.0427,0.041,0.0427,547862
2016-12-27,0.0418,0.0418,0.0418,0.0418,267811
2016-12-28,0.0418,0.0469,0.0418,0.0452,4014720
2016-12-29,0.0461,0.0461,0.0427,0.0444,337334
2016-12-30,0.0427,0.0435,0.0427,0.0435,551779
2017-01-02,0.0435,0.0435,0.0435,0.0435,0
2017-01-03,0.0435,0.0452,0.0427,0.0452,1162310
2017-01-04,0.0452,0.0529,0.0444,0.052,7033104
2017-01-05,0.0512,0.0563,0.0512,0.0555,4635532
2017-01-06,0.0563,0.0597,0.0563,0.058,3701376
2017-01-09,0.0589,0.0614,0.058,0.0597,3814473
2017-01-10,0.0614,0.0665,0.0597,0.0657,9719539
2017-01-11,0.0665,0.0759,0.0665,0.0734,24976454
2017-01-12,0.0751,0.0759,0.0717,0.0742,6863212
2017-01-13,0.0751,0.0751,0.0708,0.0725,2043100
2017-01-16,0.0734,0.0734,0.0708,0.0717,5712652
2017-01-17,0.0725,0.0862,0.0717,0.0819,24231772
2017-01-18,0.0836,0.0921,0.0828,0.0913,32073696
2017-01-19,0.0913,0.0938,0.0845,0.0862,14184201
2017-01-20,0.087,0.0896,0.0828,0.0836,2562076
2017-01-23,0.0836,0.0947,0.0836,0.0947,18929894
2017-01-24,0.0973,0.0981,0.0921,0.093,11882592
2017-01-25,0.0947,0.0956,0.0913,0.093,5785603
2017-01-26,0.0947,0.0973,0.0938,0.0964,7585372
2017-01-27,0.0973,0.099,0.0956,0.0964,4825008
2017-01-31,0.0956,0.0956,0.0938,0.0956,2929276
2017-02-02,0.0947,0.099,0.0938,0.099,7541308
2017-02-03,0.0998,0.1007,0.0981,0.1007,7821360
2017-02-06,0.1007,0.1049,0.1007,0.1049,7269091
2017-02-07,0.1041,0.1041,0.1007,0.1015,1247990
2017-02-08,0.1015,0.1015,0.0921,0.0921,4591468
2017-02-10,0.0921,0.0973,0.0921,0.0964,5587804
2017-02-13,0.0973,0.0973,0.0947,0.0964,3501129
2017-02-14,0.0973,0.099,0.0956,0.099,5972630
2017-02-15,0.0998,0.0998,0.0964,0.0964,2816179
2017-02-16,0.0947,0.0956,0.0938,0.0947,1756684
2017-02-17,0.0938,0.099,0.0938,0.0981,3117283
2017-02-20,0.099,0.1024,0.099,0.0998,13738176
2017-02-21,0.1007,0.1015,0.099,0.099,2746656
2017-02-22,0.099,0.099,0.0973,0.0973,1153008
2017-02-23,0.0973,0.1015,0.0973,0.0998,9528595
2017-02-24,0.1007,0.1007,0.0973,0.099,12551875
2017-02-27,0.099,0.1007,0.0981,0.1007,30114316
2017-02-28,0.099,0.099,0.0938,0.0938,3221568
2017-03-01,0.0845,0.0947,0.081,0.093,12254198
2017-03-02,0.093,0.099,0.093,0.0981,2250201
2017-03-03,0.099,0.099,0.0973,0.0981,2639923
2017-03-06,0.0981,0.099,0.0913,0.0981,7916342
2017-03-07,0.099,0.0998,0.0981,0.099,2003443
2017-03-08,0.0981,0.0981,0.0973,0.0973,1043337
2017-03-09,0.0964,0.0973,0.0956,0.0956,804902
2017-03-10,0.0956,0.0964,0.093,0.093,5691600
2017-03-13,0.093,0.093,0.0913,0.0921,3386563
2017-03-14,0.0938,0.0938,0.093,0.0938,4558176
2017-03-15,0.0938,0.099,0.0938,0.099,1713600
2017-03-16,0.099,0.0998,0.0947,0.0973,8147433
2017-03-17,0.0973,0.1007,0.0973,0.099,18211161
2017-03-20,0.0981,0.1058,0.0981,0.1049,19355356
2017-03-21,0.1058,0.116,0.1058,0.1135,50455728
2017-03-22,0.1109,0.116,0.1109,0.1143,11401804
2017-03-23,0.1194,0.1314,0.1194,0.1288,53005075
2017-03-24,0.1297,0.1314,0.1254,0.1271,16203801
2017-03-27,0.128,0.1297,0.1254,0.128,11044396
2017-03-28,0.1288,0.1297,0.1271,0.1271,6164064
2017-03-29,0.128,0.1442,0.128,0.1433,32380185
2017-03-30,0.1467,0.1561,0.1467,0.1502,31936118
2017-03-31,0.1502,0.1519,0.1459,0.1459,11974636
2017-04-03,0.1459,0.1459,0.1331,0.1425,12367785
2017-04-04,0.1425,0.1442,0.1408,0.1433,5048265
2017-04-05,0.1442,0.1536,0.1433,0.1484,12760934
2017-04-06,0.1484,0.1553,0.1484,0.1527,15202569
2017-04-07,0.1502,0.1519,0.1484,0.151,3451680
2017-04-10,0.1484,0.1502,0.1476,0.1502,3782160
2017-04-11,0.1484,0.1672,0.1484,0.1664,17978601
2017-04-12,0.1655,0.1655,0.1612,0.1638,4269801
2017-04-13,0.1621,0.1621,0.151,0.1544,5420361
2017-04-14,0.151,0.1561,0.1502,0.1502,3328300
2017-04-17,0.1502,0.157,0.1502,0.1553,2162563
2017-04-18,0.1527,0.1553,0.1527,0.1553,1372348
2017-04-19,0.1536,0.1544,0.1527,0.1544,1968192
2017-04-20,0.1544,0.157,0.1536,0.157,2075904
2017-04-21,0.157,0.1621,0.157,0.1587,3409084
2017-04-24,0.1578,0.1578,0.1578,0.1578,0
2017-04-25,0.1578,0.1647,0.1578,0.163,5674464
2017-04-26,0.1638,0.1655,0.163,0.1647,4121942
2017-04-27,0.1655,0.1775,0.163,0.1775,11967292
2017-04-28,0.1775,0.1928,0.1723,0.1877,14591548
2017-05-02,0.1877,0.1962,0.1877,0.1945,2955225
2017-05-03,0.1945,0.1945,0.1894,0.1911,2649715
2017-05-04,0.1894,0.1928,0.186,0.1911,3844339
2017-05-05,0.1911,0.1928,0.186,0.1911,2677622
2017-05-08,0.1928,0.1945,0.1877,0.1928,4901385
2017-05-09,0.1928,0.1945,0.1894,0.1945,2492553
2017-05-11,0.1928,0.2013,0.1928,0.1979,4028428
2017-05-12,0.1996,0.1996,0.1962,0.1979,2895004
2017-05-15,0.1962,0.1962,0.1911,0.1911,4760380
2017-05-16,0.1928,0.1928,0.1911,0.1911,675648
2017-05-17,0.1928,0.1928,0.1894,0.1894,2234534
2017-05-18,0.1894,0.1894,0.1843,0.186,1707724
2017-05-19,0.186,0.1911,0.1843,0.1911,1044316
2017-05-22,0.2013,0.2013,0.1911,0.1911,1039420
2017-05-23,0.1962,0.1962,0.1911,0.1962,1035014
2017-05-24,0.1928,0.1962,0.1928,0.1945,399024
2017-05-25,0.1928,0.1928,0.1911,0.1928,421545
2017-05-26,0.1894,0.1894,0.1877,0.1877,279072
2017-05-29,0.1877,0.1877,0.1775,0.1826,922896
2017-05-31,0.1621,0.1621,0.157,0.157,2274192
2017-06-01,0.157,0.157,0.1425,0.1467,1949587
2017-06-02,0.145,0.1621,0.1416,0.1612,987523
2017-06-05,0.1612,0.1672,0.1604,0.1672,1320451
2017-06-06,0.1689,0.1706,0.1621,0.1621,948844
2017-06-07,0.1621,0.1621,0.1612,0.1612,313344
2017-06-08,0.1587,0.1621,0.1587,0.1587,347616
2017-06-09,0.1587,0.1587,0.157,0.1578,247737
2017-06-13,0.1587,0.1587,0.157,0.1587,1004169
2017-06-14,0.157,0.157,0.1527,0.1536,942480
2017-06-15,0.1536,0.1536,0.1536,0.1536,145900
2017-06-16,0.1536,0.1536,0.1536,0.1536,0
2017-06-19,0.1536,0.1536,0.1502,0.1502,301593
2017-06-20,0.1484,0.1519,0.1484,0.1493,164505
2017-06-21,0.1502,0.1502,0.1502,0.1502,188496
2017-06-22,0.1502,0.1561,0.1502,0.1536,80784
2017-06-23,0.1536,0.1536,0.1519,0.1519,213465
2017-06-26,0.1519,0.1519,0.1519,0.1519,0
2017-06-27,0.1519,0.1519,0.1519,0.1519,0
2017-06-28,0.1527,0.1553,0.1519,0.1553,219830
2017-06-29,0.1553,0.1553,0.1553,0.1553,0
2017-06-30,0.1553,0.1587,0.1536,0.1578,2019110
2017-07-03,0.157,0.1604,0.157,0.1604,1150070
2017-07-04,0.1595,0.1612,0.1587,0.1595,188496
2017-07-05,0.1595,0.1595,0.1561,0.157,213955
2017-07-06,0.1561,0.1587,0.1561,0.1578,502819
2017-07-07,0.1544,0.1544,0.1536,0.1536,236476
2017-07-10,0.1536,0.1587,0.1519,0.1536,652636
2017-07-11,0.1544,0.1544,0.1527,0.1536,494496
2017-07-12,0.1527,0.1527,0.1502,0.1502,97920
2017-07-13,0.1527,0.1536,0.1502,0.151,416160
2017-07-14,0.1519,0.1536,0.1502,0.1527,387273
2017-07-17,0.1527,0.1527,0.1527,0.1527,0
2017-07-18,0.1536,0.1536,0.1536,0.1536,102816
2017-07-19,0.1536,0.1536,0.1416,0.1519,378950
2017-07-20,0.1502,0.1502,0.1493,0.1502,400492
2017-07-21,0.1527,0.1527,0.1484,0.1502,270259
2017-07-24,0.1502,0.151,0.1493,0.1502,411264
2017-07-25,0.151,0.151,0.1493,0.1493,214444
2017-07-26,0.1484,0.151,0.1484,0.1502,210528
2017-07-27,0.151,0.151,0.151,0.151,125337
2017-07-28,0.1493,0.1502,0.1493,0.1493,260956
2017-07-31,0.1502,0.1502,0.1493,0.1493,344678
2017-08-01,0.1502,0.1502,0.145,0.1476,1689120
2017-08-02,0.1467,0.1476,0.145,0.1467,1783123
2017-08-03,0.1467,0.1467,0.1459,0.1459,1685203
2017-08-04,0.1459,0.1459,0.1433,0.145,1750809
2017-08-07,0.1433,0.145,0.1382,0.1408,1789488
2017-08-08,0.1416,0.1425,0.1382,0.1399,1910419
2017-08-09,0.1408,0.1416,0.1399,0.1408,1569168
2017-08-10,0.1399,0.1399,0.1357,0.1374,2142000
2017-08-11,0.1365,0.1365,0.1357,0.1357,362304
2017-08-14,0.1357,0.1357,0.1322,0.1322,2303078
2017-08-15,0.1365,0.1365,0.1331,0.1365,595843
2017-08-16,0.1339,0.1339,0.1331,0.1339,2252160
2017-08-17,0.1339,0.1357,0.1331,0.1357,1815436
2017-08-18,0.1331,0.1331,0.1322,0.1322,1698912
2017-08-21,0.1331,0.1331,0.1263,0.1263,4323168
2017-08-22,0.1254,0.128,0.1254,0.1254,1434528
2017-08-23,0.1254,0.1263,0.1254,0.1254,2266848
2017-08-24,0.1254,0.1263,0.1254,0.1254,3282768
2017-08-25,0.1254,0.1254,0.122,0.122,4088160
2017-08-28,0.122,0.122,0.1211,0.1211,1165248
2017-08-29,0.1211,0.1246,0.1211,0.1237,1651420
2017-08-30,0.1229,0.1254,0.1229,0.1246,455328
2017-08-31,0.1246,0.1246,0.1246,0.1246,0
2017-09-01,0.1246,0.1246,0.1246,0.1246,0
2017-09-04,0.1246,0.1246,0.1246,0.1246,0
2017-09-05,0.1246,0.1263,0.1246,0.1263,1170144
2017-09-06,0.1271,0.1271,0.1271,0.1271,1126080
2017-09-07,0.1297,0.1297,0.1297,0.1297,69523
2017-09-08,0.1297,0.1297,0.1297,0.1297,362304
2017-09-11,0.1331,0.1348,0.1331,0.1348,318240
2017-09-12,0.1365,0.1399,0.1357,0.1399,122400
2017-09-13,0.1399,0.1399,0.1374,0.1382,2727072
2017-09-14,0.1382,0.1519,0.1374,0.1519,944928
2017-09-15,0.1442,0.1544,0.1442,0.1502,1728288
2017-09-18,0.1536,0.1536,0.1502,0.151,205632
2017-09-19,0.151,0.1544,0.151,0.1536,1246521
2017-09-20,0.1536,0.1536,0.1536,0.1536,88128
2017-09-21,0.1502,0.1527,0.1502,0.1527,1660233
2017-09-22,0.1527,0.1527,0.1527,0.1527,0
2017-09-25,0.1527,0.1527,0.1527,0.1527,0
2017-09-26,0.1408,0.1536,0.1399,0.1459,1469779
2017-09-27,0.1536,0.1536,0.1502,0.151,207100
2017-09-28,0.1425,0.1502,0.1425,0.1459,4075920
2017-09-29,0.1433,0.145,0.1433,0.1442,2340288
2017-10-02,0.1493,0.1502,0.1425,0.1467,1569168
2017-10-03,0.1442,0.1442,0.1442,0.1442,758880
2017-10-04,0.1425,0.1484,0.1425,0.1484,988992
2017-10-05,0.1442,0.1484,0.1442,0.1484,1361088
2017-10-06,0.145,0.1476,0.1442,0.1476,1702828
2017-10-09,0.1459,0.1519,0.145,0.1484,660960
2017-10-10,0.1519,0.1519,0.1467,0.1467,798048
2017-10-11,0.1467,0.1467,0.1467,0.1467,34272
2017-10-12,0.1459,0.1467,0.1459,0.1467,884217
2017-10-13,0.1467,0.1467,0.1467,0.1467,1547136
2017-10-16,0.1459,0.1459,0.1459,0.1459,48960
2017-10-17,0.1459,0.1459,0.1459,0.1459,905760
2017-10-18,0.1459,0.1459,0.1459,0.1459,0
2017-10-19,0.145,0.145,0.145,0.145,376992
2017-10-20,0.145,0.145,0.145,0.145,1542240
2017-10-23,0.145,0.145,0.1433,0.1433,1615680
2017-10-24,0.1442,0.145,0.1442,0.145,1271001
2017-10-25,0.1467,0.1467,0.1467,0.1467,348595
2017-10-26,0.1467,0.1467,0.1467,0.1467,12240
2017-10-27,0.145,0.1467,0.145,0.145,112118
2017-10-30,0.145,0.1476,0.145,0.1476,313344
2017-10-31,0.1484,0.1493,0.1476,0.1484,930240
2017-11-01,0.1493,0.1502,0.1493,0.1493,1532448
2017-11-02,0.1476,0.1502,0.1476,0.1493,1932940
2017-11-03,0.1493,0.1502,0.1484,0.1502,1811030
2017-11-06,0.1467,0.1467,0.1467,0.1467,1566720
2017-11-07,0.1467,0.1467,0.1467,0.1467,1175040
2017-11-08,0.1467,0.1467,0.1467,0.1467,0
2017-11-09,0.1467,0.1467,0.1467,0.1467,0
2017-11-10,0.1476,0.1484,0.1476,0.1476,1909440
2017-11-13,0.1493,0.157,0.1493,0.1561,108201
2017-11-14,0.1553,0.1553,0.1536,0.1536,68544
2017-11-15,0.1536,0.1536,0.1536,0.1536,0
2017-11-16,0.1502,0.1502,0.1484,0.1484,379440
2017-11-17,0.1536,0.1536,0.1459,0.1459,48960
2017-11-20,0.1467,0.1467,0.1459,0.1459,88128
2017-11-21,0.1459,0.1459,0.1459,0.1459,24480
2017-11-22,0.145,0.1536,0.145,0.1459,117504
2017-11-23,0.1459,0.1459,0.1459,0.1459,0
2017-11-24,0.1459,0.1459,0.1459,0.1459,9792
2017-11-27,0.1467,0.1467,0.1467,0.1467,2448
2017-11-28,0.1467,0.1587,0.1467,0.1553,845049
2017-11-29,0.1536,0.1536,0.1484,0.1484,244800
2017-11-30,0.1484,0.1484,0.1484,0.1484,0
2017-12-01,0.1484,0.1484,0.1484,0.1484,0
2017-12-04,0.1553,0.1553,0.145,0.145,2034288
2017-12-05,0.1467,0.1553,0.1459,0.151,2877868
2017-12-06,0.151,0.1698,0.151,0.1698,4734432
2017-12-07,0.1775,0.186,0.1757,0.1792,7333228
2017-12-08,0.1809,0.1809,0.1578,0.1723,3083011
2017-12-11,0.1723,0.1792,0.1706,0.1706,632563
2017-12-12,0.1706,0.174,0.1706,0.1706,654595
2017-12-13,0.1723,0.1723,0.1681,0.1706,966960
2017-12-14,0.1698,0.1698,0.1698,0.1698,97920
2017-12-15,0.1689,0.1698,0.1689,0.1698,112608
2017-12-18,0.1706,0.1706,0.1698,0.1698,378950
2017-12-19,0.1689,0.1689,0.1681,0.1681,517017
2017-12-20,0.1681,0.1689,0.1681,0.1689,84700
2017-12-21,0.1689,0.1689,0.1689,0.1689,0
2017-12-22,0.1689,0.1689,0.1689,0.1689,0
2017-12-25,0.1689,0.1689,0.1689,0.1689,0
2017-12-26,0.1587,0.1587,0.1587,0.1587,49449
2017-12-27,0.1612,0.1638,0.1578,0.1638,869529
2017-12-28,0.1638,0.1638,0.1638,0.1638,0
2017-12-29,0.157,0.157,0.157,0.157,24480
2018-01-02,0.1612,0.1612,0.157,0.157,242352
2018-01-03,0.157,0.1612,0.1561,0.1612,180662
2018-01-04,0.1612,0.1612,0.1612,0.1612,0
2018-01-05,0.1621,0.1621,0.1553,0.1612,526809
2018-01-08,0.1612,0.1621,0.1578,0.1578,483235
2018-01-09,0.1587,0.1587,0.1587,0.1587,98899
2018-01-10,0.157,0.157,0.1561,0.157,39168
2018-01-11,0.1578,0.1604,0.1578,0.1587,1352275
2018-01-12,0.1604,0.1604,0.1578,0.1578,44553
2018-01-15,0.157,0.1595,0.157,0.1595,27417
2018-01-16,0.1604,0.1604,0.1536,0.1604,636480
2018-01-17,0.157,0.157,0.157,0.157,73440
2018-01-18,0.1578,0.1604,0.157,0.1604,1201968
2018-01-19,0.1612,0.1647,0.1595,0.1595,891561
2018-01-22,0.1689,0.2013,0.1681,0.1928,6071529
2018-01-23,0.1945,0.1996,0.1894,0.1945,3030624
2018-01-24,0.1945,0.1962,0.1945,0.1962,798537
2018-01-25,0.1945,0.1945,0.1809,0.1809,605635
2018-01-26,0.1843,0.1877,0.1809,0.1826,876873
2018-01-29,0.1877,0.1945,0.1877,0.1911,1392912
2018-01-30,0.1911,0.1928,0.186,0.1911,288864
2018-02-02,0.186,0.1894,0.186,0.1894,172828
2018-02-05,0.186,0.186,0.1843,0.1843,522403
2018-02-06,0.174,0.1826,0.1723,0.1809,1222531
2018-02-07,0.186,0.1877,0.1843,0.1843,1107964
2018-02-08,0.1843,0.1843,0.1809,0.1809,452390
2018-02-09,0.1775,0.1792,0.1757,0.1792,1307232
2018-02-12,0.1826,0.1826,0.1775,0.1792,397555
2018-02-13,0.1792,0.1809,0.1792,0.1792,822528
2018-02-14,0.1775,0.1826,0.1775,0.1826,394128
2018-02-15,0.1826,0.1911,0.1826,0.1894,889113
2018-02-19,0.1911,0.1911,0.1894,0.1894,800985
2018-02-20,0.1911,0.1911,0.1894,0.1894,318729
2018-02-21,0.1792,0.186,0.1792,0.1843,104774
2018-02-22,0.1843,0.1843,0.1843,0.1843,0
2018-02-23,0.186,0.186,0.1843,0.1843,14688
2018-02-26,0.1826,0.186,0.1826,0.186,719222
2018-02-27,0.1843,0.186,0.1809,0.186,58752
2018-02-28,0.186,0.186,0.1826,0.1843,117504
2018-03-01,0.1843,0.1843,0.1843,0.1843,0
2018-03-02,0.1792,0.1792,0.1757,0.1757,58752
2018-03-05,0.1757,0.1775,0.1757,0.1757,587520
2018-03-06,0.174,0.174,0.174,0.174,122400
2018-03-07,0.1723,0.1723,0.1689,0.1689,885686
2018-03-08,0.1689,0.1689,0.1689,0.1689,4896
2018-03-09,0.1706,0.1706,0.1706,0.1706,107222
2018-03-12,0.1706,0.1706,0.1706,0.1706,0
2018-03-13,0.1706,0.1706,0.1706,0.1706,159120
2018-03-14,0.1723,0.1723,0.1706,0.1706,259488
2018-03-15,0.1706,0.1706,0.1706,0.1706,195840
2018-03-16,0.1706,0.1706,0.1706,0.1706,0
2018-03-19,0.1706,0.1706,0.1706,0.1706,0
2018-03-20,0.1689,0.1689,0.1689,0.1689,60220
2018-03-21,0.1681,0.1689,0.1681,0.1689,72950
2018-03-22,0.1689,0.1689,0.1689,0.1689,6854
2018-03-23,0.1672,0.1672,0.1672,0.1672,213955
2018-03-26,0.1638,0.1638,0.1638,0.1638,48960
2018-03-27,0.1638,0.1638,0.1638,0.1638,0
2018-03-28,0.1638,0.1638,0.1638,0.1638,0
2018-03-29,0.1595,0.1595,0.1595,0.1595,65116
2018-03-30,0.1587,0.1621,0.157,0.1621,270748
2018-04-02,0.1553,0.1553,0.1553,0.1553,73440
2018-04-03,0.1553,0.1553,0.1553,0.1553,0
2018-04-04,0.1553,0.1553,0.145,0.145,489600
2018-04-05,0.145,0.145,0.145,0.145,0
2018-04-06,0.145,0.1467,0.145,0.1467,318240
2018-04-09,0.1467,0.1467,0.1467,0.1467,0
2018-04-10,0.1519,0.1536,0.1484,0.1536,195840
2018-04-11,0.1536,0.1536,0.1536,0.1536,0
2018-04-12,0.151,0.151,0.1502,0.1502,86169
2018-04-13,0.1502,0.1502,0.1502,0.1502,0
2018-04-16,0.1467,0.1467,0.1467,0.1467,68544
2018-04-17,0.1467,0.1467,0.145,0.145,171360
2018-04-18,0.1459,0.1459,0.145,0.145,231580
2018-04-19,0.145,0.145,0.145,0.145,0
2018-04-20,0.145,0.1484,0.145,0.1484,190944
2018-04-23,0.145,0.145,0.145,0.145,48960
2018-04-24,0.145,0.145,0.145,0.145,0
2018-04-25,0.145,0.145,0.145,0.145,0
2018-04-26,0.145,0.145,0.145,0.145,0
2018-04-27,0.1459,0.1502,0.1459,0.1502,206611
2018-04-30,0.1502,0.1502,0.1502,0.1502,0
2018-05-02,0.1502,0.1502,0.1502,0.1502,0
2018-05-03,0.1502,0.1502,0.1502,0.1502,0
2018-05-04,0.1536,0.1536,0.1536,0.1536,58752
2018-05-07,0.1536,0.1536,0.1536,0.1536,0
2018-05-08,0.1587,0.1587,0.1587,0.1587,48960
2018-05-14,0.1587,0.1587,0.1587,0.1587,0
2018-05-15,0.1536,0.1536,0.145,0.145,203184
2018-05-16,0.1536,0.1587,0.1536,0.1587,280051
2018-05-17,0.1604,0.1604,0.1604,0.1604,127296
2018-05-18,0.1604,0.1604,0.1604,0.1604,0
2018-05-21,0.1604,0.1604,0.1604,0.1604,0
2018-05-22,0.157,0.157,0.157,0.157,12240
2018-05-23,0.157,0.157,0.157,0.157,0
2018-05-24,0.157,0.157,0.157,0.157,0
2018-05-25,0.157,0.157,0.157,0.157,0
2018-05-28,0.157,0.157,0.157,0.157,0
2018-05-30,0.157,0.157,0.157,0.157,0
2018-05-31,0.157,0.157,0.157,0.157,0
2018-06-01,0.1476,0.1476,0.1476,0.1476,0
2018-06-04,0.1544,0.1544,0.1544,0.1544,1126080
2018-06-05,0.1544,0.1544,0.1544,0.1544,0
2018-06-06,0.1544,0.1544,0.1544,0.1544,0
2018-06-07,0.1544,0.1544,0.1544,0.1544,0
2018-06-08,0.1544,0.1544,0.1544,0.1544,0
2018-06-11,0.1544,0.1544,0.1544,0.1544,457776
2018-06-12,0.1621,0.1638,0.1621,0.1638,734400
2018-06-13,0.1536,0.1655,0.1536,0.1655,28886
2018-06-14,0.1655,0.1655,0.1655,0.1655,0
2018-06-18,0.1655,0.1655,0.1655,0.1655,0
2018-06-19,0.1672,0.1672,0.1672,0.1672,59241
2018-06-20,0.1672,0.1672,0.1672,0.1672,0
2018-06-21,0.1672,0.1672,0.1672,0.1672,0
2018-06-22,0.1672,0.1672,0.1672,0.1672,0
2018-06-25,0.1672,0.1672,0.1672,0.1672,0
2018-06-26,0.1672,0.1672,0.1672,0.1672,0
2018-06-27,0.1467,0.1595,0.1467,0.1484,362304
2018-06-28,0.1433,0.1433,0.1433,0.1433,24480
2018-06-29,0.157,0.157,0.157,0.157,73440
2018-07-02,0.157,0.157,0.157,0.157,0
2018-07-03,0.1399,0.1399,0.1399,0.1399,19584
2018-07-04,0.1493,0.1587,0.1493,0.1587,94003
2018-07-05,0.1587,0.1587,0.1587,0.1587,0
2018-07-06,0.1587,0.1587,0.1587,0.1587,0
2018-07-09,0.1493,0.1561,0.1493,0.1561,83232
2018-07-10,0.1561,0.1561,0.1561,0.1561,0
2018-07-11,0.1561,0.1561,0.1561,0.1561,0
2018-07-12,0.1561,0.1561,0.1561,0.1561,0
2018-07-13,0.1561,0.1561,0.1561,0.1561,0
2018-07-16,0.1484,0.1484,0.1484,0.1484,12240
2018-07-17,0.1493,0.1519,0.1484,0.1484,1202947
2018-07-18,0.1493,0.157,0.1493,0.1519,6159168
2018-07-19,0.1502,0.151,0.1467,0.1502,4305542
2018-07-20,0.1502,0.1502,0.1502,0.1502,14688
2018-07-23,0.1467,0.1467,0.145,0.145,367200
2018-07-24,0.1484,0.1502,0.1484,0.1502,151286
2018-07-25,0.1502,0.1502,0.1502,0.1502,0
2018-07-26,0.1484,0.1484,0.1484,0.1484,24480
2018-07-27,0.1484,0.1484,0.1484,0.1484,0
2018-07-30,0.1484,0.1484,0.1484,0.1484,0
2018-07-31,0.1484,0.1484,0.1484,0.1484,0
2018-08-01,0.1442,0.145,0.1433,0.145,201225
2018-08-02,0.145,0.145,0.145,0.145,0
2018-08-03,0.145,0.145,0.145,0.145,0
2018-08-06,0.145,0.145,0.145,0.145,0
2018-08-07,0.145,0.145,0.145,0.145,0
2018-08-08,0.145,0.145,0.145,0.145,0
2018-08-09,0.145,0.145,0.145,0.145,0
2018-08-10,0.145,0.145,0.145,0.145,0
2018-08-13,0.145,0.145,0.145,0.145,0
2018-08-14,0.1467,0.1502,0.1467,0.1502,244800
2018-08-15,0.1502,0.1502,0.1502,0.1502,73440
2018-08-16,0.1459,0.1459,0.1459,0.1459,489
2018-08-17,0.1459,0.1459,0.1459,0.1459,0
2018-08-20,0.1459,0.1459,0.1459,0.1459,0
2018-08-21,0.1459,0.1459,0.1459,0.1459,0
2018-08-23,0.1502,0.1502,0.1502,0.1502,14688
2018-08-24,0.1502,0.1502,0.1502,0.1502,0
2018-08-27,0.1502,0.1502,0.1502,0.1502,0
2018-08-28,0.1502,0.1502,0.1502,0.1502,0
2018-08-29,0.1502,0.1502,0.1502,0.1502,0
2018-08-30,0.1502,0.1502,0.1502,0.1502,0
2018-09-03,0.1502,0.1502,0.1502,0.1502,0
2018-09-04,0.1331,0.1331,0.1331,0.1331,14688
2018-09-05,0.1331,0.1331,0.1331,0.1331,0
2018-09-06,0.1331,0.1331,0.1331,0.1331,0
2018-09-07,0.1331,0.1331,0.1331,0.1331,0
2018-09-12,0.1331,0.1331,0.1331,0.1331,0
2018-09-13,0.1331,0.1331,0.1331,0.1331,0
2018-09-14,0.1331,0.1331,0.1331,0.1331,0
2018-09-18,0.1348,0.1348,0.128,0.128,616406
2018-09-19,0.128,0.128,0.128,0.128,0
2018-09-20,0.128,0.128,0.128,0.128,0
2018-09-21,0.1254,0.1271,0.1254,0.1271,29376
2018-09-24,0.1263,0.1365,0.1263,0.1365,156672
2018-09-25,0.1365,0.1365,0.1365,0.1365,0
2018-09-26,0.1365,0.1365,0.1365,0.1365,0
2018-09-27,0.1365,0.1365,0.1365,0.1365,0
2018-09-28,0.1365,0.1365,0.1365,0.1365,0
2018-10-01,0.1365,0.1365,0.1365,0.1365,0
2018-10-02,0.1365,0.1365,0.1365,0.1365,0
2018-10-03,0.1365,0.1365,0.1365,0.1365,0
2018-10-04,0.1365,0.1365,0.1365,0.1365,0
2018-10-05,0.1365,0.1365,0.1365,0.1365,0
2018-10-08,0.1365,0.1365,0.1365,0.1365,0
2018-10-09,0.1348,0.1365,0.1348,0.1365,268300
2018-10-10,0.1365,0.1365,0.1365,0.1365,0
2018-10-11,0.1365,0.1365,0.1365,0.1365,0
2018-10-12,0.1365,0.1365,0.1365,0.1365,0
2018-10-15,0.1365,0.1365,0.1365,0.1365,0
2018-10-16,0.1365,0.1365,0.1365,0.1365,0
2018-10-17,0.1365,0.1365,0.1365,0.1365,0
2018-10-18,0.1365,0.1365,0.1365,0.1365,0
2018-10-19,0.1365,0.1365,0.1365,0.1365,0
2018-10-22,0.1365,0.1365,0.1365,0.1365,0
2018-10-23,0.1271,0.128,0.1271,0.128,78336
2018-10-24,0.1271,0.1271,0.1263,0.1271,107712
2018-10-25,0.1271,0.1271,0.1271,0.1271,0
2018-10-26,0.1271,0.1271,0.1271,0.1271,0
2018-10-29,0.1246,0.1246,0.1246,0.1246,36720
2018-10-30,0.1246,0.1246,0.1246,0.1246,0
2018-10-31,0.1331,0.1331,0.1331,0.1331,489
2018-11-01,0.1331,0.1331,0.1331,0.1331,0
2018-11-02,0.1331,0.1331,0.1331,0.1331,0
2018-11-05,0.1331,0.1331,0.1331,0.1331,0
2018-11-07,0.1237,0.128,0.1237,0.128,63648
2018-11-08,0.128,0.128,0.128,0.128,0
2018-11-09,0.128,0.128,0.128,0.128,0
2018-11-12,0.128,0.128,0.128,0.128,0
2018-11-13,0.128,0.128,0.128,0.128,0
2018-11-14,0.128,0.128,0.128,0.128,0
2018-11-15,0.1237,0.1237,0.1237,0.1237,24480
2018-11-16,0.1237,0.1237,0.1237,0.1237,0
2018-11-19,0.1237,0.1237,0.1237,0.1237,0
2018-11-21,0.128,0.128,0.1263,0.128,83232
2018-11-22,0.128,0.128,0.128,0.128,0
2018-11-23,0.128,0.128,0.128,0.128,0
2018-11-26,0.128,0.128,0.128,0.128,0
2018-11-27,0.128,0.128,0.128,0.128,0
2018-11-28,0.128,0.128,0.128,0.128,0
2018-11-29,0.128,0.128,0.128,0.128,0
2018-11-30,0.128,0.128,0.128,0.128,0
2018-12-03,0.128,0.128,0.128,0.128,0
2018-12-04,0.1143,0.1348,0.1143,0.1348,223257
2018-12-05,0.1348,0.1348,0.1348,0.1348,0
2018-12-06,0.1348,0.1348,0.1348,0.1348,0
2018-12-07,0.1348,0.1348,0.1348,0.1348,0
2018-12-10,0.1348,0.1348,0.1348,0.1348,0
2018-12-11,0.1194,0.1194,0.1194,0.1194,25459
2018-12-12,0.1194,0.1194,0.1194,0.1194,0
2018-12-13,0.1194,0.1194,0.1194,0.1194,0
2018-12-14,0.1194,0.1194,0.1194,0.1194,0
2018-12-17,0.1194,0.1194,0.1194,0.1194,0
2018-12-18,0.1194,0.1194,0.1194,0.1194,0
2018-12-19,0.1194,0.1194,0.1194,0.1194,0
2018-12-20,0.1194,0.1194,0.1194,0.1194,0
2018-12-21,0.1194,0.1194,0.1194,0.1194,0
2018-12-24,0.1194,0.1194,0.1194,0.1194,0
2018-12-26,0.128,0.128,0.128,0.128,350064
2018-12-27,0.128,0.128,0.128,0.128,0
2018-12-28,0.1297,0.1297,0.1297,0.1297,48960
2018-12-31,0.1365,0.1365,0.128,0.128,487152
2019-01-02,0.128,0.128,0.128,0.128,0
2019-01-03,0.128,0.128,0.128,0.128,151776
2019-01-04,0.1314,0.1314,0.1314,0.1314,195840
2019-01-07,0.1314,0.1314,0.1314,0.1314,0
2019-01-08,0.1365,0.1365,0.1365,0.1365,440640
2019-01-09,0.1399,0.1399,0.1399,0.1399,29376
2019-01-10,0.1365,0.1416,0.1365,0.1416,90576
2019-01-11,0.1416,0.1416,0.1416,0.1416,0
2019-01-14,0.1416,0.1416,0.1416,0.1416,0
2019-01-15,0.1374,0.145,0.1365,0.145,134640
2019-01-16,0.145,0.145,0.1365,0.1365,300124
2019-01-17,0.1365,0.1365,0.1365,0.1365,0
2019-01-18,0.1365,0.145,0.1365,0.145,169401
2019-01-22,0.145,0.145,0.145,0.145,0
2019-01-23,0.145,0.145,0.145,0.145,0
2019-01-24,0.145,0.145,0.145,0.145,0
2019-01-25,0.145,0.145,0.145,0.145,0
2019-01-28,0.145,0.145,0.145,0.145,0
2019-01-29,0.145,0.145,0.145,0.145,0
2019-01-30,0.145,0.145,0.145,0.145,0
2019-01-31,0.145,0.145,0.145,0.145,0
2019-02-04,0.145,0.145,0.145,0.145,0
2019-02-07,0.145,0.145,0.145,0.145,0
2019-02-08,0.145,0.145,0.145,0.145,0
2019-02-11,0.145,0.145,0.145,0.145,0
2019-02-12,0.145,0.145,0.145,0.145,0
2019-02-13,0.145,0.145,0.145,0.145,0
2019-02-14,0.145,0.145,0.145,0.145,0
2019-02-15,0.145,0.145,0.145,0.145,0
2019-02-18,0.145,0.145,0.145,0.145,0
2019-02-19,0.145,0.145,0.145,0.145,73440
2019-02-20,0.145,0.145,0.145,0.145,0
2019-02-21,0.145,0.145,0.145,0.145,0
2019-02-22,0.145,0.145,0.145,0.145,0
2019-02-25,0.145,0.145,0.145,0.145,0
2019-02-26,0.145,0.145,0.145,0.145,0
2019-02-27,0.145,0.145,0.145,0.145,0
2019-02-28,0.145,0.145,0.145,0.145,0
2019-03-01,0.145,0.145,0.145,0.145,0
2019-03-04,0.145,0.145,0.145,0.145,0
2019-03-05,0.145,0.145,0.145,0.145,0
2019-03-06,0.145,0.145,0.145,0.145,0
2019-03-07,0.1314,0.1314,0.128,0.128,21052
2019-03-08,0.128,0.128,0.128,0.128,0
2019-03-11,0.128,0.128,0.128,0.128,0
2019-03-12,0.1416,0.1621,0.1357,0.1612,601718
2019-03-13,0.1655,0.1792,0.1638,0.1706,2769177
2019-03-14,0.1706,0.1706,0.1647,0.1698,416160
2019-03-15,0.1698,0.1706,0.1655,0.1655,524851
2019-03-18,0.1689,0.1689,0.1621,0.1621,274176
2019-03-19,0.1655,0.1655,0.1408,0.1553,563040
2019-03-20,0.1433,0.1433,0.1425,0.1425,84211
2019-03-21,0.145,0.157,0.145,0.157,372096
2019-03-22,0.157,0.157,0.157,0.157,89107
2019-03-25,0.1561,0.1604,0.145,0.1476,702576
2019-03-26,0.1476,0.1476,0.1476,0.1476,0
2019-03-27,0.1476,0.1476,0.1476,0.1476,0
2019-03-28,0.1476,0.1476,0.1476,0.1476,0
2019-03-29,0.1587,0.1587,0.145,0.145,1623024
2019-04-01,0.1553,0.1553,0.1467,0.1467,2056320
2019-04-02,0.1484,0.1484,0.1484,0.1484,460713
2019-04-03,0.1502,0.1502,0.1467,0.1476,215424
2019-04-04,0.145,0.145,0.145,0.145,24480
2019-04-05,0.145,0.145,0.145,0.145,0
2019-04-08,0.1467,0.1502,0.1467,0.1502,122400
2019-04-09,0.1459,0.1459,0.1408,0.145,166464
2019-04-10,0.145,0.145,0.145,0.145,0
2019-04-11,0.1493,0.1493,0.1493,0.1493,9792
2019-04-12,0.1502,0.1502,0.1493,0.1493,73440
2019-04-15,0.1502,0.1502,0.1502,0.1502,14688
2019-04-16,0.1502,0.1502,0.1484,0.1484,34272
2019-04-17,0.1484,0.1484,0.1484,0.1484,0
2019-04-18,0.1416,0.1416,0.1399,0.1399,35251
2019-04-19,0.1484,0.1484,0.1365,0.1433,102816
2019-04-22,0.1425,0.1433,0.1382,0.1433,429868
2019-04-23,0.1433,0.1467,0.1433,0.1467,16156
2019-04-24,0.1467,0.1467,0.1467,0.1467,0
2019-04-25,0.1467,0.1467,0.1467,0.1467,0
2019-04-26,0.1399,0.1484,0.1399,0.1484,19584
2019-04-29,0.1484,0.1536,0.1484,0.1536,34272
2019-04-30,0.1433,0.1433,0.1357,0.1391,1038931
2019-05-02,0.1399,0.1408,0.1382,0.1382,1582387
2019-05-03,0.1391,0.1416,0.1391,0.1416,180172
2019-05-06,0.1382,0.1408,0.1374,0.1374,247737
2019-05-07,0.1374,0.1382,0.1374,0.1382,250675
2019-05-08,0.1365,0.1399,0.1357,0.1399,148348
2019-05-09,0.1399,0.1399,0.1399,0.1399,0
2019-05-10,0.1399,0.1399,0.1399,0.1399,489
2019-05-13,0.1399,0.1399,0.1399,0.1399,0
2019-05-14,0.1288,0.1399,0.1288,0.1399,93513
2019-05-15,0.1314,0.1399,0.1314,0.1399,161568
2019-05-16,0.1314,0.1374,0.1288,0.1288,234028
2019-05-17,0.1331,0.1331,0.1297,0.1297,68544
2019-05-21,0.1297,0.1331,0.1297,0.1331,10771
2019-05-23,0.1331,0.1331,0.128,0.1331,71971
2019-05-24,0.128,0.1314,0.128,0.1314,182620
2019-05-27,0.1297,0.1297,0.128,0.1297,465120
2019-05-28,0.1331,0.1331,0.1305,0.1314,557164
2019-05-29,0.1305,0.1305,0.1305,0.1305,73440
2019-05-30,0.1297,0.1297,0.1297,0.1297,78336
2019-05-31,0.1297,0.1314,0.1297,0.1314,221299
2019-06-03,0.1314,0.1314,0.1314,0.1314,0
2019-06-04,0.1322,0.1322,0.1322,0.1322,4896
2019-06-05,0.1322,0.1322,0.1322,0.1322,0
2019-06-06,0.1322,0.1322,0.1322,0.1322,0
2019-06-07,0.1331,0.1331,0.1305,0.1305,44064
2019-06-10,0.128,0.1357,0.128,0.1357,176745
2019-06-11,0.1357,0.1357,0.1314,0.1348,255571
2019-06-12,0.1348,0.1348,0.1314,0.1348,145411
2019-06-13,0.1331,0.1331,0.1331,0.1331,9792
2019-06-14,0.1331,0.1331,0.1331,0.1331,0
2019-06-17,0.1331,0.1331,0.1331,0.1331,0
2019-06-18,0.1331,0.1331,0.1331,0.1331,0
2019-06-19,0.1331,0.1331,0.1331,0.1331,0
2019-06-20,0.1331,0.1331,0.1331,0.1331,0
2019-06-21,0.128,0.128,0.128,0.128,21542
2019-06-24,0.128,0.1339,0.128,0.1339,594374
2019-06-25,0.1331,0.1339,0.1297,0.1297,856800
2019-06-26,0.1331,0.1331,0.1331,0.1331,1272960
2019-06-27,0.1305,0.1331,0.1297,0.1331,664876
2019-06-28,0.1331,0.1331,0.1331,0.1331,0
2019-07-01,0.1331,0.1331,0.1331,0.1331,0
2019-07-02,0.1339,0.1348,0.128,0.1331,514080
2019-07-03,0.1288,0.1331,0.1288,0.1331,128764
2019-07-04,0.1288,0.1288,0.1288,0.1288,4896
2019-07-05,0.1288,0.1288,0.128,0.128,244800
2019-07-08,0.128,0.128,0.128,0.128,0
2019-07-09,0.128,0.128,0.128,0.128,342720
2019-07-10,0.128,0.128,0.128,0.128,0
2019-07-11,0.1263,0.1322,0.1263,0.1322,221788
2019-07-12,0.1297,0.1297,0.1297,0.1297,14688
2019-07-15,0.1297,0.1297,0.1297,0.1297,0
2019-07-16,0.1297,0.1297,0.1297,0.1297,0
2019-07-17,0.1263,0.1331,0.1263,0.1331,325094
2019-07-18,0.1331,0.1331,0.1331,0.1331,0
2019-07-19,0.1331,0.1331,0.1331,0.1331,0
2019-07-22,0.1331,0.1331,0.1331,0.1331,0
2019-07-23,0.1263,0.1297,0.1263,0.1297,538560
2019-07-24,0.1297,0.1297,0.1297,0.1297,0
2019-07-25,0.1297,0.1297,0.1297,0.1297,0
2019-07-26,0.1254,0.128,0.1254,0.1271,334886
2019-07-29,0.1271,0.1271,0.1271,0.1271,69033
2019-07-31,0.1254,0.1271,0.1254,0.1271,154224
2019-08-01,0.1271,0.1271,0.1263,0.1271,342720
2019-08-02,0.1271,0.1271,0.1271,0.1271,48960
2019-08-05,0.1271,0.1271,0.1271,0.1271,0
2019-08-06,0.1254,0.1263,0.1254,0.1263,61689
2019-08-07,0.1263,0.1263,0.1263,0.1263,0
2019-08-08,0.1194,0.1263,0.1194,0.1263,411753
2019-08-09,0.1254,0.1263,0.1254,0.1263,55324
2019-08-13,0.1194,0.1263,0.1194,0.1263,539539
2019-08-14,0.1194,0.1229,0.1186,0.1186,638438
2019-08-15,0.1177,0.1177,0.1177,0.1177,690336
2019-08-16,0.1177,0.128,0.1169,0.128,287395
2019-08-19,0.1194,0.1263,0.1194,0.1194,3065385
2019-08-20,0.1177,0.1177,0.116,0.116,263404
2019-08-21,0.1177,0.1177,0.1177,0.1177,489
2019-08-22,0.1177,0.1194,0.1177,0.1194,59731
2019-08-23,0.1194,0.128,0.116,0.116,49939
2019-08-26,0.1229,0.1229,0.1229,0.1229,489
2019-08-27,0.1229,0.1229,0.1229,0.1229,0
2019-08-28,0.1143,0.1194,0.1143,0.1194,10771
2019-08-29,0.1194,0.1194,0.1194,0.1194,0
2019-08-30,0.116,0.1169,0.1152,0.116,367689
2019-09-03,0.1143,0.1211,0.1143,0.1211,76377
2019-09-04,0.1186,0.1194,0.1143,0.1143,80294
2019-09-05,0.1109,0.1229,0.1109,0.1229,18115
2019-09-06,0.1229,0.1314,0.1211,0.1314,253612
2019-09-10,0.1331,0.1425,0.1331,0.1425,137088
2019-09-11,0.128,0.128,0.128,0.128,19584
2019-09-12,0.1357,0.1357,0.122,0.1314,18115
2019-09-13,0.1186,0.1314,0.1186,0.1314,176745
2019-09-17,0.1194,0.1297,0.1177,0.1297,5385
2019-09-18,0.1194,0.128,0.1194,0.1246,153734
2019-09-19,0.1246,0.1246,0.1246,0.1246,0
2019-09-20,0.1246,0.1246,0.1246,0.1246,0
2019-09-23,0.1246,0.128,0.1194,0.1254,619833
2019-09-24,0.1194,0.1246,0.116,0.116,350553
2019-09-25,0.116,0.1203,0.1126,0.1194,208569
2019-09-26,0.1186,0.1186,0.1135,0.1135,44064
2019-09-27,0.1186,0.1186,0.1186,0.1186,2448
2019-09-30,0.1126,0.1246,0.1126,0.1246,17136
2019-10-01,0.1246,0.1246,0.1246,0.1246,0
2019-10-02,0.1246,0.1288,0.1246,0.1288,21052
2019-10-03,0.1263,0.1314,0.1263,0.1314,22521
2019-10-04,0.128,0.1314,0.1263,0.1314,34272
2019-10-07,0.128,0.128,0.1194,0.1211,211507
2019-10-08,0.1314,0.1314,0.1314,0.1314,58752
2019-10-09,0.1331,0.1331,0.1194,0.1314,449452
2019-10-10,0.1211,0.1246,0.1194,0.1194,241372
2019-10-11,0.1229,0.1229,0.1229,0.1229,4406
2019-10-14,0.1229,0.1229,0.1229,0.1229,0
2019-10-15,0.1143,0.116,0.1143,0.1152,71971
2019-10-16,0.116,0.116,0.1143,0.116,261936
2019-10-17,0.1143,0.116,0.1143,0.1152,219830
2019-10-18,0.1143,0.1229,0.1143,0.1229,44064
2019-10-21,0.1194,0.1194,0.1194,0.1194,43084
2019-10-22,0.1101,0.1186,0.1101,0.1186,29865
2019-10-23,0.1186,0.1194,0.1186,0.1186,254102
2019-10-24,0.1126,0.1143,0.1126,0.1143,526809
2019-10-25,0.1143,0.1143,0.1143,0.1143,98409
2019-10-29,0.1143,0.1186,0.1143,0.1177,97430
2019-10-30,0.1177,0.1177,0.1177,0.1177,0
2019-10-31,0.1186,0.1229,0.1186,0.1229,81273
2019-11-01,0.1229,0.1229,0.1229,0.1229,19584
2019-11-04,0.1143,0.1152,0.1143,0.1152,267321
2019-11-05,0.1152,0.1152,0.1143,0.1143,240393
2019-11-06,0.1194,0.1211,0.1135,0.1186,319708
2019-11-07,0.1186,0.1186,0.1186,0.1186,0
2019-11-08,0.1143,0.1143,0.1143,0.1143,489
2019-11-11,0.1186,0.1194,0.1186,0.1194,9792
2019-11-12,0.1194,0.1194,0.1194,0.1194,0
2019-11-13,0.1143,0.1143,0.1135,0.1135,322646
2019-11-14,0.1126,0.1126,0.1126,0.1126,629625
2019-11-15,0.1126,0.1152,0.1126,0.1126,44553
2019-11-18,0.1194,0.1194,0.1118,0.1118,1650441
2019-11-19,0.1177,0.1211,0.1177,0.1194,2314828
2019-11-20,0.122,0.128,0.1186,0.1203,2716790
2019-11-21,0.1211,0.1211,0.1177,0.1194,916041
2019-11-22,0.1186,0.1194,0.1186,0.1194,200246
2019-11-25,0.1211,0.122,0.1194,0.1203,563040
2019-11-26,0.1194,0.1211,0.1169,0.1177,2841148
2019-11-27,0.1177,0.1177,0.1169,0.1177,1716048
2019-11-28,0.1186,0.1194,0.1169,0.1194,1944691
2019-11-29,0.1079,0.1187,0.1079,0.1187,251654
2019-12-02,0.1079,0.1187,0.1007,0.1187,1342972
2019-12-03,0.1115,0.1142,0.1106,0.1115,353980
2019-12-04,0.1106,0.1142,0.1106,0.1142,431337
2019-12-05,0.1142,0.1142,0.1142,0.1142,398534
2019-12-06,0.1151,0.1241,0.1115,0.1241,2235513
2019-12-09,0.1187,0.1187,0.1142,0.1187,372096
2019-12-10,0.1169,0.1169,0.1124,0.1169,837216
2019-12-11,0.116,0.1169,0.1142,0.1169,744192
2019-12-12,0.1151,0.1178,0.1142,0.1142,434275
2019-12-13,0.1151,0.1151,0.1115,0.1142,265363
2019-12-16,0.1142,0.1142,0.1142,0.1142,0
2019-12-17,0.1115,0.1142,0.1115,0.1133,2344694
2019-12-18,0.1124,0.1124,0.1124,0.1124,176256
2019-12-19,0.1133,0.1133,0.1133,0.1133,29376
2019-12-20,0.1133,0.1133,0.1133,0.1133,0
2019-12-23,0.1115,0.1142,0.1115,0.1142,192902
2019-12-24,0.1124,0.1124,0.1124,0.1124,408816
2019-12-26,0.1151,0.1151,0.1133,0.1142,142963
2019-12-27,0.1151,0.1151,0.1106,0.1106,2466604
2019-12-30,0.1115,0.1115,0.1088,0.1088,914083
2019-12-31,0.1088,0.1151,0.1079,0.1151,474912
2020-01-02,0.1097,0.1097,0.1088,0.1088,2575296
2020-01-03,0.1088,0.1097,0.1079,0.1079,1710172
2020-01-06,0.1079,0.1088,0.107,0.1079,470995
2020-01-07,0.1079,0.1079,0.1061,0.1061,1376265
2020-01-08,0.1043,0.107,0.1007,0.107,688377
2020-01-09,0.107,0.107,0.1025,0.1052,1905523
2020-01-10,0.1052,0.1052,0.1025,0.1025,3654374
2020-01-13,0.1034,0.1034,0.1016,0.1034,345168
2020-01-14,0.1025,0.1025,0.1007,0.1025,6490627
2020-01-15,0.1043,0.1043,0.1034,0.1034,430848
2020-01-16,0.1025,0.1043,0.098,0.1043,5640681
2020-01-17,0.1025,0.1043,0.0989,0.1025,7832131
2020-01-20,0.1016,0.1016,0.0989,0.0989,15221174
2020-01-21,0.1007,0.1007,0.0998,0.0998,12597897
2020-01-22,0.1007,0.1061,0.0998,0.1016,7005686
2020-01-23,0.1016,0.1052,0.0998,0.1007,5173113
2020-01-24,0.1025,0.1025,0.1007,0.1025,3695011
2020-01-28,0.1007,0.1061,0.1007,0.1061,877852
2020-01-29,0.1079,0.1133,0.1079,0.1133,3022300
2020-01-30,0.1133,0.1142,0.1115,0.1133,2434291
2020-01-31,0.1151,0.116,0.1025,0.1034,3000268
2020-02-03,0.1025,0.107,0.0935,0.0998,18344332
2020-02-04,0.1016,0.1025,0.098,0.0998,2155219
2020-02-05,0.0998,0.1025,0.0998,0.1007,1091808
2020-02-06,0.1025,0.1061,0.1007,0.1061,882748
2020-02-07,0.1016,0.1079,0.1007,0.1079,3123648
2020-02-10,0.107,0.107,0.107,0.107,78336
2020-02-11,0.1061,0.1124,0.1061,0.1124,2654611
2020-02-12,0.1124,0.1124,0.1052,0.1052,1468800
2020-02-13,0.1124,0.1133,0.1043,0.1043,3973593
2020-02-14,0.1079,0.1097,0.1034,0.1034,1877126
2020-02-17,0.1034,0.107,0.1034,0.1034,995846
2020-02-18,0.107,0.1088,0.1052,0.1088,1184832
2020-02-19,0.1043,0.1088,0.1043,0.1079,337824
2020-02-20,0.1061,0.1079,0.1061,0.1079,16520572
2020-02-21,0.1079,0.1133,0.1079,0.1133,11036563
2020-02-24,0.1106,0.1124,0.1061,0.1088,7983417
2020-02-25,0.1079,0.1187,0.1079,0.1124,8598844
2020-02-26,0.1124,0.1133,0.1106,0.1115,2845555
2020-02-27,0.1115,0.1178,0.1106,0.1151,3595132
2020-02-28,0.1142,0.1142,0.1079,0.1088,4981680
2020-03-02,0.1079,0.1088,0.1079,0.1088,1577001
2020-03-03,0.1088,0.1106,0.1088,0.1097,3094272
2020-03-04,0.1088,0.1088,0.1079,0.1079,2787292
2020-03-05,0.1079,0.1088,0.1079,0.1088,1997568
2020-03-06,0.1079,0.1088,0.107,0.1088,6571411
2020-03-09,0.1084,0.1084,0.1011,0.1075,4777516
2020-03-10,0.1021,0.1075,0.1021,0.1075,1511395
2020-03-11,0.1057,0.1148,0.1057,0.1084,6089155
2020-03-12,0.1084,0.1084,0.1021,0.1075,2824012
2020-03-13,0.1002,0.1057,0.0975,0.1057,17736249
2020-03-16,0.1021,0.1021,0.0866,0.1002,8805945
2020-03-17,0.0993,0.1002,0.0975,0.1002,2217888
2020-03-18,0.0929,0.1002,0.0911,0.1002,7774358
2020-03-19,0.0929,0.1039,0.0929,0.0984,12809404
2020-03-20,0.0984,0.1011,0.0966,0.0984,1161820
2020-03-23,0.0984,0.0984,0.0939,0.0966,1366963
2020-03-24,0.0929,0.0975,0.0929,0.0975,1725350
2020-03-25,0.0975,0.1021,0.092,0.0966,5268585
2020-03-26,0.0939,0.0948,0.092,0.0939,8019648
2020-03-27,0.0939,0.0939,0.0911,0.092,2692310
2020-03-30,0.0911,0.092,0.0911,0.092,3480566
2020-03-31,0.0929,0.0939,0.0902,0.092,4348137
2020-04-01,0.0911,0.0939,0.0911,0.0939,4827456
2020-04-02,0.092,0.092,0.0902,0.0911,4767235
2020-04-03,0.0911,0.0911,0.0902,0.0911,3869308
2020-04-06,0.0902,0.092,0.0902,0.0911,1756195
2020-04-07,0.0929,0.0929,0.0911,0.0911,5439945
2020-04-08,0.0911,0.0911,0.0911,0.0911,1414454
2020-04-09,0.0929,0.1002,0.0929,0.0948,12942086
2020-04-10,0.0948,0.0966,0.0929,0.0939,3682771
2020-04-13,0.092,0.0957,0.0902,0.0902,3347395
2020-04-14,0.0902,0.0939,0.0902,0.092,4068576
2020-04-15,0.0929,0.0939,0.0911,0.0929,3499171
2020-04-16,0.0911,0.0966,0.0911,0.0957,7165296
2020-04-17,0.0966,0.0975,0.0929,0.0929,7724419
2020-04-20,0.0948,0.0948,0.0911,0.092,8000553
2020-04-21,0.092,0.0929,0.0893,0.0893,5055120
2020-04-22,0.0893,0.0939,0.0875,0.0911,8129318
2020-04-23,0.0911,0.0929,0.0911,0.092,10651737
2020-04-24,0.092,0.0939,0.0902,0.0911,4381430
2020-04-27,0.092,0.092,0.0902,0.0911,2946412
2020-04-28,0.092,0.092,0.0893,0.0893,2058278
2020-04-29,0.0893,0.0902,0.0893,0.0902,2489126
2020-04-30,0.0902,0.092,0.0893,0.092,14305132
2020-05-04,0.0929,0.1276,0.0929,0.1185,106139404
2020-05-05,0.1257,0.1358,0.1257,0.1276,159525878
2020-05-06,0.1303,0.1349,0.1267,0.1276,89887622
2020-05-08,0.1276,0.1312,0.1248,0.1285,27093974
2020-05-12,0.1294,0.1349,0.1267,0.1321,92054102
2020-05-13,0.133,0.1367,0.1276,0.133,47465740
2020-05-14,0.1303,0.1349,0.1285,0.1303,35801510
2020-05-15,0.1303,0.1339,0.1285,0.1294,19780329
2020-05-18,0.1312,0.133,0.1294,0.1312,37851955
2020-05-19,0.1312,0.1367,0.1285,0.1303,77143824
2020-05-20,0.1312,0.1321,0.1267,0.1276,23385744
2020-05-21,0.1294,0.1303,0.1248,0.1248,17180064
2020-05-22,0.1248,0.1257,0.1175,0.1221,29197296
2020-05-27,0.123,0.1257,0.1203,0.1257,26127504
2020-05-28,0.1267,0.1294,0.123,0.1257,35295264
2020-05-29,0.1267,0.1285,0.1239,0.1248,40321497
2020-06-02,0.1248,0.1248,0.1248,0.1248,0
2020-06-03,0.1239,0.1239,0.1017,0.1193,22599446
2020-06-04,0.1202,0.1211,0.1174,0.1193,10170460
2020-06-05,0.1184,0.1258,0.1147,0.1202,40227004
2020-06-09,0.1221,0.1248,0.1184,0.1221,36606412
2020-06-10,0.123,0.1239,0.1193,0.1211,21151699
2020-06-11,0.1211,0.123,0.1165,0.1202,22131388
2020-06-12,0.1091,0.1202,0.1091,0.1202,17186918
2020-06-15,0.1184,0.1221,0.111,0.1165,29874412
2020-06-16,0.1174,0.1193,0.111,0.1119,20348265
2020-06-17,0.1137,0.1147,0.11,0.111,19539936
2020-06-18,0.1119,0.1128,0.1063,0.1073,18335030
2020-06-19,0.1091,0.1091,0.1045,0.1045,11197152
2020-06-22,0.1054,0.1054,0.0999,0.1008,13541356
2020-06-23,0.111,0.1258,0.11,0.1128,102324931
2020-06-24,0.1165,0.1174,0.1082,0.1082,26176464
2020-06-25,0.1091,0.1119,0.1063,0.1073,13350412
2020-06-26,0.11,0.11,0.1017,0.1036,17729395
2020-06-29,0.1036,0.1073,0.1017,0.1045,15429254
2020-06-30,0.1073,0.1082,0.1036,0.1036,8827977
2020-07-01,0.1045,0.1063,0.1036,0.1045,8028460
2020-07-02,0.1036,0.1137,0.1036,0.1128,32454604
2020-07-03,0.1137,0.1147,0.111,0.111,17279942
2020-07-06,0.111,0.1137,0.11,0.1119,11612332
2020-07-07,0.1137,0.1156,0.1119,0.1147,28897171
2020-07-08,0.1147,0.1174,0.1137,0.1147,9317577
2020-07-09,0.1147,0.1165,0.1137,0.1156,9639244
2020-07-10,0.1156,0.1165,0.1147,0.1156,7341552
2020-07-13,0.1156,0.1193,0.1147,0.1184,27022982
2020-07-14,0.1184,0.1239,0.1147,0.1165,35289878
2020-07-15,0.1165,0.1193,0.1165,0.1165,8276198
2020-07-16,0.1174,0.1174,0.1128,0.1137,8972409
2020-07-17,0.1128,0.1156,0.1119,0.1119,6957705
2020-07-20,0.1147,0.1165,0.1137,0.1137,5474217
2020-07-21,0.1147,0.1156,0.1137,0.1156,3517286
2020-07-22,0.1156,0.1156,0.1137,0.1156,5030150
2020-07-23,0.1156,0.1165,0.111,0.111,25165929
2020-07-24,0.1119,0.1202,0.1119,0.1147,24733612
2020-07-27,0.1174,0.1184,0.1147,0.1156,12294345
2020-07-28,0.1156,0.1165,0.1147,0.1165,7203974
2020-07-29,0.1165,0.1202,0.1147,0.1147,37201766
2020-07-30,0.1165,0.1295,0.1165,0.123,103520044
2020-08-03,0.1285,0.1378,0.1258,0.1322,181002182
2020-08-04,0.1387,0.1442,0.1295,0.1332,98520739
2020-08-05,0.1415,0.1535,0.1378,0.1387,295533820
2020-08-06,0.1406,0.1433,0.1295,0.1387,196018704
2020-08-07,0.147,0.147,0.1322,0.1322,203893920
2020-08-10,0.1332,0.1387,0.1304,0.1322,54386236
2020-08-11,0.1341,0.135,0.1304,0.1304,42881126
2020-08-12,0.1295,0.1295,0.1156,0.1184,64324137
2020-08-13,0.1202,0.123,0.1193,0.1193,22211683
2020-08-14,0.1193,0.1202,0.1137,0.1156,27930700
2020-08-17,0.1156,0.1184,0.1119,0.1174,23204102
2020-08-18,0.1184,0.1258,0.1165,0.1258,41328115
2020-08-19,0.1267,0.1276,0.1221,0.1248,18486316
2020-08-21,0.1258,0.1267,0.1239,0.1258,12285532
2020-08-24,0.1295,0.1424,0.1295,0.135,181086393
2020-08-25,0.1378,0.1396,0.1258,0.1258,74473056
2020-08-26,0.1276,0.1313,0.1258,0.1313,21932611
2020-08-27,0.1332,0.1332,0.1267,0.1295,19563926
2020-08-28,0.1295,0.1332,0.1258,0.1276,23095900
2020-09-01,0.1295,0.1332,0.1267,0.1322,61180416
2020-09-02,0.1322,0.1332,0.1295,0.1295,11689689
2020-09-03,0.1304,0.1304,0.1285,0.1295,13821408
2020-09-04,0.1285,0.1285,0.123,0.1267,23752454
2020-09-07,0.1276,0.1276,0.1248,0.1258,9705340
2020-09-08,0.1261,0.1261,0.1205,0.1214,11346969
2020-09-09,0.1205,0.1224,0.1186,0.1205,7996636
2020-09-10,0.1205,0.1233,0.113,0.1148,14511254
2020-09-11,0.113,0.1195,0.113,0.1195,11533017
2020-09-14,0.1205,0.1242,0.1205,0.1233,15503184
2020-09-15,0.1242,0.129,0.1242,0.1261,14777107
2020-09-17,0.1271,0.1299,0.1261,0.1261,14168044
2020-09-18,0.1271,0.1271,0.1242,0.1242,4181673
2020-09-21,0.1242,0.1337,0.1242,0.1271,45462297
2020-09-22,0.1261,0.1299,0.1252,0.1261,7476192
2020-09-23,0.1261,0.1299,0.1242,0.1242,11994710
2020-09-24,0.1252,0.128,0.1252,0.1271,7815484
2020-09-25,0.128,0.128,0.1252,0.1271,8406921
2020-09-28,0.129,0.129,0.1261,0.129,8276688
2020-09-29,0.129,0.1299,0.1271,0.128,8763350
2020-09-30,0.129,0.1299,0.1261,0.129,6541056
2020-10-01,0.129,0.129,0.1252,0.129,9320025
2020-10-02,0.1271,0.129,0.1261,0.1261,7625520
2020-10-05,0.1261,0.1318,0.1261,0.1299,21828816
2020-10-06,0.1299,0.1299,0.1261,0.1271,6585120
2020-10-07,0.1271,0.129,0.1261,0.128,11774880
2020-10-08,0.129,0.129,0.1271,0.1271,13454208
2020-10-09,0.1271,0.1318,0.1271,0.1308,22283654
2020-10-12,0.1318,0.1365,0.1299,0.1299,36978998
2020-10-13,0.1299,0.1318,0.129,0.1318,17347017
2020-10-14,0.1318,0.1374,0.1308,0.1337,52644729
2020-10-15,0.1355,0.1515,0.1346,0.145,330183792
2020-10-16,0.1487,0.1515,0.1384,0.1384,160201036
2020-10-19,0.1412,0.144,0.1384,0.1412,44357270
2020-10-20,0.1421,0.1515,0.1403,0.144,144678268
2020-10-21,0.145,0.1459,0.1384,0.1393,37966521
2020-10-22,0.1412,0.1421,0.1374,0.1393,15574176
2020-10-23,0.1393,0.1393,0.1327,0.1327,27318211
2020-10-26,0.1346,0.1365,0.129,0.1327,22973990
2020-10-27,0.1318,0.1346,0.1308,0.1308,15356304
2020-10-28,0.1346,0.1346,0.1308,0.1318,12888720
2020-10-30,0.1318,0.1327,0.128,0.129,16814332
2020-11-02,0.1299,0.1346,0.129,0.1299,19710316
2020-11-03,0.1318,0.1346,0.1308,0.1337,11237788
2020-11-04,0.1337,0.1346,0.1318,0.1318,17738208
2020-11-05,0.1327,0.1374,0.1318,0.1374,17797939
2020-11-06,0.1374,0.1393,0.1318,0.1318,16937712
2020-11-09,0.1346,0.1365,0.1337,0.1346,23581094
2020-11-10,0.1337,0.1384,0.1327,0.1355,21057206
2020-11-11,0.1355,0.1365,0.1355,0.1355,13594233
2020-11-12,0.1355,0.1393,0.1355,0.1393,22772764
2020-11-13,0.1393,0.145,0.1384,0.1431,51581318
2020-11-16,0.1459,0.1478,0.1393,0.1421,42710256
2020-11-17,0.1421,0.1421,0.1365,0.1403,21849868
2020-11-18,0.1403,0.1403,0.1384,0.1384,13927651
2020-11-19,0.1384,0.144,0.1384,0.1421,22821235
2020-11-20,0.1431,0.1487,0.1431,0.1478,61555939
2020-11-23,0.1487,0.1553,0.144,0.144,145101283
2020-11-24,0.1468,0.1468,0.1403,0.1421,33800515
2020-11-25,0.1431,0.1478,0.1421,0.1478,27938044
2020-11-26,0.1553,0.1638,0.1525,0.1534,102889929
2020-11-27,0.1553,0.161,0.1544,0.1572,62264880
2020-11-30,0.161,0.1704,0.1581,0.1657,103610620
2020-12-01,0.1647,0.1732,0.1638,0.1704,47178835
2020-12-02,0.1723,0.1883,0.1713,0.1864,115915737
2020-12-03,0.1873,0.1883,0.177,0.1798,40569235
2020-12-04,0.1807,0.1854,0.1741,0.176,34715088
2020-12-07,0.1798,0.1826,0.177,0.1779,19891468
2020-12-08,0.1817,0.1827,0.1722,0.1741,30001708
2020-12-09,0.175,0.1789,0.1741,0.176,16437340
2020-12-10,0.176,0.1836,0.175,0.175,29132179
2020-12-11,0.177,0.1779,0.1665,0.1703,44271100
2020-12-14,0.1703,0.1703,0.1589,0.1598,23912064
2020-12-15,0.1589,0.1655,0.156,0.1627,22672886
2020-12-16,0.1636,0.1646,0.1579,0.1589,17659872
2020-12-17,0.1598,0.1617,0.1579,0.1589,11253945
2020-12-18,0.1608,0.1608,0.157,0.1579,9064944
2020-12-21,0.1579,0.1617,0.157,0.1589,14241484
2020-12-22,0.1589,0.1598,0.1532,0.1551,15377356
2020-12-23,0.1551,0.157,0.1541,0.156,6715353
2020-12-24,0.157,0.1589,0.1551,0.1579,11594707
2020-12-28,0.1608,0.1836,0.1608,0.177,64830384
2020-12-29,0.1779,0.1798,0.1674,0.1693,19809705
2020-12-30,0.1693,0.1722,0.1684,0.1693,10101427
2020-12-31,0.1693,0.1712,0.1674,0.1712,10443657
2021-01-04,0.1731,0.177,0.1693,0.1712,8552822
2021-01-05,0.1693,0.1731,0.1684,0.1693,9097747
2021-01-06,0.1693,0.1693,0.1627,0.1627,15413587
2021-01-07,0.1636,0.1636,0.1598,0.1636,9672048
2021-01-08,0.1636,0.1636,0.156,0.157,22250361
2021-01-11,0.157,0.1646,0.1551,0.1608,12323232
2021-01-12,0.1579,0.1665,0.1579,0.1646,12205238
2021-01-13,0.1646,0.1741,0.1646,0.1693,20249366
2021-01-14,0.1712,0.1789,0.1693,0.175,33004425
2021-01-15,0.176,0.1779,0.1731,0.175,12710995
2021-01-18,0.175,0.175,0.1693,0.1712,12533760
2021-01-19,0.1703,0.1731,0.1703,0.1712,7640697
2021-01-20,0.1712,0.1731,0.1703,0.1731,7983907
2021-01-21,0.1731,0.1731,0.1703,0.1703,8736912
2021-01-22,0.1712,0.1722,0.1703,0.1712,5626972
2021-01-25,0.1712,0.1712,0.1655,0.1684,14710521
2021-01-26,0.1684,0.1693,0.1646,0.1646,5933952
2021-01-27,0.1655,0.1684,0.1646,0.1665,11480140
2021-01-29,0.1665,0.1693,0.1646,0.1665,14629248
2021-02-02,0.1684,0.1712,0.1655,0.1712,14737449
2021-02-03,0.1741,0.1798,0.1741,0.177,39660048
2021-02-04,0.1789,0.1808,0.1731,0.176,23085129
2021-02-05,0.1789,0.1789,0.1741,0.176,9460540
2021-02-08,0.177,0.1884,0.177,0.1874,108629510
2021-02-09,0.1846,0.1922,0.1827,0.1884,80843241
2021-02-10,0.1893,0.1998,0.1874,0.1941,70174857
2021-02-11,0.1941,0.196,0.1893,0.1922,15552144
2021-02-15,0.196,0.1998,0.1903,0.1922,27325555
2021-02-16,0.1941,0.1941,0.1874,0.1903,19129161
2021-02-17,0.1903,0.1998,0.1903,0.196,20638598
2021-02-18,0.1979,0.2093,0.1922,0.2055,70201785
2021-02-19,0.2131,0.2321,0.2112,0.2321,95770656
2021-02-22,0.2416,0.2474,0.2055,0.2093,181850169
2021-02-23,0.2188,0.234,0.2131,0.2302,122775523
2021-02-24,0.2321,0.234,0.2093,0.2207,49843238
2021-02-25,0.2207,0.2226,0.215,0.2169,16958764
2021-02-26,0.2131,0.2169,0.2093,0.2131,31027420
2021-03-01,0.2131,0.2264,0.2112,0.215,48727929
2021-03-02,0.2188,0.2226,0.215,0.215,21670675
2021-03-03,0.2188,0.2302,0.215,0.2283,59540256
2021-03-04,0.2283,0.2531,0.2283,0.2416,94147632
2021-03-05,0.2454,0.2702,0.2454,0.2607,138123504
2021-03-08,0.2645,0.2683,0.2321,0.234,91592899
2021-03-09,0.2375,0.2471,0.2356,0.2413,25357363
2021-03-10,0.2451,0.2471,0.2356,0.2375,16752643
2021-03-11,0.2394,0.2471,0.2317,0.2471,18508348
2021-03-12,0.249,0.2605,0.2471,0.2585,34439932
2021-03-15,0.2605,0.2624,0.249,0.2547,16716902
2021-03-16,0.2528,0.2547,0.2432,0.249,13723977
2021-03-17,0.249,0.2528,0.2451,0.2471,5023296
2021-03-18,0.2509,0.2509,0.2413,0.2432,15401347
2021-03-19,0.2413,0.2432,0.2394,0.2432,7885008
2021-03-22,0.2432,0.2451,0.2356,0.2375,7702876
2021-03-23,0.2375,0.2375,0.2279,0.2298,15101712
2021-03-24,0.2298,0.2413,0.226,0.2337,11373897
2021-03-25,0.2337,0.2356,0.2298,0.2337,4856832
2021-03-26,0.2356,0.2432,0.2298,0.2413,18101491
2021-03-29,0.2432,0.249,0.2413,0.2451,10542067
2021-03-30,0.2471,0.249,0.2375,0.2413,7448774
2021-03-31,0.2413,0.2413,0.2356,0.2413,10085760
2021-04-01,0.2394,0.249,0.2394,0.249,19657929
2021-04-02,0.249,0.249,0.2413,0.249,13558982
2021-04-05,0.249,0.249,0.2432,0.249,6098947
2021-04-06,0.2471,0.249,0.2413,0.2451,6884755
2021-04-07,0.2432,0.2471,0.2394,0.2432,7926624
2021-04-08,0.2413,0.2585,0.2413,0.2566,39815251
2021-04-09,0.2566,0.2605,0.2509,0.2585,34229894
2021-04-12,0.2624,0.27,0.2624,0.2643,40064457
2021-04-13,0.2681,0.2777,0.2662,0.2739,31534646
2021-04-14,0.2739,0.2758,0.27,0.2758,15879686
2021-04-15,0.2758,0.2777,0.2681,0.2758,21788179
2021-04-16,0.2739,0.2834,0.272,0.2815,27292262
2021-04-19,0.2834,0.293,0.2834,0.293,44335238
2021-04-20,0.293,0.2969,0.2873,0.293,21440563
2021-04-21,0.293,0.293,0.2873,0.293,14287996
2021-04-22,0.2892,0.2988,0.2873,0.2949,17149219
2021-04-23,0.2949,0.3064,0.293,0.3064,20690985
2021-04-26,0.3064,0.3313,0.3026,0.3237,33847516
2021-04-27,0.3294,0.3352,0.316,0.3217,37979740
2021-04-28,0.3217,0.3237,0.3198,0.3217,6149865
2021-04-30,0.3237,0.3447,0.3237,0.3428,26068262
2021-05-03,0.3428,0.3486,0.3217,0.3256,51495638
2021-05-04,0.3256,0.3256,0.3103,0.316,24083913
2021-05-05,0.3141,0.3179,0.3064,0.3141,15996700
2021-05-06,0.3122,0.3141,0.2911,0.2911,34012022
2021-05-07,0.2911,0.3179,0.2911,0.3141,25841088
2021-05-10,0.3179,0.3179,0.2988,0.3045,10558713
2021-05-11,0.3007,0.3007,0.293,0.2949,9027244
2021-05-12,0.2949,0.3026,0.293,0.2988,5233824
2021-05-17,0.3007,0.3007,0.2643,0.2643,28951027
2021-05-18,0.2605,0.2911,0.2605,0.2834,14552380
2021-05-19,0.2873,0.2873,0.2662,0.2681,9340099
2021-05-20,0.2681,0.2758,0.2643,0.2643,8330054
2021-05-21,0.2624,0.2624,0.2451,0.2566,32105520
2021-05-24,0.2605,0.2739,0.2605,0.272,11832652
2021-05-25,0.2777,0.2949,0.2777,0.2834,16346275
2021-05-27,0.2892,0.2892,0.2777,0.2796,8201289
2021-05-28,0.2815,0.2911,0.2777,0.2854,11423347
2021-05-31,0.27,0.2873,0.2643,0.2777,11301926
2021-06-01,0.2777,0.2777,0.27,0.2758,10655654
2021-06-02,0.2777,0.2873,0.2758,0.2854,8052940
2021-06-03,0.2892,0.2949,0.2854,0.2873,8427484
2021-06-04,0.2873,0.3026,0.2854,0.3007,19592323
2021-06-08,0.3064,0.316,0.3045,0.3141,18407980
2021-06-09,0.3179,0.3198,0.3064,0.3122,11677939
2021-06-10,0.3103,0.3122,0.3026,0.3103,7415971
2021-06-11,0.3103,0.316,0.3064,0.3122,9705340
2021-06-14,0.3141,0.3275,0.3141,0.3217,24982329
2021-06-15,0.3198,0.3217,0.3141,0.3141,12309523
2021-06-16,0.3141,0.3141,0.3064,0.3141,10785398
2021-06-17,0.3141,0.3198,0.3083,0.316,44797910
2021-06-18,0.316,0.3179,0.3026,0.3064,47124000
2021-06-21,0.3064,0.3083,0.2949,0.2988,8918553
2021-06-22,0.2988,0.3083,0.2988,0.3083,6995894
2021-06-23,0.3141,0.3141,0.3007,0.3007,13293129
2021-06-24,0.3007,0.3026,0.2911,0.3007,16313472
2021-06-25,0.3064,0.3156,0.2804,0.288,10551492
2021-06-28,0.2865,0.2865,0.2773,0.285,7379802
2021-06-29,0.2834,0.2834,0.2758,0.2834,9758646
2021-06-30,0.2819,0.2865,0.2758,0.2834,12461850
2021-07-01,0.2804,0.2896,0.2788,0.2896,23040882
2021-07-02,0.2896,0.2911,0.285,0.2896,37231326
2021-07-05,0.2896,0.2896,0.2834,0.288,39433608
2021-07-06,0.288,0.3126,0.2865,0.3126,57807990
2021-07-07,0.3126,0.3187,0.3003,0.3018,24520086
2021-07-08,0.2972,0.3003,0.2911,0.2926,20625624
2021-07-09,0.2911,0.3064,0.2911,0.3034,8750682
2021-07-12,0.3095,0.3309,0.3064,0.3187,58056768
2021-07-13,0.3217,0.3432,0.3156,0.3371,60468660
2021-07-14,0.3371,0.3646,0.3309,0.3616,55203624
2021-07-15,0.3646,0.3953,0.3585,0.3922,75378204
2021-07-16,0.3922,0.3984,0.383,0.3922,44101026
2021-07-19,0.3922,0.4137,0.3892,0.4045,46534338
2021-07-21,0.4014,0.4137,0.383,0.3984,33702534
2021-07-22,0.3984,0.4045,0.3953,0.3984,11620350
2021-07-23,0.4045,0.4075,0.3892,0.3984,25450020
2021-07-26,0.3953,0.4014,0.3922,0.3953,14258376
2021-07-27,0.3922,0.3953,0.3738,0.3738,12885354
2021-07-28,0.3708,0.38,0.3646,0.3738,18668142
2021-07-29,0.3677,0.38,0.3677,0.3738,6229242
2021-07-30,0.3738,0.3738,0.3616,0.3677,6904584
2021-08-02,0.3708,0.4014,0.3677,0.3984,29833776
2021-08-03,0.4014,0.4045,0.383,0.3922,10807614
2021-08-04,0.383,0.3953,0.38,0.3922,6241788
2021-08-05,0.3922,0.3953,0.383,0.3922,7928154
2021-08-06,0.3922,0.3953,0.3708,0.3769,10271808
2021-08-09,0.38,0.383,0.3738,0.38,5500962
2021-08-11,0.383,0.3922,0.3769,0.383,11450826
2021-08-12,0.3892,0.3892,0.383,0.3861,3296538
2021-08-13,0.3892,0.3922,0.38,0.3892,6442218
2021-08-16,0.383,0.3861,0.3769,0.383,4852548
2021-08-17,0.383,0.4014,0.383,0.3984,22875948
2021-08-18,0.4014,0.4229,0.3953,0.4198,44646930
2021-08-19,0.4229,0.4259,0.3953,0.4014,20507814
2021-08-20,0.4014,0.4106,0.3769,0.3769,21755376
2021-08-23,0.38,0.3922,0.3769,0.383,18060426
2021-08-24,0.3769,0.38,0.3708,0.3769,13340682
2021-08-25,0.3769,0.3861,0.3738,0.3861,7413156
2021-08-26,0.3861,0.3892,0.38,0.38,3514716
2021-08-27,0.38,0.38,0.3769,0.38,2622114
2021-08-30,0.38,0.38,0.3738,0.3738,4451382
2021-09-01,0.3738,0.3769,0.3646,0.3708,7186716
2021-09-02,0.3677,0.3708,0.3646,0.3677,5886828
2021-09-03,0.3677,0.383,0.3646,0.3769,4651812
2021-09-06,0.38,0.3984,0.3769,0.3984,20067480
2021-09-07,0.3984,0.3984,0.3892,0.3892,4541346
2021-09-08,0.3892,0.3923,0.3861,0.3892,2764404
2021-09-09,0.3892,0.3984,0.3861,0.3923,5011362
2021-09-10,0.3953,0.3953,0.3861,0.3892,3407922
2021-09-13,0.3923,0.3923,0.3861,0.3892,13274280
2021-09-14,0.3892,0.4046,0.3892,0.4015,28764306
2021-09-15,0.4015,0.4231,0.3984,0.4231,37544976
2021-09-17,0.4262,0.4417,0.3892,0.4015,46878282
2021-09-20,0.3984,0.3984,0.3861,0.3861,5903964
2021-09-21,0.383,0.3923,0.3768,0.3923,24104844
2021-09-22,0.3984,0.3984,0.3892,0.3953,16252578
2021-09-23,0.3953,0.4077,0.3953,0.4015,5985666
2021-09-24,0.4015,0.4077,0.3892,0.3923,23788746
2021-09-27,0.3984,0.417,0.3984,0.4015,20954574
2021-09-28,0.4015,0.4108,0.3953,0.4015,17779824
2021-09-29,0.3953,0.4015,0.3923,0.4015,6559416
2021-09-30,0.4015,0.4015,0.3953,0.3953,5091840
2021-10-01,0.3953,0.3984,0.383,0.3861,12808548
2021-10-04,0.3892,0.3984,0.3861,0.3892,8778528
2021-10-05,0.3861,0.3923,0.383,0.3892,7270254
2021-10-06,0.3892,0.4046,0.3861,0.4015,12875256
2021-10-07,0.4015,0.42,0.3984,0.417,24294564
2021-10-08,0.417,0.42,0.4046,0.417,13225320
2021-10-11,0.417,0.4509,0.4108,0.4509,35861976
2021-10-12,0.454,0.454,0.4355,0.4478,14550300
2021-10-13,0.4478,0.4509,0.4355,0.4355,22698162
2021-10-14,0.4355,0.4386,0.4231,0.4231,11647584
2021-10-15,0.4262,0.4417,0.417,0.4386,15313770
2021-10-18,0.4448,0.4571,0.4355,0.4448,15587946
2021-10-20,0.4448,0.4448,0.4231,0.4262,13121586
2021-10-21,0.4231,0.4417,0.4231,0.4417,14456358
2021-10-22,0.4417,0.4417,0.4293,0.4386,8112978
2021-10-25,0.4386,0.4509,0.4355,0.4448,20065032
2021-10-26,0.4448,0.4509,0.4417,0.4478,6580224
2021-10-27,0.4478,0.4695,0.4448,0.4664,40840290
2021-10-28,0.4664,0.4664,0.4417,0.4448,17160174
2021-10-29,0.4417,0.454,0.4355,0.4448,17024004
2021-11-01,0.4417,0.4571,0.4417,0.4571,17589492
2021-11-02,0.4571,0.4849,0.4571,0.4849,34831368
2021-11-03,0.4849,0.4973,0.4787,0.4911,17938332
2021-11-05,0.4942,0.5251,0.4911,0.522,28411488
2021-11-08,0.5189,0.5189,0.4942,0.5065,28374462
2021-11-09,0.5065,0.5065,0.4849,0.4849,10524870
2021-11-10,0.4818,0.5065,0.4787,0.5034,21225996
2021-11-11,0.5034,0.5127,0.5004,0.5034,9793836
2021-11-12,0.5065,0.5065,0.488,0.488,4128552
2021-11-15,0.488,0.4942,0.4664,0.4664,9374616
2021-11-16,0.4633,0.4818,0.4602,0.4756,6598278
2021-11-17,0.4756,0.4818,0.4633,0.4695,8030052
2021-11-18,0.4633,0.4695,0.4509,0.454,6355926
2021-11-19,0.454,0.4571,0.4324,0.4571,13700232
2021-11-22,0.4571,0.4695,0.454,0.4571,11925738
2021-11-23,0.454,0.4571,0.4324,0.4324,9558522
2021-11-24,0.4262,0.4448,0.4046,0.4417,24721434
2021-11-25,0.4417,0.4417,0.42,0.4417,13968288
2021-11-26,0.4417,0.4417,0.42,0.4231,7218540
2021-11-29,0.4108,0.42,0.3953,0.42,16038378
2021-11-30,0.4231,0.4262,0.4139,0.42,10147266
2021-12-01,0.42,0.42,0.4139,0.42,6269022
2021-12-02,0.42,0.4231,0.4139,0.42,20105730
2021-12-06,0.42,0.42,0.4139,0.42,7772094
2021-12-07,0.417,0.42,0.4139,0.4139,10017216
2021-12-08,0.4139,0.4386,0.4139,0.4324,25419114
2021-12-09,0.4324,0.4448,0.4324,0.4386,15413526
2021-12-10,0.4386,0.4386,0.4324,0.4386,7292286
2021-12-13,0.4386,0.454,0.4355,0.454,9605034
2021-12-14,0.4571,0.4695,0.4417,0.4509,15503796
2021-12-15,0.4509,0.4509,0.4386,0.4386,5674464
2021-12-16,0.4355,0.4478,0.4355,0.4448,3541338
2021-12-17,0.4417,0.4509,0.4417,0.4417,4097034
2021-12-20,0.4448,0.4478,0.4355,0.4417,8713656
2021-12-21,0.4417,0.4478,0.4355,0.4448,4166802
2021-12-22,0.4448,0.4602,0.4386,0.454,12182472
2021-12-23,0.454,0.4633,0.4509,0.454,7599816
2021-12-24,0.4509,0.4602,0.4478,0.4571,4832964
2021-12-27,0.454,0.4695,0.454,0.4633,7902450
2021-12-28,0.4633,0.4849,0.4633,0.4787,11908296
2021-12-29,0.4756,0.4818,0.4726,0.4818,7263522
2021-12-30,0.4818,0.488,0.4818,0.4849,7512912
2021-12-31,0.4818,0.488,0.4756,0.488,6267798
2022-01-03,0.488,0.488,0.4756,0.4756,12307014
2022-01-04,0.4787,0.488,0.4509,0.4633,18877752
2022-01-05,0.4633,0.4726,0.4633,0.4695,6435486
2022-01-06,0.4695,0.4726,0.4664,0.4726,4791960
2022-01-07,0.4726,0.4787,0.4695,0.4787,5102244
2022-01-10,0.4818,0.4942,0.4818,0.4942,7779744
2022-01-11,0.4942,0.4973,0.4787,0.4818,9058824
2022-01-12,0.4818,0.488,0.4756,0.4849,4772376
2022-01-13,0.4849,0.4942,0.4818,0.4911,6093990
2022-01-14,0.4911,0.4911,0.4787,0.4787,3236562
2022-01-17,0.4787,0.4942,0.4787,0.4942,9714888
2022-01-19,0.4942,0.4942,0.4787,0.4818,12534066
2022-01-20,0.4818,0.488,0.4787,0.4818,11142378
2022-01-21,0.4818,0.4849,0.4695,0.4818,4570416
2022-01-24,0.4818,0.5096,0.4818,0.5065,28916082
2022-01-25,0.5065,0.5096,0.4849,0.488,7628580
2022-01-26,0.488,0.5189,0.488,0.5189,23782320
2022-01-27,0.5096,0.522,0.5004,0.5127,13746438
2022-01-28,0.5096,0.5127,0.5034,0.5034,2621502
2022-01-31,0.5065,0.5127,0.5004,0.5127,2661894
2022-02-03,0.5096,0.5405,0.5034,0.5405,13505922
2022-02-04,0.5405,0.5559,0.5281,0.5343,9351054
2022-02-07,0.5343,0.5683,0.5343,0.5652,20293002
2022-02-08,0.559,0.5714,0.5529,0.5529,13442886
2022-02-09,0.5529,0.559,0.5467,0.5467,4133754
2022-02-10,0.5498,0.5621,0.5467,0.5559,3564900
2022-02-11,0.5559,0.5776,0.5529,0.5683,8796582
2022-02-14,0.5714,0.5714,0.5529,0.5529,3495132
2022-02-15,0.5529,0.5529,0.5281,0.5467,9062496
2022-02-16,0.5467,0.5467,0.5251,0.5312,12095568
2022-02-17,0.5312,0.5374,0.5251,0.5312,7833906
2022-02-18,0.5281,0.5281,0.488,0.522,10415628
2022-02-21,0.522,0.5405,0.5096,0.5374,9774558
2022-02-22,0.5436,0.5467,0.5251,0.5374,6319818
2022-02-23,0.5343,0.5374,0.5281,0.5374,2563056
2022-02-24,0.5343,0.5559,0.5158,0.522,18511776
2022-02-25,0.5251,0.5405,0.5251,0.5343,8636544
2022-02-28,0.5374,0.5467,0.5281,0.5281,4850406
2022-03-01,0.5281,0.5343,0.4942,0.4942,13634136
2022-03-02,0.5004,0.5004,0.4787,0.4911,19248012
2022-03-03,0.4942,0.4942,0.4787,0.4787,4630392
2022-03-04,0.4756,0.488,0.454,0.4602,12989394
2022-03-07,0.4571,0.4571,0.4262,0.4417,23400738
2022-03-08,0.4329,0.4485,0.4205,0.4329,5886522
2022-03-09,0.4392,0.461,0.4298,0.4579,8233848
2022-03-10,0.4672,0.4734,0.4516,0.4641,5551452
2022-03-11,0.461,0.461,0.4454,0.4485,3550518
2022-03-14,0.4454,0.4548,0.4361,0.4485,4612950
2022-03-15,0.4516,0.4516,0.4298,0.4485,3058776
2022-03-16,0.4485,0.4516,0.4361,0.4485,7131636
2022-03-17,0.4516,0.4672,0.4516,0.4641,8290458
2022-03-18,0.4672,0.4828,0.461,0.4734,6173856
2022-03-21,0.4703,0.4766,0.4579,0.4703,3153330
2022-03-22,0.4703,0.4734,0.461,0.461,7130412
2022-03-23,0.461,0.4703,0.461,0.4641,11812212
2022-03-24,0.4641,0.4766,0.461,0.4734,13343436
2022-03-25,0.4797,0.5046,0.4797,0.4952,15865182
2022-03-28,0.4952,0.5046,0.4797,0.4859,15511140
2022-03-29,0.4859,0.4952,0.4734,0.4952,12591288
2022-03-30,0.4984,0.5015,0.4921,0.4952,14240628
2022-03-31,0.4952,0.5015,0.4921,0.4952,12250710
2022-04-01,0.4952,0.5638,0.4859,0.5513,50655546
2022-04-04,0.5326,0.6229,0.5326,0.6011,35305056
2022-04-05,0.598,0.6074,0.5887,0.6043,14136894
2022-04-06,0.6043,0.6136,0.5856,0.598,8634096
2022-04-07,0.5918,0.6043,0.5669,0.598,22599630
2022-04-08,0.598,0.6074,0.5793,0.5918,8942238
2022-04-11,0.5887,0.5918,0.5607,0.5607,11298744
2022-04-12,0.5607,0.57,0.5575,0.5607,8167752
2022-04-13,0.5607,0.598,0.5607,0.5949,15808572
2022-04-14,0.5949,0.6011,0.5793,0.5825,16323876
2022-04-15,0.5793,0.5887,0.57,0.5762,20406528
2022-04-18,0.5762,0.598,0.5638,0.5731,19692630
2022-04-20,0.5731,0.5856,0.5669,0.5762,15110892
2022-04-21,0.5762,0.5825,0.5575,0.57,24333732
2022-04-22,0.5638,0.5793,0.5638,0.5762,21213756
2022-04-25,0.5669,0.5949,0.5669,0.5856,12418704
2022-04-26,0.5887,0.6011,0.57,0.5793,6853176
2022-04-27,0.57,0.5793,0.5575,0.57,5844600
2022-04-28,0.5669,0.5762,0.5607,0.5731,12539574
2022-04-29,0.5762,0.5762,0.5638,0.57,12724704
2022-05-05,0.57,0.5793,0.57,0.5762,5866938
2022-05-06,0.5731,0.5762,0.57,0.5731,5557878
2022-05-09,0.5731,0.5731,0.5669,0.57,1446156
2022-05-10,0.57,0.57,0.5295,0.5357,16128036
2022-05-11,0.5357,0.542,0.5202,0.5202,9486000
2022-05-12,0.517,0.5326,0.5015,0.5139,7013214
2022-05-13,0.5015,0.5202,0.5015,0.517,3524814
2022-05-17,0.5233,0.5233,0.5077,0.5139,1373940
2022-05-18,0.517,0.5233,0.5077,0.5139,1695546
2022-05-19,0.5046,0.5108,0.5015,0.5108,1631286
2022-05-20,0.5046,0.5202,0.5046,0.5202,795600
2022-05-23,0.5233,0.542,0.5202,0.5295,10970406
2022-05-24,0.5388,0.5388,0.5139,0.5139,4298688
2022-05-25,0.517,0.5202,0.4984,0.5077,2786742
2022-05-26,0.5046,0.5108,0.4984,0.5046,2334168
2022-05-27,0.5046,0.5077,0.5015,0.5077,736848
2022-05-30,0.5108,0.5108,0.4984,0.5015,1967580
2022-05-31,0.4984,0.5233,0.4984,0.5202,3063978
2022-06-01,0.5202,0.5326,0.5202,0.5202,1804788
2022-06-02,0.5233,0.5264,0.5139,0.5139,957780
2022-06-03,0.5139,0.517,0.5077,0.5139,1172898
2022-06-07,0.5139,0.5139,0.4984,0.5046,1078344
2022-06-08,0.5046,0.5046,0.4984,0.5015,1528776
2022-06-09,0.4984,0.5015,0.4734,0.5015,6973128
2022-06-10,0.4952,0.5046,0.4952,0.5015,1327428
2022-06-13,0.489,0.4921,0.4797,0.4921,14355378
2022-06-14,0.4921,0.4984,0.4766,0.4921,17179146
2022-06-15,0.4984,0.4984,0.4797,0.489,15951780
2022-06-16,0.4859,0.489,0.4797,0.489,2223702
2022-06-17,0.4859,0.4859,0.4734,0.4859,2827746
2022-06-20,0.4766,0.4797,0.4734,0.4797,3948318
2022-06-21,0.4766,0.4859,0.4703,0.4859,12310992
2022-06-22,0.4859,0.4921,0.4766,0.4859,12198078
2022-06-23,0.4797,0.4828,0.4797,0.4828,400860
2022-06-24,0.4828,0.4828,0.4734,0.4797,1433916
2022-06-27,0.4766,0.4766,0.4703,0.4703,1495422
2022-06-28,0.4703,0.4703,0.4516,0.4672,4388040
2022-06-29,0.4548,0.4703,0.4548,0.4703,653310
2022-06-30,0.4703,0.4703,0.4579,0.4672,2536128
2022-07-01,0.4641,0.4734,0.461,0.4734,4166190
2022-07-04,0.4734,0.4734,0.4641,0.4734,4307256
2022-07-05,0.4703,0.4828,0.4641,0.4828,7053300
2022-07-06,0.4766,0.4797,0.4703,0.4797,1917090
2022-07-07,0.4766,0.4766,0.4672,0.4766,1233792
2022-07-08,0.4703,0.4984,0.4703,0.4921,11848932
2022-07-12,0.4952,0.5202,0.4921,0.5139,13885668
2022-07-13,0.517,0.5202,0.5015,0.5139,11535894
2022-07-14,0.5139,0.5326,0.5108,0.5295,14535306
2022-07-15,0.5326,0.5326,0.517,0.5202,9021186
2022-07-18,0.5202,0.5295,0.5139,0.5264,10024866
2022-07-19,0.5295,0.5295,0.517,0.5264,6932124
2022-07-20,0.5264,0.5264,0.517,0.5233,6839712
2022-07-21,0.5233,0.542,0.5233,0.5357,6630714
2022-07-22,0.5388,0.5544,0.5388,0.5482,5630400
2022-07-25,0.5513,0.5544,0.5264,0.5357,6761988
2022-07-26,0.5326,0.5513,0.5326,0.542,6558804
2022-07-27,0.5451,0.5482,0.5357,0.542,5413446
2022-07-28,0.5451,0.5482,0.5388,0.5388,5548698
2022-07-29,0.5357,0.5451,0.5326,0.5326,3797154
2022-08-01,0.5295,0.5295,0.5077,0.517,7301466
2022-08-02,0.5108,0.5139,0.4984,0.4984,7676622
2022-08-03,0.4984,0.4984,0.4828,0.4952,4408236
2022-08-04,0.4984,0.5046,0.4859,0.4921,4421700
2022-08-05,0.4921,0.5202,0.489,0.5202,5901516
2022-08-08,0.5202,0.5357,0.5139,0.5357,7852266
2022-08-09,0.5357,0.5357,0.5202,0.5295,4309092
2022-08-10,0.5357,0.5357,0.517,0.5295,1630368
2022-08-11,0.5295,0.5326,0.517,0.5264,1677492
2022-08-12,0.5202,0.5264,0.5108,0.5264,1602216
2022-08-15,0.517,0.5233,0.5108,0.5233,5100102
2022-08-16,0.517,0.5233,0.5139,0.517,2168928
2022-08-17,0.5139,0.5202,0.5077,0.5139,3300516
2022-08-18,0.5139,0.5139,0.4984,0.5046,3648744
2022-08-19,0.5046,0.517,0.5015,0.5077,3729528
2022-08-22,0.5046,0.5077,0.5015,0.5046,3294396
2022-08-23,0.4984,0.5015,0.4921,0.4921,21923064
2022-08-24,0.4921,0.4921,0.4828,0.4921,18979650
2022-08-25,0.4921,0.4921,0.4828,0.4921,24113412
2022-08-26,0.4921,0.4921,0.4859,0.4921,18135702
2022-08-29,0.4859,0.5046,0.4828,0.5015,9162864
2022-08-30,0.5046,0.5108,0.5015,0.5015,19279224
2022-09-01,0.5015,0.5015,0.4921,0.5015,19316250
2022-09-02,0.5046,0.5046,0.4952,0.5015,15716160
2022-09-05,0.4984,0.517,0.4984,0.517,7350120
2022-09-06,0.517,0.5388,0.517,0.5326,16774614
2022-09-07,0.5358,0.5389,0.5232,0.5232,2634966
2022-09-08,0.5232,0.542,0.517,0.542,10147878
2022-09-09,0.542,0.5546,0.542,0.542,4909158
2022-09-12,0.542,0.5514,0.5389,0.542,1764702
2022-09-13,0.542,0.5608,0.542,0.5577,5040432
2022-09-14,0.5452,0.5577,0.5295,0.5483,4247892
2022-09-15,0.5514,0.5514,0.5295,0.5295,1866600
2022-09-19,0.5264,0.5671,0.5232,0.5608,12270294
2022-09-20,0.5671,0.5702,0.5452,0.5577,2293164
2022-09-21,0.5483,0.5639,0.5358,0.5483,2665260
2022-09-22,0.5483,0.5546,0.5389,0.5546,1217880
2022-09-23,0.5577,0.5639,0.5483,0.5483,1625166
2022-09-26,0.5483,0.5639,0.542,0.5577,1739610
2022-09-27,0.5514,0.5671,0.5483,0.5577,6914988
2022-09-28,0.5546,0.5639,0.5514,0.5608,12942882
2022-09-29,0.5671,0.5702,0.5389,0.542,3608964
2022-09-30,0.542,0.5577,0.5389,0.5514,1398726
2022-10-03,0.5514,0.5546,0.5358,0.5483,1815498
2022-10-04,0.5546,0.5702,0.5514,0.5514,7296570
2022-10-05,0.5514,0.5608,0.5514,0.5577,3880080
2022-10-06,0.5577,0.5639,0.5514,0.5608,6878574
2022-10-07,0.5608,0.5608,0.5546,0.5577,976752
2022-10-11,0.5514,0.5546,0.5358,0.5452,2922912
2022-10-12,0.542,0.542,0.5358,0.5389,2034288
2022-10-13,0.5358,0.5389,0.5295,0.5358,2492370
2022-10-14,0.5358,0.5452,0.5358,0.5452,2862018
2022-10-17,0.542,0.5483,0.5389,0.5452,3930876
2022-10-18,0.5452,0.5608,0.5452,0.5577,1525716
2022-10-19,0.5577,0.5702,0.5577,0.5671,3015936
2022-10-20,0.5671,0.6203,0.5608,0.6172,17253504
2022-10-21,0.6141,0.6642,0.6109,0.6485,12329964
2022-10-25,0.6517,0.6987,0.6517,0.6987,11324448
2022-10-26,0.7018,0.7049,0.6673,0.6955,12442266
2022-10-27,0.6955,0.7269,0.6705,0.6893,8692236
2022-10-28,0.6893,0.7206,0.6861,0.7112,8933058
2022-10-31,0.7206,0.7645,0.7206,0.7425,9881352
2022-11-01,0.7488,0.7582,0.7237,0.7551,8540766
2022-11-02,0.7551,0.7801,0.7425,0.7613,7903980
2022-11-03,0.7551,0.7676,0.7175,0.7519,9326268
2022-11-04,0.7519,0.7645,0.7457,0.7519,1994814
2022-11-07,0.7519,0.7613,0.7363,0.7519,4142322
2022-11-08,0.7394,0.7739,0.7363,0.7488,4990860
2022-11-09,0.7519,0.7676,0.7457,0.7551,4895388
2022-11-10,0.7488,0.7519,0.7425,0.7519,2249100
2022-11-11,0.7613,0.7895,0.7331,0.7331,14020002
2022-11-14,0.7331,0.7551,0.7237,0.73,3522366
2022-11-15,0.73,0.7331,0.6955,0.7081,5893560
2022-11-16,0.7081,0.7143,0.6924,0.7049,6561558
2022-11-17,0.7049,0.7081,0.6893,0.7081,5689764
2022-11-21,0.683,0.7049,0.683,0.7049,1794996
2022-11-22,0.6893,0.7049,0.6861,0.7018,5981382
2022-11-23,0.7018,0.7018,0.6799,0.6924,897498
2022-11-24,0.6924,0.7394,0.6861,0.7363,4910382
2022-11-25,0.7394,0.7613,0.7206,0.7363,3421998
2022-11-29,0.7363,0.7551,0.7175,0.7363,5424768
2022-11-30,0.7206,0.7363,0.7081,0.7112,4062762
2022-12-01,0.7112,0.73,0.7018,0.7143,4997898
2022-12-02,0.7206,0.7269,0.7049,0.7175,3998502
2022-12-05,0.7206,0.7488,0.7206,0.7457,2509812
2022-12-06,0.7457,0.7676,0.7457,0.7519,1427796
2022-12-07,0.7519,0.7645,0.7457,0.7551,3546234
2022-12-08,0.7519,0.7551,0.7269,0.7425,614448
2022-12-09,0.7519,0.7519,0.7049,0.7519,1748484
2022-12-12,0.7519,0.7519,0.7331,0.7519,2984112
2022-12-13,0.7551,0.7551,0.7363,0.7457,606186
2022-12-14,0.7394,0.7551,0.7269,0.7425,8497008
2022-12-15,0.7363,0.7519,0.7363,0.7519,8984160
2022-12-16,0.7457,0.7582,0.7425,0.7519,10323522
2022-12-19,0.7519,0.7519,0.7425,0.7519,1640466
2022-12-20,0.7519,0.7801,0.7425,0.7488,4051134
2022-12-21,0.7488,0.7613,0.7457,0.7519,1439424
2022-12-22,0.7425,0.7582,0.7425,0.7519,5213934
2022-12-23,0.7425,0.7582,0.7425,0.7488,2975238
2022-12-27,0.7457,0.7488,0.7049,0.7175,10281600
2022-12-28,0.7112,0.7206,0.7018,0.7081,1624860
2022-12-29,0.7112,0.7143,0.7018,0.7112,3063366
2022-12-30,0.7081,0.7269,0.6955,0.7143,1302642
2023-01-03,0.7081,0.7488,0.7049,0.7457,11400030
2023-01-04,0.7457,0.7676,0.7425,0.7582,14145462
2023-01-05,0.7613,0.7801,0.7551,0.7613,12635964
2023-01-06,0.7613,0.7645,0.7488,0.7551,11460006
2023-01-09,0.7707,0.7864,0.7613,0.7707,16197804
2023-01-10,0.7676,0.7707,0.7394,0.7394,10499166
2023-01-11,0.7394,0.7394,0.7049,0.7049,16938324
2023-01-12,0.7081,0.7425,0.7049,0.7237,12607506
2023-01-13,0.7237,0.7457,0.7237,0.7363,9910422
2023-01-16,0.7363,0.7363,0.7206,0.73,2622726
2023-01-17,0.7206,0.73,0.7143,0.7206,6050844
2023-01-18,0.7143,0.7175,0.7112,0.7175,848844
2023-01-19,0.7206,0.7237,0.6987,0.7018,2409750
2023-01-20,0.7018,0.7206,0.6987,0.7175,1642302
2023-01-25,0.7175,0.7175,0.7081,0.7081,598230
2023-01-26,0.7175,0.7457,0.7112,0.7237,3015018
2023-01-27,0.73,0.7363,0.7112,0.7206,1456254
2023-01-30,0.7206,0.73,0.7175,0.7206,604044
2023-01-31,0.7206,0.7269,0.7143,0.7175,4080510
2023-02-02,0.7175,0.7237,0.7112,0.7143,911880
2023-02-03,0.7143,0.7175,0.7049,0.7049,839664
2023-02-07,0.7049,0.7081,0.6987,0.6987,1904238
2023-02-08,0.6987,0.7049,0.6799,0.6893,2401488
2023-02-09,0.6893,0.6893,0.6736,0.6799,1092420
2023-02-10,0.6799,0.683,0.6454,0.6799,6220674
2023-02-13,0.6799,0.6799,0.6517,0.6611,1481652
2023-02-14,0.6579,0.6705,0.6517,0.6642,1782756
2023-02-15,0.6705,0.6736,0.6517,0.6579,1718802
2023-02-16,0.6579,0.6736,0.6548,0.6611,1102518
2023-02-17,0.6673,0.6736,0.6611,0.6673,1299276
2023-02-20,0.6736,0.6987,0.6673,0.6799,2445858
2023-02-21,0.6893,0.6987,0.683,0.6861,4496058
2023-02-22,0.6893,0.6987,0.6893,0.6955,925344
2023-02-23,0.6987,0.7049,0.6955,0.7049,2003382
2023-02-24,0.6987,0.7018,0.6736,0.6987,4102542
2023-02-27,0.6987,0.7081,0.6955,0.6987,1636794
2023-02-28,0.6987,0.7049,0.6799,0.6987,6401214
2023-03-01,0.7018,0.7018,0.6266,0.6329,12556710
2023-03-02,0.636,0.6485,0.6297,0.6297,3841524
2023-03-03,0.6297,0.6485,0.6297,0.636,976140
2023-03-06,0.6329,0.6391,0.6266,0.6329,6995160
2023-03-07,0.6329,0.636,0.6109,0.6266,2643228
2023-03-08,0.6266,0.6329,0.6235,0.6297,3530628
2023-03-09,0.6266,0.6297,0.6235,0.6297,1997874
2023-03-10,0.6235,0.6297,0.6203,0.6266,3958416
2023-03-13,0.6172,0.6266,0.6078,0.6203,5843682
2023-03-14,0.6329,0.6642,0.6235,0.6423,6693444
2023-03-15,0.6518,0.6708,0.6454,0.6613,6401826
2023-03-16,0.6549,0.6739,0.6518,0.6613,1478592
2023-03-17,0.6644,0.6866,0.6581,0.6739,3064590
2023-03-20,0.6676,0.6676,0.6581,0.6581,1164330
2023-03-21,0.6644,0.6739,0.6581,0.6613,845784
2023-03-22,0.6708,0.6708,0.6549,0.6581,1307844
2023-03-23,0.6581,0.6644,0.6581,0.6644,328644
2023-03-24,0.6549,0.6708,0.6486,0.6644,9724986
2023-03-27,0.6581,0.6644,0.6423,0.6486,16426386
2023-03-28,0.6486,0.6549,0.6296,0.6486,2295000
2023-03-29,0.6486,0.6486,0.6328,0.6423,6847056
2023-03-30,0.6549,0.6549,0.6328,0.6486,2765322
2023-03-31,0.6486,0.6613,0.6486,0.6581,797130
2023-04-03,0.6581,0.6676,0.6549,0.6613,4475250
2023-04-04,0.6613,0.6897,0.6391,0.6581,8547192
2023-04-05,0.6581,0.6581,0.6486,0.6581,578034
2023-04-06,0.6613,0.6708,0.6581,0.6676,923508
2023-04-07,0.6676,0.6802,0.6613,0.6739,1382202
2023-04-10,0.6739,0.7024,0.6708,0.6897,2654856
2023-04-11,0.6866,0.7024,0.6708,0.6866,9605646
2023-04-12,0.6834,0.6929,0.6739,0.6929,2772666
2023-04-13,0.6929,0.6992,0.6897,0.6929,1171980
2023-04-14,0.6961,0.7024,0.6834,0.6961,1791018
2023-04-17,0.7119,0.7214,0.6644,0.6644,3269712
2023-04-18,0.6739,0.6787,0.6549,0.6597,1588038
2023-04-19,0.6549,0.6597,0.6075,0.6597,7210074
2023-04-20,0.6597,0.6692,0.6407,0.6597,2665770
2023-04-25,0.6597,0.6597,0.6312,0.6407,3212184
2023-04-26,0.6407,0.6454,0.5885,0.6454,8115834
2023-04-27,0.6454,0.6454,0.6265,0.6312,5275542
2023-04-28,0.6217,0.6359,0.617,0.6359,2672910
2023-05-02,0.6359,0.6359,0.6027,0.6265,869652
2023-05-03,0.6265,0.6265,0.6075,0.617,1225224
2023-05-05,0.6075,0.617,0.598,0.617,2851716
2023-05-08,0.6122,0.617,0.5932,0.617,3401700
2023-05-09,0.6075,0.617,0.598,0.617,1627002
2023-05-10,0.617,0.617,0.6075,0.617,3999828
2023-05-11,0.6122,0.6122,0.6027,0.6122,2267154
2023-05-12,0.6075,0.6122,0.5932,0.6122,4881720
2023-05-15,0.6122,0.617,0.6027,0.6122,699924
2023-05-16,0.617,0.6407,0.6122,0.6359,7125618
2023-05-17,0.6359,0.6502,0.6265,0.6502,7030248
2023-05-18,0.6502,0.6502,0.6359,0.6407,620262
2023-05-19,0.6359,0.6454,0.6265,0.6407,11553744
2023-05-22,0.6265,0.6549,0.617,0.6549,10607490
2023-05-23,0.6502,0.6502,0.6312,0.6454,5450778
2023-05-24,0.6454,0.7071,0.6407,0.7024,11603724
2023-05-25,0.7024,0.7404,0.7024,0.7261,13599354
2023-05-26,0.7261,0.7356,0.7071,0.7261,7162848
2023-05-29,0.7214,0.7356,0.6976,0.7214,10556286
2023-05-30,0.7214,0.7214,0.7024,0.7119,1529592
2023-05-31,0.7024,0.7024,0.6834,0.7024,3020526
2023-06-01,0.7024,0.7119,0.6929,0.7024,2881500
2023-06-02,0.6976,0.7119,0.6976,0.7071,5798292
2023-06-06,0.7071,0.7214,0.6976,0.7214,3718104
2023-06-07,0.7214,0.7214,0.7119,0.7166,1363842
2023-06-08,0.7119,0.7166,0.7071,0.7166,3322140
2023-06-09,0.7119,0.7214,0.7024,0.7166,1158924
2023-06-12,0.7166,0.7214,0.7071,0.7071,4871724
2023-06-13,0.7119,0.7309,0.7071,0.7309,5836644
2023-06-14,0.7309,0.7593,0.7309,0.7546,5781360
2023-06-15,0.7546,0.8543,0.7498,0.8353,20804838
2023-06-16,0.8495,0.8732,0.7688,0.8258,19660806
2023-06-19,0.821,0.8258,0.7926,0.821,5214444
2023-06-20,0.8258,0.8258,0.7783,0.8021,5566038
2023-06-21,0.8021,0.8021,0.7783,0.7878,8154390
2023-06-22,0.7783,0.7831,0.7546,0.7688,3881814
2023-06-23,0.7688,0.7783,0.7546,0.7688,1864662
2023-06-26,0.7736,0.7736,0.7498,0.7498,4929864
2023-06-27,0.7498,0.7498,0.6976,0.7356,11187360
2023-06-28,0.7356,0.7404,0.6976,0.6976,6183852
2023-06-30,0.6976,0.7309,0.6834,0.7309,3742890
2023-07-03,0.7261,0.7593,0.7071,0.7498,7846350
2023-07-04,0.7498,0.7688,0.7119,0.7166,8464266
2023-07-05,0.7214,0.7261,0.6929,0.7071,7592166
2023-07-06,0.7071,0.7071,0.6929,0.6929,2030106
2023-07-07,0.6882,0.7071,0.6739,0.7024,2705958
2023-07-10,0.6976,0.6976,0.6834,0.6976,1720740
2023-07-11,0.6976,0.6976,0.6834,0.6976,1417290
2023-07-12,0.6929,0.7071,0.6882,0.6976,3964128
2023-07-13,0.7024,0.7214,0.6976,0.7119,1047030
2023-07-14,0.7119,0.7166,0.7024,0.7119,1016736
2023-07-17,0.7071,0.7071,0.6976,0.7024,1303968
2023-07-18,0.7071,0.7071,0.6976,0.7024,1114554
2023-07-20,0.7024,0.7641,0.7024,0.7593,9186936
2023-07-21,0.7593,0.7641,0.7309,0.7593,5598678
2023-07-24,0.7641,0.7641,0.7451,0.7593,1265412
2023-07-25,0.7593,0.7641,0.7404,0.7498,2776746
2023-07-26,0.7498,0.7546,0.7309,0.7404,2813568
2023-07-27,0.7404,0.7641,0.7356,0.7451,4197198
2023-07-28,0.7451,0.7498,0.7404,0.7404,3677202
2023-07-31,0.7356,0.7356,0.7071,0.7261,1415862
2023-08-01,0.7261,0.7261,0.7071,0.7071,2909652
2023-08-02,0.7071,0.7119,0.7024,0.7071,615162
2023-08-03,0.7071,0.7214,0.7071,0.7119,3180054
2023-08-04,0.7119,0.7166,0.7024,0.7119,891174
2023-08-07,0.7071,0.7356,0.7024,0.7261,1093542
2023-08-08,0.7261,0.7356,0.7261,0.7261,299676
2023-08-09,0.7261,0.7356,0.7119,0.7309,5314302
2023-08-10,0.7356,0.7356,0.7214,0.7261,676464
2023-08-11,0.7261,0.7451,0.7166,0.7309,1178916
2023-08-14,0.7309,0.7641,0.7261,0.7309,1500726
2023-08-15,0.7356,0.7404,0.7261,0.7309,1334364
2023-08-16,0.7309,0.7356,0.7261,0.7261,286620
2023-08-17,0.7214,0.7214,0.7119,0.7119,3465450
2023-08-18,0.7119,0.7309,0.7119,0.7214,5908452
2023-08-21,0.7261,0.7261,0.7119,0.7166,5165586
2023-08-22,0.7119,0.7166,0.7071,0.7166,264996
2023-08-23,0.7166,0.7166,0.7024,0.7119,725934
2023-08-24,0.7024,0.7071,0.6929,0.7071,676770
2023-08-25,0.6976,0.7024,0.6929,0.7024,1112514
2023-08-28,0.6929,0.7166,0.6882,0.7166,1019898
2023-08-29,0.7166,0.7214,0.7071,0.7166,831300
2023-08-30,0.7166,0.7166,0.7071,0.7166,1564068
2023-09-01,0.7166,0.7166,0.7024,0.7024,4938738
2023-09-04,0.7024,0.7119,0.6976,0.7119,2440758
2023-09-05,0.7119,0.7119,0.6976,0.7071,2673930
2023-09-06,0.7071,0.7071,0.6929,0.7024,1511742
2023-09-07,0.6976,0.7024,0.6929,0.6976,1966968
2023-09-08,0.6976,0.7166,0.6929,0.7166,1268472
2023-09-11,0.7119,0.7498,0.7071,0.7451,18917022
2023-09-12,0.7451,0.7451,0.7071,0.7119,4229532
2023-09-13,0.7071,0.7119,0.7024,0.7119,1743894
2023-09-14,0.7071,0.7119,0.7024,0.7071,4048686
2023-09-15,0.7071,0.7166,0.6929,0.7119,7100832
2023-09-18,0.7024,0.7119,0.6976,0.7071,4075512
2023-09-19,0.7024,0.7071,0.6929,0.7071,2153628
2023-09-20,0.7024,0.7024,0.6929,0.7024,5590722
2023-09-21,0.6976,0.7119,0.6929,0.7024,2439534
2023-09-22,0.7024,0.7071,0.6976,0.7071,4898346
2023-09-25,0.7071,0.7119,0.6929,0.7071,2528580
2023-09-26,0.7071,0.7404,0.6976,0.7356,3772980
2023-09-27,0.7309,0.7309,0.7119,0.7261,4472394
2023-09-29,0.7261,0.7309,0.7214,0.7261,120870
2023-10-02,0.7214,0.7214,0.7071,0.7071,976344
2023-10-03,0.7214,0.7214,0.7071,0.7166,2674032
2023-10-04,0.7166,0.7261,0.7119,0.7214,7948350
2023-10-05,0.7166,0.7309,0.7119,0.7214,6365310
2023-10-06,0.7166,0.7214,0.7119,0.7166,1706256
2023-10-09,0.7166,0.7214,0.7119,0.7119,1842630
2023-10-10,0.7071,0.7119,0.6976,0.7119,2047956
2023-10-11,0.7071,0.7119,0.7024,0.7071,5101326
2023-10-12,0.7024,0.7071,0.6976,0.7071,13002552
2023-10-13,0.7024,0.7071,0.6976,0.7071,4702200
2023-10-16,0.7071,0.7071,0.7024,0.7071,5294106
2023-10-17,0.7071,0.7119,0.7024,0.7119,4642836
2023-10-18,0.7119,0.7261,0.7119,0.7119,1696260
2023-10-19,0.7119,0.7119,0.7071,0.7119,249084
2023-10-20,0.7071,0.7071,0.7024,0.7071,638724
2023-10-23,0.7071,0.7119,0.6834,0.7071,12749490
2023-10-24,0.7024,0.7071,0.6882,0.7071,7895004
2023-10-25,0.6976,0.7214,0.6976,0.7214,1301520
2023-10-26,0.7071,0.7214,0.7071,0.7119,1928820
2023-10-27,0.7119,0.7261,0.7119,0.7119,4672110
2023-10-30,0.7071,0.7119,0.6976,0.7024,6735060
2023-10-31,0.6976,0.7024,0.6882,0.6882,4107234
2023-11-01,0.6929,0.7071,0.6834,0.7071,3056940
2023-11-02,0.7071,0.7071,0.6834,0.6976,7749552
2023-11-03,0.7024,0.7071,0.6976,0.7071,477768
2023-11-06,0.7071,0.7071,0.6976,0.7071,1234608
2023-11-07,0.7071,0.7119,0.7071,0.7119,3273792
2023-11-08,0.7119,0.7309,0.7119,0.7309,12706752
2023-11-09,0.7261,0.7309,0.7214,0.7309,3628650
2023-11-10,0.7261,0.7309,0.7119,0.7166,1616088
2023-11-14,0.7166,0.7214,0.6976,0.7166,8027910
2023-11-15,0.7166,0.7166,0.6976,0.7119,5247900
2023-11-16,0.7071,0.7119,0.6976,0.7071,722670
2023-11-17,0.7119,0.7119,0.7024,0.7119,1204314
2023-11-20,0.7119,0.7119,0.7024,0.7024,2417502
2023-11-21,0.7024,0.7071,0.7024,0.7071,660960
2023-11-22,0.7024,0.7119,0.7024,0.7119,417486
2023-11-23,0.7071,0.7119,0.7024,0.7071,2406996
2023-11-24,0.7071,0.7119,0.6976,0.7024,3887016
2023-11-27,0.7024,0.7024,0.6929,0.7024,1070286
2023-11-28,0.7024,0.7071,0.6976,0.7024,1661580
2023-11-29,0.7071,0.7071,0.6976,0.7024,487764
2023-11-30,0.7024,0.7024,0.6976,0.6976,7501488
2023-12-01,0.7024,0.7024,0.6976,0.7024,143616
2023-12-04,0.7024,0.7024,0.6929,0.7024,963798
2023-12-05,0.7024,0.7024,0.6834,0.6929,6068388
2023-12-06,0.6929,0.6929,0.6834,0.6882,5946090
2023-12-07,0.6834,0.6929,0.6787,0.6882,13351290
2023-12-08,0.6882,0.7071,0.6882,0.6882,11373510
2023-12-11,0.6834,0.6929,0.6834,0.6929,3297966
2023-12-12,0.6882,0.6929,0.6834,0.6834,6716802
2023-12-13,0.6834,0.6976,0.6692,0.6882,6184566
2023-12-14,0.6882,0.7071,0.6834,0.7024,5287578
2023-12-15,0.7024,0.7119,0.6976,0.7024,3733098
2023-12-18,0.6976,0.7024,0.6929,0.7024,6373674
2023-12-19,0.6976,0.7071,0.6976,0.7071,8437848
2023-12-20,0.7071,0.7261,0.7071,0.7166,15248694
2023-12-21,0.7119,0.7214,0.7119,0.7166,9778026
2023-12-22,0.7166,0.7214,0.7166,0.7214,1455030
2023-12-26,0.7214,0.7214,0.7119,0.7214,393516
2023-12-27,0.7119,0.7166,0.7071,0.7166,465834
2023-12-28,0.7119,0.7214,0.7119,0.7214,498678
2023-12-29,0.7166,0.7404,0.7166,0.7356,2285616
2024-01-02,0.7356,0.7546,0.7356,0.7498,1670046
2024-01-03,0.7498,0.7546,0.7404,0.7498,164118
2024-01-04,0.7498,0.7546,0.7404,0.7451,359550
2024-01-05,0.7498,0.7498,0.7404,0.7451,392802
2024-01-08,0.7404,0.7593,0.7309,0.7593,13285092
2024-01-09,0.7641,0.7878,0.7641,0.7783,15433212
2024-01-10,0.7688,0.7878,0.7641,0.7783,13221954
2024-01-11,0.7783,0.7878,0.7688,0.7878,3253902
2024-01-12,0.7736,0.7878,0.7688,0.7736,2607936
2024-01-15,0.7736,0.7831,0.7688,0.7831,839562
2024-01-16,0.7831,0.8115,0.7831,0.8068,11457456
2024-01-17,0.8068,0.8115,0.7878,0.7926,1189320
2024-01-18,0.7878,0.8163,0.7309,0.8163,8499252
2024-01-19,0.8068,0.9065,0.8021,0.8827,12716850
2024-01-22,0.878,0.897,0.859,0.8827,8167752
2024-01-23,0.8638,0.897,0.8638,0.8827,2137920
2024-01-24,0.878,0.8922,0.8732,0.8827,6861234
2024-01-26,0.8685,0.9017,0.8685,0.897,16127832
2024-01-29,0.897,0.9065,0.8875,0.8922,9928374
2024-01-30,0.8922,0.9017,0.8875,0.9017,6582366
2024-01-31,0.9017,0.916,0.8922,0.897,957780
2024-02-02,0.8922,0.897,0.8732,0.878,5662020
2024-02-05,0.8353,0.8827,0.8353,0.8827,2955654
2024-02-06,0.878,0.8875,0.8732,0.8827,5951394
2024-02-07,0.8732,0.8827,0.8732,0.8827,95472
2024-02-08,0.878,0.8827,0.878,0.878,394230
2024-02-09,0.878,0.9112,0.878,0.9065,922284
2024-02-13,0.9065,0.9207,0.9065,0.916,1567944
2024-02-14,0.9207,0.9302,0.9112,0.9302,1975026
2024-02-15,0.9349,0.9349,0.916,0.9254,3267774
2024-02-16,0.9349,0.9349,0.916,0.9207,925548
2024-02-19,0.916,0.916,0.84,0.8448,8576670
2024-02-20,0.8638,0.8685,0.8258,0.84,5069094
2024-02-21,0.8353,0.878,0.8353,0.878,2981460
2024-02-22,0.878,0.897,0.859,0.897,2741658
2024-02-23,0.9017,0.9017,0.8827,0.9017,2470236
2024-02-26,0.8922,0.897,0.8638,0.878,3861414
2024-02-27,0.878,0.8827,0.821,0.8305,11076588
2024-02-28,0.8353,0.8543,0.8353,0.84,1488996
2024-02-29,0.8353,0.8353,0.7831,0.7831,10450410
2024-03-01,0.7831,0.8163,0.7641,0.8115,4903956
2024-03-04,0.8115,0.821,0.7973,0.8068,1133628
2024-03-05,0.7973,0.8068,0.7736,0.8021,661368
2024-03-06,0.7926,0.8021,0.7688,0.8021,1779798
2024-03-07,0.7926,0.8021,0.7736,0.7926,569058
2024-03-08,0.7831,0.8068,0.7831,0.8068,1326306
2024-03-11,0.8068,0.8068,0.7878,0.8068,1797648
2024-03-12,0.8021,0.8068,0.7878,0.8021,336702
2024-03-13,0.8021,0.8115,0.7973,0.8021,234804
2024-03-14,0.8021,0.8021,0.7926,0.7973,178602
2024-03-15,0.7973,0.7973,0.7831,0.7973,496026
2024-03-18,0.7973,0.8021,0.7829,0.8021,541212
2024-03-19,0.8069,0.8165,0.8069,0.8165,386580
2024-03-20,0.8117,0.8117,0.7925,0.8117,682584
2024-03-21,0.8021,0.8213,0.8021,0.8117,541620
2024-03-22,0.8069,0.8165,0.7925,0.8165,732870
2024-03-25,0.8165,0.8261,0.8021,0.8261,574260
2024-03-26,0.8213,0.8549,0.8213,0.8501,2058156
2024-03-27,0.8453,0.8646,0.8357,0.8549,2091204
2024-03-29,0.8549,0.8646,0.8357,0.8597,627504
2024-04-01,0.8646,0.8646,0.8357,0.8405,789378
2024-04-02,0.8405,0.8453,0.8261,0.8405,735522
2024-04-03,0.8357,0.8357,0.8213,0.8357,396678
2024-04-04,0.8309,0.8309,0.8069,0.8309,2244816
2024-04-05,0.8213,0.8261,0.8165,0.8165,850680
2024-04-08,0.8117,0.8165,0.8069,0.8117,785808
2024-04-09,0.8117,0.8117,0.8021,0.8117,1109964
2024-04-12,0.8069,0.8165,0.7973,0.8069,1534590
2024-04-15,0.8117,0.8213,0.8117,0.8213,1249704
2024-04-16,0.8261,0.8309,0.8069,0.8165,1145868
2024-04-17,0.8213,0.8213,0.8117,0.8213,1085382
2024-04-18,0.8261,0.8357,0.8117,0.8261,2152608
2024-04-19,0.8261,0.8453,0.8213,0.8309,1241748
2024-04-22,0.8309,0.8549,0.8213,0.8549,993174
2024-04-23,0.8549,0.8742,0.8549,0.8646,1232772
2024-04-24,0.8646,0.8694,0.8597,0.8646,753576
2024-04-25,0.8646,0.8742,0.8646,0.8694,1002456
2024-04-26,0.8694,0.8694,0.8549,0.8549,912594
2024-04-29,0.8357,0.8646,0.8309,0.8646,933402
2024-04-30,0.8646,0.8742,0.8597,0.8742,1117002
2024-05-02,0.879,0.879,0.8694,0.879,920652
2024-05-03,0.879,0.8838,0.8694,0.879,1070898
2024-05-06,0.8646,0.8838,0.8597,0.8838,807636
2024-05-07,0.8838,0.903,0.879,0.903,1049580
2024-05-08,0.903,0.9078,0.903,0.903,702882
2024-05-09,0.903,0.9078,0.8934,0.9078,1410252
2024-05-10,0.9078,0.9126,0.903,0.9126,819366
2024-05-13,0.9078,0.9126,0.903,0.9126,747252
2024-05-14,0.9078,0.9126,0.903,0.9126,790908
2024-05-15,0.903,0.903,0.8886,0.8934,209100
2024-05-16,0.8886,0.8886,0.8646,0.879,262242
2024-05-17,0.8549,0.8742,0.8549,0.8742,206652
2024-05-20,0.879,0.8934,0.8646,0.8838,10471830
2024-05-21,0.8886,0.8886,0.8694,0.879,5308896
2024-05-23,0.879,0.8838,0.8646,0.879,4022676
2024-05-24,0.879,0.879,0.8597,0.879,3558882
2024-05-27,0.879,0.879,0.8646,0.8694,207570
2024-05-28,0.8694,0.8694,0.8501,0.8694,407082
2024-05-29,0.8549,0.8694,0.8453,0.8694,516936
2024-05-30,0.8501,0.8694,0.8501,0.8549,492150
2024-05-31,0.8597,0.8982,0.8501,0.8982,3070914
2024-06-04,0.903,0.903,0.8646,0.8694,560286
2024-06-05,0.8742,0.8742,0.8549,0.8694,1113228
2024-06-06,0.8646,0.8646,0.8549,0.8549,320484
2024-06-07,0.8549,0.8646,0.8405,0.8646,1053660
2024-06-10,0.8646,0.8646,0.8405,0.8597,3469224
2024-06-11,0.8549,0.8646,0.8453,0.8597,482154
2024-06-12,0.8597,0.8646,0.8405,0.8646,903618
2024-06-13,0.8597,0.8694,0.8501,0.8694,1677492
2024-06-14,0.8646,0.8742,0.8549,0.8694,329868
2024-06-18,0.8694,0.8694,0.8549,0.8549,103530
2024-06-19,0.8549,0.8597,0.8405,0.8405,4530432
2024-06-20,0.8405,0.8501,0.8405,0.8453,1206864
2024-06-21,0.8549,0.8646,0.8453,0.8646,888012
2024-06-24,0.8646,0.8646,0.8453,0.8453,2587842
2024-06-25,0.8453,0.8501,0.8309,0.8405,9920520
2024-06-26,0.8405,0.8453,0.8309,0.8357,6583488
2024-06-27,0.8405,0.8405,0.8309,0.8357,2707998
2024-06-28,0.8357,0.8357,0.8261,0.8309,9025470
2024-07-01,0.8309,0.8309,0.8213,0.8309,613836
2024-07-02,0.8261,0.8309,0.8213,0.8261,1830798
2024-07-03,0.8261,0.8405,0.8213,0.8309,3068670
2024-07-04,0.8309,0.8405,0.8117,0.8309,4275738
2024-07-05,0.8261,0.8309,0.8165,0.8261,337008
2024-07-09,0.8261,0.8261,0.8165,0.8213,599964
2024-07-10,0.8213,0.8261,0.8117,0.8261,1129548
2024-07-11,0.8261,0.8405,0.8261,0.8405,405042
2024-07-12,0.8357,0.8597,0.8357,0.8597,656370
2024-07-15,0.8597,0.8646,0.8357,0.8646,303246
2024-07-16,0.8646,0.8646,0.8453,0.8501,193698
2024-07-17,0.8501,0.8501,0.8165,0.8405,3765942
2024-07-18,0.8405,0.8453,0.8309,0.8453,44268
2024-07-19,0.8261,0.8405,0.8261,0.8405,199512
2024-07-22,0.8405,0.8405,0.8165,0.8357,273666
2024-07-23,0.8357,0.8405,0.8213,0.8405,1010004
2024-07-24,0.8357,0.8453,0.8261,0.8405,3900072
2024-07-25,0.8261,0.8357,0.8213,0.8309,5085210
2024-07-26,0.8261,0.8405,0.8213,0.8405,180540
2024-07-29,0.8357,0.8357,0.8165,0.8357,7343388
2024-07-30,0.8357,0.8405,0.8309,0.8405,143106
2024-07-31,0.8357,0.8453,0.8309,0.8453,240414
2024-08-01,0.8501,0.8501,0.8309,0.8357,938502
2024-08-02,0.8357,0.8405,0.8069,0.8405,2840598
2024-08-05,0.8165,0.8309,0.7877,0.8309,1633632
2024-08-06,0.8117,0.8453,0.8069,0.8405,463386
2024-08-07,0.8261,0.8405,0.8261,0.8405,316200
2024-08-08,0.8309,0.8405,0.8261,0.8405,337314
2024-08-09,0.8405,0.8405,0.8309,0.8357,611388
2024-08-12,0.8357,0.8357,0.8261,0.8357,388620
2024-08-13,0.8405,0.8405,0.8261,0.8309,5517792
2024-08-14,0.8261,0.8357,0.8213,0.8309,427380
2024-08-15,0.8309,0.8309,0.8261,0.8309,41718
2024-08-16,0.8213,0.8357,0.8213,0.8357,71502
2024-08-19,0.8357,0.8453,0.8261,0.8453,320586
2024-08-20,0.8501,0.8549,0.8357,0.8453,302940
2024-08-21,0.8453,0.8453,0.8357,0.8405,261936
2024-08-22,0.8309,0.8453,0.8309,0.8453,183294
2024-08-23,0.8453,0.8453,0.8261,0.8405,2419644
2024-08-26,0.8357,0.8501,0.8357,0.8453,1678920
2024-08-27,0.8453,0.8501,0.8405,0.8405,348840
2024-08-28,0.8357,0.8405,0.8357,0.8357,122196
2024-08-29,0.8309,0.8453,0.8309,0.8453,4476882
2024-08-30,0.8453,0.8646,0.8405,0.8646,1089768
2024-09-02,0.8646,0.8646,0.8549,0.8549,176154
2024-09-03,0.8549,0.8597,0.8453,0.8549,172890
2024-09-04,0.8549,0.8549,0.8453,0.8501,65484
2024-09-05,0.8501,0.8597,0.8405,0.8501,231438
2024-09-06,0.8501,0.8549,0.8405,0.8549,1250520
2024-09-09,0.8405,0.8549,0.8405,0.8549,44268
2024-09-10,0.8549,0.8597,0.8501,0.8549,250002
2024-09-11,0.8549,0.8597,0.8501,0.8549,137292
2024-09-12,0.8549,0.8597,0.8501,0.8597,37842
2024-09-13,0.8549,0.8597,0.8453,0.8453,406980
2024-09-17,0.8453,0.8502,0.8212,0.8502,175644
2024-09-18,0.8405,0.8502,0.8405,0.8405,50388
2024-09-19,0.8405,0.855,0.8308,0.855,3095700
2024-09-20,0.8453,0.8598,0.8453,0.855,1287240
2024-09-23,0.855,0.855,0.8405,0.8502,135660
2024-09-24,0.8502,0.8985,0.8502,0.8936,3974940
2024-09-25,0.8985,0.8985,0.8695,0.8888,1160760
2024-09-26,0.8888,0.8888,0.8695,0.8792,680850
2024-09-27,0.8792,0.884,0.8743,0.8743,539478
2024-09-30,0.8695,0.8888,0.8695,0.8792,212058
2024-10-01,0.8792,0.9033,0.8743,0.8792,1322736
2024-10-02,0.8743,0.8743,0.8695,0.8695,219606
2024-10-03,0.8647,0.8695,0.8453,0.8695,467160
2024-10-04,0.8598,0.8695,0.855,0.855,266220
2024-10-07,0.855,0.8792,0.8502,0.855,317118
2024-10-08,0.855,0.8792,0.855,0.8695,3661290
2024-10-09,0.8743,0.884,0.8647,0.8695,2775114
2024-10-10,0.8695,0.884,0.8647,0.8695,2331108
2024-10-11,0.8695,0.8695,0.8598,0.8598,87822
2024-10-14,0.8502,0.8598,0.8502,0.8502,167178
2024-10-15,0.8453,0.855,0.8405,0.8453,164730
2024-10-16,0.8453,0.8647,0.8405,0.8598,193698
2024-10-17,0.8647,0.8695,0.855,0.8598,166566
2024-10-18,0.8647,0.8743,0.8598,0.8695,349758
2024-10-21,0.8647,0.884,0.8598,0.8792,433704
2024-10-22,0.8792,0.884,0.8743,0.8792,1897710
2024-10-23,0.8743,0.8888,0.8695,0.8888,3257982
2024-10-24,0.8888,0.8888,0.8792,0.8792,1827024
2024-10-25,0.8792,0.8888,0.8792,0.8888,128112
2024-10-28,0.8888,0.8888,0.8598,0.8647,449412
2024-10-29,0.8647,0.884,0.8647,0.8743,684828
2024-10-30,0.8647,0.8792,0.8598,0.8647,1811112
2024-11-01,0.8598,0.8695,0.855,0.8647,1851198
2024-11-04,0.8647,0.884,0.8598,0.884,2729520
2024-11-05,0.884,0.884,0.8695,0.8695,450126
2024-11-06,0.8695,0.884,0.8695,0.8695,650760
2024-11-07,0.8695,0.8888,0.8647,0.8695,1284792
2024-11-08,0.8695,0.8695,0.8598,0.8695,31722
2024-11-11,0.8598,0.8695,0.8598,0.8598,33150
2024-11-12,0.855,0.8695,0.8502,0.8598,811920
2024-11-13,0.855,0.8647,0.8502,0.8647,4194036
2024-11-14,0.8598,0.8647,0.8502,0.855,2280006
2024-11-15,0.855,0.8695,0.8502,0.8695,2710446
2024-11-18,0.8647,0.8695,0.855,0.8598,2092326
2024-11-19,0.8598,0.8647,0.8502,0.8647,2490330
2024-11-20,0.8598,0.8695,0.8598,0.8695,3628956
2024-11-21,0.8598,0.8695,0.8598,0.8695,5409774
2024-11-22,0.8647,0.8695,0.8598,0.8647,3379056
2024-11-25,0.8598,0.8743,0.8598,0.8647,3873042
2024-11-26,0.8647,0.8647,0.855,0.855,1287036
2024-11-27,0.8598,0.8695,0.855,0.8647,1186260
2024-11-28,0.8695,0.8743,0.8598,0.8647,1311924
2024-11-29,0.8647,0.8695,0.8598,0.8695,2495328
2024-12-02,0.8695,0.8695,0.855,0.8598,1404234
2024-12-03,0.855,0.855,0.8502,0.855,1954320
2024-12-04,0.855,0.8695,0.855,0.855,2872014
2024-12-05,0.855,0.8598,0.8502,0.855,1026426
2024-12-06,0.855,0.855,0.8453,0.855,2931888
2024-12-09,0.855,0.8647,0.8453,0.855,5175378
2024-12-10,0.8579,0.8774,0.8531,0.8579,4883658
2024-12-11,0.8531,0.8579,0.8482,0.8579,141270
2024-12-12,0.8579,0.8725,0.8531,0.8579,4312458
2024-12-13,0.8579,0.8677,0.8531,0.8579,3894360
2024-12-16,0.8628,0.8628,0.8531,0.8579,1559172
2024-12-17,0.8579,0.8823,0.8579,0.8774,4418436
2024-12-18,0.8725,0.8823,0.8677,0.8774,1172490
2024-12-19,0.8725,0.8725,0.8628,0.8628,4136406
2024-12-20,0.8677,0.8774,0.8628,0.8628,6834102
2024-12-23,0.8677,0.8774,0.8628,0.8725,5763000
2024-12-24,0.8725,0.8774,0.8628,0.8677,17773398
2024-12-26,0.8677,0.8774,0.8628,0.8725,18470466
2024-12-27,0.8725,0.8725,0.8628,0.8677,9728250
2024-12-30,0.8677,0.8725,0.8628,0.8677,2032962
2024-12-31,0.8725,0.8774,0.8579,0.8628,8999052
2025-01-02,0.8579,0.8579,0.8531,0.8579,2130780
2025-01-03,0.8579,0.8579,0.8336,0.8482,14634042
2025-01-06,0.8384,0.8579,0.8384,0.8482,14849670
2025-01-07,0.8433,0.8531,0.8433,0.8531,7575234
2025-01-08,0.8531,0.8531,0.8384,0.8482,7274742
2025-01-09,0.8482,0.8482,0.8336,0.8433,5936808
2025-01-10,0.8433,0.8531,0.8433,0.8433,1828044
2025-01-13,0.8433,0.8482,0.8238,0.8336,2858244
2025-01-14,0.8336,0.8531,0.8336,0.8482,3282972
2025-01-15,0.8433,0.8531,0.8336,0.8336,1952994
2025-01-16,0.8384,0.8579,0.8384,0.8579,2838864
2025-01-17,0.8628,0.8628,0.8384,0.8482,2923014
2025-01-20,0.8482,0.8774,0.8482,0.8725,5318280
2025-01-21,0.8725,0.8725,0.8531,0.8531,2736456
2025-01-22,0.8531,0.8677,0.8531,0.8531,3419142
2025-01-23,0.8531,0.8677,0.8531,0.8579,6052476
2025-01-24,0.8579,0.8628,0.8531,0.8579,5565120
2025-01-27,0.8677,0.8725,0.8628,0.8677,4449036
2025-01-28,0.8677,0.8725,0.8531,0.8531,2822136
2025-01-31,0.8531,0.8531,0.8433,0.8433,2313156
2025-02-03,0.8433,0.8677,0.8433,0.8628,3151392
2025-02-04,0.8628,0.8725,0.8628,0.8725,2144142
2025-02-05,0.8725,0.8774,0.8677,0.8725,3501864
2025-02-06,0.8725,0.8823,0.8677,0.8725,3726264
2025-02-07,0.8725,0.8725,0.8628,0.8725,2517972
2025-02-10,0.8677,0.8774,0.8677,0.8677,3131502
2025-02-12,0.8677,0.8774,0.8677,0.8677,4732290
2025-02-13,0.8725,0.8774,0.8677,0.8677,2916486
2025-02-14,0.8725,0.8823,0.8579,0.8628,5854494
2025-02-17,0.8677,0.8774,0.8579,0.8677,4351932
2025-02-18,0.8677,0.8774,0.8579,0.8628,2902614
2025-02-19,0.8628,0.8725,0.8433,0.8579,6898974
2025-02-20,0.8725,0.8725,0.8433,0.8579,5627646
2025-02-21,0.8531,0.8628,0.8336,0.8531,7336962
2025-02-24,0.8531,0.8677,0.8384,0.8433,8439786
2025-02-25,0.8433,0.8433,0.8287,0.8433,4509930
2025-02-26,0.8336,0.8725,0.8336,0.8677,7194978
2025-02-27,0.8677,0.8774,0.8677,0.8725,3940464
2025-02-28,0.8774,0.9115,0.8579,0.9115,6909378
2025-03-03,0.9067,0.9067,0.8579,0.8823,6698442
2025-03-04,0.8774,0.8872,0.8628,0.8725,3337236
2025-03-05,0.8725,0.8823,0.8531,0.8677,4556544
2025-03-06,0.8725,0.8823,0.8628,0.8677,2217276
2025-03-07,0.8725,0.9067,0.8725,0.892,5837664
2025-03-10,0.8872,0.892,0.8725,0.8725,3023586
2025-03-11,0.8725,0.8823,0.8677,0.8725,1643118
2025-03-12,0.8774,0.8872,0.8677,0.8725,4990146
2025-03-13,0.8725,0.8725,0.8482,0.8531,3517674
2025-03-14,0.8482,0.8531,0.8384,0.8433,1798158
2025-03-17,0.8433,0.8628,0.8384,0.8579,5398554
2025-03-19,0.8579,0.8677,0.8531,0.8628,2956980
2025-03-20,0.8628,0.8628,0.8531,0.8579,1629654
2025-03-21,0.8579,0.8628,0.8531,0.8579,4188120
2025-03-24,0.8579,0.8579,0.8482,0.8579,3272058
2025-03-25,0.8579,0.8677,0.8579,0.8628,1490424
2025-03-26,0.8628,0.8677,0.8579,0.8628,3869676
2025-03-27,0.8628,0.8628,0.8482,0.8579,3071832
2025-03-28,0.8579,0.8677,0.8531,0.8579,1705134
2025-04-02,0.8677,0.8725,0.8579,0.8579,4698120
2025-04-03,0.8628,0.8725,0.8531,0.8628,2883846
2025-04-04,0.8628,0.8677,0.8482,0.8579,2670564
2025-04-07,0.8482,0.8579,0.8287,0.8579,4383042
2025-04-08,0.8628,0.8677,0.8433,0.8579,3278076
2025-04-09,0.8482,0.8628,0.7897,0.8531,5705676
2025-04-10,0.8531,0.8677,0.8482,0.8677,4242180
2025-04-11,0.8677,0.8725,0.8531,0.8725,4681494
2025-04-14,0.8725,0.892,0.8677,0.8823,2743086
2025-04-15,0.8872,0.8872,0.8774,0.8872,3770634
2025-04-16,0.8823,0.8872,0.8774,0.8872,5533398
2025-04-17,0.8823,0.8872,0.8774,0.8872,3983916
2025-04-18,0.8823,0.8872,0.8774,0.8823,2869056
2025-04-21,0.8823,0.8823,0.8725,0.8823,1875066
2025-04-22,0.8823,0.8872,0.8725,0.8823,2423010
2025-04-23,0.8823,0.8823,0.8725,0.8823,1614252
2025-04-24,0.8823,0.8872,0.8774,0.8823,1975740
2025-04-25,0.8823,0.8872,0.8725,0.8823,2307036
2025-04-28,0.8823,0.8872,0.8725,0.8725,1703808
2025-04-29,0.8823,0.8823,0.8725,0.8725,1724922
2025-04-30,0.8823,0.8872,0.8677,0.8872,3625692
2025-05-02,0.8872,0.9603,0.8725,0.9457,2262870
2025-05-05,0.9457,0.9505,0.9213,0.9262,1972272
2025-05-06,0.9262,0.9408,0.9164,0.9164,5135496
2025-05-07,0.9164,0.9359,0.9164,0.9213,481236
2025-05-08,0.9164,0.9262,0.9164,0.9164,1527246
2025-05-09,0.9213,0.9408,0.9213,0.9262,2665260
2025-05-13,0.931,0.9457,0.9213,0.931,988788
2025-05-14,0.931,0.9359,0.9213,0.9359,2302548
2025-05-15,0.9359,0.9408,0.9262,0.931,3985038
2025-05-16,0.9359,0.9408,0.9262,0.9359,756126
2025-05-19,0.9359,0.9359,0.9067,0.9213,2045406
2025-05-20,0.9164,0.9213,0.892,0.9164,2981358
2025-05-21,0.9262,0.9262,0.9018,0.9213,1039686
2025-05-22,0.9262,0.9262,0.9067,0.9213,2354772
2025-05-23,0.9115,0.9262,0.9115,0.9164,582930
2025-05-26,0.9164,0.9262,0.9067,0.9115,1452990
2025-05-27,0.9115,0.9164,0.8969,0.8969,3217386
2025-05-28,0.8969,0.9164,0.8677,0.9018,4356930
2025-05-29,0.9067,0.9067,0.8872,0.8969,2002158
2025-05-30,0.8969,0.9164,0.8725,0.9164,7279230
2025-06-03,0.9164,0.9164,0.8969,0.9018,3627630
2025-06-04,0.9018,0.9262,0.8969,0.9262,3348150
2025-06-05,0.9164,0.9262,0.892,0.8969,1452786
2025-06-06,0.8969,0.9067,0.8872,0.8969,4239120
2025-06-09,0.9067,0.9067,0.8823,0.8872,1999608
2025-06-10,0.8872,0.8969,0.8774,0.8823,3320304
2025-06-11,0.8823,0.8969,0.8725,0.8969,5173542
2025-06-12,0.8969,0.8969,0.8677,0.8725,2699226
2025-06-13,0.8725,0.8774,0.8677,0.8725,2311422
2025-06-16,0.8677,0.8725,0.8628,0.8677,2432598
2025-06-17,0.8677,0.8725,0.8579,0.8677,2638332
2025-06-18,0.8677,0.8677,0.8628,0.8677,2804082
2025-06-19,0.8677,0.8774,0.8628,0.8677,3803172
2025-06-20,0.8677,0.8823,0.8628,0.8725,2586210
2025-06-23,0.8725,0.8725,0.8531,0.8579,3045924
2025-06-24,0.8579,0.8677,0.8384,0.8677,4528188
2025-06-25,0.8677,0.8725,0.8628,0.8725,2069784
2025-06-26,0.8725,0.8774,0.8725,0.8725,1708296
2025-06-30,0.8725,0.8774,0.8677,0.8725,2101302
2025-07-01,0.8725,0.8774,0.8725,0.8725,2519094
2025-07-02,0.8725,0.8774,0.8579,0.8677,1898526
2025-07-03,0.8677,0.8774,0.8677,0.8725,2380680
2025-07-04,0.8774,0.8872,0.8725,0.8823,2202792
2025-07-07,0.8823,0.892,0.8774,0.8872,2120988
2025-07-08,0.8872,0.892,0.8823,0.892,1615884
2025-07-09,0.892,0.8969,0.8872,0.8969,2053566
2025-07-10,0.8969,0.8969,0.8872,0.8872,1428204
2025-07-11,0.8872,0.892,0.8872,0.892,1059474
2025-07-14,0.892,0.892,0.8872,0.892,1489812
2025-07-15,0.8872,0.892,0.8823,0.8872,1839162
2025-07-16,0.8872,0.892,0.8774,0.892,959820
2025-07-17,0.892,0.892,0.8823,0.8872,1126182
2025-07-18,0.8872,0.8872,0.8774,0.8823,2452182
2025-07-21,0.8823,0.8872,0.8725,0.8872,569160
2025-07-22,0.8872,0.892,0.8823,0.8823,1468800
2025-07-23,0.8823,0.8872,0.8774,0.8823,2178822
2025-07-24,0.8823,0.892,0.8823,0.8872,1357416
2025-07-25,0.8872,0.892,0.8823,0.8872,1727880
2025-07-28,0.8872,0.8872,0.8823,0.8823,2360688
2025-07-29,0.8872,0.892,0.8872,0.8872,1378938
2025-07-30,0.892,0.892,0.8872,0.892,1483182
2025-07-31,0.892,0.892,0.8774,0.8774,5712102
2025-08-01,0.8823,0.8872,0.8774,0.8823,1536222
2025-08-04,0.8774,0.8823,0.8725,0.8774,1449216
2025-08-05,0.8774,0.8823,0.8774,0.8823,1892202
2025-08-06,0.8774,0.8823,0.8677,0.8823,2193102
2025-08-07,0.8823,0.8823,0.8725,0.8725,1503990
2025-08-08,0.8774,0.8774,0.8725,0.8774,1622004
2025-08-11,0.8774,0.8774,0.8725,0.8725,5469750
2025-08-12,0.8725,0.8774,0.8725,0.8774,1772658
2025-08-13,0.8774,0.8774,0.8725,0.8774,1797954
2025-08-14,0.8725,0.8774,0.8725,0.8774,1859256
2025-08-15,0.8774,0.8774,0.8725,0.8774,1846812
2025-08-18,0.8774,0.8872,0.8774,0.8774,2613852
2025-08-19,0.8774,0.8823,0.8725,0.8774,1954422
2025-08-20,0.8774,0.8774,0.8725,0.8725,4340100
2025-08-21,0.8774,0.8823,0.8725,0.8774,2107524
2025-08-22,0.8774,0.8774,0.8774,0.8774,1667802
2025-08-25,0.8774,0.8774,0.8725,0.8725,2181474
2025-08-26,0.8774,0.8774,0.8628,0.8628,3777162
2025-08-27,0.8628,0.8677,0.8628,0.8628,2528376
2025-08-28,0.8677,0.8774,0.8677,0.8725,2891190
2025-08-29,0.8725,0.8872,0.8677,0.8725,5973426
2025-09-02,0.8774,0.8774,0.8628,0.8725,4503810
2025-09-03,0.8725,0.8725,0.8677,0.8725,2339880
2025-09-04,0.8677,0.8774,0.8677,0.8774,2576724
2025-09-08,0.8725,0.8774,0.8677,0.8725,3864576
2025-09-09,0.8677,0.8725,0.8677,0.8725,1414230
2025-09-10,0.8725,0.8725,0.8677,0.8725,4316028
2025-09-11,0.8774,0.8824,0.8725,0.8824,5526666
2025-09-12,0.8824,0.8873,0.8725,0.8774,1851300
2025-09-17,0.8774,0.8824,0.8725,0.8824,4148544
2025-09-18,0.8824,0.8824,0.8774,0.8824,4063680
2025-09-19,0.8824,0.8824,0.8725,0.8774,2718504
2025-09-22,0.8774,0.8774,0.8774,0.8774,2146488
2025-09-23,0.8774,0.8774,0.8578,0.8725,2766648
2025-09-24,0.8725,0.8774,0.8627,0.8774,5281662
2025-09-25,0.8774,0.8774,0.8725,0.8774,4921806
2025-09-26,0.8725,0.8774,0.8725,0.8725,2179944
2025-09-29,0.8725,0.8774,0.8725,0.8774,2806326
2025-09-30,0.8725,0.8774,0.8676,0.8725,3122118
2025-10-01,0.8725,0.8774,0.8725,0.8774,2530824
2025-10-02,0.8774,0.8774,0.8725,0.8774,2424438
2025-10-03,0.8774,0.8774,0.8725,0.8774,2312646
2025-10-06,0.8774,0.8774,0.8725,0.8774,2211156
2025-10-07,0.8774,0.8774,0.8725,0.8774,3526650
2025-10-08,0.8774,0.8774,0.8725,0.8774,1868844
2025-10-09,0.8774,0.8774,0.8725,0.8725,2728602
2025-10-10,0.8774,0.8774,0.8725,0.8725,2286330
2025-10-13,0.8774,0.8774,0.8725,0.8774,1813764
2025-10-14,0.8774,0.8774,0.8725,0.8725,2468604
2025-10-15,0.8774,0.9118,0.8676,0.9118,5427420
2025-10-16,0.8824,0.8971,0.8824,0.8922,2352732
2025-10-17,0.8922,0.8922,0.8774,0.8824,2511648
2025-10-21,0.8824,0.8873,0.8774,0.8824,2734824
2025-10-22,0.8922,0.8922,0.8774,0.8824,3010938
2025-10-23,0.8824,0.8873,0.8676,0.8824,4739226
2025-10-24,0.8873,0.8873,0.8824,0.8824,2444838
2025-10-27,0.8873,0.8873,0.8774,0.8824,2630478
2025-10-28,0.8873,0.8873,0.8774,0.8824,3973716
2025-10-29,0.8824,0.8873,0.8725,0.8824,3225852
2025-10-30,0.8873,0.8873,0.8676,0.8774,5911614
2025-10-31,0.8824,0.8873,0.8676,0.8873,6055740
2025-11-03,0.8873,0.8873,0.8824,0.8824,3128646
2025-11-04,0.8873,0.8873,0.8824,0.8824,3147312
2025-11-05,0.8873,0.8873,0.8725,0.8824,3560718
2025-11-06,0.8873,0.8873,0.8774,0.8824,3079686
2025-11-07,0.8824,0.8824,0.8725,0.8824,3650478
2025-11-10,0.8824,0.8873,0.8725,0.8774,3370386
2025-11-11,0.8873,0.8873,0.8774,0.8824,4027776
2025-11-12,0.8824,0.8824,0.8774,0.8824,3064590
2025-11-13,0.8824,0.8824,0.8725,0.8824,3642624
2025-11-14,0.8824,0.8824,0.8774,0.8824,3426996
2025-11-17,0.8824,0.8873,0.8676,0.8774,6759234
2025-11-18,0.8824,0.8824,0.8676,0.8774,5219136
2025-11-19,0.8774,0.8824,0.8676,0.8774,4203012
2025-11-20,0.8774,0.8774,0.8676,0.8774,3727182
2025-11-21,0.8774,0.8774,0.8676,0.8725,4293384
2025-11-24,0.8725,0.8824,0.8578,0.8725,6016980
2025-11-25,0.8774,0.8774,0.8529,0.8725,7297794
2025-11-26,0.8774,0.8774,0.8676,0.8725,4170984
2025-11-27,0.8774,0.8774,0.8627,0.8676,3941892
2025-11-28,0.8676,0.8725,0.8627,0.8725,4303074
2025-12-01,0.8774,0.8824,0.8676,0.8774,6031974
2025-12-02,0.8824,0.8824,0.8725,0.8774,4547670
2025-12-03,0.8774,0.8774,0.8725,0.8774,3941688
2025-12-04,0.8774,0.8824,0.8774,0.8824,6994242
2025-12-05,0.8824,0.8824,0.8774,0.8824,2922810
2025-12-08,0.8824,0.8824,0.8725,0.8824,4938330
2025-12-09,0.8824,0.8824,0.8725,0.8824,3956274
2025-12-10,0.8824,0.8922,0.8774,0.8824,7057380
2025-12-11,0.8824,0.8873,0.8774,0.8774,3508290
2025-12-12,0.8824,0.8873,0.8725,0.8774,3739218
2025-12-15,0.8824,0.8873,0.8676,0.8824,5009934
2025-12-16,0.8824,0.8873,0.8725,0.8824,3387318
2025-12-17,0.8774,0.8774,0.8725,0.8774,5619282
2025-12-18,0.8774,0.8824,0.8725,0.8824,3333564
2025-12-19,0.8824,0.902,0.8725,0.902,4461072
2025-12-22,0.8873,0.8873,0.8824,0.8873,3694542
2025-12-23,0.8873,0.8873,0.8774,0.8824,4066434
2025-12-24,0.8824,0.8971,0.8774,0.8873,4234428
2025-12-26,0.8873,0.8873,0.8774,0.8873,5876118
2025-12-29,0.8873,0.8873,0.8824,0.8824,6153456
2025-12-30,0.8824,0.8922,0.8774,0.8873,4975254
2025-12-31,0.8873,0.8922,0.8824,0.8824,6815742
2026-01-02,0.8873,0.8873,0.8774,0.8824,4275330
2026-01-05,0.8774,0.8824,0.8774,0.8824,3226566
2026-01-06,0.8824,0.8922,0.8774,0.8824,4940676
2026-01-07,0.8824,0.8824,0.8774,0.8824,3985650
2026-01-08,0.8824,0.8873,0.8774,0.8824,5965674
2026-01-09,0.8824,0.902,0.8824,0.8971,5519526
2026-01-12,0.8971,0.8971,0.8873,0.8971,4037160
2026-01-13,0.8971,0.8971,0.8824,0.8873,3334278
2026-01-14,0.8922,0.8922,0.8824,0.8873,2897412
2026-01-15,0.8873,0.902,0.8873,0.902,4129470
2026-01-16,0.902,0.9069,0.8922,0.902,2895474
2026-01-19,0.902,0.902,0.902,0.902,0
2026-01-20,0.902,0.902,0.8922,0.902,4294914
2026-01-21,0.902,0.9069,0.8824,0.8873,4207194
2026-01-22,0.8873,0.902,0.8676,0.8824,4960566
2026-01-23,0.8824,0.8824,0.8676,0.8774,4501260
2026-01-26,0.8774,0.8824,0.8676,0.8725,4369374
2026-01-27,0.8725,0.8725,0.8578,0.8578,5173134
2026-01-28,0.8627,0.8676,0.8382,0.8529,10433376
2026-01-29,0.8431,0.8529,0.7941,0.8333,11802318
2026-01-30,0.8333,0.8382,0.799,0.8235,7818504
2026-02-03,0.8235,0.8235,0.8088,0.8186,4381206
2026-02-04,0.8186,0.8431,0.8137,0.8333,2947188
2026-02-05,0.8333,0.8382,0.8088,0.8235,5027886
2026-02-06,0.8235,0.8284,0.8039,0.8137,3256554
2026-02-09,0.8186,0.8186,0.799,0.8137,3737586
2026-02-10,0.8137,0.8186,0.8039,0.8088,2913018
2026-02-11,0.8039,0.8137,0.7941,0.799,3200148
2026-02-12,0.799,0.8088,0.7647,0.7941,5655288
2026-02-13,0.7941,0.8137,0.7843,0.7941,3409758
2026-02-16,0.7941,0.8137,0.7843,0.8039,4098054
2026-02-19,0.8039,0.8039,0.7892,0.799,4117434
2026-02-20,0.7941,0.7941,0.7843,0.7892,3352740
2026-02-23,0.7892,0.8088,0.7892,0.7941,7272906
2026-02-24,0.7941,0.7941,0.7745,0.7892,3495132
2026-02-25,0.7892,0.8039,0.7843,0.7941,4292262
2026-02-26,0.7941,0.799,0.7794,0.7892,3724428
2026-02-27,0.7843,0.7892,0.7745,0.7843,6559518
2026-03-02,0.7794,0.7941,0.7647,0.7941,2859978
2026-03-03,0.7941,0.8039,0.7892,0.8039,4034202
2026-03-04,0.799,0.8039,0.7892,0.7941,3162612
2026-03-05,0.7892,0.7941,0.7745,0.7892,2151588
2026-03-06,0.7892,0.7892,0.7745,0.7843,3200148
2026-03-09,0.7794,0.7843,0.7696,0.7843,3492174
2026-03-10,0.7843,0.7843,0.7745,0.7843,4230450
2026-03-11,0.7843,0.7941,0.7794,0.7892,3399762
2026-03-12,0.7892,0.7941,0.7794,0.7794,3666696
2026-03-13,0.7843,0.7892,0.7745,0.7794,3463512
2026-03-16,0.7794,0.7843,0.7451,0.7843,3671286
2026-03-17,0.7794,0.7794,0.7696,0.7696,3429852
2026-03-18,0.7696,0.7843,0.7696,0.7843,2641902
2026-03-19,0.7843,0.7941,0.7794,0.7892,3729936
2026-03-20,0.7892,0.7892,0.7892,0.7892,0
2026-03-24,0.7892,0.7941,0.7696,0.7843,3726162
2026-03-25,0.7794,0.7843,0.7696,0.7794,2612016
2026-03-26,0.7794,0.7843,0.7745,0.7843,3937914
2026-03-27,0.7794,0.7941,0.7745,0.7892,7056666
2026-03-30,0.7843,0.7941,0.7794,0.7941,6044724
2026-03-31,0.7892,0.8186,0.7892,0.8039,3975450
2026-04-01,0.8039,0.8088,0.7794,0.7892,3786036
2026-04-02,0.7892,0.7892,0.7843,0.7892,2830092
2026-04-03,0.7941,0.799,0.7843,0.7892,3429954
2026-04-06,0.7892,0.7941,0.7843,0.7941,3361614
2026-04-07,0.7892,0.7941,0.7843,0.7892,3852846
2026-04-08,0.7843,0.7843,0.7696,0.7745,3575712
2026-04-09,0.7745,0.7794,0.7647,0.7794,3975858
2026-04-10,0.7745,0.7794,0.7745,0.7745,3870288
2026-04-13,0.7745,0.8039,0.7745,0.8039,2820912
2026-04-14,0.7892,0.7892,0.7745,0.7794,3510228
2026-04-15,0.7745,0.7745,0.7647,0.7647,5337354
2026-04-16,0.7696,0.7696,0.7549,0.7647,2959530
2026-04-17,0.7598,0.7598,0.7451,0.7549,3348558
2026-04-20,0.7598,0.7696,0.7108,0.7549,9553320
2026-04-21,0.7549,0.7549,0.701,0.7549,26934222
2026-04-22,0.7549,0.7647,0.7304,0.75,10365240
2026-04-23,0.7549,0.7598,0.7402,0.75,10374318
2026-04-24,0.7647,0.7647,0.7304,0.7451,6968844
2026-04-27,0.75,0.75,0.7402,0.7451,5838276
2026-04-28,0.7451,0.7647,0.7451,0.75,7226904
2026-04-29,0.75,0.75,0.7402,0.7451,5867040
2026-04-30,0.7402,0.75,0.7353,0.7402,8191008
2026-05-01,0.7402,0.7402,0.7402,0.7402,0
2026-05-04,0.7402,0.7402,0.7108,0.7402,14031732
2026-05-05,0.7353,0.7451,0.7304,0.7353,9646650
2026-05-06,0.7304,0.7402,0.7255,0.7304,11121774
2026-05-07,0.7353,0.7402,0.7255,0.7304,9972438
2026-05-08,0.7304,0.7353,0.7255,0.7304,10187658
2026-05-11,0.7304,0.7402,0.7206,0.7304,11443686
2026-05-12,0.7304,0.7304,0.7255,0.7304,9231816
2026-05-13,0.7353,0.7598,0.7304,0.75,11221224
2026-05-14,0.7451,0.7451,0.7353,0.7451,11888610
2026-05-15,0.75,0.799,0.7451,0.7843,19724352
2026-05-18,0.7843,0.7941,0.7745,0.7745,8137764
2026-05-19,0.7843,0.7843,0.7745,0.7794,6605112
2026-05-20,0.7941,0.7941,0.7745,0.7794,5673852
2026-05-21,0.7941,0.7941,0.7794,0.7892,9927252
2026-05-22,0.7843,0.7892,0.7794,0.7843,9898692
2026-05-25,0.7843,0.799,0.7794,0.7843,7905510
2026-05-26,0.7941,0.7941,0.7794,0.7892,7016682
2026-05-27,0.7892,0.7892,0.7892,0.7892,0
2026-05-28,0.7843,0.7892,0.7745,0.7794,8126442
2026-05-29,0.7843,0.7843,0.7745,0.7843,6936612
2026-06-01,0.7843,0.7843,0.7843,0.7843,0
2026-06-02,0.7843,0.7843,0.7843,0.7843,0
2026-06-03,0.815,0.815,0.765,0.775,8741100
2026-06-04,0.785,0.785,0.77,0.775,8935000
2026-06-05,0.77,0.79,0.77,0.79,7066000
2026-06-08,0.79,0.79,0.78,0.785,8892300
2026-06-09,0.785,0.795,0.74,0.775,13132700
2026-06-10,0.785,0.795,0.785,0.795,6445100
2026-06-11,0.79,0.795,0.78,0.78,8695400
2026-06-12,0.78,0.78,0.775,0.78,8297900
2026-06-15,0.775,0.78,0.76,0.77,10337100
2026-06-16,0.77,0.775,0.76,0.77,10615100
2026-06-18,0.77,0.785,0.77,0.785,8245200
2026-06-19,0.775,0.78,0.77,0.775,10407800
2026-06-22,0.77,0.775,0.77,0.77,7401600
2026-06-23,0.77,0.775,0.765,0.77,11884800
2026-06-24,0.775,0.78,0.77,0.77,10569200
2026-06-25,0.77,0.77,0.76,0.765,10111900
2026-06-26,0.77,0.775,0.77,0.775,12161300
2026-06-29,0.775,0.785,0.775,0.78,9859500
2026-06-30,0.775,0.775,0.765,0.775,9022600
2026-07-01,0.77,0.77,0.76,0.765,7912600
2026-07-02,0.775,0.775,0.77,0.775,10198400
2026-07-03,0.775,0.775,0.77,0.775,11213700
2026-07-06,0.77,0.775,0.765,0.77,9684600
2026-07-07,0.77,0.77,0.765,0.765,10652500
2026-07-08,0.77,0.77,0.755,0.76,10233900
2026-07-09,0.76,0.76,0.755,0.76,8746500
2026-07-10,0.76,0.76,0.755,0.755,9426100
2026-07-13,0.77,0.77,0.765,0.765,10532400
2026-07-14,0.765,0.765,0.76,0.76,8313700
2026-07-15,0.77,0.77,0.76,0.765,11061100
2026-07-16,0.765,0.765,0.76,0.765,11736100
2026-07-17,0.77,0.775,0.77,0.775,7767000
2026-07-20,0.77,0.77,0.765,0.765,10008100
2026-07-21,0.77,0.77,0.765,0.77,11209500
2026-07-22,0.77,0.77,0.765,0.765,9274400
2026-07-23,0.765,0.765,0.76,0.765,8823600
2026-07-24,0.77,0.78,0.77,0.78,11931500
2026-07-27,0.77,0.775,0.755,0.76,11248300
2026-07-28,0.765,0.765,0.755,0.76,9371400
2026-07-29,0.76,0.77,0.755,0.76,10973000
2026-07-30,0.77,0.775,0.755,0.765,11948100
2026-07-31,0.765,0.775,0.765,0.77,9783700
2026-08-03,0.77,0.77,0.765,0.765,18398400
2026-08-04,0.765,0.765,0.76,0.76,14227000
2026-08-05,0.76,0.765,0.755,0.765,11489300
2026-08-06,0.765,0.775,0.76,0.775,14157000
2026-08-07,0.77,0.775,0.765,0.77,12664400
2026-08-10,0.77,0.775,0.765,0.775,10941100
2026-08-11,0.775,0.78,0.775,0.775,11180900
2026-08-12,0.78,0.79,0.775,0.785,11019000
2026-08-13,0.785,0.79,0.785,0.79,8241700
2026-08-14,0.79,0.82,0.79,0.79,14476600
2026-08-17,0.845,0.85,0.78,0.78,12473500
2026-08-18,0.795,0.795,0.775,0.78,9746300
2026-08-19,0.78,0.785,0.77,0.77,13096700
2026-08-20,0.775,0.775,0.765,0.77,11184400
2026-08-21,0.775,0.79,0.77,0.78,17136500
2026-08-24,0.78,0.785,0.775,0.78,16282000
2026-08-26,0.78,0.785,0.775,0.78,12197100
2026-08-27,0.78,0.78,0.775,0.78,8075600
2026-08-28,0.0,0.8,0.8,0.8,0
2026-09-01,0.79,0.795,0.79,0.795,790400
