date,open,high,low,close,volume
2016-09-14,1.0908,1.1043,1.0841,1.0908,2112000
2016-09-15,1.1011,1.1216,1.0942,1.1216,1044900
2016-09-19,1.1079,1.1284,1.1079,1.1148,1206100
2016-09-20,1.1216,1.1284,1.1079,1.1216,526400
2016-09-21,1.1148,1.1284,1.1079,1.1148,2133900
2016-09-22,1.1148,1.1284,1.1011,1.1079,4586400
2016-09-23,1.1079,1.1284,1.0942,1.1079,2612800
2016-09-26,1.1011,1.1148,1.0942,1.1011,1485200
2016-09-27,1.1079,1.1148,1.1079,1.1079,2026600
2016-09-28,1.1079,1.1079,1.0942,1.0942,3760500
2016-09-29,1.1011,1.1148,1.0942,1.1011,2258700
2016-09-30,1.1011,1.1148,1.0942,1.1148,1863100
2016-10-04,1.1011,1.1353,1.1011,1.1284,3672000
2016-10-05,1.1284,1.1421,1.1216,1.1421,784600
2016-10-06,1.1421,1.1763,1.1284,1.1626,5724500
2016-10-07,1.1695,1.1831,1.1421,1.1558,3271700
2016-10-10,1.1626,1.1831,1.1421,1.1831,4985000
2016-10-11,1.1695,1.1763,1.1489,1.1489,3678200
2016-10-12,1.1421,1.1626,1.1353,1.1489,1586500
2016-10-13,1.1421,1.1558,1.1216,1.1284,1419800
2016-10-14,1.1284,1.1421,1.1216,1.1284,1197300
2016-10-17,1.1284,1.1421,1.1216,1.1284,606500
2016-10-18,1.1353,1.1489,1.1216,1.1421,2070600
2016-10-19,1.1421,1.1695,1.1353,1.1626,4719200
2016-10-20,1.1626,1.1763,1.1489,1.1489,1373500
2016-10-21,1.1489,1.19,1.1353,1.19,4177400
2016-10-24,1.1831,1.1831,1.1558,1.1558,3476400
2016-10-25,1.1626,1.1626,1.1421,1.1421,1400700
2016-10-26,1.1421,1.1489,1.1284,1.1284,2026200
2016-10-27,1.1284,1.1353,1.1148,1.1353,2312600
2016-10-28,1.1353,1.1421,1.1284,1.1353,612400
2016-10-31,1.1421,1.1489,1.1284,1.1421,786100
2016-11-01,1.1421,1.1489,1.1353,1.1489,901300
2016-11-02,1.1421,1.1558,1.1421,1.1489,385500
2016-11-03,1.1353,1.1763,1.1353,1.1626,1660100
2016-11-04,1.1558,1.1558,1.1421,1.1489,359400
2016-11-07,1.1489,1.1489,1.1284,1.1353,1492100
2016-11-08,1.1489,1.1558,1.1284,1.1284,573900
2016-11-09,1.1353,1.1421,1.0669,1.1079,2219700
2016-11-10,1.1079,1.1421,1.1079,1.1421,784200
2016-11-11,1.1421,1.1421,1.1216,1.1353,641200
2016-11-14,1.1284,1.1353,1.1216,1.1216,2207000
2016-11-15,1.1284,1.1353,1.1216,1.1353,888800
2016-11-16,1.1353,1.1421,1.1148,1.1216,281100
2016-11-17,1.1284,1.1284,1.0942,1.1079,1826000
2016-11-18,1.1079,1.1079,1.0874,1.0874,1931100
2016-11-21,1.0874,1.1079,1.0806,1.1079,958000
2016-11-22,1.0942,1.1148,1.0874,1.1079,796400
2016-11-23,1.1148,1.1216,1.0942,1.1079,1076400
2016-11-24,1.1148,1.1284,1.1011,1.1079,250000
2016-11-25,1.1148,1.1216,1.1079,1.1079,42800
2016-11-28,1.1079,1.1148,1.1011,1.1148,378900
2016-11-29,1.1079,1.1216,1.1079,1.1079,238700
2016-11-30,1.1079,1.1148,1.1011,1.1148,877400
2016-12-01,1.1148,1.1216,1.1011,1.1148,651500
2016-12-02,1.1148,1.1216,1.1148,1.1148,794000
2016-12-05,1.1079,1.1216,1.1011,1.1216,471800
2016-12-06,1.1011,1.1148,1.1011,1.1079,634600
2016-12-07,1.1079,1.1216,1.1011,1.1216,1122200
2016-12-08,1.1216,1.1421,1.1148,1.1284,948500
2016-12-09,1.1421,1.1763,1.1353,1.1763,7664500
2016-12-13,1.1763,1.1763,1.1626,1.1626,990400
2016-12-14,1.1626,1.1626,1.1489,1.1489,436600
2016-12-15,1.1626,1.1626,1.1353,1.1421,199100
2016-12-16,1.1421,1.1626,1.1353,1.1421,1099200
2016-12-19,1.1421,1.1763,1.1421,1.1558,1122800
2016-12-20,1.1558,1.1695,1.1558,1.1626,2393500
2016-12-21,1.1558,1.1626,1.1558,1.1626,16300
2016-12-22,1.1626,1.1626,1.1626,1.1626,0
2016-12-23,1.1489,1.1626,1.1353,1.1489,125200
2016-12-27,1.1353,1.1489,1.1284,1.1421,450300
2016-12-28,1.1353,1.1558,1.1353,1.1421,111000
2016-12-29,1.1489,1.1626,1.1489,1.1558,1490300
2016-12-30,1.1626,1.1695,1.1489,1.1626,1681900
2017-01-02,1.1626,1.1626,1.1626,1.1626,0
2017-01-03,1.1695,1.1763,1.1558,1.1626,2108500
2017-01-04,1.1558,1.1626,1.1489,1.1489,1687400
2017-01-05,1.1489,1.1695,1.1489,1.1626,2660200
2017-01-06,1.1626,1.1695,1.1558,1.1558,2589800
2017-01-09,1.1558,1.1626,1.1489,1.1558,699100
2017-01-10,1.1558,1.1695,1.1489,1.1626,2204700
2017-01-11,1.1695,1.1695,1.1558,1.1558,3512200
2017-01-12,1.1558,1.1626,1.1558,1.1558,149900
2017-01-13,1.1626,1.1626,1.1489,1.1558,757400
2017-01-16,1.1489,1.1695,1.1489,1.1489,1282500
2017-01-17,1.1558,1.1626,1.1489,1.1489,2223700
2017-01-18,1.1421,1.1626,1.1421,1.1558,1129500
2017-01-19,1.1626,1.1626,1.1558,1.1558,122500
2017-01-20,1.1626,1.1695,1.1626,1.1626,168900
2017-01-23,1.1626,1.1695,1.1489,1.1695,1932500
2017-01-24,1.1695,1.1763,1.1558,1.1763,530100
2017-01-25,1.1763,1.1763,1.1626,1.1626,1728300
2017-01-26,1.1695,1.1763,1.1626,1.1763,395200
2017-01-27,1.1695,1.1763,1.1558,1.1558,283700
2017-01-31,1.1626,1.1626,1.1558,1.1626,1044800
2017-02-02,1.1558,1.1626,1.1489,1.1626,845600
2017-02-03,1.1626,1.1763,1.1626,1.1695,1218100
2017-02-06,1.1695,1.1763,1.1558,1.1695,1745100
2017-02-07,1.1626,1.2105,1.1626,1.2037,4086500
2017-02-08,1.2037,1.2173,1.1626,1.1695,2965400
2017-02-10,1.1763,1.1831,1.1695,1.1763,3382600
2017-02-13,1.1831,1.1831,1.1626,1.1763,3305800
2017-02-14,1.1763,1.1831,1.1695,1.1763,2642100
2017-02-15,1.1831,1.1831,1.1695,1.1763,1092400
2017-02-16,1.1763,1.1831,1.1695,1.1763,2044100
2017-02-17,1.1831,1.2105,1.1763,1.2105,1921400
2017-02-20,1.1968,1.2037,1.1831,1.1968,976900
2017-02-21,1.1968,1.2379,1.1831,1.2037,5173300
2017-02-22,1.2037,1.2242,1.19,1.2173,1202700
2017-02-23,1.2173,1.2379,1.2037,1.231,2553400
2017-02-24,1.2379,1.2379,1.1968,1.1968,3670900
2017-02-27,1.19,1.2173,1.1763,1.1968,2346200
2017-02-28,1.1968,1.2037,1.1831,1.1968,2621400
2017-03-01,1.19,1.19,1.1763,1.1763,1038700
2017-03-02,1.1763,1.1968,1.1626,1.1695,2657500
2017-03-03,1.1695,1.1695,1.1626,1.1626,1086200
2017-03-06,1.1626,1.1763,1.1626,1.1626,622600
2017-03-07,1.1695,1.1763,1.1626,1.1695,2060300
2017-03-08,1.1695,1.1763,1.1626,1.1695,1167200
2017-03-09,1.1695,1.1763,1.1626,1.1695,1154800
2017-03-10,1.1695,1.2037,1.1626,1.1968,1562800
2017-03-13,1.1968,1.2037,1.1831,1.1831,496100
2017-03-14,1.1968,1.2037,1.1695,1.1695,2728100
2017-03-15,1.1831,1.19,1.1763,1.1763,234300
2017-03-16,1.19,1.1968,1.1763,1.1831,576900
2017-03-17,1.19,1.2037,1.1831,1.2037,611200
2017-03-20,1.2037,1.2037,1.1831,1.1968,553600
2017-03-21,1.2142,1.2211,1.2003,1.2142,2861100
2017-03-22,1.2072,1.2211,1.1933,1.2211,730600
2017-03-23,1.2072,1.2489,1.2072,1.2419,3570500
2017-03-24,1.235,1.2558,1.228,1.2489,3760400
2017-03-27,1.2558,1.2627,1.228,1.235,3018900
2017-03-28,1.2419,1.2489,1.235,1.2489,159500
2017-03-29,1.2489,1.2489,1.2142,1.2142,4766400
2017-03-30,1.2211,1.2489,1.2211,1.2419,520600
2017-03-31,1.2419,1.2419,1.2211,1.2211,2284100
2017-04-03,1.2211,1.2419,1.2142,1.2211,223400
2017-04-04,1.2211,1.2627,1.2211,1.2489,1220000
2017-04-05,1.2558,1.2627,1.2419,1.2558,1536000
2017-04-06,1.2558,1.2905,1.2558,1.2766,1198700
2017-04-07,1.2766,1.2905,1.2766,1.2835,1078000
2017-04-10,1.2835,1.2974,1.2766,1.2766,819200
2017-04-11,1.2697,1.2835,1.2697,1.2766,1278700
2017-04-12,1.2766,1.2905,1.2766,1.2835,1249000
2017-04-13,1.2905,1.2905,1.2697,1.2835,2572700
2017-04-14,1.2697,1.2766,1.2627,1.2766,1697200
2017-04-17,1.2697,1.2766,1.2697,1.2766,58600
2017-04-18,1.2766,1.2835,1.2697,1.2835,164500
2017-04-19,1.2766,1.2835,1.2697,1.2766,2666300
2017-04-20,1.2835,1.2974,1.2835,1.2835,493800
2017-04-21,1.2905,1.3113,1.2905,1.2905,228500
2017-04-24,1.2974,1.2974,1.2974,1.2974,0
2017-04-25,1.2905,1.3876,1.2905,1.3876,1807300
2017-04-26,1.3737,1.3737,1.3599,1.3668,174500
2017-04-27,1.3737,1.3737,1.3182,1.3529,90600
2017-04-28,1.3599,1.4015,1.3599,1.3876,2330600
2017-05-02,1.4015,1.4362,1.3876,1.4362,981300
2017-05-03,1.4431,1.4431,1.4223,1.4292,868800
2017-05-04,1.4362,1.4362,1.3737,1.3876,3372200
2017-05-05,1.3737,1.3876,1.3737,1.3876,1516900
2017-05-08,1.3876,1.4778,1.3876,1.457,2387300
2017-05-09,1.457,1.4639,1.4362,1.4431,262100
2017-05-11,1.4431,1.4639,1.4223,1.4431,2018300
2017-05-12,1.4223,1.4292,1.4223,1.4223,86700
2017-05-15,1.4292,1.4292,1.4084,1.4223,1464800
2017-05-16,1.4223,1.4362,1.4154,1.4292,1559300
2017-05-17,1.4154,1.4431,1.4084,1.4154,1580900
2017-05-18,1.3946,1.4431,1.3946,1.4362,1841500
2017-05-19,1.4154,1.4292,1.4154,1.4223,1497000
2017-05-22,1.4154,1.4917,1.4154,1.4917,1467300
2017-05-23,1.4778,1.4778,1.4292,1.4292,1071700
2017-05-24,1.4362,1.4362,1.4223,1.4362,3893400
2017-05-25,1.4362,1.4431,1.4292,1.4362,522000
2017-05-26,1.4362,1.457,1.4223,1.457,1319800
2017-05-29,1.4501,1.4778,1.4362,1.4431,621600
2017-05-31,1.4431,1.457,1.4154,1.457,1792000
2017-06-01,1.4292,1.4362,1.4154,1.4154,882000
2017-06-02,1.4154,1.4431,1.4154,1.4431,473000
2017-06-05,1.4431,1.4431,1.4223,1.4292,205900
2017-06-06,1.4362,1.4501,1.4292,1.4362,204400
2017-06-07,1.4501,1.4501,1.4292,1.4362,81500
2017-06-08,1.4501,1.4501,1.4015,1.4084,657000
2017-06-09,1.4084,1.4084,1.3737,1.3876,1618700
2017-06-13,1.3876,1.3946,1.3737,1.3807,976600
2017-06-14,1.3876,1.4154,1.3807,1.3876,354900
2017-06-15,1.4154,1.4223,1.3807,1.3876,3174300
2017-06-16,1.4084,1.4223,1.3946,1.3946,2060700
2017-06-19,1.3946,1.4223,1.3599,1.3876,1212600
2017-06-20,1.3807,1.3876,1.3321,1.3737,1600400
2017-06-21,1.3876,1.3876,1.3668,1.3737,3417000
2017-06-22,1.3737,1.3876,1.3737,1.3876,1376400
2017-06-23,1.3876,1.4084,1.3807,1.4015,565700
2017-06-26,1.4084,1.4084,1.4084,1.4084,0
2017-06-27,1.4084,1.4084,1.4084,1.4084,0
2017-06-28,1.4084,1.4154,1.3876,1.4154,864600
2017-06-29,1.4154,1.4154,1.3946,1.4015,2207100
2017-06-30,1.4015,1.4015,1.3807,1.4015,1444100
2017-07-03,1.4015,1.4015,1.3876,1.4015,197900
2017-07-04,1.3807,1.4015,1.3737,1.3876,1861500
2017-07-05,1.3876,1.3946,1.3807,1.3876,2026800
2017-07-06,1.3807,1.4015,1.3807,1.3946,2564900
2017-07-07,1.4015,1.4154,1.3946,1.3946,359100
2017-07-10,1.4015,1.4154,1.3946,1.4015,1369400
2017-07-11,1.4015,1.4015,1.3946,1.4015,1723200
2017-07-12,1.4015,1.4084,1.3946,1.4015,1253800
2017-07-13,1.4084,1.4084,1.3807,1.3876,3111100
2017-07-14,1.3876,1.4015,1.3876,1.3946,2247600
2017-07-17,1.4015,1.4015,1.3876,1.3946,2646900
2017-07-18,1.4015,1.4015,1.3946,1.4015,1616800
2017-07-19,1.4015,1.4084,1.3946,1.4015,597700
2017-07-20,1.4015,1.4292,1.4015,1.4292,786900
2017-07-21,1.4292,1.4292,1.4154,1.4154,498700
2017-07-24,1.4223,1.4501,1.4223,1.4292,189000
2017-07-25,1.4431,1.4847,1.4431,1.4709,1578400
2017-07-26,1.4709,1.4709,1.4223,1.4223,702600
2017-07-27,1.4223,1.457,1.4223,1.4501,341000
2017-07-28,1.4362,1.4639,1.4362,1.457,233600
2017-07-31,1.4501,1.4778,1.4431,1.4778,585400
2017-08-01,1.4778,1.5125,1.4362,1.4709,3016400
2017-08-02,1.4986,1.5125,1.4639,1.4917,791200
2017-08-03,1.4917,1.4917,1.4639,1.4709,1574900
2017-08-04,1.4639,1.4847,1.4639,1.4709,467700
2017-08-07,1.4709,1.5264,1.4639,1.5125,1697200
2017-08-08,1.5125,1.5472,1.5125,1.5264,1674200
2017-08-09,1.5264,1.5264,1.5125,1.5194,725200
2017-08-10,1.5264,1.5264,1.4639,1.4847,2308200
2017-08-11,1.4778,1.4917,1.4084,1.4917,6927700
2017-08-14,1.4917,1.5056,1.4778,1.4847,176800
2017-08-15,1.4847,1.5403,1.4847,1.5264,3168500
2017-08-16,1.5472,1.5472,1.5125,1.5264,637800
2017-08-17,1.5264,1.6096,1.5264,1.5958,1684900
2017-08-18,1.5888,1.6582,1.5541,1.6166,837400
2017-08-21,1.6166,1.6721,1.6027,1.6374,2649900
2017-08-22,1.6374,1.6513,1.6166,1.6166,3543000
2017-08-23,1.6166,1.6304,1.5749,1.6096,507400
2017-08-24,1.5958,1.6304,1.5958,1.6096,136800
2017-08-25,1.6235,1.6304,1.6166,1.6235,2255400
2017-08-28,1.5888,1.6096,1.5611,1.5888,2078200
2017-08-29,1.5749,1.5749,1.5194,1.5264,3483400
2017-08-30,1.5264,1.5958,1.5264,1.5958,3006200
2017-08-31,1.5958,1.5958,1.5958,1.5958,0
2017-09-01,1.5958,1.5958,1.5958,1.5958,0
2017-09-04,1.5958,1.5958,1.5958,1.5958,0
2017-09-05,1.5958,1.5958,1.5472,1.5888,1866600
2017-09-06,1.5888,1.6443,1.568,1.5958,2181100
2017-09-07,1.5749,1.6027,1.5749,1.5819,4561500
2017-09-08,1.5819,1.6166,1.5819,1.5958,3499600
2017-09-11,1.6235,1.6443,1.5958,1.6027,1957200
2017-09-12,1.6027,1.6443,1.5958,1.6235,4115100
2017-09-13,1.6304,1.6443,1.6027,1.6027,2395200
2017-09-14,1.6097,1.6238,1.6097,1.6168,1884900
2017-09-15,1.6378,1.6449,1.5957,1.6308,3219500
2017-09-18,1.6308,1.6308,1.6097,1.6308,108000
2017-09-19,1.6308,1.6308,1.5816,1.6308,173100
2017-09-20,1.6308,1.6308,1.5746,1.5816,377100
2017-09-21,1.5816,1.5957,1.5324,1.5816,2367400
2017-09-22,1.5816,1.5816,1.5816,1.5816,0
2017-09-25,1.5816,1.6027,1.5816,1.5886,969900
2017-09-26,1.5886,1.5886,1.5394,1.5605,1616700
2017-09-27,1.5535,1.5746,1.5535,1.5676,630200
2017-09-28,1.5676,1.6168,1.5676,1.6168,674500
2017-09-29,1.6308,1.6308,1.5886,1.6027,521200
2017-10-02,1.5886,1.6097,1.5605,1.6097,188100
2017-10-03,1.5746,1.5957,1.5605,1.5886,3008800
2017-10-04,1.5816,1.5957,1.5816,1.5886,3139600
2017-10-05,1.5886,1.6589,1.5886,1.6168,2160300
2017-10-06,1.673,1.7081,1.6097,1.6097,4406800
2017-10-09,1.6308,1.6378,1.6097,1.6168,1708800
2017-10-10,1.6168,1.6168,1.6097,1.6168,701000
2017-10-11,1.6238,1.6449,1.6168,1.6308,1926000
2017-10-12,1.6238,1.6378,1.6168,1.6238,1203900
2017-10-13,1.6238,1.6378,1.6027,1.6238,3939300
2017-10-16,1.6238,1.6308,1.5957,1.5957,1723900
2017-10-17,1.6168,1.6308,1.6027,1.6168,2172300
2017-10-18,1.6168,1.6168,1.6168,1.6168,0
2017-10-19,1.6168,1.6168,1.5957,1.6168,2406600
2017-10-20,1.6168,1.6168,1.5957,1.6168,2652100
2017-10-23,1.6168,1.6308,1.5957,1.6027,459900
2017-10-24,1.6097,1.6238,1.5816,1.6027,1420600
2017-10-25,1.6097,1.6308,1.5886,1.6308,1604900
2017-10-26,1.6027,1.6308,1.5957,1.6097,1442500
2017-10-27,1.6168,1.6168,1.6027,1.6168,547500
2017-10-30,1.6238,1.6378,1.6097,1.6378,4140400
2017-10-31,1.6378,1.6378,1.6168,1.6168,1023200
2017-11-01,1.6168,1.6308,1.6027,1.6168,1071500
2017-11-02,1.6168,1.6308,1.6097,1.6308,621900
2017-11-03,1.6378,1.6449,1.6168,1.6449,1557200
2017-11-06,1.6378,1.6519,1.6238,1.6519,2518400
2017-11-07,1.6449,1.673,1.6238,1.6378,1395400
2017-11-08,1.6378,1.6519,1.6238,1.6449,649800
2017-11-09,1.6449,1.6589,1.6308,1.6519,835100
2017-11-10,1.6519,1.6941,1.6378,1.68,1623200
2017-11-13,1.68,1.68,1.6589,1.666,406300
2017-11-14,1.666,1.673,1.6308,1.673,645000
2017-11-15,1.68,1.68,1.6449,1.6519,2851000
2017-11-16,1.6519,1.687,1.6519,1.6519,511400
2017-11-17,1.6519,1.7081,1.6519,1.687,4083000
2017-11-20,1.687,1.7152,1.673,1.687,1407500
2017-11-21,1.68,1.7011,1.666,1.687,3080100
2017-11-22,1.7081,1.7081,1.68,1.687,4745600
2017-11-23,1.687,1.7011,1.673,1.687,1488800
2017-11-24,1.687,1.687,1.6449,1.687,814600
2017-11-27,1.687,1.687,1.6378,1.6519,842400
2017-11-28,1.666,1.666,1.6378,1.6519,1559000
2017-11-29,1.6519,1.687,1.6519,1.687,1039100
2017-11-30,1.68,1.6941,1.666,1.687,1199300
2017-12-01,1.687,1.687,1.687,1.687,0
2017-12-04,1.687,1.687,1.6589,1.673,157800
2017-12-05,1.666,1.68,1.6589,1.666,397600
2017-12-06,1.666,1.673,1.6378,1.6449,1192000
2017-12-07,1.6589,1.666,1.6449,1.6589,1664000
2017-12-08,1.6519,1.68,1.6378,1.68,464700
2017-12-11,1.68,1.6941,1.673,1.6941,2668800
2017-12-12,1.673,1.6941,1.6589,1.687,1495700
2017-12-13,1.68,1.6941,1.666,1.673,2425200
2017-12-14,1.68,1.687,1.6589,1.666,1889800
2017-12-15,1.666,1.687,1.6519,1.673,3127800
2017-12-18,1.68,1.687,1.6589,1.687,1555200
2017-12-19,1.687,1.687,1.6589,1.6589,1212400
2017-12-20,1.6589,1.6941,1.6589,1.6941,1958100
2017-12-21,1.6941,1.6941,1.673,1.687,1637500
2017-12-22,1.673,1.6941,1.673,1.6941,597600
2017-12-25,1.6941,1.6941,1.6941,1.6941,0
2017-12-26,1.6941,1.7011,1.687,1.6941,152100
2017-12-27,1.7011,1.7011,1.687,1.6941,854500
2017-12-28,1.687,1.7152,1.687,1.7152,1203600
2017-12-29,1.7152,1.7784,1.7152,1.7644,1546200
2018-01-02,1.7644,1.7644,1.7011,1.7292,572900
2018-01-03,1.7363,1.7644,1.7292,1.7644,1306600
2018-01-04,1.7573,1.7784,1.7433,1.7573,1058300
2018-01-05,1.7573,1.7784,1.7573,1.7714,817600
2018-01-08,1.7714,1.7925,1.7503,1.7714,3246900
2018-01-09,1.7784,1.8558,1.7784,1.8276,7154000
2018-01-10,1.8276,1.8347,1.8065,1.8206,2210800
2018-01-11,1.8206,1.8487,1.8206,1.8417,3275000
2018-01-12,1.8487,1.8558,1.8276,1.8417,2216200
2018-01-15,1.8558,1.8558,1.7995,1.8136,940800
2018-01-16,1.8065,1.8136,1.7784,1.7855,1517300
2018-01-17,1.8136,1.8136,1.7644,1.7714,2320400
2018-01-18,1.7644,1.8136,1.7222,1.7433,2344500
2018-01-19,1.7363,1.7573,1.7081,1.7433,1309600
2018-01-22,1.7433,1.7925,1.7222,1.7503,2823300
2018-01-23,1.7573,1.7573,1.7292,1.7433,322400
2018-01-24,1.7573,1.7644,1.7433,1.7433,320500
2018-01-25,1.7363,1.8417,1.7363,1.8206,4990000
2018-01-26,1.8206,1.8276,1.7855,1.8276,476600
2018-01-29,1.8136,1.8206,1.7855,1.7995,300400
2018-01-30,1.7995,1.8206,1.7714,1.7995,786600
2018-02-02,1.7995,1.7995,1.7784,1.7855,1354300
2018-02-05,1.7644,1.7855,1.7573,1.7784,891800
2018-02-06,1.7292,1.7644,1.7222,1.7644,3190500
2018-02-07,1.8065,1.8347,1.7503,1.7855,2547100
2018-02-08,1.7925,1.7995,1.7363,1.7784,1256400
2018-02-09,1.7714,1.7714,1.7503,1.7573,3476200
2018-02-12,1.7644,1.7714,1.7081,1.7081,3163200
2018-02-13,1.7152,1.7573,1.7081,1.7152,119600
2018-02-14,1.7152,1.7503,1.7081,1.7152,197500
2018-02-15,1.7152,1.7292,1.7011,1.7292,50800
2018-02-19,1.7152,1.7433,1.7152,1.7222,1058600
2018-02-20,1.7292,1.7433,1.7152,1.7152,361500
2018-02-21,1.7152,1.7433,1.7011,1.7081,294100
2018-02-22,1.7081,1.7081,1.6308,1.6589,2066800
2018-02-23,1.666,1.6941,1.666,1.687,1398800
2018-02-26,1.7011,1.7292,1.687,1.7292,946800
2018-02-27,1.7222,1.7222,1.673,1.687,1257200
2018-02-28,1.68,1.7081,1.6589,1.687,2753500
2018-03-01,1.6941,1.7011,1.6378,1.6519,1255100
2018-03-02,1.6378,1.6449,1.6238,1.6378,1717200
2018-03-05,1.6378,1.6378,1.5394,1.5394,3743900
2018-03-06,1.5676,1.5816,1.5394,1.5605,5191600
2018-03-07,1.5746,1.5746,1.5113,1.5183,1089200
2018-03-08,1.5183,1.5465,1.5183,1.5394,1239100
2018-03-09,1.5394,1.5394,1.4902,1.5043,3879700
2018-03-12,1.5043,1.5183,1.4973,1.5113,2142500
2018-03-13,1.5043,1.5183,1.4902,1.5113,478600
2018-03-14,1.5113,1.5746,1.4973,1.5465,577600
2018-03-15,1.5465,1.5465,1.4481,1.5043,4484300
2018-03-16,1.5043,1.5043,1.4762,1.4832,1854900
2018-03-19,1.4902,1.5043,1.4762,1.4902,310600
2018-03-20,1.4832,1.5254,1.4691,1.4973,1912000
2018-03-21,1.4973,1.5259,1.4901,1.4973,1713900
2018-03-22,1.4901,1.4901,1.4758,1.4829,1047100
2018-03-23,1.4686,1.5187,1.4543,1.5116,727200
2018-03-26,1.4829,1.4901,1.4614,1.4829,481000
2018-03-27,1.4901,1.4973,1.4614,1.4758,1835500
2018-03-28,1.4686,1.4686,1.4471,1.4471,986800
2018-03-29,1.4471,1.4901,1.397,1.4686,943700
2018-03-30,1.4686,1.4758,1.4471,1.4758,395000
2018-04-02,1.4686,1.4829,1.4686,1.4758,679000
2018-04-03,1.4399,1.4471,1.4113,1.4113,2036600
2018-04-04,1.4185,1.4614,1.4113,1.4256,2706400
2018-04-05,1.4185,1.4399,1.4185,1.4256,2938500
2018-04-06,1.4113,1.4471,1.4113,1.4471,2154000
2018-04-09,1.4113,1.4829,1.4113,1.4399,1368100
2018-04-10,1.4399,1.619,1.4399,1.6047,2778700
2018-04-11,1.6047,1.6764,1.6047,1.6477,2537700
2018-04-12,1.6477,1.6549,1.5904,1.5904,400400
2018-04-13,1.5904,1.5904,1.5402,1.5689,2226600
2018-04-16,1.5689,1.5689,1.5546,1.5546,66200
2018-04-17,1.5331,1.5761,1.5331,1.5689,555100
2018-04-18,1.5689,1.5832,1.5259,1.5617,771500
2018-04-19,1.5331,1.5761,1.5331,1.5689,398000
2018-04-20,1.5761,1.5904,1.5402,1.5689,586600
2018-04-23,1.5689,1.5689,1.5402,1.5402,88600
2018-04-24,1.5402,1.5617,1.5116,1.5116,2505800
2018-04-25,1.5044,1.5546,1.4829,1.5474,579000
2018-04-26,1.5546,1.5546,1.5187,1.5187,2605000
2018-04-27,1.5187,1.5331,1.5187,1.5187,15300
2018-04-30,1.5187,1.619,1.5187,1.6119,927900
2018-05-02,1.5761,1.619,1.5761,1.5904,545900
2018-05-03,1.5832,1.6119,1.5832,1.5832,479100
2018-05-04,1.5761,1.6477,1.5761,1.6477,3968100
2018-05-07,1.6334,1.6549,1.5976,1.6549,3407400
2018-05-08,1.6477,1.7265,1.6334,1.7122,6658300
2018-05-14,1.5761,1.5904,1.4614,1.5474,11553000
2018-05-15,1.5546,1.619,1.5546,1.6047,2865500
2018-05-16,1.5976,1.5976,1.5259,1.5402,2603800
2018-05-17,1.5259,1.5474,1.5259,1.5402,199800
2018-05-18,1.5474,1.5474,1.3826,1.4471,3750100
2018-05-21,1.4543,1.4543,1.4185,1.4185,3568600
2018-05-22,1.4328,1.4758,1.4256,1.4256,3185200
2018-05-23,1.4328,1.4399,1.4256,1.4256,787300
2018-05-24,1.4328,1.4543,1.4041,1.4185,2719400
2018-05-25,1.4256,1.4328,1.4256,1.4256,1558200
2018-05-28,1.4328,1.4471,1.4041,1.4185,777900
2018-05-30,1.4185,1.4185,1.4185,1.4185,0
2018-05-31,1.2537,1.2537,1.2537,1.2537,0
2018-06-01,1.2752,1.2752,1.2465,1.2537,4965500
2018-06-04,1.2537,1.3253,1.2537,1.2895,535300
2018-06-05,1.2895,1.311,1.2823,1.2895,1392600
2018-06-06,1.2895,1.354,1.2823,1.3253,1021500
2018-06-07,1.3468,1.3611,1.3253,1.3325,5037000
2018-06-08,1.3325,1.3755,1.311,1.3611,1986800
2018-06-11,1.3683,1.3755,1.3253,1.3683,564200
2018-06-12,1.3683,1.3755,1.3397,1.3611,466500
2018-06-13,1.354,1.4041,1.3397,1.397,748400
2018-06-14,1.4041,1.4041,1.3611,1.4041,509600
2018-06-18,1.3826,1.3826,1.3468,1.3683,1507300
2018-06-19,1.354,1.3683,1.3325,1.3397,272300
2018-06-20,1.3325,1.3683,1.3325,1.3611,178500
2018-06-21,1.3468,1.354,1.3253,1.3325,574800
2018-06-22,1.3325,1.3397,1.3182,1.3325,542600
2018-06-25,1.3468,1.3468,1.2967,1.3253,399900
2018-06-26,1.2967,1.3253,1.2967,1.2967,204400
2018-06-27,1.2967,1.3038,1.2895,1.2895,79700
2018-06-28,1.2895,1.2967,1.2752,1.2752,162300
2018-06-29,1.2752,1.2967,1.2752,1.2967,963800
2018-07-02,1.2967,1.2967,1.2752,1.2752,53900
2018-07-03,1.2895,1.2895,1.2823,1.2823,41800
2018-07-04,1.2895,1.3397,1.2895,1.3038,135400
2018-07-05,1.3325,1.3325,1.3182,1.3253,53200
2018-07-06,1.2967,1.3325,1.2967,1.2967,558600
2018-07-09,1.311,1.311,1.268,1.2895,120100
2018-07-10,1.2752,1.2823,1.268,1.268,126600
2018-07-11,1.268,1.2752,1.2608,1.268,584300
2018-07-12,1.268,1.2967,1.2394,1.2895,2448800
2018-07-13,1.3182,1.3397,1.311,1.3253,647200
2018-07-16,1.3253,1.3325,1.2967,1.3253,172700
2018-07-17,1.3182,1.3182,1.3038,1.311,762300
2018-07-18,1.3038,1.3182,1.2967,1.311,929900
2018-07-19,1.3182,1.4041,1.311,1.397,2558400
2018-07-20,1.3755,1.3826,1.3611,1.3611,710400
2018-07-23,1.3611,1.4041,1.3611,1.397,851000
2018-07-24,1.397,1.4185,1.3898,1.4041,2872300
2018-07-25,1.4185,1.4471,1.4041,1.4185,2268100
2018-07-26,1.4185,1.4185,1.3898,1.4113,2300600
2018-07-27,1.3898,1.4256,1.3898,1.4041,2543700
2018-07-30,1.4185,1.4185,1.3683,1.3683,1500300
2018-07-31,1.3826,1.3826,1.3611,1.3683,473400
2018-08-01,1.3826,1.3826,1.3611,1.3611,84200
2018-08-02,1.3683,1.3755,1.3611,1.3683,412200
2018-08-03,1.3611,1.3826,1.3611,1.3755,1083200
2018-08-06,1.3755,1.3826,1.354,1.3611,466600
2018-08-07,1.3826,1.4185,1.3611,1.3826,3674000
2018-08-08,1.397,1.4256,1.397,1.4185,288400
2018-08-09,1.4256,1.4328,1.4113,1.4256,1858700
2018-08-10,1.4256,1.4399,1.4185,1.4328,1409300
2018-08-13,1.4328,1.4758,1.4041,1.4328,2634200
2018-08-14,1.4328,1.4686,1.4328,1.4543,1300000
2018-08-15,1.4686,1.4901,1.4471,1.4471,1615200
2018-08-16,1.4471,1.4543,1.4399,1.4471,2672300
2018-08-17,1.4543,1.4543,1.4185,1.4256,5350900
2018-08-20,1.4185,1.4328,1.4113,1.4185,1426500
2018-08-21,1.4113,1.4256,1.397,1.397,5641900
2018-08-23,1.4041,1.4041,1.3611,1.3683,420800
2018-08-24,1.3683,1.3755,1.3468,1.3468,663500
2018-08-27,1.3468,1.3611,1.3397,1.3611,1636600
2018-08-28,1.3611,1.3683,1.354,1.3611,1767400
2018-08-29,1.354,1.3611,1.354,1.3611,185100
2018-08-30,1.3611,1.3826,1.3611,1.3755,341400
2018-09-03,1.3611,1.3611,1.3468,1.3468,353200
2018-09-04,1.3468,1.3468,1.3253,1.3397,1978900
2018-09-05,1.3652,1.3652,1.3141,1.3214,231800
2018-09-06,1.3214,1.3214,1.3068,1.3214,621900
2018-09-07,1.3141,1.3214,1.2849,1.2995,1098300
2018-09-12,1.2995,1.2995,1.2338,1.2776,694400
2018-09-13,1.2776,1.3214,1.263,1.3068,158700
2018-09-14,1.3141,1.3433,1.2776,1.2995,1256400
2018-09-18,1.2995,1.2995,1.2776,1.2849,903500
2018-09-19,1.2922,1.336,1.2849,1.2995,117700
2018-09-20,1.2995,1.2995,1.2776,1.2922,78300
2018-09-21,1.3214,1.336,1.2995,1.3287,283900
2018-09-24,1.3287,1.3287,1.3068,1.3214,64500
2018-09-25,1.3214,1.3214,1.3068,1.3068,38600
2018-09-26,1.3068,1.3141,1.3068,1.3141,4700
2018-09-27,1.2995,1.3287,1.2995,1.3141,134800
2018-09-28,1.3068,1.3287,1.3068,1.3287,388700
2018-10-01,1.3068,1.336,1.3068,1.3214,72000
2018-10-02,1.3141,1.3214,1.2922,1.3068,95300
2018-10-03,1.3068,1.3214,1.3068,1.3214,1964700
2018-10-04,1.3141,1.3141,1.2703,1.2776,870700
2018-10-05,1.2849,1.2849,1.2776,1.2776,2340600
2018-10-08,1.2776,1.2776,1.117,1.1389,5989100
2018-10-09,1.1462,1.1681,1.1316,1.1316,781600
2018-10-10,1.1535,1.1535,0.9637,1.0002,3523700
2018-10-11,0.9491,1.0659,0.9491,1.0659,3553200
2018-10-12,1.0513,1.0878,1.0367,1.044,1631000
2018-10-15,1.0513,1.0659,1.0075,1.0075,930600
2018-10-16,1.0075,1.0732,1.0075,1.0513,1249700
2018-10-17,1.0659,1.1024,1.0659,1.0805,1397700
2018-10-18,1.1024,1.1024,1.0805,1.0878,1142600
2018-10-19,1.0805,1.117,1.0732,1.1097,1885400
2018-10-22,1.117,1.117,1.0951,1.0951,478400
2018-10-23,1.0951,1.1024,1.0732,1.0951,706800
2018-10-24,1.0732,1.1097,1.0732,1.0951,661300
2018-10-25,1.0805,1.1097,1.0732,1.0951,488300
2018-10-26,1.1024,1.1389,1.0951,1.1097,2295800
2018-10-29,1.0951,1.0951,1.0586,1.0732,102000
2018-10-30,1.0805,1.1024,1.0367,1.1024,830000
2018-10-31,1.1024,1.1097,1.0586,1.0586,2066300
2018-11-01,1.0659,1.1243,1.0659,1.0878,1205900
2018-11-02,1.0951,1.1754,1.0951,1.1754,471600
2018-11-05,1.1681,1.2265,1.0951,1.19,489500
2018-11-07,1.19,1.2192,1.19,1.2119,294000
2018-11-08,1.2265,1.2265,1.19,1.19,366600
2018-11-09,1.1827,1.2192,1.1535,1.19,686100
2018-11-12,1.1681,1.1754,1.1316,1.1535,100100
2018-11-13,1.1535,1.1827,1.1316,1.1462,325300
2018-11-14,1.1608,1.1608,1.1097,1.117,1815300
2018-11-15,1.1316,1.1535,1.1097,1.1316,405900
2018-11-16,1.1535,1.1681,1.1535,1.1681,482200
2018-11-19,1.1535,1.1827,1.1535,1.1754,414300
2018-11-21,1.1754,1.1754,1.1462,1.1681,175200
2018-11-22,1.1608,1.1681,1.1535,1.1535,74700
2018-11-23,1.1535,1.1535,1.1024,1.1024,180200
2018-11-26,1.1024,1.1243,1.1024,1.1097,149900
2018-11-27,1.1097,1.1316,1.0951,1.117,398600
2018-11-28,1.117,1.1389,1.117,1.1389,297600
2018-11-29,1.117,1.1827,1.1097,1.1462,916900
2018-11-30,1.1243,1.1316,1.1243,1.1243,669700
2018-12-03,1.1316,1.1754,1.1097,1.1681,1923800
2018-12-04,1.1316,1.1754,1.1316,1.1462,1766300
2018-12-05,1.1316,1.1316,1.1024,1.1097,1006300
2018-12-06,1.1097,1.1097,1.0805,1.0878,684300
2018-12-07,1.0878,1.1097,1.0805,1.1097,189500
2018-12-10,1.1024,1.1097,1.0878,1.1024,866300
2018-12-11,1.1024,1.1024,1.044,1.0586,462600
2018-12-12,1.0586,1.0659,1.0221,1.0221,231200
2018-12-13,1.0367,1.0513,1.0294,1.0367,33200
2018-12-14,1.0367,1.0367,1.0221,1.0221,44200
2018-12-17,1.0221,1.0221,1.0075,1.0221,136600
2018-12-18,1.0148,1.0148,0.971,0.9783,206600
2018-12-19,0.9856,1.0075,0.971,0.9929,180200
2018-12-20,0.9929,0.9929,0.9637,0.9637,181100
2018-12-21,0.9637,0.9783,0.9491,0.9564,248900
2018-12-24,0.9564,0.9929,0.9564,0.9783,41400
2018-12-26,0.9783,0.9783,0.971,0.971,157400
2018-12-27,0.9929,1.0002,0.9783,1.0002,1143100
2018-12-28,1.0075,1.0075,0.9783,0.9856,1633000
2018-12-31,0.9783,0.9856,0.971,0.971,1425400
2019-01-02,0.971,0.971,0.9637,0.9637,105100
2019-01-03,0.971,1.0367,0.971,1.0148,270100
2019-01-04,1.0148,1.0732,1.0148,1.0513,160700
2019-01-07,1.0878,1.1024,1.0878,1.0951,509900
2019-01-08,1.1024,1.1024,1.0805,1.0805,456400
2019-01-09,1.0732,1.1024,1.0732,1.0878,283100
2019-01-10,1.1024,1.1024,1.0878,1.0951,149600
2019-01-11,1.1024,1.1316,1.0951,1.1097,1117600
2019-01-14,1.1024,1.117,1.0951,1.1097,75000
2019-01-15,1.1024,1.1097,1.0951,1.0951,383800
2019-01-16,1.0951,1.1243,1.0951,1.1243,616100
2019-01-17,1.1316,1.1608,1.1243,1.1535,1284300
2019-01-18,1.1608,1.1608,1.1462,1.1535,706400
2019-01-22,1.1535,1.1681,1.1316,1.1462,308300
2019-01-23,1.1316,1.1316,1.117,1.1316,753300
2019-01-24,1.1024,1.1535,1.1024,1.1462,1095300
2019-01-25,1.1462,1.1608,1.1389,1.1535,470900
2019-01-28,1.1389,1.1681,1.1316,1.1462,800100
2019-01-29,1.1608,1.1608,1.1316,1.1462,76200
2019-01-30,1.1462,1.1535,1.1462,1.1462,40700
2019-01-31,1.1462,1.1608,1.1389,1.1389,559200
2019-02-04,1.1389,1.1608,1.1389,1.1535,24100
2019-02-07,1.1535,1.1681,1.1535,1.1608,1065900
2019-02-08,1.1681,1.1681,1.1389,1.1535,42400
2019-02-11,1.1462,1.1535,1.1389,1.1535,65200
2019-02-12,1.1462,1.1535,1.1389,1.1389,4147700
2019-02-13,1.1389,1.1535,1.1389,1.1462,3440600
2019-02-14,1.1462,1.1462,1.1243,1.1316,5220500
2019-02-15,1.1389,1.1535,1.1389,1.1462,2121800
2019-02-18,1.1462,1.1681,1.1462,1.1608,788600
2019-02-19,1.1535,1.2484,1.1535,1.2119,5952500
2019-02-20,1.2265,1.3068,1.2265,1.2849,3782100
2019-02-21,1.2922,1.2922,1.2557,1.2922,2052400
2019-02-22,1.2922,1.2922,1.263,1.2776,574900
2019-02-25,1.2703,1.2776,1.2557,1.263,217900
2019-02-26,1.2849,1.3068,1.2484,1.2849,1436700
2019-02-27,1.3068,1.3068,1.2703,1.2922,1405500
2019-02-28,1.2922,1.2922,1.2703,1.2703,277500
2019-03-01,1.2776,1.2922,1.263,1.2849,457100
2019-03-04,1.2776,1.2849,1.263,1.2776,1163800
2019-03-05,1.2776,1.2849,1.263,1.263,1775000
2019-03-06,1.263,1.3068,1.263,1.2995,776100
2019-03-07,1.2995,1.336,1.2849,1.2995,805600
2019-03-08,1.3068,1.3068,1.2849,1.2995,241500
2019-03-11,1.2922,1.3068,1.2922,1.3068,611100
2019-03-12,1.2922,1.3068,1.2922,1.2995,746900
2019-03-13,1.2995,1.3579,1.2995,1.3433,887300
2019-03-14,1.3287,1.3506,1.3287,1.3433,893300
2019-03-15,1.3433,1.3579,1.3141,1.3579,1333700
2019-03-18,1.3506,1.3652,1.336,1.3506,261400
2019-03-19,1.3506,1.3579,1.336,1.3506,480100
2019-03-20,1.3543,1.3543,1.3246,1.332,297400
2019-03-21,1.3469,1.3766,1.3469,1.3543,531600
2019-03-22,1.3394,1.3618,1.3394,1.3543,1182800
2019-03-25,1.3394,1.3618,1.3246,1.3618,688200
2019-03-26,1.3692,1.3915,1.3543,1.3766,1094600
2019-03-27,1.3766,1.4362,1.3766,1.399,1302300
2019-03-28,1.399,1.4213,1.3915,1.4064,210700
2019-03-29,1.4139,1.4436,1.4064,1.4213,3034700
2019-04-01,1.4287,1.4436,1.399,1.4436,151900
2019-04-02,1.4511,1.4734,1.4362,1.4436,1370700
2019-04-03,1.4436,1.4511,1.4139,1.4436,783100
2019-04-04,1.4436,1.4808,1.4362,1.4585,1706100
2019-04-05,1.4585,1.4808,1.4585,1.4585,168600
2019-04-08,1.4585,1.4883,1.4585,1.4808,452400
2019-04-09,1.4808,1.4883,1.4659,1.4734,206200
2019-04-10,1.4734,1.4734,1.4585,1.4585,702000
2019-04-11,1.4511,1.4957,1.4139,1.4957,3883500
2019-04-12,1.4808,1.4808,1.4362,1.4362,1595000
2019-04-15,1.4511,1.4659,1.4511,1.4585,1842000
2019-04-16,1.4659,1.4659,1.4436,1.4585,1279100
2019-04-17,1.4362,1.4734,1.4287,1.4585,784900
2019-04-18,1.4585,1.4883,1.4213,1.4734,671100
2019-04-19,1.4883,1.4883,1.4659,1.4883,425200
2019-04-22,1.4883,1.5552,1.4883,1.5404,2446100
2019-04-23,1.5478,1.5478,1.4883,1.4957,1007300
2019-04-24,1.5031,1.5404,1.5031,1.518,1346600
2019-04-25,1.5255,1.5404,1.518,1.518,461800
2019-04-26,1.5031,1.518,1.4883,1.5106,781400
2019-04-29,1.5106,1.518,1.4957,1.4957,2514400
2019-04-30,1.4883,1.518,1.4808,1.4883,1232500
2019-05-02,1.4883,1.4883,1.4734,1.4883,961500
2019-05-03,1.4883,1.4883,1.4808,1.4883,150700
2019-05-06,1.4883,1.4883,1.4511,1.4883,1186400
2019-05-07,1.4883,1.5552,1.4734,1.5255,693700
2019-05-08,1.5255,1.5329,1.518,1.518,114200
2019-05-09,1.518,1.518,1.4734,1.4734,77300
2019-05-10,1.4659,1.4659,1.4436,1.4511,1667000
2019-05-13,1.4511,1.4511,1.4213,1.4287,4663900
2019-05-14,1.4139,1.4287,1.3766,1.4139,3214600
2019-05-15,1.4139,1.4287,1.4139,1.4139,1865600
2019-05-16,1.4213,1.4659,1.4139,1.4436,507500
2019-05-17,1.4511,1.4511,1.3915,1.4139,775800
2019-05-21,1.399,1.4287,1.3766,1.4213,302900
2019-05-23,1.3766,1.4139,1.3766,1.399,239100
2019-05-24,1.3766,1.4139,1.3618,1.4139,893300
2019-05-27,1.4287,1.4362,1.399,1.4064,508300
2019-05-28,1.4139,1.4511,1.4064,1.4436,1358400
2019-05-29,1.4511,1.4585,1.4436,1.4436,284200
2019-05-30,1.4362,1.4883,1.4362,1.4808,253000
2019-05-31,1.4808,1.4808,1.4511,1.4585,43500
2019-06-03,1.4585,1.4659,1.4436,1.4585,907400
2019-06-04,1.4511,1.4511,1.4436,1.4511,878200
2019-06-05,1.4511,1.4511,1.4511,1.4511,0
2019-06-06,1.4511,1.4511,1.4511,1.4511,0
2019-06-07,1.4585,1.4659,1.4511,1.4659,135000
2019-06-10,1.4659,1.4808,1.4585,1.4659,346000
2019-06-11,1.4585,1.4957,1.4585,1.4883,1912000
2019-06-12,1.4957,1.5031,1.4883,1.4883,260900
2019-06-13,1.4883,1.4957,1.4808,1.4957,986000
2019-06-14,1.4734,1.5031,1.4734,1.5031,145000
2019-06-17,1.4883,1.4957,1.4511,1.4957,803700
2019-06-18,1.4659,1.4957,1.4659,1.4957,487400
2019-06-19,1.4883,1.4957,1.4808,1.4957,280900
2019-06-20,1.4883,1.5478,1.4808,1.5031,1345400
2019-06-21,1.4957,1.5329,1.4957,1.518,448800
2019-06-24,1.5106,1.5255,1.4957,1.5031,200500
2019-06-25,1.5031,1.5031,1.4957,1.5031,147200
2019-06-26,1.5031,1.518,1.5031,1.5031,102400
2019-06-27,1.5031,1.5255,1.5031,1.518,218700
2019-06-28,1.5329,1.5478,1.4808,1.4957,1013400
2019-07-01,1.5255,1.5776,1.518,1.5627,2063400
2019-07-02,1.5776,1.5999,1.5701,1.5776,654700
2019-07-03,1.585,1.5999,1.5627,1.5999,896200
2019-07-04,1.5999,1.5999,1.5701,1.5776,156300
2019-07-05,1.5701,1.5776,1.5627,1.5776,128800
2019-07-08,1.5627,1.585,1.5627,1.5776,1017600
2019-07-09,1.5701,1.585,1.5627,1.585,97400
2019-07-10,1.5776,1.585,1.5776,1.585,1467000
2019-07-11,1.5924,1.5924,1.585,1.5924,155300
2019-07-12,1.5924,1.6371,1.5924,1.6222,620100
2019-07-15,1.6297,1.6297,1.6073,1.6222,306500
2019-07-16,1.6073,1.6073,1.5999,1.6073,998600
2019-07-17,1.6073,1.6073,1.5701,1.5701,333900
2019-07-18,1.5924,1.5924,1.5627,1.5701,873600
2019-07-19,1.5701,1.5776,1.5627,1.5627,464300
2019-07-22,1.5627,1.5627,1.5478,1.5478,211800
2019-07-23,1.5404,1.5924,1.5404,1.5924,237600
2019-07-24,1.585,1.6073,1.585,1.5999,1100000
2019-07-25,1.5999,1.6297,1.5999,1.6148,4334300
2019-07-26,1.6148,1.6297,1.5999,1.6073,501800
2019-07-29,1.6371,1.6371,1.6148,1.6148,103900
2019-07-31,1.5999,1.6371,1.5999,1.6148,1032300
2019-08-01,1.6222,1.6222,1.5776,1.5924,493800
2019-08-02,1.5776,1.5924,1.5552,1.5552,414300
2019-08-05,1.5478,1.6297,1.5329,1.5627,187100
2019-08-06,1.5478,1.5478,1.4734,1.5404,2012800
2019-08-07,1.5552,1.5924,1.5552,1.585,172800
2019-08-08,1.5924,1.6073,1.5776,1.5924,255600
2019-08-09,1.5924,1.5924,1.5776,1.5776,221100
2019-08-13,1.5924,1.5924,1.5478,1.5627,453500
2019-08-14,1.5701,1.5701,1.5627,1.5627,2783800
2019-08-15,1.5478,1.5478,1.5031,1.5255,282700
2019-08-16,1.5552,1.5552,1.5329,1.5404,467200
2019-08-19,1.5478,1.5478,1.5031,1.5031,116800
2019-08-20,1.5329,1.5329,1.5031,1.5255,1503700
2019-08-21,1.5255,1.5329,1.5031,1.518,143700
2019-08-22,1.518,1.5255,1.518,1.5255,12400
2019-08-23,1.5106,1.5404,1.5106,1.5404,204600
2019-08-26,1.518,1.5329,1.4957,1.518,280700
2019-08-27,1.4957,1.5255,1.4883,1.4883,1782600
2019-08-28,1.4734,1.4883,1.4659,1.4883,100600
2019-08-29,1.4883,1.4883,1.4659,1.4883,626800
2019-08-30,1.4883,1.5106,1.4883,1.5106,92100
2019-09-03,1.4734,1.4957,1.4734,1.4883,941400
2019-09-04,1.4883,1.4883,1.4808,1.4883,172900
2019-09-05,1.4808,1.5031,1.4808,1.4883,1135600
2019-09-06,1.4957,1.5031,1.4883,1.4883,165000
2019-09-10,1.4883,1.4883,1.4659,1.4808,228500
2019-09-11,1.4808,1.5031,1.4808,1.4883,572300
2019-09-12,1.5072,1.5375,1.5072,1.5148,190600
2019-09-13,1.5148,1.5526,1.5148,1.5526,150700
2019-09-17,1.5148,1.5754,1.5148,1.5526,200400
2019-09-18,1.5602,1.5678,1.5375,1.5678,175400
2019-09-19,1.5602,1.5602,1.5526,1.5602,24500
2019-09-20,1.5678,1.5829,1.5451,1.5829,397200
2019-09-23,1.5754,1.5905,1.5602,1.5602,179200
2019-09-24,1.5602,1.5829,1.5299,1.5375,47500
2019-09-25,1.5299,1.5678,1.5223,1.5678,143800
2019-09-26,1.5526,1.5829,1.5299,1.5754,204500
2019-09-27,1.5754,1.5754,1.5526,1.5526,12300
2019-09-30,1.5526,1.5526,1.5451,1.5526,407400
2019-10-01,1.5451,1.5602,1.5375,1.5526,1732100
2019-10-02,1.5526,1.5829,1.5451,1.5526,370500
2019-10-03,1.5451,1.5526,1.5072,1.5072,1993400
2019-10-04,1.5072,1.5072,1.4618,1.4845,173100
2019-10-07,1.4693,1.5526,1.4618,1.5526,547300
2019-10-08,1.5375,1.5526,1.5299,1.5299,19200
2019-10-09,1.5148,1.5526,1.4769,1.4769,94700
2019-10-10,1.5148,1.5148,1.4845,1.4845,332500
2019-10-11,1.5148,1.5299,1.5148,1.5148,222000
2019-10-14,1.5375,1.5451,1.5223,1.5299,263300
2019-10-15,1.5072,1.5148,1.5072,1.5072,95200
2019-10-16,1.5072,1.5375,1.4845,1.5148,468900
2019-10-17,1.5148,1.5526,1.5148,1.5375,1424000
2019-10-18,1.5451,1.5451,1.4315,1.4315,5480100
2019-10-21,1.4466,1.5299,1.4239,1.5299,2882200
2019-10-22,1.4996,1.5148,1.4921,1.4996,61500
2019-10-23,1.5072,1.5072,1.4845,1.4921,244500
2019-10-24,1.4921,1.4996,1.4693,1.4769,199500
2019-10-25,1.4769,1.4845,1.4693,1.4769,71300
2019-10-29,1.4769,1.4996,1.4769,1.4845,171000
2019-10-30,1.4845,1.4845,1.4769,1.4769,41600
2019-10-31,1.4769,1.4921,1.4693,1.4769,25800
2019-11-01,1.4996,1.5072,1.4693,1.4693,36200
2019-11-04,1.4693,1.4769,1.4693,1.4693,19100
2019-11-05,1.4693,1.5072,1.4618,1.4845,82300
2019-11-06,1.4996,1.5148,1.4845,1.4921,252100
2019-11-07,1.4996,1.5072,1.4845,1.4845,58600
2019-11-08,1.4845,1.5148,1.4769,1.4921,240400
2019-11-11,1.5223,1.5223,1.4921,1.4996,54800
2019-11-12,1.5072,1.5072,1.4845,1.4845,33900
2019-11-13,1.4921,1.4921,1.4845,1.4921,14500
2019-11-14,1.5072,1.5072,1.4845,1.4921,43000
2019-11-15,1.4921,1.4921,1.4921,1.4921,88700
2019-11-18,1.4845,1.4921,1.4845,1.4845,704200
2019-11-19,1.4769,1.4996,1.4693,1.4996,43400
2019-11-20,1.5072,1.5072,1.4769,1.4921,21600
2019-11-21,1.4921,1.4921,1.4618,1.4618,46300
2019-11-22,1.4845,1.4845,1.4466,1.4769,16600
2019-11-25,1.4466,1.4769,1.4466,1.4769,61100
2019-11-26,1.4466,1.4769,1.4466,1.4769,22000
2019-11-27,1.4769,1.4769,1.4466,1.4542,97700
2019-11-28,1.4542,1.4542,1.4315,1.4315,199800
2019-11-29,1.4239,1.439,1.3784,1.3784,153000
2019-12-02,1.3784,1.386,1.3784,1.386,39500
2019-12-03,1.3784,1.3784,1.3481,1.3784,1186400
2019-12-04,1.3709,1.3709,1.3481,1.3709,124500
2019-12-05,1.386,1.3936,1.3784,1.3936,425800
2019-12-06,1.3936,1.3936,1.3784,1.386,89900
2019-12-09,1.3709,1.3709,1.3633,1.3633,1570400
2019-12-10,1.3633,1.3709,1.3633,1.3709,29200
2019-12-11,1.3633,1.3709,1.3557,1.3633,41800
2019-12-12,1.3784,1.386,1.3709,1.386,73500
2019-12-13,1.386,1.4239,1.3784,1.4239,42500
2019-12-16,1.4012,1.4693,1.4012,1.4693,119000
2019-12-17,1.4769,1.4769,1.386,1.4315,553800
2019-12-18,1.4315,1.439,1.4239,1.4315,581500
2019-12-19,1.4315,1.4542,1.4239,1.4315,683200
2019-12-20,1.4163,1.4466,1.4087,1.4315,662800
2019-12-23,1.4315,1.4466,1.4315,1.4466,202500
2019-12-24,1.439,1.439,1.4163,1.4239,238300
2019-12-26,1.4163,1.4315,1.4163,1.4239,222700
2019-12-27,1.4239,1.4693,1.4163,1.4618,281700
2019-12-30,1.4618,1.4693,1.439,1.4542,184500
2019-12-31,1.4466,1.4618,1.439,1.4466,396900
2020-01-02,1.4693,1.4693,1.4163,1.4163,1505800
2020-01-03,1.4315,1.4466,1.4163,1.4163,338900
2020-01-06,1.4163,1.4163,1.4012,1.4087,282500
2020-01-07,1.4087,1.4239,1.4087,1.4163,257500
2020-01-08,1.4163,1.4163,1.3936,1.4087,676900
2020-01-09,1.4163,1.4163,1.4012,1.4087,1022800
2020-01-10,1.4163,1.4163,1.3936,1.4012,1698400
2020-01-13,1.4012,1.4012,1.3709,1.3709,742800
2020-01-14,1.3784,1.4012,1.3784,1.3784,248700
2020-01-15,1.386,1.4087,1.3784,1.4087,232700
2020-01-16,1.4087,1.4163,1.3784,1.4012,535800
2020-01-17,1.4087,1.4163,1.386,1.386,1157600
2020-01-20,1.3936,1.4163,1.3784,1.386,2662500
2020-01-21,1.386,1.3936,1.3784,1.3784,992500
2020-01-22,1.3784,1.3936,1.3784,1.386,805600
2020-01-23,1.386,1.3936,1.386,1.3936,145300
2020-01-24,1.3936,1.4087,1.3936,1.4087,5500
2020-01-28,1.3784,1.386,1.3633,1.3709,269900
2020-01-29,1.3633,1.3784,1.3633,1.3709,378100
2020-01-30,1.3709,1.3784,1.3709,1.3709,611400
2020-01-31,1.3709,1.3784,1.3633,1.3709,2142600
2020-02-03,1.3709,1.3709,1.3103,1.3557,229800
2020-02-04,1.3557,1.3936,1.3557,1.3936,248000
2020-02-05,1.4087,1.4315,1.4012,1.4315,1712300
2020-02-06,1.4239,1.4239,1.4012,1.4163,1441000
2020-02-07,1.4315,1.439,1.4012,1.4087,662500
2020-02-10,1.4012,1.4163,1.3709,1.4012,935100
2020-02-11,1.4012,1.4315,1.386,1.4315,565400
2020-02-12,1.4315,1.4542,1.4239,1.439,536000
2020-02-13,1.439,1.5451,1.4239,1.5148,2154700
2020-02-14,1.5148,1.5905,1.4845,1.5905,1336700
2020-02-17,1.5905,1.5905,1.5299,1.5451,526400
2020-02-18,1.5451,1.5451,1.4542,1.4921,1465000
2020-02-19,1.4996,1.5072,1.4921,1.4996,1508800
2020-02-20,1.4996,1.4996,1.4845,1.4845,599200
2020-02-21,1.4921,1.4921,1.4693,1.4769,1092800
2020-02-24,1.4618,1.4769,1.3633,1.439,3142400
2020-02-25,1.3784,1.4769,1.3784,1.4163,1507900
2020-02-26,1.4163,1.439,1.4087,1.439,189900
2020-02-27,1.439,1.439,1.3936,1.4087,256000
2020-02-28,1.3936,1.4315,1.3784,1.4163,1175200
2020-03-02,1.4163,1.4163,1.3254,1.3406,1176500
2020-03-03,1.3481,1.4163,1.3481,1.4163,2037600
2020-03-04,1.3936,1.3936,1.3709,1.3784,1235000
2020-03-05,1.3784,1.4087,1.3784,1.4087,1967100
2020-03-06,1.4163,1.4163,1.386,1.4087,578600
2020-03-09,1.4087,1.4087,1.3254,1.3633,942000
2020-03-10,1.3254,1.3784,1.3103,1.3784,383000
2020-03-11,1.4012,1.4315,1.3784,1.4315,488400
2020-03-12,1.3967,1.4199,1.3967,1.4122,1761700
2020-03-13,1.4122,1.4122,1.4122,1.4122,0
2020-03-16,1.3119,1.3196,1.1575,1.1807,1179900
2020-03-17,1.0803,1.1575,1.0032,1.1266,1340800
2020-03-18,1.1344,1.1344,1.0803,1.0803,393900
2020-03-19,1.0572,1.0572,0.9646,0.9955,566500
2020-03-20,0.9646,1.0726,0.9646,1.0649,262400
2020-03-23,1.0495,1.0495,0.9723,0.9955,1228500
2020-03-24,0.9955,1.0649,0.9955,1.0418,96800
2020-03-25,1.0881,1.2347,1.0726,1.1498,592500
2020-03-26,1.1421,1.1884,1.1421,1.1575,433600
2020-03-27,1.2193,1.2733,1.1884,1.1961,2397000
2020-03-30,1.1961,1.1961,1.1421,1.1575,534000
2020-03-31,1.1652,1.1884,1.1498,1.1652,579200
2020-04-01,1.1575,1.2038,1.1575,1.2038,889800
2020-04-02,1.1961,1.2193,1.1961,1.2193,111800
2020-04-03,1.2115,1.2347,1.2115,1.2193,92600
2020-04-06,1.2193,1.2578,1.2193,1.2501,169000
2020-04-07,1.2656,1.3119,1.2656,1.281,598200
2020-04-08,1.2964,1.2964,1.2733,1.2733,1289600
2020-04-09,1.2733,1.3119,1.2733,1.2887,603600
2020-04-10,1.2887,1.3041,1.2578,1.281,806900
2020-04-13,1.281,1.3041,1.2347,1.2424,1408500
2020-04-14,1.2578,1.281,1.2578,1.2733,153200
2020-04-15,1.281,1.3582,1.281,1.3504,881000
2020-04-16,1.3582,1.4662,1.335,1.389,1419500
2020-04-17,1.3967,1.4276,1.3736,1.3736,889800
2020-04-20,1.389,1.4045,1.3813,1.389,862400
2020-04-21,1.3813,1.3813,1.3273,1.3582,1672300
2020-04-22,1.3582,1.3813,1.335,1.3582,1008800
2020-04-23,1.3813,1.3967,1.3427,1.3582,1809100
2020-04-24,1.3659,1.4353,1.3659,1.389,2388200
2020-04-27,1.3967,1.443,1.3967,1.4199,556000
2020-04-28,1.443,1.4508,1.4276,1.443,155600
2020-04-29,1.443,1.4662,1.4353,1.4353,431900
2020-04-30,1.443,1.4585,1.443,1.443,216100
2020-05-04,1.443,1.443,1.4122,1.4122,380800
2020-05-05,1.4122,1.4353,1.4122,1.4122,200400
2020-05-06,1.4199,1.4276,1.3736,1.389,125500
2020-05-08,1.389,1.4508,1.389,1.3967,86800
2020-05-12,1.4045,1.4122,1.3967,1.3967,16800
2020-05-13,1.3967,1.443,1.3967,1.3967,22000
2020-05-14,1.4353,1.443,1.389,1.443,395600
2020-05-15,1.3967,1.443,1.3967,1.4276,11900
2020-05-18,1.4276,1.4662,1.4122,1.4353,349600
2020-05-19,1.4353,1.4971,1.4353,1.4739,607800
2020-05-20,1.5048,1.5048,1.4893,1.4971,1448400
2020-05-21,1.4971,1.5434,1.4971,1.5125,946600
2020-05-22,1.4816,1.4893,1.4585,1.4816,883200
2020-05-27,1.4662,1.5202,1.4508,1.5048,274400
2020-05-28,1.4662,1.5356,1.4662,1.5202,2649500
2020-05-29,1.5202,1.5202,1.4508,1.4508,1398000
2020-06-02,1.4508,1.4508,1.4508,1.4508,0
2020-06-03,1.4971,1.4971,1.4508,1.4508,826100
2020-06-04,1.4662,1.5048,1.4662,1.4971,1660400
2020-06-05,1.4971,1.4971,1.4585,1.4662,273500
2020-06-09,1.4739,1.5048,1.4739,1.4893,232600
2020-06-10,1.5048,1.5048,1.4585,1.4585,173800
2020-06-11,1.4508,1.4816,1.4353,1.4585,1079100
2020-06-12,1.4276,1.4662,1.4122,1.4662,97000
2020-06-15,1.443,1.4662,1.4045,1.4585,322500
2020-06-16,1.4199,1.4662,1.4199,1.4662,106800
2020-06-17,1.4662,1.4662,1.4662,1.4662,0
2020-06-18,1.4276,1.4276,1.4276,1.4276,100
2020-06-19,1.4122,1.4816,1.4122,1.4816,309500
2020-06-22,1.4816,1.4816,1.443,1.4585,25700
2020-06-23,1.4739,1.4739,1.443,1.4585,13800
2020-06-24,1.443,1.4662,1.443,1.4585,9500
2020-06-25,1.4585,1.4816,1.4508,1.4816,125500
2020-06-26,1.4816,1.4816,1.4508,1.4739,67700
2020-06-29,1.4508,1.4508,1.4353,1.443,17400
2020-06-30,1.4585,1.4585,1.4508,1.4508,96000
2020-07-01,1.4353,1.4662,1.4353,1.4508,531900
2020-07-02,1.4662,1.4662,1.443,1.4508,2565100
2020-07-03,1.4508,1.4816,1.4353,1.4508,532400
2020-07-06,1.443,1.4662,1.443,1.4508,25900
2020-07-07,1.4662,1.4662,1.4508,1.4508,6100
2020-07-08,1.443,1.4508,1.443,1.443,518400
2020-07-09,1.443,1.4585,1.4353,1.4353,182700
2020-07-10,1.4353,1.4893,1.4353,1.4816,1755000
2020-07-13,1.5048,1.5048,1.4585,1.5048,2694700
2020-07-14,1.4816,1.5048,1.4353,1.5048,281600
2020-07-15,1.5125,1.5279,1.4971,1.5202,1889300
2020-07-16,1.5356,1.5356,1.5279,1.5356,326500
2020-07-17,1.5279,1.5356,1.5202,1.5356,2424000
2020-07-20,1.5356,1.5356,1.5125,1.5279,195400
2020-07-21,1.5125,1.5356,1.5125,1.5356,50800
2020-07-22,1.5434,1.5434,1.5279,1.5279,101600
2020-07-23,1.5279,1.5356,1.4585,1.5356,286700
2020-07-24,1.4893,1.5434,1.4893,1.5434,958000
2020-07-27,1.4739,1.5279,1.4739,1.4893,93400
2020-07-28,1.4893,1.5048,1.4816,1.4816,1089500
2020-07-29,1.4816,1.5125,1.4816,1.4971,574400
2020-07-30,1.5048,1.5434,1.4662,1.4662,2113600
2020-08-03,1.5048,1.5511,1.4508,1.4585,4579800
2020-08-04,1.4662,1.4739,1.4585,1.4739,81200
2020-08-05,1.4739,1.4739,1.4585,1.4662,276300
2020-08-06,1.4585,1.4585,1.4508,1.4508,51100
2020-08-07,1.4508,1.4662,1.4508,1.4508,70200
2020-08-10,1.4508,1.4508,1.4276,1.4353,250200
2020-08-11,1.4276,1.4276,1.4199,1.4199,59300
2020-08-12,1.4199,1.4585,1.3119,1.3582,509500
2020-08-13,1.3736,1.4045,1.3736,1.3967,179500
2020-08-14,1.389,1.389,1.3736,1.389,60600
2020-08-17,1.3967,1.4122,1.3813,1.389,101100
2020-08-18,1.3967,1.4045,1.3736,1.3813,73000
2020-08-19,1.389,1.3967,1.3813,1.389,75900
2020-08-21,1.4199,1.4508,1.4199,1.4276,112700
2020-08-24,1.4353,1.4353,1.4199,1.4276,547500
2020-08-25,1.4276,1.443,1.4276,1.443,40000
2020-08-26,1.443,1.4816,1.4353,1.4816,121900
2020-08-27,1.4816,1.4893,1.4816,1.4893,119600
2020-08-28,1.4816,1.5279,1.4739,1.5279,1250200
2020-09-01,1.5279,1.5279,1.4739,1.4816,788600
2020-09-02,1.4662,1.4739,1.4276,1.4585,307600
2020-09-03,1.4585,1.4585,1.4353,1.4585,13900
2020-09-04,1.4585,1.4585,1.4353,1.4508,18600
2020-09-07,1.4508,1.4585,1.4276,1.4585,20500
2020-09-08,1.4585,1.4585,1.4353,1.443,518600
2020-09-09,1.4527,1.4527,1.3984,1.445,278100
2020-09-10,1.445,1.5149,1.445,1.4527,392600
2020-09-11,1.4294,1.445,1.4294,1.445,5300
2020-09-14,1.3984,1.4294,1.3984,1.4294,42400
2020-09-15,1.4372,1.4605,1.4217,1.4527,39000
2020-09-17,1.4527,1.4761,1.445,1.445,58400
2020-09-18,1.4294,1.4294,1.3984,1.3984,104900
2020-09-21,1.4139,1.4605,1.3984,1.4605,92800
2020-09-22,1.4605,1.4605,1.4139,1.4372,8200
2020-09-23,1.4061,1.4372,1.4061,1.4217,15600
2020-09-24,1.3984,1.3984,1.3828,1.3984,2379500
2020-09-25,1.3673,1.3984,1.3673,1.3828,1358700
2020-09-28,1.3828,1.4061,1.3828,1.3828,33200
2020-09-29,1.3828,1.4372,1.3828,1.4294,28200
2020-09-30,1.4217,1.445,1.4217,1.4294,320800
2020-10-01,1.4605,1.4761,1.4217,1.4294,282100
2020-10-02,1.445,1.4761,1.445,1.4605,328400
2020-10-05,1.4683,1.4761,1.445,1.4605,102700
2020-10-06,1.4605,1.4683,1.4294,1.4372,102900
2020-10-07,1.4372,1.445,1.3828,1.3984,208300
2020-10-08,1.4139,1.4372,1.4139,1.4372,96300
2020-10-09,1.4372,1.4761,1.4372,1.4683,83200
2020-10-12,1.4372,1.4683,1.4372,1.445,26600
2020-10-13,1.445,1.4761,1.445,1.445,38200
2020-10-14,1.445,1.4527,1.4372,1.445,933100
2020-10-15,1.445,1.4605,1.445,1.4527,357900
2020-10-16,1.4217,1.4605,1.4139,1.4372,65000
2020-10-19,1.4372,1.4372,1.4139,1.4372,1341700
2020-10-20,1.4294,1.4294,1.3984,1.4294,168500
2020-10-21,1.3984,1.4294,1.3828,1.3984,1060100
2020-10-22,1.3984,1.4294,1.3984,1.3984,58600
2020-10-23,1.3984,1.3984,1.3751,1.3828,144600
2020-10-26,1.3828,1.3906,1.3751,1.3828,328000
2020-10-27,1.3828,1.4294,1.3828,1.4139,119600
2020-10-28,1.3828,1.4061,1.3828,1.4061,96000
2020-10-30,1.4372,1.4372,1.3906,1.4061,130700
2020-11-02,1.4061,1.4061,1.344,1.3673,179600
2020-11-03,1.3673,1.3828,1.3518,1.3518,103800
2020-11-04,1.3518,1.3984,1.3518,1.3673,284600
2020-11-05,1.4139,1.4139,1.3984,1.3984,242600
2020-11-06,1.3984,1.4605,1.3984,1.4139,654100
2020-11-09,1.4217,1.4372,1.3984,1.4061,220100
2020-11-10,1.3984,1.4372,1.3906,1.4372,67000
2020-11-11,1.4372,1.4372,1.3984,1.3984,434900
2020-11-12,1.3906,1.4294,1.3906,1.4061,109700
2020-11-13,1.4061,1.4294,1.3984,1.3984,117100
2020-11-16,1.3984,1.4294,1.3984,1.4294,75700
2020-11-17,1.4294,1.4372,1.4061,1.4372,228700
2020-11-18,1.4372,1.4372,1.4061,1.4294,37700
2020-11-19,1.4217,1.4217,1.4217,1.4217,6000
2020-11-20,1.4217,1.445,1.4217,1.445,123900
2020-11-23,1.4294,1.4994,1.4294,1.4994,171600
2020-11-24,1.4994,1.4994,1.4372,1.4683,670400
2020-11-25,1.4683,1.4683,1.4372,1.445,1052000
2020-11-26,1.445,1.5382,1.445,1.4916,383800
2020-11-27,1.4916,1.5071,1.4683,1.4761,91900
2020-11-30,1.4761,1.4838,1.4294,1.4294,111300
2020-12-01,1.445,1.4916,1.445,1.4761,211900
2020-12-02,1.4761,1.4916,1.4761,1.4916,986700
2020-12-03,1.4916,1.4916,1.445,1.4761,456100
2020-12-04,1.4761,1.4916,1.4761,1.4916,126700
2020-12-07,1.4916,1.5071,1.4605,1.5071,326100
2020-12-08,1.4916,1.4916,1.4605,1.4761,248600
2020-12-09,1.4605,1.4683,1.445,1.4683,346300
2020-12-10,1.4605,1.4683,1.445,1.4683,45700
2020-12-11,1.4683,1.4916,1.4683,1.4916,146300
2020-12-14,1.4916,1.4916,1.4683,1.4761,87300
2020-12-15,1.4683,1.4916,1.4605,1.4761,100300
2020-12-16,1.4761,1.4916,1.4683,1.4916,80100
2020-12-17,1.4761,1.4761,1.4605,1.4761,53900
2020-12-18,1.4838,1.4838,1.4683,1.4761,135600
2020-12-21,1.4605,1.5149,1.445,1.5071,272900
2020-12-22,1.5071,1.5071,1.4605,1.4605,12900
2020-12-23,1.4605,1.4838,1.4605,1.4761,110600
2020-12-24,1.4761,1.4994,1.4761,1.4761,147700
2020-12-28,1.4761,1.4994,1.4683,1.4994,131400
2020-12-29,1.4916,1.4994,1.4761,1.4761,691300
2020-12-30,1.4761,1.5537,1.4761,1.4916,712000
2020-12-31,1.4994,1.4994,1.4605,1.4605,934500
2021-01-04,1.4994,1.4994,1.4527,1.4605,104300
2021-01-05,1.4605,1.4916,1.445,1.4527,370400
2021-01-06,1.4527,1.4527,1.3751,1.3751,1133300
2021-01-07,1.3906,1.4294,1.3751,1.3984,952300
2021-01-08,1.3984,1.3984,1.3207,1.3207,571900
2021-01-11,1.3207,1.3828,1.3207,1.344,2489800
2021-01-12,1.3207,1.3595,1.2741,1.2741,1869800
2021-01-13,1.2818,1.3362,1.2818,1.3362,3323400
2021-01-14,1.344,1.344,1.3129,1.3284,1769300
2021-01-15,1.3207,1.3284,1.3051,1.3051,679100
2021-01-18,1.3051,1.3207,1.2741,1.3051,380200
2021-01-19,1.3051,1.3129,1.2974,1.3129,133700
2021-01-20,1.3129,1.3207,1.2896,1.3051,110900
2021-01-21,1.3051,1.3051,1.2896,1.2974,100400
2021-01-22,1.2974,1.2974,1.2741,1.2818,259800
2021-01-25,1.2818,1.2818,1.2741,1.2741,288100
2021-01-26,1.2818,1.2896,1.2663,1.2818,235400
2021-01-27,1.2818,1.2818,1.2197,1.2275,1293400
2021-01-29,1.2352,1.243,1.1964,1.1964,302200
2021-02-02,1.243,1.243,1.2041,1.2197,214800
2021-02-03,1.2197,1.243,1.1731,1.1886,757600
2021-02-04,1.2041,1.2119,1.1653,1.1731,1204200
2021-02-05,1.1808,1.1964,1.1731,1.1808,1253300
2021-02-08,1.1886,1.1964,1.1731,1.1731,1267700
2021-02-09,1.1808,1.1808,1.1653,1.1808,1624200
2021-02-10,1.1808,1.1886,1.1731,1.1886,488800
2021-02-11,1.1886,1.2041,1.1808,1.2041,252700
2021-02-15,1.2041,1.2352,1.1886,1.2119,3012800
2021-02-16,1.2119,1.243,1.2119,1.243,1546500
2021-02-17,1.243,1.243,1.2275,1.2275,550200
2021-02-18,1.243,1.243,1.2041,1.2197,759400
2021-02-19,1.2197,1.243,1.2119,1.243,2636600
2021-02-22,1.243,1.2585,1.243,1.2508,615100
2021-02-23,1.2508,1.3051,1.2508,1.2896,421200
2021-02-24,1.2974,1.3129,1.2741,1.2896,1072700
2021-02-25,1.2896,1.2896,1.2818,1.2896,499700
2021-02-26,1.2896,1.3051,1.2741,1.3051,765800
2021-03-01,1.3051,1.3051,1.2818,1.2974,351400
2021-03-02,1.2974,1.3362,1.2974,1.2974,1871000
2021-03-03,1.3051,1.3284,1.3051,1.3207,2105400
2021-03-04,1.3284,1.344,1.3129,1.3362,1490400
2021-03-05,1.3362,1.3984,1.3362,1.3673,440900
2021-03-08,1.3673,1.4061,1.3673,1.3828,1158600
2021-03-09,1.3828,1.3906,1.3595,1.3751,338600
2021-03-10,1.3751,1.3751,1.344,1.3673,1036900
2021-03-11,1.3673,1.3984,1.3673,1.3906,1219000
2021-03-12,1.4123,1.4202,1.3807,1.3886,353200
2021-03-15,1.3965,1.4123,1.365,1.3807,1419000
2021-03-16,1.3728,1.3886,1.3492,1.3728,1370600
2021-03-17,1.3807,1.3886,1.3413,1.3886,1896000
2021-03-18,1.3965,1.4044,1.3728,1.3965,1885200
2021-03-19,1.3886,1.4202,1.3807,1.4202,7380200
2021-03-22,1.436,1.4991,1.436,1.4517,1865500
2021-03-23,1.4596,1.4596,1.3965,1.4044,878600
2021-03-24,1.4123,1.4439,1.4123,1.436,689400
2021-03-25,1.4439,1.4439,1.4202,1.4281,172200
2021-03-26,1.436,1.4439,1.4202,1.4281,190600
2021-03-29,1.4281,1.4596,1.4202,1.436,440200
2021-03-30,1.436,1.436,1.4123,1.4202,179800
2021-03-31,1.4281,1.4281,1.4044,1.4202,815200
2021-04-01,1.436,1.4596,1.4123,1.4439,667000
2021-04-02,1.4517,1.4517,1.4281,1.4281,581400
2021-04-05,1.4439,1.4754,1.436,1.4439,1212100
2021-04-06,1.4517,1.4675,1.4439,1.4596,1358600
2021-04-07,1.4596,1.4596,1.436,1.4439,226000
2021-04-08,1.4439,1.4596,1.4439,1.4517,1258400
2021-04-09,1.4517,1.4675,1.436,1.4675,520600
2021-04-12,1.4596,1.4675,1.4517,1.4675,124500
2021-04-13,1.4675,1.4754,1.4675,1.4754,521900
2021-04-14,1.4596,1.4754,1.4596,1.4754,141600
2021-04-15,1.4596,1.4754,1.4517,1.4596,441000
2021-04-16,1.4596,1.4596,1.436,1.4439,215500
2021-04-19,1.436,1.4596,1.3886,1.4123,912500
2021-04-20,1.4123,1.4596,1.4123,1.4517,132800
2021-04-21,1.4202,1.436,1.4202,1.436,38300
2021-04-22,1.436,1.4439,1.4202,1.4202,170100
2021-04-23,1.4202,1.436,1.4123,1.4202,61200
2021-04-26,1.4123,1.4202,1.4044,1.4044,340200
2021-04-27,1.4044,1.4123,1.3728,1.3728,276200
2021-04-28,1.3728,1.3965,1.3728,1.3728,397800
2021-04-30,1.3728,1.3965,1.3728,1.3728,635800
2021-05-03,1.365,1.3728,1.3334,1.3334,850100
2021-05-04,1.3413,1.365,1.3413,1.3413,41600
2021-05-05,1.3413,1.3492,1.3255,1.3413,238300
2021-05-06,1.3334,1.3334,1.3176,1.3334,67600
2021-05-07,1.3334,1.3492,1.3334,1.3334,33300
2021-05-10,1.3334,1.3492,1.3255,1.3413,502200
2021-05-11,1.3255,1.3334,1.3097,1.3334,91600
2021-05-12,1.3334,1.3334,1.3255,1.3334,42700
2021-05-17,1.3255,1.3413,1.3255,1.3334,128000
2021-05-18,1.3334,1.3413,1.3255,1.3413,75500
2021-05-19,1.3413,1.3571,1.3255,1.3255,100900
2021-05-20,1.3255,1.3334,1.3018,1.3255,278700
2021-05-21,1.3176,1.3255,1.2703,1.2861,917700
2021-05-24,1.2861,1.3255,1.2782,1.3018,74700
2021-05-25,1.2939,1.3018,1.2861,1.2939,53200
2021-05-27,1.3018,1.3334,1.3018,1.3176,289900
2021-05-28,1.3176,1.3255,1.2861,1.2939,188200
2021-05-31,1.2703,1.3018,1.2624,1.2782,1544100
2021-06-01,1.2861,1.3176,1.2861,1.3018,54100
2021-06-02,1.3176,1.3334,1.3097,1.3334,69600
2021-06-03,1.3255,1.3334,1.3176,1.3255,46100
2021-06-04,1.3255,1.3334,1.3176,1.3255,39000
2021-06-08,1.3097,1.3413,1.3097,1.3334,146100
2021-06-09,1.3334,1.365,1.3334,1.3492,176200
2021-06-10,1.3413,1.3571,1.3334,1.3492,189100
2021-06-11,1.3492,1.3807,1.3413,1.3728,106800
2021-06-14,1.3728,1.3807,1.3413,1.3728,158700
2021-06-15,1.3807,1.3886,1.3571,1.3886,96500
2021-06-16,1.3807,1.3886,1.365,1.3886,67500
2021-06-17,1.3807,1.3886,1.3807,1.3807,116300
2021-06-18,1.3807,1.3886,1.365,1.3807,348200
2021-06-21,1.365,1.365,1.3413,1.3492,66800
2021-06-22,1.3413,1.3413,1.3334,1.3413,61400
2021-06-23,1.3492,1.365,1.3413,1.365,52500
2021-06-24,1.3728,1.3728,1.3334,1.3571,89400
2021-06-25,1.3571,1.3571,1.3255,1.3255,39800
2021-06-28,1.3255,1.3255,1.2861,1.3097,75800
2021-06-29,1.3097,1.3097,1.2939,1.2939,74300
2021-06-30,1.3255,1.3255,1.3097,1.3097,62000
2021-07-01,1.3097,1.3334,1.3097,1.3097,9200
2021-07-02,1.3334,1.3413,1.3018,1.3018,88400
2021-07-05,1.3018,1.3018,1.2624,1.2624,704800
2021-07-06,1.2624,1.3097,1.2624,1.3018,175500
2021-07-07,1.2939,1.3018,1.2782,1.2861,17700
2021-07-08,1.2703,1.2782,1.2387,1.2703,806100
2021-07-09,1.2703,1.2782,1.2229,1.2308,563400
2021-07-12,1.2387,1.2466,1.2229,1.2308,232700
2021-07-13,1.2308,1.2545,1.2308,1.2466,439300
2021-07-14,1.2466,1.2624,1.2466,1.2624,135500
2021-07-15,1.2624,1.3018,1.2624,1.3018,138000
2021-07-16,1.3018,1.3018,1.2545,1.2545,780700
2021-07-19,1.2861,1.2861,1.2703,1.2703,6300
2021-07-21,1.2624,1.2703,1.2624,1.2624,24600
2021-07-22,1.2624,1.2624,1.2545,1.2624,108300
2021-07-23,1.2545,1.2624,1.2545,1.2545,48500
2021-07-26,1.2545,1.2545,1.2466,1.2545,39000
2021-07-27,1.2545,1.2624,1.2466,1.2545,30300
2021-07-28,1.2545,1.2624,1.2466,1.2624,22100
2021-07-29,1.2545,1.2545,1.2466,1.2545,53000
2021-07-30,1.2466,1.2624,1.2466,1.2466,7100
2021-08-02,1.2466,1.2466,1.2308,1.2387,86700
2021-08-03,1.2624,1.2624,1.2229,1.2229,245300
2021-08-04,1.2308,1.2466,1.2229,1.2229,111900
2021-08-05,1.2229,1.2308,1.2229,1.2308,78700
2021-08-06,1.2466,1.2466,1.2308,1.2308,4300
2021-08-09,1.2308,1.2466,1.2229,1.2308,66300
2021-08-11,1.2308,1.2466,1.2229,1.2466,47100
2021-08-12,1.2466,1.2466,1.2229,1.2308,86600
2021-08-13,1.2308,1.2308,1.2229,1.2308,31600
2021-08-16,1.2308,1.2308,1.215,1.2229,94300
2021-08-17,1.2229,1.2545,1.2229,1.2466,46400
2021-08-18,1.2466,1.2545,1.2466,1.2466,20400
2021-08-19,1.2545,1.2545,1.2387,1.2466,63500
2021-08-20,1.2624,1.2782,1.2545,1.2703,118000
2021-08-23,1.2782,1.3018,1.2782,1.2939,165100
2021-08-24,1.2939,1.3255,1.2861,1.3176,111800
2021-08-25,1.3176,1.3334,1.3018,1.3176,202500
2021-08-26,1.3255,1.3413,1.3176,1.3334,171400
2021-08-27,1.3255,1.3334,1.3255,1.3255,86800
2021-08-30,1.3255,1.3255,1.2939,1.3255,367500
2021-09-01,1.3255,1.3255,1.3097,1.3255,34600
2021-09-02,1.3255,1.3255,1.3097,1.3176,63100
2021-09-03,1.3176,1.3334,1.3097,1.3255,988900
2021-09-06,1.3255,1.3255,1.3255,1.3255,12100
2021-09-07,1.3255,1.3334,1.3176,1.3255,987000
2021-09-08,1.3255,1.3334,1.3255,1.3334,78900
2021-09-09,1.3354,1.3433,1.3195,1.3354,204600
2021-09-10,1.3354,1.3354,1.3354,1.3354,69900
2021-09-13,1.3274,1.3274,1.3195,1.3195,53300
2021-09-14,1.3195,1.3354,1.3195,1.3195,38700
2021-09-15,1.3115,1.3195,1.3115,1.3195,20100
2021-09-17,1.3354,1.3354,1.3036,1.3195,58700
2021-09-20,1.3036,1.3036,1.2877,1.2877,83200
2021-09-21,1.2877,1.3115,1.2718,1.2956,12600
2021-09-22,1.3036,1.3036,1.2638,1.2638,186600
2021-09-23,1.2718,1.3115,1.2718,1.3036,50800
2021-09-24,1.3036,1.3036,1.3036,1.3036,7500
2021-09-27,1.3036,1.3115,1.2956,1.3036,78000
2021-09-28,1.3036,1.3036,1.2956,1.2956,23900
2021-09-29,1.2877,1.3115,1.2877,1.2956,80200
2021-09-30,1.3036,1.3036,1.2877,1.2956,45100
2021-10-01,1.2956,1.2956,1.2797,1.2797,86200
2021-10-04,1.2797,1.2797,1.2162,1.2479,444500
2021-10-05,1.24,1.2559,1.2321,1.2479,244100
2021-10-06,1.2479,1.2479,1.2321,1.24,720600
2021-10-07,1.24,1.2638,1.2321,1.2321,396700
2021-10-08,1.24,1.2638,1.24,1.2638,154400
2021-10-11,1.2718,1.2877,1.2718,1.2797,244700
2021-10-12,1.2877,1.2877,1.2797,1.2797,110500
2021-10-13,1.2877,1.3274,1.2877,1.3115,1038200
2021-10-14,1.3115,1.3195,1.3115,1.3115,243000
2021-10-15,1.3115,1.3354,1.3115,1.3274,471600
2021-10-18,1.3274,1.3354,1.3274,1.3354,462400
2021-10-20,1.3354,1.3433,1.3354,1.3433,236000
2021-10-21,1.3354,1.3513,1.3274,1.3513,434100
2021-10-22,1.3354,1.3513,1.3354,1.3513,674400
2021-10-25,1.3354,1.3513,1.3354,1.3513,1212100
2021-10-26,1.3433,1.3672,1.3354,1.3513,898600
2021-10-27,1.3354,1.3513,1.3274,1.3354,95100
2021-10-28,1.3354,1.3354,1.3036,1.3115,141300
2021-10-29,1.3115,1.3115,1.2956,1.3036,247500
2021-11-01,1.2877,1.2877,1.2559,1.2638,294900
2021-11-02,1.2877,1.2877,1.2479,1.2559,190500
2021-11-03,1.2559,1.2956,1.2559,1.2956,452400
2021-11-05,1.2797,1.2956,1.2797,1.2956,4400
2021-11-08,1.2877,1.3115,1.2797,1.3036,113400
2021-11-09,1.3115,1.3115,1.2877,1.2877,101900
2021-11-10,1.3036,1.3036,1.2956,1.2956,41600
2021-11-11,1.2797,1.2877,1.2559,1.2638,184600
2021-11-12,1.2718,1.2718,1.2718,1.2718,31100
2021-11-15,1.2718,1.2718,1.2559,1.2559,37600
2021-11-16,1.2718,1.2797,1.2559,1.2797,76900
2021-11-17,1.2559,1.2638,1.2479,1.2479,70300
2021-11-18,1.2479,1.2559,1.24,1.24,146700
2021-11-19,1.2479,1.2479,1.2321,1.2321,654200
2021-11-22,1.24,1.2559,1.24,1.2479,169400
2021-11-23,1.2479,1.2559,1.24,1.2559,43200
2021-11-24,1.2559,1.2718,1.24,1.2718,36300
2021-11-25,1.24,1.2479,1.2321,1.24,216900
2021-11-26,1.24,1.2559,1.2321,1.2321,150300
2021-11-29,1.2321,1.2321,1.2162,1.2241,109000
2021-11-30,1.2321,1.3036,1.2321,1.3036,272200
2021-12-01,1.2797,1.2797,1.24,1.24,99700
2021-12-02,1.24,1.2479,1.2241,1.2241,161100
2021-12-06,1.24,1.24,1.2082,1.2162,644000
2021-12-07,1.2162,1.2162,1.2162,1.2162,100
2021-12-08,1.2241,1.24,1.2241,1.24,2700
2021-12-09,1.24,1.2479,1.2241,1.2479,20700
2021-12-10,1.2321,1.2321,1.2082,1.2162,211200
2021-12-13,1.2162,1.2162,1.2082,1.2162,464500
2021-12-14,1.2162,1.2162,1.2082,1.2082,33900
2021-12-15,1.2082,1.2241,1.2082,1.2162,378900
2021-12-16,1.2082,1.2162,1.2003,1.2082,46100
2021-12-17,1.2003,1.2162,1.1923,1.2082,386300
2021-12-20,1.2082,1.2082,1.2082,1.2082,7200
2021-12-21,1.2003,1.2003,1.2003,1.2003,8800
2021-12-22,1.2082,1.2082,1.2003,1.2003,5800
2021-12-23,1.2003,1.2162,1.2003,1.2162,21300
2021-12-24,1.2321,1.2321,1.2082,1.2082,43800
2021-12-27,1.2082,1.2321,1.2082,1.2162,6800
2021-12-28,1.2321,1.24,1.2321,1.2321,123200
2021-12-29,1.24,1.2479,1.24,1.24,41500
2021-12-30,1.24,1.2479,1.24,1.24,55100
2021-12-31,1.2479,1.2479,1.2321,1.24,36200
2022-01-03,1.24,1.24,1.2162,1.2162,108500
2022-01-04,1.2241,1.2241,1.2241,1.2241,151400
2022-01-05,1.2162,1.2321,1.2162,1.2321,102600
2022-01-06,1.2162,1.2162,1.2003,1.2082,191200
2022-01-07,1.2162,1.2241,1.2082,1.2162,889800
2022-01-10,1.2162,1.2162,1.2003,1.2003,135200
2022-01-11,1.2082,1.2082,1.1844,1.1844,402500
2022-01-12,1.1923,1.2003,1.1844,1.1844,345800
2022-01-13,1.1923,1.1923,1.1844,1.1923,688900
2022-01-14,1.1923,1.1923,1.1844,1.1923,311000
2022-01-17,1.1923,1.1923,1.1764,1.1844,286700
2022-01-19,1.1844,1.1844,1.1764,1.1764,129300
2022-01-20,1.1844,1.1923,1.1844,1.1923,16000
2022-01-21,1.1844,1.1844,1.1605,1.1605,136200
2022-01-24,1.1844,1.1923,1.1605,1.1923,203600
2022-01-25,1.1923,1.1923,1.1526,1.1526,114900
2022-01-26,1.1764,1.1764,1.1526,1.1605,49500
2022-01-27,1.1685,1.1764,1.1526,1.1764,20000
2022-01-28,1.1526,1.1685,1.1446,1.1526,945500
2022-01-31,1.1685,1.1764,1.1526,1.1526,58800
2022-02-03,1.1526,1.1764,1.1446,1.1526,106300
2022-02-04,1.1685,1.2003,1.1685,1.1764,105400
2022-02-07,1.2003,1.2003,1.1605,1.1923,323900
2022-02-08,1.1923,1.1923,1.1844,1.1923,65600
2022-02-09,1.1923,1.1923,1.1685,1.1844,131900
2022-02-10,1.1844,1.1923,1.1764,1.1844,61400
2022-02-11,1.1844,1.1923,1.1764,1.1923,70800
2022-02-14,1.1844,1.1923,1.1685,1.1685,445200
2022-02-15,1.1685,1.1844,1.1685,1.1844,29000
2022-02-16,1.1844,1.2003,1.1844,1.1923,184300
2022-02-17,1.2082,1.2082,1.1685,1.1764,1433900
2022-02-18,1.1923,1.2003,1.1764,1.1844,106900
2022-02-21,1.1923,1.1923,1.1764,1.1844,97900
2022-02-22,1.1923,1.1923,1.1526,1.1764,1018100
2022-02-23,1.1764,1.1923,1.1526,1.1764,329800
2022-02-24,1.2003,1.2162,1.1685,1.1685,942700
2022-02-25,1.1844,1.1923,1.1844,1.1923,1259300
2022-02-28,1.1923,1.2082,1.1923,1.2003,282200
2022-03-01,1.2082,1.24,1.1844,1.2082,1606200
2022-03-02,1.2321,1.2321,1.1844,1.1844,349500
2022-03-03,1.1844,1.2162,1.1844,1.2003,320800
2022-03-04,1.1923,1.2321,1.1923,1.2003,1162200
2022-03-07,1.2082,1.2082,1.1764,1.1844,165800
2022-03-08,1.1844,1.1923,1.1685,1.1923,745300
2022-03-09,1.1923,1.24,1.1844,1.24,428100
2022-03-10,1.2241,1.2321,1.2162,1.2241,16800
2022-03-11,1.2241,1.2559,1.2241,1.24,440900
2022-03-14,1.2645,1.2645,1.2482,1.2563,163700
2022-03-15,1.2482,1.2808,1.2482,1.2563,179800
2022-03-16,1.2482,1.3705,1.2482,1.3542,1530000
2022-03-17,1.3624,1.3868,1.3542,1.3705,1430100
2022-03-18,1.3787,1.3868,1.3542,1.3787,557800
2022-03-21,1.3787,1.395,1.3297,1.395,746800
2022-03-22,1.395,1.395,1.3868,1.395,242300
2022-03-23,1.395,1.395,1.3868,1.3868,1500600
2022-03-24,1.3787,1.4032,1.3787,1.3868,594900
2022-03-25,1.395,1.4032,1.3787,1.3868,149200
2022-03-28,1.3787,1.395,1.3705,1.3705,400300
2022-03-29,1.3787,1.395,1.3787,1.395,351500
2022-03-30,1.395,1.4032,1.3787,1.395,269600
2022-03-31,1.395,1.4032,1.3868,1.4032,275300
2022-04-01,1.395,1.4032,1.3542,1.3705,766200
2022-04-04,1.3787,1.395,1.3542,1.395,674500
2022-04-05,1.4032,1.4032,1.3868,1.4032,58800
2022-04-06,1.4032,1.4032,1.3787,1.395,73000
2022-04-07,1.3705,1.4032,1.3705,1.3868,66800
2022-04-08,1.3705,1.395,1.3705,1.395,156000
2022-04-11,1.395,1.4032,1.3624,1.3787,1522800
2022-04-12,1.3624,1.3868,1.3624,1.3705,1309400
2022-04-13,1.3705,1.395,1.3624,1.3787,828100
2022-04-14,1.3705,1.3868,1.3461,1.3868,385200
2022-04-15,1.3542,1.395,1.3542,1.395,244800
2022-04-18,1.395,1.4032,1.3787,1.3787,45200
2022-04-20,1.3787,1.395,1.3705,1.3868,52500
2022-04-21,1.3787,1.395,1.3624,1.395,149600
2022-04-22,1.3624,1.395,1.3624,1.3868,122100
2022-04-25,1.3624,1.3868,1.3542,1.3624,82100
2022-04-26,1.3624,1.3787,1.3624,1.3787,106100
2022-04-27,1.3705,1.395,1.3705,1.395,435300
2022-04-28,1.395,1.395,1.3868,1.395,274900
2022-04-29,1.3868,1.395,1.3787,1.3868,432600
2022-05-05,1.3705,1.3868,1.3705,1.3868,32500
2022-05-06,1.3624,1.3787,1.3624,1.3705,23500
2022-05-09,1.3705,1.3705,1.3461,1.3542,104900
2022-05-10,1.3542,1.3624,1.3053,1.3134,200000
2022-05-11,1.3053,1.3297,1.2971,1.3216,37100
2022-05-12,1.3134,1.3297,1.2808,1.2808,32700
2022-05-13,1.2808,1.3053,1.2645,1.2808,38700
2022-05-17,1.2808,1.2971,1.2726,1.2971,14500
2022-05-18,1.2808,1.2971,1.2808,1.2889,16300
2022-05-19,1.2889,1.3053,1.2808,1.3053,15300
2022-05-20,1.2726,1.3134,1.2726,1.3053,11300
2022-05-23,1.2889,1.3053,1.2726,1.2971,41600
2022-05-24,1.2971,1.2971,1.2726,1.2808,3100
2022-05-25,1.2726,1.2889,1.2726,1.2889,9300
2022-05-26,1.3053,1.3053,1.2645,1.2808,148400
2022-05-27,1.2808,1.3216,1.2808,1.3216,343200
2022-05-30,1.3216,1.4195,1.3216,1.4032,1226300
2022-05-31,1.4032,1.4032,1.3624,1.3787,527500
2022-06-01,1.3787,1.4032,1.3624,1.395,128300
2022-06-02,1.395,1.395,1.3868,1.3868,10800
2022-06-03,1.3868,1.3868,1.3705,1.3705,15000
2022-06-07,1.3868,1.3868,1.3542,1.3624,42000
2022-06-08,1.3705,1.3868,1.3705,1.3787,240700
2022-06-09,1.3624,1.3787,1.3624,1.3787,9300
2022-06-10,1.3705,1.3787,1.3379,1.3379,20700
2022-06-13,1.3297,1.3297,1.2889,1.3216,118400
2022-06-14,1.3134,1.3134,1.2645,1.2808,111700
2022-06-15,1.3053,1.3134,1.2726,1.2808,37700
2022-06-16,1.2971,1.2971,1.2726,1.2971,77400
2022-06-17,1.2645,1.2971,1.2645,1.2726,2500
2022-06-20,1.2726,1.2808,1.2482,1.2563,115000
2022-06-21,1.2563,1.2563,1.2237,1.2318,267100
2022-06-22,1.2318,1.24,1.2318,1.24,41400
2022-06-23,1.24,1.24,1.2237,1.2237,14100
2022-06-24,1.2074,1.2237,1.2074,1.2155,38100
2022-06-27,1.2237,1.2237,1.2155,1.2155,15000
2022-06-28,1.2237,1.2237,1.2155,1.2155,27300
2022-06-29,1.2237,1.2237,1.2155,1.2155,46500
2022-06-30,1.2155,1.2563,1.2074,1.2318,34900
2022-07-01,1.24,1.2482,1.2155,1.2155,4300
2022-07-04,1.2237,1.2237,1.2074,1.2074,62700
2022-07-05,1.2808,1.2971,1.1992,1.2155,20400
2022-07-06,1.2563,1.2563,1.2074,1.2155,10200
2022-07-07,1.2155,1.2563,1.2155,1.2563,11400
2022-07-08,1.24,1.2482,1.2155,1.2318,30800
2022-07-12,1.2318,1.2726,1.2155,1.2318,58400
2022-07-13,1.2318,1.2318,1.2318,1.2318,0
2022-07-14,1.2155,1.2237,1.2074,1.2074,81200
2022-07-15,1.2074,1.2482,1.1911,1.2482,60800
2022-07-18,1.2726,1.2726,1.1992,1.2563,139100
2022-07-19,1.2155,1.2155,1.2074,1.2074,32900
2022-07-20,1.2155,1.2237,1.2074,1.2155,15000
2022-07-21,1.2237,1.2237,1.2074,1.2237,59200
2022-07-22,1.2237,1.2237,1.2074,1.2074,73300
2022-07-25,1.2155,1.2237,1.2074,1.2237,19500
2022-07-26,1.2155,1.2318,1.2155,1.2155,35300
2022-07-27,1.2237,1.2237,1.2074,1.2155,66100
2022-07-28,1.2237,1.2563,1.2155,1.24,63000
2022-07-29,1.2237,1.2645,1.2237,1.2318,48900
2022-08-01,1.24,1.24,1.2237,1.2237,83900
2022-08-02,1.2237,1.2318,1.2074,1.2074,63800
2022-08-03,1.2074,1.2155,1.1992,1.2074,322800
2022-08-04,1.2237,1.24,1.2074,1.2237,83700
2022-08-05,1.2155,1.2318,1.2155,1.2237,41900
2022-08-08,1.2237,1.2318,1.2155,1.2237,33700
2022-08-09,1.2318,1.2482,1.2237,1.24,1109900
2022-08-10,1.2563,1.2563,1.24,1.24,15000
2022-08-11,1.2318,1.24,1.2318,1.2318,5400
2022-08-12,1.2318,1.2726,1.2237,1.2645,172700
2022-08-15,1.2318,1.2645,1.2318,1.2645,26600
2022-08-16,1.24,1.2482,1.24,1.24,12200
2022-08-17,1.2482,1.2645,1.24,1.2645,31200
2022-08-18,1.2726,1.3134,1.2645,1.3134,148800
2022-08-19,1.3053,1.3134,1.2726,1.3053,38700
2022-08-22,1.3053,1.3053,1.2808,1.2808,1400
2022-08-23,1.2808,1.2808,1.2645,1.2645,10800
2022-08-24,1.2726,1.2808,1.2645,1.2726,313400
2022-08-25,1.2726,1.3053,1.2645,1.3053,45600
2022-08-26,1.2808,1.2889,1.2808,1.2808,14200
2022-08-29,1.2645,1.2645,1.2563,1.2563,41000
2022-08-30,1.2645,1.2808,1.2645,1.2645,115200
2022-09-01,1.2726,1.2889,1.2726,1.2808,14900
2022-09-02,1.2726,1.2726,1.2645,1.2645,19500
2022-09-05,1.2645,1.2726,1.2482,1.2482,17600
2022-09-06,1.2482,1.2645,1.24,1.2563,192700
2022-09-07,1.2482,1.2726,1.2482,1.2726,2200
2022-09-08,1.2726,1.2726,1.2645,1.2726,10500
2022-09-09,1.2726,1.2726,1.2563,1.2563,47800
2022-09-12,1.2896,1.3062,1.2813,1.2979,1251100
2022-09-13,1.2979,1.2979,1.2896,1.2979,35200
2022-09-14,1.2813,1.2813,1.273,1.2813,181700
2022-09-15,1.2813,1.3062,1.2813,1.2896,38000
2022-09-19,1.273,1.2813,1.2646,1.273,80600
2022-09-20,1.2813,1.2896,1.2813,1.2813,2200
2022-09-21,1.273,1.2813,1.2314,1.2314,292400
2022-09-22,1.2314,1.273,1.2314,1.2646,95700
2022-09-23,1.2813,1.2813,1.2397,1.248,65000
2022-09-26,1.2397,1.248,1.2314,1.248,59100
2022-09-27,1.2314,1.2896,1.2314,1.273,350500
2022-09-28,1.248,1.2813,1.248,1.2813,244000
2022-09-29,1.2646,1.2813,1.248,1.2563,17200
2022-09-30,1.2646,1.2646,1.2397,1.248,113700
2022-10-03,1.248,1.2646,1.2397,1.248,20500
2022-10-04,1.2563,1.2813,1.248,1.2813,67400
2022-10-05,1.2813,1.3062,1.2813,1.2979,55100
2022-10-06,1.2979,1.3062,1.2979,1.3062,19800
2022-10-07,1.2979,1.2979,1.2896,1.2979,17500
2022-10-11,1.2563,1.2813,1.248,1.248,20100
2022-10-12,1.248,1.248,1.2314,1.2314,45600
2022-10-13,1.2397,1.2646,1.223,1.2646,100500
2022-10-14,1.2646,1.2646,1.2397,1.2397,66000
2022-10-17,1.2397,1.273,1.2397,1.273,56900
2022-10-18,1.273,1.273,1.248,1.2646,10000
2022-10-19,1.2646,1.273,1.223,1.2563,307300
2022-10-20,1.2397,1.2563,1.2314,1.2563,242500
2022-10-21,1.2397,1.2646,1.2397,1.2563,57300
2022-10-25,1.248,1.2646,1.248,1.2646,800
2022-10-26,1.2646,1.2896,1.2646,1.2813,50600
2022-10-27,1.2813,1.3146,1.2646,1.2646,71800
2022-10-28,1.273,1.273,1.248,1.248,73500
2022-10-31,1.248,1.2646,1.248,1.2646,85100
2022-11-01,1.273,1.2979,1.2563,1.2896,142400
2022-11-02,1.2979,1.3146,1.2813,1.3062,126400
2022-11-03,1.3062,1.3062,1.2813,1.2979,26800
2022-11-04,1.2896,1.2896,1.2646,1.2646,26400
2022-11-07,1.2646,1.2979,1.2646,1.273,50000
2022-11-08,1.273,1.273,1.273,1.273,500
2022-11-09,1.2896,1.2896,1.273,1.273,16800
2022-11-10,1.273,1.273,1.273,1.273,0
2022-11-11,1.273,1.2813,1.2646,1.273,1603900
2022-11-14,1.273,1.273,1.248,1.2563,165200
2022-11-15,1.248,1.2563,1.248,1.2563,34100
2022-11-16,1.2563,1.273,1.2563,1.2646,48700
2022-11-17,1.2563,1.2646,1.2397,1.248,130900
2022-11-21,1.2397,1.2563,1.1981,1.2064,1035700
2022-11-22,1.2064,1.2147,1.1731,1.1898,1014200
2022-11-23,1.1981,1.1981,1.1814,1.1981,1618300
2022-11-24,1.223,1.3395,1.2147,1.3146,4472200
2022-11-25,1.3229,1.3478,1.273,1.3229,1544200
2022-11-29,1.2813,1.3146,1.273,1.2979,551500
2022-11-30,1.273,1.2979,1.2314,1.2314,9130600
2022-12-01,1.2314,1.2563,1.2314,1.2314,800100
2022-12-02,1.2397,1.2397,1.223,1.2314,905100
2022-12-05,1.2397,1.2563,1.2397,1.248,855500
2022-12-06,1.248,1.273,1.2397,1.2563,186700
2022-12-07,1.2563,1.2813,1.2563,1.273,132100
2022-12-08,1.2813,1.2813,1.2563,1.2646,226300
2022-12-09,1.2646,1.273,1.2646,1.273,57000
2022-12-12,1.2646,1.2646,1.248,1.2646,222000
2022-12-13,1.2646,1.2646,1.248,1.2563,117900
2022-12-14,1.2563,1.2563,1.2397,1.2563,232000
2022-12-15,1.2563,1.2646,1.2397,1.2563,124400
2022-12-16,1.248,1.2646,1.248,1.248,75900
2022-12-19,1.248,1.2646,1.2397,1.2397,138700
2022-12-20,1.248,1.248,1.2314,1.2397,120300
2022-12-21,1.2397,1.2813,1.2397,1.2397,222100
2022-12-22,1.248,1.2646,1.2397,1.248,85900
2022-12-23,1.248,1.2646,1.248,1.2646,565100
2022-12-27,1.2646,1.2813,1.2563,1.2813,691800
2022-12-28,1.2813,1.2896,1.273,1.2896,206500
2022-12-29,1.2896,1.3146,1.2813,1.2896,1553500
2022-12-30,1.3146,1.3146,1.2896,1.2979,284800
2023-01-03,1.2979,1.3229,1.2979,1.3229,790200
2023-01-04,1.3312,1.3645,1.3229,1.3562,1337300
2023-01-05,1.3645,1.3728,1.3312,1.3395,373300
2023-01-06,1.3478,1.3478,1.3229,1.3229,90400
2023-01-09,1.3312,1.3562,1.3229,1.3312,141100
2023-01-10,1.3395,1.3562,1.3312,1.3312,33800
2023-01-11,1.3478,1.3562,1.3395,1.3562,473300
2023-01-12,1.3478,1.3645,1.3478,1.3478,441200
2023-01-13,1.3645,1.3728,1.3562,1.3562,510100
2023-01-16,1.3562,1.3645,1.3478,1.3645,174100
2023-01-17,1.3645,1.3645,1.3562,1.3562,235900
2023-01-18,1.3562,1.3811,1.3478,1.3728,1197300
2023-01-19,1.3811,1.3978,1.3645,1.3728,427200
2023-01-20,1.3811,1.3978,1.3728,1.3728,133000
2023-01-25,1.3728,1.3978,1.3728,1.3894,118500
2023-01-26,1.3978,1.3978,1.3811,1.3811,454500
2023-01-27,1.3978,1.4227,1.3978,1.4061,615000
2023-01-30,1.4061,1.4144,1.3811,1.3811,1383300
2023-01-31,1.3811,1.3978,1.3562,1.3562,251400
2023-02-02,1.3562,1.3811,1.3478,1.3811,417300
2023-02-03,1.3811,1.3978,1.3728,1.3811,811200
2023-02-07,1.3728,1.431,1.3562,1.4144,695800
2023-02-08,1.4144,1.4144,1.3562,1.3728,1145000
2023-02-09,1.3645,1.4061,1.3478,1.3562,684900
2023-02-10,1.3645,1.3978,1.3645,1.3811,96900
2023-02-13,1.3811,1.3978,1.3728,1.3728,79700
2023-02-14,1.3728,1.3811,1.3728,1.3728,56600
2023-02-15,1.3811,1.3978,1.3811,1.3811,97700
2023-02-16,1.3811,1.3978,1.3645,1.3645,531400
2023-02-17,1.3728,1.3728,1.3312,1.3562,1036600
2023-02-20,1.3562,1.3562,1.3478,1.3478,187500
2023-02-21,1.3562,1.3728,1.3562,1.3728,200300
2023-02-22,1.3728,1.3811,1.3395,1.3811,1803400
2023-02-23,1.3811,1.4061,1.3645,1.3894,1264900
2023-02-24,1.3894,1.4144,1.3894,1.3978,455300
2023-02-27,1.3978,1.4394,1.3811,1.3978,565200
2023-02-28,1.3978,1.4144,1.3811,1.3894,199000
2023-03-01,1.3894,1.3978,1.3811,1.3894,158200
2023-03-02,1.4061,1.4061,1.3894,1.4061,207100
2023-03-03,1.3978,1.4144,1.3978,1.3978,118900
2023-03-06,1.3978,1.3978,1.3728,1.3811,111900
2023-03-07,1.3978,1.3978,1.3645,1.3894,237100
2023-03-08,1.3978,1.3978,1.3728,1.3894,170200
2023-03-09,1.3811,1.3894,1.3728,1.3811,182400
2023-03-10,1.3728,1.3811,1.3562,1.3562,77200
2023-03-13,1.3645,1.3645,1.3478,1.3478,641200
2023-03-14,1.3521,1.3605,1.3436,1.3521,169200
2023-03-15,1.3774,1.3774,1.3352,1.3521,49300
2023-03-16,1.3521,1.3521,1.3267,1.3521,221600
2023-03-17,1.3436,1.3774,1.3436,1.3521,54000
2023-03-20,1.3521,1.3605,1.3521,1.3521,137200
2023-03-21,1.3521,1.3605,1.3521,1.3521,63500
2023-03-22,1.3521,1.369,1.3521,1.369,26000
2023-03-23,1.369,1.3774,1.3436,1.369,106700
2023-03-24,1.3859,1.4112,1.3774,1.4028,416500
2023-03-27,1.4028,1.4197,1.3859,1.4112,302200
2023-03-28,1.4112,1.4112,1.3943,1.3943,12700
2023-03-29,1.3943,1.4366,1.3943,1.4366,1631800
2023-03-30,1.4366,1.4366,1.4197,1.4197,1066700
2023-03-31,1.4197,1.4197,1.4028,1.4028,18400
2023-04-03,1.4028,1.4281,1.3774,1.3859,124100
2023-04-04,1.3859,1.4112,1.3859,1.4028,1049500
2023-04-05,1.4028,1.4281,1.4028,1.4281,1538200
2023-04-06,1.4281,1.4281,1.4112,1.4197,1963300
2023-04-07,1.4197,1.4197,1.4197,1.4197,2000
2023-04-10,1.4197,1.4281,1.3943,1.4197,216600
2023-04-11,1.4197,1.4197,1.4028,1.4028,46300
2023-04-12,1.3943,1.4535,1.3943,1.4366,660100
2023-04-13,1.4366,1.4957,1.4197,1.4535,2177100
2023-04-14,1.4788,1.4788,1.445,1.4535,240800
2023-04-17,1.4788,1.4788,1.4281,1.445,124900
2023-04-18,1.445,1.4535,1.4366,1.4366,47700
2023-04-19,1.4366,1.4619,1.4281,1.4366,817600
2023-04-20,1.4366,1.4535,1.4281,1.4366,257100
2023-04-25,1.445,1.445,1.4281,1.4366,13800
2023-04-26,1.4281,1.445,1.4112,1.4366,154800
2023-04-27,1.4366,1.4619,1.4281,1.4535,115600
2023-04-28,1.4619,1.4788,1.4619,1.4788,278600
2023-05-02,1.4619,1.4788,1.4619,1.4619,129000
2023-05-03,1.4788,1.5126,1.4788,1.5042,470600
2023-05-05,1.5126,1.5126,1.4619,1.4957,104200
2023-05-08,1.4873,1.4873,1.4619,1.4704,96200
2023-05-09,1.4535,1.4873,1.4535,1.4788,138500
2023-05-10,1.4619,1.4957,1.4619,1.4873,77000
2023-05-11,1.4873,1.5042,1.4704,1.4957,68600
2023-05-12,1.4788,1.5042,1.4788,1.4957,98000
2023-05-15,1.4704,1.4704,1.445,1.4619,254800
2023-05-16,1.4619,1.4619,1.4281,1.4535,41800
2023-05-17,1.4619,1.4788,1.445,1.445,34400
2023-05-18,1.4535,1.4535,1.4535,1.4535,15900
2023-05-19,1.4619,1.4704,1.4366,1.4535,97600
2023-05-22,1.4535,1.4704,1.4366,1.4535,515200
2023-05-23,1.4366,1.445,1.4112,1.4281,573500
2023-05-24,1.4281,1.4281,1.3859,1.3943,140400
2023-05-25,1.3943,1.3943,1.369,1.369,260700
2023-05-26,1.3605,1.369,1.3605,1.369,240300
2023-05-29,1.3605,1.4028,1.3605,1.3943,107600
2023-05-30,1.3943,1.4281,1.3859,1.4281,1233700
2023-05-31,1.4535,1.4535,1.4028,1.4197,1943300
2023-06-01,1.4028,1.4281,1.3943,1.4281,68000
2023-06-02,1.4197,1.4366,1.4197,1.4366,94900
2023-06-06,1.4112,1.4366,1.4112,1.4281,138000
2023-06-07,1.4366,1.4366,1.3774,1.3859,262400
2023-06-08,1.3943,1.4028,1.3774,1.3943,100100
2023-06-09,1.3943,1.3943,1.3859,1.3859,2200
2023-06-12,1.3774,1.3859,1.369,1.3774,65200
2023-06-13,1.3774,1.3774,1.3605,1.3605,1159100
2023-06-14,1.3605,1.369,1.3521,1.3605,151400
2023-06-15,1.369,1.4028,1.3605,1.4028,239800
2023-06-16,1.3943,1.3943,1.3774,1.3774,22100
2023-06-19,1.369,1.369,1.3521,1.3521,631400
2023-06-20,1.3521,1.3605,1.3436,1.3521,160900
2023-06-21,1.3605,1.3605,1.3521,1.3521,32600
2023-06-22,1.3605,1.3605,1.3521,1.3521,59300
2023-06-23,1.3436,1.3436,1.3352,1.3352,93900
2023-06-26,1.3352,1.3521,1.3014,1.3098,305200
2023-06-27,1.3267,1.3267,1.2929,1.3014,223000
2023-06-28,1.3098,1.3183,1.2929,1.2929,125100
2023-06-30,1.3183,1.3352,1.2929,1.3098,371100
2023-07-03,1.3436,1.3436,1.3014,1.3014,323800
2023-07-04,1.3183,1.3352,1.3098,1.3267,155200
2023-07-05,1.3352,1.3943,1.3352,1.3774,269500
2023-07-06,1.3774,1.3943,1.369,1.3943,187300
2023-07-07,1.3943,1.3943,1.369,1.3943,90900
2023-07-10,1.4197,1.4197,1.3943,1.4028,80000
2023-07-11,1.4028,1.445,1.4028,1.4366,668000
2023-07-12,1.4366,1.445,1.4197,1.4366,391300
2023-07-13,1.4197,1.4366,1.4197,1.4366,81300
2023-07-14,1.4366,1.445,1.4028,1.4366,146300
2023-07-17,1.4366,1.445,1.4366,1.445,67300
2023-07-18,1.4366,1.445,1.4197,1.4197,76000
2023-07-20,1.4197,1.445,1.4197,1.4281,48900
2023-07-21,1.4281,1.4366,1.4197,1.4281,767500
2023-07-24,1.4197,1.4535,1.4197,1.445,150600
2023-07-25,1.445,1.4619,1.445,1.445,475800
2023-07-26,1.4535,1.4788,1.4535,1.4704,668300
2023-07-27,1.4704,1.4873,1.4704,1.4704,255500
2023-07-28,1.4788,1.4873,1.4788,1.4788,971000
2023-07-31,1.4788,1.5295,1.4788,1.5211,1464800
2023-08-01,1.5211,1.5295,1.5126,1.5211,666100
2023-08-02,1.538,1.5464,1.5211,1.5295,1713100
2023-08-03,1.5126,1.5126,1.4704,1.4873,1568200
2023-08-04,1.4957,1.5126,1.4704,1.5042,536500
2023-08-07,1.5042,1.5042,1.4957,1.4957,271600
2023-08-08,1.5042,1.5042,1.4619,1.4873,220200
2023-08-09,1.4873,1.4873,1.445,1.4619,321400
2023-08-10,1.4619,1.4704,1.4535,1.4619,652100
2023-08-11,1.4619,1.4873,1.4619,1.4704,834300
2023-08-14,1.4788,1.5042,1.4788,1.5042,389900
2023-08-15,1.5126,1.5549,1.5126,1.5211,1249300
2023-08-16,1.5211,1.5295,1.5126,1.5126,81500
2023-08-17,1.5211,1.5464,1.5126,1.5295,2608800
2023-08-18,1.5295,1.5295,1.4873,1.5042,332200
2023-08-21,1.4873,1.5295,1.4873,1.5211,547900
2023-08-22,1.538,1.5549,1.4957,1.4957,612100
2023-08-23,1.5126,1.5295,1.5042,1.5211,99200
2023-08-24,1.5211,1.5295,1.5126,1.5126,674200
2023-08-25,1.5211,1.5633,1.5211,1.5549,539600
2023-08-28,1.5718,1.6394,1.5718,1.6056,1807600
2023-08-29,1.5971,1.6309,1.5887,1.6056,640200
2023-08-30,1.5887,1.6309,1.5887,1.614,1232200
2023-09-01,1.614,1.6478,1.5971,1.6478,357600
2023-09-04,1.6563,1.6563,1.6056,1.6225,993000
2023-09-05,1.614,1.6309,1.5971,1.6225,247000
2023-09-06,1.614,1.6225,1.614,1.6225,249200
2023-09-07,1.6225,1.6225,1.5718,1.5887,395700
2023-09-08,1.5887,1.5971,1.5802,1.5971,99900
2023-09-11,1.6057,1.6057,1.5885,1.5971,61000
2023-09-12,1.5971,1.5971,1.5542,1.5714,409800
2023-09-13,1.5714,1.5714,1.5542,1.5628,97900
2023-09-14,1.5628,1.5971,1.5628,1.5714,241200
2023-09-15,1.5714,1.6315,1.5714,1.6229,318000
2023-09-18,1.6229,1.6486,1.5971,1.6486,265300
2023-09-19,1.6572,1.6572,1.6315,1.6486,142700
2023-09-20,1.6401,1.6572,1.6315,1.6401,991900
2023-09-21,1.6401,1.6486,1.6315,1.6315,442000
2023-09-22,1.6315,1.6401,1.6057,1.6143,5979300
2023-09-25,1.6057,1.7002,1.5971,1.6572,939200
2023-09-26,1.6744,1.683,1.6315,1.6401,304700
2023-09-27,1.6401,1.6486,1.6229,1.6401,1300800
2023-09-29,1.6315,1.6572,1.6315,1.6315,65600
2023-10-02,1.6315,1.6486,1.6143,1.6315,158900
2023-10-03,1.6229,1.6401,1.6143,1.6229,368700
2023-10-04,1.6143,1.6143,1.5799,1.5799,1080700
2023-10-05,1.5885,1.6486,1.5885,1.6401,373900
2023-10-06,1.6572,1.6744,1.6486,1.6486,650500
2023-10-09,1.6486,1.6572,1.6315,1.6315,102200
2023-10-10,1.6315,1.6744,1.6315,1.6572,191800
2023-10-11,1.6572,1.6658,1.6486,1.6572,64000
2023-10-12,1.6658,1.7087,1.6572,1.6916,2572900
2023-10-13,1.7087,1.7087,1.6486,1.6486,1010900
2023-10-16,1.6486,1.6744,1.6315,1.6486,314200
2023-10-17,1.6486,1.6658,1.6315,1.6401,437100
2023-10-18,1.6401,1.6486,1.6229,1.6486,237100
2023-10-19,1.6315,1.6486,1.6057,1.6315,140300
2023-10-20,1.6143,1.6486,1.6057,1.6315,135400
2023-10-23,1.6315,1.6486,1.5714,1.6143,983200
2023-10-24,1.6143,1.6658,1.6143,1.6572,89200
2023-10-25,1.6401,1.6744,1.6229,1.6229,337900
2023-10-26,1.6315,1.6486,1.6315,1.6401,477000
2023-10-27,1.6315,1.6486,1.6315,1.6315,160900
2023-10-30,1.6315,1.6401,1.6143,1.6315,754600
2023-10-31,1.6315,1.6401,1.6229,1.6401,301400
2023-11-01,1.6401,1.6401,1.5971,1.6401,1613800
2023-11-02,1.6401,1.6401,1.6057,1.6229,1100000
2023-11-03,1.6143,1.6401,1.6057,1.6315,377000
2023-11-06,1.6315,1.6315,1.6143,1.6229,61500
2023-11-07,1.6229,1.6229,1.6229,1.6229,45900
2023-11-08,1.6229,1.6401,1.6229,1.6229,865600
2023-11-09,1.6229,1.6229,1.5971,1.6057,357100
2023-11-10,1.5971,1.6401,1.5971,1.6229,769800
2023-11-14,1.6143,1.6143,1.5885,1.5971,89400
2023-11-15,1.5971,1.6315,1.5885,1.6143,364100
2023-11-16,1.6315,1.6916,1.5971,1.6744,738100
2023-11-17,1.683,1.683,1.6315,1.6744,275100
2023-11-20,1.6744,1.6916,1.6229,1.6486,546400
2023-11-21,1.6486,1.6572,1.6143,1.6229,426200
2023-11-22,1.6401,1.6658,1.6143,1.6229,576200
2023-11-23,1.6315,1.6315,1.5971,1.5971,296500
2023-11-24,1.6143,1.6229,1.5885,1.5971,214200
2023-11-27,1.5971,1.6057,1.5113,1.5542,1134300
2023-11-28,1.5628,1.6143,1.5628,1.5971,541100
2023-11-29,1.5971,1.6229,1.5628,1.6057,398900
2023-11-30,1.5971,1.6486,1.5799,1.6143,679500
2023-12-01,1.6143,1.6143,1.5714,1.5714,184300
2023-12-04,1.5714,1.5885,1.5628,1.5628,198600
2023-12-05,1.5628,1.5714,1.5456,1.5628,358200
2023-12-06,1.5628,1.5971,1.5542,1.5542,298200
2023-12-07,1.5628,1.5714,1.5542,1.5542,85300
2023-12-08,1.5628,1.6057,1.5628,1.5714,86100
2023-12-11,1.5714,1.6401,1.5714,1.6315,665700
2023-12-12,1.6315,1.6401,1.6057,1.6315,225000
2023-12-13,1.6315,1.6486,1.6315,1.6315,134300
2023-12-14,1.6486,1.6486,1.6143,1.6143,141700
2023-12-15,1.6229,1.7002,1.6229,1.6658,928900
2023-12-18,1.683,1.7087,1.6572,1.683,178900
2023-12-19,1.683,1.6916,1.683,1.683,436700
2023-12-20,1.6916,1.7173,1.6744,1.7173,389400
2023-12-21,1.7173,1.7173,1.6744,1.6916,592900
2023-12-22,1.683,1.7259,1.683,1.7173,833600
2023-12-26,1.6916,1.7173,1.683,1.7173,276200
2023-12-27,1.7173,1.7173,1.683,1.683,12400
2023-12-28,1.683,1.683,1.6572,1.6744,55100
2023-12-29,1.6658,1.6916,1.6658,1.6658,646600
2024-01-02,1.6658,1.7087,1.6658,1.7087,408300
2024-01-03,1.7173,1.7173,1.6916,1.7173,1262600
2024-01-04,1.7259,1.786,1.7173,1.7517,982800
2024-01-05,1.7517,1.8032,1.7517,1.7946,675000
2024-01-08,1.7946,1.8891,1.7946,1.8633,946600
2024-01-09,1.8461,1.8977,1.8461,1.8805,966300
2024-01-10,1.8891,1.8891,1.8547,1.8805,491900
2024-01-11,1.8805,1.9062,1.8805,1.8805,1164900
2024-01-12,1.8805,1.8891,1.8547,1.8805,290400
2024-01-15,1.8891,1.932,1.8719,1.9234,462900
2024-01-16,1.9406,1.9578,1.8805,1.8805,777800
2024-01-17,1.8805,1.9234,1.8719,1.8891,680300
2024-01-18,1.8891,1.8891,1.8547,1.8805,682400
2024-01-19,1.8633,1.8891,1.8633,1.8805,139200
2024-01-22,1.8805,1.9578,1.8719,1.8977,686900
2024-01-23,1.9148,1.9148,1.8805,1.8891,4189100
2024-01-24,1.8891,1.9148,1.8547,1.8633,1237700
2024-01-26,1.8805,1.9234,1.8719,1.8805,2913900
2024-01-29,1.8805,1.8977,1.8633,1.8719,495900
2024-01-30,1.8719,1.8891,1.8461,1.8719,1558900
2024-01-31,1.8719,1.9492,1.8461,1.932,5101900
2024-02-02,1.932,2.1037,1.932,2.1037,4933700
2024-02-05,2.1037,2.2154,2.0436,2.0694,5544000
2024-02-06,2.0608,2.078,2.0265,2.035,4321000
2024-02-07,2.0436,2.1295,2.0093,2.1209,7164000
2024-02-08,2.1123,2.3442,2.1123,2.2583,12248100
2024-02-09,2.2583,2.3356,2.2583,2.2755,3970900
2024-02-13,2.2755,2.3356,2.2325,2.2325,3242000
2024-02-14,2.2325,2.2497,2.1896,2.1982,2089000
2024-02-15,2.1982,2.2669,2.1724,2.1896,2531600
2024-02-16,2.1896,2.2411,2.1896,2.1896,5618900
2024-02-19,2.1896,2.2755,2.1896,2.2325,3260400
2024-02-20,2.2325,2.2755,2.2239,2.2411,2267000
2024-02-21,2.3184,2.3957,2.2239,2.2411,5345100
2024-02-22,2.2669,2.2755,2.2239,2.2325,3460200
2024-02-23,2.2411,2.2669,2.1896,2.2068,4938900
2024-02-26,2.2068,2.2497,2.2068,2.2325,6929300
2024-02-27,2.2325,2.2325,2.1896,2.2325,1637800
2024-02-28,2.2325,2.2325,2.1982,2.1982,2279500
2024-02-29,2.1896,2.1982,2.1381,2.1896,2139900
2024-03-01,2.1896,2.2068,2.1295,2.1381,2022900
2024-03-04,2.1381,2.2325,2.1381,2.1982,2136000
2024-03-05,2.2068,2.2068,2.1553,2.181,1045400
2024-03-06,2.181,2.1896,2.1553,2.1896,1293100
2024-03-07,2.1896,2.2411,2.181,2.2068,4992400
2024-03-08,2.2411,2.2411,2.2154,2.2239,1897600
2024-03-11,2.2239,2.2325,2.1896,2.2239,1081100
2024-03-12,2.2411,2.2583,2.2068,2.2411,4884400
2024-03-13,2.2497,2.2926,2.2497,2.2669,2633200
2024-03-14,2.2669,2.345,2.2495,2.345,5739300
2024-03-15,2.3277,2.4319,2.3103,2.4319,8308000
2024-03-18,2.4145,2.4319,2.345,2.3537,9976800
2024-03-19,2.3537,2.4493,2.3537,2.3972,9519600
2024-03-20,2.4232,2.4319,2.3624,2.3711,2807000
2024-03-21,2.3798,2.3972,2.3624,2.3711,3683500
2024-03-22,2.4319,2.5969,2.4319,2.5274,26001000
2024-03-25,2.5622,2.5969,2.5622,2.5796,1698400
2024-03-26,2.5882,2.5969,2.4927,2.5188,5141300
2024-03-27,2.5188,2.5622,2.5014,2.5535,8419500
2024-03-29,2.5535,2.5535,2.5188,2.5361,1553900
2024-04-01,2.5448,2.5535,2.5101,2.5188,2811100
2024-04-02,2.5274,2.5274,2.4666,2.484,3037500
2024-04-03,2.4753,2.5188,2.4666,2.4753,3118800
2024-04-04,2.4753,2.5188,2.4753,2.5101,4603200
2024-04-05,2.5188,2.5361,2.484,2.4927,4035200
2024-04-08,2.5101,2.5101,2.4666,2.4666,1798400
2024-04-09,2.4666,2.4927,2.4493,2.484,2617300
2024-04-12,2.4927,2.5448,2.484,2.5188,4326200
2024-04-15,2.5014,2.5014,2.4319,2.4493,2313100
2024-04-16,2.4493,2.4493,2.3277,2.3711,8015800
2024-04-17,2.3711,2.4406,2.3537,2.4319,1502900
2024-04-18,2.4319,2.4753,2.3972,2.4319,2963200
2024-04-19,2.4319,2.4406,2.3537,2.3972,5209700
2024-04-22,2.4058,2.458,2.4058,2.4493,1403300
2024-04-23,2.4406,2.5014,2.4406,2.5014,2267500
2024-04-24,2.5101,2.5188,2.4927,2.5014,1787900
2024-04-25,2.5014,2.5274,2.484,2.4927,3846300
2024-04-26,2.5188,2.5796,2.4927,2.5709,4564600
2024-04-29,2.5709,2.623,2.5535,2.6056,7176300
2024-04-30,2.5969,2.649,2.5882,2.6317,4195700
2024-05-02,2.6317,2.6317,2.5882,2.623,3396000
2024-05-03,2.623,2.6317,2.5969,2.6056,2353900
2024-05-06,2.6056,2.6143,2.5882,2.6056,2136300
2024-05-07,2.6056,2.6751,2.6056,2.6577,2868600
2024-05-08,2.6664,2.6664,2.6056,2.6577,3259000
2024-05-09,2.6577,2.6577,2.623,2.6404,2644900
2024-05-10,2.6404,2.6404,2.6143,2.6404,1552500
2024-05-13,2.649,2.649,2.6056,2.623,3144200
2024-05-14,2.6056,2.7272,2.6056,2.7098,2195100
2024-05-15,2.7185,2.7272,2.6577,2.7098,1926100
2024-05-16,2.7098,2.7359,2.6838,2.7185,1505000
2024-05-17,2.7185,2.8488,2.7185,2.8141,2534300
2024-05-20,2.8141,2.9096,2.8141,2.9096,4301600
2024-05-21,2.8835,2.8922,2.7967,2.8227,5544300
2024-05-23,2.8141,2.8314,2.7619,2.7793,3627800
2024-05-24,2.7793,2.8054,2.7098,2.788,3928700
2024-05-27,2.788,2.8401,2.7793,2.8054,724900
2024-05-28,2.8054,2.8054,2.7359,2.788,653900
2024-05-29,2.8054,2.8054,2.7533,2.7793,1163900
2024-05-30,2.7533,2.8054,2.7533,2.8054,1937600
2024-05-31,2.8054,2.8054,2.7185,2.7359,4948800
2024-06-04,2.7359,2.788,2.7359,2.7446,2786600
2024-06-05,2.7446,2.7619,2.6925,2.7272,1534800
2024-06-06,2.7359,2.7706,2.6925,2.7185,1369400
2024-06-07,2.7185,2.8662,2.7185,2.8662,6385100
2024-06-10,2.8922,2.9704,2.8749,2.8749,5096700
2024-06-11,2.953,3.3612,2.9183,3.2483,20122900
2024-06-12,3.2918,3.3352,3.2483,3.3178,5937200
2024-06-13,3.3178,3.4307,3.3178,3.4133,2456600
2024-06-14,3.4394,3.5089,3.3699,3.4133,3590600
2024-06-18,3.4307,3.4828,3.3526,3.3612,3673400
2024-06-19,3.3699,3.4481,3.3612,3.4307,3514100
2024-06-20,3.4307,3.4568,3.257,3.2918,3286300
2024-06-21,3.2918,3.3091,3.2744,3.3004,1817100
2024-06-24,3.3004,3.3004,3.1788,3.257,5386500
2024-06-25,3.2744,3.2918,3.1962,3.2396,5083000
2024-06-26,3.231,3.3091,3.231,3.2831,3403300
2024-06-27,3.3004,3.3091,3.2657,3.2831,1146800
2024-06-28,3.2657,3.3265,3.2396,3.2918,1689300
2024-07-01,3.3004,3.4047,3.2744,3.3873,3907300
2024-07-02,3.4133,3.4915,3.4133,3.4741,4952700
2024-07-03,3.4915,3.6913,3.4915,3.6131,6463000
2024-07-04,3.6392,3.6392,3.3004,3.5871,20815200
2024-07-05,3.561,3.7781,3.5176,3.7781,3776400
2024-07-09,3.7781,3.8216,3.7087,3.7347,2480900
2024-07-10,3.7521,3.7955,3.7173,3.7608,1741100
2024-07-11,3.7955,4.0648,3.7955,3.9866,4296500
2024-07-12,4.0126,4.1777,3.9171,4.1255,8813100
2024-07-15,4.1429,4.2906,4.0561,4.2124,4655700
2024-07-16,4.2124,4.2732,4.1342,4.2037,2981000
2024-07-17,4.2124,4.334,4.2124,4.2906,3608200
2024-07-18,4.2993,4.473,4.2993,4.4209,3971300
2024-07-19,4.4209,4.473,4.3601,4.3601,2387500
2024-07-22,4.3948,4.499,4.2732,4.3079,3687900
2024-07-23,4.3861,4.4903,4.3601,4.3774,3320100
2024-07-24,4.4295,4.4643,4.334,4.3514,3087800
2024-07-25,4.3079,4.3687,4.2298,4.2732,1819300
2024-07-26,4.2558,4.334,4.2558,4.3079,1227700
2024-07-29,4.3253,4.4122,4.2471,4.2993,3687600
2024-07-30,4.3079,4.3427,4.1429,4.2298,3124200
2024-07-31,4.2298,4.2645,4.1082,4.169,3269000
2024-08-01,4.1863,4.2385,4.0821,4.0821,1490500
2024-08-02,4.0734,4.0734,3.6305,3.6913,12702600
2024-08-05,3.6392,3.6392,3.3091,3.3873,14031700
2024-08-06,3.4741,3.6479,3.396,3.561,12677400
2024-08-07,3.6044,3.8737,3.4655,3.8216,10754300
2024-08-08,3.7781,3.8216,3.6913,3.8129,7574300
2024-08-09,3.8824,4.0387,3.8824,3.9779,5921400
2024-08-12,3.9953,4.0908,3.9953,4.0213,4333100
2024-08-13,4.0387,4.0387,3.8216,3.9084,3067200
2024-08-14,3.9605,4.0126,3.8389,3.8563,2375300
2024-08-15,3.8563,3.8997,3.6652,3.7,3400700
2024-08-16,3.726,3.8302,3.726,3.8042,3928600
2024-08-19,3.8389,3.8389,3.7,3.7173,4944600
2024-08-20,3.7173,3.7955,3.5523,3.6044,5529100
2024-08-21,3.6044,3.726,3.5697,3.5784,3552400
2024-08-22,3.5784,3.7087,3.5784,3.6826,5580100
2024-08-23,3.7173,3.7173,3.6044,3.6131,3201900
2024-08-26,3.6565,3.6565,3.5349,3.5957,2464500
2024-08-27,3.5784,3.6392,3.5697,3.5957,2713600
2024-08-28,3.5871,3.5871,3.3786,3.3786,4900500
2024-08-29,3.3786,3.4307,3.2223,3.2657,4902000
2024-08-30,3.3004,3.5002,3.257,3.4828,15965100
2024-09-02,3.5176,3.5957,3.4394,3.5871,5682200
2024-09-03,3.5871,3.6305,3.5697,3.5871,3336500
2024-09-04,3.5436,3.561,3.3873,3.5002,1236800
2024-09-05,3.5176,3.5523,3.3786,3.4133,4236600
2024-09-06,3.4133,3.4133,3.3265,3.3612,3116800
2024-09-09,3.3178,3.4047,3.2223,3.3612,2912300
2024-09-10,3.3873,3.4655,3.3612,3.4481,3402900
2024-09-11,3.4788,3.4788,3.3648,3.4174,2106300
2024-09-12,3.4174,3.5927,3.4174,3.5664,2549900
2024-09-13,3.5927,3.6891,3.5664,3.6715,3151900
2024-09-17,3.6803,3.7416,3.6365,3.7066,2220400
2024-09-18,3.7066,3.7855,3.6628,3.7416,2435800
2024-09-19,3.7416,3.9782,3.7329,3.9782,7072000
2024-09-20,3.9958,4.0746,3.8643,3.8994,5771700
2024-09-23,3.9432,3.9519,3.8643,3.8994,1690800
2024-09-24,3.8994,3.9695,3.8906,3.9607,2561200
2024-09-25,3.9782,3.9958,3.9432,3.987,2928400
2024-09-26,3.987,4.0396,3.9081,4.0396,4493800
2024-09-27,4.0396,4.0396,3.9432,3.987,1925100
2024-09-30,3.9782,3.9782,3.838,3.9432,1164600
2024-10-01,3.9432,3.9607,3.8994,3.9344,1563700
2024-10-02,3.8994,3.9081,3.6715,3.6803,3467800
2024-10-03,3.6891,3.7416,3.5664,3.6715,2523500
2024-10-04,3.6715,3.7504,3.6452,3.7241,2548800
2024-10-07,3.7241,3.7329,3.654,3.7154,1042900
2024-10-08,3.7241,3.803,3.6803,3.7855,879300
2024-10-09,3.8117,3.9782,3.803,3.9782,3849800
2024-10-10,3.9958,4.0746,3.9432,3.9782,3885600
2024-10-11,4.0045,4.0045,3.9519,3.987,697200
2024-10-14,4.0133,4.0133,3.9432,3.9432,1505100
2024-10-15,3.9607,3.987,3.9081,3.9607,1793500
2024-10-16,3.9607,3.987,3.9081,3.987,2375000
2024-10-17,3.987,3.9958,3.9257,3.9344,1240100
2024-10-18,3.9695,3.9958,3.9257,3.9432,1449600
2024-10-21,3.9169,3.9607,3.8293,3.9432,2131200
2024-10-22,3.8906,4.0659,3.8906,4.022,2401700
2024-10-23,4.0308,4.1535,3.9782,4.1184,3849000
2024-10-24,4.1097,4.1184,4.0045,4.0045,1052000
2024-10-25,4.0045,4.0308,3.9519,4.0045,987300
2024-10-28,4.0045,4.0045,3.9432,3.9782,2150100
2024-10-29,3.9257,3.9695,3.8731,3.9432,2806900
2024-10-30,3.9432,3.9519,3.9081,3.9257,2558500
2024-11-01,3.9081,3.9432,3.6365,3.6365,4741600
2024-11-04,3.6452,3.7679,3.6277,3.7504,2101000
2024-11-05,3.7504,3.8205,3.7416,3.7942,2586400
2024-11-06,3.8117,3.9519,3.8117,3.9257,3758100
2024-11-07,3.9432,3.9607,3.8468,3.8731,2605600
2024-11-08,3.8731,3.8994,3.7416,3.7504,5734900
2024-11-11,3.7504,3.838,3.7504,3.8293,2125200
2024-11-12,3.838,3.8731,3.838,3.8556,1405700
2024-11-13,3.8556,3.8556,3.7942,3.8117,792800
2024-11-14,3.8556,3.9432,3.838,3.9081,1305300
2024-11-15,3.9169,3.9519,3.9081,3.9519,1016300
2024-11-18,3.9607,4.0045,3.9169,3.9344,1077100
2024-11-19,3.9607,4.0571,3.9607,4.022,663600
2024-11-20,4.0396,4.0571,3.9169,3.9432,5884200
2024-11-21,3.9432,4.0045,3.8731,3.8818,1916100
2024-11-22,3.9169,4.0834,3.9169,3.9958,5612500
2024-11-25,4.0396,4.0396,3.9169,3.9432,1874200
2024-11-26,3.9607,3.9607,3.8117,3.8556,1657700
2024-11-27,3.8556,3.8818,3.8556,3.8731,10592100
2024-11-28,3.8818,3.8818,3.7855,3.8205,1458400
2024-11-29,3.8205,3.8205,3.7592,3.7679,3057500
2024-12-02,3.7679,3.8643,3.7416,3.8556,1026100
2024-12-03,3.8643,3.9782,3.8556,3.9695,1001100
2024-12-04,3.9695,3.987,3.8818,3.8818,825800
2024-12-05,3.8818,3.9432,3.8818,3.9169,532400
2024-12-06,3.9257,3.9344,3.8643,3.8731,313100
2024-12-09,3.8731,3.9257,3.8731,3.8731,422500
2024-12-10,3.8863,3.9215,3.8863,3.8951,533800
2024-12-11,3.9039,3.9215,3.8687,3.8863,544600
2024-12-12,3.8863,3.8951,3.8246,3.8334,1303200
2024-12-13,3.8334,3.9832,3.8334,3.9656,2857100
2024-12-16,3.9656,3.992,3.8863,3.8863,577200
2024-12-17,3.9215,3.948,3.8687,3.8775,2324400
2024-12-18,3.8775,3.948,3.8775,3.9304,675000
2024-12-19,3.9215,4.0185,3.9039,4.0009,904200
2024-12-20,4.0009,4.1771,4.0009,4.1595,3103000
2024-12-23,4.1595,4.1947,4.1066,4.1242,1071400
2024-12-24,4.089,4.1154,4.0185,4.0625,763900
2024-12-26,4.0361,4.0978,4.0097,4.0978,1136800
2024-12-27,4.0978,4.1947,4.0978,4.1683,1447200
2024-12-30,4.1683,4.2564,4.1242,4.133,3513300
2024-12-31,4.1507,4.1859,4.0802,4.0802,2056600
2025-01-02,4.0978,4.1683,4.0802,4.0802,1547000
2025-01-03,4.089,4.2212,4.089,4.2035,4976800
2025-01-06,4.2035,4.3534,4.2035,4.3181,2819800
2025-01-07,4.3181,4.5472,4.3181,4.512,4638500
2025-01-08,4.5208,4.6706,4.415,4.4767,3028000
2025-01-09,4.4415,4.4767,4.2124,4.3181,5539000
2025-01-10,4.3181,4.3534,4.23,4.2476,2041700
2025-01-13,4.23,4.23,4.0978,4.133,3034300
2025-01-14,4.1595,4.1771,3.8246,3.8334,3979200
2025-01-15,3.8334,3.8951,3.4016,3.4369,15664100
2025-01-16,3.4633,3.4633,3.0315,3.1549,35257400
2025-01-17,3.146,3.2165,3.0227,3.1989,19087000
2025-01-20,3.2077,3.2782,3.005,3.0844,19900000
2025-01-21,3.1196,3.4016,3.0491,3.2518,22559200
2025-01-22,3.287,3.3664,3.2606,3.3311,9142200
2025-01-23,3.3487,3.3575,3.2782,3.2959,6068600
2025-01-24,3.3047,3.3047,3.146,3.1989,5028800
2025-01-27,3.1989,3.1989,3.0227,3.0227,6639100
2025-01-28,3.0227,3.0579,2.8905,2.8993,7499900
2025-01-31,2.9345,3.1372,2.8729,3.0403,6882500
2025-02-03,3.005,3.1196,2.9874,3.0844,3830900
2025-02-04,3.1372,3.3047,3.1372,3.243,5306300
2025-02-05,3.2606,3.4192,3.2606,3.3664,7580900
2025-02-06,3.4104,3.4721,3.384,3.4457,4778800
2025-02-07,3.4545,3.5602,3.4016,3.525,4602600
2025-02-10,3.5338,3.569,3.4545,3.5074,3213300
2025-02-12,3.525,3.6836,3.525,3.666,5696000
2025-02-13,3.6748,3.7805,3.666,3.7453,6234800
2025-02-14,3.7629,3.8863,3.7541,3.8599,6987700
2025-02-17,3.8775,3.8863,3.6395,3.6836,8729000
2025-02-18,3.6572,3.7012,3.5955,3.6219,3887700
2025-02-19,3.6219,3.6748,3.5867,3.6043,3910800
2025-02-20,3.6219,3.6307,3.5426,3.6307,3650700
2025-02-21,3.6748,4.0537,3.6748,3.9215,11939600
2025-02-24,3.9127,3.9568,3.7365,3.7629,8324400
2025-02-25,3.7805,3.9039,3.7365,3.8334,6888100
2025-02-26,3.8334,3.9039,3.7894,3.8246,4359100
2025-02-27,3.8334,3.9127,3.7894,3.9039,5403500
2025-02-28,3.9039,3.9039,3.7894,3.7894,2641100
2025-03-03,3.851,3.851,3.7012,3.7717,2855500
2025-03-04,3.7365,3.7365,3.569,3.6043,8844000
2025-03-05,3.6043,3.7717,3.6043,3.7365,5344100
2025-03-06,3.7629,3.9127,3.7629,3.8422,8035500
2025-03-07,3.851,3.9215,3.851,3.8951,3337000
2025-03-10,3.9304,4.0009,3.8599,3.9392,2908100
2025-03-11,3.8687,3.9568,3.7982,3.8687,3016600
2025-03-12,3.9127,3.9127,3.6572,3.7012,3536300
2025-03-13,3.7677,3.8475,3.7589,3.8386,2810500
2025-03-14,3.8209,3.8741,3.7677,3.8564,3189900
2025-03-17,3.883,3.945,3.883,3.9007,2396800
2025-03-19,3.9007,3.9184,3.8475,3.8918,3395100
2025-03-20,3.9184,4.0071,3.883,3.9273,2086100
2025-03-21,3.9273,3.945,3.8386,3.9362,16334600
2025-03-24,3.9362,3.9539,3.883,3.9184,1358900
2025-03-25,3.945,3.9628,3.8741,3.9096,2402300
2025-03-26,3.9184,3.9184,3.8298,3.8564,2085100
2025-03-27,3.8475,3.9805,3.8298,3.9805,4667900
2025-03-28,3.9894,3.9982,3.883,3.883,2480400
2025-04-02,3.883,3.945,3.8209,3.9096,1202300
2025-04-03,3.8564,3.9805,3.8209,3.9273,2835700
2025-04-04,3.8298,3.8741,3.8298,3.8475,3276500
2025-04-07,3.8032,3.8032,3.2979,3.4397,6556500
2025-04-08,3.5638,3.6968,3.555,3.6791,4585500
2025-04-09,3.6259,3.6525,3.5018,3.5461,9350000
2025-04-10,3.8564,3.8564,3.7057,3.7323,3553400
2025-04-11,3.6791,3.7234,3.555,3.6879,2705100
2025-04-14,3.7323,3.7943,3.7234,3.7943,2791800
2025-04-15,3.7943,3.883,3.7411,3.8386,2838200
2025-04-16,3.8121,3.883,3.8121,3.8121,3933400
2025-04-17,3.8032,3.8386,3.7855,3.8032,1464400
2025-04-18,3.7943,3.8298,3.7766,3.8298,4959600
2025-04-21,3.8298,3.8652,3.8032,3.8475,1342500
2025-04-22,3.8298,3.8386,3.6081,3.6259,4552600
2025-04-23,3.7057,3.8298,3.6791,3.8032,4244200
2025-04-24,3.8032,3.8741,3.7943,3.8298,1600300
2025-04-25,3.883,3.9273,3.8386,3.9184,2103100
2025-04-28,3.9273,3.9716,3.9273,3.9628,903400
2025-04-29,3.9362,4.0071,3.9362,3.9716,1898300
2025-04-30,3.9716,3.9894,3.9184,3.945,1130600
2025-05-02,3.945,4.1844,3.9273,4.1755,7471400
2025-05-05,4.1755,4.2553,4.078,4.1046,3486800
2025-05-06,4.1312,4.1933,4.1046,4.1312,1501900
2025-05-07,4.1223,4.2908,4.1135,4.211,4174600
2025-05-08,4.211,4.273,4.1844,4.211,3129800
2025-05-09,4.211,4.2464,4.1667,4.2021,1786200
2025-05-13,4.2553,4.4858,4.2553,4.4415,10090900
2025-05-14,4.4415,4.4503,4.3528,4.4238,6817400
2025-05-15,4.4238,4.4858,4.3528,4.406,5372800
2025-05-16,4.3883,4.3972,4.3174,4.3617,2928000
2025-05-19,4.3617,4.3617,4.273,4.2908,4249700
2025-05-20,4.3085,4.3706,4.2996,4.3262,4882400
2025-05-21,4.4326,4.6365,4.4238,4.5656,8238200
2025-05-22,4.5656,4.6011,4.5035,4.5656,6423900
2025-05-23,4.6897,4.8138,4.6631,4.7961,7254400
2025-05-26,4.7961,4.9113,4.7784,4.8138,4411900
2025-05-27,4.8138,4.867,4.7961,4.8404,2892800
2025-05-28,4.8581,5.3014,4.8581,5.2748,8268300
2025-05-29,5.2482,5.2482,5.1152,5.1684,4489000
2025-05-30,5.2128,5.2571,5.0886,5.2305,8651400
2025-06-03,5.1862,5.2128,5.1152,5.1684,3987300
2025-06-04,5.1418,5.2128,5.1241,5.1596,5527100
2025-06-05,5.1241,5.2305,5.1241,5.195,8224900
2025-06-06,5.1684,5.2128,5.1507,5.1596,4073000
2025-06-09,5.1864,5.3473,5.1864,5.3026,3942300
2025-06-10,5.3026,5.4278,5.2758,5.3384,7933100
2025-06-11,5.3652,5.6067,5.3563,5.5083,6533200
2025-06-12,5.5083,5.5351,5.401,5.4547,6851100
2025-06-13,5.401,5.4547,5.3026,5.4547,4638400
2025-06-16,5.401,5.4457,5.24,5.4457,3925400
2025-06-17,5.4368,5.4636,5.3831,5.4547,2230500
2025-06-18,5.4368,5.4368,5.3742,5.3831,3908200
2025-06-19,5.3921,5.3921,5.2848,5.3295,2738000
2025-06-20,5.2758,5.3205,5.24,5.3205,2847300
2025-06-23,5.2669,5.3205,5.1417,5.2758,1989300
2025-06-24,5.2758,5.3563,5.2311,5.2848,2792800
2025-06-25,5.2043,5.3116,5.2043,5.2758,2466000
2025-06-26,5.2669,5.3652,5.249,5.2937,4458600
2025-06-30,5.2937,5.3652,5.2669,5.3652,3844100
2025-07-01,5.3652,5.4547,5.3295,5.3831,4409200
2025-07-02,5.3652,5.401,5.3116,5.3563,4518500
2025-07-03,5.3473,5.3921,5.2937,5.3652,4246000
2025-07-04,5.3473,5.3921,5.3116,5.3563,3512700
2025-07-07,5.3295,5.3295,5.0523,5.2579,6707000
2025-07-08,5.2043,5.2222,5.1149,5.1506,3878400
2025-07-09,5.1685,5.3205,5.1596,5.2669,3569300
2025-07-10,5.2132,5.3652,5.2132,5.3026,4902700
2025-07-11,5.3026,5.3652,5.3026,5.3205,3158000
2025-07-14,5.3205,5.3563,5.3026,5.3205,1178200
2025-07-15,5.3473,5.4099,5.2848,5.2937,6216200
2025-07-16,5.3205,5.3563,5.1506,5.1864,7177500
2025-07-17,5.1953,5.2311,5.1327,5.1685,8751700
2025-07-18,5.1685,5.3652,5.1685,5.3473,10672600
2025-07-21,5.2222,5.2222,4.4084,4.9092,110616400
2025-07-22,4.945,4.9986,4.7214,4.7661,25485400
2025-07-23,4.7303,4.8198,4.6946,4.7751,10870200
2025-07-24,4.7929,4.7929,4.6588,4.6856,10612900
2025-07-25,4.6678,4.7125,4.632,4.6678,8074600
2025-07-28,4.7035,4.8108,4.5604,4.7214,10553500
2025-07-29,4.7393,4.7661,4.6499,4.6856,6334400
2025-07-30,4.6767,4.7482,4.632,4.6856,3170100
2025-07-31,4.6856,4.7572,4.6588,4.6856,4068900
2025-08-01,4.6678,4.8466,4.6678,4.7482,5673400
2025-08-04,4.7393,4.784,4.7125,4.7751,2128300
2025-08-05,4.7572,4.8108,4.6946,4.6946,3164300
2025-08-06,4.6946,4.8555,4.6856,4.784,6826000
2025-08-07,4.784,4.8287,4.7482,4.7482,3915200
2025-08-08,4.7751,4.8824,4.7482,4.8734,6139300
2025-08-11,4.8734,4.9986,4.8734,4.9002,8221300
2025-08-12,4.9002,4.945,4.784,4.8108,5161300
2025-08-13,4.8287,4.8824,4.8287,4.8824,1880600
2025-08-14,4.8913,4.8913,4.7572,4.8108,5567100
2025-08-15,4.8108,4.8287,4.784,4.8019,879900
2025-08-18,4.8019,4.9092,4.8019,4.9002,2485600
2025-08-19,4.9002,5.2311,4.9002,5.1506,14168300
2025-08-20,5.1685,5.2758,5.1417,5.2043,5112400
2025-08-21,5.2043,5.2669,5.1953,5.2311,2772900
2025-08-22,5.3295,5.5441,5.3295,5.4457,15739600
2025-08-25,5.4815,5.6156,5.4278,5.4368,9062000
2025-08-26,5.4368,5.5262,5.3831,5.4994,12667100
2025-08-27,5.4547,5.6782,5.4547,5.6335,10048900
2025-08-28,5.6335,5.7587,5.6246,5.7319,7850200
2025-08-29,5.7229,5.7229,5.6246,5.6603,4755300
2025-09-02,5.6603,5.6782,5.5351,5.6782,3911300
2025-09-03,5.6782,5.8839,5.6693,5.7497,12164000
2025-09-04,5.7497,5.8034,5.6871,5.7676,3800200
2025-09-08,5.7676,5.8392,5.7497,5.7855,2601900
2025-09-09,5.7855,5.8749,5.7766,5.8749,6172800
2025-09-10,5.8772,5.9043,5.7777,5.7868,4570800
2025-09-11,5.7868,5.841,5.7416,5.841,2567200
2025-09-12,5.841,5.841,5.7506,5.7506,1790900
2025-09-17,5.7506,5.7868,5.6783,5.7144,2387200
2025-09-18,5.7144,5.7416,5.6331,5.7416,2045000
2025-09-19,5.7325,5.7325,5.5246,5.5426,2462900
2025-09-22,5.5426,5.6602,5.5426,5.624,1288700
2025-09-23,5.624,5.6692,5.5969,5.6692,939400
2025-09-24,5.624,5.6331,5.5246,5.5336,2935300
2025-09-25,5.5426,5.6059,5.5336,5.5426,2333900
2025-09-26,5.5426,5.5517,5.398,5.4161,4259000
2025-09-29,5.4161,5.4703,5.407,5.4703,2695600
2025-09-30,5.4613,5.5336,5.4251,5.4703,5014700
2025-10-01,5.4703,5.4703,5.398,5.4161,2498100
2025-10-02,5.4161,5.4793,5.4161,5.4522,3650900
2025-10-03,5.4341,5.4613,5.3347,5.3528,1503200
2025-10-06,5.3528,5.4432,5.2714,5.3256,4086400
2025-10-07,5.3256,5.3799,5.2985,5.3256,3370600
2025-10-08,5.3256,5.6059,5.2895,5.5607,6283300
2025-10-09,5.5698,5.6964,5.5517,5.6602,2857900
2025-10-10,5.6602,5.6602,5.5246,5.5969,1865000
2025-10-13,5.5155,5.6783,5.4251,5.6783,2960900
2025-10-14,5.6783,5.7416,5.5698,5.6331,2153100
2025-10-15,5.6873,5.7235,5.5065,5.5246,3907200
2025-10-16,5.5336,5.5607,5.3889,5.4161,2252500
2025-10-17,5.4161,5.4884,5.3437,5.3437,2114700
2025-10-21,5.3618,5.4974,5.3618,5.398,1289000
2025-10-22,5.407,5.4432,5.3347,5.3437,1385500
2025-10-23,5.3347,5.3347,4.8193,5.2714,2451000
2025-10-24,5.2804,5.3347,5.2352,5.2352,3505600
2025-10-27,5.2623,5.3347,5.2352,5.3076,1269200
2025-10-28,5.3076,5.3799,5.2443,5.3618,1381000
2025-10-29,5.3166,5.3708,5.2804,5.2895,2813700
2025-10-30,5.3166,5.3347,5.2443,5.3347,1814300
2025-10-31,5.3347,5.4432,5.2985,5.3166,2533300
2025-11-03,5.3166,5.3889,5.3166,5.3347,1182300
2025-11-04,5.3256,5.3347,5.1991,5.2443,2895100
2025-11-05,5.2443,5.2443,5.1086,5.1267,2594500
2025-11-06,5.1267,5.181,5.0996,5.1538,1714500
2025-11-07,5.1629,5.1629,5.0363,5.0634,1994800
2025-11-10,5.0544,5.1448,5.0544,5.1177,907000
2025-11-11,5.1177,5.1538,4.964,5.0001,6607700
2025-11-12,5.0363,5.1267,5.0273,5.0634,4167700
2025-11-13,5.0634,5.1629,5.0453,5.1177,1661500
2025-11-14,5.1177,5.2443,5.0815,5.1719,2651900
2025-11-17,5.1719,5.2985,5.1538,5.2895,1918400
2025-11-18,5.2443,5.3256,5.1719,5.1719,2741200
2025-11-19,5.1629,5.3347,5.1538,5.2985,875900
2025-11-20,5.3347,5.398,5.1629,5.181,6513500
2025-11-21,5.2895,5.3528,5.2081,5.2443,4890200
2025-11-24,5.2443,5.5426,5.2443,5.5426,12405100
2025-11-25,5.4522,5.4703,5.3166,5.3347,3901100
2025-11-26,5.3347,5.4432,5.3347,5.398,1541400
2025-11-27,5.398,5.398,5.3347,5.3347,3458500
2025-11-28,5.3347,5.3799,5.3166,5.3347,2166900
2025-12-01,5.3347,5.4251,5.3256,5.3347,5376500
2025-12-02,5.3618,5.3799,5.3347,5.3528,1659600
2025-12-03,5.3618,5.3799,5.3347,5.3708,879600
2025-12-04,5.3708,5.4703,5.3256,5.3528,1874600
2025-12-05,5.3528,5.4522,5.3347,5.4432,2538300
2025-12-08,5.4522,5.4974,5.407,5.407,1682100
2025-12-09,5.4367,5.4641,5.3819,5.391,3232300
2025-12-10,5.4276,5.455,5.3819,5.4276,806100
2025-12-11,5.4276,5.4641,5.3819,5.391,1958600
2025-12-12,5.4002,5.4276,5.391,5.391,705800
2025-12-15,5.391,5.4276,5.3453,5.4002,4603100
2025-12-16,5.4093,5.5098,5.4002,5.4824,2937300
2025-12-17,5.5109,5.5204,5.4159,5.5109,4611700
2025-12-18,5.5109,5.5109,5.3589,5.3779,8488400
2025-12-19,5.4254,5.4254,5.2259,5.2544,9894100
2025-12-22,5.2734,5.3494,5.2639,5.3209,1945700
2025-12-23,5.3209,5.3399,5.2924,5.3209,2521700
2025-12-24,5.3304,5.4159,5.3114,5.3969,1510700
2025-12-26,5.3969,5.4634,5.3494,5.4159,962200
2025-12-29,5.4159,5.4634,5.4064,5.4064,818600
2025-12-30,5.4159,5.4159,5.3684,5.3779,1701800
2025-12-31,5.3779,5.4349,5.3779,5.3779,756100
2026-01-02,5.3969,5.4254,5.3779,5.4064,479400
2026-01-05,5.4064,5.6059,5.3969,5.5014,3303600
2026-01-06,5.5299,5.6154,5.4444,5.5299,2931100
2026-01-07,5.5299,5.7959,5.5299,5.7294,8963600
2026-01-08,5.7294,5.9765,5.7294,5.929,5421900
2026-01-09,5.929,5.948,5.834,5.872,3250100
2026-01-12,5.8815,5.9385,5.8245,5.8625,1139500
2026-01-13,5.891,5.91,5.6534,5.7104,2611100
2026-01-14,5.7009,5.7104,5.5679,5.5774,1804700
2026-01-15,5.5774,5.7104,5.5489,5.6629,2062700
2026-01-16,5.6914,5.7294,5.6249,5.6249,1239300
2026-01-19,5.6249,5.6249,5.6249,5.6249,0
2026-01-20,5.5204,5.6059,5.4824,5.5204,1164000
2026-01-21,5.5014,5.5679,5.3494,5.4159,2384700
2026-01-22,5.4254,5.4919,5.3684,5.4729,6953800
2026-01-23,5.4919,5.5299,5.4254,5.5109,2411800
2026-01-26,5.5109,5.7009,5.5109,5.6914,2501700
2026-01-27,5.7009,5.7294,5.5869,5.5964,3508800
2026-01-28,5.5964,5.6629,5.5109,5.6629,2435900
2026-01-29,5.6534,5.6534,5.5394,5.5774,983800
2026-01-30,5.5774,5.6439,5.5394,5.6249,1150400
2026-02-03,5.6249,5.8435,5.6059,5.815,3193100
2026-02-04,5.7959,5.8815,5.6819,5.7009,3482000
2026-02-05,5.7009,5.7769,5.5679,5.5774,3147700
2026-02-06,5.5869,5.6629,5.5204,5.6629,1583800
2026-02-09,5.6534,5.8245,5.6534,5.7959,3469800
2026-02-10,5.7864,5.8435,5.7199,5.8055,2533800
2026-02-11,5.8055,6.062,5.7959,5.9575,6138500
2026-02-12,5.9575,6.005,5.872,5.9385,2655600
2026-02-13,5.9195,5.929,5.8245,5.891,1994600
2026-02-16,5.8815,5.9005,5.7864,5.891,720300
2026-02-19,5.8435,6.176,5.8435,6.0905,3714900
2026-02-20,6.0905,6.1095,5.8815,5.967,1837300
2026-02-23,5.986,6.0145,5.948,5.9955,1077300
2026-02-24,6.043,6.29,6.043,6.2615,8863500
2026-02-25,6.2615,6.6321,6.2615,6.5561,7096900
2026-02-26,6.6321,6.9266,6.6321,6.8886,9875000
2026-02-27,6.9836,7.0312,6.5846,6.6986,5355700
2026-03-02,6.4611,6.7841,6.4611,6.6036,3962600
2026-03-03,6.6036,6.6701,6.404,6.4326,2106200
2026-03-04,6.4326,6.5466,6.2425,6.4326,2151300
2026-03-05,6.4421,6.5466,6.3945,6.4611,3005100
2026-03-06,6.4231,6.4991,6.3565,6.4421,1423400
2026-03-09,6.347,6.366,5.9385,6.2425,6229300
2026-03-10,6.3375,6.4801,6.328,6.4421,4380100
2026-03-11,6.4421,6.5656,6.385,6.5086,2831100
2026-03-12,6.4991,6.6891,6.4136,6.5751,2512800
2026-03-13,6.4611,6.5561,6.366,6.4136,4568700
2026-03-16,6.5002,6.5195,6.3558,6.5002,1223800
2026-03-17,6.5098,6.5484,6.4136,6.5002,2230100
2026-03-18,6.5002,6.6254,6.4617,6.5002,1474100
2026-03-19,6.4521,6.481,6.3076,6.3943,1681800
2026-03-20,6.3943,6.3943,6.3943,6.3943,0
2026-03-24,6.3558,6.3558,6.0669,6.2113,1951600
2026-03-25,6.2595,6.375,6.2402,6.3461,1868100
2026-03-26,6.3076,6.6543,6.2595,6.5291,3609500
2026-03-27,6.5002,6.7121,6.4135,6.6447,2933000
2026-03-30,6.635,6.7891,6.5195,6.5965,6812100
2026-03-31,6.5773,6.7217,5.9513,6.1343,11409800
2026-04-01,6.2595,6.5965,6.2402,6.5484,4476900
2026-04-02,6.5484,6.5676,6.1439,6.1728,2716100
2026-04-03,6.1824,6.2595,6.115,6.1535,1941300
2026-04-06,6.1535,6.2306,5.9995,6.038,1153200
2026-04-07,6.0669,6.1054,5.9802,6.038,1924500
2026-04-08,6.0861,6.3365,6.0861,6.2595,2543500
2026-04-09,6.2884,6.3076,6.1439,6.2884,1111800
2026-04-10,6.2017,6.6158,6.2017,6.5965,2916900
2026-04-13,6.5676,6.5676,6.2306,6.5002,2958000
2026-04-14,6.5098,6.6736,6.5098,6.6158,1670200
2026-04-15,6.635,6.7602,6.5002,6.635,2577500
2026-04-16,6.6639,6.8373,6.635,6.7891,5871700
2026-04-17,6.7891,6.818,6.6061,6.7024,2915900
2026-04-20,6.7024,6.7987,6.6543,6.7506,2433100
2026-04-21,6.7506,6.8373,6.6158,6.7699,5460100
2026-04-22,6.7795,6.818,6.635,6.6639,1586000
2026-04-23,6.6639,6.7602,6.6639,6.7121,1991600
2026-04-24,6.7121,6.7506,6.5869,6.6639,2183300
2026-04-27,6.6061,6.7024,6.5965,6.635,2033800
2026-04-28,6.635,6.7891,6.6158,6.7891,3396800
2026-04-29,6.7891,6.9336,6.7506,6.7699,2817600
2026-04-30,6.7121,6.7313,6.5291,6.5965,3878300
2026-05-04,6.6447,6.6928,6.5676,6.6928,1534200
2026-05-05,6.6832,6.6928,6.558,6.6254,2314600
2026-05-06,6.6639,6.9047,6.6254,6.8373,4446000
2026-05-07,6.8469,6.8854,6.6928,6.7121,2641100
2026-05-08,6.6928,6.818,6.6158,6.7795,1495100
2026-05-11,6.7795,6.8276,6.6447,6.7602,1946200
2026-05-12,6.7602,6.8758,6.7217,6.8373,1446000
2026-05-13,6.8469,6.9721,6.8084,6.9336,5152600
2026-05-14,6.9336,6.9625,6.8373,6.9047,1858100
2026-05-15,6.9047,6.9432,6.8469,6.8565,4307100
2026-05-18,6.9143,6.9528,6.7217,6.8373,2060300
2026-05-19,7.001,7.1839,7.001,7.0299,8790000
2026-05-20,7.078,7.3188,7.078,7.3188,4513300
2026-05-21,7.3188,7.4151,7.2514,7.3573,4685700
2026-05-22,7.3573,7.3573,7.1069,7.1743,4686000
2026-05-25,7.1743,7.2417,7.1069,7.2128,848600
2026-05-26,7.2514,7.2899,7.1551,7.2225,2436600
2026-05-27,7.2225,7.2225,7.2225,7.2225,0
2026-05-28,7.2225,7.2417,7.1551,7.2225,2423600
2026-05-29,7.2802,7.2802,7.1743,7.2128,4828700
2026-06-02,7.2128,7.2128,7.2128,7.2128,0
2026-06-03,7.2128,7.3091,7.0973,7.2417,2737000
2026-06-04,7.2899,7.2899,7.1743,7.2225,2495900
2026-06-05,7.2321,7.2417,6.8854,6.9817,4928500
2026-06-08,6.9336,7.0106,6.895,6.9047,2820100
2026-06-09,7.032,7.032,6.8231,6.8828,3650700
2026-06-10,6.8629,6.8728,6.7336,6.7336,5863900
2026-06-11,6.7137,6.9325,6.6242,6.9325,4611800
2026-06-12,6.9425,7.0618,6.8132,7.0121,3041600
2026-06-15,7.0121,7.3105,7.0121,7.2011,2911400
2026-06-16,7.1812,7.3901,7.1315,7.3901,4345300
2026-06-18,7.4099,7.4696,7.3105,7.3801,5297000
2026-06-19,7.3602,7.4597,7.2508,7.4597,1871600
2026-06-22,7.4696,7.4696,7.3801,7.4497,738100
2026-06-23,7.4099,7.5094,7.3702,7.4597,3376500
2026-06-24,7.4597,7.5194,7.3702,7.3901,595700
2026-06-25,7.4398,7.4398,7.3503,7.4298,1958500
2026-06-26,7.4298,7.4298,7.221,7.2806,1656500
2026-06-29,7.2806,7.4796,7.2409,7.3602,3395100
2026-06-30,7.3602,7.4199,7.3503,7.3901,1465000
2026-07-01,7.4099,7.4597,7.3503,7.3901,768500
2026-07-02,7.4099,7.5094,7.3602,7.4597,3444600
2026-07-03,7.4497,7.4895,7.3602,7.3602,310600
2026-07-06,7.3602,7.3602,7.2707,7.3503,783500
2026-07-07,7.2906,7.4995,7.2906,7.4597,1157400
2026-07-08,7.4597,7.4796,7.3801,7.4696,1598600
2026-07-09,7.4597,7.4895,7.3602,7.4895,1595900
2026-07-10,7.4895,7.7581,7.4895,7.6586,4137400
2026-07-13,7.6387,7.6387,7.5293,7.5591,1191900
2026-07-14,7.579,7.6089,7.4099,7.4597,1743200
2026-07-15,7.4597,7.5194,7.4099,7.4597,1612800
2026-07-16,7.4597,7.4696,7.3801,7.4597,3604500
2026-07-17,7.4497,7.4597,7.3602,7.3602,1939200
2026-07-20,7.3403,7.5194,7.3403,7.4796,1825600
2026-07-21,7.4796,7.589,7.4298,7.589,1431000
2026-07-22,7.5591,7.6586,7.4995,7.5392,2043800
2026-07-23,7.5591,7.7481,7.5392,7.6884,3437200
2026-07-24,7.6089,7.7282,7.5591,7.6089,1373300
2026-07-27,7.6188,7.6288,7.5492,7.5989,3126400
2026-07-28,7.5989,7.6387,7.5392,7.579,3048800
2026-07-29,7.6188,7.6586,7.5094,7.6586,2001300
2026-07-30,7.6586,7.7581,7.5691,7.7183,1609500
2026-07-31,7.7581,7.9172,7.7382,7.8774,2840200
2026-08-03,7.8675,7.9073,7.7083,7.7083,3338600
2026-08-04,7.7581,7.957,7.7183,7.957,4360900
2026-08-05,7.957,8.3548,7.9371,8.1559,5245500
2026-08-06,8.1559,8.2056,8.0167,8.0565,4948300
2026-08-07,8.0565,8.1559,7.947,8.0067,3167100
2026-08-10,8.0067,8.1858,8.0067,8.1559,2466500
2026-08-11,8.1559,8.2653,8.0962,8.0962,4521300
2026-08-12,8.1062,8.2852,8.1062,8.2056,3936200
2026-08-13,8.1559,8.2554,8.1261,8.2454,4889100
2026-08-14,8.2355,8.2454,8.146,8.1758,3073000
2026-08-17,8.1758,8.2454,8.0266,8.0366,1980900
2026-08-18,8.0366,8.1957,8.0067,8.1957,1675500
2026-08-19,8.1559,8.1758,8.0366,8.0465,3691700
2026-08-20,8.0664,8.1261,7.9769,8.1062,3082700
2026-08-21,8.1062,8.136,7.8476,7.8575,4942600
2026-08-24,7.9769,8.1758,7.9669,8.0366,2525600
2026-08-26,8.1062,8.1161,7.8973,7.957,4067500
2026-08-27,7.957,8.1858,7.957,8.1659,2803800
2026-08-28,8.2056,8.2056,8.0366,8.146,3478900
2026-08-31,8.146,8.146,8.146,8.146,0
2026-09-01,8.146,8.1957,7.9371,7.9769,3815000
2026-09-02,7.9868,7.9868,7.8177,7.8774,3956500
2026-09-03,7.8774,7.9868,7.7879,7.7879,3511500
2026-09-04,7.8177,7.9371,7.8177,7.9073,1949000
2026-09-07,7.9172,7.9272,7.7879,7.7879,1175800
2026-09-08,7.7879,7.9172,7.7581,7.9073,977500
2026-09-09,7.9073,7.9968,7.8774,7.9371,2031700
2026-09-10,7.9968,7.9968,7.8376,7.8675,4210400
2026-09-11,7.8675,7.8675,7.3702,7.4,10857600
2026-09-14,7.4,7.4,7.14,7.15,3069800
