date,open,high,low,close,volume
2016-08-11,1.0086,1.0086,0.9969,1.0008,6697600
2016-08-12,0.9969,1.0279,0.9969,1.0124,5525800
2016-08-15,1.0163,1.0241,1.0086,1.0241,2076000
2016-08-16,1.0241,1.0279,1.0163,1.0202,5832000
2016-08-17,1.0241,1.0279,1.0163,1.0202,3648000
2016-08-18,1.0222,1.0222,0.9907,0.9986,8123000
2016-08-19,0.9986,1.0064,0.9946,0.9946,2662200
2016-08-22,1.0064,1.0339,1.0025,1.0339,6007800
2016-08-23,1.0339,1.0379,0.9907,0.9986,2323000
2016-08-24,1.0143,1.03,1.0104,1.0261,4731200
2016-08-25,1.03,1.03,1.0182,1.0222,2617000
2016-08-26,1.0261,1.0261,0.9986,1.0064,1797600
2016-08-29,1.0222,1.0418,1.0143,1.0379,2638000
2016-08-30,1.03,1.0418,1.0261,1.0418,2167400
2016-09-01,1.0418,1.0654,1.0379,1.0615,7470200
2016-09-02,1.0575,1.0654,1.0339,1.0379,3067600
2016-09-05,1.0418,1.0575,1.0339,1.0575,3926000
2016-09-06,1.0497,1.0575,1.0339,1.0418,1231000
2016-09-07,1.0418,1.0615,1.0418,1.0457,2228400
2016-09-08,1.0457,1.0693,1.0457,1.0693,3809000
2016-09-09,1.0615,1.0654,1.0418,1.0457,820400
2016-09-13,1.0418,1.0575,1.0339,1.0457,724200
2016-09-14,1.0418,1.0418,1.0261,1.0261,2323400
2016-09-15,1.03,1.0615,1.0261,1.0615,1034200
2016-09-19,1.0418,1.0615,1.0418,1.0457,456600
2016-09-20,1.0379,1.0575,1.0379,1.0457,1754800
2016-09-21,1.0418,1.0457,1.0339,1.0457,621400
2016-09-22,1.0379,1.0457,1.0379,1.0379,755600
2016-09-23,1.0418,1.0418,1.0261,1.0418,1082000
2016-09-26,1.0339,1.0418,1.0261,1.0418,713400
2016-09-27,1.0457,1.0457,1.0261,1.0379,1194600
2016-09-28,1.03,1.0418,1.03,1.0379,1340800
2016-09-29,1.0339,1.0339,1.0064,1.0143,2531200
2016-09-30,1.0143,1.0261,0.9868,0.9907,2761800
2016-10-04,1.0025,1.0182,0.9986,1.0143,1722000
2016-10-05,0.9986,1.0104,0.9868,1.0025,5670200
2016-10-06,0.9946,1.0064,0.9828,0.9907,4011200
2016-10-07,0.9828,1.0064,0.9828,1.0025,4136800
2016-10-10,1.0025,1.0025,0.9868,0.9946,2617200
2016-10-11,0.9946,1.0025,0.971,0.9868,3659800
2016-10-12,0.9868,1.0025,0.971,0.9789,9880200
2016-10-13,0.9907,1.0025,0.9828,0.9986,4111200
2016-10-14,0.9946,1.0104,0.9946,1.0025,3155000
2016-10-17,1.0025,1.0418,1.0025,1.0379,3376600
2016-10-18,1.0339,1.0418,1.0025,1.0339,3699200
2016-10-19,1.0222,1.0497,1.0222,1.0497,4042600
2016-10-20,1.0222,1.0457,1.0104,1.0222,1956400
2016-10-21,1.0222,1.03,1.0143,1.0182,3681200
2016-10-24,1.0222,1.0261,1.0143,1.0222,3271800
2016-10-25,1.0182,1.0261,1.0064,1.0064,3018200
2016-10-26,1.0064,1.0261,1.0064,1.0182,3929600
2016-10-27,1.0182,1.0339,1.0143,1.0182,1321800
2016-10-28,1.0222,1.0339,1.0025,1.0025,1715800
2016-10-31,1.0025,1.0182,0.9946,1.0025,2743800
2016-11-01,0.9946,1.0025,0.9828,0.9946,4858200
2016-11-02,0.9946,0.9946,0.9789,0.9828,5605200
2016-11-03,0.9789,0.9789,0.9593,0.9632,8339200
2016-11-04,0.9553,0.9553,0.9199,0.9239,6592600
2016-11-07,0.916,0.9278,0.8924,0.9199,10222200
2016-11-08,0.9121,0.9514,0.9121,0.9514,9782800
2016-11-09,0.9514,0.9514,0.9121,0.9317,8526600
2016-11-10,0.9317,0.9435,0.9199,0.9317,7567200
2016-11-11,0.9357,0.9475,0.9278,0.9317,10804000
2016-11-14,0.9239,0.9317,0.8924,0.8963,4929400
2016-11-15,0.8963,0.9357,0.8963,0.9317,4007200
2016-11-16,0.9317,0.9514,0.9317,0.9396,6639800
2016-11-17,0.9396,0.9435,0.9199,0.9317,1623600
2016-11-18,0.9278,0.9317,0.9081,0.916,3865200
2016-11-21,0.9239,0.9396,0.9239,0.9357,1767400
2016-11-22,0.9357,0.9357,0.916,0.9278,3051400
2016-11-23,0.9317,0.9357,0.9199,0.9317,1814600
2016-11-24,0.9396,0.9435,0.9278,0.9396,1905600
2016-11-25,0.9396,0.9514,0.9357,0.9435,2177800
2016-11-28,0.9435,0.9475,0.9278,0.9435,1386200
2016-11-29,0.9435,0.9435,0.9239,0.9278,1566800
2016-11-30,0.9199,0.9435,0.9081,0.9435,1707400
2016-12-01,0.916,0.9632,0.916,0.9553,6067400
2016-12-02,0.9514,0.9632,0.9514,0.9593,12297600
2016-12-05,0.9514,0.9632,0.9475,0.9593,14255600
2016-12-06,0.9333,0.9533,0.9134,0.9333,1772800
2016-12-07,0.9333,0.9333,0.9214,0.9333,3594400
2016-12-08,0.9333,0.9373,0.9174,0.9373,937800
2016-12-09,0.9333,0.9333,0.9214,0.9293,1208400
2016-12-13,0.9293,0.9373,0.9174,0.9293,4821800
2016-12-14,0.9293,0.9413,0.9174,0.9293,2109200
2016-12-15,0.9293,0.9573,0.9253,0.9453,3009000
2016-12-16,0.9413,0.9573,0.9333,0.9333,194400
2016-12-19,0.9373,0.9493,0.9333,0.9453,451800
2016-12-20,0.9413,0.9533,0.9293,0.9493,3642000
2016-12-21,0.9493,0.9612,0.9493,0.9573,2169800
2016-12-22,0.9413,0.9612,0.9413,0.9493,3976800
2016-12-23,0.9413,0.9413,0.9253,0.9373,2157400
2016-12-27,0.9373,0.9373,0.9293,0.9333,104000
2016-12-28,0.9333,0.9413,0.9293,0.9333,174400
2016-12-29,0.9333,0.9493,0.9253,0.9453,1512200
2016-12-30,0.9413,0.9493,0.9293,0.9413,3845200
2017-01-02,0.9413,0.9413,0.9413,0.9413,0
2017-01-03,0.9413,0.9533,0.9373,0.9493,1102200
2017-01-04,0.9573,0.9573,0.9333,0.9533,4081600
2017-01-05,0.9453,0.9852,0.9453,0.9812,1358200
2017-01-06,0.9573,0.9852,0.9573,0.9812,2151000
2017-01-09,0.9812,0.9892,0.9732,0.9812,826000
2017-01-10,0.9892,1.0091,0.9812,0.9932,3100400
2017-01-11,0.9892,1.0051,0.9892,0.9932,2191000
2017-01-12,0.9932,1.0091,0.9932,1.0091,3186600
2017-01-13,1.0011,1.0011,0.9812,0.9852,2831400
2017-01-16,0.9812,0.9812,0.9573,0.9612,1370400
2017-01-17,0.9612,0.9732,0.9453,0.9732,5353800
2017-01-18,0.9732,0.9772,0.9652,0.9732,1771200
2017-01-19,0.9772,0.9932,0.9732,0.9732,1400000
2017-01-20,0.9732,0.9852,0.9692,0.9732,512200
2017-01-23,0.9852,1.0011,0.9812,0.9892,3582000
2017-01-24,0.9971,1.0011,0.9932,0.9971,6721200
2017-01-25,1.0051,1.0091,0.9932,0.9971,5019200
2017-01-26,1.0051,1.0131,1.0011,1.0011,4687800
2017-01-27,1.0011,1.0091,1.0011,1.0051,246400
2017-01-31,1.0051,1.0131,1.0011,1.0051,325000
2017-02-02,1.0051,1.0251,1.0051,1.0171,1983800
2017-02-03,1.0131,1.041,1.0131,1.0291,4347600
2017-02-06,1.0251,1.041,1.0091,1.041,3294800
2017-02-07,1.041,1.0689,1.041,1.0689,11191200
2017-02-08,1.0689,1.0689,1.049,1.057,2466200
2017-02-10,1.0689,1.0689,1.045,1.057,2449600
2017-02-13,1.057,1.0769,1.057,1.0689,3746800
2017-02-14,1.0729,1.0849,1.0729,1.0769,7055000
2017-02-15,1.0809,1.0929,1.0769,1.0849,4332000
2017-02-16,1.0889,1.0929,1.0769,1.0809,2752000
2017-02-17,1.0809,1.0889,1.0689,1.0849,4560600
2017-02-20,1.0849,1.0849,1.0649,1.0769,3799400
2017-02-21,1.0809,1.0849,1.0729,1.0769,1105000
2017-02-22,1.0849,1.1088,1.0769,1.1088,5278200
2017-02-23,1.0969,1.1088,1.057,1.0929,4439400
2017-02-24,1.0769,1.0969,1.0689,1.0929,5334400
2017-02-27,1.0929,1.1168,1.0689,1.0969,2860200
2017-02-28,1.0929,1.0929,1.0769,1.0809,2725000
2017-03-01,1.1088,1.1088,1.0689,1.0769,5450400
2017-03-02,1.0769,1.1048,1.0769,1.1008,9529600
2017-03-03,1.1008,1.1288,1.0769,1.1288,6445800
2017-03-06,1.1288,1.1766,1.1288,1.1607,3995600
2017-03-07,1.1527,1.1766,1.1527,1.1687,4785200
2017-03-08,1.1766,1.1886,1.1647,1.1766,7119200
2017-03-09,1.1766,1.1806,1.1447,1.1447,3361000
2017-03-10,1.1567,1.1687,1.1487,1.1607,7234800
2017-03-13,1.1567,1.1766,1.1487,1.1726,3599400
2017-03-14,1.1647,1.1886,1.1647,1.1806,9439600
2017-03-15,1.1846,1.2245,1.1846,1.2125,14493400
2017-03-16,1.2125,1.2205,1.2085,1.2205,7545200
2017-03-17,1.2125,1.2365,1.2045,1.2285,7807200
2017-03-20,1.2245,1.2365,1.2165,1.2285,609000
2017-03-21,1.2285,1.2564,1.2245,1.2444,6411200
2017-03-22,1.2444,1.2883,1.2245,1.2724,9708400
2017-03-23,1.2803,1.3162,1.2724,1.3003,7622400
2017-03-24,1.3003,1.3083,1.2763,1.2763,2266400
2017-03-27,1.3043,1.3043,1.2604,1.2883,6235600
2017-03-28,1.2963,1.3003,1.2644,1.2803,1112800
2017-03-29,1.3003,1.3003,1.2484,1.2564,557000
2017-03-30,1.2684,1.2684,1.2285,1.2564,11835400
2017-03-31,1.2564,1.2803,1.2484,1.2524,1852400
2017-04-03,1.2604,1.3122,1.2604,1.2684,7663400
2017-04-04,1.2644,1.2763,1.2085,1.2325,11789600
2017-04-05,1.2444,1.2484,1.2285,1.2484,1679400
2017-04-06,1.2484,1.2883,1.2365,1.2484,8594400
2017-04-07,1.2644,1.2644,1.2325,1.2365,2549200
2017-04-10,1.2325,1.2644,1.2325,1.2444,2654200
2017-04-11,1.2564,1.2684,1.2444,1.2564,4239800
2017-04-12,1.2564,1.2564,1.2245,1.2444,2953200
2017-04-13,1.2404,1.2404,1.1846,1.2125,5453600
2017-04-14,1.2125,1.2125,1.1647,1.1806,1612800
2017-04-17,1.1886,1.2165,1.1726,1.2165,2813600
2017-04-18,1.2205,1.2644,1.2165,1.2404,7590800
2017-04-19,1.2404,1.2484,1.2245,1.2245,2186400
2017-04-20,1.2245,1.2365,1.2205,1.2245,1656000
2017-04-21,1.2365,1.2923,1.2245,1.2644,3404800
2017-04-24,1.2684,1.2684,1.2684,1.2684,0
2017-04-25,1.2843,1.3003,1.2684,1.3003,4434000
2017-04-26,1.3043,1.3402,1.3003,1.3162,1715200
2017-04-27,1.3162,1.3402,1.3043,1.3322,2605600
2017-04-28,1.3362,1.3524,1.316,1.3443,1590600
2017-05-02,1.3241,1.3806,1.3241,1.3806,1908000
2017-05-03,1.3806,1.3847,1.3604,1.3726,1573800
2017-05-04,1.3726,1.3766,1.3564,1.3645,2084600
2017-05-05,1.3685,1.3806,1.3604,1.3766,895400
2017-05-08,1.3766,1.4129,1.3604,1.4129,1778600
2017-05-09,1.4129,1.4291,1.3847,1.421,2237800
2017-05-11,1.421,1.4896,1.421,1.4896,3738200
2017-05-12,1.4937,1.4937,1.421,1.425,2302200
2017-05-15,1.425,1.4331,1.3604,1.3685,2795400
2017-05-16,1.3645,1.4089,1.3604,1.3887,2481800
2017-05-17,1.3968,1.4048,1.3564,1.3726,1524800
2017-05-18,1.3524,1.3887,1.3322,1.3806,625600
2017-05-19,1.3766,1.3806,1.3443,1.3766,4533400
2017-05-22,1.3806,1.425,1.3766,1.421,1780600
2017-05-23,1.421,1.425,1.3847,1.417,2150600
2017-05-24,1.4089,1.417,1.3887,1.4129,3802000
2017-05-25,1.425,1.425,1.4048,1.4129,4917600
2017-05-26,1.417,1.425,1.4048,1.4129,2339800
2017-05-29,1.421,1.4331,1.4089,1.417,2701800
2017-05-31,1.4291,1.4291,1.4129,1.4291,1407000
2017-06-01,1.4291,1.4291,1.4129,1.4129,842800
2017-06-02,1.425,1.425,1.4008,1.4129,982000
2017-06-05,1.4129,1.417,1.3887,1.4129,3408400
2017-06-06,1.417,1.4614,1.4129,1.4573,3629000
2017-06-07,1.4614,1.4896,1.4371,1.4775,3069600
2017-06-08,1.4694,1.4775,1.4573,1.4694,1348800
2017-06-09,1.4735,1.4815,1.4573,1.4735,2332200
2017-06-13,1.4493,1.4573,1.3927,1.425,5328000
2017-06-14,1.4331,1.4614,1.4331,1.4493,4385400
2017-06-15,1.4493,1.4493,1.4291,1.4371,910400
2017-06-16,1.4129,1.4452,1.4129,1.4371,1807000
2017-06-19,1.421,1.421,1.3927,1.3927,2257400
2017-06-20,1.4048,1.4291,1.3927,1.3927,1164000
2017-06-21,1.3927,1.4048,1.3685,1.3726,1204000
2017-06-22,1.3726,1.4089,1.3726,1.3847,1664600
2017-06-23,1.4048,1.417,1.3887,1.4048,2877200
2017-06-26,1.4089,1.4089,1.4089,1.4089,0
2017-06-27,1.4089,1.4089,1.4089,1.4089,0
2017-06-28,1.4291,1.4291,1.3968,1.417,1288800
2017-06-29,1.421,1.4331,1.417,1.425,893400
2017-06-30,1.421,1.4452,1.4048,1.4452,1490000
2017-07-03,1.4371,1.4493,1.421,1.4493,777000
2017-07-04,1.4412,1.4654,1.4412,1.4614,1468800
2017-07-05,1.4573,1.4815,1.4573,1.4735,2721800
2017-07-06,1.4735,1.4735,1.4614,1.4694,4222800
2017-07-07,1.4614,1.4735,1.425,1.4654,2508200
2017-07-10,1.4654,1.4694,1.4493,1.4533,2776800
2017-07-11,1.4412,1.4493,1.4129,1.4331,1059600
2017-07-12,1.4089,1.4573,1.4089,1.4533,2121600
2017-07-13,1.4533,1.4573,1.4331,1.4452,5481800
2017-07-14,1.4452,1.4735,1.4291,1.4614,5764200
2017-07-17,1.4735,1.4735,1.4412,1.4452,445200
2017-07-18,1.4654,1.4775,1.4533,1.4735,1211800
2017-07-19,1.4815,1.5017,1.4735,1.5017,3113000
2017-07-20,1.4977,1.5017,1.4735,1.4937,824400
2017-07-21,1.4735,1.4735,1.4412,1.4452,1115600
2017-07-24,1.4533,1.4694,1.4371,1.4654,452800
2017-07-25,1.4614,1.4735,1.4412,1.4533,284400
2017-07-26,1.4452,1.5058,1.4452,1.4977,4128600
2017-07-27,1.4977,1.5421,1.4896,1.5421,2891800
2017-07-28,1.5421,1.5461,1.53,1.534,4522200
2017-07-31,1.5381,1.5502,1.534,1.5502,670600
2017-08-01,1.5502,1.5502,1.5138,1.534,2285000
2017-08-02,1.5381,1.5421,1.5179,1.5421,2928400
2017-08-03,1.5381,1.5421,1.53,1.5381,2238200
2017-08-04,1.5542,1.6592,1.5542,1.6471,5668600
2017-08-07,1.6511,1.7157,1.5905,1.6269,2673400
2017-08-08,1.6269,1.6511,1.5905,1.643,4089600
2017-08-09,1.6148,1.6148,1.5663,1.5744,6518400
2017-08-10,1.5905,1.6148,1.5502,1.5542,3003200
2017-08-11,1.5542,1.5542,1.4694,1.4815,7203400
2017-08-14,1.4856,1.5663,1.4856,1.5623,3432200
2017-08-15,1.5663,1.5905,1.5421,1.5623,4730000
2017-08-16,1.5663,1.5946,1.5663,1.5744,5134200
2017-08-17,1.5905,1.6107,1.5905,1.5946,892000
2017-08-18,1.5744,1.6107,1.5663,1.5986,2213000
2017-08-21,1.5844,1.6129,1.5803,1.5966,848200
2017-08-22,1.6088,1.6129,1.5925,1.6088,471400
2017-08-23,1.6129,1.6658,1.6129,1.6332,2124800
2017-08-24,1.6373,1.6617,1.621,1.6617,614000
2017-08-25,1.6699,1.6821,1.621,1.6699,3344400
2017-08-28,1.6699,1.6699,1.6088,1.6373,736800
2017-08-29,1.6169,1.6577,1.5966,1.6088,911600
2017-08-30,1.6251,1.6699,1.6251,1.6699,5179200
2017-08-31,1.6699,1.6699,1.6699,1.6699,0
2017-09-01,1.6699,1.6699,1.6699,1.6699,0
2017-09-04,1.6699,1.6699,1.6699,1.6699,0
2017-09-05,1.674,1.6903,1.6373,1.6699,2487000
2017-09-06,1.6577,1.6577,1.6292,1.6577,1888600
2017-09-07,1.6699,1.6699,1.6495,1.6577,1501800
2017-09-08,1.678,1.678,1.6414,1.6617,699000
2017-09-11,1.6577,1.6699,1.6495,1.6617,1350200
2017-09-12,1.6699,1.6699,1.6088,1.6414,6401800
2017-09-13,1.6414,1.6658,1.621,1.6536,3196600
2017-09-14,1.6455,1.6495,1.621,1.6251,2509600
2017-09-15,1.6373,1.6699,1.6169,1.6699,6676000
2017-09-18,1.6617,1.6617,1.6373,1.6373,1775000
2017-09-19,1.6373,1.6373,1.5477,1.5681,8236600
2017-09-20,1.5884,1.6047,1.564,1.5721,1695600
2017-09-21,1.5966,1.5966,1.5721,1.5803,4562400
2017-09-22,1.5803,1.5803,1.5803,1.5803,0
2017-09-25,1.5844,1.5844,1.5192,1.5233,4440000
2017-09-26,1.5314,1.5396,1.5029,1.5233,1499600
2017-09-27,1.5314,1.564,1.5273,1.5559,3827200
2017-09-28,1.5559,1.5559,1.5233,1.5273,1602200
2017-09-29,1.5273,1.5518,1.5192,1.5355,5016200
2017-10-02,1.5355,1.5559,1.5314,1.5396,1213600
2017-10-03,1.5436,1.564,1.5314,1.5559,2674000
2017-10-04,1.5559,1.5966,1.5559,1.5844,1893600
2017-10-05,1.5884,1.5966,1.5721,1.5966,1293200
2017-10-06,1.5966,1.6169,1.5884,1.6047,4164800
2017-10-09,1.6129,1.6129,1.5681,1.5844,1285000
2017-10-10,1.5844,1.621,1.5803,1.621,1734600
2017-10-11,1.621,1.621,1.5762,1.6088,5744400
2017-10-12,1.6047,1.6169,1.5884,1.6129,1909000
2017-10-13,1.6047,1.621,1.6047,1.6169,2336400
2017-10-16,1.6088,1.6332,1.6088,1.6251,2285400
2017-10-17,1.6088,1.6414,1.6047,1.6373,2003800
2017-10-18,1.6373,1.6373,1.6373,1.6373,0
2017-10-19,1.5966,1.6495,1.5966,1.6495,1848000
2017-10-20,1.6495,1.6495,1.5966,1.6088,1208000
2017-10-23,1.6169,1.6251,1.6129,1.6169,500600
2017-10-24,1.6047,1.6292,1.6047,1.6292,1604600
2017-10-25,1.6292,1.6373,1.6088,1.6292,1853200
2017-10-26,1.6292,1.6292,1.6047,1.621,1201600
2017-10-27,1.6292,1.6292,1.6169,1.6251,1319800
2017-10-30,1.6251,1.6414,1.6129,1.6414,3132800
2017-10-31,1.6455,1.6455,1.6251,1.6292,1139400
2017-11-01,1.621,1.6414,1.6129,1.6373,1656600
2017-11-02,1.6414,1.6414,1.6129,1.6292,8265400
2017-11-03,1.6292,1.6292,1.6129,1.621,8432000
2017-11-06,1.621,1.621,1.5966,1.6047,3323400
2017-11-07,1.6047,1.6088,1.5477,1.6047,7230600
2017-11-08,1.5803,1.6007,1.5803,1.5884,2994800
2017-11-09,1.6047,1.6047,1.5681,1.5884,1740400
2017-11-10,1.6047,1.6047,1.5844,1.5844,4222400
2017-11-13,1.5803,1.5803,1.5599,1.5599,3342800
2017-11-14,1.5599,1.564,1.5477,1.5559,5756600
2017-11-15,1.5518,1.5681,1.5192,1.5396,3036200
2017-11-16,1.5355,1.5355,1.5151,1.5273,2959200
2017-11-17,1.5273,1.5355,1.4662,1.4948,7837400
2017-11-20,1.4785,1.5151,1.4785,1.507,7202400
2017-11-21,1.4988,1.5273,1.45,1.4948,4672200
2017-11-22,1.4785,1.5151,1.4662,1.4988,6850200
2017-11-23,1.5111,1.5151,1.4785,1.4988,1399200
2017-11-24,1.507,1.5111,1.5029,1.507,3023600
2017-11-27,1.5029,1.5111,1.4948,1.4988,1873800
2017-11-28,1.4907,1.5151,1.4377,1.4662,10861000
2017-11-29,1.454,1.4703,1.4296,1.4296,3812400
2017-11-30,1.4296,1.4581,1.4255,1.4581,5252000
2017-12-01,1.4581,1.4581,1.4581,1.4581,0
2017-12-04,1.4581,1.4662,1.4092,1.4418,1242800
2017-12-05,1.4337,1.4377,1.3685,1.3685,2244600
2017-12-06,1.3685,1.3685,1.2993,1.2993,5646400
2017-12-07,1.3074,1.3604,1.3074,1.3278,4849200
2017-12-08,1.3278,1.34,1.287,1.3033,3462000
2017-12-11,1.3156,1.3359,1.3033,1.3237,2044600
2017-12-12,1.3115,1.3359,1.2422,1.2463,6810600
2017-12-13,1.2626,1.3848,1.2422,1.3644,7020000
2017-12-14,1.3644,1.4337,1.3156,1.4052,7025600
2017-12-15,1.4092,1.4133,1.3441,1.3889,2469800
2017-12-18,1.3929,1.3929,1.3604,1.3766,674000
2017-12-19,1.3726,1.4459,1.3685,1.4377,1947000
2017-12-20,1.4377,1.4907,1.4092,1.4255,2541200
2017-12-21,1.4255,1.4988,1.4255,1.4866,3140600
2017-12-22,1.4866,1.4907,1.4337,1.4662,822600
2017-12-25,1.4662,1.4662,1.4662,1.4662,0
2017-12-26,1.4622,1.4622,1.4255,1.4255,376600
2017-12-27,1.4255,1.45,1.4255,1.4377,268000
2017-12-28,1.4377,1.4622,1.4337,1.4459,1504200
2017-12-29,1.4418,1.4907,1.4377,1.4866,3906800
2018-01-02,1.4866,1.4907,1.4418,1.4907,633600
2018-01-03,1.4907,1.4907,1.4459,1.45,1812000
2018-01-04,1.4662,1.4703,1.4459,1.4581,722400
2018-01-05,1.4622,1.4744,1.4581,1.4662,3898400
2018-01-08,1.4703,1.4744,1.3889,1.3889,5354200
2018-01-09,1.3929,1.4214,1.3604,1.3807,9139000
2018-01-10,1.3848,1.397,1.3115,1.3237,12081000
2018-01-11,1.3318,1.3318,1.2707,1.2748,7756800
2018-01-12,1.287,1.2993,1.2626,1.2667,7699800
2018-01-15,1.2748,1.3196,1.2707,1.2993,1760400
2018-01-16,1.3074,1.3441,1.283,1.3441,3243200
2018-01-17,1.3481,1.3481,1.287,1.3033,5021200
2018-01-18,1.3115,1.3278,1.2993,1.3156,1967400
2018-01-19,1.3033,1.3196,1.2911,1.3033,1396200
2018-01-22,1.2952,1.2952,1.2707,1.2748,2948800
2018-01-23,1.2789,1.3033,1.2707,1.2993,2474000
2018-01-24,1.3033,1.3156,1.287,1.2911,613800
2018-01-25,1.2911,1.3033,1.2748,1.2911,2658400
2018-01-26,1.283,1.287,1.2748,1.2748,3234800
2018-01-29,1.2707,1.287,1.2545,1.2545,3172200
2018-01-30,1.2545,1.2585,1.2056,1.23,7648000
2018-02-02,1.23,1.2341,1.173,1.1934,3549600
2018-02-05,1.1811,1.1811,1.1486,1.1608,5340400
2018-02-06,1.1404,1.1404,1.1038,1.116,5735800
2018-02-07,1.1282,1.1771,1.1282,1.1689,7497200
2018-02-08,1.1689,1.2015,1.1526,1.1934,3012800
2018-02-09,1.1811,1.1811,1.1567,1.1771,5542200
2018-02-12,1.1771,1.1852,1.1119,1.1282,1445800
2018-02-13,1.1323,1.1445,1.1119,1.116,3748600
2018-02-14,1.1241,1.1241,1.0264,1.0508,8630800
2018-02-15,1.0549,1.0793,1.0549,1.0752,2057400
2018-02-16,1.0752,1.0752,1.0752,1.0752,0
2018-02-19,1.0915,1.1119,1.0875,1.0956,2589000
2018-02-20,1.0997,1.1567,1.0752,1.1567,7032800
2018-02-21,1.1608,1.2259,1.1404,1.2056,8415400
2018-02-22,1.2137,1.2137,1.1934,1.2015,5025200
2018-02-23,1.1608,1.1608,1.1201,1.1323,9515600
2018-02-26,1.1282,1.1486,1.0997,1.1038,4996000
2018-02-27,1.116,1.1201,1.0956,1.0997,4273400
2018-02-28,1.0997,1.1241,1.0793,1.1038,5392200
2018-03-01,1.0997,1.0997,1.0712,1.0793,2830400
2018-03-02,1.0712,1.0712,1.059,1.063,2588800
2018-03-05,1.0712,1.0712,1.0386,1.0427,2405800
2018-03-06,1.0467,1.0793,1.0427,1.063,4374600
2018-03-07,1.063,1.063,1.0142,1.0142,5047600
2018-03-08,1.0142,1.0386,1.0142,1.0386,5671800
2018-03-09,1.0427,1.116,1.0427,1.116,10730600
2018-03-12,1.1201,1.1282,1.0793,1.1241,5245200
2018-03-13,1.1119,1.1323,1.1078,1.1282,3556800
2018-03-14,1.116,1.1241,1.0997,1.1119,2425400
2018-03-15,1.1038,1.1078,1.0712,1.1038,3557400
2018-03-16,1.1038,1.1078,1.0508,1.0508,2235800
2018-03-19,1.059,1.0793,1.059,1.063,724000
2018-03-20,1.0549,1.0752,1.0508,1.059,3053400
2018-03-21,1.0671,1.0671,1.0427,1.063,2238400
2018-03-22,1.0549,1.063,1.0345,1.0345,2480000
2018-03-23,1.0264,1.0264,0.9816,0.9897,4122600
2018-03-26,0.9897,0.9979,0.9531,0.9856,5223600
2018-03-27,0.9938,1.006,0.9897,0.9979,2574800
2018-03-28,0.9897,0.9897,0.9694,0.9775,4682200
2018-03-29,0.9612,1.0019,0.9612,0.9979,1862400
2018-03-30,0.9897,0.9979,0.9816,0.9938,257800
2018-04-02,0.9897,0.9897,0.9694,0.9734,4723200
2018-04-03,0.9694,0.9775,0.9571,0.9734,3753800
2018-04-04,0.9612,0.9734,0.949,0.949,3771600
2018-04-05,0.9571,0.9653,0.9164,0.9327,802800
2018-04-06,0.9571,0.9653,0.9164,0.9449,2333400
2018-04-09,0.9694,0.9897,0.9612,0.9653,4086600
2018-04-10,0.949,1.1241,0.949,1.1119,10082000
2018-04-11,1.1119,1.116,1.0427,1.0671,7911400
2018-04-12,1.0467,1.0712,1.0182,1.0182,6338000
2018-04-13,1.0345,1.0752,1.0101,1.0712,5967400
2018-04-16,1.059,1.0712,1.0345,1.0467,1880800
2018-04-17,1.0427,1.0508,1.006,1.006,2945200
2018-04-18,1.0182,1.0264,0.9775,0.9775,1906000
2018-04-19,0.9775,0.9897,0.9571,0.9612,5377600
2018-04-20,0.9612,0.9612,0.9286,0.9327,5967200
2018-04-23,0.9368,0.9449,0.9286,0.9327,2724200
2018-04-24,0.9327,0.9327,0.892,0.9042,8325000
2018-04-25,0.8146,0.8472,0.725,0.7413,42834200
2018-04-26,0.7535,0.7779,0.7331,0.7413,24352400
2018-04-27,0.7535,0.7576,0.7291,0.7413,9570600
2018-04-30,0.7413,0.7413,0.725,0.7331,5734600
2018-05-02,0.7331,0.7453,0.7168,0.725,14846600
2018-05-03,0.7375,0.7583,0.725,0.7458,5146000
2018-05-04,0.7458,0.75,0.7166,0.7166,6756000
2018-05-07,0.7166,0.7166,0.6666,0.7041,9179400
2018-05-08,0.7083,0.75,0.6958,0.75,12783800
2018-05-14,0.7666,0.8333,0.7541,0.825,15121000
2018-05-15,0.8333,0.8458,0.8125,0.8333,6979800
2018-05-16,0.8375,0.9,0.8333,0.8791,9817600
2018-05-17,0.8875,0.9083,0.875,0.875,7174600
2018-05-18,0.875,0.8833,0.8583,0.8791,2239400
2018-05-21,0.8958,0.8958,0.8625,0.875,3399000
2018-05-22,0.8791,0.925,0.875,0.9208,8327400
2018-05-23,0.9208,0.9333,0.9,0.9166,5809000
2018-05-24,0.9291,0.9291,0.8625,0.9166,2883000
2018-05-25,0.9166,0.95,0.9125,0.9333,4113200
2018-05-28,0.9333,0.9583,0.9333,0.9583,4352400
2018-05-30,0.9583,0.9583,0.9583,0.9583,0
2018-05-31,0.9458,0.9458,0.9458,0.9458,0
2018-06-01,0.9958,1.0166,0.9625,1.0166,3914200
2018-06-04,1.0125,1.0208,0.9791,1.0083,2659200
2018-06-05,1.0083,1.0583,1.0041,1.0458,4795200
2018-06-06,1.05,1.0916,1.0458,1.0666,4508800
2018-06-07,1.0666,1.0833,1.0541,1.0541,5069800
2018-06-08,1.075,1.075,1.0333,1.0583,2197800
2018-06-11,1.0541,1.0625,1.0333,1.0416,5004000
2018-06-12,1.025,1.0416,1.0041,1.0208,4772600
2018-06-13,1.0208,1.0333,0.9958,1.0125,2609400
2018-06-14,1.0083,1.0333,1.0,1.0083,1770200
2018-06-18,1.0,1.0,0.9916,0.9916,1906600
2018-06-19,1.0041,1.0291,1.0,1.0083,985200
2018-06-20,1.0083,1.075,1.0041,1.0708,3686000
2018-06-21,1.075,1.0833,1.0583,1.0833,2616200
2018-06-22,1.0708,1.0833,1.0291,1.0333,2792400
2018-06-25,1.0333,1.0583,1.0208,1.0333,1468000
2018-06-26,1.025,1.0333,1.0041,1.0125,2178400
2018-06-27,1.0125,1.0291,0.9916,0.9916,2224000
2018-06-28,0.9708,0.9875,0.9458,0.95,4188800
2018-06-29,0.95,0.9791,0.95,0.9625,2543600
2018-07-02,0.975,1.0125,0.975,1.0,3453600
2018-07-03,1.0,1.025,0.9875,1.0125,3119800
2018-07-04,1.0125,1.0333,1.0125,1.0333,7184200
2018-07-05,1.0333,1.0666,1.0208,1.0625,1392600
2018-07-06,1.0625,1.0625,1.05,1.05,2095400
2018-07-09,1.0416,1.0625,1.0291,1.0583,2214000
2018-07-10,1.05,1.0791,1.0375,1.0625,2028200
2018-07-11,1.0625,1.1041,1.0625,1.1,3568800
2018-07-12,1.1,1.1208,1.1,1.1208,3365600
2018-07-13,1.1166,1.1583,1.1166,1.1541,4576800
2018-07-16,1.1541,1.1625,1.1083,1.125,3434000
2018-07-17,1.1291,1.1291,1.0875,1.1,2018200
2018-07-18,1.0958,1.1375,1.0958,1.1375,1305400
2018-07-19,1.1416,1.1625,1.1333,1.1416,1852800
2018-07-20,1.1333,1.1583,1.1333,1.1458,3389800
2018-07-23,1.1375,1.1458,1.1166,1.1166,1430600
2018-07-24,1.1208,1.1416,1.1166,1.125,2505200
2018-07-25,1.1291,1.1333,1.1208,1.1333,3622200
2018-07-26,1.1291,1.1458,1.1083,1.1166,1344800
2018-07-27,1.1166,1.1166,1.0916,1.1083,1230800
2018-07-30,1.0958,1.1166,1.0791,1.1,1900400
2018-07-31,1.1,1.1208,1.0833,1.0916,1797800
2018-08-01,1.0875,1.1166,1.0875,1.1083,1353800
2018-08-02,1.1083,1.1083,1.0791,1.0791,1548800
2018-08-03,1.0708,1.075,1.0333,1.0541,5590400
2018-08-06,1.0541,1.0958,1.05,1.0791,3552600
2018-08-07,1.0833,1.0875,1.0666,1.0833,3578800
2018-08-08,1.0875,1.0916,1.0791,1.0833,1941000
2018-08-09,1.0833,1.0916,1.0708,1.075,3206200
2018-08-10,1.0791,1.1375,1.0791,1.1166,6994000
2018-08-13,1.1208,1.1416,1.1208,1.125,5484800
2018-08-14,1.125,1.1541,1.1166,1.1458,3253800
2018-08-15,1.15,1.1958,1.15,1.1833,4914000
2018-08-16,1.1875,1.25,1.1791,1.2333,10710600
2018-08-17,1.2333,1.2708,1.2333,1.2541,11021800
2018-08-20,1.2394,1.273,1.2016,1.2394,4437800
2018-08-21,1.2016,1.2394,1.1806,1.21,4359200
2018-08-23,1.21,1.2268,1.189,1.21,4480800
2018-08-24,1.1932,1.1932,1.1512,1.1848,2930200
2018-08-27,1.1848,1.189,1.1596,1.1806,4157800
2018-08-28,1.189,1.231,1.1848,1.2184,7458800
2018-08-29,1.231,1.2646,1.2268,1.2604,7694000
2018-08-30,1.2604,1.273,1.1974,1.2142,3666400
2018-09-03,1.2184,1.2394,1.1764,1.2268,3897600
2018-09-04,1.2268,1.2436,1.2058,1.2184,3065200
2018-09-05,1.2226,1.2646,1.2184,1.252,15865800
2018-09-06,1.252,1.252,1.2352,1.2436,6092000
2018-09-07,1.2352,1.252,1.2268,1.2478,4138600
2018-09-12,1.2478,1.2478,1.2478,1.2478,0
2018-09-13,1.3066,1.3235,1.2814,1.3024,36564200
2018-09-14,1.3066,1.3319,1.294,1.3235,10550800
2018-09-18,1.3151,1.3235,1.2982,1.3151,5122200
2018-09-19,1.3235,1.3235,1.3066,1.3066,1827200
2018-09-20,1.3024,1.3151,1.2898,1.3151,5717600
2018-09-21,1.3151,1.3151,1.3024,1.3024,5238400
2018-09-24,1.3024,1.3108,1.2982,1.3066,1758400
2018-09-25,1.2982,1.3066,1.294,1.3024,6498600
2018-09-26,1.3024,1.3066,1.2982,1.3024,8023600
2018-09-27,1.3024,1.3108,1.294,1.3024,6425600
2018-09-28,1.3066,1.3066,1.3024,1.3024,4309000
2018-10-01,1.2982,1.3108,1.2982,1.3024,5289600
2018-10-02,1.2982,1.3108,1.2982,1.3108,4239000
2018-10-03,1.3066,1.3066,1.2982,1.3024,2395200
2018-10-04,1.3024,1.3024,1.294,1.3024,1724800
2018-10-05,1.3024,1.3024,1.2898,1.294,5259400
2018-10-08,1.294,1.2982,1.273,1.2982,3595200
2018-10-09,1.2898,1.294,1.2772,1.2856,2895000
2018-10-10,1.2772,1.2814,1.2478,1.2646,9644200
2018-10-11,1.231,1.2604,1.1848,1.2394,4871000
2018-10-12,1.2352,1.2604,1.2352,1.2436,1988200
2018-10-15,1.2436,1.2646,1.2394,1.2562,3197200
2018-10-16,1.2562,1.2604,1.2478,1.2562,521000
2018-10-17,1.252,1.2982,1.2478,1.2688,2220400
2018-10-18,1.273,1.273,1.2394,1.2478,920200
2018-10-19,1.2394,1.2646,1.2352,1.252,619600
2018-10-22,1.2604,1.2604,1.2436,1.2436,321600
2018-10-23,1.2436,1.2688,1.2352,1.252,1657600
2018-10-24,1.2478,1.252,1.2436,1.252,984400
2018-10-25,1.2352,1.2394,1.189,1.2394,16048200
2018-10-26,1.2184,1.2352,1.21,1.231,3381800
2018-10-29,1.2058,1.2142,1.2016,1.2058,3033000
2018-10-30,1.21,1.2268,1.2016,1.21,2701600
2018-10-31,1.21,1.2184,1.2058,1.2142,3386400
2018-11-01,1.2058,1.252,1.2058,1.252,944800
2018-11-02,1.2268,1.2772,1.2184,1.2772,2524200
2018-11-05,1.2772,1.2814,1.231,1.2604,1799600
2018-11-07,1.2604,1.2646,1.252,1.2562,3886800
2018-11-08,1.2604,1.273,1.2562,1.2604,1921000
2018-11-09,1.273,1.273,1.2562,1.2604,3897800
2018-11-12,1.2604,1.273,1.2604,1.273,2738600
2018-11-13,1.2688,1.3235,1.2646,1.3108,6871800
2018-11-14,1.3193,1.3193,1.2898,1.2982,3092600
2018-11-15,1.294,1.2982,1.2772,1.294,4932800
2018-11-16,1.3361,1.3655,1.3361,1.3655,27968200
2018-11-19,1.3613,1.3613,1.3529,1.3571,3191400
2018-11-21,1.3613,1.3697,1.3613,1.3655,8310400
2018-11-22,1.3613,1.3697,1.3613,1.3655,7593000
2018-11-23,1.3613,1.3697,1.3613,1.3613,9728000
2018-11-26,1.3613,1.3697,1.3613,1.3613,4243600
2018-11-27,1.3613,1.3697,1.3613,1.3655,3904600
2018-11-28,1.3655,1.3697,1.3613,1.3655,2152200
2018-11-29,1.3655,1.3697,1.3655,1.3697,1960600
2018-11-30,1.3655,1.3697,1.3486,1.3528,14544800
2018-12-03,1.3571,1.3655,1.3486,1.3571,6950000
2018-12-04,1.3613,1.3697,1.3571,1.3655,3956000
2018-12-05,1.3613,1.3697,1.3613,1.3697,807400
2018-12-06,1.3697,1.3697,1.3613,1.3613,24779600
2018-12-07,1.3613,1.3655,1.3317,1.3571,17817400
2018-12-10,1.3486,1.3655,1.3486,1.3613,2075000
2018-12-11,1.3613,1.3697,1.3613,1.3613,2238600
2018-12-12,1.3613,1.3655,1.3528,1.3655,3069200
2018-12-13,1.3571,1.3655,1.3528,1.3571,3387600
2018-12-14,1.3571,1.3655,1.3571,1.3613,1828000
2018-12-17,1.3613,1.3655,1.3486,1.3613,8362400
2018-12-18,1.3486,1.3528,1.2429,1.2894,10020000
2018-12-19,1.2979,1.3444,1.2979,1.3317,7541600
2018-12-20,1.3444,1.3528,1.3148,1.3275,9593200
2018-12-21,1.3402,1.3571,1.3317,1.3528,3120800
2018-12-24,1.3571,1.3655,1.3571,1.3613,834400
2018-12-26,1.3867,1.3909,1.3867,1.3867,2254200
2018-12-27,1.3909,1.3909,1.3867,1.3867,648400
2018-12-28,1.3909,1.3909,1.3867,1.3867,245800
2018-12-31,1.3867,1.3909,1.3867,1.3867,252800
2019-01-02,1.3867,1.3909,1.3867,1.3909,165400
2019-01-03,1.3867,1.3909,1.3867,1.3867,604800
2019-01-04,1.3867,1.3867,1.3824,1.3867,863400
2019-01-07,1.3571,1.3782,1.3021,1.3317,60600
2019-01-08,1.3402,1.3402,1.3402,1.3402,38400
2019-01-09,1.3402,1.3951,1.3317,1.3951,147200
2019-01-10,1.3528,1.3782,1.3359,1.3655,184200
2019-01-11,1.3317,1.3528,1.3148,1.3148,643200
2019-01-14,1.3021,1.3063,1.2725,1.2725,215000
2019-01-15,1.2725,1.2894,1.2598,1.2598,80000
2019-01-16,1.2514,1.2641,1.226,1.2429,152200
2019-01-17,1.2471,1.2683,1.2471,1.2471,139400
2019-01-18,1.2556,1.2556,1.2345,1.2556,105400
2019-01-22,1.2514,1.2514,1.2302,1.2302,174000
2019-01-23,1.226,1.2471,1.226,1.2302,100400
2019-01-24,1.226,1.2471,1.2218,1.2218,74600
2019-01-25,1.2302,1.2641,1.2302,1.2514,393400
2019-01-28,1.2514,1.2598,1.2387,1.2598,92400
2019-01-29,1.2598,1.281,1.2514,1.2641,481200
2019-01-30,1.2598,1.2767,1.2598,1.2767,100000
2019-01-31,1.2767,1.3021,1.2683,1.2894,431400
2019-02-04,1.2937,1.3021,1.2937,1.3021,22600
2019-02-07,1.3106,1.3444,1.3106,1.3444,211400
2019-02-08,1.3444,1.3528,1.3444,1.3528,124400
2019-02-11,1.319,1.319,1.319,1.319,10600
2019-02-12,1.319,1.319,1.2767,1.3021,106800
2019-02-13,1.3063,1.3232,1.2852,1.2894,307400
2019-02-14,1.2894,1.2894,1.2683,1.2894,606200
2019-02-15,1.2894,1.3021,1.2852,1.3021,186400
2019-02-18,1.2979,1.3106,1.2979,1.2979,22600
2019-02-19,1.2979,1.3106,1.2894,1.2894,227600
2019-02-20,1.2937,1.3021,1.2937,1.3021,44800
2019-02-21,1.3106,1.3106,1.2979,1.3106,40800
2019-02-22,1.3106,1.3106,1.3021,1.3106,14000
2019-02-25,1.3021,1.3063,1.3021,1.3063,14800
2019-02-26,1.3021,1.3063,1.2683,1.2683,338800
2019-02-27,1.2683,1.2683,1.2176,1.2218,174000
2019-02-28,1.2218,1.2218,1.1837,1.1837,88400
2019-03-01,1.1837,1.2598,1.1837,1.1837,106600
2019-03-04,1.1922,1.2091,1.1837,1.1837,112000
2019-03-05,1.1837,1.1964,1.1711,1.1922,29200
2019-03-06,1.188,1.1964,1.1499,1.1837,54000
2019-03-07,1.1753,1.1753,1.1668,1.1711,39000
2019-03-08,1.1711,1.1837,1.1626,1.1753,59000
2019-03-11,1.1668,1.1837,1.1668,1.1711,34000
2019-03-12,1.1626,1.1711,1.1626,1.1711,47200
2019-03-13,1.1541,1.1626,1.1541,1.1541,84200
2019-03-14,1.1541,1.1541,1.1415,1.1415,94600
2019-03-15,1.1415,1.1415,1.1076,1.1161,1643600
2019-03-18,1.133,1.133,1.1161,1.1288,83400
2019-03-19,1.1288,1.1288,1.1203,1.1203,36200
2019-03-20,1.1203,1.1245,1.1119,1.1119,61800
2019-03-21,1.1119,1.1161,1.1034,1.1034,29400
2019-03-22,1.1034,1.1415,1.0992,1.1203,14600
2019-03-25,1.1415,1.1415,1.0992,1.1203,14200
2019-03-26,1.1245,1.1415,1.1034,1.1034,60000
2019-03-27,1.1034,1.1034,1.1034,1.1034,0
2019-03-28,1.1161,1.1161,1.1034,1.1034,18200
2019-03-29,1.133,1.133,1.1034,1.1203,19000
2019-04-01,1.1203,1.133,1.0907,1.133,49200
2019-04-02,1.133,1.133,1.1034,1.1034,1600
2019-04-03,1.1034,1.1076,1.1034,1.1076,6600
2019-04-04,1.1203,1.1203,1.1076,1.1161,22000
2019-04-05,1.0992,1.1119,1.095,1.0992,55000
2019-04-08,1.0992,1.0992,1.0907,1.095,145600
2019-04-09,1.095,1.095,1.0865,1.0907,56600
2019-04-10,1.1034,1.1034,1.095,1.0992,27000
2019-04-11,1.0992,1.0992,1.0907,1.0907,47800
2019-04-12,1.0992,1.0992,1.0907,1.0907,6000
2019-04-15,1.0907,1.0907,1.0569,1.0696,95600
2019-04-16,1.0738,1.0738,1.0654,1.0696,24000
2019-04-17,1.0654,1.0696,1.0569,1.0654,39000
2019-04-18,1.0569,1.0569,1.04,1.0442,298200
2019-04-19,1.0611,1.0611,1.0484,1.0527,27000
2019-04-22,1.0484,1.0484,1.0358,1.0442,63400
2019-04-23,1.0442,1.0442,1.0442,1.0442,33200
2019-04-24,1.0484,1.0569,1.0484,1.0527,5600
2019-04-25,1.0569,1.0738,1.0569,1.0569,94400
2019-04-26,1.0907,1.2006,1.0865,1.0992,962400
2019-04-29,1.1119,1.1119,1.078,1.078,188800
2019-04-30,1.0611,1.133,1.0569,1.0823,135200
2019-05-02,1.0823,1.0865,1.0654,1.0654,105400
2019-05-03,1.0654,1.078,1.0611,1.0696,43600
2019-05-06,1.0696,1.0992,1.0696,1.0992,174800
2019-05-07,1.1161,1.1161,1.0992,1.1119,122800
2019-05-08,1.1119,1.1668,1.1119,1.1668,199800
2019-05-09,1.1369,1.1668,1.1326,1.1668,102200
2019-05-10,1.1967,1.1967,1.1369,1.1455,72000
2019-05-13,1.1839,1.1839,1.1113,1.1155,209400
2019-05-14,1.1155,1.1497,1.1027,1.1497,214200
2019-05-15,1.1497,1.1497,1.1497,1.1497,5600
2019-05-16,1.1198,1.1326,1.0942,1.1326,203800
2019-05-17,1.1326,1.1326,1.0984,1.1027,19800
2019-05-21,1.0942,1.1027,1.0856,1.0856,17600
2019-05-23,1.0685,1.0856,1.0557,1.0856,49000
2019-05-24,1.0685,1.0685,1.0172,1.0172,697800
2019-05-27,1.0215,1.0258,1.0215,1.0258,7400
2019-05-28,1.0258,1.0771,1.0258,1.0685,92000
2019-05-29,1.0685,1.1027,1.0685,1.1027,42400
2019-05-30,1.1027,1.1027,1.06,1.0984,14200
2019-05-31,1.0813,1.0813,1.0685,1.0813,16200
2019-06-03,1.0813,1.0813,1.0728,1.0813,12200
2019-06-04,1.0728,1.0813,1.0685,1.0771,11000
2019-06-05,1.0771,1.0771,1.0771,1.0771,0
2019-06-06,1.0771,1.0771,1.0771,1.0771,0
2019-06-07,1.0685,1.0813,1.06,1.0813,42600
2019-06-10,1.0642,1.0771,1.06,1.0771,68000
2019-06-11,1.0942,1.0942,1.0557,1.0728,20200
2019-06-12,1.0771,1.0771,1.0728,1.0771,16000
2019-06-13,1.0685,1.0685,1.0642,1.0642,53200
2019-06-14,1.0642,1.0642,1.06,1.06,14200
2019-06-17,1.06,1.0813,1.06,1.0813,28400
2019-06-18,1.0813,1.0813,1.0813,1.0813,0
2019-06-19,1.0813,1.0813,1.0343,1.0386,10563000
2019-06-20,1.0386,1.0557,1.0343,1.0557,24000
2019-06-21,1.0642,1.1155,1.0557,1.0899,782400
2019-06-24,1.0856,1.0856,1.0471,1.0514,60600
2019-06-25,1.0728,1.0728,1.06,1.06,3174600
2019-06-26,1.06,1.06,1.0514,1.06,19600
2019-06-27,1.0514,1.0685,1.0471,1.0514,45400
2019-06-28,1.0514,1.0514,1.0514,1.0514,0
2019-07-01,1.0685,1.0942,1.0685,1.0771,74000
2019-07-02,1.0813,1.0813,1.0557,1.0557,96600
2019-07-03,1.0514,1.06,1.0343,1.0386,420400
2019-07-04,1.0429,1.0514,1.0429,1.0429,231000
2019-07-05,1.0429,1.0429,1.0301,1.0343,244400
2019-07-08,1.0343,1.0471,1.0215,1.0258,190200
2019-07-09,1.0258,1.0258,1.0044,1.0172,926200
2019-07-10,1.0172,1.0172,1.0044,1.013,63200
2019-07-11,1.013,1.013,1.013,1.013,4800
2019-07-12,1.0471,1.0514,0.9916,0.9916,466600
2019-07-15,0.9916,1.0044,0.9617,1.0001,454400
2019-07-16,1.0001,1.0001,0.9788,0.9916,151200
2019-07-17,0.983,0.983,0.9788,0.983,45000
2019-07-18,0.9745,0.9788,0.9659,0.9702,135600
2019-07-19,0.9617,0.9788,0.9617,0.9745,44600
2019-07-22,0.9702,0.9916,0.9659,0.9916,11200
2019-07-23,0.983,1.0001,0.9745,1.0001,51400
2019-07-24,0.9916,0.9916,0.9702,0.9745,192800
2019-07-25,0.9745,0.9788,0.9702,0.9745,179600
2019-07-26,0.9702,0.9788,0.9659,0.9702,94200
2019-07-29,0.9702,0.9702,0.9702,0.9702,18000
2019-07-31,0.9659,0.9659,0.9574,0.9574,158200
2019-08-01,0.9574,0.9574,0.9488,0.9531,101400
2019-08-02,0.9531,0.9531,0.936,0.9403,169000
2019-08-05,0.936,0.936,0.9317,0.9317,20400
2019-08-06,0.9232,0.9232,0.9147,0.9147,136000
2019-08-07,0.9147,0.9147,0.889,0.8976,530400
2019-08-08,0.8976,0.8976,0.8847,0.8933,396600
2019-08-09,0.8976,0.9189,0.8933,0.8933,219000
2019-08-13,0.889,0.889,0.8719,0.8719,669200
2019-08-14,0.8719,0.8762,0.8719,0.8719,132000
2019-08-15,0.8634,0.8719,0.8634,0.8676,240600
2019-08-16,0.8634,0.8676,0.8634,0.8676,1182200
2019-08-19,0.8719,0.8847,0.8719,0.8847,125400
2019-08-20,0.8762,0.8805,0.8762,0.8805,61000
2019-08-21,0.9189,0.9189,0.8933,0.8933,53200
2019-08-22,0.8976,0.8976,0.8933,0.8976,106600
2019-08-23,0.9494,0.9494,0.8717,0.8717,505600
2019-08-26,0.8717,0.8717,0.8717,0.8717,22600
2019-08-27,0.9235,0.9235,0.8803,0.8803,10800
2019-08-28,0.889,0.889,0.8415,0.8501,1356000
2019-08-29,0.8631,0.8631,0.8286,0.8286,382400
2019-08-30,0.8501,0.8501,0.8286,0.8286,111800
2019-09-03,0.8329,0.8329,0.8286,0.8286,77200
2019-09-04,0.8286,0.8415,0.8286,0.8415,25000
2019-09-05,0.8501,0.876,0.8501,0.8501,836600
2019-09-06,0.8501,0.8501,0.8501,0.8501,2600
2019-09-10,0.8847,0.889,0.876,0.876,87000
2019-09-11,0.889,0.8976,0.876,0.8847,45800
2019-09-12,0.9062,0.9062,0.8976,0.8976,32200
2019-09-13,0.8976,0.9408,0.8976,0.9235,277400
2019-09-17,0.9235,0.9235,0.9235,0.9235,4000
2019-09-18,0.9105,0.9149,0.8976,0.9019,279600
2019-09-19,0.9062,0.9062,0.8847,0.889,340000
2019-09-20,0.889,0.8933,0.8674,0.8674,15189000
2019-09-23,0.8631,0.8674,0.8588,0.8674,71200
2019-09-24,0.876,0.876,0.8544,0.8588,107800
2019-09-25,0.8631,0.8631,0.8415,0.8415,126000
2019-09-26,0.8415,0.8415,0.8329,0.8415,227200
2019-09-27,0.8415,0.8415,0.8242,0.8329,672600
2019-09-30,0.8286,0.8329,0.8242,0.8329,1092800
2019-10-01,0.8329,0.8329,0.8242,0.8329,529200
2019-10-02,0.8372,0.9494,0.8286,0.9105,9136800
2019-10-03,0.8976,0.9062,0.8847,0.8933,928800
2019-10-04,0.9062,0.9796,0.8976,0.9623,3585200
2019-10-07,0.9753,1.1565,0.9753,1.1522,4948600
2019-10-08,1.1781,1.2644,1.122,1.1867,4741000
2019-10-09,1.1824,1.1824,1.1177,1.1349,1062000
2019-10-10,1.1177,1.1436,1.053,1.0702,1506000
2019-10-11,1.0443,1.122,1.0443,1.0961,1925000
2019-10-14,1.122,1.1349,1.1004,1.1177,1677000
2019-10-15,1.1047,1.1091,1.0961,1.1004,606600
2019-10-16,1.1047,1.1091,1.0616,1.0702,1616400
2019-10-17,1.0788,1.1263,1.0745,1.1134,1524400
2019-10-18,1.1306,1.1738,1.1047,1.1047,4642400
2019-10-21,1.1177,1.1306,1.0832,1.1047,883000
2019-10-22,1.1004,1.1393,1.0788,1.0961,3301000
2019-10-23,1.0875,1.1091,1.0702,1.0832,1147400
2019-10-24,1.0832,1.1565,1.0832,1.1436,1173000
2019-10-25,1.1479,1.1479,1.0961,1.1047,881400
2019-10-29,1.0443,1.0573,1.0184,1.0486,2383400
2019-10-30,1.0443,1.0443,0.971,0.9925,1866400
2019-10-31,0.9839,1.0314,0.9839,1.0271,574000
2019-11-01,1.0314,1.0357,1.0141,1.0314,443600
2019-11-04,1.0227,1.0357,1.0141,1.0141,249600
2019-11-05,1.0055,1.0314,1.0055,1.0098,286600
2019-11-06,1.0141,1.0141,0.9969,1.0098,109000
2019-11-07,1.0141,1.0141,1.0012,1.0055,157800
2019-11-08,1.0055,1.0055,0.9925,1.0055,201600
2019-11-11,0.9925,0.9925,0.9796,0.9839,172600
2019-11-12,0.9839,1.0098,0.9839,0.9969,88000
2019-11-13,0.9925,0.9925,0.9839,0.9839,248600
2019-11-14,0.9839,0.9882,0.971,0.971,147400
2019-11-15,0.971,0.9969,0.9666,0.9753,174000
2019-11-18,0.971,0.9925,0.9666,0.9753,262200
2019-11-19,0.9753,0.9839,0.971,0.971,116600
2019-11-20,0.9753,0.9796,0.971,0.9753,24400
2019-11-21,0.971,0.971,0.9408,0.9451,266200
2019-11-22,0.9451,0.9451,0.9451,0.9451,6200
2019-11-25,0.9537,0.9623,0.9494,0.958,215600
2019-11-26,0.9451,0.9494,0.9451,0.9494,208200
2019-11-27,0.9451,0.9494,0.9364,0.9364,211000
2019-11-28,0.9364,0.9364,0.9321,0.9321,99600
2019-11-29,0.9278,0.9278,0.9278,0.9278,42400
2019-12-02,0.9278,0.9321,0.9278,0.9321,37000
2019-12-03,0.9235,0.9235,0.9192,0.9192,22400
2019-12-04,0.9192,0.9192,0.9105,0.9149,50400
2019-12-05,0.9321,0.9796,0.9192,0.971,354800
2019-12-06,0.971,0.9839,0.9494,0.9537,462200
2019-12-09,0.9623,0.9796,0.9451,0.9451,469800
2019-12-10,0.9494,0.9494,0.9278,0.9364,78600
2019-12-11,0.9321,0.9408,0.9192,0.9321,382400
2019-12-12,0.9321,0.958,0.9321,0.9537,63400
2019-12-13,0.9537,1.0486,0.9537,1.0314,1306400
2019-12-16,1.0314,1.0573,1.0184,1.04,694400
2019-12-17,1.0357,1.04,1.0098,1.0098,368200
2019-12-18,1.0141,1.0271,0.9839,0.9925,386800
2019-12-19,0.9969,1.0012,0.9839,0.9925,226800
2019-12-20,1.0099,1.0099,0.9664,0.9751,81600
2019-12-23,0.9751,0.9838,0.949,0.9534,398400
2019-12-24,0.9534,0.9577,0.9403,0.9403,285400
2019-12-26,0.9403,0.9969,0.9403,0.9664,857800
2019-12-27,0.9577,0.9751,0.9534,0.9534,628200
2019-12-30,0.9577,0.9664,0.9272,0.9316,1607800
2019-12-31,0.9403,0.9534,0.9359,0.9403,626600
2020-01-02,0.9446,0.9534,0.9446,0.949,478000
2020-01-03,0.9577,1.023,0.949,1.0099,1368000
2020-01-06,1.0012,1.0056,0.9882,0.9925,343200
2020-01-07,0.9925,1.0012,0.9925,0.9969,131000
2020-01-08,0.9969,0.9969,0.9577,0.9621,231800
2020-01-09,0.9708,0.9882,0.9708,0.9751,190800
2020-01-10,0.9925,1.0361,0.9838,1.023,582200
2020-01-13,1.0317,1.0709,1.0274,1.0535,337800
2020-01-14,1.0535,1.0927,1.0535,1.084,530400
2020-01-15,1.084,1.084,1.0578,1.084,333000
2020-01-16,1.0796,1.084,1.0709,1.0709,244000
2020-01-17,1.0709,1.084,1.0709,1.084,160800
2020-01-20,1.084,1.0883,1.0622,1.0622,179000
2020-01-21,1.0622,1.0622,1.0448,1.0491,59000
2020-01-22,1.0361,1.0622,1.0317,1.0622,181600
2020-01-23,1.0622,1.0796,1.0535,1.0578,332800
2020-01-24,1.0578,1.0622,1.0404,1.0578,48400
2020-01-28,1.0317,1.0317,1.0187,1.0187,124600
2020-01-29,1.023,1.0317,1.023,1.023,9000
2020-01-30,1.023,1.023,0.9969,0.9969,101800
2020-01-31,0.9838,0.9882,0.9577,0.9621,199800
2020-02-03,0.9577,0.9664,0.9272,0.9664,364200
2020-02-04,0.9664,0.9664,0.949,0.949,80600
2020-02-05,0.9534,0.9795,0.9534,0.9577,69800
2020-02-06,0.9708,0.9882,0.9708,0.9708,38800
2020-02-07,0.9751,0.9882,0.9621,0.9621,40000
2020-02-10,0.9621,0.9664,0.9446,0.9446,207000
2020-02-11,0.9577,0.9664,0.9534,0.9621,137600
2020-02-12,0.9621,0.9664,0.9577,0.9621,125400
2020-02-13,0.9664,0.9664,0.9534,0.9534,556600
2020-02-14,0.9664,0.9664,0.9621,0.9664,79400
2020-02-17,0.9708,1.0012,0.9664,0.9751,179200
2020-02-18,0.9795,0.9795,0.9446,0.9577,749800
2020-02-19,0.9577,0.9664,0.9534,0.9577,367000
2020-02-20,0.9664,0.9708,0.9577,0.9664,41200
2020-02-21,0.9621,0.9708,0.9621,0.9664,130200
2020-02-24,0.949,0.9664,0.9403,0.9534,63400
2020-02-25,0.9446,0.9708,0.9446,0.9577,108200
2020-02-26,0.9621,0.9621,0.949,0.9621,661400
2020-02-27,0.9534,0.9577,0.9185,0.9185,2817200
2020-02-28,0.9142,0.9142,0.74,0.875,2634200
2020-03-02,0.875,0.9142,0.8619,0.8924,524200
2020-03-03,0.9185,0.9403,0.9185,0.9272,138200
2020-03-04,0.9272,0.9272,0.9142,0.9185,77800
2020-03-05,0.949,0.9795,0.9272,0.949,2484600
2020-03-06,0.9359,0.9621,0.9185,0.949,2682200
2020-03-09,0.9142,0.9142,0.8706,0.875,371600
2020-03-10,0.8532,0.8968,0.8532,0.8924,1007000
2020-03-11,0.8968,0.8968,0.8924,0.8968,126600
2020-03-12,0.8924,0.8968,0.875,0.8924,765800
2020-03-13,0.8924,0.8924,0.8924,0.8924,0
2020-03-16,0.8097,0.8271,0.7836,0.801,1040000
2020-03-17,0.74,0.8489,0.74,0.801,2055600
2020-03-18,0.7879,0.801,0.7226,0.7792,786200
2020-03-19,0.7749,0.7749,0.6965,0.6965,530600
2020-03-20,0.7488,0.7575,0.74,0.7531,1325200
2020-03-23,0.7313,0.74,0.7183,0.7226,364800
2020-03-24,0.74,0.7444,0.7357,0.7444,309800
2020-03-25,0.7705,0.7836,0.6965,0.7052,1733400
2020-03-26,0.7052,0.74,0.7009,0.7183,862400
2020-03-27,0.7183,0.74,0.7096,0.727,1892400
2020-03-30,0.7009,0.7183,0.7009,0.7183,1865200
2020-03-31,0.7226,0.7226,0.6835,0.6878,5064600
2020-04-01,0.6878,0.7009,0.6704,0.6835,2512200
2020-04-02,0.6747,0.6922,0.666,0.6835,3597800
2020-04-03,0.6878,0.6878,0.6748,0.6791,565600
2020-04-06,0.6835,0.7966,0.6747,0.7444,2414800
2020-04-07,0.7575,0.7749,0.7488,0.7575,901800
2020-04-08,0.7575,0.7662,0.74,0.7488,509000
2020-04-09,0.7488,0.801,0.7488,0.7879,1333000
2020-04-10,0.8053,0.8053,0.7705,0.7705,691000
2020-04-13,0.7705,0.7705,0.7573,0.7573,127200
2020-04-14,0.7573,0.7925,0.7573,0.7881,323200
2020-04-15,0.7925,0.8278,0.7925,0.8101,1014800
2020-04-16,0.8101,0.8278,0.8101,0.8234,185000
2020-04-17,0.8322,0.8586,0.8234,0.8366,656600
2020-04-20,0.8498,0.8542,0.8278,0.8454,864400
2020-04-21,0.8366,0.8454,0.7969,0.819,441800
2020-04-22,0.8146,0.8278,0.7969,0.819,139400
2020-04-23,0.8322,0.841,0.8101,0.8366,207800
2020-04-24,0.819,0.819,0.8057,0.819,100400
2020-04-27,0.819,0.8498,0.819,0.841,233800
2020-04-28,0.841,0.841,0.8234,0.8234,134400
2020-04-29,0.8366,0.863,0.8234,0.8498,221600
2020-04-30,0.841,0.885,0.8322,0.8718,851000
2020-05-04,0.8806,0.8806,0.8322,0.841,387400
2020-05-05,0.8454,0.8762,0.8454,0.8718,426400
2020-05-06,0.8806,0.951,0.8718,0.8894,716000
2020-05-08,0.9026,0.9202,0.8674,0.8806,755800
2020-05-12,0.8894,0.8982,0.8718,0.885,182600
2020-05-13,0.8718,0.885,0.8718,0.8762,443600
2020-05-14,0.885,0.885,0.8586,0.8762,398200
2020-05-15,0.8718,0.8894,0.8674,0.8806,213600
2020-05-18,0.8894,0.9026,0.8762,0.8938,213000
2020-05-19,0.8806,0.8806,0.8762,0.8806,313400
2020-05-20,0.8806,0.885,0.8762,0.8762,132200
2020-05-21,0.885,0.907,0.885,0.907,413800
2020-05-22,0.907,0.9158,0.8762,0.8806,531600
2020-05-27,0.8806,0.9026,0.8806,0.8894,170800
2020-05-28,0.8894,0.8894,0.8806,0.8806,102800
2020-05-29,0.8806,0.8938,0.8806,0.885,383600
2020-06-02,0.885,0.885,0.885,0.885,0
2020-06-03,0.8982,0.8982,0.8674,0.8806,911600
2020-06-04,0.8806,0.885,0.863,0.8674,755800
2020-06-05,0.8674,0.885,0.8542,0.8542,554600
2020-06-09,0.8586,0.8762,0.8542,0.8586,708400
2020-06-10,0.8586,0.885,0.8586,0.8718,809000
2020-06-11,0.8762,0.885,0.863,0.863,695600
2020-06-12,0.8586,0.8586,0.8322,0.841,1082400
2020-06-15,0.8498,0.8542,0.819,0.8234,737200
2020-06-16,0.819,0.8454,0.819,0.841,172000
2020-06-17,0.841,0.8542,0.8366,0.8542,279800
2020-06-18,0.8498,0.8498,0.8278,0.8366,375600
2020-06-19,0.8366,0.8542,0.8366,0.8366,116800
2020-06-22,0.8542,0.863,0.8498,0.863,471000
2020-06-23,0.863,0.8806,0.8542,0.8806,519400
2020-06-24,0.885,0.9026,0.8762,0.8982,628200
2020-06-25,0.8982,0.9422,0.8982,0.9246,1210600
2020-06-26,0.9246,0.9378,0.9026,0.9114,516600
2020-06-29,0.907,0.9158,0.8894,0.9114,919200
2020-06-30,0.9114,0.9246,0.9026,0.9026,81600
2020-07-01,0.907,0.907,0.8982,0.8982,269600
2020-07-02,0.8982,0.907,0.885,0.8982,668600
2020-07-03,0.9114,0.9687,0.9114,0.9598,1268000
2020-07-06,0.9731,1.0787,0.9731,1.0787,1640600
2020-07-07,1.1007,1.1184,1.0347,1.0699,1750800
2020-07-08,1.0655,1.0787,1.0127,1.0743,791600
2020-07-09,1.0655,1.0787,1.0655,1.0699,637600
2020-07-10,1.0743,1.0743,1.0215,1.0523,240800
2020-07-13,1.0655,1.0787,1.0259,1.0787,576400
2020-07-14,1.0743,1.0875,0.9775,0.9951,1809800
2020-07-15,1.0039,1.0435,0.9995,1.0347,1663200
2020-07-16,1.0435,1.0435,1.0215,1.0215,377600
2020-07-17,1.0303,1.0347,1.0127,1.0347,473200
2020-07-20,1.0347,1.0831,1.0039,1.0611,674600
2020-07-21,1.0611,1.1668,1.0611,1.1492,3175200
2020-07-22,1.1492,1.1668,1.0963,1.1051,3664400
2020-07-23,1.1096,1.1492,1.0699,1.0963,946400
2020-07-24,1.0963,1.1007,1.0787,1.1007,2312000
2020-07-27,1.1007,1.136,1.1007,1.1272,1350600
2020-07-28,1.136,1.2108,1.136,1.1888,2073200
2020-07-29,1.1888,1.2504,1.1844,1.224,1667200
2020-07-30,1.2504,1.2769,1.1712,1.202,2119800
2020-08-03,1.2328,1.5014,1.2284,1.4045,8710400
2020-08-04,1.4882,1.5675,1.475,1.5058,12906800
2020-08-05,1.5322,1.5322,1.4926,1.4926,2909400
2020-08-06,1.497,1.5278,1.431,1.4398,3150800
2020-08-07,1.4486,1.4706,1.409,1.4222,2405400
2020-08-10,1.431,1.4706,1.3693,1.4354,4059200
2020-08-11,1.4398,1.4618,1.4398,1.4442,2785400
2020-08-12,1.4442,1.497,1.3869,1.4794,3474400
2020-08-13,1.497,1.5234,1.431,1.431,1407000
2020-08-14,1.4354,1.4354,1.4001,1.409,1167000
2020-08-17,1.4533,1.4666,1.409,1.4621,2037400
2020-08-18,1.4621,1.4976,1.4488,1.4798,1139600
2020-08-19,1.5064,1.5064,1.4843,1.5064,1416000
2020-08-21,1.5064,1.5241,1.4887,1.5064,1345000
2020-08-24,1.502,1.5064,1.4931,1.4976,1103400
2020-08-25,1.4931,1.5862,1.4931,1.5685,4839800
2020-08-26,1.5685,1.6837,1.5685,1.6305,5580800
2020-08-27,1.6748,1.7723,1.6438,1.6482,5086600
2020-08-28,1.6482,1.6615,1.595,1.6393,1716800
2020-09-01,1.6438,1.6792,1.6438,1.6615,2188000
2020-09-02,1.6792,1.7014,1.6393,1.6615,2577800
2020-09-03,1.6704,1.6704,1.6261,1.6393,2381000
2020-09-04,1.5862,1.6128,1.5729,1.5817,1729000
2020-09-07,1.6216,1.6216,1.5197,1.5374,1500400
2020-09-08,1.5596,1.5596,1.4178,1.4488,1631200
2020-09-09,1.4311,1.5419,1.3514,1.4931,2826400
2020-09-10,1.5109,1.5463,1.4134,1.44,3537000
2020-09-11,1.4222,1.5906,1.4178,1.5906,1868600
2020-09-14,1.5995,1.6526,1.5773,1.6039,1926000
2020-09-15,1.6393,1.6393,1.5817,1.595,394600
2020-09-17,1.5817,1.6083,1.5463,1.5463,812200
2020-09-18,1.5463,1.5906,1.4931,1.5463,476200
2020-09-21,1.5463,1.5463,1.5109,1.5109,198200
2020-09-22,1.502,1.533,1.4976,1.533,624600
2020-09-23,1.5286,1.5507,1.5064,1.5286,1726800
2020-09-24,1.5197,1.5463,1.4843,1.5374,298400
2020-09-25,1.5463,1.5463,1.533,1.5463,152000
2020-09-28,1.5507,1.6083,1.5507,1.6083,682400
2020-09-29,1.6083,1.6172,1.5906,1.595,546600
2020-09-30,1.595,1.6349,1.5817,1.5817,325400
2020-10-01,1.595,1.6482,1.5773,1.595,1025400
2020-10-02,1.5862,1.6261,1.5817,1.6172,770400
2020-10-05,1.6216,1.6393,1.6128,1.6172,516200
2020-10-06,1.6393,1.6615,1.6083,1.6349,1454200
2020-10-07,1.6482,1.6881,1.6172,1.6837,1071000
2020-10-08,1.7014,1.7413,1.6969,1.7058,4007800
2020-10-09,1.7058,1.7634,1.7058,1.7413,1301800
2020-10-12,1.7457,1.7501,1.7058,1.7191,996200
2020-10-13,1.7191,1.7413,1.7191,1.7191,905200
2020-10-14,1.728,1.7413,1.7191,1.7368,2553200
2020-10-15,1.728,1.7413,1.7147,1.728,1142800
2020-10-16,1.7368,1.7545,1.7191,1.7368,2383000
2020-10-19,1.7368,1.8697,1.728,1.8166,6391200
2020-10-20,1.852,1.852,1.7989,1.8254,2521400
2020-10-21,1.8254,1.8432,1.7989,1.8299,950400
2020-10-22,1.8299,1.9052,1.7944,1.852,4934200
2020-10-23,1.8609,2.078,1.8299,1.9495,10001600
2020-10-26,2.0603,2.202,1.9584,2.171,9492000
2020-10-27,2.1843,2.335,2.1843,2.2729,11122200
2020-10-28,2.2774,2.3837,2.2596,2.2951,8302200
2020-10-30,2.2907,2.2995,2.2109,2.2596,6014800
2020-11-02,2.2596,2.4635,2.1976,2.4014,6407400
2020-11-03,2.4191,2.5122,2.4103,2.4369,2362600
2020-11-04,2.4369,2.49,2.3926,2.4546,4280000
2020-11-05,2.459,2.7293,2.459,2.7071,7520400
2020-11-06,2.7382,2.7692,2.6185,2.6983,3690800
2020-11-09,2.7161,2.7516,2.6272,2.6672,2909600
2020-11-10,2.6583,2.6583,2.5116,2.5338,3038600
2020-11-11,2.5294,2.7116,2.4671,2.5338,7417800
2020-11-12,2.6005,2.6449,2.5516,2.6138,2345200
2020-11-13,2.6272,2.6583,2.5871,2.6049,1469000
2020-11-16,2.6183,2.6227,2.4182,2.436,5344600
2020-11-17,2.4227,2.5471,2.3782,2.4493,3721800
2020-11-18,2.4893,2.6005,2.4671,2.4671,4860000
2020-11-19,2.4805,2.5516,2.3782,2.4449,2558400
2020-11-20,2.4716,2.5249,2.4538,2.5249,2006400
2020-11-23,2.5338,2.6049,2.4405,2.4849,2364000
2020-11-24,2.4493,2.4849,2.4049,2.4449,1343400
2020-11-25,2.4893,2.4893,2.4138,2.4805,2933800
2020-11-26,2.4805,2.6183,2.4582,2.5916,4268400
2020-11-27,2.6094,2.6538,2.5516,2.556,2191200
2020-11-30,2.5738,2.6183,2.4938,2.4982,5742400
2020-12-01,2.4982,2.5427,2.4582,2.5027,2974600
2020-12-02,2.5027,2.6672,2.4938,2.6138,6369800
2020-12-03,2.6627,2.6627,2.5694,2.6005,1777800
2020-12-04,2.6005,2.6316,2.4982,2.5338,2622800
2020-12-07,2.556,2.5916,2.4938,2.5427,1829200
2020-12-08,2.5427,2.6005,2.5427,2.5783,1004600
2020-12-09,2.5827,2.596,2.5427,2.5605,2670200
2020-12-10,2.5738,2.5871,2.5427,2.5471,2021000
2020-12-11,2.556,2.5916,2.5338,2.5783,1262200
2020-12-14,2.5827,2.8005,2.556,2.5649,2691200
2020-12-15,2.5871,2.6805,2.5649,2.6716,2186400
2020-12-16,2.7116,2.7561,2.636,2.6805,2132800
2020-12-17,2.7027,2.7027,2.6494,2.6672,1316400
2020-12-18,2.6672,3.045,2.6672,3.0228,9258800
2020-12-21,2.9783,3.1161,2.7161,2.7738,10497000
2020-12-22,2.7694,2.8272,2.6094,2.7116,9925600
2020-12-23,2.7072,2.8094,2.6894,2.6938,4097400
2020-12-24,2.7249,2.7738,2.6494,2.6716,3425400
2020-12-28,2.6849,2.7605,2.6583,2.6672,3388200
2020-12-29,2.7294,2.7294,2.6538,2.6672,4683000
2020-12-30,2.6672,2.7116,2.6538,2.6672,2794800
2020-12-31,2.6716,2.7872,2.6716,2.7472,2770000
2021-01-04,2.7561,2.8405,2.6938,2.8183,3243600
2021-01-05,2.8227,2.845,2.7383,2.7738,3214000
2021-01-06,2.7783,2.8139,2.7516,2.7561,5531400
2021-01-07,2.7383,2.7472,2.6583,2.7249,3206000
2021-01-08,2.7249,2.7561,2.6672,2.7116,3755600
2021-01-11,2.6761,2.8005,2.6272,2.765,3922200
2021-01-12,2.7961,2.8672,2.7027,2.7916,2185200
2021-01-13,2.7961,3.0094,2.7961,2.965,6477800
2021-01-14,3.0006,3.1828,2.9783,3.1472,8449200
2021-01-15,3.1739,3.3073,3.1117,3.2851,5880800
2021-01-18,3.3117,3.494,3.245,3.4806,5726600
2021-01-19,3.5118,3.5473,3.0984,3.3117,10934400
2021-01-20,3.3117,3.5029,3.2984,3.4629,6928400
2021-01-21,3.5118,3.5473,3.374,3.4362,5579200
2021-01-22,3.5029,3.8185,3.494,3.6896,10709000
2021-01-25,3.6807,3.6985,3.5118,3.614,6085800
2021-01-26,3.6807,3.7696,3.6184,3.6896,5259000
2021-01-27,3.7074,3.8674,3.6673,3.8585,5193600
2021-01-29,3.7696,3.8185,3.6896,3.734,5325600
2021-02-02,3.7563,3.8496,3.7029,3.7607,2792000
2021-02-03,3.7785,3.8318,3.7207,3.734,7274000
2021-02-04,3.7563,3.9963,3.7296,3.9474,8153000
2021-02-05,3.9785,4.0363,3.8496,3.9074,2524200
2021-02-08,3.8674,3.9474,3.8363,3.8585,1978600
2021-02-09,3.8585,3.8852,3.7785,3.8585,2968400
2021-02-10,3.8452,3.8452,3.7385,3.774,2944000
2021-02-11,3.7785,3.8585,3.7696,3.8496,572800
2021-02-15,3.8763,3.9696,3.8674,3.9607,2151600
2021-02-16,3.9963,4.0007,3.8452,3.8585,1971800
2021-02-17,3.8674,3.8718,3.7785,3.8318,1361200
2021-02-18,3.8229,3.9118,3.7429,3.9029,3772600
2021-02-19,3.9029,4.1208,3.8585,4.0808,4568200
2021-02-22,4.0808,4.0896,3.8941,3.8985,2446000
2021-02-23,3.8452,3.9563,3.7918,3.8674,5062200
2021-02-24,3.8807,3.8852,3.7651,3.8229,2307400
2021-02-25,3.9118,4.1119,3.8229,3.9874,5807600
2021-02-26,3.8718,3.9563,3.814,3.9563,4281400
2021-03-01,3.9163,4.0141,3.8496,3.9874,3275200
2021-03-02,4.0007,4.1919,3.9385,3.9918,6046200
2021-03-03,3.9607,3.983,3.8896,3.9118,2188000
2021-03-04,3.8452,3.8718,3.5962,3.6985,6043800
2021-03-05,3.574,3.6362,3.454,3.5962,9545800
2021-03-08,3.6451,3.6673,3.2984,3.334,8417400
2021-03-09,3.1961,3.5029,3.125,3.3117,12882000
2021-03-10,3.5118,3.5562,3.334,3.3695,8639800
2021-03-11,3.4185,3.4185,3.3116,3.3873,4172200
2021-03-12,3.4364,3.5077,3.3428,3.3428,2413000
2021-03-15,3.3829,3.3829,3.1957,3.2313,4200600
2021-03-16,3.2625,3.2982,3.1957,3.2492,2841000
2021-03-17,3.2492,3.2625,3.1779,3.2001,1796600
2021-03-18,3.2313,3.4319,3.2313,3.3918,7056600
2021-03-19,3.2982,3.4319,3.2759,3.4275,2104800
2021-03-22,3.4275,3.5344,3.3873,3.5032,1876200
2021-03-23,3.5211,3.6325,3.5077,3.5879,4169800
2021-03-24,3.5879,3.5879,3.5166,3.5656,1251000
2021-03-25,3.5166,3.5567,3.4319,3.4453,1135800
2021-03-26,3.4676,3.5166,3.4453,3.5077,2033000
2021-03-29,3.5077,3.5077,3.4364,3.4809,1674600
2021-03-30,3.4854,3.4854,3.374,3.4676,1244600
2021-03-31,3.4096,3.4988,3.3383,3.423,2407000
2021-04-01,3.4542,3.4899,3.3873,3.4854,2149200
2021-04-02,3.5211,3.677,3.5211,3.677,3395400
2021-04-05,3.6993,3.784,3.6904,3.7484,1751000
2021-04-06,3.7885,3.8018,3.6414,3.6548,1437800
2021-04-07,3.6548,3.6904,3.5879,3.6369,963200
2021-04-08,3.6592,3.6592,3.5879,3.6236,1260600
2021-04-09,3.6325,3.6325,3.5879,3.6013,554200
2021-04-12,3.5968,3.6102,3.5255,3.5567,816600
2021-04-13,3.5834,3.7261,3.5567,3.6726,2486400
2021-04-14,3.6726,3.7127,3.6057,3.6369,906800
2021-04-15,3.6102,3.6236,3.5656,3.6102,1670600
2021-04-16,3.6236,3.6369,3.5612,3.5834,1237800
2021-04-19,3.5834,3.6057,3.53,3.5656,707200
2021-04-20,3.5389,3.5433,3.4943,3.5166,1619000
2021-04-21,3.4899,3.5032,3.4587,3.472,800000
2021-04-22,3.4809,3.5211,3.472,3.4988,1064800
2021-04-23,3.4854,3.5968,3.4364,3.5968,1112200
2021-04-26,3.5968,3.628,3.5478,3.5834,674600
2021-04-27,3.579,3.6681,3.4542,3.4542,4522600
2021-04-28,3.4809,3.5211,3.4542,3.4587,3585400
2021-04-30,3.5121,3.5121,3.4453,3.4453,1553400
2021-05-03,3.4453,3.4765,3.3428,3.4765,1080600
2021-05-04,3.4542,3.5344,3.4007,3.5211,689800
2021-05-05,3.4364,3.4765,3.3918,3.4096,3077000
2021-05-06,3.4275,3.4319,3.3606,3.3829,2616200
2021-05-07,3.3784,3.4319,3.3561,3.3606,1003200
2021-05-10,3.3561,3.3561,3.2937,3.3294,1988200
2021-05-11,3.3205,3.3205,3.1333,3.1734,4182600
2021-05-12,3.1645,3.2447,3.1556,3.1868,1352200
2021-05-17,3.1823,3.1823,2.9951,3.0753,3531000
2021-05-18,3.0753,3.1333,3.0397,3.1065,3734200
2021-05-19,3.1065,3.111,3.0263,3.111,1508800
2021-05-20,3.0441,3.1645,3.0441,3.111,2000600
2021-05-21,3.1244,3.16,2.9818,3.0798,2232400
2021-05-24,3.0352,3.2759,3.0352,3.2091,8810600
2021-05-25,3.2358,3.2581,3.1734,3.2001,2498400
2021-05-27,3.1779,3.2091,3.1422,3.2091,2773600
2021-05-28,3.2091,3.2091,3.1155,3.1645,835400
2021-05-31,3.062,3.2091,3.0263,3.1868,2422600
2021-06-01,3.1868,3.2759,3.1779,3.2759,1235200
2021-06-02,3.2715,3.3339,3.2715,3.3116,999400
2021-06-03,3.316,3.3651,3.3116,3.3651,1913400
2021-06-04,3.3651,3.374,3.3071,3.3517,1070000
2021-06-08,3.3517,3.3606,3.2715,3.2804,415800
2021-06-09,3.2804,3.2804,3.1868,3.2447,471600
2021-06-10,3.2001,3.2759,3.1645,3.2536,657200
2021-06-11,3.2804,3.2804,3.2001,3.2536,377000
2021-06-14,3.2536,3.3561,3.2536,3.3561,389800
2021-06-15,3.3695,3.423,3.2982,3.3027,1219800
2021-06-16,3.3027,3.3339,3.2893,3.2982,491800
2021-06-17,3.2982,3.2982,3.2804,3.2982,379600
2021-06-18,3.3339,3.4408,3.2759,3.4364,2946200
2021-06-21,3.4453,3.4453,3.316,3.3963,868000
2021-06-22,3.3918,3.4007,3.2893,3.316,826200
2021-06-23,3.3339,3.3561,3.3116,3.3205,497000
2021-06-24,3.3517,3.3517,3.2715,3.3205,586400
2021-06-25,3.2982,3.3428,3.2982,3.2982,310000
2021-06-28,3.2759,3.2937,3.2091,3.2492,344800
2021-06-29,3.2447,3.2848,3.2091,3.2091,536200
2021-06-30,3.2269,3.2804,3.2091,3.2715,190000
2021-07-01,3.2269,3.2715,3.218,3.2581,504800
2021-07-02,3.2447,3.2893,3.218,3.2893,207000
2021-07-05,3.3205,3.4319,3.3205,3.3963,692200
2021-07-06,3.3963,3.4275,3.3695,3.4052,788200
2021-07-07,3.4052,3.4319,3.3873,3.4185,752000
2021-07-08,3.3873,3.4497,3.3873,3.4185,1204600
2021-07-09,3.3873,3.4631,3.2982,3.3695,2256200
2021-07-12,3.3784,3.3784,3.3205,3.3428,197400
2021-07-13,3.3428,3.4542,3.3428,3.4096,704600
2021-07-14,3.3561,3.4676,3.3561,3.4587,2414600
2021-07-15,3.4765,3.5344,3.4587,3.4943,1354000
2021-07-16,3.4943,3.4943,3.4319,3.4587,837400
2021-07-19,3.4319,3.4587,3.4141,3.423,1050000
2021-07-21,3.423,3.423,3.3918,3.4007,541200
2021-07-22,3.4007,3.4765,3.4007,3.4542,2258800
2021-07-23,3.4899,3.6726,3.4809,3.6325,2641400
2021-07-26,3.6102,3.7038,3.5523,3.6236,5655000
2021-07-27,3.6458,3.6681,3.5211,3.579,3293200
2021-07-28,3.579,3.5879,3.5255,3.5656,936200
2021-07-29,3.5968,3.6681,3.5567,3.6681,2906200
2021-07-30,3.6548,3.8018,3.6191,3.7216,4922600
2021-08-02,3.7484,3.9222,3.7172,3.833,6940800
2021-08-03,3.8509,4.145,3.8509,3.9668,10463600
2021-08-04,3.9222,4.0024,3.8687,3.8732,5099000
2021-08-05,3.8821,4.1406,3.8821,4.0737,4445400
2021-08-06,4.1138,4.1851,4.0336,4.0782,3669400
2021-08-09,4.0782,4.1049,4.0336,4.0381,1419800
2021-08-11,4.0336,4.1762,3.8865,3.9757,5500800
2021-08-12,3.9668,4.0158,3.8821,3.8865,3233000
2021-08-13,3.9222,3.9668,3.8018,3.8865,2106000
2021-08-16,3.8374,3.8865,3.8285,3.8642,2509400
2021-08-17,3.8642,3.8955,3.8016,3.8151,2090400
2021-08-18,3.8195,3.8195,3.7212,3.7704,2436600
2021-08-19,3.7525,3.8061,3.7212,3.7212,2649600
2021-08-20,3.7436,3.8597,3.7436,3.7614,2008400
2021-08-23,3.8017,3.8821,3.8017,3.8419,3421600
2021-08-24,3.8865,3.9312,3.824,3.8776,3754800
2021-08-25,3.8865,3.9223,3.8642,3.8865,2203800
2021-08-26,3.9223,3.9223,3.8597,3.8776,3267200
2021-08-27,3.8821,3.9044,3.8195,3.8419,1986800
2021-08-30,3.8821,3.8821,3.7972,3.8374,1975600
2021-09-01,3.8374,3.8419,3.7436,3.7927,1917200
2021-09-02,3.7659,3.8106,3.7525,3.7659,1165600
2021-09-03,3.8195,3.8195,3.748,3.7525,1916200
2021-09-06,3.7525,3.9044,3.7525,3.8419,2571000
2021-09-07,3.8419,3.8776,3.824,3.8553,2180400
2021-09-08,3.8553,3.8731,3.7927,3.7927,1501400
2021-09-09,3.7927,3.8374,3.7927,3.8195,473200
2021-09-10,3.8016,3.8329,3.757,3.7704,694800
2021-09-13,3.7704,3.7704,3.6944,3.7123,1542800
2021-09-14,3.7123,3.7704,3.69,3.7168,1210800
2021-09-15,3.7168,3.8195,3.7168,3.7972,773200
2021-09-17,3.7972,3.824,3.7748,3.7972,2158400
2021-09-20,3.7793,3.7793,3.7168,3.7436,1209800
2021-09-21,3.7257,3.7391,3.7034,3.7168,2712800
2021-09-22,3.7212,3.8597,3.7168,3.8195,2300600
2021-09-23,3.8508,4.0339,3.8508,3.9312,5952400
2021-09-24,3.9759,3.9803,3.8776,3.9133,1594400
2021-09-27,3.9223,4.0518,3.9223,3.9312,2477800
2021-09-28,3.9357,3.9357,3.8419,3.8642,2654200
2021-09-29,3.7748,3.8642,3.757,3.8195,1802000
2021-09-30,3.8106,3.8597,3.7972,3.8106,1705600
2021-10-01,3.8106,3.8106,3.7257,3.7748,2530400
2021-10-04,3.7748,3.8017,3.7302,3.7525,1535000
2021-10-05,3.7302,3.757,3.7123,3.748,3104400
2021-10-06,3.7704,3.7793,3.7078,3.7078,998300
2021-10-07,3.7525,3.7793,3.681,3.7078,3224500
2021-10-08,3.7257,3.7882,3.7257,3.7793,2026300
2021-10-11,3.7793,3.7972,3.7078,3.7436,2814400
2021-10-12,3.7346,3.7525,3.6989,3.7346,2018900
2021-10-13,3.7257,3.7257,3.5738,3.6006,6291100
2021-10-14,3.6096,3.681,3.6096,3.6364,2618900
2021-10-15,3.6632,3.6721,3.6185,3.6453,2160400
2021-10-18,3.6453,3.6632,3.6096,3.6542,2306400
2021-10-20,3.6632,3.7078,3.6364,3.681,3603400
2021-10-21,3.69,3.6989,3.6096,3.6989,3206200
2021-10-22,3.681,3.7436,3.6274,3.6453,1347300
2021-10-25,3.6453,3.69,3.6453,3.6632,2573100
2021-10-26,3.6632,3.7168,3.6542,3.6989,2293000
2021-10-27,3.69,3.7257,3.6453,3.681,1905400
2021-10-28,3.6989,3.8419,3.69,3.7436,4709800
2021-10-29,3.824,3.8687,3.7882,3.824,1630800
2021-11-01,3.7525,3.8508,3.7346,3.7704,1583300
2021-11-02,3.7972,3.824,3.7436,3.824,2659500
2021-11-03,3.8329,3.8329,3.7078,3.7168,2595400
2021-11-05,3.7972,3.8061,3.7346,3.7346,1575400
2021-11-08,3.7436,3.7793,3.6989,3.7525,1017400
2021-11-09,3.7525,3.7525,3.6989,3.7257,578500
2021-11-10,3.7078,3.7614,3.6989,3.7257,1108700
2021-11-11,3.7257,3.7257,3.6629,3.6808,664400
2021-11-12,3.6808,3.7885,3.6808,3.7885,676600
2021-11-15,3.7885,3.7975,3.7257,3.7437,828300
2021-11-16,3.7437,3.7616,3.7167,3.7437,599000
2021-11-17,3.7616,3.7616,3.7078,3.7437,1855700
2021-11-18,3.7347,3.8334,3.7347,3.8245,1381900
2021-11-19,3.8424,3.9861,3.8424,3.9681,2972600
2021-11-22,3.9771,4.0309,3.9232,3.9412,2201400
2021-11-23,3.9322,3.9861,3.9053,3.9053,1256100
2021-11-24,3.9053,3.9501,3.8873,3.8873,693600
2021-11-25,3.8873,3.9322,3.8604,3.9053,593600
2021-11-26,3.9053,3.9053,3.7885,3.8065,1602600
2021-11-29,3.7616,3.8424,3.6718,3.7257,2410600
2021-11-30,3.7706,3.8604,3.7437,3.7706,1221200
2021-12-01,3.7706,3.7885,3.6359,3.7526,2447500
2021-12-02,3.7706,3.7706,3.6449,3.6808,3937000
2021-12-06,3.6449,3.6808,3.618,3.627,1378100
2021-12-07,3.627,3.6808,3.627,3.6718,1340100
2021-12-08,3.7257,3.7706,3.6718,3.6808,685300
2021-12-09,3.7257,3.7347,3.6988,3.7167,958500
2021-12-10,3.7078,3.7078,3.6449,3.7078,731500
2021-12-13,3.7078,3.7167,3.6449,3.6449,420300
2021-12-14,3.6359,3.6449,3.618,3.6359,642800
2021-12-15,3.6359,3.6449,3.618,3.627,399000
2021-12-16,3.6359,3.6808,3.618,3.6359,1358600
2021-12-17,3.618,3.627,3.5641,3.591,371200
2021-12-20,3.591,3.618,3.591,3.6,909200
2021-12-21,3.591,3.6539,3.591,3.6539,267700
2021-12-22,3.6539,3.6539,3.618,3.6539,489800
2021-12-23,3.618,3.6718,3.618,3.6718,776700
2021-12-24,3.6539,3.6539,3.627,3.6449,385100
2021-12-27,3.6449,3.6449,3.609,3.6359,721800
2021-12-28,3.6449,3.6718,3.6449,3.6718,130400
2021-12-29,3.6718,3.7437,3.6718,3.7347,317200
2021-12-30,3.7257,3.7347,3.6718,3.6898,145500
2021-12-31,3.6898,3.6988,3.6629,3.6629,418100
2022-01-03,3.6629,3.7257,3.6359,3.7167,319900
2022-01-04,3.7167,3.7347,3.6629,3.6629,915500
2022-01-05,3.6629,3.6808,3.6539,3.6718,632500
2022-01-06,3.6629,3.6629,3.609,3.6359,2836000
2022-01-07,3.627,3.6718,3.618,3.6629,267300
2022-01-10,3.6629,3.6629,3.4205,3.4564,3485300
2022-01-11,3.4564,3.5102,3.2499,3.3127,5519900
2022-01-12,3.3935,3.4294,3.2319,3.3217,2724200
2022-01-13,3.3217,3.3217,3.1781,3.214,5948900
2022-01-14,3.1242,3.1422,2.6753,2.7292,20114900
2022-01-17,2.7471,2.9895,2.7202,2.8728,9241300
2022-01-19,2.801,2.81,2.6753,2.7112,10450900
2022-01-20,2.6933,2.8279,2.6933,2.7741,9318700
2022-01-21,2.7023,2.7471,2.6843,2.7292,7629800
2022-01-24,2.6753,2.81,2.6753,2.7651,4938200
2022-01-25,2.7741,2.7831,2.7112,2.7382,3341000
2022-01-26,2.7382,2.81,2.7292,2.801,4368600
2022-01-27,2.7741,2.7831,2.7023,2.7112,2319000
2022-01-28,2.7112,2.7651,2.7112,2.7202,960300
2022-01-31,2.7561,2.801,2.7382,2.7831,1016200
2022-02-03,2.8279,2.8549,2.81,2.819,1155300
2022-02-04,2.7831,2.81,2.7561,2.7741,1497700
2022-02-07,2.7741,2.8459,2.7561,2.8279,1515000
2022-02-08,2.8369,2.8369,2.7831,2.8279,2894800
2022-02-09,2.8279,2.9177,2.8279,2.8639,2229700
2022-02-10,2.8908,2.9806,2.8818,2.8908,2244000
2022-02-11,2.8639,2.8998,2.8279,2.8908,691400
2022-02-14,2.8459,2.8459,2.7651,2.7741,1483800
2022-02-15,2.7741,2.819,2.7651,2.81,914300
2022-02-16,2.8369,2.8549,2.81,2.8279,1177300
2022-02-17,2.8369,2.8549,2.792,2.801,909600
2022-02-18,2.792,2.792,2.7112,2.7382,1805000
2022-02-21,2.7112,2.7292,2.6215,2.6215,4556100
2022-02-22,2.6035,2.6304,2.5048,2.5137,4667900
2022-02-23,2.5137,2.6663,2.5137,2.6394,3632600
2022-02-24,2.6035,2.6484,2.5227,2.5856,2057000
2022-02-25,2.6394,2.7202,2.6304,2.6304,1057500
2022-02-28,2.6484,2.6663,2.6215,2.6394,2232900
2022-03-01,2.6843,2.6843,2.5855,2.5945,1348900
2022-03-02,2.5856,2.5945,2.4688,2.4958,4195100
2022-03-03,2.5048,2.5586,2.4778,2.5137,3545500
2022-03-04,2.4958,2.4958,2.3342,2.3611,3025300
2022-03-07,2.3342,2.3342,2.1905,2.2085,4073000
2022-03-08,2.1456,2.2085,1.993,2.0469,5984600
2022-03-09,2.0648,2.3162,2.0648,2.3072,2751600
2022-03-10,2.388,2.424,2.3432,2.388,4179400
2022-03-11,2.3342,2.5227,2.2983,2.4778,2261400
2022-03-14,2.5137,2.5227,2.3701,2.3791,1843900
2022-03-15,2.3521,2.406,2.2983,2.2983,1200800
2022-03-16,2.3791,2.397,2.2534,2.388,3944700
2022-03-17,2.4688,2.7023,2.4688,2.6933,7006500
2022-03-18,2.7292,2.7292,2.5586,2.6304,2607600
2022-03-21,2.6484,2.7561,2.6394,2.7561,3679300
2022-03-22,2.7292,2.7831,2.6663,2.7741,2128900
2022-03-23,2.8279,2.9536,2.819,2.9177,6588200
2022-03-24,2.8906,2.9087,2.8184,2.9087,1117800
2022-03-25,2.9629,3.0261,2.9539,3.0171,2445000
2022-03-28,3.0352,3.0352,2.9177,2.9358,1043500
2022-03-29,2.9629,2.9719,2.8093,2.8816,1368500
2022-03-30,2.9177,2.9358,2.8455,2.8545,1113200
2022-03-31,2.8455,2.8816,2.8093,2.8364,436000
2022-04-01,2.8093,2.8545,2.7822,2.8184,867800
2022-04-04,2.8093,2.8274,2.7913,2.8184,1141800
2022-04-05,2.8455,2.9177,2.8455,2.8997,3634100
2022-04-06,2.8635,2.8635,2.8274,2.8455,960800
2022-04-07,2.8003,2.8093,2.7732,2.7913,1115300
2022-04-08,2.8003,2.8274,2.7551,2.7732,775600
2022-04-11,2.7551,2.7551,2.6196,2.6196,2333000
2022-04-12,2.6016,2.6558,2.5564,2.6106,1198000
2022-04-13,2.6196,2.6738,2.6016,2.6196,1119500
2022-04-14,2.6648,2.6738,2.6106,2.6196,777000
2022-04-15,2.6106,2.6106,2.5564,2.5745,1008200
2022-04-18,2.5564,2.5745,2.5383,2.5745,325800
2022-04-20,2.5745,2.6196,2.5474,2.5564,894000
2022-04-21,2.5745,2.6016,2.5383,2.5745,400200
2022-04-22,2.5654,2.5654,2.5203,2.5293,1387600
2022-04-25,2.5022,2.5112,2.4209,2.5112,1306300
2022-04-26,2.5022,2.5474,2.4932,2.5383,711900
2022-04-27,2.4751,2.5293,2.4299,2.4932,930700
2022-04-28,2.4932,2.6196,2.4932,2.5925,1584800
2022-04-29,2.6106,2.6287,2.5745,2.6287,698900
2022-05-05,2.6648,2.6648,2.5383,2.5383,345200
2022-05-06,2.4841,2.4932,2.448,2.457,820300
2022-05-09,2.448,2.448,2.3757,2.4209,1356200
2022-05-10,2.3938,2.5022,2.3938,2.5022,918400
2022-05-11,2.457,2.5564,2.4209,2.457,976600
2022-05-12,2.457,2.5112,2.439,2.439,679500
2022-05-13,2.448,2.6016,2.448,2.5925,739300
2022-05-17,2.6287,2.6467,2.5564,2.6196,706600
2022-05-18,2.6377,2.6467,2.5925,2.6196,672600
2022-05-19,2.5745,2.6016,2.5293,2.5654,554700
2022-05-20,2.5925,2.6196,2.5474,2.5474,565000
2022-05-23,2.5654,2.6016,2.5654,2.5925,352500
2022-05-24,2.6016,2.6016,2.5383,2.5835,339100
2022-05-25,2.5835,2.5925,2.4751,2.5293,248500
2022-05-26,2.5383,2.5835,2.5383,2.5835,173500
2022-05-27,2.5925,2.5925,2.5203,2.5293,189500
2022-05-30,2.5564,2.5925,2.5383,2.5925,190800
2022-05-31,2.5925,2.6016,2.4841,2.4841,914300
2022-06-01,2.5203,2.5654,2.5203,2.5474,353600
2022-06-02,2.5383,2.5654,2.5293,2.5383,143800
2022-06-03,2.5474,2.6377,2.5474,2.6377,949900
2022-06-07,2.6377,2.6377,2.5564,2.6287,282800
2022-06-08,2.6377,2.6829,2.5654,2.6377,637200
2022-06-09,2.6287,2.6287,2.5564,2.5654,332500
2022-06-10,2.5383,2.5564,2.5022,2.5293,286500
2022-06-13,2.4841,2.4841,2.3848,2.3848,828300
2022-06-14,2.3577,2.439,2.3486,2.4028,444200
2022-06-15,2.3938,2.3938,2.3215,2.3486,371700
2022-06-16,2.3848,2.4028,2.3125,2.3396,367500
2022-06-17,2.3035,2.3306,2.2854,2.3306,307500
2022-06-20,2.2854,2.2854,2.1589,2.168,1561700
2022-06-21,2.2041,2.2131,2.177,2.177,1867100
2022-06-22,2.186,2.1951,2.0415,2.0686,1790800
2022-06-23,2.0686,2.0776,1.9421,1.9421,3511500
2022-06-24,1.9692,2.1047,1.9692,2.0957,2485500
2022-06-27,2.1318,2.186,2.1228,2.177,1266000
2022-06-28,2.177,2.177,2.0867,2.1318,978000
2022-06-29,2.0957,2.1409,2.0686,2.0957,929200
2022-06-30,2.0957,2.1228,2.0686,2.0776,1831500
2022-07-01,2.0867,2.1138,2.0686,2.0867,247300
2022-07-04,2.1047,2.1047,1.897,1.9512,1589400
2022-07-05,1.9421,1.9783,1.8699,1.897,2000600
2022-07-06,1.906,1.9602,1.897,1.9331,728300
2022-07-07,1.9331,1.9512,1.8879,1.9421,450700
2022-07-08,1.9692,2.0596,1.9692,2.0415,996600
2022-07-12,1.9963,2.0415,1.9783,2.0415,383500
2022-07-13,2.0415,2.0686,1.9783,2.0596,485900
2022-07-14,2.0596,2.0957,2.0415,2.0686,433300
2022-07-15,2.0776,2.1499,2.0596,2.0957,733800
2022-07-18,2.1138,2.177,2.0867,2.1589,737000
2022-07-19,2.1228,2.2131,2.1138,2.1951,1016300
2022-07-20,2.2402,2.2673,2.186,2.2222,1590900
2022-07-21,2.2402,2.2583,2.1951,2.2493,459100
2022-07-22,2.2402,2.2764,2.2131,2.2583,631500
2022-07-25,2.2312,2.2493,2.186,2.2131,401400
2022-07-26,2.2041,2.2402,2.1951,2.2402,212100
2022-07-27,2.2402,2.3035,2.2131,2.2854,900200
2022-07-28,2.3215,2.5564,2.3215,2.4932,3050400
2022-07-29,2.5564,2.728,2.5564,2.71,6947400
2022-08-01,2.7822,2.8003,2.6738,2.7009,3095500
2022-08-02,2.7009,2.728,2.6287,2.6377,3077200
2022-08-03,2.6196,2.7461,2.6196,2.7009,2518500
2022-08-04,2.7551,2.8184,2.728,2.7551,3660100
2022-08-05,2.7642,2.7822,2.71,2.7732,1862200
2022-08-08,2.7642,2.7642,2.719,2.728,1133900
2022-08-09,2.728,2.7551,2.6738,2.6738,841000
2022-08-10,2.6467,2.6467,2.5293,2.5654,2079600
2022-08-11,2.6655,2.7474,2.6655,2.711,3140500
2022-08-12,2.711,2.7474,2.6837,2.7383,863000
2022-08-15,2.7747,2.8202,2.7383,2.7383,1124800
2022-08-16,2.7383,2.7747,2.711,2.7565,871000
2022-08-17,2.7474,2.7565,2.6928,2.7201,1040800
2022-08-18,2.7019,2.7565,2.6655,2.7565,1174700
2022-08-19,2.7474,2.802,2.7201,2.7383,628200
2022-08-22,2.7292,2.7292,2.6382,2.6655,650100
2022-08-23,2.6382,2.6382,2.5654,2.6109,1327100
2022-08-24,2.5927,2.6109,2.5563,2.5745,446100
2022-08-25,2.5836,2.6473,2.5654,2.6382,1505800
2022-08-26,2.6564,2.6746,2.62,2.6564,842100
2022-08-29,2.529,2.5927,2.5108,2.5836,1214900
2022-08-30,2.5745,2.6018,2.3835,2.5108,4264600
2022-09-01,2.4563,2.4563,2.3835,2.3835,2228600
2022-09-02,2.4017,2.4017,2.3289,2.338,1765300
2022-09-05,2.3289,2.338,2.3016,2.3198,1127700
2022-09-06,2.3198,2.3835,2.3198,2.3653,1521600
2022-09-07,2.3562,2.3653,2.3198,2.3289,407700
2022-09-08,2.3744,2.4017,2.3471,2.3562,548300
2022-09-09,2.3744,2.4108,2.3653,2.3926,614400
2022-09-12,2.429,2.4654,2.4108,2.4563,1106300
2022-09-13,2.4745,2.529,2.4199,2.5108,1433300
2022-09-14,2.3653,2.62,2.3562,2.4472,2549200
2022-09-15,2.4654,2.4745,2.4108,2.4199,325500
2022-09-19,2.3926,2.4108,2.3744,2.3744,401900
2022-09-20,2.4381,2.4381,2.3926,2.4108,323200
2022-09-21,2.3835,2.429,2.3744,2.4108,421400
2022-09-22,2.3835,2.4472,2.3744,2.4381,267100
2022-09-23,2.4108,2.429,2.4017,2.4017,203000
2022-09-26,2.3835,2.429,2.3289,2.3926,691800
2022-09-27,2.4017,2.4199,2.3926,2.3926,208800
2022-09-28,2.3744,2.3926,2.338,2.3926,848400
2022-09-29,2.4381,2.4381,2.2561,2.2743,1207100
2022-09-30,2.2652,2.3653,2.2379,2.3653,913500
2022-10-03,2.3471,2.3562,2.3471,2.3471,186800
2022-10-04,2.3744,2.3744,2.3471,2.3744,283100
2022-10-05,2.3835,2.4017,2.3471,2.3653,705100
2022-10-06,2.3289,2.3744,2.3198,2.3289,315500
2022-10-07,2.338,2.3471,2.2834,2.2834,317700
2022-10-11,2.2834,2.2925,2.2106,2.2288,1158800
2022-10-12,2.2561,2.2561,2.1106,2.1379,1097200
2022-10-13,2.1197,2.1742,2.1197,2.1379,1437100
2022-10-14,2.1651,2.2106,2.147,2.1924,746700
2022-10-17,2.1651,2.3016,2.147,2.2561,2090000
2022-10-18,2.3107,2.3107,2.2197,2.2379,1161400
2022-10-19,2.2379,2.2379,2.1288,2.1379,1229200
2022-10-20,2.1379,2.1833,2.0833,2.1651,1950700
2022-10-21,2.156,2.1651,2.1197,2.147,710400
2022-10-25,2.1651,2.2106,2.1197,2.2015,1108800
2022-10-26,2.2015,2.2561,2.1833,2.2015,833400
2022-10-27,2.2561,2.2561,2.156,2.2197,533700
2022-10-28,2.2288,2.2925,2.2288,2.2925,1682800
2022-10-31,2.3016,2.429,2.2925,2.4108,1813200
2022-11-01,2.4017,2.4654,2.3653,2.429,1508800
2022-11-02,2.429,2.4836,2.429,2.429,1585100
2022-11-03,2.429,2.529,2.4108,2.529,1665600
2022-11-04,2.5199,2.5472,2.4381,2.4563,1773500
2022-11-07,2.4563,2.4745,2.429,2.4472,2072000
2022-11-08,2.4472,2.4563,2.4108,2.429,553600
2022-11-09,2.4199,2.4199,2.3107,2.3926,591800
2022-11-10,2.3467,2.3467,2.2734,2.2734,543300
2022-11-11,2.3742,2.4567,2.3742,2.4201,1967900
2022-11-14,2.4292,2.4384,2.3834,2.3926,358300
2022-11-15,2.4109,2.4292,2.3651,2.3926,738200
2022-11-16,2.4017,2.4017,2.3284,2.3559,3514200
2022-11-17,2.3926,2.4017,2.3467,2.3926,1056800
2022-11-21,2.3651,2.4109,2.3651,2.3834,1682200
2022-11-22,2.3742,2.4109,2.3742,2.3926,481500
2022-11-23,2.4017,2.4659,2.3926,2.4567,766900
2022-11-24,2.4751,2.6584,2.4751,2.5484,1671100
2022-11-25,2.5943,2.6034,2.4567,2.4751,367100
2022-11-29,2.4567,2.4659,2.4201,2.4567,430000
2022-11-30,2.4476,2.4751,2.4384,2.4751,2728800
2022-12-01,2.4934,2.7318,2.4934,2.6859,8588000
2022-12-02,2.6859,2.7409,2.6034,2.6584,2304300
2022-12-05,2.6768,2.6768,2.6309,2.6493,581900
2022-12-06,2.6401,2.6584,2.6034,2.6401,1097300
2022-12-07,2.6401,2.6401,2.5301,2.5668,1311200
2022-12-08,2.5484,2.5851,2.5393,2.5484,246700
2022-12-09,2.5668,2.6768,2.5484,2.6493,949400
2022-12-12,2.6401,2.6493,2.5943,2.6309,956600
2022-12-13,2.6309,2.6768,2.6309,2.6584,2436400
2022-12-14,2.6859,2.7409,2.6859,2.7226,731700
2022-12-15,2.7409,2.7409,2.6218,2.6309,312300
2022-12-16,2.6218,2.6309,2.5759,2.5943,287100
2022-12-19,2.5943,2.6401,2.5943,2.6034,430500
2022-12-20,2.6034,2.6034,2.5301,2.5484,509800
2022-12-21,2.5393,2.5576,2.4476,2.4567,378700
2022-12-22,2.4751,2.5026,2.4201,2.4659,1507900
2022-12-23,2.4292,2.5117,2.4292,2.5117,253600
2022-12-27,2.4751,2.5117,2.4751,2.4934,201800
2022-12-28,2.5026,2.5026,2.4384,2.4476,150300
2022-12-29,2.4659,2.5117,2.4476,2.5026,308900
2022-12-30,2.5117,2.5576,2.5117,2.5301,395800
2023-01-03,2.5209,2.5301,2.4659,2.4751,276400
2023-01-04,2.4567,2.5393,2.4567,2.5393,117400
2023-01-05,2.5576,2.5576,2.5117,2.5301,445200
2023-01-06,2.5393,2.5393,2.4751,2.4842,383900
2023-01-09,2.5117,2.5668,2.5026,2.5668,737400
2023-01-10,2.5759,2.6034,2.5484,2.5668,301800
2023-01-11,2.5759,2.5943,2.5668,2.5759,845800
2023-01-12,2.5851,2.6859,2.5851,2.6768,1390400
2023-01-13,2.6859,2.7043,2.6768,2.7043,3801000
2023-01-16,2.7043,2.7776,2.6951,2.7776,1670100
2023-01-17,2.7776,2.7776,2.6951,2.7134,959000
2023-01-18,2.7226,2.7959,2.7226,2.7959,1397600
2023-01-19,2.7959,2.8418,2.7593,2.8234,1108400
2023-01-20,2.8234,2.8876,2.8234,2.8509,1164500
2023-01-25,2.8601,2.9151,2.8051,2.8326,772700
2023-01-26,2.8509,2.8601,2.8234,2.8326,1232200
2023-01-27,2.8418,2.8968,2.8418,2.8601,2322200
2023-01-30,2.8784,2.9334,2.8784,2.9243,2597800
2023-01-31,2.9151,2.9243,2.8693,2.8876,755600
2023-02-02,2.8876,3.0068,2.8876,3.0068,1861100
2023-02-03,3.0068,3.0251,2.8968,2.9243,605500
2023-02-07,2.9059,2.9151,2.8326,2.8601,344500
2023-02-08,2.8784,3.0068,2.8693,2.9793,1687600
2023-02-09,2.9334,2.9793,2.9334,2.9793,755700
2023-02-10,2.9609,2.9609,2.9151,2.9426,314300
2023-02-13,2.9334,2.9976,2.9151,2.9976,1801000
2023-02-14,2.9793,2.9884,2.9151,2.9609,698800
2023-02-15,2.9151,2.9518,2.9059,2.9334,135400
2023-02-16,2.9334,2.9426,2.8968,2.9334,560300
2023-02-17,2.8876,2.9059,2.6493,2.6584,6225900
2023-02-20,2.6401,2.7409,2.5484,2.6676,4745000
2023-02-21,2.6493,2.6584,2.6126,2.6401,566800
2023-02-22,2.5943,2.6493,2.5943,2.6401,1169200
2023-02-23,2.6493,2.9609,2.6034,2.8784,4436300
2023-02-24,2.8693,2.9151,2.7959,2.8693,5303500
2023-02-27,2.8693,2.8693,2.7501,2.7684,900300
2023-02-28,2.7776,2.8051,2.7134,2.7134,285600
2023-03-01,2.7318,2.8876,2.7134,2.8326,940000
2023-03-02,2.8234,2.8784,2.8234,2.8601,865200
2023-03-03,2.8418,2.8876,2.7776,2.8051,459600
2023-03-06,2.8051,2.8693,2.8051,2.8234,984400
2023-03-07,2.8784,2.8784,2.7684,2.7684,127600
2023-03-08,2.7684,2.8326,2.7684,2.7684,133400
2023-03-09,2.7684,2.8143,2.7409,2.7409,248800
2023-03-10,2.7594,2.7963,2.7502,2.7871,693500
2023-03-13,2.7502,2.7963,2.7409,2.7871,777400
2023-03-14,2.7686,2.7871,2.7594,2.7686,2111500
2023-03-15,2.7778,2.8332,2.7778,2.7963,173500
2023-03-16,2.7778,2.7963,2.7686,2.7778,267600
2023-03-17,2.7963,2.8701,2.7871,2.824,494600
2023-03-20,2.824,2.8794,2.824,2.8609,378900
2023-03-21,2.8794,2.9255,2.824,2.8609,291900
2023-03-22,2.8794,2.8978,2.8332,2.8424,487200
2023-03-23,2.8332,2.8794,2.8148,2.8517,184300
2023-03-24,2.8609,2.8978,2.8332,2.8609,119300
2023-03-27,2.8886,2.8886,2.7594,2.7686,753900
2023-03-28,2.7686,2.8148,2.7594,2.7594,701000
2023-03-29,2.7594,2.8332,2.7594,2.8332,136000
2023-03-30,2.8517,2.8701,2.8332,2.8517,193300
2023-03-31,2.8701,2.8701,2.8517,2.8609,257500
2023-04-03,2.8701,2.944,2.8701,2.944,1300900
2023-04-04,2.9532,2.9532,2.9347,2.944,1306800
2023-04-05,2.944,3.027,2.9347,3.0086,829700
2023-04-06,3.0178,3.0178,2.8794,2.8978,382700
2023-04-07,2.9255,2.9624,2.8886,2.8886,688800
2023-04-10,2.8609,2.944,2.8609,2.8794,494900
2023-04-11,2.8886,2.9163,2.8424,2.8609,771600
2023-04-12,2.8424,2.8701,2.8148,2.824,328800
2023-04-13,2.824,2.8424,2.7963,2.8148,236000
2023-04-14,2.8424,2.8517,2.7871,2.7963,508900
2023-04-17,2.7871,2.8332,2.7778,2.8332,1725300
2023-04-18,2.8332,2.8701,2.7778,2.7871,1689000
2023-04-19,2.7778,2.824,2.7686,2.7686,1216100
2023-04-20,2.7778,2.9809,2.7778,2.824,3022500
2023-04-25,2.8609,2.8609,2.7594,2.7594,903200
2023-04-26,2.7594,2.7963,2.7132,2.7686,1130300
2023-04-27,2.7686,2.824,2.5471,2.6948,19131900
2023-04-28,2.6763,2.7686,2.6763,2.7594,1320500
2023-05-02,2.7225,2.7225,2.6948,2.704,677200
2023-05-03,2.6856,2.6856,2.6394,2.6579,950300
2023-05-05,2.6394,2.6486,2.584,2.584,420000
2023-05-08,2.584,2.6394,2.584,2.621,143500
2023-05-09,2.6117,2.6302,2.6025,2.621,112900
2023-05-10,2.621,2.621,2.6025,2.6117,89900
2023-05-11,2.6117,2.6302,2.584,2.621,165500
2023-05-12,2.6581,2.6581,2.6024,2.621,371200
2023-05-15,2.621,2.621,2.5745,2.5931,463300
2023-05-16,2.5745,2.6024,2.5559,2.6024,270700
2023-05-17,2.5931,2.6674,2.5931,2.6674,207000
2023-05-18,2.6674,2.7139,2.6674,2.7046,478500
2023-05-19,2.7046,2.7139,2.6767,2.6953,388000
2023-05-22,2.7046,2.7046,2.6581,2.6953,397300
2023-05-23,2.6953,2.6953,2.5838,2.6024,500500
2023-05-24,2.6024,2.6395,2.5838,2.6024,489900
2023-05-25,2.6117,2.6767,2.6117,2.6581,201500
2023-05-26,2.6395,2.7697,2.6302,2.7418,938200
2023-05-29,2.7697,2.8068,2.7511,2.779,953600
2023-05-30,2.779,2.7882,2.7604,2.779,568400
2023-05-31,2.7882,2.8998,2.779,2.8998,1842600
2023-06-01,2.9277,2.9277,2.8347,2.844,327700
2023-06-02,2.844,2.844,2.8068,2.8347,286200
2023-06-06,2.8068,2.844,2.8068,2.8347,633600
2023-06-07,2.8254,2.8347,2.7325,2.7325,542900
2023-06-08,2.7325,2.8254,2.7232,2.7604,638900
2023-06-09,2.7882,2.8068,2.7697,2.7882,188600
2023-06-12,2.7882,2.8068,2.779,2.779,94800
2023-06-13,2.7882,2.8905,2.7882,2.8626,2101600
2023-06-14,2.8998,2.9555,2.8719,2.9184,1001700
2023-06-15,2.9184,2.9184,2.844,2.8626,213300
2023-06-16,2.8812,2.8812,2.8161,2.8161,416200
2023-06-19,2.8347,2.9091,2.8161,2.8626,293400
2023-06-20,2.8719,2.8719,2.7882,2.8161,73500
2023-06-21,2.8068,2.8626,2.7882,2.8161,984600
2023-06-22,2.8254,2.8347,2.8068,2.8068,385400
2023-06-23,2.8068,2.8626,2.7975,2.8068,733800
2023-06-26,2.7975,2.8626,2.7882,2.844,150900
2023-06-27,2.8626,2.8626,2.8347,2.8626,88000
2023-06-28,2.8626,2.8626,2.7975,2.8347,60400
2023-06-30,2.8347,2.8347,2.779,2.779,411100
2023-07-03,2.7882,2.844,2.7882,2.8254,927100
2023-07-04,2.8347,2.8812,2.8161,2.8626,833900
2023-07-05,2.8812,2.8812,2.8161,2.8347,370500
2023-07-06,2.8347,2.8533,2.8254,2.844,401900
2023-07-07,2.8254,2.8719,2.8068,2.8533,222700
2023-07-10,2.8347,2.8812,2.779,2.7882,804500
2023-07-11,2.7975,2.8626,2.7882,2.8161,844200
2023-07-12,2.8626,2.8998,2.8347,2.8905,1377000
2023-07-13,2.8998,3.0578,2.8905,3.0578,1692600
2023-07-14,3.0578,3.2808,3.0392,3.2715,5727100
2023-07-17,3.253,3.411,3.2344,3.3645,3659300
2023-07-18,3.3552,3.3552,3.2622,3.2715,537200
2023-07-20,3.2715,3.2715,3.1507,3.1693,801100
2023-07-21,3.16,3.2715,3.1507,3.16,2100100
2023-07-24,3.1879,3.2344,3.1321,3.16,131600
2023-07-25,3.1507,3.1693,3.0578,3.095,2530400
2023-07-26,3.1042,3.1879,3.0671,3.095,913400
2023-07-27,3.1042,3.1135,2.9555,2.9927,1927800
2023-07-28,2.9648,2.9741,2.844,2.9462,2084600
2023-07-31,2.9462,2.9741,2.8998,2.9184,2289200
2023-08-01,2.9091,2.9277,2.8626,2.9091,529500
2023-08-02,2.9184,2.937,2.8905,2.9277,509800
2023-08-03,2.9091,2.9927,2.9091,2.9462,570700
2023-08-04,2.9648,2.9741,2.9277,2.9462,239800
2023-08-07,2.9462,2.9555,2.9184,2.937,390000
2023-08-08,2.9741,2.9834,2.937,2.9741,265300
2023-08-09,2.9834,3.0392,2.9648,3.0392,374100
2023-08-10,3.0392,3.0485,2.9555,3.0392,738200
2023-08-11,3.0672,3.0859,3.0018,3.0859,868400
2023-08-14,3.0859,3.1514,3.0298,3.1514,894000
2023-08-15,3.1514,3.2075,3.0953,3.1608,810700
2023-08-16,3.1608,3.1795,3.114,3.1608,209000
2023-08-17,3.1701,3.1701,2.9924,3.0111,1660800
2023-08-18,2.9924,3.0111,2.9083,2.9924,378600
2023-08-21,2.9924,3.0111,2.9457,2.9737,797700
2023-08-22,2.9644,3.0298,2.955,2.9924,859100
2023-08-23,2.9924,3.0205,2.9644,3.0111,205300
2023-08-24,3.0205,3.0953,2.9924,3.0672,531900
2023-08-25,3.0205,3.0672,3.0205,3.0485,175300
2023-08-28,3.0485,3.0766,2.9737,2.9924,545200
2023-08-29,2.9737,3.0298,2.9644,3.0205,301200
2023-08-30,3.0392,3.0953,3.0392,3.0579,738700
2023-09-01,3.0579,3.0579,3.0111,3.0392,120500
2023-09-04,3.0766,3.0766,2.9924,3.0298,158600
2023-09-05,3.0111,3.0485,3.0018,3.0298,239800
2023-09-06,3.0298,3.0298,3.0111,3.0205,195900
2023-09-07,3.0392,3.0392,2.955,2.9644,732800
2023-09-08,2.9644,2.9644,2.927,2.9644,471400
2023-09-11,2.927,2.9737,2.9176,2.955,202700
2023-09-12,2.955,2.9831,2.9457,2.9644,98900
2023-09-13,2.9457,3.0205,2.9457,2.9831,98700
2023-09-14,2.9831,3.0018,2.9737,2.9924,228000
2023-09-15,2.9924,3.0392,2.9831,3.0205,715300
2023-09-18,3.0018,3.0485,2.9737,3.0392,109900
2023-09-19,3.0392,3.1233,3.0298,3.0953,320800
2023-09-20,3.0953,3.1046,3.0579,3.0859,367700
2023-09-21,3.0859,3.1046,2.9924,3.0766,305400
2023-09-22,3.0298,3.0392,3.0111,3.0111,378600
2023-09-25,3.0111,3.0485,3.0111,3.0111,109600
2023-09-26,3.0111,3.0485,3.0111,3.0298,97300
2023-09-27,3.0111,3.0298,2.9924,3.0298,512900
2023-09-29,3.0298,3.0672,3.0111,3.0485,636900
2023-10-02,3.0485,3.0485,2.9831,3.0485,507000
2023-10-03,3.0579,3.0859,3.0111,3.0392,538200
2023-10-04,3.0298,3.0579,2.9831,3.0111,1217200
2023-10-05,3.0111,3.0111,2.9831,2.9924,515000
2023-10-06,2.9924,3.0392,2.9924,3.0392,68200
2023-10-09,3.0205,3.0672,3.0111,3.0111,205400
2023-10-10,3.0018,3.0298,2.9924,2.9924,756400
2023-10-11,2.9924,3.0205,2.9831,3.0018,206400
2023-10-12,3.0018,3.0205,2.9924,3.0018,982300
2023-10-13,2.9924,2.9924,2.9457,2.9831,433500
2023-10-16,2.9924,2.9924,2.9831,2.9831,959300
2023-10-17,2.955,3.0018,2.955,2.9924,376600
2023-10-18,2.9924,3.0111,2.9737,2.9831,2230900
2023-10-19,2.9457,2.9644,2.8802,2.9644,927200
2023-10-20,2.955,2.9924,2.9457,2.9924,149700
2023-10-23,2.9924,2.9924,2.927,2.9644,491400
2023-10-24,2.9457,2.955,2.8802,2.9363,1805800
2023-10-25,2.9457,2.9924,2.8989,2.9737,1782100
2023-10-26,2.9457,3.0018,2.8802,2.8989,1185300
2023-10-27,2.8802,2.9083,2.7961,2.8896,2209200
2023-10-30,2.8615,2.8709,2.7212,2.7212,4946100
2023-10-31,2.7493,2.768,2.6932,2.768,1117000
2023-11-01,2.7399,2.7961,2.7306,2.7586,1390500
2023-11-02,2.7399,2.8522,2.7399,2.8054,1163200
2023-11-03,2.8335,2.8802,2.8148,2.8615,392000
2023-11-06,2.8802,3.0111,2.8802,2.9363,2029800
2023-11-07,2.9831,2.9924,2.8989,2.9737,1743300
2023-11-08,2.9644,3.0672,2.9457,3.0018,1382900
2023-11-09,3.0206,3.0488,2.983,2.983,680600
2023-11-10,2.9736,3.0394,2.9641,3.03,912700
2023-11-14,3.0394,3.0771,3.0394,3.0582,306100
2023-11-15,3.0865,3.0959,3.0677,3.0677,650500
2023-11-16,3.0959,3.0959,3.0582,3.0959,400000
2023-11-17,3.0677,3.0959,3.0112,3.0206,611600
2023-11-20,3.0677,3.0865,3.0112,3.0865,125000
2023-11-21,3.0959,3.1147,3.0771,3.0959,401200
2023-11-22,3.0959,3.1994,3.0112,3.1994,865600
2023-11-23,3.1994,3.1994,3.0959,3.0959,928800
2023-11-24,3.0959,3.1806,3.0959,3.1429,194000
2023-11-27,3.1335,3.1994,3.1335,3.1994,320400
2023-11-28,3.19,3.19,3.1523,3.1806,138400
2023-11-29,3.1429,3.1806,3.1429,3.1806,72800
2023-11-30,3.1523,3.1806,3.1147,3.1712,417300
2023-12-01,3.1712,3.1712,3.1053,3.1712,29800
2023-12-04,3.1712,3.19,3.1241,3.1523,763200
2023-12-05,3.1429,3.1712,3.1147,3.1241,1193100
2023-12-06,3.1053,3.1241,3.0771,3.0865,381700
2023-12-07,3.0677,3.0677,3.0394,3.0394,274100
2023-12-08,3.0488,3.0865,3.03,3.0394,615300
2023-12-11,3.0488,3.1712,3.0488,3.1712,160900
2023-12-12,3.1618,3.1618,3.0582,3.0865,314300
2023-12-13,3.1053,3.1618,3.1053,3.1618,274700
2023-12-14,3.1618,3.1618,3.0771,3.1147,561700
2023-12-15,3.1147,3.1523,3.0959,3.1523,689600
2023-12-18,3.1523,3.1806,3.1335,3.1618,600900
2023-12-19,3.1618,3.1712,3.1241,3.1429,394400
2023-12-20,3.1618,3.1806,3.1053,3.1335,718800
2023-12-21,3.1147,3.1806,3.0959,3.1806,462100
2023-12-22,3.19,3.19,3.0959,3.1053,592000
2023-12-26,3.1241,3.1523,3.0959,3.1335,367600
2023-12-27,3.1053,3.1053,3.0582,3.0677,727300
2023-12-28,3.0865,3.1241,3.0865,3.1241,389100
2023-12-29,3.0865,3.1335,3.0771,3.1147,900800
2024-01-02,3.1053,3.1241,3.0018,3.1053,788100
2024-01-03,3.0677,3.0771,2.9924,3.0488,323500
2024-01-04,3.0488,3.0582,3.0206,3.0394,259100
2024-01-05,3.0394,3.1147,3.0394,3.0959,829400
2024-01-08,3.0959,3.1335,3.0582,3.1241,732700
2024-01-09,3.1335,3.1712,3.0771,3.0865,288700
2024-01-10,3.0959,3.1147,3.0771,3.1053,264100
2024-01-11,3.1053,3.1806,3.0865,3.1523,1661000
2024-01-12,3.1523,3.1806,3.1523,3.1806,768000
2024-01-15,3.19,3.237,3.1429,3.1806,676800
2024-01-16,3.1806,3.1806,3.0959,3.1241,213000
2024-01-17,3.0865,3.1053,3.0677,3.1053,355000
2024-01-18,3.1429,3.1429,3.0018,3.0394,299300
2024-01-19,3.0488,3.1053,3.0488,3.1053,165500
2024-01-22,3.1053,3.1712,3.0959,3.1712,700800
2024-01-23,3.1806,3.1806,3.0394,3.1053,1847400
2024-01-24,3.0677,3.1335,3.0677,3.1335,1062100
2024-01-26,3.1429,3.1712,3.1053,3.1523,2048000
2024-01-29,3.1335,3.1806,3.0959,3.1147,969600
2024-01-30,3.1053,3.1147,3.0582,3.0582,84000
2024-01-31,3.0582,3.0582,3.0206,3.0206,159600
2024-02-02,3.0206,3.0771,3.0206,3.0582,171700
2024-02-05,3.0582,3.0677,3.0394,3.0394,95700
2024-02-06,3.0582,3.0582,3.0112,3.0206,193800
2024-02-07,3.0582,3.0582,2.9736,2.9736,413900
2024-02-08,3.0582,3.0582,2.9736,3.0112,281600
2024-02-09,2.9736,2.9924,2.9453,2.9453,274600
2024-02-13,2.9453,2.9736,2.9359,2.9453,1435200
2024-02-14,2.9359,2.9453,2.8606,2.87,748200
2024-02-15,2.8889,2.9736,2.8889,2.9736,713300
2024-02-16,2.9736,2.9924,2.9359,2.9547,188700
2024-02-19,2.9547,2.9924,2.9547,2.9924,165200
2024-02-20,2.9924,3.03,2.9736,3.0112,263600
2024-02-21,3.0394,3.0394,2.9924,3.03,1041400
2024-02-22,3.0394,3.1053,3.0394,3.0865,1469900
2024-02-23,3.1053,3.1994,3.0771,3.1335,1324900
2024-02-26,3.1053,3.1523,3.1053,3.1241,211900
2024-02-27,3.1053,3.1241,3.0582,3.0677,966800
2024-02-28,3.0488,3.1618,3.0488,3.1335,988800
2024-02-29,3.1335,3.1712,3.1053,3.1335,336500
2024-03-01,3.1053,3.1806,3.1053,3.1806,326700
2024-03-04,3.1806,3.19,3.1523,3.1523,606800
2024-03-05,3.1429,3.1806,3.1147,3.1335,218800
2024-03-06,3.1335,3.2088,3.1335,3.1806,356100
2024-03-07,3.1806,3.2747,3.1523,3.2182,784100
2024-03-08,3.237,3.2841,3.2088,3.2464,969900
2024-03-11,3.2747,3.2747,3.1712,3.1994,171900
2024-03-12,3.1712,3.3123,3.1712,3.2935,629300
2024-03-13,3.2935,3.3217,3.2464,3.2935,321600
2024-03-14,3.2935,3.3029,3.2935,3.3029,1247200
2024-03-15,3.2935,3.3029,3.2747,3.2747,789500
2024-03-18,3.237,3.3311,3.237,3.3029,282300
2024-03-19,3.3124,3.3597,3.3124,3.3313,558600
2024-03-20,3.3313,3.407,3.2934,3.407,1881900
2024-03-21,3.3881,3.4733,3.3881,3.4543,1831600
2024-03-22,3.4543,3.4922,3.3691,3.3691,688800
2024-03-25,3.3881,3.4922,3.3691,3.4827,1387100
2024-03-26,3.4733,3.5774,3.4733,3.5774,1181700
2024-03-27,3.5774,3.6152,3.5679,3.5963,1092000
2024-03-29,3.5963,3.6436,3.5963,3.6436,395200
2024-04-01,3.6341,3.7098,3.5774,3.6341,1404500
2024-04-02,3.6152,3.6436,3.5774,3.6436,2601900
2024-04-03,3.6436,3.6436,3.549,3.6152,1222800
2024-04-04,3.6247,3.6247,3.5016,3.53,1075400
2024-04-05,3.5206,3.53,3.4449,3.4543,2473500
2024-04-08,3.4543,3.5016,3.407,3.4543,858900
2024-04-09,3.4638,3.5016,3.4543,3.4922,382100
2024-04-12,3.4922,3.549,3.4827,3.53,227800
2024-04-15,3.5016,3.5679,3.4733,3.5016,1286900
2024-04-16,3.4638,3.4638,3.3218,3.3313,1576400
2024-04-17,3.3502,3.4259,3.3408,3.3975,855000
2024-04-18,3.3975,3.4259,3.3313,3.3408,356400
2024-04-19,3.3502,3.3597,3.2177,3.3124,1470300
2024-04-22,3.2745,3.3408,3.265,3.3124,526300
2024-04-23,3.3218,3.3502,3.265,3.3408,423400
2024-04-24,3.3597,3.4543,3.3124,3.4354,542100
2024-04-25,3.4638,3.4827,3.3786,3.4449,467500
2024-04-26,3.4449,3.4733,3.3218,3.4543,761400
2024-04-29,3.407,3.549,3.407,3.549,768700
2024-04-30,3.549,3.549,3.4543,3.4543,1332000
2024-05-02,3.4543,3.4733,3.3597,3.3691,385400
2024-05-03,3.407,3.4449,3.407,3.4259,792100
2024-05-06,3.4543,3.4827,3.4259,3.4733,365800
2024-05-07,3.4733,3.549,3.4733,3.5395,947100
2024-05-08,3.5395,3.549,3.4922,3.549,395500
2024-05-09,3.5395,3.549,3.4922,3.4922,371200
2024-05-10,3.4922,3.5206,3.4922,3.5016,332500
2024-05-13,3.5016,3.6531,3.5016,3.6436,693200
2024-05-14,3.6436,3.7477,3.6436,3.6909,857700
2024-05-15,3.7098,3.814,3.7098,3.7761,988600
2024-05-16,3.7761,3.9559,3.7761,3.8423,1041400
2024-05-17,3.8802,3.9464,3.8423,3.937,2495800
2024-05-20,3.8991,3.9464,3.8707,3.937,3976800
2024-05-21,3.937,3.9464,3.8991,3.9275,1806700
2024-05-23,3.9275,3.9464,3.814,3.8707,542600
2024-05-24,3.8329,3.8991,3.814,3.8613,721900
2024-05-27,3.8613,3.9559,3.8613,3.9181,837800
2024-05-28,3.9181,3.9181,3.8329,3.9181,600700
2024-05-29,3.9086,3.9654,3.8991,3.9181,1942300
2024-05-30,3.9275,3.9275,3.8518,3.9181,727700
2024-05-31,3.8613,3.9275,3.8613,3.8802,895000
2024-06-04,3.8423,4.0127,3.8423,3.937,1148700
2024-06-05,3.937,3.937,3.8707,3.8802,109900
2024-06-06,3.9181,3.9275,3.8802,3.8897,673200
2024-06-07,3.8897,3.9275,3.8613,3.8802,207500
2024-06-10,3.8423,3.9181,3.8329,3.9086,1657600
2024-06-11,3.9086,3.9559,3.8423,3.9464,1450800
2024-06-12,3.9748,4.1357,3.9748,4.0316,2782300
2024-06-13,4.0505,4.202,4.0411,4.0979,3528800
2024-06-14,4.0979,4.1452,4.0979,4.1357,1806900
2024-06-18,4.0695,4.1357,3.9654,4.1357,1941400
2024-06-19,4.1357,4.1357,3.9748,3.9938,551300
2024-06-20,3.9843,3.9843,3.9462,3.9652,76900
2024-06-21,3.9557,4.0984,3.9272,4.0033,1078900
2024-06-24,3.9843,3.9938,3.9462,3.9938,250000
2024-06-25,3.9462,3.9462,3.8131,3.8701,1355000
2024-06-26,3.8797,3.9272,3.8606,3.9082,128000
2024-06-27,3.9082,3.9367,3.8797,3.8987,504300
2024-06-28,3.9462,3.9938,3.8987,3.9557,973100
2024-07-01,3.9652,3.9747,3.9177,3.9367,58300
2024-07-02,3.9367,4.0033,3.9082,3.9462,390400
2024-07-03,3.9462,3.9747,3.9272,3.9462,313900
2024-07-04,3.9462,3.9462,3.8701,3.8987,315200
2024-07-05,3.8987,3.9272,3.8511,3.9082,1033700
2024-07-09,3.9272,3.9462,3.8036,3.9367,688000
2024-07-10,3.9177,3.9747,3.8892,3.9462,712700
2024-07-11,3.9462,4.1174,3.9462,4.0984,4062000
2024-07-12,4.1174,4.1174,3.9843,4.0508,1777500
2024-07-15,4.0508,4.1364,4.0318,4.1364,2056300
2024-07-16,4.1364,4.1364,4.0603,4.1174,284700
2024-07-17,4.0793,4.1174,3.9557,3.9938,353900
2024-07-18,3.9557,3.9747,3.8892,3.9747,1406300
2024-07-19,3.9938,3.9938,3.8797,3.9272,954100
2024-07-22,3.9272,3.9747,3.8131,3.8701,1595500
2024-07-23,3.8797,4.0033,3.8701,3.9938,2574100
2024-07-24,3.9938,3.9938,3.8701,3.8892,234100
2024-07-25,3.8511,3.8892,3.7846,3.8511,1582400
2024-07-26,3.8226,3.8606,3.7656,3.7656,2072300
2024-07-29,3.7846,3.9272,3.7751,3.9177,860000
2024-07-30,3.9462,4.0033,3.7941,3.7941,1257900
2024-07-31,3.7751,3.7751,3.4518,3.4613,8676400
2024-08-01,3.5278,3.5468,3.4327,3.4993,1697200
2024-08-02,3.4613,3.4708,3.2996,3.3281,1538300
2024-08-05,3.2521,3.2616,2.9002,3.0048,4431100
2024-08-06,2.9478,3.0714,2.8907,3.0143,4709400
2024-08-07,3.0429,3.3091,2.9668,3.1189,4624300
2024-08-08,3.0904,3.195,3.0143,3.138,1446300
2024-08-09,3.1855,3.3281,3.1855,3.2901,1051600
2024-08-12,3.3281,3.3947,3.2806,3.3662,1457900
2024-08-13,3.3662,3.3662,3.233,3.3281,1404700
2024-08-14,3.3281,3.3757,3.2045,3.233,1200100
2024-08-15,3.2235,3.2901,3.2045,3.2806,903400
2024-08-16,3.2996,3.3281,3.2616,3.2996,1071500
2024-08-19,3.3281,3.3281,3.2426,3.3281,851700
2024-08-20,3.3281,3.3852,3.2806,3.3852,1287700
2024-08-21,3.3947,3.3947,3.3091,3.3567,217300
2024-08-22,3.3567,3.3757,3.2901,3.2901,264500
2024-08-23,3.2996,3.2996,3.138,3.138,618500
2024-08-26,3.138,3.233,3.0999,3.1475,459400
2024-08-27,3.1475,3.1665,3.0429,3.0904,519500
2024-08-28,3.0904,3.1094,2.9953,3.0429,1192300
2024-08-29,3.0429,3.0429,2.8717,2.9002,2003200
2024-08-30,2.9002,3.0619,2.9002,2.9953,2256200
2024-09-02,3.0619,3.157,2.9953,3.1189,525000
2024-09-03,3.1189,3.138,2.9953,3.0048,610700
2024-09-04,2.9858,3.0239,2.9383,2.9573,493000
2024-09-05,2.9573,2.9573,2.8907,2.9002,899600
2024-09-06,2.9002,2.9478,2.8337,2.8432,844200
2024-09-09,2.8432,2.9097,2.8147,2.9002,775700
2024-09-10,2.9383,2.9953,2.9193,2.9478,468900
2024-09-11,2.9478,2.9478,2.8717,2.8907,358500
2024-09-12,2.9002,2.9953,2.9002,2.9668,276300
2024-09-13,2.9953,3.0714,2.9953,3.0429,394700
2024-09-17,3.0429,3.0429,2.9953,3.0334,342000
2024-09-18,3.0334,3.0619,2.9383,3.0048,364700
2024-09-19,3.024,3.0718,2.9666,3.0623,376900
2024-09-20,3.1005,3.1101,2.9666,3.1101,617700
2024-09-23,3.1579,3.1579,3.0144,3.0623,211400
2024-09-24,3.0335,3.0335,2.89,2.9283,1300600
2024-09-25,2.9283,2.9953,2.823,2.8326,1820200
2024-09-26,2.8326,2.8709,2.7752,2.8709,1236500
2024-09-27,2.89,2.9474,2.8422,2.9474,541800
2024-09-30,2.9761,3.024,2.8709,2.9857,504100
2024-10-01,2.9953,3.0814,2.9953,3.0814,593100
2024-10-02,3.0814,3.0814,3.0048,3.0623,478100
2024-10-03,3.0718,3.0718,3.0048,3.0431,170400
2024-10-04,3.0431,3.0431,2.9091,2.9283,363000
2024-10-07,2.9283,3.0814,2.9283,3.0814,990800
2024-10-08,3.0718,3.0718,2.9857,3.0048,176400
2024-10-09,3.0144,3.0623,3.0048,3.0048,240600
2024-10-10,3.024,3.0623,2.9953,3.0623,210800
2024-10-11,3.0623,3.0623,3.024,3.024,220100
2024-10-14,3.024,3.024,2.9474,2.9761,306100
2024-10-15,2.9761,3.0048,2.9474,2.9761,540600
2024-10-16,2.957,3.0048,2.8709,3.0048,3061100
2024-10-17,2.9666,2.9666,2.8804,2.89,1596400
2024-10-18,2.89,2.9474,2.8804,2.9091,1627600
2024-10-21,2.9091,2.9953,2.8996,2.8996,1255700
2024-10-22,2.9283,3.0048,2.9283,2.9953,622600
2024-10-23,3.0048,3.024,2.9761,3.0048,359500
2024-10-24,2.9953,2.9953,2.9666,2.9761,222200
2024-10-25,2.9761,2.9857,2.9378,2.9666,188000
2024-10-28,2.9953,3.024,2.9283,2.9953,167600
2024-10-29,2.9857,3.0527,2.9378,3.0431,334100
2024-10-30,3.0527,3.0527,2.8996,2.8996,1388900
2024-11-01,2.8804,2.8804,2.8326,2.8422,1237400
2024-11-04,2.8326,2.8517,2.823,2.823,1280400
2024-11-05,2.823,2.8613,2.8134,2.823,1705300
2024-11-06,2.823,3.0623,2.823,3.0048,4885000
2024-11-07,3.0431,3.0718,2.9474,2.9857,1896400
2024-11-08,2.9857,2.9857,2.89,2.9091,723900
2024-11-11,2.8804,2.9283,2.8613,2.89,346700
2024-11-12,2.9187,2.9283,2.8709,2.8709,182800
2024-11-13,2.8613,2.8709,2.8517,2.8613,641900
2024-11-14,2.8613,2.8613,2.823,2.8422,1253300
2024-11-15,2.8326,2.8613,2.8326,2.8517,305600
2024-11-18,2.8517,2.8613,2.8422,2.8517,271200
2024-11-19,2.8517,2.8709,2.8039,2.8039,1517700
2024-11-20,2.823,2.823,2.7943,2.823,534800
2024-11-21,2.823,2.823,2.756,2.7656,1872200
2024-11-22,2.7847,2.8422,2.7847,2.8039,760200
2024-11-25,2.8422,2.8996,2.8134,2.89,380900
2024-11-26,2.8613,2.8709,2.8134,2.8134,439900
2024-11-27,2.8134,2.8134,2.7943,2.8039,1088300
2024-11-28,2.7943,2.823,2.7752,2.7943,2925700
2024-11-29,2.8422,2.8422,2.7943,2.7943,930600
2024-12-02,2.7943,2.8613,2.7943,2.8613,383800
2024-12-03,2.8613,2.89,2.8326,2.89,541100
2024-12-04,2.9093,2.9382,2.8707,2.89,960700
2024-12-05,2.89,2.8996,2.8226,2.8804,492200
2024-12-06,2.8804,2.89,2.8515,2.89,407200
2024-12-09,2.8611,2.8611,2.8322,2.8611,807800
2024-12-10,2.8611,2.8707,2.8418,2.8707,704200
2024-12-11,2.8707,2.8996,2.8418,2.89,563300
2024-12-12,2.8996,2.9093,2.8515,2.8707,445100
2024-12-13,2.8707,2.8996,2.8611,2.89,827000
2024-12-16,2.89,2.9671,2.89,2.9285,1224400
2024-12-17,2.9285,2.9285,2.8611,2.89,965800
2024-12-18,2.8707,2.89,2.8707,2.89,359300
2024-12-19,2.8515,2.8707,2.8322,2.8707,442500
2024-12-20,2.8515,2.8707,2.8515,2.8515,377900
2024-12-23,2.8515,2.9093,2.8515,2.8804,526600
2024-12-24,2.8804,2.89,2.8707,2.8804,110700
2024-12-26,2.89,2.9285,2.8804,2.89,536500
2024-12-27,2.9189,2.9382,2.8707,2.8804,533700
2024-12-30,2.8804,2.9189,2.8707,2.89,1562200
2024-12-31,2.89,2.9478,2.89,2.9093,895500
2025-01-02,2.9189,2.9189,2.8611,2.8996,994700
2025-01-03,2.8996,2.9189,2.8611,2.8707,216100
2025-01-06,2.89,2.8996,2.8611,2.8707,293800
2025-01-07,2.8707,2.9382,2.8707,2.89,526300
2025-01-08,2.89,2.9093,2.8322,2.8707,858700
2025-01-09,2.8418,2.8611,2.8033,2.8033,889700
2025-01-10,2.8129,2.8129,2.7455,2.7937,3303500
2025-01-13,2.7937,2.7937,2.7455,2.7551,584300
2025-01-14,2.7551,2.7551,2.6973,2.7359,825200
2025-01-15,2.7359,2.7359,2.6492,2.6877,419400
2025-01-16,2.7166,2.7551,2.6877,2.6973,598200
2025-01-17,2.6973,2.7648,2.6973,2.7455,283400
2025-01-20,2.7455,2.8226,2.7455,2.8226,894700
2025-01-21,2.8033,2.8418,2.7937,2.8418,689600
2025-01-22,2.8129,2.8129,2.7359,2.7744,181300
2025-01-23,2.7744,2.784,2.7262,2.7551,133100
2025-01-24,2.7166,2.7551,2.6588,2.6877,405900
2025-01-27,2.6877,2.707,2.6588,2.6781,97900
2025-01-28,2.6781,2.6877,2.5721,2.5721,549400
2025-01-31,2.6106,2.6492,2.5817,2.601,281100
2025-02-03,2.5914,2.6106,2.5625,2.5625,421900
2025-02-04,2.5625,2.601,2.4854,2.5047,613500
2025-02-05,2.5432,2.5432,2.4372,2.4854,1025800
2025-02-06,2.4854,2.5528,2.4565,2.5239,775100
2025-02-07,2.5721,2.5721,2.4661,2.4854,3060800
2025-02-10,2.4854,2.5239,2.4372,2.5143,1697700
2025-02-12,2.5143,2.5914,2.4661,2.4758,1013700
2025-02-13,2.495,2.5336,2.4565,2.5143,781400
2025-02-14,2.5143,2.5336,2.4854,2.5239,748900
2025-02-17,2.5239,2.5528,2.5143,2.5528,258100
2025-02-18,2.5528,2.5528,2.5047,2.5143,747700
2025-02-19,2.5336,2.5336,2.4276,2.4372,1096700
2025-02-20,2.4372,2.4565,2.4276,2.4372,1264100
2025-02-21,2.4372,2.4372,2.3024,2.312,1105200
2025-02-24,2.312,2.3698,2.2253,2.2446,431600
2025-02-25,2.2446,2.2638,2.129,2.1579,1077300
2025-02-26,2.1579,2.2157,2.1193,2.206,672000
2025-02-27,2.2157,2.2735,2.206,2.2157,272800
2025-02-28,2.2157,2.2157,2.0423,2.0808,3119800
2025-03-03,2.0808,2.0808,1.9556,1.9748,1648900
2025-03-04,1.9748,1.9748,1.8881,1.917,995200
2025-03-05,1.9459,1.9556,1.8785,1.8785,1198900
2025-03-06,1.917,1.9363,1.8496,1.8496,1646000
2025-03-07,1.8592,1.8785,1.7533,1.8303,4246000
2025-03-10,1.8303,1.9652,1.8303,1.84,1987800
2025-03-11,1.8303,1.9459,1.7822,1.8689,2630300
2025-03-12,1.8689,1.9459,1.8592,1.9267,1033400
2025-03-13,1.9459,2.0423,1.9267,1.9267,1592400
2025-03-14,1.9461,2.0434,1.8683,1.9753,781200
2025-03-17,2.0045,2.0824,1.985,1.985,951100
2025-03-19,1.985,2.0532,1.985,2.0142,537700
2025-03-20,2.0532,2.1018,1.985,1.9948,1147700
2025-03-21,1.9948,2.0337,1.9267,1.9364,838600
2025-03-24,1.9267,1.9559,1.8294,1.878,1930500
2025-03-25,1.878,1.9656,1.878,1.8877,1433500
2025-03-26,1.9267,1.9461,1.8975,1.9267,1180800
2025-03-27,1.9267,1.9948,1.9072,1.9948,509700
2025-03-28,1.9753,1.9753,1.9267,1.9364,782400
2025-04-02,1.9267,1.9461,1.878,1.8975,1124400
2025-04-03,1.8975,1.9948,1.8586,1.9461,1901900
2025-04-04,1.9267,1.9559,1.8877,1.9461,2341200
2025-04-07,1.878,1.9267,1.7807,1.9267,2749400
2025-04-08,1.9267,1.9753,1.8586,1.878,2061900
2025-04-09,1.8488,1.878,1.7807,1.878,1750700
2025-04-10,2.0045,2.024,1.9267,1.9559,2393800
2025-04-11,1.8586,1.9753,1.8586,1.9267,492900
2025-04-14,2.0434,2.0921,1.9559,1.9656,1255400
2025-04-15,1.9753,1.9753,1.8975,1.8975,1610100
2025-04-16,1.8975,1.9267,1.8391,1.8391,1039100
2025-04-17,1.8391,1.878,1.8002,1.878,409800
2025-04-18,1.8488,1.8683,1.8391,1.8391,1618600
2025-04-21,1.8391,1.8488,1.7904,1.8002,1371600
2025-04-22,1.7612,1.8196,1.7612,1.7904,712100
2025-04-23,1.8294,1.8683,1.7807,1.8586,1395700
2025-04-24,1.878,1.8975,1.8391,1.8586,469700
2025-04-25,1.878,1.9267,1.8391,1.9072,2421200
2025-04-28,1.9169,1.9169,1.8488,1.878,1134400
2025-04-29,1.8877,1.9169,1.878,1.8975,550000
2025-04-30,1.8975,1.9559,1.8975,1.9267,803800
2025-05-02,1.9267,2.0045,1.8975,1.985,885800
2025-05-05,1.9948,2.0434,1.9656,1.985,1547300
2025-05-06,1.985,1.985,1.9169,1.9364,533700
2025-05-07,1.9364,1.985,1.9364,1.9656,244700
2025-05-08,1.9656,1.985,1.9267,1.9656,920000
2025-05-09,1.9753,1.9948,1.9559,1.9948,449400
2025-05-13,2.0434,2.1699,2.0434,2.1699,2042100
2025-05-14,2.1894,2.6273,2.1602,2.3256,2898700
2025-05-15,2.3256,2.4035,2.238,2.238,1401700
2025-05-16,2.238,2.238,2.1505,2.1699,579500
2025-05-19,2.1602,2.1602,2.024,2.0337,1124900
2025-05-20,2.0629,2.1213,2.0337,2.0434,601900
2025-05-21,2.0337,2.0337,1.9656,1.985,441400
2025-05-22,1.9461,1.9948,1.9267,1.9948,432800
2025-05-23,2.0142,2.0142,1.9753,1.985,250700
2025-05-26,1.985,2.0045,1.9364,2.0045,441100
2025-05-27,2.0142,2.0337,1.9461,1.9753,505800
2025-05-28,1.9948,2.0045,1.9559,1.9559,339500
2025-05-29,1.9559,2.024,1.9364,1.9948,578900
2025-05-30,1.9656,1.9753,1.9364,1.9364,1297300
2025-06-03,1.9559,1.9559,1.8877,1.8975,441400
2025-06-04,1.9072,1.9267,1.8877,1.9169,282200
2025-06-05,1.9169,2.0142,1.9169,1.985,436800
2025-06-06,1.9656,1.985,1.9461,1.9656,123300
2025-06-09,1.9948,2.0142,1.985,2.0045,181400
2025-06-10,1.9948,2.0532,1.9948,1.9948,289800
2025-06-11,2.024,2.0337,1.9948,2.0142,280600
2025-06-12,2.0142,2.0434,2.0045,2.0434,238400
2025-06-13,2.0142,2.0142,1.9656,1.9656,389000
2025-06-16,1.9656,1.9656,1.8975,1.9267,669800
2025-06-17,1.9463,1.9758,1.9365,1.9758,459500
2025-06-18,1.9758,1.9758,1.9463,1.966,101200
2025-06-19,1.966,1.9758,1.9463,1.9562,101900
2025-06-20,1.9562,2.0053,1.9562,1.9955,166600
2025-06-23,1.9463,1.9955,1.9168,1.9856,190300
2025-06-24,1.9758,2.0446,1.9758,2.0151,301100
2025-06-25,2.0446,2.0741,2.0151,2.0741,408500
2025-06-26,2.0643,2.2314,2.0643,2.2019,1016900
2025-06-30,2.2609,2.2904,2.2019,2.2314,566200
2025-07-01,2.2314,2.3002,2.2117,2.2904,454800
2025-07-02,2.2707,2.4083,2.2609,2.2609,1575400
2025-07-03,2.2805,2.369,2.2805,2.369,1284300
2025-07-04,2.3788,2.4477,2.31,2.3592,1328100
2025-07-07,2.3199,2.3395,2.1921,2.2609,1680700
2025-07-08,2.1626,2.2609,2.1626,2.2412,231100
2025-07-09,2.2412,2.2412,2.2019,2.2412,211800
2025-07-10,2.2609,2.2609,2.1134,2.1233,1474400
2025-07-11,2.1331,2.2412,2.1233,2.2216,840800
2025-07-14,2.2216,2.2314,2.2019,2.2117,79400
2025-07-15,2.2117,2.2805,2.2019,2.2805,1738800
2025-07-16,2.2805,2.3002,2.2314,2.2609,726900
2025-07-17,2.2412,2.2904,2.2412,2.2511,870100
2025-07-18,2.2609,2.31,2.1921,2.2314,1703800
2025-07-21,2.2314,2.2609,2.1528,2.1626,445800
2025-07-22,2.1724,2.2314,2.1429,2.2019,1614500
2025-07-23,2.1724,2.2412,2.1724,2.1724,1015200
2025-07-24,2.2117,2.2314,2.1724,2.1822,516100
2025-07-25,2.1921,2.2019,2.1626,2.2019,474300
2025-07-28,2.2019,2.2805,2.1921,2.2707,592300
2025-07-29,2.2904,2.3199,2.2511,2.3002,595900
2025-07-30,2.31,2.31,2.2117,2.2609,914600
2025-07-31,2.2609,2.3494,2.2412,2.2904,2137900
2025-08-01,2.2904,2.3592,2.2511,2.3297,1441000
2025-08-04,2.2609,2.3297,2.1528,2.3297,1523600
2025-08-05,2.2904,2.3985,2.2904,2.3887,942900
2025-08-06,2.3887,2.3887,2.3002,2.3297,880700
2025-08-07,2.2805,2.3199,2.2314,2.2805,798100
2025-08-08,2.2805,2.3297,2.2707,2.31,744600
2025-08-11,2.31,2.369,2.2707,2.3494,1689900
2025-08-12,2.3592,2.4477,2.3592,2.4477,1814800
2025-08-13,2.4477,2.5066,2.4378,2.4673,3068000
2025-08-14,2.4673,2.4673,2.31,2.3887,2543800
2025-08-15,2.3985,2.4083,2.3887,2.3985,1297400
2025-08-18,2.3985,2.487,2.369,2.4182,1316500
2025-08-19,2.4477,2.4771,2.4378,2.4575,2138700
2025-08-20,2.4575,2.4673,2.4083,2.4477,1139900
2025-08-21,2.4477,2.5066,2.4477,2.4968,349300
2025-08-22,2.5066,2.5853,2.4968,2.5754,2607900
2025-08-25,2.6049,2.6541,2.5951,2.6344,6783100
2025-08-26,2.6541,2.7327,2.5951,2.6148,1867800
2025-08-27,2.6049,2.6639,2.5853,2.6148,1789500
2025-08-28,2.6148,2.6934,2.6148,2.6541,2191700
2025-08-29,2.6344,2.6639,2.5951,2.6148,442300
2025-09-02,2.6148,2.6148,2.5263,2.5558,882600
2025-09-03,2.5558,2.6443,2.5558,2.6443,2524000
2025-09-04,2.6541,2.6737,2.6344,2.6443,1671100
2025-09-08,2.6639,2.6639,2.6049,2.6246,1187000
2025-09-09,2.6246,2.6541,2.5853,2.5853,553600
2025-09-10,2.5951,2.5951,2.5165,2.5263,378600
2025-09-11,2.5263,2.5853,2.5066,2.5558,559400
2025-09-12,2.5656,2.6541,2.5656,2.6541,767100
2025-09-17,2.6541,2.6836,2.6148,2.6639,1041400
2025-09-18,2.6639,2.6738,2.5946,2.6639,253500
2025-09-19,2.6639,2.7233,2.6144,2.654,746100
2025-09-22,2.6639,2.6936,2.5946,2.6342,778300
2025-09-23,2.6441,2.7233,2.6441,2.6936,2479000
2025-09-24,2.6936,2.8224,2.6837,2.8125,1037100
2025-09-25,2.7728,2.8719,2.7134,2.862,2644900
2025-09-26,2.862,2.862,2.7431,2.753,583600
2025-09-29,2.7629,2.7728,2.7332,2.7728,449300
2025-09-30,2.7827,2.8224,2.753,2.7926,858700
2025-10-01,2.8026,3.0204,2.7926,3.0105,3278500
2025-10-02,3.0105,3.3076,3.0105,3.3076,3800100
2025-10-03,3.3076,3.3274,3.1789,3.268,1206500
2025-10-06,3.2977,3.3175,3.2185,3.3175,719800
2025-10-07,3.2977,3.6146,3.2779,3.5255,3012700
2025-10-08,3.5057,3.5354,3.3571,3.3868,1363600
2025-10-09,3.3868,3.4661,3.3868,3.4562,1492300
2025-10-10,3.4462,3.4462,3.3967,3.4363,541200
2025-10-13,3.3571,3.6344,3.1194,3.575,1906200
2025-10-14,3.6047,3.6047,3.4661,3.5552,2524400
2025-10-15,3.5354,3.5453,3.3769,3.3868,2206200
2025-10-16,3.4462,3.4958,3.4066,3.476,631700
2025-10-17,3.4661,3.5156,3.3175,3.4165,1188900
2025-10-21,3.4363,3.5651,3.4264,3.5255,2500700
2025-10-22,3.5156,3.5354,3.476,3.5156,1030000
2025-10-23,3.4859,3.5057,3.4165,3.4264,310000
2025-10-24,3.4661,3.476,3.4165,3.4264,1108300
2025-10-27,3.4859,3.5453,3.4066,3.4264,411800
2025-10-28,3.4462,3.476,3.3769,3.3868,399200
2025-10-29,3.4066,3.4264,3.367,3.4264,656700
2025-10-30,3.4264,3.5552,3.3868,3.5057,1861700
2025-10-31,3.5057,3.5057,3.4264,3.4958,471400
2025-11-03,3.4958,3.5849,3.3472,3.3769,1105400
2025-11-04,3.367,3.4066,3.2878,3.3175,1357300
2025-11-05,3.268,3.3274,3.2284,3.2977,1378100
2025-11-06,3.3373,3.4165,3.2482,3.4066,1215000
2025-11-07,3.367,3.4661,3.3373,3.3769,1514600
2025-11-10,3.3175,3.5849,3.3175,3.575,2568400
2025-11-11,3.5849,3.6938,3.4462,3.5057,2007900
2025-11-12,3.4661,3.5552,3.4661,3.5057,521200
2025-11-13,3.4859,3.5552,3.4661,3.476,496800
2025-11-14,3.4264,3.4462,3.3175,3.3274,707700
2025-11-17,3.3175,3.367,3.2086,3.2779,904600
2025-11-18,3.2284,3.268,3.1492,3.1987,981300
2025-11-19,3.169,3.1789,3.1194,3.1492,1452600
2025-11-20,3.1789,3.3175,3.169,3.3076,976300
2025-11-21,3.2878,3.2878,3.1492,3.1492,542200
2025-11-24,3.1492,3.2878,3.1492,3.2779,1858700
2025-11-25,3.2878,3.3076,3.2086,3.2581,444100
2025-11-26,3.1987,3.2581,3.1492,3.169,285700
2025-11-27,3.169,3.2284,3.1492,3.2284,300600
2025-11-28,3.2185,3.2185,3.1591,3.2086,597000
2025-12-01,3.1888,3.1987,3.1492,3.169,494700
2025-12-02,3.169,3.169,3.0501,3.0699,1292700
2025-12-03,3.0699,3.2581,3.0006,3.2482,1695100
2025-12-04,3.2482,3.3769,3.2185,3.3274,1867100
2025-12-05,3.3175,3.3175,3.1987,3.2581,329300
2025-12-08,3.2581,3.2878,3.1987,3.2482,215000
2025-12-09,3.2482,3.2878,3.2086,3.2086,329200
2025-12-10,3.1987,3.3076,3.1987,3.268,319000
2025-12-11,3.268,3.3472,3.2284,3.2284,317100
2025-12-12,3.2482,3.3175,3.2185,3.2878,419700
2025-12-15,3.2086,3.3175,3.2086,3.2482,233500
2025-12-16,3.2482,3.2977,3.1294,3.1492,661300
2025-12-17,3.1492,3.2482,3.1492,3.2482,357400
2025-12-18,3.1884,3.2582,3.1486,3.1884,396500
2025-12-19,3.1884,3.2283,3.1386,3.1386,435000
2025-12-22,3.1585,3.1784,3.0888,3.1685,412700
2025-12-23,3.1486,3.1784,3.1187,3.1486,397400
2025-12-24,3.1486,3.1685,3.0589,3.0888,1007500
2025-12-26,3.0589,3.0788,3.0489,3.0589,1261700
2025-12-29,3.0589,3.1286,3.0589,3.0688,1820800
2025-12-30,3.0788,3.1685,3.0389,3.0688,779100
2025-12-31,3.0688,3.0788,3.029,3.0589,384600
2026-01-02,3.019,3.0688,2.9991,3.019,406700
2026-01-05,3.029,3.0888,3.029,3.0389,326100
2026-01-06,3.0589,3.1386,3.0389,3.1187,660000
2026-01-07,3.0788,3.2183,3.0788,3.2083,789800
2026-01-08,3.2083,3.288,3.1784,3.2283,481400
2026-01-09,3.2382,3.2781,3.1286,3.2482,469700
2026-01-12,3.288,3.288,3.2083,3.288,1216000
2026-01-13,3.2283,3.3179,3.2283,3.2582,374200
2026-01-14,3.2781,3.3279,3.2283,3.2382,598600
2026-01-15,3.2382,3.3678,3.2382,3.3379,919400
2026-01-16,3.3379,3.4873,3.3379,3.3877,1500500
2026-01-19,3.3877,3.3877,3.3877,3.3877,0
2026-01-20,3.4176,3.4176,3.3379,3.3877,303100
2026-01-21,3.3877,3.4574,3.308,3.4475,1096600
2026-01-22,3.4475,3.5072,3.4375,3.4475,772500
2026-01-23,3.4873,3.4873,3.3279,3.3478,805300
2026-01-26,3.3478,3.3478,3.1984,3.2781,701600
2026-01-27,3.288,3.308,3.2283,3.288,676700
2026-01-28,3.288,3.288,3.1286,3.1685,1395800
2026-01-29,3.1685,3.1685,3.0489,3.1286,370600
2026-01-30,3.1286,3.1386,3.0589,3.1386,460700
2026-02-03,3.1286,3.1286,3.0589,3.0987,347600
2026-02-04,3.0888,3.0888,2.9991,3.0489,480700
2026-02-05,3.0688,3.0688,2.8795,2.8995,1356300
2026-02-06,2.8795,2.9891,2.8197,2.9393,1035000
2026-02-09,2.9393,3.1685,2.9393,3.1087,1761500
2026-02-10,3.1386,3.1685,3.0589,3.1187,860500
2026-02-11,3.1386,3.1386,3.0589,3.0688,286200
2026-02-12,3.1187,3.1187,3.0091,3.0589,324700
2026-02-13,3.0389,3.0489,2.9792,3.0389,78800
2026-02-16,3.019,3.0688,3.0091,3.0589,135900
2026-02-19,3.0589,3.1087,3.0389,3.1087,147600
2026-02-20,3.1187,3.1187,3.029,3.0688,350800
2026-02-23,3.0888,3.1386,3.0389,3.1087,453200
2026-02-24,3.0987,3.1884,3.0688,3.1685,1281000
2026-02-25,3.1784,3.2083,3.0987,3.1685,1966400
2026-02-26,3.1984,3.2582,3.1087,3.1585,986700
2026-02-27,3.1386,3.1386,3.0688,3.1286,362500
2026-03-02,3.029,3.0589,2.9592,2.9692,285300
2026-03-03,3.029,3.1187,2.9592,2.9792,357000
2026-03-04,2.9692,2.9692,2.8795,2.8895,247900
2026-03-05,2.8995,2.9293,2.8197,2.8696,459700
2026-03-06,2.8496,2.8496,2.7699,2.7998,617400
2026-03-09,2.74,2.74,2.6205,2.6304,868500
2026-03-10,2.6404,2.8397,2.6404,2.8297,345500
2026-03-11,2.7998,2.8197,2.76,2.7998,176500
2026-03-12,2.76,2.7799,2.7002,2.7799,484700
2026-03-13,2.74,2.8197,2.6803,2.7101,310300
2026-03-16,2.7101,2.7799,2.6803,2.7799,222900
2026-03-17,2.7799,2.7998,2.7101,2.75,589800
2026-03-18,2.76,2.78,2.74,2.78,946700
2026-03-19,2.72,2.77,2.65,2.7,1096200
2026-03-20,2.7,2.7,2.7,2.7,0
2026-03-24,2.7,2.72,2.61,2.7,699100
2026-03-25,2.7,2.72,2.64,2.72,297200
2026-03-26,2.7,2.74,2.65,2.69,230800
2026-03-27,2.69,2.7,2.66,2.7,130800
2026-03-30,2.68,2.68,2.53,2.6,774300
2026-03-31,2.58,2.67,2.57,2.61,272500
2026-04-01,2.66,2.74,2.65,2.68,470600
2026-04-02,2.7,2.7,2.63,2.68,183700
2026-04-03,2.68,2.77,2.64,2.72,391400
2026-04-06,2.71,2.77,2.68,2.72,143700
2026-04-07,2.72,2.72,2.69,2.69,61900
2026-04-08,2.74,2.81,2.73,2.81,407100
2026-04-09,2.8,2.8,2.75,2.75,117500
2026-04-10,2.75,2.95,2.75,2.9,595000
2026-04-13,2.89,2.9,2.8,2.87,142700
2026-04-14,2.87,3.02,2.87,2.95,1167100
2026-04-15,2.98,3.09,2.98,3.04,1642100
2026-04-16,3.04,3.1,3.04,3.05,1347600
2026-04-17,3.05,3.06,2.98,3.02,352800
2026-04-20,3.0,3.08,2.98,3.05,783700
2026-04-21,3.06,3.18,3.06,3.09,1205700
2026-04-22,3.1,3.15,3.05,3.1,433300
2026-04-23,3.13,3.15,3.08,3.1,907100
2026-04-24,3.07,3.12,2.95,3.08,6657300
2026-04-27,3.09,3.37,3.09,3.3,8662000
2026-04-28,3.3,3.48,3.29,3.47,3538700
2026-04-29,3.47,3.47,3.37,3.4,2093400
2026-04-30,3.4,3.41,3.33,3.35,4226900
2026-05-04,3.35,3.58,3.35,3.49,2607400
2026-05-05,3.49,3.53,3.45,3.5,3314700
2026-05-06,3.51,3.85,3.51,3.77,12539400
2026-05-07,3.8,3.87,3.76,3.8,9211100
2026-05-08,3.8,3.82,3.74,3.8,8227300
2026-05-11,3.8,3.86,3.68,3.75,8478100
2026-05-12,3.85,4.01,3.85,3.91,12523100
2026-05-13,3.91,3.98,3.85,3.9,9819200
2026-05-14,3.91,4.0,3.91,3.98,7348100
2026-05-15,4.0,4.1,3.97,4.0,10055700
2026-05-18,3.97,3.98,3.81,3.98,2640400
2026-05-19,3.98,3.98,3.82,3.91,3977500
2026-05-20,3.87,4.16,3.84,4.0,7859600
2026-05-21,4.03,4.32,4.03,4.3,10956400
2026-05-22,4.31,4.55,4.3,4.5,7808300
2026-05-25,4.51,4.94,4.4,4.85,11245400
2026-05-26,4.84,5.12,4.78,5.1,9293300
2026-05-27,5.1,5.1,5.1,5.1,0
2026-05-28,5.1,5.1,4.9,5.0,6112200
2026-05-29,5.0,5.3,4.98,5.3,11185100
2026-06-02,5.3,5.3,5.3,5.3,0
2026-06-03,5.17,5.38,4.94,5.08,8234800
2026-06-04,5.07,5.15,4.94,5.07,5201800
2026-06-05,4.99,5.09,4.91,5.07,5236400
2026-06-08,4.88,5.0,4.7,4.9,6696400
2026-06-09,4.9,4.98,4.76,4.83,3978500
2026-06-10,4.79,4.79,4.68,4.71,2890300
2026-06-11,4.65,4.89,4.63,4.78,8495500
2026-06-12,4.82,4.86,4.48,4.6,9547400
2026-06-15,4.63,4.93,4.61,4.9,6883100
2026-06-16,4.94,4.94,4.74,4.79,3416400
2026-06-18,4.79,4.79,4.56,4.62,5072200
2026-06-19,4.64,4.75,4.63,4.7,6020500
2026-06-22,4.71,4.79,4.62,4.66,2537900
2026-06-23,4.63,4.63,4.32,4.49,6793700
2026-06-24,4.47,4.65,4.42,4.59,6208600
2026-06-25,4.62,4.83,4.51,4.8,5236000
2026-06-26,4.79,4.79,4.47,4.52,4682500
2026-06-29,4.5,4.78,4.44,4.77,3194900
2026-06-30,4.79,4.79,4.66,4.75,3444900
2026-07-01,4.75,4.87,4.74,4.83,3608500
2026-07-02,4.76,4.79,4.66,4.73,3293200
2026-07-03,4.67,4.77,4.6,4.67,1972200
2026-07-06,4.67,4.67,4.49,4.51,2945700
2026-07-07,4.51,4.64,4.45,4.58,2543400
2026-07-08,4.54,4.55,4.42,4.46,3327400
2026-07-09,4.5,4.7,4.47,4.61,2725100
2026-07-10,4.66,4.68,4.52,4.57,3009400
2026-07-13,4.57,4.57,4.46,4.52,2214400
2026-07-14,4.46,4.56,4.39,4.55,2221300
2026-07-15,4.55,4.69,4.52,4.66,3304100
2026-07-16,4.6,4.65,4.55,4.56,2116600
2026-07-17,4.56,4.62,4.38,4.38,2409400
2026-07-20,4.37,4.54,4.37,4.48,774300
2026-07-21,4.48,4.9,4.48,4.85,5769600
2026-07-22,4.89,4.9,4.67,4.75,2269300
2026-07-23,4.78,4.78,4.58,4.58,1588000
2026-07-24,4.52,4.7,4.52,4.69,3135600
2026-07-27,4.7,4.89,4.69,4.86,4131000
2026-07-28,4.8,4.8,4.66,4.73,2236400
2026-07-29,4.73,4.8,4.61,4.77,3516900
2026-07-30,4.68,4.77,4.62,4.62,3080800
2026-07-31,4.75,4.86,4.5,4.56,11579400
2026-08-03,4.6,4.66,4.5,4.54,5024500
2026-08-04,4.55,4.57,4.48,4.52,5736100
2026-08-05,4.57,4.68,4.51,4.57,7533600
2026-08-06,4.57,4.61,4.53,4.58,2278900
2026-08-07,4.56,4.56,4.35,4.35,5537300
2026-08-10,4.37,4.43,4.21,4.38,4889900
2026-08-11,4.38,4.43,4.31,4.39,2978300
2026-08-12,4.39,4.48,4.33,4.45,3965400
2026-08-13,4.45,4.53,4.42,4.49,2834400
2026-08-14,4.49,4.5,4.42,4.45,1784200
