date,open,high,low,close,volume
2016-08-15,35.3138,35.865,35.3138,35.6497,12774900
2016-08-16,35.5721,35.7013,35.5205,35.5894,8109100
2016-08-17,35.6411,35.6411,35.374,35.4946,9876400
2016-08-18,35.2707,35.598,35.2707,35.4343,8544600
2016-08-19,35.3482,35.6066,35.3224,35.5894,9109900
2016-08-22,35.4085,35.6497,35.4085,35.5032,9834700
2016-08-23,35.6324,35.865,35.6238,35.7444,10631800
2016-08-24,35.6152,35.7186,35.2965,35.374,9830300
2016-08-25,35.4171,35.486,35.3138,35.3999,7567200
2016-08-26,35.4085,35.8133,35.374,35.5377,9228200
2016-08-29,35.7272,35.7703,35.5377,35.5808,9168500
2016-08-30,35.6497,35.6583,35.443,35.5808,6840300
2016-08-31,35.5463,35.5894,35.3913,35.5032,9694700
2016-09-01,35.2965,35.5377,35.1243,35.4516,10652500
2016-09-02,35.5377,35.6755,35.3396,35.5291,9020200
2016-09-06,35.6324,35.6324,35.3741,35.5291,8308300
2016-09-07,35.4343,35.5808,35.2707,35.5291,10415300
2016-09-08,35.2535,35.3138,34.9692,35.0726,16732100
2016-09-09,34.7367,35.0898,34.4783,34.4783,14477500
2016-09-12,34.418,35.0984,34.1768,35.0381,14927200
2016-09-13,34.7711,34.9089,34.4266,34.6075,13395200
2016-09-14,34.4697,34.9348,34.4697,34.6678,11626900
2016-09-15,34.6075,35.3396,34.53,35.1932,18403700
2016-09-16,34.1165,34.4094,33.3413,33.5222,50703500
2016-09-19,33.7031,34.0648,33.6342,33.7892,19801900
2016-09-20,34.0649,34.1079,33.6428,33.6514,12121300
2016-09-21,33.7548,34.0907,33.7548,34.0304,10994000
2016-09-22,34.1768,34.2802,34.0046,34.0304,9679300
2016-09-23,33.927,33.9529,33.617,33.7892,14017300
2016-09-26,33.5911,33.6773,33.3844,33.617,9840900
2016-09-27,33.505,34.0132,33.4706,33.8495,10644600
2016-09-28,33.7892,34.0218,33.729,33.9701,8103500
2016-09-29,33.8065,34.1251,33.66,33.6945,8795200
2016-09-30,33.8065,33.9701,33.6687,33.8323,12861900
2016-10-03,33.7634,33.8151,33.4706,33.5825,10403500
2016-10-04,33.6256,33.7634,33.3844,33.4792,9199300
2016-10-05,33.6859,33.884,33.4964,33.7203,8269200
2016-10-06,33.6859,33.7979,33.2725,33.4792,9789100
2016-10-07,33.5829,33.7213,33.3841,33.4705,11442000
2016-10-10,33.4764,33.597,33.2438,33.2697,9475400
2016-10-11,33.218,33.2955,32.5719,32.7442,14964000
2016-10-12,32.6752,32.8648,32.4254,32.7786,8944900
2016-10-13,32.6149,32.8992,32.4082,32.7614,14117600
2016-10-14,32.9595,33.2438,32.8992,33.0887,11601200
2016-10-17,33.2007,33.2007,32.9164,32.9854,9419000
2016-10-18,33.2524,33.3299,33.0457,33.0974,7121900
2016-10-19,33.1835,33.2869,33.0026,33.0371,8310900
2016-10-20,32.8389,33.0371,32.7442,32.8131,11197000
2016-10-21,32.7269,32.8389,32.5374,32.6752,13413400
2016-10-24,32.8389,33.0973,32.8389,32.9681,13550500
2016-10-25,32.9681,33.106,32.8217,33.0457,11627100
2016-10-26,32.8648,33.2869,32.8648,33.0026,9723100
2016-10-27,33.0888,33.218,32.8648,32.9251,7588900
2016-10-28,32.994,33.1232,32.7614,32.882,7803300
2016-10-31,33.0026,33.1749,32.9078,33.0974,10485300
2016-11-01,33.2352,33.2352,32.9337,33.1318,12018200
2016-11-02,33.1318,33.1577,32.7183,32.7614,9488400
2016-11-03,32.7269,33.0629,32.7269,33.0026,12393100
2016-11-04,33.0026,33.2352,32.882,32.9767,14288900
2016-11-07,33.3644,33.7262,33.3558,33.6746,9506900
2016-11-08,33.7348,33.8985,33.5798,33.709,7574700
2016-11-09,33.218,34.2345,33.0715,34.0708,19497300
2016-11-10,34.157,34.5102,33.8554,34.0967,26707200
2016-11-11,34.0622,34.2948,33.7521,33.9847,12217700
2016-11-14,33.933,34.1742,33.6918,33.8554,15417100
2016-11-15,33.5022,33.7865,33.3213,33.7435,13594300
2016-11-16,33.6832,34.2862,33.5281,34.2,12597000
2016-11-17,34.2862,34.7083,34.1742,34.6738,13316600
2016-11-18,34.6997,34.8806,34.1742,34.3379,12890600
2016-11-21,34.4326,34.4843,34.1742,34.3637,8073100
2016-11-22,34.536,34.5618,34.2948,34.536,10993100
2016-11-23,34.5015,34.5446,34.3206,34.5446,11070100
2016-11-25,34.4929,34.76,34.4929,34.6911,4013100
2016-11-28,34.5705,34.915,34.5015,34.7169,12118300
2016-11-29,34.7514,35.0959,34.5705,34.9323,10157400
2016-11-30,35.027,35.0615,34.6221,34.6221,14374600
2016-12-01,34.5532,34.6135,33.1318,33.3386,22740200
2016-12-02,33.1318,33.4506,32.4254,33.1663,19120300
2016-12-05,33.2524,33.6918,33.2007,33.5712,13681500
2016-12-06,33.6056,34.0105,33.4936,34.0019,13524700
2016-12-07,34.0277,34.7772,34.0191,34.7341,15170600
2016-12-08,34.7341,34.8806,34.5274,34.76,10109700
2016-12-09,34.8117,35.1218,34.6997,34.9064,11219100
2016-12-12,34.76,35.0615,34.76,34.8978,10891400
2016-12-13,34.8634,35.3199,34.8634,35.1132,12493100
2016-12-14,35.2079,35.3975,34.9926,35.2166,25102400
2016-12-15,35.2769,35.4405,35.096,35.1993,17783500
2016-12-16,34.648,34.648,33.3903,33.6832,46224200
2016-12-19,33.6228,33.7607,33.2438,33.5109,15135100
2016-12-20,33.5625,33.6918,33.4247,33.597,14006400
2016-12-21,33.6487,33.6487,33.261,33.4506,11966400
2016-12-22,33.5367,33.8037,33.2524,33.5625,11226300
2016-12-23,33.4161,33.6142,33.2783,33.4075,8143600
2016-12-27,33.3989,33.6315,33.3903,33.4419,5073700
2016-12-28,33.485,33.5281,33.2783,33.3213,8264100
2016-12-29,33.261,33.4592,33.261,33.33,5711800
2016-12-30,33.3816,33.4764,33.0284,33.1232,10820200
2017-01-03,33.2529,33.4605,33.1232,33.3394,11051300
2017-01-04,33.3394,33.6594,33.3394,33.5037,9545500
2017-01-05,33.4432,33.6853,33.2183,33.4172,12064700
2017-01-06,33.5124,33.5124,33.1924,33.2529,14829700
2017-01-09,33.3221,34.1178,33.2702,33.7545,15587900
2017-01-10,33.7286,33.7891,33.4346,33.4346,11316600
2017-01-11,33.4173,33.841,33.4173,33.8237,10403100
2017-01-12,33.7545,34.0053,33.374,33.9016,11526900
2017-01-13,33.867,34.014,33.7545,33.9534,9455300
2017-01-17,33.7891,33.9707,33.6334,33.8151,11081400
2017-01-18,33.9707,34.0226,33.7545,33.8929,10394000
2017-01-19,33.8324,34.0572,33.8151,33.9102,12232400
2017-01-20,34.1264,34.6194,34.1178,34.481,25439100
2017-01-23,34.3859,34.6713,34.1005,34.3167,13251200
2017-01-24,34.4637,34.7664,34.3772,34.6799,12216500
2017-01-25,34.8702,34.9221,34.5502,34.7231,13164800
2017-01-26,34.775,34.8096,34.5502,34.7059,10556500
2017-01-27,34.7664,34.9307,34.7059,34.7923,9232700
2017-01-30,34.6886,34.8096,34.4291,34.7923,10589600
2017-01-31,34.775,34.8096,34.308,34.6885,10766700
2017-02-01,34.7837,34.7837,34.3426,34.455,11837000
2017-02-02,34.3945,34.5934,34.3167,34.5761,10120300
2017-02-03,34.654,34.9653,34.5502,34.9653,12941200
2017-02-06,34.9739,34.9739,34.6626,34.6799,7871300
2017-02-07,34.7318,34.8529,34.628,34.654,8848700
2017-02-08,34.6453,34.8961,34.6021,34.6107,8883300
2017-02-09,34.6107,34.9826,34.6107,34.7923,10977100
2017-02-10,34.8788,35.3891,34.775,35.2767,13168700
2017-02-13,35.3631,35.6226,35.2853,35.5361,12779800
2017-02-14,35.3891,35.6053,35.2421,35.5447,9623000
2017-02-15,35.4237,35.8734,35.3631,35.8129,9243600
2017-02-16,35.8561,36.0982,35.7782,35.9685,10132700
2017-02-17,35.9253,36.375,35.8907,36.375,18545300
2017-02-21,36.3144,36.6517,36.2626,36.5566,12394700
2017-02-22,36.5479,36.7728,36.4355,36.7642,11602800
2017-02-23,36.8074,37.1793,36.7555,37.1533,15484000
2017-02-24,36.9631,37.3523,36.9112,37.335,11426700
2017-02-27,37.4128,37.4128,36.7728,36.9285,13876500
2017-02-28,36.8593,36.9717,36.6863,36.8334,14450300
2017-03-01,36.9717,37.1879,36.9198,37.1187,11402200
2017-03-02,37.0409,37.1274,36.8679,37.0928,9431600
2017-03-03,36.989,37.0928,36.8334,36.9198,8917100
2017-03-06,36.7209,36.9631,36.5825,36.816,9196000
2017-03-07,36.8247,36.9717,36.7728,36.842,9492900
2017-03-08,36.9112,37.0063,36.7642,36.8506,9217100
2017-03-09,36.8679,36.8679,36.5393,36.7036,10308400
2017-03-10,36.8593,36.9198,36.6258,36.9112,12244500
2017-03-13,36.9717,36.9977,36.7814,36.8247,12440800
2017-03-14,36.8247,37.0496,36.6777,37.0063,10291000
2017-03-15,37.1014,37.3609,36.8766,37.2312,18393200
2017-03-16,40.1197,40.6386,39.4798,39.5489,67535400
2017-03-17,39.1338,39.7651,39.0127,39.4884,31688700
2017-03-20,39.497,39.7392,39.056,39.1165,21452600
2017-03-21,39.1857,39.2635,38.6668,38.7792,21974500
2017-03-22,39.03,39.3068,38.5976,38.736,14339700
2017-03-23,38.6408,38.9695,38.6322,38.8744,16190500
2017-03-24,38.8484,38.9954,38.5544,38.6149,13110200
2017-03-27,38.4938,38.8571,38.3641,38.7792,8933100
2017-03-28,38.7706,38.9435,38.6235,38.6495,14008800
2017-03-29,38.5025,38.6841,38.4592,38.5025,10636200
2017-03-30,38.4419,38.7014,38.3728,38.6409,7792500
2017-03-31,38.4852,38.7879,38.4506,38.5803,10652800
2017-04-03,38.6408,38.9608,38.3987,38.5803,16044300
2017-04-04,38.5803,38.6927,38.3814,38.563,9161300
2017-04-05,38.6928,38.8917,38.4074,38.4765,9445100
2017-04-06,38.5111,38.5111,38.1738,38.2084,11557800
2017-04-07,38.1306,38.3901,38.0441,38.3036,13446600
2017-04-10,38.3991,38.6076,38.182,38.2167,11668600
2017-04-11,38.1212,38.6076,38.0083,38.3644,15422400
2017-04-12,38.5033,38.5728,38.2428,38.3731,8457000
2017-04-13,38.3817,38.6076,38.1993,38.2167,11838300
2017-04-17,38.3209,38.5294,38.2167,38.4686,10999300
2017-04-18,38.3991,38.7205,38.3383,38.6684,10446700
2017-04-19,38.5989,38.6857,38.2862,38.3817,10712000
2017-04-20,38.4425,38.7639,38.3644,38.6771,10880900
2017-04-21,38.7292,38.8594,38.5641,38.5902,11556000
2017-04-24,39.0592,39.0766,38.7552,38.9463,10848900
2017-04-25,39.0679,39.0679,38.7378,38.8421,12436800
2017-04-26,38.8681,39.12,38.7726,38.816,10122400
2017-04-27,38.9811,39.0332,38.7813,38.8855,8221000
2017-04-28,38.8594,39.0505,38.6684,39.0505,12962700
2017-05-01,39.0939,39.2416,38.9723,39.1287,9118300
2017-05-02,39.0853,39.3893,39.0592,39.1982,11649600
2017-05-03,39.1287,39.2242,38.8855,38.9897,10695900
2017-05-04,39.0505,39.7627,39.0418,39.4935,15505200
2017-05-05,39.702,39.7628,39.398,39.589,8443400
2017-05-08,39.5022,39.702,39.4501,39.5717,7559600
2017-05-09,39.5196,39.6759,39.4153,39.5022,6530600
2017-05-10,39.5369,39.5717,39.3372,39.5456,6906100
2017-05-11,39.4414,39.4414,39.0592,39.2242,8996400
2017-05-12,39.0939,39.2155,39.0158,39.1548,7965100
2017-05-15,39.2937,39.398,39.1635,39.3632,9694000
2017-05-16,39.398,39.4066,39.2156,39.3372,7944500
2017-05-17,39.3372,39.3372,38.3904,38.4165,18489200
2017-05-18,38.2688,38.5728,37.8693,38.3644,12777600
2017-05-19,38.3991,38.6684,38.3644,38.486,11519200
2017-05-22,38.5033,38.7813,38.4599,38.7639,9805800
2017-05-23,38.8073,38.9463,38.6684,38.7031,6873700
2017-05-24,38.7813,38.9811,38.651,38.9376,7653600
2017-05-25,39.0766,39.3458,38.9376,39.259,7597600
2017-05-26,39.2677,39.4761,39.1374,39.3111,6899700
2017-05-30,39.1808,39.4848,39.1808,39.4501,10769800
2017-05-31,39.4501,39.563,39.3111,39.424,14757600
2017-06-01,39.5369,39.7801,39.398,39.7714,8138900
2017-06-02,39.8496,40.0146,39.5022,39.6585,11794600
2017-06-05,39.6846,39.9538,39.6672,39.8843,8617300
2017-06-06,39.7193,39.8149,39.6064,39.6151,7449500
2017-06-07,39.6238,39.6498,39.2069,39.4327,7688700
2017-06-08,39.4327,39.8322,39.3545,39.4501,12889500
2017-06-09,39.4327,39.6672,38.8073,39.1113,12188400
2017-06-12,38.7813,38.955,37.9909,38.955,16189900
2017-06-13,39.1461,39.2937,38.7552,39.0679,10705800
2017-06-14,39.2242,39.3285,38.6423,38.9202,12024600
2017-06-15,38.6944,38.9289,38.5381,38.8073,10394600
2017-06-16,38.8681,39.1721,38.6771,39.1634,15930900
2017-06-19,39.3198,39.7367,39.2677,39.7193,12787700
2017-06-20,39.7454,40.2318,39.6064,39.8149,15299600
2017-06-21,40.0841,40.4229,40.0233,40.2405,30757300
2017-06-22,40.2405,45.0349,40.2405,43.6887,63193900
2017-06-23,43.6365,45.0262,43.4889,44.2532,42812500
2017-06-26,44.288,44.9046,44.0969,44.1751,29453400
2017-06-27,44.0795,44.6875,43.8797,44.0795,17876400
2017-06-28,44.3574,44.3748,44.1316,44.1837,15981600
2017-06-29,44.0882,44.2011,43.4107,43.6018,13929100
2017-06-30,43.5844,43.8797,43.4976,43.5497,13146400
2017-07-03,43.4715,43.541,42.8375,42.8722,10883200
2017-07-05,43.2544,43.4541,42.9156,42.9591,15775300
2017-07-06,42.7767,42.9243,42.3598,42.4292,14411900
2017-07-07,42.4119,42.9417,42.4119,42.8635,10889400
2017-07-10,42.794,43.2804,42.7506,43.098,10098500
2017-07-11,43.0199,43.3325,42.9156,43.3239,9751100
2017-07-12,43.4454,43.845,43.3933,43.8189,14461400
2017-07-13,43.9058,44.0187,43.6452,43.7321,11959900
2017-07-14,43.6626,43.9926,43.6626,43.9145,9875900
2017-07-17,43.8622,44.0976,43.8011,43.9755,8093600
2017-07-18,43.8883,44.2022,43.7314,43.9842,14104800
2017-07-19,43.9929,44.5509,43.9058,44.4637,13312800
2017-07-20,44.5858,44.6904,44.3242,44.5771,8772500
2017-07-21,44.3504,44.5945,44.1586,44.2894,8791900
2017-07-24,44.2894,44.3765,44.1237,44.2545,7639100
2017-07-25,44.3853,44.6643,44.2807,44.6119,10536200
2017-07-26,44.5945,44.6294,44.4812,44.6119,5724500
2017-07-27,44.7253,44.7776,43.7575,43.9842,16508800
2017-07-28,43.7576,44.0191,43.6268,43.8535,8996400
2017-07-31,44.0104,44.0278,43.5047,43.5309,10066600
2017-08-01,43.7227,43.7837,43.435,43.7314,6066200
2017-08-02,43.8186,43.8622,43.2257,43.3914,8720700
2017-08-03,43.5221,43.9493,43.3565,43.7924,9490100
2017-08-04,43.7488,43.775,43.4786,43.557,7025300
2017-08-07,43.5919,43.6704,43.1821,43.278,8280300
2017-08-08,43.1909,43.4437,42.6939,42.8072,14684300
2017-08-09,42.7026,43.0601,42.598,42.7724,15872400
2017-08-10,42.6852,42.6852,41.8918,41.9354,13391100
2017-08-11,42.0051,42.2318,41.8308,42.0575,11704600
2017-08-14,42.2667,42.6852,42.258,42.5893,9229100
2017-08-15,42.6242,42.7724,42.5195,42.5718,10663500
2017-08-16,42.6939,42.999,42.5108,42.938,9881200
2017-08-17,42.8683,42.9903,42.3277,42.3277,9661600
2017-08-18,42.2406,42.6154,42.1185,42.3888,10248400
2017-08-21,42.4149,42.6852,42.319,42.6329,7293400
2017-08-22,42.8247,43.0252,42.7113,42.9467,9233000
2017-08-23,42.7724,43.095,42.6678,42.7811,6895400
2017-08-24,42.7811,42.9467,42.6154,42.8857,7365500
2017-08-25,43.1037,43.1037,42.8508,42.9293,7853300
2017-08-28,43.0601,43.0601,42.7549,42.9293,6211300
2017-08-29,42.6154,43.217,42.5021,43.1124,7245900
2017-08-30,43.156,43.5483,43.0339,43.4175,6957400
2017-08-31,43.4873,44.0453,43.4524,43.8796,12958100
2017-09-01,43.897,44.3591,43.897,44.1324,8716800
2017-09-05,44.054,44.5335,44.0017,44.4027,15610700
2017-09-06,44.5335,44.6643,44.2894,44.4725,15615600
2017-09-07,44.6294,45.1438,44.4899,45.1002,11516800
2017-09-08,45.1612,45.2309,44.795,44.9694,10356500
2017-09-11,45.231,45.8674,45.1699,45.7628,16526300
2017-09-12,45.8935,46.1115,45.7453,46.0069,13352400
2017-09-13,45.7889,46.19,45.7279,46.033,14463000
2017-09-14,45.9982,46.3295,45.6146,46.0243,21901600
2017-09-15,44.1586,44.2022,42.2667,42.4934,66367900
2017-09-18,42.6154,42.7724,41.9267,42.1359,29434700
2017-09-19,42.2754,42.2841,41.7436,41.8831,23070700
2017-09-20,41.8482,42.0139,41.5779,41.8221,21257300
2017-09-21,41.6913,42.0139,41.6913,41.8221,15656300
2017-09-22,41.7785,42.2231,41.7785,41.9877,15341900
2017-09-25,42.3016,42.319,41.5344,41.8221,15663600
2017-09-26,41.9354,42.0313,41.7523,41.7785,18679900
2017-09-27,41.8918,42.1621,41.8046,41.9877,14499200
2017-09-28,42.0226,42.0662,41.8569,41.918,12997700
2017-09-29,42.0139,42.5021,41.8133,42.1534,44896600
2017-10-02,42.4759,42.72,42.3452,42.5457,26097300
2017-10-03,42.6765,42.6852,42.319,42.4498,12710800
2017-10-04,42.7113,42.8857,42.5108,42.6329,15204500
2017-10-05,42.6852,42.7462,42.2841,42.6416,13886100
2017-10-06,42.4062,42.4585,42.04,42.197,16340400
2017-10-09,42.1621,42.3539,41.9964,42.1621,10173000
2017-10-10,42.1533,42.4159,42.0133,42.1971,15630500
2017-10-11,42.1533,42.4247,42.1533,42.2584,12588300
2017-10-12,42.2496,42.4334,42.1096,42.2146,11715600
2017-10-13,42.3371,42.6347,42.3021,42.5472,10142300
2017-10-16,42.5472,42.8098,42.4422,42.766,9378100
2017-10-17,42.731,43.1511,42.6347,43.0549,14191300
2017-10-18,43.3262,43.5538,43.0286,43.3962,12064100
2017-10-19,43.2737,43.475,43.0549,43.1949,10048600
2017-10-20,43.3612,43.58,43.0286,43.1074,15501500
2017-10-23,43.1336,43.4662,43.0811,43.1599,14633400
2017-10-24,43.1774,43.8864,43.1074,43.7463,17562400
2017-10-25,43.6676,44.3328,43.4487,43.5013,20635800
2017-10-26,43.8601,44.0264,43.5625,43.8951,16952900
2017-10-27,44.0177,44.6129,43.7901,44.5341,15099500
2017-10-30,44.3153,44.4203,43.9739,44.359,9049800
2017-10-31,44.4028,44.8842,44.1577,44.5516,14453100
2017-11-01,44.7266,44.7879,44.2628,44.324,10128000
2017-11-02,44.2365,44.3765,43.8689,44.0089,10389800
2017-11-03,44.0789,44.149,43.9039,43.9214,15814500
2017-11-06,43.8514,44.2452,43.7813,44.1139,9678000
2017-11-07,44.1402,44.2715,43.8339,44.1927,6796500
2017-11-08,44.0527,44.4115,43.9389,44.2365,7977900
2017-11-09,43.8864,43.9564,42.4859,43.0986,16195400
2017-11-10,42.8886,43.2124,42.6697,43.1686,9944200
2017-11-13,42.9761,43.2649,42.9411,43.2387,6566700
2017-11-14,43.1687,43.1774,42.801,43.0636,8498900
2017-11-15,42.7835,42.9586,42.6522,42.731,9425100
2017-11-16,42.9849,43.4312,42.8973,43.0636,11738500
2017-11-17,42.8886,43.0899,42.7573,42.836,10035100
2017-11-20,42.9236,43.0286,42.8185,42.9061,11525100
2017-11-21,42.8886,42.9761,42.4509,42.5647,18313300
2017-11-22,42.5034,42.7398,42.3809,42.5209,10618900
2017-11-24,42.7835,43.0023,42.6172,42.8973,6008300
2017-11-27,42.836,43.0811,42.6697,42.7835,13395600
2017-11-28,42.7835,43.0636,42.7573,42.8973,13930600
2017-11-29,42.7573,42.766,42.1883,42.4684,14377600
2017-11-30,42.7923,43.1774,42.7923,42.9411,24701100
2017-12-01,42.9323,43.7638,42.801,43.4225,15899500
2017-12-04,43.6063,43.6063,42.3284,42.3634,13473900
2017-12-05,42.3984,42.5822,41.987,42.0045,17858900
2017-12-06,42.2409,42.5297,41.6894,42.3809,12974500
2017-12-07,42.5559,42.7223,42.2759,42.4684,13482800
2017-12-08,42.801,43.4925,42.626,43.4137,14732300
2017-12-11,43.4225,44.2015,43.3787,44.1752,15852800
2017-12-12,43.7638,44.3853,43.7201,44.1052,17464000
2017-12-13,44.0527,44.2102,43.7726,43.8076,17196900
2017-12-14,43.8864,44.114,43.7113,43.9301,22259300
2017-12-15,42.4334,42.4334,41.138,42.2759,75176000
2017-12-18,42.3896,42.7573,41.7332,41.7594,25156800
2017-12-19,41.9783,42.3196,41.7857,41.8557,28664300
2017-12-20,41.9082,42.057,41.8295,41.9257,11432200
2017-12-21,42.1096,42.1096,41.3393,41.3831,18396800
2017-12-22,41.2868,41.4881,41.2255,41.4531,11197300
2017-12-26,41.4619,41.6457,41.3568,41.5144,7650200
2017-12-27,41.3568,41.5494,41.2693,41.4706,8132200
2017-12-28,41.4006,41.6194,41.4006,41.5932,7777600
2017-12-29,41.6019,41.9082,41.3831,41.3831,9750000
2018-01-02,41.6369,41.8382,40.4115,40.8142,25380000
2018-01-03,41.6019,42.0745,41.5231,41.7594,24165000
2018-01-04,42.0045,42.1796,41.7682,42.1708,19815100
2018-01-05,42.3809,42.5647,42.2584,42.4247,14496400
2018-01-08,42.2759,42.9498,41.9608,42.8711,15075000
2018-01-09,43.2753,43.3719,42.9853,43.1083,14153700
2018-01-10,42.9326,43.2928,42.6865,42.8798,13476600
2018-01-11,42.9413,43.0732,42.5635,43.0116,11687800
2018-01-12,43.2137,43.7849,43.1083,43.5037,15978200
2018-01-16,43.8025,43.987,43.4422,43.574,17152600
2018-01-17,43.8552,44.1891,43.8025,44.1715,23183100
2018-01-18,44.1012,44.5318,44.0221,44.1364,17119200
2018-01-19,44.3736,44.4615,44.1715,44.4439,14011500
2018-01-22,44.3121,44.5845,44.1715,44.5581,16840000
2018-01-23,44.5933,45.0502,44.4351,44.9184,14141400
2018-01-24,45.1293,45.6916,44.9975,45.2084,17205600
2018-01-25,45.2874,45.7356,45.2874,45.3401,13904300
2018-01-26,45.5686,46.3506,45.4807,46.3506,14909200
2018-01-29,46.2804,46.3858,45.5862,45.6389,12234900
2018-01-30,45.4632,45.6828,44.5933,44.7778,16863500
2018-01-31,44.6899,45.5598,44.6899,45.3314,16806800
2018-02-01,45.1293,45.6741,45.0414,45.3665,11674100
2018-02-02,45.0326,45.1732,43.9694,44.0485,17562200
2018-02-05,43.9694,44.5494,42.2296,42.256,19725800
2018-02-06,41.5882,43.5037,41.1313,43.4071,25921200
2018-02-07,43.2313,43.8025,42.8974,42.9413,15138000
2018-02-08,43.1347,43.161,41.1313,41.1576,21255400
2018-02-09,41.8079,42.3087,40.3492,41.9397,23191000
2018-02-12,42.3702,42.6074,41.9309,42.3087,16261600
2018-02-13,42.1857,42.7744,41.9748,42.6074,12633100
2018-02-14,42.3438,43.5125,42.2999,43.451,14271400
2018-02-15,43.6707,44.5406,43.4334,44.4966,14132500
2018-02-16,44.4175,44.936,44.3648,44.5581,11098800
2018-02-20,44.11,44.2067,43.6355,43.8376,14144900
2018-02-21,43.82,44.233,43.4334,43.4334,13050800
2018-02-22,43.574,43.987,43.4158,43.574,9513200
2018-02-23,43.7497,44.4351,43.6004,44.3736,8866800
2018-02-26,44.4527,45.0414,44.3736,44.9623,12956000
2018-02-27,44.8745,45.1644,44.4088,44.5757,14339600
2018-02-28,44.8657,45.2523,44.523,44.523,14947900
2018-03-01,44.7778,44.7778,43.4246,43.6794,16539800
2018-03-02,43.3455,44.2857,43.1962,44.2154,17291000
2018-03-05,43.8464,45.2435,43.8025,45.0678,18771500
2018-03-06,45.305,45.5071,45.0063,45.2523,13907100
2018-03-07,44.8657,45.5247,44.8393,45.4456,11727300
2018-03-08,45.6389,45.8322,45.2259,45.8059,15864400
2018-03-09,45.9992,46.5703,45.8674,46.544,16218600
2018-03-12,46.5528,46.957,46.2804,46.4825,14108400
2018-03-13,46.7812,46.9921,45.9904,46.2013,12864400
2018-03-14,46.4649,46.7021,45.8498,45.9728,10885500
2018-03-15,45.8849,46.2804,45.7883,46.0167,14155200
2018-03-16,46.0431,46.2979,45.9113,45.9289,21011500
2018-03-19,46.0695,46.2013,45.2611,45.6477,25777400
2018-03-20,41.1225,41.9572,40.7974,41.3421,68601000
2018-03-21,41.553,42.2296,41.307,41.3158,34597700
2018-03-22,41.0522,41.3158,40.1823,40.3229,25610100
2018-03-23,40.402,40.6656,39.33,39.3563,21398900
2018-03-26,40.0241,40.9819,39.8835,40.8413,20754800
2018-03-27,40.9731,41.1401,39.5408,39.8747,18925300
2018-03-28,39.7869,39.8572,39.1103,39.5233,22156900
2018-03-29,39.8132,40.6744,39.5496,40.1999,14256400
2018-04-02,40.112,40.2877,39.0312,39.5496,15343300
2018-04-03,39.8308,39.8308,38.917,39.4442,15734600
2018-04-04,38.7237,40.0856,38.6973,39.989,18505900
2018-04-05,40.1823,40.5777,40.0241,40.3844,12313000
2018-04-06,39.989,40.1999,39.1894,39.3915,13893600
2018-04-09,39.6375,40.112,39.4354,39.453,15200000
2018-04-10,40.0241,40.481,39.945,40.2613,14868900
2018-04-11,39.8923,40.4107,39.8572,40.0768,14911400
2018-04-12,40.1471,40.5689,40.112,40.3141,13970300
2018-04-13,40.6919,40.8852,40.0768,40.4898,12493600
2018-04-16,40.6133,40.931,40.2339,40.631,11639000
2018-04-17,40.9486,41.4074,40.931,41.1692,10762700
2018-04-18,41.1869,41.7251,41.1869,41.5398,11312900
2018-04-19,41.4604,41.5663,41.2045,41.3104,8563200
2018-04-20,41.0016,41.1339,40.5692,40.7898,15675600
2018-04-23,40.9221,41.0016,40.3398,40.4104,14904400
2018-04-24,40.5251,40.9133,39.9516,40.1722,13357000
2018-04-25,40.0751,40.4457,39.7487,40.3663,12637500
2018-04-26,40.6663,40.7722,40.4986,40.5516,12175800
2018-04-27,40.6928,40.6928,40.1192,40.1722,14420800
2018-04-30,40.2869,40.6045,40.1987,40.2957,13896600
2018-05-01,40.0487,40.5428,40.0487,40.5428,8838000
2018-05-02,40.4898,40.6575,40.1193,40.1545,10715200
2018-05-03,40.0222,40.0487,39.2546,39.7575,15370200
2018-05-04,39.6428,40.5163,39.5281,40.331,10571800
2018-05-07,40.5339,40.7986,40.3928,40.6486,9006000
2018-05-08,40.481,40.5781,40.1898,40.5339,9830600
2018-05-09,40.7898,41.1868,40.5692,41.0986,11822400
2018-05-10,41.2927,41.5574,41.1251,41.4074,10974200
2018-05-11,41.5663,41.6015,41.1516,41.3104,9498100
2018-05-14,41.3016,41.6986,41.1957,41.3104,9689500
2018-05-15,41.0369,41.3104,40.8075,41.3016,11304900
2018-05-16,41.4074,41.4074,40.9839,41.231,9874200
2018-05-17,41.1957,41.5221,40.9575,41.0633,10162300
2018-05-18,41.1957,41.2839,40.7986,40.8692,13517300
2018-05-21,41.0545,41.7251,41.0192,41.6545,13416300
2018-05-22,41.681,41.9457,40.8604,40.9133,18505100
2018-05-23,40.6575,41.4427,40.6045,41.381,9204400
2018-05-24,41.1692,41.4163,40.7104,40.9927,12497700
2018-05-25,41.0192,41.6192,41.0104,41.4692,11354300
2018-05-29,41.0722,41.2927,40.6222,40.8163,12427800
2018-05-30,41.1427,41.6721,40.9663,41.5133,11906500
2018-05-31,41.4074,41.6192,41.2133,41.2221,13062400
2018-06-01,41.5398,41.7868,41.381,41.778,10863200
2018-06-04,41.8927,41.9721,41.6721,41.7515,12178400
2018-06-05,41.7604,41.8398,41.3016,41.5839,13430900
2018-06-06,41.8398,42.1839,41.5574,42.131,13299100
2018-06-07,42.2898,42.378,41.8398,42.0692,13714100
2018-06-08,41.8309,42.6868,41.8309,42.5103,14515400
2018-06-11,42.4839,42.6956,42.3251,42.5192,12521100
2018-06-12,42.5368,42.8721,42.4927,42.7486,14713600
2018-06-13,42.4486,42.9427,42.4309,42.5898,18053300
2018-06-14,41.478,41.4868,40.2869,40.4986,37001300
2018-06-15,40.4722,41.0192,39.8722,40.8339,28120400
2018-06-18,40.4281,41.1163,40.1104,41.0457,21474100
2018-06-19,40.4457,40.9486,40.3839,40.8251,22764900
2018-06-20,38.3899,39.5193,37.5605,37.7811,59129000
2018-06-21,38.0987,38.6811,37.9223,38.0281,32635100
2018-06-22,38.1164,39.0869,38.0811,38.9104,29735100
2018-06-25,38.4428,39.2369,38.3722,39.0693,24640500
2018-06-26,39.2281,39.5722,39.1487,39.184,20717500
2018-06-27,39.3252,39.4752,38.3281,38.337,26360100
2018-06-28,38.3899,38.8399,38.2575,38.681,20918400
2018-06-29,38.8575,39.2899,38.6017,38.8752,22144900
2018-07-02,38.7869,39.6781,38.6193,39.6604,20655500
2018-07-03,39.6957,39.6957,39.281,39.4575,16783300
2018-07-05,39.8369,40.1192,39.6957,40.0663,21916200
2018-07-06,40.1104,40.7545,39.9428,40.5869,20764300
2018-07-09,40.7016,41.2839,40.6398,41.231,25125700
2018-07-10,41.3192,41.7868,41.1869,41.4604,27422000
2018-07-11,41.3104,42.1398,41.2133,42.0339,22802600
2018-07-12,42.1662,42.528,42.1309,42.4839,24857900
2018-07-13,42.325,43.0662,42.2015,42.9074,25771400
2018-07-16,43.0668,43.0668,42.4734,42.9251,22949600
2018-07-17,42.7745,43.3946,42.6505,43.3148,18823100
2018-07-18,43.2174,43.4034,42.872,43.0845,19234700
2018-07-19,42.872,43.1554,42.7036,42.9074,16656500
2018-07-20,42.9517,43.1465,42.8365,42.9782,17232900
2018-07-23,43.0668,43.1111,42.5619,43.1111,17990200
2018-07-24,43.182,43.492,43.0137,43.1111,19885500
2018-07-25,42.9782,43.3768,42.9605,43.3591,16354900
2018-07-26,43.2706,43.554,43.1908,43.2883,15229900
2018-07-27,43.3946,43.5097,42.8542,43.0757,14856100
2018-07-30,43.0314,43.0314,42.0393,42.2785,20167300
2018-07-31,42.4291,42.5885,41.9773,42.2342,18808100
2018-08-01,42.4379,42.7125,41.7647,41.9419,22933600
2018-08-02,41.6673,42.5796,41.3041,42.4291,14227400
2018-08-03,42.4468,42.9428,42.4291,42.934,14295800
2018-08-06,42.7745,43.1908,42.7125,43.1111,13529300
2018-08-07,43.3503,43.3591,42.934,42.9428,11608000
2018-08-08,42.8897,43.0668,42.7479,42.8631,10849400
2018-08-09,42.7568,43.1465,42.7568,42.996,14708000
2018-08-10,42.8454,43.1554,42.7214,42.8011,10502200
2018-08-13,42.8188,43.0402,42.4911,42.5265,12152100
2018-08-14,42.6239,42.8277,42.4645,42.7214,11513700
2018-08-15,42.6062,42.7479,42.1013,42.3759,14091000
2018-08-16,42.6416,42.9162,42.5531,42.6062,11874300
2018-08-17,42.7037,42.9605,42.5088,42.8365,11412000
2018-08-20,42.872,43.0491,42.748,42.8897,11936700
2018-08-21,43.0314,43.0845,42.8454,42.8808,10187600
2018-08-22,42.8188,43.3237,42.7302,43.2263,11639400
2018-08-23,43.2263,43.7046,43.12,43.368,11026700
2018-08-24,43.4034,43.7489,43.3768,43.6337,14011700
2018-08-27,43.7666,44.0235,43.6603,43.6957,12253300
2018-08-28,43.7489,43.7843,43.0491,43.0845,15475700
2018-08-29,43.0845,43.492,43.0845,43.306,17307700
2018-08-30,43.306,43.306,42.7922,42.8542,15154900
2018-08-31,42.8542,43.0757,42.8277,43.0314,17844100
2018-09-04,42.8365,43.2528,42.6594,43.0314,17289000
2018-09-05,42.8808,42.9517,42.3316,42.5531,16437700
2018-09-06,42.4734,42.7125,42.0925,42.2608,18456100
2018-09-07,42.0393,42.5088,41.9242,42.3493,20513900
2018-09-10,42.5176,43.4477,42.5176,43.2794,20390600
2018-09-11,42.9782,43.4477,42.9782,43.3326,14877200
2018-09-12,43.182,43.8197,43.0668,43.7046,17058700
2018-09-13,43.6514,44.0678,43.2971,43.368,22124400
2018-09-14,43.3503,43.802,43.3503,43.6249,20066100
2018-09-17,43.678,44.2361,43.5009,43.5629,29225000
2018-09-18,42.0836,43.8817,41.9507,43.43,33451100
2018-09-19,43.3326,43.8817,43.1023,43.7843,20904800
2018-09-20,43.988,45.2459,43.8995,44.6701,26973500
2018-09-21,45.0244,45.2813,44.5992,45.2636,50751900
2018-09-24,45.0067,45.7065,44.9181,45.3876,23906100
2018-09-25,45.5204,45.9988,45.1484,45.8128,18665800
2018-09-26,45.8393,46.1582,45.671,45.733,18131000
2018-09-27,45.671,46.0785,45.4673,45.7862,17993500
2018-09-28,45.6533,46.0696,45.609,45.671,16234200
2018-10-01,45.3699,46.0519,45.299,45.8836,19217800
2018-10-02,45.7507,45.8836,44.4044,44.4929,22406800
2018-10-03,43.926,44.3778,43.926,44.0678,21207600
2018-10-04,44.0058,44.0943,43.554,43.8197,19034000
2018-10-05,43.7755,44.0855,43.5097,43.7134,16900200
2018-10-08,43.6426,43.9703,43.3148,43.7223,16295800
2018-10-09,43.5009,43.7577,43.2528,43.2883,19009800
2018-10-10,43.2351,43.3857,41.9596,41.9862,20885400
2018-10-11,41.9242,42.4202,41.1801,41.437,26387600
2018-10-12,41.9862,42.2962,41.3307,41.9685,23152800
2018-10-15,41.7639,42.3509,41.6839,41.9062,15693400
2018-10-16,42.3064,43.0624,42.2175,42.8934,13600200
2018-10-17,42.1819,42.9023,42.1819,42.5643,15071100
2018-10-18,42.3064,42.8133,41.9151,42.1374,15084800
2018-10-19,42.2442,42.9023,42.1108,42.3242,17768400
2018-10-22,42.5554,43.1246,42.4309,42.6355,16480200
2018-10-23,41.9418,42.9734,41.9062,42.6799,18921500
2018-10-24,42.5821,42.9556,41.5327,41.586,20028200
2018-10-25,42.173,42.9467,42.0485,42.6533,19349300
2018-10-26,42.0129,42.7511,41.5416,42.0841,23088700
2018-10-29,42.5199,42.7689,41.2125,41.8173,19248700
2018-10-30,41.8706,43.2402,41.7283,43.1958,24438200
2018-10-31,43.6226,43.9784,43.2135,43.4359,21082900
2018-11-01,43.5426,43.7916,42.9912,43.2136,17764900
2018-11-02,43.5159,43.596,42.9023,43.427,17289300
2018-11-05,43.5782,43.6938,43.1335,43.596,13125800
2018-11-06,43.6671,43.9962,43.427,43.8005,12362700
2018-11-07,44.094,44.9122,43.9962,44.6987,14329800
2018-11-08,44.6632,44.9122,44.5298,44.8499,11966600
2018-11-09,44.8411,45.1968,44.7432,45.01,15316100
2018-11-12,44.6187,44.8055,43.676,43.7738,14374400
2018-11-13,43.9962,44.4675,43.7916,44.0317,13550600
2018-11-14,44.4408,44.4408,43.3469,43.4359,16094000
2018-11-15,44.5031,45.0812,43.6226,45.0278,24922800
2018-11-16,44.9389,45.7571,44.8411,45.5081,20929600
2018-11-19,45.4013,45.4458,43.9339,44.0673,19520500
2018-11-20,43.2847,43.6404,42.6532,42.9823,19389600
2018-11-21,43.3647,43.7383,43.1602,43.2402,13859500
2018-11-23,42.7244,43.6849,42.7244,43.3114,7807300
2018-11-26,43.7205,43.7205,42.7778,42.9201,21603800
2018-11-27,42.6177,42.671,41.6127,42.1908,28054600
2018-11-28,42.4487,42.9112,42.1285,42.8578,29352900
2018-11-29,43.0268,43.0268,42.1908,42.5999,17052100
2018-11-30,42.7689,43.4359,42.4309,43.3647,22884500
2018-12-03,43.9695,44.5742,43.7649,44.3163,21966600
2018-12-04,44.0406,44.6632,43.3203,43.3558,24643500
2018-12-06,42.4665,42.4843,40.5989,41.5149,39877000
2018-12-07,41.586,41.8351,40.7412,40.9101,23978000
2018-12-10,40.919,41.8706,40.3232,41.506,26375500
2018-12-11,41.7817,41.9151,40.9635,41.3192,22680200
2018-12-12,41.8973,42.7867,41.8084,42.0841,21404000
2018-12-13,42.2264,42.2886,41.5771,42.004,23295400
2018-12-14,41.6038,41.8262,41.2748,41.4437,21434300
2018-12-17,41.2837,42.004,40.4921,40.67,30441100
2018-12-18,42.7777,42.9912,40.4121,40.7767,42855600
2018-12-19,40.9635,42.1908,40.6878,41.3103,34397300
2018-12-20,40.9546,41.755,40.4477,41.1236,35165200
2018-12-21,40.9813,41.0969,39.0069,39.1314,58768400
2018-12-24,38.9269,38.9713,37.9575,37.9664,17230400
2018-12-26,38.2421,39.6739,37.7085,39.6561,21428900
2018-12-27,39.087,40.1008,38.6512,39.9941,19048700
2018-12-28,40.1453,40.7056,39.7895,39.8607,39141200
2018-12-31,40.1897,40.4654,39.8785,40.1542,14932600
2019-01-02,39.5583,40.3232,39.5316,40.2164,14320400
2019-01-03,39.7984,40.4654,39.4961,39.8251,19868700
2019-01-04,40.3498,41.755,40.2431,41.5416,20984000
2019-01-07,41.7372,42.7867,41.3281,42.1997,17967900
2019-01-08,42.6266,43.009,41.9773,42.5821,16255700
2019-01-09,41.4793,42.8934,41.4526,42.4932,19100200
2019-01-10,42.1374,42.671,41.6928,42.5287,16652700
2019-01-11,42.3954,43.2402,42.1285,42.9468,16397400
2019-01-14,42.5554,42.9912,42.3509,42.8489,14869400
2019-01-15,42.3846,43.3311,42.331,43.1971,12142100
2019-01-16,43.3757,43.5632,42.9025,42.9114,14114000
2019-01-17,42.8668,43.6704,42.6882,43.3757,12711200
2019-01-18,43.6971,44.2596,43.6346,43.9918,15930600
2019-01-22,43.6078,43.9025,43.4471,43.6971,13318700
2019-01-23,43.9204,44.1793,43.5989,43.965,15551200
2019-01-24,43.9829,44.1347,43.6346,43.9293,11442200
2019-01-25,44.2864,44.5543,44.1525,44.465,16656600
2019-01-28,44.1525,44.4025,43.9382,44.215,11799100
2019-01-29,44.0989,44.5722,43.9204,44.2954,10838600
2019-01-30,44.5186,45.09,44.2864,44.965,13483800
2019-01-31,44.8579,45.09,44.7061,44.8489,20403600
2019-02-01,45.1079,45.6257,44.9025,45.3668,14849600
2019-02-04,44.9829,45.7597,44.9829,45.5632,12221200
2019-02-05,45.6882,45.8668,45.4382,45.7507,13345500
2019-02-06,45.7061,45.974,45.5097,45.7686,9220900
2019-02-07,45.349,45.5275,44.7954,44.84,14905000
2019-02-08,44.7239,45.5632,44.4829,45.5632,11535600
2019-02-11,45.5007,45.965,45.4918,45.7418,9714500
2019-02-12,45.9472,46.0275,45.7061,45.7329,14188500
2019-02-13,45.7597,46.0275,45.4918,45.9115,11342600
2019-02-14,45.7508,46.2061,45.6168,45.965,11155300
2019-02-15,45.6525,46.1793,45.599,46.1793,13822200
2019-02-19,45.965,46.59,45.7507,46.4472,12357500
2019-02-20,46.4293,46.6168,45.9829,46.224,13440900
2019-02-21,46.099,46.7418,45.9918,46.5275,14759500
2019-02-22,46.7776,46.9651,46.6079,46.8579,11689700
2019-02-25,47.099,47.349,46.8401,46.9293,14722200
2019-02-26,46.84,47.2151,46.6436,46.965,12041300
2019-02-27,46.8936,47.0008,46.6615,46.7686,10674200
2019-02-28,46.6079,46.8847,46.474,46.5454,31856900
2019-03-01,46.8758,47.0811,46.7597,46.8847,15757700
2019-03-04,47.0276,47.1883,46.0454,46.465,14850100
2019-03-05,46.465,46.9561,46.4472,46.7508,16291900
2019-03-06,46.7061,47.099,46.5454,46.7418,12389300
2019-03-07,46.6079,47.4383,46.599,46.9472,16624100
2019-03-08,46.7418,47.1258,46.5454,47.1168,15071100
2019-03-11,46.3758,47.4829,46.349,47.0186,20027700
2019-03-12,47.0275,47.5811,46.9472,47.1436,18048500
2019-03-13,47.3758,47.7419,47.0901,47.3758,19490800
2019-03-14,47.3043,47.6794,47.1883,47.3668,24000300
2019-03-15,45.8936,47.6704,45.5365,47.2686,43340200
2019-03-18,47.2061,48.1794,47.1258,47.7329,21953600
2019-03-19,48.0365,48.5544,47.9919,48.2508,19214000
2019-03-20,48.1169,48.3847,46.8847,47.0008,24111600
2019-03-21,46.9918,48.2597,46.7418,48.2508,16686300
2019-03-22,47.8758,48.1079,47.0901,47.1168,16201500
2019-03-25,46.9293,47.2686,46.6347,47.09,11755900
2019-03-26,47.5811,47.8043,47.3758,47.5722,11657600
2019-03-27,47.5722,47.9026,46.7061,47.1525,12636000
2019-03-28,47.3222,47.5901,47.1347,47.4919,9103100
2019-03-29,47.7419,47.9829,47.5454,47.9561,11485700
2019-04-01,48.1079,48.7954,48.0811,48.7329,15191700
2019-04-02,48.5811,48.6615,48.1079,48.349,10812100
2019-04-03,48.3579,48.5633,48.0901,48.2687,12853400
2019-04-04,48.0901,48.349,47.6883,48.0544,9978800
2019-04-05,47.9829,48.3847,47.9829,48.1526,10016300
2019-04-08,47.974,48.1526,47.6169,47.9651,10126700
2019-04-09,47.7686,48.3044,47.7418,48.0633,9789000
2019-04-10,48.0902,48.5745,48.0722,48.4041,8477300
2019-04-11,48.4758,48.6014,48.0005,48.2426,8147600
2019-04-12,48.5207,48.8794,48.3144,48.8794,9014000
2019-04-15,48.8794,49.1037,48.709,48.996,7694900
2019-04-16,49.0319,49.2472,48.727,48.9602,7265200
2019-04-17,49.0409,49.1754,48.7808,48.8615,7792200
2019-04-18,48.8256,49.0319,48.6373,48.8974,8233000
2019-04-22,48.7898,49.0409,48.6104,48.9871,6088100
2019-04-23,49.1037,49.4534,49.0768,49.2741,10923400
2019-04-24,49.3279,49.8032,49.292,49.4893,8769800
2019-04-25,49.4624,49.5252,48.9512,49.3368,8226100
2019-04-26,49.5252,49.7673,49.3368,49.6956,7101600
2019-04-29,49.588,49.7673,49.3996,49.3996,6443000
2019-04-30,49.3817,49.6687,49.1844,49.6238,10562300
2019-05-01,49.6149,49.7045,49.1485,49.2202,7792700
2019-05-02,49.1575,49.3727,48.8436,48.9691,9652200
2019-05-03,49.1485,49.3458,49.0319,49.1395,11066500
2019-05-06,48.3413,49.3279,48.2785,49.1933,9305400
2019-05-07,48.6104,49.005,48.1171,48.431,11712400
2019-05-08,48.7449,48.8167,48.2606,48.422,10729800
2019-05-09,47.9467,48.7449,47.6059,48.6552,10711800
2019-05-10,48.2247,49.301,47.9915,49.014,11200300
2019-05-13,48.1799,48.3862,47.8839,47.9198,10664700
2019-05-14,48.1081,48.9871,47.857,48.5476,11520800
2019-05-15,48.3503,49.1575,48.2875,48.9332,8573000
2019-05-16,49.2471,49.4624,48.9243,49.005,10013800
2019-05-17,48.6014,49.2561,48.6014,48.8794,9057100
2019-05-20,48.3861,48.7539,48.0095,48.1261,9820200
2019-05-21,48.6193,48.6732,48.4579,48.5835,8482000
2019-05-22,48.6373,48.9243,48.4669,48.6104,8389700
2019-05-23,48.1799,48.1799,47.0947,47.6059,11213900
2019-05-24,47.8749,47.9557,47.1664,47.3278,9090700
2019-05-28,47.6059,47.7853,46.413,46.413,28230400
2019-05-29,46.126,46.4669,45.7852,46.3592,12448700
2019-05-30,46.5745,46.6642,46.153,46.3861,8569500
2019-05-31,45.9556,46.0633,45.3009,45.3816,11847100
2019-06-03,45.3458,45.8121,44.7449,45.0588,17434400
2019-06-04,45.552,46.8525,45.4085,46.6552,17073200
2019-06-05,47.3368,47.7494,46.5027,46.7269,15855300
2019-06-06,46.718,47.3009,46.5117,47.1664,10266900
2019-06-07,47.3548,47.9108,47.3368,47.7673,11591800
2019-06-10,48.144,48.7987,48.0453,48.44,12984600
2019-06-11,48.8794,48.9781,48.2875,48.3772,11288400
2019-06-12,48.144,48.4758,47.9198,48.0902,10235400
2019-06-13,48.4131,48.4131,47.9287,48.2875,11289100
2019-06-14,48.0812,48.2785,47.7853,47.7853,12973000
2019-06-17,47.8391,48.0274,47.4893,47.6507,15207900
2019-06-18,47.4086,48.0722,47.005,47.4444,20999700
2019-06-19,47.3099,47.6507,46.8615,47.2471,35449500
2019-06-20,50.2068,51.5431,49.8032,51.1126,54173900
2019-06-21,51.2472,51.2561,50.2786,50.3324,45169000
2019-06-24,50.449,51.3907,50.135,50.8884,19544200
2019-06-25,51.005,51.283,50.2786,50.2875,25462100
2019-06-26,50.6104,50.9871,50.44,50.8167,15045200
2019-06-27,51.1216,51.4714,50.9064,50.9153,12605800
2019-06-28,51.0319,51.1934,50.5476,51.0947,42570500
2019-07-01,51.2561,52.0992,51.1485,52.0275,20413000
2019-07-02,51.9109,52.5207,51.8122,52.431,17569600
2019-07-03,52.4221,52.8705,52.3593,52.7898,9989100
2019-07-05,52.4938,53.3817,52.3234,53.1665,13838900
2019-07-08,53.0858,53.5163,52.9243,53.3907,16105600
2019-07-09,53.0947,53.4804,52.9243,53.4535,14348600
2019-07-10,53.7584,54.2607,53.588,53.9468,16059100
2019-07-11,53.9736,54.0006,53.2741,53.8032,11150200
2019-07-12,53.8929,53.8929,53.1844,53.6418,11234300
2019-07-15,53.6777,53.6777,53.1396,53.3907,10721600
2019-07-16,53.2826,53.5618,52.7603,52.7784,9698900
2019-07-17,52.9494,53.0845,52.22,52.22,9090900
2019-07-18,51.9499,52.3551,51.8688,52.3371,11882300
2019-07-19,52.5082,52.7063,51.7968,51.8148,11663500
2019-07-22,52.121,52.3011,51.8238,51.8688,8761700
2019-07-23,52.2831,52.3551,51.7338,51.7338,8141100
2019-07-24,51.7338,52.4272,51.6707,52.3281,10778700
2019-07-25,52.5622,52.7964,52.3011,52.4902,8175900
2019-07-26,52.5352,52.8144,52.4091,52.6793,6057200
2019-07-29,52.9404,52.9404,52.0489,52.2831,7439300
2019-07-30,52.0129,52.3641,51.7158,51.7698,6367200
2019-07-31,52.121,52.121,50.0858,50.6982,11966700
2019-08-01,50.6982,51.1935,49.9958,50.32,10215200
2019-08-02,50.5991,50.5991,49.5275,50.284,12644400
2019-08-05,49.6176,49.6176,48.3479,48.4109,16204600
2019-08-06,48.8071,49.0323,48.2758,48.591,13149500
2019-08-07,47.8436,48.6901,47.6995,48.0327,16344100
2019-08-08,48.3749,49.3024,48.3749,49.2124,12460700
2019-08-09,48.8432,49.0503,48.1948,48.537,8471300
2019-08-12,48.3389,48.4379,47.7265,47.9517,6580100
2019-08-13,47.8526,48.8432,47.7265,48.6,11014800
2019-08-14,48.0417,48.0597,47.0422,47.1142,12489200
2019-08-15,47.4114,47.4744,46.79,47.3573,11257000
2019-08-16,47.8886,48.3569,47.7355,48.2578,9913100
2019-08-19,48.8251,48.9602,48.4109,48.51,8273100
2019-08-20,48.1948,48.483,47.6365,47.7085,7577800
2019-08-21,48.2038,48.564,47.8796,47.9427,6113100
2019-08-22,48.2488,48.3749,47.6275,47.8976,6744900
2019-08-23,47.7806,48.0147,46.1507,46.4478,11374500
2019-08-26,46.9521,47.1142,46.673,46.9431,8582300
2019-08-27,47.2223,47.3843,47.0242,47.1772,13853100
2019-08-28,47.0061,47.0061,46.4839,46.781,7499000
2019-08-29,47.4114,47.5554,46.9071,46.9701,6858000
2019-08-30,47.2763,47.3213,46.6009,46.8801,7920000
2019-09-03,46.772,46.826,46.4208,46.727,10128000
2019-09-04,47.1412,47.8436,47.0242,47.6995,10558300
2019-09-05,48.3839,48.9242,48.2939,48.483,10414500
2019-09-06,48.7171,48.7531,47.8526,47.8706,11636100
2019-09-09,48.2848,49.2394,48.1318,49.1133,17803800
2019-09-10,49.1133,49.9508,48.7531,49.9508,19976400
2019-09-11,49.7707,50.6892,49.6716,50.6892,16749400
2019-09-12,48.9332,49.4195,47.6365,48.528,28184400
2019-09-13,48.627,49.2754,48.0237,48.4019,14736700
2019-09-16,48.0867,48.2398,47.5374,47.8526,15204200
2019-09-17,47.8886,47.9066,47.1412,47.6095,11111400
2019-09-18,47.5645,47.5825,46.7,47.3303,8911800
2019-09-19,47.1772,48.3299,47.1772,48.0597,14855000
2019-09-20,48.3659,48.8522,48.1047,48.1498,59517000
2019-09-23,47.8796,48.7801,47.7806,48.6451,13863100
2019-09-24,48.7531,49.0683,47.8346,48.0417,15354800
2019-09-25,48.0057,48.582,47.6275,48.483,11607200
2019-09-26,48.7261,48.9242,48.1498,48.591,13324300
2019-09-27,48.7981,49.1674,48.2849,48.7081,12391100
2019-09-30,48.8522,49.7797,48.6721,49.5546,17445100
2019-10-01,49.5636,50.1039,48.4019,48.4469,16443200
2019-10-02,48.1768,48.2308,47.4384,47.8616,15923700
2019-10-03,47.7806,48.519,47.6725,48.501,11268500
2019-10-04,48.6271,49.6896,48.483,49.6536,13659500
2019-10-07,49.5906,49.8517,49.3024,49.3475,12352100
2019-10-08,48.8882,49.2664,48.4199,48.6721,14771500
2019-10-09,48.9796,49.7394,48.8982,49.3233,12803100
2019-10-10,49.251,50.2912,49.1605,50.1917,13789000
2019-10-11,50.5806,51.856,50.3907,51.458,18675200
2019-10-14,51.4037,51.7474,51.0238,51.069,11079600
2019-10-15,51.2228,51.3947,50.9695,50.9695,9150100
2019-10-16,50.463,50.662,50.2459,50.5444,8912300
2019-10-17,50.662,50.87,49.7394,49.8027,9917700
2019-10-18,49.7032,49.9836,49.0067,49.3414,12562900
2019-10-21,49.8027,50.0198,49.5856,49.866,8256600
2019-10-22,49.9474,50.1374,48.862,48.9434,7777100
2019-10-23,48.8439,49.4138,48.7263,48.9615,10491000
2019-10-24,49.2691,49.4319,48.7897,49.0791,6449200
2019-10-25,48.8801,49.2238,48.853,48.9977,6307000
2019-10-28,49.1605,49.459,49.0881,49.4228,7280200
2019-10-29,49.4952,50.0288,49.3504,49.5675,8333900
2019-10-30,49.9113,49.9113,49.251,49.6128,6284900
2019-10-31,49.4952,49.6128,49.061,49.2871,8260600
2019-11-01,49.5766,49.8841,49.3414,49.7484,7313600
2019-11-04,49.9836,50.4268,49.9836,50.1555,8757000
2019-11-05,50.4359,50.5082,50.2097,50.3545,10759300
2019-11-06,50.3907,50.5535,50.2912,50.3816,10572100
2019-11-07,50.6168,51.2228,50.5263,50.6349,9677700
2019-11-08,50.6349,51.0962,50.4449,51.0962,5869600
2019-11-11,50.8339,51.2047,50.8158,51.0419,5018000
2019-11-12,51.1324,51.4218,51.0329,51.1866,6184900
2019-11-13,50.8429,51.1595,50.8067,50.8429,6802300
2019-11-14,50.4811,50.9515,50.3273,50.7344,9056100
2019-11-15,51.0148,51.1595,50.8972,51.0329,7216900
2019-11-18,51.1595,51.1595,50.6168,50.8248,6923300
2019-11-19,51.0781,51.5123,50.8881,50.8972,7199500
2019-11-20,50.852,51.2138,50.4811,50.87,9117000
2019-11-21,50.8519,51.1866,50.7615,50.861,8067100
2019-11-22,51.0329,51.6118,50.8791,51.0057,6346900
2019-11-25,51.069,51.268,50.9062,51.1595,7977700
2019-11-26,51.3313,51.4308,51.0328,51.1143,12076900
2019-11-27,51.467,51.4761,50.9967,51.2047,5790000
2019-11-29,50.9515,51.0962,50.7344,50.7796,6479400
2019-12-02,50.861,51.069,50.0922,50.1374,14314000
2019-12-03,49.4047,49.7394,49.26,49.3776,11963700
2019-12-04,49.658,49.658,49.0067,49.2148,11436800
2019-12-05,49.2962,49.5947,49.1153,49.459,10557400
2019-12-06,49.7756,49.866,49.3957,49.5947,9088600
2019-12-09,49.6037,50.1826,49.5314,50.0288,11996700
2019-12-10,50.1103,50.5716,49.9565,50.4901,10719700
2019-12-11,50.4721,51.1052,50.3364,50.9334,12159600
2019-12-12,50.9243,51.2499,50.4359,51.0781,15413200
2019-12-13,49.7484,50.1103,49.2238,49.3052,21427700
2019-12-16,49.3866,49.7304,48.5726,48.8349,19951000
2019-12-17,48.7444,48.8982,47.7856,47.7947,19778400
2019-12-18,47.9937,48.4912,47.8942,48.2922,14123100
2019-12-19,48.2108,48.4821,47.9756,48.1565,11910100
2019-12-20,48.7625,48.7987,48.256,48.4821,27423700
2019-12-23,48.5273,48.9072,48.4912,48.5816,10591500
2019-12-24,48.6449,48.8077,48.265,48.3374,3331700
2019-12-26,48.3464,48.5364,48.1927,48.455,6702000
2019-12-27,48.5364,48.663,48.2469,48.3555,7262000
2019-12-30,48.3012,48.3826,47.5957,47.6681,5936100
2019-12-31,47.5505,47.9394,47.5324,47.9213,7094500
2020-01-02,48.1836,48.8077,48.1475,48.7987,13899600
2020-01-03,47.9304,48.8891,47.8942,48.6268,11026700
2020-01-06,48.265,49.0248,48.256,48.8801,10982400
2020-01-07,48.7444,49.1424,48.4912,48.9886,12015400
2020-01-08,49.0068,49.6064,48.7888,49.1794,11856700
2020-01-09,49.2885,49.7882,49.0886,49.4066,10671000
2020-01-10,49.561,49.6519,49.2612,49.4702,9734800
2020-01-13,49.4793,49.7791,49.3884,49.5883,10858900
2020-01-14,49.5338,50.1334,49.5156,49.8608,12627200
2020-01-15,49.8608,50.1334,49.6791,49.7518,9090800
2020-01-16,49.9517,50.3787,49.9063,50.3605,9866000
2020-01-17,50.5422,50.5968,49.8336,50.088,11166600
2020-01-21,49.9517,50.2969,49.8972,50.1697,8773000
2020-01-22,50.3424,50.5604,49.6065,49.7155,6380500
2020-01-23,49.4338,49.9699,49.3157,49.9517,6583200
2020-01-24,50.0244,50.1516,48.9523,49.1249,6426000
2020-01-27,48.3163,48.6252,47.8166,47.8711,8259100
2020-01-28,48.0256,48.7706,47.8439,48.5707,8620300
2020-01-29,48.8614,49.0068,48.3163,48.3345,6332500
2020-01-30,47.9892,48.4526,47.4986,48.4344,7176200
2020-01-31,48.4617,48.598,47.5077,47.6531,8884700
2020-02-03,47.9075,48.5253,47.8711,48.2345,8892500
2020-02-04,48.8342,49.5701,48.8342,49.0977,9769800
2020-02-05,49.67,49.9971,49.5883,49.7337,9612900
2020-02-06,49.9699,50.2879,49.7064,49.7064,8832000
2020-02-07,49.3066,49.9426,49.234,49.7155,7864800
2020-02-10,49.7155,50.0335,49.4702,49.9608,7198200
2020-02-11,50.1243,50.4605,50.0698,50.1062,8466600
2020-02-12,50.4696,50.7785,50.197,50.6331,7541100
2020-02-13,50.2515,50.5513,49.9789,50.2515,8480100
2020-02-14,50.3151,50.7331,50.1879,50.3969,7496800
2020-02-18,50.3515,50.6604,50.0607,50.3787,7185700
2020-02-19,50.5059,50.6695,50.3242,50.3696,6819200
2020-02-20,50.3333,50.7603,49.8609,50.4332,6114600
2020-02-21,50.0426,50.2788,49.4611,49.6791,9078600
2020-02-24,48.2436,48.6343,47.7076,47.8348,10992500
2020-02-25,48.2164,48.3527,46.154,46.2994,12202600
2020-02-26,46.6174,48.28,46.5538,47.2897,16413100
2020-02-27,46.2267,48.5707,46.1176,46.1358,16161100
2020-02-28,44.7367,45.3272,43.5192,44.9366,24426000
2020-03-02,45.1818,46.2448,44.2188,46.2448,17328500
2020-03-03,45.9905,47.0989,43.8372,44.3823,21830500
2020-03-04,45.2909,45.9632,44.3642,45.9178,14813700
2020-03-05,44.7276,45.1364,43.3829,43.6101,15843000
2020-03-06,42.3108,43.8826,42.2109,43.0377,24581400
2020-03-09,40.839,43.2194,40.5755,41.8021,25949300
2020-03-10,43.1104,44.4369,41.9384,44.137,27067700
2020-03-11,42.5289,43.1376,40.2212,40.63,24139200
2020-03-12,37.3593,39.4308,36.0783,36.16,24123800
2020-03-13,40.3847,43.601,39.4489,43.5465,28339400
2020-03-16,38.6222,43.2194,37.4865,38.813,27493700
2020-03-17,39.6307,43.3466,37.8499,42.5743,25588900
2020-03-18,39.6761,43.4284,38.6676,42.9468,29557000
2020-03-19,42.22,43.5828,40.7663,40.948,20159100
2020-03-20,40.9026,42.429,40.4393,41.475,26340800
2020-03-23,40.8844,42.2382,39.876,40.1485,23063700
2020-03-24,41.1843,43.6191,41.157,43.4647,19323700
2020-03-25,42.7924,44.2824,41.3205,41.7385,25625800
2020-03-26,42.1382,46.0995,41.9656,45.8633,22417900
2020-03-27,44.6004,46.8808,44.1189,45.2727,20025300
2020-03-30,45.7906,46.8717,45.0547,45.7542,20611900
2020-03-31,46.4447,46.4992,43.6101,43.9099,15802000
2020-04-01,42.2927,44.5095,41.8293,44.2551,17918200
2020-04-02,43.7736,45.3272,43.7009,45.2454,16434400
2020-04-03,44.7912,45.4726,44.4732,44.882,13362500
2020-04-06,45.7906,47.1352,45.7451,46.7809,13845800
2020-04-07,47.3805,47.5441,46.0722,46.1176,14063000
2020-04-08,46.5376,48.0894,46.4463,47.5873,15710700
2020-04-09,47.6878,48.9475,47.4961,48.5459,15521200
2020-04-13,48.1077,48.5093,47.8338,48.3542,12694800
2020-04-14,49.0297,49.3857,48.7923,49.2944,11674600
2020-04-15,48.5732,48.7923,48.2081,48.5276,10398100
2020-04-16,48.5185,49.1757,48.4454,49.0205,14098300
2020-04-17,49.7691,49.9517,49.267,49.8604,13608800
2020-04-20,49.34,49.8239,49.1118,49.2122,10358900
2020-04-21,48.5915,48.6919,46.6654,46.8388,14111700
2020-04-22,47.4961,47.9981,47.2587,47.7152,9668300
2020-04-23,47.6786,48.3724,46.9666,47.4413,10330200
2020-04-24,47.843,48.4272,47.4322,48.3907,9403500
2020-04-27,48.7102,48.9658,48.4363,48.7193,9123200
2020-04-28,49.2031,49.4313,48.5002,48.5641,8350500
2020-04-29,49.2488,49.55,49.0114,49.1849,9064100
2020-04-30,48.8106,48.9293,48.199,48.3542,11808800
2020-05-01,47.8156,47.8703,46.8388,47.277,8702400
2020-05-04,47.204,47.277,46.6471,47.2405,7567900
2020-05-05,47.6695,48.2537,47.4596,47.5143,7271800
2020-05-06,47.8612,47.9251,47.1948,47.3409,7050000
2020-05-07,47.8338,48.3085,47.7152,48.0164,7154700
2020-05-08,48.555,49.0936,48.1716,48.9019,8130800
2020-05-11,48.5002,49.1392,48.4363,48.8654,8138600
2020-05-12,49.1118,49.1392,47.6969,47.7152,8598800
2020-05-13,47.8612,47.916,46.8114,47.1492,10274300
2020-05-14,46.6836,48.4089,46.428,48.2994,13794000
2020-05-15,48.1077,49.2853,47.9434,48.3085,39055700
2020-05-18,49.2123,49.2488,48.4454,48.5185,9901900
2020-05-19,48.5459,48.6098,47.7608,47.7791,9805100
2020-05-20,48.4637,48.628,48.062,48.2903,9115900
2020-05-21,48.1625,48.3268,47.5782,47.6695,7464000
2020-05-22,47.7791,48.0529,47.5417,48.0347,7211700
2020-05-26,48.9749,49.0023,48.062,48.1807,11200600
2020-05-27,48.3815,48.6098,47.989,48.5641,9228100
2020-05-28,49.0753,49.4313,48.5824,48.9475,9465400
2020-05-29,48.9475,49.2396,48.3724,49.0844,14734800
2020-06-01,48.6371,48.7376,48.1898,48.4363,7363200
2020-06-02,48.6006,48.6463,48.0529,48.6371,8756300
2020-06-03,48.6828,48.9475,48.3724,48.8288,9188700
2020-06-04,48.5915,49.0114,48.0438,48.2446,9696000
2020-06-05,48.4637,49.5409,48.1442,49.2761,12210100
2020-06-08,48.701,50.3168,48.6371,50.2985,11519500
2020-06-09,50.2073,50.262,49.1849,49.4587,8852500
2020-06-10,49.7508,49.8969,49.2031,49.3948,7436700
2020-06-11,48.6098,48.8927,46.7658,46.8388,12805700
2020-06-12,47.8795,48.3816,46.5376,47.3409,11537200
2020-06-15,46.5193,48.7741,46.4737,48.6098,16038100
2020-06-16,49.7143,50.2073,49.0936,49.833,19380200
2020-06-17,48.4089,49.057,47.0122,47.0305,28692600
2020-06-18,47.1035,49.2944,46.8479,49.0114,19259500
2020-06-19,49.4861,49.7143,48.3633,49.6595,33051200
2020-06-22,49.3766,50.5633,49.1849,50.3168,16705900
2020-06-23,50.4811,51.0927,50.3259,50.3807,18695000
2020-06-24,50.3168,50.828,49.5956,49.6961,18287400
2020-06-25,49.6595,49.833,48.8745,49.7782,16008700
2020-06-26,49.6139,49.833,48.9566,49.4587,17969400
2020-06-29,49.5044,50.1707,49.1575,49.9882,14366900
2020-06-30,50.0247,50.6089,49.7508,50.4537,18885900
2020-07-01,49.9243,51.0106,49.9151,50.6546,17856800
2020-07-02,50.9284,51.5126,50.8006,51.0653,15478900
2020-07-06,51.3027,51.8778,51.2662,51.6678,15309700
2020-07-07,51.4396,51.9873,51.3209,51.4031,13232100
2020-07-08,51.6952,51.7409,51.111,51.7226,12582200
2020-07-09,52.0239,52.7633,51.8687,52.5168,15692600
2020-07-10,52.462,52.5077,51.75,52.389,12615800
2020-07-13,52.3981,52.7998,52.0056,52.0421,15965600
2020-07-14,51.9504,52.5188,51.7763,52.4363,15510300
2020-07-15,52.638,53.023,51.6846,51.9046,10570800
2020-07-16,51.7213,51.7854,50.9512,51.1712,8779300
2020-07-17,51.4096,51.4462,50.1995,50.3278,14344800
2020-07-20,50.3095,50.8962,50.1353,50.7862,11469300
2020-07-21,51.1529,51.6479,50.9512,51.2537,11875100
2020-07-22,51.0612,51.5012,51.0612,51.3454,13842400
2020-07-23,51.3362,51.6663,50.9696,51.1162,12576000
2020-07-24,50.8504,51.3729,50.6579,51.0154,8939700
2020-07-27,51.0246,51.2904,50.7129,50.7312,10319600
2020-07-28,50.6487,51.0979,50.6029,50.7404,13030100
2020-07-29,50.9329,51.2446,50.7404,51.0612,7242700
2020-07-30,50.4195,50.8595,50.3187,50.6487,7633200
2020-07-31,50.4195,50.8504,49.8053,50.832,9355800
2020-08-03,51.1346,51.4187,50.8687,51.3179,9164900
2020-08-04,51.1346,51.3454,50.9054,51.3362,6364300
2020-08-05,51.6296,51.6296,50.7679,50.8779,6629000
2020-08-06,50.8687,50.9696,50.3645,50.6762,8169600
2020-08-07,50.4287,50.6395,50.1995,50.6304,8772300
2020-08-10,50.6395,50.9879,50.3095,50.3645,10046900
2020-08-11,50.6395,50.8412,49.6311,49.7503,8075100
2020-08-12,49.9795,50.1445,49.4753,49.6586,9068200
2020-08-13,49.4203,49.6861,49.2095,49.5211,8260300
2020-08-14,49.5303,50.0162,49.292,49.6861,5454400
2020-08-17,49.6862,49.8603,49.1911,49.4936,9523700
2020-08-18,50.9879,52.1888,50.3003,50.5845,21102600
2020-08-19,50.9512,52.0696,50.8412,51.5196,16751500
2020-08-20,50.9604,51.1621,50.502,50.6579,10974800
2020-08-21,50.7679,50.832,50.172,50.5937,9552000
2020-08-24,51.1162,51.4371,50.8229,51.3454,7892100
2020-08-25,51.4737,52.0238,51.3546,51.4187,7427000
2020-08-26,51.6479,52.7021,51.3912,52.7021,11597600
2020-08-27,52.6655,53.5822,51.8679,52.418,15834700
2020-08-28,52.5555,53.3164,52.4455,53.0597,8613800
2020-08-31,52.3721,52.9497,52.2896,52.4546,18683500
2020-09-01,52.5921,53.1788,52.3263,52.858,10169500
2020-09-02,52.913,54.3797,52.913,54.1139,14342800
2020-09-03,53.8297,54.0772,51.9321,52.3446,15387400
2020-09-04,52.1429,52.5005,50.5662,51.0887,14697200
2020-09-08,50.7404,51.1437,50.3003,50.7129,16472800
2020-09-09,51.4829,52.6196,51.2079,52.2071,13993200
2020-09-10,52.6563,53.3347,52.0238,52.5555,20500900
2020-09-11,55.654,56.7082,52.1338,52.253,40220600
2020-09-14,55.7915,56.3782,54.4072,54.5081,50107400
2020-09-15,55.0123,56.5432,54.4439,55.8648,30385600
2020-09-16,56.0298,56.2774,54.6823,55.3973,21223300
2020-09-17,54.4714,55.5623,54.0864,55.1681,22831200
2020-09-18,54.9848,55.269,54.4806,54.7739,49311700
2020-09-21,57.2582,57.3866,55.0306,55.7548,32560400
2020-09-22,55.3515,55.6906,54.5081,55.5715,13306000
2020-09-23,55.104,55.4523,53.9947,54.0497,15513500
2020-09-24,53.8481,54.9114,53.4355,54.3614,9560500
2020-09-25,54.3339,54.9939,54.0497,54.8198,9371900
2020-09-28,55.0306,55.4981,54.5172,54.6181,9356300
2020-09-29,54.6181,55.1498,54.4531,54.5173,6340600
2020-09-30,54.5631,55.3606,54.4256,54.7281,11001500
2020-10-01,55.1589,55.2506,54.4989,54.7098,7357700
2020-10-02,53.8205,54.5631,53.6372,53.9306,7329800
2020-10-05,54.4897,54.7006,54.1689,54.5998,6899200
2020-10-06,54.5539,55.489,54.4623,54.5539,9743600
2020-10-07,55.0141,56.0542,54.8945,55.7689,8690900
2020-10-08,55.953,56.4224,55.8057,56.045,7202800
2020-10-09,56.2843,56.496,56.0174,56.2843,7355700
2020-10-12,56.3672,56.9102,56.2107,56.5697,8275000
2020-10-13,56.6709,56.8642,56.0358,56.1187,8896300
2020-10-14,56.4684,56.6341,56.0082,56.1094,6651100
2020-10-15,55.4743,55.907,55.2995,55.7045,6251600
2020-10-16,55.8793,56.2475,55.4651,55.4928,6070800
2020-10-19,55.5848,55.9161,54.6644,54.8761,8311000
2020-10-20,55.1522,55.5296,54.8853,54.9957,9241200
2020-10-21,54.6184,55.3363,54.5079,54.9221,10114900
2020-10-22,54.7104,55.1062,54.0201,54.9405,11900600
2020-10-23,55.1338,55.3731,54.9589,55.1338,9739300
2020-10-26,53.477,53.8268,52.0319,52.9156,18876900
2020-10-27,53.0536,53.3666,52.483,52.5382,10806500
2020-10-28,51.7926,52.0964,51.1115,51.1667,13910600
2020-10-29,50.8078,52.2436,50.7525,51.5625,13573700
2020-10-30,51.314,52.1332,51.0379,51.6454,12602300
2020-11-02,51.9491,52.8971,51.6546,51.9583,11413200
2020-11-03,52.4645,52.9248,52.0688,52.2805,8911200
2020-11-04,53.385,53.4678,51.8663,51.9951,12054900
2020-11-05,52.8879,53.0628,51.9307,52.1516,9017100
2020-11-06,52.2528,52.4461,51.6822,52.2805,7510400
2020-11-09,53.5599,54.379,52.2528,52.3173,11486600
2020-11-10,52.3817,52.6854,51.7282,52.1608,9015900
2020-11-11,52.5198,53.0444,52.2805,52.6486,7724400
2020-11-12,52.7038,52.9156,51.6361,51.9583,7324000
2020-11-13,52.3541,52.5474,52.0503,52.3817,5870300
2020-11-16,52.4829,53.026,52.3541,52.6026,6309200
2020-11-17,52.4645,52.8235,52.2897,52.575,5569700
2020-11-18,52.575,52.7315,51.765,51.7742,8998800
2020-11-19,51.6269,51.9859,51.1391,51.9583,9643100
2020-11-20,51.8755,51.9491,51.2496,51.268,8395800
2020-11-23,51.406,52.0688,51.3324,51.6178,8235900
2020-11-24,52.0964,53.2929,51.8755,52.9892,10427200
2020-11-25,53.1272,53.1641,52.7038,52.8419,6848900
2020-11-27,52.8327,53.2653,52.6026,53.1641,5627000
2020-11-30,53.026,53.569,52.6486,53.1272,26676900
2020-12-01,53.5691,54.5631,53.3942,54.0661,11855300
2020-12-02,53.6519,54.5539,53.5138,54.379,9330400
2020-12-03,54.5079,55.2074,54.3606,54.5539,9783900
2020-12-04,54.5907,55.7321,54.5539,55.189,10872700
2020-12-07,55.189,55.4099,54.8853,55.0417,14922900
2020-12-08,54.2962,54.9589,53.5875,54.333,15237800
2020-12-09,54.2041,55.143,54.1213,54.9773,12204100
2020-12-10,54.7748,55.0509,54.3422,54.7472,14219900
2020-12-11,56.091,56.1462,54.692,55.7873,16209900
2020-12-14,55.9898,56.7538,55.8609,55.9254,16193600
2020-12-15,56.2291,57.2416,56.0542,56.9378,15506700
2020-12-16,56.947,58.162,56.9286,57.7846,16119900
2020-12-17,57.9779,58.9536,57.7386,58.5486,15320500
2020-12-18,58.4289,60.1317,58.3829,59.8832,33728700
2020-12-21,58.8063,60.0029,58.7971,59.3494,18210200
2020-12-22,59.423,60.7484,59.3033,59.9661,17136000
2020-12-23,60.0673,60.9325,59.9661,60.1041,13075200
2020-12-24,59.874,60.371,59.6255,59.7912,3796500
2020-12-28,60.2054,60.4631,59.5979,59.7083,6463500
2020-12-29,60.0581,60.0765,59.1101,59.331,7770200
2020-12-30,59.6439,59.7451,59.2297,59.2757,6192000
2020-12-31,59.2205,59.6163,58.9168,59.5427,6928600
2021-01-04,59.5426,59.5518,58.1436,58.6774,11249900
2021-01-05,58.613,58.7143,57.5085,57.9503,11005700
2021-01-06,57.5345,58.5324,57.2019,57.8117,8685400
2021-01-07,58.0704,58.8927,58.0704,58.2737,7382800
2021-01-08,58.3753,58.708,58.1259,58.5601,7751700
2021-01-11,58.1628,58.7357,58.0612,58.2367,6284700
2021-01-12,58.209,58.2275,57.4514,57.6731,7758200
2021-01-13,57.5807,57.8302,57.2573,57.3405,8298000
2021-01-14,57.3497,57.4421,56.8323,56.9155,10258600
2021-01-15,56.9155,57.2851,56.5551,57.0818,7532600
2021-01-19,57.3775,57.553,56.4535,56.6291,8903400
2021-01-20,56.703,57.3128,56.4997,56.8785,7025000
2021-01-21,56.9617,57.1465,56.2872,56.5551,6943600
2021-01-22,56.3057,56.4997,55.1969,55.7698,9896700
2021-01-25,55.7883,56.3149,55.2246,56.2687,8524700
2021-01-26,56.4165,57.322,56.2133,57.1003,8186500
2021-01-27,56.7307,58.3753,56.703,57.7932,14789000
2021-01-28,57.7932,58.4308,56.5182,56.5644,11166400
2021-01-29,56.5089,56.8231,55.6312,55.8345,11451800
2021-02-01,56.2872,57.2943,56.1209,56.8323,10553500
2021-02-02,57.1742,58.1351,57.1003,57.6269,10528000
2021-02-03,57.4514,57.978,57.2666,57.4421,9933500
2021-02-04,57.7286,58.5694,57.5161,58.5324,9928700
2021-02-05,58.671,59.1976,58.4677,58.7634,9170200
2021-02-08,58.9389,59.0129,58.0612,58.3106,7003400
2021-02-09,58.2829,58.9944,58.1259,58.8281,5437400
2021-02-10,58.9851,59.0406,58.1443,58.4585,9577500
2021-02-11,58.7264,59.1053,57.5438,57.9318,7690800
2021-02-12,57.5807,58.3199,57.5715,58.2829,6663400
2021-02-16,58.3107,58.4492,57.3775,57.4144,7526000
2021-02-17,57.128,57.4236,56.6937,57.3682,6244500
2021-02-18,57.1095,57.4791,56.9709,57.3497,6262400
2021-02-19,57.5253,57.6177,56.435,56.4812,10905100
2021-02-22,58.0704,60.0292,57.5438,59.5487,20940300
2021-02-23,59.521,60.2602,59.1792,59.5949,18175400
2021-02-24,59.5857,60.1955,59.2069,59.7797,10609300
2021-02-25,59.7243,61.3135,59.6689,60.3341,15356100
2021-02-26,60.5558,61.2396,59.5949,59.6042,20512600
2021-03-01,60.0107,61.6554,59.8444,61.1379,11758900
2021-03-02,61.1195,62.2929,60.9809,61.5907,13282000
2021-03-03,61.2119,62.4038,61.1657,61.8217,15827600
2021-03-04,61.6092,62.1913,60.3434,60.6205,19951100
2021-03-05,62.1912,66.2659,62.1912,64.649,34211500
2021-03-08,65.1109,67.3931,64.7691,66.6724,23300500
2021-03-09,66.8942,67.6518,66.5246,67.1159,17296400
2021-03-10,67.9105,68.0214,66.0626,66.6355,21378600
2021-03-11,62.5054,62.9212,60.4542,62.2836,38095400
2021-03-12,61.8679,62.7087,61.3967,62.0527,11606300
2021-03-15,61.8586,62.6255,61.8124,62.5793,8919600
2021-03-16,62.8288,62.8935,61.6092,61.7662,14512500
2021-03-17,61.72,61.7662,61.1287,61.1841,11892400
2021-03-18,61.4151,61.9141,61.064,61.6646,13750300
2021-03-19,61.7108,61.7478,60.9439,61.2211,30963600
2021-03-22,61.1841,61.4613,60.8515,61.2765,10263700
2021-03-23,61.2858,62.7733,61.2858,62.1543,12390100
2021-03-24,62.0065,62.2836,61.6646,61.7477,11391100
2021-03-25,61.8679,63.5033,61.6831,63.4109,14844700
2021-03-26,63.3554,65.0185,63.0875,64.9077,12617000
2021-03-29,64.8707,66.8295,64.8338,65.7207,15183700
2021-03-30,65.4436,65.6468,64.6305,65.1849,12000200
2021-03-31,65.3234,65.693,64.5935,64.8337,9971700
2021-04-01,65.1017,66.3675,64.9816,66.349,13228700
2021-04-05,66.7002,69.2041,66.58,68.5203,25010200
2021-04-06,68.0214,68.9731,67.5964,68.6312,14699800
2021-04-07,68.2971,68.8354,68.158,68.7333,12356800
2021-04-08,68.9189,70.0881,68.8075,69.8561,13507700
2021-04-09,69.9211,70.2366,69.5035,70.1345,13285700
2021-04-12,69.8283,70.7005,69.7819,70.6356,10634900
2021-04-13,70.6727,71.4614,70.4314,71.1459,13142400
2021-04-14,71.4893,71.7862,70.9975,71.2851,12730700
2021-04-15,71.4522,72.8905,71.2944,72.6492,13604200
2021-04-16,72.6678,73.6236,72.2502,73.2617,13334100
2021-04-19,73.1318,74.4309,72.6956,73.0761,19967200
2021-04-20,73.0297,73.6978,72.9833,73.5308,12562300
2021-04-21,73.1132,73.6236,71.016,71.1367,18672800
2021-04-22,70.6263,70.9696,69.3643,69.4756,16769300
2021-04-23,68.9374,69.5963,68.5291,69.5684,10664700
2021-04-26,69.5684,69.6334,68.8539,69.1323,9402200
2021-04-27,69.0302,69.9953,68.8725,69.8004,9300200
2021-04-28,69.7447,69.8468,69.2808,69.3828,6107800
2021-04-29,69.9489,70.4314,69.2622,70.4036,7940400
2021-04-30,70.1159,70.45,69.7726,70.3293,7825300
2021-05-03,70.784,71.8976,70.5985,71.7584,15319600
2021-05-04,71.5171,73.0297,71.3872,72.8719,15316500
2021-05-05,73.2802,74.0783,72.7698,73.4844,12271900
2021-05-06,73.4751,74.1989,72.8998,73.9948,14089700
2021-05-07,74.0597,74.7371,72.9183,74.6072,14073400
2021-05-10,73.0946,74.9042,72.9369,74.3752,17356700
2021-05-11,74.004,74.1432,71.6842,72.0925,12980400
2021-05-12,71.9811,72.5564,71.016,71.2202,12302600
2021-05-13,71.944,72.7884,71.3408,72.51,11399300
2021-05-14,72.4915,73.3545,72.4915,73.206,9033400
2021-05-17,73.1967,73.7999,73.1689,73.3823,6637900
2021-05-18,73.2988,73.7442,72.742,73.0204,6643100
2021-05-19,72.2038,73.0946,71.9625,73.0668,8165000
2021-05-20,73.2617,73.605,73.0111,73.0482,8802700
2021-05-21,73.4844,74.0968,73.2895,73.3359,8629000
2021-05-24,73.7628,74.1247,73.438,73.6607,7044700
2021-05-25,73.8741,73.9391,72.9833,73.1503,7160600
2021-05-26,72.9276,73.6514,72.8905,73.5493,12851100
2021-05-27,73.7721,74.2824,73.1596,73.2895,12867800
2021-05-28,73.2617,73.6421,73.0018,73.0668,6929700
2021-06-01,73.8463,74.0783,72.8255,73.837,10485300
2021-06-02,73.9576,75.099,73.7813,74.4866,12249300
2021-06-03,74.0504,75.5908,73.9112,75.2475,12038700
2021-06-04,75.5537,77.9107,75.5073,76.9178,14502900
2021-06-07,76.9642,78.1798,76.8807,77.8921,10445600
2021-06-08,77.9757,78.9036,77.9478,78.5139,10726800
2021-06-09,78.5046,78.718,77.9757,78.4303,9720300
2021-06-10,78.0963,78.3747,75.8228,76.3703,16680800
2021-06-11,76.0734,77.2426,75.9434,76.9271,11066500
2021-06-14,77.0199,77.1127,76.2126,76.6673,10173200
2021-06-15,76.0919,76.5652,75.4887,75.7579,17298000
2021-06-16,72.3708,72.8905,70.4314,71.5264,36560600
2021-06-17,71.4429,72.1388,71.0439,71.9718,14836100
2021-06-18,71.3594,71.3687,70.4964,70.7377,22521200
2021-06-21,71.0903,72.4729,71.0346,72.3708,8924300
2021-06-22,72.4358,73.4844,72.0646,73.0111,9845800
2021-06-23,73.0854,73.1874,72.4358,72.4729,7295900
2021-06-24,72.9833,73.271,72.0182,72.1389,9624000
2021-06-25,72.408,72.9462,71.9718,72.807,12845000
2021-06-28,72.8348,73.2802,72.6864,72.8441,5605400
2021-06-29,72.8812,72.9276,72.2131,72.4729,5392900
2021-06-30,71.9996,72.575,71.9904,72.2316,7899800
2021-07-01,72.3616,73.8834,72.2966,73.8092,13108000
2021-07-02,73.7257,76.3332,73.6329,75.9249,15258100
2021-07-06,75.7207,77.6045,75.498,77.0941,14200400
2021-07-07,77.1776,80.8894,76.9828,79.8872,20976600
2021-07-08,78.8943,80.6296,78.5603,79.4233,16383300
2021-07-09,79.6924,82.0308,79.5996,81.4369,15685300
2021-07-12,81.2235,82.4484,80.7038,80.8059,16076800
2021-07-13,80.4533,81.5947,80.2955,80.7966,12789300
2021-07-14,81.104,82.5849,80.7128,82.2216,13330500
2021-07-15,82.054,82.678,79.6417,80.3216,18306300
2021-07-16,80.7966,82.4079,80.5824,81.4859,14617500
2021-07-19,80.9456,81.8398,80.2751,81.0108,15619900
2021-07-20,81.1226,82.9388,81.0481,82.5756,12813900
2021-07-21,82.7898,84.0564,82.3893,83.5349,13108100
2021-07-22,83.8236,84.8853,83.5255,84.4662,13638900
2021-07-23,84.7457,84.9412,81.1413,81.6721,12680900
2021-07-26,81.4393,82.054,80.7221,81.8305,10454100
2021-07-27,81.7373,82.5197,81.1412,81.7746,8465200
2021-07-28,81.8677,81.9143,81.1412,81.1971,6396800
2021-07-29,81.6628,82.203,81.3368,81.6162,6201400
2021-07-30,81.4113,82.1005,80.9084,81.1599,7962800
2021-08-02,81.7094,81.8956,81.1133,81.5883,5579100
2021-08-03,81.8491,83.9819,81.7839,83.5814,9889800
2021-08-04,83.628,83.9074,83.153,83.8702,7509900
2021-08-05,83.9912,84.3079,82.6687,83.2927,8231300
2021-08-06,83.1158,83.7118,82.7246,83.3765,6513900
2021-08-09,83.3207,84.2614,82.9854,83.7305,5798700
2021-08-10,82.9854,83.9354,82.827,83.4883,5473300
2021-08-11,83.7305,84.2148,83.3672,83.479,8009800
2021-08-12,82.9947,83.805,82.5849,83.6466,5687200
2021-08-13,84.401,85.0716,83.777,84.1775,6640400
2021-08-16,83.6932,84.606,83.3952,84.5873,7122800
2021-08-17,84.7457,85.4814,84.1682,84.7084,6738500
2021-08-18,84.28,84.8015,82.7618,82.8363,7666300
2021-08-19,82.2309,83.2555,82.1751,82.6221,8099400
2021-08-20,82.7059,83.2648,82.2402,82.8363,8716400
2021-08-23,83.3486,83.4231,82.6221,83.004,7147300
2021-08-24,83.0878,83.4976,82.3986,82.4731,6320100
2021-08-25,82.4731,82.7991,82.0074,82.5383,5748500
2021-08-26,82.7153,83.0599,82.3893,82.6314,9093200
2021-08-27,82.6966,83.3765,82.529,83.2182,5426800
2021-08-30,83.3206,83.805,83.1716,83.3113,5357000
2021-08-31,83.3113,83.3579,82.4172,83.0133,8113300
2021-09-01,83.1344,83.9819,82.7712,83.777,8208000
2021-09-02,83.9819,84.2893,83.2741,83.6373,7717400
2021-09-03,83.2089,84.2707,83.1716,83.8236,8456900
2021-09-07,83.8608,84.4476,82.4638,82.6314,11046000
2021-09-08,82.0912,83.451,81.9329,83.33,8851200
2021-09-09,83.451,84.5966,83.2741,83.3952,11034700
2021-09-10,83.4976,84.3358,83.3672,83.5256,10547400
2021-09-13,83.9354,84.2986,82.1751,82.7898,18883400
2021-09-14,80.2751,80.9829,78.9153,80.4613,22714200
2021-09-15,80.6103,82.2961,80.2564,81.7094,14951100
2021-09-16,81.6535,81.9329,80.2751,81.2623,12410500
2021-09-17,80.2937,81.5604,80.0515,80.4613,58069000
2021-09-20,79.1947,81.4113,79.1015,80.2564,13897700
2021-09-21,80.7873,81.6442,80.2099,80.955,11124400
2021-09-22,81.6069,82.8922,81.253,82.3707,9908000
2021-09-23,82.8363,83.8795,82.5755,83.2834,9720200
2021-09-24,83.1437,83.8795,82.8363,83.7677,7617800
2021-09-27,83.6187,85.0437,83.0319,84.7922,11533000
2021-09-28,84.4197,85.9378,83.8702,84.28,15041800
2021-09-29,84.8947,85.7609,84.755,84.9878,12007300
2021-09-30,84.9878,85.2952,81.1412,81.1505,15649900
2021-10-01,81.7373,84.0751,81.5883,83.5814,13320900
2021-10-04,83.3393,84.2241,82.855,83.1344,10853900
2021-10-05,83.2182,85.6584,83.0506,85.2113,9788600
2021-10-06,84.2148,85.2207,83.4976,85.0716,10268300
2021-10-07,85.4162,86.5059,85.3604,85.9751,9124400
2021-10-08,86.3396,88.8069,86.0872,88.2181,13202300
2021-10-11,88.1247,90.4706,88.0406,89.0593,12959300
2021-10-12,89.564,90.2089,89.0313,89.321,9964100
2021-10-13,89.8163,90.6482,89.6762,90.0967,9453900
2021-10-14,90.4706,90.9846,88.1994,89.0499,7911200
2021-10-15,88.8724,89.7603,88.5359,89.0967,7422800
2021-10-18,89.2555,90.3303,88.8817,90.1995,7344100
2021-10-19,90.6575,90.9192,90.0219,90.7136,5616500
2021-10-20,90.9098,91.5641,89.9565,90.321,6574100
2021-10-21,90.2556,90.4986,89.4518,90.0032,6224400
2021-10-22,89.9939,91.8444,89.9285,91.8258,6819600
2021-10-25,92.0033,92.48,91.1715,91.4893,5083100
2021-10-26,91.8725,92.1155,90.6014,90.6388,7089700
2021-10-27,90.4799,90.9379,89.7229,89.7509,5941200
2021-10-28,90.3303,91.3117,89.6574,89.9378,5177200
2021-10-29,89.5266,90.6294,89.2182,89.6668,7578600
2021-11-01,89.7229,89.7509,87.7695,88.2088,7327600
2021-11-02,87.6013,89.6481,87.3863,89.6014,6229600
2021-11-03,90.1902,90.536,88.5546,89.8631,5746400
2021-11-04,89.9378,90.293,89.0873,89.3771,5857500
2021-11-05,89.9098,90.2369,87.9471,88.7415,6160200
2021-11-08,89.0219,89.0219,88.1434,88.9191,5056400
2021-11-09,88.8911,89.3584,87.9097,88.4051,6102600
2021-11-10,87.9471,88.6481,87.2555,87.6948,5828800
2021-11-11,87.9565,88.564,87.6667,87.891,3620600
2021-11-12,88.1247,88.2929,87.3209,87.4237,6435300
2021-11-15,87.6854,88.0873,86.8442,87.8723,5700900
2021-11-16,87.9845,90.0687,87.8723,89.3584,7392900
2021-11-17,89.4986,89.8537,88.62,89.0967,6257600
2021-11-18,88.9284,89.0967,87.3863,88.4705,5725300
2021-11-19,88.6107,90.6201,87.7976,87.8256,8936600
2021-11-22,87.6013,89.4144,87.3022,88.4238,6488200
2021-11-23,88.0032,88.1247,86.2274,86.863,8905500
2021-11-24,86.1994,87.5733,86.1246,87.4611,10908500
2021-11-26,86.8162,87.9284,86.0498,86.2928,4519300
2021-11-29,87.0779,87.9751,86.7975,86.863,9552500
2021-11-30,86.9377,87.405,84.6853,84.8068,23271200
2021-12-01,85.6947,86.3489,83.7974,83.8815,12084900
2021-12-02,83.5544,85.0872,83.1806,84.1058,7089800
2021-12-03,84.4423,84.8535,81.9843,82.4703,10808600
2021-12-06,82.5637,83.3394,82.1058,83.1245,8398500
2021-12-07,84.0965,84.7974,83.3768,84.1619,6803700
2021-12-08,84.1619,84.2741,82.1618,83.1245,7695800
2021-12-09,83.2927,84.1059,82.4703,82.9656,8615800
2021-12-10,97.4708,99.3868,93.5548,95.9194,45824600
2021-12-13,95.7418,97.5362,93.9473,94.2931,16317600
2021-12-14,93.4613,94.8258,92.8912,93.3585,9511600
2021-12-15,94.0034,96.9755,93.6856,96.8727,14452200
2021-12-16,97.153,97.1998,95.5922,96.4708,9053200
2021-12-17,91.3024,93.4146,89.5453,90.3023,28872300
2021-12-20,90.1154,90.1154,85.5358,85.6479,17205400
2021-12-21,85.8068,85.8349,83.8441,85.5265,15823000
2021-12-22,85.3022,85.8536,83.6573,83.9844,10539000
2021-12-23,84.1432,84.4516,83.2366,83.8535,9655400
2021-12-27,83.8348,84.4236,83.1993,83.6853,7666200
2021-12-28,83.8348,83.9283,82.732,82.8535,5610500
2021-12-29,82.7133,83.3582,81.9843,82.4422,5628500
2021-12-30,82.8535,83.0965,82.031,82.2553,7382400
2021-12-31,82.2927,82.3394,81.4796,81.5076,5908200
2022-01-03,81.6198,82.1899,80.1524,82.1525,10644400
2022-01-04,82.1525,83.7226,81.9936,83.031,11959000
2022-01-05,82.7039,82.8067,80.5824,80.8067,11236700
2022-01-06,80.6753,82.0074,80.2532,80.9943,7918400
2022-01-07,81.0975,82.5515,80.938,82.0919,9836800
2022-01-10,81.9699,83.8461,81.5665,83.7522,11025500
2022-01-11,83.1519,83.4896,81.998,83.0018,7249800
2022-01-12,83.3864,83.9774,82.2419,82.8423,5840300
2022-01-13,83.2363,83.4145,82.1294,82.3545,6044300
2022-01-14,82.0637,82.6453,81.2945,82.2607,6054800
2022-01-18,81.4915,81.5853,80.0562,80.2532,6824700
2022-01-19,80.4596,81.3226,78.0768,78.2175,10501800
2022-01-20,78.7241,79.7372,77.4108,77.5984,10836900
2022-01-21,78.1988,78.2269,76.9511,77.1294,11609000
2022-01-24,76.1913,77.317,74.6622,77.317,16770400
2022-01-25,76.2945,77.0168,75.2344,76.0506,13469900
2022-01-26,76.8385,76.9511,74.3714,74.6622,13971300
2022-01-27,75.15,76.1256,74.2964,74.8405,10331900
2022-01-28,75.0374,75.5159,73.7054,75.4971,7854700
2022-01-31,75.5065,76.5853,75.1594,76.135,10594200
2022-02-01,76.3601,76.3601,74.7185,76.0224,8016900
2022-02-02,76.135,77.7485,75.8348,77.392,9287600
2022-02-03,76.5759,77.6359,76.5759,76.8667,8207200
2022-02-04,76.9511,77.7767,76.4258,77.0262,5570200
2022-02-07,77.0543,77.1575,75.666,75.741,6292200
2022-02-08,75.3189,75.8536,74.8592,75.7879,6585300
2022-02-09,76.6885,78.4708,76.5946,78.2832,8755900
2022-02-10,77.6266,78.5928,76.5665,76.7823,6336300
2022-02-11,76.7729,77.3264,74.6059,74.8123,7670500
2022-02-14,74.6528,74.7935,73.5834,74.0618,5389800
2022-02-15,74.4746,74.9812,74.3057,74.8311,5712800
2022-02-16,74.5496,74.8404,73.377,74.287,6227000
2022-02-17,73.8836,74.09,70.6659,70.8536,9247100
2022-02-18,70.8254,71.0412,69.6809,69.953,7790100
2022-02-22,69.2494,70.272,69.0618,69.5309,8039000
2022-02-23,69.484,69.7748,67.8705,67.983,6807100
2022-02-24,66.5478,70.3001,65.8817,70.1781,11240500
2022-02-25,70.0281,72.0731,69.7185,71.6228,8291800
2022-02-28,70.8911,71.9511,70.3752,71.2663,9234400
2022-03-01,71.2757,71.7635,70.938,71.3039,8752100
2022-03-02,71.7166,73.9774,71.529,73.4333,8527200
2022-03-03,74.0712,74.1463,72.6359,73.4052,8203000
2022-03-04,72.8611,73.0862,71.0881,71.7541,8841300
2022-03-07,71.5665,71.6603,68.893,69.7185,11110100
2022-03-08,69.2682,70.5721,68.5834,68.7898,9134100
2022-03-09,70.2813,72.1857,70.0656,71.3883,8959500
2022-03-10,70.4502,72.0918,70.3845,71.9042,13812600
2022-03-11,71.9511,74.953,69.4183,73.0018,22795800
2022-03-14,73.0956,73.7335,70.7692,72.2982,13306200
2022-03-15,73.2176,76.4915,72.2982,75.6097,16847200
2022-03-16,75.9849,76.2007,72.9361,75.0093,14071300
2022-03-17,74.8404,76.2569,74.3526,75.6097,10462400
2022-03-18,74.6997,76.9136,73.9586,76.6228,24176000
2022-03-21,76.2476,76.9042,75.3001,75.9474,8131300
2022-03-22,76.4164,77.1388,75.8254,76.7354,9292300
2022-03-23,76.2194,76.3695,75.2532,75.4127,7451100
2022-03-24,75.6566,77.6922,75.5065,77.1481,7025700
2022-03-25,76.9605,77.711,76.2007,76.6697,5682300
2022-03-28,76.6791,78.5271,76.6791,78.4239,6626700
2022-03-29,79.2588,79.2776,77.9643,79.0712,5762000
2022-03-30,78.7616,79.1369,77.9736,78.1988,5533100
2022-03-31,77.9643,78.7147,77.4764,77.6078,9433300
2022-04-01,77.8986,78.1988,76.4258,76.9324,6147500
2022-04-04,77.1575,79.0806,76.923,78.8648,7882400
2022-04-05,78.2363,79.287,77.5515,77.8048,5143400
2022-04-06,76.8479,77.3639,76.332,77.0356,5492400
2022-04-07,76.5176,77.2333,76.075,76.7907,7112200
2022-04-08,76.9508,77.0638,75.5853,76.2257,6182500
2022-04-11,75.9337,76.4046,75.0579,75.1144,5738400
2022-04-12,75.2933,76.2727,74.4175,74.7094,6174700
2022-04-13,74.6435,75.3027,74.0502,75.105,4728600
2022-04-14,75.1803,75.6794,74.7,74.8224,5590400
2022-04-18,74.5399,75.3216,73.3721,73.6641,4955900
2022-04-19,73.6923,75.1332,73.6829,74.926,5412400
2022-04-20,75.1426,77.0921,75.1426,75.6135,9472600
2022-04-21,76.7436,76.8472,74.7094,74.8507,5616100
2022-04-22,74.6529,75.0579,71.7241,71.7712,9357100
2022-04-25,71.7617,72.5716,70.3491,72.4963,7305900
2022-04-26,71.903,72.1855,70.1419,70.1702,7555200
2022-04-27,70.2361,71.5922,70.0854,70.4056,7279200
2022-04-28,71.1213,72.1667,70.2549,71.7052,6177900
2022-04-29,70.9518,71.451,68.8894,69.1248,7946900
2022-05-02,69.624,70.2549,68.3055,69.6899,7379900
2022-05-03,69.5486,69.8876,68.5692,69.0212,5211500
2022-05-04,69.106,70.9612,68.5504,70.8294,6759900
2022-05-05,69.6899,70.3679,67.7969,68.5598,7197200
2022-05-06,67.9288,68.6916,67.4579,68.2678,6222500
2022-05-09,67.4673,68.362,67.0247,67.3732,7019700
2022-05-10,68.2773,69.332,67.1189,68.3055,8129000
2022-05-11,68.0983,69.1813,66.7422,66.8929,6932100
2022-05-12,66.7516,66.7987,64.9528,66.6103,11698900
2022-05-13,66.8269,67.7875,66.422,67.0247,6700100
2022-05-16,66.5727,66.7799,65.3484,65.6497,6942100
2022-05-17,66.9117,67.7122,66.5821,67.6934,5952500
2022-05-18,66.6762,66.8081,63.8604,64.3219,7977300
2022-05-19,63.5496,63.9452,62.8339,63.1353,9451600
2022-05-20,63.9263,64.6892,62.9563,64.6327,7531100
2022-05-23,65.273,66.3655,64.6703,65.9605,7370200
2022-05-24,65.6121,66.422,64.3313,65.0094,6644100
2022-05-25,64.8681,66.13,64.7645,65.7628,7103300
2022-05-26,66.0453,67.9194,65.8381,67.4862,6758900
2022-05-27,68.1454,68.6068,67.3826,68.5409,6566700
2022-05-31,68.023,68.7293,67.3543,67.731,16890300
2022-06-01,68.767,69.0024,67.0059,67.4297,5804700
2022-06-02,67.3166,68.927,66.874,68.88,6200400
2022-06-03,68.3337,68.7104,67.0812,67.6086,8169500
2022-06-06,68.3997,70.4809,68.3997,68.7199,5274700
2022-06-07,67.4202,68.8706,67.4202,68.4562,5675700
2022-06-08,67.8158,67.9476,66.8081,67.2225,5253500
2022-06-09,66.648,67.0153,65.1695,65.1883,6824900
2022-06-10,64.0205,64.2465,63.0599,63.2294,10256100
2022-06-13,61.9486,62.25,60.0463,60.3194,16547200
2022-06-14,67.8064,68.2113,64.9999,66.6009,29661300
2022-06-15,66.3466,67.2601,64.6703,65.6403,11765500
2022-06-16,64.5102,64.9434,63.6438,64.708,10686000
2022-06-17,64.7456,65.3295,63.4649,63.7756,16445600
2022-06-21,64.6138,65.4802,63.4649,63.738,10047700
2022-06-22,63.0317,63.6344,62.5137,62.655,8219900
2022-06-23,62.5796,63.9169,62.4478,63.6909,8775800
2022-06-24,64.3501,66.6574,64.0111,66.5821,20132600
2022-06-27,65.3295,66.7233,64.9246,66.309,8840600
2022-06-28,66.4596,66.9305,64.5385,64.5855,7252100
2022-06-29,65.0093,66.0076,64.7739,65.1789,8077900
2022-06-30,64.2371,66.1583,64.2371,65.8004,9888600
2022-07-01,65.7816,66.8458,65.7439,66.7422,7805600
2022-07-05,66.2807,67.8063,66.0923,67.7969,9040400
2022-07-06,68.1077,68.5033,67.1565,67.4862,6043700
2022-07-07,67.6463,67.7875,67.0341,67.6463,7814500
2022-07-08,67.5144,68.0324,67.1754,67.6839,4927300
2022-07-11,67.1637,68.0812,67.0691,67.7029,4543300
2022-07-12,67.7312,68.0528,66.2839,66.6055,7140800
2022-07-13,65.319,66.7191,64.969,66.2461,6454800
2022-07-14,65.4231,65.8204,64.5433,65.6974,4915500
2022-07-15,66.4636,67.0407,66.2177,66.9177,5134100
2022-07-18,67.4001,67.8353,66.3596,66.4163,4642300
2022-07-19,66.8231,68.3934,66.4637,68.3367,7160300
2022-07-20,68.6299,69.1502,68.261,68.6677,5655700
2022-07-21,68.2515,70.5975,68.2326,70.5124,7005100
2022-07-22,70.7772,71.2218,70.2475,70.8529,6659800
2022-07-25,71.0421,71.3543,70.3232,70.8151,5721600
2022-07-26,70.7583,71.2313,69.7272,70.0299,7284400
2022-07-27,70.361,72.007,70.3042,71.7705,6677200
2022-07-28,71.5529,73.1043,71.2407,72.8773,5688100
2022-07-29,72.8489,73.9368,72.8394,73.634,5926600
2022-08-01,73.0097,73.6057,72.5557,73.2557,5227500
2022-08-02,72.83,73.0854,71.9502,72.2246,6403400
2022-08-03,72.5746,73.5584,72.1773,73.1894,6127800
2022-08-04,73.2651,73.6435,72.9435,73.2178,3656200
2022-08-05,72.1489,73.2178,71.8935,73.1705,4858100
2022-08-08,72.7638,73.2462,72.1489,72.3381,4733500
2022-08-09,72.0921,72.7543,71.7421,72.6219,4243700
2022-08-10,73.3976,73.7665,73.0286,73.3503,5258500
2022-08-11,73.7381,73.7854,72.9151,72.9908,5554600
2022-08-12,73.7854,75.1287,73.4638,74.8733,6692300
2022-08-15,74.58,75.1287,74.2584,74.8354,3733500
2022-08-16,74.6368,75.3557,74.5895,75.2233,6185100
2022-08-17,74.7314,75.4598,74.6841,74.9679,5185100
2022-08-18,74.9962,75.5638,74.7408,75.0341,4120500
2022-08-19,74.7597,74.8543,74.2016,74.4097,4679000
2022-08-22,73.7192,73.7192,72.0543,72.3286,5757700
2022-08-23,72.13,72.8489,72.13,72.2813,4432300
2022-08-24,72.3381,72.4232,71.9408,72.0543,3876400
2022-08-25,72.2151,72.7543,71.8746,72.7354,3523400
2022-08-26,72.8205,73.0854,70.5407,70.6164,4904100
2022-08-29,70.1056,70.8151,70.0678,70.1813,4295500
2022-08-30,70.3988,70.6353,69.4907,70.134,5099100
2022-08-31,70.4367,71.0894,70.0394,70.1434,8612900
2022-09-01,70.1151,71.2975,69.557,71.2313,8139800
2022-09-02,71.6475,72.6219,70.4556,70.6448,11027700
2022-09-06,70.6637,71.1272,69.5759,69.8407,7090100
2022-09-07,69.6988,70.6353,69.4529,70.465,5792600
2022-09-08,70.0299,70.7583,69.6326,70.6164,6897100
2022-09-09,70.6164,71.9029,70.4178,71.8083,7762400
2022-09-12,72.4894,73.1989,72.1489,72.9151,15628900
2022-09-13,71.9502,75.1192,71.6854,71.9313,29476500
2022-09-14,71.6948,71.7705,67.892,68.2231,21601400
2022-09-15,67.6366,68.1947,65.9812,66.4447,12478100
2022-09-16,65.8204,66.0285,64.5622,65.1109,23412000
2022-09-19,64.5149,65.3947,64.2406,65.3379,8364000
2022-09-20,64.5811,64.7609,63.8055,64.4298,8624300
2022-09-21,64.9974,65.1582,63.1338,63.1433,6768200
2022-09-22,63.2379,63.323,62.2824,62.4622,7190700
2022-09-23,61.8189,61.9041,60.4189,61.0622,9282500
2022-09-26,60.854,61.4122,59.9648,60.0216,6897800
2022-09-27,60.6932,60.9203,58.6878,59.0472,9284800
2022-09-28,59.2364,59.927,58.8864,59.6621,8549900
2022-09-29,58.9243,59.2175,57.4959,58.0824,8882100
2022-09-30,57.9499,58.7824,57.7607,57.7702,9794400
2022-10-03,57.6945,59.8229,57.5242,59.6716,9661400
2022-10-04,60.3527,62.273,60.3527,62.1406,9892600
2022-10-05,61.8095,63.5595,61.4689,63.0392,9201600
2022-10-06,62.746,63.2,61.696,61.7716,6992000
2022-10-07,61.0054,61.1284,59.35,59.8702,7137900
2022-10-10,60.1729,60.4473,58.6689,59.1891,6407200
2022-10-11,58.8088,59.9973,58.6186,59.3413,7376900
2022-10-12,59.5409,61.1193,59.1131,60.6439,9008600
2022-10-13,59.4078,62.479,59.2082,61.9941,10147100
2022-10-14,62.4885,63.3348,61.0528,61.1478,8044500
2022-10-17,62.6406,64.2475,62.6311,63.7246,11368300
2022-10-18,64.6564,65.2079,63.0685,63.7341,6688600
2022-10-19,63.2207,63.8862,62.5456,63.04,5506000
2022-10-20,64.2095,66.482,63.8862,65.8449,17600500
2022-10-21,67.5374,69.2109,66.8528,69.1253,15652600
2022-10-24,69.344,70.0666,68.2506,69.3345,11489400
2022-10-25,69.8384,70.466,69.0397,69.5437,9137700
2022-10-26,69.0397,71.9968,68.9827,71.1411,10693600
2022-10-27,71.0745,72.149,70.8844,71.4548,7053000
2022-10-28,71.5975,73.8604,71.5975,73.5562,8758100
2022-10-31,72.7385,74.4785,72.6434,74.2313,12349000
2022-11-01,74.7352,75.3342,72.5863,73.3185,7753000
2022-11-02,72.8811,73.6227,71.3217,71.4263,7524300
2022-11-03,71.046,71.9683,70.4089,71.3408,6761200
2022-11-04,72.206,72.9001,70.5896,72.2631,7219000
2022-11-07,72.3676,73.2994,71.7781,72.9667,5394300
2022-11-08,73.1663,73.347,71.3312,71.9207,9104200
2022-11-09,71.6735,72.7765,71.3122,71.9398,6013700
2022-11-10,73.8794,74.6116,72.9381,73.3755,10437300
2022-11-11,73.3375,74.0601,72.805,73.9175,7712900
2022-11-14,73.6703,75.629,73.5277,74.6687,7153000
2022-11-15,75.049,76.7129,74.1742,75.2867,7618500
2022-11-16,75.2296,76.2851,74.9824,75.9618,6011900
2022-11-17,75.2772,75.667,74.3454,75.3057,5717300
2022-11-18,76.0664,76.5037,74.9729,75.8096,6107000
2022-11-21,75.6575,76.1615,75.0205,75.8952,5235400
2022-11-22,75.9618,78.1677,75.9047,78.0821,8796200
2022-11-23,78.0821,78.8428,77.7588,78.5005,6347900
2022-11-25,78.7762,79.3848,78.4815,78.6526,2754900
2022-11-28,78.0726,78.1012,77.0838,77.388,5112200
2022-11-29,77.331,77.4926,76.5608,76.8746,4928200
2022-11-30,76.5133,79.09,76.0664,78.9474,9610300
2022-12-01,78.9664,80.3736,78.3008,79.9743,6127200
2022-12-02,79.109,79.5084,78.5195,79.2516,4798900
2022-12-05,78.3579,78.3674,75.5054,75.5244,9102900
2022-12-06,75.4483,75.8952,74.2218,75.03,7656100
2022-12-07,74.8018,75.5339,74.7162,74.9064,5105500
2022-12-08,75.2392,76.2661,74.6687,76.1329,5918700
2022-12-09,75.7336,76.4087,75.629,75.9332,6850800
2022-12-12,76.3611,77.407,76.0093,77.2834,15807600
2022-12-13,80.7635,81.372,75.7811,76.5988,22812200
2022-12-14,76.8365,78.8143,76.6083,77.7969,11183100
2022-12-15,76.8175,77.0457,75.5529,76.1329,8196800
2022-12-16,76.0283,76.5038,75.5719,75.667,19200700
2022-12-19,75.9903,77.1123,75.7621,76.5418,7738800
2022-12-20,76.5418,77.4831,76.3992,76.9602,6390200
2022-12-21,77.35,78.1012,76.9602,77.4926,5932400
2022-12-22,76.9601,77.1788,75.5244,76.5323,8181400
2022-12-23,76.5513,76.9221,76.0569,76.8746,4129100
2022-12-27,76.9031,77.4641,76.6464,76.9982,4290700
2022-12-28,77.1028,77.6257,76.247,76.3801,3794000
2022-12-29,76.9887,77.7779,76.7319,77.3975,3867800
2022-12-30,77.1408,77.9015,76.789,77.7208,5375700
2023-01-03,78.4149,79.7175,78.2152,79.6034,8997500
2023-01-04,80.0599,80.9822,79.5274,80.3261,7836200
2023-01-05,80.8205,81.2009,79.1281,80.1645,7643800
2023-01-06,80.5733,82.0946,79.6985,81.4481,8641600
2023-01-09,82.8796,83.5954,82.2307,82.4788,7519700
2023-01-10,81.7344,82.6602,81.6676,82.5552,5703300
2023-01-11,83.3855,84.6166,83.1182,84.5594,8359700
2023-01-12,84.6548,85.132,84.149,84.7312,6071100
2023-01-13,83.939,85.3897,83.6623,85.132,5090800
2023-01-17,85.1225,85.3611,84.3971,84.5594,6550400
2023-01-18,84.5594,84.588,82.6506,82.7556,6397700
2023-01-19,82.4597,83.0228,81.3717,82.0207,5597000
2023-01-20,82.1066,83.395,81.6008,83.271,5567300
2023-01-23,83.2137,85.0652,83.0037,84.9125,7390200
2023-01-24,84.9889,85.991,83.9868,85.6092,7004600
2023-01-25,84.6548,85.7619,83.7386,85.552,5896800
2023-01-26,85.7906,86.3632,85.027,85.7333,7302800
2023-01-27,85.4184,85.6283,84.903,84.9316,5676800
2023-01-30,84.4353,84.5785,83.0228,83.3664,6255300
2023-01-31,83.6909,84.4449,83.3664,84.4258,6200400
2023-02-01,84.3399,86.5159,84.1872,85.9433,6141300
2023-02-02,86.5255,87.0599,84.8934,85.3038,8269200
2023-02-03,84.4353,86.1437,84.2444,85.5329,5671800
2023-02-06,85.4279,85.5233,84.3685,84.4926,4097200
2023-02-07,83.8627,84.0058,82.3643,83.7386,9226000
2023-02-08,82.9656,83.9104,82.5647,82.7365,7624400
2023-02-09,83.166,83.8913,82.3929,82.6983,4960300
2023-02-10,82.5838,83.395,82.4025,83.166,5318400
2023-02-13,83.2996,85.3706,83.2232,85.342,5560900
2023-02-14,84.9412,85.3325,83.71,85.027,7484800
2023-02-15,84.798,85.1416,84.0154,84.3112,4329900
2023-02-16,83.4714,84.2444,83.0419,83.7195,5942500
2023-02-17,83.2232,83.4427,82.5647,83.2996,6398400
2023-02-21,82.8033,82.9751,82.2211,82.2688,5260300
2023-02-22,82.727,83.2042,82.0589,82.3834,5840100
2023-02-23,83.1755,85.3993,83.0896,84.5403,8637100
2023-02-24,83.3282,84.8362,83.166,84.6166,7659200
2023-02-27,84.8075,84.9125,83.3759,83.9486,6748800
2023-02-28,83.7004,83.9963,83.2041,83.4141,7468000
2023-03-01,82.9369,83.2328,82.0684,82.4025,5119800
2023-03-02,82.1352,83.2996,81.9539,83.0037,5293600
2023-03-03,83.3378,85.2179,83.1087,85.1797,5498500
2023-03-06,85.3324,86.535,85.0843,85.6474,7424800
2023-03-07,85.4947,85.9719,84.0345,84.3303,5382400
2023-03-08,84.3685,85.027,84.1299,84.4544,5159200
2023-03-09,84.3017,85.552,82.5838,82.9083,10572300
2023-03-10,80.5605,81.3622,79.1002,80.236,16029300
2023-03-13,79.5202,81.6294,78.2986,81.0568,10299800
2023-03-14,82.0112,82.0112,79.6252,80.7036,8732200
2023-03-15,79.2911,79.5679,78.3749,79.1957,11463000
2023-03-16,79.1384,81.2286,78.3367,80.9518,10148100
2023-03-17,81.1236,82.0589,80.7513,81.3717,13065800
2023-03-20,81.3908,83.5191,81.3622,82.9942,9177300
2023-03-21,83.5,83.8436,82.7079,83.5859,6683700
2023-03-22,83.5477,85.0939,83.4523,83.8913,7233700
2023-03-23,84.6071,85.552,83.6432,83.7768,10747100
2023-03-24,83.9677,84.4449,83.5191,83.9963,5852100
2023-03-27,84.5785,86.3727,84.5117,86.0292,8170100
2023-03-28,86.1055,86.7354,85.3993,85.7524,6378900
2023-03-29,86.0196,86.5255,85.7142,86.4873,5233600
2023-03-30,86.7068,87.0217,85.6188,86.3823,5640700
2023-03-31,86.43,88.7587,86.2869,88.6824,10476300
2023-04-03,88.167,89.7131,87.8902,89.6368,8410900
2023-04-04,89.57,89.7322,88.6919,89.7131,6651500
2023-04-05,89.3505,90.7725,89.2169,90.5625,7478800
2023-04-06,90.0281,91.6983,89.7036,91.5456,9146200
2023-04-10,90.7405,91.1526,89.6575,89.8588,8681500
2023-04-11,89.5713,90.2134,89.3221,90.0601,8196000
2023-04-12,90.453,91.3539,89.7055,89.993,8040300
2023-04-13,90.2613,91.766,90.0313,91.5743,6240200
2023-04-14,91.5264,91.996,90.7405,91.7277,6485100
2023-04-17,91.6606,91.996,91.3443,91.6126,4772400
2023-04-18,92.0056,92.7148,91.7852,92.456,7219400
2023-04-19,91.6126,92.456,91.6126,91.8235,4766200
2023-04-20,92.0056,92.1493,90.6638,90.8843,5815500
2023-04-21,91.0568,91.3443,90.338,91.191,7335800
2023-04-24,91.3731,92.0823,91.0185,91.4689,4901700
2023-04-25,91.1814,91.718,90.1079,90.1463,5768800
2023-04-26,89.8492,90.8651,89.4563,89.8109,6395500
2023-04-27,90.3859,91.1334,89.4083,91.0855,5615700
2023-04-28,90.3476,91.4306,90.3188,90.7788,8498500
2023-05-01,90.8555,91.7468,90.7597,90.9226,5459800
2023-05-02,90.9801,91.2772,89.945,90.8555,5995100
2023-05-03,91.1143,91.4497,90.6063,90.8364,6744800
2023-05-04,91.028,91.1622,90.4818,91.0184,5038200
2023-05-05,91.0472,93.2611,90.8843,92.9352,8068600
2023-05-08,93.0407,93.2323,92.4273,92.7627,5314800
2023-05-09,92.1973,92.8586,92.1014,92.1398,6333500
2023-05-10,92.7627,93.6157,92.2548,93.4623,5935300
2023-05-11,93.4815,93.5678,92.3314,93.3857,5144500
2023-05-12,93.5486,93.8457,92.8969,93.7786,4994700
2023-05-15,93.7978,93.884,93.0119,93.2132,4443700
2023-05-16,93.1269,94.737,92.8873,94.162,6896500
2023-05-17,94.6699,96.2225,94.3345,95.6187,9436000
2023-05-18,95.6187,98.1968,95.5804,98.0818,10005700
2023-05-19,98.1297,98.7814,97.6793,98.561,8560300
2023-05-22,98.216,98.8102,97.4972,97.5355,5890500
2023-05-23,96.8646,97.2097,94.3728,94.4399,10047300
2023-05-24,93.8744,94.7657,93.2419,94.229,6815900
2023-05-25,95.0724,100.3053,94.6603,99.9507,16729600
2023-05-26,100.0082,101.8099,99.7015,99.7494,13994100
2023-05-30,100.5353,101.5703,99.8548,100.7749,10296700
2023-05-31,100.1232,102.0591,99.8165,101.532,13713500
2023-06-01,100.5161,102.1741,100.4203,101.5799,7835900
2023-06-02,102.0879,102.3275,101.3499,101.4841,8652400
2023-06-05,101.4841,103.1229,101.1391,102.4808,7442000
2023-06-06,102.3658,103.0175,101.7333,102.6437,7023000
2023-06-07,102.6821,103.8609,100.4778,100.8707,9842500
2023-06-08,101.2732,103.305,100.9666,103.0079,9526700
2023-06-09,103.2188,105.5668,102.9408,105.2793,12597100
2023-06-12,109.5825,112.6206,109.5825,111.5855,39081500
2023-06-13,118.1888,118.831,111.1926,111.8251,39190900
2023-06-14,111.6526,117.4126,110.9242,117.1825,26264200
2023-06-15,116.8758,122.2333,116.5979,121.2845,27476700
2023-06-16,121.8499,122.0991,119.9427,120.2398,19514700
2023-06-20,119.2718,120.0385,116.8854,116.9621,16273000
2023-06-21,116.8758,118.2272,115.352,117.0196,17583000
2023-06-22,116.55,117.4892,115.0741,115.5629,12203400
2023-06-23,114.614,114.9112,113.2244,113.7036,19734300
2023-06-26,113.0806,114.4607,111.8443,111.921,8987000
2023-06-27,111.7197,113.5311,111.4226,112.9369,6970400
2023-06-28,111.921,113.6844,111.5472,111.6814,9240500
2023-06-29,110.838,112.8985,109.8604,112.8794,9234300
2023-06-30,114.8536,116.665,114.0773,114.1348,13703100
2023-07-03,113.0998,113.3298,111.9689,112.2756,4284700
2023-07-05,111.6718,112.1414,110.608,111.1351,8466500
2023-07-06,109.8987,110.9913,109.87,110.6463,7982800
2023-07-07,110.0617,111.1542,109.7262,109.8412,7001600
2023-07-10,109.525,110.2438,108.9308,109.6208,6931000
2023-07-11,109.8324,110.6018,109.0919,110.4864,6117100
2023-07-12,111.2462,113.5736,111.2173,111.5828,11011600
2023-07-13,112.6119,114.0449,112.2945,112.9581,9359600
2023-07-14,113.6602,115.3817,113.1793,114.7085,7723800
2023-07-17,114.3046,115.3817,113.7275,114.343,6735900
2023-07-18,114.2372,116.6513,113.3043,116.1511,8903600
2023-07-19,116.1992,116.7186,113.891,114.1507,7609000
2023-07-20,112.9966,114.4969,110.823,111.4482,12913000
2023-07-21,112.0348,114.7085,111.7655,113.1505,9159600
2023-07-24,113.4294,114.0064,112.2656,113.5544,6200400
2023-07-25,113.4678,113.9776,112.3426,113.439,6266300
2023-07-26,112.9293,113.1216,110.6018,111.0827,8160000
2023-07-27,113.0543,113.1024,111.2173,111.9483,7843000
2023-07-28,112.2176,112.8139,111.227,111.554,6910400
2023-07-31,111.9771,112.7561,111.4001,112.7465,6703100
2023-08-01,112.4484,113.5256,112.0252,113.4005,5246000
2023-08-02,112.4484,112.5061,109.9478,111.2847,6387800
2023-08-03,110.8326,111.7271,109.8901,110.169,5193800
2023-08-04,110.9288,111.9483,109.8901,110.0632,5579300
2023-08-07,111.0538,111.929,110.6691,111.6597,7347000
2023-08-08,110.6403,111.1885,109.8516,110.823,4694800
2023-08-09,110.9288,111.2847,108.0339,108.7745,6542400
2023-08-10,109.4285,110.6884,108.1782,108.6687,6004100
2023-08-11,108.0916,109.14,106.8798,108.736,5288900
2023-08-14,108.8514,111.3808,108.8226,111.15,6494200
2023-08-15,111.0346,113.5448,110.4479,112.8042,10412200
2023-08-16,112.6792,113.3044,110.8615,110.9288,5722000
2023-08-17,111.3135,112.3137,109.9863,110.4864,6183900
2023-08-18,110.1209,112.5157,109.592,112.006,9412800
2023-08-21,112.4292,112.8619,110.7846,112.131,5811200
2023-08-22,113.0158,113.1793,111.3039,112.0829,4960300
2023-08-23,112.6215,115.8434,107.8224,113.3332,16517300
2023-08-24,115.1028,115.1509,108.1109,108.5917,11995900
2023-08-25,108.5917,111.7078,108.4282,111.6213,8758100
2023-08-28,111.9194,113.2082,111.275,112.3714,4514800
2023-08-29,116.3243,116.5743,113.9968,116.0357,11920500
2023-08-30,116.1031,117.0841,115.5549,116.4878,5601800
2023-08-31,116.3723,117.3149,115.526,115.7857,9109800
2023-09-01,116.382,117.036,115.4972,116.305,6189900
2023-09-05,117.7573,119.5269,116.5455,119.2384,11089600
2023-09-06,118.3535,119.8154,118.0362,119.575,8728500
2023-09-07,119.0941,121.1426,117.9015,120.3059,11864400
2023-09-08,120.027,121.8447,119.5942,121.4889,10595500
2023-09-11,122.1621,122.5468,119.9501,121.864,22155600
2023-09-12,107.7935,108.9668,103.1963,105.418,68605700
2023-09-13,104.1773,108.6206,104.0619,107.5627,27171000
2023-09-14,109.1592,110.7364,107.6684,109.3131,19849700
2023-09-15,109.8228,110.7942,108.1974,109.5535,23215000
2023-09-18,109.0822,110.0921,107.3126,107.9185,11744100
2023-09-19,108.1782,109.39,107.4376,108.4571,9536100
2023-09-20,108.4956,110.3133,108.159,108.5533,8777100
2023-09-21,107.2453,108.1974,105.1487,105.2448,12645800
2023-09-22,105.7834,106.3701,104.36,104.8601,11150000
2023-09-25,104.3023,104.4947,103.3887,104.1581,8410000
2023-09-26,103.0424,103.2925,100.3207,100.8689,13209000
2023-09-27,100.9843,101.2536,99.3974,100.6188,8916400
2023-09-28,100.0514,102.5231,99.3204,102.0903,7373600
2023-09-29,103.0136,103.2636,101.3497,101.8691,7299100
2023-10-02,101.7633,102.6481,101.2632,102.6289,5963500
2023-10-03,102.35,102.4269,99.5801,100.5226,8783300
2023-10-04,100.9458,103.1963,100.5034,102.9847,8842700
2023-10-05,102.8789,104.2927,102.1288,104.2061,7651500
2023-10-06,103.8022,106.3028,103.4656,105.7546,8247000
2023-10-09,106.5144,106.7259,105.2833,106.1008,6012400
2023-10-10,105.995,106.8125,105.4276,105.5141,6910400
2023-10-11,105.7072,106.2381,105.0508,105.8327,5641700
2023-10-12,106.1319,107.0682,105.0991,105.3211,6598500
2023-10-13,105.3983,105.7072,104.0469,104.491,5879400
2023-10-16,105.1666,105.7844,104.5488,104.935,5488000
2023-10-17,103.8442,105.9775,103.1878,105.2535,5261800
2023-10-18,104.6357,105.9196,104.1145,104.491,5123900
2023-10-19,104.8577,106.3925,104.433,104.5778,7989200
2023-10-20,103.2747,103.323,97.1645,98.3132,21831400
2023-10-23,98.4966,101.0546,98.4676,100.0603,10722600
2023-10-24,100.3403,100.8326,98.9406,99.6163,6174000
2023-10-25,99.1337,100.07,97.5023,97.9078,7081700
2023-10-26,98.1587,98.8344,96.4019,96.9135,7565600
2023-10-27,97.4927,98.5448,97.0969,97.483,5207900
2023-10-30,97.6279,98.8538,97.319,98.1201,5433700
2023-10-31,98.4676,99.9252,97.5892,99.8094,6258400
2023-11-01,100.1955,102.5121,100.1955,102.0778,8602400
2023-11-02,102.7534,103.4967,101.904,103.1589,5918300
2023-11-03,103.4484,105.2825,102.9175,104.2979,7280000
2023-11-06,104.3075,105.4176,103.7091,105.3211,6062800
2023-11-07,106.1705,106.547,104.8095,105.2052,7412600
2023-11-08,105.4369,108.6513,105.3983,108.4293,10994900
2023-11-09,108.4968,109.3752,107.7342,108.2845,6853900
2023-11-10,108.1976,109.2497,107.2806,109.1436,5233900
2023-11-13,109.1436,110.5143,108.8636,110.1861,5740500
2023-11-14,110.8714,112.4158,110.4756,112.0683,6733700
2023-11-15,112.1166,112.271,109.9737,110.0992,7386200
2023-11-16,109.8096,111.8463,109.5297,110.688,7476100
2023-11-17,110.6301,111.6243,110.1957,111.354,4791300
2023-11-20,111.634,113.0819,111.4988,112.8599,5728300
2023-11-21,113.1398,113.5838,111.6629,112.049,5995300
2023-11-22,112.6475,113.217,111.4988,112.2035,4343700
2023-11-24,112.4448,112.5413,111.3347,112.2131,2168200
2023-11-27,111.9815,112.7151,111.4409,112.4255,5165300
2023-11-28,111.9718,112.744,111.8463,112.2035,4892600
2023-11-29,113.2653,113.497,111.9332,112.1745,6127200
2023-11-30,112.802,113.1591,111.1803,112.1745,11075600
2023-12-01,112.0394,113.2749,111.2575,113.0915,5739800
2023-12-04,112.2325,112.6282,110.5722,111.7595,5587500
2023-12-05,110.5915,111.2672,109.8579,110.5529,5913600
2023-12-06,110.9486,110.9969,108.0431,108.1397,7815700
2023-12-07,108.5065,109.1049,107.9273,108.9505,6772800
2023-12-08,108.1204,109.6938,107.7149,109.6648,7766000
2023-12-11,109.8193,111.3444,109.6648,111.132,19544200
2023-12-12,99.1337,101.3055,97.1935,97.3093,57666500
2023-12-13,97.5699,99.5198,95.8131,99.4136,29392200
2023-12-14,98.3325,98.6993,96.4019,96.8267,22865200
2023-12-15,96.2282,100.3789,95.9097,99.7321,30212300
2023-12-18,99.819,102.4735,99.3364,101.3538,13473100
2023-12-19,101.3345,102.6473,101.1607,102.5604,10108500
2023-12-20,102.2708,102.406,100.4368,100.5333,9242000
2023-12-21,101.0642,102.2515,100.8905,102.1839,8168000
2023-12-22,102.0295,102.792,101.7978,102.5121,5680000
2023-12-26,102.821,102.9465,101.682,102.5025,5767400
2023-12-27,102.628,102.6376,101.8944,102.2612,5627400
2023-12-28,102.3287,102.9079,101.9136,102.5604,5689100
2023-12-29,102.8982,103.2071,101.1414,101.7689,6899700
2024-01-02,100.8905,101.0449,98.8827,100.4464,9597500
2024-01-03,99.7128,99.79,98.207,98.902,9455600
2024-01-04,99.2012,99.7708,98.8441,99.0275,6822300
2024-01-05,98.9696,100.1182,98.7379,99.1626,6133800
2024-01-08,99.3653,101.1318,98.5835,101.0256,7038700
2024-01-09,100.2437,100.8519,99.7032,100.0314,6725200
2024-01-10,99.8957,100.8454,99.5372,100.7,7270500
2024-01-11,101.1167,101.5915,100.3318,101.5237,6119000
2024-01-12,101.8434,103.3938,101.7175,103.2969,9703800
2024-01-16,103.1128,103.3551,102.1535,103.2679,7547200
2024-01-17,103.1613,104.1691,102.4055,103.1322,7771500
2024-01-18,103.6749,105.5063,103.3163,105.3319,10362300
2024-01-19,105.9327,106.8048,105.642,106.2718,11163800
2024-01-22,106.6497,107.2602,105.8842,106.6885,7485300
2024-01-23,106.8726,109.1886,106.1652,108.3649,9185900
2024-01-24,109.9056,111.8437,109.8184,110.7681,11702700
2024-01-25,111.3301,112.5801,110.8068,111.4367,8877200
2024-01-26,111.0878,111.9018,110.7293,111.0878,5541800
2024-01-29,110.6518,111.0394,109.5083,110.2254,7014400
2024-01-30,109.8475,110.8553,109.1401,110.6227,8231900
2024-01-31,110.2835,110.7293,108.2099,108.2389,7386700
2024-02-01,109.4115,112.1925,109.0626,111.9503,7882200
2024-02-02,112.2313,112.8805,111.5917,112.2022,6499400
2024-02-05,111.9502,113.1034,111.2138,112.7836,8084500
2024-02-06,113.1228,113.3262,111.4173,111.7274,4637500
2024-02-07,112.2119,113.9464,111.7274,113.6363,7672900
2024-02-08,113.4619,114.1402,112.3766,113.0646,4472800
2024-02-09,113.4329,113.7042,112.1441,113.0259,5787100
2024-02-12,112.6576,113.4716,111.8049,112.2507,5439600
2024-02-13,110.2642,110.6712,109.4986,110.1576,8171700
2024-02-14,110.7777,111.1654,110.0122,110.7196,5946100
2024-02-15,110.7099,110.7681,109.082,109.2855,8455600
2024-02-16,109.518,109.6052,107.8029,107.861,8936000
2024-02-20,107.1149,107.3378,104.3435,105.0896,10975600
2024-02-21,103.452,105.0218,103.2097,104.8086,7865300
2024-02-22,108.0354,108.423,106.2621,107.5703,8957800
2024-02-23,108.5296,109.8572,108.2486,108.4812,7504500
2024-02-26,108.5296,109.0529,107.4928,107.5315,6342900
2024-02-27,107.1924,108.0548,106.3881,107.9288,6593100
2024-02-28,107.8126,108.549,107.6575,108.2196,5278300
2024-02-29,108.2196,108.956,107.2118,108.2196,12193900
2024-03-01,108.2196,110.4095,108.0645,110.2545,7605100
2024-03-04,110.0607,111.0491,109.8766,110.5258,6588100
2024-03-05,109.3242,109.6925,106.9501,107.5025,8242000
2024-03-06,108.0451,109.5471,107.2408,108.7913,6706400
2024-03-07,110.4095,111.2429,108.8106,110.9909,7670100
2024-03-08,110.5355,110.7874,108.0839,108.9366,8312900
2024-03-11,108.1517,111.1944,107.735,110.5936,20438300
2024-03-12,122.3478,125.3614,120.7392,123.5881,48536100
2024-03-13,124.0339,124.8091,120.9621,121.6307,15870300
2024-03-14,123.2877,123.8401,121.0687,121.6404,10965900
2024-03-15,120.1966,122.1055,119.7314,121.6501,17844900
2024-03-18,123.2586,124.9544,122.9486,123.8401,12231400
2024-03-19,123.7916,125.2064,122.5707,125.187,10221000
2024-03-20,125.9525,126.6405,124.2955,125.2354,8373300
2024-03-21,126.4758,128.656,124.9544,125.0125,17842400
2024-03-22,125.0126,125.2064,123.5978,123.8304,6660000
2024-03-25,123.7141,123.7141,122.1443,122.1734,7446100
2024-03-26,122.8226,123.0067,121.9408,122.5513,7063900
2024-03-27,123.3846,123.8594,120.6132,121.3885,8115900
2024-03-28,121.5047,122.2606,121.3206,121.7179,6587400
2024-04-01,121.6501,122.3575,120.7005,121.5919,4133600
2024-04-02,120.652,121.059,119.6055,120.4873,4862400
2024-04-03,120.4097,122.4931,120.2159,122.3284,7430000
2024-04-04,123.6462,124.0242,120.1869,120.3419,7588300
2024-04-05,120.5648,122.0958,120.2935,121.0299,4899500
2024-04-08,121.1268,121.2431,119.9253,120.497,6119200
2024-04-09,120.8858,121.2747,117.8625,119.797,5564100
2024-04-10,117.9694,119.6512,117.9402,118.3583,4509900
2024-04-11,118.3291,120.3706,117.9791,119.8067,7315200
2024-04-12,118.3485,118.4457,117.0653,117.7361,6196900
2024-04-15,118.7763,119.0582,116.1126,116.5403,5101500
2024-04-16,116.7445,118.0569,116.414,117.2597,7000000
2024-04-17,117.6097,117.668,115.3057,115.3641,5366600
2024-04-18,115.4516,115.4516,112.4768,112.7684,6662400
2024-04-19,112.8851,113.517,111.2713,111.6796,8251500
2024-04-22,112.7976,113.099,111.1547,111.3394,7125500
2024-04-23,111.9616,112.6323,111.5533,111.8838,5494800
2024-04-24,112.1657,112.506,110.7075,112.1268,5791800
2024-04-25,110.4645,111.7866,109.6381,111.6894,6796600
2024-04-26,113.7795,115.889,112.9143,113.9447,8355100
2024-04-29,113.7309,114.0419,112.0782,113.2448,4994100
2024-04-30,111.8838,112.3018,110.5228,110.5811,6234700
2024-05-01,110.7367,113.5073,110.4839,111.4366,5583600
2024-05-02,112.0199,112.5837,111.0769,111.7574,5001000
2024-05-03,112.749,112.9726,111.8644,112.574,4485000
2024-05-06,113.0892,115.0627,112.9434,115.0432,6052400
2024-05-07,114.7127,115.8112,114.0225,114.6447,6437700
2024-05-08,114.4308,114.6933,113.8475,114.1197,4636000
2024-05-09,114.1197,114.4503,113.2545,113.3906,3236200
2024-05-10,113.8864,114.353,112.681,113.4198,4122500
2024-05-13,113.867,113.9253,112.9629,113.1281,4140000
2024-05-14,113.2545,119.136,112.8948,117.5028,17811200
2024-05-15,116.8223,118.6888,116.3362,118.2416,6604600
2024-05-16,118.5429,119.0387,117.8333,118.7568,5159300
2024-05-17,119.7484,120.1373,118.6791,120.0595,6179400
2024-05-20,120.3511,121.2066,119.8067,121.0511,5989000
2024-05-21,120.9928,121.8677,120.4678,121.158,5549500
2024-05-22,121.158,121.6733,119.8651,121.1289,5705000
2024-05-23,123.0245,123.1704,119.729,120.6331,6108600
2024-05-24,119.9817,120.0692,118.0374,119.4859,7173400
2024-05-28,119.8067,121.3427,119.5831,121.0219,6911400
2024-05-29,119.5637,120.4678,119.3498,120.2928,4735100
2024-05-30,116.8223,118.0569,113.7697,113.8281,10839600
2024-05-31,113.342,114.1489,111.3588,113.9253,12755600
2024-06-03,114.2558,116.0057,114.0711,115.9571,7256300
2024-06-04,115.7043,117.0167,115.4127,116.7251,7368000
2024-06-05,118.261,119.3693,117.1528,119.2137,5973700
2024-06-06,119.4568,120.808,118.8443,120.0595,7347200
2024-06-07,120.7497,122.7037,119.8359,122.4121,11545000
2024-06-10,122.2274,123.4134,120.5942,121.0316,10164700
2024-06-11,120.5942,121.3525,118.8832,120.4289,18373900
2024-06-12,130.9378,137.0331,130.2281,136.4693,40871300
2024-06-13,136.5179,138.433,134.9041,135.954,13733200
2024-06-14,135.3805,136.0707,133.5528,134.282,11330800
2024-06-17,134.9333,137.4997,134.3986,137.3733,11232800
2024-06-18,137.2859,141.0189,137.2859,140.6106,11629400
2024-06-20,141.2717,141.2717,137.9955,138.9288,8940000
2024-06-21,139.7162,139.7162,136.5276,137.5581,14844100
2024-06-24,136.0999,137.5872,135.2444,135.9929,7793300
2024-06-25,135.1277,135.6624,133.7278,135.293,8205500
2024-06-26,135.6041,136.829,134.2333,134.3792,8036300
2024-06-27,135.3707,137.4803,134.943,136.2748,7518200
2024-06-28,135.5554,138.8413,135.3902,137.2664,25814800
2024-07-01,137.7427,140.0467,137.14,139.1037,6552400
2024-07-02,138.6566,140.2023,138.5788,139.2885,5920500
2024-07-03,139.7454,140.6203,139.5023,140.3578,3560800
2024-07-05,140.9119,141.7285,140.0078,140.7952,5365500
2024-07-08,140.7272,141.1841,139.4343,140.9897,8622600
2024-07-09,141.087,141.6411,134.1556,136.7609,14334200
2024-07-10,137.1886,138.4135,135.8471,138.1122,6350300
2024-07-11,138.7849,139.8767,138.1219,139.1748,5245100
2024-07-12,139.1261,141.4853,137.7125,141.1343,7361800
2024-07-15,142.0702,142.9086,138.3559,139.477,8687800
2024-07-16,139.477,139.8962,138.4826,139.0286,7181500
2024-07-17,136.952,138.2291,135.1972,135.7627,9157000
2024-07-18,135.8602,136.5426,133.7544,134.5636,5998700
2024-07-19,134.8755,136.913,134.6123,135.0802,6111900
2024-07-22,136.2306,137.147,135.6262,136.6498,5387200
2024-07-23,137.7514,139.6232,137.6637,139.516,6697400
2024-07-24,138.1414,139.0773,134.9243,135.285,8018800
2024-07-25,136.6303,137.5273,134.2419,134.3589,7654600
2024-07-26,135.3825,136.4451,134.9048,135.5189,5139400
2024-07-29,135.7724,136.2696,134.3589,134.8365,4054600
2024-07-30,135.5775,136.0649,131.5707,132.2628,6505700
2024-07-31,136.1819,137.9952,135.1778,135.9479,7188000
2024-08-01,135.7919,136.8643,132.3603,134.0566,5906800
2024-08-02,129.4357,130.9273,128.4901,129.9329,8251600
2024-08-05,124.6782,126.706,123.4791,124.649,10355000
2024-08-06,127.2617,127.7491,124.8635,124.9902,8373900
2024-08-07,125.6824,127.0277,122.592,122.7382,8617700
2024-08-08,124.7855,126.5598,124.4443,125.7214,6243200
2024-08-09,125.1754,129.0457,125.1169,128.7435,5597300
2024-08-12,128.9287,129.3772,127.9149,129.2505,5600800
2024-08-13,129.6307,131.1612,129.4747,130.8883,4324000
2024-08-14,130.6738,132.5553,130.6446,132.1946,4044600
2024-08-15,133.4912,133.8032,132.3116,133.4912,4698100
2024-08-16,133.3547,134.3589,132.9648,134.0177,4893800
2024-08-19,134.0761,134.4856,133.033,134.4563,3641600
2024-08-20,134.3589,136.2794,134.3589,135.6749,3738300
2024-08-21,135.3142,136.7766,135.0705,136.6791,3776800
2024-08-22,137.1665,137.537,134.1931,134.6123,5162200
2024-08-23,135.246,136.2794,133.8129,135.6944,4544600
2024-08-26,135.8894,135.8992,134.7196,135.4117,2729600
2024-08-27,134.3881,135.9966,134.2809,135.0023,3872200
2024-08-28,135.3435,135.4605,133.4717,134.4174,3022600
2024-08-29,135.6457,137.615,135.363,135.9187,4588400
2024-08-30,136.8058,138.1609,136.5816,137.7417,7980700
2024-09-03,136.9228,138.6288,135.3435,135.9967,6831200
2024-09-04,134.9633,137.5565,134.4856,137.2153,6243300
2024-09-05,137.849,139.6818,136.7863,139.0286,8733200
2024-09-06,140.1789,140.3251,135.8991,138.2486,11154800
2024-09-09,138.9116,139.7013,136.0064,136.3769,20233400
2024-09-10,150.3567,156.4888,149.2746,151.975,37374200
2024-09-11,152.8427,155.4359,150.9514,153.2327,12630100
2024-09-12,155.0459,158.263,153.9345,157.3272,16161300
2024-09-13,169.3378,169.5717,156.9567,157.9608,25727800
2024-09-16,160.8465,169.6205,160.3786,166.0524,27384400
2024-09-17,166.0037,166.3546,162.5818,163.2643,12580100
2024-09-18,163.4105,163.4105,159.6182,160.3981,12274400
2024-09-19,163.0498,163.9369,160.3786,163.3812,10075900
2024-09-20,162.9328,164.5901,162.4161,163.7809,12187700
2024-09-23,163.0303,163.1278,160.1348,161.7824,7916100
2024-09-24,161.5777,161.9287,159.8034,161.6362,6155100
2024-09-25,163.4787,164.5121,161.4997,162.1041,7142400
2024-09-26,163.4397,164.1319,162.2991,163.8784,7096800
2024-09-27,163.8687,164.8631,162.3283,164.5023,8974400
2024-09-30,165.2433,166.2377,162.2699,166.1207,10210300
2024-10-01,165.9452,166.2279,161.8019,162.962,7595100
2024-10-02,163.391,164.9313,163.0693,163.4982,7073000
2024-10-03,162.6988,163.6445,162.0651,162.6696,4735700
2024-10-04,164.4731,166.6081,163.9466,166.5691,6386900
2024-10-07,166.1402,168.0022,165.292,165.7015,6791000
2024-10-08,166.3156,170.2542,166.1596,169.9909,7845400
2024-10-09,170.1762,174.1245,169.445,173.8125,8120900
2024-10-10,173.578,174.2131,170.1875,171.3893,7115900
2024-10-11,171.4773,172.9429,170.4025,171.7411,5869400
2024-10-14,172.5032,173.1578,171.4773,172.0831,4688700
2024-10-15,172.8843,174.1349,169.7674,170.0996,5848600
2024-10-16,169.5231,170.9008,167.7058,170.764,6383000
2024-10-17,173.4314,173.6757,171.1255,171.6532,5474000
2024-10-18,172.7475,172.9136,170.5784,170.6859,5001300
2024-10-21,170.4514,171.1353,169.1909,169.7772,4198400
2024-10-22,171.4284,171.8193,170.2853,171.2916,5510100
2024-10-23,170.5002,172.0342,169.0443,169.1323,4830400
2024-10-24,169.3472,170.9399,168.9466,170.3829,3488000
2024-10-25,170.7738,172.2492,169.1323,169.5427,3674700
2024-10-28,170.0605,170.1778,168.1943,168.4679,4330000
2024-10-29,168.3409,170.0312,168.3409,169.4547,4122900
2024-10-30,169.9921,172.1222,168.8294,170.5589,5822500
2024-10-31,166.6114,166.9632,163.5629,163.9929,9477500
2024-11-01,166.2499,168.3213,165.224,166.1229,5680600
2024-11-04,166.4062,166.5723,164.8625,165.7027,4804400
2024-11-05,166.5626,167.9501,166.416,167.8426,5456800
2024-11-06,174.4281,177.926,173.3533,177.0857,11085000
2024-11-07,176.9294,182.3912,176.4017,182.0981,7759400
2024-11-08,181.9907,185.8013,181.9907,184.9121,8520400
2024-11-11,186.6708,187.1105,183.5344,184.7949,5973600
2024-11-12,184.2184,186.2409,182.9091,185.2346,6629900
2024-11-13,184.6678,187.3743,184.4626,185.2834,5695400
2024-11-14,184.3356,185.2443,182.4303,182.7625,7804300
2024-11-15,180.2905,181.5412,178.1507,179.5284,8986300
2024-11-18,180.0756,181.9125,178.6881,181.4728,6289400
2024-11-19,180.6521,184.9805,180.0951,184.5701,8117000
2024-11-20,186.5243,186.5927,183.5149,186.3777,4860200
2024-11-21,187.5405,191.5465,187.2473,188.0192,11394300
2024-11-22,188.5761,189.7486,186.6806,187.8824,6879400
2024-11-25,190.0418,190.286,183.681,183.681,15138500
2024-11-26,184.0035,187.9899,184.0035,186.0065,6427200
2024-11-27,184.6288,184.6288,178.0433,178.5123,8368800
2024-11-29,179.7922,181.6682,179.7824,180.6032,4628000
2024-12-02,181.0429,181.0429,176.8512,177.2518,8859700
2024-12-03,177.0271,178.8444,175.0045,178.6979,8917100
2024-12-04,183.6908,185.4397,181.6389,183.8764,8906300
2024-12-05,184.6874,184.6874,181.5901,181.9711,6398100
2024-12-06,182.7137,188.2146,182.1079,187.2962,10503400
2024-12-09,191.8005,193.7645,184.5995,186.0846,20158000
2024-12-10,169.484,173.7246,167.139,173.6659,26502000
2024-12-11,173.92,177.2225,170.8227,174.4867,13188700
2024-12-12,173.92,174.0861,170.8031,171.3014,8154200
2024-12-13,170.9887,172.1026,167.7058,169.4156,8351100
2024-12-16,169.8554,170.2755,167.012,167.3052,9572000
2024-12-17,166.8361,169.0248,165.3901,165.82,8940200
2024-12-18,165.5269,167.3052,161.5697,161.6186,8817900
2024-12-19,163.7095,167.0804,163.5629,164.9211,8386400
2024-12-20,163.8854,167.3345,161.8335,165.7712,13810500
2024-12-23,165.7027,165.7321,163.3382,165.2631,6518200
2024-12-24,165.8102,167.8328,165.1556,167.481,2451500
2024-12-26,166.5919,168.5949,166.5919,167.7448,4100100
2024-12-27,166.4746,167.227,163.3675,165.0872,4344300
2024-12-30,162.6933,164.0613,160.7783,163.0842,5254800
2024-12-31,163.3676,163.4653,162.0387,162.8204,4307500
2025-01-02,164.6573,164.8234,161.1202,162.2243,5360800
2025-01-03,162.879,163.3675,161.4818,162.5077,5876000
2025-01-06,163.475,164.198,161.4036,161.8921,6845400
2025-01-07,161.7847,162.3514,157.6223,158.316,7712200
2025-01-08,158.4626,160.2213,157.7298,159.4006,7596200
2025-01-10,155.9332,155.9332,150.7616,151.3297,13593900
2025-01-13,150.5853,150.9869,149.2924,150.7616,8828500
2025-01-14,153.2103,154.0233,151.1828,153.1025,7410200
2025-01-15,155.4141,155.8843,154.033,155.0615,10701200
2025-01-16,156.8637,158.186,155.1594,156.2662,9210600
2025-01-17,158.4505,159.812,157.2457,157.7257,11618300
2025-01-21,160.5074,169.8125,159.4104,169.0289,30232000
2025-01-22,187.5802,188.0504,176.8647,180.4398,48028500
2025-01-23,177.9128,182.7416,177.7756,182.6437,17314600
2025-01-24,184.7691,185.2197,178.138,179.8326,12147200
2025-01-27,165.4342,168.9799,149.5274,155.0321,42201600
2025-01-28,159.6455,162.4272,153.5335,160.6347,20319300
2025-01-29,160.6641,160.6641,156.7266,158.6954,9866600
2025-01-30,161.3988,167.9711,160.7327,166.8839,14981700
2025-01-31,166.9132,169.4501,165.6595,166.5704,8704600
2025-02-03,159.8512,166.4137,159.8512,165.1404,8250600
2025-02-04,166.9034,166.9034,162.9365,164.4449,6777000
2025-02-05,165.5223,168.3628,165.062,168.1376,7866700
2025-02-06,169.4501,172.0457,168.0494,168.8134,7036900
2025-02-07,171.409,173.75,169.6264,170.8801,9991300
2025-02-10,172.3885,176.2966,171.3307,175.2486,7625900
2025-02-11,173.9753,175.4445,172.8293,173.5541,6528800
2025-02-12,171.3013,171.3013,167.2071,168.6861,7454800
2025-02-13,169.4501,170.8017,168.5685,170.2924,6421700
2025-02-14,170.6744,171.4384,169.264,170.5863,7260900
2025-02-18,173.1231,178.5005,172.4767,176.1105,11430500
2025-02-19,174.9156,177.9519,172.0947,177.7952,8688500
2025-02-20,176.1203,176.5709,170.8507,172.3885,8737000
2025-02-21,172.506,173.2505,164.1119,164.3666,9713900
2025-02-24,170.0084,170.596,161.2812,166.4724,10639100
2025-02-25,165.8162,167.0993,161.0657,165.0816,8316100
2025-02-26,167.4715,170.3022,165.6595,168.9309,6915100
2025-02-27,169.4501,171.2719,161.2028,161.3791,7436800
2025-02-28,159.763,162.7406,157.5102,162.6525,12843300
2025-03-03,163.5242,163.6907,157.8236,158.6954,8081800
2025-03-04,155.9528,156.4817,150.3698,154.2387,13171900
2025-03-05,154.8166,159.1558,153.8274,158.2448,7141000
2025-03-06,153.9351,153.9351,146.6576,147.8427,12321200
2025-03-07,147.5293,153.2691,145.4528,151.9762,12646500
2025-03-10,147.4411,149.3903,143.7877,145.7368,21486100
2025-03-11,140.4771,142.7886,134.8744,141.2215,27200200
2025-03-12,143.2294,149.1062,142.0344,147.7937,15373900
2025-03-13,146.7163,147.0885,142.4948,144.6301,14187700
2025-03-14,145.8642,147.784,144.8456,146.207,9330000
2025-03-17,147.3138,152.554,147.3138,150.8497,9885000
2025-03-18,149.2434,149.2924,145.5801,146.3833,9402500
2025-03-19,146.9808,150.9085,146.922,149.3217,6909500
2025-03-20,148.4696,151.3199,147.7252,149.5862,7051600
2025-03-21,148.5381,150.6832,147.0298,149.1062,17620200
2025-03-24,153.1319,153.3866,150.8693,151.6921,7848300
2025-03-25,151.3395,152.4071,149.9094,150.7714,8521200
2025-03-26,149.7527,149.8898,143.5526,144.7672,13210000
2025-03-27,142.8572,144.0228,141.9463,142.7886,9148300
2025-03-28,140.8296,142.6613,136.2555,137.9793,13144500
2025-03-31,135.7951,137.7051,133.9537,136.9411,15509900
2025-04-01,136.8921,140.3105,135.9126,139.0274,9518500
2025-04-02,136.9901,144.8553,136.9901,142.867,11594400
2025-04-03,136.3926,138.4985,133.8362,134.414,14433800
2025-04-04,130.1827,131.074,124.345,125.6379,14986900
2025-04-07,116.421,131.3581,116.421,124.5507,19482700
2025-04-08,129.8203,130.2611,119.2027,121.9453,11950300
2025-04-09,120.8678,137.7051,120.8678,136.8236,17762000
2025-04-10,134.3268,134.3268,127.0624,131.0829,12401600
2025-04-11,129.8639,130.7388,126.6495,130.0999,10190200
2025-04-14,134.4742,134.4742,130.611,132.3509,8217700
2025-04-15,132.4689,134.1597,131.4466,131.6629,8630000
2025-04-16,130.0311,130.2866,125.6764,127.5539,8295200
2025-04-17,128.6745,129.0677,126.2564,126.4333,8925500
2025-04-21,124.7327,125.0374,119.1788,120.7319,12201200
2025-04-22,122.3833,125.814,121.2922,125.0767,11233700
2025-04-23,132.6164,133.56,128.763,129.166,9528900
2025-04-24,130.2571,135.5162,129.7558,135.1721,7305900
2025-04-25,135.1525,136.6368,134.4349,136.1355,5476400
2025-04-28,137.2758,138.2784,135.7325,137.7574,6985100
2025-04-29,137.433,138.7601,137.1775,138.3964,4851500
2025-04-30,136.1257,138.8977,133.2651,138.3276,9443500
2025-05-01,144.0683,146.1129,142.869,143.0165,11525800
2025-05-02,145.8082,150.4578,145.8082,148.1674,11346000
2025-05-05,146.8993,148.2559,145.995,146.7519,5187400
2025-05-06,144.4811,146.4078,143.2426,145.1889,5108600
2025-05-07,144.9923,147.3515,144.7367,146.8305,6049600
2025-05-08,146.516,149.229,146.0834,147.7447,6113600
2025-05-09,147.4891,149.2192,147.2434,147.784,4707100
2025-05-12,153.6525,154.7535,151.7947,154.5471,7875500
2025-05-13,155.53,160.445,154.8911,159.5112,11955200
2025-05-14,159.5997,160.6318,158.3218,160.1796,7499400
2025-05-15,158.6167,158.9902,156.2083,156.69,10169200
2025-05-16,157.2798,158.1055,155.8249,157.7614,8515500
2025-05-19,155.6087,159.2163,155.1467,156.9259,10268900
2025-05-20,155.9331,157.6337,154.8518,157.5845,7576400
2025-05-21,155.6579,158.1645,153.8,154.5077,6011000
2025-05-22,154.3111,156.4836,154.1539,154.6355,7603300
2025-05-23,152.355,154.7043,151.6374,153.3183,6527500
2025-05-27,156.6114,159.639,156.2181,159.1573,6976800
2025-05-28,159.118,161.5263,158.538,161.0643,8090700
2025-05-29,162.1948,162.5094,158.7445,160.1305,6994700
2025-05-30,160.6515,162.932,158.8034,162.7158,17547900
2025-06-02,161.3789,164.1608,159.8356,163.7381,7166000
2025-06-03,163.9642,166.4512,163.7577,166.2644,7155300
2025-06-04,166.8247,167.5816,164.7211,165.2421,6375800
2025-06-05,166.1268,169.3313,165.8908,168.2304,7707800
2025-06-06,171.0418,171.8183,169.7246,171.0614,6833700
2025-06-09,171.8871,175.6815,170.8353,174.1382,9668900
2025-06-10,174.6887,174.8263,171.317,174.4626,11056700
2025-06-11,174.5314,176.4974,173.2044,173.3813,18002900
2025-06-12,186.7304,199.0474,185.6688,196.4621,54610000
2025-06-13,198.1529,212.9175,197.7793,211.561,53707400
2025-06-16,209.5753,211.5118,206.4101,207.511,22665300
2025-06-17,207.0785,212.2098,203.9526,204.6407,17819200
2025-06-18,207.5012,211.0695,206.007,207.2849,15055400
2025-06-20,209.7228,210.1651,201.1608,201.6818,20879100
2025-06-23,202.016,203.7461,199.0965,203.52,13418400
2025-06-24,206.4199,212.6914,205.0044,211.6101,19030600
2025-06-25,211.2857,213.2419,206.6558,207.1375,11804600
2025-06-26,208.3957,210.7746,206.7836,209.2018,10531100
2025-06-27,210.057,211.0006,206.3904,206.6656,14127500
2025-06-30,222.6492,224.3399,214.6672,214.913,31844200
2025-07-01,215.5716,219.3758,212.6324,215.2374,16962200
2025-07-02,213.9792,227.9574,213.0355,226.07,22326900
2025-07-03,229.255,233.9439,227.2693,233.2853,18441400
2025-07-07,231.1128,231.2504,225.5982,228.3113,16584300
2025-07-08,233.0985,237.3352,229.2255,230.5132,20401800
2025-07-09,231.506,232.489,228.0557,231.8009,10871600
2025-07-10,236.3619,236.4801,230.0179,231.4955,11486300
2025-07-11,227.9197,230.5105,226.4421,227.1218,10208200
2025-07-14,226.0283,227.2006,221.7629,225.8608,11337000
2025-07-15,228.9442,232.0866,225.782,231.4562,10728800
2025-07-16,231.9881,237.7311,229.7125,237.7016,12597500
2025-07-17,239.7112,247.848,238.401,245.0405,17631300
2025-07-18,244.7942,245.9566,241.3464,241.7897,9678100
2025-07-21,241.6518,243.1196,239.6127,239.9082,7348400
2025-07-22,238.3714,238.6768,231.8994,234.5592,11380900
2025-07-23,236.3717,239.79,235.101,238.2926,7255800
2025-07-24,238.795,240.4401,236.9726,239.2088,8237900
2025-07-25,238.7261,241.8094,237.8296,241.4646,7149600
2025-07-28,242.3315,244.085,239.79,244.016,6756800
2025-07-29,244.9912,249.2961,242.9127,246.2521,8415300
2025-07-30,244.9321,247.3062,241.9375,246.8629,8441400
2025-07-31,251.9558,256.9798,249.5424,249.9856,15548700
2025-08-01,244.1342,244.7056,238.3912,240.7751,12718200
2025-08-04,242.233,249.1385,242.233,248.7641,8614800
2025-08-05,251.6012,254.6352,247.6214,251.8573,11197300
2025-08-06,253.0098,253.0098,247.9662,252.6059,9930200
2025-08-07,253.8669,253.9161,242.8437,245.6709,11954200
2025-08-08,246.3014,247.1486,244.1638,246.3211,8313300
2025-08-11,244.6957,250.8919,241.8981,248.9119,9012100
2025-08-12,248.8134,254.0245,247.3358,250.0743,9998400
2025-08-13,253.3349,253.8275,239.0216,240.5386,14182100
2025-08-14,241.2971,245.2079,238.9526,241.307,10285600
2025-08-15,243.2378,246.8925,239.3073,244.5775,11554000
2025-08-18,242.5285,245.4444,239.987,245.3557,6759900
2025-08-19,245.533,245.533,228.7668,231.1212,16819300
2025-08-20,228.7176,232.3624,224.8462,231.5546,11256400
2025-08-21,229.5746,232.4018,228.9639,229.683,7403100
2025-08-22,230.5696,234.9433,228.0083,232.8451,9343600
2025-08-25,233.8105,235.4654,231.7615,231.8994,6308600
2025-08-26,231.4955,233.3771,229.2397,230.7173,11805200
2025-08-27,231.4955,233.0027,229.2101,232.2935,5637600
2025-08-28,232.0275,238.3419,231.6137,236.7362,8691500
2025-08-29,234.0666,234.6675,219.7829,222.7578,16618600
2025-09-02,218.6894,222.0879,215.5273,221.9402,10461900
2025-09-03,222.5312,222.5312,218.4431,220.1178,8900800
2025-09-04,218.6894,220.236,216.2858,219.6745,10303100
2025-09-05,229.0821,231.1212,222.5214,229.3284,15386100
2025-09-08,236.3126,238.8049,231.8009,234.9236,18803000
2025-09-09,236.3619,239.8589,231.0621,237.9085,41178700
2025-09-10,314.4301,340.5644,307.4359,323.4337,131618100
2025-09-11,325.4138,326.0639,300.0576,303.269,69986000
2025-09-12,301.2299,303.3774,287.3992,287.8228,51781900
2025-09-15,301.8801,302.4514,292.8567,297.6343,40004000
2025-09-16,309.3766,315.1984,297.7624,302.0771,51923300
2025-09-17,303.1015,304.0571,290.6303,296.9152,27707900
2025-09-18,298.5209,299.2893,287.6455,292.1966,24673100
2025-09-19,294.5411,306.4705,292.8862,304.0571,40776200
2025-09-22,305.0126,324.5863,302.343,323.2564,44437500
2025-09-23,319.1683,320.1534,305.4263,309.15,35280200
2025-09-24,307.2093,307.8103,295.5558,303.86,33765300
2025-09-25,290.8668,294.2949,284.247,286.9855,39274900
2025-09-26,288.6306,289.6157,278.7797,279.2329,25990700
2025-09-29,280.3559,281.7153,275.4403,278.5434,25778500
2025-09-30,279.4595,279.7648,271.7856,277.046,23880800
2025-10-01,274.6423,285.6654,273.736,284.7001,23378300
2025-10-02,287.4485,290.5712,281.7842,284.4735,16215500
2025-10-03,285.2813,290.2462,279.7648,281.8729,13688400
2025-10-06,288.0199,292.2557,286.4634,287.2416,14076800
2025-10-07,288.8473,288.8473,266.9587,280.0013,31723400
2025-10-08,281.1637,287.1825,279.3708,284.3258,18982100
2025-10-09,287.7006,296.9962,283.4673,293.0392,26479800
2025-10-10,296.3154,303.6571,288.1546,289.092,28895300
2025-10-13,294.7563,306.5978,293.8089,303.9433,21703700
2025-10-14,299.5619,300.4007,288.125,295.0523,17346200
2025-10-15,300.8744,306.9037,294.9733,299.6113,13698900
2025-10-16,301.5652,318.2815,299.0686,308.8675,32500900
2025-10-17,299.7396,300.2626,283.7041,287.4638,37653000
2025-10-20,285.135,285.4211,271.675,273.5204,32810700
2025-10-21,274.4381,276.5991,268.6653,271.5172,18370800
2025-10-22,271.1915,273.5401,265.695,269.06,16474000
2025-10-23,269.3561,279.3622,268.7937,276.3723,16872200
2025-10-24,282.145,283.3982,278.5234,279.5891,13194900
2025-10-27,282.7864,283.2107,276.1157,277.6847,13855800
2025-10-28,279.2635,281.691,276.836,277.1222,12448500
2025-10-29,277.7438,277.9017,267.7673,271.6652,18007100
2025-10-30,265.1918,266.1983,252.8963,253.4983,27954200
2025-10-31,256.0837,262.3005,253.3206,259.1427,16898700
2025-11-03,261.738,262.113,251.8602,254.4456,15709200
2025-11-04,246.6795,251.9095,241.9527,244.8934,19772600
2025-11-05,244.6368,249.0675,243.7684,247.0051,11991500
2025-11-06,244.6664,245.7815,236.1306,240.5811,18678300
2025-11-07,235.8445,237.226,229.2823,236.101,20969300
2025-11-10,242.7027,243.9757,233.9399,237.6503,16698700
2025-11-11,233.111,234.3149,225.8679,233.0321,20686600
2025-11-12,233.6143,233.6834,223.1838,223.993,24195000
2025-11-13,222.0194,222.1872,212.3784,214.6974,30009000
2025-11-14,208.0464,224.0522,207.9872,219.9077,36053800
2025-11-17,215.329,219.8584,212.714,216.9572,16143800
2025-11-18,213.3554,220.7465,211.6679,217.5788,21098300
2025-11-19,216.1677,225.1377,214.4408,222.5523,21679500
2025-11-20,228.108,230.9105,207.5234,207.9082,27459600
2025-11-21,204.3459,205.5597,190.9945,196.1357,44834100
2025-11-24,194.2608,201.1289,191.7346,197.6357,31144700
2025-11-25,191.5175,196.7772,183.1791,194.4286,29595000
2025-11-26,206.734,207.2274,199.5698,202.2539,26544100
2025-11-28,196.8758,199.6685,195.0009,199.2836,13848500
2025-12-01,197.8528,200.8132,194.1029,198.287,13461200
2025-12-02,202.4315,206.9313,197.3594,198.4449,19664500
2025-12-03,197.685,205.1748,196.7673,204.9873,19060500
2025-12-04,205.1156,212.5659,203.5959,211.5002,23316900
2025-12-05,216.1085,216.6019,210.7996,214.7073,24208700
2025-12-08,218.4275,221.7826,214.0461,217.6282,24711200
2025-12-09,217.1249,219.6807,215.398,218.6051,17643600
2025-12-10,218.8716,222.3451,214.7073,220.0656,47928000
2025-12-11,188.1032,199.3231,183.7712,196.2246,100612700
2025-12-12,193.7773,195.2378,183.5245,187.4618,55201600
2025-12-15,185.804,186.475,179.0049,182.4785,43897500
2025-12-16,182.2614,187.2941,182.0542,186.1592,32433500
2025-12-17,180.8897,184.0376,174.7321,176.1038,50222000
2025-12-18,180.3075,182.3206,176.2222,177.653,36297300
2025-12-19,185.9027,192.5438,185.6362,189.4354,77008600
2025-12-22,194.2214,196.1752,190.284,195.7608,27148000
2025-12-23,193.8365,194.5964,189.6525,192.7609,18301600
2025-12-24,192.4254,195.6621,191.853,194.8825,9282700
2025-12-26,195.445,197.7245,193.5207,195.3759,11262000
2025-12-29,191.5965,195.889,190.0966,192.8004,14748100
2025-12-30,193.4714,195.7608,193.126,194.6062,14197400
2025-12-31,193.8267,194.5964,192.159,192.3366,10341500
2026-01-02,194.8628,195.968,191.6458,193.126,14540700
2026-01-05,195.7213,199.0271,189.7906,190.0472,22635500
2026-01-06,190.0176,192.307,188.1822,191.1919,16474500
2026-01-07,192.7214,193.0866,189.465,190.2939,11171200
2026-01-08,188.3598,188.4289,183.6922,187.146,19468500
2026-01-09,189.6294,198.0592,186.7799,196.4168,26152700
2026-01-12,195.5065,204.4112,194.9228,202.5115,25428500
2026-01-13,202.8281,205.5985,198.5341,200.1468,15857400
2026-01-14,199.5433,199.5433,188.7885,191.5588,22473200
2026-01-15,192.944,192.944,187.3835,187.8386,16418600
2026-01-16,187.898,189.8372,184.5538,189.0655,19224700
2026-01-20,185.2068,185.2068,177.4598,178.0138,29129500
2026-01-21,177.7764,178.6866,168.7926,172.0378,38190000
2026-01-22,177.4696,178.2513,174.63,176.2922,21141900
2026-01-23,170.7911,177.7467,170.1777,175.2831,23011300
2026-01-26,177.2025,183.3467,176.6385,180.5071,21100400
2026-01-27,177.2916,177.8159,171.8399,173.047,27093700
2026-01-28,173.0668,179.7552,170.0392,170.9693,35882700
2026-01-29,168.3473,168.4265,159.8088,167.2194,37254500
2026-01-30,166.3883,167.1106,161.5105,162.8363,27362400
2026-02-02,169.1092,169.3862,158.3049,158.3642,47421000
2026-02-03,156.5833,157.6914,150.2907,153.0313,43260100
2026-02-04,152.2596,152.3091,142.8998,145.1161,42323400
2026-02-05,144.0574,144.9974,133.8171,135.034,42789000
2026-02-06,138.2694,141.6828,137.4383,141.3069,29962400
2026-02-09,146.9168,158.0575,145.4426,154.931,49936500
2026-02-10,158.3049,163.6378,155.2971,158.196,40092200
2026-02-11,161.9261,161.9261,152.3684,155.495,24538900
2026-02-12,156.2568,157.355,150.8843,154.8222,23285400
2026-02-13,157.5628,160.5805,153.6448,158.4434,18597000
2026-02-17,156.3063,157.5925,151.2603,152.3387,19610800
2026-02-18,152.7741,155.6335,149.7663,154.5154,14801100
2026-02-19,155.5246,158.384,154.1197,154.8815,14976300
2026-02-20,151.6759,152.3585,145.8285,146.5112,29621900
2026-02-23,144.1465,144.2553,137.1217,139.8129,31749800
2026-02-24,139.3478,145.2051,137.2602,144.5917,21336600
2026-02-25,147.5797,151.6561,145.779,146.3232,27303900
2026-02-26,147.2136,150.8843,143.6122,148.7175,20652200
2026-02-27,142.3557,144.5323,140.5945,143.8595,36425200
2026-03-02,140.1196,148.579,139.6842,147.6687,22418800
2026-03-03,143.2164,149.3309,141.5344,147.4313,20120800
2026-03-04,148.4207,151.9826,147.5203,150.7557,17585400
2026-03-05,150.9734,156.2667,148.5295,153.15,24094800
2026-03-06,151.2999,157.5034,150.0136,151.3394,38000600
2026-03-09,149.1034,150.3896,144.8786,149.9543,31173500
2026-03-10,151.9924,152.5069,146.8772,147.8172,51544600
2026-03-11,164.6173,169.9403,158.8787,161.3918,83247500
2026-03-12,162.9155,166.0519,156.9296,157.4738,37133700
2026-03-13,157.3649,159.0667,152.5168,153.4667,26350400
2026-03-16,154.4066,157.0582,152.873,154.3176,21607700
2026-03-17,153.7932,157.2363,151.8737,153.0511,23929500
2026-03-18,151.7748,153.3282,150.4292,151.2801,18051100
2026-03-19,148.8659,155.2575,147.3126,153.8723,22046100
2026-03-20,151.4285,151.6264,146.3825,148.0942,37551400
2026-03-23,149.8158,154.1296,149.1133,152.7048,19927900
2026-03-24,151.379,152.2695,145.2942,145.5316,26122100
2026-03-25,147.649,148.2525,143.068,144.473,20683800
2026-03-26,142.3655,144.9182,141.0298,141.297,16961900
2026-03-27,139.4369,140.1889,136.8348,138.1804,17929600
2026-03-30,138.5563,139.7041,135.4991,137.3295,20125700
2026-03-31,138.8136,145.8384,138.3684,145.5514,24492000
2026-04-01,147.5104,148.0645,143.1373,143.6913,20495900
2026-04-02,141.2673,144.8885,138.8136,144.8292,14381900
2026-04-06,145.8779,146.9762,142.326,143.998,12556700
2026-04-07,142.2567,143.0384,138.4574,141.6532,17250400
2026-04-08,148.7076,149.8554,141.386,142.138,23527000
2026-04-09,141.1848,141.7806,135.0291,136.8758,30407800
2026-04-10,136.3397,139.1693,133.6093,137.1042,26171800
2026-04-13,138.7722,154.797,138.7225,154.509,49997700
2026-04-14,166.7311,168.1907,160.4066,161.8363,59779800
2026-04-15,165.6986,171.3281,165.0234,168.5977,43010800
2026-04-16,175.1605,178.983,172.5592,177.0668,46997300
2026-04-17,181.6241,183.1829,172.1224,173.8102,45282600
2026-04-20,175.5477,176.491,172.2713,176.3123,22330900
2026-04-21,177.0768,184.0169,174.7535,179.8766,39638000
2026-04-22,184.8509,187.8294,181.495,186.1614,32448800
2026-04-23,179.1121,180.5915,172.8373,175.0215,37084200
2026-04-24,179.2213,179.4199,167.5949,172.043,33215000
2026-04-27,171.348,172.311,166.7014,171.7253,21616600
2026-04-28,161.0023,167.4957,160.8931,164.7752,33716500
2026-04-29,162.8689,163.5838,159.5031,162.6604,20587500
2026-04-30,160.8633,164.0008,159.1854,160.2378,21016400
2026-05-01,165.2319,173.0557,164.9638,170.6033,26318000
2026-05-04,174.7634,182.19,173.0159,179.0029,33504500
2026-05-05,180.8298,185.1884,177.7221,184.0268,23497200
2026-05-06,184.8707,192.9029,181.3659,192.6448,27685500
2026-05-07,197.1921,198.7211,189.4379,193.2008,31803200
2026-05-08,191.2052,196.5865,188.8521,194.5511,21158300
2026-05-11,190.7782,194.283,189.2393,192.4562,16890600
2026-05-12,191.5427,191.5427,179.5788,185.4962,22123400
2026-05-13,187.6805,190.2024,183.7388,188.4053,15789300
2026-05-14,186.8366,199.2771,184.1261,194.2135,22545000
2026-05-15,189.1301,195.0277,187.5514,191.5725,15747100
2026-05-18,188.6436,189.3982,181.9616,185.2778,19114300
2026-05-19,184.6721,187.3727,179.6383,180.1646,16717700
2026-05-20,178.6554,186.8763,177.5235,186.8167,16517200
2026-05-21,187.6607,191.4435,185.8636,188.4152,12119700
2026-05-22,190.3017,195.5936,189.7357,190.7087,10875800
2026-05-26,191.92,193.8065,189.1996,191.6817,12856100
2026-05-27,190.113,190.7683,186.5784,189.5967,12126000
2026-05-28,192.6547,203.5365,191.9995,202.2458,25339900
2026-05-29,207.5079,224.6745,206.525,224.1682,41082200
2026-06-01,228.8545,248.4635,222.9966,246.3784,48390000
2026-06-02,241.0666,247.2224,237.1349,242.8339,30294800
2026-06-03,238.7632,238.793,225.9851,228.6857,23644700
2026-06-04,225.3795,237.2441,222.4009,234.6528,19993800
2026-06-05,227.8517,229.7877,207.9547,212.1545,29019900
2026-06-08,216.1955,217.4961,207.8356,210.3078,17227200
2026-06-09,212.3829,218.9258,196.378,204.3407,26040700
2026-06-10,197.0829,210.9631,196.7652,199.8232,46108300
2026-06-11,178.3873,183.4509,174.0287,182.7857,63678500
2026-06-12,183.6892,184.2552,177.7221,182.8155,29562300
2026-06-15,186.0522,193.9256,184.8807,191.2647,20279900
2026-06-16,188.6535,193.9256,186.3203,186.9855,16985500
2026-06-17,184.831,188.8322,181.2766,182.2198,16616600
2026-06-18,181.7035,186.6479,176.4314,182.9743,31386100
2026-06-22,181.0085,183.2623,173.1549,173.8202,22935400
2026-06-23,169.0147,173.0855,163.4348,163.9809,33327900
2026-06-24,161.3201,164.5667,154.241,156.4054,38305000
2026-06-25,156.2267,156.4947,149.2866,151.3716,36844400
2026-06-26,149.1873,152.4439,146.9434,147.4696,36532100
2026-06-29,152.841,153.397,144.1634,146.7051,34310300
2026-06-30,146.1988,148.8596,143.4486,145.5038,35926900
2026-07-01,143.4585,146.4966,141.4827,141.4827,45964000
2026-07-02,142.277,146.0101,137.8389,139.2686,44166700
2026-07-06,143.2698,144.5804,140.1523,142.7337,36683000
2026-07-07,142.694,144.5208,136.568,140.5891,47200000
2026-07-08,138.0672,140.8274,136.568,139.487,34607300
2026-07-09,140.4104,148.0058,139.9338,143.1904,35221900
2026-07-10,145.1133,145.1432,138.7468,140.1218,29843300
2026-07-13,138.5177,139.1354,130.866,131.0553,56690300
2026-07-14,131.5136,132.2708,127.1298,127.4686,52670400
2026-07-15,130.0789,133.4066,128.3652,132.0018,48520400
2026-07-16,130.9955,131.2944,123.2043,123.7523,54780900
2026-07-17,121.2515,127.9667,121.0523,125.9442,39917100
2026-07-20,123.8121,125.0276,119.5877,120.9327,36793200
2026-07-21,122.3575,126.9505,121.7597,126.5818,27748100
2026-07-22,125.715,128.3652,124.2405,125.3763,21096700
2026-07-23,123.5032,124.2405,118.9999,119.5977,30900600
2026-07-24,122.0187,122.6265,114.3272,114.5663,46405700
2026-07-27,117.5652,121.5405,116.3696,119.4582,36916600
2026-07-28,117.7445,121.8792,114.0781,119.518,32665400
2026-07-29,118.9799,121.4707,115.7718,117.3061,28081800
2026-07-30,122.4172,127.8671,121.132,127.09,41338400
2026-07-31,129.5907,131.9121,125.2368,129.3914,34438700
2026-08-03,131.4339,142.5428,129.7302,141.3273,49696900
2026-08-04,140.4904,148.1521,140.4904,145.203,43723500
2026-08-05,144.4657,145.8506,141.9749,143.8579,23524100
2026-08-06,138.7369,146.0399,138.2088,142.9413,23073300
2026-08-07,144.7845,146.6177,141.8155,146.4783,22874000
2026-08-10,147.7137,151.4299,146.0797,150.4934,24265000
2026-08-11,150.6428,151.4299,143.7085,144.9439,28761800
2026-08-12,152.2469,154.3192,147.345,152.7152,43559400
2026-08-13,151.42,158.6731,151.3502,155.6443,25740000
2026-08-14,155.2658,155.8137,148.2517,149.9654,21905500
2026-08-17,147.903,149.8458,144.9638,146.1096,20668000
2026-08-18,142.7221,145.462,141.8255,142.2638,19152300
2026-08-19,142.1742,145.5417,136.9236,143.2801,26552900
2026-08-20,143.7683,145.3823,140.5004,141.5465,15184400
2026-08-21,143.1904,147.8034,142.0745,145.9303,19635000
2026-08-24,144.5852,144.5852,140.7295,141.9251,14158600
2026-08-25,142.772,145.8008,141.9849,144.2266,13329400
2026-08-26,146.4583,151.0713,146.289,148.3214,18426100
2026-08-27,151.5495,153.2632,146.9764,151.3801,30251400
2026-08-28,153.034,153.4226,149.1583,150.2941,17800000
2026-08-31,148.7598,150.7026,147.2056,148.5705,16118900
2026-09-01,146.2092,146.2491,139.4343,140.7993,25443300
2026-09-02,139.7432,146.1495,139.2052,145.2129,21906700
2026-09-03,146.7273,156.1923,146.3786,153.4724,25101700
2026-09-04,158.8724,159.1115,156.1326,158.1949,26511300
2026-09-08,166.9824,170.071,160.5662,161.9211,37662800
2026-09-09,162.9374,164.5414,159.7691,161.0344,27464600
2026-09-10,157.7964,158.6532,151.958,152.3764,56824700
2026-09-11,163.8241,165.3883,149.2879,149.7262,80438600
2026-09-14,140.8989,144.7945,140.4904,144.2565,42159700
2026-09-15,142.9314,144.3461,139.5041,139.8328,31552700
2026-09-16,139.514,145.9801,138.4878,142.6325,34366400
2026-09-17,146.2092,151.4399,145.6115,150.0351,27742400
2026-09-18,149.9155,150.3439,143.8679,147.0661,39324900
2026-09-21,148.3812,149.4273,145.6214,148.0126,22418300
2026-09-22,150.6927,153.034,148.0524,148.6502,31260000
2026-09-23,147.7535,148.1122,143.6985,144.0273,22682300
2026-09-24,136.814,139.8229,132.9881,139.0258,56629400
2026-09-25,138.0594,140.3609,136.4155,136.5948,23671000
2026-09-28,132.2409,135.19,131.0951,132.1114,36060100
2026-09-29,132.3007,143.1406,132.0416,137.2823,45709700
2026-09-30,136.0369,137.9896,134.2535,136.7941,22321600
2026-10-01,139.0856,139.7332,134.8313,137.5612,25459100
2026-10-02,141.5664,144.3262,139.7432,141.7757,35409300
2026-10-05,142.0048,146.1196,141.8454,141.955,18069600
2026-10-06,143.3996,146.3985,143.3299,144.2365,20041600
2026-10-07,142.0147,144.1668,140.8491,143.031,15739400
2026-10-08,141.6661,142.2539,134.1638,135.19,42412600
2026-10-09,136.7,142.9,136.49,141.4,25493600
