Date,Open,High,Low,Close,Adj Close,Volume,Dividends,Stock Splits
2016-04-22 00:00:00-04:00,151.0500030517578,151.80999755859375,149.36000061035156,149.9199981689453,125.93548583984375,2233900,0.0,0.0
2016-04-25 00:00:00-04:00,149.97999572753906,151.67999267578125,149.47000122070312,151.50999450683594,127.27108764648438,1249000,0.0,0.0
2016-04-26 00:00:00-04:00,152.0800018310547,153.4499969482422,151.6699981689453,152.60000610351562,128.1867218017578,1552900,0.0,0.0
2016-04-27 00:00:00-04:00,152.24000549316406,152.50999450683594,150.60000610351562,151.77000427246094,127.86658477783203,1492800,0.45,0.0
2016-04-28 00:00:00-04:00,152.00999450683594,153.64999389648438,151.13999938964844,151.44000244140625,127.58853149414062,2198100,0.0,0.0
2016-04-29 00:00:00-04:00,150.00999450683594,150.97999572753906,147.4600067138672,148.1300048828125,124.79987335205078,3588800,0.0,0.0
2016-05-02 00:00:00-04:00,148.75999450683594,151.4199981689453,147.75,150.92999267578125,127.15888977050781,3361500,0.0,0.0
2016-05-03 00:00:00-04:00,150.0800018310547,152.52999877929688,149.60000610351562,151.41000366210938,127.56326293945312,2201300,0.0,0.0
2016-05-04 00:00:00-04:00,150.1199951171875,152.0,149.44000244140625,151.50999450683594,127.6474609375,2111600,0.0,0.0
2016-05-05 00:00:00-04:00,148.97999572753906,150.3800048828125,146.3699951171875,147.83999633789062,124.5555191040039,4869300,0.0,0.0
2016-05-06 00:00:00-04:00,147.05999755859375,147.5,144.74000549316406,146.44000244140625,123.37601470947266,3692200,0.0,0.0
2016-05-09 00:00:00-04:00,146.8300018310547,148.97000122070312,146.50999450683594,148.58999633789062,125.1874008178711,2843800,0.0,0.0
2016-05-10 00:00:00-04:00,149.3800048828125,149.97999572753906,148.75,149.55999755859375,126.00460815429688,1943900,0.0,0.0
2016-05-11 00:00:00-04:00,148.38999938964844,148.69000244140625,146.5800018310547,147.1199951171875,123.94893646240234,2812700,0.0,0.0
2016-05-12 00:00:00-04:00,147.32000732421875,147.77000427246094,146.32000732421875,146.72000122070312,123.61194610595703,2860400,0.0,0.0
2016-05-13 00:00:00-04:00,146.3300018310547,146.72000122070312,144.3000030517578,144.5,121.74158477783203,2993600,0.0,0.0
2016-05-16 00:00:00-04:00,144.5,146.5800018310547,143.39999389648438,145.7899932861328,122.82842254638672,2615000,0.0,0.0
2016-05-17 00:00:00-04:00,145.5,146.24000549316406,143.22000122070312,143.60000610351562,120.98332214355469,2928900,0.0,0.0
2016-05-18 00:00:00-04:00,140.17999267578125,141.66000366210938,138.57000732421875,141.2899932861328,119.03715515136719,5717000,0.0,0.0
2016-05-19 00:00:00-04:00,142.4499969482422,143.0800018310547,141.4199981689453,142.6999969482422,120.22506713867188,2830500,0.0,0.0
2016-05-20 00:00:00-04:00,142.72999572753906,143.5,142.02000427246094,142.69000244140625,120.21659851074219,2088400,0.0,0.0
2016-05-23 00:00:00-04:00,142.83999633789062,144.0,141.91000366210938,142.00999450683594,119.64372253417969,1828400,0.0,0.0
2016-05-24 00:00:00-04:00,142.57000732421875,143.47999572753906,142.3800048828125,142.57000732421875,120.11553955078125,2813100,0.0,0.0
2016-05-25 00:00:00-04:00,142.6199951171875,145.67999267578125,142.50999450683594,144.5399932861328,121.77523040771484,4156700,0.0,0.0
2016-05-26 00:00:00-04:00,149.00999450683594,153.8800048828125,147.6999969482422,149.7100067138672,126.13101196289062,7679400,0.0,0.0
2016-05-27 00:00:00-04:00,150.24000549316406,150.77000427246094,148.11000061035156,149.0800018310547,125.60029602050781,3349800,0.0,0.0
2016-05-31 00:00:00-04:00,149.57000732421875,149.8800048828125,147.6300048828125,148.77000427246094,125.33907318115234,3738900,0.0,0.0
2016-06-01 00:00:00-04:00,150.5,153.0,150.32000732421875,152.52000427246094,128.4984893798828,3487300,0.0,0.0
2016-06-02 00:00:00-04:00,150.0500030517578,151.50999450683594,148.5500030517578,151.50999450683594,127.6474609375,3957600,0.0,0.0
2016-06-03 00:00:00-04:00,150.3000030517578,151.77999877929688,150.27000427246094,151.7100067138672,127.8160400390625,1964200,0.0,0.0
2016-06-06 00:00:00-04:00,151.8300018310547,152.49000549316406,151.7100067138672,152.24000549316406,128.26248168945312,1961600,0.0,0.0
2016-06-07 00:00:00-04:00,152.0800018310547,153.85000610351562,151.89999389648438,152.6199951171875,128.5827178955078,2113000,0.0,0.0
2016-06-08 00:00:00-04:00,152.67999267578125,153.47000122070312,152.0500030517578,153.3699951171875,129.21456909179688,1528300,0.0,0.0
2016-06-09 00:00:00-04:00,153.0,154.13999938964844,152.9199981689453,154.0500030517578,129.78749084472656,1812100,0.0,0.0
2016-06-10 00:00:00-04:00,153.0,155.14999389648438,152.94000244140625,154.8699951171875,130.4783172607422,3266500,0.0,0.0
2016-06-13 00:00:00-04:00,154.75999450683594,155.9600067138672,154.57000732421875,154.9499969482422,130.54574584960938,2576600,0.0,0.0
2016-06-14 00:00:00-04:00,154.5500030517578,156.36000061035156,153.57000732421875,155.8699951171875,131.32081604003906,3274700,0.0,0.0
2016-06-15 00:00:00-04:00,155.6999969482422,156.77999877929688,154.66000366210938,154.86000061035156,130.4698944091797,2228500,0.0,0.0
2016-06-16 00:00:00-04:00,154.86000061035156,156.5,154.11000061035156,156.4199981689453,131.78421020507812,1937400,0.0,0.0
2016-06-17 00:00:00-04:00,157.02999877929688,157.25,155.75999450683594,155.88999938964844,131.33767700195312,2858200,0.0,0.0
2016-06-20 00:00:00-04:00,157.3800048828125,158.3800048828125,156.4499969482422,156.47999572753906,131.8347625732422,2090800,0.0,0.0
2016-06-21 00:00:00-04:00,157.07000732421875,157.89999389648438,156.66000366210938,157.1999969482422,132.44137573242188,1909700,0.0,0.0
2016-06-22 00:00:00-04:00,157.61000061035156,158.4199981689453,157.16000366210938,158.1199951171875,133.21644592285156,2094800,0.0,0.0
2016-06-23 00:00:00-04:00,158.60000610351562,158.7899932861328,156.33999633789062,157.02999877929688,132.29815673828125,2912400,0.0,0.0
2016-06-24 00:00:00-04:00,153.16000366210938,157.69000244140625,153.10000610351562,155.55999755859375,131.05963134765625,3996100,0.0,0.0
2016-06-27 00:00:00-04:00,154.24000549316406,154.92999267578125,152.5500030517578,154.25999450683594,129.96441650390625,2790800,0.0,0.0
2016-06-28 00:00:00-04:00,154.66000366210938,155.92999267578125,153.7100067138672,155.60000610351562,131.09332275390625,2156300,0.0,0.0
2016-06-29 00:00:00-04:00,156.44000244140625,157.27999877929688,155.88999938964844,157.0800018310547,132.3402862548828,1942500,0.0,0.0
2016-06-30 00:00:00-04:00,156.9600067138672,157.82000732421875,155.5,157.0399932861328,132.30654907226562,3091100,0.0,0.0
2016-07-01 00:00:00-04:00,157.19000244140625,157.19000244140625,155.39999389648438,156.11000061035156,131.5230255126953,2317200,0.0,0.0
2016-07-05 00:00:00-04:00,156.0800018310547,156.14999389648438,154.6999969482422,155.25,130.79849243164062,2807400,0.0,0.0
2016-07-06 00:00:00-04:00,155.1999969482422,156.5500030517578,154.6699981689453,156.00999450683594,131.43870544433594,2133200,0.0,0.0
2016-07-07 00:00:00-04:00,158.3300018310547,164.16000366210938,158.0,163.6999969482422,137.91763305664062,6497900,0.0,0.0
2016-07-08 00:00:00-04:00,164.83999633789062,166.10000610351562,164.49000549316406,165.44000244140625,139.3836212158203,3932000,0.0,0.0
2016-07-11 00:00:00-04:00,165.05999755859375,167.49000549316406,165.05999755859375,166.72000122070312,140.46197509765625,2634300,0.0,0.0
2016-07-12 00:00:00-04:00,166.49000549316406,166.9199981689453,165.82000732421875,166.27999877929688,140.09124755859375,1642100,0.0,0.0
2016-07-13 00:00:00-04:00,167.0,167.19000244140625,166.02000427246094,166.77999877929688,140.51254272460938,1479800,0.0,0.0
2016-07-14 00:00:00-04:00,167.14999389648438,168.0,166.27999877929688,166.94000244140625,140.64739990234375,2150100,0.0,0.0
2016-07-15 00:00:00-04:00,167.44000244140625,167.44000244140625,165.60000610351562,166.41000366210938,140.20077514648438,1962300,0.0,0.0
2016-07-18 00:00:00-04:00,166.55999755859375,167.86000061035156,165.9199981689453,167.50999450683594,141.12753295898438,1993800,0.0,0.0
2016-07-19 00:00:00-04:00,167.5,168.55999755859375,167.38999938964844,168.1199951171875,141.6414794921875,1487800,0.0,0.0
2016-07-20 00:00:00-04:00,168.25,168.25999450683594,166.9499969482422,168.0399932861328,141.57408142089844,1336900,0.0,0.0
2016-07-21 00:00:00-04:00,167.42999267578125,167.75,166.3000030517578,167.0500030517578,140.73997497558594,1384600,0.0,0.0
2016-07-22 00:00:00-04:00,167.67999267578125,167.6999969482422,166.9600067138672,167.47000122070312,141.0938720703125,1335100,0.0,0.0
2016-07-25 00:00:00-04:00,167.1699981689453,168.1999969482422,166.39999389648438,167.97000122070312,141.51510620117188,1732200,0.0,0.0
2016-07-26 00:00:00-04:00,167.60000610351562,168.82000732421875,166.6999969482422,167.57000732421875,141.17807006835938,1593900,0.0,0.0
2016-07-27 00:00:00-04:00,167.16000366210938,167.5,165.75,166.14999389648438,139.98170471191406,1440000,0.0,0.0
2016-07-28 00:00:00-04:00,166.25999450683594,166.86000061035156,165.8000030517578,166.35000610351562,140.1502227783203,1866500,0.0,0.0
2016-07-29 00:00:00-04:00,166.63999938964844,167.67999267578125,166.3800048828125,167.22000122070312,140.88316345214844,1359700,0.0,0.0
2016-08-01 00:00:00-04:00,167.14999389648438,168.0,166.89999389648438,167.55999755859375,141.169677734375,986800,0.0,0.0
2016-08-02 00:00:00-04:00,167.07000732421875,167.5399932861328,164.58999633789062,166.5,140.27664184570312,2107300,0.0,0.0
2016-08-03 00:00:00-04:00,165.9199981689453,166.3300018310547,165.10000610351562,166.1199951171875,139.95648193359375,1837100,0.0,0.0
2016-08-04 00:00:00-04:00,166.0399932861328,167.74000549316406,165.88999938964844,166.5500030517578,140.31874084472656,1638300,0.0,0.0
2016-08-05 00:00:00-04:00,166.86000061035156,168.3300018310547,166.0800018310547,167.6999969482422,141.28759765625,1526500,0.0,0.0
2016-08-08 00:00:00-04:00,167.25,167.5500030517578,166.47000122070312,167.39999389648438,141.0348663330078,1294400,0.0,0.0
2016-08-09 00:00:00-04:00,167.74000549316406,168.60000610351562,166.8800048828125,167.86000061035156,141.4224395751953,1286700,0.0,0.0
2016-08-10 00:00:00-04:00,167.44000244140625,168.5,167.0500030517578,168.2899932861328,142.16580200195312,1104300,0.45,0.0
2016-08-11 00:00:00-04:00,169.11000061035156,169.58999633789062,167.3300018310547,167.8800048828125,141.8194580078125,1497800,0.0,0.0
2016-08-12 00:00:00-04:00,167.16000366210938,169.41000366210938,167.16000366210938,169.0399932861328,142.7993621826172,1399100,0.0,0.0
2016-08-15 00:00:00-04:00,169.0399932861328,169.27000427246094,168.58999633789062,168.72999572753906,142.53750610351562,918600,0.0,0.0
2016-08-16 00:00:00-04:00,167.8800048828125,168.8000030517578,167.8800048828125,168.41000366210938,142.26715087890625,1023000,0.0,0.0
2016-08-17 00:00:00-04:00,167.4499969482422,168.36000061035156,166.9199981689453,167.9600067138672,141.8870086669922,1382500,0.0,0.0
2016-08-18 00:00:00-04:00,168.4199981689453,168.7100067138672,167.1999969482422,167.75,141.7096405029297,1353400,0.0,0.0
2016-08-19 00:00:00-04:00,167.2100067138672,168.3300018310547,167.10000610351562,168.02000427246094,141.937744140625,1764800,0.0,0.0
2016-08-22 00:00:00-04:00,168.33999633789062,168.69000244140625,167.6199951171875,167.94000244140625,141.87017822265625,955000,0.0,0.0
2016-08-23 00:00:00-04:00,168.08999633789062,168.4499969482422,167.30999755859375,167.36000061035156,141.38021850585938,1003700,0.0,0.0
2016-08-24 00:00:00-04:00,167.13999938964844,167.8800048828125,166.75999450683594,167.57000732421875,141.5575714111328,1363800,0.0,0.0
2016-08-25 00:00:00-04:00,167.1999969482422,167.41000366210938,164.63999938964844,164.86000061035156,139.26821899414062,1817700,0.0,0.0
2016-08-26 00:00:00-04:00,165.38999938964844,165.64999389648438,163.47000122070312,163.92999267578125,138.48260498046875,2009900,0.0,0.0
2016-08-29 00:00:00-04:00,164.47000122070312,164.83999633789062,163.39999389648438,163.97999572753906,138.52481079101562,1819200,0.0,0.0
2016-08-30 00:00:00-04:00,164.07000732421875,164.27999877929688,161.74000549316406,161.9600067138672,136.8184356689453,2010700,0.0,0.0
2016-08-31 00:00:00-04:00,161.8699951171875,162.57000732421875,161.14999389648438,162.08999633789062,136.9282684326172,1933200,0.0,0.0
2016-09-01 00:00:00-04:00,159.0,159.0,155.5399932861328,156.2100067138672,131.96102905273438,6038500,0.0,0.0
2016-09-02 00:00:00-04:00,156.80999755859375,159.27999877929688,156.8000030517578,157.97999572753906,133.45626831054688,2679000,0.0,0.0
2016-09-06 00:00:00-04:00,158.1300048828125,158.14999389648438,156.02000427246094,158.05999755859375,133.52386474609375,2716900,0.0,0.0
2016-09-07 00:00:00-04:00,157.63999938964844,157.8699951171875,155.39999389648438,155.63999938964844,131.47952270507812,2984100,0.0,0.0
2016-09-08 00:00:00-04:00,155.19000244140625,155.49000549316406,152.94000244140625,153.47000122070312,129.64633178710938,2993100,0.0,0.0
2016-09-09 00:00:00-04:00,152.58999633789062,152.7899932861328,150.6999969482422,150.6999969482422,127.30638122558594,2993900,0.0,0.0
2016-09-12 00:00:00-04:00,150.5,151.99000549316406,150.25999450683594,151.69000244140625,128.14268493652344,2982400,0.0,0.0
2016-09-13 00:00:00-04:00,151.17999267578125,151.5800018310547,150.07000732421875,150.74000549316406,127.34015655517578,2148600,0.0,0.0
2016-09-14 00:00:00-04:00,150.7100067138672,152.25,150.1999969482422,150.69000244140625,127.29793548583984,2188900,0.0,0.0
2016-09-15 00:00:00-04:00,150.72000122070312,152.97000122070312,150.11000061035156,152.6699981689453,128.9705352783203,2284300,0.0,0.0
2016-09-16 00:00:00-04:00,151.9600067138672,152.66000366210938,151.13999938964844,152.35000610351562,128.70022583007812,2842000,0.0,0.0
2016-09-19 00:00:00-04:00,152.1300048828125,153.02999877929688,151.60000610351562,151.7899932861328,128.22718811035156,1321300,0.0,0.0
2016-09-20 00:00:00-04:00,152.42999267578125,152.7100067138672,151.6699981689453,152.1699981689453,128.5481414794922,1396700,0.0,0.0
2016-09-21 00:00:00-04:00,152.58999633789062,152.89999389648438,151.25,152.6999969482422,128.995849609375,1535100,0.0,0.0
2016-09-22 00:00:00-04:00,153.02999877929688,154.27999877929688,152.67999267578125,153.14999389648438,129.3760223388672,2502200,0.0,0.0
2016-09-23 00:00:00-04:00,153.14999389648438,153.77000427246094,152.1699981689453,152.52999877929688,128.852294921875,2282100,0.0,0.0
2016-09-26 00:00:00-04:00,152.0800018310547,152.27999877929688,151.00999450683594,151.19000244140625,127.72032928466797,1862200,0.0,0.0
2016-09-27 00:00:00-04:00,151.4199981689453,151.77000427246094,150.0,150.4499969482422,127.09517669677734,2569000,0.0,0.0
2016-09-28 00:00:00-04:00,150.60000610351562,150.6699981689453,148.94000244140625,149.41000366210938,126.21662902832031,2626300,0.0,0.0
2016-09-29 00:00:00-04:00,149.19000244140625,149.69000244140625,147.1999969482422,147.49000549316406,124.59465026855469,4501300,0.0,0.0
2016-09-30 00:00:00-04:00,151.7899932861328,154.85000610351562,151.60000610351562,152.50999450683594,128.8354034423828,7318100,0.0,0.0
2016-10-03 00:00:00-04:00,152.22000122070312,152.25,150.32000732421875,151.00999450683594,127.5682144165039,3197100,0.0,0.0
2016-10-04 00:00:00-04:00,151.47000122070312,151.6199951171875,149.49000549316406,150.47999572753906,127.12049865722656,2840500,0.0,0.0
2016-10-05 00:00:00-04:00,150.6300048828125,150.9199981689453,149.8300018310547,149.97999572753906,126.6981201171875,2377700,0.0,0.0
2016-10-06 00:00:00-04:00,150.22999572753906,150.63999938964844,149.0,149.47000122070312,126.26728820800781,2465500,0.0,0.0
2016-10-07 00:00:00-04:00,149.77000427246094,150.19000244140625,148.7899932861328,149.99000549316406,126.70657348632812,2282100,0.0,0.0
2016-10-10 00:00:00-04:00,150.35000610351562,150.85000610351562,149.75,150.27999877929688,126.9515380859375,1587700,0.0,0.0
2016-10-11 00:00:00-04:00,149.6699981689453,151.13999938964844,149.50999450683594,151.00999450683594,127.5682144165039,2596800,0.0,0.0
2016-10-12 00:00:00-04:00,150.97000122070312,151.49000549316406,150.38999938964844,150.4600067138672,127.10363006591797,1664500,0.0,0.0
2016-10-13 00:00:00-04:00,149.92999267578125,151.33999633789062,149.72000122070312,150.22000122070312,126.90084075927734,1795300,0.0,0.0
2016-10-14 00:00:00-04:00,150.17999267578125,151.0,149.27999877929688,150.14999389648438,126.84174346923828,1745000,0.0,0.0
2016-10-17 00:00:00-04:00,150.0800018310547,150.1999969482422,148.6300048828125,148.6999969482422,125.61682891845703,1988400,0.0,0.0
2016-10-18 00:00:00-04:00,149.50999450683594,149.6199951171875,148.41000366210938,149.11000061035156,125.963134765625,1847800,0.0,0.0
2016-10-19 00:00:00-04:00,150.6999969482422,151.32000732421875,149.30999755859375,149.4499969482422,126.25043487548828,1812000,0.0,0.0
2016-10-20 00:00:00-04:00,149.85000610351562,150.77999877929688,149.60000610351562,150.0399932861328,126.7488021850586,2251200,0.0,0.0
2016-10-21 00:00:00-04:00,149.50999450683594,150.2899932861328,148.5,148.97000122070312,125.84488677978516,2188000,0.0,0.0
2016-10-24 00:00:00-04:00,149.35000610351562,152.32000732421875,149.2899932861328,152.1199951171875,128.5059356689453,2432800,0.0,0.0
2016-10-25 00:00:00-04:00,149.89999389648438,151.97000122070312,149.89999389648438,150.99000549316406,127.55136108398438,2060600,0.0,0.0
2016-10-26 00:00:00-04:00,150.35000610351562,151.41000366210938,150.27999877929688,150.97999572753906,127.54288482666016,2246100,0.0,0.0
2016-10-27 00:00:00-04:00,150.8300018310547,151.4600067138672,149.82000732421875,150.86000061035156,127.4415283203125,1993500,0.0,0.0
2016-10-28 00:00:00-04:00,150.44000244140625,150.86000061035156,149.3800048828125,149.75999450683594,126.51229095458984,1843900,0.0,0.0
2016-10-31 00:00:00-04:00,148.88999938964844,149.35000610351562,147.10000610351562,147.8699951171875,124.91561126708984,3239400,0.0,0.0
2016-11-01 00:00:00-04:00,148.47999572753906,148.6300048828125,146.3800048828125,146.66000366210938,123.89347839355469,2112000,0.0,0.0
2016-11-02 00:00:00-04:00,146.42999267578125,147.33999633789062,146.1199951171875,146.27000427246094,123.9443359375,2260500,0.45,0.0
2016-11-03 00:00:00-04:00,146.6999969482422,146.6999969482422,144.13999938964844,144.4499969482422,122.40211486816406,2168200,0.0,0.0
2016-11-04 00:00:00-04:00,143.0,145.0,142.11000061035156,142.24000549316406,120.5294418334961,2702100,0.0,0.0
2016-11-07 00:00:00-05:00,143.3800048828125,143.66000366210938,142.75,143.5399932861328,121.6310043334961,3010100,0.0,0.0
2016-11-08 00:00:00-05:00,143.88999938964844,146.6300048828125,143.8000030517578,146.08999633789062,123.79180908203125,3505200,0.0,0.0
2016-11-09 00:00:00-05:00,143.5399932861328,147.38999938964844,143.5399932861328,146.7899932861328,124.38496398925781,3170200,0.0,0.0
2016-11-10 00:00:00-05:00,147.05999755859375,150.0,146.61000061035156,146.6999969482422,124.3087387084961,3944200,0.0,0.0
2016-11-11 00:00:00-05:00,146.61000061035156,149.6199951171875,145.3800048828125,149.36000061035156,126.5627212524414,3218000,0.0,0.0
2016-11-14 00:00:00-05:00,150.9199981689453,152.13999938964844,149.5,152.0,128.79978942871094,3890800,0.0,0.0
2016-11-15 00:00:00-05:00,151.97999572753906,152.0,150.2899932861328,151.14999389648438,128.07948303222656,2799900,0.0,0.0
2016-11-16 00:00:00-05:00,152.19000244140625,152.5500030517578,151.8000030517578,152.13999938964844,128.91839599609375,2152300,0.0,0.0
2016-11-17 00:00:00-05:00,151.22999572753906,151.39999389648438,149.5500030517578,151.1999969482422,128.12191772460938,2098700,0.0,0.0
2016-11-18 00:00:00-05:00,150.83999633789062,151.1999969482422,149.52000427246094,150.36000061035156,127.4100570678711,2020500,0.0,0.0
2016-11-21 00:00:00-05:00,150.5500030517578,151.2899932861328,150.1199951171875,151.1699981689453,128.09640502929688,1181200,0.0,0.0
2016-11-22 00:00:00-05:00,151.92999267578125,153.0500030517578,151.2100067138672,152.6699981689453,129.3675079345703,1954200,0.0,0.0
2016-11-23 00:00:00-05:00,152.75,153.33999633789062,151.17999267578125,151.60000610351562,128.46083068847656,2166900,0.0,0.0
2016-11-25 00:00:00-05:00,151.88999938964844,153.4199981689453,151.7100067138672,151.8800048828125,128.69805908203125,886800,0.0,0.0
2016-11-28 00:00:00-05:00,151.0500030517578,152.42999267578125,151.00999450683594,151.25,128.16424560546875,1733500,0.0,0.0
2016-11-29 00:00:00-05:00,151.6199951171875,152.22000122070312,151.3300018310547,151.47999572753906,128.35914611816406,1496800,0.0,0.0
2016-11-30 00:00:00-05:00,151.1300048828125,151.5399932861328,150.07000732421875,150.11000061035156,127.1982421875,2750500,0.0,0.0
2016-12-01 00:00:00-05:00,150.11000061035156,152.8800048828125,150.11000061035156,151.74000549316406,128.5794219970703,2305200,0.0,0.0
2016-12-02 00:00:00-05:00,151.99000549316406,152.8699951171875,151.42999267578125,152.08999633789062,128.87603759765625,1829200,0.0,0.0
2016-12-05 00:00:00-05:00,152.08999633789062,152.22999572753906,150.77999877929688,151.77000427246094,128.60487365722656,2432100,0.0,0.0
2016-12-06 00:00:00-05:00,151.85000610351562,152.0800018310547,150.4199981689453,151.00999450683594,127.96086883544922,2245400,0.0,0.0
2016-12-07 00:00:00-05:00,150.60000610351562,153.91000366210938,150.47999572753906,153.85000610351562,130.3673858642578,2811300,0.0,0.0
2016-12-08 00:00:00-05:00,156.63999938964844,160.89999389648438,156.60000610351562,157.58999633789062,133.53651428222656,5504300,0.0,0.0
2016-12-09 00:00:00-05:00,157.27999877929688,159.8300018310547,157.25999450683594,159.6999969482422,135.32449340820312,2614700,0.0,0.0
2016-12-12 00:00:00-05:00,158.60000610351562,161.27999877929688,158.55999755859375,160.3300018310547,135.85833740234375,2299200,0.0,0.0
2016-12-13 00:00:00-05:00,160.85000610351562,162.0399932861328,159.13999938964844,159.77000427246094,135.38377380371094,3583300,0.0,0.0
2016-12-14 00:00:00-05:00,160.0500030517578,160.4499969482422,158.25,158.99000549316406,134.72286987304688,2119100,0.0,0.0
2016-12-15 00:00:00-05:00,159.35000610351562,161.5,159.07000732421875,160.11000061035156,135.67190551757812,1811100,0.0,0.0
2016-12-16 00:00:00-05:00,160.49000549316406,161.25,159.85000610351562,160.41000366210938,135.9261016845703,3767100,0.0,0.0
2016-12-19 00:00:00-05:00,162.00999450683594,164.52999877929688,161.64999389648438,163.4600067138672,138.51055908203125,3231900,0.0,0.0
2016-12-20 00:00:00-05:00,164.32000732421875,164.9499969482422,163.5,163.86000061035156,138.84950256347656,2204600,0.0,0.0
2016-12-21 00:00:00-05:00,163.60000610351562,164.02999877929688,163.02000427246094,163.0399932861328,138.1547088623047,1313400,0.0,0.0
2016-12-22 00:00:00-05:00,163.66000366210938,163.6699981689453,161.9199981689453,162.07000732421875,137.33277893066406,1965900,0.0,0.0
2016-12-23 00:00:00-05:00,162.1699981689453,162.6699981689453,161.52999877929688,162.0800018310547,137.34121704101562,1254100,0.0,0.0
2016-12-27 00:00:00-05:00,162.05999755859375,162.75999450683594,161.8000030517578,162.0500030517578,137.3157958984375,1301100,0.0,0.0
2016-12-28 00:00:00-05:00,162.02000427246094,162.85000610351562,160.5500030517578,161.00999450683594,136.43453979492188,1281000,0.0,0.0
2016-12-29 00:00:00-05:00,160.64999389648438,161.44000244140625,160.64999389648438,161.1300048828125,136.53623962402344,858200,0.0,0.0
2016-12-30 00:00:00-05:00,160.88999938964844,160.99000549316406,159.6699981689453,160.11000061035156,135.67190551757812,1472300,0.0,0.0
2017-01-03 00:00:00-05:00,160.64999389648438,160.99000549316406,158.50999450683594,159.72999572753906,135.34994506835938,2099000,0.0,0.0
2017-01-04 00:00:00-05:00,159.8000030517578,160.49000549316406,158.94000244140625,159.75999450683594,135.3753662109375,2163600,0.0,0.0
2017-01-05 00:00:00-05:00,160.9499969482422,163.35000610351562,160.6300048828125,162.91000366210938,138.0445556640625,2880900,0.0,0.0
2017-01-06 00:00:00-05:00,162.6699981689453,162.9499969482422,161.1300048828125,162.8300018310547,137.97677612304688,2167000,0.0,0.0
2017-01-09 00:00:00-05:00,162.3300018310547,162.47999572753906,160.72000122070312,160.97000122070312,136.40065002441406,2318300,0.0,0.0
2017-01-10 00:00:00-05:00,160.5800018310547,162.41000366210938,160.50999450683594,161.66000366210938,136.98533630371094,1477900,0.0,0.0
2017-01-11 00:00:00-05:00,161.47000122070312,162.3800048828125,160.35000610351562,161.5399932861328,136.8836669921875,1378300,0.0,0.0
2017-01-12 00:00:00-05:00,161.35000610351562,161.9600067138672,160.6699981689453,161.8699951171875,137.16326904296875,1296900,0.0,0.0
2017-01-13 00:00:00-05:00,161.99000549316406,162.1300048828125,161.35000610351562,161.86000061035156,137.15481567382812,1250100,0.0,0.0
2017-01-17 00:00:00-05:00,161.85000610351562,164.25,161.6699981689453,163.80999755859375,138.8071746826172,2430500,0.0,0.0
2017-01-18 00:00:00-05:00,163.64999389648438,164.3800048828125,162.58999633789062,164.27000427246094,139.1969757080078,1834700,0.0,0.0
2017-01-19 00:00:00-05:00,164.17999267578125,164.8000030517578,163.55999755859375,163.6999969482422,138.71397399902344,1980400,0.0,0.0
2017-01-20 00:00:00-05:00,164.38999938964844,164.77000427246094,163.22999572753906,164.24000549316406,139.17161560058594,1897100,0.0,0.0
2017-01-23 00:00:00-05:00,164.0500030517578,164.35000610351562,162.1699981689453,163.00999450683594,138.1292724609375,1421600,0.0,0.0
2017-01-24 00:00:00-05:00,163.22999572753906,163.82000732421875,162.9600067138672,163.6699981689453,138.68853759765625,1347400,0.0,0.0
2017-01-25 00:00:00-05:00,164.1999969482422,164.75,163.89999389648438,164.13999938964844,139.08680725097656,1299200,0.0,0.0
2017-01-26 00:00:00-05:00,164.33999633789062,164.44000244140625,163.39999389648438,164.07000732421875,139.0275421142578,1180000,0.0,0.0
2017-01-27 00:00:00-05:00,164.55999755859375,164.5800018310547,160.7100067138672,162.05999755859375,137.3242645263672,2341100,0.0,0.0
2017-01-30 00:00:00-05:00,162.02999877929688,163.2899932861328,160.60000610351562,163.25,138.3326416015625,2149800,0.0,0.0
2017-01-31 00:00:00-05:00,162.49000549316406,164.0,162.35000610351562,163.9499969482422,138.92578125,1796600,0.0,0.0
2017-02-01 00:00:00-05:00,163.83999633789062,163.9499969482422,161.80999755859375,161.86000061035156,137.15481567382812,2219700,0.0,0.0
2017-02-02 00:00:00-05:00,166.83999633789062,168.8800048828125,166.16000366210938,168.14999389648438,142.4847412109375,5816300,0.0,0.0
2017-02-03 00:00:00-05:00,167.72000122070312,168.83999633789062,167.14999389648438,168.32000732421875,142.62881469726562,3227700,0.0,0.0
2017-02-06 00:00:00-05:00,168.17999267578125,168.17999267578125,166.7100067138672,167.02999877929688,141.53567504882812,2172800,0.0,0.0
2017-02-07 00:00:00-05:00,167.52999877929688,168.0800018310547,166.52999877929688,167.52000427246094,141.95091247558594,2732600,0.0,0.0
2017-02-08 00:00:00-05:00,167.5,168.57000732421875,167.5,168.4199981689453,143.09793090820312,2089900,0.45,0.0
2017-02-09 00:00:00-05:00,168.4499969482422,171.4199981689453,168.1699981689453,170.9600067138672,145.25604248046875,2606900,0.0,0.0
2017-02-10 00:00:00-05:00,171.64999389648438,172.27000427246094,170.27000427246094,172.0,146.13967895507812,2070000,0.0,0.0
2017-02-13 00:00:00-05:00,172.49000549316406,172.49000549316406,170.77999877929688,171.9600067138672,146.105712890625,2272200,0.0,0.0
2017-02-14 00:00:00-05:00,171.66000366210938,173.63999938964844,171.5500030517578,173.6300048828125,147.52464294433594,2244700,0.0,0.0
2017-02-15 00:00:00-05:00,173.17999267578125,175.0,173.05999755859375,175.0,148.6886444091797,2346500,0.0,0.0
2017-02-16 00:00:00-05:00,175.10000610351562,175.8300018310547,174.50999450683594,175.75,149.3258514404297,2206500,0.0,0.0
2017-02-17 00:00:00-05:00,175.47000122070312,176.5,174.47999572753906,175.86000061035156,149.4192657470703,2424400,0.0,0.0
2017-02-21 00:00:00-05:00,176.5500030517578,177.0,176.0,176.94000244140625,150.3369903564453,2317000,0.0,0.0
2017-02-22 00:00:00-05:00,177.07000732421875,177.08999633789062,175.07000732421875,176.50999450683594,149.97157287597656,1815200,0.0,0.0
2017-02-23 00:00:00-05:00,176.52000427246094,177.0399932861328,175.2100067138672,175.85000610351562,149.4108428955078,2599900,0.0,0.0
2017-02-24 00:00:00-05:00,175.22000122070312,177.7100067138672,175.1199951171875,177.55999755859375,150.8638153076172,1684300,0.0,0.0
2017-02-27 00:00:00-05:00,177.3300018310547,177.85000610351562,176.5500030517578,177.6199951171875,150.91470336914062,2340400,0.0,0.0
2017-02-28 00:00:00-05:00,176.9499969482422,177.8699951171875,175.47999572753906,177.17999267578125,150.5408935546875,2992100,0.0,0.0
2017-03-01 00:00:00-05:00,177.3699951171875,178.7100067138672,177.22000122070312,177.86000061035156,151.11859130859375,2352300,0.0,0.0
2017-03-02 00:00:00-05:00,177.5,178.25,176.50999450683594,177.97999572753906,151.22061157226562,3190300,0.0,0.0
2017-03-03 00:00:00-05:00,170.6999969482422,171.88999938964844,169.89999389648438,170.25999450683594,144.66123962402344,10396500,0.0,0.0
2017-03-06 00:00:00-05:00,169.41000366210938,170.3300018310547,166.11000061035156,166.72999572753906,141.66201782226562,5793600,0.0,0.0
2017-03-07 00:00:00-05:00,166.5399932861328,168.6199951171875,166.5399932861328,167.0,141.8914337158203,2811900,0.0,0.0
2017-03-08 00:00:00-05:00,167.0,167.41000366210938,166.16000366210938,166.24000549316406,141.24571228027344,2375900,0.0,0.0
2017-03-09 00:00:00-05:00,166.39999389648438,166.7899932861328,165.1199951171875,165.77000427246094,140.8463592529297,1993700,0.0,0.0
2017-03-10 00:00:00-05:00,166.49000549316406,166.5,164.97999572753906,165.3699951171875,140.50650024414062,2164200,0.0,0.0
2017-03-13 00:00:00-04:00,164.85000610351562,165.11000061035156,164.3000030517578,164.5500030517578,139.8097686767578,2127700,0.0,0.0
2017-03-14 00:00:00-04:00,164.2100067138672,165.32000732421875,164.10000610351562,165.24000549316406,140.39602661132812,1974400,0.0,0.0
2017-03-15 00:00:00-04:00,165.57000732421875,166.5399932861328,164.8300018310547,166.5399932861328,141.50057983398438,2079700,0.0,0.0
2017-03-16 00:00:00-04:00,166.77999877929688,167.6699981689453,166.25999450683594,167.05999755859375,141.94239807128906,2726600,0.0,0.0
2017-03-17 00:00:00-04:00,168.05999755859375,168.35000610351562,167.07000732421875,167.80999755859375,142.5796661376953,3976000,0.0,0.0
2017-03-20 00:00:00-04:00,167.75999450683594,168.2899932861328,166.8000030517578,167.44000244140625,142.26527404785156,1603300,0.0,0.0
2017-03-21 00:00:00-04:00,167.50999450683594,168.8000030517578,166.64999389648438,166.77999877929688,141.70449829101562,2241900,0.0,0.0
2017-03-22 00:00:00-04:00,167.32000732421875,167.97000122070312,167.0399932861328,167.67999267578125,142.46920776367188,1534200,0.0,0.0
2017-03-23 00:00:00-04:00,168.0,168.4199981689453,166.42999267578125,166.89999389648438,141.80645751953125,1430500,0.0,0.0
2017-03-24 00:00:00-04:00,167.3699951171875,167.4600067138672,165.66000366210938,166.02000427246094,141.05873107910156,1410400,0.0,0.0
2017-03-27 00:00:00-04:00,165.52999877929688,166.32000732421875,165.32000732421875,166.14999389648438,141.16920471191406,1212300,0.0,0.0
2017-03-28 00:00:00-04:00,166.11000061035156,167.0500030517578,165.14999389648438,166.77000427246094,141.69601440429688,1446400,0.0,0.0
2017-03-29 00:00:00-04:00,166.27999877929688,167.47999572753906,166.14999389648438,167.42999267578125,142.25677490234375,1216700,0.0,0.0
2017-03-30 00:00:00-04:00,167.3000030517578,168.17999267578125,166.75999450683594,167.88999938964844,142.64768981933594,1034000,0.0,0.0
2017-03-31 00:00:00-04:00,167.58999633789062,168.1699981689453,167.1300048828125,167.69000244140625,142.4776611328125,1720300,0.0,0.0
2017-04-03 00:00:00-04:00,167.74000549316406,168.3000030517578,166.39999389648438,166.6999969482422,141.6365509033203,1547900,0.0,0.0
2017-04-04 00:00:00-04:00,166.60000610351562,167.32000732421875,166.11000061035156,167.25,142.1038055419922,1322400,0.0,0.0
2017-04-05 00:00:00-04:00,167.2899932861328,168.39999389648438,166.72000122070312,167.0,141.8914337158203,1715200,0.0,0.0
2017-04-06 00:00:00-04:00,169.67999267578125,172.11000061035156,169.30999755859375,170.02000427246094,144.45738220214844,3313800,0.0,0.0
2017-04-07 00:00:00-04:00,169.6999969482422,171.0,169.42999267578125,170.6199951171875,144.96713256835938,1510000,0.0,0.0
2017-04-10 00:00:00-04:00,170.1999969482422,171.57000732421875,169.85000610351562,171.22000122070312,145.47698974609375,2002300,0.0,0.0
2017-04-11 00:00:00-04:00,170.7899932861328,171.44000244140625,169.6300048828125,170.6300048828125,144.97567749023438,1191400,0.0,0.0
2017-04-12 00:00:00-04:00,171.42999267578125,171.4499969482422,169.69000244140625,170.1699981689453,144.58477783203125,1422300,0.0,0.0
2017-04-13 00:00:00-04:00,170.0500030517578,170.6199951171875,168.8000030517578,168.83999633789062,143.45480346679688,1422500,0.0,0.0
2017-04-17 00:00:00-04:00,168.77000427246094,169.75,168.7100067138672,169.6999969482422,144.18545532226562,1504100,0.0,0.0
2017-04-18 00:00:00-04:00,170.0500030517578,170.32000732421875,169.47000122070312,170.1300048828125,144.55079650878906,1542700,0.0,0.0
2017-04-19 00:00:00-04:00,170.8800048828125,170.92999267578125,169.82000732421875,170.05999755859375,144.49142456054688,1441300,0.0,0.0
2017-04-20 00:00:00-04:00,170.3300018310547,171.17999267578125,169.9499969482422,170.14999389648438,144.56776428222656,1933600,0.0,0.0
2017-04-21 00:00:00-04:00,171.52000427246094,171.8800048828125,170.63999938964844,170.77000427246094,145.0946044921875,2257900,0.0,0.0
2017-04-24 00:00:00-04:00,172.0,172.61000061035156,171.3300018310547,172.3300018310547,146.4200897216797,1906900,0.0,0.0
2017-04-25 00:00:00-04:00,172.91000366210938,173.0399932861328,172.2899932861328,172.67999267578125,146.71739196777344,1503000,0.0,0.0
2017-04-26 00:00:00-04:00,178.0500030517578,178.27000427246094,175.4199981689453,176.8000030517578,150.21800231933594,4591300,0.0,0.0
2017-04-27 00:00:00-04:00,177.32000732421875,177.7899932861328,176.4199981689453,177.4499969482422,150.77023315429688,2148700,0.0,0.0
2017-04-28 00:00:00-04:00,178.07000732421875,178.07000732421875,176.92999267578125,177.52000427246094,150.8297576904297,2364500,0.0,0.0
2017-05-01 00:00:00-04:00,178.5,178.5,177.3300018310547,177.86000061035156,151.11859130859375,3328000,0.0,0.0
2017-05-02 00:00:00-04:00,178.72000122070312,178.94000244140625,177.94000244140625,178.58999633789062,151.73883056640625,2505300,0.0,0.0
2017-05-03 00:00:00-04:00,178.74000549316406,180.4600067138672,178.6999969482422,179.82000732421875,152.783935546875,2900500,0.0,0.0
2017-05-04 00:00:00-04:00,180.0500030517578,183.17999267578125,180.0,182.4499969482422,155.01849365234375,3762200,0.0,0.0
2017-05-05 00:00:00-04:00,182.77000427246094,182.9199981689453,179.75999450683594,180.1999969482422,153.1067657470703,3713600,0.0,0.0
2017-05-08 00:00:00-04:00,174.66000366210938,174.6999969482422,171.60000610351562,172.63999938964844,152.61175537109375,3538000,7.0,0.0
2017-05-09 00:00:00-04:00,173.61000061035156,173.9199981689453,172.30999755859375,172.67999267578125,152.64706420898438,2662100,0.0,0.0
2017-05-10 00:00:00-04:00,172.02999877929688,172.08999633789062,170.66000366210938,171.35000610351562,151.91128540039062,2554500,0.5,0.0
2017-05-11 00:00:00-04:00,170.77999877929688,171.5500030517578,170.10000610351562,171.25999450683594,151.8314666748047,2106000,0.0,0.0
2017-05-12 00:00:00-04:00,171.2899932861328,171.85000610351562,170.32000732421875,170.8800048828125,151.49461364746094,1586800,0.0,0.0
2017-05-15 00:00:00-04:00,170.3000030517578,171.97999572753906,170.3000030517578,171.57000732421875,152.1063690185547,1733600,0.0,0.0
2017-05-16 00:00:00-04:00,171.9600067138672,171.9600067138672,170.6300048828125,171.0,151.60092163085938,1129200,0.0,0.0
2017-05-17 00:00:00-04:00,170.66000366210938,171.5,169.05999755859375,169.14999389648438,149.96083068847656,2201400,0.0,0.0
2017-05-18 00:00:00-04:00,170.0800018310547,171.02000427246094,169.69000244140625,170.72000122070312,151.35275268554688,1589700,0.0,0.0
2017-05-19 00:00:00-04:00,171.35000610351562,172.42999267578125,170.80999755859375,171.63999938964844,152.1683349609375,1871800,0.0,0.0
2017-05-22 00:00:00-04:00,172.24000549316406,173.24000549316406,171.6300048828125,172.39999389648438,152.8421173095703,1594100,0.0,0.0
2017-05-23 00:00:00-04:00,172.97000122070312,173.5399932861328,172.32000732421875,172.47000122070312,152.9042205810547,1788000,0.0,0.0
2017-05-24 00:00:00-04:00,172.9499969482422,173.1300048828125,171.8000030517578,173.00999450683594,153.38296508789062,1420800,0.0,0.0
2017-05-25 00:00:00-04:00,173.47000122070312,175.0500030517578,173.3000030517578,174.72999572753906,154.90782165527344,2726900,0.0,0.0
2017-05-26 00:00:00-04:00,180.25,180.33999633789062,177.52000427246094,177.86000061035156,157.68276977539062,4471300,0.0,0.0
2017-05-30 00:00:00-04:00,177.67999267578125,179.38999938964844,177.5,178.9199981689453,158.62255859375,2086300,0.0,0.0
2017-05-31 00:00:00-04:00,179.24000549316406,180.47000122070312,178.77999877929688,180.42999267578125,159.96116638183594,2456200,0.0,0.0
2017-06-01 00:00:00-04:00,180.80999755859375,181.10000610351562,179.86000061035156,180.6300048828125,160.1385040283203,2028300,0.0,0.0
2017-06-02 00:00:00-04:00,180.5800018310547,181.25,179.8699951171875,180.97000122070312,160.4399871826172,2239900,0.0,0.0
2017-06-05 00:00:00-04:00,181.10000610351562,182.2100067138672,180.60000610351562,182.0800018310547,161.42401123046875,1561100,0.0,0.0
2017-06-06 00:00:00-04:00,181.6999969482422,182.72000122070312,181.00999450683594,181.4499969482422,160.86549377441406,2248900,0.0,0.0
2017-06-07 00:00:00-04:00,181.44000244140625,182.24000549316406,181.13999938964844,182.1999969482422,161.53038024902344,1246200,0.0,0.0
2017-06-08 00:00:00-04:00,181.9199981689453,182.5,180.83999633789062,181.41000366210938,160.82997131347656,1823600,0.0,0.0
2017-06-09 00:00:00-04:00,181.7100067138672,181.92999267578125,179.9199981689453,180.3800048828125,159.9168701171875,2167600,0.0,0.0
2017-06-12 00:00:00-04:00,179.5800018310547,180.8699951171875,178.7899932861328,179.63999938964844,159.2607879638672,2395200,0.0,0.0
2017-06-13 00:00:00-04:00,179.89999389648438,180.7899932861328,179.02999877929688,180.50999450683594,160.03211975097656,1745400,0.0,0.0
2017-06-14 00:00:00-04:00,180.8300018310547,181.9600067138672,180.22999572753906,181.6699981689453,161.06051635742188,1440400,0.0,0.0
2017-06-15 00:00:00-04:00,180.38999938964844,181.3300018310547,178.3699951171875,180.05999755859375,159.63319396972656,1753800,0.0,0.0
2017-06-16 00:00:00-04:00,170.39999389648438,170.60000610351562,165.0,167.11000061035156,148.15228271484375,24233000,0.0,0.0
2017-06-19 00:00:00-04:00,167.0500030517578,167.3800048828125,162.38999938964844,164.33999633789062,145.69654846191406,13809100,0.0,0.0
2017-06-20 00:00:00-04:00,165.5,165.5,162.42999267578125,162.89999389648438,144.41990661621094,7337600,0.0,0.0
2017-06-21 00:00:00-04:00,163.49000549316406,163.77000427246094,162.75,163.14999389648438,144.6415252685547,3421700,0.0,0.0
2017-06-22 00:00:00-04:00,163.1699981689453,163.3000030517578,159.00999450683594,159.7899932861328,141.66270446777344,8043100,0.0,0.0
2017-06-23 00:00:00-04:00,159.39999389648438,159.8000030517578,156.55999755859375,157.1300048828125,139.3044891357422,9506700,0.0,0.0
2017-06-26 00:00:00-04:00,158.14999389648438,160.99000549316406,158.10000610351562,160.1999969482422,142.0261993408203,6473900,0.0,0.0
2017-06-27 00:00:00-04:00,160.66000366210938,161.5500030517578,159.1999969482422,159.25999450683594,141.1927947998047,5533800,0.0,0.0
2017-06-28 00:00:00-04:00,159.58999633789062,160.5,159.5,160.1699981689453,141.9995880126953,3234400,0.0,0.0
2017-06-29 00:00:00-04:00,160.2100067138672,160.47000122070312,157.8000030517578,158.67999267578125,140.67864990234375,3664200,0.0,0.0
2017-06-30 00:00:00-04:00,159.60000610351562,160.5399932861328,158.7899932861328,159.92999267578125,141.78680419921875,4755100,0.0,0.0
2017-07-03 00:00:00-04:00,160.2100067138672,160.52999877929688,158.69000244140625,158.82000732421875,140.8027801513672,1994300,0.0,0.0
2017-07-05 00:00:00-04:00,158.92999267578125,159.5,157.86000061035156,158.02000427246094,140.093505859375,3770400,0.0,0.0
2017-07-06 00:00:00-04:00,161.11000061035156,161.35000610351562,157.0500030517578,157.08999633789062,139.26895141601562,6963400,0.0,0.0
2017-07-07 00:00:00-04:00,157.36000061035156,157.5500030517578,154.08999633789062,154.11000061035156,136.6270751953125,7688400,0.0,0.0
2017-07-10 00:00:00-04:00,153.50999450683594,153.60000610351562,150.9600067138672,151.0,133.86985778808594,8999800,0.0,0.0
2017-07-11 00:00:00-04:00,151.4499969482422,153.08999633789062,150.92999267578125,151.11000061035156,133.9673614501953,6275600,0.0,0.0
2017-07-12 00:00:00-04:00,151.4600067138672,152.89999389648438,151.4199981689453,151.75,134.5348358154297,5112200,0.0,0.0
2017-07-13 00:00:00-04:00,153.22999572753906,153.92999267578125,152.6199951171875,153.60000610351562,136.17491149902344,5673500,0.0,0.0
2017-07-14 00:00:00-04:00,154.25999450683594,154.27000427246094,152.89999389648438,153.0,135.6430206298828,4368400,0.0,0.0
2017-07-17 00:00:00-04:00,153.0,153.44000244140625,152.52000427246094,152.83999633789062,135.50112915039062,3096500,0.0,0.0
2017-07-18 00:00:00-04:00,152.61000061035156,152.83999633789062,150.94000244140625,151.5,134.3131103515625,3256900,0.0,0.0
2017-07-19 00:00:00-04:00,151.80999755859375,152.16000366210938,150.89999389648438,151.24000549316406,134.0826873779297,4100000,0.0,0.0
2017-07-20 00:00:00-04:00,151.47000122070312,152.19000244140625,150.8800048828125,150.99000549316406,133.86097717285156,3207400,0.0,0.0
2017-07-21 00:00:00-04:00,150.94000244140625,151.22999572753906,150.0,150.44000244140625,133.37338256835938,4078000,0.0,0.0
2017-07-24 00:00:00-04:00,150.4499969482422,151.47000122070312,150.11000061035156,151.0,133.86985778808594,3655600,0.0,0.0
2017-07-25 00:00:00-04:00,151.41000366210938,153.6999969482422,151.39999389648438,153.1699981689453,135.793701171875,4605700,0.0,0.0
2017-07-26 00:00:00-04:00,153.41000366210938,153.5,151.5500030517578,152.08999633789062,134.83621215820312,3017200,0.0,0.0
2017-07-27 00:00:00-04:00,152.00999450683594,152.99000549316406,151.44000244140625,152.52000427246094,135.21743774414062,3637900,0.0,0.0
2017-07-28 00:00:00-04:00,152.6699981689453,153.3000030517578,152.11000061035156,152.88999938964844,135.5454864501953,2779500,0.0,0.0
2017-07-31 00:00:00-04:00,153.0800018310547,158.66000366210938,153.02999877929688,158.50999450683594,140.52789306640625,6937100,0.0,0.0
2017-08-01 00:00:00-04:00,159.10000610351562,159.97000122070312,157.91000366210938,159.72000122070312,141.6006317138672,4787500,0.0,0.0
2017-08-02 00:00:00-04:00,159.1300048828125,161.5500030517578,158.44000244140625,161.27999877929688,142.98362731933594,5486300,0.0,0.0
2017-08-03 00:00:00-04:00,161.61000061035156,162.35000610351562,157.05999755859375,157.91000366210938,139.99595642089844,5562600,0.0,0.0
2017-08-04 00:00:00-04:00,158.33999633789062,158.44000244140625,155.8300018310547,156.44000244140625,138.69273376464844,3117900,0.0,0.0
2017-08-07 00:00:00-04:00,156.5,157.5800018310547,155.33999633789062,156.9499969482422,139.14483642578125,2629500,0.0,0.0
2017-08-08 00:00:00-04:00,157.10000610351562,159.44000244140625,157.02999877929688,157.75,139.8541259765625,2569200,0.0,0.0
2017-08-09 00:00:00-04:00,157.13999938964844,157.57000732421875,156.1999969482422,156.86000061035156,139.06504821777344,2157600,0.0,0.0
2017-08-10 00:00:00-04:00,156.1699981689453,157.57000732421875,155.3699951171875,156.63999938964844,138.8700714111328,2764600,0.0,0.0
2017-08-11 00:00:00-04:00,156.50999450683594,157.8000030517578,156.41000366210938,156.64999389648438,138.87884521484375,1887000,0.0,0.0
2017-08-14 00:00:00-04:00,157.58999633789062,158.1999969482422,156.5399932861328,157.91000366210938,139.99595642089844,2028400,0.0,0.0
2017-08-15 00:00:00-04:00,158.0,158.3800048828125,156.7899932861328,156.8800048828125,139.08287048339844,1869100,0.0,0.0
2017-08-16 00:00:00-04:00,157.27999877929688,159.8800048828125,157.11000061035156,159.75999450683594,142.08897399902344,3381800,0.5,0.0
2017-08-17 00:00:00-04:00,158.47999572753906,159.9499969482422,157.63999938964844,158.57000732421875,141.03060913085938,2650000,0.0,0.0
2017-08-18 00:00:00-04:00,157.97999572753906,158.69000244140625,156.9199981689453,157.0800018310547,139.70538330078125,2747900,0.0,0.0
2017-08-21 00:00:00-04:00,157.19000244140625,158.1699981689453,155.9600067138672,157.07000732421875,139.6964874267578,1857400,0.0,0.0
2017-08-22 00:00:00-04:00,157.52999877929688,159.4499969482422,157.52999877929688,158.6999969482422,141.14620971679688,2204600,0.0,0.0
2017-08-23 00:00:00-04:00,158.6199951171875,159.44000244140625,157.77999877929688,159.3699951171875,141.74209594726562,1731400,0.0,0.0
2017-08-24 00:00:00-04:00,160.0,160.66000366210938,151.08999633789062,151.3300018310547,134.5913848876953,10301700,0.0,0.0
2017-08-25 00:00:00-04:00,152.3699951171875,152.94000244140625,150.05999755859375,152.4499969482422,135.5874786376953,5703500,0.0,0.0
2017-08-28 00:00:00-04:00,151.89999389648438,153.27999877929688,151.1999969482422,152.5500030517578,135.67642211914062,3776400,0.0,0.0
2017-08-29 00:00:00-04:00,152.3800048828125,153.99000549316406,151.4600067138672,153.55999755859375,136.57470703125,2446200,0.0,0.0
2017-08-30 00:00:00-04:00,153.7100067138672,154.74000549316406,152.8800048828125,154.44000244140625,137.3573760986328,2493500,0.0,0.0
2017-08-31 00:00:00-04:00,156.22000122070312,157.25999450683594,153.9499969482422,156.74000549316406,139.40301513671875,4567700,0.0,0.0
2017-09-01 00:00:00-04:00,157.58999633789062,158.5500030517578,157.1999969482422,158.24000549316406,140.73709106445312,2833500,0.0,0.0
2017-09-05 00:00:00-04:00,157.9600067138672,159.72000122070312,157.47000122070312,159.13999938964844,141.53756713867188,3413000,0.0,0.0
2017-09-06 00:00:00-04:00,159.19000244140625,159.94000244140625,158.08999633789062,158.86000061035156,141.28851318359375,2873700,0.0,0.0
2017-09-07 00:00:00-04:00,158.97000122070312,159.60000610351562,157.57000732421875,159.27999877929688,141.6620330810547,2479300,0.0,0.0
2017-09-08 00:00:00-04:00,158.3699951171875,158.5,155.02999877929688,157.30999755859375,139.9099884033203,3364600,0.0,0.0
2017-09-11 00:00:00-04:00,157.88999938964844,158.0,157.05999755859375,157.36000061035156,139.95440673828125,2442500,0.0,0.0
2017-09-12 00:00:00-04:00,157.6699981689453,160.64999389648438,157.4499969482422,160.0399932861328,142.3379669189453,2988400,0.0,0.0
2017-09-13 00:00:00-04:00,160.13999938964844,163.9499969482422,160.00999450683594,162.99000549316406,144.96168518066406,4202000,0.0,0.0
2017-09-14 00:00:00-04:00,162.67999267578125,162.67999267578125,161.63999938964844,162.3699951171875,144.41029357910156,2493300,0.0,0.0
2017-09-15 00:00:00-04:00,162.24000549316406,162.6699981689453,161.6999969482422,162.3000030517578,144.34799194335938,3757800,0.0,0.0
2017-09-18 00:00:00-04:00,162.17999267578125,163.4600067138672,160.75999450683594,160.91000366210938,143.11178588867188,2047100,0.0,0.0
2017-09-19 00:00:00-04:00,160.9600067138672,161.66000366210938,159.9499969482422,161.55999755859375,143.6898651123047,1790800,0.0,0.0
2017-09-20 00:00:00-04:00,161.50999450683594,163.0399932861328,161.25999450683594,162.85000610351562,144.837158203125,2432300,0.0,0.0
2017-09-21 00:00:00-04:00,162.92999267578125,162.92999267578125,160.39999389648438,161.47999572753906,143.61866760253906,1738800,0.0,0.0
2017-09-22 00:00:00-04:00,160.89999389648438,162.0,160.3699951171875,161.2899932861328,143.44969177246094,1535900,0.0,0.0
2017-09-25 00:00:00-04:00,160.8300018310547,162.6999969482422,160.52000427246094,162.3300018310547,144.37464904785156,1799600,0.0,0.0
2017-09-26 00:00:00-04:00,162.7100067138672,164.72999572753906,162.58999633789062,164.07000732421875,145.92227172851562,2370400,0.0,0.0
2017-09-27 00:00:00-04:00,164.49000549316406,165.32000732421875,163.3800048828125,164.4199981689453,146.23353576660156,2053100,0.0,0.0
2017-09-28 00:00:00-04:00,164.47000122070312,164.9499969482422,163.5399932861328,163.89999389648438,145.77101135253906,1730200,0.0,0.0
2017-09-29 00:00:00-04:00,163.89999389648438,165.07000732421875,163.75999450683594,164.2899932861328,146.11785888671875,1852300,0.0,0.0
2017-10-02 00:00:00-04:00,164.9199981689453,166.4199981689453,164.2899932861328,165.88999938964844,147.54090881347656,2267100,0.0,0.0
2017-10-03 00:00:00-04:00,166.32000732421875,167.2899932861328,165.02999877929688,165.0800018310547,146.82046508789062,2839400,0.0,0.0
2017-10-04 00:00:00-04:00,165.22999572753906,165.92999267578125,164.69000244140625,165.2100067138672,146.93614196777344,1918600,0.0,0.0
2017-10-05 00:00:00-04:00,165.86000061035156,167.1199951171875,165.25,167.07000732421875,148.59042358398438,4715400,0.0,0.0
2017-10-06 00:00:00-04:00,159.0,159.4600067138672,156.5399932861328,157.08999633789062,139.7142333984375,18001200,0.0,0.0
2017-10-09 00:00:00-04:00,157.00999450683594,157.75,154.11000061035156,154.61000061035156,137.50857543945312,7028800,0.0,0.0
2017-10-10 00:00:00-04:00,155.6699981689453,157.36000061035156,155.0800018310547,156.8699951171875,139.51861572265625,5420200,0.0,0.0
2017-10-11 00:00:00-04:00,157.3000030517578,158.9600067138672,157.05999755859375,157.8699951171875,140.40802001953125,3859300,0.0,0.0
2017-10-12 00:00:00-04:00,157.8699951171875,157.99000549316406,156.36000061035156,157.22000122070312,139.82989501953125,3596300,0.0,0.0
2017-10-13 00:00:00-04:00,157.4199981689453,160.0800018310547,157.08999633789062,159.85000610351562,142.1689910888672,3634500,0.0,0.0
2017-10-16 00:00:00-04:00,159.3800048828125,159.8000030517578,158.32000732421875,158.80999755859375,141.2440643310547,2453700,0.0,0.0
2017-10-17 00:00:00-04:00,159.0,159.27000427246094,157.57000732421875,158.3800048828125,140.86160278320312,2426800,0.0,0.0
2017-10-18 00:00:00-04:00,158.83999633789062,158.83999633789062,157.30999755859375,157.5500030517578,140.12342834472656,3011300,0.0,0.0
2017-10-19 00:00:00-04:00,157.13999938964844,158.75999450683594,157.0,158.4600067138672,140.93276977539062,2981700,0.0,0.0
2017-10-20 00:00:00-04:00,158.97000122070312,161.00999450683594,158.50999450683594,160.77000427246094,142.9872283935547,3993200,0.0,0.0
2017-10-23 00:00:00-04:00,160.85000610351562,162.38999938964844,160.5800018310547,162.0399932861328,144.1167449951172,2811200,0.0,0.0
2017-10-24 00:00:00-04:00,161.16000366210938,162.88999938964844,161.0,162.2899932861328,144.3391571044922,3040700,0.0,0.0
2017-10-25 00:00:00-04:00,161.0,163.0,160.5800018310547,162.17999267578125,144.24124145507812,3603900,0.0,0.0
2017-10-26 00:00:00-04:00,162.4600067138672,163.5500030517578,160.7899932861328,162.4600067138672,144.49029541015625,3038900,0.0,0.0
2017-10-27 00:00:00-04:00,160.8000030517578,162.67999267578125,160.6999969482422,162.3800048828125,144.419189453125,3399900,0.0,0.0
2017-10-30 00:00:00-04:00,161.99000549316406,162.0,159.47000122070312,160.22999572753906,142.50692749023438,2550700,0.0,0.0
2017-10-31 00:00:00-04:00,159.83999633789062,161.27000427246094,159.72000122070312,161.0800018310547,143.26296997070312,2513600,0.0,0.0
2017-11-01 00:00:00-04:00,161.97000122070312,163.2899932861328,161.2899932861328,162.69000244140625,144.69488525390625,2129400,0.0,0.0
2017-11-02 00:00:00-04:00,163.72999572753906,165.5500030517578,162.61000061035156,164.9499969482422,146.70492553710938,3255700,0.0,0.0
2017-11-03 00:00:00-04:00,164.16000366210938,167.07000732421875,163.77999877929688,166.44000244140625,148.0301513671875,3112500,0.0,0.0
2017-11-06 00:00:00-05:00,165.8000030517578,166.58999633789062,164.97999572753906,165.0500030517578,146.79380798339844,1917300,0.0,0.0
2017-11-07 00:00:00-05:00,165.1999969482422,166.5,164.60000610351562,166.27999877929688,147.88775634765625,1944200,0.0,0.0
2017-11-08 00:00:00-05:00,166.6300048828125,169.19000244140625,166.02000427246094,169.0500030517578,150.3513946533203,3494300,0.0,0.0
2017-11-09 00:00:00-05:00,167.47999572753906,169.30999755859375,167.0500030517578,169.11000061035156,150.4047393798828,2094000,0.0,0.0
2017-11-10 00:00:00-05:00,168.44000244140625,171.3800048828125,168.0800018310547,171.36000061035156,152.40591430664062,2673100,0.0,0.0
2017-11-13 00:00:00-05:00,171.0,173.08999633789062,170.64999389648438,171.4600067138672,152.4947967529297,4093300,0.0,0.0
2017-11-14 00:00:00-05:00,170.82000732421875,171.8300018310547,169.77000427246094,171.44000244140625,152.47706604003906,1774300,0.0,0.0
2017-11-15 00:00:00-05:00,169.3000030517578,170.72999572753906,167.05999755859375,169.0,150.3069305419922,2439900,0.0,0.0
2017-11-16 00:00:00-05:00,170.22999572753906,171.33999633789062,169.16000366210938,170.97999572753906,152.51913452148438,2342700,0.5,0.0
2017-11-17 00:00:00-05:00,171.0,172.1999969482422,170.64999389648438,170.97999572753906,152.51913452148438,2100600,0.0,0.0
2017-11-20 00:00:00-05:00,171.11000061035156,172.52999877929688,170.85000610351562,172.27999877929688,153.6787872314453,1955000,0.0,0.0
2017-11-21 00:00:00-05:00,172.9600067138672,174.19000244140625,172.5500030517578,173.4199981689453,154.69566345214844,2360200,0.0,0.0
2017-11-22 00:00:00-05:00,173.83999633789062,174.0,171.10000610351562,172.47999572753906,153.857177734375,1950100,0.0,0.0
2017-11-24 00:00:00-05:00,172.3800048828125,173.16000366210938,171.5,171.6199951171875,153.09010314941406,789400,0.0,0.0
2017-11-27 00:00:00-05:00,172.25,173.05999755859375,171.1199951171875,172.61000061035156,153.97315979003906,2346700,0.0,0.0
2017-11-28 00:00:00-05:00,173.32000732421875,174.17999267578125,172.5500030517578,173.64999389648438,154.90086364746094,2728400,0.0,0.0
2017-11-29 00:00:00-05:00,174.0,177.74000549316406,173.5500030517578,177.52999877929688,158.36195373535156,4683000,0.0,0.0
2017-11-30 00:00:00-05:00,180.42999267578125,184.89999389648438,180.22000122070312,184.42999267578125,164.5169677734375,7716600,0.0,0.0
2017-12-01 00:00:00-05:00,183.25999450683594,185.17999267578125,181.1300048828125,185.1300048828125,165.14137268066406,4034400,0.0,0.0
2017-12-04 00:00:00-05:00,187.22000122070312,189.8800048828125,186.55999755859375,189.55999755859375,169.09304809570312,5774200,0.0,0.0
2017-12-05 00:00:00-05:00,189.6699981689453,191.22000122070312,186.85000610351562,187.82000732421875,167.5409698486328,3182800,0.0,0.0
2017-12-06 00:00:00-05:00,187.6199951171875,187.97999572753906,185.50999450683594,187.22000122070312,167.0057373046875,3569200,0.0,0.0
2017-12-07 00:00:00-05:00,186.50999450683594,187.8000030517578,185.55999755859375,186.1999969482422,166.09588623046875,2240800,0.0,0.0
2017-12-08 00:00:00-05:00,186.7899932861328,188.52999877929688,185.9499969482422,188.07000732421875,167.76397705078125,1772500,0.0,0.0
2017-12-11 00:00:00-05:00,188.2100067138672,188.89999389648438,187.0399932861328,188.86000061035156,168.46865844726562,1964100,0.0,0.0
2017-12-12 00:00:00-05:00,186.9600067138672,189.1199951171875,186.8000030517578,188.3000030517578,167.9690704345703,3365700,0.0,0.0
2017-12-13 00:00:00-05:00,188.52999877929688,190.1199951171875,187.8000030517578,188.27999877929688,167.95127868652344,3062900,0.0,0.0
2017-12-14 00:00:00-05:00,188.5800018310547,189.74000549316406,186.1699981689453,186.52999877929688,166.3902130126953,3743200,0.0,0.0
2017-12-15 00:00:00-05:00,193.41000366210938,195.35000610351562,192.0,192.72999572753906,171.92076110839844,8452900,0.0,0.0
2017-12-18 00:00:00-05:00,192.6300048828125,194.35000610351562,191.89999389648438,192.30999755859375,171.54615783691406,3492300,0.0,0.0
2017-12-19 00:00:00-05:00,192.91000366210938,193.0,187.0,188.3300018310547,167.99591064453125,3959900,0.0,0.0
2017-12-20 00:00:00-05:00,189.0399932861328,189.25999450683594,185.39999389648438,187.50999450683594,167.26437377929688,3894400,0.0,0.0
2017-12-21 00:00:00-05:00,188.0,188.39999389648438,186.5800018310547,186.8000030517578,166.63107299804688,1908100,0.0,0.0
2017-12-22 00:00:00-05:00,187.27000427246094,187.47999572753906,185.97000122070312,186.6300048828125,166.4794158935547,1078300,0.0,0.0
2017-12-26 00:00:00-05:00,186.19000244140625,187.33999633789062,186.1199951171875,186.5500030517578,166.4080352783203,1120000,0.0,0.0
2017-12-27 00:00:00-05:00,186.85000610351562,187.05999755859375,185.8000030517578,186.3000030517578,166.18507385253906,1175200,0.0,0.0
2017-12-28 00:00:00-05:00,186.57000732421875,187.02000427246094,186.19000244140625,186.6199951171875,166.4705047607422,1017000,0.0,0.0
2017-12-29 00:00:00-05:00,186.4600067138672,187.60000610351562,185.92999267578125,186.1199951171875,166.02450561523438,2028000,0.0,0.0
2018-01-02 00:00:00-05:00,187.22999572753906,190.67999267578125,186.74000549316406,188.32000732421875,167.98696899414062,2509300,0.0,0.0
2018-01-03 00:00:00-05:00,188.82000732421875,192.10000610351562,188.3800048828125,190.5800018310547,170.00296020507812,3364400,0.0,0.0
2018-01-04 00:00:00-05:00,192.0,192.3000030517578,187.55999755859375,189.10000610351562,168.6826934814453,3525800,0.0,0.0
2018-01-05 00:00:00-05:00,189.42999267578125,189.67999267578125,186.72000122070312,187.75,167.478515625,2819000,0.0,0.0
2018-01-08 00:00:00-05:00,187.32000732421875,188.97999572753906,187.25,188.47999572753906,168.12966918945312,1961800,0.0,0.0
2018-01-09 00:00:00-05:00,189.00999450683594,189.3000030517578,186.14999389648438,186.2899932861328,166.17611694335938,2241900,0.0,0.0
2018-01-10 00:00:00-05:00,185.75,186.24000549316406,183.8800048828125,185.4199981689453,165.40003967285156,2609500,0.0,0.0
2018-01-11 00:00:00-05:00,185.42999267578125,190.6699981689453,185.02999877929688,189.3800048828125,168.93247985839844,4678600,0.0,0.0
2018-01-12 00:00:00-05:00,190.10000610351562,192.17999267578125,190.0,191.83999633789062,171.12684631347656,3499500,0.0,0.0
2018-01-16 00:00:00-05:00,192.35000610351562,192.83999633789062,190.88999938964844,191.52999877929688,170.850341796875,2006600,0.0,0.0
2018-01-17 00:00:00-05:00,192.52999877929688,192.55999755859375,191.33999633789062,192.2899932861328,171.52825927734375,2585200,0.0,0.0
2018-01-18 00:00:00-05:00,192.22999572753906,193.02999877929688,191.22000122070312,191.50999450683594,170.83253479003906,1908000,0.0,0.0
2018-01-19 00:00:00-05:00,191.7100067138672,192.63999938964844,191.16000366210938,192.2899932861328,171.52825927734375,2353800,0.0,0.0
2018-01-22 00:00:00-05:00,192.5,194.75999450683594,192.05999755859375,194.3800048828125,173.3926239013672,3009100,0.0,0.0
2018-01-23 00:00:00-05:00,193.61000061035156,194.10000610351562,192.07000732421875,193.4199981689453,172.53628540039062,2316400,0.0,0.0
2018-01-24 00:00:00-05:00,194.42999267578125,194.75,191.92999267578125,194.24000549316406,173.2677764892578,2799200,0.0,0.0
2018-01-25 00:00:00-05:00,195.0,198.4499969482422,194.74000549316406,197.9499969482422,176.57717895507812,3558700,0.0,0.0
2018-01-26 00:00:00-05:00,197.75,199.22999572753906,195.69000244140625,198.91000366210938,177.4335174560547,2756200,0.0,0.0
2018-01-29 00:00:00-05:00,198.3699951171875,199.8800048828125,197.55999755859375,198.32000732421875,176.9072723388672,2031100,0.0,0.0
2018-01-30 00:00:00-05:00,197.58999633789062,198.7899932861328,196.0800018310547,197.91000366210938,176.5415496826172,2285000,0.0,0.0
2018-01-31 00:00:00-05:00,197.44000244140625,198.47000122070312,194.10000610351562,194.8699951171875,173.8297119140625,2682300,0.0,0.0
2018-02-01 00:00:00-05:00,193.41000366210938,195.39999389648438,192.44000244140625,193.47000122070312,172.5808868408203,2096600,0.0,0.0
2018-02-02 00:00:00-05:00,191.25,193.60000610351562,190.8000030517578,190.99000549316406,170.36868286132812,2386600,0.0,0.0
2018-02-05 00:00:00-05:00,190.66000366210938,192.10000610351562,182.52999877929688,182.77000427246094,163.0362091064453,3407200,0.0,0.0
2018-02-06 00:00:00-05:00,178.91000366210938,185.24000549316406,176.1999969482422,185.00999450683594,165.03431701660156,4067900,0.0,0.0
2018-02-07 00:00:00-05:00,184.60000610351562,186.19000244140625,183.07000732421875,183.19000244140625,163.41082763671875,2594800,0.0,0.0
2018-02-08 00:00:00-05:00,184.50999450683594,184.50999450683594,178.52999877929688,178.61000061035156,159.32534790039062,3013200,0.0,0.0
2018-02-09 00:00:00-05:00,179.77999877929688,182.07000732421875,175.7899932861328,180.72000122070312,161.20755004882812,2777200,0.0,0.0
2018-02-12 00:00:00-05:00,181.83999633789062,183.25999450683594,180.3800048828125,181.05999755859375,161.5108184814453,1596200,0.0,0.0
2018-02-13 00:00:00-05:00,180.22000122070312,184.60000610351562,180.0500030517578,184.14999389648438,164.26718139648438,2123900,0.0,0.0
2018-02-14 00:00:00-05:00,182.7100067138672,188.47999572753906,182.30999755859375,187.35000610351562,167.12164306640625,2191000,0.0,0.0
2018-02-15 00:00:00-05:00,188.08999633789062,191.7100067138672,186.57000732421875,191.47999572753906,171.26280212402344,2072900,0.5,0.0
2018-02-16 00:00:00-05:00,191.4499969482422,194.6199951171875,191.0399932861328,191.55999755859375,171.33441162109375,1969300,0.0,0.0
2018-02-20 00:00:00-05:00,189.8699951171875,191.47999572753906,187.6300048828125,188.1199951171875,168.2576141357422,2202100,0.0,0.0
2018-02-21 00:00:00-05:00,188.52999877929688,189.13999938964844,185.69000244140625,185.75,166.13778686523438,1747200,0.0,0.0
2018-02-22 00:00:00-05:00,186.35000610351562,188.3300018310547,185.66000366210938,186.58999633789062,166.88912963867188,1360100,0.0,0.0
2018-02-23 00:00:00-05:00,187.8300018310547,189.85000610351562,185.91000366210938,189.80999755859375,169.76910400390625,1561700,0.0,0.0
2018-02-26 00:00:00-05:00,190.10000610351562,193.10000610351562,189.92999267578125,192.80999755859375,172.45242309570312,1852400,0.0,0.0
2018-02-27 00:00:00-05:00,193.4499969482422,195.52000427246094,190.10000610351562,190.10000610351562,170.0285186767578,2170400,0.0,0.0
2018-02-28 00:00:00-05:00,191.60000610351562,193.75999450683594,190.88999938964844,190.89999389648438,170.7440185546875,2179800,0.0,0.0
2018-03-01 00:00:00-05:00,191.30999755859375,192.99000549316406,187.32000732421875,189.02999877929688,169.07150268554688,2447700,0.0,0.0
2018-03-02 00:00:00-05:00,187.47999572753906,190.38999938964844,187.22000122070312,189.3300018310547,169.33984375,2275900,0.0,0.0
2018-03-05 00:00:00-05:00,188.4499969482422,191.97999572753906,187.5,191.47999572753906,171.26280212402344,2155800,0.0,0.0
2018-03-06 00:00:00-05:00,192.13999938964844,192.25,190.07000732421875,191.4600067138672,171.24490356445312,2458700,0.0,0.0
2018-03-07 00:00:00-05:00,189.2100067138672,189.75,184.77999877929688,187.36000061035156,167.5778045654297,5157100,0.0,0.0
2018-03-08 00:00:00-05:00,186.19000244140625,186.35000610351562,183.0800018310547,185.69000244140625,166.0841522216797,6061500,0.0,0.0
2018-03-09 00:00:00-05:00,186.5,188.63999938964844,184.22000122070312,188.5800018310547,168.6690216064453,3288100,0.0,0.0
2018-03-12 00:00:00-04:00,188.27000427246094,190.10000610351562,187.5500030517578,189.3699951171875,169.37554931640625,2394100,0.0,0.0
2018-03-13 00:00:00-04:00,190.0500030517578,190.1199951171875,186.8000030517578,187.4600067138672,167.667236328125,1964300,0.0,0.0
2018-03-14 00:00:00-04:00,188.77999877929688,189.00999450683594,183.5,184.6300048828125,165.1360626220703,2866000,0.0,0.0
2018-03-15 00:00:00-04:00,184.82000732421875,186.57000732421875,184.16000366210938,185.50999450683594,165.92315673828125,1811300,0.0,0.0
2018-03-16 00:00:00-04:00,186.17999267578125,186.25,184.47000122070312,185.8699951171875,166.24514770507812,3569400,0.0,0.0
2018-03-19 00:00:00-04:00,185.6300048828125,185.97999572753906,182.80999755859375,184.14999389648438,164.70668029785156,2493200,0.0,0.0
2018-03-20 00:00:00-04:00,185.10000610351562,187.5800018310547,184.60000610351562,187.35000610351562,167.5688934326172,1852500,0.0,0.0
2018-03-21 00:00:00-04:00,186.8300018310547,187.88999938964844,186.05999755859375,186.07000732421875,166.4239959716797,2048300,0.0,0.0
2018-03-22 00:00:00-04:00,184.89999389648438,185.5500030517578,182.5,182.63999938964844,163.35617065429688,2489800,0.0,0.0
2018-03-23 00:00:00-04:00,183.27999877929688,184.4499969482422,180.8300018310547,180.83999633789062,161.74624633789062,2351800,0.0,0.0
2018-03-26 00:00:00-04:00,183.02999877929688,187.55999755859375,182.33999633789062,187.22000122070312,167.4525909423828,2036600,0.0,0.0
2018-03-27 00:00:00-04:00,187.44000244140625,187.66000366210938,182.05999755859375,183.14999389648438,163.81231689453125,2495300,0.0,0.0
2018-03-28 00:00:00-04:00,183.61000061035156,184.6199951171875,181.22999572753906,183.61000061035156,164.22377014160156,2168700,0.0,0.0
2018-03-29 00:00:00-04:00,184.74000549316406,188.63999938964844,184.41000366210938,188.42999267578125,168.53485107421875,3016000,0.0,0.0
2018-04-02 00:00:00-04:00,186.91000366210938,186.91000366210938,181.0500030517578,182.75,163.45458984375,3599200,0.0,0.0
2018-04-03 00:00:00-04:00,183.52999877929688,184.1699981689453,181.35000610351562,182.61000061035156,163.32937622070312,2287000,0.0,0.0
2018-04-04 00:00:00-04:00,181.1300048828125,186.35000610351562,180.94000244140625,185.52000427246094,165.93211364746094,2111000,0.0,0.0
2018-04-05 00:00:00-04:00,186.6999969482422,187.0,184.92999267578125,186.25,166.5850067138672,1933600,0.0,0.0
2018-04-06 00:00:00-04:00,185.33999633789062,187.25,183.10000610351562,183.9600067138672,164.5368194580078,2259000,0.0,0.0
2018-04-09 00:00:00-04:00,185.1999969482422,187.39999389648438,183.5,184.41000366210938,164.93931579589844,1946000,0.0,0.0
2018-04-10 00:00:00-04:00,185.75,185.97000122070312,182.1699981689453,183.5500030517578,164.17007446289062,2526000,0.0,0.0
2018-04-11 00:00:00-04:00,182.25,186.3699951171875,182.22000122070312,184.64999389648438,165.15394592285156,1697300,0.0,0.0
2018-04-12 00:00:00-04:00,185.5,190.0399932861328,185.49000549316406,188.82000732421875,168.88369750976562,2841600,0.0,0.0
2018-04-13 00:00:00-04:00,189.80999755859375,189.8300018310547,187.00999450683594,188.91000366210938,168.96417236328125,1744400,0.0,0.0
2018-04-16 00:00:00-04:00,191.83999633789062,195.8000030517578,191.3800048828125,194.5800018310547,174.03549194335938,3026800,0.0,0.0
2018-04-17 00:00:00-04:00,195.66000366210938,196.8800048828125,194.72999572753906,196.0,175.3055419921875,2160500,0.0,0.0
2018-04-18 00:00:00-04:00,196.3000030517578,197.77000427246094,196.1199951171875,196.50999450683594,175.76173400878906,1663100,0.0,0.0
2018-04-19 00:00:00-04:00,196.16000366210938,196.39999389648438,193.5,195.07000732421875,174.47377014160156,2427600,0.0,0.0
2018-04-20 00:00:00-04:00,194.42999267578125,195.6699981689453,192.75,193.55999755859375,173.12318420410156,2252800,0.0,0.0
2018-04-23 00:00:00-04:00,193.80999755859375,194.3800048828125,192.25999450683594,193.35000610351562,172.93540954589844,1618000,0.0,0.0
2018-04-24 00:00:00-04:00,194.5399932861328,195.36000061035156,191.14999389648438,192.50999450683594,172.18405151367188,1598900,0.0,0.0
2018-04-25 00:00:00-04:00,192.22999572753906,194.6699981689453,191.38999938964844,193.97000122070312,173.4899139404297,1311700,0.0,0.0
2018-04-26 00:00:00-04:00,194.1199951171875,196.44000244140625,193.33999633789062,195.25999450683594,174.6436767578125,1445800,0.0,0.0
2018-04-27 00:00:00-04:00,194.9499969482422,196.9199981689453,194.52999877929688,196.5800018310547,175.8242950439453,1563100,0.0,0.0
2018-04-30 00:00:00-04:00,197.10000610351562,199.0399932861328,196.38999938964844,197.16000366210938,176.3430938720703,2165000,0.0,0.0
2018-05-01 00:00:00-04:00,196.49000549316406,197.0800018310547,193.50999450683594,196.5500030517578,175.79750061035156,1413200,0.0,0.0
2018-05-02 00:00:00-04:00,195.47999572753906,195.5800018310547,192.4499969482422,194.0,173.5167236328125,2498100,0.0,0.0
2018-05-03 00:00:00-04:00,193.9199981689453,193.99000549316406,190.17999267578125,193.00999450683594,172.63128662109375,1815500,0.0,0.0
2018-05-04 00:00:00-04:00,192.83999633789062,196.39999389648438,191.27999877929688,195.19000244140625,174.58111572265625,1704500,0.0,0.0
2018-05-07 00:00:00-04:00,195.77999877929688,195.8000030517578,192.2100067138672,193.05999755859375,172.67601013183594,2361900,0.0,0.0
2018-05-08 00:00:00-04:00,192.99000549316406,195.1999969482422,192.4199981689453,194.47999572753906,173.94602966308594,1908600,0.0,0.0
2018-05-09 00:00:00-04:00,194.14999389648438,196.4199981689453,193.14999389648438,196.0399932861328,175.3413848876953,1999100,0.0,0.0
2018-05-10 00:00:00-04:00,196.0500030517578,196.92999267578125,194.1999969482422,195.4499969482422,175.3234100341797,1874200,0.57,0.0
2018-05-11 00:00:00-04:00,195.3300018310547,195.97999572753906,194.57000732421875,195.75999450683594,175.60150146484375,1296300,0.0,0.0
2018-05-14 00:00:00-04:00,195.9600067138672,197.27000427246094,195.4199981689453,195.8800048828125,175.70913696289062,1440900,0.0,0.0
2018-05-15 00:00:00-04:00,194.75999450683594,196.6999969482422,193.25999450683594,195.47999572753906,175.35028076171875,2319600,0.0,0.0
2018-05-16 00:00:00-04:00,196.07000732421875,199.35000610351562,195.0,198.7100067138672,178.2476806640625,2163200,0.0,0.0
2018-05-17 00:00:00-04:00,199.05999755859375,201.35000610351562,197.88999938964844,199.60000610351562,179.04611206054688,2391000,0.0,0.0
2018-05-18 00:00:00-04:00,199.5,199.52000427246094,197.77999877929688,198.9600067138672,178.4720001220703,1624600,0.0,0.0
2018-05-21 00:00:00-04:00,199.60000610351562,201.33999633789062,199.08999633789062,199.6199951171875,179.06399536132812,1202800,0.0,0.0
2018-05-22 00:00:00-04:00,199.72000122070312,201.77000427246094,198.8300018310547,198.97000122070312,178.48094177246094,1563600,0.0,0.0
2018-05-23 00:00:00-04:00,199.08999633789062,199.08999633789062,196.77000427246094,198.13999938964844,177.7364044189453,1635100,0.0,0.0
2018-05-24 00:00:00-04:00,198.2899932861328,199.08999633789062,196.82000732421875,198.88999938964844,178.40924072265625,1176300,0.0,0.0
2018-05-25 00:00:00-04:00,198.88999938964844,200.22000122070312,197.82000732421875,198.36000061035156,177.93377685546875,1331000,0.0,0.0
2018-05-29 00:00:00-04:00,198.10000610351562,198.83999633789062,196.0,196.74000549316406,176.4805908203125,2298100,0.0,0.0
2018-05-30 00:00:00-04:00,198.16000366210938,200.52999877929688,197.75,199.63999938964844,179.08197021484375,2390900,0.0,0.0
2018-05-31 00:00:00-04:00,200.22000122070312,200.6999969482422,197.6999969482422,198.24000549316406,177.82614135742188,4822800,0.0,0.0
2018-06-01 00:00:00-04:00,195.4499969482422,198.99000549316406,195.0,197.1300048828125,176.83045959472656,4056400,0.0,0.0
2018-06-04 00:00:00-04:00,197.32000732421875,199.0399932861328,197.25,198.6199951171875,178.16702270507812,1870600,0.0,0.0
2018-06-05 00:00:00-04:00,199.22000122070312,199.35000610351562,196.99000549316406,197.83999633789062,177.46726989746094,1868500,0.0,0.0
2018-06-06 00:00:00-04:00,198.00999450683594,198.39999389648438,196.6999969482422,197.66000366210938,177.3058624267578,2066900,0.0,0.0
2018-06-07 00:00:00-04:00,200.5,202.8800048828125,199.41000366210938,202.57000732421875,181.7102508544922,2735000,0.0,0.0
2018-06-08 00:00:00-04:00,201.50999450683594,204.00999450683594,201.0,203.75999450683594,182.7777099609375,2052500,0.0,0.0
2018-06-11 00:00:00-04:00,203.75999450683594,204.88999938964844,203.4199981689453,204.5,183.4414520263672,1684800,0.0,0.0
2018-06-12 00:00:00-04:00,204.25,205.0800018310547,203.22999572753906,204.8800048828125,183.78233337402344,1384800,0.0,0.0
2018-06-13 00:00:00-04:00,204.9199981689453,205.8300018310547,203.2100067138672,204.11000061035156,183.09165954589844,1665800,0.0,0.0
2018-06-14 00:00:00-04:00,204.8699951171875,205.72999572753906,204.2899932861328,205.1199951171875,183.9976348876953,1685000,0.0,0.0
2018-06-15 00:00:00-04:00,205.39999389648438,207.6699981689453,204.57000732421875,207.32000732421875,185.9710693359375,3879600,0.0,0.0
2018-06-18 00:00:00-04:00,206.0,208.11000061035156,205.14999389648438,206.2100067138672,184.97537231445312,1975000,0.0,0.0
2018-06-19 00:00:00-04:00,204.89999389648438,207.80999755859375,204.6199951171875,207.52999877929688,186.15945434570312,1940600,0.0,0.0
2018-06-20 00:00:00-04:00,207.75999450683594,208.58999633789062,206.9600067138672,207.97999572753906,186.56317138671875,1527700,0.0,0.0
2018-06-21 00:00:00-04:00,208.1699981689453,211.11000061035156,208.0,209.9600067138672,188.3392333984375,1825800,0.0,0.0
2018-06-22 00:00:00-04:00,210.3699951171875,211.77000427246094,210.02000427246094,211.10000610351562,189.3618927001953,1738600,0.0,0.0
2018-06-25 00:00:00-04:00,210.00999450683594,212.0800018310547,209.97000122070312,211.75,189.94491577148438,2398600,0.0,0.0
2018-06-26 00:00:00-04:00,212.3800048828125,212.4600067138672,209.97000122070312,210.08999633789062,188.455810546875,2276700,0.0,0.0
2018-06-27 00:00:00-04:00,210.5,212.4199981689453,209.61000061035156,210.02999877929688,188.4019775390625,2211700,0.0,0.0
2018-06-28 00:00:00-04:00,210.0,211.19000244140625,208.0500030517578,208.7100067138672,187.2179718017578,1826700,0.0,0.0
2018-06-29 00:00:00-04:00,209.66000366210938,210.52999877929688,208.32000732421875,208.97999572753906,187.46014404296875,2164600,0.0,0.0
2018-07-02 00:00:00-04:00,208.4199981689453,208.82000732421875,206.0500030517578,207.99000549316406,186.5721435546875,1876100,0.0,0.0
2018-07-03 00:00:00-04:00,208.52999877929688,209.91000366210938,206.89999389648438,207.1199951171875,185.79168701171875,842100,0.0,0.0
2018-07-05 00:00:00-04:00,208.1999969482422,209.2899932861328,207.5500030517578,209.13999938964844,187.60365295410156,1436700,0.0,0.0
2018-07-06 00:00:00-04:00,207.13999938964844,210.38999938964844,206.66000366210938,209.6199951171875,188.0342254638672,1523200,0.0,0.0
2018-07-09 00:00:00-04:00,210.52000427246094,211.7899932861328,210.0,210.94000244140625,189.21829223632812,1738300,0.0,0.0
2018-07-10 00:00:00-04:00,210.99000549316406,212.6999969482422,210.8300018310547,211.6999969482422,189.9000244140625,1687800,0.0,0.0
2018-07-11 00:00:00-04:00,211.2100067138672,211.77999877929688,209.97000122070312,210.9499969482422,189.22726440429688,1472800,0.0,0.0
2018-07-12 00:00:00-04:00,212.5399932861328,214.1699981689453,212.22000122070312,214.02000427246094,191.98118591308594,2222000,0.0,0.0
2018-07-13 00:00:00-04:00,214.0,216.63999938964844,213.7100067138672,216.5399932861328,194.2416229248047,1951200,0.0,0.0
2018-07-16 00:00:00-04:00,216.63999938964844,217.1300048828125,213.89999389648438,214.85000610351562,192.7257080078125,2078200,0.0,0.0
2018-07-17 00:00:00-04:00,214.05999755859375,216.16000366210938,214.0,215.0,192.86024475097656,2064800,0.0,0.0
2018-07-18 00:00:00-04:00,215.33999633789062,215.8800048828125,213.60000610351562,214.97000122070312,192.8333740234375,1869500,0.0,0.0
2018-07-19 00:00:00-04:00,214.4600067138672,218.1999969482422,214.02999877929688,217.5399932861328,195.13864135742188,2790800,0.0,0.0
2018-07-20 00:00:00-04:00,216.97999572753906,218.94000244140625,216.24000549316406,218.69000244140625,196.1702880859375,1793900,0.0,0.0
2018-07-23 00:00:00-04:00,219.8800048828125,220.4600067138672,218.1999969482422,218.83999633789062,196.30482482910156,1394300,0.0,0.0
2018-07-24 00:00:00-04:00,219.41000366210938,220.67999267578125,217.58999633789062,218.5800018310547,196.0715789794922,1453900,0.0,0.0
2018-07-25 00:00:00-04:00,217.61000061035156,220.82000732421875,217.3699951171875,220.6999969482422,197.97329711914062,1560200,0.0,0.0
2018-07-26 00:00:00-04:00,222.0,224.6199951171875,220.82000732421875,221.72000122070312,198.88827514648438,1820000,0.0,0.0
2018-07-27 00:00:00-04:00,222.30999755859375,222.5,218.75999450683594,219.64999389648438,197.03138732910156,1596800,0.0,0.0
2018-07-30 00:00:00-04:00,219.0399932861328,220.1199951171875,218.61000061035156,219.11000061035156,196.54705810546875,1292700,0.0,0.0
2018-07-31 00:00:00-04:00,219.69000244140625,220.07000732421875,218.3300018310547,218.7100067138672,196.18821716308594,1888500,0.0,0.0
2018-08-01 00:00:00-04:00,218.64999389648438,219.10000610351562,216.25,217.1300048828125,194.77090454101562,1841300,0.0,0.0
2018-08-02 00:00:00-04:00,215.00999450683594,221.39999389648438,215.00999450683594,221.1199951171875,198.3500518798828,1904800,0.0,0.0
2018-08-03 00:00:00-04:00,221.0,222.6199951171875,221.0,222.02999877929688,199.16632080078125,1195700,0.0,0.0
2018-08-06 00:00:00-04:00,221.42999267578125,223.27000427246094,221.00999450683594,222.72000122070312,199.7852783203125,1285500,0.0,0.0
2018-08-07 00:00:00-04:00,223.24000549316406,225.47999572753906,222.97999572753906,223.86000061035156,200.80789184570312,1428100,0.0,0.0
2018-08-08 00:00:00-04:00,222.86000061035156,224.8800048828125,222.24000549316406,224.5800018310547,201.45372009277344,2010700,0.0,0.0
2018-08-09 00:00:00-04:00,221.6199951171875,222.35000610351562,216.91000366210938,218.24000549316406,195.76661682128906,3637100,0.0,0.0
2018-08-10 00:00:00-04:00,218.13999938964844,221.72000122070312,217.75,220.30999755859375,197.62350463867188,2830800,0.0,0.0
2018-08-13 00:00:00-04:00,221.02999877929688,221.5800018310547,219.05999755859375,219.55999755859375,196.95068359375,1518900,0.0,0.0
2018-08-14 00:00:00-04:00,220.00999450683594,222.55999755859375,219.86000061035156,222.0,199.139404296875,1450600,0.0,0.0
2018-08-15 00:00:00-04:00,220.72000122070312,222.11000061035156,218.77000427246094,221.6699981689453,198.84339904785156,1844100,0.0,0.0
2018-08-16 00:00:00-04:00,223.4499969482422,224.25999450683594,222.13999938964844,223.19000244140625,200.2069549560547,1657700,0.0,0.0
2018-08-17 00:00:00-04:00,222.3300018310547,225.8800048828125,222.14999389648438,225.67999267578125,202.44049072265625,1980900,0.0,0.0
2018-08-20 00:00:00-04:00,226.0,228.22000122070312,225.97000122070312,227.35000610351562,203.93853759765625,1783700,0.0,0.0
2018-08-21 00:00:00-04:00,229.49000549316406,230.10000610351562,227.6999969482422,228.5399932861328,205.00595092773438,2066700,0.0,0.0
2018-08-22 00:00:00-04:00,228.47999572753906,230.22999572753906,228.3800048828125,229.2100067138672,205.60699462890625,1267900,0.0,0.0
2018-08-23 00:00:00-04:00,229.0,230.35000610351562,228.57000732421875,229.50999450683594,205.8760528564453,1337900,0.0,0.0
2018-08-24 00:00:00-04:00,230.0,232.05999755859375,229.60000610351562,231.27999877929688,207.4637908935547,1453200,0.0,0.0
2018-08-27 00:00:00-04:00,232.74000549316406,232.86000061035156,228.10000610351562,230.02999877929688,206.342529296875,1904100,0.0,0.0
2018-08-28 00:00:00-04:00,230.94000244140625,231.8300018310547,229.83999633789062,230.25999450683594,206.54881286621094,1882100,0.0,0.0
2018-08-29 00:00:00-04:00,231.7899932861328,232.0,228.72999572753906,230.19000244140625,206.48606872558594,1793600,0.0,0.0
2018-08-30 00:00:00-04:00,229.6199951171875,231.16000366210938,229.44000244140625,230.8300018310547,207.5740966796875,1272000,0.57,0.0
2018-08-31 00:00:00-04:00,230.2100067138672,233.52000427246094,230.2100067138672,233.1300048828125,209.64244079589844,1881300,0.0,0.0
2018-09-04 00:00:00-04:00,233.13999938964844,234.91000366210938,233.13999938964844,234.67999267578125,211.03622436523438,1858400,0.0,0.0
2018-09-05 00:00:00-04:00,234.57000732421875,236.1699981689453,233.1999969482422,235.61000061035156,211.87258911132812,2126000,0.0,0.0
2018-09-06 00:00:00-04:00,235.47000122070312,236.77000427246094,235.05999755859375,236.67999267578125,212.83477783203125,1853200,0.0,0.0
2018-09-07 00:00:00-04:00,237.30999755859375,242.9499969482422,237.1999969482422,241.4600067138672,217.13320922851562,2722400,0.0,0.0
2018-09-10 00:00:00-04:00,243.0,243.8000030517578,242.1199951171875,243.17999267578125,218.67991638183594,2817300,0.0,0.0
2018-09-11 00:00:00-04:00,243.92999267578125,245.16000366210938,243.1699981689453,244.2100067138672,219.6061553955078,2185700,0.0,0.0
2018-09-12 00:00:00-04:00,245.0,245.1199951171875,242.22999572753906,242.44000244140625,218.01441955566406,1912000,0.0,0.0
2018-09-13 00:00:00-04:00,242.5,243.99000549316406,241.0500030517578,241.27000427246094,216.96231079101562,2078200,0.0,0.0
2018-09-14 00:00:00-04:00,239.0,239.0,234.47000122070312,235.3800048828125,211.66574096679688,3875300,0.0,0.0
2018-09-17 00:00:00-04:00,234.05999755859375,234.58999633789062,231.50999450683594,232.0,208.6262969970703,2884600,0.0,0.0
2018-09-18 00:00:00-04:00,231.97999572753906,235.47000122070312,231.6999969482422,234.35000610351562,210.73953247070312,2000200,0.0,0.0
2018-09-19 00:00:00-04:00,234.6199951171875,234.74000549316406,232.4199981689453,233.85000610351562,210.28988647460938,1581400,0.0,0.0
2018-09-20 00:00:00-04:00,234.60000610351562,235.0,232.32000732421875,233.9199981689453,210.35276794433594,1910100,0.0,0.0
2018-09-21 00:00:00-04:00,234.3699951171875,235.83999633789062,234.00999450683594,234.75999450683594,211.10816955566406,3717800,0.0,0.0
2018-09-24 00:00:00-04:00,234.19000244140625,234.85000610351562,232.89999389648438,233.33999633789062,209.83128356933594,1530400,0.0,0.0
2018-09-25 00:00:00-04:00,234.02999877929688,234.66000366210938,232.72999572753906,232.92999267578125,209.46253967285156,1889700,0.0,0.0
2018-09-26 00:00:00-04:00,233.57000732421875,235.66000366210938,233.4499969482422,233.80999755859375,210.25389099121094,2008500,0.0,0.0
2018-09-27 00:00:00-04:00,233.6999969482422,235.6699981689453,232.33999633789062,234.0,210.4247589111328,1421400,0.0,0.0
2018-09-28 00:00:00-04:00,233.86000061035156,235.47000122070312,233.7899932861328,234.8800048828125,211.2161102294922,1602800,0.0,0.0
2018-10-01 00:00:00-04:00,235.80999755859375,236.52999877929688,234.42999267578125,234.64999389648438,211.00926208496094,1673100,0.0,0.0
2018-10-02 00:00:00-04:00,234.10000610351562,237.57000732421875,233.8699951171875,236.35000610351562,212.53802490234375,1647600,0.0,0.0
2018-10-03 00:00:00-04:00,236.6199951171875,237.30999755859375,232.72999572753906,233.1999969482422,209.70538330078125,2322300,0.0,0.0
2018-10-04 00:00:00-04:00,233.25999450683594,234.0,230.66000366210938,231.67999267578125,208.33848571777344,2862800,0.0,0.0
2018-10-05 00:00:00-04:00,225.0,227.05999755859375,217.7899932861328,218.82000732421875,196.774169921875,7379000,0.0,0.0
2018-10-08 00:00:00-04:00,219.33999633789062,224.5,219.25999450683594,223.92999267578125,201.3692626953125,3863500,0.0,0.0
2018-10-09 00:00:00-04:00,224.14999389648438,225.14999389648438,222.55999755859375,224.1699981689453,201.58509826660156,2502800,0.0,0.0
2018-10-10 00:00:00-04:00,224.10000610351562,225.0,221.0399932861328,221.0500030517578,198.77947998046875,3021400,0.0,0.0
2018-10-11 00:00:00-04:00,222.91000366210938,225.32000732421875,220.92999267578125,221.82000732421875,199.47189331054688,3650900,0.0,0.0
2018-10-12 00:00:00-04:00,225.1999969482422,227.6199951171875,223.38999938964844,226.9499969482422,204.08502197265625,3130500,0.0,0.0
2018-10-15 00:00:00-04:00,226.25,226.94000244140625,224.25,224.50999450683594,201.89083862304688,2441900,0.0,0.0
2018-10-16 00:00:00-04:00,224.8699951171875,228.25999450683594,224.32000732421875,227.67999267578125,204.74148559570312,2541800,0.0,0.0
2018-10-17 00:00:00-04:00,228.4499969482422,228.8800048828125,225.50999450683594,228.49000549316406,205.46986389160156,2129300,0.0,0.0
2018-10-18 00:00:00-04:00,228.5399932861328,230.64999389648438,226.25,228.5800018310547,205.55084228515625,2624600,0.0,0.0
2018-10-19 00:00:00-04:00,228.89999389648438,230.6300048828125,228.72000122070312,229.6699981689453,206.53099060058594,2099800,0.0,0.0
2018-10-22 00:00:00-04:00,229.8800048828125,230.25,227.27000427246094,229.05999755859375,205.982421875,2007300,0.0,0.0
2018-10-23 00:00:00-04:00,227.07000732421875,229.25999450683594,223.82000732421875,228.75,205.7036895751953,2656700,0.0,0.0
2018-10-24 00:00:00-04:00,225.92999267578125,231.08999633789062,223.08999633789062,223.75999450683594,201.21641540527344,3100200,0.0,0.0
2018-10-25 00:00:00-04:00,224.05999755859375,227.58999633789062,222.83999633789062,226.39999389648438,203.5904541015625,2218900,0.0,0.0
2018-10-26 00:00:00-04:00,222.30999755859375,225.0,217.0,218.19000244140625,196.2076416015625,3995400,0.0,0.0
2018-10-29 00:00:00-04:00,219.75,224.88999938964844,218.75,222.4199981689453,200.011474609375,3801400,0.0,0.0
2018-10-30 00:00:00-04:00,223.10000610351562,228.2100067138672,223.00999450683594,227.9199981689453,204.95730590820312,2410500,0.0,0.0
2018-10-31 00:00:00-04:00,228.64999389648438,230.55999755859375,225.55999755859375,228.6300048828125,205.59576416015625,2674600,0.0,0.0
2018-11-01 00:00:00-04:00,228.17999267578125,230.8000030517578,227.5399932861328,229.60000610351562,206.46804809570312,2095000,0.0,0.0
2018-11-02 00:00:00-04:00,229.80999755859375,232.22999572753906,227.17999267578125,230.16000366210938,206.9716796875,2167200,0.0,0.0
2018-11-05 00:00:00-05:00,230.7100067138672,234.88999938964844,229.8000030517578,234.4499969482422,210.8293914794922,2513900,0.0,0.0
2018-11-06 00:00:00-05:00,235.0,237.49000549316406,234.17999267578125,236.7100067138672,212.86178588867188,2101300,0.0,0.0
2018-11-07 00:00:00-05:00,238.75,240.8800048828125,236.94000244140625,240.3699951171875,216.1529998779297,2603600,0.0,0.0
2018-11-08 00:00:00-05:00,238.50999450683594,239.8000030517578,237.02999877929688,238.6999969482422,215.1614990234375,2140600,0.57,0.0
2018-11-09 00:00:00-05:00,237.97000122070312,240.25999450683594,237.07000732421875,237.74000549316406,214.2960968017578,2256700,0.0,0.0
2018-11-12 00:00:00-05:00,237.63999938964844,239.1999969482422,234.1300048828125,234.47999572753906,211.35760498046875,2301400,0.0,0.0
2018-11-13 00:00:00-05:00,234.75,236.4199981689453,232.77000427246094,234.13999938964844,211.05111694335938,1548100,0.0,0.0
2018-11-14 00:00:00-05:00,237.1199951171875,237.1199951171875,231.7100067138672,233.30999755859375,210.30296325683594,1896500,0.0,0.0
2018-11-15 00:00:00-05:00,232.32000732421875,232.64999389648438,227.0,229.94000244140625,207.26531982421875,2722300,0.0,0.0
2018-11-16 00:00:00-05:00,229.3000030517578,231.1199951171875,226.52000427246094,231.02000427246094,208.2388153076172,2822400,0.0,0.0
2018-11-19 00:00:00-05:00,231.61000061035156,233.5,227.80999755859375,228.74000549316406,206.18362426757812,1949500,0.0,0.0
2018-11-20 00:00:00-05:00,224.9199981689453,225.0,218.0500030517578,219.30999755859375,197.68350219726562,3704800,0.0,0.0
2018-11-21 00:00:00-05:00,220.55999755859375,222.02999877929688,217.4499969482422,218.57000732421875,197.01658630371094,2036500,0.0,0.0
2018-11-23 00:00:00-05:00,218.10000610351562,221.17999267578125,217.66000366210938,220.05999755859375,198.3595733642578,1007500,0.0,0.0
2018-11-26 00:00:00-05:00,222.85000610351562,223.47999572753906,218.89999389648438,219.4499969482422,197.80970764160156,2205600,0.0,0.0
2018-11-27 00:00:00-05:00,219.3699951171875,223.1199951171875,218.3800048828125,223.00999450683594,201.01870727539062,2369800,0.0,0.0
2018-11-28 00:00:00-05:00,222.77999877929688,230.4600067138672,222.19000244140625,230.33999633789062,207.6258544921875,2765600,0.0,0.0
2018-11-29 00:00:00-05:00,229.0,231.58999633789062,228.36000061035156,231.0,208.2207794189453,1478700,0.0,0.0
2018-11-30 00:00:00-05:00,231.69000244140625,233.38999938964844,229.6999969482422,231.27999877929688,208.47317504882812,2764000,0.0,0.0
2018-12-03 00:00:00-05:00,230.72000122070312,232.1999969482422,228.2100067138672,232.0800018310547,209.19427490234375,2481500,0.0,0.0
2018-12-04 00:00:00-05:00,232.11000061035156,233.3000030517578,225.55999755859375,226.35000610351562,204.029296875,3418600,0.0,0.0
2018-12-06 00:00:00-05:00,227.94000244140625,233.86000061035156,226.60000610351562,233.1999969482422,210.203857421875,4029800,0.0,0.0
2018-12-07 00:00:00-05:00,233.14999389648438,233.80999755859375,223.02999877929688,224.86000061035156,202.68624877929688,2881900,0.0,0.0
2018-12-10 00:00:00-05:00,224.5399932861328,225.1999969482422,219.11000061035156,222.66000366210938,200.70318603515625,2650000,0.0,0.0
2018-12-11 00:00:00-05:00,225.1199951171875,227.25,224.0,226.5,204.16452026367188,2466800,0.0,0.0
2018-12-12 00:00:00-05:00,228.35000610351562,230.4499969482422,227.07000732421875,227.8000030517578,205.3363494873047,2891400,0.0,0.0
2018-12-13 00:00:00-05:00,228.83999633789062,229.6199951171875,225.47999572753906,226.50999450683594,204.173583984375,2170200,0.0,0.0
2018-12-14 00:00:00-05:00,218.0,219.0,205.50999450683594,207.05999755859375,186.6414794921875,8822300,0.0,0.0
2018-12-17 00:00:00-05:00,206.67999267578125,208.0,200.66000366210938,202.22999572753906,182.28781127929688,4739400,0.0,0.0
2018-12-18 00:00:00-05:00,203.08999633789062,204.6699981689453,201.57000732421875,202.99000549316406,182.972900390625,3308500,0.0,0.0
2018-12-19 00:00:00-05:00,203.5,207.0,199.86000061035156,201.41000366210938,181.5487060546875,3369600,0.0,0.0
2018-12-20 00:00:00-05:00,200.3300018310547,200.6999969482422,193.67999267578125,197.1300048828125,177.69076538085938,4250900,0.0,0.0
2018-12-21 00:00:00-05:00,197.16000366210938,200.6999969482422,194.32000732421875,194.52000427246094,175.33811950683594,5080200,0.0,0.0
2018-12-24 00:00:00-05:00,193.89999389648438,195.3300018310547,189.8000030517578,189.99000549316406,171.25482177734375,2031700,0.0,0.0
2018-12-26 00:00:00-05:00,190.82000732421875,198.77999877929688,189.50999450683594,198.6300048828125,179.04286193847656,3268800,0.0,0.0
2018-12-27 00:00:00-05:00,196.9600067138672,201.1300048828125,193.9600067138672,201.0800018310547,181.251220703125,2705900,0.0,0.0
2018-12-28 00:00:00-05:00,201.82000732421875,204.9499969482422,199.58999633789062,202.0399932861328,182.11659240722656,2037800,0.0,0.0
2018-12-31 00:00:00-05:00,203.3800048828125,204.38999938964844,201.3800048828125,203.7100067138672,183.62193298339844,1729400,0.0,0.0
2019-01-02 00:00:00-05:00,200.5,205.10000610351562,199.85000610351562,204.75999450683594,184.56829833984375,2143100,0.0,0.0
2019-01-03 00:00:00-05:00,203.6999969482422,205.94000244140625,200.0399932861328,200.4199981689453,180.6563262939453,2877700,0.0,0.0
2019-01-04 00:00:00-05:00,203.0800018310547,207.92999267578125,201.4499969482422,206.24000549316406,185.90243530273438,2761600,0.0,0.0
2019-01-07 00:00:00-05:00,205.52000427246094,209.1199951171875,203.5399932861328,207.0,186.5874481201172,2226600,0.0,0.0
2019-01-08 00:00:00-05:00,208.64999389648438,209.0800018310547,204.17999267578125,208.5500030517578,187.9845733642578,2366500,0.0,0.0
2019-01-09 00:00:00-05:00,209.14999389648438,211.22000122070312,207.9199981689453,209.89999389648438,189.20152282714844,1862900,0.0,0.0
2019-01-10 00:00:00-05:00,208.14999389648438,210.89999389648438,206.0,210.63999938964844,189.86846923828125,2340700,0.0,0.0
2019-01-11 00:00:00-05:00,210.0399932861328,211.25,209.30999755859375,210.50999450683594,189.75131225585938,1861100,0.0,0.0
2019-01-14 00:00:00-05:00,209.47000122070312,210.64999389648438,208.16000366210938,209.0,188.39024353027344,1523100,0.0,0.0
2019-01-15 00:00:00-05:00,210.0399932861328,211.33999633789062,209.0800018310547,211.02999877929688,190.2200164794922,1681900,0.0,0.0
2019-01-16 00:00:00-05:00,211.4600067138672,211.4600067138672,209.5,210.17999267578125,189.45387268066406,1455000,0.0,0.0
2019-01-17 00:00:00-05:00,209.8699951171875,211.64999389648438,209.64999389648438,211.4600067138672,190.607666015625,1517100,0.0,0.0
2019-01-18 00:00:00-05:00,212.55999755859375,214.16000366210938,211.77000427246094,213.58999633789062,192.52760314941406,2115400,0.0,0.0
2019-01-22 00:00:00-05:00,213.0,215.55999755859375,210.8000030517578,212.39999389648438,191.45497131347656,3310800,0.0,0.0
2019-01-23 00:00:00-05:00,213.0,214.85000610351562,210.0,212.08999633789062,191.175537109375,2220200,0.0,0.0
2019-01-24 00:00:00-05:00,212.38999938964844,212.38999938964844,208.89999389648438,210.30999755859375,189.57107543945312,1994400,0.0,0.0
2019-01-25 00:00:00-05:00,212.02999877929688,212.32000732421875,208.74000549316406,209.07000732421875,188.45333862304688,2252300,0.0,0.0
2019-01-28 00:00:00-05:00,208.67999267578125,210.7899932861328,207.30999755859375,210.77000427246094,189.98565673828125,1999400,0.0,0.0
2019-01-29 00:00:00-05:00,210.32000732421875,210.5399932861328,208.57000732421875,210.30999755859375,189.57107543945312,1636500,0.0,0.0
2019-01-30 00:00:00-05:00,210.47999572753906,212.1699981689453,209.32000732421875,211.35000610351562,190.5084991455078,1589800,0.0,0.0
2019-01-31 00:00:00-05:00,211.13999938964844,214.8800048828125,209.72000122070312,214.6300048828125,193.46507263183594,4341100,0.0,0.0
2019-02-01 00:00:00-05:00,214.0,215.0,209.3699951171875,210.27000427246094,189.53504943847656,3453700,0.0,0.0
2019-02-04 00:00:00-05:00,210.6999969482422,211.19000244140625,207.89999389648438,211.17999267578125,190.35525512695312,1630300,0.0,0.0
2019-02-05 00:00:00-05:00,211.49000549316406,212.52000427246094,209.63999938964844,211.61000061035156,190.7428436279297,2074500,0.0,0.0
2019-02-06 00:00:00-05:00,212.25999450683594,212.25999450683594,210.47999572753906,211.60000610351562,190.7338409423828,1618800,0.0,0.0
2019-02-07 00:00:00-05:00,210.07000732421875,210.10000610351562,206.27000427246094,209.0500030517578,188.9442901611328,2526600,0.57,0.0
2019-02-08 00:00:00-05:00,207.8300018310547,208.49000549316406,205.75,207.75,187.76927185058594,2013700,0.0,0.0
2019-02-11 00:00:00-05:00,208.64999389648438,208.9199981689453,206.75999450683594,208.72000122070312,188.6460723876953,2376600,0.0,0.0
2019-02-12 00:00:00-05:00,210.05999755859375,212.75,209.25999450683594,211.89999389648438,191.52017211914062,2091200,0.0,0.0
2019-02-13 00:00:00-05:00,212.22999572753906,213.50999450683594,211.3000030517578,212.8000030517578,192.33358764648438,1703000,0.0,0.0
2019-02-14 00:00:00-05:00,212.0,214.5500030517578,211.13999938964844,213.83999633789062,193.27354431152344,1411100,0.0,0.0
2019-02-15 00:00:00-05:00,215.14999389648438,217.25,214.0399932861328,216.47000122070312,195.65060424804688,2635500,0.0,0.0
2019-02-19 00:00:00-05:00,216.6699981689453,219.60000610351562,216.50999450683594,218.1199951171875,197.14195251464844,1938100,0.0,0.0
2019-02-20 00:00:00-05:00,218.22999572753906,219.07000732421875,215.05999755859375,217.11000061035156,196.22911071777344,1785600,0.0,0.0
2019-02-21 00:00:00-05:00,216.60000610351562,216.72000122070312,214.3300018310547,215.22999572753906,194.52989196777344,1615300,0.0,0.0
2019-02-22 00:00:00-05:00,215.1699981689453,216.58999633789062,214.25,216.2899932861328,195.48797607421875,1542500,0.0,0.0
2019-02-25 00:00:00-05:00,217.3699951171875,219.08999633789062,216.5500030517578,217.0500030517578,196.17483520507812,1794000,0.0,0.0
2019-02-26 00:00:00-05:00,216.88999938964844,218.91000366210938,216.1300048828125,217.61000061035156,196.6809844970703,1884100,0.0,0.0
2019-02-27 00:00:00-05:00,216.50999450683594,218.86000061035156,216.4499969482422,218.0500030517578,197.07870483398438,1482700,0.0,0.0
2019-02-28 00:00:00-05:00,218.49000549316406,219.69000244140625,217.52000427246094,218.74000549316406,197.70237731933594,2055600,0.0,0.0
2019-03-01 00:00:00-05:00,219.75999450683594,220.57000732421875,215.77000427246094,219.44000244140625,198.3350067138672,2178200,0.0,0.0
2019-03-04 00:00:00-05:00,220.42999267578125,221.0800018310547,215.8699951171875,218.41000366210938,197.404052734375,2444700,0.0,0.0
2019-03-05 00:00:00-05:00,218.91000366210938,221.61000061035156,218.89999389648438,219.82000732421875,198.678466796875,2160200,0.0,0.0
2019-03-06 00:00:00-05:00,220.5,221.91000366210938,218.22999572753906,219.22999572753906,198.1452178955078,1985300,0.0,0.0
2019-03-07 00:00:00-05:00,218.1300048828125,219.38999938964844,216.22000122070312,216.7899932861328,195.9398956298828,3279100,0.0,0.0
2019-03-08 00:00:00-05:00,225.47999572753906,228.6999969482422,223.77000427246094,227.82000732421875,205.90907287597656,6782700,0.0,0.0
2019-03-11 00:00:00-04:00,227.52999877929688,229.91000366210938,227.05999755859375,229.69000244140625,207.59918212890625,3748400,0.0,0.0
2019-03-12 00:00:00-04:00,230.32000732421875,233.39999389648438,229.89999389648438,232.9600067138672,210.55467224121094,2647100,0.0,0.0
2019-03-13 00:00:00-04:00,234.25,237.4499969482422,232.9499969482422,236.3800048828125,213.64578247070312,2421200,0.0,0.0
2019-03-14 00:00:00-04:00,236.1300048828125,236.3800048828125,233.27999877929688,233.83999633789062,211.35008239746094,2300300,0.0,0.0
2019-03-15 00:00:00-04:00,234.1699981689453,235.64999389648438,233.17999267578125,233.60000610351562,211.1331329345703,5075400,0.0,0.0
2019-03-18 00:00:00-04:00,233.5800018310547,236.67999267578125,233.49000549316406,236.58999633789062,213.8355712890625,1735400,0.0,0.0
2019-03-19 00:00:00-04:00,237.52000427246094,238.0500030517578,236.2899932861328,237.0500030517578,214.2512969970703,1852300,0.0,0.0
2019-03-20 00:00:00-04:00,237.02999877929688,238.49000549316406,235.77999877929688,236.97999572753906,214.1880645751953,1499500,0.0,0.0
2019-03-21 00:00:00-04:00,236.67999267578125,239.85000610351562,236.5500030517578,239.5399932861328,216.5018310546875,1617000,0.0,0.0
2019-03-22 00:00:00-04:00,239.75,240.33999633789062,236.89999389648438,237.55999755859375,214.7122802734375,1873600,0.0,0.0
2019-03-25 00:00:00-04:00,236.92999267578125,238.0800018310547,235.7899932861328,236.97000122070312,214.1790008544922,1357100,0.0,0.0
2019-03-26 00:00:00-04:00,238.0,240.25,237.36000061035156,239.07000732421875,216.07704162597656,1193000,0.0,0.0
2019-03-27 00:00:00-04:00,238.7100067138672,240.2100067138672,238.16000366210938,239.41000366210938,216.38436889648438,1351200,0.0,0.0
2019-03-28 00:00:00-04:00,239.97999572753906,241.9499969482422,239.5800018310547,241.22000122070312,218.02024841308594,1396700,0.0,0.0
2019-03-29 00:00:00-04:00,241.66000366210938,242.44000244140625,240.77000427246094,242.13999938964844,218.851806640625,1968000,0.0,0.0
2019-04-01 00:00:00-04:00,243.07000732421875,244.41000366210938,242.5800018310547,244.19000244140625,220.70460510253906,1610200,0.0,0.0
2019-04-02 00:00:00-04:00,244.0,244.19000244140625,240.30999755859375,240.5,217.36952209472656,1574300,0.0,0.0
2019-04-03 00:00:00-04:00,241.69000244140625,243.5500030517578,241.02000427246094,242.47999572753906,219.15911865234375,1663600,0.0,0.0
2019-04-04 00:00:00-04:00,242.1699981689453,244.75999450683594,241.25,244.39999389648438,220.8944091796875,1319700,0.0,0.0
2019-04-05 00:00:00-04:00,244.9600067138672,247.08999633789062,244.00999450683594,245.8699951171875,222.2230682373047,1616200,0.0,0.0
2019-04-08 00:00:00-04:00,245.99000549316406,246.8300018310547,245.1999969482422,246.52000427246094,222.810546875,1244200,0.0,0.0
2019-04-09 00:00:00-04:00,245.11000061035156,245.67999267578125,244.00999450683594,244.91000366210938,221.35537719726562,1450200,0.0,0.0
2019-04-10 00:00:00-04:00,245.27999877929688,246.6699981689453,244.7100067138672,245.61000061035156,221.988037109375,1556600,0.0,0.0
2019-04-11 00:00:00-04:00,243.6199951171875,244.17999267578125,240.9199981689453,241.24000549316406,218.0383758544922,2719800,0.0,0.0
2019-04-12 00:00:00-04:00,241.50999450683594,242.72000122070312,240.89999389648438,241.9499969482422,218.68008422851562,2187600,0.0,0.0
2019-04-15 00:00:00-04:00,242.3699951171875,246.75,241.9600067138672,246.3300018310547,222.63882446289062,1859700,0.0,0.0
2019-04-16 00:00:00-04:00,246.64999389648438,246.82000732421875,244.25,245.33999633789062,221.7439727783203,1360500,0.0,0.0
2019-04-17 00:00:00-04:00,246.3000030517578,246.4600067138672,244.32000732421875,245.55999755859375,221.94287109375,1363000,0.0,0.0
2019-04-18 00:00:00-04:00,246.7899932861328,247.25,244.6999969482422,245.80999755859375,222.16885375976562,1365000,0.0,0.0
2019-04-22 00:00:00-04:00,245.19000244140625,245.77000427246094,242.55999755859375,243.4199981689453,220.00869750976562,1300000,0.0,0.0
2019-04-23 00:00:00-04:00,244.64999389648438,246.52999877929688,242.2100067138672,245.5800018310547,221.96095275878906,1524600,0.0,0.0
2019-04-24 00:00:00-04:00,245.67999267578125,248.6999969482422,245.60000610351562,247.9600067138672,224.11204528808594,1156400,0.0,0.0
2019-04-25 00:00:00-04:00,246.2100067138672,247.14999389648438,243.94000244140625,245.60000610351562,221.97903442382812,1278200,0.0,0.0
2019-04-26 00:00:00-04:00,245.6199951171875,245.88999938964844,242.05999755859375,243.82000732421875,220.3701934814453,1842900,0.0,0.0
2019-04-29 00:00:00-04:00,245.0,245.75,243.49000549316406,244.27999877929688,220.7860107421875,1429700,0.0,0.0
2019-04-30 00:00:00-04:00,244.77000427246094,245.7899932861328,243.02000427246094,245.52999877929688,221.915771484375,1427600,0.0,0.0
2019-05-01 00:00:00-04:00,245.33999633789062,245.4600067138672,241.5500030517578,241.58999633789062,218.3546600341797,1350400,0.0,0.0
2019-05-02 00:00:00-04:00,241.75999450683594,242.88999938964844,240.4199981689453,242.69000244140625,219.348876953125,1237600,0.0,0.0
2019-05-03 00:00:00-04:00,243.27000427246094,244.8800048828125,242.72000122070312,244.6199951171875,221.09324645996094,905900,0.0,0.0
2019-05-06 00:00:00-04:00,242.85000610351562,244.8300018310547,242.05999755859375,244.22999572753906,220.74075317382812,1194900,0.0,0.0
2019-05-07 00:00:00-04:00,241.72000122070312,242.74000549316406,238.22000122070312,240.17999267578125,217.08029174804688,1775200,0.0,0.0
2019-05-08 00:00:00-04:00,239.55999755859375,243.0500030517578,238.19000244140625,241.33999633789062,218.1287078857422,1611900,0.0,0.0
2019-05-09 00:00:00-04:00,240.66000366210938,244.05999755859375,240.16000366210938,243.47000122070312,220.6481170654297,1919300,0.65,0.0
2019-05-10 00:00:00-04:00,242.94000244140625,248.5500030517578,240.02999877929688,247.02000427246094,223.86541748046875,2036500,0.0,0.0
2019-05-13 00:00:00-04:00,244.1199951171875,244.92999267578125,240.6699981689453,241.9199981689453,219.24346923828125,1962800,0.0,0.0
2019-05-14 00:00:00-04:00,242.2899932861328,245.08999633789062,241.80999755859375,242.72999572753906,219.9774627685547,1635100,0.0,0.0
2019-05-15 00:00:00-04:00,242.11000061035156,245.39999389648438,241.22999572753906,244.6699981689453,221.7356719970703,1194800,0.0,0.0
2019-05-16 00:00:00-04:00,245.6300048828125,249.72999572753906,245.2100067138672,247.44000244140625,224.2460479736328,1800600,0.0,0.0
2019-05-17 00:00:00-04:00,245.8800048828125,250.0500030517578,245.58999633789062,248.35000610351562,225.0706787109375,1672000,0.0,0.0
2019-05-20 00:00:00-04:00,247.14999389648438,249.94000244140625,247.14999389648438,248.89999389648438,225.5691375732422,1600500,0.0,0.0
2019-05-21 00:00:00-04:00,249.11000061035156,250.8300018310547,248.10000610351562,249.92999267578125,226.50262451171875,1504200,0.0,0.0
2019-05-22 00:00:00-04:00,251.00999450683594,251.00999450683594,249.13999938964844,249.50999450683594,226.12196350097656,1242300,0.0,0.0
2019-05-23 00:00:00-04:00,248.6300048828125,249.9199981689453,247.17999267578125,248.52999877929688,225.2338409423828,1822800,0.0,0.0
2019-05-24 00:00:00-04:00,249.11000061035156,249.55999755859375,246.77000427246094,247.3000030517578,224.11915588378906,1340200,0.0,0.0
2019-05-28 00:00:00-04:00,248.5800018310547,250.1999969482422,246.13999938964844,246.30999755859375,223.221923828125,3164100,0.0,0.0
2019-05-29 00:00:00-04:00,244.1300048828125,244.77000427246094,238.91000366210938,240.69000244140625,218.12869262695312,2594900,0.0,0.0
2019-05-30 00:00:00-04:00,242.14999389648438,243.5800018310547,240.75,241.5399932861328,218.89901733398438,2030300,0.0,0.0
2019-05-31 00:00:00-04:00,238.97999572753906,240.66000366210938,233.0500030517578,239.5800018310547,217.12277221679688,4058100,0.0,0.0
2019-06-03 00:00:00-04:00,239.77999877929688,241.5399932861328,238.0800018310547,241.07000732421875,218.47312927246094,2512500,0.0,0.0
2019-06-04 00:00:00-04:00,243.0,245.82000732421875,242.5,245.61000061035156,222.58753967285156,1761500,0.0,0.0
2019-06-05 00:00:00-04:00,246.10000610351562,248.75999450683594,245.02000427246094,247.9600067138672,224.71728515625,1825500,0.0,0.0
2019-06-06 00:00:00-04:00,248.0,251.94000244140625,247.74000549316406,251.2100067138672,227.6626434326172,1487800,0.0,0.0
2019-06-07 00:00:00-04:00,251.16000366210938,256.6000061035156,251.02000427246094,256.010009765625,232.01272583007812,2270200,0.0,0.0
2019-06-10 00:00:00-04:00,256.3999938964844,258.8299865722656,256.1099853515625,256.8500061035156,232.77391052246094,1839500,0.0,0.0
2019-06-11 00:00:00-04:00,258.9100036621094,259.6199951171875,256.2099914550781,257.1099853515625,233.0095977783203,1613500,0.0,0.0
2019-06-12 00:00:00-04:00,257.5799865722656,258.75,255.77000427246094,257.2300109863281,233.11834716796875,1071700,0.0,0.0
2019-06-13 00:00:00-04:00,257.7099914550781,259.8699951171875,257.54998779296875,259.7099914550781,235.36587524414062,1228500,0.0,0.0
2019-06-14 00:00:00-04:00,260.0,261.20001220703125,258.9100036621094,260.1499938964844,235.76463317871094,1287800,0.0,0.0
2019-06-17 00:00:00-04:00,261.1300048828125,262.25,260.42999267578125,261.42999267578125,236.92466735839844,1191900,0.0,0.0
2019-06-18 00:00:00-04:00,263.6099853515625,264.20001220703125,262.04998779296875,262.739990234375,238.11183166503906,2763200,0.0,0.0
2019-06-19 00:00:00-04:00,262.30999755859375,264.1000061035156,260.94000244140625,263.6600036621094,238.94566345214844,1628400,0.0,0.0
2019-06-20 00:00:00-04:00,265.0,267.7900085449219,264.54998779296875,267.3500061035156,242.28976440429688,1745100,0.0,0.0
2019-06-21 00:00:00-04:00,266.7699890136719,268.94000244140625,265.989990234375,266.1300048828125,241.18409729003906,2964000,0.0,0.0
2019-06-24 00:00:00-04:00,267.30999755859375,267.9700012207031,266.5199890136719,266.7699890136719,241.76406860351562,1586100,0.0,0.0
2019-06-25 00:00:00-04:00,266.7099914550781,267.0799865722656,265.3599853515625,266.3599853515625,241.39251708984375,1182400,0.0,0.0
2019-06-26 00:00:00-04:00,266.45001220703125,266.82000732421875,264.3399963378906,264.4100036621094,239.6253662109375,1334400,0.0,0.0
2019-06-27 00:00:00-04:00,264.8999938964844,266.4800109863281,262.989990234375,265.5799865722656,240.6856231689453,1122900,0.0,0.0
2019-06-28 00:00:00-04:00,265.5,266.3900146484375,263.3599853515625,264.260009765625,239.48941040039062,1952500,0.0,0.0
2019-07-01 00:00:00-04:00,266.42999267578125,267.0,261.8399963378906,263.54998779296875,238.84593200683594,1955800,0.0,0.0
2019-07-02 00:00:00-04:00,263.9200134277344,265.57000732421875,261.6700134277344,265.4700012207031,240.58592224121094,1201300,0.0,0.0
2019-07-03 00:00:00-04:00,265.1400146484375,269.1600036621094,265.1400146484375,269.1400146484375,243.9119415283203,986500,0.0,0.0
2019-07-05 00:00:00-04:00,268.20001220703125,268.6099853515625,266.2699890136719,268.25,243.10536193847656,1081500,0.0,0.0
2019-07-08 00:00:00-04:00,268.3299865722656,269.69000244140625,267.3500061035156,269.3999938964844,244.14759826660156,1236000,0.0,0.0
2019-07-09 00:00:00-04:00,269.3599853515625,270.7799987792969,268.489990234375,269.9700012207031,244.66419982910156,1400300,0.0,0.0
2019-07-10 00:00:00-04:00,270.04998779296875,271.5299987792969,269.3399963378906,271.4200134277344,245.9782257080078,1257000,0.0,0.0
2019-07-11 00:00:00-04:00,272.3299865722656,276.7699890136719,271.80999755859375,276.5400085449219,250.61831665039062,1985600,0.0,0.0
2019-07-12 00:00:00-04:00,276.5,280.0,276.010009765625,279.44000244140625,253.24644470214844,2046400,0.0,0.0
2019-07-15 00:00:00-04:00,279.94000244140625,280.70001220703125,278.8999938964844,280.5799865722656,254.27951049804688,1568000,0.0,0.0
2019-07-16 00:00:00-04:00,281.0,281.3699951171875,279.7799987792969,280.6499938964844,254.343017578125,1379200,0.0,0.0
2019-07-17 00:00:00-04:00,281.04998779296875,282.8500061035156,280.2200012207031,281.55999755859375,255.1676483154297,1716600,0.0,0.0
2019-07-18 00:00:00-04:00,282.20001220703125,283.05999755859375,279.19000244140625,282.9100036621094,256.3912048339844,1696100,0.0,0.0
2019-07-19 00:00:00-04:00,283.07000732421875,284.30999755859375,281.3500061035156,281.510009765625,255.12245178222656,1607600,0.0,0.0
2019-07-22 00:00:00-04:00,281.2200012207031,282.32000732421875,279.32000732421875,280.1700134277344,253.9080810546875,1459100,0.0,0.0
2019-07-23 00:00:00-04:00,281.8500061035156,282.0799865722656,279.0199890136719,280.1000061035156,253.84461975097656,1117800,0.0,0.0
2019-07-24 00:00:00-04:00,279.8299865722656,281.239990234375,279.010009765625,280.8299865722656,254.50621032714844,1257100,0.0,0.0
2019-07-25 00:00:00-04:00,281.20001220703125,281.94000244140625,279.3399963378906,279.79998779296875,253.57269287109375,1600200,0.0,0.0
2019-07-26 00:00:00-04:00,279.79998779296875,281.7699890136719,279.1199951171875,281.3699951171875,254.99551391601562,1447700,0.0,0.0
2019-07-29 00:00:00-04:00,281.010009765625,281.29998779296875,279.5400085449219,280.1300048828125,253.87184143066406,1257400,0.0,0.0
2019-07-30 00:00:00-04:00,280.2699890136719,280.57000732421875,279.1000061035156,279.5,253.30081176757812,978200,0.0,0.0
2019-07-31 00:00:00-04:00,279.0199890136719,279.7200012207031,272.6300048828125,275.6300048828125,249.7936248779297,1886900,0.0,0.0
2019-08-01 00:00:00-04:00,275.75,280.92999267578125,274.30999755859375,274.57000732421875,248.8329620361328,2634300,0.0,0.0
2019-08-02 00:00:00-04:00,274.29998779296875,274.94000244140625,270.5,272.5,246.9569854736328,1969200,0.0,0.0
2019-08-05 00:00:00-04:00,270.0899963378906,270.54998779296875,262.7099914550781,265.1000061035156,240.25062561035156,3329800,0.0,0.0
2019-08-06 00:00:00-04:00,266.4700012207031,270.2300109863281,264.04998779296875,269.30999755859375,244.0659942626953,2383000,0.0,0.0
2019-08-07 00:00:00-04:00,268.17999267578125,274.8599853515625,263.5899963378906,274.29998779296875,248.58827209472656,3037500,0.0,0.0
2019-08-08 00:00:00-04:00,273.0400085449219,274.8399963378906,271.0,274.79998779296875,249.04139709472656,2046700,0.0,0.0
2019-08-09 00:00:00-04:00,274.5799865722656,275.4700012207031,271.9100036621094,273.94000244140625,248.26202392578125,1284300,0.0,0.0
2019-08-12 00:00:00-04:00,274.0299987792969,274.9800109863281,269.29998779296875,271.30999755859375,245.87855529785156,1638600,0.0,0.0
2019-08-13 00:00:00-04:00,271.17999267578125,278.1600036621094,270.010009765625,276.260009765625,250.3645782470703,1724600,0.0,0.0
2019-08-14 00:00:00-04:00,274.0,275.3599853515625,268.0,268.1499938964844,243.01475524902344,2122100,0.0,0.0
2019-08-15 00:00:00-04:00,270.5299987792969,272.9700012207031,268.7699890136719,271.5199890136719,246.06878662109375,1623200,0.0,0.0
2019-08-16 00:00:00-04:00,274.1000061035156,276.07000732421875,273.44000244140625,274.1000061035156,248.406982421875,1230800,0.0,0.0
2019-08-19 00:00:00-04:00,276.4100036621094,277.3800048828125,274.54998779296875,275.6099853515625,249.77540588378906,1313400,0.0,0.0
2019-08-20 00:00:00-04:00,276.2799987792969,276.3599853515625,272.8500061035156,272.9700012207031,247.3829803466797,1390600,0.0,0.0
2019-08-21 00:00:00-04:00,275.4100036621094,276.5400085449219,274.70001220703125,275.67999267578125,249.83889770507812,1682300,0.0,0.0
2019-08-22 00:00:00-04:00,277.010009765625,280.989990234375,276.8699951171875,279.9200134277344,253.68148803710938,2345500,0.0,0.0
2019-08-23 00:00:00-04:00,278.2099914550781,280.1300048828125,272.70001220703125,274.010009765625,248.3254852294922,1984300,0.0,0.0
2019-08-26 00:00:00-04:00,275.75,278.5299987792969,275.69000244140625,278.4599914550781,252.3583221435547,1426400,0.0,0.0
2019-08-27 00:00:00-04:00,281.0,293.44000244140625,280.3399963378906,292.3800048828125,264.9736328125,5169000,0.0,0.0
2019-08-28 00:00:00-04:00,293.75,299.95001220703125,292.4200134277344,294.489990234375,266.8856506347656,5162100,0.0,0.0
2019-08-29 00:00:00-04:00,297.4800109863281,297.7300109863281,292.760009765625,296.57000732421875,269.3653564453125,2613100,0.65,0.0
2019-08-30 00:00:00-04:00,298.0,298.2799987792969,292.8299865722656,294.760009765625,267.7213134765625,1801000,0.0,0.0
2019-09-03 00:00:00-04:00,292.57000732421875,294.0,290.4599914550781,292.04998779296875,265.2599182128906,1842900,0.0,0.0
2019-09-04 00:00:00-04:00,294.0,296.29998779296875,293.7699890136719,296.1199951171875,268.9565734863281,1375700,0.0,0.0
2019-09-05 00:00:00-04:00,298.42999267578125,299.7099914550781,296.67999267578125,296.9700012207031,269.7286376953125,1865300,0.0,0.0
2019-09-06 00:00:00-04:00,299.20001220703125,304.6400146484375,298.2900085449219,303.760009765625,275.8957824707031,3018100,0.0,0.0
2019-09-09 00:00:00-04:00,304.5,307.3399963378906,298.2099914550781,299.0,271.5724182128906,3397200,0.0,0.0
2019-09-10 00:00:00-04:00,297.3800048828125,298.25,294.5799865722656,297.0,269.755859375,2725000,0.0,0.0
2019-09-11 00:00:00-04:00,294.29998779296875,295.739990234375,287.80999755859375,290.69000244140625,264.024658203125,4754700,0.0,0.0
2019-09-12 00:00:00-04:00,290.3399963378906,292.75,288.67999267578125,289.8900146484375,263.2980651855469,2942600,0.0,0.0
2019-09-13 00:00:00-04:00,290.20001220703125,294.07000732421875,289.8500061035156,291.8999938964844,265.12359619140625,2306300,0.0,0.0
2019-09-16 00:00:00-04:00,290.57000732421875,291.3800048828125,288.3399963378906,288.69000244140625,262.2080993652344,1508900,0.0,0.0
2019-09-17 00:00:00-04:00,289.55999755859375,291.7900085449219,288.69000244140625,291.4100036621094,264.6785888671875,1758900,0.0,0.0
2019-09-18 00:00:00-04:00,290.70001220703125,293.57000732421875,288.79998779296875,292.42999267578125,265.6051025390625,1666000,0.0,0.0
2019-09-19 00:00:00-04:00,289.489990234375,289.760009765625,284.7099914550781,287.8299865722656,261.42706298828125,3004700,0.0,0.0
2019-09-20 00:00:00-04:00,288.75,289.4100036621094,286.1400146484375,286.3599853515625,260.0919189453125,3409500,0.0,0.0
2019-09-23 00:00:00-04:00,286.3599853515625,288.1300048828125,285.75,287.57000732421875,261.1908874511719,2025400,0.0,0.0
2019-09-24 00:00:00-04:00,289.29998779296875,292.6199951171875,286.3999938964844,287.9100036621094,261.49981689453125,2483200,0.0,0.0
2019-09-25 00:00:00-04:00,288.260009765625,289.67999267578125,286.8699951171875,288.510009765625,262.0445556640625,1827800,0.0,0.0
2019-09-26 00:00:00-04:00,289.42999267578125,289.80999755859375,286.6000061035156,288.260009765625,261.8177185058594,1877300,0.0,0.0
2019-09-27 00:00:00-04:00,289.5299987792969,289.5299987792969,284.3999938964844,285.95001220703125,259.71942138671875,1538100,0.0,0.0
2019-09-30 00:00:00-04:00,287.70001220703125,288.6199951171875,286.57000732421875,288.1099853515625,261.68133544921875,2151500,0.0,0.0
2019-10-01 00:00:00-04:00,288.0400085449219,288.67999267578125,283.17999267578125,283.92999267578125,257.8847961425781,2648900,0.0,0.0
2019-10-02 00:00:00-04:00,283.2300109863281,285.7900085449219,282.2200012207031,285.1099853515625,258.95660400390625,2480600,0.0,0.0
2019-10-03 00:00:00-04:00,285.3900146484375,290.8599853515625,281.6000061035156,289.0,262.48974609375,3590200,0.0,0.0
2019-10-04 00:00:00-04:00,287.8500061035156,291.95001220703125,283.32000732421875,291.6700134277344,264.9148254394531,4513300,0.0,0.0
2019-10-07 00:00:00-04:00,291.0400085449219,295.69000244140625,290.5,293.4100036621094,266.4951171875,1988700,0.0,0.0
2019-10-08 00:00:00-04:00,292.95001220703125,295.5799865722656,290.45001220703125,291.8900146484375,265.11468505859375,2201100,0.0,0.0
2019-10-09 00:00:00-04:00,293.1099853515625,298.57000732421875,293.1099853515625,296.8999938964844,269.6650390625,2235500,0.0,0.0
2019-10-10 00:00:00-04:00,298.6300048828125,299.4800109863281,296.260009765625,297.1400146484375,269.8829650878906,1637500,0.0,0.0
2019-10-11 00:00:00-04:00,298.07000732421875,300.760009765625,297.3599853515625,297.6000061035156,270.3008728027344,1855500,0.0,0.0
2019-10-14 00:00:00-04:00,298.0,300.3399963378906,297.5,297.5199890136719,270.2281188964844,1297600,0.0,0.0
2019-10-15 00:00:00-04:00,298.32000732421875,299.6400146484375,297.2300109863281,298.3900146484375,271.0182800292969,1580700,0.0,0.0
2019-10-16 00:00:00-04:00,296.79998779296875,298.9700012207031,295.0799865722656,298.7799987792969,271.37255859375,1811100,0.0,0.0
2019-10-17 00:00:00-04:00,298.8500061035156,302.6099853515625,298.8500061035156,302.3999938964844,274.66058349609375,1734600,0.0,0.0
2019-10-18 00:00:00-04:00,302.0,304.0,300.9800109863281,302.8599853515625,275.07830810546875,1853900,0.0,0.0
2019-10-21 00:00:00-04:00,303.0,303.510009765625,300.1700134277344,301.0799865722656,273.4615783691406,1322900,0.0,0.0
2019-10-22 00:00:00-04:00,301.6099853515625,304.8800048828125,299.95001220703125,299.9700012207031,272.453369140625,1955600,0.0,0.0
2019-10-23 00:00:00-04:00,299.5799865722656,300.04998779296875,297.17999267578125,297.32000732421875,270.04656982421875,1798700,0.0,0.0
2019-10-24 00:00:00-04:00,295.04998779296875,298.2799987792969,294.55999755859375,297.04998779296875,269.8013000488281,2056700,0.0,0.0
2019-10-25 00:00:00-04:00,295.5199890136719,297.25,295.1099853515625,296.5,269.3017272949219,1686200,0.0,0.0
2019-10-28 00:00:00-04:00,295.70001220703125,299.0899963378906,295.2099914550781,298.94000244140625,271.5179443359375,1672600,0.0,0.0
2019-10-29 00:00:00-04:00,298.2099914550781,298.94000244140625,295.80999755859375,295.8599853515625,268.7203674316406,1295300,0.0,0.0
2019-10-30 00:00:00-04:00,296.9200134277344,300.25,295.9700012207031,299.8399963378906,272.3352966308594,1264300,0.0,0.0
2019-10-31 00:00:00-04:00,298.3599853515625,299.6199951171875,294.54998779296875,297.1099853515625,270.44207763671875,2277400,0.65,0.0
2019-11-01 00:00:00-04:00,297.989990234375,298.4200134277344,295.5,296.0899963378906,269.5135498046875,1364500,0.0,0.0
2019-11-04 00:00:00-05:00,297.1600036621094,298.2200012207031,295.1700134277344,296.82000732421875,270.1780700683594,1651600,0.0,0.0
2019-11-05 00:00:00-05:00,297.0899963378906,299.69000244140625,295.80999755859375,299.17999267578125,272.3262939453125,2204500,0.0,0.0
2019-11-06 00:00:00-05:00,299.9700012207031,301.6499938964844,297.92999267578125,301.57000732421875,274.5016784667969,1675000,0.0,0.0
2019-11-07 00:00:00-05:00,303.92999267578125,307.1000061035156,302.4800109863281,305.2099914550781,277.8150329589844,2399400,0.0,0.0
2019-11-08 00:00:00-05:00,302.739990234375,304.2900085449219,301.2799987792969,302.6199951171875,275.45745849609375,1501600,0.0,0.0
2019-11-11 00:00:00-05:00,301.54998779296875,302.3299865722656,299.70001220703125,300.8399963378906,273.8372497558594,1160900,0.0,0.0
2019-11-12 00:00:00-05:00,300.8299865722656,302.7300109863281,298.6600036621094,300.5,273.52777099609375,1540800,0.0,0.0
2019-11-13 00:00:00-05:00,300.17999267578125,304.0,299.5199890136719,302.8999938964844,275.7123718261719,1517900,0.0,0.0
2019-11-14 00:00:00-05:00,304.3900146484375,305.8900146484375,302.2699890136719,304.5899963378906,277.25067138671875,1336400,0.0,0.0
2019-11-15 00:00:00-05:00,305.30999755859375,305.44000244140625,301.6000061035156,303.6600036621094,276.4040832519531,1706100,0.0,0.0
2019-11-18 00:00:00-05:00,303.1099853515625,306.3800048828125,302.75,304.5400085449219,277.205078125,1241300,0.0,0.0
2019-11-19 00:00:00-05:00,304.5,304.6400146484375,301.45001220703125,302.239990234375,275.11163330078125,1761400,0.0,0.0
2019-11-20 00:00:00-05:00,302.44000244140625,303.1700134277344,298.010009765625,300.57000732421875,273.59149169921875,1979500,0.0,0.0
2019-11-21 00:00:00-05:00,300.69000244140625,301.8699951171875,299.5199890136719,300.2699890136719,273.3184509277344,1302500,0.0,0.0
2019-11-22 00:00:00-05:00,301.94000244140625,301.94000244140625,297.2300109863281,299.30999755859375,272.4446105957031,1277300,0.0,0.0
2019-11-25 00:00:00-05:00,300.2900085449219,300.6300048828125,297.54998779296875,299.04998779296875,272.20794677734375,1613000,0.0,0.0
2019-11-26 00:00:00-05:00,299.260009765625,301.3500061035156,298.82000732421875,301.239990234375,274.2012939453125,3359100,0.0,0.0
2019-11-27 00:00:00-05:00,301.82000732421875,302.7900085449219,300.57000732421875,300.760009765625,273.76446533203125,1906500,0.0,0.0
2019-11-29 00:00:00-05:00,300.82000732421875,300.8900146484375,299.6600036621094,299.80999755859375,272.8996887207031,981600,0.0,0.0
2019-12-02 00:00:00-05:00,299.75,300.20001220703125,294.2699890136719,297.3900146484375,270.6969909667969,2705500,0.0,0.0
2019-12-03 00:00:00-05:00,295.1300048828125,296.19000244140625,292.70001220703125,295.6700134277344,269.1313781738281,1921400,0.0,0.0
2019-12-04 00:00:00-05:00,296.0400085449219,297.1600036621094,295.1499938964844,296.5199890136719,269.9049072265625,1742000,0.0,0.0
2019-12-05 00:00:00-05:00,297.1300048828125,297.1300048828125,292.5,293.1000061035156,266.79193115234375,1941100,0.0,0.0
2019-12-06 00:00:00-05:00,294.9800109863281,295.989990234375,294.260009765625,294.95001220703125,268.47601318359375,1462000,0.0,0.0
2019-12-09 00:00:00-05:00,295.0,297.19000244140625,294.54998779296875,295.1600036621094,268.66705322265625,1960000,0.0,0.0
2019-12-10 00:00:00-05:00,296.0299987792969,296.69000244140625,294.54998779296875,295.7799987792969,269.2314147949219,1565900,0.0,0.0
2019-12-11 00:00:00-05:00,296.0,296.3500061035156,293.04998779296875,295.29998779296875,268.7945556640625,1749800,0.0,0.0
2019-12-12 00:00:00-05:00,295.2699890136719,297.760009765625,294.1199951171875,297.3399963378906,270.6513977050781,2742700,0.0,0.0
2019-12-13 00:00:00-05:00,294.6400146484375,295.0,289.1000061035156,291.8699951171875,265.6723937988281,5195600,0.0,0.0
2019-12-16 00:00:00-05:00,293.0299987792969,294.4599914550781,292.8500061035156,293.5,267.15606689453125,2410000,0.0,0.0
2019-12-17 00:00:00-05:00,293.5,296.29998779296875,292.75,295.54998779296875,269.0220947265625,2474100,0.0,0.0
2019-12-18 00:00:00-05:00,295.989990234375,296.3599853515625,291.82000732421875,291.8699951171875,265.6723937988281,3309800,0.0,0.0
2019-12-19 00:00:00-05:00,292.05999755859375,293.80999755859375,291.5,293.7099914550781,267.34722900390625,2333600,0.0,0.0
2019-12-20 00:00:00-05:00,293.8500061035156,295.0199890136719,292.7799987792969,294.8299865722656,268.36669921875,4866500,0.0,0.0
2019-12-23 00:00:00-05:00,294.9100036621094,295.30999755859375,293.0299987792969,293.30999755859375,266.9830627441406,1309800,0.0,0.0
2019-12-24 00:00:00-05:00,293.9100036621094,294.45001220703125,293.3599853515625,294.2300109863281,267.8206481933594,543600,0.0,0.0
2019-12-26 00:00:00-05:00,294.489990234375,295.7300109863281,293.8999938964844,295.7300109863281,269.18597412109375,1101800,0.0,0.0
2019-12-27 00:00:00-05:00,296.2200012207031,296.29998779296875,293.17999267578125,294.1099853515625,267.71136474609375,1439100,0.0,0.0
2019-12-30 00:00:00-05:00,294.20001220703125,295.6099853515625,293.6600036621094,295.1400146484375,268.64886474609375,1238900,0.0,0.0
2019-12-31 00:00:00-05:00,295.0,295.45001220703125,292.17999267578125,293.9200134277344,267.53839111328125,1550700,0.0,0.0
2020-01-02 00:00:00-05:00,294.05999755859375,294.5799865722656,291.0,291.489990234375,265.32647705078125,2103600,0.0,0.0
2020-01-03 00:00:00-05:00,290.04998779296875,292.8999938964844,289.3299865722656,291.7300109863281,265.5450134277344,1926000,0.0,0.0
2020-01-06 00:00:00-05:00,290.54998779296875,292.07000732421875,288.6199951171875,291.80999755859375,265.6178283691406,2655100,0.0,0.0
2020-01-07 00:00:00-05:00,291.32000732421875,291.69000244140625,289.2799987792969,291.3500061035156,265.198974609375,1963400,0.0,0.0
2020-01-08 00:00:00-05:00,290.989990234375,295.4800109863281,290.5,294.69000244140625,268.23919677734375,2492800,0.0,0.0
2020-01-09 00:00:00-05:00,298.54998779296875,301.9599914550781,297.7099914550781,299.4200134277344,272.5448303222656,3261200,0.0,0.0
2020-01-10 00:00:00-05:00,300.0,300.2699890136719,296.6600036621094,297.239990234375,270.56036376953125,2024200,0.0,0.0
2020-01-13 00:00:00-05:00,296.9200134277344,300.6499938964844,296.79998779296875,299.8699951171875,272.95428466796875,1778600,0.0,0.0
2020-01-14 00:00:00-05:00,299.25,301.0,298.5799865722656,299.75,272.8450927734375,1459900,0.0,0.0
2020-01-15 00:00:00-05:00,298.3500061035156,301.0400085449219,298.0400085449219,300.82000732421875,273.8191223144531,1604000,0.0,0.0
2020-01-16 00:00:00-05:00,301.3900146484375,304.05999755859375,300.9800109863281,303.0299987792969,275.8307189941406,1758600,0.0,0.0
2020-01-17 00:00:00-05:00,303.3999938964844,305.29998779296875,303.0299987792969,304.67999267578125,277.3326416015625,2506500,0.0,0.0
2020-01-21 00:00:00-05:00,306.20001220703125,313.3399963378906,305.760009765625,313.260009765625,285.142578125,3585900,0.0,0.0
2020-01-22 00:00:00-05:00,313.3999938964844,313.55999755859375,310.2099914550781,311.8900146484375,283.8955078125,2218900,0.0,0.0
2020-01-23 00:00:00-05:00,312.0199890136719,313.3999938964844,310.7300109863281,312.8800048828125,284.796630859375,1535900,0.0,0.0
2020-01-24 00:00:00-05:00,314.0199890136719,314.2799987792969,309.1000061035156,310.510009765625,282.63922119140625,1986100,0.0,0.0
2020-01-27 00:00:00-05:00,306.1499938964844,311.7699890136719,305.6499938964844,309.45001220703125,281.67449951171875,2265100,0.0,0.0
2020-01-28 00:00:00-05:00,310.510009765625,311.7099914550781,309.1000061035156,310.8500061035156,282.9487609863281,1571700,0.0,0.0
2020-01-29 00:00:00-05:00,310.8599853515625,311.9700012207031,309.3900146484375,309.5799865722656,281.7927551269531,1713700,0.0,0.0
2020-01-30 00:00:00-05:00,308.8399963378906,309.6400146484375,306.6700134277344,309.4700012207031,281.6925964355469,1232600,0.0,0.0
2020-01-31 00:00:00-05:00,308.54998779296875,309.17999267578125,304.55999755859375,305.5199890136719,278.0971984863281,1837000,0.0,0.0
2020-02-03 00:00:00-05:00,307.0,308.5799865722656,301.6700134277344,302.0,274.89312744140625,2816800,0.0,0.0
2020-02-04 00:00:00-05:00,304.57000732421875,305.9100036621094,302.760009765625,304.8999938964844,277.53277587890625,1982300,0.0,0.0
2020-02-05 00:00:00-05:00,307.0,309.5899963378906,305.3999938964844,308.95001220703125,281.2193908691406,1731800,0.0,0.0
2020-02-06 00:00:00-05:00,309.3500061035156,311.8399963378906,307.8500061035156,310.6099853515625,283.3263854980469,1917900,0.65,0.0
2020-02-07 00:00:00-05:00,310.0,313.80999755859375,309.1199951171875,313.6300048828125,286.0810546875,1903500,0.0,0.0
2020-02-10 00:00:00-05:00,313.760009765625,316.94000244140625,312.6000061035156,313.7900085449219,286.2271728515625,2336300,0.0,0.0
2020-02-11 00:00:00-05:00,314.0299987792969,314.42999267578125,310.4700012207031,310.67999267578125,283.3902587890625,2047500,0.0,0.0
2020-02-12 00:00:00-05:00,310.7699890136719,315.4800109863281,310.7699890136719,315.1199951171875,287.4402770996094,1384600,0.0,0.0
2020-02-13 00:00:00-05:00,314.8500061035156,318.7900085449219,313.5400085449219,318.20001220703125,290.249755859375,1438000,0.0,0.0
2020-02-14 00:00:00-05:00,318.8699951171875,319.80999755859375,316.95001220703125,318.30999755859375,290.35003662109375,1113400,0.0,0.0
2020-02-18 00:00:00-05:00,319.0,323.4800109863281,318.6099853515625,322.04998779296875,293.7615661621094,1547100,0.0,0.0
2020-02-19 00:00:00-05:00,322.0799865722656,324.5299987792969,321.7300109863281,323.0199890136719,294.6463317871094,1413600,0.0,0.0
2020-02-20 00:00:00-05:00,322.32000732421875,325.07000732421875,321.010009765625,324.0799865722656,295.6131591796875,1427500,0.0,0.0
2020-02-21 00:00:00-05:00,322.55999755859375,325.260009765625,321.0299987792969,321.95001220703125,293.67034912109375,2239000,0.0,0.0
2020-02-24 00:00:00-05:00,315.5,320.0,313.260009765625,313.6199951171875,286.07208251953125,2300400,0.0,0.0
2020-02-25 00:00:00-05:00,315.0,316.57000732421875,304.3999938964844,304.8699951171875,278.090576171875,2881800,0.0,0.0
2020-02-26 00:00:00-05:00,307.54998779296875,311.29998779296875,304.67999267578125,305.69000244140625,278.8385925292969,2236000,0.0,0.0
2020-02-27 00:00:00-05:00,301.9800109863281,305.0,293.0,293.1300048828125,267.3818664550781,3625300,0.0,0.0
2020-02-28 00:00:00-05:00,285.25,287.3299865722656,271.2799987792969,281.1400146484375,256.4450378417969,7091800,0.0,0.0
2020-03-02 00:00:00-05:00,294.44000244140625,309.510009765625,291.3800048828125,309.1400146484375,281.9855651855469,7563800,0.0,0.0
2020-03-03 00:00:00-05:00,309.1400146484375,314.1700134277344,301.0299987792969,302.7300109863281,276.1385192871094,5131400,0.0,0.0
2020-03-04 00:00:00-05:00,308.2900085449219,320.9700012207031,305.0199890136719,320.739990234375,292.5665588378906,4219300,0.0,0.0
2020-03-05 00:00:00-05:00,315.7699890136719,324.510009765625,313.20001220703125,315.760009765625,288.02398681640625,6407700,0.0,0.0
2020-03-06 00:00:00-05:00,312.1400146484375,317.489990234375,302.75,311.3399963378906,283.9922790527344,6185500,0.0,0.0
2020-03-09 00:00:00-04:00,295.8500061035156,310.3299865722656,293.0,301.9800109863281,275.45452880859375,5203100,0.0,0.0
2020-03-10 00:00:00-04:00,307.9700012207031,309.7300109863281,294.4200134277344,309.3999938964844,282.22271728515625,4245500,0.0,0.0
2020-03-11 00:00:00-04:00,300.8599853515625,307.7900085449219,294.19000244140625,297.42999267578125,271.3041076660156,3622700,0.0,0.0
2020-03-12 00:00:00-04:00,280.44000244140625,295.6300048828125,276.3399963378906,279.8500061035156,255.26832580566406,7307600,0.0,0.0
2020-03-13 00:00:00-04:00,288.8299865722656,303.25,278.2699890136719,302.2699890136719,275.718994140625,6100100,0.0,0.0
2020-03-16 00:00:00-04:00,281.8299865722656,299.5299987792969,279.510009765625,283.17999267578125,258.30584716796875,5465500,0.0,0.0
2020-03-17 00:00:00-04:00,289.0,307.19000244140625,286.29998779296875,306.989990234375,280.0244140625,7170600,0.0,0.0
2020-03-18 00:00:00-04:00,298.0,318.0,296.0,307.5,280.48956298828125,6701800,0.0,0.0
2020-03-19 00:00:00-04:00,310.4100036621094,313.8500061035156,302.6300048828125,305.2200012207031,278.4098815917969,5429500,0.0,0.0
2020-03-20 00:00:00-04:00,307.9200134277344,308.010009765625,287.0199890136719,290.4200134277344,264.909912109375,6581200,0.0,0.0
2020-03-23 00:00:00-04:00,292.010009765625,295.6700134277344,278.4200134277344,285.5299987792969,260.44940185546875,5646400,0.0,0.0
2020-03-24 00:00:00-04:00,294.5899963378906,297.3500061035156,282.8299865722656,284.94000244140625,259.9112243652344,7124200,0.0,0.0
2020-03-25 00:00:00-04:00,284.2099914550781,290.7200012207031,279.2099914550781,280.8599853515625,256.189697265625,5639600,0.0,0.0
2020-03-26 00:00:00-04:00,281.3399963378906,293.7300109863281,280.8599853515625,292.29998779296875,266.62469482421875,5463100,0.0,0.0
2020-03-27 00:00:00-04:00,287.1300048828125,293.489990234375,283.3299865722656,284.3299865722656,259.3548583984375,4250400,0.0,0.0
2020-03-30 00:00:00-04:00,287.489990234375,291.67999267578125,285.8399963378906,291.1199951171875,265.5483703613281,4396000,0.0,0.0
2020-03-31 00:00:00-04:00,287.4200134277344,291.5199890136719,284.0,285.1300048828125,260.0845642089844,5618600,0.0,0.0
2020-04-01 00:00:00-04:00,282.3599853515625,288.79998779296875,280.8999938964844,286.7799987792969,261.5896301269531,3745800,0.0,0.0
2020-04-02 00:00:00-04:00,284.3800048828125,292.7799987792969,282.82000732421875,291.4800109863281,265.8768615722656,3500600,0.0,0.0
2020-04-03 00:00:00-04:00,289.1600036621094,292.3399963378906,285.79998779296875,288.6499938964844,263.29534912109375,2650100,0.0,0.0
2020-04-06 00:00:00-04:00,293.0,305.489990234375,289.57000732421875,305.1199951171875,278.318603515625,5272500,0.0,0.0
2020-04-07 00:00:00-04:00,306.5,310.0,303.2200012207031,303.6300048828125,276.95965576171875,4036500,0.0,0.0
2020-04-08 00:00:00-04:00,305.1099853515625,307.4200134277344,302.2799987792969,305.9700012207031,279.093994140625,3964400,0.0,0.0
2020-04-09 00:00:00-04:00,299.45001220703125,304.3500061035156,297.5799865722656,300.010009765625,273.6574401855469,6487600,0.0,0.0
2020-04-13 00:00:00-04:00,298.5799865722656,303.95001220703125,297.6600036621094,299.6199951171875,273.30181884765625,3120400,0.0,0.0
2020-04-14 00:00:00-04:00,302.75,314.75,301.25,314.1400146484375,286.5464172363281,4288300,0.0,0.0
2020-04-15 00:00:00-04:00,311.6400146484375,313.75,306.82000732421875,310.2699890136719,283.0162353515625,2937300,0.0,0.0
2020-04-16 00:00:00-04:00,314.7300109863281,322.6300048828125,312.0400085449219,321.55999755859375,293.3146667480469,3940000,0.0,0.0
2020-04-17 00:00:00-04:00,321.30999755859375,322.1300048828125,314.0199890136719,317.9200134277344,289.9943542480469,3688000,0.0,0.0
2020-04-20 00:00:00-04:00,317.95001220703125,318.3800048828125,311.5299987792969,312.0799865722656,284.6672668457031,3156300,0.0,0.0
2020-04-21 00:00:00-04:00,311.1400146484375,311.8900146484375,299.3500061035156,301.3299865722656,274.8615417480469,3833000,0.0,0.0
2020-04-22 00:00:00-04:00,304.0,311.1300048828125,302.0400085449219,309.4200134277344,282.2409362792969,2970600,0.0,0.0
2020-04-23 00:00:00-04:00,307.0299987792969,309.6400146484375,304.7900085449219,305.3999938964844,278.5740966796875,2625200,0.0,0.0
2020-04-24 00:00:00-04:00,307.3299865722656,310.8299865722656,305.510009765625,310.54998779296875,283.271728515625,2019400,0.0,0.0
2020-04-27 00:00:00-04:00,313.04998779296875,313.2900085449219,307.5899963378906,308.7799987792969,281.65716552734375,2287300,0.0,0.0
2020-04-28 00:00:00-04:00,310.8299865722656,311.2699890136719,304.2799987792969,304.95001220703125,278.16363525390625,2425900,0.0,0.0
2020-04-29 00:00:00-04:00,304.95001220703125,308.67999267578125,301.1199951171875,307.0899963378906,280.1156311035156,3667700,0.0,0.0
2020-04-30 00:00:00-04:00,306.1499938964844,307.8999938964844,302.57000732421875,303.0,277.01629638671875,3794300,0.7,0.0
2020-05-01 00:00:00-04:00,301.7799987792969,304.82000732421875,300.17999267578125,301.9200134277344,276.0289611816406,2525400,0.0,0.0
2020-05-04 00:00:00-04:00,303.0,305.5299987792969,300.07000732421875,304.489990234375,278.3785400390625,2477500,0.0,0.0
2020-05-05 00:00:00-04:00,305.05999755859375,309.79998779296875,303.44000244140625,307.9200134277344,281.5144348144531,2460900,0.0,0.0
2020-05-06 00:00:00-04:00,309.9200134277344,311.0400085449219,306.5400085449219,308.8900146484375,282.4012756347656,2406700,0.0,0.0
2020-05-07 00:00:00-04:00,309.3399963378906,309.8699951171875,304.5299987792969,305.0,278.8447570800781,2601800,0.0,0.0
2020-05-08 00:00:00-04:00,305.8999938964844,307.17999267578125,303.70001220703125,305.94000244140625,279.7041931152344,2337400,0.0,0.0
2020-05-11 00:00:00-04:00,305.6400146484375,311.8299865722656,305.0,310.3299865722656,283.71771240234375,1865900,0.0,0.0
2020-05-12 00:00:00-04:00,310.8399963378906,311.54998779296875,304.7900085449219,304.8399963378906,278.69854736328125,2264900,0.0,0.0
2020-05-13 00:00:00-04:00,304.8399963378906,306.3999938964844,300.1199951171875,302.1400146484375,276.23016357421875,2954900,0.0,0.0
2020-05-14 00:00:00-04:00,301.010009765625,302.8800048828125,294.5400085449219,299.739990234375,274.0358581542969,3718900,0.0,0.0
2020-05-15 00:00:00-04:00,299.07000732421875,299.8299865722656,295.8599853515625,299.2099914550781,273.55126953125,4577200,0.0,0.0
2020-05-18 00:00:00-04:00,301.7200012207031,303.19000244140625,299.9200134277344,302.760009765625,276.79693603515625,3987300,0.0,0.0
2020-05-19 00:00:00-04:00,304.6199951171875,309.0199890136719,303.1499938964844,304.6300048828125,278.5065002441406,3523000,0.0,0.0
2020-05-20 00:00:00-04:00,306.7699890136719,307.9200134277344,303.20001220703125,304.9100036621094,278.76263427734375,2827000,0.0,0.0
2020-05-21 00:00:00-04:00,304.7900085449219,305.0400085449219,301.25,301.9700012207031,276.0745849609375,2492100,0.0,0.0
2020-05-22 00:00:00-04:00,302.010009765625,303.94000244140625,300.8299865722656,302.42999267578125,276.49517822265625,2366400,0.0,0.0
2020-05-26 00:00:00-04:00,306.010009765625,306.8999938964844,303.5299987792969,304.79998779296875,278.6619567871094,3234600,0.0,0.0
2020-05-27 00:00:00-04:00,304.55999755859375,306.30999755859375,299.4700012207031,306.010009765625,279.7682189941406,2980200,0.0,0.0
2020-05-28 00:00:00-04:00,307.25,311.0,306.8999938964844,309.55999755859375,283.0137634277344,4301900,0.0,0.0
2020-05-29 00:00:00-04:00,304.20001220703125,308.8800048828125,302.3500061035156,308.4700012207031,282.0172424316406,4971800,0.0,0.0
2020-06-01 00:00:00-04:00,307.8999938964844,309.739990234375,306.4599914550781,308.2900085449219,281.8528137207031,2293700,0.0,0.0
2020-06-02 00:00:00-04:00,307.95001220703125,309.0199890136719,304.7200012207031,307.0899963378906,280.7555847167969,2528900,0.0,0.0
2020-06-03 00:00:00-04:00,307.5,308.20001220703125,305.9200134277344,306.6400146484375,280.34417724609375,2165900,0.0,0.0
2020-06-04 00:00:00-04:00,310.8500061035156,315.3500061035156,309.0899963378906,310.75,284.1017150878906,4553900,0.0,0.0
2020-06-05 00:00:00-04:00,313.1300048828125,313.6300048828125,307.2900085449219,312.0400085449219,285.28118896484375,4375600,0.0,0.0
2020-06-08 00:00:00-04:00,310.6600036621094,311.2900085449219,306.4599914550781,307.19000244140625,280.8470153808594,3764500,0.0,0.0
2020-06-09 00:00:00-04:00,307.5,308.6000061035156,305.1700134277344,305.54998779296875,279.3476257324219,3155800,0.0,0.0
2020-06-10 00:00:00-04:00,306.4800109863281,308.6300048828125,305.6499938964844,307.3299865722656,280.9749755859375,2713700,0.0,0.0
2020-06-11 00:00:00-04:00,306.989990234375,309.20001220703125,300.6400146484375,300.8299865722656,275.0323791503906,3443000,0.0,0.0
2020-06-12 00:00:00-04:00,302.6700134277344,305.1499938964844,296.25,298.70001220703125,273.0850830078125,4020000,0.0,0.0
2020-06-15 00:00:00-04:00,297.04998779296875,298.07000732421875,293.8399963378906,297.17999267578125,271.6954040527344,3266800,0.0,0.0
2020-06-16 00:00:00-04:00,301.3500061035156,302.739990234375,299.2200012207031,301.3599853515625,275.5169677734375,2633800,0.0,0.0
2020-06-17 00:00:00-04:00,301.0199890136719,302.0,298.8999938964844,299.6099853515625,273.9169921875,2188400,0.0,0.0
2020-06-18 00:00:00-04:00,300.0,300.80999755859375,297.7900085449219,299.57000732421875,273.8804626464844,1881800,0.0,0.0
2020-06-19 00:00:00-04:00,300.17999267578125,301.8999938964844,298.6400146484375,299.8999938964844,274.1821594238281,3438000,0.0,0.0
2020-06-22 00:00:00-04:00,299.70001220703125,301.4800109863281,298.25,300.45001220703125,274.68505859375,2094400,0.0,0.0
2020-06-23 00:00:00-04:00,301.7300109863281,304.8999938964844,300.7300109863281,301.2900085449219,275.4529724121094,2409600,0.0,0.0
2020-06-24 00:00:00-04:00,300.7699890136719,301.2799987792969,296.6000061035156,298.0199890136719,272.4633483886719,2398100,0.0,0.0
2020-06-25 00:00:00-04:00,297.05999755859375,301.1499938964844,295.3999938964844,300.5299987792969,274.7580871582031,2274300,0.0,0.0
2020-06-26 00:00:00-04:00,300.4100036621094,302.1199951171875,295.95001220703125,296.55999755859375,271.1285705566406,2866000,0.0,0.0
2020-06-29 00:00:00-04:00,297.44000244140625,301.6300048828125,296.8299865722656,301.5899963378906,275.7272033691406,1841700,0.0,0.0
2020-06-30 00:00:00-04:00,301.010009765625,304.6199951171875,300.1400146484375,303.2099914550781,277.2083435058594,2391700,0.0,0.0
2020-07-01 00:00:00-04:00,302.5,305.5799865722656,300.75,304.75,278.6163024902344,1906100,0.0,0.0
2020-07-02 00:00:00-04:00,306.0,308.9200134277344,304.6000061035156,305.739990234375,279.5213317871094,2540500,0.0,0.0
2020-07-06 00:00:00-04:00,307.5299987792969,311.55999755859375,307.239990234375,311.489990234375,284.7782287597656,2332400,0.0,0.0
2020-07-07 00:00:00-04:00,310.0199890136719,318.04998779296875,309.7200012207031,316.2300109863281,289.11181640625,3346600,0.0,0.0
2020-07-08 00:00:00-04:00,317.1400146484375,318.04998779296875,314.010009765625,316.32000732421875,289.19403076171875,2364500,0.0,0.0
2020-07-09 00:00:00-04:00,320.0,328.9800109863281,319.67999267578125,325.5400085449219,297.6234130859375,5313600,0.0,0.0
2020-07-10 00:00:00-04:00,326.0,327.3999938964844,323.1099853515625,326.2300109863281,298.25421142578125,2484100,0.0,0.0
2020-07-13 00:00:00-04:00,326.29998779296875,329.1099853515625,321.5,322.9200134277344,295.2281188964844,2583200,0.0,0.0
2020-07-14 00:00:00-04:00,321.32000732421875,328.6600036621094,320.45001220703125,328.0,299.8724365234375,1844800,0.0,0.0
2020-07-15 00:00:00-04:00,328.1000061035156,329.32000732421875,325.6199951171875,326.70001220703125,298.68402099609375,1770700,0.0,0.0
2020-07-16 00:00:00-04:00,326.6199951171875,327.8999938964844,324.05999755859375,326.2699890136719,298.2907409667969,1402000,0.0,0.0
2020-07-17 00:00:00-04:00,327.29998779296875,327.79998779296875,324.5799865722656,324.7900085449219,296.9377136230469,1768100,0.0,0.0
2020-07-20 00:00:00-04:00,324.8900146484375,327.44000244140625,322.6600036621094,326.510009765625,298.5102844238281,1863300,0.0,0.0
2020-07-21 00:00:00-04:00,327.0,331.489990234375,326.5,327.739990234375,299.63470458984375,1874200,0.0,0.0
2020-07-22 00:00:00-04:00,329.6499938964844,329.6600036621094,325.010009765625,328.29998779296875,300.146728515625,1312600,0.0,0.0
2020-07-23 00:00:00-04:00,328.1000061035156,330.3800048828125,325.3299865722656,326.1099853515625,298.14453125,1561700,0.0,0.0
2020-07-24 00:00:00-04:00,326.2200012207031,328.75,324.6700134277344,325.7799987792969,297.84283447265625,1423400,0.0,0.0
2020-07-27 00:00:00-04:00,325.67999267578125,329.0,325.17999267578125,327.6000061035156,299.5067443847656,2083300,0.0,0.0
2020-07-28 00:00:00-04:00,327.9700012207031,330.0,325.82000732421875,327.57000732421875,299.4793395996094,1374000,0.0,0.0
2020-07-29 00:00:00-04:00,327.0199890136719,328.0400085449219,325.3900146484375,326.1400146484375,298.1719970703125,1341300,0.0,0.0
2020-07-30 00:00:00-04:00,322.69000244140625,326.45001220703125,322.0,324.82000732421875,297.6039123535156,1390300,0.7,0.0
2020-07-31 00:00:00-04:00,324.82000732421875,326.30999755859375,322.54998779296875,325.5299987792969,298.2543640136719,2149900,0.0,0.0
2020-08-03 00:00:00-04:00,325.54998779296875,329.8900146484375,324.29998779296875,329.32000732421875,301.72686767578125,2480200,0.0,0.0
2020-08-04 00:00:00-04:00,329.55999755859375,339.82000732421875,328.9200134277344,339.7900085449219,311.31951904296875,3933300,0.0,0.0
2020-08-05 00:00:00-04:00,341.8599853515625,342.7300109863281,337.5899963378906,339.9700012207031,311.4844665527344,2923700,0.0,0.0
2020-08-06 00:00:00-04:00,342.4100036621094,345.1199951171875,341.6099853515625,343.30999755859375,314.54461669921875,2104300,0.0,0.0
2020-08-07 00:00:00-04:00,343.1400146484375,344.7300109863281,339.6300048828125,340.9100036621094,312.345703125,1759000,0.0,0.0
2020-08-10 00:00:00-04:00,340.7099914550781,341.07000732421875,338.5799865722656,340.0,311.511962890625,1503800,0.0,0.0
2020-08-11 00:00:00-04:00,340.8500061035156,340.8500061035156,331.79998779296875,332.42999267578125,304.5762634277344,2065600,0.0,0.0
2020-08-12 00:00:00-04:00,333.75,338.8999938964844,333.1700134277344,336.760009765625,308.5434265136719,1853900,0.0,0.0
2020-08-13 00:00:00-04:00,336.989990234375,339.4599914550781,335.1300048828125,335.70001220703125,307.5722351074219,1536500,0.0,0.0
2020-08-14 00:00:00-04:00,336.5299987792969,338.760009765625,335.6000061035156,336.2799987792969,308.1036682128906,1522900,0.0,0.0
2020-08-17 00:00:00-04:00,337.6499938964844,340.3699951171875,337.3599853515625,339.9599914550781,311.4753112792969,1504700,0.0,0.0
2020-08-18 00:00:00-04:00,341.0,342.79998779296875,336.80999755859375,340.75,312.19921875,1489400,0.0,0.0
2020-08-19 00:00:00-04:00,341.1199951171875,341.94000244140625,339.95001220703125,340.8999938964844,312.33660888671875,1730100,0.0,0.0
2020-08-20 00:00:00-04:00,340.1400146484375,341.6600036621094,338.739990234375,340.8699951171875,312.3091125488281,1717500,0.0,0.0
2020-08-21 00:00:00-04:00,340.07000732421875,345.8399963378906,339.3299865722656,344.6099853515625,315.73577880859375,2372600,0.0,0.0
2020-08-24 00:00:00-04:00,345.1099853515625,346.1099853515625,342.1099853515625,344.1300048828125,315.29595947265625,1461500,0.0,0.0
2020-08-25 00:00:00-04:00,344.1400146484375,344.9100036621094,341.4599914550781,344.7099914550781,315.82733154296875,1176200,0.0,0.0
2020-08-26 00:00:00-04:00,343.010009765625,344.8299865722656,341.69000244140625,344.2699890136719,315.42431640625,1757000,0.0,0.0
2020-08-27 00:00:00-04:00,345.6099853515625,347.739990234375,342.54998779296875,346.3599853515625,317.339111328125,2220700,0.0,0.0
2020-08-28 00:00:00-04:00,347.4700012207031,349.05999755859375,345.5,348.3699951171875,319.1806640625,1487300,0.0,0.0
2020-08-31 00:00:00-04:00,346.8500061035156,348.75,344.2900085449219,347.6600036621094,318.5302429199219,1586900,0.0,0.0
2020-09-01 00:00:00-04:00,345.7099914550781,351.489990234375,345.4100036621094,351.3800048828125,321.9385070800781,1773700,0.0,0.0
2020-09-02 00:00:00-04:00,353.6099853515625,359.9200134277344,351.30999755859375,358.8599853515625,328.7917785644531,2434900,0.0,0.0
2020-09-03 00:00:00-04:00,363.07000732421875,363.6700134277344,345.5199890136719,348.29998779296875,319.1165466308594,3630400,0.0,0.0
2020-09-04 00:00:00-04:00,353.9800109863281,353.9800109863281,340.3999938964844,346.57000732421875,317.531494140625,2557000,0.0,0.0
2020-09-08 00:00:00-04:00,343.8399963378906,344.9200134277344,338.17999267578125,338.8599853515625,310.4675598144531,2144300,0.0,0.0
2020-09-09 00:00:00-04:00,340.8999938964844,349.70001220703125,340.3900146484375,346.42999267578125,317.4031677246094,2100900,0.0,0.0
2020-09-10 00:00:00-04:00,346.2699890136719,348.0,338.760009765625,339.5299987792969,311.08135986328125,1959600,0.0,0.0
2020-09-11 00:00:00-04:00,340.2799987792969,343.260009765625,336.1000061035156,339.1300048828125,310.71490478515625,1599600,0.0,0.0
2020-09-14 00:00:00-04:00,340.989990234375,344.8399963378906,340.4700012207031,342.9200134277344,314.187255859375,1522300,0.0,0.0
2020-09-15 00:00:00-04:00,345.0199890136719,347.760009765625,342.75,343.9100036621094,315.0944519042969,1362500,0.0,0.0
2020-09-16 00:00:00-04:00,347.2699890136719,348.760009765625,343.25,343.7300109863281,314.9294738769531,1656500,0.0,0.0
2020-09-17 00:00:00-04:00,339.5799865722656,342.8900146484375,336.3699951171875,338.8800048828125,310.4858703613281,2681500,0.0,0.0
2020-09-18 00:00:00-04:00,340.20001220703125,341.2200012207031,331.20001220703125,335.9599914550781,307.81048583984375,3409300,0.0,0.0
2020-09-21 00:00:00-04:00,333.9700012207031,339.6199951171875,333.7099914550781,339.57000732421875,311.1180725097656,2427400,0.0,0.0
2020-09-22 00:00:00-04:00,340.70001220703125,344.8999938964844,339.5899963378906,344.45001220703125,315.58917236328125,2128100,0.0,0.0
2020-09-23 00:00:00-04:00,348.0,348.25,344.05999755859375,344.6300048828125,315.7540283203125,3577100,0.0,0.0
2020-09-24 00:00:00-04:00,345.0,347.3299865722656,338.30999755859375,347.0,317.9254150390625,5779300,0.0,0.0
2020-09-25 00:00:00-04:00,340.739990234375,343.7699890136719,335.3599853515625,342.5799865722656,313.8758239746094,7338500,0.0,0.0
2020-09-28 00:00:00-04:00,343.760009765625,349.7699890136719,343.1000061035156,349.6199951171875,320.3260192871094,3459200,0.0,0.0
2020-09-29 00:00:00-04:00,348.95001220703125,354.2900085449219,347.1000061035156,352.1400146484375,322.6347961425781,2526000,0.0,0.0
2020-09-30 00:00:00-04:00,352.55999755859375,357.70001220703125,351.1700134277344,355.0,325.2552185058594,2525800,0.0,0.0
2020-10-01 00:00:00-04:00,356.260009765625,359.69000244140625,354.82000732421875,358.4599914550781,328.42529296875,2053000,0.0,0.0
2020-10-02 00:00:00-04:00,354.7300109863281,357.8399963378906,352.8500061035156,355.010009765625,325.2643127441406,2125000,0.0,0.0
2020-10-05 00:00:00-04:00,355.3299865722656,358.9800109863281,355.3299865722656,358.5799865722656,328.53521728515625,2093500,0.0,0.0
2020-10-06 00:00:00-04:00,361.8999938964844,363.0,357.0400085449219,358.3500061035156,328.3245544433594,2760400,0.0,0.0
2020-10-07 00:00:00-04:00,360.4700012207031,364.739990234375,359.6600036621094,363.0199890136719,332.6031799316406,1959100,0.0,0.0
2020-10-08 00:00:00-04:00,364.79998779296875,365.9700012207031,361.75,365.0899963378906,334.49969482421875,1793100,0.0,0.0
2020-10-09 00:00:00-04:00,366.0,369.75,365.70001220703125,369.4599914550781,338.50360107421875,1730700,0.0,0.0
2020-10-12 00:00:00-04:00,371.0,380.6600036621094,370.7699890136719,376.4800109863281,344.93536376953125,2806900,0.0,0.0
2020-10-13 00:00:00-04:00,378.4200134277344,382.2900085449219,376.4800109863281,380.67999267578125,348.78350830078125,1823300,0.0,0.0
2020-10-14 00:00:00-04:00,382.8900146484375,383.8699951171875,376.70001220703125,378.3399963378906,346.6395568847656,1904400,0.0,0.0
2020-10-15 00:00:00-04:00,376.4599914550781,378.3599853515625,373.05999755859375,376.5799865722656,345.02691650390625,1697800,0.0,0.0
2020-10-16 00:00:00-04:00,380.5,384.8699951171875,379.1199951171875,381.5400085449219,349.5714416503906,2459400,0.0,0.0
2020-10-19 00:00:00-04:00,382.0299987792969,383.0899963378906,374.7099914550781,375.55999755859375,344.09246826171875,1938100,0.0,0.0
2020-10-20 00:00:00-04:00,377.69000244140625,382.0799865722656,376.1199951171875,378.30999755859375,346.61199951171875,1282300,0.0,0.0
2020-10-21 00:00:00-04:00,378.55999755859375,381.2799987792969,377.0199890136719,377.82000732421875,346.1632080078125,1466500,0.0,0.0
2020-10-22 00:00:00-04:00,377.3500061035156,378.3800048828125,372.0299987792969,375.75,344.2665710449219,1813200,0.0,0.0
2020-10-23 00:00:00-04:00,375.6099853515625,376.5199890136719,373.55999755859375,374.6000061035156,343.21295166015625,1108000,0.0,0.0
2020-10-26 00:00:00-04:00,366.67999267578125,372.6300048828125,366.1199951171875,370.7099914550781,339.6488342285156,2145000,0.0,0.0
2020-10-27 00:00:00-04:00,368.7699890136719,374.9100036621094,368.7699890136719,372.7200012207031,341.4903869628906,1525400,0.0,0.0
2020-10-28 00:00:00-04:00,367.3299865722656,372.4100036621094,364.6700134277344,364.9599914550781,334.38067626953125,1908300,0.0,0.0
2020-10-29 00:00:00-04:00,363.2300109863281,369.0899963378906,362.510009765625,364.8599853515625,334.931396484375,1838500,0.7,0.0
2020-10-30 00:00:00-04:00,361.1300048828125,363.8500061035156,355.7900085449219,357.6199951171875,328.2852783203125,2724100,0.0,0.0
2020-11-02 00:00:00-05:00,362.2200012207031,365.6600036621094,360.7099914550781,364.3900146484375,334.49993896484375,1646300,0.0,0.0
2020-11-03 00:00:00-05:00,368.94000244140625,374.79998779296875,367.8900146484375,371.9599914550781,341.4490661621094,2013100,0.0,0.0
2020-11-04 00:00:00-05:00,374.0199890136719,381.6400146484375,374.0,376.1700134277344,345.313720703125,2449800,0.0,0.0
2020-11-05 00:00:00-05:00,382.4800109863281,386.5799865722656,379.5,385.2300109863281,353.6305236816406,2255800,0.0,0.0
2020-11-06 00:00:00-05:00,381.8800048828125,386.79998779296875,380.8900146484375,385.6600036621094,354.0252990722656,1950200,0.0,0.0
2020-11-09 00:00:00-05:00,388.25,389.5,364.760009765625,365.0,335.0599365234375,4371300,0.0,0.0
2020-11-10 00:00:00-05:00,363.8800048828125,371.5400085449219,360.5899963378906,366.6199951171875,336.5470275878906,2662600,0.0,0.0
2020-11-11 00:00:00-05:00,369.67999267578125,374.70001220703125,368.1600036621094,372.9200134277344,342.33038330078125,1688800,0.0,0.0
2020-11-12 00:00:00-05:00,376.95001220703125,378.239990234375,373.5,375.7099914550781,344.8915100097656,1535900,0.0,0.0
2020-11-13 00:00:00-05:00,376.5199890136719,379.8299865722656,374.989990234375,378.8399963378906,347.7646789550781,1274600,0.0,0.0
2020-11-16 00:00:00-05:00,376.9100036621094,381.2799987792969,376.9100036621094,379.7900085449219,348.6368103027344,1691500,0.0,0.0
2020-11-17 00:00:00-05:00,387.32000732421875,388.4800109863281,381.7900085449219,381.9200134277344,350.5920104980469,3299100,0.0,0.0
2020-11-18 00:00:00-05:00,382.8900146484375,388.04998779296875,381.7300109863281,382.2300109863281,350.8765869140625,2134600,0.0,0.0
2020-11-19 00:00:00-05:00,383.6099853515625,384.7099914550781,380.30999755859375,383.5400085449219,352.07916259765625,1768900,0.0,0.0
2020-11-20 00:00:00-05:00,383.95001220703125,385.5,381.010009765625,381.1199951171875,349.857666015625,1807600,0.0,0.0
2020-11-23 00:00:00-05:00,383.0,383.05999755859375,380.3399963378906,381.7099914550781,350.3992004394531,1679600,0.0,0.0
2020-11-24 00:00:00-05:00,383.69000244140625,386.04998779296875,380.7099914550781,384.2200012207031,352.7033996582031,2061100,0.0,0.0
2020-11-25 00:00:00-05:00,385.7900085449219,388.3399963378906,385.55999755859375,387.75,355.9438781738281,2034200,0.0,0.0
2020-11-27 00:00:00-05:00,390.4599914550781,390.6700134277344,387.75,388.3900146484375,356.5313415527344,1329400,0.0,0.0
2020-11-30 00:00:00-05:00,391.75,393.1499938964844,385.2300109863281,391.7699890136719,359.63409423828125,3733800,0.0,0.0
2020-12-01 00:00:00-05:00,384.5,388.07000732421875,381.17999267578125,387.55999755859375,365.0882873535156,2996800,10.0,0.0
2020-12-02 00:00:00-05:00,385.4700012207031,386.8800048828125,381.57000732421875,383.5,361.26373291015625,2212800,0.0,0.0
2020-12-03 00:00:00-05:00,378.0,378.7300109863281,373.2799987792969,374.04998779296875,352.3616638183594,3976400,0.0,0.0
2020-12-04 00:00:00-05:00,375.2099914550781,375.30999755859375,371.8900146484375,373.42999267578125,351.777587890625,2839700,0.0,0.0
2020-12-07 00:00:00-05:00,374.2699890136719,376.5,372.6499938964844,373.3299865722656,351.68341064453125,2652900,0.0,0.0
2020-12-08 00:00:00-05:00,373.95001220703125,379.5199890136719,370.75,377.6000061035156,355.70587158203125,2685500,0.0,0.0
2020-12-09 00:00:00-05:00,379.8800048828125,381.0,372.79998779296875,374.2900085449219,352.587646484375,2461600,0.0,0.0
2020-12-10 00:00:00-05:00,374.2900085449219,375.0,371.55999755859375,372.7900085449219,351.1746826171875,2566300,0.0,0.0
2020-12-11 00:00:00-05:00,379.7699890136719,379.7699890136719,372.5400085449219,375.1000061035156,353.3507995605469,3483900,0.0,0.0
2020-12-14 00:00:00-05:00,376.55999755859375,378.17999267578125,373.2099914550781,374.3800048828125,352.67254638671875,2778400,0.0,0.0
2020-12-15 00:00:00-05:00,374.5,375.69000244140625,369.29998779296875,371.8800048828125,350.3175354003906,2133900,0.0,0.0
2020-12-16 00:00:00-05:00,371.1600036621094,372.8399963378906,368.8500061035156,369.44000244140625,348.01904296875,2385100,0.0,0.0
2020-12-17 00:00:00-05:00,370.260009765625,370.9700012207031,368.0,370.2900085449219,348.81976318359375,2314200,0.0,0.0
2020-12-18 00:00:00-05:00,371.1000061035156,371.3599853515625,365.92999267578125,367.0,345.7204284667969,4140000,0.0,0.0
2020-12-21 00:00:00-05:00,365.0899963378906,366.1199951171875,361.80999755859375,364.9700012207031,343.8081970214844,2329700,0.0,0.0
2020-12-22 00:00:00-05:00,364.1000061035156,364.760009765625,360.6099853515625,362.0299987792969,341.03863525390625,2105500,0.0,0.0
2020-12-23 00:00:00-05:00,362.45001220703125,363.1000061035156,359.5,361.8900146484375,340.90673828125,1782100,0.0,0.0
2020-12-24 00:00:00-05:00,361.4100036621094,365.3399963378906,361.4100036621094,364.5799865722656,343.440673828125,972500,0.0,0.0
2020-12-28 00:00:00-05:00,365.5,371.69000244140625,365.0799865722656,371.05999755859375,349.545166015625,3207700,0.0,0.0
2020-12-29 00:00:00-05:00,372.25,373.260009765625,370.260009765625,372.7200012207031,351.10882568359375,2072600,0.0,0.0
2020-12-30 00:00:00-05:00,374.20001220703125,375.8599853515625,373.2799987792969,374.45001220703125,352.73846435546875,1778000,0.0,0.0
2020-12-31 00:00:00-05:00,374.989990234375,377.0400085449219,372.4599914550781,376.7799987792969,354.9333801269531,1628900,0.0,0.0
2021-01-04 00:00:00-05:00,377.42999267578125,381.54998779296875,374.80999755859375,380.1499938964844,358.1080322265625,3322200,0.0,0.0
2021-01-05 00:00:00-05:00,378.8599853515625,380.2099914550781,375.25,375.739990234375,353.9536437988281,2748400,0.0,0.0
2021-01-06 00:00:00-05:00,373.82000732421875,375.79998779296875,369.6499938964844,370.0199890136719,348.5652770996094,2661400,0.0,0.0
2021-01-07 00:00:00-05:00,371.010009765625,371.6499938964844,366.7900085449219,367.9200134277344,346.58709716796875,2849500,0.0,0.0
2021-01-08 00:00:00-05:00,368.1199951171875,370.260009765625,364.2900085449219,369.94000244140625,348.4901123046875,2599700,0.0,0.0
2021-01-11 00:00:00-05:00,368.5799865722656,371.0,363.8599853515625,364.010009765625,342.9038391113281,2562500,0.0,0.0
2021-01-12 00:00:00-05:00,364.0,365.07000732421875,360.25,364.20001220703125,343.08282470703125,2387600,0.0,0.0
2021-01-13 00:00:00-05:00,364.3699951171875,368.739990234375,363.0,366.95001220703125,345.67340087890625,1968800,0.0,0.0
2021-01-14 00:00:00-05:00,366.0,366.5,361.55999755859375,362.3500061035156,341.3400573730469,2363900,0.0,0.0
2021-01-15 00:00:00-05:00,361.05999755859375,364.9100036621094,360.79998779296875,362.1600036621094,341.1611633300781,2340400,0.0,0.0
2021-01-19 00:00:00-05:00,362.3599853515625,362.95001220703125,352.44000244140625,354.4700012207031,333.9170227050781,4533800,0.0,0.0
2021-01-20 00:00:00-05:00,354.3900146484375,361.8999938964844,353.4100036621094,361.29998779296875,340.3509826660156,2767200,0.0,0.0
2021-01-21 00:00:00-05:00,361.29998779296875,363.989990234375,359.94000244140625,362.79998779296875,341.7639465332031,2121600,0.0,0.0
2021-01-22 00:00:00-05:00,363.20001220703125,364.6300048828125,359.8500061035156,362.29998779296875,341.29296875,1960300,0.0,0.0
2021-01-25 00:00:00-05:00,360.8599853515625,361.9599914550781,356.82000732421875,361.8800048828125,340.8973083496094,2735900,0.0,0.0
2021-01-26 00:00:00-05:00,360.20001220703125,365.8999938964844,358.8800048828125,364.9800109863281,343.8175964355469,1807000,0.0,0.0
2021-01-27 00:00:00-05:00,362.989990234375,365.79998779296875,354.8500061035156,356.3900146484375,335.72564697265625,3120800,0.0,0.0
2021-01-28 00:00:00-05:00,356.8500061035156,361.6099853515625,356.07000732421875,357.05999755859375,336.35687255859375,2251100,0.0,0.0
2021-01-29 00:00:00-05:00,354.75,356.2900085449219,351.8800048828125,352.42999267578125,331.99530029296875,2598700,0.0,0.0
2021-02-01 00:00:00-05:00,351.2099914550781,352.7900085449219,349.2099914550781,350.5199890136719,330.19598388671875,2371200,0.0,0.0
2021-02-02 00:00:00-05:00,351.760009765625,357.70001220703125,350.7200012207031,355.5799865722656,334.96258544921875,1905000,0.0,0.0
2021-02-03 00:00:00-05:00,356.2300109863281,357.5299987792969,353.2099914550781,355.2099914550781,334.61407470703125,1759800,0.0,0.0
2021-02-04 00:00:00-05:00,356.7099914550781,358.3800048828125,353.8500061035156,355.8500061035156,335.87890625,3411600,0.7,0.0
2021-02-05 00:00:00-05:00,356.54998779296875,356.8500061035156,354.1000061035156,355.1700134277344,335.2370910644531,2165600,0.0,0.0
2021-02-08 00:00:00-05:00,356.57000732421875,360.0400085449219,355.57000732421875,359.8299865722656,339.63543701171875,2520700,0.0,0.0
2021-02-09 00:00:00-05:00,360.0400085449219,361.6700134277344,358.29998779296875,359.55999755859375,339.3806457519531,2154000,0.0,0.0
2021-02-10 00:00:00-05:00,361.0,361.0,355.1199951171875,356.1199951171875,336.1336975097656,2162400,0.0,0.0
2021-02-11 00:00:00-05:00,355.7300109863281,356.5,351.3900146484375,352.20001220703125,332.4337158203125,2088400,0.0,0.0
2021-02-12 00:00:00-05:00,351.989990234375,352.9800109863281,350.1000061035156,352.75,332.9528503417969,2096600,0.0,0.0
2021-02-16 00:00:00-05:00,353.0799865722656,355.3599853515625,352.0400085449219,354.0,334.1326599121094,1829000,0.0,0.0
2021-02-17 00:00:00-05:00,353.1099853515625,358.1700134277344,351.9100036621094,358.0400085449219,337.9459533691406,2143000,0.0,0.0
2021-02-18 00:00:00-05:00,352.2799987792969,358.20001220703125,352.2799987792969,356.9200134277344,336.8887939453125,1914900,0.0,0.0
2021-02-19 00:00:00-05:00,356.69000244140625,357.92999267578125,354.5799865722656,354.7699890136719,334.8594665527344,1839400,0.0,0.0
2021-02-22 00:00:00-05:00,352.75,353.2900085449219,348.82000732421875,350.2099914550781,330.55535888671875,2215600,0.0,0.0
2021-02-23 00:00:00-05:00,349.79998779296875,351.0,342.0299987792969,342.1499938964844,322.94775390625,3692600,0.0,0.0
2021-02-24 00:00:00-05:00,341.7900085449219,342.5,337.8900146484375,340.70001220703125,321.5790710449219,3305800,0.0,0.0
2021-02-25 00:00:00-05:00,340.8500061035156,343.0,333.3500061035156,333.8999938964844,315.1607360839844,3618100,0.0,0.0
2021-02-26 00:00:00-05:00,335.510009765625,335.8900146484375,330.94000244140625,331.0,312.4235534667969,3362200,0.0,0.0
2021-03-01 00:00:00-05:00,335.2099914550781,336.0,331.3599853515625,331.7699890136719,313.1502380371094,4653200,0.0,0.0
2021-03-02 00:00:00-05:00,333.69000244140625,334.69000244140625,328.4200134277344,328.4599914550781,310.0260314941406,4660100,0.0,0.0
2021-03-03 00:00:00-05:00,328.1700134277344,328.4200134277344,323.760009765625,323.9200134277344,305.7408447265625,4064200,0.0,0.0
2021-03-04 00:00:00-05:00,323.3699951171875,325.6000061035156,315.0400085449219,319.0400085449219,301.134765625,5501200,0.0,0.0
2021-03-05 00:00:00-05:00,315.3299865722656,318.42999267578125,307.0,317.32000732421875,299.51123046875,8102800,0.0,0.0
2021-03-08 00:00:00-05:00,318.9100036621094,322.3299865722656,310.9200134277344,311.4200134277344,293.9424133300781,4873500,0.0,0.0
2021-03-09 00:00:00-05:00,313.760009765625,320.2799987792969,312.7099914550781,318.7799987792969,300.8892822265625,5426800,0.0,0.0
2021-03-10 00:00:00-05:00,321.1400146484375,327.3900146484375,317.32000732421875,323.8299865722656,305.6558837890625,4523500,0.0,0.0
2021-03-11 00:00:00-05:00,330.4100036621094,331.25,326.7200012207031,328.6499938964844,310.2053527832031,4338900,0.0,0.0
2021-03-12 00:00:00-05:00,328.1000061035156,331.6300048828125,325.6000061035156,331.1400146484375,312.5556945800781,3182100,0.0,0.0
2021-03-15 00:00:00-04:00,333.6000061035156,333.67999267578125,327.32000732421875,330.510009765625,311.9609680175781,3243000,0.0,0.0
2021-03-16 00:00:00-04:00,329.6700134277344,330.0299987792969,326.6400146484375,327.25,308.8839416503906,3066700,0.0,0.0
2021-03-17 00:00:00-04:00,326.0,330.5,324.1199951171875,329.19000244140625,310.7149963378906,2672400,0.0,0.0
2021-03-18 00:00:00-04:00,326.4800109863281,328.1400146484375,322.3800048828125,322.9800109863281,304.8536071777344,2736900,0.0,0.0
2021-03-19 00:00:00-04:00,323.6099853515625,329.25,322.3900146484375,328.9100036621094,310.45074462890625,4859300,0.0,0.0
2021-03-22 00:00:00-04:00,328.45001220703125,336.1700134277344,328.19000244140625,334.489990234375,315.7176208496094,4064900,0.0,0.0
2021-03-23 00:00:00-04:00,333.8900146484375,342.510009765625,333.79998779296875,340.3399963378906,321.2392883300781,3641200,0.0,0.0
2021-03-24 00:00:00-04:00,342.2200012207031,342.510009765625,336.8299865722656,338.0400085449219,319.0684509277344,3006400,0.0,0.0
2021-03-25 00:00:00-04:00,337.80999755859375,347.7799987792969,337.2699890136719,346.3399963378906,326.90252685546875,4307100,0.0,0.0
2021-03-26 00:00:00-04:00,346.2099914550781,352.4599914550781,344.1000061035156,352.0199890136719,332.2638244628906,3061200,0.0,0.0
2021-03-29 00:00:00-04:00,351.45001220703125,357.7699890136719,351.010009765625,356.1499938964844,336.16192626953125,3012000,0.0,0.0
2021-03-30 00:00:00-04:00,353.5799865722656,354.7699890136719,348.8399963378906,349.75,330.1212463378906,2602400,0.0,0.0
2021-03-31 00:00:00-04:00,350.6600036621094,357.45001220703125,349.2300109863281,352.4800109863281,332.69805908203125,2832200,0.0,0.0
2021-04-01 00:00:00-04:00,352.5400085449219,357.32000732421875,351.6300048828125,354.94000244140625,335.0198974609375,2938600,0.0,0.0
2021-04-05 00:00:00-04:00,357.5,362.6700134277344,356.8399963378906,360.82000732421875,340.5699768066406,2705700,0.0,0.0
2021-04-06 00:00:00-04:00,359.79998779296875,362.79998779296875,359.0,360.1199951171875,339.90924072265625,2142000,0.0,0.0
2021-04-07 00:00:00-04:00,360.8699951171875,361.4599914550781,357.6099853515625,358.80999755859375,338.67266845703125,1808400,0.0,0.0
2021-04-08 00:00:00-04:00,362.79998779296875,366.0199890136719,359.6000061035156,361.2200012207031,340.9474792480469,2839200,0.0,0.0
2021-04-09 00:00:00-04:00,360.9100036621094,363.7099914550781,359.6000061035156,363.2099914550781,342.8257751464844,1610800,0.0,0.0
2021-04-12 00:00:00-04:00,362.8399963378906,365.25,361.3399963378906,364.80999755859375,344.3360290527344,1836600,0.0,0.0
2021-04-13 00:00:00-04:00,365.3399963378906,367.29998779296875,364.2699890136719,365.2099914550781,344.7135314941406,1796400,0.0,0.0
2021-04-14 00:00:00-04:00,364.8500061035156,364.8500061035156,362.54998779296875,363.1700134277344,342.78802490234375,1509400,0.0,0.0
2021-04-15 00:00:00-04:00,364.8800048828125,369.54998779296875,364.2699890136719,368.79998779296875,348.10205078125,1850100,0.0,0.0
2021-04-16 00:00:00-04:00,369.70001220703125,372.79998779296875,368.5799865722656,370.7200012207031,349.9143981933594,2249200,0.0,0.0
2021-04-19 00:00:00-04:00,371.0,371.5299987792969,368.20001220703125,369.54998779296875,348.80999755859375,1560000,0.0,0.0
2021-04-20 00:00:00-04:00,369.0,375.3599853515625,368.7300109863281,371.7300109863281,350.8676452636719,2330700,0.0,0.0
2021-04-21 00:00:00-04:00,371.6099853515625,374.5799865722656,371.4700012207031,374.0899963378906,353.0952453613281,1531800,0.0,0.0
2021-04-22 00:00:00-04:00,374.3399963378906,375.44000244140625,370.0299987792969,371.260009765625,350.424072265625,2138000,0.0,0.0
2021-04-23 00:00:00-04:00,371.260009765625,374.8500061035156,370.4100036621094,373.2799987792969,352.33062744140625,1404500,0.0,0.0
2021-04-26 00:00:00-04:00,373.8999938964844,373.8999938964844,368.2099914550781,368.5199890136719,347.8377685546875,2059700,0.0,0.0
2021-04-27 00:00:00-04:00,368.1700134277344,370.9599914550781,365.2900085449219,370.2099914550781,349.43292236328125,1875900,0.0,0.0
2021-04-28 00:00:00-04:00,369.54998779296875,370.5,368.17999267578125,369.5899963378906,348.84765625,1305600,0.0,0.0
2021-04-29 00:00:00-04:00,368.5400085449219,374.7099914550781,368.5299987792969,373.5400085449219,353.331298828125,1848300,0.79,0.0
2021-04-30 00:00:00-04:00,372.9100036621094,374.1600036621094,371.3299865722656,372.0899963378906,351.959716796875,2118900,0.0,0.0
2021-05-03 00:00:00-04:00,373.8399963378906,379.6199951171875,372.8900146484375,379.32000732421875,358.798583984375,2685800,0.0,0.0
2021-05-04 00:00:00-04:00,379.0299987792969,379.2300109863281,373.75,375.2900085449219,354.9866638183594,2133800,0.0,0.0
2021-05-05 00:00:00-04:00,376.3500061035156,377.5199890136719,372.04998779296875,372.5,352.34759521484375,1905300,0.0,0.0
2021-05-06 00:00:00-04:00,373.19000244140625,382.94000244140625,373.19000244140625,382.760009765625,362.0525207519531,2641400,0.0,0.0
2021-05-07 00:00:00-04:00,382.8299865722656,386.45001220703125,382.20001220703125,384.32000732421875,363.528076171875,1817100,0.0,0.0
2021-05-10 00:00:00-04:00,385.489990234375,387.8900146484375,381.2799987792969,381.4800109863281,360.8418884277344,1998700,0.0,0.0
2021-05-11 00:00:00-04:00,379.30999755859375,380.9200134277344,376.0,378.17999267578125,357.7203063964844,1859700,0.0,0.0
2021-05-12 00:00:00-04:00,376.0,376.94000244140625,371.1099853515625,372.20001220703125,352.0638427734375,2344600,0.0,0.0
2021-05-13 00:00:00-04:00,373.0899963378906,381.44000244140625,371.57000732421875,379.5299987792969,358.9972839355469,2023100,0.0,0.0
2021-05-14 00:00:00-04:00,382.1400146484375,385.82000732421875,380.1000061035156,384.4200134277344,363.6227111816406,1876100,0.0,0.0
2021-05-17 00:00:00-04:00,385.0400085449219,387.04998779296875,382.8999938964844,383.9599914550781,363.1875,1830800,0.0,0.0
2021-05-18 00:00:00-04:00,386.45001220703125,389.45001220703125,382.510009765625,382.80999755859375,362.0997314453125,1698200,0.0,0.0
2021-05-19 00:00:00-04:00,377.1499938964844,381.7300109863281,376.1300048828125,379.6600036621094,359.1202087402344,1725000,0.0,0.0
2021-05-20 00:00:00-04:00,379.17999267578125,384.5199890136719,378.2799987792969,383.5799865722656,362.82806396484375,1427300,0.0,0.0
2021-05-21 00:00:00-04:00,385.04998779296875,385.3500061035156,380.42999267578125,380.7200012207031,360.12286376953125,1706600,0.0,0.0
2021-05-24 00:00:00-04:00,384.3399963378906,385.760009765625,381.8900146484375,383.45001220703125,362.70513916015625,1657000,0.0,0.0
2021-05-25 00:00:00-04:00,383.6199951171875,385.739990234375,382.0299987792969,385.3800048828125,364.53076171875,1379700,0.0,0.0
2021-05-26 00:00:00-04:00,385.8599853515625,387.75,385.0199890136719,385.6199951171875,364.7577819824219,1648000,0.0,0.0
2021-05-27 00:00:00-04:00,385.1300048828125,387.7699890136719,383.5,387.5,366.5359802246094,4452000,0.0,0.0
2021-05-28 00:00:00-04:00,384.1499938964844,385.30999755859375,377.0299987792969,378.2699890136719,357.8053894042969,4681200,0.0,0.0
2021-06-01 00:00:00-04:00,379.92999267578125,380.20001220703125,375.5,378.2300109863281,357.7676086425781,2117800,0.0,0.0
2021-06-02 00:00:00-04:00,378.3800048828125,381.9200134277344,377.7099914550781,380.5899963378906,359.9998779296875,1881000,0.0,0.0
2021-06-03 00:00:00-04:00,379.6400146484375,384.19000244140625,378.8599853515625,383.8699951171875,363.1024169921875,1780300,0.0,0.0
2021-06-04 00:00:00-04:00,384.19000244140625,387.760009765625,383.7099914550781,387.5199890136719,366.5549011230469,1765900,0.0,0.0
2021-06-07 00:00:00-04:00,385.4700012207031,386.45001220703125,378.57000732421875,380.3999938964844,359.8201599121094,2515800,0.0,0.0
2021-06-08 00:00:00-04:00,380.4100036621094,381.2099914550781,377.69000244140625,379.70001220703125,359.1580505371094,1553800,0.0,0.0
2021-06-09 00:00:00-04:00,380.2099914550781,381.7799987792969,379.1300048828125,379.9599914550781,359.4039611816406,1398900,0.0,0.0
2021-06-10 00:00:00-04:00,380.2699890136719,383.3599853515625,379.489990234375,383.010009765625,362.2889404296875,1404000,0.0,0.0
2021-06-11 00:00:00-04:00,383.8599853515625,383.8599853515625,380.5299987792969,381.8299865722656,361.1727600097656,1404200,0.0,0.0
2021-06-14 00:00:00-04:00,380.7900085449219,383.9800109863281,379.0799865722656,383.760009765625,362.9983825683594,1652600,0.0,0.0
2021-06-15 00:00:00-04:00,383.760009765625,384.5,381.55999755859375,383.9100036621094,363.1402893066406,1252000,0.0,0.0
2021-06-16 00:00:00-04:00,384.3999938964844,386.44000244140625,377.1199951171875,379.4100036621094,358.8837585449219,1801700,0.0,0.0
2021-06-17 00:00:00-04:00,380.3800048828125,386.4700012207031,379.2099914550781,384.75,363.9347839355469,1686500,0.0,0.0
2021-06-18 00:00:00-04:00,384.75,384.9100036621094,380.29998779296875,380.8800048828125,360.2742004394531,3415700,0.0,0.0
2021-06-21 00:00:00-04:00,382.25,387.6499938964844,380.55999755859375,386.79998779296875,365.8739318847656,1631600,0.0,0.0
2021-06-22 00:00:00-04:00,387.0199890136719,392.5,386.55999755859375,392.17999267578125,370.96282958984375,1934800,0.0,0.0
2021-06-23 00:00:00-04:00,393.0,393.44000244140625,390.5899963378906,391.9700012207031,370.7642517089844,1538000,0.0,0.0
2021-06-24 00:00:00-04:00,393.4200134277344,395.5,391.79998779296875,392.07000732421875,370.8588562011719,1487300,0.0,0.0
2021-06-25 00:00:00-04:00,392.9700012207031,394.54998779296875,391.25,394.510009765625,373.16680908203125,2056100,0.0,0.0
2021-06-28 00:00:00-04:00,395.0,397.4200134277344,393.1300048828125,396.5400085449219,375.08697509765625,1645500,0.0,0.0
2021-06-29 00:00:00-04:00,396.29998779296875,399.44000244140625,395.4700012207031,398.7900085449219,377.2153015136719,1523600,0.0,0.0
2021-06-30 00:00:00-04:00,397.9700012207031,400.4700012207031,395.0,395.6700134277344,374.2640380859375,2031700,0.0,0.0
2021-07-01 00:00:00-04:00,396.29998779296875,397.69000244140625,393.8800048828125,394.5299987792969,373.1856994628906,1523400,0.0,0.0
2021-07-02 00:00:00-04:00,396.2099914550781,400.7699890136719,396.1099853515625,398.94000244140625,377.3572082519531,1676600,0.0,0.0
2021-07-06 00:00:00-04:00,399.8399963378906,401.3999938964844,397.1099853515625,398.8599853515625,377.28143310546875,2113100,0.0,0.0
2021-07-07 00:00:00-04:00,399.20001220703125,406.1199951171875,399.20001220703125,404.67999267578125,382.7865905761719,2308600,0.0,0.0
2021-07-08 00:00:00-04:00,403.5,408.6400146484375,403.1600036621094,407.1499938964844,385.1229248046875,2235500,0.0,0.0
2021-07-09 00:00:00-04:00,408.54998779296875,414.0,407.5899963378906,412.3699951171875,390.06060791015625,2304200,0.0,0.0
2021-07-12 00:00:00-04:00,414.0400085449219,414.3500061035156,404.5299987792969,407.8800048828125,385.81353759765625,2491300,0.0,0.0
2021-07-13 00:00:00-04:00,404.70001220703125,409.2900085449219,404.70001220703125,407.05999755859375,385.0378723144531,1540300,0.0,0.0
2021-07-14 00:00:00-04:00,408.5799865722656,410.4700012207031,407.260009765625,409.95001220703125,387.7714538574219,1265800,0.0,0.0
2021-07-15 00:00:00-04:00,410.4599914550781,412.20001220703125,407.8800048828125,411.82000732421875,389.540283203125,1894100,0.0,0.0
2021-07-16 00:00:00-04:00,412.1199951171875,413.4200134277344,409.7699890136719,410.3699951171875,388.16876220703125,1413900,0.0,0.0
2021-07-19 00:00:00-04:00,410.05999755859375,415.32000732421875,410.04998779296875,414.1499938964844,391.7443542480469,2293100,0.0,0.0
2021-07-20 00:00:00-04:00,414.0,418.07000732421875,412.8500061035156,416.239990234375,393.72119140625,2045400,0.0,0.0
2021-07-21 00:00:00-04:00,417.1099853515625,417.1099853515625,412.2200012207031,415.010009765625,392.5578308105469,1480000,0.0,0.0
2021-07-22 00:00:00-04:00,416.0,418.6000061035156,413.54998779296875,417.5400085449219,394.9508972167969,1339200,0.0,0.0
2021-07-23 00:00:00-04:00,418.2900085449219,423.989990234375,417.04998779296875,423.42999267578125,400.5221862792969,1344500,0.0,0.0
2021-07-26 00:00:00-04:00,423.3999938964844,424.5,420.3500061035156,423.2300109863281,400.3330383300781,1220000,0.0,0.0
2021-07-27 00:00:00-04:00,424.0,424.55999755859375,421.6000061035156,424.3399963378906,401.3829345703125,1666500,0.0,0.0
2021-07-28 00:00:00-04:00,423.2699890136719,424.8599853515625,420.5400085449219,422.2200012207031,399.3777160644531,1362700,0.0,0.0
2021-07-29 00:00:00-04:00,421.67999267578125,425.8500061035156,420.3599853515625,425.2799987792969,403.0261535644531,1434200,0.79,0.0
2021-07-30 00:00:00-04:00,425.9800109863281,431.5,425.94000244140625,429.7200012207031,407.2339172363281,2283900,0.0,0.0
2021-08-02 00:00:00-04:00,430.6199951171875,430.7099914550781,425.4800109863281,428.9200134277344,406.4757080078125,1366900,0.0,0.0
2021-08-03 00:00:00-04:00,429.9200134277344,436.79998779296875,429.1199951171875,435.07000732421875,412.30389404296875,1448100,0.0,0.0
2021-08-04 00:00:00-04:00,436.0,437.989990234375,432.8900146484375,435.0400085449219,412.2755126953125,1280500,0.0,0.0
2021-08-05 00:00:00-04:00,437.75,443.5,436.7300109863281,443.19000244140625,419.9991149902344,1742600,0.0,0.0
2021-08-06 00:00:00-04:00,442.7300109863281,443.4599914550781,438.8999938964844,439.6300048828125,416.62530517578125,1789800,0.0,0.0
2021-08-09 00:00:00-04:00,440.6499938964844,442.7799987792969,439.30999755859375,440.4700012207031,417.42138671875,1472500,0.0,0.0
2021-08-10 00:00:00-04:00,440.6600036621094,443.79998779296875,440.6600036621094,443.0299987792969,419.84747314453125,1893700,0.0,0.0
2021-08-11 00:00:00-04:00,445.5,448.0,441.79998779296875,444.29998779296875,421.0509948730469,2267500,0.0,0.0
2021-08-12 00:00:00-04:00,443.0,446.6300048828125,442.25,445.3599853515625,422.0554504394531,1230700,0.0,0.0
2021-08-13 00:00:00-04:00,445.7799987792969,448.3599853515625,444.5400085449219,447.82000732421875,424.38677978515625,1309300,0.0,0.0
2021-08-16 00:00:00-04:00,447.9100036621094,453.19000244140625,447.04998779296875,452.8599853515625,429.16302490234375,1515600,0.0,0.0
2021-08-17 00:00:00-04:00,452.8599853515625,453.7799987792969,449.70001220703125,452.3399963378906,428.67022705078125,1936700,0.0,0.0
2021-08-18 00:00:00-04:00,450.9599914550781,455.239990234375,445.8999938964844,446.2099914550781,422.8609619140625,2030100,0.0,0.0
2021-08-19 00:00:00-04:00,442.95001220703125,455.5,441.30999755859375,454.260009765625,430.4898376464844,1953700,0.0,0.0
2021-08-20 00:00:00-04:00,455.489990234375,460.6199951171875,453.6600036621094,458.989990234375,434.9722595214844,1911200,0.0,0.0
2021-08-23 00:00:00-04:00,457.2699890136719,459.05999755859375,454.5899963378906,454.92999267578125,431.1247253417969,1835900,0.0,0.0
2021-08-24 00:00:00-04:00,455.25,455.3900146484375,450.29998779296875,451.7900085449219,428.1490478515625,1541700,0.0,0.0
2021-08-25 00:00:00-04:00,450.8299865722656,452.82000732421875,447.32000732421875,451.2300109863281,427.6182861328125,1520600,0.0,0.0
2021-08-26 00:00:00-04:00,451.2300109863281,452.4800109863281,446.70001220703125,449.30999755859375,425.7987976074219,1418600,0.0,0.0
2021-08-27 00:00:00-04:00,449.30999755859375,451.6199951171875,446.79998779296875,450.3399963378906,426.7749328613281,1310200,0.0,0.0
2021-08-30 00:00:00-04:00,451.0400085449219,456.5899963378906,450.44000244140625,455.92999267578125,432.07232666015625,1219800,0.0,0.0
2021-08-31 00:00:00-04:00,456.1400146484375,456.8800048828125,452.44000244140625,455.489990234375,431.65533447265625,1699000,0.0,0.0
2021-09-01 00:00:00-04:00,455.4800109863281,456.67999267578125,451.8500061035156,456.5199890136719,432.6314392089844,1325400,0.0,0.0
2021-09-02 00:00:00-04:00,459.4200134277344,461.44000244140625,458.3900146484375,460.9700012207031,436.8486328125,1455000,0.0,0.0
2021-09-03 00:00:00-04:00,459.0,463.6000061035156,459.0,462.54998779296875,438.3459167480469,1302400,0.0,0.0
2021-09-07 00:00:00-04:00,462.5,463.20001220703125,457.6300048828125,459.6000061035156,435.5503845214844,1463400,0.0,0.0
2021-09-08 00:00:00-04:00,459.1099853515625,465.8299865722656,458.0799865722656,465.70001220703125,441.3311462402344,1372000,0.0,0.0
2021-09-09 00:00:00-04:00,467.3399963378906,469.7699890136719,465.239990234375,465.94000244140625,441.5585632324219,1398700,0.0,0.0
2021-09-10 00:00:00-04:00,467.1700134277344,468.3999938964844,463.20001220703125,465.1600036621094,440.8194580078125,1324800,0.0,0.0
2021-09-13 00:00:00-04:00,467.05999755859375,468.239990234375,458.20001220703125,459.6600036621094,435.607177734375,1679500,0.0,0.0
2021-09-14 00:00:00-04:00,460.95001220703125,462.20001220703125,457.4200134277344,458.4100036621094,434.4225769042969,1383900,0.0,0.0
2021-09-15 00:00:00-04:00,458.239990234375,462.25,456.1400146484375,460.7300109863281,436.6211853027344,1770300,0.0,0.0
2021-09-16 00:00:00-04:00,460.7900085449219,463.7699890136719,456.57000732421875,463.30999755859375,439.0662536621094,1577500,0.0,0.0
2021-09-17 00:00:00-04:00,461.6199951171875,462.82000732421875,457.0199890136719,459.510009765625,435.465087890625,3411400,0.0,0.0
2021-09-20 00:00:00-04:00,456.6300048828125,460.95001220703125,446.6199951171875,451.1400146484375,427.53302001953125,2602000,0.0,0.0
2021-09-21 00:00:00-04:00,451.1400146484375,456.8399963378906,450.1600036621094,452.1099853515625,428.45220947265625,1531300,0.0,0.0
2021-09-22 00:00:00-04:00,454.70001220703125,455.3500061035156,449.8399963378906,452.3299865722656,428.66070556640625,1380800,0.0,0.0
2021-09-23 00:00:00-04:00,452.29998779296875,455.54998779296875,451.1000061035156,452.7799987792969,429.08721923828125,2061200,0.0,0.0
2021-09-24 00:00:00-04:00,455.9800109863281,468.7200012207031,455.0,467.75,443.27386474609375,3353800,0.0,0.0
2021-09-27 00:00:00-04:00,465.54998779296875,470.489990234375,457.239990234375,460.55999755859375,436.4601135253906,2526000,0.0,0.0
2021-09-28 00:00:00-04:00,457.1400146484375,457.5,445.6700134277344,447.3500061035156,423.9413757324219,2632700,0.0,0.0
2021-09-29 00:00:00-04:00,449.8699951171875,456.0,448.8999938964844,451.7900085449219,428.1490478515625,1922000,0.0,0.0
2021-09-30 00:00:00-04:00,453.6199951171875,455.3599853515625,449.29998779296875,449.3500061035156,425.836669921875,1836400,0.0,0.0
2021-10-01 00:00:00-04:00,449.7300109863281,451.0799865722656,440.760009765625,448.3299865722656,424.8700866699219,1860700,0.0,0.0
2021-10-04 00:00:00-04:00,448.3399963378906,449.3500061035156,436.1700134277344,440.1400146484375,417.10870361328125,2264000,0.0,0.0
2021-10-05 00:00:00-04:00,439.5799865722656,449.1099853515625,439.25,446.239990234375,422.88946533203125,1808700,0.0,0.0
2021-10-06 00:00:00-04:00,443.92999267578125,449.7799987792969,442.3800048828125,449.3399963378906,425.82720947265625,1334600,0.0,0.0
2021-10-07 00:00:00-04:00,456.4700012207031,459.5899963378906,452.07000732421875,452.8699951171875,429.1724853515625,1966200,0.0,0.0
2021-10-08 00:00:00-04:00,455.44000244140625,455.75,450.0,451.8500061035156,428.2058410644531,1545800,0.0,0.0
2021-10-11 00:00:00-04:00,450.0400085449219,453.69000244140625,449.5400085449219,449.70001220703125,426.1683349609375,1011700,0.0,0.0
2021-10-12 00:00:00-04:00,450.1499938964844,452.8500061035156,445.75,446.8699951171875,423.4864807128906,1380900,0.0,0.0
2021-10-13 00:00:00-04:00,448.5400085449219,450.510009765625,444.07000732421875,445.29998779296875,421.99859619140625,1621500,0.0,0.0
2021-10-14 00:00:00-04:00,447.1099853515625,451.70001220703125,446.5,450.6600036621094,427.0782165527344,1480400,0.0,0.0
2021-10-15 00:00:00-04:00,453.8900146484375,453.94000244140625,449.17999267578125,452.3900146484375,428.7176513671875,1494800,0.0,0.0
2021-10-18 00:00:00-04:00,449.6099853515625,462.3500061035156,448.5,461.95001220703125,437.7773742675781,2141300,0.0,0.0
2021-10-19 00:00:00-04:00,463.0,467.1600036621094,460.30999755859375,467.0799865722656,442.6389465332031,1365300,0.0,0.0
2021-10-20 00:00:00-04:00,468.5199890136719,472.5,467.8399963378906,469.7699890136719,445.1882019042969,1352900,0.0,0.0
2021-10-21 00:00:00-04:00,469.7699890136719,477.6499938964844,469.0799865722656,477.2300109863281,452.2579040527344,1423300,0.0,0.0
2021-10-22 00:00:00-04:00,478.989990234375,485.0299987792969,478.57000732421875,481.989990234375,456.7687683105469,1710300,0.0,0.0
2021-10-25 00:00:00-04:00,481.989990234375,492.2099914550781,479.5,490.1000061035156,464.454345703125,1903400,0.0,0.0
2021-10-26 00:00:00-04:00,482.1300048828125,488.25,481.2300109863281,485.5299987792969,460.12353515625,2378600,0.0,0.0
2021-10-27 00:00:00-04:00,483.8500061035156,491.5,483.55999755859375,489.1099853515625,463.5160217285156,1741800,0.0,0.0
2021-10-28 00:00:00-04:00,486.9599914550781,491.8299865722656,486.4800109863281,490.5299987792969,465.6139221191406,1362400,0.79,0.0
2021-10-29 00:00:00-04:00,486.7799987792969,494.1700134277344,486.6600036621094,491.5400085449219,466.5726318359375,2471600,0.0,0.0
2021-11-01 00:00:00-04:00,494.1499938964844,494.8900146484375,487.20001220703125,491.8699951171875,466.8858337402344,1548700,0.0,0.0
2021-11-02 00:00:00-04:00,494.739990234375,499.489990234375,492.7200012207031,496.989990234375,471.74578857421875,2012200,0.0,0.0
2021-11-03 00:00:00-04:00,501.3399963378906,502.9599914550781,495.75,502.3299865722656,476.8144836425781,1856000,0.0,0.0
2021-11-04 00:00:00-04:00,507.010009765625,520.2100219726562,506.010009765625,515.6199951171875,489.42938232421875,2615000,0.0,0.0
2021-11-05 00:00:00-04:00,514.77001953125,517.9000244140625,508.6300048828125,513.1199951171875,487.0563659667969,2071700,0.0,0.0
2021-11-08 00:00:00-05:00,513.4099731445312,513.4099731445312,500.20001220703125,503.80999755859375,478.2193298339844,2834800,0.0,0.0
2021-11-09 00:00:00-05:00,505.1199951171875,509.1000061035156,504.05999755859375,508.7099914550781,482.87042236328125,1881800,0.0,0.0
2021-11-10 00:00:00-05:00,508.260009765625,510.3599853515625,503.7699890136719,505.510009765625,479.8330078125,1226600,0.0,0.0
2021-11-11 00:00:00-05:00,506.20001220703125,512.5,504.0400085449219,512.1799926757812,486.1641845703125,1227300,0.0,0.0
2021-11-12 00:00:00-05:00,514.25,519.6599731445312,513.22998046875,517.1699829101562,490.9007568359375,1780200,0.0,0.0
2021-11-15 00:00:00-05:00,518.489990234375,523.0999755859375,518.010009765625,519.8900146484375,493.4825744628906,1392300,0.0,0.0
2021-11-16 00:00:00-05:00,519.8400268554688,528.2999877929688,517.4099731445312,526.719970703125,499.9656066894531,1690700,0.0,0.0
2021-11-17 00:00:00-05:00,527.5,530.739990234375,524.510009765625,526.2899780273438,499.55743408203125,1609400,0.0,0.0
2021-11-18 00:00:00-05:00,528.1599731445312,530.7999877929688,522.489990234375,529.3699951171875,502.48101806640625,1664200,0.0,0.0
2021-11-19 00:00:00-05:00,534.0800170898438,535.280029296875,528.010009765625,533.7899780273438,506.67657470703125,1909800,0.0,0.0
2021-11-22 00:00:00-05:00,533.3200073242188,545.4199829101562,532.3200073242188,539.6500244140625,512.239013671875,2190500,0.0,0.0
2021-11-23 00:00:00-05:00,537.9600219726562,545.8200073242188,533.77001953125,545.260009765625,517.5639038085938,2147000,0.0,0.0
2021-11-24 00:00:00-05:00,545.5399780273438,550.8300170898438,543.3200073242188,549.72998046875,521.8067626953125,2316400,0.0,0.0
2021-11-26 00:00:00-05:00,549.5499877929688,554.5499877929688,544.3099975585938,546.1300048828125,518.3896484375,1844800,0.0,0.0
2021-11-29 00:00:00-05:00,546.1300048828125,560.780029296875,542.4099731445312,554.8800048828125,526.6952514648438,2919100,0.0,0.0
2021-11-30 00:00:00-05:00,551.0,557.1699829101562,535.8900146484375,539.3800048828125,511.9825439453125,4244200,0.0,0.0
2021-12-01 00:00:00-05:00,543.0999755859375,548.25,529.4000244140625,529.8400268554688,502.9271545410156,2877100,0.0,0.0
2021-12-02 00:00:00-05:00,518.510009765625,530.9099731445312,514.0399780273438,525.510009765625,498.817138671875,3277500,0.0,0.0
2021-12-03 00:00:00-05:00,529.989990234375,537.5,524.77001953125,528.9299926757812,502.06329345703125,2984400,0.0,0.0
2021-12-06 00:00:00-05:00,532.25,536.0499877929688,527.5700073242188,533.2000122070312,506.116455078125,2432900,0.0,0.0
2021-12-07 00:00:00-05:00,538.25,543.0,534.7100219726562,542.02001953125,514.488525390625,2579800,0.0,0.0
2021-12-08 00:00:00-05:00,546.2100219726562,547.7899780273438,525.5499877929688,530.1099853515625,503.1834411621094,3037500,0.0,0.0
2021-12-09 00:00:00-05:00,528.7999877929688,532.3300170898438,523.7999877929688,524.3300170898438,497.6970520019531,3200500,0.0,0.0
2021-12-10 00:00:00-05:00,534.7100219726562,561.27001953125,534.6099853515625,558.8200073242188,530.4351196289062,6333600,0.0,0.0
2021-12-13 00:00:00-05:00,550.4400024414062,559.75,547.97998046875,557.219970703125,528.9164428710938,3415200,0.0,0.0
2021-12-14 00:00:00-05:00,556.4600219726562,557.1699829101562,537.5700073242188,545.3400268554688,517.6399536132812,3494400,0.0,0.0
2021-12-15 00:00:00-05:00,546.2100219726562,566.489990234375,545.530029296875,565.47998046875,536.7568359375,2937100,0.0,0.0
2021-12-16 00:00:00-05:00,564.7899780273438,566.5499877929688,549.4500122070312,552.6300048828125,524.5596923828125,2683000,0.0,0.0
2021-12-17 00:00:00-05:00,549.3200073242188,556.469970703125,540.97998046875,547.6099853515625,519.7945556640625,5752000,0.0,0.0
2021-12-20 00:00:00-05:00,542.1300048828125,549.1400146484375,538.030029296875,548.5599975585938,520.6962890625,2033600,0.0,0.0
2021-12-21 00:00:00-05:00,550.5,551.780029296875,536.0800170898438,545.4299926757812,517.725341796875,2472800,0.0,0.0
2021-12-22 00:00:00-05:00,545.3800048828125,550.0,539.7999877929688,549.6699829101562,521.75,1454500,0.0,0.0
2021-12-23 00:00:00-05:00,551.739990234375,552.6099853515625,547.489990234375,550.3699951171875,522.414306640625,1757800,0.0,0.0
2021-12-27 00:00:00-05:00,551.5399780273438,565.739990234375,551.4400024414062,563.469970703125,534.8489990234375,2262900,0.0,0.0
2021-12-28 00:00:00-05:00,563.4299926757812,566.6400146484375,560.7000122070312,564.6400146484375,535.9596557617188,1155000,0.0,0.0
2021-12-29 00:00:00-05:00,566.4000244140625,571.489990234375,563.5,567.77001953125,538.9306030273438,1753000,0.0,0.0
2021-12-30 00:00:00-05:00,569.530029296875,569.8800048828125,562.3699951171875,563.9099731445312,535.2666015625,1338700,0.0,0.0
2021-12-31 00:00:00-05:00,563.4099731445312,568.25,559.030029296875,567.7000122070312,538.864013671875,1509200,0.0,0.0
2022-01-03 00:00:00-05:00,565.030029296875,567.469970703125,555.510009765625,566.7100219726562,537.9243774414062,2714100,0.0,0.0
2022-01-04 00:00:00-05:00,564.22998046875,568.719970703125,561.7899780273438,564.22998046875,535.5704345703125,2097500,0.0,0.0
2022-01-05 00:00:00-05:00,563.6900024414062,565.0499877929688,549.77001953125,549.9199829101562,521.9871826171875,2887500,0.0,0.0
2022-01-06 00:00:00-05:00,546.2000122070312,553.52001953125,543.5499877929688,549.7999877929688,521.873291015625,2503100,0.0,0.0
2022-01-07 00:00:00-05:00,547.5499877929688,548.3699951171875,534.239990234375,536.1799926757812,508.945068359375,2323900,0.0,0.0
2022-01-10 00:00:00-05:00,529.2899780273438,530.4099731445312,508.5,518.7999877929688,492.44793701171875,4916800,0.0,0.0
2022-01-11 00:00:00-05:00,518.7999877929688,522.469970703125,510.2900085449219,522.030029296875,495.513916015625,2457300,0.0,0.0
2022-01-12 00:00:00-05:00,522.030029296875,530.030029296875,522.010009765625,525.7999877929688,499.09234619140625,1729500,0.0,0.0
2022-01-13 00:00:00-05:00,527.6400146484375,529.0499877929688,515.22998046875,516.8800048828125,490.62542724609375,2428100,0.0,0.0
2022-01-14 00:00:00-05:00,511.57000732421875,512.97998046875,501.8599853515625,502.989990234375,477.4410095214844,3872500,0.0,0.0
2022-01-18 00:00:00-05:00,494.4599914550781,495.0799865722656,486.8599853515625,488.07000732421875,463.27886962890625,3801900,0.0,0.0
2022-01-19 00:00:00-05:00,489.8900146484375,496.239990234375,487.1000061035156,490.1600036621094,465.2627258300781,2709400,0.0,0.0
2022-01-20 00:00:00-05:00,490.75,499.8800048828125,481.8399963378906,482.82000732421875,458.2955322265625,2893700,0.0,0.0
2022-01-21 00:00:00-05:00,481.9200134277344,494.6099853515625,481.32000732421875,481.6099853515625,457.14697265625,3295600,0.0,0.0
2022-01-24 00:00:00-05:00,475.54998779296875,489.9700012207031,469.010009765625,488.8999938964844,464.0666198730469,4412600,0.0,0.0
2022-01-25 00:00:00-05:00,479.8999938964844,482.6400146484375,472.3699951171875,477.32000732421875,453.07489013671875,3076800,0.0,0.0
2022-01-26 00:00:00-05:00,483.2300109863281,493.8699951171875,478.7699890136719,483.4700012207031,458.9124755859375,3074900,0.0,0.0
2022-01-27 00:00:00-05:00,486.9200134277344,495.7900085449219,480.30999755859375,482.5199890136719,458.0107421875,2372300,0.0,0.0
2022-01-28 00:00:00-05:00,483.739990234375,492.7300109863281,475.8999938964844,492.42999267578125,467.4174499511719,1918500,0.0,0.0
2022-01-31 00:00:00-05:00,492.0,506.4200134277344,490.6300048828125,505.1300048828125,479.47235107421875,2480700,0.0,0.0
2022-02-01 00:00:00-05:00,505.0,509.67999267578125,496.94000244140625,508.4100036621094,482.585693359375,2347200,0.0,0.0
2022-02-02 00:00:00-05:00,511.1099853515625,523.989990234375,510.3399963378906,522.02001953125,495.50439453125,2547600,0.0,0.0
2022-02-03 00:00:00-05:00,515.8800048828125,526.4400024414062,514.2100219726562,521.77001953125,496.01776123046875,2665100,0.79,0.0
2022-02-04 00:00:00-05:00,518.1099853515625,522.0,510.79998779296875,519.77001953125,494.116455078125,2387400,0.0,0.0
2022-02-07 00:00:00-05:00,521.2999877929688,522.0,514.22998046875,515.8900146484375,490.427978515625,1863600,0.0,0.0
2022-02-08 00:00:00-05:00,515.8900146484375,523.3900146484375,510.5,521.1500244140625,495.4283447265625,1462000,0.0,0.0
2022-02-09 00:00:00-05:00,528.0,534.239990234375,525.6799926757812,528.8300170898438,502.7293701171875,2256700,0.0,0.0
2022-02-10 00:00:00-05:00,520.8699951171875,524.469970703125,514.75,518.47998046875,492.89013671875,2558900,0.0,0.0
2022-02-11 00:00:00-05:00,518.4000244140625,521.3499755859375,507.3800048828125,509.6700134277344,484.51495361328125,2349700,0.0,0.0
2022-02-14 00:00:00-05:00,508.989990234375,511.5299987792969,501.44000244140625,506.55999755859375,481.55853271484375,1749600,0.0,0.0
2022-02-15 00:00:00-05:00,513.3400268554688,516.0,510.760009765625,513.9199829101562,488.55517578125,1984600,0.0,0.0
2022-02-16 00:00:00-05:00,511.489990234375,514.5499877929688,501.7099914550781,512.4000244140625,487.1102600097656,1770800,0.0,0.0
2022-02-17 00:00:00-05:00,509.6400146484375,518.2100219726562,507.0299987792969,515.010009765625,489.5913391113281,2022800,0.0,0.0
2022-02-18 00:00:00-05:00,514.8900146484375,517.9000244140625,510.3299865722656,512.6699829101562,487.36688232421875,2154700,0.0,0.0
2022-02-22 00:00:00-05:00,510.0,514.5800170898438,498.1600036621094,502.17999267578125,477.39459228515625,2451800,0.0,0.0
2022-02-23 00:00:00-05:00,502.94000244140625,507.9700012207031,494.7799987792969,495.260009765625,470.8161315917969,2021400,0.0,0.0
2022-02-24 00:00:00-05:00,483.2699890136719,506.54998779296875,482.9800109863281,505.5799865722656,480.6267395019531,2859800,0.0,0.0
2022-02-25 00:00:00-05:00,508.5799865722656,518.25,505.25,517.489990234375,491.948974609375,2003000,0.0,0.0
2022-02-28 00:00:00-05:00,514.2999877929688,519.6300048828125,511.29998779296875,519.25,493.6222229003906,2408900,0.0,0.0
2022-03-01 00:00:00-05:00,519.4600219726562,529.3599853515625,519.1900024414062,522.9299926757812,497.1205139160156,2316000,0.0,0.0
2022-03-02 00:00:00-05:00,524.0,533.0900268554688,519.77001953125,528.0,501.9403076171875,2571500,0.0,0.0
2022-03-03 00:00:00-05:00,534.489990234375,538.9600219726562,529.5399780273438,533.0499877929688,506.7410888671875,3851800,0.0,0.0
2022-03-04 00:00:00-05:00,519.5,529.9199829101562,511.7799987792969,525.5,499.5636901855469,4417900,0.0,0.0
2022-03-07 00:00:00-05:00,523.4500122070312,545.2899780273438,523.4199829101562,528.52001953125,502.4346008300781,3896900,0.0,0.0
2022-03-08 00:00:00-05:00,526.219970703125,539.72998046875,522.4099731445312,523.3599853515625,497.5291442871094,3649700,0.0,0.0
2022-03-09 00:00:00-05:00,527.6199951171875,530.8599853515625,515.7100219726562,527.6500244140625,501.6075439453125,2789700,0.0,0.0
2022-03-10 00:00:00-05:00,523.1099853515625,534.3699951171875,518.1400146484375,532.719970703125,506.4272766113281,1777700,0.0,0.0
2022-03-11 00:00:00-05:00,536.6199951171875,542.6500244140625,526.4299926757812,527.4199829101562,501.3888244628906,1735100,0.0,0.0
2022-03-14 00:00:00-04:00,527.77001953125,535.3099975585938,523.5399780273438,525.9500122070312,499.9914855957031,1950000,0.0,0.0
2022-03-15 00:00:00-04:00,530.0,543.8499755859375,527.9199829101562,542.3200073242188,515.5534057617188,2547900,0.0,0.0
2022-03-16 00:00:00-04:00,544.530029296875,551.6199951171875,531.260009765625,543.3900146484375,516.57080078125,3017200,0.0,0.0
2022-03-17 00:00:00-04:00,543.3499755859375,553.1699829101562,543.2000122070312,552.7899780273438,525.5068359375,1974200,0.0,0.0
2022-03-18 00:00:00-04:00,552.9600219726562,562.5499877929688,549.510009765625,561.3499755859375,533.6443481445312,3597800,0.0,0.0
2022-03-21 00:00:00-04:00,560.1400146484375,566.75,550.8400268554688,555.530029296875,528.1115112304688,3136900,0.0,0.0
2022-03-22 00:00:00-04:00,556.9600219726562,560.3499755859375,552.3300170898438,559.4199829101562,531.8095092773438,1777500,0.0,0.0
2022-03-23 00:00:00-04:00,556.9500122070312,560.6900024414062,551.9099731445312,554.02001953125,526.6761474609375,1546800,0.0,0.0
2022-03-24 00:00:00-04:00,555.510009765625,558.260009765625,549.219970703125,558.1099853515625,530.5640869140625,1614200,0.0,0.0
2022-03-25 00:00:00-04:00,559.8200073242188,560.4299926757812,550.22998046875,555.7100219726562,528.2825927734375,1974900,0.0,0.0
2022-03-28 00:00:00-04:00,556.739990234375,565.260009765625,553.5,565.2100219726562,537.3139038085938,2056100,0.0,0.0
2022-03-29 00:00:00-04:00,568.0,571.219970703125,564.530029296875,569.97998046875,541.8482666015625,2005400,0.0,0.0
2022-03-30 00:00:00-04:00,570.9500122070312,578.25,568.5900268554688,576.469970703125,548.01806640625,2086500,0.0,0.0
2022-03-31 00:00:00-04:00,578.7000122070312,586.3200073242188,575.510009765625,575.8499755859375,547.4285278320312,3439800,0.0,0.0
2022-04-01 00:00:00-04:00,577.3800048828125,582.989990234375,572.3099975585938,575.5700073242188,547.1624755859375,1933500,0.0,0.0
2022-04-04 00:00:00-04:00,573.9400024414062,579.6900024414062,571.469970703125,575.1300048828125,546.7440185546875,2201800,0.0,0.0
2022-04-05 00:00:00-04:00,572.5900268554688,583.97998046875,572.0999755859375,575.3200073242188,546.9247436523438,1826800,0.0,0.0
2022-04-06 00:00:00-04:00,574.030029296875,586.7999877929688,570.3699951171875,584.7899780273438,555.92724609375,2646200,0.0,0.0
2022-04-07 00:00:00-04:00,592.2899780273438,612.27001953125,588.780029296875,608.0499877929688,578.0394287109375,4804200,0.0,0.0
2022-04-08 00:00:00-04:00,606.3800048828125,608.0,597.72998046875,600.0399780273438,570.4248046875,3230200,0.0,0.0
2022-04-11 00:00:00-04:00,598.7899780273438,601.0,582.7999877929688,584.6699829101562,555.8132934570312,2792700,0.0,0.0
2022-04-12 00:00:00-04:00,586.6900024414062,591.72998046875,578.760009765625,581.3599853515625,552.666748046875,2142000,0.0,0.0
2022-04-13 00:00:00-04:00,582.469970703125,593.489990234375,582.469970703125,591.0900268554688,561.916259765625,2211800,0.0,0.0
2022-04-14 00:00:00-04:00,591.780029296875,596.280029296875,587.0499877929688,590.3900146484375,561.2508544921875,2206200,0.0,0.0
2022-04-18 00:00:00-04:00,585.3800048828125,592.1099853515625,579.5999755859375,582.1199951171875,553.3892211914062,2161900,0.0,0.0
2022-04-19 00:00:00-04:00,583.3499755859375,594.8300170898438,582.0,594.2999877929688,564.9678955078125,2327800,0.0,0.0
2022-04-20 00:00:00-04:00,599.1500244140625,605.280029296875,597.2999877929688,603.530029296875,573.7424926757812,1793300,0.0,0.0
2022-04-21 00:00:00-04:00,607.280029296875,609.1799926757812,591.1500244140625,591.739990234375,562.5343017578125,2027900,0.0,0.0
2022-04-22 00:00:00-04:00,590.3499755859375,591.9000244140625,571.0499877929688,571.7000122070312,543.4834594726562,2878200,0.0,0.0
2022-04-25 00:00:00-04:00,570.3099975585938,570.3300170898438,553.530029296875,568.2100219726562,540.1657104492188,3154500,0.0,0.0
2022-04-26 00:00:00-04:00,565.25,568.3400268554688,553.3099975585938,553.760009765625,526.4288940429688,2057400,0.0,0.0
2022-04-27 00:00:00-04:00,556.1900024414062,563.6199951171875,552.8499755859375,554.0800170898438,526.7330932617188,2261600,0.0,0.0
2022-04-28 00:00:00-04:00,555.469970703125,564.7999877929688,545.7999877929688,562.0,535.13134765625,2118700,0.9,0.0
2022-04-29 00:00:00-04:00,560.9299926757812,561.5800170898438,529.7000122070312,531.719970703125,506.2990417480469,2968000,0.0,0.0
2022-05-02 00:00:00-04:00,532.22998046875,539.2000122070312,518.27001953125,528.9500122070312,503.6614990234375,3303400,0.0,0.0
2022-05-03 00:00:00-04:00,530.0,534.27001953125,523.7000122070312,528.0800170898438,502.8330993652344,2398000,0.0,0.0
2022-05-04 00:00:00-04:00,531.5999755859375,546.1400146484375,522.8099975585938,544.4299926757812,518.4012451171875,2465200,0.0,0.0
2022-05-05 00:00:00-04:00,541.5700073242188,542.3400268554688,512.1699829101562,517.3200073242188,492.5875244140625,3977000,0.0,0.0
2022-05-06 00:00:00-04:00,514.4000244140625,516.4400024414062,498.82000732421875,503.3599853515625,479.2948913574219,3560800,0.0,0.0
2022-05-09 00:00:00-04:00,496.1000061035156,507.04998779296875,494.3399963378906,498.8299865722656,474.9814758300781,3292700,0.0,0.0
2022-05-10 00:00:00-04:00,509.70001220703125,510.6300048828125,495.6300048828125,501.4599914550781,477.48565673828125,2729400,0.0,0.0
2022-05-11 00:00:00-04:00,503.9200134277344,508.0,487.80999755859375,489.0799865722656,465.69757080078125,2782900,0.0,0.0
2022-05-12 00:00:00-04:00,486.7900085449219,497.260009765625,479.760009765625,486.17999267578125,462.9362487792969,2829500,0.0,0.0
2022-05-13 00:00:00-04:00,493.1099853515625,498.7900085449219,489.6000061035156,497.2699890136719,473.4959411621094,2338600,0.0,0.0
2022-05-16 00:00:00-04:00,496.1400146484375,497.67999267578125,489.6199951171875,494.5299987792969,470.8870849609375,1579700,0.0,0.0
2022-05-17 00:00:00-04:00,489.1600036621094,493.55999755859375,480.2300109863281,490.4700012207031,467.0211181640625,2602800,0.0,0.0
2022-05-18 00:00:00-04:00,460.0,463.8599853515625,424.54998779296875,429.3999938964844,408.87078857421875,9511600,0.0,0.0
2022-05-19 00:00:00-04:00,430.3699951171875,430.5299987792969,418.7200012207031,422.92999267578125,402.71014404296875,5839600,0.0,0.0
2022-05-20 00:00:00-04:00,428.79998779296875,428.8500061035156,406.510009765625,416.42999267578125,396.52093505859375,5115000,0.0,0.0
2022-05-23 00:00:00-04:00,420.0,430.0,416.6700134277344,429.4800109863281,408.9470520019531,3687200,0.0,0.0
2022-05-24 00:00:00-04:00,424.79998779296875,438.7300109863281,424.3500061035156,437.7099914550781,416.7835998535156,3473400,0.0,0.0
2022-05-25 00:00:00-04:00,436.3299865722656,443.260009765625,430.8299865722656,440.1099853515625,419.06878662109375,3225100,0.0,0.0
2022-05-26 00:00:00-04:00,449.1000061035156,468.04998779296875,447.510009765625,464.989990234375,442.7592468261719,5917600,0.0,0.0
2022-05-27 00:00:00-04:00,456.79998779296875,474.8800048828125,455.1199951171875,470.760009765625,448.2535400390625,5719600,0.0,0.0
2022-05-31 00:00:00-04:00,470.760009765625,470.79998779296875,458.0299987792969,466.2200012207031,443.9304504394531,4424500,0.0,0.0
2022-06-01 00:00:00-04:00,469.3800048828125,470.5,456.70001220703125,456.989990234375,435.1417541503906,2319400,0.0,0.0
2022-06-02 00:00:00-04:00,460.8999938964844,491.1300048828125,457.8800048828125,487.6099853515625,464.2978820800781,4950600,0.0,0.0
2022-06-03 00:00:00-04:00,485.0299987792969,488.1499938964844,475.5899963378906,476.25,453.48095703125,2857400,0.0,0.0
2022-06-06 00:00:00-04:00,480.5,481.0,468.9100036621094,472.4700012207031,449.8816833496094,2297000,0.0,0.0
2022-06-07 00:00:00-04:00,459.9100036621094,473.7300109863281,459.5899963378906,471.7799987792969,449.2247009277344,2435500,0.0,0.0
2022-06-08 00:00:00-04:00,471.7799987792969,474.42999267578125,466.8900146484375,467.989990234375,445.6158142089844,1697000,0.0,0.0
2022-06-09 00:00:00-04:00,467.3399963378906,484.239990234375,467.1499938964844,472.04998779296875,449.4817810058594,3087500,0.0,0.0
2022-06-10 00:00:00-04:00,465.0,468.19000244140625,457.760009765625,463.30999755859375,441.15966796875,2549900,0.0,0.0
2022-06-13 00:00:00-04:00,450.0,458.6400146484375,448.8999938964844,452.25,430.62841796875,3113400,0.0,0.0
2022-06-14 00:00:00-04:00,452.25,458.760009765625,450.2799987792969,454.79998779296875,433.0564880371094,2224600,0.0,0.0
2022-06-15 00:00:00-04:00,458.5,464.3599853515625,451.3900146484375,458.7900085449219,436.8557434082031,2250200,0.0,0.0
2022-06-16 00:00:00-04:00,450.30999755859375,457.7699890136719,447.9700012207031,451.760009765625,430.1618347167969,2906600,0.0,0.0
2022-06-17 00:00:00-04:00,451.04998779296875,455.69000244140625,443.20001220703125,446.69000244140625,425.334228515625,3623400,0.0,0.0
2022-06-21 00:00:00-04:00,450.54998779296875,464.82000732421875,449.1400146484375,463.1099853515625,440.9691162109375,2420600,0.0,0.0
2022-06-22 00:00:00-04:00,459.3900146484375,464.7200012207031,458.5,459.9599914550781,437.9698181152344,1827500,0.0,0.0
2022-06-23 00:00:00-04:00,466.3699951171875,476.2799987792969,465.7099914550781,475.0,452.29071044921875,2030100,0.0,0.0
2022-06-24 00:00:00-04:00,480.0,484.8299865722656,476.67999267578125,484.3699951171875,461.2127380371094,2862600,0.0,0.0
2022-06-27 00:00:00-04:00,485.80999755859375,487.239990234375,477.3500061035156,481.75,458.718017578125,2034700,0.0,0.0
2022-06-28 00:00:00-04:00,483.5,487.239990234375,467.8900146484375,468.6099853515625,446.20623779296875,1754600,0.0,0.0
2022-06-29 00:00:00-04:00,470.95001220703125,472.9700012207031,466.4200134277344,469.8399963378906,447.3774108886719,1275600,0.0,0.0
2022-06-30 00:00:00-04:00,468.29998779296875,482.0899963378906,464.7200012207031,479.2799987792969,456.3660888671875,3852400,0.0,0.0
2022-07-01 00:00:00-04:00,481.17999267578125,491.25,478.0,485.760009765625,462.53631591796875,2660400,0.0,0.0
2022-07-05 00:00:00-04:00,485.55999755859375,490.8999938964844,478.4599914550781,488.260009765625,464.9168701171875,2489400,0.0,0.0
2022-07-06 00:00:00-04:00,488.260009765625,497.0199890136719,487.7799987792969,492.6499938964844,469.096923828125,2262300,0.0,0.0
2022-07-07 00:00:00-04:00,492.05999755859375,495.5299987792969,489.2200012207031,494.95001220703125,471.28692626953125,2125200,0.0,0.0
2022-07-08 00:00:00-04:00,497.32000732421875,505.5199890136719,497.0,501.5400085449219,477.5618591308594,2607800,0.0,0.0
2022-07-11 00:00:00-04:00,501.1199951171875,505.54998779296875,494.8399963378906,498.8999938964844,475.048095703125,1891100,0.0,0.0
2022-07-12 00:00:00-04:00,497.010009765625,501.8999938964844,488.0400085449219,490.57000732421875,467.1163024902344,1775300,0.0,0.0
2022-07-13 00:00:00-04:00,484.32000732421875,497.32000732421875,483.82000732421875,492.2200012207031,468.6875,2008400,0.0,0.0
2022-07-14 00:00:00-04:00,496.0899963378906,513.27001953125,493.6199951171875,511.94000244140625,487.4647216796875,3715600,0.0,0.0
2022-07-15 00:00:00-04:00,516.9199829101562,524.7999877929688,515.780029296875,522.9500122070312,497.9483642578125,4265100,0.0,0.0
2022-07-18 00:00:00-04:00,521.8599853515625,528.530029296875,515.6699829101562,516.2999877929688,491.61627197265625,2464100,0.0,0.0
2022-07-19 00:00:00-04:00,522.4099731445312,525.5800170898438,516.969970703125,520.22998046875,495.3584289550781,2391000,0.0,0.0
2022-07-20 00:00:00-04:00,521.260009765625,526.1599731445312,516.8099975585938,524.2000122070312,499.1385192871094,1740700,0.0,0.0
2022-07-21 00:00:00-04:00,524.0399780273438,529.739990234375,521.5999755859375,529.4600219726562,504.14715576171875,1716100,0.0,0.0
2022-07-22 00:00:00-04:00,530.7100219726562,537.1099853515625,526.0700073242188,529.719970703125,504.3945007324219,1800800,0.0,0.0
2022-07-25 00:00:00-04:00,531.4199829101562,532.2899780273438,526.0,529.1400146484375,503.8423767089844,1452700,0.0,0.0
2022-07-26 00:00:00-04:00,515.0,519.6799926757812,508.760009765625,511.92999267578125,487.4551086425781,3334800,0.0,0.0
2022-07-27 00:00:00-04:00,513.0999755859375,525.3200073242188,511.1700134277344,522.3099975585938,497.3388366699219,2060100,0.0,0.0
2022-07-28 00:00:00-04:00,520.280029296875,539.1799926757812,520.280029296875,536.1799926757812,511.4270324707031,2083300,0.9,0.0
2022-07-29 00:00:00-04:00,532.0,542.1199951171875,531.9000244140625,541.2999877929688,516.310791015625,2131500,0.0,0.0
2022-08-01 00:00:00-04:00,541.4199829101562,552.7100219726562,541.25,546.8099975585938,521.5662841796875,2256000,0.0,0.0
2022-08-02 00:00:00-04:00,544.030029296875,551.0399780273438,540.77001953125,543.4600219726562,518.3709106445312,1984200,0.0,0.0
2022-08-03 00:00:00-04:00,545.0,548.7000122070312,542.1199951171875,547.010009765625,521.757080078125,1693300,0.0,0.0
2022-08-04 00:00:00-04:00,547.0,547.2000122070312,540.6699829101562,543.280029296875,518.19921875,2000500,0.0,0.0
2022-08-05 00:00:00-04:00,537.239990234375,541.5999755859375,533.3499755859375,540.6699829101562,515.709716796875,1711500,0.0,0.0
2022-08-08 00:00:00-04:00,543.8400268554688,547.5,538.6699829101562,541.9000244140625,516.8829345703125,1344100,0.0,0.0
2022-08-09 00:00:00-04:00,543.6400146484375,545.0,533.8900146484375,535.8200073242188,511.08367919921875,1877300,0.0,0.0
2022-08-10 00:00:00-04:00,544.47998046875,549.9099731445312,537.2899780273438,539.8200073242188,514.8990478515625,2336600,0.0,0.0
2022-08-11 00:00:00-04:00,543.239990234375,543.489990234375,531.8900146484375,532.2000122070312,507.6306457519531,2340200,0.0,0.0
2022-08-12 00:00:00-04:00,536.1799926757812,538.4000244140625,533.72998046875,537.2100219726562,512.4095458984375,1918200,0.0,0.0
2022-08-15 00:00:00-04:00,536.4000244140625,547.0,535.6799926757812,545.75,520.5552978515625,1848000,0.0,0.0
2022-08-16 00:00:00-04:00,551.0999755859375,559.969970703125,548.969970703125,553.02001953125,527.4896850585938,2498000,0.0,0.0
2022-08-17 00:00:00-04:00,550.0,559.4500122070312,549.010009765625,556.3200073242188,530.63720703125,1835200,0.0,0.0
2022-08-18 00:00:00-04:00,559.0599975585938,564.75,556.4199829101562,560.9600219726562,535.0630493164062,1619200,0.0,0.0
2022-08-19 00:00:00-04:00,558.6500244140625,559.260009765625,553.1699829101562,554.530029296875,528.9299926757812,1617000,0.0,0.0
2022-08-22 00:00:00-04:00,553.0,553.0,544.2899780273438,545.469970703125,520.2882080078125,1860900,0.0,0.0
2022-08-23 00:00:00-04:00,545.739990234375,546.010009765625,536.8800048828125,542.0700073242188,517.0450439453125,1359000,0.0,0.0
2022-08-24 00:00:00-04:00,542.75,545.219970703125,539.3599853515625,543.219970703125,518.1419067382812,1145800,0.0,0.0
2022-08-25 00:00:00-04:00,545.739990234375,550.9099731445312,539.5499877929688,550.77001953125,525.343505859375,1483300,0.0,0.0
2022-08-26 00:00:00-04:00,550.0,552.6699829101562,531.6699829101562,531.8200073242188,507.2684020996094,1886800,0.0,0.0
2022-08-29 00:00:00-04:00,527.030029296875,535.5,524.0,531.0599975585938,506.54339599609375,1579900,0.0,0.0
2022-08-30 00:00:00-04:00,534.280029296875,536.010009765625,521.510009765625,524.1400146484375,499.94293212890625,1872700,0.0,0.0
2022-08-31 00:00:00-04:00,525.5399780273438,526.3200073242188,520.260009765625,522.0999755859375,497.9970397949219,2179800,0.0,0.0
2022-09-01 00:00:00-04:00,519.719970703125,529.5800170898438,517.030029296875,529.1699829101562,504.74066162109375,2280600,0.0,0.0
2022-09-02 00:00:00-04:00,532.7000122070312,534.8400268554688,516.0499877929688,519.1099853515625,495.1449890136719,1901700,0.0,0.0
2022-09-06 00:00:00-04:00,520.1599731445312,523.1500244140625,512.530029296875,518.9000244140625,494.94482421875,1933400,0.0,0.0
2022-09-07 00:00:00-04:00,520.0,531.6599731445312,518.9000244140625,529.6400146484375,505.18902587890625,1827900,0.0,0.0
2022-09-08 00:00:00-04:00,524.3300170898438,533.030029296875,521.5599975585938,529.1199951171875,504.6930236816406,1600800,0.0,0.0
2022-09-09 00:00:00-04:00,532.1199951171875,538.0599975585938,529.530029296875,536.5800170898438,511.8086242675781,1930900,0.0,0.0
2022-09-12 00:00:00-04:00,537.72998046875,542.5999755859375,537.0,539.52001953125,514.6129150390625,1522400,0.0,0.0
2022-09-13 00:00:00-04:00,530.7899780273438,532.239990234375,508.69000244140625,510.29998779296875,486.7418212890625,2881400,0.0,0.0
2022-09-14 00:00:00-04:00,513.8599853515625,514.010009765625,503.1199951171875,508.0,484.54791259765625,2007300,0.0,0.0
2022-09-15 00:00:00-04:00,508.3999938964844,509.05999755859375,500.5299987792969,503.5,480.2557678222656,1749600,0.0,0.0
2022-09-16 00:00:00-04:00,499.57000732421875,506.44000244140625,497.29998779296875,504.1400146484375,480.8662109375,3004800,0.0,0.0
2022-09-19 00:00:00-04:00,502.1600036621094,506.7099914550781,498.8900146484375,506.57000732421875,483.1839904785156,1441300,0.0,0.0
2022-09-20 00:00:00-04:00,503.0,503.42999267578125,493.4200134277344,499.5199890136719,476.45941162109375,1843100,0.0,0.0
2022-09-21 00:00:00-04:00,502.5,506.42999267578125,493.0,493.07000732421875,470.3072509765625,2082600,0.0,0.0
2022-09-22 00:00:00-04:00,494.0,494.0,484.4100036621094,487.1700134277344,464.6796569824219,3133100,0.0,0.0
2022-09-23 00:00:00-04:00,478.94000244140625,482.32000732421875,463.5299987792969,466.3999938964844,444.8684387207031,5377800,0.0,0.0
2022-09-26 00:00:00-04:00,465.8699951171875,484.1099853515625,465.2099914550781,480.29998779296875,458.12677001953125,4001900,0.0,0.0
2022-09-27 00:00:00-04:00,485.489990234375,488.3999938964844,475.42999267578125,478.29998779296875,456.21905517578125,2412400,0.0,0.0
2022-09-28 00:00:00-04:00,481.5299987792969,491.54998779296875,474.19000244140625,488.2900085449219,465.7479248046875,2419500,0.0,0.0
2022-09-29 00:00:00-04:00,485.6099853515625,489.010009765625,474.07000732421875,478.9800109863281,456.8677978515625,1963900,0.0,0.0
2022-09-30 00:00:00-04:00,480.6600036621094,483.8299865722656,471.8699951171875,472.2699890136719,450.46746826171875,2436700,0.0,0.0
2022-10-03 00:00:00-04:00,474.5,480.8399963378906,470.3999938964844,477.7300109863281,455.6754150390625,2338500,0.0,0.0
2022-10-04 00:00:00-04:00,483.8299865722656,488.0199890136719,480.7300109863281,486.1300048828125,463.6876525878906,2175600,0.0,0.0
2022-10-05 00:00:00-04:00,481.29998779296875,483.8699951171875,474.82000732421875,480.32000732421875,458.14593505859375,1587700,0.0,0.0
2022-10-06 00:00:00-04:00,483.45001220703125,493.8800048828125,481.9200134277344,482.489990234375,460.2156677246094,2430700,0.0,0.0
2022-10-07 00:00:00-04:00,478.260009765625,479.1099853515625,466.1199951171875,468.1499938964844,446.5377197265625,2568100,0.0,0.0
2022-10-10 00:00:00-04:00,469.69000244140625,470.25,461.6099853515625,466.30999755859375,444.7826232910156,1616300,0.0,0.0
2022-10-11 00:00:00-04:00,465.0,477.25,463.70001220703125,472.0199890136719,450.2289733886719,2341400,0.0,0.0
2022-10-12 00:00:00-04:00,474.32000732421875,479.739990234375,466.29998779296875,466.3800048828125,444.8493957519531,2043900,0.0,0.0
2022-10-13 00:00:00-04:00,458.19000244140625,471.739990234375,449.0299987792969,467.989990234375,446.385009765625,3390900,0.0,0.0
2022-10-14 00:00:00-04:00,472.0299987792969,473.3900146484375,453.7900085449219,454.6499938964844,433.6609191894531,2301600,0.0,0.0
2022-10-17 00:00:00-04:00,461.6499938964844,466.8800048828125,460.4800109863281,464.1700134277344,442.74139404296875,2097500,0.0,0.0
2022-10-18 00:00:00-04:00,473.20001220703125,476.5199890136719,468.8299865722656,473.2699890136719,451.4212951660156,1864000,0.0,0.0
2022-10-19 00:00:00-04:00,467.80999755859375,474.8699951171875,466.95001220703125,471.42999267578125,449.6662902832031,1207600,0.0,0.0
2022-10-20 00:00:00-04:00,471.0,472.0799865722656,462.9100036621094,464.6199951171875,443.1706848144531,1709500,0.0,0.0
2022-10-21 00:00:00-04:00,463.7099914550781,479.57000732421875,462.2799987792969,478.17999267578125,456.1045837402344,2508400,0.0,0.0
2022-10-24 00:00:00-04:00,481.6099853515625,498.0,481.010009765625,496.9700012207031,474.0271911621094,2366200,0.0,0.0
2022-10-25 00:00:00-04:00,493.32000732421875,500.19000244140625,490.5,499.05999755859375,476.0207824707031,2130900,0.0,0.0
2022-10-26 00:00:00-04:00,498.0,507.4200134277344,495.69000244140625,499.45001220703125,476.3927001953125,2088700,0.0,0.0
2022-10-27 00:00:00-04:00,499.80999755859375,503.010009765625,494.1400146484375,496.5400085449219,474.4720458984375,1576600,0.9,0.0
2022-10-28 00:00:00-04:00,497.29998779296875,512.8200073242188,495.9700012207031,510.8699951171875,488.1651306152344,2369300,0.0,0.0
2022-10-31 00:00:00-04:00,509.6400146484375,509.6400146484375,500.5,501.5,479.21160888671875,2192200,0.0,0.0
2022-11-01 00:00:00-04:00,503.70001220703125,507.3900146484375,499.7799987792969,499.9599914550781,477.739990234375,1586300,0.0,0.0
2022-11-02 00:00:00-04:00,497.79998779296875,503.239990234375,483.2699890136719,483.510009765625,462.02117919921875,2464400,0.0,0.0
2022-11-03 00:00:00-04:00,480.8800048828125,491.3299865722656,479.7099914550781,486.2900085449219,464.67755126953125,2010400,0.0,0.0
2022-11-04 00:00:00-04:00,490.3999938964844,492.6300048828125,476.489990234375,486.4100036621094,464.79217529296875,1987300,0.0,0.0
2022-11-07 00:00:00-05:00,477.04998779296875,490.0,474.5,488.54998779296875,466.8371276855469,2036000,0.0,0.0
2022-11-08 00:00:00-05:00,490.7300109863281,498.260009765625,484.510009765625,492.760009765625,470.8599853515625,1709900,0.0,0.0
2022-11-09 00:00:00-05:00,491.8999938964844,497.5799865722656,486.8599853515625,489.9700012207031,468.1939697265625,1640500,0.0,0.0
2022-11-10 00:00:00-05:00,504.95001220703125,514.8499755859375,501.3999938964844,513.1300048828125,490.32470703125,3098300,0.0,0.0
2022-11-11 00:00:00-05:00,513.1300048828125,516.8400268554688,506.7099914550781,515.469970703125,492.5606994628906,2393500,0.0,0.0
2022-11-14 00:00:00-05:00,515.77001953125,520.7000122070312,509.4200134277344,509.67999267578125,487.0280456542969,1820200,0.0,0.0
2022-11-15 00:00:00-05:00,520.0,529.7999877929688,520.0,526.469970703125,503.07183837890625,2502200,0.0,0.0
2022-11-16 00:00:00-05:00,521.3099975585938,528.5599975585938,520.1699829101562,524.1099853515625,500.81671142578125,1833600,0.0,0.0
2022-11-17 00:00:00-05:00,519.0,521.7899780273438,512.9600219726562,521.3200073242188,498.15069580078125,1902500,0.0,0.0
2022-11-18 00:00:00-05:00,526.8699951171875,529.5399780273438,518.1900024414062,523.6699829101562,500.3962097167969,1584400,0.0,0.0
2022-11-21 00:00:00-05:00,525.739990234375,527.280029296875,522.0800170898438,523.3699951171875,500.10968017578125,1268300,0.0,0.0
2022-11-22 00:00:00-05:00,529.9600219726562,532.7999877929688,526.6799926757812,531.9500122070312,508.3082275390625,1809100,0.0,0.0
2022-11-23 00:00:00-05:00,534.0,536.7999877929688,530.4000244140625,534.489990234375,510.7353515625,1288200,0.0,0.0
2022-11-25 00:00:00-05:00,534.1599731445312,535.8599853515625,533.0700073242188,533.6599731445312,509.9422912597656,744200,0.0,0.0
2022-11-28 00:00:00-05:00,530.8900146484375,536.25,528.9400024414062,530.9199829101562,507.32403564453125,1684300,0.0,0.0
2022-11-29 00:00:00-05:00,531.0399780273438,533.719970703125,528.0,528.9600219726562,505.4511413574219,1685700,0.0,0.0
2022-11-30 00:00:00-05:00,527.4099731445312,542.5800170898438,522.1400146484375,539.25,515.28369140625,3601800,0.0,0.0
2022-12-01 00:00:00-05:00,519.1400146484375,519.1400146484375,495.6700134277344,503.8599853515625,481.4667053222656,6970400,0.0,0.0
2022-12-02 00:00:00-05:00,498.5199890136719,498.9700012207031,492.1099853515625,494.5299987792969,472.5513916015625,3632100,0.0,0.0
2022-12-05 00:00:00-05:00,492.5,492.70001220703125,484.7300109863281,488.6600036621094,466.9422607421875,2455300,0.0,0.0
2022-12-06 00:00:00-05:00,490.6600036621094,491.4700012207031,477.1700134277344,481.1600036621094,459.7756042480469,2995900,0.0,0.0
2022-12-07 00:00:00-05:00,479.0899963378906,486.5400085449219,478.8699951171875,481.9700012207031,460.5495910644531,2072600,0.0,0.0
2022-12-08 00:00:00-05:00,482.8999938964844,483.3299865722656,473.5,481.4200134277344,460.02392578125,2901000,0.0,0.0
2022-12-09 00:00:00-05:00,475.1000061035156,490.0899963378906,470.5,483.0199890136719,461.55291748046875,4211100,0.0,0.0
2022-12-12 00:00:00-05:00,482.7300109863281,487.82000732421875,480.6700134277344,487.67999267578125,466.0057678222656,2276400,0.0,0.0
2022-12-13 00:00:00-05:00,497.0400085449219,497.9700012207031,481.54998779296875,488.20001220703125,466.502685546875,2626700,0.0,0.0
2022-12-14 00:00:00-05:00,488.8599853515625,491.69000244140625,481.0400085449219,483.5199890136719,462.0306396484375,2145000,0.0,0.0
2022-12-15 00:00:00-05:00,475.3399963378906,476.70001220703125,463.1600036621094,463.9100036621094,443.292236328125,3437700,0.0,0.0
2022-12-16 00:00:00-05:00,461.260009765625,464.7900085449219,456.8800048828125,461.45001220703125,440.9416198730469,4909200,0.0,0.0
2022-12-19 00:00:00-05:00,460.9200134277344,463.4100036621094,455.3599853515625,458.6300048828125,438.2468566894531,1939200,0.0,0.0
2022-12-20 00:00:00-05:00,456.55999755859375,460.25,452.5299987792969,457.82000732421875,437.4728698730469,1993700,0.0,0.0
2022-12-21 00:00:00-05:00,459.3800048828125,463.69000244140625,456.20001220703125,462.05999755859375,441.52447509765625,1462400,0.0,0.0
2022-12-22 00:00:00-05:00,458.6499938964844,460.3999938964844,453.3900146484375,458.7099914550781,438.3232727050781,1906100,0.0,0.0
2022-12-23 00:00:00-05:00,457.5199890136719,463.17999267578125,454.79998779296875,462.6499938964844,442.08819580078125,1229500,0.0,0.0
2022-12-27 00:00:00-05:00,464.3999938964844,464.70001220703125,457.1099853515625,458.5,438.1226501464844,1230800,0.0,0.0
2022-12-28 00:00:00-05:00,457.5400085449219,460.4599914550781,452.79998779296875,452.989990234375,432.8575439453125,1324100,0.0,0.0
2022-12-29 00:00:00-05:00,455.6300048828125,459.0,453.4599914550781,456.5299987792969,436.2402038574219,1465000,0.0,0.0
2022-12-30 00:00:00-05:00,454.6499938964844,456.70001220703125,450.75,456.5,436.2115783691406,1803200,0.0,0.0
2023-01-03 00:00:00-05:00,458.0,458.79998779296875,447.8999938964844,453.2799987792969,433.13458251953125,1978100,0.0,0.0
2023-01-04 00:00:00-05:00,457.17999267578125,459.510009765625,452.5899963378906,456.55999755859375,436.2688903808594,2097300,0.0,0.0
2023-01-05 00:00:00-05:00,454.5400085449219,456.42999267578125,449.6199951171875,450.19000244140625,430.1820068359375,2169300,0.0,0.0
2023-01-06 00:00:00-05:00,463.0799865722656,484.4200134277344,462.2200012207031,482.8699951171875,461.4095458984375,5174500,0.0,0.0
2023-01-09 00:00:00-05:00,482.92999267578125,486.8699951171875,478.1400146484375,478.75,457.4726867675781,2384800,0.0,0.0
2023-01-10 00:00:00-05:00,477.1400146484375,482.0899963378906,475.4800109863281,481.3999938964844,460.0048522949219,1649900,0.0,0.0
2023-01-11 00:00:00-05:00,480.3299865722656,484.5199890136719,479.1099853515625,484.30999755859375,462.7855529785156,1576400,0.0,0.0
2023-01-12 00:00:00-05:00,484.989990234375,485.0,478.75,482.42999267578125,460.9891052246094,1628200,0.0,0.0
2023-01-13 00:00:00-05:00,480.8900146484375,485.5899963378906,479.0,485.25,463.68377685546875,1405900,0.0,0.0
2023-01-17 00:00:00-05:00,485.1300048828125,490.4800109863281,484.3699951171875,486.7699890136719,465.13623046875,1539900,0.0,0.0
2023-01-18 00:00:00-05:00,484.80999755859375,488.80999755859375,478.5199890136719,479.4700012207031,458.16064453125,1925500,0.0,0.0
2023-01-19 00:00:00-05:00,476.239990234375,477.55999755859375,468.07000732421875,469.489990234375,448.6241760253906,1919500,0.0,0.0
2023-01-20 00:00:00-05:00,473.9200134277344,480.32000732421875,469.4700012207031,480.1099853515625,458.772216796875,2588600,0.0,0.0
2023-01-23 00:00:00-05:00,479.95001220703125,495.239990234375,477.6000061035156,492.6099853515625,470.7166442871094,2709400,0.0,0.0
2023-01-24 00:00:00-05:00,492.04998779296875,493.6000061035156,487.010009765625,492.1099853515625,470.2388916015625,1510200,0.0,0.0
2023-01-25 00:00:00-05:00,489.3599853515625,491.94000244140625,484.5,490.8800048828125,469.0635681152344,1329800,0.0,0.0
2023-01-26 00:00:00-05:00,493.20001220703125,498.6700134277344,491.7699890136719,498.29998779296875,476.15374755859375,1576400,0.0,0.0
2023-01-27 00:00:00-05:00,499.760009765625,509.1000061035156,497.8599853515625,503.2900085449219,480.9219970703125,2034100,0.0,0.0
2023-01-30 00:00:00-05:00,500.3699951171875,505.6000061035156,500.3699951171875,503.2799987792969,480.91253662109375,1855900,0.0,0.0
2023-01-31 00:00:00-05:00,503.2300109863281,511.4100036621094,502.0,511.1400146484375,488.4231262207031,1924100,0.0,0.0
2023-02-01 00:00:00-05:00,508.30999755859375,520.4500122070312,504.7200012207031,517.9099731445312,494.8922119140625,2080200,0.0,0.0
2023-02-02 00:00:00-05:00,524.2899780273438,530.0499877929688,520.6400146484375,523.4299926757812,501.03759765625,2287400,0.9,0.0
2023-02-03 00:00:00-05:00,519.1300048828125,521.5499877929688,512.5,514.7999877929688,492.7767639160156,1844100,0.0,0.0
2023-02-06 00:00:00-05:00,514.4400024414062,517.219970703125,512.27001953125,515.5900268554688,493.5330505371094,1740100,0.0,0.0
2023-02-07 00:00:00-05:00,511.989990234375,517.989990234375,507.3900146484375,516.530029296875,494.4327697753906,1927300,0.0,0.0
2023-02-08 00:00:00-05:00,511.2900085449219,512.1799926757812,501.55999755859375,503.80999755859375,482.2569885253906,2062900,0.0,0.0
2023-02-09 00:00:00-05:00,505.2900085449219,509.1600036621094,498.4200134277344,500.6300048828125,479.2130126953125,1517300,0.0,0.0
2023-02-10 00:00:00-05:00,498.510009765625,500.54998779296875,495.3800048828125,499.989990234375,478.60040283203125,1536800,0.0,0.0
2023-02-13 00:00:00-05:00,501.739990234375,506.7900085449219,501.3500061035156,506.45001220703125,484.7840576171875,1452600,0.0,0.0
2023-02-14 00:00:00-05:00,505.010009765625,507.8500061035156,498.6300048828125,503.2200012207031,481.6921691894531,1257300,0.0,0.0
2023-02-15 00:00:00-05:00,502.7300109863281,511.4200134277344,501.3399963378906,511.2799987792969,489.40740966796875,1422600,0.0,0.0
2023-02-16 00:00:00-05:00,503.6099853515625,510.7300109863281,503.6000061035156,504.1000061035156,482.5345458984375,1456000,0.0,0.0
2023-02-17 00:00:00-05:00,504.2699890136719,507.7099914550781,501.8399963378906,507.4800109863281,485.7699890136719,1340400,0.0,0.0
2023-02-21 00:00:00-05:00,500.82000732421875,503.989990234375,496.54998779296875,501.739990234375,480.2755432128906,1811800,0.0,0.0
2023-02-22 00:00:00-05:00,503.9200134277344,505.4599914550781,496.6000061035156,497.3900146484375,476.11163330078125,1332000,0.0,0.0
2023-02-23 00:00:00-05:00,498.79998779296875,498.8599853515625,487.8599853515625,493.1400146484375,472.0434265136719,1546300,0.0,0.0
2023-02-24 00:00:00-05:00,488.5799865722656,490.3599853515625,484.70001220703125,488.6099853515625,467.70721435546875,1587600,0.0,0.0
2023-02-27 00:00:00-05:00,492.54998779296875,493.0,485.67999267578125,487.0299987792969,466.19482421875,1501700,0.0,0.0
2023-02-28 00:00:00-05:00,485.6000061035156,488.8800048828125,483.7799987792969,484.17999267578125,463.4667053222656,1918200,0.0,0.0
2023-03-01 00:00:00-05:00,481.1000061035156,482.5799865722656,475.0199890136719,478.6700134277344,458.1925048828125,1759300,0.0,0.0
2023-03-02 00:00:00-05:00,477.3599853515625,487.42999267578125,475.55999755859375,485.69000244140625,464.912109375,2379200,0.0,0.0
2023-03-03 00:00:00-05:00,474.8299865722656,476.0,465.3299865722656,475.260009765625,454.9283447265625,5354200,0.0,0.0
2023-03-06 00:00:00-05:00,476.5199890136719,488.82000732421875,475.5199890136719,483.0799865722656,462.413818359375,3104700,0.0,0.0
2023-03-07 00:00:00-05:00,486.1000061035156,495.2099914550781,485.0,485.1499938964844,464.3951721191406,2659100,0.0,0.0
2023-03-08 00:00:00-05:00,483.0,486.8800048828125,481.1400146484375,486.0400085449219,465.2471618652344,1548500,0.0,0.0
2023-03-09 00:00:00-05:00,487.4800109863281,490.0,478.6199951171875,479.5199890136719,459.00604248046875,1629400,0.0,0.0
2023-03-10 00:00:00-05:00,478.9800109863281,480.4599914550781,468.3800048828125,471.1400146484375,450.984619140625,2123000,0.0,0.0
2023-03-13 00:00:00-04:00,466.79998779296875,476.69000244140625,466.79998779296875,472.0,451.80780029296875,1799600,0.0,0.0
2023-03-14 00:00:00-04:00,475.42999267578125,485.1600036621094,473.0,481.9200134277344,461.30340576171875,2422900,0.0,0.0
2023-03-15 00:00:00-04:00,481.510009765625,487.0199890136719,478.5400085449219,485.6600036621094,464.8834228515625,2226300,0.0,0.0
2023-03-16 00:00:00-04:00,484.92999267578125,488.1400146484375,482.760009765625,487.260009765625,466.4150695800781,1979600,0.0,0.0
2023-03-17 00:00:00-04:00,489.07000732421875,489.8999938964844,481.510009765625,487.04998779296875,466.21392822265625,3959300,0.0,0.0
2023-03-20 00:00:00-04:00,488.0,490.7900085449219,485.7200012207031,489.2900085449219,468.358154296875,1623800,0.0,0.0
2023-03-21 00:00:00-04:00,493.0,493.0,485.989990234375,490.8500061035156,469.8514404296875,1664000,0.0,0.0
2023-03-22 00:00:00-04:00,489.4599914550781,496.6199951171875,487.3500061035156,487.5199890136719,466.663818359375,1299700,0.0,0.0
2023-03-23 00:00:00-04:00,490.69000244140625,493.25,484.2900085449219,487.760009765625,466.8935852050781,1565900,0.0,0.0
2023-03-24 00:00:00-04:00,486.94000244140625,495.9700012207031,486.55999755859375,495.2699890136719,474.08233642578125,1635200,0.0,0.0
2023-03-27 00:00:00-04:00,497.2799987792969,499.8599853515625,492.510009765625,493.2200012207031,472.12005615234375,1452100,0.0,0.0
2023-03-28 00:00:00-04:00,492.6099853515625,494.05999755859375,485.4100036621094,486.7699890136719,465.9459228515625,1407800,0.0,0.0
2023-03-29 00:00:00-04:00,489.20001220703125,491.29998779296875,485.8999938964844,490.8699951171875,469.8705749511719,1643000,0.0,0.0
2023-03-30 00:00:00-04:00,493.0,495.739990234375,491.0,491.4800109863281,470.4544372558594,1545500,0.0,0.0
2023-03-31 00:00:00-04:00,495.0,498.3599853515625,493.94000244140625,496.8699951171875,475.6138610839844,2082000,0.0,0.0
2023-04-03 00:00:00-04:00,496.5,499.20001220703125,495.0,497.0299987792969,475.7670593261719,1804700,0.0,0.0
2023-04-04 00:00:00-04:00,496.5,502.5799865722656,495.5,497.7300109863281,476.4371643066406,1913300,0.0,0.0
2023-04-05 00:00:00-04:00,499.0,504.1300048828125,495.1600036621094,497.1300048828125,475.8627014160156,1941500,0.0,0.0
2023-04-06 00:00:00-04:00,482.0,487.8500061035156,477.5,485.9800109863281,465.18975830078125,4114700,0.0,0.0
2023-04-10 00:00:00-04:00,483.8999938964844,493.8999938964844,481.6600036621094,493.8299865722656,472.70391845703125,1653600,0.0,0.0
2023-04-11 00:00:00-04:00,493.8299865722656,499.989990234375,493.0,498.6499938964844,477.31768798828125,1547400,0.0,0.0
2023-04-12 00:00:00-04:00,500.0,500.04998779296875,488.5400085449219,489.3500061035156,468.4155578613281,2063700,0.0,0.0
2023-04-13 00:00:00-04:00,493.489990234375,498.44000244140625,490.30999755859375,497.8900146484375,476.5902099609375,1600500,0.0,0.0
2023-04-14 00:00:00-04:00,496.19000244140625,500.3699951171875,490.1600036621094,491.29998779296875,470.2821350097656,1675300,0.0,0.0
2023-04-17 00:00:00-04:00,492.7699890136719,497.8900146484375,491.1499938964844,493.94000244140625,472.8092346191406,1411800,0.0,0.0
2023-04-18 00:00:00-04:00,496.1000061035156,497.6300048828125,494.1199951171875,496.8999938964844,475.642578125,1339600,0.0,0.0
2023-04-19 00:00:00-04:00,497.1300048828125,497.989990234375,493.8299865722656,496.0299987792969,474.8098449707031,1098800,0.0,0.0
2023-04-20 00:00:00-04:00,495.75,510.6600036621094,495.510009765625,505.5799865722656,483.95123291015625,2936500,0.0,0.0
2023-04-21 00:00:00-04:00,509.3699951171875,510.6400146484375,505.4599914550781,506.3500061035156,484.6883239746094,1508600,0.0,0.0
2023-04-24 00:00:00-04:00,506.1000061035156,511.69000244140625,505.80999755859375,511.4200134277344,489.5413513183594,1374100,0.0,0.0
2023-04-25 00:00:00-04:00,511.1300048828125,513.1300048828125,502.260009765625,503.1700134277344,481.64434814453125,1789900,0.0,0.0
2023-04-26 00:00:00-04:00,500.4200134277344,502.8699951171875,493.3900146484375,494.6600036621094,473.4983825683594,1441900,0.0,0.0
2023-04-27 00:00:00-04:00,494.8299865722656,502.260009765625,494.8299865722656,501.2699890136719,479.82562255859375,1361600,0.0,0.0
2023-04-28 00:00:00-04:00,501.55999755859375,504.8299865722656,500.6400146484375,503.2200012207031,481.6921691894531,1170200,0.0,0.0
2023-05-01 00:00:00-04:00,499.1499938964844,500.04998779296875,488.79998779296875,493.5899963378906,472.4742126464844,2203200,0.0,0.0
2023-05-02 00:00:00-04:00,495.0,495.67999267578125,489.80999755859375,494.80999755859375,473.6419982910156,1940800,0.0,0.0
2023-05-03 00:00:00-04:00,496.6000061035156,498.7799987792969,489.6600036621094,490.05999755859375,469.0951843261719,1426400,0.0,0.0
2023-05-04 00:00:00-04:00,488.94000244140625,490.9100036621094,485.92999267578125,490.3399963378906,470.34222412109375,1487000,1.02,0.0
2023-05-05 00:00:00-04:00,493.20001220703125,499.3999938964844,492.9800109863281,499.05999755859375,478.7065734863281,1709200,0.0,0.0
2023-05-08 00:00:00-04:00,497.3699951171875,500.25,495.70001220703125,499.05999755859375,478.7065734863281,1015000,0.0,0.0
2023-05-09 00:00:00-04:00,496.9599914550781,501.739990234375,496.3900146484375,500.7900085449219,480.3660583496094,1571800,0.0,0.0
2023-05-10 00:00:00-04:00,501.95001220703125,504.9700012207031,495.1000061035156,499.6600036621094,479.28204345703125,1257600,0.0,0.0
2023-05-11 00:00:00-04:00,499.510009765625,503.0,497.54998779296875,501.8900146484375,481.4211730957031,1046700,0.0,0.0
2023-05-12 00:00:00-04:00,503.1700134277344,506.0299987792969,501.20001220703125,504.07000732421875,483.5122375488281,1472800,0.0,0.0
2023-05-15 00:00:00-04:00,504.010009765625,505.0,498.8599853515625,502.0400085449219,481.56500244140625,1135700,0.0,0.0
2023-05-16 00:00:00-04:00,500.0,500.2900085449219,494.29998779296875,496.1499938964844,475.91522216796875,1229300,0.0,0.0
2023-05-17 00:00:00-04:00,498.0,498.010009765625,491.8999938964844,495.0,474.8121337890625,2069500,0.0,0.0
2023-05-18 00:00:00-04:00,495.0,498.6000061035156,494.0799865722656,498.1000061035156,477.7856750488281,2298900,0.0,0.0
2023-05-19 00:00:00-04:00,499.3900146484375,499.3900146484375,493.9200134277344,496.5199890136719,476.2701416015625,1635000,0.0,0.0
2023-05-22 00:00:00-04:00,497.0,497.0,488.5400085449219,491.8699951171875,471.80975341796875,1943800,0.0,0.0
2023-05-23 00:00:00-04:00,487.1700134277344,487.1700134277344,482.9700012207031,484.8699951171875,465.0952453613281,1800200,0.0,0.0
2023-05-24 00:00:00-04:00,487.25,487.25,480.9100036621094,482.760009765625,463.0713195800781,1600600,0.0,0.0
2023-05-25 00:00:00-04:00,480.2099914550781,488.5400085449219,476.75,486.54998779296875,466.7066955566406,3421900,0.0,0.0
2023-05-26 00:00:00-04:00,485.6499938964844,510.75,484.1199951171875,507.260009765625,486.5721130371094,5302600,0.0,0.0
2023-05-30 00:00:00-04:00,509.7900085449219,514.7899780273438,501.5899963378906,508.0299987792969,487.3106689453125,2544800,0.0,0.0
2023-05-31 00:00:00-04:00,508.8599853515625,513.8699951171875,504.95001220703125,511.55999755859375,490.69671630859375,3320800,0.0,0.0
2023-06-01 00:00:00-04:00,509.3299865722656,513.739990234375,502.1000061035156,512.5999755859375,491.6943359375,2407700,0.0,0.0
2023-06-02 00:00:00-04:00,510.32000732421875,518.5,509.3999938964844,512.5900268554688,491.6847839355469,2284800,0.0,0.0
2023-06-05 00:00:00-04:00,512.5900268554688,518.9199829101562,512.02001953125,518.25,497.1139221191406,2023500,0.0,0.0
2023-06-06 00:00:00-04:00,518.25,518.6300048828125,512.760009765625,516.260009765625,495.205078125,1410300,0.0,0.0
2023-06-07 00:00:00-04:00,514.510009765625,519.2899780273438,510.57000732421875,511.2300109863281,490.3802185058594,1784700,0.0,0.0
2023-06-08 00:00:00-04:00,512.5,520.2899780273438,512.5,520.0900268554688,498.87890625,1530400,0.0,0.0
2023-06-09 00:00:00-04:00,518.1900024414062,522.0599975585938,515.5,517.280029296875,496.18353271484375,1287300,0.0,0.0
2023-06-12 00:00:00-04:00,517.280029296875,521.27001953125,516.0,520.969970703125,499.7229309082031,1404500,0.0,0.0
2023-06-13 00:00:00-04:00,522.02001953125,522.9500122070312,517.9099731445312,522.02001953125,500.73016357421875,1204700,0.0,0.0
2023-06-14 00:00:00-04:00,525.0,527.8499755859375,523.1400146484375,527.2000122070312,505.69891357421875,1841400,0.0,0.0
2023-06-15 00:00:00-04:00,529.0,531.260009765625,526.6599731445312,529.1799926757812,507.5980529785156,1871600,0.0,0.0
2023-06-16 00:00:00-04:00,530.0999755859375,530.4199829101562,522.6300048828125,523.6500244140625,502.2936706542969,3147800,0.0,0.0
2023-06-20 00:00:00-04:00,521.9500122070312,522.9000244140625,518.1400146484375,519.7000122070312,498.5047607421875,1684400,0.0,0.0
2023-06-21 00:00:00-04:00,517.9099731445312,521.6400146484375,516.5399780273438,519.6199951171875,498.42803955078125,1273600,0.0,0.0
2023-06-22 00:00:00-04:00,520.6900024414062,524.6799926757812,519.6799926757812,524.2000122070312,502.8212585449219,1114000,0.0,0.0
2023-06-23 00:00:00-04:00,523.1300048828125,525.4000244140625,519.3400268554688,524.4400024414062,503.0514831542969,1434300,0.0,0.0
2023-06-26 00:00:00-04:00,524.4000244140625,524.8699951171875,521.260009765625,523.4199829101562,502.0730285644531,1278500,0.0,0.0
2023-06-27 00:00:00-04:00,522.6500244140625,532.4099731445312,522.0999755859375,530.3300170898438,508.7012939453125,1673600,0.0,0.0
2023-06-28 00:00:00-04:00,528.97998046875,533.489990234375,528.6099853515625,532.7999877929688,511.0704040527344,1245200,0.0,0.0
2023-06-29 00:00:00-04:00,530.5800170898438,532.4500122070312,528.9500122070312,531.6900024414062,510.00579833984375,1121800,0.0,0.0
2023-06-30 00:00:00-04:00,534.1699829101562,539.5599975585938,533.6300048828125,538.3800048828125,516.4229736328125,2221900,0.0,0.0
2023-07-03 00:00:00-04:00,537.25,541.0800170898438,534.3400268554688,541.0399780273438,518.9744262695312,951400,0.0,0.0
2023-07-05 00:00:00-04:00,541.219970703125,546.0499877929688,537.5,541.1300048828125,519.060791015625,1630400,0.0,0.0
2023-07-06 00:00:00-04:00,538.8800048828125,540.2999877929688,536.5800170898438,537.3699951171875,515.4542846679688,1750100,0.0,0.0
2023-07-07 00:00:00-04:00,533.8900146484375,536.4600219726562,524.6300048828125,525.0499877929688,503.6365966796875,2740600,0.0,0.0
2023-07-10 00:00:00-04:00,525.0599975585938,531.1500244140625,525.0599975585938,527.010009765625,505.5166320800781,1955600,0.0,0.0
2023-07-11 00:00:00-04:00,527.5,530.760009765625,526.1500244140625,529.6400146484375,508.03936767578125,1262300,0.0,0.0
2023-07-12 00:00:00-04:00,532.0,540.1099853515625,531.1099853515625,538.0,516.0585327148438,1960500,0.0,0.0
2023-07-13 00:00:00-04:00,537.7999877929688,539.1199951171875,532.7899780273438,538.4500122070312,516.489990234375,1647200,0.0,0.0
2023-07-14 00:00:00-04:00,538.7100219726562,546.8599853515625,538.0999755859375,546.7000122070312,524.4035034179688,1828700,0.0,0.0
2023-07-17 00:00:00-04:00,546.1799926757812,554.2100219726562,546.0999755859375,552.9600219726562,530.4083251953125,1909900,0.0,0.0
2023-07-18 00:00:00-04:00,552.6699829101562,555.0,549.3900146484375,553.5900268554688,531.0126342773438,1778800,0.0,0.0
2023-07-19 00:00:00-04:00,554.47998046875,555.8900146484375,552.02001953125,554.1099853515625,531.5115356445312,1261100,0.0,0.0
2023-07-20 00:00:00-04:00,553.8099975585938,561.0700073242188,553.7100219726562,556.9600219726562,534.2452392578125,1732800,0.0,0.0
2023-07-21 00:00:00-04:00,559.1699829101562,562.0499877929688,557.4500122070312,557.8599853515625,535.1083984375,5264300,0.0,0.0
2023-07-24 00:00:00-04:00,558.0,566.5700073242188,555.8800048828125,563.9299926757812,540.930908203125,2086400,0.0,0.0
2023-07-25 00:00:00-04:00,566.77001953125,567.5499877929688,564.2999877929688,565.1900024414062,542.1395874023438,1602500,0.0,0.0
2023-07-26 00:00:00-04:00,565.510009765625,568.030029296875,563.4199829101562,566.1699829101562,543.0795288085938,1306400,0.0,0.0
2023-07-27 00:00:00-04:00,567.719970703125,571.1599731445312,560.5999755859375,561.8300170898438,538.91650390625,1485300,0.0,0.0
2023-07-28 00:00:00-04:00,564.5800170898438,567.8099975585938,562.6199951171875,563.3200073242188,540.345703125,1371400,0.0,0.0
2023-07-31 00:00:00-04:00,563.0,564.2899780273438,559.0499877929688,560.6699829101562,537.8038940429688,1365900,0.0,0.0
2023-08-01 00:00:00-04:00,560.6300048828125,562.8800048828125,554.5399780273438,555.469970703125,532.81591796875,1445300,0.0,0.0
2023-08-02 00:00:00-04:00,552.260009765625,556.6300048828125,551.02001953125,552.3499755859375,529.8231811523438,1635000,0.0,0.0
2023-08-03 00:00:00-04:00,553.530029296875,560.3499755859375,552.219970703125,557.6900024414062,534.9453735351562,1463400,0.0,0.0
2023-08-04 00:00:00-04:00,561.0700073242188,561.2899780273438,551.4099731445312,552.0399780273438,529.5258178710938,1142000,0.0,0.0
2023-08-07 00:00:00-04:00,554.989990234375,559.5599975585938,554.989990234375,558.4099731445312,535.6360473632812,1015400,0.0,0.0
2023-08-08 00:00:00-04:00,558.0,558.9000244140625,551.8400268554688,556.1199951171875,533.439453125,1020400,0.0,0.0
2023-08-09 00:00:00-04:00,557.97998046875,562.0900268554688,556.8099975585938,559.7000122070312,536.8733520507812,1471800,0.0,0.0
2023-08-10 00:00:00-04:00,563.2000122070312,569.2100219726562,560.7000122070312,561.489990234375,538.59033203125,1107200,0.0,0.0
2023-08-11 00:00:00-04:00,560.3499755859375,565.0,559.030029296875,562.9600219726562,540.00048828125,1043100,0.0,0.0
2023-08-14 00:00:00-04:00,564.77001953125,567.7100219726562,560.4400024414062,561.469970703125,538.5712890625,1247600,0.0,0.0
2023-08-15 00:00:00-04:00,561.0499877929688,565.1599731445312,558.2000122070312,558.510009765625,535.7319946289062,1124300,0.0,0.0
2023-08-16 00:00:00-04:00,561.7000122070312,564.9500122070312,558.719970703125,559.0499877929688,536.2500610351562,1340100,0.0,0.0
2023-08-17 00:00:00-04:00,559.469970703125,560.4199829101562,545.0800170898438,547.1099853515625,524.796875,1941900,0.0,0.0
2023-08-18 00:00:00-04:00,546.9199829101562,549.469970703125,543.1099853515625,544.9400024414062,522.7153930664062,1878100,0.0,0.0
2023-08-21 00:00:00-04:00,543.8599853515625,545.1500244140625,536.2999877929688,543.2100219726562,521.0559692382812,2076100,0.0,0.0
2023-08-22 00:00:00-04:00,541.9600219726562,541.9600219726562,537.5,538.3699951171875,516.4132690429688,1286000,0.0,0.0
2023-08-23 00:00:00-04:00,538.9600219726562,541.1699829101562,536.239990234375,540.8599853515625,518.8018188476562,1295800,0.0,0.0
2023-08-24 00:00:00-04:00,539.2899780273438,541.0,530.8200073242188,531.7100219726562,510.9886169433594,1587500,1.02,0.0
2023-08-25 00:00:00-04:00,532.9099731445312,535.7899780273438,530.5599975585938,534.010009765625,513.1989135742188,1511500,0.0,0.0
2023-08-28 00:00:00-04:00,536.0,537.0399780273438,533.1199951171875,536.1900024414062,515.2940063476562,945800,0.0,0.0
2023-08-29 00:00:00-04:00,534.3400268554688,543.0700073242188,534.3400268554688,542.77001953125,521.61767578125,1468500,0.0,0.0
2023-08-30 00:00:00-04:00,542.72998046875,544.4199829101562,539.3099975585938,542.260009765625,521.1275634765625,1292800,0.0,0.0
2023-08-31 00:00:00-04:00,540.0,552.2000122070312,540.0,549.280029296875,527.8740234375,2086500,0.0,0.0
2023-09-01 00:00:00-04:00,553.0700073242188,553.47998046875,540.6400146484375,544.25,523.0399780273438,1437700,0.0,0.0
2023-09-05 00:00:00-04:00,545.72998046875,549.1900024414062,544.0,544.72998046875,523.5010986328125,1714300,0.0,0.0
2023-09-06 00:00:00-04:00,541.719970703125,548.6799926757812,540.1799926757812,546.6900024414062,525.3848266601562,1476600,0.0,0.0
2023-09-07 00:00:00-04:00,548.6500244140625,550.989990234375,544.2899780273438,548.6199951171875,527.2396850585938,1340000,0.0,0.0
2023-09-08 00:00:00-04:00,549.0700073242188,552.3800048828125,548.0999755859375,551.1900024414062,529.7093505859375,1075300,0.0,0.0
2023-09-11 00:00:00-04:00,552.8099975585938,559.3900146484375,551.8599853515625,558.780029296875,537.0037231445312,1388600,0.0,0.0
2023-09-12 00:00:00-04:00,559.280029296875,560.4000244140625,556.1799926757812,558.7899780273438,537.01318359375,1055500,0.0,0.0
2023-09-13 00:00:00-04:00,558.2999877929688,560.4400024414062,554.6199951171875,559.760009765625,537.9456176757812,1162700,0.0,0.0
2023-09-14 00:00:00-04:00,564.8099975585938,566.7000122070312,560.25,564.77001953125,542.7603149414062,1257300,0.0,0.0
2023-09-15 00:00:00-04:00,565.3300170898438,565.510009765625,555.5399780273438,556.3599853515625,534.6779174804688,2945300,0.0,0.0
2023-09-18 00:00:00-04:00,558.1799926757812,564.1900024414062,557.469970703125,562.719970703125,540.7901611328125,1003100,0.0,0.0
2023-09-19 00:00:00-04:00,561.6400146484375,565.3300170898438,559.4299926757812,564.3499755859375,542.3565063476562,1144700,0.0,0.0
2023-09-20 00:00:00-04:00,564.3499755859375,569.219970703125,562.6599731445312,563.8300170898438,541.8568725585938,1311500,0.0,0.0
2023-09-21 00:00:00-04:00,564.0700073242188,564.5700073242188,554.280029296875,555.0800170898438,533.447998046875,1687700,0.0,0.0
2023-09-22 00:00:00-04:00,555.1599731445312,562.969970703125,554.780029296875,558.5900268554688,536.821044921875,1527300,0.0,0.0
2023-09-25 00:00:00-04:00,559.489990234375,561.27001953125,554.739990234375,558.6199951171875,536.8499755859375,1313300,0.0,0.0
2023-09-26 00:00:00-04:00,559.1500244140625,561.3699951171875,552.0,552.9600219726562,531.4105224609375,2425100,0.0,0.0
2023-09-27 00:00:00-04:00,547.3800048828125,566.5,544.72998046875,563.530029296875,541.5685424804688,4591400,0.0,0.0
2023-09-28 00:00:00-04:00,564.0700073242188,572.1799926757812,564.0700073242188,568.6300048828125,546.4699096679688,2192400,0.0,0.0
2023-09-29 00:00:00-04:00,570.0,570.989990234375,560.7000122070312,564.9600219726562,542.9426879882812,1887500,0.0,0.0
2023-10-02 00:00:00-04:00,567.9099731445312,571.739990234375,564.0,571.3099975585938,549.04541015625,1831700,0.0,0.0
2023-10-03 00:00:00-04:00,571.0999755859375,576.1900024414062,563.010009765625,565.0399780273438,543.0196533203125,2007400,0.0,0.0
2023-10-04 00:00:00-04:00,569.489990234375,572.6099853515625,563.760009765625,571.7999877929688,549.5162353515625,1798800,0.0,0.0
2023-10-05 00:00:00-04:00,572.1699829101562,574.75,564.3599853515625,569.52001953125,547.3251953125,1579700,0.0,0.0
2023-10-06 00:00:00-04:00,566.0900268554688,566.9500122070312,542.6300048828125,557.530029296875,535.8023681640625,4246700,0.0,0.0
2023-10-09 00:00:00-04:00,555.0,559.75,549.780029296875,558.969970703125,537.186279296875,1781500,0.0,0.0
2023-10-10 00:00:00-04:00,559.9199829101562,566.9500122070312,557.239990234375,562.0900268554688,540.1846923828125,2176800,0.0,0.0
2023-10-11 00:00:00-04:00,564.8499755859375,566.5,560.2000122070312,565.52001953125,543.48095703125,1449800,0.0,0.0
2023-10-12 00:00:00-04:00,568.0499877929688,569.1400146484375,562.3800048828125,563.780029296875,541.8088989257812,1458000,0.0,0.0
2023-10-13 00:00:00-04:00,563.8499755859375,567.4400024414062,561.97998046875,566.8400268554688,544.7496337890625,1243900,0.0,0.0
2023-10-16 00:00:00-04:00,569.6900024414062,574.0999755859375,568.52001953125,572.239990234375,549.93896484375,1428300,0.0,0.0
2023-10-17 00:00:00-04:00,571.9400024414062,576.0599975585938,570.7100219726562,574.3400268554688,551.9573364257812,1404600,0.0,0.0
2023-10-18 00:00:00-04:00,573.9199829101562,577.2999877929688,572.0,574.6400146484375,552.2454833984375,1311900,0.0,0.0
2023-10-19 00:00:00-04:00,573.7000122070312,575.8499755859375,564.1099853515625,565.6300048828125,543.5868530273438,2019600,0.0,0.0
2023-10-20 00:00:00-04:00,566.5399780273438,566.6699829101562,552.010009765625,552.9299926757812,531.3816528320312,2295400,0.0,0.0
2023-10-23 00:00:00-04:00,554.1400146484375,556.9199829101562,546.6300048828125,552.2899780273438,530.7665405273438,1776500,0.0,0.0
2023-10-24 00:00:00-04:00,552.0999755859375,555.989990234375,549.3300170898438,551.8400268554688,530.3341064453125,1678600,0.0,0.0
2023-10-25 00:00:00-04:00,548.5499877929688,553.8300170898438,545.6099853515625,549.989990234375,528.5562133789062,1757500,0.0,0.0
2023-10-26 00:00:00-04:00,549.6500244140625,554.6599731445312,545.530029296875,547.5999755859375,526.2593994140625,1925300,0.0,0.0
2023-10-27 00:00:00-04:00,547.5999755859375,548.030029296875,540.22998046875,543.030029296875,521.8674926757812,1503100,0.0,0.0
2023-10-30 00:00:00-04:00,545.739990234375,556.3599853515625,543.6400146484375,554.8800048828125,533.2557373046875,1696200,0.0,0.0
2023-10-31 00:00:00-04:00,552.1599731445312,554.030029296875,549.0599975585938,552.4400024414062,530.9108276367188,1394700,0.0,0.0
2023-11-01 00:00:00-04:00,555.0,558.4400024414062,549.6500244140625,556.7999877929688,535.100830078125,1735300,0.0,0.0
2023-11-02 00:00:00-04:00,556.5,559.510009765625,552.010009765625,555.969970703125,535.28369140625,2100600,1.02,0.0
2023-11-03 00:00:00-04:00,557.3300170898438,562.989990234375,555.22998046875,560.9000244140625,540.0303344726562,1826800,0.0,0.0
2023-11-06 00:00:00-05:00,560.489990234375,572.6500244140625,560.1300048828125,569.8200073242188,548.618408203125,2056900,0.0,0.0
2023-11-07 00:00:00-05:00,572.5,573.8900146484375,569.5599975585938,571.27001953125,550.0146484375,1373100,0.0,0.0
2023-11-08 00:00:00-05:00,572.1199951171875,572.989990234375,564.2899780273438,567.3800048828125,546.2692260742188,1343600,0.0,0.0
2023-11-09 00:00:00-05:00,569.0,569.0,562.010009765625,563.27001953125,542.3121337890625,1288400,0.0,0.0
2023-11-10 00:00:00-05:00,567.9000244140625,577.8900146484375,564.9400024414062,577.1199951171875,555.6469116210938,1908800,0.0,0.0
2023-11-13 00:00:00-05:00,575.0,579.9500122070312,573.489990234375,578.22998046875,556.7155151367188,1650700,0.0,0.0
2023-11-14 00:00:00-05:00,581.739990234375,591.5499877929688,581.2100219726562,590.7999877929688,568.8178100585938,2037600,0.0,0.0
2023-11-15 00:00:00-05:00,593.989990234375,599.8900146484375,593.3900146484375,596.780029296875,574.5753784179688,2165100,0.0,0.0
2023-11-16 00:00:00-05:00,586.3800048828125,586.5900268554688,572.239990234375,578.5800170898438,557.052490234375,2954700,0.0,0.0
2023-11-17 00:00:00-05:00,578.9000244140625,579.9199829101562,574.0599975585938,577.1500244140625,555.67578125,1773600,0.0,0.0
2023-11-20 00:00:00-05:00,577.3400268554688,582.3200073242188,577.3400268554688,580.7999877929688,559.1898803710938,1624100,0.0,0.0
2023-11-21 00:00:00-05:00,582.0,584.9500122070312,577.7100219726562,584.2999877929688,562.5596313476562,1173700,0.0,0.0
2023-11-22 00:00:00-05:00,586.8499755859375,591.1400146484375,586.3499755859375,589.0800170898438,567.161865234375,1068600,0.0,0.0
2023-11-24 00:00:00-05:00,591.02001953125,594.2000122070312,590.4099731445312,591.3599853515625,569.3570556640625,645800,0.0,0.0
2023-11-27 00:00:00-05:00,592.52001953125,599.9400024414062,592.4099731445312,594.9000244140625,572.7654418945312,1627400,0.0,0.0
2023-11-28 00:00:00-05:00,593.1900024414062,597.4199829101562,591.4199829101562,594.0,571.8987426757812,1286800,0.0,0.0
2023-11-29 00:00:00-05:00,595.2000122070312,595.2100219726562,587.4199829101562,587.8599853515625,565.9871215820312,1319800,0.0,0.0
2023-11-30 00:00:00-05:00,587.8300170898438,593.0700073242188,582.8300170898438,592.739990234375,570.6856689453125,1755200,0.0,0.0
2023-12-01 00:00:00-05:00,593.280029296875,596.3499755859375,590.5900268554688,596.25,574.0651245117188,1475300,0.0,0.0
2023-12-04 00:00:00-05:00,592.1500244140625,599.530029296875,591.4600219726562,599.0800170898438,576.7898559570312,1624000,0.0,0.0
2023-12-05 00:00:00-05:00,598.530029296875,608.8800048828125,597.030029296875,605.3499755859375,582.8264770507812,2349700,0.0,0.0
2023-12-06 00:00:00-05:00,605.5,608.47998046875,603.8599853515625,607.4299926757812,584.8290405273438,2233900,0.0,0.0
2023-12-07 00:00:00-05:00,610.0,612.3499755859375,606.3499755859375,610.9500122070312,588.2180786132812,1690400,0.0,0.0
2023-12-08 00:00:00-05:00,608.5999755859375,613.6099853515625,607.72998046875,610.780029296875,588.054443359375,1502100,0.0,0.0
2023-12-11 00:00:00-05:00,621.969970703125,625.030029296875,618.760009765625,623.8599853515625,600.6478881835938,2139300,0.0,0.0
2023-12-12 00:00:00-05:00,627.4400024414062,629.6900024414062,623.2100219726562,629.5,606.0779418945312,2374400,0.0,0.0
2023-12-13 00:00:00-05:00,633.9199829101562,642.5999755859375,631.0,642.0,618.1127319335938,2436900,0.0,0.0
2023-12-14 00:00:00-05:00,641.1799926757812,641.9000244140625,630.2999877929688,630.780029296875,607.3104858398438,3839200,0.0,0.0
2023-12-15 00:00:00-05:00,641.5,661.8800048828125,640.5,658.8200073242188,634.3070678710938,8807700,0.0,0.0
2023-12-18 00:00:00-05:00,664.5,681.9099731445312,661.0999755859375,681.239990234375,655.8927612304688,5733400,0.0,0.0
2023-12-19 00:00:00-05:00,675.0,680.7999877929688,669.1199951171875,677.739990234375,652.52294921875,3437300,0.0,0.0
2023-12-20 00:00:00-05:00,671.7899780273438,674.3499755859375,660.7999877929688,661.0,636.4059448242188,3782700,0.0,0.0
2023-12-21 00:00:00-05:00,665.8599853515625,667.3400268554688,659.4500122070312,665.1599731445312,640.4111938476562,2388400,0.0,0.0
2023-12-22 00:00:00-05:00,668.0,673.27001953125,666.0,671.5999755859375,646.6114501953125,1641700,0.0,0.0
2023-12-26 00:00:00-05:00,673.010009765625,675.8599853515625,670.780029296875,674.6199951171875,649.5191040039062,1774800,0.0,0.0
2023-12-27 00:00:00-05:00,662.7000122070312,668.5800170898438,660.4000244140625,666.7999877929688,656.5892333984375,1875900,15.0,0.0
2023-12-28 00:00:00-05:00,665.8499755859375,666.8599853515625,661.5900268554688,663.0999755859375,652.9456787109375,1496900,0.0,0.0
2023-12-29 00:00:00-05:00,661.0,663.1900024414062,657.1599731445312,660.0800170898438,649.9720458984375,1947500,0.0,0.0
2024-01-02 00:00:00-05:00,655.5800170898438,657.7999877929688,649.5,650.6500244140625,640.6864624023438,2657700,0.0,0.0
2024-01-03 00:00:00-05:00,651.2100219726562,655.4500122070312,643.0999755859375,644.6900024414062,634.8176879882812,2612600,0.0,0.0
2024-01-04 00:00:00-05:00,642.0800170898438,649.9000244140625,640.510009765625,648.3499755859375,638.421630859375,2171100,0.0,0.0
2024-01-05 00:00:00-05:00,656.1799926757812,659.6500244140625,652.239990234375,656.010009765625,645.9644775390625,2233500,0.0,0.0
2024-01-08 00:00:00-05:00,655.8099975585938,662.0800170898438,654.030029296875,661.6900024414062,651.557373046875,2245300,0.0,0.0
2024-01-09 00:00:00-05:00,658.8800048828125,667.2899780273438,658.260009765625,667.1799926757812,656.9633178710938,1886200,0.0,0.0
2024-01-10 00:00:00-05:00,669.5599975585938,673.8300170898438,669.010009765625,672.760009765625,662.4578857421875,1801900,0.0,0.0
2024-01-11 00:00:00-05:00,671.0,674.510009765625,667.6400146484375,673.5800170898438,663.2653198242188,1670800,0.0,0.0
2024-01-12 00:00:00-05:00,677.5,683.719970703125,676.1099853515625,683.239990234375,672.7774658203125,2388400,0.0,0.0
2024-01-16 00:00:00-05:00,683.239990234375,686.52001953125,678.1599731445312,681.489990234375,671.0542602539062,1626700,0.0,0.0
2024-01-17 00:00:00-05:00,680.5,684.8699951171875,679.1900024414062,684.1900024414062,673.7127685546875,1786800,0.0,0.0
2024-01-18 00:00:00-05:00,682.8300170898438,687.719970703125,680.2100219726562,687.3099975585938,676.7849731445312,1900600,0.0,0.0
2024-01-19 00:00:00-05:00,688.5,696.1300048828125,682.6699829101562,694.969970703125,684.3276977539062,2267900,0.0,0.0
2024-01-22 00:00:00-05:00,695.4299926757812,698.6599731445312,690.52001953125,692.510009765625,681.905517578125,2452900,0.0,0.0
2024-01-23 00:00:00-05:00,690.719970703125,691.6300048828125,684.6300048828125,687.5900268554688,677.0608520507812,2208600,0.0,0.0
2024-01-24 00:00:00-05:00,689.0,689.969970703125,683.1199951171875,686.510009765625,675.9974365234375,1946500,0.0,0.0
2024-01-25 00:00:00-05:00,686.5,686.5,675.9600219726562,679.9000244140625,669.488525390625,2751900,0.0,0.0
2024-01-26 00:00:00-05:00,680.0800170898438,687.239990234375,679.5,686.8800048828125,676.3616333007812,1825500,0.0,0.0
2024-01-29 00:00:00-05:00,689.9000244140625,694.1300048828125,686.260009765625,694.010009765625,683.3825073242188,2215400,0.0,0.0
2024-01-30 00:00:00-05:00,692.9400024414062,702.6500244140625,690.7999877929688,700.739990234375,690.0093383789062,1610500,0.0,0.0
2024-01-31 00:00:00-05:00,701.3200073242188,705.52001953125,693.0399780273438,694.8800048828125,684.2391357421875,1928500,0.0,0.0
2024-02-01 00:00:00-05:00,694.0,705.2999877929688,691.5,704.47998046875,694.7119140625,2039200,1.02,0.0
2024-02-02 00:00:00-05:00,703.3400268554688,714.280029296875,702.260009765625,709.47998046875,699.642578125,2377400,0.0,0.0
2024-02-05 00:00:00-05:00,710.6400146484375,712.8599853515625,705.6799926757812,711.1599731445312,701.29931640625,2276900,0.0,0.0
2024-02-06 00:00:00-05:00,711.22998046875,712.719970703125,704.3400268554688,710.7899780273438,700.9345092773438,1920200,0.0,0.0
2024-02-07 00:00:00-05:00,714.1500244140625,723.3200073242188,712.0,719.780029296875,709.7996826171875,2145500,0.0,0.0
2024-02-08 00:00:00-05:00,723.8900146484375,728.1699829101562,720.6599731445312,724.1599731445312,714.1190185546875,1918500,0.0,0.0
2024-02-09 00:00:00-05:00,725.1400146484375,725.530029296875,720.1199951171875,723.4000244140625,713.36962890625,1426100,0.0,0.0
2024-02-12 00:00:00-05:00,723.52001953125,723.7999877929688,715.2999877929688,722.4099731445312,712.393310546875,1572600,0.0,0.0
2024-02-13 00:00:00-05:00,721.3900146484375,721.780029296875,709.0399780273438,714.25,704.3464965820312,1951100,0.0,0.0
2024-02-14 00:00:00-05:00,716.0,722.5499877929688,711.0700073242188,722.1799926757812,712.1666259765625,1472500,0.0,0.0
2024-02-15 00:00:00-05:00,721.489990234375,726.030029296875,718.280029296875,724.510009765625,714.464111328125,1264100,0.0,0.0
2024-02-16 00:00:00-05:00,721.989990234375,729.0599975585938,718.5,723.989990234375,713.9514770507812,1764900,0.0,0.0
2024-02-20 00:00:00-05:00,728.030029296875,734.9600219726562,723.7100219726562,725.6900024414062,715.6279296875,2407300,0.0,0.0
2024-02-21 00:00:00-05:00,725.6900024414062,728.7899780273438,720.27001953125,723.02001953125,712.994873046875,1564200,0.0,0.0
2024-02-22 00:00:00-05:00,725.8499755859375,736.0499877929688,725.8499755859375,734.4000244140625,724.2171020507812,1801600,0.0,0.0
2024-02-23 00:00:00-05:00,740.1199951171875,742.510009765625,737.1199951171875,737.9299926757812,727.6981201171875,1265800,0.0,0.0
2024-02-26 00:00:00-05:00,742.0,746.780029296875,739.0,745.3499755859375,735.0152587890625,1707000,0.0,0.0
2024-02-27 00:00:00-05:00,746.0,746.6400146484375,741.3300170898438,744.7100219726562,734.3840942382812,1471300,0.0,0.0
2024-02-28 00:00:00-05:00,743.2100219726562,751.8800048828125,743.2100219726562,747.9600219726562,737.5889892578125,1365000,0.0,0.0
2024-02-29 00:00:00-05:00,751.4199829101562,752.5599975585938,742.989990234375,743.8900146484375,733.5753784179688,3361200,0.0,0.0
2024-03-01 00:00:00-05:00,740.4400024414062,751.3800048828125,739.25,749.4400024414062,739.0485229492188,1678100,0.0,0.0
2024-03-04 00:00:00-05:00,755.0800170898438,764.739990234375,753.6699829101562,759.1799926757812,748.6535034179688,2133400,0.0,0.0
2024-03-05 00:00:00-05:00,768.4199829101562,769.27001953125,756.9000244140625,759.9500122070312,749.4127807617188,2353400,0.0,0.0
2024-03-06 00:00:00-05:00,764.8400268554688,775.1599731445312,763.6599731445312,773.239990234375,762.5184326171875,2400600,0.0,0.0
2024-03-07 00:00:00-05:00,779.1099853515625,787.0800170898438,777.010009765625,785.5900268554688,774.697265625,4187900,0.0,0.0
2024-03-08 00:00:00-05:00,756.0499877929688,756.219970703125,725.0999755859375,725.5599975585938,715.4996948242188,8590200,0.0,0.0
2024-03-11 00:00:00-04:00,719.8099975585938,720.0,711.010009765625,714.0800170898438,704.1787719726562,3762500,0.0,0.0
2024-03-12 00:00:00-04:00,717.0800170898438,740.0499877929688,716.9099731445312,736.8800048828125,726.66259765625,3727400,0.0,0.0
2024-03-13 00:00:00-04:00,735.0,736.5,726.5800170898438,734.2000122070312,724.0198364257812,2270300,0.0,0.0
2024-03-14 00:00:00-04:00,738.3300170898438,740.6799926757812,728.989990234375,731.9500122070312,721.8010864257812,1826100,0.0,0.0
2024-03-15 00:00:00-04:00,732.52001953125,732.52001953125,723.219970703125,725.6300048828125,715.5685424804688,3390700,0.0,0.0
2024-03-18 00:00:00-04:00,726.0999755859375,733.3400268554688,726.02001953125,731.5399780273438,721.396728515625,1595200,0.0,0.0
2024-03-19 00:00:00-04:00,731.7899780273438,735.3499755859375,730.02001953125,732.1699829101562,722.0179443359375,1322700,0.0,0.0
2024-03-20 00:00:00-04:00,731.0,742.0900268554688,729.1300048828125,740.719970703125,730.449462890625,1398700,0.0,0.0
2024-03-21 00:00:00-04:00,743.5,752.3099975585938,741.0999755859375,742.5599975585938,732.2639770507812,2106900,0.0,0.0
2024-03-22 00:00:00-04:00,744.4299926757812,744.7899780273438,734.3800048828125,734.7999877929688,724.6114501953125,1794100,0.0,0.0
2024-03-25 00:00:00-04:00,731.0,734.1599731445312,726.739990234375,730.9600219726562,720.8247680664062,1604700,0.0,0.0
2024-03-26 00:00:00-04:00,731.0,734.7000122070312,730.219970703125,730.97998046875,720.844482421875,1353500,0.0,0.0
2024-03-27 00:00:00-04:00,734.0,735.8900146484375,727.75,732.0800170898438,721.9292602539062,1246700,0.0,0.0
2024-03-28 00:00:00-04:00,733.8499755859375,734.9000244140625,728.3200073242188,732.6300048828125,722.4716186523438,1713300,0.0,0.0
2024-04-01 00:00:00-04:00,731.760009765625,733.27001953125,720.2000122070312,721.239990234375,711.2394409179688,1600700,0.0,0.0
2024-04-02 00:00:00-04:00,720.0,720.0,708.4000244140625,711.2999877929688,701.4373779296875,2326700,0.0,0.0
2024-04-03 00:00:00-04:00,709.97998046875,710.8099975585938,697.27001953125,705.6900024414062,695.9052124023438,3205500,0.0,0.0
2024-04-04 00:00:00-04:00,708.77001953125,717.1300048828125,704.219970703125,704.8800048828125,695.1063842773438,2252400,0.0,0.0
2024-04-05 00:00:00-04:00,706.0399780273438,716.8900146484375,706.02001953125,713.719970703125,703.8237915039062,1552900,0.0,0.0
2024-04-08 00:00:00-04:00,713.510009765625,716.1400146484375,710.8699951171875,711.8099975585938,701.940185546875,1459000,0.0,0.0
2024-04-09 00:00:00-04:00,716.239990234375,719.0499877929688,706.97998046875,718.5900268554688,708.6263427734375,1386400,0.0,0.0
2024-04-10 00:00:00-04:00,711.0,723.97998046875,708.9500122070312,722.5800170898438,712.5609741210938,1832000,0.0,0.0
2024-04-11 00:00:00-04:00,731.5,733.7899780273438,724.1500244140625,732.3499755859375,722.1954345703125,2107800,0.0,0.0
2024-04-12 00:00:00-04:00,728.0,732.9000244140625,726.5399780273438,731.3099975585938,721.1697998046875,1481800,0.0,0.0
2024-04-15 00:00:00-04:00,735.4299926757812,741.0,717.9500122070312,718.280029296875,708.3206787109375,1808000,0.0,0.0
2024-04-16 00:00:00-04:00,718.2999877929688,722.5,712.1300048828125,715.969970703125,706.0426025390625,1412300,0.0,0.0
2024-04-17 00:00:00-04:00,723.0,723.7999877929688,711.0,715.1900024414062,705.2734375,1376700,0.0,0.0
2024-04-18 00:00:00-04:00,715.1900024414062,718.9500122070312,709.5700073242188,711.25,701.3880615234375,1846400,0.0,0.0
2024-04-19 00:00:00-04:00,713.030029296875,714.8699951171875,702.0,709.510009765625,699.6721801757812,2190400,0.0,0.0
2024-04-22 00:00:00-04:00,714.8599853515625,718.260009765625,706.1699829101562,715.4600219726562,705.5397338867188,1437100,0.0,0.0
2024-04-23 00:00:00-04:00,719.030029296875,724.27001953125,716.2999877929688,722.6799926757812,712.6595458984375,1176200,0.0,0.0
2024-04-24 00:00:00-04:00,719.7100219726562,725.4299926757812,716.0900268554688,723.8900146484375,713.8526611328125,1206600,0.0,0.0
2024-04-25 00:00:00-04:00,727.2899780273438,727.2899780273438,714.4099731445312,721.8599853515625,712.993408203125,1613600,1.16,0.0
2024-04-26 00:00:00-04:00,715.0,730.9500122070312,715.0,729.1799926757812,720.2235107421875,1524400,0.0,0.0
2024-04-29 00:00:00-04:00,729.530029296875,732.25,720.219970703125,726.3300170898438,717.4086303710938,1526900,0.0,0.0
2024-04-30 00:00:00-04:00,725.510009765625,725.510009765625,717.0999755859375,722.9000244140625,714.0206909179688,1734800,0.0,0.0
2024-05-01 00:00:00-04:00,722.27001953125,729.8599853515625,715.3200073242188,722.219970703125,713.34912109375,1609100,0.0,0.0
2024-05-02 00:00:00-04:00,724.75,734.4000244140625,720.6300048828125,732.4400024414062,723.4435424804688,1826900,0.0,0.0
2024-05-03 00:00:00-04:00,734.280029296875,747.489990234375,733.3499755859375,743.9000244140625,734.7627563476562,2323300,0.0,0.0
2024-05-06 00:00:00-04:00,749.5900268554688,756.9400024414062,746.47998046875,756.4500122070312,747.1586303710938,1773300,0.0,0.0
2024-05-07 00:00:00-04:00,758.6900024414062,772.239990234375,755.5700073242188,771.3099975585938,761.836181640625,1897800,0.0,0.0
2024-05-08 00:00:00-04:00,770.0,773.3900146484375,762.7100219726562,763.4099731445312,754.0331420898438,1511900,0.0,0.0
2024-05-09 00:00:00-04:00,763.7999877929688,779.7100219726562,763.6099853515625,779.0399780273438,769.47119140625,1716200,0.0,0.0
2024-05-10 00:00:00-04:00,779.0399780273438,787.4500122070312,778.1599731445312,787.1900024414062,777.52099609375,1652700,0.0,0.0
2024-05-13 00:00:00-04:00,788.0,789.47998046875,773.5800170898438,775.1500244140625,765.62890625,1596800,0.0,0.0
2024-05-14 00:00:00-04:00,774.9299926757812,780.8099975585938,771.4299926757812,777.9000244140625,768.34521484375,1327700,0.0,0.0
2024-05-15 00:00:00-04:00,778.52001953125,789.6599731445312,778.52001953125,787.0399780273438,777.3729248046875,1661700,0.0,0.0
2024-05-16 00:00:00-04:00,791.8099975585938,804.5599975585938,787.8300170898438,793.0700073242188,783.328857421875,2000000,0.0,0.0
2024-05-17 00:00:00-04:00,793.6099853515625,797.5999755859375,790.6099853515625,795.8099975585938,786.03515625,1309100,0.0,0.0
2024-05-20 00:00:00-04:00,795.25,802.97998046875,792.3900146484375,793.0,783.2596435546875,1347100,0.0,0.0
2024-05-21 00:00:00-04:00,795.5700073242188,801.4400024414062,792.0,800.9299926757812,791.09228515625,1375700,0.0,0.0
2024-05-22 00:00:00-04:00,800.0399780273438,806.3499755859375,798.010009765625,801.8599853515625,792.0108642578125,1192800,0.0,0.0
2024-05-23 00:00:00-04:00,804.2999877929688,808.0499877929688,795.4299926757812,796.3400268554688,786.5586547851562,1519200,0.0,0.0
2024-05-24 00:00:00-04:00,800.6300048828125,816.8699951171875,799.0900268554688,809.72998046875,799.7841186523438,1623000,0.0,0.0
2024-05-28 00:00:00-04:00,809.739990234375,815.2899780273438,804.719970703125,813.1699829101562,803.1819458007812,1986300,0.0,0.0
2024-05-29 00:00:00-04:00,807.02001953125,813.4400024414062,806.2899780273438,806.52001953125,796.6135864257812,2282800,0.0,0.0
2024-05-30 00:00:00-04:00,810.2000122070312,819.5,808.2999877929688,815.3400268554688,805.3253173828125,2277800,0.0,0.0
2024-05-31 00:00:00-04:00,809.030029296875,811.739990234375,788.2000122070312,809.8900146484375,799.9422607421875,4360700,0.0,0.0
2024-06-03 00:00:00-04:00,811.0,827.9099731445312,807.1300048828125,815.3900146484375,805.3746948242188,2008700,0.0,0.0
2024-06-04 00:00:00-04:00,814.97998046875,828.010009765625,813.0399780273438,827.3900146484375,817.2273559570312,1754500,0.0,0.0
2024-06-05 00:00:00-04:00,830.9099731445312,834.3900146484375,821.6799926757812,834.2999877929688,824.0523071289062,2080000,0.0,0.0
2024-06-06 00:00:00-04:00,835.4199829101562,849.0900268554688,834.3200073242188,842.6400146484375,832.2899780273438,1735000,0.0,0.0
2024-06-07 00:00:00-04:00,846.6799926757812,850.3800048828125,842.2899780273438,845.5800170898438,835.1939086914062,1593600,0.0,0.0
2024-06-10 00:00:00-04:00,847.1799926757812,849.47998046875,842.739990234375,848.3400268554688,837.919921875,1401600,0.0,0.0
2024-06-11 00:00:00-04:00,849.239990234375,850.9400024414062,840.260009765625,849.3099975585938,838.8780517578125,1690500,0.0,0.0
2024-06-12 00:00:00-04:00,852.3099975585938,855.739990234375,843.6099853515625,847.8099975585938,837.3963623046875,1838300,0.0,0.0
2024-06-13 00:00:00-04:00,847.8099975585938,847.8099975585938,837.5499877929688,845.9600219726562,835.5691528320312,1322400,0.0,0.0
2024-06-14 00:00:00-04:00,843.4199829101562,856.1799926757812,841.9099731445312,855.6699829101562,845.159912109375,1395500,0.0,0.0
2024-06-17 00:00:00-04:00,854.489990234375,870.5599975585938,853.3699951171875,867.9099731445312,857.2495727539062,1904900,0.0,0.0
2024-06-18 00:00:00-04:00,868.0,873.9600219726562,867.7000122070312,870.75,860.0546875,1763800,0.0,0.0
2024-06-20 00:00:00-04:00,871.3099975585938,873.8499755859375,860.5599975585938,862.4400024414062,851.8468017578125,1944600,0.0,0.0
2024-06-21 00:00:00-04:00,866.6400146484375,866.969970703125,847.6500244140625,848.3099975585938,837.890380859375,3833100,0.0,0.0
2024-06-24 00:00:00-04:00,850.0,850.6300048828125,841.510009765625,848.1599731445312,837.7421264648438,1722900,0.0,0.0
2024-06-25 00:00:00-04:00,849.3200073242188,855.6900024414062,845.0,855.510009765625,845.0018310546875,1564200,0.0,0.0
2024-06-26 00:00:00-04:00,852.719970703125,859.739990234375,850.0599975585938,856.8400268554688,846.3155517578125,1505300,0.0,0.0
2024-06-27 00:00:00-04:00,857.7100219726562,858.3300170898438,848.6400146484375,850.6199951171875,840.1719360351562,1254900,0.0,0.0
2024-06-28 00:00:00-04:00,851.25,857.239990234375,846.8099975585938,849.989990234375,839.5496215820312,2131700,0.0,0.0
2024-07-01 00:00:00-04:00,853.5,856.0,840.5,845.6699829101562,835.2828369140625,1989000,0.0,0.0
2024-07-02 00:00:00-04:00,845.6900024414062,860.3599853515625,843.0800170898438,859.3599853515625,848.8045654296875,1377900,0.0,0.0
2024-07-03 00:00:00-04:00,855.0,863.52001953125,855.0,862.6599731445312,852.0640258789062,814400,0.0,0.0
2024-07-05 00:00:00-04:00,864.5599975585938,886.9400024414062,858.719970703125,885.6699829101562,874.7913818359375,2620700,0.0,0.0
2024-07-08 00:00:00-04:00,886.7899780273438,887.9500122070312,877.6599731445312,880.8400268554688,870.020751953125,1611300,0.0,0.0
2024-07-09 00:00:00-04:00,883.8499755859375,896.6699829101562,882.969970703125,886.8499755859375,875.9569091796875,1356800,0.0,0.0
2024-07-10 00:00:00-04:00,887.4000244140625,890.27001953125,880.7000122070312,884.3099975585938,873.4481201171875,1755800,0.0,0.0
2024-07-11 00:00:00-04:00,890.760009765625,890.760009765625,846.52001953125,846.5900268554688,836.1914672851562,6021100,0.0,0.0
2024-07-12 00:00:00-04:00,849.8900146484375,850.0,838.3800048828125,842.9000244140625,832.5467529296875,3288400,0.0,0.0
2024-07-15 00:00:00-04:00,846.8599853515625,857.9000244140625,844.6699829101562,848.72998046875,838.3051147460938,2064000,0.0,0.0
2024-07-16 00:00:00-04:00,847.7999877929688,851.239990234375,841.3400268554688,850.77001953125,840.320068359375,1687600,0.0,0.0
2024-07-17 00:00:00-04:00,848.010009765625,849.9500122070312,842.6500244140625,846.280029296875,835.8853149414062,1783100,0.0,0.0
2024-07-18 00:00:00-04:00,849.4299926757812,855.2999877929688,825.1099853515625,839.3699951171875,829.0601196289062,2338500,0.0,0.0
2024-07-19 00:00:00-04:00,836.510009765625,848.8800048828125,835.5599975585938,838.1300048828125,827.8352661132812,1984400,0.0,0.0
2024-07-22 00:00:00-04:00,845.75,849.5900268554688,838.5999755859375,847.4199829101562,837.01123046875,1920200,0.0,0.0
2024-07-23 00:00:00-04:00,848.9000244140625,854.5800170898438,845.5800170898438,852.1099853515625,841.6436157226562,1744100,0.0,0.0
2024-07-24 00:00:00-04:00,844.5999755859375,846.0,829.5,830.8200073242188,820.6151733398438,2511300,0.0,0.0
2024-07-25 00:00:00-04:00,835.7899780273438,836.6500244140625,814.280029296875,815.9500122070312,805.927734375,2183700,0.0,0.0
2024-07-26 00:00:00-04:00,818.0,822.280029296875,809.010009765625,817.5999755859375,808.7072143554688,1441500,1.16,0.0
2024-07-29 00:00:00-04:00,822.5599975585938,823.739990234375,814.0900268554688,815.5599975585938,806.6895141601562,1320400,0.0,0.0
2024-07-30 00:00:00-04:00,818.0,822.0,803.280029296875,810.030029296875,801.2195434570312,2017200,0.0,0.0
2024-07-31 00:00:00-04:00,820.4199829101562,825.47998046875,811.27001953125,822.0,813.059326171875,2135000,0.0,0.0
2024-08-01 00:00:00-04:00,818.5499877929688,824.1699829101562,809.6799926757812,816.8900146484375,808.0049438476562,1861400,0.0,0.0
2024-08-02 00:00:00-04:00,816.2000122070312,830.2899780273438,805.010009765625,822.0800170898438,813.1384887695312,2598500,0.0,0.0
2024-08-05 00:00:00-04:00,798.0,810.8200073242188,793.0,801.8300170898438,793.1088256835938,2820900,0.0,0.0
2024-08-06 00:00:00-04:00,805.0599975585938,833.0900268554688,805.0599975585938,816.8800048828125,807.9949951171875,2476300,0.0,0.0
2024-08-07 00:00:00-04:00,824.1099853515625,833.8300170898438,809.260009765625,810.2999877929688,801.486572265625,1702000,0.0,0.0
2024-08-08 00:00:00-04:00,821.5,842.760009765625,820.4500122070312,839.4299926757812,830.2998046875,2345000,0.0,0.0
2024-08-09 00:00:00-04:00,838.5,857.77001953125,837.6300048828125,854.9299926757812,845.6311645507812,1710600,0.0,0.0
2024-08-12 00:00:00-04:00,857.25,870.25,852.4000244140625,863.5700073242188,854.1771850585938,1748200,0.0,0.0
2024-08-13 00:00:00-04:00,864.9199829101562,868.0499877929688,856.1599731445312,864.8200073242188,855.41357421875,1484100,0.0,0.0
2024-08-14 00:00:00-04:00,864.8699951171875,866.72998046875,858.5,862.7100219726562,853.32666015625,1341500,0.0,0.0
2024-08-15 00:00:00-04:00,872.8699951171875,880.3300170898438,869.0,877.3499755859375,867.807373046875,1923800,0.0,0.0
2024-08-16 00:00:00-04:00,877.3499755859375,877.3499755859375,868.6199951171875,870.5900268554688,861.120849609375,1516300,0.0,0.0
2024-08-19 00:00:00-04:00,870.5900268554688,873.6300048828125,868.7000122070312,872.3499755859375,862.8617553710938,1318400,0.0,0.0
2024-08-20 00:00:00-04:00,872.0,876.760009765625,871.1699829101562,876.2000122070312,866.6697998046875,1104600,0.0,0.0
2024-08-21 00:00:00-04:00,880.739990234375,891.1199951171875,877.219970703125,881.4199829101562,871.8330688476562,1465500,0.0,0.0
2024-08-22 00:00:00-04:00,882.2999877929688,884.0,873.1799926757812,877.5599975585938,868.0150756835938,1440900,0.0,0.0
2024-08-23 00:00:00-04:00,882.489990234375,884.5599975585938,871.6699829101562,879.2100219726562,869.6471557617188,1305800,0.0,0.0
2024-08-26 00:00:00-04:00,883.1699829101562,893.25,881.4400024414062,892.510009765625,882.8024291992188,1737000,0.0,0.0
2024-08-27 00:00:00-04:00,892.6900024414062,918.9299926757812,887.0700073242188,908.9000244140625,899.0140991210938,2098900,0.0,0.0
2024-08-28 00:00:00-04:00,910.9600219726562,912.219970703125,881.6599731445312,888.0499877929688,878.3909301757812,1668400,0.0,0.0
2024-08-29 00:00:00-04:00,891.0,900.4600219726562,885.1699829101562,886.6300048828125,876.9863891601562,1709900,0.0,0.0
2024-08-30 00:00:00-04:00,890.5,896.3300170898438,883.0999755859375,892.3800048828125,882.673828125,1933500,0.0,0.0
2024-09-03 00:00:00-04:00,896.6799926757812,896.8900146484375,874.4400024414062,878.5700073242188,869.0140380859375,1784200,0.0,0.0
2024-09-04 00:00:00-04:00,877.4500122070312,891.760009765625,876.5900268554688,890.02001953125,880.3395385742188,1425200,0.0,0.0
2024-09-05 00:00:00-04:00,888.6300048828125,888.6300048828125,868.7000122070312,885.97998046875,876.3434448242188,1998800,0.0,0.0
2024-09-06 00:00:00-04:00,891.260009765625,893.2000122070312,871.0,876.6799926757812,867.1446533203125,2074600,0.0,0.0
2024-09-09 00:00:00-04:00,884.739990234375,898.8300170898438,881.7000122070312,896.489990234375,886.739013671875,1954000,0.0,0.0
2024-09-10 00:00:00-04:00,892.5999755859375,900.6900024414062,887.52001953125,894.2899780273438,884.56298828125,1360800,0.0,0.0
2024-09-11 00:00:00-04:00,895.0,902.0,877.8699951171875,900.4000244140625,890.6065673828125,1796100,0.0,0.0
2024-09-12 00:00:00-04:00,900.4199829101562,915.7000122070312,896.510009765625,915.030029296875,905.0775756835938,1867300,0.0,0.0
2024-09-13 00:00:00-04:00,913.6300048828125,923.8300170898438,909.3599853515625,916.0,906.0369873046875,1327500,0.0,0.0
2024-09-16 00:00:00-04:00,922.0,922.6300048828125,905.3499755859375,907.8699951171875,897.995361328125,1661000,0.0,0.0
2024-09-17 00:00:00-04:00,908.4299926757812,908.5999755859375,895.4500122070312,897.27001953125,887.5106201171875,1387000,0.0,0.0
2024-09-18 00:00:00-04:00,899.9400024414062,904.97998046875,890.9500122070312,892.52001953125,882.8123779296875,1338200,0.0,0.0
2024-09-19 00:00:00-04:00,904.260009765625,905.1300048828125,895.5,900.739990234375,890.9429321289062,1747500,0.0,0.0
2024-09-20 00:00:00-04:00,901.5700073242188,907.8099975585938,895.7000122070312,906.97998046875,897.1150512695312,4658200,0.0,0.0
2024-09-23 00:00:00-04:00,906.97998046875,919.5,900.780029296875,917.0800170898438,907.1051635742188,1697600,0.0,0.0
2024-09-24 00:00:00-04:00,912.010009765625,912.77001953125,897.530029296875,901.5399780273438,891.734130859375,2432600,0.0,0.0
2024-09-25 00:00:00-04:00,903.0,910.3599853515625,901.1300048828125,908.4199829101562,898.5394287109375,1728100,0.0,0.0
2024-09-26 00:00:00-04:00,905.2999877929688,909.239990234375,898.1300048828125,901.4400024414062,891.63525390625,2738600,0.0,0.0
2024-09-27 00:00:00-04:00,893.260009765625,893.489990234375,874.0,885.6199951171875,875.9873657226562,3459100,0.0,0.0
2024-09-30 00:00:00-04:00,891.3699951171875,910.0,881.4099731445312,886.52001953125,876.8776245117188,2142900,0.0,0.0
2024-10-01 00:00:00-04:00,885.25,886.989990234375,872.75,877.3800048828125,867.8369750976562,1836700,0.0,0.0
2024-10-02 00:00:00-04:00,874.6500244140625,881.22998046875,867.1599731445312,878.530029296875,868.9744873046875,1317100,0.0,0.0
2024-10-03 00:00:00-04:00,874.4400024414062,881.1799926757812,872.6699829101562,875.6699829101562,866.1456298828125,1451900,0.0,0.0
2024-10-04 00:00:00-04:00,877.989990234375,884.2899780273438,875.6699829101562,883.1099853515625,873.5045776367188,1516400,0.0,0.0
2024-10-07 00:00:00-04:00,881.5999755859375,887.7100219726562,872.3300170898438,873.5900268554688,864.0882568359375,1963200,0.0,0.0
2024-10-08 00:00:00-04:00,876.7000122070312,891.3099975585938,876.7000122070312,890.4199829101562,880.735107421875,1697900,0.0,0.0
2024-10-09 00:00:00-04:00,892.239990234375,910.0,887.8699951171875,909.0999755859375,899.2119750976562,1956500,0.0,0.0
2024-10-10 00:00:00-04:00,910.0,910.0,891.8400268554688,893.6300048828125,883.9102172851562,1765800,0.0,0.0
2024-10-11 00:00:00-04:00,894.5,894.5,885.5,889.030029296875,879.3602294921875,1527300,0.0,0.0
2024-10-14 00:00:00-04:00,892.4500122070312,895.1699829101562,886.260009765625,889.760009765625,880.0823974609375,1431500,0.0,0.0
2024-10-15 00:00:00-04:00,892.0900268554688,900.6500244140625,889.5499877929688,894.6099853515625,884.879638671875,1613900,0.0,0.0
2024-10-16 00:00:00-04:00,889.9199829101562,891.3300170898438,879.5,887.3800048828125,877.7282104492188,1475500,0.0,0.0
2024-10-17 00:00:00-04:00,891.5599975585938,895.3300170898438,882.7999877929688,885.2899780273438,875.6610107421875,1321500,0.0,0.0
2024-10-18 00:00:00-04:00,885.760009765625,890.6099853515625,883.75,889.5599975585938,879.884521484375,1654000,0.0,0.0
2024-10-21 00:00:00-04:00,889.0,891.4000244140625,883.7000122070312,886.77001953125,877.1249389648438,1184900,0.0,0.0
2024-10-22 00:00:00-04:00,890.97998046875,894.8900146484375,884.3099975585938,893.489990234375,883.7716674804688,1189700,0.0,0.0
2024-10-23 00:00:00-04:00,896.02001953125,905.6799926757812,894.989990234375,899.1699829101562,889.3900146484375,2193500,0.0,0.0
2024-10-24 00:00:00-04:00,901.5,903.5,888.260009765625,893.4199829101562,883.7025146484375,1649600,0.0,0.0
2024-10-25 00:00:00-04:00,895.6500244140625,901.6199951171875,890.0,891.219970703125,881.5264892578125,1425800,0.0,0.0
2024-10-28 00:00:00-04:00,895.989990234375,895.989990234375,890.0,890.9600219726562,881.269287109375,912500,0.0,0.0
2024-10-29 00:00:00-04:00,890.0,891.1699829101562,874.0900268554688,886.989990234375,877.3424682617188,1361700,0.0,0.0
2024-10-30 00:00:00-04:00,886.3800048828125,886.5700073242188,877.3699951171875,879.0900268554688,869.5283813476562,1412200,0.0,0.0
2024-10-31 00:00:00-04:00,877.2000122070312,877.6500244140625,868.6500244140625,874.1799926757812,864.6717529296875,1771900,0.0,0.0
2024-11-01 00:00:00-04:00,874.27001953125,879.4099731445312,867.3400268554688,877.3099975585938,868.9207763671875,1625200,1.16,0.0
2024-11-04 00:00:00-05:00,881.3400268554688,887.0,876.72998046875,886.0700073242188,877.5969848632812,1576700,0.0,0.0
2024-11-05 00:00:00-05:00,888.0,895.5800170898438,886.7999877929688,890.1699829101562,881.657958984375,1622300,0.0,0.0
2024-11-06 00:00:00-05:00,898.280029296875,899.9000244140625,886.280029296875,899.25,890.6510009765625,2437400,0.0,0.0
2024-11-07 00:00:00-05:00,898.6199951171875,919.47998046875,894.3699951171875,913.9299926757812,905.190673828125,2145500,0.0,0.0
2024-11-08 00:00:00-05:00,914.0,962.0,913.75,943.7999877929688,934.7750244140625,3277100,0.0,0.0
2024-11-11 00:00:00-05:00,943.7999877929688,951.280029296875,931.4400024414062,932.8800048828125,923.9593505859375,2181800,0.0,0.0
2024-11-12 00:00:00-05:00,935.9500122070312,939.5599975585938,927.0,932.3800048828125,923.4642333984375,1691400,0.0,0.0
2024-11-13 00:00:00-05:00,930.0,937.5900268554688,923.2000122070312,933.72998046875,924.8012084960938,1757600,0.0,0.0
2024-11-14 00:00:00-05:00,927.0,931.1500244140625,922.1699829101562,923.8900146484375,915.055419921875,1859900,0.0,0.0
2024-11-15 00:00:00-05:00,917.739990234375,920.5499877929688,905.5599975585938,907.0700073242188,898.3961791992188,2269900,0.0,0.0
2024-11-18 00:00:00-05:00,910.6400146484375,925.9400024414062,907.1099853515625,919.510009765625,910.71728515625,1797300,0.0,0.0
2024-11-19 00:00:00-05:00,928.0,934.0,916.3599853515625,930.1500244140625,921.2554931640625,1690500,0.0,0.0
2024-11-20 00:00:00-05:00,925.0800170898438,928.7999877929688,916.5,928.0800170898438,919.205322265625,1452100,0.0,0.0
2024-11-21 00:00:00-05:00,935.0,958.489990234375,930.0,955.6500244140625,946.51171875,2320500,0.0,0.0
2024-11-22 00:00:00-05:00,962.739990234375,976.2999877929688,958.52001953125,964.010009765625,954.7918090820312,2078700,0.0,0.0
2024-11-25 00:00:00-05:00,975.0,975.0,949.6900024414062,960.8900146484375,951.70166015625,3240900,0.0,0.0
2024-11-26 00:00:00-05:00,964.0,974.3699951171875,960.8900146484375,971.5,962.2100830078125,1438000,0.0,0.0
2024-11-27 00:00:00-05:00,971.4600219726562,972.2899780273438,958.5900268554688,961.5499877929688,952.3552856445312,1499500,0.0,0.0
2024-11-29 00:00:00-05:00,968.0900268554688,973.27001953125,962.469970703125,971.8800048828125,962.58642578125,1095900,0.0,0.0
2024-12-02 00:00:00-05:00,971.3599853515625,976.5,964.760009765625,975.0,965.6766357421875,1955800,0.0,0.0
2024-12-03 00:00:00-05:00,974.6900024414062,983.0,970.760009765625,982.1500244140625,972.7583618164062,1653900,0.0,0.0
2024-12-04 00:00:00-05:00,982.0,991.1500244140625,977.5499877929688,990.9199829101562,981.4443969726562,1784700,0.0,0.0
2024-12-05 00:00:00-05:00,986.6599731445312,990.1300048828125,978.2000122070312,982.260009765625,972.8672485351562,2089400,0.0,0.0
2024-12-06 00:00:00-05:00,982.260009765625,997.7100219726562,982.260009765625,992.6099853515625,983.1182250976562,1737300,0.0,0.0
2024-12-09 00:00:00-05:00,997.010009765625,997.010009765625,980.5,987.8599853515625,978.4136352539062,1855500,0.0,0.0
2024-12-10 00:00:00-05:00,989.72998046875,994.989990234375,985.8800048828125,993.4000244140625,983.9008178710938,1556800,0.0,0.0
2024-12-11 00:00:00-05:00,995.0,1007.7999877929688,993.5900268554688,994.6900024414062,985.1783447265625,1903600,0.0,0.0
2024-12-12 00:00:00-05:00,1001.6799926757812,1002.469970703125,987.2100219726562,988.3900146484375,978.9385986328125,2344300,0.0,0.0
2024-12-13 00:00:00-05:00,981.0,1006.6799926757812,965.72998046875,989.3499755859375,979.8893432617188,2951900,0.0,0.0
2024-12-16 00:00:00-05:00,989.0499877929688,1008.25,986.3699951171875,992.8699951171875,983.3757934570312,2581300,0.0,0.0
2024-12-17 00:00:00-05:00,994.0,996.9199829101562,980.760009765625,982.0800170898438,972.68896484375,2050200,0.0,0.0
2024-12-18 00:00:00-05:00,982.0,985.5999755859375,964.0,964.739990234375,955.5147705078125,2725300,0.0,0.0
2024-12-19 00:00:00-05:00,974.510009765625,974.6400146484375,953.510009765625,954.7999877929688,945.6697998046875,2610800,0.0,0.0
2024-12-20 00:00:00-05:00,949.3900146484375,961.9400024414062,943.0499877929688,954.0700073242188,944.9467163085938,5373800,0.0,0.0
2024-12-23 00:00:00-05:00,953.8800048828125,954.260009765625,937.0,949.9099731445312,940.8264770507812,1856800,0.0,0.0
2024-12-24 00:00:00-05:00,950.739990234375,959.3800048828125,945.4500122070312,958.8200073242188,949.6514282226562,939000,0.0,0.0
2024-12-26 00:00:00-05:00,956.8200073242188,959.4099731445312,954.0,956.1400146484375,946.9968872070312,969000,0.0,0.0
2024-12-27 00:00:00-05:00,948.719970703125,950.4500122070312,932.0,939.7000122070312,930.7142333984375,1943400,0.0,0.0
2024-12-30 00:00:00-05:00,931.0,934.1699829101562,915.5,922.2100219726562,913.3914184570312,1881200,0.0,0.0
2024-12-31 00:00:00-05:00,923.6500244140625,924.739990234375,912.5399780273438,916.27001953125,907.50830078125,1742900,0.0,0.0
2025-01-02 00:00:00-05:00,915.0,925.77001953125,902.0,909.8099975585938,901.1099853515625,1765100,0.0,0.0
2025-01-03 00:00:00-05:00,914.3300170898438,924.2100219726562,911.0,916.5800170898438,907.8152465820312,1612200,0.0,0.0
2025-01-06 00:00:00-05:00,917.97998046875,927.4099731445312,913.27001953125,922.7100219726562,913.8866577148438,1970400,0.0,0.0
2025-01-07 00:00:00-05:00,923.8400268554688,931.3099975585938,916.4299926757812,921.3699951171875,912.5593872070312,1888000,0.0,0.0
2025-01-08 00:00:00-05:00,922.97998046875,930.5,915.4199829101562,927.3699951171875,918.5020751953125,1774800,0.0,0.0
2025-01-10 00:00:00-05:00,933.3599853515625,944.280029296875,923.5,936.9400024414062,927.9805908203125,2765800,0.0,0.0
2025-01-13 00:00:00-05:00,934.0,934.989990234375,921.0,924.7000122070312,915.857666015625,1693800,0.0,0.0
2025-01-14 00:00:00-05:00,924.2999877929688,927.760009765625,909.9199829101562,917.22998046875,908.4590454101562,1683800,0.0,0.0
2025-01-15 00:00:00-05:00,927.260009765625,932.8699951171875,918.2999877929688,923.5,914.6691284179688,1839400,0.0,0.0
2025-01-16 00:00:00-05:00,924.72998046875,927.4000244140625,917.8200073242188,919.75,910.9548950195312,1353000,0.0,0.0
2025-01-17 00:00:00-05:00,930.0,943.7999877929688,924.5700073242188,943.1900024414062,934.1708374023438,2375000,0.0,0.0
2025-01-21 00:00:00-05:00,945.25,956.5499877929688,943.5,947.72998046875,938.66748046875,2042400,0.0,0.0
2025-01-22 00:00:00-05:00,951.22998046875,951.9400024414062,939.239990234375,944.7000122070312,935.6663818359375,2155000,0.0,0.0
2025-01-23 00:00:00-05:00,941.6900024414062,943.3900146484375,936.489990234375,942.1599731445312,933.150634765625,1352400,0.0,0.0
2025-01-24 00:00:00-05:00,942.1599731445312,946.0399780273438,933.5599975585938,939.6799926757812,930.6943359375,1562400,0.0,0.0
2025-01-27 00:00:00-05:00,930.0,966.989990234375,927.1799926757812,965.25,956.0198974609375,3044700,0.0,0.0
2025-01-28 00:00:00-05:00,961.8300170898438,965.7100219726562,954.0700073242188,958.6699829101562,949.5028686523438,2166400,0.0,0.0
2025-01-29 00:00:00-05:00,957.7999877929688,968.260009765625,955.0,964.02001953125,954.8017578125,1713700,0.0,0.0
2025-01-30 00:00:00-05:00,970.2999877929688,986.75,970.0999755859375,979.010009765625,969.6483154296875,1788200,0.0,0.0
2025-01-31 00:00:00-05:00,976.239990234375,991.0,975.780029296875,979.8800048828125,970.510009765625,1873800,0.0,0.0
2025-02-03 00:00:00-05:00,972.3900146484375,1009.6099853515625,968.9400024414062,1005.8300170898438,996.2119140625,2751000,0.0,0.0
2025-02-04 00:00:00-05:00,1005.4000244140625,1024.3499755859375,999.6500244140625,1021.8599853515625,1012.0885009765625,2001600,0.0,0.0
2025-02-05 00:00:00-05:00,1020.0,1043.0899658203125,1020.0,1042.8800048828125,1032.9075927734375,2047600,0.0,0.0
2025-02-06 00:00:00-05:00,1050.0,1063.0,1044.199951171875,1050.989990234375,1040.9400634765625,2218000,0.0,0.0
2025-02-07 00:00:00-05:00,1047.0,1056.7099609375,1035.510009765625,1043.81005859375,1034.9710693359375,1632900,1.16,0.0
2025-02-10 00:00:00-05:00,1052.0,1063.0,1046.0,1061.9200439453125,1052.927734375,2036900,0.0,0.0
2025-02-11 00:00:00-05:00,1059.9100341796875,1066.0,1049.0400390625,1058.3399658203125,1049.3778076171875,1748500,0.0,0.0
2025-02-12 00:00:00-05:00,1054.1500244140625,1067.0,1051.0,1065.1199951171875,1056.1004638671875,1662300,0.0,0.0
2025-02-13 00:00:00-05:00,1067.010009765625,1078.22998046875,1064.6500244140625,1076.8599853515625,1067.740966796875,1623300,0.0,0.0
2025-02-14 00:00:00-05:00,1076.47998046875,1077.489990234375,1068.010009765625,1071.8499755859375,1062.7734375,1410700,0.0,0.0
2025-02-18 00:00:00-05:00,1069.2099609375,1071.0,1045.239990234375,1056.030029296875,1047.08740234375,2090600,0.0,0.0
2025-02-19 00:00:00-05:00,1056.06005859375,1063.1800537109375,1053.0,1062.5400390625,1053.5423583984375,1349600,0.0,0.0
2025-02-20 00:00:00-05:00,1053.6400146484375,1053.6400146484375,1033.8499755859375,1034.8299560546875,1026.0670166015625,2000500,0.0,0.0
2025-02-21 00:00:00-05:00,1034.6099853515625,1036.2099609375,1024.6800537109375,1035.030029296875,1026.2652587890625,1816300,0.0,0.0
2025-02-24 00:00:00-05:00,1028.5400390625,1038.18994140625,1025.219970703125,1035.5999755859375,1026.8304443359375,1759700,0.0,0.0
2025-02-25 00:00:00-05:00,1040.72998046875,1057.02001953125,1037.4599609375,1055.6600341796875,1046.7208251953125,2083800,0.0,0.0
2025-02-26 00:00:00-05:00,1050.1400146484375,1058.8900146484375,1030.1800537109375,1031.969970703125,1023.2312622070312,1555700,0.0,0.0
2025-02-27 00:00:00-05:00,1034.0,1042.530029296875,1018.8300170898438,1021.7100219726562,1013.0581665039062,1629100,0.0,0.0
2025-02-28 00:00:00-05:00,1030.6099853515625,1049.3800048828125,1023.989990234375,1048.6099853515625,1039.7303466796875,3307100,0.0,0.0
2025-03-03 00:00:00-05:00,1051.739990234375,1066.0,1041.1400146484375,1046.8499755859375,1037.9853515625,2422500,0.0,0.0
2025-03-04 00:00:00-05:00,1045.72998046875,1047.9300537109375,1028.72998046875,1036.8699951171875,1028.08984375,2536800,0.0,0.0
2025-03-05 00:00:00-05:00,1033.0799560546875,1050.97998046875,1028.5,1047.75,1038.87744140625,1898600,0.0,0.0
2025-03-06 00:00:00-05:00,1032.949951171875,1045.8900146484375,1019.0499877929688,1026.6199951171875,1017.9265747070312,2594600,0.0,0.0
2025-03-07 00:00:00-05:00,995.1500244140625,1002.4199829101562,942.780029296875,964.3099975585938,956.1441650390625,5510700,0.0,0.0
2025-03-10 00:00:00-04:00,955.469970703125,959.6599731445312,924.030029296875,934.4099731445312,926.4973754882812,4459900,0.0,0.0
2025-03-11 00:00:00-04:00,931.0,938.0,921.2000122070312,930.489990234375,922.6105346679688,3204900,0.0,0.0
2025-03-12 00:00:00-04:00,938.0,944.3800048828125,923.25,927.0800170898438,919.2294311523438,2331600,0.0,0.0
2025-03-13 00:00:00-04:00,922.0,923.5,887.469970703125,890.6199951171875,883.078125,3447200,0.0,0.0
2025-03-14 00:00:00-04:00,891.8099975585938,906.9500122070312,881.5599975585938,903.9199829101562,896.265625,3186400,0.0,0.0
2025-03-17 00:00:00-04:00,901.6300048828125,923.3900146484375,898.0,916.6099853515625,908.8480834960938,2256100,0.0,0.0
2025-03-18 00:00:00-04:00,913.0,917.5599975585938,896.8400268554688,898.0499877929688,890.4452514648438,2182000,0.0,0.0
2025-03-19 00:00:00-04:00,902.8599853515625,910.1599731445312,896.0,904.0499877929688,896.3944091796875,1908500,0.0,0.0
2025-03-20 00:00:00-04:00,901.5,907.47998046875,894.0999755859375,895.4000244140625,887.8177490234375,1891800,0.0,0.0
2025-03-21 00:00:00-04:00,888.75,909.77001953125,883.9600219726562,909.260009765625,901.560302734375,3447600,0.0,0.0
2025-03-24 00:00:00-04:00,920.0,928.6500244140625,920.0,926.0399780273438,918.1981811523438,2208100,0.0,0.0
2025-03-25 00:00:00-04:00,926.6300048828125,932.2899780273438,922.489990234375,930.260009765625,922.3825073242188,1623000,0.0,0.0
2025-03-26 00:00:00-04:00,934.3300170898438,939.4199829101562,923.4500122070312,929.75,921.8768310546875,1644700,0.0,0.0
2025-03-27 00:00:00-04:00,929.5599975585938,942.9000244140625,928.0,938.75,930.8005981445312,1547000,0.0,0.0
2025-03-28 00:00:00-04:00,937.5,938.75,926.0,929.6599731445312,921.78759765625,2100500,0.0,0.0
2025-03-31 00:00:00-04:00,922.3599853515625,995.0,922.0399780273438,945.780029296875,937.7711181640625,3102000,0.0,0.0
2025-04-01 00:00:00-04:00,942.4199829101562,957.719970703125,938.75,954.4000244140625,946.3180541992188,2041500,0.0,0.0
2025-04-02 00:00:00-04:00,950.8400268554688,970.8900146484375,950.0,965.0800170898438,956.9076538085938,1719900,0.0,0.0
2025-04-03 00:00:00-04:00,931.0800170898438,981.3499755859375,928.0,967.0800170898438,958.8906860351562,3096900,0.0,0.0
2025-04-04 00:00:00-04:00,955.0,964.52001953125,914.1400146484375,916.47998046875,908.7191772460938,5167000,0.0,0.0
2025-04-07 00:00:00-04:00,887.75,937.8200073242188,871.7100219726562,908.1300048828125,900.4398193359375,4626600,0.0,0.0
2025-04-08 00:00:00-04:00,932.0499877929688,942.989990234375,899.5700073242188,908.75,901.0546264648438,3545400,0.0,0.0
2025-04-09 00:00:00-04:00,908.0,967.4600219726562,897.6699829101562,965.1900024414062,957.0167236328125,5084500,0.0,0.0
2025-04-10 00:00:00-04:00,966.5,993.4099731445312,942.8900146484375,964.3099975585938,956.1441650390625,4209100,0.0,0.0
2025-04-11 00:00:00-04:00,963.9600219726562,970.2100219726562,943.1599731445312,963.4099731445312,955.251708984375,2721800,0.0,0.0
2025-04-14 00:00:00-04:00,970.0,987.1300048828125,965.0,979.3200073242188,971.0269775390625,2219900,0.0,0.0
2025-04-15 00:00:00-04:00,985.3499755859375,994.0,974.25,976.9199829101562,968.6473999023438,1788200,0.0,0.0
2025-04-16 00:00:00-04:00,972.1300048828125,978.6500244140625,959.239990234375,967.75,959.5549926757812,2531700,0.0,0.0
2025-04-17 00:00:00-04:00,973.280029296875,999.9199829101562,971.989990234375,994.5,986.0785522460938,2711100,0.0,0.0
2025-04-21 00:00:00-04:00,993.0,996.989990234375,942.969970703125,957.77001953125,949.6596069335938,2841300,0.0,0.0
2025-04-22 00:00:00-04:00,969.75,987.4500122070312,966.780029296875,979.22998046875,970.9378662109375,2230600,0.0,0.0
2025-04-23 00:00:00-04:00,994.52001953125,995.75,969.0,975.8400268554688,967.57666015625,2109700,0.0,0.0
2025-04-24 00:00:00-04:00,973.5999755859375,978.0,960.7100219726562,975.47998046875,967.2195434570312,2468500,0.0,0.0
2025-04-25 00:00:00-04:00,973.969970703125,978.3200073242188,962.8800048828125,977.1599731445312,968.88525390625,1780900,0.0,0.0
2025-04-28 00:00:00-04:00,978.5,985.2999877929688,968.780029296875,978.5399780273438,970.253662109375,1616200,0.0,0.0
2025-04-29 00:00:00-04:00,978.0,993.2100219726562,971.0599975585938,991.7000122070312,983.3023071289062,1523100,0.0,0.0
2025-04-30 00:00:00-04:00,990.0,997.760009765625,976.5499877929688,994.5,986.0785522460938,2212400,0.0,0.0
2025-05-01 00:00:00-04:00,990.0999755859375,1006.3800048828125,985.0,999.0399780273438,990.5800170898438,1829900,0.0,0.0
2025-05-02 00:00:00-04:00,1007.8300170898438,1018.0,1004.6099853515625,1008.2999877929688,1001.0642700195312,1547400,1.3,0.0
2025-05-05 00:00:00-04:00,1007.510009765625,1017.780029296875,1002.5,1014.8900146484375,1007.6069946289062,1952600,0.0,0.0
2025-05-06 00:00:00-04:00,1008.4500122070312,1016.22998046875,1003.510009765625,1010.5,1003.2484130859375,1381200,0.0,0.0
2025-05-07 00:00:00-04:00,1011.1799926757812,1014.0999755859375,1001.469970703125,1007.1500244140625,999.9225463867188,1316000,0.0,0.0
2025-05-08 00:00:00-04:00,1013.5,1017.0,991.4000244140625,1007.7100219726562,1000.4784545898438,1882600,0.0,0.0
2025-05-09 00:00:00-04:00,1004.6099853515625,1010.7100219726562,998.0499877929688,1008.0900268554688,1000.8558349609375,1176700,0.0,0.0
2025-05-12 00:00:00-04:00,1009.7899780273438,1016.9099731445312,992.239990234375,1016.1500244140625,1008.8580322265625,2069000,0.0,0.0
2025-05-13 00:00:00-04:00,1013.719970703125,1023.8300170898438,987.5999755859375,999.030029296875,991.86083984375,2917000,0.0,0.0
2025-05-14 00:00:00-04:00,998.760009765625,999.8599853515625,990.52001953125,991.5399780273438,984.424560546875,2215000,0.0,0.0
2025-05-15 00:00:00-04:00,992.6500244140625,1014.0,983.0,1010.469970703125,1003.2186889648438,2470700,0.0,0.0
2025-05-16 00:00:00-04:00,1012.489990234375,1028.260009765625,1009.0,1025.8299560546875,1018.4684448242188,2033700,0.0,0.0
2025-05-19 00:00:00-04:00,1018.5999755859375,1034.989990234375,1012.8900146484375,1034.3399658203125,1026.9173583984375,1879800,0.0,0.0
2025-05-20 00:00:00-04:00,1030.010009765625,1038.0,1030.010009765625,1036.8199462890625,1029.3795166015625,2271200,0.0,0.0
2025-05-21 00:00:00-04:00,1030.93994140625,1039.469970703125,1023.7999877929688,1025.300048828125,1017.9423217773438,1438900,0.0,0.0
2025-05-22 00:00:00-04:00,1027.719970703125,1028.780029296875,1014.1199951171875,1018.1300048828125,1010.82373046875,1660900,0.0,0.0
2025-05-23 00:00:00-04:00,1012.0,1015.1099853515625,1007.0,1008.5,1001.2628173828125,1413900,0.0,0.0
2025-05-27 00:00:00-04:00,1015.0,1018.9500122070312,1010.9299926757812,1017.7899780273438,1010.4861450195312,1868200,0.0,0.0
2025-05-28 00:00:00-04:00,1017.0499877929688,1024.6199951171875,1012.9600219726562,1013.1400146484375,1005.8695678710938,1674700,0.0,0.0
2025-05-29 00:00:00-04:00,1016.010009765625,1017.5399780273438,1003.5999755859375,1008.739990234375,1001.5010986328125,2016700,0.0,0.0
2025-05-30 00:00:00-04:00,1002.2999877929688,1052.489990234375,1002.0,1040.1800537109375,1032.71533203125,5403800,0.0,0.0
2025-06-02 00:00:00-04:00,1034.27001953125,1060.5,1034.27001953125,1056.8499755859375,1049.2657470703125,2148000,0.0,0.0
2025-06-03 00:00:00-04:00,1054.1500244140625,1067.0799560546875,1043.260009765625,1055.5899658203125,1048.0147705078125,1992900,0.0,0.0
2025-06-04 00:00:00-04:00,1055.0,1057.8299560546875,1049.3699951171875,1051.68994140625,1044.142822265625,1422100,0.0,0.0
2025-06-05 00:00:00-04:00,1050.0,1051.050048828125,1006.010009765625,1010.8099975585938,1003.5562133789062,3289400,0.0,0.0
2025-06-06 00:00:00-04:00,1020.6300048828125,1020.6300048828125,1008.6099853515625,1014.9400024414062,1007.6566162109375,1855400,0.0,0.0
2025-06-09 00:00:00-04:00,1012.4199829101562,1013.3499755859375,996.969970703125,1006.1799926757812,998.9595336914062,1696700,0.0,0.0
2025-06-10 00:00:00-04:00,1006.9299926757812,1011.510009765625,997.719970703125,1007.27001953125,1000.0416259765625,2255000,0.0,0.0
2025-06-11 00:00:00-04:00,1002.4400024414062,1005.4400024414062,993.3800048828125,996.780029296875,989.6270141601562,2459800,0.0,0.0
2025-06-12 00:00:00-04:00,999.0,1003.25,995.3599853515625,1002.7100219726562,995.5144653320312,1720100,0.0,0.0
2025-06-13 00:00:00-04:00,999.0800170898438,1003.5900268554688,988.6699829101562,990.2100219726562,983.1040649414062,1786000,0.0,0.0
2025-06-16 00:00:00-04:00,992.3300170898438,1001.8499755859375,981.4400024414062,984.3599853515625,977.2960205078125,2109300,0.0,0.0
2025-06-17 00:00:00-04:00,983.0,986.0999755859375,976.2000122070312,977.719970703125,970.7036743164062,1668200,0.0,0.0
2025-06-18 00:00:00-04:00,980.0,982.6500244140625,974.0700073242188,974.9000244140625,967.9039306640625,1509600,0.0,0.0
2025-06-20 00:00:00-04:00,983.989990234375,988.6599731445312,973.9000244140625,980.2899780273438,973.2553100585938,3255700,0.0,0.0
2025-06-23 00:00:00-04:00,983.1500244140625,1004.8699951171875,981.260009765625,1004.47998046875,997.2716674804688,2082900,0.0,0.0
2025-06-24 00:00:00-04:00,1005.8400268554688,1005.8400268554688,992.0700073242188,1001.9199829101562,994.72998046875,2385100,0.0,0.0
2025-06-25 00:00:00-04:00,1003.0,1004.97998046875,986.0,986.5399780273438,979.46044921875,1827700,0.0,0.0
2025-06-26 00:00:00-04:00,987.72998046875,987.72998046875,976.5,982.9099731445312,975.8564453125,2262800,0.0,0.0
2025-06-27 00:00:00-04:00,982.239990234375,993.1400146484375,980.2999877929688,985.1400146484375,978.0704956054688,2129200,0.0,0.0
2025-06-30 00:00:00-04:00,985.1599731445312,991.739990234375,979.75,989.9400024414062,982.8359375,2127600,0.0,0.0
2025-07-01 00:00:00-04:00,990.0,996.8400268554688,974.5,985.9600219726562,978.8845825195312,2200600,0.0,0.0
2025-07-02 00:00:00-04:00,983.8699951171875,985.7000122070312,976.8699951171875,982.3599853515625,975.3104248046875,1606100,0.0,0.0
2025-07-03 00:00:00-04:00,982.4099731445312,987.6699829101562,977.3300170898438,987.02001953125,979.9369506835938,1101400,0.0,0.0
2025-07-07 00:00:00-04:00,985.0,992.8900146484375,976.2000122070312,992.1799926757812,985.0598754882812,1832600,0.0,0.0
2025-07-08 00:00:00-04:00,989.5,995.8699951171875,983.9299926757812,985.8400268554688,978.7654418945312,1716200,0.0,0.0
2025-07-09 00:00:00-04:00,988.3900146484375,988.3900146484375,972.280029296875,982.0900268554688,975.0424194335938,2922600,0.0,0.0
2025-07-10 00:00:00-04:00,987.0,988.0,969.0700073242188,970.1699829101562,963.2078857421875,2897000,0.0,0.0
2025-07-11 00:00:00-04:00,973.2899780273438,978.97998046875,965.7000122070312,970.3300170898438,963.3668212890625,1942000,0.0,0.0
2025-07-14 00:00:00-04:00,971.0999755859375,981.489990234375,969.6199951171875,980.9099731445312,973.870849609375,1679300,0.0,0.0
2025-07-15 00:00:00-04:00,979.25,980.25,966.6599731445312,967.6799926757812,960.73583984375,1878000,0.0,0.0
2025-07-16 00:00:00-04:00,967.989990234375,969.5900268554688,950.1300048828125,951.3699951171875,944.5427856445312,2950300,0.0,0.0
2025-07-17 00:00:00-04:00,950.3599853515625,954.75,947.510009765625,953.9099731445312,947.0645751953125,2280600,0.0,0.0
2025-07-18 00:00:00-04:00,959.9500122070312,960.260009765625,949.6500244140625,950.9500122070312,944.1258544921875,2115500,0.0,0.0
2025-07-21 00:00:00-04:00,951.510009765625,955.760009765625,946.5999755859375,947.5599975585938,940.7601318359375,1742400,0.0,0.0
2025-07-22 00:00:00-04:00,948.7999877929688,957.7000122070312,941.25,941.6099853515625,934.8529052734375,1799900,0.0,0.0
2025-07-23 00:00:00-04:00,942.3800048828125,948.5,936.0,941.1900024414062,934.4358520507812,2401600,0.0,0.0
2025-07-24 00:00:00-04:00,941.3300170898438,942.9000244140625,933.489990234375,933.7999877929688,927.0989379882812,2057100,0.0,0.0
2025-07-25 00:00:00-04:00,936.2999877929688,941.2899780273438,934.3499755859375,935.47998046875,928.7667846679688,1827700,0.0,0.0
2025-07-28 00:00:00-04:00,935.5,940.239990234375,930.8900146484375,933.989990234375,927.2875366210938,2006300,0.0,0.0
2025-07-29 00:00:00-04:00,933.989990234375,941.7899780273438,927.3800048828125,934.5700073242188,927.8634033203125,2065900,0.0,0.0
2025-07-30 00:00:00-04:00,935.0,937.75,925.1400146484375,927.510009765625,920.85400390625,1699600,0.0,0.0
2025-07-31 00:00:00-04:00,925.3599853515625,945.9500122070312,925.0,939.6400146484375,932.89697265625,2564400,0.0,0.0
2025-08-01 00:00:00-04:00,939.5,956.719970703125,939.5,952.52001953125,946.9947509765625,2934500,1.3,0.0
2025-08-04 00:00:00-04:00,952.5999755859375,960.1799926757812,948.6599731445312,955.3699951171875,949.8281860351562,2389900,0.0,0.0
2025-08-05 00:00:00-04:00,951.3300170898438,951.5,935.6799926757812,943.6300048828125,938.15625,2462300,0.0,0.0
2025-08-06 00:00:00-04:00,943.6300048828125,970.5499877929688,942.6599731445312,968.5599975585938,962.941650390625,2753000,0.0,0.0
2025-08-07 00:00:00-04:00,974.6799926757812,982.0,970.9600219726562,977.4500122070312,971.7801513671875,1893300,0.0,0.0
2025-08-08 00:00:00-04:00,977.1500244140625,988.2000122070312,977.0,980.97998046875,975.2896118164062,2189700,0.0,0.0
2025-08-11 00:00:00-04:00,983.1599731445312,989.5800170898438,976.3200073242188,988.739990234375,983.0045166015625,2290100,0.0,0.0
2025-08-12 00:00:00-04:00,988.5,991.75,980.0499877929688,991.25,985.5,1588500,0.0,0.0
2025-08-13 00:00:00-04:00,983.9600219726562,986.4000244140625,970.0999755859375,978.8499755859375,973.171875,2352600,0.0,0.0
2025-08-14 00:00:00-04:00,980.5999755859375,988.2899780273438,975.1799926757812,975.3900146484375,969.7319946289062,1808700,0.0,0.0
2025-08-15 00:00:00-04:00,979.1400146484375,980.0,967.219970703125,972.0399780273438,966.4014282226562,1638300,0.0,0.0
2025-08-18 00:00:00-04:00,973.2999877929688,981.280029296875,970.0,979.3499755859375,973.6690063476562,2078500,0.0,0.0
2025-08-19 00:00:00-04:00,978.6199951171875,988.530029296875,976.7899780273438,980.8499755859375,975.1603393554688,1673400,0.0,0.0
2025-08-20 00:00:00-04:00,979.0,999.2999877929688,979.0,994.5700073242188,988.80078125,2229600,0.0,0.0
2025-08-21 00:00:00-04:00,988.9000244140625,989.3200073242188,967.52001953125,969.6799926757812,964.05517578125,2145600,0.0,0.0
2025-08-22 00:00:00-04:00,971.5399780273438,973.5,953.1099853515625,958.5399780273438,952.9796752929688,3136000,0.0,0.0
2025-08-25 00:00:00-04:00,954.9600219726562,958.2999877929688,940.5599975585938,941.5800170898438,936.1182250976562,2284300,0.0,0.0
2025-08-26 00:00:00-04:00,941.3400268554688,944.0499877929688,933.25,941.3400268554688,935.8795776367188,4341300,0.0,0.0
2025-08-27 00:00:00-04:00,940.489990234375,952.0,937.219970703125,949.52001953125,944.0121459960938,1893600,0.0,0.0
2025-08-28 00:00:00-04:00,950.2899780273438,951.0,944.1300048828125,944.9600219726562,939.4786376953125,2067900,0.0,0.0
2025-08-29 00:00:00-04:00,945.0,948.6099853515625,940.4600219726562,943.3200073242188,937.8480224609375,1609000,0.0,0.0
2025-09-02 00:00:00-04:00,938.6599731445312,944.510009765625,936.5800170898438,938.8200073242188,933.3741455078125,1793900,0.0,0.0
2025-09-03 00:00:00-04:00,939.0,950.0900268554688,936.5,949.780029296875,944.2706298828125,1670500,0.0,0.0
2025-09-04 00:00:00-04:00,953.4000244140625,959.5,951.1099853515625,955.9000244140625,950.3551025390625,1471900,0.0,0.0
2025-09-05 00:00:00-04:00,958.7100219726562,969.5499877929688,956.219970703125,963.47998046875,957.8910522460938,1928500,0.0,0.0
2025-09-08 00:00:00-04:00,963.72998046875,972.3400268554688,958.5900268554688,971.8499755859375,966.2125244140625,1737000,0.0,0.0
2025-09-09 00:00:00-04:00,970.0,979.8699951171875,963.1099853515625,979.25,973.5697021484375,1496800,0.0,0.0
2025-09-10 00:00:00-04:00,976.3900146484375,981.0,953.9600219726562,956.2899780273438,950.7427368164062,2277500,0.0,0.0
2025-09-11 00:00:00-04:00,957.7999877929688,965.1599731445312,954.280029296875,964.3200073242188,958.7262573242188,1532000,0.0,0.0
2025-09-12 00:00:00-04:00,960.2899780273438,969.5700073242188,960.0,967.9000244140625,962.2855224609375,1461600,0.0,0.0
2025-09-15 00:00:00-04:00,967.8200073242188,969.739990234375,959.7100219726562,960.0999755859375,954.5307006835938,2199400,0.0,0.0
2025-09-16 00:00:00-04:00,959.0999755859375,959.5800170898438,950.7999877929688,952.0700073242188,946.5473022460938,2012600,0.0,0.0
2025-09-17 00:00:00-04:00,953.489990234375,963.97998046875,953.489990234375,963.030029296875,957.4437866210938,1556800,0.0,0.0
2025-09-18 00:00:00-04:00,957.3699951171875,962.5399780273438,950.6699829101562,952.3599853515625,946.8355712890625,1860900,0.0,0.0
2025-09-19 00:00:00-04:00,955.0,957.4400024414062,943.7899780273438,951.1599731445312,945.642578125,4606000,0.0,0.0
2025-09-22 00:00:00-04:00,947.3800048828125,950.0,939.6099853515625,943.260009765625,937.7884521484375,2794300,0.0,0.0
2025-09-23 00:00:00-04:00,942.760009765625,944.989990234375,933.5,943.5999755859375,938.12646484375,3258500,0.0,0.0
2025-09-24 00:00:00-04:00,944.280029296875,953.6599731445312,943.1099853515625,945.27001953125,939.7868041992188,2149800,0.0,0.0
2025-09-25 00:00:00-04:00,952.4500122070312,953.0,935.6199951171875,943.3099975585938,937.838134765625,2991500,0.0,0.0
2025-09-26 00:00:00-04:00,925.5499877929688,927.6300048828125,905.0499877929688,915.9500122070312,910.6368408203125,4812900,0.0,0.0
2025-09-29 00:00:00-04:00,916.3400268554688,917.219970703125,903.2899780273438,916.8699951171875,911.5514526367188,4107000,0.0,0.0
2025-09-30 00:00:00-04:00,916.25,930.510009765625,913.3699951171875,925.6300048828125,920.2606811523438,3096700,0.0,0.0
2025-10-01 00:00:00-04:00,923.0,924.0,911.1699829101562,917.3400268554688,912.018798828125,2642100,0.0,0.0
2025-10-02 00:00:00-04:00,912.5599975585938,918.510009765625,910.010009765625,916.77001953125,911.4521484375,2063800,0.0,0.0
2025-10-03 00:00:00-04:00,915.5900268554688,918.0999755859375,911.2000122070312,915.3800048828125,910.0701904296875,2319200,0.0,0.0
2025-10-06 00:00:00-04:00,915.5,915.780029296875,904.25,910.9400024414062,905.6558837890625,2504000,0.0,0.0
2025-10-07 00:00:00-04:00,908.72998046875,917.6400146484375,903.8800048828125,914.7999877929688,909.4934692382812,2601800,0.0,0.0
2025-10-08 00:00:00-04:00,912.5399780273438,916.3800048828125,910.9600219726562,914.7999877929688,909.4934692382812,2376900,0.0,0.0
2025-10-09 00:00:00-04:00,932.3099975585938,943.77001953125,927.280029296875,942.8900146484375,937.4205932617188,3742900,0.0,0.0
2025-10-10 00:00:00-04:00,944.4199829101562,945.4500122070312,929.0,930.010009765625,924.615234375,3142500,0.0,0.0
2025-10-13 00:00:00-04:00,929.0,935.97998046875,923.0,935.5599975585938,930.133056640625,2169600,0.0,0.0
2025-10-14 00:00:00-04:00,940.260009765625,947.4199829101562,935.9500122070312,946.510009765625,941.01953125,1925900,0.0,0.0
2025-10-15 00:00:00-04:00,946.0,964.0,945.260009765625,954.989990234375,949.4503173828125,2009800,0.0,0.0
2025-10-16 00:00:00-04:00,955.5399780273438,957.9000244140625,921.1599731445312,925.6199951171875,920.250732421875,2721400,0.0,0.0
2025-10-17 00:00:00-04:00,929.5800170898438,938.8200073242188,928.1500244140625,936.3300170898438,930.898681640625,2502200,0.0,0.0
2025-10-20 00:00:00-04:00,936.1900024414062,939.7999877929688,931.5,936.1099853515625,930.679931640625,1523700,0.0,0.0
2025-10-21 00:00:00-04:00,936.1099853515625,943.3699951171875,935.0,937.5,932.0618896484375,1448200,0.0,0.0
2025-10-22 00:00:00-04:00,940.0,953.0,932.5,944.6799926757812,939.2001953125,2372400,0.0,0.0
2025-10-23 00:00:00-04:00,945.469970703125,945.469970703125,934.489990234375,942.0499877929688,936.5853271484375,1974800,0.0,0.0
2025-10-24 00:00:00-04:00,940.0,943.0,930.1500244140625,932.1400146484375,926.73291015625,1639400,0.0,0.0
2025-10-27 00:00:00-04:00,930.2100219726562,933.2000122070312,925.1199951171875,929.8499755859375,924.4561767578125,1967600,0.0,0.0
2025-10-28 00:00:00-04:00,926.8699951171875,930.719970703125,920.2000122070312,924.1599731445312,918.7991943359375,2090800,0.0,0.0
2025-10-29 00:00:00-04:00,919.0,919.8800048828125,909.2999877929688,912.4199829101562,907.1273193359375,2449600,0.0,0.0
2025-10-30 00:00:00-04:00,912.6900024414062,923.0,910.3699951171875,920.1799926757812,914.84228515625,2677100,0.0,0.0
2025-10-31 00:00:00-04:00,916.2100219726562,920.0,909.6799926757812,911.4500122070312,907.4449462890625,2456300,1.3,0.0
2025-11-03 00:00:00-05:00,912.4000244140625,929.1900024414062,908.3800048828125,928.0399780273438,923.9620361328125,3206600,0.0,0.0
2025-11-04 00:00:00-05:00,933.2100219726562,941.1699829101562,928.969970703125,940.739990234375,936.606201171875,2554500,0.0,0.0
2025-11-05 00:00:00-05:00,940.0,945.280029296875,927.4400024414062,935.030029296875,930.9213256835938,2974800,0.0,0.0
2025-11-06 00:00:00-05:00,924.3599853515625,925.0,908.2999877929688,923.5800170898438,919.5216674804688,3247700,0.0,0.0
2025-11-07 00:00:00-05:00,929.530029296875,937.0,920.7899780273438,922.739990234375,918.6853637695312,2584000,0.0,0.0
2025-11-10 00:00:00-05:00,919.0,922.0,909.0700073242188,915.5599975585938,911.536865234375,2612700,0.0,0.0
2025-11-11 00:00:00-05:00,916.5,918.8900146484375,913.0,913.8599853515625,909.8443603515625,1663400,0.0,0.0
2025-11-12 00:00:00-05:00,915.469970703125,918.0999755859375,911.6699829101562,914.0,909.9837646484375,1829700,0.0,0.0
2025-11-13 00:00:00-05:00,916.3499755859375,926.75,911.719970703125,925.0800170898438,921.0150756835938,2430600,0.0,0.0
2025-11-14 00:00:00-05:00,927.1300048828125,928.8900146484375,915.0999755859375,922.97998046875,918.9242553710938,1739100,0.0,0.0
2025-11-17 00:00:00-05:00,922.02001953125,924.9000244140625,908.8099975585938,912.5900268554688,908.5799560546875,2481900,0.0,0.0
2025-11-18 00:00:00-05:00,912.5900268554688,918.9099731445312,894.1699829101562,895.0800170898438,891.1468505859375,2984700,0.0,0.0
2025-11-19 00:00:00-05:00,895.0,895.0,873.969970703125,890.5999755859375,886.6864624023438,3462300,0.0,0.0
2025-11-20 00:00:00-05:00,893.5,904.5700073242188,891.0,893.2899780273438,889.3646850585938,2648300,0.0,0.0
2025-11-21 00:00:00-05:00,894.52001953125,905.3200073242188,892.1300048828125,899.010009765625,895.0596313476562,2870100,0.0,0.0
2025-11-24 00:00:00-05:00,899.0,901.3599853515625,881.3200073242188,886.1199951171875,882.2262573242188,3661200,0.0,0.0
2025-11-25 00:00:00-05:00,886.6599731445312,895.719970703125,885.1300048828125,894.3300170898438,890.400146484375,2534700,0.0,0.0
2025-11-26 00:00:00-05:00,896.02001953125,912.0,895.6199951171875,908.260009765625,904.2689819335938,1936200,0.0,0.0
2025-11-28 00:00:00-05:00,905.02001953125,914.2000122070312,903.0,913.5900268554688,909.5755615234375,1092600,0.0,0.0
2025-12-01 00:00:00-05:00,913.2000122070312,918.5800170898438,906.2100219726562,911.9600219726562,907.9526977539062,2149400,0.0,0.0
2025-12-02 00:00:00-05:00,911.9600219726562,923.0,905.0,922.030029296875,917.9784545898438,2160600,0.0,0.0
2025-12-03 00:00:00-05:00,920.8099975585938,926.3200073242188,916.02001953125,922.260009765625,918.2074584960938,1886800,0.0,0.0
2025-12-04 00:00:00-05:00,907.030029296875,907.9600219726562,888.0800170898438,895.8599853515625,891.9234619140625,3787800,0.0,0.0
2025-12-05 00:00:00-05:00,897.25,905.8900146484375,893.0,894.6799926757812,890.7485961914062,2359800,0.0,0.0
2025-12-08 00:00:00-05:00,893.5,894.0,882.9000244140625,887.52001953125,883.6201171875,2407900,0.0,0.0
2025-12-09 00:00:00-05:00,886.8499755859375,889.02001953125,881.510009765625,888.4400024414062,884.5360717773438,1899500,0.0,0.0
2025-12-10 00:00:00-05:00,887.8200073242188,889.5800170898438,871.0900268554688,874.4099731445312,870.5676879882812,3318300,0.0,0.0
2025-12-11 00:00:00-05:00,875.8599853515625,886.0,872.5499877929688,884.47998046875,880.5934448242188,3041600,0.0,0.0
2025-12-12 00:00:00-05:00,883.2999877929688,888.6199951171875,867.1199951171875,884.469970703125,880.58349609375,4808900,0.0,0.0
2025-12-15 00:00:00-05:00,882.1099853515625,887.489990234375,851.4000244140625,860.5599975585938,856.778564453125,4771400,0.0,0.0
2025-12-16 00:00:00-05:00,857.4400024414062,863.5900268554688,844.0599975585938,860.3900146484375,856.6092529296875,3843300,0.0,0.0
2025-12-17 00:00:00-05:00,858.5,868.5800170898438,858.22998046875,862.6500244140625,858.859375,2363700,0.0,0.0
2025-12-18 00:00:00-05:00,860.2999877929688,863.1500244140625,852.510009765625,857.5900268554688,853.8216552734375,2467500,0.0,0.0
2025-12-19 00:00:00-05:00,856.5700073242188,858.4500122070312,849.3200073242188,855.6199951171875,851.8602294921875,10097600,0.0,0.0
2025-12-22 00:00:00-05:00,854.0,855.5,847.3099975585938,850.0,846.2649536132812,2373300,0.0,0.0
2025-12-23 00:00:00-05:00,849.0999755859375,854.97998046875,846.7999877929688,854.7899780273438,851.0338745117188,1903300,0.0,0.0
2025-12-24 00:00:00-05:00,858.5999755859375,876.0,858.3499755859375,871.8599853515625,868.0289306640625,1822200,0.0,0.0
2025-12-26 00:00:00-05:00,870.6400146484375,877.5900268554688,869.0,873.3499755859375,869.5123291015625,1324100,0.0,0.0
2025-12-29 00:00:00-05:00,873.2899780273438,874.5,865.6900024414062,867.8400268554688,864.0265502929688,1792500,0.0,0.0
2025-12-30 00:00:00-05:00,864.0,867.8200073242188,861.4299926757812,865.6500244140625,861.84619140625,1680800,0.0,0.0
2025-12-31 00:00:00-05:00,864.5800170898438,868.0,861.3400268554688,862.3400268554688,858.5507202148438,1490000,0.0,0.0
2026-01-02 00:00:00-05:00,861.1400146484375,863.0999755859375,852.5,854.5,850.7451782226562,2373400,0.0,0.0
2026-01-05 00:00:00-05:00,863.9500122070312,878.77001953125,860.8499755859375,875.739990234375,871.891845703125,2805600,0.0,0.0
2026-01-06 00:00:00-05:00,875.9500122070312,894.0800170898438,871.2999877929688,889.0999755859375,885.193115234375,2742300,0.0,0.0
2026-01-07 00:00:00-05:00,892.0,893.5999755859375,879.6199951171875,882.5800170898438,878.7017822265625,2680100,0.0,0.0
2026-01-08 00:00:00-05:00,901.1300048828125,931.6699829101562,896.0,915.3099975585938,911.2880249023438,5207200,0.0,0.0
2026-01-09 00:00:00-05:00,915.969970703125,929.8499755859375,911.3300170898438,924.8800048828125,920.81591796875,2895400,0.0,0.0
2026-01-12 00:00:00-05:00,920.4000244140625,944.8300170898438,917.0,943.0800170898438,938.93603515625,3246400,0.0,0.0
2026-01-13 00:00:00-05:00,938.02001953125,942.9000244140625,929.5999755859375,941.9299926757812,937.7909545898438,2222100,0.0,0.0
2026-01-14 00:00:00-05:00,938.3300170898438,955.6099853515625,938.2899780273438,950.97998046875,946.8012084960938,2894900,0.0,0.0
2026-01-15 00:00:00-05:00,954.5399780273438,958.280029296875,950.0,956.75,952.5458984375,2185900,0.0,0.0
2026-01-16 00:00:00-05:00,962.0,964.97998046875,951.0,963.6099853515625,959.375732421875,3862900,0.0,0.0
2026-01-20 00:00:00-05:00,958.3800048828125,969.9000244140625,954.1300048828125,964.260009765625,960.02294921875,3209900,0.0,0.0
2026-01-21 00:00:00-05:00,959.5999755859375,989.6400146484375,959.5999755859375,982.8599853515625,978.5411376953125,4073700,0.0,0.0
2026-01-22 00:00:00-05:00,977.8900146484375,984.0,971.5599975585938,976.1699829101562,971.8804931640625,2074400,0.0,0.0
2026-01-23 00:00:00-05:00,971.4400024414062,984.8499755859375,971.010009765625,983.25,978.929443359375,1680600,0.0,0.0
2026-01-26 00:00:00-05:00,986.4299926757812,993.0,976.3499755859375,977.6699829101562,973.3739624023438,2458700,0.0,0.0
2026-01-27 00:00:00-05:00,977.6799926757812,978.0,961.7100219726562,970.280029296875,966.0164794921875,2077900,0.0,0.0
2026-01-28 00:00:00-05:00,969.510009765625,970.0999755859375,955.6099853515625,960.780029296875,956.5581665039062,2474800,0.0,0.0
2026-01-29 00:00:00-05:00,957.989990234375,960.2999877929688,948.510009765625,952.8900146484375,948.7028198242188,1825000,0.0,0.0
2026-01-30 00:00:00-05:00,948.8300170898438,951.1199951171875,930.2999877929688,940.25,937.3972778320312,2396300,1.3,0.0
2026-02-02 00:00:00-05:00,944.22998046875,970.3200073242188,931.27001953125,968.3599853515625,965.4219360351562,2451300,0.0,0.0
2026-02-03 00:00:00-05:00,964.3499755859375,990.6500244140625,964.280029296875,977.9199829101562,974.9529418945312,2960700,0.0,0.0
2026-02-04 00:00:00-05:00,983.3099975585938,994.5999755859375,975.1900024414062,978.3499755859375,975.3816528320312,2631500,0.0,0.0
2026-02-05 00:00:00-05:00,995.5,1000.9500122070312,987.3300170898438,989.2899780273438,986.2884521484375,2988800,0.0,0.0
2026-02-06 00:00:00-05:00,988.1500244140625,1001.3699951171875,983.5,1001.1599731445312,998.1224365234375,2358600,0.0,0.0
2026-02-09 00:00:00-05:00,1001.3200073242188,1009.6199951171875,992.6799926757812,997.5900268554688,994.5633544921875,1861700,0.0,0.0
2026-02-10 00:00:00-05:00,996.010009765625,997.4500122070312,969.0,971.22998046875,968.283203125,1781500,0.0,0.0
2026-02-11 00:00:00-05:00,973.2899780273438,989.5700073242188,967.1199951171875,978.1400146484375,975.17236328125,1769400,0.0,0.0
2026-02-12 00:00:00-05:00,978.75,1009.2100219726562,978.1400146484375,998.8599853515625,995.8294067382812,2970400,0.0,0.0
2026-02-13 00:00:00-05:00,1000.0,1022.8800048828125,993.760009765625,1018.47998046875,1015.389892578125,2661600,0.0,0.0
2026-02-17 00:00:00-05:00,1022.3400268554688,1028.43994140625,1010.47998046875,1012.0499877929688,1008.9794311523438,1732200,0.0,0.0
2026-02-18 00:00:00-05:00,1010.0,1016.0,993.5,996.0800170898438,993.057861328125,1926800,0.0,0.0
2026-02-19 00:00:00-05:00,992.3099975585938,1007.8599853515625,984.1099853515625,987.8200073242188,984.8229370117188,1750000,0.0,0.0
2026-02-20 00:00:00-05:00,983.1300048828125,987.3699951171875,977.8099975585938,985.27001953125,982.2807006835938,1662200,0.0,0.0
2026-02-23 00:00:00-05:00,981.7999877929688,991.3099975585938,978.0599975585938,986.02001953125,983.0284423828125,1489300,0.0,0.0
2026-02-24 00:00:00-05:00,986.3800048828125,998.8800048828125,985.0399780273438,998.4299926757812,995.4007568359375,1671100,0.0,0.0
2026-02-25 00:00:00-05:00,997.6799926757812,1002.5,991.4400024414062,994.760009765625,991.7418823242188,1554600,0.0,0.0
2026-02-26 00:00:00-05:00,996.9199829101562,1005.52001953125,983.530029296875,986.739990234375,983.7462158203125,1804400,0.0,0.0
2026-02-27 00:00:00-05:00,990.530029296875,1014.1900024414062,989.5800170898438,1010.7899780273438,1007.7232666015625,3935000,0.0,0.0
2026-03-02 00:00:00-05:00,1010.9099731445312,1020.8200073242188,1002.489990234375,1002.77001953125,999.7276000976562,1986900,0.0,0.0
2026-03-03 00:00:00-05:00,1002.5399780273438,1015.75,1000.6300048828125,1007.77001953125,1004.71240234375,1947100,0.0,0.0
2026-03-04 00:00:00-05:00,1005.0,1014.0,997.0,1006.739990234375,1003.685546875,1806600,0.0,0.0
2026-03-05 00:00:00-05:00,996.5,999.25,978.8099975585938,982.5700073242188,979.5889282226562,2766000,0.0,0.0
2026-03-06 00:00:00-05:00,967.010009765625,1002.5,960.4600219726562,998.0999755859375,995.0717163085938,2708900,0.0,0.0
2026-03-09 00:00:00-04:00,999.6300048828125,1007.4099731445312,987.989990234375,1005.2999877929688,1002.2498779296875,2348200,0.0,0.0
2026-03-10 00:00:00-04:00,1000.5,1010.0999755859375,996.0,997.3599853515625,994.333984375,1613400,0.0,0.0
2026-03-11 00:00:00-04:00,996.3200073242188,997.3900146484375,987.8900146484375,992.22998046875,989.2195434570312,1260500,0.0,0.0
2026-03-12 00:00:00-04:00,988.6099853515625,1006.2100219726562,984.0,1003.3200073242188,1000.2759399414062,1669200,0.0,0.0
2026-03-13 00:00:00-04:00,1005.9000244140625,1012.8300170898438,1002.0,1008.4299926757812,1005.3704223632812,1469700,0.0,0.0
2026-03-16 00:00:00-04:00,1010.5,1012.6500244140625,995.4299926757812,1001.739990234375,998.70068359375,1243400,0.0,0.0
2026-03-17 00:00:00-04:00,1006.489990234375,1008.0999755859375,994.75,996.1599731445312,993.1375732421875,1210400,0.0,0.0
2026-03-18 00:00:00-04:00,990.3699951171875,993.97998046875,978.1400146484375,979.9199829101562,976.9468383789062,1434400,0.0,0.0
2026-03-19 00:00:00-04:00,985.8400268554688,988.7899780273438,970.4099731445312,974.780029296875,971.822509765625,1340200,0.0,0.0
2026-03-20 00:00:00-04:00,975.0800170898438,980.760009765625,970.5399780273438,972.3300170898438,969.3799438476562,2621600,0.0,0.0
2026-03-23 00:00:00-04:00,985.6699829101562,986.6400146484375,964.530029296875,965.72998046875,962.7999267578125,1779100,0.0,0.0
2026-03-24 00:00:00-04:00,962.0599975585938,981.280029296875,961.0,973.8200073242188,970.8654174804688,1259300,0.0,0.0
2026-03-25 00:00:00-04:00,978.0,980.8099975585938,968.0499877929688,974.8599853515625,971.9022216796875,1067100,0.0,0.0
2026-03-26 00:00:00-04:00,975.6900024414062,987.1900024414062,972.719970703125,979.6500244140625,976.677734375,1498300,0.0,0.0
2026-03-27 00:00:00-04:00,982.02001953125,987.1099853515625,978.1099853515625,983.8599853515625,980.8749389648438,1540900,0.0,0.0
2026-03-30 00:00:00-04:00,987.6500244140625,1005.5399780273438,985.010009765625,996.5800170898438,993.5563354492188,2129100,0.0,0.0
2026-03-31 00:00:00-04:00,997.0,1008.5999755859375,985.8499755859375,996.4299926757812,993.4067993164062,2447900,0.0,0.0
2026-04-01 00:00:00-04:00,995.030029296875,1003.1300048828125,990.5900268554688,996.5599975585938,993.5364379882812,1769800,0.0,0.0
2026-04-02 00:00:00-04:00,1008.0,1016.0,999.2100219726562,1014.9600219726562,1011.880615234375,1828600,0.0,0.0
2026-04-06 00:00:00-04:00,1014.9600219726562,1020.6900024414062,1004.010009765625,1018.5499877929688,1015.459716796875,1448600,0.0,0.0
2026-04-07 00:00:00-04:00,1020.260009765625,1020.8599853515625,1004.8499755859375,1013.2100219726562,1010.1359252929688,1428500,0.0,0.0
2026-04-08 00:00:00-04:00,1004.4400024414062,1030.4599609375,1000.0,1030.27001953125,1027.14404296875,2265700,0.0,0.0
2026-04-09 00:00:00-04:00,1029.489990234375,1035.8199462890625,1025.06005859375,1032.030029296875,1028.89892578125,1433300,0.0,0.0
2026-04-10 00:00:00-04:00,1026.510009765625,1029.0,995.5,998.469970703125,995.4406127929688,2333000,0.0,0.0
2026-04-13 00:00:00-04:00,998.469970703125,1000.0499877929688,979.3599853515625,980.8499755859375,977.8740234375,2255500,0.0,0.0
2026-04-14 00:00:00-04:00,973.6799926757812,977.6099853515625,966.0,974.7999877929688,971.8424682617188,2136500,0.0,0.0
2026-04-15 00:00:00-04:00,970.3099975585938,985.3800048828125,968.2999877929688,984.75,981.7622680664062,2346200,0.0,0.0
2026-04-16 00:00:00-04:00,985.0,995.75,981.6099853515625,987.2100219726562,984.21484375,1484300,0.0,0.0
2026-04-17 00:00:00-04:00,985.0,1000.6699829101562,977.0,999.8900146484375,996.8563232421875,2346500,0.0,0.0
2026-04-20 00:00:00-04:00,1003.8499755859375,1011.2999877929688,994.1400146484375,997.8400268554688,994.8125610351562,1475400,0.0,0.0
2026-04-21 00:00:00-04:00,994.3699951171875,1006.5,986.7000122070312,1005.8099975585938,1002.7583618164062,1367100,0.0,0.0
2026-04-22 00:00:00-04:00,1004.97998046875,1008.1099853515625,998.2899780273438,1003.7000122070312,1000.65478515625,1215200,0.0,0.0
2026-04-23 00:00:00-04:00,1007.5800170898438,1016.5999755859375,1007.030029296875,1014.3800048828125,1011.3023681640625,1570700,0.0,0.0
2026-04-24 00:00:00-04:00,1012.0,1013.4500122070312,1002.5,1011.1500244140625,1008.0821533203125,1695200,0.0,0.0
2026-04-27 00:00:00-04:00,1008.6300048828125,1014.4099731445312,996.6300048828125,998.010009765625,994.9820556640625,1620400,0.0,0.0
2026-04-28 00:00:00-04:00,1010.47998046875,1012.6500244140625,986.0,994.0,990.9841918945312,1776000,0.0,0.0
2026-04-29 00:00:00-04:00,988.3699951171875,998.969970703125,985.1199951171875,998.6699829101562,995.6400146484375,1516900,0.0,0.0
2026-04-30 00:00:00-04:00,996.4500122070312,1017.6900024414062,996.3200073242188,1014.530029296875,1011.451904296875,2049300,0.0,0.0
2026-05-01 00:00:00-04:00,1015.3800048828125,1031.27001953125,1006.3200073242188,1011.7000122070312,1010.0940551757812,1509700,1.47,0.0
2026-05-04 00:00:00-04:00,1007.02001953125,1024.719970703125,1002.2100219726562,1012.7899780273438,1011.1823120117188,1479400,0.0,0.0
2026-05-05 00:00:00-04:00,1010.510009765625,1020.780029296875,1009.0700073242188,1016.4199829101562,1014.8065185546875,1456300,0.0,0.0
2026-05-06 00:00:00-04:00,1011.3099975585938,1012.22998046875,992.4199829101562,995.75,994.1693725585938,2619100,0.0,0.0
2026-05-07 00:00:00-04:00,993.5,1012.6599731445312,990.6599731445312,1012.0599975585938,1010.4534912109375,2014000,0.0,0.0
2026-05-08 00:00:00-04:00,1011.739990234375,1016.0,1005.1099853515625,1008.7899780273438,1007.1886596679688,1805200,0.0,0.0
2026-05-11 00:00:00-04:00,1005.8200073242188,1007.0,985.1500244140625,999.469970703125,997.8834228515625,2053500,0.0,0.0
2026-05-12 00:00:00-04:00,1002.5399780273438,1026.0,1001.1400146484375,1021.8800048828125,1020.2578735351562,2143200,0.0,0.0
2026-05-13 00:00:00-04:00,1017.9400024414062,1042.52001953125,1017.9400024414062,1033.0799560546875,1031.4400634765625,1654600,0.0,0.0
2026-05-14 00:00:00-04:00,1034.949951171875,1041.7900390625,1026.0999755859375,1041.25,1039.59716796875,1606600,0.0,0.0
2026-05-15 00:00:00-04:00,1049.3599853515625,1057.5,1039.219970703125,1048.949951171875,1047.284912109375,1967000,0.0,0.0
2026-05-18 00:00:00-04:00,1050.0,1079.8299560546875,1045.0,1076.469970703125,1074.76123046875,2295200,0.0,0.0
2026-05-19 00:00:00-04:00,1077.0,1096.5,1072.0999755859375,1094.3199462890625,1092.5828857421875,2853300,0.0,0.0
2026-05-20 00:00:00-04:00,1089.3699951171875,1089.739990234375,1072.0,1074.010009765625,1072.30517578125,2223400,0.0,0.0
2026-05-21 00:00:00-04:00,1063.4100341796875,1064.72998046875,1039.010009765625,1050.449951171875,1048.782470703125,2149700,0.0,0.0
2026-05-22 00:00:00-04:00,1039.989990234375,1045.6400146484375,1025.18994140625,1028.239990234375,1026.6077880859375,2048300,0.0,0.0
2026-05-26 00:00:00-04:00,1026.1300048828125,1027.5,996.1599731445312,1002.9299926757812,1001.3379516601562,2704600,0.0,0.0
2026-05-27 00:00:00-04:00,1003.8599853515625,1013.510009765625,999.6900024414062,1003.6900024414062,1002.0967407226562,2390100,0.0,0.0
2026-05-28 00:00:00-04:00,1011.6099853515625,1012.0,994.27001953125,995.2000122070312,993.6202392578125,2844300,0.0,0.0
2026-05-29 00:00:00-04:00,986.5700073242188,998.8200073242188,945.4500122070312,956.3200073242188,954.8019409179688,7028000,0.0,0.0
2026-06-01 00:00:00-04:00,955.0,959.2100219726562,936.510009765625,946.1099853515625,944.608154296875,2816300,0.0,0.0
2026-06-02 00:00:00-04:00,942.2899780273438,955.3900146484375,939.4500122070312,954.27001953125,952.7552490234375,2218200,0.0,0.0
2026-06-03 00:00:00-04:00,952.8800048828125,969.1799926757812,951.97998046875,961.8300170898438,960.30322265625,2174100,0.0,0.0
2026-06-04 00:00:00-04:00,986.9600219726562,990.010009765625,968.2100219726562,972.3499755859375,970.8064575195312,2345200,0.0,0.0
2026-06-05 00:00:00-04:00,977.5,997.4099731445312,971.5999755859375,971.8699951171875,970.3272705078125,3092000,0.0,0.0
2026-06-08 00:00:00-04:00,963.4600219726562,978.97998046875,961.0,974.75,973.2026977539062,2086100,0.0,0.0
2026-06-09 00:00:00-04:00,974.2100219726562,981.969970703125,964.9400024414062,968.5900268554688,967.052490234375,1998600,0.0,0.0
2026-06-10 00:00:00-04:00,977.4400024414062,985.260009765625,964.3099975585938,983.3699951171875,981.8090209960938,1715600,0.0,0.0
2026-06-11 00:00:00-04:00,986.9099731445312,989.1199951171875,974.0,975.6900024414062,974.1411743164062,1903400,0.0,0.0
2026-06-12 00:00:00-04:00,975.52001953125,984.780029296875,970.0,982.3499755859375,980.7905883789062,1737300,0.0,0.0
2026-06-15 00:00:00-04:00,974.1900024414062,987.0,968.0,979.4500122070312,977.895263671875,1893700,0.0,0.0
2026-06-16 00:00:00-04:00,980.3900146484375,995.3800048828125,973.1599731445312,986.6799926757812,985.11376953125,1523400,0.0,0.0
2026-06-17 00:00:00-04:00,980.0,983.7100219726562,961.1599731445312,965.5900268554688,964.0572509765625,1928000,0.0,0.0
2026-06-18 00:00:00-04:00,962.7000122070312,964.0,948.3099975585938,951.4500122070312,949.939697265625,3742900,0.0,0.0
2026-06-22 00:00:00-04:00,948.5700073242188,956.22998046875,942.530029296875,951.3499755859375,949.8397827148438,2191900,0.0,0.0
2026-06-23 00:00:00-04:00,964.5,966.3800048828125,953.489990234375,957.6799926757812,956.1597900390625,2529800,0.0,0.0
2026-06-24 00:00:00-04:00,962.030029296875,967.9400024414062,957.0,961.0900268554688,959.5643920898438,2020200,0.0,0.0
2026-06-25 00:00:00-04:00,949.5700073242188,955.75,938.5999755859375,942.239990234375,940.7442626953125,2492700,0.0,0.0
2026-06-26 00:00:00-04:00,953.25,961.6400146484375,943.0,952.5399780273438,951.0279541015625,8239200,0.0,0.0
2026-06-29 00:00:00-04:00,958.5499877929688,969.8599853515625,942.3800048828125,946.6799926757812,945.17724609375,2450000,0.0,0.0
2026-06-30 00:00:00-04:00,942.0,946.0,932.4099731445312,935.469970703125,933.9849853515625,2870900,0.0,0.0
2026-07-01 00:00:00-04:00,940.4299926757812,940.4299926757812,920.5499877929688,924.6699829101562,923.2021484375,2909700,0.0,0.0
2026-07-02 00:00:00-04:00,927.0,952.6400146484375,924.8400268554688,951.6699829101562,950.1593017578125,2785800,0.0,0.0
2026-07-06 00:00:00-04:00,949.0999755859375,955.5,941.4000244140625,950.25,948.7415771484375,2327500,0.0,0.0
2026-07-07 00:00:00-04:00,967.52001953125,969.0,945.3300170898438,947.5,945.9959716796875,1940200,0.0,0.0
2026-07-08 00:00:00-04:00,959.0,966.510009765625,948.0,953.1300048828125,951.6170043945312,1645500,0.0,0.0
2026-07-09 00:00:00-04:00,934.9400024414062,935.0,907.6799926757812,912.969970703125,911.520751953125,4545200,0.0,0.0
2026-07-10 00:00:00-04:00,913.739990234375,916.72998046875,907.2100219726562,916.25,914.7955322265625,2102300,0.0,0.0
2026-07-13 00:00:00-04:00,918.4299926757812,930.97998046875,916.8800048828125,926.4299926757812,924.9594116210938,2373300,0.0,0.0
2026-07-14 00:00:00-04:00,921.3800048828125,929.4199829101562,918.5599975585938,921.75,920.2868041992188,2409200,0.0,0.0
2026-07-15 00:00:00-04:00,917.75,927.5800170898438,910.5,916.5399780273438,915.0850830078125,2423200,0.0,0.0
2026-07-16 00:00:00-04:00,924.0,945.760009765625,921.5,945.5700073242188,944.0690307617188,2735300,0.0,0.0
2026-07-17 00:00:00-04:00,961.52001953125,964.3300170898438,933.760009765625,940.8699951171875,939.37646484375,2508000,0.0,0.0
2026-07-20 00:00:00-04:00,938.75,946.97998046875,932.010009765625,935.7999877929688,934.3145141601562,1507900,0.0,0.0
2026-07-21 00:00:00-04:00,930.25,931.989990234375,924.4400024414062,929.219970703125,927.7449340820312,1833500,0.0,0.0
2026-07-22 00:00:00-04:00,930.8800048828125,933.5999755859375,920.969970703125,927.3099975585938,925.8380126953125,1762700,0.0,0.0
2026-07-23 00:00:00-04:00,920.510009765625,926.530029296875,916.760009765625,926.0599975585938,924.5899658203125,1785200,0.0,0.0
2026-07-24 00:00:00-04:00,925.010009765625,936.6599731445312,921.280029296875,935.030029296875,935.030029296875,1586300,1.47,0.0
2026-07-27 00:00:00-04:00,938.1099853515625,956.6099853515625,936.6599731445312,951.5800170898438,951.5800170898438,2109500,0.0,0.0
2026-07-28 00:00:00-04:00,970.5499877929688,987.5499877929688,965.8699951171875,966.5800170898438,966.5800170898438,2682800,0.0,0.0
2026-07-29 00:00:00-04:00,968.0700073242188,978.7999877929688,963.0,974.030029296875,974.030029296875,1973400,0.0,0.0
2026-07-30 00:00:00-04:00,955.0399780273438,960.760009765625,949.6799926757812,954.1699829101562,954.1699829101562,2334500,0.0,0.0
2026-07-31 00:00:00-04:00,945.739990234375,955.5599975585938,937.510009765625,951.8900146484375,951.8900146484375,1760200,0.0,0.0
2026-08-03 00:00:00-04:00,965.1500244140625,967.97998046875,948.75,954.0800170898438,954.0800170898438,2014100,0.0,0.0
2026-08-04 00:00:00-04:00,945.0,950.8599853515625,937.010009765625,947.8499755859375,947.8499755859375,2437300,0.0,0.0
2026-08-05 00:00:00-04:00,956.989990234375,956.989990234375,935.219970703125,941.989990234375,941.989990234375,1692400,0.0,0.0
2026-08-06 00:00:00-04:00,959.5499877929688,966.1400146484375,941.780029296875,949.1500244140625,949.1500244140625,2116500,0.0,0.0
2026-08-07 00:00:00-04:00,943.510009765625,949.7899780273438,937.510009765625,947.8200073242188,947.8200073242188,1523800,0.0,0.0
2026-08-10 00:00:00-04:00,942.469970703125,952.8900146484375,940.5599975585938,952.75,952.75,1479200,0.0,0.0
2026-08-11 00:00:00-04:00,950.0499877929688,954.9000244140625,938.0900268554688,944.3200073242188,944.3200073242188,1801400,0.0,0.0
2026-08-12 00:00:00-04:00,937.4000244140625,951.3900146484375,935.0499877929688,949.5800170898438,949.5800170898438,1311800,0.0,0.0
2026-08-13 00:00:00-04:00,954.25,962.5800170898438,949.510009765625,961.8499755859375,961.8499755859375,1324900,0.0,0.0
2026-08-14 00:00:00-04:00,959.989990234375,965.3599853515625,957.75,961.0999755859375,961.0999755859375,1165100,0.0,0.0
2026-08-17 00:00:00-04:00,954.8400268554688,956.75,949.4199829101562,953.5,953.5,1242800,0.0,0.0
2026-08-18 00:00:00-04:00,966.1099853515625,971.9600219726562,955.030029296875,961.3499755859375,961.3499755859375,1845200,0.0,0.0
2026-08-19 00:00:00-04:00,960.22998046875,978.7000122070312,956.0,956.989990234375,956.989990234375,1642300,0.0,0.0
2026-08-20 00:00:00-04:00,931.1500244140625,944.219970703125,925.77001953125,933.510009765625,933.510009765625,2503700,0.0,0.0
2026-08-21 00:00:00-04:00,939.6400146484375,949.9000244140625,933.8200073242188,947.739990234375,947.739990234375,2365600,0.0,0.0
2026-08-24 00:00:00-04:00,953.010009765625,974.489990234375,951.3900146484375,971.4000244140625,971.4000244140625,2204700,0.0,0.0
2026-08-25 00:00:00-04:00,965.8599853515625,969.0499877929688,959.8900146484375,960.010009765625,960.010009765625,1359900,0.0,0.0
2026-08-26 00:00:00-04:00,960.5800170898438,964.4500122070312,954.5399780273438,956.1199951171875,956.1199951171875,1221600,0.0,0.0
2026-08-27 00:00:00-04:00,948.27001953125,948.8499755859375,933.25,934.6599731445312,934.6599731445312,2239600,0.0,0.0
2026-08-28 00:00:00-04:00,938.9400024414062,953.72998046875,937.1099853515625,945.469970703125,945.469970703125,1401300,0.0,0.0
2026-08-31 00:00:00-04:00,945.1900024414062,949.2999877929688,940.7100219726562,943.8900146484375,943.8900146484375,2392600,0.0,0.0
2026-09-01 00:00:00-04:00,947.3499755859375,952.0999755859375,935.9299926757812,939.9600219726562,939.9600219726562,1507800,0.0,0.0
2026-09-02 00:00:00-04:00,938.489990234375,938.8800048828125,920.3099975585938,928.47998046875,928.47998046875,2163000,0.0,0.0
2026-09-03 00:00:00-04:00,927.7899780273438,930.760009765625,915.3099975585938,925.4099731445312,925.4099731445312,2171100,0.0,0.0
2026-09-04 00:00:00-04:00,926.0900268554688,928.0399780273438,914.5399780273438,915.739990234375,915.739990234375,2076200,0.0,0.0
2026-09-08 00:00:00-04:00,912.4000244140625,915.1300048828125,906.0999755859375,910.1799926757812,910.1799926757812,2236900,0.0,0.0
2026-09-09 00:00:00-04:00,907.0,909.22998046875,898.4299926757812,902.5999755859375,902.5999755859375,2065600,0.0,0.0
2026-09-10 00:00:00-04:00,906.6199951171875,912.0999755859375,899.0,902.3800048828125,902.3800048828125,1925700,0.0,0.0
2026-09-11 00:00:00-04:00,905.1699829101562,907.3599853515625,900.75,904.77001953125,904.77001953125,1772000,0.0,0.0
2026-09-14 00:00:00-04:00,913.6500244140625,921.989990234375,910.7899780273438,918.9099731445312,918.9099731445312,2012800,0.0,0.0
2026-09-15 00:00:00-04:00,916.9199829101562,916.9199829101562,900.25,901.3499755859375,901.3499755859375,2198700,0.0,0.0
2026-09-16 00:00:00-04:00,901.0499877929688,902.0,892.6699829101562,893.739990234375,893.739990234375,2096900,0.0,0.0
2026-09-17 00:00:00-04:00,895.3200073242188,896.0,888.0399780273438,893.9299926757812,893.9299926757812,2320000,0.0,0.0
