Date,Open,High,Low,Close,Adj Close,Volume,Dividends,Stock Splits
2016-04-22 00:00:00-04:00,25.18000030517578,25.309999465942383,24.950000762939453,25.06999969482422,19.15876579284668,6447400,0.0,0.0
2016-04-25 00:00:00-04:00,25.149999618530273,25.329999923706055,24.950000762939453,25.010000228881836,19.1129150390625,7772500,0.0,0.0
2016-04-26 00:00:00-04:00,25.200000762939453,25.350000381469727,24.979999542236328,25.010000228881836,19.1129150390625,9920000,0.0,0.0
2016-04-27 00:00:00-04:00,24.899999618530273,25.34000015258789,24.81999969482422,25.25,19.296321868896484,7302200,0.0,0.0
2016-04-28 00:00:00-04:00,24.649999618530273,24.8799991607666,24.06999969482422,24.15999984741211,18.46333885192871,12170200,0.0,0.0
2016-04-29 00:00:00-04:00,24.0,24.010000228881836,23.420000076293945,23.59000015258789,18.027734756469727,14955900,0.0,0.0
2016-05-02 00:00:00-04:00,23.579999923706055,23.75,23.459999084472656,23.690000534057617,18.104156494140625,6112100,0.0,0.0
2016-05-03 00:00:00-04:00,23.350000381469727,23.450000762939453,23.15999984741211,23.31999969482422,17.821393966674805,9323900,0.0,0.0
2016-05-04 00:00:00-04:00,23.309999465942383,23.549999237060547,23.229999542236328,23.420000076293945,17.897817611694336,7789900,0.0,0.0
2016-05-05 00:00:00-04:00,23.450000762939453,23.690000534057617,23.399999618530273,23.5,17.958953857421875,7238400,0.0,0.0
2016-05-06 00:00:00-04:00,23.5,23.610000610351562,23.34000015258789,23.40999984741211,17.890172958374023,5373300,0.0,0.0
2016-05-09 00:00:00-04:00,23.399999618530273,23.489999771118164,23.200000762939453,23.3700008392334,17.85960578918457,5189800,0.0,0.0
2016-05-10 00:00:00-04:00,23.299999237060547,23.440000534057617,23.239999771118164,23.389999389648438,17.874895095825195,5374500,0.0,0.0
2016-05-11 00:00:00-04:00,23.360000610351562,23.450000762939453,23.1299991607666,23.219999313354492,17.74497413635254,6185400,0.0,0.0
2016-05-12 00:00:00-04:00,23.229999542236328,23.290000915527344,22.75,22.989999771118164,17.56920623779297,7674600,0.0,0.0
2016-05-13 00:00:00-04:00,22.850000381469727,23.0,22.770000457763672,22.81999969482422,17.43929100036621,4837700,0.0,0.0
2016-05-16 00:00:00-04:00,22.969999313354492,23.239999771118164,22.90999984741211,23.110000610351562,17.66091537475586,4654300,0.0,0.0
2016-05-17 00:00:00-04:00,23.200000762939453,23.309999465942383,22.90999984741211,22.950000762939453,17.53864097595215,4017400,0.0,0.0
2016-05-18 00:00:00-04:00,23.0,23.639999389648438,22.899999618530273,23.520000457763672,17.97423553466797,10028100,0.0,0.0
2016-05-19 00:00:00-04:00,23.309999465942383,23.31999969482422,23.049999237060547,23.25,17.767908096313477,3868700,0.0,0.0
2016-05-20 00:00:00-04:00,23.5,24.020000457763672,23.43000030517578,23.90999984741211,18.27228546142578,8380600,0.0,0.0
2016-05-23 00:00:00-04:00,24.6299991607666,24.760000228881836,24.209999084472656,24.270000457763672,18.54740333557129,6840000,0.0,0.0
2016-05-24 00:00:00-04:00,24.309999465942383,24.56999969482422,24.260000228881836,24.469999313354492,18.70023536682129,7573600,0.0,0.0
2016-05-25 00:00:00-04:00,24.610000610351562,24.719999313354492,24.520000457763672,24.6200008392334,18.814870834350586,5151600,0.0,0.0
2016-05-26 00:00:00-04:00,24.799999237060547,24.920000076293945,24.59000015258789,24.790000915527344,18.94478988647461,8204700,0.0,0.0
2016-05-27 00:00:00-04:00,24.93000030517578,25.010000228881836,24.780000686645508,24.799999237060547,18.952428817749023,5381300,0.0,0.0
2016-05-31 00:00:00-04:00,24.829999923706055,24.850000381469727,24.530000686645508,24.719999313354492,18.89129066467285,7999900,0.0,0.0
2016-06-01 00:00:00-04:00,24.719999313354492,25.260000228881836,24.719999313354492,25.25,19.296321868896484,6126800,0.0,0.0
2016-06-02 00:00:00-04:00,25.209999084472656,25.25,25.06999969482422,25.18000030517578,19.242826461791992,4188200,0.0,0.0
2016-06-03 00:00:00-04:00,25.34000015258789,25.600000381469727,25.309999465942383,25.530000686645508,19.510303497314453,5041800,0.0,0.0
2016-06-06 00:00:00-04:00,25.600000381469727,25.670000076293945,25.43000030517578,25.469999313354492,19.464447021484375,7579500,0.0,0.0
2016-06-07 00:00:00-04:00,25.719999313354492,26.1200008392334,25.700000762939453,26.059999465942383,19.915332794189453,6624300,0.0,0.0
2016-06-08 00:00:00-04:00,26.510000228881836,26.579999923706055,26.290000915527344,26.329999923706055,20.12166976928711,6173600,0.0,0.0
2016-06-09 00:00:00-04:00,25.90999984741211,26.25,25.90999984741211,26.229999542236328,20.045249938964844,5760100,0.0,0.0
2016-06-10 00:00:00-04:00,25.899999618530273,25.969999313354492,25.540000915527344,25.860000610351562,19.762493133544922,6699400,0.0,0.0
2016-06-13 00:00:00-04:00,25.549999237060547,25.81999969482422,25.5,25.6299991607666,19.58672332763672,7414600,0.0,0.0
2016-06-14 00:00:00-04:00,25.540000915527344,25.709999084472656,25.389999389648438,25.56999969482422,19.540874481201172,7191500,0.0,0.0
2016-06-15 00:00:00-04:00,25.670000076293945,26.030000686645508,25.65999984741211,25.84000015258789,19.747209548950195,6926800,0.0,0.0
2016-06-16 00:00:00-04:00,25.510000228881836,25.90999984741211,25.3799991607666,25.860000610351562,19.762493133544922,4637700,0.0,0.0
2016-06-17 00:00:00-04:00,25.889999389648438,25.93000030517578,25.600000381469727,25.850000381469727,19.754850387573242,5813100,0.0,0.0
2016-06-20 00:00:00-04:00,26.31999969482422,26.639999389648438,26.280000686645508,26.3700008392334,20.152240753173828,10019300,0.0,0.0
2016-06-21 00:00:00-04:00,26.450000762939453,26.649999618530273,26.34000015258789,26.59000015258789,20.320369720458984,6095200,0.0,0.0
2016-06-22 00:00:00-04:00,26.600000381469727,26.920000076293945,26.520000457763672,26.540000915527344,20.282154083251953,8010400,0.0,0.0
2016-06-23 00:00:00-04:00,26.639999389648438,26.809999465942383,26.520000457763672,26.809999465942383,20.488500595092773,6708600,0.0,0.0
2016-06-24 00:00:00-04:00,25.59000015258789,26.200000762939453,25.510000228881836,25.68000030517578,19.624935150146484,9529800,0.0,0.0
2016-06-27 00:00:00-04:00,24.639999389648438,24.959999084472656,24.360000610351562,24.899999618530273,19.743074417114258,10314300,0.929,0.0
2016-06-28 00:00:00-04:00,25.219999313354492,25.3700008392334,25.09000015258789,25.260000228881836,20.028522491455078,14428100,0.0,0.0
2016-06-29 00:00:00-04:00,25.68000030517578,25.969999313354492,25.670000076293945,25.799999237060547,20.456682205200195,8758600,0.0,0.0
2016-06-30 00:00:00-04:00,26.06999969482422,26.420000076293945,25.829999923706055,26.229999542236328,20.79762840270996,9765900,0.0,0.0
2016-07-01 00:00:00-04:00,26.6299991607666,26.649999618530273,26.489999771118164,26.530000686645508,21.035493850708008,5939300,0.0,0.0
2016-07-05 00:00:00-04:00,26.15999984741211,26.299999237060547,26.1200008392334,26.260000228881836,20.8214168548584,5678400,0.0,0.0
2016-07-06 00:00:00-04:00,25.799999237060547,26.200000762939453,25.75,26.149999618530273,20.734195709228516,6062900,0.0,0.0
2016-07-07 00:00:00-04:00,26.25,26.530000686645508,26.239999771118164,26.309999465942383,20.86105728149414,5327900,0.0,0.0
2016-07-08 00:00:00-04:00,26.5,26.799999237060547,26.40999984741211,26.729999542236328,21.194072723388672,5780600,0.0,0.0
2016-07-11 00:00:00-04:00,27.15999984741211,27.3700008392334,27.1299991607666,27.200000762939453,21.566726684570312,6051600,0.0,0.0
2016-07-12 00:00:00-04:00,27.200000762939453,27.290000915527344,26.84000015258789,26.969999313354492,21.384363174438477,8538700,0.0,0.0
2016-07-13 00:00:00-04:00,26.920000076293945,27.010000228881836,26.760000228881836,26.889999389648438,21.32093620300293,10553300,0.0,0.0
2016-07-14 00:00:00-04:00,27.0,27.229999542236328,26.639999389648438,27.110000610351562,21.495370864868164,12145100,0.0,0.0
2016-07-15 00:00:00-04:00,27.190000534057617,27.260000228881836,26.969999313354492,27.010000228881836,21.41608428955078,5996500,0.0,0.0
2016-07-18 00:00:00-04:00,27.309999465942383,27.649999618530273,27.149999618530273,27.639999389648438,21.915605545043945,7767300,0.0,0.0
2016-07-19 00:00:00-04:00,27.3799991607666,27.520000457763672,27.190000534057617,27.270000457763672,21.62224006652832,4997300,0.0,0.0
2016-07-20 00:00:00-04:00,27.399999618530273,27.59000015258789,27.280000686645508,27.549999237060547,21.844242095947266,5805100,0.0,0.0
2016-07-21 00:00:00-04:00,27.670000076293945,27.81999969482422,27.420000076293945,27.479999542236328,21.788742065429688,6369300,0.0,0.0
2016-07-22 00:00:00-04:00,27.530000686645508,27.790000915527344,27.479999542236328,27.739999771118164,21.99489974975586,5116800,0.0,0.0
2016-07-25 00:00:00-04:00,27.489999771118164,27.920000076293945,27.489999771118164,27.860000610351562,22.09004783630371,7799700,0.0,0.0
2016-07-26 00:00:00-04:00,27.969999313354492,28.40999984741211,27.959999084472656,28.329999923706055,22.462705612182617,10178800,0.0,0.0
2016-07-27 00:00:00-04:00,28.489999771118164,28.489999771118164,27.940000534057617,28.100000381469727,22.28034019470215,7057700,0.0,0.0
2016-07-28 00:00:00-04:00,28.290000915527344,28.389999389648438,28.0,28.139999389648438,22.312055587768555,4746300,0.0,0.0
2016-07-29 00:00:00-04:00,28.100000381469727,28.100000381469727,27.65999984741211,27.780000686645508,22.026615142822266,7366600,0.0,0.0
2016-08-01 00:00:00-04:00,28.350000381469727,28.75,28.350000381469727,28.6200008392334,22.692642211914062,7328200,0.0,0.0
2016-08-02 00:00:00-04:00,28.489999771118164,28.489999771118164,28.059999465942383,28.15999984741211,22.327913284301758,6088500,0.0,0.0
2016-08-03 00:00:00-04:00,28.079999923706055,28.239999771118164,27.90999984741211,28.15999984741211,22.327913284301758,3872000,0.0,0.0
2016-08-04 00:00:00-04:00,28.219999313354492,28.43000030517578,28.1200008392334,28.399999618530273,22.518205642700195,3165000,0.0,0.0
2016-08-05 00:00:00-04:00,28.649999618530273,28.850000381469727,28.6299991607666,28.790000915527344,22.827438354492188,5573000,0.0,0.0
2016-08-08 00:00:00-04:00,28.760000228881836,29.139999389648438,28.709999084472656,29.09000015258789,23.065311431884766,8731700,0.0,0.0
2016-08-09 00:00:00-04:00,29.18000030517578,29.43000030517578,29.139999389648438,29.399999618530273,23.31110191345215,6660600,0.0,0.0
2016-08-10 00:00:00-04:00,29.420000076293945,29.450000762939453,29.18000030517578,29.219999313354492,23.168376922607422,8229100,0.0,0.0
2016-08-11 00:00:00-04:00,29.139999389648438,29.3700008392334,28.799999237060547,29.139999389648438,23.104949951171875,9134000,0.0,0.0
2016-08-12 00:00:00-04:00,29.170000076293945,29.270000457763672,29.059999465942383,29.239999771118164,23.18424415588379,3481800,0.0,0.0
2016-08-15 00:00:00-04:00,29.3799991607666,29.450000762939453,29.309999465942383,29.389999389648438,23.30317497253418,3187000,0.0,0.0
2016-08-16 00:00:00-04:00,29.15999984741211,29.200000762939453,28.979999542236328,29.079999923706055,23.057374954223633,5914400,0.0,0.0
2016-08-17 00:00:00-04:00,29.0,29.0,28.739999771118164,28.979999542236328,22.97808837890625,6996800,0.0,0.0
2016-08-18 00:00:00-04:00,28.90999984741211,29.200000762939453,28.84000015258789,29.15999984741211,23.120807647705078,4254200,0.0,0.0
2016-08-19 00:00:00-04:00,28.6299991607666,28.690000534057617,28.510000228881836,28.639999389648438,22.70850372314453,6241800,0.0,0.0
2016-08-22 00:00:00-04:00,28.299999237060547,28.479999542236328,28.219999313354492,28.399999618530273,22.518205642700195,6415400,0.0,0.0
2016-08-23 00:00:00-04:00,28.600000381469727,28.690000534057617,28.459999084472656,28.5,22.597496032714844,5501800,0.0,0.0
2016-08-24 00:00:00-04:00,28.56999969482422,28.600000381469727,28.34000015258789,28.389999389648438,22.510284423828125,5391500,0.0,0.0
2016-08-25 00:00:00-04:00,28.6299991607666,28.84000015258789,28.520000457763672,28.600000381469727,22.676788330078125,6388200,0.0,0.0
2016-08-26 00:00:00-04:00,28.600000381469727,28.899999618530273,28.43000030517578,28.639999389648438,22.70850372314453,5267500,0.0,0.0
2016-08-29 00:00:00-04:00,28.579999923706055,28.770000457763672,28.559999465942383,28.700000762939453,22.756074905395508,3143900,0.0,0.0
2016-08-30 00:00:00-04:00,28.59000015258789,28.690000534057617,28.530000686645508,28.6200008392334,22.692642211914062,5001800,0.0,0.0
2016-08-31 00:00:00-04:00,28.760000228881836,28.979999542236328,28.670000076293945,28.739999771118164,22.787792205810547,4674700,0.0,0.0
2016-09-01 00:00:00-04:00,28.690000534057617,29.030000686645508,28.6299991607666,28.959999084472656,22.962228775024414,6066600,0.0,0.0
2016-09-02 00:00:00-04:00,29.100000381469727,29.209999084472656,29.030000686645508,29.139999389648438,23.104949951171875,6050200,0.0,0.0
2016-09-06 00:00:00-04:00,29.510000228881836,29.719999313354492,29.299999237060547,29.489999771118164,23.382461547851562,6433000,0.0,0.0
2016-09-07 00:00:00-04:00,30.350000381469727,30.549999237060547,29.780000686645508,29.81999969482422,23.644119262695312,14429800,0.0,0.0
2016-09-08 00:00:00-04:00,29.899999618530273,29.920000076293945,29.639999389648438,29.790000915527344,23.62033462524414,6361600,0.0,0.0
2016-09-09 00:00:00-04:00,29.299999237060547,29.329999923706055,28.549999237060547,28.59000015258789,22.66885757446289,8325600,0.0,0.0
2016-09-12 00:00:00-04:00,28.549999237060547,29.040000915527344,28.200000762939453,28.989999771118164,22.98601722717285,5844500,0.0,0.0
2016-09-13 00:00:00-04:00,28.709999084472656,28.780000686645508,28.309999465942383,28.489999771118164,22.58957290649414,6857800,0.0,0.0
2016-09-14 00:00:00-04:00,28.520000457763672,28.760000228881836,28.360000610351562,28.6200008392334,22.692642211914062,5088700,0.0,0.0
2016-09-15 00:00:00-04:00,28.610000610351562,29.270000457763672,28.610000610351562,29.18000030517578,23.13666534423828,6305100,0.0,0.0
2016-09-16 00:00:00-04:00,29.1299991607666,29.219999313354492,28.770000457763672,28.90999984741211,22.922584533691406,7329300,0.0,0.0
2016-09-19 00:00:00-04:00,29.90999984741211,30.1200008392334,29.8700008392334,29.93000030517578,23.731334686279297,7696400,0.0,0.0
2016-09-20 00:00:00-04:00,30.15999984741211,30.239999771118164,29.889999389648438,29.899999618530273,23.707548141479492,5763300,0.0,0.0
2016-09-21 00:00:00-04:00,30.09000015258789,30.559999465942383,30.049999237060547,30.5,24.18328857421875,8097200,0.0,0.0
2016-09-22 00:00:00-04:00,30.760000228881836,30.950000762939453,30.510000228881836,30.65999984741211,24.310148239135742,5329000,0.0,0.0
2016-09-23 00:00:00-04:00,30.649999618530273,30.670000076293945,30.020000457763672,30.1200008392334,23.88198471069336,7959800,0.0,0.0
2016-09-26 00:00:00-04:00,30.020000457763672,30.06999969482422,29.709999084472656,29.84000015258789,23.65997314453125,4363300,0.0,0.0
2016-09-27 00:00:00-04:00,29.799999237060547,30.43000030517578,29.649999618530273,30.399999618530273,24.10399627685547,5707200,0.0,0.0
2016-09-28 00:00:00-04:00,30.469999313354492,30.5,30.1299991607666,30.329999923706055,24.048494338989258,4125100,0.0,0.0
2016-09-29 00:00:00-04:00,30.309999465942383,30.649999618530273,30.170000076293945,30.399999618530273,24.10399627685547,5985800,0.0,0.0
2016-09-30 00:00:00-04:00,30.290000915527344,30.68000030517578,30.229999542236328,30.59000015258789,24.254648208618164,5725700,0.0,0.0
2016-10-03 00:00:00-04:00,30.639999389648438,30.809999465942383,30.56999969482422,30.719999313354492,24.357723236083984,4198500,0.0,0.0
2016-10-04 00:00:00-04:00,30.81999969482422,30.920000076293945,30.360000610351562,30.389999389648438,24.09606170654297,5104800,0.0,0.0
2016-10-05 00:00:00-04:00,30.670000076293945,30.709999084472656,30.5,30.530000686645508,24.20707130432129,6205000,0.0,0.0
2016-10-06 00:00:00-04:00,30.700000762939453,30.809999465942383,30.3799991607666,30.770000457763672,24.397369384765625,4099900,0.0,0.0
2016-10-07 00:00:00-04:00,30.8799991607666,31.209999084472656,30.649999618530273,31.18000030517578,24.722457885742188,5753400,0.0,0.0
2016-10-10 00:00:00-04:00,31.190000534057617,31.479999542236328,31.15999984741211,31.280000686645508,24.80174446105957,7810500,0.0,0.0
2016-10-11 00:00:00-04:00,30.989999771118164,30.989999771118164,30.510000228881836,30.729999542236328,24.365652084350586,10157600,0.0,0.0
2016-10-12 00:00:00-04:00,30.899999618530273,31.40999984741211,30.700000762939453,31.350000381469727,24.857255935668945,9587000,0.0,0.0
2016-10-13 00:00:00-04:00,30.93000030517578,30.93000030517578,29.520000457763672,30.530000686645508,24.20707130432129,17323000,0.0,0.0
2016-10-14 00:00:00-04:00,31.059999465942383,31.270000457763672,30.56999969482422,30.65999984741211,24.310148239135742,9822900,0.0,0.0
2016-10-17 00:00:00-04:00,30.520000457763672,30.760000228881836,30.3799991607666,30.56999969482422,24.238784790039062,7598400,0.0,0.0
2016-10-18 00:00:00-04:00,30.90999984741211,30.979999542236328,30.690000534057617,30.860000610351562,24.468727111816406,5487500,0.0,0.0
2016-10-19 00:00:00-04:00,30.950000762939453,31.040000915527344,30.65999984741211,30.979999542236328,24.563880920410156,6733000,0.0,0.0
2016-10-20 00:00:00-04:00,30.93000030517578,31.149999618530273,30.799999237060547,31.059999465942383,24.62731170654297,7329800,0.0,0.0
2016-10-21 00:00:00-04:00,30.920000076293945,31.139999389648438,30.760000228881836,31.079999923706055,24.643169403076172,3817100,0.0,0.0
2016-10-24 00:00:00-04:00,31.139999389648438,31.40999984741211,31.079999923706055,31.40999984741211,24.90481948852539,3768900,0.0,0.0
2016-10-25 00:00:00-04:00,31.399999618530273,31.6200008392334,31.3799991607666,31.549999237060547,25.015825271606445,3214700,0.0,0.0
2016-10-26 00:00:00-04:00,31.190000534057617,31.43000030517578,31.06999969482422,31.209999084472656,24.746240615844727,4121500,0.0,0.0
2016-10-27 00:00:00-04:00,31.229999542236328,31.260000228881836,30.75,30.770000457763672,24.397369384765625,6243200,0.0,0.0
2016-10-28 00:00:00-04:00,30.940000534057617,31.100000381469727,30.760000228881836,30.770000457763672,24.397369384765625,5210800,0.0,0.0
2016-10-31 00:00:00-04:00,30.93000030517578,31.1299991607666,30.84000015258789,31.100000381469727,24.659025192260742,3212300,0.0,0.0
2016-11-01 00:00:00-04:00,31.1200008392334,31.200000762939453,30.479999542236328,30.709999084472656,24.34979248046875,5815800,0.0,0.0
2016-11-02 00:00:00-04:00,30.670000076293945,30.729999542236328,30.239999771118164,30.389999389648438,24.09606170654297,5274700,0.0,0.0
2016-11-03 00:00:00-04:00,30.350000381469727,30.5,30.18000030517578,30.280000686645508,24.008853912353516,4890800,0.0,0.0
2016-11-04 00:00:00-04:00,30.209999084472656,30.450000762939453,30.020000457763672,30.239999771118164,23.97713279724121,4431900,0.0,0.0
2016-11-07 00:00:00-05:00,30.719999313354492,31.3799991607666,30.68000030517578,31.350000381469727,24.857255935668945,3981800,0.0,0.0
2016-11-08 00:00:00-05:00,31.200000762939453,31.5,31.010000228881836,31.34000015258789,24.849323272705078,4077100,0.0,0.0
2016-11-09 00:00:00-05:00,30.639999389648438,30.989999771118164,30.309999465942383,30.59000015258789,24.254648208618164,8996700,0.0,0.0
2016-11-10 00:00:00-05:00,30.549999237060547,30.549999237060547,29.3700008392334,29.440000534057617,23.342819213867188,10104300,0.0,0.0
2016-11-11 00:00:00-05:00,29.059999465942383,30.079999923706055,28.760000228881836,29.93000030517578,23.731334686279297,7506800,0.0,0.0
2016-11-14 00:00:00-05:00,29.280000686645508,29.600000381469727,28.809999465942383,28.850000381469727,22.87501335144043,8551400,0.0,0.0
2016-11-15 00:00:00-05:00,29.309999465942383,29.440000534057617,28.770000457763672,29.200000762939453,23.15252685546875,11135600,0.0,0.0
2016-11-16 00:00:00-05:00,29.09000015258789,29.899999618530273,29.09000015258789,29.860000610351562,23.675832748413086,8802600,0.0,0.0
2016-11-17 00:00:00-05:00,30.0,30.020000457763672,29.350000381469727,29.469999313354492,23.36660385131836,7065100,0.0,0.0
2016-11-18 00:00:00-05:00,29.43000030517578,29.56999969482422,29.190000534057617,29.469999313354492,23.36660385131836,5136600,0.0,0.0
2016-11-21 00:00:00-05:00,29.600000381469727,29.739999771118164,29.459999084472656,29.649999618530273,23.50933074951172,4477100,0.0,0.0
2016-11-22 00:00:00-05:00,29.969999313354492,30.149999618530273,29.770000457763672,29.90999984741211,23.71548080444336,8937500,0.0,0.0
2016-11-23 00:00:00-05:00,29.899999618530273,30.1299991607666,29.739999771118164,29.889999389648438,23.69961929321289,4017500,0.0,0.0
2016-11-25 00:00:00-05:00,29.75,29.809999465942383,29.610000610351562,29.65999984741211,23.517255783081055,2101800,0.0,0.0
2016-11-28 00:00:00-05:00,29.709999084472656,29.940000534057617,29.540000915527344,29.65999984741211,23.517255783081055,5435000,0.0,0.0
2016-11-29 00:00:00-05:00,29.579999923706055,29.75,29.139999389648438,29.549999237060547,23.430038452148438,9254600,0.0,0.0
2016-11-30 00:00:00-05:00,29.549999237060547,29.81999969482422,29.399999618530273,29.690000534057617,23.54104232788086,6403400,0.0,0.0
2016-12-01 00:00:00-05:00,29.5,29.520000457763672,28.34000015258789,28.549999237060547,22.63714027404785,12499600,0.0,0.0
2016-12-02 00:00:00-05:00,28.520000457763672,28.8700008392334,28.389999389648438,28.860000610351562,22.8829402923584,5195800,0.0,0.0
2016-12-05 00:00:00-05:00,28.940000534057617,29.290000915527344,28.8700008392334,29.020000457763672,23.00979995727539,3953100,0.0,0.0
2016-12-06 00:00:00-05:00,29.309999465942383,29.610000610351562,29.200000762939453,29.510000228881836,23.398324966430664,4336200,0.0,0.0
2016-12-07 00:00:00-05:00,29.479999542236328,29.940000534057617,29.25,29.93000030517578,23.731334686279297,3911600,0.0,0.0
2016-12-08 00:00:00-05:00,30.270000457763672,30.270000457763672,29.860000610351562,30.040000915527344,23.818559646606445,4094600,0.0,0.0
2016-12-09 00:00:00-05:00,30.31999969482422,30.6299991607666,29.959999084472656,30.1200008392334,23.88198471069336,4387400,0.0,0.0
2016-12-12 00:00:00-05:00,29.969999313354492,29.969999313354492,29.6299991607666,29.899999618530273,23.707548141479492,3428000,0.0,0.0
2016-12-13 00:00:00-05:00,30.059999465942383,30.639999389648438,30.030000686645508,30.360000610351562,24.072284698486328,5857700,0.0,0.0
2016-12-14 00:00:00-05:00,30.260000228881836,30.389999389648438,29.850000381469727,29.8700008392334,23.68376350402832,6108400,0.0,0.0
2016-12-15 00:00:00-05:00,30.15999984741211,30.290000915527344,30.030000686645508,30.15999984741211,23.9137020111084,5073300,0.0,0.0
2016-12-16 00:00:00-05:00,30.049999237060547,30.079999923706055,29.389999389648438,29.479999542236328,23.37453269958496,6662100,0.0,0.0
2016-12-19 00:00:00-05:00,29.489999771118164,29.540000915527344,29.170000076293945,29.270000457763672,23.208030700683594,6157000,0.0,0.0
2016-12-20 00:00:00-05:00,29.350000381469727,29.559999465942383,29.139999389648438,29.309999465942383,23.239742279052734,5570800,0.0,0.0
2016-12-21 00:00:00-05:00,29.229999542236328,29.280000686645508,28.90999984741211,29.139999389648438,23.104949951171875,6267500,0.0,0.0
2016-12-22 00:00:00-05:00,28.989999771118164,29.0,28.5,28.739999771118164,22.787792205810547,7455900,0.0,0.0
2016-12-23 00:00:00-05:00,28.780000686645508,29.1299991607666,28.690000534057617,29.049999237060547,23.033592224121094,4853500,0.0,0.0
2016-12-27 00:00:00-05:00,29.0,29.229999542236328,29.0,29.100000381469727,23.073232650756836,3083000,0.0,0.0
2016-12-28 00:00:00-05:00,29.260000228881836,29.31999969482422,29.040000915527344,29.1200008392334,23.089094161987305,3663300,0.0,0.0
2016-12-29 00:00:00-05:00,28.989999771118164,29.15999984741211,28.809999465942383,29.1299991607666,23.09701919555664,5323900,0.0,0.0
2016-12-30 00:00:00-05:00,29.200000762939453,29.229999542236328,28.6200008392334,28.75,22.795719146728516,4862800,0.0,0.0
2017-01-03 00:00:00-05:00,29.25,29.510000228881836,29.059999465942383,29.309999465942383,23.239742279052734,6280300,0.0,0.0
2017-01-04 00:00:00-05:00,29.389999389648438,29.459999084472656,29.200000762939453,29.299999237060547,23.231813430786133,4391800,0.0,0.0
2017-01-05 00:00:00-05:00,29.530000686645508,29.90999984741211,29.520000457763672,29.799999237060547,23.628257751464844,4775700,0.0,0.0
2017-01-06 00:00:00-05:00,29.739999771118164,29.850000381469727,29.459999084472656,29.6299991607666,23.49346351623535,4878700,0.0,0.0
2017-01-09 00:00:00-05:00,29.790000915527344,30.139999389648438,29.719999313354492,30.040000915527344,23.818559646606445,8371700,0.0,0.0
2017-01-10 00:00:00-05:00,30.040000915527344,30.299999237060547,29.899999618530273,30.06999969482422,23.842342376708984,7582000,0.0,0.0
2017-01-11 00:00:00-05:00,29.780000686645508,30.200000762939453,29.719999313354492,30.170000076293945,23.921628952026367,7467300,0.0,0.0
2017-01-12 00:00:00-05:00,29.31999969482422,29.860000610351562,28.979999542236328,29.290000915527344,23.223880767822266,13032200,0.0,0.0
2017-01-13 00:00:00-05:00,29.5,29.649999618530273,29.219999313354492,29.440000534057617,23.342819213867188,9811100,0.0,0.0
2017-01-17 00:00:00-05:00,29.610000610351562,29.649999618530273,29.459999084472656,29.6200008392334,23.485546112060547,7679800,0.0,0.0
2017-01-18 00:00:00-05:00,29.549999237060547,29.68000030517578,29.440000534057617,29.489999771118164,23.382461547851562,7692800,0.0,0.0
2017-01-19 00:00:00-05:00,29.489999771118164,29.690000534057617,29.389999389648438,29.6299991607666,23.49346351623535,8493200,0.0,0.0
2017-01-20 00:00:00-05:00,29.6200008392334,30.260000228881836,29.56999969482422,30.06999969482422,23.842342376708984,7399400,0.0,0.0
2017-01-23 00:00:00-05:00,30.309999465942383,30.489999771118164,30.209999084472656,30.329999923706055,24.048494338989258,6959800,0.0,0.0
2017-01-24 00:00:00-05:00,30.530000686645508,30.899999618530273,30.510000228881836,30.81999969482422,24.437009811401367,7213600,0.0,0.0
2017-01-25 00:00:00-05:00,31.100000381469727,31.329999923706055,30.940000534057617,31.309999465942383,24.825529098510742,8025800,0.0,0.0
2017-01-26 00:00:00-05:00,31.260000228881836,31.450000762939453,31.010000228881836,31.110000610351562,24.66695785522461,8308700,0.0,0.0
2017-01-27 00:00:00-05:00,31.170000076293945,31.350000381469727,31.0,31.25,24.77796173095703,5982200,0.0,0.0
2017-01-30 00:00:00-05:00,31.06999969482422,31.200000762939453,30.940000534057617,31.190000534057617,24.73038101196289,7253100,0.0,0.0
2017-01-31 00:00:00-05:00,31.040000915527344,31.15999984741211,30.729999542236328,30.90999984741211,24.508373260498047,6263100,0.0,0.0
2017-02-01 00:00:00-05:00,31.239999771118164,31.309999465942383,30.84000015258789,31.079999923706055,24.643169403076172,5036900,0.0,0.0
2017-02-02 00:00:00-05:00,30.709999084472656,30.889999389648438,30.6200008392334,30.780000686645508,24.40530014038086,5794800,0.0,0.0
2017-02-03 00:00:00-05:00,30.959999084472656,31.079999923706055,30.799999237060547,30.969999313354492,24.555950164794922,5249100,0.0,0.0
2017-02-06 00:00:00-05:00,30.950000762939453,30.950000762939453,30.700000762939453,30.8700008392334,24.476665496826172,3523700,0.0,0.0
2017-02-07 00:00:00-05:00,30.90999984741211,30.969999313354492,30.5,30.520000457763672,24.199148178100586,6209500,0.0,0.0
2017-02-08 00:00:00-05:00,30.690000534057617,30.700000762939453,30.290000915527344,30.329999923706055,24.048494338989258,7776600,0.0,0.0
2017-02-09 00:00:00-05:00,30.329999923706055,30.5,30.170000076293945,30.209999084472656,23.953350067138672,8547000,0.0,0.0
2017-02-10 00:00:00-05:00,30.440000534057617,30.809999465942383,30.350000381469727,30.709999084472656,24.34979248046875,6749400,0.0,0.0
2017-02-13 00:00:00-05:00,30.940000534057617,31.799999237060547,30.940000534057617,31.690000534057617,25.126834869384766,10203800,0.0,0.0
2017-02-14 00:00:00-05:00,31.469999313354492,31.469999313354492,31.110000610351562,31.329999923706055,24.84139060974121,5208600,0.0,0.0
2017-02-15 00:00:00-05:00,31.5,31.799999237060547,31.5,31.75,25.174402236938477,4577200,0.0,0.0
2017-02-16 00:00:00-05:00,31.719999313354492,32.4900016784668,31.6299991607666,32.31999969482422,25.62635612487793,13197100,0.0,0.0
2017-02-17 00:00:00-05:00,32.099998474121094,32.380001068115234,32.02000045776367,32.34000015258789,25.642213821411133,7518200,0.0,0.0
2017-02-21 00:00:00-05:00,32.38999938964844,32.470001220703125,32.16999816894531,32.33000183105469,25.6342830657959,5475400,0.0,0.0
2017-02-22 00:00:00-05:00,32.20000076293945,32.20000076293945,31.90999984741211,32.06999969482422,25.428133010864258,5296200,0.0,0.0
2017-02-23 00:00:00-05:00,32.150001525878906,32.150001525878906,31.729999542236328,31.75,25.174402236938477,5291200,0.0,0.0
2017-02-24 00:00:00-05:00,31.610000610351562,31.920000076293945,31.469999313354492,31.920000076293945,25.309194564819336,3687100,0.0,0.0
2017-02-27 00:00:00-05:00,31.81999969482422,31.81999969482422,31.479999542236328,31.530000686645508,24.999969482421875,5841900,0.0,0.0
2017-02-28 00:00:00-05:00,31.59000015258789,31.68000030517578,31.399999618530273,31.469999313354492,24.952392578125,6040800,0.0,0.0
2017-03-01 00:00:00-05:00,31.420000076293945,31.600000381469727,31.260000228881836,31.579999923706055,25.03961753845215,4910300,0.0,0.0
2017-03-02 00:00:00-05:00,31.190000534057617,31.239999771118164,30.790000915527344,30.8700008392334,24.476665496826172,8561100,0.0,0.0
2017-03-03 00:00:00-05:00,30.8700008392334,30.920000076293945,30.540000915527344,30.850000381469727,24.46079444885254,6120700,0.0,0.0
2017-03-06 00:00:00-05:00,30.799999237060547,30.940000534057617,30.709999084472656,30.850000381469727,24.46079444885254,5467400,0.0,0.0
2017-03-07 00:00:00-05:00,31.010000228881836,31.399999618530273,30.959999084472656,31.309999465942383,24.825529098510742,7014000,0.0,0.0
2017-03-08 00:00:00-05:00,31.469999313354492,31.520000457763672,31.200000762939453,31.219999313354492,24.754169464111328,4528500,0.0,0.0
2017-03-09 00:00:00-05:00,30.889999389648438,31.059999465942383,30.719999313354492,30.979999542236328,24.563880920410156,6120700,0.0,0.0
2017-03-10 00:00:00-05:00,30.8700008392334,31.079999923706055,30.81999969482422,31.059999465942383,24.62731170654297,5655300,0.0,0.0
2017-03-13 00:00:00-04:00,31.270000457763672,31.56999969482422,31.239999771118164,31.5,24.976181030273438,3965700,0.0,0.0
2017-03-14 00:00:00-04:00,31.3799991607666,31.469999313354492,31.200000762939453,31.209999084472656,24.746240615844727,5967200,0.0,0.0
2017-03-15 00:00:00-04:00,31.3799991607666,32.029998779296875,31.34000015258789,31.90999984741211,25.301265716552734,4571400,0.0,0.0
2017-03-16 00:00:00-04:00,32.25,32.470001220703125,32.20000076293945,32.40999984741211,25.697717666625977,6489000,0.0,0.0
2017-03-17 00:00:00-04:00,32.599998474121094,32.7599983215332,32.439998626708984,32.59000015258789,25.840438842773438,6199800,0.0,0.0
2017-03-20 00:00:00-04:00,32.79999923706055,33.11000061035156,32.709999084472656,32.849998474121094,26.046588897705078,5126700,0.0,0.0
2017-03-21 00:00:00-04:00,33.2400016784668,33.529998779296875,32.439998626708984,32.47999954223633,25.75322151184082,9159900,0.0,0.0
2017-03-22 00:00:00-04:00,32.56999969482422,32.849998474121094,32.47999954223633,32.689998626708984,25.919723510742188,6713500,0.0,0.0
2017-03-23 00:00:00-04:00,32.470001220703125,32.65999984741211,32.369998931884766,32.560001373291016,25.8166561126709,5909900,0.0,0.0
2017-03-24 00:00:00-04:00,32.72999954223633,33.099998474121094,32.61000061035156,32.810001373291016,26.014875411987305,5899900,0.0,0.0
2017-03-27 00:00:00-04:00,32.849998474121094,33.2599983215332,32.779998779296875,33.16999816894531,26.30031394958496,5661500,0.0,0.0
2017-03-28 00:00:00-04:00,33.36000061035156,33.43000030517578,33.130001068115234,33.349998474121094,26.443031311035156,4527000,0.0,0.0
2017-03-29 00:00:00-04:00,32.95000076293945,32.970001220703125,32.77000045776367,32.93000030517578,26.11002540588379,4083900,0.0,0.0
2017-03-30 00:00:00-04:00,32.84000015258789,33.150001525878906,32.779998779296875,33.06999969482422,26.22102928161621,3890600,0.0,0.0
2017-03-31 00:00:00-04:00,32.70000076293945,32.939998626708984,32.56999969482422,32.84000015258789,26.038660049438477,4853500,0.0,0.0
2017-04-03 00:00:00-04:00,32.939998626708984,33.0,32.709999084472656,32.88999938964844,26.07830810546875,4283100,0.0,0.0
2017-04-04 00:00:00-04:00,32.79999923706055,32.95000076293945,32.77000045776367,32.86000061035156,26.054519653320312,3756600,0.0,0.0
2017-04-05 00:00:00-04:00,33.060001373291016,33.33000183105469,32.869998931884766,32.900001525878906,26.086238861083984,5112900,0.0,0.0
2017-04-06 00:00:00-04:00,32.880001068115234,32.939998626708984,32.72999954223633,32.86000061035156,26.054519653320312,3990800,0.0,0.0
2017-04-07 00:00:00-04:00,32.86000061035156,33.040000915527344,32.77000045776367,32.869998931884766,26.06244468688965,3366300,0.0,0.0
2017-04-10 00:00:00-04:00,32.869998931884766,32.869998931884766,32.41999816894531,32.52000045776367,25.784931182861328,4937100,0.0,0.0
2017-04-11 00:00:00-04:00,32.689998626708984,32.689998626708984,31.979999542236328,32.400001525878906,25.689786911010742,6293800,0.0,0.0
2017-04-12 00:00:00-04:00,32.470001220703125,32.63999938964844,32.02000045776367,32.279998779296875,25.594640731811523,6136500,0.0,0.0
2017-04-13 00:00:00-04:00,32.099998474121094,32.45000076293945,31.81999969482422,31.829999923706055,25.237831115722656,8781700,0.0,0.0
2017-04-17 00:00:00-04:00,32.040000915527344,32.06999969482422,31.770000457763672,32.029998779296875,25.396413803100586,6918900,0.0,0.0
2017-04-18 00:00:00-04:00,31.760000228881836,31.860000610351562,31.6299991607666,31.790000915527344,25.206119537353516,5468600,0.0,0.0
2017-04-19 00:00:00-04:00,31.920000076293945,31.950000762939453,31.489999771118164,31.610000610351562,25.06340217590332,4739200,0.0,0.0
2017-04-20 00:00:00-04:00,31.770000457763672,31.8700008392334,31.639999389648438,31.790000915527344,25.206119537353516,4237700,0.0,0.0
2017-04-21 00:00:00-04:00,32.09000015258789,32.13999938964844,31.950000762939453,32.08000183105469,25.436065673828125,4530400,0.0,0.0
2017-04-24 00:00:00-04:00,32.58000183105469,32.79999923706055,32.4900016784668,32.70000076293945,25.927656173706055,5717000,0.0,0.0
2017-04-25 00:00:00-04:00,32.7599983215332,33.18000030517578,32.75,33.06999969482422,26.22102928161621,5614300,0.0,0.0
2017-04-26 00:00:00-04:00,33.060001373291016,33.11000061035156,32.81999969482422,33.0,26.165523529052734,6027700,0.0,0.0
2017-04-27 00:00:00-04:00,33.11000061035156,33.29999923706055,33.0099983215332,33.02000045776367,26.181385040283203,5625600,0.0,0.0
2017-04-28 00:00:00-04:00,33.150001525878906,33.25,33.040000915527344,33.06999969482422,26.22102928161621,5250500,0.0,0.0
2017-05-01 00:00:00-04:00,33.15999984741211,33.40999984741211,33.13999938964844,33.400001525878906,26.48267936706543,4015100,0.0,0.0
2017-05-02 00:00:00-04:00,33.56999969482422,33.9900016784668,33.56999969482422,33.93000030517578,26.902917861938477,5989300,0.0,0.0
2017-05-03 00:00:00-04:00,33.880001068115234,34.290000915527344,33.84000015258789,34.290000915527344,27.188358306884766,6660700,0.0,0.0
2017-05-04 00:00:00-04:00,34.189998626708984,34.189998626708984,33.970001220703125,34.13999938964844,27.06942367553711,5697300,0.0,0.0
2017-05-05 00:00:00-04:00,34.15999984741211,34.439998626708984,34.029998779296875,34.41999816894531,27.291433334350586,5249800,0.0,0.0
2017-05-08 00:00:00-04:00,34.70000076293945,35.099998474121094,34.630001068115234,34.97999954223633,27.73546028137207,6906900,0.0,0.0
2017-05-09 00:00:00-04:00,35.130001068115234,35.459999084472656,35.130001068115234,35.40999984741211,28.076393127441406,7297900,0.0,0.0
2017-05-10 00:00:00-04:00,35.27000045776367,35.630001068115234,35.08000183105469,35.40999984741211,28.076393127441406,9936700,0.0,0.0
2017-05-11 00:00:00-04:00,35.619998931884766,35.79999923706055,35.369998931884766,35.560001373291016,28.195335388183594,6648900,0.0,0.0
2017-05-12 00:00:00-04:00,35.5,35.52000045776367,35.25,35.369998931884766,28.04468536376953,4905000,0.0,0.0
2017-05-15 00:00:00-04:00,35.36000061035156,35.38999938964844,34.880001068115234,35.060001373291016,27.798885345458984,9784700,0.0,0.0
2017-05-16 00:00:00-04:00,35.0099983215332,35.029998779296875,34.79999923706055,35.029998779296875,27.77509880065918,6046200,0.0,0.0
2017-05-17 00:00:00-04:00,34.79999923706055,34.810001373291016,34.38999938964844,34.41999816894531,27.291433334350586,8128100,0.0,0.0
2017-05-18 00:00:00-04:00,34.439998626708984,34.9900016784668,34.40999984741211,34.900001525878906,27.67202377319336,8303700,0.0,0.0
2017-05-19 00:00:00-04:00,35.08000183105469,35.22999954223633,34.939998626708984,35.20000076293945,27.90988540649414,7283300,0.0,0.0
2017-05-22 00:00:00-04:00,35.38999938964844,35.5099983215332,35.2599983215332,35.400001525878906,28.068470001220703,5914200,0.0,0.0
2017-05-23 00:00:00-04:00,35.38999938964844,35.4900016784668,35.29999923706055,35.400001525878906,28.068470001220703,6612800,0.0,0.0
2017-05-24 00:00:00-04:00,35.41999816894531,35.59000015258789,35.34000015258789,35.52000045776367,28.163619995117188,7812500,0.0,0.0
2017-05-25 00:00:00-04:00,35.65999984741211,35.790000915527344,35.4900016784668,35.56999969482422,28.203264236450195,4514900,0.0,0.0
2017-05-26 00:00:00-04:00,35.54999923706055,35.58000183105469,35.33000183105469,35.5099983215332,28.155696868896484,3109800,0.0,0.0
2017-05-30 00:00:00-04:00,35.68000030517578,35.810001373291016,35.47999954223633,35.779998779296875,28.369773864746094,4219300,0.0,0.0
2017-05-31 00:00:00-04:00,35.31999969482422,35.36000061035156,35.099998474121094,35.36000061035156,28.036752700805664,7663100,0.0,0.0
2017-06-01 00:00:00-04:00,35.70000076293945,35.91999816894531,35.529998779296875,35.88999938964844,28.456993103027344,6016100,0.0,0.0
2017-06-02 00:00:00-04:00,35.90999984741211,36.22999954223633,35.849998474121094,36.18000030517578,28.686931610107422,5779200,0.0,0.0
2017-06-05 00:00:00-04:00,36.560001373291016,36.66999816894531,36.29999923706055,36.38999938964844,28.853437423706055,4819600,0.0,0.0
2017-06-06 00:00:00-04:00,36.380001068115234,36.58000183105469,36.2400016784668,36.43000030517578,28.885156631469727,5028000,0.0,0.0
2017-06-07 00:00:00-04:00,36.59000015258789,36.709999084472656,36.380001068115234,36.459999084472656,28.9089412689209,6537700,0.0,0.0
2017-06-08 00:00:00-04:00,36.75,36.900001525878906,36.540000915527344,36.83000183105469,29.202308654785156,7593900,0.0,0.0
2017-06-09 00:00:00-04:00,36.58000183105469,36.70000076293945,35.20000076293945,35.790000915527344,28.377700805664062,12040100,0.0,0.0
2017-06-12 00:00:00-04:00,35.790000915527344,35.790000915527344,35.0099983215332,35.2400016784668,27.941608428955078,11057000,0.0,0.0
2017-06-13 00:00:00-04:00,35.459999084472656,35.59000015258789,35.25,35.560001373291016,28.195335388183594,4969400,0.0,0.0
2017-06-14 00:00:00-04:00,35.470001220703125,35.77000045776367,35.369998931884766,35.650001525878906,28.266695022583008,7016400,0.0,0.0
2017-06-15 00:00:00-04:00,35.11000061035156,35.470001220703125,35.0099983215332,35.439998626708984,28.100183486938477,4623300,0.0,0.0
2017-06-16 00:00:00-04:00,35.869998931884766,35.95000076293945,35.720001220703125,35.869998931884766,28.441143035888672,7432400,0.0,0.0
2017-06-19 00:00:00-04:00,36.130001068115234,36.36000061035156,36.06999969482422,36.209999084472656,28.71072006225586,4523700,0.0,0.0
2017-06-20 00:00:00-04:00,36.52000045776367,36.7400016784668,36.119998931884766,36.130001068115234,28.647281646728516,4987400,0.0,0.0
2017-06-21 00:00:00-04:00,36.209999084472656,36.779998779296875,36.209999084472656,36.709999084472656,29.10716438293457,6329400,0.0,0.0
2017-06-22 00:00:00-04:00,36.720001220703125,36.91999816894531,36.630001068115234,36.709999084472656,29.10716438293457,6273400,0.0,0.0
2017-06-23 00:00:00-04:00,36.720001220703125,36.779998779296875,36.540000915527344,36.72999954223633,29.123027801513672,5558600,0.0,0.0
2017-06-26 00:00:00-04:00,36.439998626708984,36.52000045776367,35.91999816894531,36.130001068115234,29.580686569213867,10127200,1.159,0.0
2017-06-27 00:00:00-04:00,35.790000915527344,35.790000915527344,34.970001220703125,35.09000015258789,28.72921371459961,8081100,0.0,0.0
2017-06-28 00:00:00-04:00,35.27000045776367,35.38999938964844,34.75,35.349998474121094,28.94208335876465,8306200,0.0,0.0
2017-06-29 00:00:00-04:00,35.22999954223633,35.22999954223633,34.529998779296875,34.810001373291016,28.499969482421875,7332200,0.0,0.0
2017-06-30 00:00:00-04:00,34.84000015258789,35.09000015258789,34.70000076293945,34.959999084472656,28.62278175354004,5177500,0.0,0.0
2017-07-03 00:00:00-04:00,35.040000915527344,35.16999816894531,34.83000183105469,34.880001068115234,28.557281494140625,4470600,0.0,0.0
2017-07-05 00:00:00-04:00,35.08000183105469,35.08000183105469,34.630001068115234,34.81999969482422,28.508155822753906,9222200,0.0,0.0
2017-07-06 00:00:00-04:00,34.5,34.63999938964844,34.310001373291016,34.5,28.24616241455078,6493700,0.0,0.0
2017-07-07 00:00:00-04:00,34.54999923706055,34.66999816894531,34.47999954223633,34.630001068115234,28.35260009765625,7937800,0.0,0.0
2017-07-10 00:00:00-04:00,34.61000061035156,35.15999984741211,34.54999923706055,35.0,28.6555233001709,7779700,0.0,0.0
2017-07-11 00:00:00-04:00,35.43000030517578,35.43000030517578,35.04999923706055,35.380001068115234,28.96664047241211,9300800,0.0,0.0
2017-07-12 00:00:00-04:00,35.650001525878906,35.79999923706055,35.5,35.689998626708984,29.220457077026367,9211200,0.0,0.0
2017-07-13 00:00:00-04:00,35.459999084472656,36.15999984741211,35.459999084472656,36.150001525878906,29.597070693969727,9943900,0.0,0.0
2017-07-14 00:00:00-04:00,36.130001068115234,36.349998474121094,35.97999954223633,36.25,29.678943634033203,7196600,0.0,0.0
2017-07-17 00:00:00-04:00,36.029998779296875,36.060001373291016,35.63999938964844,35.90999984741211,29.40056610107422,4649800,0.0,0.0
2017-07-18 00:00:00-04:00,35.880001068115234,36.040000915527344,35.720001220703125,35.869998931884766,29.367835998535156,6185300,0.0,0.0
2017-07-19 00:00:00-04:00,36.060001373291016,36.41999816894531,36.060001373291016,36.40999984741211,29.8099422454834,7033800,0.0,0.0
2017-07-20 00:00:00-04:00,36.40999984741211,36.40999984741211,36.08000183105469,36.099998474121094,29.556119918823242,6996600,0.0,0.0
2017-07-21 00:00:00-04:00,36.060001373291016,36.060001373291016,35.70000076293945,35.849998474121094,29.351444244384766,5023500,0.0,0.0
2017-07-24 00:00:00-04:00,36.11000061035156,36.220001220703125,36.0099983215332,36.220001220703125,29.65437126159668,6842100,0.0,0.0
2017-07-25 00:00:00-04:00,36.0099983215332,36.25,35.970001220703125,36.099998474121094,29.556119918823242,5276300,0.0,0.0
2017-07-26 00:00:00-04:00,36.099998474121094,36.25,35.939998626708984,36.220001220703125,29.65437126159668,4342200,0.0,0.0
2017-07-27 00:00:00-04:00,36.540000915527344,36.61000061035156,35.959999084472656,36.18000030517578,29.62163543701172,7243100,0.0,0.0
2017-07-28 00:00:00-04:00,36.04999923706055,36.06999969482422,35.70000076293945,35.86000061035156,29.35964012145996,3678400,0.0,0.0
2017-07-31 00:00:00-04:00,36.029998779296875,36.400001525878906,35.849998474121094,35.959999084472656,29.441513061523438,7757600,0.0,0.0
2017-08-01 00:00:00-04:00,35.95000076293945,35.9900016784668,35.709999084472656,35.84000015258789,29.34326171875,5437300,0.0,0.0
2017-08-02 00:00:00-04:00,36.400001525878906,36.470001220703125,35.86000061035156,36.06999969482422,29.531564712524414,6064600,0.0,0.0
2017-08-03 00:00:00-04:00,36.11000061035156,36.11000061035156,35.650001525878906,35.790000915527344,29.302324295043945,3919800,0.0,0.0
2017-08-04 00:00:00-04:00,35.93000030517578,36.08000183105469,35.7599983215332,36.029998779296875,29.49881935119629,4071400,0.0,0.0
2017-08-07 00:00:00-04:00,36.2599983215332,36.81999969482422,36.2599983215332,36.790000915527344,30.121047973632812,4860200,0.0,0.0
2017-08-08 00:00:00-04:00,36.709999084472656,36.959999084472656,36.63999938964844,36.70000076293945,30.04736328125,3301200,0.0,0.0
2017-08-09 00:00:00-04:00,36.20000076293945,36.470001220703125,36.029998779296875,36.459999084472656,29.850872039794922,3153700,0.0,0.0
2017-08-10 00:00:00-04:00,36.0,36.029998779296875,35.34000015258789,35.34000015258789,28.93389320373535,5605400,0.0,0.0
2017-08-11 00:00:00-04:00,35.52000045776367,36.20000076293945,35.43000030517578,36.13999938964844,29.588878631591797,4291100,0.0,0.0
2017-08-14 00:00:00-04:00,36.029998779296875,36.099998474121094,35.849998474121094,36.04999923706055,29.51519775390625,3875600,0.0,0.0
2017-08-15 00:00:00-04:00,36.189998626708984,36.4900016784668,36.09000015258789,36.41999816894531,29.818124771118164,3820400,0.0,0.0
2017-08-16 00:00:00-04:00,36.20000076293945,36.439998626708984,36.13999938964844,36.34000015258789,29.752628326416016,3232000,0.0,0.0
2017-08-17 00:00:00-04:00,36.29999923706055,36.34000015258789,35.77000045776367,35.790000915527344,29.302324295043945,3324000,0.0,0.0
2017-08-18 00:00:00-04:00,36.0,36.099998474121094,35.61000061035156,35.86000061035156,29.35964012145996,3692800,0.0,0.0
2017-08-21 00:00:00-04:00,35.90999984741211,36.0099983215332,35.630001068115234,35.97999954223633,29.4578857421875,3588100,0.0,0.0
2017-08-22 00:00:00-04:00,36.470001220703125,36.66999816894531,36.34000015258789,36.52000045776367,29.899991989135742,3202300,0.0,0.0
2017-08-23 00:00:00-04:00,36.470001220703125,36.599998474121094,36.369998931884766,36.58000183105469,29.949125289916992,2956400,0.0,0.0
2017-08-24 00:00:00-04:00,36.779998779296875,36.93000030517578,36.58000183105469,36.83000183105469,30.153799057006836,4544500,0.0,0.0
2017-08-25 00:00:00-04:00,36.93000030517578,37.060001373291016,36.75,36.849998474121094,30.170169830322266,2975200,0.0,0.0
2017-08-28 00:00:00-04:00,36.59000015258789,36.869998931884766,36.56999969482422,36.77000045776367,30.10468101501465,2199900,0.0,0.0
2017-08-29 00:00:00-04:00,36.52000045776367,36.970001220703125,36.5,36.880001068115234,30.194747924804688,2997700,0.0,0.0
2017-08-30 00:00:00-04:00,36.880001068115234,37.08000183105469,36.79999923706055,36.93000030517578,30.23567008972168,2838900,0.0,0.0
2017-08-31 00:00:00-04:00,36.95000076293945,36.97999954223633,36.70000076293945,36.970001220703125,30.268417358398438,4288600,0.0,0.0
2017-09-01 00:00:00-04:00,37.0,37.2400016784668,36.90999984741211,37.220001220703125,30.473106384277344,4100000,0.0,0.0
2017-09-05 00:00:00-04:00,37.25,37.400001525878906,36.650001525878906,36.849998474121094,30.170169830322266,7123000,0.0,0.0
2017-09-06 00:00:00-04:00,37.060001373291016,37.369998931884766,37.0,37.27000045776367,30.51404571533203,4187700,0.0,0.0
2017-09-07 00:00:00-04:00,37.2400016784668,37.540000915527344,37.18000030517578,37.540000915527344,30.73509407043457,3597500,0.0,0.0
2017-09-08 00:00:00-04:00,37.56999969482422,37.68000030517578,37.349998474121094,37.5,30.70233917236328,5581800,0.0,0.0
2017-09-11 00:00:00-04:00,37.38999938964844,37.880001068115234,37.349998474121094,37.84000015258789,30.980714797973633,6920100,0.0,0.0
2017-09-12 00:00:00-04:00,37.849998474121094,37.939998626708984,37.650001525878906,37.86000061035156,30.997087478637695,3524500,0.0,0.0
2017-09-13 00:00:00-04:00,37.66999816894531,37.790000915527344,37.4900016784668,37.529998779296875,30.72690773010254,4983400,0.0,0.0
2017-09-14 00:00:00-04:00,37.5,37.72999954223633,37.369998931884766,37.380001068115234,30.604110717773438,5799000,0.0,0.0
2017-09-15 00:00:00-04:00,37.52000045776367,37.66999816894531,37.400001525878906,37.650001525878906,30.82516098022461,7245600,0.0,0.0
2017-09-18 00:00:00-04:00,37.869998931884766,38.119998931884766,37.83000183105469,38.06999969482422,31.169023513793945,6179600,0.0,0.0
2017-09-19 00:00:00-04:00,38.18000030517578,38.43000030517578,38.130001068115234,38.29999923706055,31.357343673706055,6559400,0.0,0.0
2017-09-20 00:00:00-04:00,38.36000061035156,38.38999938964844,37.439998626708984,37.81999969482422,30.96434783935547,7961100,0.0,0.0
2017-09-21 00:00:00-04:00,37.790000915527344,38.33000183105469,37.66999816894531,38.2400016784668,31.308212280273438,8458000,0.0,0.0
2017-09-22 00:00:00-04:00,37.70000076293945,37.83000183105469,37.59000015258789,37.77000045776367,30.923402786254883,4529900,0.0,0.0
2017-09-25 00:00:00-04:00,37.5,37.5,36.86000061035156,37.06999969482422,30.350299835205078,5895000,0.0,0.0
2017-09-26 00:00:00-04:00,37.09000015258789,37.31999969482422,36.93000030517578,37.13999938964844,30.40760612487793,5995400,0.0,0.0
2017-09-27 00:00:00-04:00,37.290000915527344,37.36000061035156,37.0099983215332,37.25,30.497669219970703,4802700,0.0,0.0
2017-09-28 00:00:00-04:00,36.959999084472656,37.099998474121094,36.790000915527344,37.04999923706055,30.333925247192383,7618700,0.0,0.0
2017-09-29 00:00:00-04:00,37.2599983215332,37.599998474121094,37.2599983215332,37.54999923706055,30.743282318115234,3818500,0.0,0.0
2017-10-02 00:00:00-04:00,37.83000183105469,38.18000030517578,37.77000045776367,38.130001068115234,31.218154907226562,5096200,0.0,0.0
2017-10-03 00:00:00-04:00,38.36000061035156,38.470001220703125,38.25,38.439998626708984,31.471954345703125,3727100,0.0,0.0
2017-10-04 00:00:00-04:00,38.25,38.34000015258789,38.130001068115234,38.27000045776367,31.332778930664062,2717200,0.0,0.0
2017-10-05 00:00:00-04:00,38.65999984741211,38.849998474121094,38.38999938964844,38.459999084472656,31.488325119018555,4456400,0.0,0.0
2017-10-06 00:00:00-04:00,38.40999984741211,38.47999954223633,38.209999084472656,38.459999084472656,31.488325119018555,3086100,0.0,0.0
2017-10-09 00:00:00-04:00,38.599998474121094,38.810001373291016,38.5,38.77000045776367,31.742136001586914,1963500,0.0,0.0
2017-10-10 00:00:00-04:00,39.11000061035156,39.15999984741211,38.81999969482422,38.970001220703125,31.9058780670166,4112000,0.0,0.0
2017-10-11 00:00:00-04:00,39.79999923706055,40.38999938964844,39.68000030517578,40.349998474121094,33.03572082519531,9015400,0.0,0.0
2017-10-12 00:00:00-04:00,40.4900016784668,40.65999984741211,40.31999969482422,40.439998626708984,33.10941696166992,5524100,0.0,0.0
2017-10-13 00:00:00-04:00,40.70000076293945,40.86000061035156,40.630001068115234,40.81999969482422,33.42051315307617,3913100,0.0,0.0
2017-10-16 00:00:00-04:00,40.880001068115234,40.91999816894531,40.650001525878906,40.88999938964844,33.47785186767578,2707000,0.0,0.0
2017-10-17 00:00:00-04:00,40.83000183105469,41.25,40.540000915527344,41.25,33.77259063720703,7582200,0.0,0.0
2017-10-18 00:00:00-04:00,41.400001525878906,41.720001220703125,40.93000030517578,41.5,33.97726058959961,6653200,0.0,0.0
2017-10-19 00:00:00-04:00,41.02000045776367,41.290000915527344,40.5,41.06999969482422,33.62521743774414,5710500,0.0,0.0
2017-10-20 00:00:00-04:00,41.02000045776367,41.119998931884766,40.83000183105469,41.119998931884766,33.66615295410156,5251600,0.0,0.0
2017-10-23 00:00:00-04:00,41.369998931884766,41.47999954223633,41.11000061035156,41.209999084472656,33.73981857299805,5092400,0.0,0.0
2017-10-24 00:00:00-04:00,41.2599983215332,41.380001068115234,40.970001220703125,41.31999969482422,33.829891204833984,4251600,0.0,0.0
2017-10-25 00:00:00-04:00,41.29999923706055,41.40999984741211,40.70000076293945,41.15999984741211,33.69890594482422,3360000,0.0,0.0
2017-10-26 00:00:00-04:00,41.18000030517578,41.34000015258789,41.06999969482422,41.20000076293945,33.73164367675781,3651500,0.0,0.0
2017-10-27 00:00:00-04:00,41.47999954223633,42.18000030517578,41.41999816894531,42.150001525878906,34.50944519042969,4822800,0.0,0.0
2017-10-30 00:00:00-04:00,42.36000061035156,42.65999984741211,42.08000183105469,42.130001068115234,34.49306869506836,5200800,0.0,0.0
2017-10-31 00:00:00-04:00,42.18000030517578,42.52000045776367,42.099998474121094,42.33000183105469,34.65681457519531,3704500,0.0,0.0
2017-11-01 00:00:00-04:00,42.47999954223633,42.5,41.86000061035156,42.099998474121094,34.46849822998047,4235700,0.0,0.0
2017-11-02 00:00:00-04:00,42.09000015258789,42.2400016784668,41.95000076293945,42.150001525878906,34.50944519042969,3255800,0.0,0.0
2017-11-03 00:00:00-04:00,41.900001525878906,42.22999954223633,41.59000015258789,42.189998626708984,34.54219055175781,6140900,0.0,0.0
2017-11-06 00:00:00-05:00,42.189998626708984,42.47999954223633,42.08000183105469,42.43000030517578,34.738685607910156,5650500,0.0,0.0
2017-11-07 00:00:00-05:00,42.63999938964844,42.709999084472656,42.2599983215332,42.5099983215332,34.80418014526367,2761600,0.0,0.0
2017-11-08 00:00:00-05:00,42.41999816894531,42.540000915527344,42.209999084472656,42.43000030517578,34.738685607910156,2378400,0.0,0.0
2017-11-09 00:00:00-05:00,42.13999938964844,42.220001220703125,41.290000915527344,41.63999938964844,34.09188461303711,4680100,0.0,0.0
2017-11-10 00:00:00-05:00,41.790000915527344,41.81999969482422,41.59000015258789,41.720001220703125,34.15738296508789,5333900,0.0,0.0
2017-11-13 00:00:00-05:00,41.720001220703125,42.0099983215332,41.5099983215332,42.0099983215332,34.39482116699219,2222000,0.0,0.0
2017-11-14 00:00:00-05:00,41.779998779296875,41.88999938964844,41.5099983215332,41.86000061035156,34.27201461791992,2799400,0.0,0.0
2017-11-15 00:00:00-05:00,41.38999938964844,41.650001525878906,41.279998779296875,41.540000915527344,34.01000213623047,3417300,0.0,0.0
2017-11-16 00:00:00-05:00,41.75,42.2400016784668,41.75,42.099998474121094,34.46849822998047,3304500,0.0,0.0
2017-11-17 00:00:00-05:00,42.2400016784668,42.41999816894531,41.970001220703125,42.06999969482422,34.443946838378906,3702000,0.0,0.0
2017-11-20 00:00:00-05:00,42.06999969482422,42.279998779296875,41.959999084472656,42.209999084472656,34.55856704711914,4455300,0.0,0.0
2017-11-21 00:00:00-05:00,42.619998931884766,42.869998931884766,42.54999923706055,42.58000183105469,34.86149597167969,3668500,0.0,0.0
2017-11-22 00:00:00-05:00,42.59000015258789,42.7400016784668,42.290000915527344,42.40999984741211,34.72230529785156,2768600,0.0,0.0
2017-11-24 00:00:00-05:00,42.66999816894531,43.02000045776367,42.61000061035156,42.9900016784668,35.19717788696289,1499700,0.0,0.0
2017-11-27 00:00:00-05:00,41.66999816894531,41.68000030517578,41.060001373291016,41.09000015258789,33.641578674316406,8188400,0.0,0.0
2017-11-28 00:00:00-05:00,41.029998779296875,41.220001220703125,40.810001373291016,40.93000030517578,33.510589599609375,4864800,0.0,0.0
2017-11-29 00:00:00-05:00,40.880001068115234,40.90999984741211,39.2400016784668,39.40999984741211,32.266117095947266,11796100,0.0,0.0
2017-11-30 00:00:00-05:00,39.599998474121094,39.7400016784668,39.16999816894531,39.599998474121094,32.421688079833984,9357100,0.0,0.0
2017-12-01 00:00:00-05:00,39.95000076293945,39.9900016784668,39.0,39.70000076293945,32.50355529785156,7192200,0.0,0.0
2017-12-04 00:00:00-05:00,40.04999923706055,40.130001068115234,39.29999923706055,39.38999938964844,32.2497444152832,7109000,0.0,0.0
2017-12-05 00:00:00-05:00,39.20000076293945,39.52000045776367,38.93000030517578,39.20000076293945,32.09419631958008,4504000,0.0,0.0
2017-12-06 00:00:00-05:00,38.959999084472656,39.09000015258789,38.52000045776367,38.68000030517578,31.668445587158203,8622000,0.0,0.0
2017-12-07 00:00:00-05:00,38.75,39.029998779296875,38.61000061035156,39.0099983215332,31.938621520996094,11285400,0.0,0.0
2017-12-08 00:00:00-05:00,39.380001068115234,39.54999923706055,38.95000076293945,39.0,31.93044662475586,5071600,0.0,0.0
2017-12-11 00:00:00-05:00,39.189998626708984,39.58000183105469,39.18000030517578,39.369998931884766,32.23337173461914,5272500,0.0,0.0
2017-12-12 00:00:00-05:00,39.220001220703125,39.380001068115234,39.08000183105469,39.29999923706055,32.176055908203125,5488100,0.0,0.0
2017-12-13 00:00:00-05:00,39.470001220703125,39.4900016784668,39.220001220703125,39.290000915527344,32.16789245605469,4227100,0.0,0.0
2017-12-14 00:00:00-05:00,39.5,39.650001525878906,39.31999969482422,39.400001525878906,32.257930755615234,4737600,0.0,0.0
2017-12-15 00:00:00-05:00,39.400001525878906,39.619998931884766,39.25,39.5,32.33981704711914,7156400,0.0,0.0
2017-12-18 00:00:00-05:00,39.380001068115234,39.470001220703125,39.20000076293945,39.400001525878906,32.257930755615234,5746900,0.0,0.0
2017-12-19 00:00:00-05:00,39.209999084472656,39.40999984741211,39.119998931884766,39.34000015258789,32.20880889892578,4454900,0.0,0.0
2017-12-20 00:00:00-05:00,39.380001068115234,39.61000061035156,39.16999816894531,39.439998626708984,32.290672302246094,6330100,0.0,0.0
2017-12-21 00:00:00-05:00,39.560001373291016,39.65999984741211,39.20000076293945,39.22999954223633,32.11874771118164,3563100,0.0,0.0
2017-12-22 00:00:00-05:00,39.599998474121094,39.630001068115234,39.29999923706055,39.630001068115234,32.44624710083008,2523600,0.0,0.0
2017-12-26 00:00:00-05:00,39.310001373291016,39.310001373291016,38.810001373291016,38.95000076293945,31.88950538635254,2861500,0.0,0.0
2017-12-27 00:00:00-05:00,39.0,39.11000061035156,38.880001068115234,39.08000183105469,31.99595069885254,3092900,0.0,0.0
2017-12-28 00:00:00-05:00,39.5099983215332,39.88999938964844,39.400001525878906,39.7400016784668,32.53629684448242,4279500,0.0,0.0
2017-12-29 00:00:00-05:00,39.849998474121094,40.220001220703125,39.650001525878906,39.650001525878906,32.462623596191406,3870900,0.0,0.0
2018-01-02 00:00:00-05:00,40.5099983215332,41.04999923706055,40.41999816894531,41.02000045776367,33.58428192138672,4984000,0.0,0.0
2018-01-03 00:00:00-05:00,41.59000015258789,41.810001373291016,41.439998626708984,41.709999084472656,34.14919662475586,6963200,0.0,0.0
2018-01-04 00:00:00-05:00,41.91999816894531,42.0,41.45000076293945,41.4900016784668,33.96908187866211,4876600,0.0,0.0
2018-01-05 00:00:00-05:00,41.88999938964844,42.56999969482422,41.790000915527344,42.459999084472656,34.763248443603516,5330800,0.0,0.0
2018-01-08 00:00:00-05:00,42.400001525878906,42.47999954223633,42.189998626708984,42.439998626708984,34.74687194824219,3538200,0.0,0.0
2018-01-09 00:00:00-05:00,42.4900016784668,42.5,42.130001068115234,42.18000030517578,34.53399658203125,5729900,0.0,0.0
2018-01-10 00:00:00-05:00,41.349998474121094,41.45000076293945,40.720001220703125,41.29999923706055,33.81352996826172,7102700,0.0,0.0
2018-01-11 00:00:00-05:00,41.220001220703125,41.400001525878906,40.95000076293945,41.029998779296875,33.59245681762695,5701800,0.0,0.0
2018-01-12 00:00:00-05:00,41.040000915527344,41.29999923706055,40.7599983215332,41.189998626708984,33.72346878051758,5028000,0.0,0.0
2018-01-16 00:00:00-05:00,42.0099983215332,42.349998474121094,41.810001373291016,42.22999954223633,34.57494354248047,9081600,0.0,0.0
2018-01-17 00:00:00-05:00,42.65999984741211,43.27000045776367,42.5,43.130001068115234,35.31178283691406,7117700,0.0,0.0
2018-01-18 00:00:00-05:00,43.86000061035156,44.849998474121094,43.5,44.56999969482422,36.49076461791992,11866200,0.0,0.0
2018-01-19 00:00:00-05:00,45.06999969482422,45.540000915527344,44.58000183105469,44.66999816894531,36.5726432800293,6543700,0.0,0.0
2018-01-22 00:00:00-05:00,46.0,46.400001525878906,45.939998626708984,46.380001068115234,37.97265625,8335800,0.0,0.0
2018-01-23 00:00:00-05:00,46.47999954223633,46.56999969482422,46.060001373291016,46.279998779296875,37.89079666137695,5659600,0.0,0.0
2018-01-24 00:00:00-05:00,45.63999938964844,45.66999816894531,45.25,45.33000183105469,37.113006591796875,7400600,0.0,0.0
2018-01-25 00:00:00-05:00,45.709999084472656,45.779998779296875,45.040000915527344,45.099998474121094,36.92469787597656,7655700,0.0,0.0
2018-01-26 00:00:00-05:00,45.5,45.7400016784668,45.029998779296875,45.720001220703125,37.43231201171875,7057300,0.0,0.0
2018-01-29 00:00:00-05:00,45.470001220703125,45.689998626708984,45.20000076293945,45.400001525878906,37.170310974121094,11604400,0.0,0.0
2018-01-30 00:00:00-05:00,44.56999969482422,45.029998779296875,44.400001525878906,44.880001068115234,36.74457550048828,10224600,0.0,0.0
2018-01-31 00:00:00-05:00,45.43000030517578,45.79999923706055,45.119998931884766,45.310001373291016,37.096641540527344,6333300,0.0,0.0
2018-02-01 00:00:00-05:00,45.33000183105469,45.93000030517578,45.29999923706055,45.45000076293945,37.211246490478516,6706500,0.0,0.0
2018-02-02 00:00:00-05:00,45.0099983215332,45.31999969482422,44.45000076293945,44.5099983215332,36.44164276123047,12051800,0.0,0.0
2018-02-05 00:00:00-05:00,44.04999923706055,44.810001373291016,42.810001373291016,42.95000076293945,35.164432525634766,11748300,0.0,0.0
2018-02-06 00:00:00-05:00,42.27000045776367,43.70000076293945,42.099998474121094,43.59000015258789,35.68841552734375,13414100,0.0,0.0
2018-02-07 00:00:00-05:00,42.9900016784668,42.9900016784668,41.880001068115234,41.880001068115234,34.28838348388672,15239500,0.0,0.0
2018-02-08 00:00:00-05:00,42.11000061035156,42.119998931884766,40.36000061035156,40.36000061035156,33.04393005371094,11356000,0.0,0.0
2018-02-09 00:00:00-05:00,40.7400016784668,41.68000030517578,39.959999084472656,41.470001220703125,33.95270538330078,10588400,0.0,0.0
2018-02-12 00:00:00-05:00,42.029998779296875,42.790000915527344,41.959999084472656,42.529998779296875,34.820552825927734,6573300,0.0,0.0
2018-02-13 00:00:00-05:00,42.540000915527344,42.65999984741211,41.880001068115234,42.380001068115234,34.69776153564453,5831900,0.0,0.0
2018-02-14 00:00:00-05:00,42.16999816894531,43.09000015258789,41.91999816894531,43.04999923706055,35.24629592895508,6860100,0.0,0.0
2018-02-15 00:00:00-05:00,43.52000045776367,43.75,42.75,43.52000045776367,35.63109588623047,6116500,0.0,0.0
2018-02-16 00:00:00-05:00,43.349998474121094,43.959999084472656,43.310001373291016,43.47999954223633,35.59835433959961,4792100,0.0,0.0
2018-02-20 00:00:00-05:00,43.08000183105469,44.15999984741211,43.0,43.7400016784668,35.81121826171875,9291700,0.0,0.0
2018-02-21 00:00:00-05:00,43.65999984741211,43.81999969482422,42.869998931884766,42.88999938964844,35.11530303955078,6612600,0.0,0.0
2018-02-22 00:00:00-05:00,42.66999816894531,42.7400016784668,42.18000030517578,42.38999938964844,34.70594024658203,7984000,0.0,0.0
2018-02-23 00:00:00-05:00,43.38999938964844,43.900001525878906,43.11000061035156,43.900001525878906,35.94221496582031,7204900,0.0,0.0
2018-02-26 00:00:00-05:00,44.11000061035156,44.40999984741211,43.79999923706055,44.40999984741211,36.35976791381836,3897600,0.0,0.0
2018-02-27 00:00:00-05:00,44.04999923706055,44.29999923706055,43.61000061035156,43.619998931884766,35.71297073364258,5999100,0.0,0.0
2018-02-28 00:00:00-05:00,43.66999816894531,43.90999984741211,43.290000915527344,43.349998474121094,35.491912841796875,6400100,0.0,0.0
2018-03-01 00:00:00-05:00,43.349998474121094,43.560001373291016,42.310001373291016,42.720001220703125,34.97611618041992,7792400,0.0,0.0
2018-03-02 00:00:00-05:00,42.38999938964844,43.04999923706055,42.150001525878906,43.0099983215332,35.21354675292969,4819600,0.0,0.0
2018-03-05 00:00:00-05:00,43.04999923706055,43.7599983215332,42.869998931884766,43.4900016784668,35.60654830932617,5977200,0.0,0.0
2018-03-06 00:00:00-05:00,44.34000015258789,44.400001525878906,43.43000030517578,43.540000915527344,35.64747619628906,8632000,0.0,0.0
2018-03-07 00:00:00-05:00,43.310001373291016,44.279998779296875,43.18000030517578,44.20000076293945,36.187835693359375,4482900,0.0,0.0
2018-03-08 00:00:00-05:00,44.29999923706055,44.38999938964844,43.59000015258789,43.79999923706055,35.8603401184082,7092400,0.0,0.0
2018-03-09 00:00:00-05:00,44.04999923706055,44.599998474121094,43.52000045776367,44.59000015258789,36.50715637207031,8336200,0.0,0.0
2018-03-12 00:00:00-04:00,44.790000915527344,45.349998474121094,44.75,45.220001220703125,37.0229377746582,5176100,0.0,0.0
2018-03-13 00:00:00-04:00,45.5,45.75,44.90999984741211,44.9900016784668,36.83462905883789,5842300,0.0,0.0
2018-03-14 00:00:00-04:00,45.43000030517578,45.45000076293945,44.83000183105469,45.150001525878906,36.965633392333984,4300500,0.0,0.0
2018-03-15 00:00:00-04:00,45.099998474121094,45.650001525878906,44.88999938964844,45.310001373291016,37.096641540527344,3942200,0.0,0.0
2018-03-16 00:00:00-04:00,45.0,45.52000045776367,44.93000030517578,44.970001220703125,36.81827163696289,8125600,0.0,0.0
2018-03-19 00:00:00-04:00,44.720001220703125,44.869998931884766,44.189998626708984,44.599998474121094,36.515323638916016,5116500,0.0,0.0
2018-03-20 00:00:00-04:00,44.70000076293945,44.90999984741211,44.52000045776367,44.83000183105469,36.703636169433594,6404200,0.0,0.0
2018-03-21 00:00:00-04:00,44.56999969482422,44.849998474121094,44.25,44.70000076293945,36.59720230102539,7036400,0.0,0.0
2018-03-22 00:00:00-04:00,44.099998474121094,44.369998931884766,43.689998626708984,43.689998626708984,35.77027893066406,6318500,0.0,0.0
2018-03-23 00:00:00-04:00,43.630001068115234,43.70000076293945,42.58000183105469,42.58000183105469,34.86149597167969,5923500,0.0,0.0
2018-03-26 00:00:00-04:00,43.810001373291016,44.279998779296875,43.18000030517578,44.27000045776367,36.245147705078125,5395200,0.0,0.0
2018-03-27 00:00:00-04:00,44.720001220703125,44.84000015258789,43.130001068115234,43.290000915527344,35.44279098510742,6995000,0.0,0.0
2018-03-28 00:00:00-04:00,42.97999954223633,43.16999816894531,42.439998626708984,42.689998626708984,34.95155334472656,8563100,0.0,0.0
2018-03-29 00:00:00-04:00,43.0,43.91999816894531,42.959999084472656,43.7599983215332,35.82759094238281,7758900,0.0,0.0
2018-04-02 00:00:00-04:00,43.34000015258789,43.59000015258789,42.41999816894531,42.5,34.79599380493164,6361200,0.0,0.0
2018-04-03 00:00:00-04:00,44.27000045776367,44.279998779296875,43.029998779296875,43.47999954223633,35.59835433959961,6174500,0.0,0.0
2018-04-04 00:00:00-04:00,42.369998931884766,43.939998626708984,42.349998474121094,43.939998626708984,35.9749641418457,5497100,0.0,0.0
2018-04-05 00:00:00-04:00,44.029998779296875,44.22999954223633,43.13999938964844,43.31999969482422,35.46735382080078,6115100,0.0,0.0
2018-04-06 00:00:00-04:00,42.880001068115234,43.16999816894531,42.2599983215332,42.41999816894531,34.730506896972656,5133100,0.0,0.0
2018-04-09 00:00:00-04:00,43.09000015258789,44.040000915527344,42.90999984741211,43.06999969482422,35.262672424316406,6696400,0.0,0.0
2018-04-10 00:00:00-04:00,43.869998931884766,44.220001220703125,43.029998779296875,43.58000183105469,35.68021774291992,5682300,0.0,0.0
2018-04-11 00:00:00-04:00,43.25,43.790000915527344,43.25,43.380001068115234,35.516475677490234,4788000,0.0,0.0
2018-04-12 00:00:00-04:00,43.33000183105469,43.849998474121094,43.04999923706055,43.849998474121094,35.901275634765625,7574700,0.0,0.0
2018-04-13 00:00:00-04:00,43.689998626708984,43.7400016784668,42.560001373291016,42.650001525878906,34.91880416870117,5749900,0.0,0.0
2018-04-16 00:00:00-04:00,42.810001373291016,43.0099983215332,42.68000030517578,42.869998931884766,35.09893035888672,5206900,0.0,0.0
2018-04-17 00:00:00-04:00,42.09000015258789,42.36000061035156,41.77000045776367,42.310001373291016,34.64044189453125,9831100,0.0,0.0
2018-04-18 00:00:00-04:00,42.099998474121094,42.2599983215332,41.209999084472656,41.91999816894531,34.32112503051758,8947400,0.0,0.0
2018-04-19 00:00:00-04:00,39.93000030517578,40.08000183105469,39.11000061035156,39.529998779296875,32.36436462402344,27527000,0.0,0.0
2018-04-20 00:00:00-04:00,39.369998931884766,39.540000915527344,38.81999969482422,38.95000076293945,31.88950538635254,15313300,0.0,0.0
2018-04-23 00:00:00-04:00,38.959999084472656,39.08000183105469,38.529998779296875,38.75,31.72576332092285,11178300,0.0,0.0
2018-04-24 00:00:00-04:00,39.040000915527344,39.209999084472656,38.29999923706055,38.75,31.72576332092285,13004000,0.0,0.0
2018-04-25 00:00:00-04:00,38.36000061035156,38.4900016784668,38.02000045776367,38.16999816894531,31.250900268554688,12359200,0.0,0.0
2018-04-26 00:00:00-04:00,38.08000183105469,38.560001373291016,38.08000183105469,38.16999816894531,31.250900268554688,7685800,0.0,0.0
2018-04-27 00:00:00-04:00,38.7400016784668,38.7400016784668,37.9900016784668,38.16999816894531,31.250900268554688,8276100,0.0,0.0
2018-04-30 00:00:00-04:00,38.689998626708984,38.84000015258789,38.380001068115234,38.45000076293945,31.48014259338379,7968000,0.0,0.0
2018-05-01 00:00:00-04:00,38.34000015258789,38.939998626708984,38.2599983215332,38.93000030517578,31.873132705688477,5507000,0.0,0.0
2018-05-02 00:00:00-04:00,38.599998474121094,38.599998474121094,37.650001525878906,37.75,30.90703010559082,11522200,0.0,0.0
2018-05-03 00:00:00-04:00,37.54999923706055,38.189998626708984,37.29999923706055,38.099998474121094,31.193586349487305,7021400,0.0,0.0
2018-05-04 00:00:00-04:00,38.0,38.65999984741211,37.939998626708984,38.59000015258789,31.594764709472656,9474000,0.0,0.0
2018-05-07 00:00:00-04:00,38.45000076293945,38.650001525878906,38.2400016784668,38.45000076293945,31.48014259338379,4590100,0.0,0.0
2018-05-08 00:00:00-04:00,38.97999954223633,39.380001068115234,38.939998626708984,39.18000030517578,32.07780838012695,8116600,0.0,0.0
2018-05-09 00:00:00-04:00,39.369998931884766,39.459999084472656,39.15999984741211,39.349998474121094,32.21699905395508,5861400,0.0,0.0
2018-05-10 00:00:00-04:00,39.56999969482422,39.869998931884766,39.439998626708984,39.77000045776367,32.560855865478516,7957900,0.0,0.0
2018-05-11 00:00:00-04:00,40.040000915527344,40.18000030517578,39.63999938964844,39.90999984741211,32.67549133300781,4184400,0.0,0.0
2018-05-14 00:00:00-04:00,40.130001068115234,40.54999923706055,39.880001068115234,39.95000076293945,32.70823287963867,5014000,0.0,0.0
2018-05-15 00:00:00-04:00,39.36000061035156,39.400001525878906,38.959999084472656,39.29999923706055,32.176055908203125,5622800,0.0,0.0
2018-05-16 00:00:00-04:00,39.400001525878906,39.83000183105469,39.279998779296875,39.790000915527344,32.57723617553711,7671500,0.0,0.0
2018-05-17 00:00:00-04:00,39.06999969482422,39.2400016784668,38.66999816894531,38.959999084472656,31.897695541381836,7964200,0.0,0.0
2018-05-18 00:00:00-04:00,38.470001220703125,38.54999923706055,38.279998779296875,38.41999816894531,31.455575942993164,7783900,0.0,0.0
2018-05-21 00:00:00-04:00,39.34000015258789,39.70000076293945,39.119998931884766,39.470001220703125,32.315250396728516,7902200,0.0,0.0
2018-05-22 00:00:00-04:00,39.470001220703125,39.790000915527344,39.45000076293945,39.63999938964844,32.454437255859375,5752000,0.0,0.0
2018-05-23 00:00:00-04:00,39.13999938964844,39.650001525878906,39.09000015258789,39.650001525878906,32.462623596191406,4815400,0.0,0.0
2018-05-24 00:00:00-04:00,39.369998931884766,39.45000076293945,38.779998779296875,39.27000045776367,32.15150451660156,7930800,0.0,0.0
2018-05-25 00:00:00-04:00,39.099998474121094,39.4900016784668,38.93000030517578,39.29999923706055,32.176055908203125,5403000,0.0,0.0
2018-05-29 00:00:00-04:00,38.4900016784668,38.560001373291016,38.029998779296875,38.15999984741211,31.24271583557129,7198200,0.0,0.0
2018-05-30 00:00:00-04:00,38.29999923706055,38.400001525878906,38.06999969482422,38.34000015258789,31.390090942382812,8413400,0.0,0.0
2018-05-31 00:00:00-04:00,38.33000183105469,38.86000061035156,38.290000915527344,38.70000076293945,31.684825897216797,8129400,0.0,0.0
2018-06-01 00:00:00-04:00,38.9900016784668,39.20000076293945,38.79999923706055,39.20000076293945,32.09419631958008,5970000,0.0,0.0
2018-06-04 00:00:00-04:00,39.849998474121094,40.0,39.66999816894531,39.970001220703125,32.724609375,8927200,0.0,0.0
2018-06-05 00:00:00-04:00,39.70000076293945,39.86000061035156,39.400001525878906,39.540000915527344,32.37255859375,6345900,0.0,0.0
2018-06-06 00:00:00-04:00,39.849998474121094,39.93000030517578,39.560001373291016,39.560001373291016,32.38893127441406,9829700,0.0,0.0
2018-06-07 00:00:00-04:00,39.560001373291016,39.939998626708984,39.459999084472656,39.52000045776367,32.35618591308594,8216900,0.0,0.0
2018-06-08 00:00:00-04:00,39.15999984741211,39.15999984741211,38.52000045776367,38.93000030517578,31.873132705688477,8081300,0.0,0.0
2018-06-11 00:00:00-04:00,39.0,39.150001525878906,38.7599983215332,38.7599983215332,31.733945846557617,4511600,0.0,0.0
2018-06-12 00:00:00-04:00,39.130001068115234,39.36000061035156,38.97999954223633,39.20000076293945,32.09419631958008,6582600,0.0,0.0
2018-06-13 00:00:00-04:00,39.72999954223633,39.88999938964844,39.04999923706055,39.04999923706055,31.97138023376465,9616600,0.0,0.0
2018-06-14 00:00:00-04:00,39.029998779296875,39.06999969482422,38.599998474121094,38.599998474121094,31.602947235107422,7636000,0.0,0.0
2018-06-15 00:00:00-04:00,38.81999969482422,38.939998626708984,38.54999923706055,38.689998626708984,31.676633834838867,11235700,0.0,0.0
2018-06-18 00:00:00-04:00,38.310001373291016,38.36000061035156,37.84000015258789,38.25,31.316389083862305,8921400,0.0,0.0
2018-06-19 00:00:00-04:00,37.70000076293945,37.970001220703125,37.349998474121094,37.560001373291016,30.75147819519043,9848900,0.0,0.0
2018-06-20 00:00:00-04:00,38.34000015258789,38.59000015258789,38.0099983215332,38.349998474121094,31.39826011657715,8668600,0.0,0.0
2018-06-21 00:00:00-04:00,37.869998931884766,38.0099983215332,37.54999923706055,37.619998931884766,30.800600051879883,9246700,0.0,0.0
2018-06-22 00:00:00-04:00,38.27000045776367,38.310001373291016,37.970001220703125,38.119998931884766,31.209957122802734,10338500,0.0,0.0
2018-06-25 00:00:00-04:00,36.29999923706055,36.560001373291016,36.04999923706055,36.5099983215332,30.985071182250977,10528100,1.345,0.0
2018-06-26 00:00:00-04:00,36.33000183105469,36.70000076293945,36.11000061035156,36.459999084472656,30.942630767822266,8817000,0.0,0.0
2018-06-27 00:00:00-04:00,36.25,36.31999969482422,35.5099983215332,35.5099983215332,30.136396408081055,8798100,0.0,0.0
2018-06-28 00:00:00-04:00,35.5,35.939998626708984,35.349998474121094,35.939998626708984,30.501319885253906,7199000,0.0,0.0
2018-06-29 00:00:00-04:00,36.54999923706055,36.77000045776367,36.439998626708984,36.560001373291016,31.027498245239258,8088200,0.0,0.0
2018-07-02 00:00:00-04:00,36.209999084472656,36.56999969482422,36.040000915527344,36.540000915527344,31.01053237915039,7365500,0.0,0.0
2018-07-03 00:00:00-04:00,36.38999938964844,36.61000061035156,36.349998474121094,36.38999938964844,30.883222579956055,6512600,0.0,0.0
2018-07-05 00:00:00-04:00,36.400001525878906,36.599998474121094,36.2400016784668,36.59000015258789,31.052949905395508,9230900,0.0,0.0
2018-07-06 00:00:00-04:00,36.81999969482422,37.349998474121094,36.7599983215332,37.27000045776367,31.63006019592285,7251600,0.0,0.0
2018-07-09 00:00:00-04:00,37.869998931884766,38.029998779296875,37.56999969482422,37.83000183105469,32.105323791503906,7124100,0.0,0.0
2018-07-10 00:00:00-04:00,37.470001220703125,37.95000076293945,37.470001220703125,37.93000030517578,32.19017791748047,7211500,0.0,0.0
2018-07-11 00:00:00-04:00,37.33000183105469,37.349998474121094,36.900001525878906,36.970001220703125,31.37544822692871,7316200,0.0,0.0
2018-07-12 00:00:00-04:00,37.33000183105469,37.59000015258789,37.20000076293945,37.310001373291016,31.663999557495117,5275300,0.0,0.0
2018-07-13 00:00:00-04:00,37.540000915527344,37.79999923706055,37.47999954223633,37.77000045776367,32.054386138916016,4947500,0.0,0.0
2018-07-16 00:00:00-04:00,37.880001068115234,37.88999938964844,37.650001525878906,37.790000915527344,32.07137680053711,5399200,0.0,0.0
2018-07-17 00:00:00-04:00,37.5,38.119998931884766,37.349998474121094,38.040000915527344,32.283538818359375,6238500,0.0,0.0
2018-07-18 00:00:00-04:00,38.040000915527344,38.470001220703125,37.880001068115234,38.40999984741211,32.5975456237793,10532200,0.0,0.0
2018-07-19 00:00:00-04:00,39.439998626708984,40.38999938964844,38.619998931884766,39.810001373291016,33.785682678222656,17762300,0.0,0.0
2018-07-20 00:00:00-04:00,39.9900016784668,40.849998474121094,39.84000015258789,40.72999954223633,34.566471099853516,14481000,0.0,0.0
2018-07-23 00:00:00-04:00,40.81999969482422,40.97999954223633,40.630001068115234,40.7400016784668,34.574951171875,6832800,0.0,0.0
2018-07-24 00:00:00-04:00,41.099998474121094,41.209999084472656,40.380001068115234,40.38999938964844,34.27791213989258,7018300,0.0,0.0
2018-07-25 00:00:00-04:00,40.529998779296875,40.900001525878906,40.310001373291016,40.88999938964844,34.70226287841797,7725700,0.0,0.0
2018-07-26 00:00:00-04:00,40.70000076293945,40.939998626708984,40.439998626708984,40.81999969482422,34.6428337097168,8476600,0.0,0.0
2018-07-27 00:00:00-04:00,40.939998626708984,41.91999816894531,40.939998626708984,41.45000076293945,35.17750549316406,9468500,0.0,0.0
2018-07-30 00:00:00-04:00,41.45000076293945,41.52000045776367,40.88999938964844,41.09000015258789,34.87198257446289,5174300,0.0,0.0
2018-07-31 00:00:00-04:00,41.2599983215332,41.58000183105469,41.09000015258789,41.209999084472656,34.973812103271484,4908300,0.0,0.0
2018-08-01 00:00:00-04:00,41.439998626708984,41.72999954223633,41.31999969482422,41.709999084472656,35.398162841796875,6115000,0.0,0.0
2018-08-02 00:00:00-04:00,41.099998474121094,41.650001525878906,41.0,41.54999923706055,35.26237106323242,4669300,0.0,0.0
2018-08-03 00:00:00-04:00,41.63999938964844,41.95000076293945,41.560001373291016,41.689998626708984,35.38119125366211,4575200,0.0,0.0
2018-08-06 00:00:00-04:00,41.20000076293945,41.41999816894531,41.0,41.06999969482422,34.85502243041992,7245800,0.0,0.0
2018-08-07 00:00:00-04:00,41.06999969482422,41.25,40.84000015258789,41.2400016784668,34.999290466308594,7494900,0.0,0.0
2018-08-08 00:00:00-04:00,41.560001373291016,42.11000061035156,41.45000076293945,41.970001220703125,35.61882400512695,5089600,0.0,0.0
2018-08-09 00:00:00-04:00,41.939998626708984,41.95000076293945,41.68000030517578,41.84000015258789,35.50849533081055,4513300,0.0,0.0
2018-08-10 00:00:00-04:00,41.29999923706055,41.29999923706055,40.790000915527344,41.029998779296875,34.82106018066406,7053200,0.0,0.0
2018-08-13 00:00:00-04:00,40.689998626708984,40.9900016784668,40.470001220703125,40.709999084472656,34.549495697021484,6708600,0.0,0.0
2018-08-14 00:00:00-04:00,41.0,41.189998626708984,40.869998931884766,40.90999984741211,34.71923065185547,5339100,0.0,0.0
2018-08-15 00:00:00-04:00,40.45000076293945,40.54999923706055,40.119998931884766,40.45000076293945,34.328834533691406,6052800,0.0,0.0
2018-08-16 00:00:00-04:00,40.45000076293945,40.72999954223633,40.369998931884766,40.40999984741211,34.294883728027344,5544000,0.0,0.0
2018-08-17 00:00:00-04:00,40.189998626708984,40.220001220703125,39.790000915527344,40.130001068115234,34.05726623535156,7897200,0.0,0.0
2018-08-20 00:00:00-04:00,40.02000045776367,40.2400016784668,39.900001525878906,40.099998474121094,34.03180694580078,4156700,0.0,0.0
2018-08-21 00:00:00-04:00,40.369998931884766,41.040000915527344,40.36000061035156,40.88999938964844,34.70226287841797,6075100,0.0,0.0
2018-08-22 00:00:00-04:00,40.849998474121094,41.04999923706055,40.540000915527344,40.900001525878906,34.71073913574219,5512700,0.0,0.0
2018-08-23 00:00:00-04:00,41.29999923706055,41.349998474121094,40.68000030517578,40.68000030517578,34.52403259277344,4126100,0.0,0.0
2018-08-24 00:00:00-04:00,40.93000030517578,41.40999984741211,40.83000183105469,41.2400016784668,34.999290466308594,4232000,0.0,0.0
2018-08-27 00:00:00-04:00,41.43000030517578,41.709999084472656,41.369998931884766,41.529998779296875,35.24541473388672,5733000,0.0,0.0
2018-08-28 00:00:00-04:00,42.38999938964844,42.7599983215332,42.25,42.349998474121094,35.941314697265625,10683500,0.0,0.0
2018-08-29 00:00:00-04:00,43.189998626708984,44.380001068115234,43.09000015258789,44.130001068115234,37.45195770263672,12278200,0.0,0.0
2018-08-30 00:00:00-04:00,44.349998474121094,44.4900016784668,43.40999984741211,43.459999084472656,36.883338928222656,7826200,0.0,0.0
2018-08-31 00:00:00-04:00,43.119998931884766,43.61000061035156,42.959999084472656,43.599998474121094,37.002159118652344,8782900,0.0,0.0
2018-09-04 00:00:00-04:00,43.2599983215332,44.119998931884766,43.189998626708984,44.11000061035156,37.43498229980469,8174900,0.0,0.0
2018-09-05 00:00:00-04:00,44.09000015258789,44.56999969482422,44.02000045776367,44.220001220703125,37.52833938598633,7262400,0.0,0.0
2018-09-06 00:00:00-04:00,43.939998626708984,44.06999969482422,43.58000183105469,44.04999923706055,37.384071350097656,10424900,0.0,0.0
2018-09-07 00:00:00-04:00,44.0,45.2400016784668,43.97999954223633,44.880001068115234,38.088462829589844,14256000,0.0,0.0
2018-09-10 00:00:00-04:00,45.0,45.060001373291016,44.52000045776367,44.619998931884766,37.86780548095703,6824900,0.0,0.0
2018-09-11 00:00:00-04:00,43.63999938964844,44.56999969482422,43.58000183105469,44.54999923706055,37.80839157104492,12509700,0.0,0.0
2018-09-12 00:00:00-04:00,43.91999816894531,44.29999923706055,43.81999969482422,43.939998626708984,37.290706634521484,10303700,0.0,0.0
2018-09-13 00:00:00-04:00,43.9900016784668,43.9900016784668,43.27000045776367,43.43000030517578,36.85788345336914,9624500,0.0,0.0
2018-09-14 00:00:00-04:00,44.02000045776367,44.560001373291016,43.95000076293945,44.40999984741211,37.68958282470703,5295400,0.0,0.0
2018-09-17 00:00:00-04:00,43.630001068115234,44.13999938964844,43.470001220703125,43.7599983215332,37.137939453125,6210300,0.0,0.0
2018-09-18 00:00:00-04:00,43.5,44.09000015258789,43.349998474121094,43.560001373291016,36.96821212768555,8814200,0.0,0.0
2018-09-19 00:00:00-04:00,44.20000076293945,44.38999938964844,43.7400016784668,44.02000045776367,37.358612060546875,6393200,0.0,0.0
2018-09-20 00:00:00-04:00,44.25,44.43000030517578,43.900001525878906,44.16999816894531,37.485904693603516,4728000,0.0,0.0
2018-09-21 00:00:00-04:00,44.25,44.40999984741211,44.02000045776367,44.060001373291016,37.39255142211914,6668600,0.0,0.0
2018-09-24 00:00:00-04:00,43.84000015258789,44.939998626708984,43.790000915527344,44.88999938964844,38.09694290161133,8229100,0.0,0.0
2018-09-25 00:00:00-04:00,44.79999923706055,44.90999984741211,44.130001068115234,44.16999816894531,37.485904693603516,6678200,0.0,0.0
2018-09-26 00:00:00-04:00,44.25,44.72999954223633,44.25,44.27000045776367,37.57076644897461,4564300,0.0,0.0
2018-09-27 00:00:00-04:00,44.599998474121094,45.22999954223633,44.58000183105469,44.7599983215332,37.986610412597656,6711700,0.0,0.0
2018-09-28 00:00:00-04:00,44.5,44.619998931884766,43.970001220703125,44.15999984741211,37.47740936279297,7727700,0.0,0.0
2018-10-01 00:00:00-04:00,44.54999923706055,44.959999084472656,44.41999816894531,44.65999984741211,37.90176010131836,5029800,0.0,0.0
2018-10-02 00:00:00-04:00,43.75,43.9900016784668,43.45000076293945,43.619998931884766,37.01912307739258,5440300,0.0,0.0
2018-10-03 00:00:00-04:00,44.040000915527344,44.2400016784668,43.56999969482422,43.959999084472656,37.307674407958984,5631100,0.0,0.0
2018-10-04 00:00:00-04:00,43.06999969482422,43.08000183105469,41.970001220703125,42.43000030517578,36.00920867919922,7885000,0.0,0.0
2018-10-05 00:00:00-04:00,41.880001068115234,42.06999969482422,41.16999816894531,41.630001068115234,35.33027648925781,7921400,0.0,0.0
2018-10-08 00:00:00-04:00,40.7599983215332,41.16999816894531,40.400001525878906,40.959999084472656,34.76167297363281,7761800,0.0,0.0
2018-10-09 00:00:00-04:00,41.0,41.29999923706055,40.58000183105469,40.900001525878906,34.71073913574219,5678700,0.0,0.0
2018-10-10 00:00:00-04:00,40.349998474121094,40.439998626708984,39.349998474121094,39.349998474121094,33.395294189453125,12853500,0.0,0.0
2018-10-11 00:00:00-04:00,38.5,39.599998474121094,38.33000183105469,38.939998626708984,33.047332763671875,10209000,0.0,0.0
2018-10-12 00:00:00-04:00,40.13999938964844,40.58000183105469,39.189998626708984,39.65999984741211,33.65838623046875,7578600,0.0,0.0
2018-10-15 00:00:00-04:00,39.470001220703125,39.59000015258789,38.720001220703125,38.75,32.88610076904297,8209000,0.0,0.0
2018-10-16 00:00:00-04:00,39.84000015258789,40.060001373291016,39.400001525878906,40.0099983215332,33.955413818359375,10748100,0.0,0.0
2018-10-17 00:00:00-04:00,40.0,40.09000015258789,39.18000030517578,39.56999969482422,33.582000732421875,8173600,0.0,0.0
2018-10-18 00:00:00-04:00,39.79999923706055,39.95000076293945,38.459999084472656,38.540000915527344,32.7078742980957,9555600,0.0,0.0
2018-10-19 00:00:00-04:00,39.15999984741211,39.31999969482422,38.34000015258789,38.45000076293945,32.631492614746094,11266200,0.0,0.0
2018-10-22 00:00:00-04:00,39.189998626708984,39.22999954223633,38.540000915527344,38.720001220703125,32.860626220703125,8165700,0.0,0.0
2018-10-23 00:00:00-04:00,37.41999816894531,38.18000030517578,37.2599983215332,38.0,32.24958801269531,12350000,0.0,0.0
2018-10-24 00:00:00-04:00,37.560001373291016,37.560001373291016,36.43000030517578,36.47999954223633,30.95960235595703,13312400,0.0,0.0
2018-10-25 00:00:00-04:00,36.779998779296875,37.54999923706055,36.4900016784668,37.38999938964844,31.731895446777344,9927300,0.0,0.0
2018-10-26 00:00:00-04:00,36.54999923706055,37.290000915527344,36.13999938964844,36.66999816894531,31.1208438873291,11973200,0.0,0.0
2018-10-29 00:00:00-04:00,37.16999816894531,37.40999984741211,35.970001220703125,36.33000183105469,30.832313537597656,8269300,0.0,0.0
2018-10-30 00:00:00-04:00,36.84000015258789,37.79999923706055,36.66999816894531,37.779998779296875,32.0628776550293,12106400,0.0,0.0
2018-10-31 00:00:00-04:00,38.689998626708984,38.9900016784668,38.029998779296875,38.099998474121094,32.33445358276367,12610900,0.0,0.0
2018-11-01 00:00:00-04:00,38.779998779296875,39.08000183105469,38.38999938964844,39.04999923706055,33.14068603515625,14348600,0.0,0.0
2018-11-02 00:00:00-04:00,39.18000030517578,39.4900016784668,38.43000030517578,38.779998779296875,32.91154861450195,9736200,0.0,0.0
2018-11-05 00:00:00-05:00,38.720001220703125,38.81999969482422,38.310001373291016,38.47999954223633,32.656944274902344,8591900,0.0,0.0
2018-11-06 00:00:00-05:00,38.5,38.849998474121094,38.41999816894531,38.72999954223633,32.86912536621094,8578100,0.0,0.0
2018-11-07 00:00:00-05:00,39.290000915527344,39.29999923706055,38.720001220703125,39.18000030517578,33.251014709472656,6568700,0.0,0.0
2018-11-08 00:00:00-05:00,38.790000915527344,39.060001373291016,38.689998626708984,38.70000076293945,32.843658447265625,7953700,0.0,0.0
2018-11-09 00:00:00-05:00,38.09000015258789,38.38999938964844,37.810001373291016,38.06999969482422,32.308990478515625,5975400,0.0,0.0
2018-11-12 00:00:00-05:00,37.86000061035156,37.91999816894531,37.0099983215332,37.060001373291016,31.451839447021484,11666700,0.0,0.0
2018-11-13 00:00:00-05:00,37.38999938964844,38.119998931884766,37.2400016784668,37.400001525878906,31.74037742614746,15057100,0.0,0.0
2018-11-14 00:00:00-05:00,38.20000076293945,38.34000015258789,37.369998931884766,37.84000015258789,32.11379623413086,10404900,0.0,0.0
2018-11-15 00:00:00-05:00,38.06999969482422,38.56999969482422,37.88999938964844,38.52000045776367,32.690887451171875,10840400,0.0,0.0
2018-11-16 00:00:00-05:00,37.06999969482422,37.20000076293945,36.65999984741211,36.869998931884766,31.29058837890625,16382400,0.0,0.0
2018-11-19 00:00:00-05:00,36.63999938964844,36.68000030517578,35.959999084472656,36.04999923706055,30.594680786132812,15191700,0.0,0.0
2018-11-20 00:00:00-05:00,35.400001525878906,35.9900016784668,35.220001220703125,35.63999938964844,30.24671745300293,11673500,0.0,0.0
2018-11-21 00:00:00-05:00,36.41999816894531,36.720001220703125,36.13999938964844,36.16999816894531,30.69651222229004,7013100,0.0,0.0
2018-11-23 00:00:00-05:00,35.83000183105469,36.20000076293945,35.75,35.959999084472656,30.518301010131836,2320500,0.0,0.0
2018-11-26 00:00:00-05:00,36.709999084472656,36.88999938964844,36.470001220703125,36.84000015258789,31.2651309967041,7077300,0.0,0.0
2018-11-27 00:00:00-05:00,36.38999938964844,36.81999969482422,36.38999938964844,36.79999923706055,31.23118019104004,6870200,0.0,0.0
2018-11-28 00:00:00-05:00,37.27000045776367,38.02000045776367,37.06999969482422,38.0099983215332,32.25807571411133,8380200,0.0,0.0
2018-11-29 00:00:00-05:00,37.95000076293945,38.369998931884766,37.869998931884766,37.93000030517578,32.19017791748047,7056600,0.0,0.0
2018-11-30 00:00:00-05:00,37.2400016784668,37.599998474121094,37.08000183105469,37.59000015258789,31.901628494262695,8734400,0.0,0.0
2018-12-03 00:00:00-05:00,38.81999969482422,39.0,38.380001068115234,38.72999954223633,32.86912536621094,7457600,0.0,0.0
2018-12-04 00:00:00-05:00,38.529998779296875,38.779998779296875,37.43000030517578,37.439998626708984,31.774337768554688,13321200,0.0,0.0
2018-12-06 00:00:00-05:00,35.70000076293945,36.86000061035156,35.61000061035156,36.86000061035156,31.282089233398438,12075700,0.0,0.0
2018-12-07 00:00:00-05:00,36.650001525878906,36.939998626708984,36.13999938964844,36.52000045776367,30.993547439575195,10802700,0.0,0.0
2018-12-10 00:00:00-05:00,36.310001373291016,36.83000183105469,36.08000183105469,36.43000030517578,30.917171478271484,12439100,0.0,0.0
2018-12-11 00:00:00-05:00,37.2400016784668,37.349998474121094,36.29999923706055,36.70000076293945,31.14630889892578,8635800,0.0,0.0
2018-12-12 00:00:00-05:00,37.61000061035156,37.70000076293945,37.27000045776367,37.380001068115234,31.723417282104492,8405400,0.0,0.0
2018-12-13 00:00:00-05:00,37.4900016784668,37.65999984741211,37.189998626708984,37.33000183105469,31.680980682373047,5825900,0.0,0.0
2018-12-14 00:00:00-05:00,36.79999923706055,37.11000061035156,36.529998779296875,36.529998779296875,31.00203514099121,5969600,0.0,0.0
2018-12-17 00:00:00-05:00,36.630001068115234,36.939998626708984,36.119998931884766,36.220001220703125,30.73894500732422,10733100,0.0,0.0
2018-12-18 00:00:00-05:00,36.61000061035156,37.0,36.61000061035156,36.7599983215332,31.197227478027344,7100400,0.0,0.0
2018-12-19 00:00:00-05:00,36.619998931884766,37.279998779296875,36.099998474121094,36.22999954223633,30.747446060180664,11786400,0.0,0.0
2018-12-20 00:00:00-05:00,36.40999984741211,36.75,35.540000915527344,35.880001068115234,30.450397491455078,12540400,0.0,0.0
2018-12-21 00:00:00-05:00,36.63999938964844,36.93000030517578,35.650001525878906,35.709999084472656,30.30612564086914,16981000,0.0,0.0
2018-12-24 00:00:00-05:00,35.560001373291016,35.88999938964844,35.27000045776367,35.290000915527344,29.94968032836914,6288500,0.0,0.0
2018-12-26 00:00:00-05:00,35.33000183105469,36.77000045776367,35.33000183105469,36.7599983215332,31.197227478027344,10063400,0.0,0.0
2018-12-27 00:00:00-05:00,36.20000076293945,36.79999923706055,35.959999084472656,36.779998779296875,31.21419906616211,8688600,0.0,0.0
2018-12-28 00:00:00-05:00,37.130001068115234,37.68000030517578,37.02000045776367,37.13999938964844,31.519725799560547,7369000,0.0,0.0
2018-12-31 00:00:00-05:00,37.43000030517578,37.59000015258789,36.77000045776367,36.90999984741211,31.324535369873047,4600600,0.0,0.0
2019-01-02 00:00:00-05:00,36.20000076293945,36.75,36.0,36.52000045776367,30.993547439575195,5273100,0.0,0.0
2019-01-03 00:00:00-05:00,35.34000015258789,35.52000045776367,34.27000045776367,34.36000061035156,29.160411834716797,15998000,0.0,0.0
2019-01-04 00:00:00-05:00,34.459999084472656,35.029998779296875,34.209999084472656,34.970001220703125,29.67810821533203,14178200,0.0,0.0
2019-01-07 00:00:00-05:00,35.0099983215332,35.470001220703125,34.970001220703125,35.22999954223633,29.89875602722168,6850800,0.0,0.0
2019-01-08 00:00:00-05:00,35.11000061035156,35.18000030517578,34.63999938964844,34.939998626708984,29.652652740478516,11462600,0.0,0.0
2019-01-09 00:00:00-05:00,35.33000183105469,35.959999084472656,35.33000183105469,35.61000061035156,30.22126007080078,11770300,0.0,0.0
2019-01-10 00:00:00-05:00,35.459999084472656,36.47999954223633,35.400001525878906,36.41999816894531,30.908681869506836,7894600,0.0,0.0
2019-01-11 00:00:00-05:00,36.45000076293945,36.77000045776367,36.2400016784668,36.61000061035156,31.069923400878906,7232700,0.0,0.0
2019-01-14 00:00:00-05:00,36.130001068115234,36.189998626708984,35.720001220703125,35.7599983215332,30.34855079650879,6146200,0.0,0.0
2019-01-15 00:00:00-05:00,36.040000915527344,36.22999954223633,35.79999923706055,36.040000915527344,30.58618927001953,10165800,0.0,0.0
2019-01-16 00:00:00-05:00,35.900001525878906,36.029998779296875,35.63999938964844,35.63999938964844,30.24671745300293,8727400,0.0,0.0
2019-01-17 00:00:00-05:00,34.91999816894531,36.54999923706055,34.83000183105469,36.290000915527344,30.798351287841797,21916900,0.0,0.0
2019-01-18 00:00:00-05:00,36.2400016784668,37.0099983215332,36.15999984741211,36.84000015258789,31.2651309967041,12905900,0.0,0.0
2019-01-22 00:00:00-05:00,36.5,36.7599983215332,36.099998474121094,36.369998931884766,30.866252899169922,13381700,0.0,0.0
2019-01-23 00:00:00-05:00,36.529998779296875,36.7400016784668,36.2400016784668,36.4900016784668,30.96808624267578,13918600,0.0,0.0
2019-01-24 00:00:00-05:00,36.880001068115234,37.63999938964844,36.779998779296875,37.63999938964844,31.944068908691406,14094100,0.0,0.0
2019-01-25 00:00:00-05:00,38.0,38.2599983215332,37.880001068115234,38.13999938964844,32.3683967590332,16763700,0.0,0.0
2019-01-28 00:00:00-05:00,36.91999816894531,37.65999984741211,36.900001525878906,37.439998626708984,31.774337768554688,14086500,0.0,0.0
2019-01-29 00:00:00-05:00,37.290000915527344,37.290000915527344,36.29999923706055,36.33000183105469,30.832313537597656,10100800,0.0,0.0
2019-01-30 00:00:00-05:00,36.810001373291016,37.45000076293945,36.290000915527344,37.380001068115234,31.723417282104492,9281600,0.0,0.0
2019-01-31 00:00:00-05:00,37.310001373291016,38.099998474121094,37.310001373291016,37.619998931884766,31.927095413208008,7633400,0.0,0.0
2019-02-01 00:00:00-05:00,37.75,37.869998931884766,37.439998626708984,37.56999969482422,31.884654998779297,6438300,0.0,0.0
2019-02-04 00:00:00-05:00,37.5,38.0099983215332,37.380001068115234,37.939998626708984,32.19865798950195,7283800,0.0,0.0
2019-02-05 00:00:00-05:00,37.91999816894531,38.27000045776367,37.880001068115234,38.25,32.46175003051758,7314000,0.0,0.0
2019-02-06 00:00:00-05:00,38.41999816894531,38.81999969482422,38.310001373291016,38.7400016784668,32.87760543823242,8795200,0.0,0.0
2019-02-07 00:00:00-05:00,38.369998931884766,38.459999084472656,37.83000183105469,38.119998931884766,32.35142135620117,7916200,0.0,0.0
2019-02-08 00:00:00-05:00,37.709999084472656,37.91999816894531,37.5,37.790000915527344,32.07137680053711,7147200,0.0,0.0
2019-02-11 00:00:00-05:00,37.91999816894531,38.290000915527344,37.83000183105469,38.290000915527344,32.495697021484375,8860700,0.0,0.0
2019-02-12 00:00:00-05:00,38.63999938964844,38.77000045776367,38.439998626708984,38.63999938964844,32.79273986816406,8831200,0.0,0.0
2019-02-13 00:00:00-05:00,38.369998931884766,38.47999954223633,38.04999923706055,38.130001068115234,32.359928131103516,7155600,0.0,0.0
2019-02-14 00:00:00-05:00,37.91999816894531,38.209999084472656,37.7599983215332,38.060001373291016,32.30051803588867,7782800,0.0,0.0
2019-02-15 00:00:00-05:00,37.90999984741211,38.279998779296875,37.869998931884766,38.09000015258789,32.32597732543945,6257600,0.0,0.0
2019-02-19 00:00:00-05:00,38.220001220703125,38.65999984741211,38.099998474121094,38.459999084472656,32.63996887207031,8105700,0.0,0.0
2019-02-20 00:00:00-05:00,38.93000030517578,39.5099983215332,38.88999938964844,39.0,33.0982666015625,7178600,0.0,0.0
2019-02-21 00:00:00-05:00,39.06999969482422,39.18000030517578,38.79999923706055,38.97999954223633,33.0812873840332,4607300,0.0,0.0
2019-02-22 00:00:00-05:00,39.119998931884766,39.40999984741211,39.08000183105469,39.38999938964844,33.42924118041992,5117800,0.0,0.0
2019-02-25 00:00:00-05:00,39.869998931884766,39.91999816894531,39.47999954223633,39.58000183105469,33.590492248535156,5101500,0.0,0.0
2019-02-26 00:00:00-05:00,39.40999984741211,39.66999816894531,39.380001068115234,39.599998474121094,33.60747146606445,5587300,0.0,0.0
2019-02-27 00:00:00-05:00,39.5099983215332,39.59000015258789,39.060001373291016,39.45000076293945,33.480167388916016,8194900,0.0,0.0
2019-02-28 00:00:00-05:00,39.119998931884766,39.290000915527344,39.0,39.04999923706055,33.14068603515625,5705100,0.0,0.0
2019-03-01 00:00:00-05:00,39.36000061035156,39.52000045776367,39.20000076293945,39.38999938964844,33.42924118041992,5299200,0.0,0.0
2019-03-04 00:00:00-05:00,39.33000183105469,39.33000183105469,38.709999084472656,39.150001525878906,33.22556686401367,7081100,0.0,0.0
2019-03-05 00:00:00-05:00,38.95000076293945,39.22999954223633,38.65999984741211,39.02000045776367,33.115230560302734,7192400,0.0,0.0
2019-03-06 00:00:00-05:00,39.060001373291016,39.220001220703125,38.779998779296875,38.790000915527344,32.92003631591797,4433400,0.0,0.0
2019-03-07 00:00:00-05:00,38.77000045776367,38.880001068115234,38.369998931884766,38.630001068115234,32.784244537353516,4231300,0.0,0.0
2019-03-08 00:00:00-05:00,37.95000076293945,38.380001068115234,37.939998626708984,38.20000076293945,32.41932678222656,5066200,0.0,0.0
2019-03-11 00:00:00-04:00,38.22999954223633,38.689998626708984,38.20000076293945,38.63999938964844,32.79273986816406,6005400,0.0,0.0
2019-03-12 00:00:00-04:00,39.04999923706055,39.16999816894531,38.86000061035156,38.900001525878906,33.013397216796875,5580200,0.0,0.0
2019-03-13 00:00:00-04:00,39.220001220703125,39.439998626708984,39.02000045776367,39.209999084472656,33.2764778137207,6086400,0.0,0.0
2019-03-14 00:00:00-04:00,39.0,39.04999923706055,38.7400016784668,38.81999969482422,32.94549560546875,4935000,0.0,0.0
2019-03-15 00:00:00-04:00,39.40999984741211,40.06999969482422,39.40999984741211,39.650001525878906,33.64990234375,8871300,0.0,0.0
2019-03-18 00:00:00-04:00,39.86000061035156,39.97999954223633,39.63999938964844,39.849998474121094,33.81964111328125,6290900,0.0,0.0
2019-03-19 00:00:00-04:00,39.97999954223633,40.08000183105469,39.599998474121094,39.7599983215332,33.74326705932617,8033600,0.0,0.0
2019-03-20 00:00:00-04:00,39.77000045776367,40.150001525878906,39.63999938964844,39.849998474121094,33.81964111328125,5394000,0.0,0.0
2019-03-21 00:00:00-04:00,40.25,41.2400016784668,40.220001220703125,41.040000915527344,34.829559326171875,6509600,0.0,0.0
2019-03-22 00:00:00-04:00,40.84000015258789,41.02000045776367,40.34000015258789,40.43000030517578,34.31185531616211,6759100,0.0,0.0
2019-03-25 00:00:00-04:00,40.0,40.459999084472656,39.77000045776367,39.91999816894531,33.87903594970703,4901800,0.0,0.0
2019-03-26 00:00:00-04:00,40.11000061035156,40.630001068115234,40.06999969482422,40.400001525878906,34.286415100097656,5573500,0.0,0.0
2019-03-27 00:00:00-04:00,40.189998626708984,40.2599983215332,39.79999923706055,40.20000076293945,34.116668701171875,7660300,0.0,0.0
2019-03-28 00:00:00-04:00,40.2400016784668,40.540000915527344,40.20000076293945,40.34000015258789,34.2354850769043,6632700,0.0,0.0
2019-03-29 00:00:00-04:00,40.81999969482422,41.04999923706055,40.599998474121094,40.959999084472656,34.76167297363281,6116300,0.0,0.0
2019-04-01 00:00:00-04:00,41.08000183105469,41.369998931884766,40.7400016784668,41.369998931884766,35.109619140625,6834200,0.0,0.0
2019-04-02 00:00:00-04:00,41.18000030517578,41.36000061035156,41.0,41.27000045776367,35.02474594116211,5580200,0.0,0.0
2019-04-03 00:00:00-04:00,41.599998474121094,41.959999084472656,41.5099983215332,41.790000915527344,35.466064453125,6821100,0.0,0.0
2019-04-04 00:00:00-04:00,41.72999954223633,42.18000030517578,41.650001525878906,42.040000915527344,35.67822265625,7610300,0.0,0.0
2019-04-05 00:00:00-04:00,42.34000015258789,42.34000015258789,42.060001373291016,42.22999954223633,35.8394775390625,4430600,0.0,0.0
2019-04-08 00:00:00-04:00,42.2400016784668,42.4900016784668,42.08000183105469,42.38999938964844,35.97526550292969,6830300,0.0,0.0
2019-04-09 00:00:00-04:00,42.2400016784668,42.29999923706055,42.029998779296875,42.209999084472656,35.82250213623047,5049900,0.0,0.0
2019-04-10 00:00:00-04:00,42.2599983215332,42.5,42.18000030517578,42.369998931884766,35.95828628540039,4040200,0.0,0.0
2019-04-11 00:00:00-04:00,42.09000015258789,42.20000076293945,41.95000076293945,42.099998474121094,35.72914505004883,5172200,0.0,0.0
2019-04-12 00:00:00-04:00,42.470001220703125,42.650001525878906,42.279998779296875,42.58000183105469,36.136512756347656,6555700,0.0,0.0
2019-04-15 00:00:00-04:00,42.58000183105469,42.77000045776367,42.459999084472656,42.61000061035156,36.161964416503906,5274400,0.0,0.0
2019-04-16 00:00:00-04:00,42.83000183105469,43.08000183105469,42.75,43.0099983215332,36.50143814086914,6639100,0.0,0.0
2019-04-17 00:00:00-04:00,43.900001525878906,44.459999084472656,43.86000061035156,44.38999938964844,37.672607421875,15795700,0.0,0.0
2019-04-18 00:00:00-04:00,44.060001373291016,45.63999938964844,44.0,45.400001525878906,38.52976989746094,16569800,0.0,0.0
2019-04-22 00:00:00-04:00,44.790000915527344,45.15999984741211,44.59000015258789,45.150001525878906,38.31760787963867,10872000,0.0,0.0
2019-04-23 00:00:00-04:00,45.150001525878906,45.41999816894531,45.060001373291016,45.41999816894531,38.5467414855957,11437500,0.0,0.0
2019-04-24 00:00:00-04:00,45.08000183105469,45.59000015258789,44.939998626708984,45.40999984741211,38.53826141357422,10776800,0.0,0.0
2019-04-25 00:00:00-04:00,44.93000030517578,45.040000915527344,44.43000030517578,44.47999954223633,37.748985290527344,10149800,0.0,0.0
2019-04-26 00:00:00-04:00,43.650001525878906,44.0,43.31999969482422,43.939998626708984,37.290706634521484,12745000,0.0,0.0
2019-04-29 00:00:00-04:00,43.849998474121094,43.91999816894531,43.58000183105469,43.83000183105469,37.197357177734375,9272100,0.0,0.0
2019-04-30 00:00:00-04:00,43.400001525878906,43.939998626708984,43.2599983215332,43.81999969482422,37.18887710571289,11863900,0.0,0.0
2019-05-01 00:00:00-04:00,44.290000915527344,44.560001373291016,43.81999969482422,43.81999969482422,37.18887710571289,7319000,0.0,0.0
2019-05-02 00:00:00-04:00,43.86000061035156,44.470001220703125,43.75,44.400001525878906,37.68110275268555,10717200,0.0,0.0
2019-05-03 00:00:00-04:00,44.93000030517578,45.13999938964844,44.560001373291016,44.709999084472656,37.944183349609375,5479900,0.0,0.0
2019-05-06 00:00:00-04:00,43.31999969482422,43.81999969482422,43.209999084472656,43.7599983215332,37.137939453125,10756400,0.0,0.0
2019-05-07 00:00:00-04:00,43.83000183105469,44.04999923706055,43.290000915527344,43.7599983215332,37.137939453125,10225200,0.0,0.0
2019-05-08 00:00:00-04:00,43.52000045776367,44.0,43.459999084472656,43.70000076293945,37.0870246887207,8112600,0.0,0.0
2019-05-09 00:00:00-04:00,42.91999816894531,43.29999923706055,42.279998779296875,43.25,36.70512390136719,11229400,0.0,0.0
2019-05-10 00:00:00-04:00,42.86000061035156,43.09000015258789,42.189998626708984,42.83000183105469,36.34867858886719,8313900,0.0,0.0
2019-05-13 00:00:00-04:00,41.369998931884766,41.5099983215332,40.7400016784668,40.9900016784668,34.787113189697266,11046000,0.0,0.0
2019-05-14 00:00:00-04:00,41.59000015258789,42.08000183105469,41.400001525878906,41.970001220703125,35.61882400512695,7107800,0.0,0.0
2019-05-15 00:00:00-04:00,41.54999923706055,42.33000183105469,41.459999084472656,41.970001220703125,35.61882400512695,5347700,0.0,0.0
2019-05-16 00:00:00-04:00,41.630001068115234,41.63999938964844,41.220001220703125,41.529998779296875,35.24541473388672,9214700,0.0,0.0
2019-05-17 00:00:00-04:00,40.38999938964844,40.95000076293945,40.09000015258789,40.25,34.15910339355469,11271000,0.0,0.0
2019-05-20 00:00:00-04:00,39.25,39.29999923706055,38.52000045776367,38.65999984741211,32.80971145629883,13979700,0.0,0.0
2019-05-21 00:00:00-04:00,39.150001525878906,39.34000015258789,38.65999984741211,39.29999923706055,33.352848052978516,11806400,0.0,0.0
2019-05-22 00:00:00-04:00,39.20000076293945,39.38999938964844,38.88999938964844,38.900001525878906,33.013397216796875,12217600,0.0,0.0
2019-05-23 00:00:00-04:00,37.97999954223633,38.18000030517578,37.40999984741211,38.06999969482422,32.308990478515625,14708800,0.0,0.0
2019-05-24 00:00:00-04:00,38.41999816894531,38.7400016784668,38.20000076293945,38.20000076293945,32.41932678222656,10540700,0.0,0.0
2019-05-28 00:00:00-04:00,38.130001068115234,38.20000076293945,37.650001525878906,37.650001525878906,31.95255470275879,12484600,0.0,0.0
2019-05-29 00:00:00-04:00,37.459999084472656,37.75,37.18000030517578,37.689998626708984,31.98649024963379,13043000,0.0,0.0
2019-05-30 00:00:00-04:00,37.95000076293945,38.369998931884766,37.84000015258789,38.040000915527344,32.283538818359375,7351600,0.0,0.0
2019-05-31 00:00:00-04:00,38.27000045776367,38.970001220703125,38.25,38.349998474121094,32.54661560058594,9302700,0.0,0.0
2019-06-03 00:00:00-04:00,38.959999084472656,39.09000015258789,38.65999984741211,38.81999969482422,32.94549560546875,9618300,0.0,0.0
2019-06-04 00:00:00-04:00,38.63999938964844,39.099998474121094,38.41999816894531,39.060001373291016,33.14917755126953,6985600,0.0,0.0
2019-06-05 00:00:00-04:00,39.2400016784668,39.2599983215332,38.099998474121094,38.22999954223633,32.44477081298828,8219800,0.0,0.0
2019-06-06 00:00:00-04:00,38.18000030517578,38.59000015258789,37.91999816894531,38.439998626708984,32.62300491333008,6234000,0.0,0.0
2019-06-07 00:00:00-04:00,38.7400016784668,39.0,38.560001373291016,38.81999969482422,32.94549560546875,4456900,0.0,0.0
2019-06-10 00:00:00-04:00,39.4900016784668,40.130001068115234,39.45000076293945,39.619998931884766,33.62443542480469,8351800,0.0,0.0
2019-06-11 00:00:00-04:00,40.470001220703125,40.599998474121094,39.939998626708984,39.959999084472656,33.91299057006836,6100600,0.0,0.0
2019-06-12 00:00:00-04:00,40.0,40.189998626708984,39.45000076293945,39.459999084472656,33.48865509033203,6163200,0.0,0.0
2019-06-13 00:00:00-04:00,39.619998931884766,39.619998931884766,39.029998779296875,39.45000076293945,33.480167388916016,6646800,0.0,0.0
2019-06-14 00:00:00-04:00,38.630001068115234,38.70000076293945,37.83000183105469,37.84000015258789,32.11379623413086,11281500,0.0,0.0
2019-06-17 00:00:00-04:00,37.91999816894531,38.04999923706055,37.65999984741211,37.65999984741211,31.961042404174805,6500700,0.0,0.0
2019-06-18 00:00:00-04:00,38.27000045776367,39.41999816894531,38.220001220703125,39.209999084472656,33.2764778137207,12303200,0.0,0.0
2019-06-19 00:00:00-04:00,39.939998626708984,39.959999084472656,39.29999923706055,39.400001525878906,33.43772888183594,10217600,0.0,0.0
2019-06-20 00:00:00-04:00,40.45000076293945,40.720001220703125,40.13999938964844,40.5099983215332,34.3797607421875,10400000,0.0,0.0
2019-06-21 00:00:00-04:00,40.52000045776367,40.70000076293945,40.41999816894531,40.52000045776367,34.388240814208984,12766200,0.0,0.0
2019-06-24 00:00:00-04:00,39.560001373291016,40.06999969482422,39.439998626708984,39.97999954223633,35.033172607421875,6571000,1.276,0.0
2019-06-25 00:00:00-04:00,39.52000045776367,39.52000045776367,38.90999984741211,38.91999816894531,34.104331970214844,6790500,0.0,0.0
2019-06-26 00:00:00-04:00,39.380001068115234,39.380001068115234,38.97999954223633,39.08000183105469,34.24454116821289,9133300,0.0,0.0
2019-06-27 00:00:00-04:00,39.58000183105469,39.7599983215332,39.290000915527344,39.59000015258789,34.691436767578125,11375200,0.0,0.0
2019-06-28 00:00:00-04:00,39.72999954223633,39.72999954223633,39.119998931884766,39.16999816894531,34.32339859008789,7040000,0.0,0.0
2019-07-01 00:00:00-04:00,41.540000915527344,41.900001525878906,41.150001525878906,41.380001068115234,36.259952545166016,11046800,0.0,0.0
2019-07-02 00:00:00-04:00,41.189998626708984,41.310001373291016,40.7400016784668,40.79999923706055,35.75172424316406,4445600,0.0,0.0
2019-07-03 00:00:00-04:00,40.349998474121094,40.369998931884766,40.0099983215332,40.33000183105469,35.339881896972656,3125000,0.0,0.0
2019-07-05 00:00:00-04:00,39.869998931884766,40.099998474121094,39.63999938964844,39.93000030517578,34.98936462402344,3149300,0.0,0.0
2019-07-08 00:00:00-04:00,39.56999969482422,39.689998626708984,39.2400016784668,39.31999969482422,34.4548454284668,6772300,0.0,0.0
2019-07-09 00:00:00-04:00,39.650001525878906,40.0099983215332,39.41999816894531,39.66999816894531,34.76153564453125,6577000,0.0,0.0
2019-07-10 00:00:00-04:00,40.83000183105469,41.13999938964844,40.54999923706055,40.709999084472656,35.672847747802734,7945000,0.0,0.0
2019-07-11 00:00:00-04:00,41.13999938964844,41.189998626708984,40.83000183105469,40.900001525878906,35.8393440246582,6126600,0.0,0.0
2019-07-12 00:00:00-04:00,41.11000061035156,41.27000045776367,40.81999969482422,41.22999954223633,36.128517150878906,4695800,0.0,0.0
2019-07-15 00:00:00-04:00,41.75,41.93000030517578,41.65999984741211,41.81999969482422,36.6455078125,5784300,0.0,0.0
2019-07-16 00:00:00-04:00,41.79999923706055,41.95000076293945,41.56999969482422,41.77000045776367,36.6016960144043,6529500,0.0,0.0
2019-07-17 00:00:00-04:00,41.68000030517578,41.90999984741211,41.52000045776367,41.630001068115234,36.4790153503418,5514600,0.0,0.0
2019-07-18 00:00:00-04:00,42.52000045776367,43.22999954223633,42.310001373291016,43.189998626708984,37.84599685668945,11257600,0.0,0.0
2019-07-19 00:00:00-04:00,43.08000183105469,44.02000045776367,43.06999969482422,43.83000183105469,38.40680694580078,11438800,0.0,0.0
2019-07-22 00:00:00-04:00,44.20000076293945,44.880001068115234,44.130001068115234,44.599998474121094,39.08152770996094,10035800,0.0,0.0
2019-07-23 00:00:00-04:00,44.540000915527344,44.58000183105469,44.2400016784668,44.41999816894531,38.92380142211914,6565800,0.0,0.0
2019-07-24 00:00:00-04:00,44.5,44.630001068115234,44.2400016784668,44.540000915527344,39.02895736694336,7130400,0.0,0.0
2019-07-25 00:00:00-04:00,44.209999084472656,44.2400016784668,43.619998931884766,43.619998931884766,38.22278594970703,6593900,0.0,0.0
2019-07-26 00:00:00-04:00,43.72999954223633,43.88999938964844,43.380001068115234,43.459999084472656,38.08259201049805,4399000,0.0,0.0
2019-07-29 00:00:00-04:00,43.52000045776367,43.95000076293945,43.400001525878906,43.939998626708984,38.50320816040039,4138600,0.0,0.0
2019-07-30 00:00:00-04:00,43.400001525878906,43.400001525878906,42.77000045776367,43.11000061035156,37.77589797973633,4938500,0.0,0.0
2019-07-31 00:00:00-04:00,43.029998779296875,43.16999816894531,42.04999923706055,42.630001068115234,37.35529327392578,7592300,0.0,0.0
2019-08-01 00:00:00-04:00,42.75,43.38999938964844,41.599998474121094,41.869998931884766,36.6893196105957,9662800,0.0,0.0
2019-08-02 00:00:00-04:00,41.150001525878906,41.779998779296875,41.0099983215332,41.650001525878906,36.49654769897461,9317000,0.0,0.0
2019-08-05 00:00:00-04:00,40.40999984741211,40.52000045776367,39.779998779296875,39.869998931884766,34.93679428100586,6668400,0.0,0.0
2019-08-06 00:00:00-04:00,41.18000030517578,41.5099983215332,40.88999938964844,41.2599983215332,36.15480041503906,8667700,0.0,0.0
2019-08-07 00:00:00-04:00,41.04999923706055,41.45000076293945,40.79999923706055,41.2599983215332,36.15480041503906,5484700,0.0,0.0
2019-08-08 00:00:00-04:00,41.849998474121094,42.18000030517578,41.75,41.900001525878906,36.715614318847656,7795900,0.0,0.0
2019-08-09 00:00:00-04:00,41.59000015258789,41.709999084472656,41.0,41.40999984741211,36.28623962402344,3480500,0.0,0.0
2019-08-12 00:00:00-04:00,41.04999923706055,41.27000045776367,40.849998474121094,40.959999084472656,35.89191818237305,3463500,0.0,0.0
2019-08-13 00:00:00-04:00,40.630001068115234,41.9900016784668,40.54999923706055,41.84000015258789,36.663028717041016,7697800,0.0,0.0
2019-08-14 00:00:00-04:00,40.849998474121094,41.09000015258789,40.25,40.43000030517578,35.427494049072266,9621800,0.0,0.0
2019-08-15 00:00:00-04:00,40.380001068115234,40.9900016784668,40.34000015258789,40.86000061035156,35.80429458618164,7690100,0.0,0.0
2019-08-16 00:00:00-04:00,41.18000030517578,41.72999954223633,41.150001525878906,41.540000915527344,36.40015411376953,4845700,0.0,0.0
2019-08-19 00:00:00-04:00,42.15999984741211,42.209999084472656,41.650001525878906,41.779998779296875,36.61045837402344,3797600,0.0,0.0
2019-08-20 00:00:00-04:00,42.0,42.220001220703125,41.720001220703125,41.939998626708984,36.75065994262695,7540300,0.0,0.0
2019-08-21 00:00:00-04:00,42.40999984741211,42.63999938964844,42.290000915527344,42.58000183105469,37.311485290527344,3914600,0.0,0.0
2019-08-22 00:00:00-04:00,42.38999938964844,42.4900016784668,41.72999954223633,42.130001068115234,36.91715621948242,3145600,0.0,0.0
2019-08-23 00:00:00-04:00,41.939998626708984,42.150001525878906,40.86000061035156,40.95000076293945,35.88315200805664,7526900,0.0,0.0
2019-08-26 00:00:00-04:00,41.369998931884766,41.54999923706055,41.130001068115234,41.34000015258789,36.22489929199219,5519000,0.0,0.0
2019-08-27 00:00:00-04:00,41.54999923706055,41.68000030517578,41.27000045776367,41.349998474121094,36.233665466308594,4192800,0.0,0.0
2019-08-28 00:00:00-04:00,41.31999969482422,41.77000045776367,41.04999923706055,41.650001525878906,36.49654769897461,3586000,0.0,0.0
2019-08-29 00:00:00-04:00,42.34000015258789,42.56999969482422,42.22999954223633,42.279998779296875,37.04859161376953,5171600,0.0,0.0
2019-08-30 00:00:00-04:00,42.709999084472656,42.88999938964844,42.36000061035156,42.630001068115234,37.35529327392578,5382200,0.0,0.0
2019-09-03 00:00:00-04:00,42.150001525878906,42.15999984741211,41.58000183105469,41.720001220703125,36.55788803100586,4748000,0.0,0.0
2019-09-04 00:00:00-04:00,42.61000061035156,43.150001525878906,42.38999938964844,43.150001525878906,37.810951232910156,4460900,0.0,0.0
2019-09-05 00:00:00-04:00,43.7599983215332,44.5099983215332,43.7599983215332,44.2400016784668,38.76606750488281,7698300,0.0,0.0
2019-09-06 00:00:00-04:00,44.0,44.040000915527344,43.689998626708984,43.709999084472656,38.30165481567383,4325300,0.0,0.0
2019-09-09 00:00:00-04:00,43.90999984741211,44.08000183105469,43.540000915527344,43.849998474121094,38.42433166503906,4677000,0.0,0.0
2019-09-10 00:00:00-04:00,43.599998474121094,44.099998474121094,43.36000061035156,44.099998474121094,38.64339828491211,5001600,0.0,0.0
2019-09-11 00:00:00-04:00,43.90999984741211,44.27000045776367,43.84000015258789,44.220001220703125,38.7485466003418,4016800,0.0,0.0
2019-09-12 00:00:00-04:00,44.290000915527344,44.459999084472656,43.93000030517578,44.06999969482422,38.61710739135742,6577900,0.0,0.0
2019-09-13 00:00:00-04:00,44.43000030517578,44.83000183105469,44.189998626708984,44.7400016784668,39.20421600341797,6231100,0.0,0.0
2019-09-16 00:00:00-04:00,44.529998779296875,44.7400016784668,44.4900016784668,44.599998474121094,39.08152770996094,3716300,0.0,0.0
2019-09-17 00:00:00-04:00,44.279998779296875,45.150001525878906,44.209999084472656,45.130001068115234,39.54595184326172,6110900,0.0,0.0
2019-09-18 00:00:00-04:00,45.16999816894531,45.20000076293945,44.61000061035156,45.040000915527344,39.46709060668945,4044800,0.0,0.0
2019-09-19 00:00:00-04:00,44.79999923706055,45.220001220703125,44.7599983215332,44.900001525878906,39.62771224975586,6422700,0.322,0.0
2019-09-20 00:00:00-04:00,44.77000045776367,44.900001525878906,43.869998931884766,43.869998931884766,38.71866226196289,7249200,0.0,0.0
2019-09-23 00:00:00-04:00,44.18000030517578,44.290000915527344,43.849998474121094,44.06999969482422,38.89517593383789,4347000,0.0,0.0
2019-09-24 00:00:00-04:00,44.400001525878906,44.54999923706055,44.060001373291016,44.119998931884766,38.939308166503906,7592200,0.0,0.0
2019-09-25 00:00:00-04:00,44.20000076293945,45.099998474121094,44.0,45.0099983215332,39.72480392456055,6719500,0.0,0.0
2019-09-26 00:00:00-04:00,45.099998474121094,46.5099983215332,45.099998474121094,46.459999084472656,41.00453567504883,15832500,0.0,0.0
2019-09-27 00:00:00-04:00,46.0,46.47999954223633,45.189998626708984,45.5099983215332,40.16609191894531,9610400,0.0,0.0
2019-09-30 00:00:00-04:00,46.56999969482422,46.7400016784668,46.119998931884766,46.47999954223633,41.02219009399414,8396900,0.0,0.0
2019-10-01 00:00:00-04:00,46.959999084472656,47.849998474121094,46.959999084472656,47.189998626708984,41.64882278442383,11575200,0.0,0.0
2019-10-02 00:00:00-04:00,46.709999084472656,46.939998626708984,46.33000183105469,46.43000030517578,40.978057861328125,5785200,0.0,0.0
2019-10-03 00:00:00-04:00,46.45000076293945,47.13999938964844,46.2400016784668,47.130001068115234,41.59586715698242,6091600,0.0,0.0
2019-10-04 00:00:00-04:00,47.029998779296875,47.45000076293945,46.779998779296875,47.41999816894531,41.8518180847168,5704200,0.0,0.0
2019-10-07 00:00:00-04:00,47.72999954223633,48.150001525878906,47.43000030517578,47.95000076293945,42.319576263427734,11059000,0.0,0.0
2019-10-08 00:00:00-04:00,48.2599983215332,48.400001525878906,47.599998474121094,47.86000061035156,42.24014663696289,13089700,0.0,0.0
2019-10-09 00:00:00-04:00,48.20000076293945,49.060001373291016,48.16999816894531,48.68000030517578,42.963871002197266,11033100,0.0,0.0
2019-10-10 00:00:00-04:00,48.90999984741211,49.38999938964844,48.4900016784668,48.93000030517578,43.18450927734375,9566500,0.0,0.0
2019-10-11 00:00:00-04:00,49.45000076293945,49.790000915527344,49.33000183105469,49.41999816894531,43.61696243286133,7499100,0.0,0.0
2019-10-14 00:00:00-04:00,49.41999816894531,50.130001068115234,49.29999923706055,49.90999984741211,44.049442291259766,7974000,0.0,0.0
2019-10-15 00:00:00-04:00,50.20000076293945,50.63999938964844,50.11000061035156,50.38999938964844,44.47306823730469,9323200,0.0,0.0
2019-10-16 00:00:00-04:00,50.34000015258789,51.130001068115234,50.06999969482422,50.130001068115234,44.24360656738281,13615700,0.0,0.0
2019-10-17 00:00:00-04:00,51.13999938964844,51.209999084472656,49.2599983215332,49.75,43.90821075439453,12410200,0.0,0.0
2019-10-18 00:00:00-04:00,49.650001525878906,50.09000015258789,49.130001068115234,49.279998779296875,43.4934196472168,9169200,0.0,0.0
2019-10-21 00:00:00-04:00,49.529998779296875,50.11000061035156,49.33000183105469,50.0,44.12886047363281,6538900,0.0,0.0
2019-10-22 00:00:00-04:00,50.29999923706055,50.83000183105469,50.18000030517578,50.63999938964844,44.69371795654297,10697300,0.0,0.0
2019-10-23 00:00:00-04:00,50.099998474121094,50.400001525878906,49.91999816894531,50.16999816894531,44.27890396118164,7118800,0.0,0.0
2019-10-24 00:00:00-04:00,50.4900016784668,51.04999923706055,50.22999954223633,50.95000076293945,44.96731185913086,7006600,0.0,0.0
2019-10-25 00:00:00-04:00,50.79999923706055,51.22999954223633,50.689998626708984,51.130001068115234,45.12617111206055,6303500,0.0,0.0
2019-10-28 00:00:00-04:00,51.400001525878906,51.47999954223633,51.04999923706055,51.310001373291016,45.2850456237793,7725500,0.0,0.0
2019-10-29 00:00:00-04:00,51.5,51.84000015258789,51.439998626708984,51.470001220703125,45.42625045776367,5303900,0.0,0.0
2019-10-30 00:00:00-04:00,51.790000915527344,52.060001373291016,51.56999969482422,51.90999984741211,45.81459045410156,5198100,0.0,0.0
2019-10-31 00:00:00-04:00,51.88999938964844,51.93000030517578,51.349998474121094,51.630001068115234,45.567466735839844,5140800,0.0,0.0
2019-11-01 00:00:00-04:00,51.88999938964844,52.099998474121094,51.70000076293945,52.099998474121094,45.98227310180664,5226600,0.0,0.0
2019-11-04 00:00:00-05:00,53.54999923706055,53.790000915527344,53.119998931884766,53.4900016784668,47.20906066894531,7233400,0.0,0.0
2019-11-05 00:00:00-05:00,53.630001068115234,53.970001220703125,53.4900016784668,53.54999923706055,47.26201629638672,5287100,0.0,0.0
2019-11-06 00:00:00-05:00,53.70000076293945,53.75,53.099998474121094,53.63999938964844,47.34145736694336,4545100,0.0,0.0
2019-11-07 00:00:00-05:00,53.900001525878906,54.369998931884766,53.52000045776367,53.66999816894531,47.367923736572266,7890900,0.0,0.0
2019-11-08 00:00:00-05:00,53.529998779296875,53.529998779296875,52.529998779296875,52.83000183105469,46.626556396484375,6558400,0.0,0.0
2019-11-11 00:00:00-05:00,52.38999938964844,52.75,52.15999984741211,52.599998474121094,46.42356491088867,4046500,0.0,0.0
2019-11-12 00:00:00-05:00,52.689998626708984,52.689998626708984,52.029998779296875,52.150001525878906,46.02641677856445,8625100,0.0,0.0
2019-11-13 00:00:00-05:00,52.58000183105469,52.939998626708984,52.150001525878906,52.880001068115234,46.670692443847656,5336200,0.0,0.0
2019-11-14 00:00:00-05:00,52.5,52.72999954223633,52.130001068115234,52.47999954223633,46.31765365600586,5308600,0.0,0.0
2019-11-15 00:00:00-05:00,53.0099983215332,53.38999938964844,52.880001068115234,53.290000915527344,47.03254699707031,5986400,0.0,0.0
2019-11-18 00:00:00-05:00,53.38999938964844,53.959999084472656,53.38999938964844,53.41999816894531,47.147274017333984,4774400,0.0,0.0
2019-11-19 00:00:00-05:00,54.04999923706055,54.13999938964844,53.68000030517578,53.7599983215332,47.44735336303711,4731100,0.0,0.0
2019-11-20 00:00:00-05:00,53.54999923706055,53.779998779296875,53.209999084472656,53.5,47.2178955078125,5264800,0.0,0.0
2019-11-21 00:00:00-05:00,53.5,53.5099983215332,52.939998626708984,52.97999954223633,46.758949279785156,6037000,0.0,0.0
2019-11-22 00:00:00-05:00,52.91999816894531,53.15999984741211,52.7400016784668,52.790000915527344,46.59125900268555,4172300,0.0,0.0
2019-11-25 00:00:00-05:00,53.09000015258789,53.939998626708984,52.79999923706055,53.7599983215332,47.44735336303711,5021500,0.0,0.0
2019-11-26 00:00:00-05:00,53.5,53.790000915527344,53.380001068115234,53.630001068115234,47.33262634277344,5672800,0.0,0.0
2019-11-27 00:00:00-05:00,54.029998779296875,54.060001373291016,53.540000915527344,53.88999938964844,47.562095642089844,2786100,0.0,0.0
2019-11-29 00:00:00-05:00,53.060001373291016,53.15999984741211,52.79999923706055,53.09000015258789,46.85603332519531,3391700,0.0,0.0
2019-12-02 00:00:00-05:00,53.54999923706055,53.59000015258789,52.779998779296875,52.97999954223633,46.758949279785156,4475800,0.0,0.0
2019-12-03 00:00:00-05:00,52.41999816894531,52.93000030517578,52.18000030517578,52.779998779296875,46.582427978515625,5468100,0.0,0.0
2019-12-04 00:00:00-05:00,53.27000045776367,53.56999969482422,53.11000061035156,53.18000030517578,46.935462951660156,3905200,0.0,0.0
2019-12-05 00:00:00-05:00,53.619998931884766,54.540000915527344,53.4900016784668,54.400001525878906,48.012203216552734,7624300,0.0,0.0
2019-12-06 00:00:00-05:00,54.5,55.029998779296875,54.5,54.939998626708984,48.48879623413086,5429100,0.0,0.0
2019-12-09 00:00:00-05:00,55.04999923706055,55.189998626708984,54.31999969482422,54.459999084472656,48.065162658691406,6541900,0.0,0.0
2019-12-10 00:00:00-05:00,54.68000030517578,55.060001373291016,54.33000183105469,54.52000045776367,48.11811828613281,4364800,0.0,0.0
2019-12-11 00:00:00-05:00,55.040000915527344,56.20000076293945,55.029998779296875,55.900001525878906,49.33607864379883,11028000,0.0,0.0
2019-12-12 00:00:00-05:00,57.25,58.619998931884766,57.02000045776367,58.61000061035156,51.72785949707031,15788700,0.0,0.0
2019-12-13 00:00:00-05:00,59.04999923706055,59.52000045776367,58.25,58.25,51.41012954711914,9886900,0.0,0.0
2019-12-16 00:00:00-05:00,58.290000915527344,58.70000076293945,58.290000915527344,58.540000915527344,51.666080474853516,5779400,0.0,0.0
2019-12-17 00:00:00-05:00,59.709999084472656,59.709999084472656,58.779998779296875,59.22999954223633,52.27507019042969,8407500,0.0,0.0
2019-12-18 00:00:00-05:00,59.599998474121094,59.63999938964844,58.720001220703125,59.099998474121094,52.160316467285156,10021200,0.0,0.0
2019-12-19 00:00:00-05:00,58.5,58.5,57.880001068115234,57.959999084472656,51.511539459228516,7228700,0.41,0.0
2019-12-20 00:00:00-05:00,57.779998779296875,58.29999923706055,57.31999969482422,57.93000030517578,51.48488235473633,8043800,0.0,0.0
2019-12-23 00:00:00-05:00,58.029998779296875,58.34000015258789,57.95000076293945,58.220001220703125,51.74260711669922,4022000,0.0,0.0
2019-12-24 00:00:00-05:00,57.9900016784668,58.09000015258789,57.54999923706055,57.7599983215332,51.33378601074219,2692200,0.0,0.0
2019-12-26 00:00:00-05:00,57.79999923706055,58.349998474121094,57.7599983215332,58.25,51.76926803588867,2490400,0.0,0.0
2019-12-27 00:00:00-05:00,58.529998779296875,58.709999084472656,58.33000183105469,58.459999084472656,51.95591354370117,2847800,0.0,0.0
2019-12-30 00:00:00-05:00,58.65999984741211,58.689998626708984,57.619998931884766,57.849998474121094,51.413780212402344,3519900,0.0,0.0
2019-12-31 00:00:00-05:00,57.68000030517578,58.130001068115234,57.459999084472656,58.099998474121094,51.63595199584961,2950200,0.0,0.0
2020-01-02 00:00:00-05:00,59.599998474121094,60.119998931884766,59.599998474121094,60.040000915527344,53.360130310058594,8432600,0.0,0.0
2020-01-03 00:00:00-05:00,58.970001220703125,58.97999954223633,58.040000915527344,58.060001373291016,51.60041427612305,10546400,0.0,0.0
2020-01-06 00:00:00-05:00,57.599998474121094,57.689998626708984,57.130001068115234,57.38999938964844,51.00495529174805,8897200,0.0,0.0
2020-01-07 00:00:00-05:00,57.45000076293945,58.599998474121094,56.7400016784668,58.31999969482422,51.831485748291016,7444300,0.0,0.0
2020-01-08 00:00:00-05:00,58.189998626708984,58.97999954223633,58.11000061035156,58.75,52.213645935058594,5381500,0.0,0.0
2020-01-09 00:00:00-05:00,59.689998626708984,59.709999084472656,58.70000076293945,59.22999954223633,52.64023971557617,5112700,0.0,0.0
2020-01-10 00:00:00-05:00,59.70000076293945,59.70000076293945,58.77000045776367,58.86000061035156,52.31139373779297,4807700,0.0,0.0
2020-01-13 00:00:00-05:00,60.150001525878906,60.15999984741211,59.45000076293945,60.060001373291016,53.37789535522461,6613700,0.0,0.0
2020-01-14 00:00:00-05:00,60.15999984741211,60.63999938964844,59.91999816894531,60.31999969482422,53.60896301269531,6715200,0.0,0.0
2020-01-15 00:00:00-05:00,59.66999816894531,59.70000076293945,58.2599983215332,58.38999938964844,51.89369201660156,10075100,0.0,0.0
2020-01-16 00:00:00-05:00,59.20000076293945,59.689998626708984,58.29999923706055,58.75,52.213645935058594,11215700,0.0,0.0
2020-01-17 00:00:00-05:00,58.63999938964844,58.75,58.0099983215332,58.58000183105469,52.062557220458984,8125700,0.0,0.0
2020-01-21 00:00:00-05:00,57.9900016784668,59.0,57.470001220703125,58.2400016784668,51.760372161865234,9873700,0.0,0.0
2020-01-22 00:00:00-05:00,58.900001525878906,58.939998626708984,58.31999969482422,58.349998474121094,51.85814666748047,8124500,0.0,0.0
2020-01-23 00:00:00-05:00,57.86000061035156,58.06999969482422,56.619998931884766,57.47999954223633,51.08494186401367,9999200,0.0,0.0
2020-01-24 00:00:00-05:00,58.09000015258789,58.13999938964844,57.459999084472656,57.72999954223633,51.30712127685547,10402200,0.0,0.0
2020-01-27 00:00:00-05:00,55.619998931884766,55.9900016784668,55.060001373291016,55.2599983215332,49.111934661865234,9675500,0.0,0.0
2020-01-28 00:00:00-05:00,55.72999954223633,57.119998931884766,55.47999954223633,57.09000015258789,50.73833084106445,8124400,0.0,0.0
2020-01-29 00:00:00-05:00,57.52000045776367,57.52000045776367,56.849998474121094,57.189998626708984,50.82720184326172,7693400,0.0,0.0
2020-01-30 00:00:00-05:00,55.08000183105469,56.040000915527344,55.060001373291016,55.79999923706055,49.59184265136719,10295700,0.0,0.0
2020-01-31 00:00:00-05:00,55.43000030517578,55.47999954223633,53.599998474121094,53.939998626708984,47.93878173828125,13467200,0.0,0.0
2020-02-03 00:00:00-05:00,54.349998474121094,54.939998626708984,54.13999938964844,54.77000045776367,48.676448822021484,9594300,0.0,0.0
2020-02-04 00:00:00-05:00,56.91999816894531,57.63999938964844,56.900001525878906,57.52000045776367,51.12049102783203,12746600,0.0,0.0
2020-02-05 00:00:00-05:00,58.099998474121094,58.150001525878906,57.16999816894531,57.91999816894531,51.47598648071289,6594400,0.0,0.0
2020-02-06 00:00:00-05:00,58.27000045776367,58.279998779296875,57.279998779296875,58.02000045776367,51.564857482910156,4236300,0.0,0.0
2020-02-07 00:00:00-05:00,57.13999938964844,57.13999938964844,56.060001373291016,56.20000076293945,49.94734573364258,6808400,0.0,0.0
2020-02-10 00:00:00-05:00,56.439998626708984,57.04999923706055,56.34000015258789,57.02000045776367,50.67612075805664,4281200,0.0,0.0
2020-02-11 00:00:00-05:00,57.95000076293945,58.900001525878906,57.810001373291016,58.65999984741211,52.13364791870117,6523200,0.0,0.0
2020-02-12 00:00:00-05:00,59.25,59.75,58.900001525878906,59.630001068115234,52.99573516845703,5962900,0.0,0.0
2020-02-13 00:00:00-05:00,59.130001068115234,59.70000076293945,58.7400016784668,59.33000183105469,52.7291145324707,6460100,0.0,0.0
2020-02-14 00:00:00-05:00,59.02000045776367,59.16999816894531,57.869998931884766,58.189998626708984,51.715946197509766,6932400,0.0,0.0
2020-02-18 00:00:00-05:00,56.099998474121094,56.560001373291016,55.630001068115234,56.18000030517578,49.92957305908203,10989000,0.0,0.0
2020-02-19 00:00:00-05:00,57.25,57.939998626708984,57.0,57.63999938964844,51.22714614868164,7866300,0.0,0.0
2020-02-20 00:00:00-05:00,56.939998626708984,57.040000915527344,55.810001373291016,56.47999954223633,50.196189880371094,7192900,0.0,0.0
2020-02-21 00:00:00-05:00,56.650001525878906,56.650001525878906,55.52000045776367,55.59000015258789,49.40522384643555,6816600,0.0,0.0
2020-02-24 00:00:00-05:00,53.54999923706055,54.689998626708984,53.18000030517578,54.119998931884766,48.098758697509766,9968800,0.0,0.0
2020-02-25 00:00:00-05:00,55.33000183105469,55.470001220703125,53.83000183105469,53.86000061035156,47.8676872253418,12670700,0.0,0.0
2020-02-26 00:00:00-05:00,54.4900016784668,55.40999984741211,54.380001068115234,55.029998779296875,48.90752410888672,10969300,0.0,0.0
2020-02-27 00:00:00-05:00,54.20000076293945,54.599998474121094,53.27000045776367,53.290000915527344,47.36111068725586,11878900,0.0,0.0
2020-02-28 00:00:00-05:00,51.349998474121094,54.04999923706055,51.0,53.84000015258789,47.84992599487305,13604500,0.0,0.0
2020-03-02 00:00:00-05:00,54.369998931884766,56.0099983215332,53.83000183105469,55.97999954223633,49.75182342529297,13797700,0.0,0.0
2020-03-03 00:00:00-05:00,56.29999923706055,56.369998931884766,54.040000915527344,54.880001068115234,48.77421569824219,14661800,0.0,0.0
2020-03-04 00:00:00-05:00,55.970001220703125,57.09000015258789,55.54999923706055,57.08000183105469,50.72944259643555,9878200,0.0,0.0
2020-03-05 00:00:00-05:00,56.11000061035156,56.38999938964844,55.25,55.72999954223633,49.52963638305664,10004200,0.0,0.0
2020-03-06 00:00:00-05:00,54.599998474121094,55.08000183105469,53.970001220703125,55.06999969482422,48.94306945800781,12971200,0.0,0.0
2020-03-09 00:00:00-04:00,51.54999923706055,54.13999938964844,51.060001373291016,51.83000183105469,46.063541412353516,13781100,0.0,0.0
2020-03-10 00:00:00-04:00,53.709999084472656,54.619998931884766,52.4900016784668,54.5099983215332,48.445369720458984,11698700,0.0,0.0
2020-03-11 00:00:00-04:00,53.11000061035156,53.560001373291016,52.09000015258789,52.2400016784668,46.427921295166016,14498000,0.0,0.0
2020-03-12 00:00:00-04:00,49.65999984741211,50.9900016784668,48.5099983215332,48.689998626708984,43.27289581298828,15942200,0.0,0.0
2020-03-13 00:00:00-04:00,51.900001525878906,52.459999084472656,49.290000915527344,52.22999954223633,46.41903305053711,14948700,0.0,0.0
2020-03-16 00:00:00-04:00,46.34000015258789,48.349998474121094,44.900001525878906,44.900001525878906,39.904563903808594,16628200,0.0,0.0
2020-03-17 00:00:00-04:00,45.75,48.560001373291016,45.029998779296875,48.540000915527344,43.13957214355469,13415700,0.0,0.0
2020-03-18 00:00:00-04:00,43.79999923706055,46.09000015258789,43.2599983215332,44.369998931884766,39.43351364135742,15018500,0.0,0.0
2020-03-19 00:00:00-04:00,43.7400016784668,45.18000030517578,42.70000076293945,43.88999938964844,39.37699890136719,11182600,0.417,0.0
2020-03-20 00:00:00-04:00,48.02000045776367,48.279998779296875,44.47999954223633,44.529998779296875,39.95119094848633,14157700,0.0,0.0
2020-03-23 00:00:00-04:00,45.119998931884766,45.61000061035156,43.52000045776367,45.2599983215332,40.60612487792969,10508600,0.0,0.0
2020-03-24 00:00:00-04:00,48.0,48.91999816894531,47.5,48.869998931884766,43.84492492675781,12216200,0.0,0.0
2020-03-25 00:00:00-04:00,49.29999923706055,50.04999923706055,48.04999923706055,49.0,43.96156692504883,9796600,0.0,0.0
2020-03-26 00:00:00-04:00,49.099998474121094,50.459999084472656,48.91999816894531,49.869998931884766,44.742095947265625,10577500,0.0,0.0
2020-03-27 00:00:00-04:00,47.22999954223633,48.09000015258789,46.5099983215332,46.90999984741211,42.08647155761719,12158500,0.0,0.0
2020-03-30 00:00:00-04:00,47.18000030517578,48.15999984741211,46.77000045776367,47.81999969482422,42.902896881103516,8428300,0.0,0.0
2020-03-31 00:00:00-04:00,47.79999923706055,49.029998779296875,47.65999984741211,47.790000915527344,42.875980377197266,9595700,0.0,0.0
2020-04-01 00:00:00-04:00,46.83000183105469,47.560001373291016,46.29999923706055,46.5099983215332,41.727596282958984,8755200,0.0,0.0
2020-04-02 00:00:00-04:00,46.91999816894531,48.220001220703125,46.61000061035156,48.130001068115234,43.18101501464844,6174700,0.0,0.0
2020-04-03 00:00:00-04:00,47.790000915527344,48.150001525878906,46.779998779296875,47.060001373291016,42.221038818359375,5486200,0.0,0.0
2020-04-06 00:00:00-04:00,48.630001068115234,50.099998474121094,48.5099983215332,49.970001220703125,44.831809997558594,7370300,0.0,0.0
2020-04-07 00:00:00-04:00,51.290000915527344,51.31999969482422,49.65999984741211,49.720001220703125,44.6075325012207,6568700,0.0,0.0
2020-04-08 00:00:00-04:00,50.209999084472656,50.599998474121094,49.540000915527344,50.27000045776367,45.10096740722656,6325900,0.0,0.0
2020-04-09 00:00:00-04:00,50.279998779296875,50.65999984741211,47.720001220703125,48.33000183105469,43.360450744628906,12274000,0.0,0.0
2020-04-13 00:00:00-04:00,48.7400016784668,49.09000015258789,47.959999084472656,48.75,43.73726272583008,9873200,0.0,0.0
2020-04-14 00:00:00-04:00,50.0,51.27000045776367,49.95000076293945,50.630001068115234,45.423954010009766,11068800,0.0,0.0
2020-04-15 00:00:00-04:00,49.7599983215332,49.970001220703125,49.040000915527344,49.65999984741211,44.5536994934082,9398100,0.0,0.0
2020-04-16 00:00:00-04:00,51.810001373291016,53.13999938964844,51.68000030517578,52.400001525878906,47.01194763183594,18615900,0.0,0.0
2020-04-17 00:00:00-04:00,54.130001068115234,54.189998626708984,53.0,53.689998626708984,48.16930389404297,11288500,0.0,0.0
2020-04-20 00:00:00-04:00,53.0,53.81999969482422,52.560001373291016,52.59000015258789,47.18242645263672,9901700,0.0,0.0
2020-04-21 00:00:00-04:00,51.599998474121094,51.810001373291016,50.52000045776367,51.369998931884766,46.08786392211914,13102500,0.0,0.0
2020-04-22 00:00:00-04:00,52.47999954223633,53.11000061035156,52.40999984741211,52.95000076293945,47.50540542602539,8255500,0.0,0.0
2020-04-23 00:00:00-04:00,52.810001373291016,53.130001068115234,52.2599983215332,52.63999938964844,47.22727584838867,7619900,0.0,0.0
2020-04-24 00:00:00-04:00,52.599998474121094,52.88999938964844,52.0,52.72999954223633,47.30802917480469,5701800,0.0,0.0
2020-04-27 00:00:00-04:00,53.150001525878906,53.75,52.970001220703125,53.5099983215332,48.00782012939453,5812300,0.0,0.0
2020-04-28 00:00:00-04:00,53.5099983215332,53.72999954223633,52.68000030517578,52.7599983215332,47.334930419921875,8561100,0.0,0.0
2020-04-29 00:00:00-04:00,53.75,54.689998626708984,53.43000030517578,54.47999954223633,48.87807846069336,8565500,0.0,0.0
2020-04-30 00:00:00-04:00,54.20000076293945,54.40999984741211,52.959999084472656,53.130001068115234,47.666893005371094,6337900,0.0,0.0
2020-05-01 00:00:00-04:00,52.47999954223633,52.560001373291016,51.09000015258789,51.099998474121094,45.845619201660156,10238700,0.0,0.0
2020-05-04 00:00:00-04:00,51.790000915527344,52.18000030517578,51.279998779296875,52.150001525878906,46.78765869140625,7514000,0.0,0.0
2020-05-05 00:00:00-04:00,52.209999084472656,52.58000183105469,51.58000183105469,51.709999084472656,46.39289855957031,7780700,0.0,0.0
2020-05-06 00:00:00-04:00,52.11000061035156,52.619998931884766,52.0,52.130001068115234,46.769718170166016,8206700,0.0,0.0
2020-05-07 00:00:00-04:00,52.95000076293945,52.97999954223633,52.099998474121094,52.33000183105469,46.94915008544922,5493400,0.0,0.0
2020-05-08 00:00:00-04:00,52.619998931884766,53.34000015258789,52.470001220703125,52.90999984741211,47.469520568847656,6086000,0.0,0.0
2020-05-11 00:00:00-04:00,52.61000061035156,52.83000183105469,52.380001068115234,52.400001525878906,47.01194763183594,6459300,0.0,0.0
2020-05-12 00:00:00-04:00,52.63999938964844,52.63999938964844,51.08000183105469,51.099998474121094,45.845619201660156,8584500,0.0,0.0
2020-05-13 00:00:00-04:00,51.90999984741211,52.02000045776367,50.47999954223633,50.91999816894531,45.68413543701172,8611000,0.0,0.0
2020-05-14 00:00:00-04:00,50.43000030517578,52.150001525878906,49.790000915527344,52.099998474121094,46.7427978515625,13695600,0.0,0.0
2020-05-15 00:00:00-04:00,50.560001373291016,51.04999923706055,49.380001068115234,49.79999923706055,44.679298400878906,17777200,0.0,0.0
2020-05-18 00:00:00-04:00,50.939998626708984,52.189998626708984,50.77000045776367,51.869998931884766,46.53645324707031,12726500,0.0,0.0
2020-05-19 00:00:00-04:00,51.349998474121094,51.459999084472656,50.79999923706055,50.810001373291016,45.58543395996094,12940300,0.0,0.0
2020-05-20 00:00:00-04:00,51.58000183105469,52.09000015258789,50.5,51.84000015258789,46.5095329284668,8406200,0.0,0.0
2020-05-21 00:00:00-04:00,52.099998474121094,52.209999084472656,50.689998626708984,50.75,45.531620025634766,7842600,0.0,0.0
2020-05-22 00:00:00-04:00,50.84000015258789,50.86000061035156,49.61000061035156,49.79999923706055,44.679298400878906,12462300,0.0,0.0
2020-05-26 00:00:00-04:00,51.29999923706055,51.400001525878906,50.790000915527344,50.81999969482422,45.59442138671875,8872000,0.0,0.0
2020-05-27 00:00:00-04:00,51.029998779296875,51.7400016784668,50.75,51.7400016784668,46.41981506347656,11405700,0.0,0.0
2020-05-28 00:00:00-04:00,51.459999084472656,51.619998931884766,50.099998474121094,50.279998779296875,45.10995101928711,8178700,0.0,0.0
2020-05-29 00:00:00-04:00,50.34000015258789,50.72999954223633,49.86000061035156,50.33000183105469,45.15480422973633,10918500,0.0,0.0
2020-06-01 00:00:00-04:00,50.90999984741211,51.279998779296875,50.540000915527344,51.029998779296875,45.7828254699707,6187300,0.0,0.0
2020-06-02 00:00:00-04:00,51.45000076293945,52.040000915527344,51.290000915527344,52.0099983215332,46.66204833984375,6063600,0.0,0.0
2020-06-03 00:00:00-04:00,52.63999938964844,53.25,52.41999816894531,53.060001373291016,47.60407638549805,8380200,0.0,0.0
2020-06-04 00:00:00-04:00,53.060001373291016,54.369998931884766,53.029998779296875,54.279998779296875,48.69865036010742,13269500,0.0,0.0
2020-06-05 00:00:00-04:00,55.5,56.34000015258789,55.060001373291016,55.20000076293945,49.52404022216797,9776100,0.0,0.0
2020-06-08 00:00:00-04:00,55.7400016784668,55.779998779296875,54.709999084472656,55.56999969482422,49.85600280761719,6302100,0.0,0.0
2020-06-09 00:00:00-04:00,55.290000915527344,56.630001068115234,54.95000076293945,56.61000061035156,50.789066314697266,9355100,0.0,0.0
2020-06-10 00:00:00-04:00,56.81999969482422,58.040000915527344,56.81999969482422,57.54999923706055,51.63240051269531,9194300,0.0,0.0
2020-06-11 00:00:00-04:00,55.849998474121094,56.40999984741211,55.0099983215332,55.040000915527344,49.3804931640625,9877100,0.0,0.0
2020-06-12 00:00:00-04:00,56.5,56.869998931884766,55.349998474121094,56.0,50.24178695678711,9838800,0.0,0.0
2020-06-15 00:00:00-04:00,54.709999084472656,56.119998931884766,54.52000045776367,56.02000045776367,50.25973129272461,7509700,0.0,0.0
2020-06-16 00:00:00-04:00,56.59000015258789,57.0,55.540000915527344,55.79999923706055,50.06234359741211,8827200,0.0,0.0
2020-06-17 00:00:00-04:00,56.150001525878906,56.81999969482422,55.88999938964844,56.599998474121094,50.780086517333984,8248700,0.0,0.0
2020-06-18 00:00:00-04:00,56.040000915527344,56.540000915527344,55.790000915527344,56.150001525878906,50.75297164916992,6831500,0.42,0.0
2020-06-19 00:00:00-04:00,56.47999954223633,56.5,55.27000045776367,55.310001373291016,49.993709564208984,6965100,0.0,0.0
2020-06-22 00:00:00-04:00,55.5,56.0,55.31999969482422,56.0,50.617393493652344,4480400,0.0,0.0
2020-06-23 00:00:00-04:00,56.63999938964844,57.15999984741211,56.529998779296875,56.7599983215332,51.30434036254883,7836500,0.0,0.0
2020-06-24 00:00:00-04:00,56.709999084472656,57.060001373291016,56.15999984741211,56.58000183105469,51.141639709472656,7080200,0.0,0.0
2020-06-25 00:00:00-04:00,56.560001373291016,57.09000015258789,55.95000076293945,57.040000915527344,51.55742645263672,4509600,0.0,0.0
2020-06-26 00:00:00-04:00,57.0,57.2599983215332,56.209999084472656,56.33000183105469,50.915672302246094,6229300,0.0,0.0
2020-06-29 00:00:00-04:00,56.34000015258789,56.40999984741211,55.65999984741211,56.38999938964844,50.96989440917969,5016600,0.0,0.0
2020-06-30 00:00:00-04:00,56.25,56.9900016784668,56.189998626708984,56.77000045776367,51.31338119506836,7158700,0.0,0.0
2020-07-01 00:00:00-04:00,56.970001220703125,57.470001220703125,56.7599983215332,56.81999969482422,51.35856246948242,6866500,0.0,0.0
2020-07-02 00:00:00-04:00,57.95000076293945,59.06999969482422,57.95000076293945,58.619998931884766,52.98554992675781,10021200,0.0,0.0
2020-07-06 00:00:00-04:00,60.66999816894531,62.130001068115234,60.560001373291016,61.880001068115234,55.932212829589844,12725600,0.0,0.0
2020-07-07 00:00:00-04:00,61.2599983215332,61.5,60.68000030517578,60.709999084472656,54.874664306640625,6672300,0.0,0.0
2020-07-08 00:00:00-04:00,61.63999938964844,62.7400016784668,61.5,62.59000015258789,56.5739631652832,8721900,0.0,0.0
2020-07-09 00:00:00-04:00,62.95000076293945,64.97000122070312,62.88999938964844,64.77999877929688,58.55347442626953,16903300,0.0,0.0
2020-07-10 00:00:00-04:00,64.47000122070312,64.55999755859375,63.189998626708984,63.849998474121094,57.71286392211914,10700000,0.0,0.0
2020-07-13 00:00:00-04:00,65.19999694824219,67.08000183105469,64.9800033569336,65.06999969482422,58.815582275390625,16667700,0.0,0.0
2020-07-14 00:00:00-04:00,66.0,67.02999877929688,65.33000183105469,66.95999908447266,60.52393341064453,10482700,0.0,0.0
2020-07-15 00:00:00-04:00,67.18000030517578,67.20999908447266,65.16000366210938,66.05999755859375,59.7104377746582,12432500,0.0,0.0
2020-07-16 00:00:00-04:00,65.37999725341797,66.62999725341797,64.31999969482422,66.58999633789062,60.18950271606445,15709400,0.0,0.0
2020-07-17 00:00:00-04:00,67.30999755859375,68.0,66.37000274658203,66.4000015258789,60.01775360107422,11716600,0.0,0.0
2020-07-20 00:00:00-04:00,66.69999694824219,66.9800033569336,65.80000305175781,66.88999938964844,60.46066665649414,6357300,0.0,0.0
2020-07-21 00:00:00-04:00,68.83999633789062,69.25,67.70999908447266,67.80999755859375,61.29224395751953,10619700,0.0,0.0
2020-07-22 00:00:00-04:00,68.0999984741211,68.9000015258789,68.02999877929688,68.52999877929688,61.943023681640625,7366100,0.0,0.0
2020-07-23 00:00:00-04:00,68.26000213623047,68.5,66.75,67.37000274658203,60.89453887939453,8559500,0.0,0.0
2020-07-24 00:00:00-04:00,71.4000015258789,76.88999938964844,71.3499984741211,73.9000015258789,66.79686737060547,41226800,0.0,0.0
2020-07-27 00:00:00-04:00,81.36000061035156,83.4000015258789,80.43000030517578,83.25,75.24816131591797,39899200,0.0,0.0
2020-07-28 00:00:00-04:00,79.3499984741211,79.58000183105469,76.48999786376953,76.91999816894531,69.52660369873047,31500100,0.0,0.0
2020-07-29 00:00:00-04:00,77.11000061035156,83.37000274658203,77.05999755859375,82.66999816894531,74.72393035888672,28304000,0.0,0.0
2020-07-30 00:00:00-04:00,80.01000213623047,81.27999877929688,78.61000061035156,79.93000030517578,72.2472915649414,16820300,0.0,0.0
2020-07-31 00:00:00-04:00,79.62999725341797,79.7699966430664,77.51000213623047,78.88999938964844,71.30724334716797,12021200,0.0,0.0
2020-08-03 00:00:00-04:00,77.7699966430664,79.1500015258789,77.41000366210938,78.94999694824219,71.36146545410156,10129800,0.0,0.0
2020-08-04 00:00:00-04:00,79.33000183105469,80.19000244140625,78.73999786376953,80.19000244140625,72.4822998046875,12569400,0.0,0.0
2020-08-05 00:00:00-04:00,80.9800033569336,84.0,80.56999969482422,81.62999725341797,73.78388214111328,14436300,0.0,0.0
2020-08-06 00:00:00-04:00,82.04000091552734,82.0999984741211,80.22000122070312,80.5199966430664,72.78057098388672,9838700,0.0,0.0
2020-08-07 00:00:00-04:00,80.48999786376953,80.79000091552734,79.41000366210938,80.02999877929688,72.3376693725586,8705800,0.0,0.0
2020-08-10 00:00:00-04:00,80.55000305175781,80.8499984741211,79.22000122070312,79.87000274658203,72.19306182861328,7421400,0.0,0.0
2020-08-11 00:00:00-04:00,79.08999633789062,79.19999694824219,77.94000244140625,77.94000244140625,70.44855499267578,7056300,0.0,0.0
2020-08-12 00:00:00-04:00,78.16000366210938,79.55000305175781,77.7300033569336,79.38999938964844,71.75919342041016,8354400,0.0,0.0
2020-08-13 00:00:00-04:00,79.0,79.0999984741211,77.83000183105469,78.30000305175781,70.7739486694336,6551800,0.0,0.0
2020-08-14 00:00:00-04:00,78.41999816894531,79.2300033569336,78.05000305175781,78.41000366210938,70.87338256835938,5611200,0.0,0.0
2020-08-17 00:00:00-04:00,79.80000305175781,80.88999938964844,79.66000366210938,80.19000244140625,72.4822998046875,8663900,0.0,0.0
2020-08-18 00:00:00-04:00,80.22000122070312,80.81999969482422,79.25,79.41000366210938,71.77726745605469,6804800,0.0,0.0
2020-08-19 00:00:00-04:00,79.01000213623047,79.2300033569336,78.25,78.54000091552734,70.99090576171875,7976800,0.0,0.0
2020-08-20 00:00:00-04:00,76.31999969482422,77.0999984741211,75.9800033569336,76.80999755859375,69.42716979980469,11457100,0.0,0.0
2020-08-21 00:00:00-04:00,78.0199966430664,78.7300033569336,77.86000061035156,78.33999633789062,70.81011199951172,7942300,0.0,0.0
2020-08-24 00:00:00-04:00,79.7300033569336,79.91000366210938,78.48999786376953,78.9000015258789,71.31627655029297,6405600,0.0,0.0
2020-08-25 00:00:00-04:00,79.8499984741211,80.4800033569336,79.47000122070312,80.04000091552734,72.34672546386719,6113100,0.0,0.0
2020-08-26 00:00:00-04:00,81.25,82.16999816894531,81.01000213623047,81.75,73.89234161376953,7821600,0.0,0.0
2020-08-27 00:00:00-04:00,82.18000030517578,82.30999755859375,80.16999816894531,80.5999984741211,72.85289001464844,8018200,0.0,0.0
2020-08-28 00:00:00-04:00,80.05999755859375,80.87999725341797,79.91000366210938,80.44000244140625,72.708251953125,5699500,0.0,0.0
2020-08-31 00:00:00-04:00,79.0,79.76000213623047,78.69000244140625,79.25,71.63264465332031,9812900,0.0,0.0
2020-09-01 00:00:00-04:00,80.12000274658203,81.5999984741211,79.98999786376953,81.55000305175781,73.71159362792969,10193300,0.0,0.0
2020-09-02 00:00:00-04:00,81.3499984741211,82.70999908447266,79.87999725341797,82.16999816894531,74.27196502685547,12567800,0.0,0.0
2020-09-03 00:00:00-04:00,81.12000274658203,81.80999755859375,78.37999725341797,81.18000030517578,73.37712097167969,20090100,0.0,0.0
2020-09-04 00:00:00-04:00,80.5,81.47000122070312,77.41000366210938,78.91000366210938,71.32532501220703,13638700,0.0,0.0
2020-09-08 00:00:00-04:00,78.0199966430664,79.1500015258789,77.22000122070312,77.31999969482422,69.88815307617188,11553500,0.0,0.0
2020-09-09 00:00:00-04:00,78.62000274658203,79.69999694824219,78.55000305175781,79.4000015258789,71.76823425292969,7867500,0.0,0.0
2020-09-10 00:00:00-04:00,80.73999786376953,81.2300033569336,78.76000213623047,78.9000015258789,71.31627655029297,11241800,0.0,0.0
2020-09-11 00:00:00-04:00,80.01000213623047,80.30000305175781,78.5999984741211,78.81999969482422,71.24396514892578,7853500,0.0,0.0
2020-09-14 00:00:00-04:00,80.5,81.12000274658203,79.94999694824219,80.5,72.76250457763672,7091100,0.0,0.0
2020-09-15 00:00:00-04:00,81.55999755859375,86.79000091552734,81.37999725341797,85.8499984741211,77.59825897216797,21048400,0.0,0.0
2020-09-16 00:00:00-04:00,86.48999786376953,86.48999786376953,83.04000091552734,83.12999725341797,75.13970184326172,14492600,0.0,0.0
2020-09-17 00:00:00-04:00,81.0,82.29000091552734,80.61000061035156,81.91000366210938,74.41922760009766,10090200,0.427,0.0
2020-09-18 00:00:00-04:00,82.37000274658203,82.83999633789062,80.11000061035156,80.2300033569336,72.89286804199219,10528300,0.0,0.0
2020-09-21 00:00:00-04:00,79.80000305175781,80.6500015258789,79.08000183105469,80.58999633789062,73.21994018554688,8417100,0.0,0.0
2020-09-22 00:00:00-04:00,80.83000183105469,80.88999938964844,79.4000015258789,80.4800033569336,73.12001037597656,6375200,0.0,0.0
2020-09-23 00:00:00-04:00,79.69999694824219,79.93000030517578,77.88999938964844,77.91999816894531,70.79410552978516,9094700,0.0,0.0
2020-09-24 00:00:00-04:00,76.81999969482422,79.0,76.16999816894531,78.37999725341797,71.21204376220703,9940900,0.0,0.0
2020-09-25 00:00:00-04:00,78.16999816894531,78.91999816894531,77.38999938964844,78.87999725341797,71.66632080078125,6057500,0.0,0.0
2020-09-28 00:00:00-04:00,80.30999755859375,80.37000274658203,79.47000122070312,79.7699966430664,72.47493743896484,5999300,0.0,0.0
2020-09-29 00:00:00-04:00,79.69999694824219,81.23999786376953,79.30999755859375,80.51000213623047,73.14725494384766,6114600,0.0,0.0
2020-09-30 00:00:00-04:00,80.58999633789062,81.94000244140625,80.56999969482422,81.06999969482422,73.65604400634766,5878900,0.0,0.0
2020-10-01 00:00:00-04:00,82.05999755859375,82.72000122070312,81.73999786376953,82.62000274658203,75.0643081665039,6253800,0.0,0.0
2020-10-02 00:00:00-04:00,80.70999908447266,82.19999694824219,80.61000061035156,80.80000305175781,73.41072845458984,6145900,0.0,0.0
2020-10-05 00:00:00-04:00,81.55000305175781,84.62999725341797,81.55000305175781,84.54000091552734,76.80873107910156,10129100,0.0,0.0
2020-10-06 00:00:00-04:00,83.7699966430664,84.44999694824219,82.7699966430664,83.12000274658203,75.51856231689453,7795600,0.0,0.0
2020-10-07 00:00:00-04:00,84.77999877929688,87.0,84.77999877929688,86.91999816894531,78.9710693359375,11446400,0.0,0.0
2020-10-08 00:00:00-04:00,88.86000061035156,88.86000061035156,86.5199966430664,87.80000305175781,79.77058410644531,10920800,0.0,0.0
2020-10-09 00:00:00-04:00,88.33999633789062,88.80000305175781,87.63999938964844,88.77999877929688,80.66094970703125,7608800,0.0,0.0
2020-10-12 00:00:00-04:00,89.12000274658203,91.2699966430664,88.68000030517578,90.91000366210938,82.59617614746094,10022000,0.0,0.0
2020-10-13 00:00:00-04:00,90.5,90.6500015258789,89.43000030517578,89.63999938964844,81.44230651855469,8247000,0.0,0.0
2020-10-14 00:00:00-04:00,89.6500015258789,89.87999725341797,88.2699966430664,88.5999984741211,80.49742126464844,8159000,0.0,0.0
2020-10-15 00:00:00-04:00,87.29000091552734,89.48999786376953,87.19000244140625,88.1500015258789,80.08858489990234,10327900,0.0,0.0
2020-10-16 00:00:00-04:00,88.55000305175781,88.58999633789062,86.44000244140625,86.69999694824219,78.77116394042969,7457200,0.0,0.0
2020-10-19 00:00:00-04:00,88.33999633789062,89.62000274658203,87.29000091552734,87.55999755859375,79.55252075195312,7994500,0.0,0.0
2020-10-20 00:00:00-04:00,87.79000091552734,88.9800033569336,87.7699966430664,88.26000213623047,80.18852233886719,7357600,0.0,0.0
2020-10-21 00:00:00-04:00,88.0,88.87000274658203,87.56999969482422,87.63999938964844,79.62522888183594,7387600,0.0,0.0
2020-10-22 00:00:00-04:00,88.44000244140625,88.94000244140625,87.87999725341797,88.20999908447266,80.14307403564453,5656200,0.0,0.0
2020-10-23 00:00:00-04:00,88.25,88.44999694824219,87.43000030517578,88.30999755859375,80.23393249511719,4165400,0.0,0.0
2020-10-26 00:00:00-04:00,87.20999908447266,87.77999877929688,85.7699966430664,86.7300033569336,78.79843139648438,5568000,0.0,0.0
2020-10-27 00:00:00-04:00,86.95999908447266,87.22000122070312,85.9800033569336,86.70999908447266,78.7802734375,5315800,0.0,0.0
2020-10-28 00:00:00-04:00,85.1500015258789,85.41000366210938,83.83999633789062,83.8499984741211,76.18179321289062,8727300,0.0,0.0
2020-10-29 00:00:00-04:00,84.2699966430664,85.33000183105469,84.0199966430664,84.88999938964844,77.1266860961914,5845600,0.0,0.0
2020-10-30 00:00:00-04:00,84.43000030517578,84.75,83.16000366210938,83.87000274658203,76.19998168945312,4963600,0.0,0.0
2020-11-02 00:00:00-05:00,84.5999984741211,85.95999908447266,84.52999877929688,85.70999908447266,77.87171173095703,6597100,0.0,0.0
2020-11-03 00:00:00-05:00,86.19000244140625,88.23999786376953,86.05999755859375,87.69000244140625,79.67066192626953,6274700,0.0,0.0
2020-11-04 00:00:00-05:00,88.72000122070312,89.7699966430664,88.45999908447266,89.44999694824219,81.26966857910156,7620800,0.0,0.0
2020-11-05 00:00:00-05:00,90.41999816894531,90.95999908447266,89.7699966430664,90.43000030517578,82.16007232666016,6670100,0.0,0.0
2020-11-06 00:00:00-05:00,89.80999755859375,91.5,89.05000305175781,91.41000366210938,83.05043029785156,6403000,0.0,0.0
2020-11-09 00:00:00-05:00,92.19999694824219,92.4800033569336,88.94000244140625,89.02999877929688,80.88806915283203,8978000,0.0,0.0
2020-11-10 00:00:00-05:00,88.4000015258789,88.80000305175781,86.69999694824219,87.66000366210938,79.64340209960938,8350100,0.0,0.0
2020-11-11 00:00:00-05:00,89.5,91.18000030517578,89.36000061035156,90.87999725341797,82.56890106201172,7707300,0.0,0.0
2020-11-12 00:00:00-05:00,90.87999725341797,91.88999938964844,89.77999877929688,89.81999969482422,81.6058349609375,7474600,0.0,0.0
2020-11-13 00:00:00-05:00,91.54000091552734,93.80999755859375,91.20999908447266,93.22000122070312,84.6949234008789,9170900,0.0,0.0
2020-11-16 00:00:00-05:00,96.41999816894531,102.44000244140625,96.36000061035156,99.2699966430664,90.19163513183594,18436200,0.0,0.0
2020-11-17 00:00:00-05:00,97.9800033569336,98.08999633789062,95.69000244140625,95.70999908447266,86.95720672607422,10843700,0.0,0.0
2020-11-18 00:00:00-05:00,98.5199966430664,98.80000305175781,96.37000274658203,96.93000030517578,88.06563568115234,8526600,0.0,0.0
2020-11-19 00:00:00-05:00,96.7699966430664,96.86000061035156,95.62000274658203,96.61000061035156,87.77490234375,5542800,0.0,0.0
2020-11-20 00:00:00-05:00,96.66000366210938,97.19999694824219,95.30000305175781,95.33000183105469,86.61194610595703,5329800,0.0,0.0
2020-11-23 00:00:00-05:00,97.16000366210938,98.93000030517578,96.8499984741211,98.12999725341797,89.15587615966797,8802400,0.0,0.0
2020-11-24 00:00:00-05:00,98.48999786376953,98.58999633789062,96.0199966430664,96.63999938964844,87.80216217041016,7022800,0.0,0.0
2020-11-25 00:00:00-05:00,96.19999694824219,97.98999786376953,96.13999938964844,97.48999786376953,88.57441711425781,5194900,0.0,0.0
2020-11-27 00:00:00-05:00,98.54000091552734,99.2699966430664,98.05000305175781,98.73999786376953,89.71011352539062,4367100,0.0,0.0
2020-11-30 00:00:00-05:00,97.55999755859375,97.94999694824219,96.19999694824219,97.0199966430664,88.14740753173828,13840500,0.0,0.0
2020-12-01 00:00:00-05:00,98.69000244140625,104.30000305175781,98.5199966430664,100.86000061035156,91.63623046875,16157300,0.0,0.0
2020-12-02 00:00:00-05:00,102.0,102.04000091552734,99.5199966430664,99.54000091552734,90.43695068359375,8676300,0.0,0.0
2020-12-03 00:00:00-05:00,101.05999755859375,101.19000244140625,99.43000030517578,99.5,90.4006118774414,7359000,0.0,0.0
2020-12-04 00:00:00-05:00,101.51000213623047,103.75,100.69999694824219,103.7300033569336,94.24375915527344,10824500,0.0,0.0
2020-12-07 00:00:00-05:00,106.0199966430664,107.61000061035156,104.97000122070312,106.38999938964844,96.66050720214844,11793000,0.0,0.0
2020-12-08 00:00:00-05:00,107.77999877929688,107.83999633789062,105.11000061035156,105.63999938964844,95.97908782958984,9876200,0.0,0.0
2020-12-09 00:00:00-05:00,106.01000213623047,106.5999984741211,103.51000213623047,104.41999816894531,94.87065887451172,8204100,0.0,0.0
2020-12-10 00:00:00-05:00,103.0,105.11000061035156,102.19999694824219,104.2300033569336,94.69803619384766,7135000,0.0,0.0
2020-12-11 00:00:00-05:00,104.01000213623047,105.12000274658203,103.22000122070312,104.02999877929688,94.51629638671875,7492600,0.0,0.0
2020-12-14 00:00:00-05:00,103.7699966430664,104.9000015258789,103.5,103.55999755859375,94.08930969238281,5878000,0.0,0.0
2020-12-15 00:00:00-05:00,105.68000030517578,106.37999725341797,104.41999816894531,105.08999633789062,95.47938537597656,7399900,0.0,0.0
2020-12-16 00:00:00-05:00,105.6500015258789,105.66999816894531,103.95999908447266,105.19999694824219,95.579345703125,5986900,0.0,0.0
2020-12-17 00:00:00-05:00,104.9000015258789,105.31999969482422,103.8499984741211,103.9000015258789,94.79651641845703,7779300,0.442,0.0
2020-12-18 00:00:00-05:00,104.0,104.80000305175781,103.16000366210938,104.27999877929688,95.1432113647461,7417000,0.0,0.0
2020-12-21 00:00:00-05:00,103.55999755859375,104.95999908447266,103.31999969482422,104.83000183105469,95.64501190185547,6116400,0.0,0.0
2020-12-22 00:00:00-05:00,105.06999969482422,105.22000122070312,102.91000366210938,103.94000244140625,94.83300018310547,5597100,0.0,0.0
2020-12-23 00:00:00-05:00,104.66999816894531,104.87000274658203,103.5999984741211,103.76000213623047,94.66876220703125,3320800,0.0,0.0
2020-12-24 00:00:00-05:00,104.76000213623047,106.33999633789062,104.66999816894531,105.97000122070312,96.68512725830078,3172100,0.0,0.0
2020-12-28 00:00:00-05:00,107.5999984741211,108.16999816894531,105.94999694824219,106.1500015258789,96.84937286376953,5157000,0.0,0.0
2020-12-29 00:00:00-05:00,107.0,107.1500015258789,105.22000122070312,105.55999755859375,96.31105041503906,4602400,0.0,0.0
2020-12-30 00:00:00-05:00,107.69999694824219,109.69999694824219,107.4000015258789,108.9000015258789,99.35842895507812,9571800,0.0,0.0
2020-12-31 00:00:00-05:00,109.66000366210938,109.66999816894531,108.44000244140625,109.04000091552734,99.48614501953125,4909500,0.0,0.0
2021-01-04 00:00:00-05:00,111.47000122070312,114.0999984741211,110.44999694824219,111.69999694824219,101.9130859375,11262100,0.0,0.0
2021-01-05 00:00:00-05:00,112.41000366210938,114.94999694824219,112.01000213623047,112.7699966430664,102.88932800292969,10583600,0.0,0.0
2021-01-06 00:00:00-05:00,113.8499984741211,116.38999938964844,112.55000305175781,115.61000061035156,105.48049926757812,10609300,0.0,0.0
2021-01-07 00:00:00-05:00,119.33999633789062,122.94000244140625,117.58999633789062,121.43000030517578,110.79056549072266,13556100,0.0,0.0
2021-01-08 00:00:00-05:00,125.91000366210938,126.29000091552734,116.9800033569336,118.69000244140625,108.29064178466797,18976800,0.0,0.0
2021-01-11 00:00:00-05:00,119.73999786376953,123.5999984741211,118.80000305175781,122.5999984741211,111.8580551147461,12006800,0.0,0.0
2021-01-12 00:00:00-05:00,125.16000366210938,125.19999694824219,121.68000030517578,123.0,112.22299194335938,14163200,0.0,0.0
2021-01-13 00:00:00-05:00,124.4000015258789,124.80000305175781,118.0,119.2300033569336,108.78334045410156,20650500,0.0,0.0
2021-01-14 00:00:00-05:00,123.44999694824219,134.64999389648438,121.66999816894531,126.44999694824219,115.37071990966797,37125400,0.0,0.0
2021-01-15 00:00:00-05:00,128.47000122070312,128.5399932861328,123.20999908447266,125.2300033569336,114.25761413574219,17343100,0.0,0.0
2021-01-19 00:00:00-05:00,130.58999633789062,134.0500030517578,128.44000244140625,131.3000030517578,119.79576873779297,20443800,0.0,0.0
2021-01-20 00:00:00-05:00,135.19000244140625,136.1300048828125,130.10000610351562,130.63999938964844,119.193603515625,17360700,0.0,0.0
2021-01-21 00:00:00-05:00,133.25,135.39999389648438,132.33999633789062,134.16000366210938,122.40520477294922,15460100,0.0,0.0
2021-01-22 00:00:00-05:00,130.0399932861328,131.25,128.80999755859375,129.13999938964844,117.8250503540039,19163200,0.0,0.0
2021-01-25 00:00:00-05:00,131.8300018310547,132.1699981689453,127.3499984741211,130.52000427246094,119.08412170410156,20469300,0.0,0.0
2021-01-26 00:00:00-05:00,129.0500030517578,129.32000732421875,126.25,126.6500015258789,115.5531997680664,17084600,0.0,0.0
2021-01-27 00:00:00-05:00,124.94999694824219,125.0999984741211,121.5,121.73999786376953,111.07341003417969,16732700,0.0,0.0
2021-01-28 00:00:00-05:00,124.5,127.58000183105469,123.58000183105469,125.83000183105469,114.80504608154297,14148100,0.0,0.0
2021-01-29 00:00:00-05:00,124.0,124.36000061035156,120.55000305175781,121.5199966430664,110.87267303466797,15169200,0.0,0.0
2021-02-01 00:00:00-05:00,124.54000091552734,126.8499984741211,123.37999725341797,126.66000366210938,115.56230926513672,10179900,0.0,0.0
2021-02-02 00:00:00-05:00,129.47000122070312,130.25,127.44999694824219,128.44000244140625,117.18636322021484,9302400,0.0,0.0
2021-02-03 00:00:00-05:00,129.0,129.13999938964844,126.05999755859375,127.5,116.32872009277344,9676600,0.0,0.0
2021-02-04 00:00:00-05:00,127.5,128.1999969482422,125.97000122070312,128.14999389648438,116.9217758178711,7445100,0.0,0.0
2021-02-05 00:00:00-05:00,128.7899932861328,128.8800048828125,126.69999694824219,127.77999877929688,116.58418273925781,6226800,0.0,0.0
2021-02-08 00:00:00-05:00,128.6999969482422,133.25,128.6999969482422,132.5500030517578,120.93626403808594,11160000,0.0,0.0
2021-02-09 00:00:00-05:00,133.97999572753906,134.41000366210938,131.75,132.67999267578125,121.05485534667969,7929100,0.0,0.0
2021-02-10 00:00:00-05:00,134.1199951171875,136.0,132.50999450683594,133.69000244140625,121.97639465332031,12196300,0.0,0.0
2021-02-11 00:00:00-05:00,135.39999389648438,139.22999572753906,134.05999755859375,139.16000366210938,126.96712493896484,12347900,0.0,0.0
2021-02-12 00:00:00-05:00,138.9199981689453,139.80999755859375,137.16000366210938,138.05999755859375,125.96345520019531,11114100,0.0,0.0
2021-02-16 00:00:00-05:00,141.61000061035156,142.1999969482422,139.4199981689453,140.0500030517578,127.77910614013672,11833600,0.0,0.0
2021-02-17 00:00:00-05:00,139.2100067138672,139.63999938964844,136.10000610351562,136.27000427246094,124.33032989501953,12311200,0.0,0.0
2021-02-18 00:00:00-05:00,134.85000610351562,135.8800048828125,133.39999389648438,134.6300048828125,122.8340072631836,11614600,0.0,0.0
2021-02-19 00:00:00-05:00,136.14999389648438,137.9499969482422,135.72000122070312,136.66000366210938,124.68617248535156,10771900,0.0,0.0
2021-02-22 00:00:00-05:00,133.58999633789062,135.27999877929688,133.17999267578125,133.57000732421875,121.86686706542969,10363800,0.0,0.0
2021-02-23 00:00:00-05:00,129.10000610351562,131.74000549316406,125.37999725341797,129.10000610351562,117.78854370117188,18444700,0.0,0.0
2021-02-24 00:00:00-05:00,129.50999450683594,132.3800048828125,127.68000030517578,132.3000030517578,120.70814514160156,12782900,0.0,0.0
2021-02-25 00:00:00-05:00,131.52000427246094,131.5399932861328,125.72000122070312,126.0,114.96014404296875,13581200,0.0,0.0
2021-02-26 00:00:00-05:00,125.43000030517578,127.38999938964844,122.83000183105469,125.94000244140625,114.9053955078125,17281000,0.0,0.0
2021-03-01 00:00:00-05:00,129.6300048828125,130.3000030517578,127.23999786376953,129.1300048828125,117.81591033935547,9714900,0.0,0.0
2021-03-02 00:00:00-05:00,128.42999267578125,128.52000427246094,126.0,126.0,114.96014404296875,8274500,0.0,0.0
2021-03-03 00:00:00-05:00,126.72000122070312,127.76000213623047,122.70999908447266,122.88999938964844,112.12263488769531,10660300,0.0,0.0
2021-03-04 00:00:00-05:00,121.94999694824219,123.1500015258789,113.48999786376953,115.58999633789062,105.46226501464844,24454200,0.0,0.0
2021-03-05 00:00:00-05:00,120.9000015258789,121.30000305175781,115.37999725341797,120.80000305175781,110.21575927734375,17448700,0.0,0.0
2021-03-08 00:00:00-05:00,120.54000091552734,121.0,113.69999694824219,113.93000030517578,103.94772338867188,17246900,0.0,0.0
2021-03-09 00:00:00-05:00,117.06999969482422,118.4000015258789,115.33000183105469,116.37999725341797,106.18302154541016,17717100,0.0,0.0
2021-03-10 00:00:00-05:00,117.80000305175781,118.02999877929688,113.41000366210938,113.83000183105469,103.8564682006836,15240300,0.0,0.0
2021-03-11 00:00:00-05:00,118.23999786376953,120.80000305175781,117.06999969482422,120.58000183105469,110.01504516601562,15091600,0.0,0.0
2021-03-12 00:00:00-05:00,119.0,119.0,117.27999877929688,118.30000305175781,107.9347915649414,8171000,0.0,0.0
2021-03-15 00:00:00-04:00,118.6500015258789,119.11000061035156,116.70999908447266,119.08000183105469,108.6464614868164,8935000,0.0,0.0
2021-03-16 00:00:00-04:00,119.72000122070312,121.25,118.0999984741211,119.3499984741211,108.8927993774414,10793400,0.0,0.0
2021-03-17 00:00:00-04:00,117.75,119.5199966430664,115.38999938964844,118.76000213623047,108.76276397705078,9890400,0.448,0.0
2021-03-18 00:00:00-04:00,118.0,118.33000183105469,114.0999984741211,114.5,104.86138153076172,10283800,0.0,0.0
2021-03-19 00:00:00-04:00,114.37999725341797,114.88999938964844,113.20999908447266,113.62999725341797,104.06460571289062,11536000,0.0,0.0
2021-03-22 00:00:00-04:00,114.79000091552734,118.33000183105469,114.79000091552734,117.18000030517578,107.31576538085938,9376400,0.0,0.0
2021-03-23 00:00:00-04:00,116.0999984741211,116.75,114.62000274658203,114.88999938964844,105.21853637695312,8977400,0.0,0.0
2021-03-24 00:00:00-04:00,112.47000122070312,114.69000244140625,108.8499984741211,108.95999908447266,99.78773498535156,24196100,0.0,0.0
2021-03-25 00:00:00-04:00,108.0,112.75,107.88999938964844,110.44999694824219,101.15229034423828,16772400,0.0,0.0
2021-03-26 00:00:00-04:00,112.0,116.69999694824219,111.19999694824219,116.55999755859375,106.7479476928711,12910900,0.0,0.0
2021-03-29 00:00:00-04:00,116.55000305175781,116.76000213623047,112.38999938964844,114.38999938964844,104.76063537597656,10863600,0.0,0.0
2021-03-30 00:00:00-04:00,115.27999877929688,116.08999633789062,114.29000091552734,115.06999969482422,105.38339233398438,8206200,0.0,0.0
2021-03-31 00:00:00-04:00,115.79000091552734,118.36000061035156,115.55999755859375,118.27999877929688,108.32315826416016,9806500,0.0,0.0
2021-04-01 00:00:00-04:00,122.80999755859375,124.87999725341797,121.63999938964844,124.80000305175781,114.29432678222656,17904000,0.0,0.0
2021-04-05 00:00:00-04:00,127.06999969482422,127.4000015258789,122.68000030517578,124.5,114.01956939697266,14113900,0.0,0.0
2021-04-06 00:00:00-04:00,124.0,124.01000213623047,121.54000091552734,122.44000244140625,112.13298034667969,13042300,0.0,0.0
2021-04-07 00:00:00-04:00,122.44000244140625,122.61000061035156,119.83999633789062,119.88999938964844,109.79764556884766,11193200,0.0,0.0
2021-04-08 00:00:00-04:00,121.37999725341797,123.81999969482422,121.37999725341797,123.43000030517578,113.03965759277344,10226700,0.0,0.0
2021-04-09 00:00:00-04:00,122.75,123.44000244140625,121.69999694824219,122.80000305175781,112.46267700195312,8315200,0.0,0.0
2021-04-12 00:00:00-04:00,122.20999908447266,122.45999908447266,119.23999786376953,120.9000015258789,110.72262573242188,9868400,0.0,0.0
2021-04-13 00:00:00-04:00,122.4000015258789,122.9000015258789,120.3499984741211,121.2699966430664,111.06147003173828,8384800,0.0,0.0
2021-04-14 00:00:00-04:00,121.98999786376953,122.43000030517578,120.5,120.83999633789062,110.66766357421875,9521900,0.0,0.0
2021-04-15 00:00:00-04:00,121.69999694824219,122.0,116.55999755859375,118.3499984741211,108.38728332519531,18709100,0.0,0.0
2021-04-16 00:00:00-04:00,119.19000244140625,120.5999984741211,117.8499984741211,118.83999633789062,108.83602142333984,9512100,0.0,0.0
2021-04-19 00:00:00-04:00,118.0,118.87999725341797,115.19999694824219,115.4000015258789,105.68560791015625,12630300,0.0,0.0
2021-04-20 00:00:00-04:00,116.05000305175781,116.77999877929688,114.55000305175781,114.94999694824219,105.27349853515625,9299200,0.0,0.0
2021-04-21 00:00:00-04:00,114.5,117.48999786376953,113.7699966430664,117.4000015258789,107.51725769042969,8472200,0.0,0.0
2021-04-22 00:00:00-04:00,117.5,117.5,114.41000366210938,115.31999969482422,105.61235046386719,7411800,0.0,0.0
2021-04-23 00:00:00-04:00,116.58000183105469,118.72000122070312,115.93000030517578,118.63999938964844,108.65286254882812,8380300,0.0,0.0
2021-04-26 00:00:00-04:00,120.0,121.54000091552734,119.4000015258789,121.5199966430664,111.29041290283203,8444000,0.0,0.0
2021-04-27 00:00:00-04:00,121.5,121.6500015258789,119.88999938964844,121.2699966430664,111.06147003173828,5491800,0.0,0.0
2021-04-28 00:00:00-04:00,120.0,120.41999816894531,118.7300033569336,119.66000366210938,109.58699035644531,6476500,0.0,0.0
2021-04-29 00:00:00-04:00,120.72000122070312,120.83000183105469,117.61000061035156,119.0999984741211,109.07416534423828,8831800,0.0,0.0
2021-04-30 00:00:00-04:00,118.01000213623047,118.18000030517578,116.6500015258789,116.73999786376953,106.91280364990234,7950700,0.0,0.0
2021-05-03 00:00:00-04:00,117.47000122070312,117.55000305175781,115.7300033569336,115.94000244140625,106.18013763427734,10229500,0.0,0.0
2021-05-04 00:00:00-04:00,115.0,115.81999969482422,113.73999786376953,115.36000061035156,105.64896392822266,9638300,0.0,0.0
2021-05-05 00:00:00-04:00,116.0,116.48999786376953,114.8499984741211,115.37999725341797,105.66728210449219,7059000,0.0,0.0
2021-05-06 00:00:00-04:00,115.30000305175781,117.63999938964844,114.45999908447266,117.0,107.15093231201172,8581700,0.0,0.0
2021-05-07 00:00:00-04:00,118.4000015258789,119.41999816894531,116.05000305175781,116.83000183105469,106.99522399902344,9614300,0.0,0.0
2021-05-10 00:00:00-04:00,114.9800033569336,115.37999725341797,112.2300033569336,112.30999755859375,102.85572052001953,12281200,0.0,0.0
2021-05-11 00:00:00-04:00,109.7300033569336,112.98999786376953,109.12999725341797,112.8499984741211,103.35026550292969,10007700,0.0,0.0
2021-05-12 00:00:00-04:00,109.3499984741211,110.08999633789062,108.05999755859375,108.20999908447266,99.10087585449219,15058900,0.0,0.0
2021-05-13 00:00:00-04:00,109.36000061035156,111.43000030517578,107.9000015258789,108.75,99.59539031982422,10552000,0.0,0.0
2021-05-14 00:00:00-04:00,110.61000061035156,112.83000183105469,110.23999786376953,112.45999908447266,102.99311065673828,8425200,0.0,0.0
2021-05-17 00:00:00-04:00,109.06999969482422,110.02999877929688,107.87000274658203,109.80000305175781,100.55702209472656,10688600,0.0,0.0
2021-05-18 00:00:00-04:00,113.0,113.4800033569336,110.73999786376953,110.83999633789062,101.50946044921875,7476600,0.0,0.0
2021-05-19 00:00:00-04:00,108.5,112.48999786376953,108.0,112.4000015258789,102.93814086914062,7280500,0.0,0.0
2021-05-20 00:00:00-04:00,112.38999938964844,113.72000122070312,112.0999984741211,113.27999877929688,103.74407958984375,6442500,0.0,0.0
2021-05-21 00:00:00-04:00,114.0,114.0,111.69000244140625,111.8499984741211,102.43445587158203,5979400,0.0,0.0
2021-05-24 00:00:00-04:00,112.26000213623047,114.54000091552734,112.12000274658203,113.62999725341797,104.06460571289062,6653600,0.0,0.0
2021-05-25 00:00:00-04:00,114.8499984741211,114.94000244140625,113.5999984741211,114.27999877929688,104.65986633300781,5331700,0.0,0.0
2021-05-26 00:00:00-04:00,114.0,116.0,114.0,116.0,106.23509979248047,6605100,0.0,0.0
2021-05-27 00:00:00-04:00,116.0,116.52999877929688,115.0,115.7699966430664,106.02445983886719,6513700,0.0,0.0
2021-05-28 00:00:00-04:00,116.30000305175781,117.83999633789062,115.94999694824219,117.36000061035156,107.48062896728516,5386500,0.0,0.0
2021-06-01 00:00:00-04:00,119.70999908447266,120.04000091552734,117.43000030517578,118.51000213623047,108.53380584716797,7596100,0.0,0.0
2021-06-02 00:00:00-04:00,118.9000015258789,119.44999694824219,117.91999816894531,118.94999694824219,108.93675994873047,5383400,0.0,0.0
2021-06-03 00:00:00-04:00,118.05000305175781,118.26000213623047,116.45999908447266,116.81999969482422,106.98606872558594,4912200,0.0,0.0
2021-06-04 00:00:00-04:00,118.2300033569336,119.8499984741211,118.05000305175781,119.51000213623047,109.4496078491211,5352100,0.0,0.0
2021-06-07 00:00:00-04:00,118.13999938964844,118.75,117.56999969482422,118.22000122070312,108.26820373535156,6266000,0.0,0.0
2021-06-08 00:00:00-04:00,117.55000305175781,117.68000030517578,115.05999755859375,115.91999816894531,106.16183471679688,11564800,0.0,0.0
2021-06-09 00:00:00-04:00,116.0,117.6500015258789,115.97000122070312,117.12999725341797,107.26995086669922,6401600,0.0,0.0
2021-06-10 00:00:00-04:00,117.04000091552734,118.8499984741211,116.62999725341797,118.23999786376953,108.28651428222656,8566600,0.0,0.0
2021-06-11 00:00:00-04:00,118.29000091552734,118.41999816894531,117.16000366210938,118.25,108.29568481445312,6036600,0.0,0.0
2021-06-14 00:00:00-04:00,118.55000305175781,121.0,118.45999908447266,120.98999786376953,110.80502319335938,7610300,0.0,0.0
2021-06-15 00:00:00-04:00,120.3499984741211,122.0,119.2699966430664,119.44999694824219,109.3946762084961,8196900,0.0,0.0
2021-06-16 00:00:00-04:00,119.55000305175781,119.9000015258789,117.5,118.0199966430664,108.08506774902344,8059400,0.0,0.0
2021-06-17 00:00:00-04:00,117.68000030517578,120.23999786376953,117.58999633789062,119.12000274658203,109.5109634399414,7608100,0.451,0.0
2021-06-18 00:00:00-04:00,117.51000213623047,117.88999938964844,115.20999908447266,115.79000091552734,106.44957733154297,12532800,0.0,0.0
2021-06-21 00:00:00-04:00,115.37999725341797,115.4000015258789,113.0199966430664,114.13999938964844,104.93267822265625,11116200,0.0,0.0
2021-06-22 00:00:00-04:00,113.5,114.48999786376953,112.01000213623047,114.33000183105469,105.10733032226562,11792400,0.0,0.0
2021-06-23 00:00:00-04:00,116.19999694824219,117.41999816894531,115.80999755859375,116.05000305175781,106.68859100341797,8913700,0.0,0.0
2021-06-24 00:00:00-04:00,116.72000122070312,117.66999816894531,116.2699966430664,117.23999786376953,107.78258514404297,6772200,0.0,0.0
2021-06-25 00:00:00-04:00,117.44999694824219,117.93000030517578,116.52999877929688,116.52999877929688,107.12986755371094,6712800,0.0,0.0
2021-06-28 00:00:00-04:00,117.29000091552734,119.94999694824219,117.18000030517578,119.61000061035156,109.96141815185547,11026600,0.0,0.0
2021-06-29 00:00:00-04:00,119.4000015258789,120.29000091552734,118.41999816894531,120.2300033569336,110.53141784667969,7874900,0.0,0.0
2021-06-30 00:00:00-04:00,120.16000366210938,120.76000213623047,119.01000213623047,120.16000366210938,110.46705627441406,7936400,0.0,0.0
2021-07-01 00:00:00-04:00,120.0999984741211,120.20999908447266,118.02999877929688,118.41999816894531,108.86739349365234,8295600,0.0,0.0
2021-07-02 00:00:00-04:00,118.75,119.18000030517578,118.41000366210938,118.91000366210938,109.31788635253906,5144300,0.0,0.0
2021-07-06 00:00:00-04:00,119.8499984741211,120.95999908447266,118.22000122070312,120.05000305175781,110.36592102050781,7181500,0.0,0.0
2021-07-07 00:00:00-04:00,120.63999938964844,121.05000305175781,118.20999908447266,118.25,108.71112060546875,7391800,0.0,0.0
2021-07-08 00:00:00-04:00,115.87000274658203,118.27999877929688,115.37999725341797,117.87000274658203,108.36177825927734,7565400,0.0,0.0
2021-07-09 00:00:00-04:00,118.0,120.79000091552734,117.62000274658203,120.55999755859375,110.83478546142578,8374200,0.0,0.0
2021-07-12 00:00:00-04:00,121.19000244140625,122.7300033569336,119.5199966430664,122.62999725341797,112.73779296875,10668700,0.0,0.0
2021-07-13 00:00:00-04:00,123.19000244140625,125.4800033569336,122.12999725341797,123.9000015258789,113.90534973144531,13460200,0.0,0.0
2021-07-14 00:00:00-04:00,125.1500015258789,125.77999877929688,124.06999969482422,124.38999938964844,114.3558120727539,10587700,0.0,0.0
2021-07-15 00:00:00-04:00,120.12000274658203,120.69999694824219,116.87000274658203,117.52999877929688,108.04920959472656,23734500,0.0,0.0
2021-07-16 00:00:00-04:00,118.75,118.98999786376953,115.16999816894531,115.73999786376953,106.40357971191406,12110000,0.0,0.0
2021-07-19 00:00:00-04:00,114.0,115.62000274658203,113.2300033569336,115.3499984741211,106.0450439453125,9230200,0.0,0.0
2021-07-20 00:00:00-04:00,115.87999725341797,116.87000274658203,114.43000030517578,116.4000015258789,107.0103530883789,7108000,0.0,0.0
2021-07-21 00:00:00-04:00,116.2300033569336,117.87000274658203,115.93000030517578,117.87000274658203,108.36177825927734,5564700,0.0,0.0
2021-07-22 00:00:00-04:00,118.08999633789062,118.08999633789062,116.20999908447266,116.55999755859375,107.15742492675781,5746500,0.0,0.0
2021-07-23 00:00:00-04:00,117.6500015258789,117.6500015258789,115.33000183105469,116.79000091552734,107.36891174316406,5773900,0.0,0.0
2021-07-26 00:00:00-04:00,115.79000091552734,116.0999984741211,114.87000274658203,115.6500015258789,106.32086181640625,6440600,0.0,0.0
2021-07-27 00:00:00-04:00,115.31999969482422,115.4000015258789,112.05000305175781,113.54000091552734,104.3810806274414,11127500,0.0,0.0
2021-07-28 00:00:00-04:00,113.94000244140625,115.51000213623047,113.87999725341797,115.06999969482422,105.78763580322266,6819700,0.0,0.0
2021-07-29 00:00:00-04:00,116.0,117.11000061035156,115.61000061035156,116.1500015258789,106.78052520751953,7162000,0.0,0.0
2021-07-30 00:00:00-04:00,115.5,117.41999816894531,115.19000244140625,116.63999938964844,107.23100280761719,6482600,0.0,0.0
2021-08-02 00:00:00-04:00,117.5,118.37999725341797,116.66000366210938,116.86000061035156,107.43324279785156,6028800,0.0,0.0
2021-08-03 00:00:00-04:00,117.30999755859375,118.63999938964844,116.83999633789062,118.41000366210938,108.85820770263672,5874700,0.0,0.0
2021-08-04 00:00:00-04:00,118.43000030517578,119.55000305175781,118.27999877929688,118.73999786376953,109.16158294677734,4254000,0.0,0.0
2021-08-05 00:00:00-04:00,119.06999969482422,119.23999786376953,118.23999786376953,119.22000122070312,109.6028823852539,4452300,0.0,0.0
2021-08-06 00:00:00-04:00,118.37000274658203,118.5999984741211,117.44999694824219,118.20999908447266,108.6743392944336,4338100,0.0,0.0
2021-08-09 00:00:00-04:00,118.41999816894531,118.79000091552734,117.31999969482422,118.22000122070312,108.68352508544922,4280200,0.0,0.0
2021-08-10 00:00:00-04:00,118.5,119.05000305175781,114.08000183105469,116.36000061035156,106.97357940673828,5132800,0.0,0.0
2021-08-11 00:00:00-04:00,116.5,117.29000091552734,115.19999694824219,115.98999786376953,106.63343048095703,4490400,0.0,0.0
2021-08-12 00:00:00-04:00,115.55000305175781,115.94999694824219,114.44000244140625,115.69999694824219,106.36681365966797,6338400,0.0,0.0
2021-08-13 00:00:00-04:00,115.06999969482422,115.5199966430664,114.48999786376953,115.5,106.1829605102539,4593200,0.0,0.0
2021-08-16 00:00:00-04:00,115.0999984741211,115.4800033569336,114.0999984741211,114.62999725341797,105.38312530517578,5435900,0.0,0.0
2021-08-17 00:00:00-04:00,113.7300033569336,113.8499984741211,110.75,111.11000061035156,102.14708709716797,13398800,0.0,0.0
2021-08-18 00:00:00-04:00,111.73999786376953,113.0,110.37999725341797,110.44999694824219,101.54031372070312,9167300,0.0,0.0
2021-08-19 00:00:00-04:00,109.0,110.97000122070312,107.68000030517578,110.5199966430664,101.60467529296875,12146900,0.0,0.0
2021-08-20 00:00:00-04:00,109.13999938964844,109.70999908447266,107.7300033569336,108.12000274658203,99.3982925415039,13042000,0.0,0.0
2021-08-23 00:00:00-04:00,110.08000183105469,111.33000183105469,109.2699966430664,110.95999908447266,102.0091781616211,9533500,0.0,0.0
2021-08-24 00:00:00-04:00,111.81999969482422,113.06999969482422,111.80000305175781,112.11000061035156,103.06642150878906,6719800,0.0,0.0
2021-08-25 00:00:00-04:00,115.70999908447266,119.18000030517578,115.61000061035156,117.02999877929688,107.58952331542969,22106800,0.0,0.0
2021-08-26 00:00:00-04:00,117.9800033569336,118.45999908447266,116.3499984741211,118.0999984741211,108.57321166992188,9892100,0.0,0.0
2021-08-27 00:00:00-04:00,118.33000183105469,119.30000305175781,117.69000244140625,118.48999786376953,108.9317398071289,6827700,0.0,0.0
2021-08-30 00:00:00-04:00,118.87999725341797,119.5,118.47000122070312,118.98999786376953,109.39143371582031,6434200,0.0,0.0
2021-08-31 00:00:00-04:00,120.01000213623047,120.80000305175781,118.69999694824219,119.01000213623047,109.4098129272461,8424900,0.0,0.0
2021-09-01 00:00:00-04:00,120.22000122070312,121.36000061035156,119.55999755859375,120.45999908447266,110.74285125732422,8603900,0.0,0.0
2021-09-02 00:00:00-04:00,120.94000244140625,121.38999938964844,120.45999908447266,120.79000091552734,111.04622650146484,6866400,0.0,0.0
2021-09-03 00:00:00-04:00,121.58000183105469,124.4800033569336,121.26000213623047,123.97000122070312,113.96971893310547,10361400,0.0,0.0
2021-09-07 00:00:00-04:00,124.62000274658203,125.27999877929688,123.88999938964844,124.69999694824219,114.64081573486328,9739900,0.0,0.0
2021-09-08 00:00:00-04:00,122.97000122070312,123.13999938964844,121.2300033569336,121.88999938964844,112.05748748779297,7983300,0.0,0.0
2021-09-09 00:00:00-04:00,122.19000244140625,123.48999786376953,121.87999725341797,122.68000030517578,112.78375244140625,5101300,0.0,0.0
2021-09-10 00:00:00-04:00,123.0199966430664,124.33999633789062,122.88999938964844,122.97000122070312,113.05037689208984,5163900,0.0,0.0
2021-09-13 00:00:00-04:00,122.94000244140625,124.0999984741211,122.19999694824219,123.62000274658203,113.64794921875,6622800,0.0,0.0
2021-09-14 00:00:00-04:00,123.62999725341797,123.62999725341797,122.4000015258789,123.08999633789062,113.16069030761719,5110500,0.0,0.0
2021-09-15 00:00:00-04:00,122.41000366210938,122.5,120.87999725341797,121.5,111.69896697998047,5566500,0.0,0.0
2021-09-16 00:00:00-04:00,120.0,121.12999725341797,119.3499984741211,120.79000091552734,111.50232696533203,7301400,0.497,0.0
2021-09-17 00:00:00-04:00,120.19000244140625,120.47000122070312,117.69000244140625,117.75,108.69609069824219,10722700,0.0,0.0
2021-09-20 00:00:00-04:00,115.19999694824219,116.01000213623047,113.55000305175781,114.69999694824219,105.8805923461914,8991000,0.0,0.0
2021-09-21 00:00:00-04:00,115.6500015258789,115.87000274658203,114.55000305175781,114.95999908447266,106.1206283569336,8182200,0.0,0.0
2021-09-22 00:00:00-04:00,115.2300033569336,116.23999786376953,114.91000366210938,115.87000274658203,106.96063232421875,5345600,0.0,0.0
2021-09-23 00:00:00-04:00,116.97000122070312,116.97000122070312,115.58999633789062,116.19000244140625,107.25603485107422,5484700,0.0,0.0
2021-09-24 00:00:00-04:00,116.0,116.55999755859375,115.52999877929688,115.63999938964844,106.74832153320312,4455900,0.0,0.0
2021-09-27 00:00:00-04:00,115.69999694824219,116.56999969482422,115.01000213623047,116.1500015258789,107.21910858154297,5198800,0.0,0.0
2021-09-28 00:00:00-04:00,114.33000183105469,115.04000091552734,111.8499984741211,111.9000015258789,103.29588317871094,9792300,0.0,0.0
2021-09-29 00:00:00-04:00,112.30000305175781,112.8499984741211,111.0199966430664,111.62000274658203,103.03742218017578,6522400,0.0,0.0
2021-09-30 00:00:00-04:00,112.43000030517578,113.3499984741211,111.6500015258789,111.6500015258789,103.06511688232422,6433400,0.0,0.0
2021-10-01 00:00:00-04:00,112.0,112.30000305175781,110.30000305175781,111.55999755859375,102.9820327758789,5315200,0.0,0.0
2021-10-04 00:00:00-04:00,111.0,111.43000030517578,108.5199966430664,109.0199966430664,100.6373519897461,8514500,0.0,0.0
2021-10-05 00:00:00-04:00,109.80000305175781,110.3499984741211,109.22000122070312,109.26000213623047,100.85889434814453,8039600,0.0,0.0
2021-10-06 00:00:00-04:00,108.44000244140625,109.5199966430664,107.58000183105469,109.33999633789062,100.9327163696289,7553600,0.0,0.0
2021-10-07 00:00:00-04:00,111.0,111.70999908447266,110.48999786376953,110.83000183105469,102.30815124511719,7821900,0.0,0.0
2021-10-08 00:00:00-04:00,110.9800033569336,111.06999969482422,109.51000213623047,110.04000091552734,101.57891845703125,5143400,0.0,0.0
2021-10-11 00:00:00-04:00,110.08000183105469,111.70999908447266,109.9000015258789,110.26000213623047,101.7820053100586,5318500,0.0,0.0
2021-10-12 00:00:00-04:00,110.47000122070312,111.02999877929688,108.55999755859375,109.19999694824219,100.8034896850586,9294600,0.0,0.0
2021-10-13 00:00:00-04:00,109.31999969482422,110.05000305175781,108.94999694824219,109.9800033569336,101.5235366821289,7845100,0.0,0.0
2021-10-14 00:00:00-04:00,114.13999938964844,114.73999786376953,111.16000366210938,112.55999755859375,103.9051284790039,16930500,0.0,0.0
2021-10-15 00:00:00-04:00,114.77999877929688,114.94999694824219,112.95999908447266,114.86000061035156,106.02828979492188,11558800,0.0,0.0
2021-10-18 00:00:00-04:00,113.41999816894531,115.3499984741211,113.41999816894531,115.33999633789062,106.47138977050781,6773800,0.0,0.0
2021-10-19 00:00:00-04:00,115.80000305175781,116.9800033569336,115.62999725341797,116.95999908447266,107.96682739257812,5406100,0.0,0.0
2021-10-20 00:00:00-04:00,116.87999725341797,117.02999877929688,115.55000305175781,115.58999633789062,106.7021484375,8205800,0.0,0.0
2021-10-21 00:00:00-04:00,115.01000213623047,116.3499984741211,114.61000061035156,116.29000091552734,107.34835052490234,4640300,0.0,0.0
2021-10-22 00:00:00-04:00,116.23999786376953,117.1500015258789,114.2300033569336,114.2300033569336,105.44673919677734,6283000,0.0,0.0
2021-10-25 00:00:00-04:00,114.4000015258789,114.55000305175781,113.11000061035156,113.63999938964844,104.90209197998047,6667700,0.0,0.0
2021-10-26 00:00:00-04:00,114.94000244140625,115.30000305175781,113.72000122070312,114.18000030517578,105.40058898925781,4852300,0.0,0.0
2021-10-27 00:00:00-04:00,114.02999877929688,115.05999755859375,113.70999908447266,113.75,105.003662109375,5394500,0.0,0.0
2021-10-28 00:00:00-04:00,113.66000366210938,116.0199966430664,113.54000091552734,116.01000213623047,107.08985900878906,5714300,0.0,0.0
2021-10-29 00:00:00-04:00,114.06999969482422,114.19000244140625,113.22000122070312,113.69999694824219,104.95748901367188,7118900,0.0,0.0
2021-11-01 00:00:00-04:00,113.58000183105469,114.33999633789062,113.3499984741211,114.12000274658203,105.3451919555664,4955700,0.0,0.0
2021-11-02 00:00:00-04:00,113.58999633789062,114.80000305175781,113.54000091552734,114.11000061035156,105.3359603881836,4479700,0.0,0.0
2021-11-03 00:00:00-04:00,113.44000244140625,114.0999984741211,112.7300033569336,114.01000213623047,105.24365997314453,6073000,0.0,0.0
2021-11-04 00:00:00-04:00,113.37000274658203,117.8499984741211,112.41000366210938,117.79000091552734,108.73300170898438,14682800,0.0,0.0
2021-11-05 00:00:00-04:00,118.16999816894531,119.52999877929688,116.25,117.80000305175781,108.74223327636719,8668100,0.0,0.0
2021-11-08 00:00:00-05:00,118.38999938964844,122.25,117.05000305175781,120.91000366210938,111.61311340332031,15776300,0.0,0.0
2021-11-09 00:00:00-05:00,121.25,123.2699966430664,120.16999816894531,121.77999877929688,112.41618347167969,10874100,0.0,0.0
2021-11-10 00:00:00-05:00,119.5999984741211,120.80000305175781,117.68000030517578,118.19999694824219,109.1114730834961,9046100,0.0,0.0
2021-11-11 00:00:00-05:00,119.26000213623047,120.47000122070312,117.80000305175781,118.19000244140625,109.10224914550781,6994000,0.0,0.0
2021-11-12 00:00:00-05:00,118.38999938964844,118.81999969482422,117.2699966430664,118.69000244140625,109.56380462646484,6947200,0.0,0.0
2021-11-15 00:00:00-05:00,119.31999969482422,119.63999938964844,117.51000213623047,118.12000274658203,109.03763580322266,5157000,0.0,0.0
2021-11-16 00:00:00-05:00,117.69000244140625,118.37999725341797,117.16000366210938,118.08000183105469,109.00071716308594,5555100,0.0,0.0
2021-11-17 00:00:00-05:00,118.0,119.55000305175781,117.51000213623047,119.05999755859375,109.90534973144531,6391400,0.0,0.0
2021-11-18 00:00:00-05:00,119.97000122070312,123.55999755859375,119.80000305175781,123.38999938964844,113.90241241455078,13229700,0.0,0.0
2021-11-19 00:00:00-05:00,122.02999877929688,124.80000305175781,122.0199966430664,124.26000213623047,114.70553588867188,9071800,0.0,0.0
2021-11-22 00:00:00-05:00,123.5,128.08999633789062,123.20999908447266,124.75,115.15785217285156,16076100,0.0,0.0
2021-11-23 00:00:00-05:00,122.72000122070312,123.19999694824219,119.5199966430664,121.36000061035156,112.02851104736328,10984000,0.0,0.0
2021-11-24 00:00:00-05:00,120.0,120.87000274658203,118.4000015258789,120.70999908447266,111.42848205566406,6992600,0.0,0.0
2021-11-26 00:00:00-05:00,117.5,119.04000091552734,116.5199966430664,117.08999633789062,108.08683013916016,6766900,0.0,0.0
2021-11-29 00:00:00-05:00,118.36000061035156,119.87999725341797,117.9000015258789,119.27999877929688,110.10843658447266,7634000,0.0,0.0
2021-11-30 00:00:00-05:00,118.0999984741211,120.16999816894531,115.76000213623047,117.1500015258789,108.14219665527344,10561800,0.0,0.0
2021-12-01 00:00:00-05:00,119.22000122070312,123.51000213623047,119.22000122070312,120.62999725341797,111.3546371459961,12924400,0.0,0.0
2021-12-02 00:00:00-05:00,120.3499984741211,123.4000015258789,120.0199966430664,121.69999694824219,112.34236907958984,8425500,0.0,0.0
2021-12-03 00:00:00-05:00,121.0,121.8499984741211,117.9800033569336,119.33000183105469,110.15458679199219,7809000,0.0,0.0
2021-12-06 00:00:00-05:00,118.88999938964844,119.5,116.58000183105469,119.13999938964844,109.97920989990234,5681200,0.0,0.0
2021-12-07 00:00:00-05:00,120.54000091552734,122.58000183105469,120.26000213623047,122.31999969482422,112.9146957397461,7459200,0.0,0.0
2021-12-08 00:00:00-05:00,121.62999725341797,122.22000122070312,120.11000061035156,121.80000305175781,112.43465423583984,5795700,0.0,0.0
2021-12-09 00:00:00-05:00,121.18000030517578,122.08999633789062,119.48999786376953,119.5,110.31153106689453,6103900,0.0,0.0
2021-12-10 00:00:00-05:00,120.0,120.79000091552734,118.23999786376953,119.12999725341797,109.969970703125,5973900,0.0,0.0
2021-12-13 00:00:00-05:00,118.86000061035156,119.02999877929688,116.38999938964844,116.41999816894531,107.46833038330078,5854300,0.0,0.0
2021-12-14 00:00:00-05:00,115.44000244140625,116.9800033569336,115.25,116.29000091552734,107.34835052490234,6267300,0.0,0.0
2021-12-15 00:00:00-05:00,116.79000091552734,120.51000213623047,116.4800033569336,120.4000015258789,111.14231872558594,6700700,0.0,0.0
2021-12-16 00:00:00-05:00,120.33999633789062,120.75,116.13999938964844,116.56999969482422,108.05194854736328,9116100,0.496,0.0
2021-12-17 00:00:00-05:00,116.29000091552734,117.48999786376953,115.93000030517578,116.31999969482422,107.8202133178711,11725600,0.0,0.0
2021-12-20 00:00:00-05:00,115.91999816894531,116.62000274658203,113.91000366210938,114.94000244140625,106.5410385131836,6980800,0.0,0.0
2021-12-21 00:00:00-05:00,116.06999969482422,117.5,115.08000183105469,117.44000244140625,108.85839080810547,6122900,0.0,0.0
2021-12-22 00:00:00-05:00,116.91999816894531,121.44000244140625,116.83000183105469,121.30000305175781,112.4363021850586,9300100,0.0,0.0
2021-12-23 00:00:00-05:00,120.95999908447266,121.79000091552734,119.83999633789062,120.68000030517578,111.86160278320312,6512500,0.0,0.0
2021-12-27 00:00:00-05:00,121.22000122070312,123.26000213623047,121.19999694824219,122.69999694824219,113.73399353027344,6309900,0.0,0.0
2021-12-28 00:00:00-05:00,123.37999725341797,123.66000366210938,121.87000274658203,122.05999755859375,113.1407699584961,6321000,0.0,0.0
2021-12-29 00:00:00-05:00,121.80000305175781,123.1500015258789,120.97000122070312,121.41000366210938,112.53826904296875,5847700,0.0,0.0
2021-12-30 00:00:00-05:00,121.0,121.55000305175781,120.19000244140625,120.41999816894531,111.62061309814453,4187800,0.0,0.0
2021-12-31 00:00:00-05:00,121.3499984741211,121.75,120.22000122070312,120.30999755859375,111.5186538696289,3888200,0.0,0.0
2022-01-03 00:00:00-05:00,124.12999725341797,129.58999633789062,124.0,128.8000030517578,119.38827514648438,18592000,0.0,0.0
2022-01-04 00:00:00-05:00,130.8699951171875,135.5,130.3000030517578,133.39999389648438,123.65211486816406,25554900,0.0,0.0
2022-01-05 00:00:00-05:00,130.7100067138672,130.8800048828125,126.87999725341797,127.05999755859375,117.77539825439453,17891200,0.0,0.0
2022-01-06 00:00:00-05:00,127.0,129.0,124.80999755859375,128.47000122070312,119.0823745727539,16249000,0.0,0.0
2022-01-07 00:00:00-05:00,126.55000305175781,127.13999938964844,123.30999755859375,123.5,114.4755630493164,21248100,0.0,0.0
2022-01-10 00:00:00-05:00,125.11000061035156,125.87000274658203,123.26000213623047,125.01000213623047,115.87520599365234,11857700,0.0,0.0
2022-01-11 00:00:00-05:00,126.54000091552734,129.5500030517578,125.5,129.1699981689453,119.73121643066406,12113100,0.0,0.0
2022-01-12 00:00:00-05:00,130.5,132.9199981689453,130.22000122070312,132.22999572753906,122.56761169433594,16389200,0.0,0.0
2022-01-13 00:00:00-05:00,140.75,145.0,138.9199981689453,139.19000244140625,129.01901245117188,52020000,0.0,0.0
2022-01-14 00:00:00-05:00,136.08999633789062,143.8800048828125,136.08999633789062,140.66000366210938,130.3816375732422,28255300,0.0,0.0
2022-01-18 00:00:00-05:00,136.75,137.17999267578125,133.2899932861328,133.8300018310547,124.05068969726562,15191400,0.0,0.0
2022-01-19 00:00:00-05:00,134.6199951171875,135.89999389648438,130.94000244140625,131.00999450683594,121.436767578125,11155100,0.0,0.0
2022-01-20 00:00:00-05:00,131.9199981689453,132.75,128.1999969482422,128.3300018310547,118.9526138305664,11421900,0.0,0.0
2022-01-21 00:00:00-05:00,127.08000183105469,127.9800033569336,124.2699966430664,124.52999877929688,115.43029022216797,15573700,0.0,0.0
2022-01-24 00:00:00-05:00,123.7699966430664,126.06999969482422,120.12999725341797,125.95999908447266,116.75579071044922,17083400,0.0,0.0
2022-01-25 00:00:00-05:00,125.48999786376953,125.81999969482422,121.69999694824219,122.4800033569336,113.53006744384766,11370500,0.0,0.0
2022-01-26 00:00:00-05:00,125.37999725341797,126.66999816894531,121.88999938964844,123.08000183105469,114.08622741699219,13592100,0.0,0.0
2022-01-27 00:00:00-05:00,124.0,124.13999938964844,116.02999877929688,116.37999725341797,107.87583923339844,18599800,0.0,0.0
2022-01-28 00:00:00-05:00,118.70999908447266,119.5999984741211,114.19000244140625,117.61000061035156,109.01593780517578,14005900,0.0,0.0
2022-01-31 00:00:00-05:00,119.5199966430664,122.7699966430664,118.80999755859375,122.62999725341797,113.66911315917969,10189100,0.0,0.0
2022-02-01 00:00:00-05:00,122.9000015258789,123.23999786376953,120.0999984741211,123.05000305175781,114.05841064453125,6956300,0.0,0.0
2022-02-02 00:00:00-05:00,126.2300033569336,126.47000122070312,122.55000305175781,124.1500015258789,115.07805633544922,8562900,0.0,0.0
2022-02-03 00:00:00-05:00,121.44999694824219,123.87999725341797,119.25,119.83999633789062,111.0829849243164,9926800,0.0,0.0
2022-02-04 00:00:00-05:00,120.44000244140625,121.83000183105469,119.38999938964844,121.0199966430664,112.1767578125,5743200,0.0,0.0
2022-02-07 00:00:00-05:00,122.55999755859375,124.0999984741211,121.87999725341797,122.30999755859375,113.37251281738281,6562900,0.0,0.0
2022-02-08 00:00:00-05:00,122.0,123.86000061035156,121.61000061035156,123.70999908447266,114.6701889038086,7036200,0.0,0.0
2022-02-09 00:00:00-05:00,124.87999725341797,125.55000305175781,122.76000213623047,125.5199966430664,116.34795379638672,10979700,0.0,0.0
2022-02-10 00:00:00-05:00,124.80000305175781,128.66000366210938,124.36000061035156,124.70999908447266,115.59711456298828,10474900,0.0,0.0
2022-02-11 00:00:00-05:00,125.5,126.58000183105469,120.44999694824219,121.01000213623047,112.1675033569336,9845700,0.0,0.0
2022-02-14 00:00:00-05:00,119.94999694824219,121.55000305175781,118.0,119.7699966430664,111.01810455322266,8081800,0.0,0.0
2022-02-15 00:00:00-05:00,122.0199966430664,124.61000061035156,121.45999908447266,124.5199966430664,115.4209976196289,9248700,0.0,0.0
2022-02-16 00:00:00-05:00,123.13999938964844,124.29000091552734,121.56999969482422,123.5999984741211,114.5682373046875,5749500,0.0,0.0
2022-02-17 00:00:00-05:00,122.48999786376953,122.75,119.6500015258789,119.76000213623047,111.00883483886719,7976700,0.0,0.0
2022-02-18 00:00:00-05:00,120.5199966430664,120.69000244140625,118.44999694824219,119.30999755859375,110.59173583984375,8389000,0.0,0.0
2022-02-22 00:00:00-05:00,117.5,119.36000061035156,115.72000122070312,116.91000366210938,108.36710357666016,9793500,0.0,0.0
2022-02-23 00:00:00-05:00,118.55000305175781,119.43000030517578,115.76000213623047,115.9000015258789,107.43090057373047,8114700,0.0,0.0
2022-02-24 00:00:00-05:00,108.0,111.9800033569336,104.37999725341797,111.87999725341797,103.70464324951172,27539100,0.0,0.0
2022-02-25 00:00:00-05:00,112.29000091552734,113.0,109.36000061035156,111.2300033569336,103.10213470458984,14258900,0.0,0.0
2022-02-28 00:00:00-05:00,109.37000274658203,109.7699966430664,105.0,107.01000213623047,99.19052124023438,26390800,0.0,0.0
2022-03-01 00:00:00-05:00,110.0,111.11000061035156,107.05000305175781,108.05000305175781,100.15451049804688,20377900,0.0,0.0
2022-03-02 00:00:00-05:00,108.4000015258789,109.97000122070312,107.86000061035156,109.61000061035156,101.60052490234375,13342400,0.0,0.0
2022-03-03 00:00:00-05:00,109.91000366210938,110.0,107.5999984741211,108.79000091552734,100.8404312133789,10841700,0.0,0.0
2022-03-04 00:00:00-05:00,107.0,108.12000274658203,103.80999755859375,105.05999755859375,97.38300323486328,22372100,0.0,0.0
2022-03-07 00:00:00-05:00,103.29000091552734,104.08999633789062,99.05999755859375,99.29000091552734,92.03462219238281,29422900,0.0,0.0
2022-03-08 00:00:00-05:00,100.20999908447266,103.11000061035156,98.62000274658203,100.0,92.69274139404297,25650000,0.0,0.0
2022-03-09 00:00:00-05:00,104.51000213623047,105.72000122070312,102.76000213623047,104.94999694824219,97.28103637695312,14348400,0.0,0.0
2022-03-10 00:00:00-05:00,104.19000244140625,105.52999877929688,102.5199966430664,103.95999908447266,96.3634033203125,11811000,0.0,0.0
2022-03-11 00:00:00-05:00,105.36000061035156,105.36000061035156,101.30000305175781,101.41000366210938,93.99971771240234,18116400,0.0,0.0
2022-03-14 00:00:00-04:00,101.5199966430664,101.86000061035156,99.06999969482422,99.30000305175781,92.04390716552734,17959400,0.0,0.0
2022-03-15 00:00:00-04:00,98.02999877929688,102.13999938964844,97.62000274658203,102.08999633789062,94.63002014160156,13415600,0.0,0.0
2022-03-16 00:00:00-04:00,102.98999786376953,105.79000091552734,102.80999755859375,105.69000244140625,98.43943786621094,20347100,0.49,0.0
2022-03-17 00:00:00-04:00,105.75,106.52999877929688,104.75,106.48999786376953,99.1845703125,8042000,0.0,0.0
2022-03-18 00:00:00-04:00,105.70999908447266,107.04000091552734,104.88999938964844,106.72000122070312,99.39878845214844,10218200,0.0,0.0
2022-03-21 00:00:00-04:00,106.72000122070312,107.22000122070312,105.12999725341797,106.91999816894531,99.58506774902344,10366100,0.0,0.0
2022-03-22 00:00:00-04:00,106.38999938964844,107.95999908447266,106.2300033569336,107.04000091552734,99.69683837890625,10401200,0.0,0.0
2022-03-23 00:00:00-04:00,106.5,108.19000244140625,105.3499984741211,105.3499984741211,98.12277221679688,12905300,0.0,0.0
2022-03-24 00:00:00-04:00,106.77999877929688,107.9800033569336,105.83000183105469,107.91999816894531,100.51646423339844,10834000,0.0,0.0
2022-03-25 00:00:00-04:00,107.69000244140625,107.9800033569336,105.83999633789062,106.7300033569336,99.40811920166016,7432100,0.0,0.0
2022-03-28 00:00:00-04:00,105.62000274658203,106.72000122070312,104.61000061035156,106.33000183105469,99.03553009033203,8151200,0.0,0.0
2022-03-29 00:00:00-04:00,107.91999816894531,109.76000213623047,106.79000091552734,109.25,101.7552261352539,14076200,0.0,0.0
2022-03-30 00:00:00-04:00,107.79000091552734,109.33999633789062,106.51000213623047,106.7300033569336,99.40811920166016,15456300,0.0,0.0
2022-03-31 00:00:00-04:00,106.95999908447266,107.1500015258789,104.19000244140625,104.26000213623047,97.10755157470703,13021600,0.0,0.0
2022-04-01 00:00:00-04:00,105.7699966430664,105.94999694824219,102.20999908447266,102.79000091552734,95.7383804321289,12085100,0.0,0.0
2022-04-04 00:00:00-04:00,104.0199966430664,105.56999969482422,103.27999877929688,104.79000091552734,97.6011962890625,9077200,0.0,0.0
2022-04-05 00:00:00-04:00,104.4800033569336,104.5999984741211,102.11000061035156,102.5,95.46829986572266,12291000,0.0,0.0
2022-04-06 00:00:00-04:00,100.41999816894531,102.13999938964844,99.72000122070312,101.18000030517578,94.23885345458984,14902600,0.0,0.0
2022-04-07 00:00:00-04:00,100.41999816894531,101.2300033569336,99.6500015258789,100.5199966430664,93.62410736083984,12431000,0.0,0.0
2022-04-08 00:00:00-04:00,100.62000274658203,100.69999694824219,99.12000274658203,99.29000091552734,92.47848510742188,11796200,0.0,0.0
2022-04-11 00:00:00-04:00,98.22000122070312,98.37999725341797,96.91000366210938,97.56999969482422,90.8764877319336,12480500,0.0,0.0
2022-04-12 00:00:00-04:00,100.0,100.1500015258789,97.44000244140625,97.44000244140625,90.75542449951172,13291500,0.0,0.0
2022-04-13 00:00:00-04:00,99.80000305175781,102.22000122070312,99.5,101.5,94.5368881225586,15776800,0.0,0.0
2022-04-14 00:00:00-04:00,104.0,104.5,98.33000183105469,98.36000061035156,91.6123046875,17828500,0.0,0.0
2022-04-18 00:00:00-04:00,97.94999694824219,99.83999633789062,97.47000122070312,98.7699966430664,91.99417877197266,10277400,0.0,0.0
2022-04-19 00:00:00-04:00,98.44000244140625,99.44999694824219,97.70999908447266,99.44999694824219,92.62751770019531,10103000,0.0,0.0
2022-04-20 00:00:00-04:00,100.4000015258789,101.0,98.9000015258789,99.01000213623047,92.21769714355469,8596900,0.0,0.0
2022-04-21 00:00:00-04:00,99.75,100.6500015258789,97.41000366210938,97.66000366210938,90.9603271484375,13038500,0.0,0.0
2022-04-22 00:00:00-04:00,97.02999877929688,97.79000091552734,95.36000061035156,95.68000030517578,89.11614227294922,11650100,0.0,0.0
2022-04-25 00:00:00-04:00,95.05000305175781,96.27999877929688,94.44999694824219,96.23999786376953,89.63773345947266,10654400,0.0,0.0
2022-04-26 00:00:00-04:00,94.94000244140625,95.0199966430664,92.7699966430664,92.7699966430664,86.40576171875,14176000,0.0,0.0
2022-04-27 00:00:00-04:00,91.83999633789062,92.69000244140625,90.22000122070312,90.26000213623047,84.0679702758789,15846300,0.0,0.0
2022-04-28 00:00:00-04:00,92.16000366210938,96.19999694824219,91.77999877929688,95.22000122070312,88.68771362304688,15176200,0.0,0.0
2022-04-29 00:00:00-04:00,93.18000030517578,95.58999633789062,92.7699966430664,92.93000030517578,86.55479431152344,10629300,0.0,0.0
2022-05-02 00:00:00-04:00,92.5,94.2699966430664,91.23999786376953,93.76000213623047,87.327880859375,8251900,0.0,0.0
2022-05-03 00:00:00-04:00,92.77999877929688,94.05000305175781,92.51000213623047,93.62999725341797,87.20679473876953,9511900,0.0,0.0
2022-05-04 00:00:00-04:00,93.91000366210938,96.06999969482422,91.91999816894531,95.98999786376953,89.40489196777344,9082500,0.0,0.0
2022-05-05 00:00:00-04:00,94.04000091552734,94.37999725341797,91.22000122070312,92.1500015258789,85.82831573486328,11517200,0.0,0.0
2022-05-06 00:00:00-04:00,91.4000015258789,92.87999725341797,90.2699966430664,91.62999725341797,85.3439712524414,7944900,0.0,0.0
2022-05-09 00:00:00-04:00,89.94000244140625,90.19000244140625,87.01000213623047,87.30000305175781,81.31103515625,11428600,0.0,0.0
2022-05-10 00:00:00-04:00,90.0199966430664,90.29000091552734,88.08999633789062,88.81999969482422,82.72674560546875,11690400,0.0,0.0
2022-05-11 00:00:00-04:00,88.87000274658203,90.56999969482422,87.80000305175781,87.83000183105469,81.8046875,11531300,0.0,0.0
2022-05-12 00:00:00-04:00,86.22000122070312,88.20999908447266,85.38999938964844,87.69000244140625,81.6742935180664,11592900,0.0,0.0
2022-05-13 00:00:00-04:00,88.87000274658203,91.36000061035156,88.16000366210938,90.95999908447266,84.7199478149414,11180600,0.0,0.0
2022-05-16 00:00:00-04:00,89.87000274658203,91.37000274658203,89.5,90.41000366210938,84.20768737792969,6729100,0.0,0.0
2022-05-17 00:00:00-04:00,93.30000305175781,93.48999786376953,92.37000274658203,93.31999969482422,86.91805267333984,7668800,0.0,0.0
2022-05-18 00:00:00-04:00,92.06999969482422,93.2300033569336,90.37000274658203,90.52999877929688,84.3194580078125,9610900,0.0,0.0
2022-05-19 00:00:00-04:00,89.83999633789062,92.0999984741211,89.55999755859375,90.20999908447266,84.02140045166016,7739000,0.0,0.0
2022-05-20 00:00:00-04:00,93.04000091552734,93.04000091552734,88.83000183105469,90.77999877929688,84.55230712890625,10469900,0.0,0.0
2022-05-23 00:00:00-04:00,91.0199966430664,91.91000366210938,90.6500015258789,91.5,85.22291564941406,6920500,0.0,0.0
2022-05-24 00:00:00-04:00,89.5199966430664,89.80000305175781,88.5199966430664,88.72000122070312,82.63362121582031,8788600,0.0,0.0
2022-05-25 00:00:00-04:00,89.33000183105469,90.91999816894531,89.04000091552734,90.41000366210938,84.20768737792969,9113500,0.0,0.0
2022-05-26 00:00:00-04:00,89.41000366210938,91.37000274658203,89.04000091552734,91.0,84.7572021484375,9762700,0.0,0.0
2022-05-27 00:00:00-04:00,92.62000274658203,93.81999969482422,92.52999877929688,93.7699966430664,87.33717346191406,6279000,0.0,0.0
2022-05-31 00:00:00-04:00,95.54000091552734,96.29000091552734,94.51000213623047,95.30000305175781,88.76221466064453,9621700,0.0,0.0
2022-06-01 00:00:00-04:00,95.5999984741211,96.36000061035156,93.83000183105469,94.75,88.24994659423828,6152400,0.0,0.0
2022-06-02 00:00:00-04:00,93.98999786376953,96.37000274658203,93.62000274658203,96.33999633789062,89.73086547851562,6335000,0.0,0.0
2022-06-03 00:00:00-04:00,94.36000061035156,94.58000183105469,92.9000015258789,93.7699966430664,87.33717346191406,9137100,0.0,0.0
2022-06-06 00:00:00-04:00,95.0,95.54000091552734,92.87000274658203,93.11000061035156,86.72245025634766,9440200,0.0,0.0
2022-06-07 00:00:00-04:00,92.66999816894531,93.86000061035156,91.7699966430664,93.83999633789062,87.40237426757812,7360200,0.0,0.0
2022-06-08 00:00:00-04:00,94.0,94.93000030517578,93.13999938964844,93.47000122070312,87.05775451660156,6446300,0.0,0.0
2022-06-09 00:00:00-04:00,93.0,93.5,90.80000305175781,90.8499984741211,84.61751556396484,8086700,0.0,0.0
2022-06-10 00:00:00-04:00,90.54000091552734,90.72000122070312,88.62999725341797,88.68000030517578,82.59635925292969,10460400,0.0,0.0
2022-06-13 00:00:00-04:00,86.05999755859375,86.83000183105469,85.0199966430664,85.55000305175781,79.68108367919922,14603700,0.0,0.0
2022-06-14 00:00:00-04:00,86.73999786376953,87.87999725341797,86.29000091552734,87.19000244140625,81.20857238769531,10449600,0.0,0.0
2022-06-15 00:00:00-04:00,87.51000213623047,89.80999755859375,87.37000274658203,89.12999725341797,83.0155029296875,11742500,0.0,0.0
2022-06-16 00:00:00-04:00,85.22000122070312,85.93000030517578,83.98999786376953,84.5199966430664,79.13639068603516,10505200,0.467,0.0
2022-06-17 00:00:00-04:00,85.0,85.5999984741211,83.94999694824219,85.0,79.5858154296875,9735500,0.0,0.0
2022-06-21 00:00:00-04:00,86.0,87.75,86.0,86.94999694824219,81.41161346435547,9604000,0.0,0.0
2022-06-22 00:00:00-04:00,84.63999938964844,86.18000030517578,84.55000305175781,84.91000366210938,79.50153350830078,7868700,0.0,0.0
2022-06-23 00:00:00-04:00,84.12999725341797,84.2300033569336,82.76000213623047,84.12000274658203,78.76187133789062,10370300,0.0,0.0
2022-06-24 00:00:00-04:00,84.1500015258789,86.55000305175781,84.1500015258789,85.91999816894531,80.44720458984375,10670100,0.0,0.0
2022-06-27 00:00:00-04:00,86.91999816894531,87.0,85.58000183105469,85.86000061035156,80.39104461669922,7358000,0.0,0.0
2022-06-28 00:00:00-04:00,86.1500015258789,86.80999755859375,84.33999633789062,84.33999633789062,78.96785736083984,8289200,0.0,0.0
2022-06-29 00:00:00-04:00,84.43000030517578,84.61000061035156,83.33000183105469,83.6500015258789,78.3218002319336,7981300,0.0,0.0
2022-06-30 00:00:00-04:00,81.45999908447266,82.22000122070312,80.12000274658203,81.75,76.54281616210938,14201600,0.0,0.0
2022-07-01 00:00:00-04:00,79.04000091552734,79.22000122070312,76.18000030517578,77.0,72.09539031982422,19531700,0.0,0.0
2022-07-05 00:00:00-04:00,74.55000305175781,76.1500015258789,73.73999786376953,76.11000061035156,71.2620849609375,22253100,0.0,0.0
2022-07-06 00:00:00-04:00,74.29000091552734,76.30000305175781,73.77999877929688,75.55999755859375,70.74710083007812,11530500,0.0,0.0
2022-07-07 00:00:00-04:00,78.5999984741211,80.95999908447266,78.33999633789062,80.6500015258789,75.51289367675781,15847800,0.0,0.0
2022-07-08 00:00:00-04:00,79.91999816894531,82.16000366210938,79.76000213623047,81.51000213623047,76.318115234375,10004200,0.0,0.0
2022-07-11 00:00:00-04:00,79.7699966430664,80.2699966430664,78.81999969482422,79.11000061035156,74.07098388671875,9519600,0.0,0.0
2022-07-12 00:00:00-04:00,81.16000366210938,81.4800033569336,78.93000030517578,79.0999984741211,74.06160736083984,10363700,0.0,0.0
2022-07-13 00:00:00-04:00,79.27999877929688,81.72000122070312,78.9000015258789,81.29000091552734,76.11212921142578,14706500,0.0,0.0
2022-07-14 00:00:00-04:00,82.94999694824219,84.04000091552734,80.51000213623047,83.66999816894531,78.34053039550781,23377000,0.0,0.0
2022-07-15 00:00:00-04:00,85.58000183105469,86.04000091552734,83.97000122070312,85.62999725341797,80.17568969726562,14061000,0.0,0.0
2022-07-18 00:00:00-04:00,86.05999755859375,86.08000183105469,83.37000274658203,83.58000183105469,78.25627136230469,11352500,0.0,0.0
2022-07-19 00:00:00-04:00,85.0,86.47000122070312,84.55999755859375,86.1500015258789,80.66255950927734,10673100,0.0,0.0
2022-07-20 00:00:00-04:00,85.18000030517578,86.75,85.11000061035156,86.55999755859375,81.04645538330078,11664800,0.0,0.0
2022-07-21 00:00:00-04:00,86.68000030517578,87.80000305175781,86.4000015258789,87.79000091552734,82.19810485839844,7135000,0.0,0.0
2022-07-22 00:00:00-04:00,87.41000366210938,87.7300033569336,85.80000305175781,86.31999969482422,80.82173156738281,8612100,0.0,0.0
2022-07-25 00:00:00-04:00,86.30000305175781,86.69999694824219,85.62999725341797,86.30000305175781,80.80303192138672,5960900,0.0,0.0
2022-07-26 00:00:00-04:00,84.76000213623047,85.19999694824219,83.8499984741211,84.41999816894531,79.04275512695312,6977700,0.0,0.0
2022-07-27 00:00:00-04:00,85.30999755859375,87.9000015258789,85.30999755859375,87.62999725341797,82.04829406738281,9399500,0.0,0.0
2022-07-28 00:00:00-04:00,87.12999725341797,88.62000274658203,86.44999694824219,88.61000061035156,82.96587371826172,10668200,0.0,0.0
2022-07-29 00:00:00-04:00,87.81999969482422,89.20999908447266,87.79000091552734,88.4800033569336,82.84415435791016,10366200,0.0,0.0
2022-08-01 00:00:00-04:00,85.30000305175781,86.88999938964844,84.30000305175781,86.30999755859375,80.81237030029297,20102600,0.0,0.0
2022-08-02 00:00:00-04:00,84.5199966430664,87.51000213623047,84.16999816894531,86.05000305175781,80.56892395019531,15541600,0.0,0.0
2022-08-03 00:00:00-04:00,85.95999908447266,86.7699966430664,84.55999755859375,86.51000213623047,80.9996337890625,20779400,0.0,0.0
2022-08-04 00:00:00-04:00,87.0,88.41999816894531,86.62000274658203,88.41999816894531,82.78797149658203,13472500,0.0,0.0
2022-08-05 00:00:00-04:00,88.02999877929688,90.9800033569336,88.01000213623047,89.7699966430664,84.05198669433594,13293500,0.0,0.0
2022-08-08 00:00:00-04:00,88.9800033569336,89.0999984741211,86.91000366210938,87.94000244140625,82.33856201171875,12120300,0.0,0.0
2022-08-09 00:00:00-04:00,86.94000244140625,87.13999938964844,84.44000244140625,85.20999908447266,79.78244018554688,13075000,0.0,0.0
2022-08-10 00:00:00-04:00,86.80999755859375,88.66999816894531,86.30999755859375,88.66999816894531,83.02204895019531,10704600,0.0,0.0
2022-08-11 00:00:00-04:00,89.95999908447266,91.0,89.30999755859375,89.5199966430664,83.81790161132812,11158800,0.0,0.0
2022-08-12 00:00:00-04:00,89.68000030517578,91.3499984741211,89.63999938964844,90.86000061035156,85.07255554199219,12098800,0.0,0.0
2022-08-15 00:00:00-04:00,90.01000213623047,91.94000244140625,90.0,91.56999969482422,85.73733520507812,15949500,0.0,0.0
2022-08-16 00:00:00-04:00,91.13999938964844,91.3499984741211,88.56999969482422,89.94999694824219,84.22049713134766,10566100,0.0,0.0
2022-08-17 00:00:00-04:00,89.0,89.7699966430664,88.4800033569336,89.19999694824219,83.51829528808594,9093100,0.0,0.0
2022-08-18 00:00:00-04:00,88.70999908447266,89.66999816894531,88.41999816894531,89.2699966430664,83.5838394165039,10947700,0.0,0.0
2022-08-19 00:00:00-04:00,88.5,88.58999633789062,87.0199966430664,87.19999694824219,81.64567565917969,9602800,0.0,0.0
2022-08-22 00:00:00-04:00,85.41000366210938,86.02999877929688,84.94000244140625,85.23999786376953,79.8105239868164,8054000,0.0,0.0
2022-08-23 00:00:00-04:00,85.16000366210938,86.5999984741211,84.98999786376953,86.02999877929688,80.55020904541016,8462500,0.0,0.0
2022-08-24 00:00:00-04:00,85.80000305175781,86.12999725341797,85.19999694824219,85.55999755859375,80.11016082763672,7085800,0.0,0.0
2022-08-25 00:00:00-04:00,86.33000183105469,87.58999633789062,86.01000213623047,87.56999969482422,81.99210357666016,6602100,0.0,0.0
2022-08-26 00:00:00-04:00,87.5,87.79000091552734,84.6500015258789,84.73999786376953,79.34237670898438,9381500,0.0,0.0
2022-08-29 00:00:00-04:00,83.91000366210938,84.31999969482422,82.77999877929688,82.8499984741211,77.57278442382812,9639700,0.0,0.0
2022-08-30 00:00:00-04:00,83.77999877929688,83.9800033569336,81.7300033569336,82.79000091552734,77.51658630371094,8392300,0.0,0.0
2022-08-31 00:00:00-04:00,84.11000061035156,84.87000274658203,83.05999755859375,83.3499984741211,78.04090118408203,8887100,0.0,0.0
2022-09-01 00:00:00-04:00,81.44999694824219,81.83000183105469,80.12000274658203,81.63999938964844,76.43983459472656,11566000,0.0,0.0
2022-09-02 00:00:00-04:00,81.55000305175781,82.9800033569336,80.61000061035156,80.9000015258789,75.74695587158203,8850100,0.0,0.0
2022-09-06 00:00:00-04:00,81.02999877929688,81.02999877929688,79.5199966430664,80.02999877929688,74.93238067626953,12704400,0.0,0.0
2022-09-07 00:00:00-04:00,78.38999938964844,80.18000030517578,78.2300033569336,79.94999694824219,74.85747528076172,9843500,0.0,0.0
2022-09-08 00:00:00-04:00,79.01000213623047,80.73999786376953,78.7699966430664,80.23999786376953,75.1290054321289,8181700,0.0,0.0
2022-09-09 00:00:00-04:00,80.83000183105469,81.66000366210938,80.73999786376953,81.52999877929688,76.33684539794922,7084700,0.0,0.0
2022-09-12 00:00:00-04:00,81.97000122070312,82.5,81.76000213623047,82.1500015258789,76.91735076904297,7903000,0.0,0.0
2022-09-13 00:00:00-04:00,80.41999816894531,81.13999938964844,78.5199966430664,78.80999755859375,73.79010009765625,12835100,0.0,0.0
2022-09-14 00:00:00-04:00,79.73999786376953,80.16000366210938,78.9800033569336,79.66000366210938,74.5859603881836,8849600,0.0,0.0
2022-09-15 00:00:00-04:00,78.58000183105469,79.25,77.66999816894531,77.9800033569336,73.42591094970703,10533100,0.448,0.0
2022-09-16 00:00:00-04:00,77.11000061035156,78.0,76.91999816894531,77.88999938964844,73.34115600585938,10604500,0.0,0.0
2022-09-19 00:00:00-04:00,76.55000305175781,78.2300033569336,76.55000305175781,78.2300033569336,73.66129302978516,10378600,0.0,0.0
2022-09-20 00:00:00-04:00,77.54000091552734,78.44000244140625,77.51000213623047,78.1500015258789,73.58595275878906,8202800,0.0,0.0
2022-09-21 00:00:00-04:00,77.58000183105469,79.30999755859375,77.13999938964844,77.13999938964844,72.63495635986328,10869000,0.0,0.0
2022-09-22 00:00:00-04:00,76.44999694824219,76.75,75.36000061035156,75.62999725341797,71.21315002441406,10817900,0.0,0.0
2022-09-23 00:00:00-04:00,74.30000305175781,74.38999938964844,73.08999633789062,73.87000274658203,69.5559310913086,12685500,0.0,0.0
2022-09-26 00:00:00-04:00,73.47000122070312,74.19000244140625,72.91999816894531,73.01000213623047,68.74616241455078,13441500,0.0,0.0
2022-09-27 00:00:00-04:00,73.51000213623047,74.04000091552734,72.3499984741211,73.02999877929688,68.76498413085938,12430600,0.0,0.0
2022-09-28 00:00:00-04:00,71.11000061035156,72.29000091552734,70.69999694824219,72.12999725341797,67.91754150390625,12943600,0.0,0.0
2022-09-29 00:00:00-04:00,70.5199966430664,70.68000030517578,68.4800033569336,69.27999877929688,65.23397827148438,16120300,0.0,0.0
2022-09-30 00:00:00-04:00,67.80999755859375,69.6500015258789,67.73999786376953,68.55999755859375,64.55603790283203,10472400,0.0,0.0
2022-10-03 00:00:00-04:00,68.08000183105469,69.56999969482422,67.6500015258789,69.25,65.20572662353516,11945100,0.0,0.0
2022-10-04 00:00:00-04:00,70.80000305175781,72.93000030517578,70.72000122070312,72.80999755859375,68.55782318115234,14900700,0.0,0.0
2022-10-05 00:00:00-04:00,72.91999816894531,74.91000366210938,72.58000183105469,74.4800033569336,70.13031768798828,14037100,0.0,0.0
2022-10-06 00:00:00-04:00,73.97000122070312,74.91999816894531,73.86000061035156,74.3499984741211,70.00790405273438,11796800,0.0,0.0
2022-10-07 00:00:00-04:00,71.80999755859375,72.02999877929688,69.75,69.75,65.6765365600586,14758600,0.0,0.0
2022-10-10 00:00:00-04:00,69.8499984741211,69.87999725341797,67.01000213623047,67.44000244140625,63.501441955566406,16042200,0.0,0.0
2022-10-11 00:00:00-04:00,64.19999694824219,64.91000366210938,62.619998931884766,63.45000076293945,59.74446487426758,28699300,0.0,0.0
2022-10-12 00:00:00-04:00,63.599998474121094,64.2300033569336,63.369998931884766,64.11000061035156,60.36592483520508,16468700,0.0,0.0
2022-10-13 00:00:00-04:00,63.060001373291016,70.19999694824219,62.31999969482422,66.62000274658203,62.72933578491211,36639300,0.0,0.0
2022-10-14 00:00:00-04:00,67.26000213623047,67.44999694824219,63.779998779296875,63.91999816894531,60.187015533447266,19440900,0.0,0.0
2022-10-17 00:00:00-04:00,64.9800033569336,65.3499984741211,64.04000091552734,64.88999938964844,61.10036849975586,11280100,0.0,0.0
2022-10-18 00:00:00-04:00,65.9000015258789,66.11000061035156,62.779998779296875,63.709999084472656,59.98929214477539,16656100,0.0,0.0
2022-10-19 00:00:00-04:00,62.7400016784668,64.11000061035156,62.16999816894531,63.65999984741211,59.942195892333984,12385200,0.0,0.0
2022-10-20 00:00:00-04:00,63.75,65.27999877929688,63.380001068115234,63.58000183105469,59.866878509521484,11300900,0.0,0.0
2022-10-21 00:00:00-04:00,62.02000045776367,63.779998779296875,62.02000045776367,63.75,60.02693557739258,13699000,0.0,0.0
2022-10-24 00:00:00-04:00,60.58000183105469,61.619998931884766,59.68000030517578,61.290000915527344,57.71061706542969,25010800,0.0,0.0
2022-10-25 00:00:00-04:00,59.959999084472656,61.36000061035156,59.5099983215332,61.13999938964844,57.569374084472656,21700600,0.0,0.0
2022-10-26 00:00:00-04:00,60.86000061035156,61.97999954223633,60.43000030517578,60.84000015258789,57.28689193725586,14006000,0.0,0.0
2022-10-27 00:00:00-04:00,61.849998474121094,62.45000076293945,60.90999984741211,60.95000076293945,57.390472412109375,12937600,0.0,0.0
2022-10-28 00:00:00-04:00,60.77000045776367,62.029998779296875,60.06999969482422,62.0099983215332,58.3885612487793,11972300,0.0,0.0
2022-10-31 00:00:00-04:00,61.59000015258789,62.27000045776367,61.06999969482422,61.54999923706055,57.95542907714844,10802800,0.0,0.0
2022-11-01 00:00:00-04:00,63.2599983215332,63.43000030517578,61.58000183105469,61.58000183105469,57.983680725097656,11561900,0.0,0.0
2022-11-02 00:00:00-04:00,62.5,62.88999938964844,60.52000045776367,60.52000045776367,56.98558044433594,16547200,0.0,0.0
2022-11-03 00:00:00-04:00,60.0,60.88999938964844,59.43000030517578,60.279998779296875,56.75959777832031,11040900,0.0,0.0
2022-11-04 00:00:00-04:00,61.5099983215332,62.5,61.02000045776367,62.47999954223633,58.83111572265625,14662800,0.0,0.0
2022-11-07 00:00:00-05:00,62.619998931884766,62.93000030517578,61.970001220703125,62.7599983215332,59.09476089477539,8507100,0.0,0.0
2022-11-08 00:00:00-05:00,64.37000274658203,65.75,64.22000122070312,65.0199966430664,61.222774505615234,14102800,0.0,0.0
2022-11-09 00:00:00-05:00,66.52999877929688,66.5999984741211,64.94999694824219,65.0,61.203941345214844,15086800,0.0,0.0
2022-11-10 00:00:00-05:00,67.73999786376953,70.87000274658203,67.31999969482422,70.83999633789062,66.70288848876953,21367900,0.0,0.0
2022-11-11 00:00:00-05:00,72.73999786376953,74.5999984741211,72.37999725341797,73.83000183105469,69.51826477050781,15524700,0.0,0.0
2022-11-14 00:00:00-05:00,73.23999786376953,73.68000030517578,72.23999786376953,72.80000305175781,68.54842376708984,11575300,0.0,0.0
2022-11-15 00:00:00-05:00,81.91999816894531,82.93000030517578,80.01000213623047,80.45999908447266,75.76107025146484,48742400,0.0,0.0
2022-11-16 00:00:00-05:00,80.55999755859375,80.56999969482422,78.9000015258789,79.44999694824219,74.8100357055664,24006600,0.0,0.0
2022-11-17 00:00:00-05:00,79.30000305175781,82.94000244140625,78.69000244140625,81.4800033569336,76.72150421142578,24278400,0.0,0.0
2022-11-18 00:00:00-05:00,82.77999877929688,82.83999633789062,81.0,82.2699966430664,77.4653549194336,18578400,0.0,0.0
2022-11-21 00:00:00-05:00,80.80999755859375,81.02999877929688,79.47000122070312,79.93000030517578,75.26201629638672,18659700,0.0,0.0
2022-11-22 00:00:00-05:00,81.3499984741211,83.19000244140625,81.2300033569336,82.54000091552734,77.7195816040039,16504700,0.0,0.0
2022-11-23 00:00:00-05:00,82.44000244140625,82.94999694824219,81.7300033569336,81.97000122070312,77.18289947509766,14683800,0.0,0.0
2022-11-25 00:00:00-05:00,82.13999938964844,82.37000274658203,81.4000015258789,81.4000015258789,76.64616394042969,5908300,0.0,0.0
2022-11-28 00:00:00-05:00,80.2699966430664,81.08000183105469,78.88999938964844,79.22000122070312,74.5934829711914,13214200,0.0,0.0
2022-11-29 00:00:00-05:00,79.91000366210938,80.20999908447266,78.95999908447266,79.33000183105469,74.69707489013672,11502300,0.0,0.0
2022-11-30 00:00:00-05:00,80.62999725341797,83.43000030517578,80.47000122070312,82.9800033569336,78.13389587402344,21667300,0.0,0.0
2022-12-01 00:00:00-05:00,83.04000091552734,83.62999725341797,81.13999938964844,82.68000030517578,77.85142517089844,15975100,0.0,0.0
2022-12-02 00:00:00-05:00,81.80999755859375,82.16000366210938,81.1500015258789,81.5,76.74032592773438,10519800,0.0,0.0
2022-12-05 00:00:00-05:00,81.94000244140625,82.18000030517578,80.94999694824219,81.62000274658203,76.85332489013672,11523300,0.0,0.0
2022-12-06 00:00:00-05:00,81.4000015258789,81.44000244140625,79.16000366210938,79.55999755859375,74.91362762451172,13992100,0.0,0.0
2022-12-07 00:00:00-05:00,79.0,79.70999908447266,78.58999633789062,79.23999786376953,74.61231994628906,14925300,0.0,0.0
2022-12-08 00:00:00-05:00,79.44999694824219,80.97000122070312,79.0999984741211,80.80000305175781,76.08120727539062,11197500,0.0,0.0
2022-12-09 00:00:00-05:00,80.8499984741211,82.19000244140625,80.69000244140625,80.69000244140625,75.97764587402344,13787900,0.0,0.0
2022-12-12 00:00:00-05:00,79.79000091552734,80.43000030517578,78.80000305175781,80.43000030517578,75.7328109741211,11516600,0.0,0.0
2022-12-13 00:00:00-05:00,82.08999633789062,82.08999633789062,79.62999725341797,80.51000213623047,75.80814361572266,16938000,0.0,0.0
2022-12-14 00:00:00-05:00,80.81999969482422,81.51000213623047,79.5199966430664,80.0199966430664,75.34676361083984,17910000,0.0,0.0
2022-12-15 00:00:00-05:00,79.20999908447266,79.20999908447266,77.38999938964844,77.61000061035156,73.49170684814453,17080200,0.451,0.0
2022-12-16 00:00:00-05:00,77.61000061035156,78.05999755859375,76.2300033569336,76.30000305175781,72.25122833251953,11929100,0.0,0.0
2022-12-19 00:00:00-05:00,76.91999816894531,77.12000274658203,75.76000213623047,76.0999984741211,72.06183624267578,12561300,0.0,0.0
2022-12-20 00:00:00-05:00,75.11000061035156,76.19999694824219,74.9000015258789,75.62000274658203,71.60731506347656,12080600,0.0,0.0
2022-12-21 00:00:00-05:00,75.86000061035156,77.41999816894531,75.7699966430664,77.13999938964844,73.0466537475586,10806100,0.0,0.0
2022-12-22 00:00:00-05:00,76.27999877929688,76.43000030517578,74.0199966430664,75.27999877929688,71.28534698486328,13019700,0.0,0.0
2022-12-23 00:00:00-05:00,74.88999938964844,75.3499984741211,74.16999816894531,74.88999938964844,70.91605377197266,7452600,0.0,0.0
2022-12-27 00:00:00-05:00,74.33000183105469,74.73999786376953,74.16000366210938,74.31999969482422,70.37629699707031,8974800,0.0,0.0
2022-12-28 00:00:00-05:00,74.19000244140625,74.55000305175781,72.83999633789062,73.05999755859375,69.18315887451172,10275700,0.0,0.0
2022-12-29 00:00:00-05:00,74.3499984741211,76.04000091552734,74.1500015258789,76.0,71.96713256835938,11142500,0.0,0.0
2022-12-30 00:00:00-05:00,74.29000091552734,74.56999969482422,73.6500015258789,74.48999786376953,70.53727722167969,7784100,0.0,0.0
2023-01-03 00:00:00-05:00,75.8499984741211,75.97000122070312,73.7699966430664,74.02999877929688,70.1016845703125,9276200,0.0,0.0
2023-01-04 00:00:00-05:00,74.98999786376953,76.61000061035156,74.47000122070312,76.31999969482422,72.27015686035156,12316400,0.0,0.0
2023-01-05 00:00:00-05:00,76.0,76.44000244140625,75.33999633789062,75.7300033569336,71.71148681640625,10039200,0.0,0.0
2023-01-06 00:00:00-05:00,76.5,78.73999786376953,76.1500015258789,78.06999969482422,73.92730712890625,13744100,0.0,0.0
2023-01-09 00:00:00-05:00,80.55999755859375,81.22000122070312,80.05999755859375,80.30999755859375,76.04844665527344,22247600,0.0,0.0
2023-01-10 00:00:00-05:00,80.51000213623047,81.58000183105469,80.45999908447266,81.2699966430664,76.9574966430664,10269000,0.0,0.0
2023-01-11 00:00:00-05:00,81.56999969482422,81.88999938964844,80.62999725341797,81.77999877929688,77.4404525756836,11771400,0.0,0.0
2023-01-12 00:00:00-05:00,84.95999908447266,88.83000183105469,84.41999816894531,87.0,82.38343811035156,36086800,0.0,0.0
2023-01-13 00:00:00-05:00,85.41000366210938,87.0999984741211,84.9000015258789,86.80000305175781,82.1940689086914,18719900,0.0,0.0
2023-01-17 00:00:00-05:00,86.22000122070312,89.7300033569336,86.16000366210938,88.98999786376953,84.26785278320312,21850000,0.0,0.0
2023-01-18 00:00:00-05:00,90.4800033569336,91.22000122070312,89.36000061035156,89.47000122070312,84.7223892211914,19209800,0.0,0.0
2023-01-19 00:00:00-05:00,89.02999877929688,90.01000213623047,88.26000213623047,88.4000015258789,83.70914459228516,13651100,0.0,0.0
2023-01-20 00:00:00-05:00,90.0,91.02999877929688,89.19999694824219,91.02999877929688,86.19959259033203,14287200,0.0,0.0
2023-01-23 00:00:00-05:00,91.76000213623047,95.7300033569336,91.72000122070312,95.66000366210938,90.58391571044922,22875100,0.0,0.0
2023-01-24 00:00:00-05:00,95.79000091552734,98.0,91.55000305175781,94.55999755859375,89.54227447509766,11370500,0.0,0.0
2023-01-25 00:00:00-05:00,92.68000030517578,93.0,91.12000274658203,92.41000366210938,87.5063705444336,14147300,0.0,0.0
2023-01-26 00:00:00-05:00,93.88999938964844,94.27999877929688,92.63999938964844,93.44999694824219,88.49118041992188,15759400,0.0,0.0
2023-01-27 00:00:00-05:00,92.81999969482422,94.12000274658203,92.23999786376953,93.30000305175781,88.3491439819336,13646600,0.0,0.0
2023-01-30 00:00:00-05:00,92.8499984741211,94.25,92.58000183105469,93.12999725341797,88.18815612792969,14079800,0.0,0.0
2023-01-31 00:00:00-05:00,91.0,92.76000213623047,90.0,92.7300033569336,87.80937194824219,13342100,0.0,0.0
2023-02-01 00:00:00-05:00,93.0,95.7699966430664,92.56999969482422,94.73999786376953,89.71272277832031,16788500,0.0,0.0
2023-02-02 00:00:00-05:00,96.5999984741211,97.5,95.83999633789062,96.6500015258789,91.52137756347656,14925300,0.0,0.0
2023-02-03 00:00:00-05:00,95.04000091552734,96.94999694824219,94.30999755859375,94.66000366210938,89.63697052001953,12242200,0.0,0.0
2023-02-06 00:00:00-05:00,91.80000305175781,92.05000305175781,90.73999786376953,91.83000183105469,86.95716857910156,12425200,0.0,0.0
2023-02-07 00:00:00-05:00,91.77999877929688,94.69999694824219,91.68000030517578,94.55000305175781,89.5328140258789,15258900,0.0,0.0
2023-02-08 00:00:00-05:00,95.0199966430664,95.94000244140625,94.2300033569336,94.27999877929688,89.27714538574219,12899700,0.0,0.0
2023-02-09 00:00:00-05:00,96.0,98.56999969482422,95.62000274658203,96.69000244140625,91.55924987792969,16997400,0.0,0.0
2023-02-10 00:00:00-05:00,95.94999694824219,96.5,94.25,95.37000274658203,90.30931091308594,11511400,0.0,0.0
2023-02-13 00:00:00-05:00,95.47000122070312,96.38999938964844,94.91000366210938,96.11000061035156,91.01004028320312,7803500,0.0,0.0
2023-02-14 00:00:00-05:00,95.81999969482422,98.98999786376953,95.22000122070312,97.95999908447266,92.76187896728516,15345100,0.0,0.0
2023-02-15 00:00:00-05:00,92.33000183105469,93.68000030517578,90.7699966430664,92.76000213623047,87.83779907226562,30208300,0.0,0.0
2023-02-16 00:00:00-05:00,90.9800033569336,91.79000091552734,89.87999725341797,90.81999969482422,86.00074768066406,15568400,0.0,0.0
2023-02-17 00:00:00-05:00,89.97000122070312,90.30000305175781,88.94000244140625,90.0999984741211,85.31895446777344,11235300,0.0,0.0
2023-02-21 00:00:00-05:00,88.37999725341797,89.41999816894531,87.4800033569336,87.63999938964844,82.98949432373047,14007600,0.0,0.0
2023-02-22 00:00:00-05:00,87.75,88.08999633789062,86.66000366210938,86.83000183105469,82.22246551513672,10106400,0.0,0.0
2023-02-23 00:00:00-05:00,90.30000305175781,91.98999786376953,89.45999908447266,90.08000183105469,85.3000259399414,15468300,0.0,0.0
2023-02-24 00:00:00-05:00,88.08999633789062,88.1500015258789,87.23999786376953,88.11000061035156,83.43455505371094,8817600,0.0,0.0
2023-02-27 00:00:00-05:00,88.69999694824219,88.8499984741211,87.23999786376953,87.30000305175781,82.66751861572266,10609400,0.0,0.0
2023-02-28 00:00:00-05:00,87.13999938964844,88.1500015258789,86.9000015258789,87.06999969482422,82.44972229003906,7520400,0.0,0.0
2023-03-01 00:00:00-05:00,89.04000091552734,90.04000091552734,88.2699966430664,88.41999816894531,83.72809600830078,8176700,0.0,0.0
2023-03-02 00:00:00-05:00,87.63999938964844,89.33999633789062,87.12000274658203,89.02999877929688,84.30572509765625,9761600,0.0,0.0
2023-03-03 00:00:00-05:00,88.66999816894531,89.8499984741211,87.87999725341797,89.79000091552734,85.025390625,10844000,0.0,0.0
2023-03-06 00:00:00-05:00,90.08000183105469,91.33000183105469,89.51000213623047,89.58000183105469,84.8265380859375,9960000,0.0,0.0
2023-03-07 00:00:00-05:00,89.94999694824219,90.23999786376953,88.30000305175781,88.8499984741211,84.13526916503906,8761100,0.0,0.0
2023-03-08 00:00:00-05:00,88.3499984741211,90.83999633789062,88.13999938964844,90.83000183105469,86.01021575927734,8813000,0.0,0.0
2023-03-09 00:00:00-05:00,89.70999908447266,90.69000244140625,88.56999969482422,88.87999725341797,84.16366577148438,10354700,0.0,0.0
2023-03-10 00:00:00-05:00,88.02999877929688,89.16999816894531,87.19999694824219,87.25,82.62019348144531,11928800,0.0,0.0
2023-03-13 00:00:00-04:00,86.37999725341797,89.0,86.30999755859375,87.73999786376953,83.08417510986328,11847600,0.0,0.0
2023-03-14 00:00:00-04:00,88.02999877929688,89.62999725341797,87.70999908447266,89.29000091552734,84.55192565917969,11100100,0.0,0.0
2023-03-15 00:00:00-04:00,87.19999694824219,87.23999786376953,85.44000244140625,86.69999694824219,82.099365234375,12171500,0.0,0.0
2023-03-16 00:00:00-04:00,85.94999694824219,89.47000122070312,85.81999969482422,89.30000305175781,85.00159454345703,13184600,0.449,0.0
2023-03-17 00:00:00-04:00,89.05999755859375,90.02999877929688,89.0,89.47000122070312,85.16342163085938,13287700,0.0,0.0
2023-03-20 00:00:00-04:00,89.20999908447266,90.37000274658203,88.66000366210938,90.04000091552734,85.70598602294922,8217500,0.0,0.0
2023-03-21 00:00:00-04:00,91.0,93.0,90.80000305175781,92.5,88.04757690429688,12299700,0.0,0.0
2023-03-22 00:00:00-04:00,93.5,95.02999877929688,92.54000091552734,92.62000274658203,88.16180419921875,12812400,0.0,0.0
2023-03-23 00:00:00-04:00,94.48999786376953,95.81999969482422,93.43000030517578,94.58999633789062,90.03695678710938,11169700,0.0,0.0
2023-03-24 00:00:00-04:00,93.94999694824219,94.18000030517578,92.08999633789062,92.79000091552734,88.3236083984375,7653700,0.0,0.0
2023-03-27 00:00:00-04:00,92.04000091552734,92.18000030517578,90.55000305175781,90.66000366210938,86.2961654663086,9349800,0.0,0.0
2023-03-28 00:00:00-04:00,90.66000366210938,90.87000274658203,89.91999816894531,90.80999755859375,86.43891143798828,7521300,0.0,0.0
2023-03-29 00:00:00-04:00,91.76000213623047,93.22000122070312,91.44999694824219,92.76000213623047,88.2950668334961,9264000,0.0,0.0
2023-03-30 00:00:00-04:00,93.3499984741211,93.5199966430664,92.02999877929688,92.47000122070312,88.01901245117188,10232800,0.0,0.0
2023-03-31 00:00:00-04:00,91.23999786376953,93.26000213623047,91.12999725341797,93.0199966430664,88.54252624511719,8701800,0.0,0.0
2023-04-03 00:00:00-04:00,93.01000213623047,93.5999984741211,91.70999908447266,92.83999633789062,88.37120819091797,6863600,0.0,0.0
2023-04-04 00:00:00-04:00,93.04000091552734,93.27999877929688,91.72000122070312,92.16999816894531,87.73345184326172,6338400,0.0,0.0
2023-04-05 00:00:00-04:00,91.5999984741211,92.18000030517578,89.05000305175781,90.19999694824219,85.85828399658203,9171800,0.0,0.0
2023-04-06 00:00:00-04:00,89.66000366210938,90.91000366210938,89.4000015258789,90.23999786376953,85.89634704589844,5874500,0.0,0.0
2023-04-10 00:00:00-04:00,88.41999816894531,89.02999877929688,86.47000122070312,89.0199966430664,84.73506927490234,12232900,0.0,0.0
2023-04-11 00:00:00-04:00,88.63999938964844,89.83999633789062,88.47000122070312,89.23999786376953,84.94447326660156,11079200,0.0,0.0
2023-04-12 00:00:00-04:00,88.91000366210938,89.5,86.86000061035156,86.87000274658203,82.68856811523438,11299100,0.0,0.0
2023-04-13 00:00:00-04:00,86.55999755859375,87.62999725341797,85.97000122070312,87.05000305175781,82.85990905761719,7910500,0.0,0.0
2023-04-14 00:00:00-04:00,87.94999694824219,88.37000274658203,86.54000091552734,87.19999694824219,83.00267791748047,7656400,0.0,0.0
2023-04-17 00:00:00-04:00,87.75,88.05000305175781,87.16000366210938,87.98999786376953,83.7546615600586,8163600,0.0,0.0
2023-04-18 00:00:00-04:00,88.19999694824219,88.4000015258789,87.5,88.13999938964844,83.89742279052734,8468200,0.0,0.0
2023-04-19 00:00:00-04:00,86.2300033569336,87.37999725341797,86.04000091552734,87.2300033569336,83.03125,11191300,0.0,0.0
2023-04-20 00:00:00-04:00,88.31999969482422,91.87999725341797,88.0999984741211,89.29000091552734,84.9920654296875,19206300,0.0,0.0
2023-04-21 00:00:00-04:00,87.77999877929688,87.91000366210938,85.27999877929688,85.37000274658203,81.26078033447266,13175400,0.0,0.0
2023-04-24 00:00:00-04:00,85.4000015258789,85.95999908447266,83.98999786376953,84.63999938964844,80.56590270996094,10567600,0.0,0.0
2023-04-25 00:00:00-04:00,83.2699966430664,83.4000015258789,82.26000213623047,82.29000091552734,78.32902526855469,13423700,0.0,0.0
2023-04-26 00:00:00-04:00,82.23999786376953,82.37999725341797,81.20999908447266,82.25,78.29094696044922,11583500,0.0,0.0
2023-04-27 00:00:00-04:00,82.9000015258789,83.86000061035156,82.16000366210938,83.66999816894531,79.6426010131836,10013700,0.0,0.0
2023-04-28 00:00:00-04:00,84.4800033569336,84.51000213623047,83.72000122070312,84.30000305175781,80.24227142333984,8262600,0.0,0.0
2023-05-01 00:00:00-04:00,84.30000305175781,84.69000244140625,83.9000015258789,83.9800033569336,79.93767547607422,4931100,0.0,0.0
2023-05-02 00:00:00-04:00,83.5,84.05000305175781,82.55000305175781,82.95999908447266,78.96678161621094,6875000,0.0,0.0
2023-05-03 00:00:00-04:00,82.62000274658203,83.76000213623047,82.44000244140625,82.69999694824219,78.71929168701172,7151600,0.0,0.0
2023-05-04 00:00:00-04:00,83.0,83.76000213623047,82.63999938964844,83.48999786376953,79.47126007080078,7290600,0.0,0.0
2023-05-05 00:00:00-04:00,84.30000305175781,85.56999969482422,83.75,84.97000122070312,80.88002014160156,6865000,0.0,0.0
2023-05-08 00:00:00-04:00,84.5,85.54000091552734,84.41000366210938,85.54000091552734,81.42259979248047,6746600,0.0,0.0
2023-05-09 00:00:00-04:00,85.25,85.4800033569336,84.30000305175781,85.05999755859375,80.96568298339844,7287800,0.0,0.0
2023-05-10 00:00:00-04:00,84.51000213623047,85.1500015258789,84.16999816894531,84.9000015258789,80.81340026855469,7442300,0.0,0.0
2023-05-11 00:00:00-04:00,84.13999938964844,84.13999938964844,82.52999877929688,83.43000030517578,79.41415405273438,8730900,0.0,0.0
2023-05-12 00:00:00-04:00,83.37999725341797,83.93000030517578,82.94999694824219,83.43000030517578,79.41415405273438,5069800,0.0,0.0
2023-05-15 00:00:00-04:00,83.33000183105469,85.66999816894531,83.2300033569336,85.66000366210938,81.53681945800781,8707300,0.0,0.0
2023-05-16 00:00:00-04:00,85.69000244140625,86.75,85.58999633789062,85.87999725341797,81.74620056152344,11283200,0.0,0.0
2023-05-17 00:00:00-04:00,88.30000305175781,91.80000305175781,88.05999755859375,90.87999725341797,86.50554656982422,23215600,0.0,0.0
2023-05-18 00:00:00-04:00,91.25,93.4000015258789,91.06999969482422,92.6500015258789,88.19034576416016,14879000,0.0,0.0
2023-05-19 00:00:00-04:00,92.12999725341797,92.79000091552734,91.55999755859375,92.58000183105469,88.12372589111328,9295200,0.0,0.0
2023-05-22 00:00:00-04:00,92.06999969482422,92.44000244140625,91.19999694824219,91.72000122070312,87.30510711669922,9259800,0.0,0.0
2023-05-23 00:00:00-04:00,91.0,91.33999633789062,90.33000183105469,90.44000244140625,86.08674621582031,7656700,0.0,0.0
2023-05-24 00:00:00-04:00,89.27999877929688,90.1500015258789,89.18000030517578,90.12999725341797,85.7916488647461,9443900,0.0,0.0
2023-05-25 00:00:00-04:00,97.05999755859375,102.37000274658203,96.9800033569336,100.94999694824219,96.09085083007812,60793200,0.0,0.0
2023-05-26 00:00:00-04:00,100.8499984741211,104.44000244140625,100.7300033569336,103.20999908447266,98.24205780029297,26135800,0.0,0.0
2023-05-30 00:00:00-04:00,103.79000091552734,105.23999786376953,101.52999877929688,101.9800033569336,97.0712661743164,25248000,0.0,0.0
2023-05-31 00:00:00-04:00,99.7300033569336,99.9800033569336,98.05999755859375,98.58999633789062,93.84444427490234,22206700,0.0,0.0
2023-06-01 00:00:00-04:00,98.68000030517578,100.58999633789062,98.5999984741211,98.83999633789062,94.08238983154297,14998500,0.0,0.0
2023-06-02 00:00:00-04:00,101.25,101.30000305175781,98.62000274658203,98.94000244140625,94.1775894165039,13085100,0.0,0.0
2023-06-05 00:00:00-04:00,98.01000213623047,98.80999755859375,94.25,98.05000305175781,93.33042907714844,10568500,0.0,0.0
2023-06-06 00:00:00-04:00,97.61000061035156,100.5999984741211,97.41999816894531,99.81999969482422,95.01522827148438,13827600,0.0,0.0
2023-06-07 00:00:00-04:00,101.37999725341797,103.0199966430664,99.54000091552734,100.29000091552734,95.46260070800781,14367500,0.0,0.0
2023-06-08 00:00:00-04:00,98.98999786376953,100.69999694824219,98.62999725341797,99.94000244140625,95.12944793701172,9074200,0.0,0.0
2023-06-09 00:00:00-04:00,102.69999694824219,104.68000030517578,102.25,102.80000305175781,97.851806640625,14902400,0.0,0.0
2023-06-12 00:00:00-04:00,104.33999633789062,107.38999938964844,104.30999755859375,107.05999755859375,101.90673065185547,20568100,0.0,0.0
2023-06-13 00:00:00-04:00,110.0,110.69000244140625,106.73999786376953,106.80000305175781,101.65924835205078,17858600,0.0,0.0
2023-06-14 00:00:00-04:00,106.02999877929688,107.69999694824219,105.22000122070312,107.41000366210938,102.23988342285156,12862600,0.0,0.0
2023-06-15 00:00:00-04:00,106.2699966430664,106.66000366210938,105.06999969482422,105.18000030517578,100.53656005859375,11987900,0.448,0.0
2023-06-16 00:00:00-04:00,105.43000030517578,105.75,104.3499984741211,104.56999969482422,99.95348358154297,11430800,0.0,0.0
2023-06-20 00:00:00-04:00,104.18000030517578,104.87999725341797,103.06999969482422,103.9800033569336,99.38951873779297,9295500,0.0,0.0
2023-06-21 00:00:00-04:00,103.1500015258789,103.7300033569336,101.62000274658203,101.63999938964844,97.15284729003906,9340400,0.0,0.0
2023-06-22 00:00:00-04:00,101.41999816894531,103.43000030517578,101.33000183105469,103.12999725341797,98.5770492553711,8575900,0.0,0.0
2023-06-23 00:00:00-04:00,101.5199966430664,102.19000244140625,101.01000213623047,101.91000366210938,97.41092681884766,8919000,0.0,0.0
2023-06-26 00:00:00-04:00,102.0199966430664,103.04000091552734,100.08999633789062,100.11000061035156,95.69038391113281,8560000,0.0,0.0
2023-06-27 00:00:00-04:00,101.1500015258789,102.79000091552734,100.0199966430664,102.08000183105469,97.57343292236328,9732000,0.0,0.0
2023-06-28 00:00:00-04:00,100.5,101.87999725341797,100.22000122070312,100.91999816894531,96.46463012695312,8160900,0.0,0.0
2023-06-29 00:00:00-04:00,101.33999633789062,101.5199966430664,100.0199966430664,100.63999938964844,96.19699096679688,7383900,0.0,0.0
2023-06-30 00:00:00-04:00,101.4000015258789,101.88999938964844,100.41000366210938,100.91999816894531,96.46463012695312,11704600,0.0,0.0
2023-07-03 00:00:00-04:00,102.25,103.68000030517578,102.06999969482422,103.1500015258789,98.5961685180664,5638400,0.0,0.0
2023-07-05 00:00:00-04:00,101.4000015258789,103.08999633789062,100.95999908447266,100.98999786376953,96.53153991699219,9010800,0.0,0.0
2023-07-06 00:00:00-04:00,99.0999984741211,99.55999755859375,98.5999984741211,99.41000366210938,95.02130126953125,9140800,0.0,0.0
2023-07-07 00:00:00-04:00,99.08000183105469,101.94000244140625,99.0,100.2300033569336,95.80510711669922,8036600,0.0,0.0
2023-07-10 00:00:00-04:00,100.25,100.75,99.4000015258789,99.7699966430664,95.3653793334961,8041600,0.0,0.0
2023-07-11 00:00:00-04:00,102.33000183105469,102.33000183105469,100.13999938964844,101.26000213623047,96.78961181640625,7677800,0.0,0.0
2023-07-12 00:00:00-04:00,102.83000183105469,104.43000030517578,102.76000213623047,103.9000015258789,99.3130874633789,10202000,0.0,0.0
2023-07-13 00:00:00-04:00,105.0,105.6500015258789,102.5199966430664,105.56999969482422,100.90935516357422,9265900,0.0,0.0
2023-07-14 00:00:00-04:00,106.0,107.30000305175781,104.86000061035156,105.13999938964844,100.4983139038086,9518300,0.0,0.0
2023-07-17 00:00:00-04:00,104.68000030517578,105.02999877929688,102.58999633789062,104.79000091552734,100.16378021240234,10722600,0.0,0.0
2023-07-18 00:00:00-04:00,103.69000244140625,103.7300033569336,102.01000213623047,103.1500015258789,98.5961685180664,10343600,0.0,0.0
2023-07-19 00:00:00-04:00,103.9000015258789,104.79000091552734,102.56999969482422,103.05999755859375,98.5101547241211,11204800,0.0,0.0
2023-07-20 00:00:00-04:00,98.55000305175781,100.44999694824219,97.05000305175781,97.86000061035156,93.53973388671875,22810200,0.0,0.0
2023-07-21 00:00:00-04:00,97.87999725341797,97.98999786376953,96.33000183105469,97.25,92.95664978027344,15381200,0.0,0.0
2023-07-24 00:00:00-04:00,97.2699966430664,98.2699966430664,96.77999877929688,98.25,93.91250610351562,9054900,0.0,0.0
2023-07-25 00:00:00-04:00,99.5199966430664,100.88999938964844,99.11000061035156,100.31999969482422,95.89111328125,9202200,0.0,0.0
2023-07-26 00:00:00-04:00,99.48999786376953,100.12999725341797,98.56999969482422,99.41000366210938,95.02130126953125,8993500,0.0,0.0
2023-07-27 00:00:00-04:00,101.5,101.76000213623047,98.91000366210938,99.3499984741211,94.96394348144531,8049800,0.0,0.0
2023-07-28 00:00:00-04:00,100.11000061035156,100.98999786376953,99.77999877929688,100.86000061035156,96.40727233886719,6758700,0.0,0.0
2023-07-31 00:00:00-04:00,99.18000030517578,99.77999877929688,98.41999816894531,99.1500015258789,94.77278137207031,8647900,0.0,0.0
2023-08-01 00:00:00-04:00,99.13999938964844,99.19000244140625,98.08999633789062,98.4000015258789,94.0558853149414,6428500,0.0,0.0
2023-08-02 00:00:00-04:00,97.5,97.5,95.20999908447266,95.69999694824219,91.4750747680664,9820900,0.0,0.0
2023-08-03 00:00:00-04:00,94.83999633789062,95.80999755859375,94.58000183105469,94.9800033569336,90.78687286376953,8571700,0.0,0.0
2023-08-04 00:00:00-04:00,95.27999877929688,97.58000183105469,95.12999725341797,96.16000366210938,91.91478729248047,7562600,0.0,0.0
2023-08-07 00:00:00-04:00,96.7300033569336,96.94000244140625,95.2300033569336,96.3499984741211,92.09638977050781,6601400,0.0,0.0
2023-08-08 00:00:00-04:00,94.87999725341797,94.9000015258789,93.66999816894531,94.48999786376953,90.3185043334961,7659000,0.0,0.0
2023-08-09 00:00:00-04:00,95.83000183105469,95.8499984741211,93.70999908447266,93.9800033569336,89.83101654052734,6426900,0.0,0.0
2023-08-10 00:00:00-04:00,95.44999694824219,95.97000122070312,94.27999877929688,94.80000305175781,90.61482238769531,7459600,0.0,0.0
2023-08-11 00:00:00-04:00,93.5,93.5,91.97000122070312,91.98999786376953,87.92887115478516,10658400,0.0,0.0
2023-08-14 00:00:00-04:00,91.69000244140625,93.29000091552734,91.30000305175781,93.06999969482422,88.96119689941406,7489700,0.0,0.0
2023-08-15 00:00:00-04:00,92.5199966430664,92.70999908447266,91.48999786376953,91.68000030517578,87.63256072998047,6069500,0.0,0.0
2023-08-16 00:00:00-04:00,91.44000244140625,92.72000122070312,91.31999969482422,91.77999877929688,87.7281265258789,7439500,0.0,0.0
2023-08-17 00:00:00-04:00,92.91999816894531,92.91999816894531,91.3499984741211,91.63999938964844,87.59430694580078,7712500,0.0,0.0
2023-08-18 00:00:00-04:00,90.06999969482422,91.33000183105469,89.55999755859375,91.0999984741211,87.0781478881836,9066200,0.0,0.0
2023-08-21 00:00:00-04:00,90.5,92.91000366210938,90.5,92.55999755859375,88.47369384765625,8618300,0.0,0.0
2023-08-22 00:00:00-04:00,93.3499984741211,93.48999786376953,91.80999755859375,92.23999786376953,88.16783142089844,7059000,0.0,0.0
2023-08-23 00:00:00-04:00,93.79000091552734,95.0999984741211,93.23999786376953,94.22000122070312,90.06043243408203,10362600,0.0,0.0
2023-08-24 00:00:00-04:00,96.52999877929688,96.77999877929688,92.47000122070312,92.52999877929688,88.44502258300781,12254400,0.0,0.0
2023-08-25 00:00:00-04:00,92.25,93.41000366210938,91.41000366210938,93.0999984741211,88.98986053466797,10356000,0.0,0.0
2023-08-28 00:00:00-04:00,93.81999969482422,94.1500015258789,93.25,94.0,89.8501205444336,5174800,0.0,0.0
2023-08-29 00:00:00-04:00,93.7699966430664,95.62000274658203,93.51000213623047,95.08000183105469,90.88245391845703,8910300,0.0,0.0
2023-08-30 00:00:00-04:00,95.44999694824219,95.91999816894531,94.62999725341797,94.77999877929688,90.59569549560547,6073400,0.0,0.0
2023-08-31 00:00:00-04:00,93.33999633789062,94.4000015258789,93.2699966430664,93.56999969482422,89.43910217285156,8661200,0.0,0.0
2023-09-01 00:00:00-04:00,94.30000305175781,94.58000183105469,93.08999633789062,93.19000244140625,89.07588195800781,7094600,0.0,0.0
2023-09-05 00:00:00-04:00,93.4000015258789,95.05000305175781,92.87000274658203,94.5999984741211,90.42365264892578,6396500,0.0,0.0
2023-09-06 00:00:00-04:00,93.8499984741211,93.95999908447266,91.58999633789062,92.26000213623047,88.18695068359375,7933700,0.0,0.0
2023-09-07 00:00:00-04:00,90.06999969482422,90.29000091552734,88.43000030517578,90.05000305175781,86.07451629638672,14684400,0.0,0.0
2023-09-08 00:00:00-04:00,90.75,91.06999969482422,89.31999969482422,89.63999938964844,85.6825942993164,5820800,0.0,0.0
2023-09-11 00:00:00-04:00,90.0999984741211,90.38999938964844,89.16000366210938,89.5999984741211,85.64437103271484,7268600,0.0,0.0
2023-09-12 00:00:00-04:00,90.45999908447266,91.56999969482422,90.41999816894531,90.4800033569336,86.48552703857422,8242600,0.0,0.0
2023-09-13 00:00:00-04:00,90.5999984741211,91.88999938964844,90.4800033569336,91.22000122070312,87.19287872314453,5757800,0.0,0.0
2023-09-14 00:00:00-04:00,92.77999877929688,92.93000030517578,91.2699966430664,91.47000122070312,87.88561248779297,6506300,0.471,0.0
2023-09-15 00:00:00-04:00,90.51000213623047,91.13999938964844,88.86000061035156,89.25,85.75259399414062,19940500,0.0,0.0
2023-09-18 00:00:00-04:00,88.54000091552734,89.66999816894531,88.43000030517578,88.83000183105469,85.34906768798828,6647400,0.0,0.0
2023-09-19 00:00:00-04:00,88.44999694824219,88.83999633789062,87.79000091552734,88.16999816894531,84.71492004394531,7172100,0.0,0.0
2023-09-20 00:00:00-04:00,88.5199966430664,89.31999969482422,87.29000091552734,87.29000091552734,83.86940002441406,6935300,0.0,0.0
2023-09-21 00:00:00-04:00,86.04000091552734,86.13999938964844,85.3499984741211,85.36000061035156,82.01502990722656,10652500,0.0,0.0
2023-09-22 00:00:00-04:00,86.25,86.7699966430664,85.44999694824219,85.63999938964844,82.2840576171875,7967200,0.0,0.0
2023-09-25 00:00:00-04:00,85.38999938964844,86.23999786376953,85.0199966430664,86.23999786376953,82.86055755615234,8758000,0.0,0.0
2023-09-26 00:00:00-04:00,84.94999694824219,85.2300033569336,84.0199966430664,84.29000091552734,80.98697662353516,8877600,0.0,0.0
2023-09-27 00:00:00-04:00,85.16999816894531,85.55999755859375,84.0999984741211,85.44000244140625,82.0919189453125,7860700,0.0,0.0
2023-09-28 00:00:00-04:00,85.25,87.12999725341797,84.9800033569336,86.41000366210938,83.02389526367188,6647700,0.0,0.0
2023-09-29 00:00:00-04:00,87.75,88.02999877929688,86.69999694824219,86.9000015258789,83.49469757080078,7338300,0.0,0.0
2023-10-02 00:00:00-04:00,87.18000030517578,88.41999816894531,87.0199966430664,87.6500015258789,84.21530151367188,6305000,0.0,0.0
2023-10-03 00:00:00-04:00,87.0,87.31999969482422,85.05999755859375,85.41000366210938,82.0630874633789,8201700,0.0,0.0
2023-10-04 00:00:00-04:00,85.47000122070312,86.76000213623047,85.37999725341797,86.66999816894531,83.27368927001953,7658500,0.0,0.0
2023-10-05 00:00:00-04:00,86.83000183105469,87.94000244140625,86.52999877929688,87.02999877929688,83.61959075927734,6651700,0.0,0.0
2023-10-06 00:00:00-04:00,88.08999633789062,90.0199966430664,87.37999725341797,89.29000091552734,85.79102325439453,9777100,0.0,0.0
2023-10-09 00:00:00-04:00,88.80000305175781,89.33999633789062,88.04000091552734,88.98999786376953,85.50279235839844,4781300,0.0,0.0
2023-10-10 00:00:00-04:00,89.2699966430664,90.66000366210938,89.13999938964844,90.61000061035156,87.05931091308594,7182900,0.0,0.0
2023-10-11 00:00:00-04:00,91.26000213623047,92.01000213623047,90.62999725341797,92.0,88.39482879638672,8051700,0.0,0.0
2023-10-12 00:00:00-04:00,92.51000213623047,93.44000244140625,91.83999633789062,92.41999816894531,88.79837799072266,8897800,0.0,0.0
2023-10-13 00:00:00-04:00,92.75,92.94000244140625,90.19999694824219,90.45999908447266,86.91519927978516,7985100,0.0,0.0
2023-10-16 00:00:00-04:00,90.4800033569336,91.9000015258789,90.43000030517578,91.22000122070312,87.6454086303711,8791800,0.0,0.0
2023-10-17 00:00:00-04:00,89.80999755859375,91.69999694824219,88.5199966430664,91.0,87.43402862548828,7997100,0.0,0.0
2023-10-18 00:00:00-04:00,88.87999725341797,90.01000213623047,88.58000183105469,89.5999984741211,86.08888244628906,9982700,0.0,0.0
2023-10-19 00:00:00-04:00,93.08999633789062,94.76000213623047,92.36000061035156,92.91000366210938,89.2691879272461,22751600,0.0,0.0
2023-10-20 00:00:00-04:00,92.0,94.31999969482422,91.08999633789062,91.30999755859375,87.73188781738281,12197300,0.0,0.0
2023-10-23 00:00:00-04:00,89.9800033569336,92.26000213623047,89.16000366210938,91.11000061035156,87.53971862792969,8227900,0.0,0.0
2023-10-24 00:00:00-04:00,91.19999694824219,92.0,90.86000061035156,91.63999938964844,88.04894256591797,7374800,0.0,0.0
2023-10-25 00:00:00-04:00,90.80000305175781,90.8499984741211,86.68000030517578,87.63999938964844,84.20569610595703,13027100,0.0,0.0
2023-10-26 00:00:00-04:00,87.12000274658203,88.13999938964844,86.54000091552734,87.44999694824219,84.02312469482422,9377300,0.0,0.0
2023-10-27 00:00:00-04:00,87.54000091552734,87.77999877929688,85.88999938964844,85.98999786376953,82.6203384399414,12480700,0.0,0.0
2023-10-30 00:00:00-04:00,87.30999755859375,88.30000305175781,86.0,86.05999755859375,82.6875991821289,9785500,0.0,0.0
2023-10-31 00:00:00-04:00,86.1500015258789,86.43000030517578,84.94999694824219,86.30999755859375,82.92778778076172,9004900,0.0,0.0
2023-11-01 00:00:00-04:00,86.47000122070312,87.87000274658203,86.33999633789062,87.80000305175781,84.35941314697266,9508800,0.0,0.0
2023-11-02 00:00:00-04:00,90.4000015258789,91.05000305175781,89.47000122070312,90.4800033569336,86.93440246582031,11032600,0.0,0.0
2023-11-03 00:00:00-04:00,91.6500015258789,92.44999694824219,90.83999633789062,91.79000091552734,88.19306945800781,9226700,0.0,0.0
2023-11-06 00:00:00-05:00,92.0,92.61000061035156,91.29000091552734,92.5999984741211,88.97132873535156,8402700,0.0,0.0
2023-11-07 00:00:00-05:00,92.25,93.05000305175781,91.75,92.41000366210938,88.78877258300781,6241300,0.0,0.0
2023-11-08 00:00:00-05:00,93.33000183105469,93.44000244140625,91.93000030517578,92.0,88.39482879638672,6537700,0.0,0.0
2023-11-09 00:00:00-05:00,92.62999725341797,93.37000274658203,91.5999984741211,91.62000274658203,88.02973175048828,8166000,0.0,0.0
2023-11-10 00:00:00-05:00,94.04000091552734,97.75,93.61000061035156,97.44000244140625,93.62166595458984,19281700,0.0,0.0
2023-11-13 00:00:00-05:00,97.01000213623047,97.18000030517578,95.72000122070312,96.41999816894531,92.64161682128906,9526300,0.0,0.0
2023-11-14 00:00:00-05:00,98.0,99.69000244140625,97.94999694824219,98.91000366210938,95.03406524658203,13873200,0.0,0.0
2023-11-15 00:00:00-05:00,99.94999694824219,100.69999694824219,98.41999816894531,98.80000305175781,94.92838287353516,10422900,0.0,0.0
2023-11-16 00:00:00-05:00,98.23999786376953,99.0999984741211,97.91000366210938,98.54000091552734,94.67855834960938,8459000,0.0,0.0
2023-11-17 00:00:00-05:00,98.94000244140625,99.72000122070312,98.31999969482422,99.58000183105469,95.67779541015625,7243000,0.0,0.0
2023-11-20 00:00:00-05:00,99.9000015258789,100.58999633789062,99.54000091552734,99.95999908447266,96.04290008544922,6448900,0.0,0.0
2023-11-21 00:00:00-05:00,100.0,100.1500015258789,98.23999786376953,98.41000366210938,94.55366516113281,10112600,0.0,0.0
2023-11-22 00:00:00-05:00,98.72000122070312,99.6500015258789,97.94999694824219,98.6500015258789,94.78424835205078,7413500,0.0,0.0
2023-11-24 00:00:00-05:00,98.4800033569336,98.7300033569336,97.47000122070312,97.83000183105469,93.99639129638672,4297600,0.0,0.0
2023-11-27 00:00:00-05:00,97.41999816894531,97.55000305175781,96.41999816894531,97.20999908447266,93.40067291259766,6856100,0.0,0.0
2023-11-28 00:00:00-05:00,97.87000274658203,98.25,97.23999786376953,97.9800033569336,94.14051818847656,6358100,0.0,0.0
2023-11-29 00:00:00-05:00,99.0,99.7300033569336,98.5999984741211,98.87999725341797,95.00521850585938,7091100,0.0,0.0
2023-11-30 00:00:00-05:00,98.93000030517578,98.9800033569336,96.9000015258789,97.30999755859375,93.49675750732422,9681400,0.0,0.0
2023-12-01 00:00:00-05:00,97.69999694824219,98.77999877929688,97.0199966430664,98.55000305175781,94.68817901611328,7500400,0.0,0.0
2023-12-04 00:00:00-05:00,97.05000305175781,97.19999694824219,95.25,97.01000213623047,93.20851135253906,10619400,0.0,0.0
2023-12-05 00:00:00-05:00,96.45999908447266,97.0199966430664,95.87999725341797,96.69000244140625,92.90104675292969,8009600,0.0,0.0
2023-12-06 00:00:00-05:00,97.80000305175781,98.56999969482422,97.44999694824219,97.8499984741211,94.0156021118164,11262300,0.0,0.0
2023-12-07 00:00:00-05:00,97.95999908447266,99.63999938964844,97.88999938964844,99.29000091552734,95.39916229248047,11373700,0.0,0.0
2023-12-08 00:00:00-05:00,99.12000274658203,100.37000274658203,98.94999694824219,100.3499984741211,96.4176254272461,10572500,0.0,0.0
2023-12-11 00:00:00-05:00,99.56999969482422,101.20999908447266,99.37000274658203,100.94999694824219,96.9941177368164,9482800,0.0,0.0
2023-12-12 00:00:00-05:00,100.1500015258789,101.6500015258789,99.94999694824219,101.5999984741211,97.6186294555664,7378600,0.0,0.0
2023-12-13 00:00:00-05:00,101.4000015258789,102.68000030517578,100.91000366210938,102.12000274658203,98.11827087402344,8988800,0.0,0.0
2023-12-14 00:00:00-05:00,103.3499984741211,103.80999755859375,102.80000305175781,103.44999694824219,99.86456298828125,10074500,0.479,0.0
2023-12-15 00:00:00-05:00,103.5,104.76000213623047,102.38999938964844,102.54000091552734,98.98612213134766,16379200,0.0,0.0
2023-12-18 00:00:00-05:00,102.83999633789062,103.30999755859375,102.08000183105469,102.93000030517578,99.36258697509766,5660600,0.0,0.0
2023-12-19 00:00:00-05:00,103.23999786376953,103.9800033569336,103.08999633789062,103.87000274658203,100.27001190185547,8498500,0.0,0.0
2023-12-20 00:00:00-05:00,102.69999694824219,103.08999633789062,99.94000244140625,100.04000091552734,96.57276916503906,10814100,0.0,0.0
2023-12-21 00:00:00-05:00,101.30000305175781,102.72000122070312,101.16000366210938,102.55000305175781,98.99576568603516,9068200,0.0,0.0
2023-12-22 00:00:00-05:00,102.93000030517578,103.58999633789062,102.70999908447266,103.1500015258789,99.5749740600586,5566400,0.0,0.0
2023-12-26 00:00:00-05:00,103.61000061035156,104.95999908447266,103.56999969482422,104.44999694824219,100.82991790771484,6407500,0.0,0.0
2023-12-27 00:00:00-05:00,105.05000305175781,105.37000274658203,104.08000183105469,104.6500015258789,101.02299499511719,5889700,0.0,0.0
2023-12-28 00:00:00-05:00,105.0,105.5199966430664,104.69999694824219,104.69999694824219,101.07125854492188,5335100,0.0,0.0
2023-12-29 00:00:00-05:00,104.72000122070312,104.97000122070312,103.66999816894531,104.0,100.39550018310547,4409600,0.0,0.0
2024-01-02 00:00:00-05:00,102.25,102.62000274658203,100.58999633789062,101.52999877929688,98.0111312866211,9020900,0.0,0.0
2024-01-03 00:00:00-05:00,100.33999633789062,101.25,99.66000366210938,100.16999816894531,96.69824981689453,6650600,0.0,0.0
2024-01-04 00:00:00-05:00,99.52999877929688,100.44000244140625,99.12000274658203,99.12999725341797,95.69430541992188,7996700,0.0,0.0
2024-01-05 00:00:00-05:00,99.0,100.63999938964844,98.80000305175781,99.61000061035156,96.15766143798828,7347300,0.0,0.0
2024-01-08 00:00:00-05:00,100.62999725341797,102.79000091552734,100.5,102.23999786376953,98.69651794433594,12455600,0.0,0.0
2024-01-09 00:00:00-05:00,101.05000305175781,101.97000122070312,100.20999908447266,101.88999938964844,98.35865020751953,7764000,0.0,0.0
2024-01-10 00:00:00-05:00,102.5199966430664,102.77999877929688,99.9800033569336,100.80000305175781,97.3064193725586,6975700,0.0,0.0
2024-01-11 00:00:00-05:00,101.69999694824219,102.16000366210938,99.98999786376953,101.22000122070312,97.71186828613281,7862700,0.0,0.0
2024-01-12 00:00:00-05:00,100.88999938964844,102.37999725341797,100.87000274658203,101.23999786376953,97.73116302490234,6519700,0.0,0.0
2024-01-16 00:00:00-05:00,100.52999877929688,102.3499984741211,100.19999694824219,101.66999816894531,98.1462631225586,11185500,0.0,0.0
2024-01-17 00:00:00-05:00,100.87000274658203,103.33000183105469,100.0,102.94999694824219,99.38189697265625,17649500,0.0,0.0
2024-01-18 00:00:00-05:00,111.19999694824219,113.38999938964844,109.4800033569336,113.02999877929688,109.112548828125,58783700,0.0,0.0
2024-01-19 00:00:00-05:00,113.22000122070312,115.1500015258789,111.0199966430664,114.19999694824219,110.24199676513672,37812600,0.0,0.0
2024-01-22 00:00:00-05:00,114.77999877929688,115.0999984741211,112.5199966430664,113.02999877929688,109.112548828125,17755500,0.0,0.0
2024-01-23 00:00:00-05:00,113.5199966430664,114.62000274658203,113.16000366210938,114.12999725341797,110.1744155883789,11667900,0.0,0.0
2024-01-24 00:00:00-05:00,115.33000183105469,118.8499984741211,114.61000061035156,116.5199966430664,112.48158264160156,21859200,0.0,0.0
2024-01-25 00:00:00-05:00,118.0199966430664,118.83999633789062,116.4800033569336,116.55999755859375,112.52018737792969,15485300,0.0,0.0
2024-01-26 00:00:00-05:00,116.9000015258789,118.04000091552734,116.30000305175781,117.26000213623047,113.19593811035156,10196400,0.0,0.0
2024-01-29 00:00:00-05:00,117.16999816894531,117.87000274658203,115.76000213623047,116.9800033569336,112.92564392089844,10042200,0.0,0.0
2024-01-30 00:00:00-05:00,116.36000061035156,118.01000213623047,115.55999755859375,116.05999755859375,112.03753662109375,11030800,0.0,0.0
2024-01-31 00:00:00-05:00,113.5,114.73999786376953,112.87999725341797,112.95999908447266,109.04496002197266,12853900,0.0,0.0
2024-02-01 00:00:00-05:00,113.80000305175781,114.02999877929688,112.61000061035156,113.38999938964844,109.46007537841797,8807600,0.0,0.0
2024-02-02 00:00:00-05:00,114.86000061035156,115.95999908447266,113.91999816894531,115.75,111.73827362060547,10044000,0.0,0.0
2024-02-05 00:00:00-05:00,117.12999725341797,119.54000091552734,116.58000183105469,118.79000091552734,114.67291259765625,13267600,0.0,0.0
2024-02-06 00:00:00-05:00,120.12000274658203,120.98999786376953,118.27999877929688,119.37999725341797,115.24246215820312,11503800,0.0,0.0
2024-02-07 00:00:00-05:00,120.01000213623047,125.0,120.0,124.9800033569336,120.64838409423828,18172500,0.0,0.0
2024-02-08 00:00:00-05:00,127.0,134.75,126.11000061035156,133.72999572753906,129.09510803222656,33367000,0.0,0.0
2024-02-09 00:00:00-05:00,134.5,135.1699981689453,130.58999633789062,133.11000061035156,128.49659729003906,16984200,0.0,0.0
2024-02-12 00:00:00-05:00,133.27000427246094,133.50999450683594,130.25999450683594,130.4600067138672,125.9384536743164,14203800,0.0,0.0
2024-02-13 00:00:00-05:00,127.93000030517578,129.9199981689453,126.4800033569336,127.55000305175781,123.12930297851562,14494000,0.0,0.0
2024-02-14 00:00:00-05:00,129.6300048828125,130.7899932861328,127.95999908447266,129.27000427246094,124.7896957397461,13069700,0.0,0.0
2024-02-15 00:00:00-05:00,130.8000030517578,131.1300048828125,128.35000610351562,129.02999877929688,124.55799865722656,12554000,0.0,0.0
2024-02-16 00:00:00-05:00,127.12999725341797,128.63999938964844,125.80999755859375,126.69000244140625,122.29911041259766,13104400,0.0,0.0
2024-02-20 00:00:00-05:00,126.88999938964844,127.05999755859375,124.1500015258789,125.33000183105469,120.98625946044922,12038800,0.0,0.0
2024-02-21 00:00:00-05:00,124.43000030517578,125.37999725341797,122.91000366210938,125.33999633789062,120.99590301513672,11469700,0.0,0.0
2024-02-22 00:00:00-05:00,129.69000244140625,131.47999572753906,129.0,129.07000732421875,124.59661865234375,17014100,0.0,0.0
2024-02-23 00:00:00-05:00,130.5,131.00999450683594,127.7300033569336,129.52999877929688,125.0406723022461,10123300,0.0,0.0
2024-02-26 00:00:00-05:00,130.02000427246094,131.22999572753906,128.55999755859375,130.63999938964844,126.11219024658203,9526700,0.0,0.0
2024-02-27 00:00:00-05:00,130.77000427246094,131.97000122070312,128.58999633789062,128.58999633789062,124.13325500488281,8851800,0.0,0.0
2024-02-28 00:00:00-05:00,128.5,128.5800018310547,126.6500015258789,127.37999725341797,122.96519470214844,6519100,0.0,0.0
2024-02-29 00:00:00-05:00,128.02999877929688,129.19000244140625,127.1500015258789,128.6699981689453,124.21047973632812,9369900,0.0,0.0
2024-03-01 00:00:00-05:00,130.1300048828125,136.64999389648438,130.10000610351562,133.89999389648438,129.2592010498047,24393000,0.0,0.0
2024-03-04 00:00:00-05:00,139.94000244140625,141.99000549316406,137.67999267578125,138.25999450683594,133.4680938720703,26544600,0.0,0.0
2024-03-05 00:00:00-05:00,137.1199951171875,137.42999267578125,133.72999572753906,134.97000122070312,130.29212951660156,13694700,0.0,0.0
2024-03-06 00:00:00-05:00,138.8000030517578,144.0,138.61000061035156,141.57000732421875,136.6634063720703,22292700,0.0,0.0
2024-03-07 00:00:00-05:00,144.89999389648438,151.60000610351562,144.14999389648438,149.1999969482422,144.0289306640625,34675700,0.0,0.0
2024-03-08 00:00:00-05:00,153.89999389648438,158.39999389648438,144.92999267578125,146.3699951171875,141.29702758789062,43856900,0.0,0.0
2024-03-11 00:00:00-04:00,143.6199951171875,144.39999389648438,138.92999267578125,139.02000427246094,134.2017822265625,29227100,0.0,0.0
2024-03-12 00:00:00-04:00,144.52000427246094,146.6999969482422,140.57000732421875,144.39999389648438,139.39529418945312,21218500,0.0,0.0
2024-03-13 00:00:00-04:00,143.0500030517578,143.22999572753906,141.3699951171875,142.13999938964844,137.213623046875,12923100,0.0,0.0
2024-03-14 00:00:00-04:00,142.61000061035156,143.10000610351562,139.02000427246094,139.6199951171875,134.7809600830078,14961900,0.0,0.0
2024-03-15 00:00:00-04:00,135.44000244140625,137.6999969482422,134.6300048828125,136.97999572753906,132.23248291015625,22751200,0.0,0.0
2024-03-18 00:00:00-04:00,140.17999267578125,141.5399932861328,136.61000061035156,136.63999938964844,132.4398956298828,14732900,0.554,0.0
2024-03-19 00:00:00-04:00,135.3000030517578,136.27000427246094,133.02999877929688,134.8699951171875,130.72430419921875,17341100,0.0,0.0
2024-03-20 00:00:00-04:00,136.52999877929688,137.30999755859375,135.00999450683594,136.75,132.54652404785156,12750200,0.0,0.0
2024-03-21 00:00:00-04:00,142.5500030517578,142.60000610351562,139.0399932861328,139.4499969482422,135.1635284423828,17809400,0.0,0.0
2024-03-22 00:00:00-04:00,139.39999389648438,141.33999633789062,139.11000061035156,140.5399932861328,136.2200164794922,9944100,0.0,0.0
2024-03-25 00:00:00-04:00,140.16000366210938,141.67999267578125,139.25999450683594,140.22999572753906,135.91952514648438,9922200,0.0,0.0
2024-03-26 00:00:00-04:00,140.61000061035156,140.9600067138672,138.63999938964844,138.83999633789062,134.572265625,10786400,0.0,0.0
2024-03-27 00:00:00-04:00,138.86000061035156,139.27999877929688,135.14999389648438,136.69000244140625,132.48837280273438,13842800,0.0,0.0
2024-03-28 00:00:00-04:00,135.67999267578125,136.8000030517578,135.44000244140625,136.0500030517578,131.86802673339844,10019400,0.0,0.0
2024-04-01 00:00:00-04:00,137.2899932861328,142.9600067138672,137.0500030517578,141.49000549316406,137.14083862304688,14222700,0.0,0.0
2024-04-02 00:00:00-04:00,140.3800048828125,141.0399932861328,139.35000610351562,140.22000122070312,135.9098663330078,9869200,0.0,0.0
2024-04-03 00:00:00-04:00,138.5800018310547,142.92999267578125,138.38999938964844,142.0,137.6351318359375,9707500,0.0,0.0
2024-04-04 00:00:00-04:00,144.0,146.75,139.42999267578125,139.66000366210938,135.3670654296875,15759500,0.0,0.0
2024-04-05 00:00:00-04:00,140.0,142.0,138.9199981689453,141.36000061035156,137.0148162841797,8263600,0.0,0.0
2024-04-08 00:00:00-04:00,145.24000549316406,146.0,142.75999450683594,142.7899932861328,138.40086364746094,16307400,0.0,0.0
2024-04-09 00:00:00-04:00,146.25999450683594,148.1699981689453,142.9499969482422,145.39999389648438,140.93063354492188,18443400,0.0,0.0
2024-04-10 00:00:00-04:00,146.6300048828125,148.42999267578125,145.25999450683594,146.22000122070312,141.7254180908203,18861300,0.0,0.0
2024-04-11 00:00:00-04:00,147.1999969482422,147.55999755859375,144.1300048828125,147.1999969482422,142.67530822753906,11818800,0.0,0.0
2024-04-12 00:00:00-04:00,145.0,146.50999450683594,142.14999389648438,142.52000427246094,138.13916015625,12024000,0.0,0.0
2024-04-15 00:00:00-04:00,145.02000427246094,145.47999572753906,139.8800048828125,140.13999938964844,135.83229064941406,13458800,0.0,0.0
2024-04-16 00:00:00-04:00,137.88999938964844,140.5399932861328,137.05999755859375,139.8000030517578,135.5027618408203,14218200,0.0,0.0
2024-04-17 00:00:00-04:00,141.1300048828125,142.57000732421875,137.36000061035156,139.02999877929688,134.7564239501953,18823200,0.0,0.0
2024-04-18 00:00:00-04:00,132.88999938964844,135.1300048828125,130.3000030517578,132.27000427246094,128.20423889160156,39306100,0.0,0.0
2024-04-19 00:00:00-04:00,129.3699951171875,131.5500030517578,126.63999938964844,127.69999694824219,123.77470397949219,28284000,0.0,0.0
2024-04-22 00:00:00-04:00,126.75,130.66000366210938,125.77999877929688,129.75,125.7616958618164,18556800,0.0,0.0
2024-04-23 00:00:00-04:00,131.36000061035156,133.7100067138672,130.66000366210938,133.42999267578125,129.3285675048828,12573800,0.0,0.0
2024-04-24 00:00:00-04:00,136.08999633789062,136.2899932861328,131.5399932861328,132.97000122070312,128.88270568847656,15558000,0.0,0.0
2024-04-25 00:00:00-04:00,130.0,137.83999633789062,128.86000061035156,136.5800018310547,132.38174438476562,18034300,0.0,0.0
2024-04-26 00:00:00-04:00,136.80999755859375,138.74000549316406,135.9499969482422,138.3000030517578,134.0488739013672,9453400,0.0,0.0
2024-04-29 00:00:00-04:00,138.0,138.64999389648438,135.91000366210938,138.5,134.2427215576172,9997100,0.0,0.0
2024-04-30 00:00:00-04:00,137.94000244140625,139.6999969482422,137.25999450683594,137.33999633789062,133.11837768554688,10980600,0.0,0.0
2024-05-01 00:00:00-04:00,137.4199981689453,139.42999267578125,133.2100067138672,134.94000244140625,130.79214477539062,12561800,0.0,0.0
2024-05-02 00:00:00-04:00,135.60000610351562,136.74000549316406,133.22000122070312,136.22999572753906,132.04251098632812,9261900,0.0,0.0
2024-05-03 00:00:00-04:00,138.89999389648438,142.11000061035156,138.75999450683594,141.55999755859375,137.20864868164062,13264300,0.0,0.0
2024-05-06 00:00:00-04:00,140.47000122070312,142.8300018310547,139.80999755859375,142.8300018310547,138.4396209716797,8601600,0.0,0.0
2024-05-07 00:00:00-04:00,141.8699951171875,142.2899932861328,140.50999450683594,141.11000061035156,136.77249145507812,8682900,0.0,0.0
2024-05-08 00:00:00-04:00,141.11000061035156,144.25999450683594,140.8000030517578,143.60000610351562,139.18597412109375,10202300,0.0,0.0
2024-05-09 00:00:00-04:00,142.94000244140625,143.35000610351562,141.1300048828125,142.7899932861328,138.40086364746094,8012700,0.0,0.0
2024-05-10 00:00:00-04:00,147.22000122070312,150.5,146.92999267578125,149.25999450683594,144.67198181152344,23671400,0.0,0.0
2024-05-13 00:00:00-04:00,148.02000427246094,148.44000244140625,146.3000030517578,146.41000366210938,141.90957641601562,8278700,0.0,0.0
2024-05-14 00:00:00-04:00,146.49000549316406,152.00999450683594,146.25,151.9499969482422,147.27926635742188,12316500,0.0,0.0
2024-05-15 00:00:00-04:00,153.36000061035156,156.0,152.72999572753906,155.5800018310547,150.7977294921875,14027100,0.0,0.0
2024-05-16 00:00:00-04:00,154.10000610351562,155.05999755859375,152.2100067138672,152.22999572753906,147.5507049560547,13394100,0.0,0.0
2024-05-17 00:00:00-04:00,154.0,154.0,150.83999633789062,151.67999267578125,147.01759338378906,7711200,0.0,0.0
2024-05-20 00:00:00-04:00,151.6699981689453,154.24000549316406,150.82000732421875,153.5500030517578,148.83009338378906,9261200,0.0,0.0
2024-05-21 00:00:00-04:00,152.3000030517578,153.99000549316406,151.9499969482422,153.6699981689453,148.94642639160156,7919400,0.0,0.0
2024-05-22 00:00:00-04:00,155.8800048828125,157.22999572753906,154.5399932861328,156.14999389648438,151.3501739501953,13455200,0.0,0.0
2024-05-23 00:00:00-04:00,159.17999267578125,160.77999877929688,155.8699951171875,157.08999633789062,152.26129150390625,20873000,0.0,0.0
2024-05-24 00:00:00-04:00,157.1999969482422,160.66000366210938,156.7100067138672,160.0,155.08184814453125,11908200,0.0,0.0
2024-05-28 00:00:00-04:00,159.67999267578125,160.3800048828125,157.60000610351562,159.41000366210938,154.50999450683594,13964400,0.0,0.0
2024-05-29 00:00:00-04:00,156.75,156.8800048828125,153.2100067138672,154.33999633789062,149.59584045410156,15780000,0.0,0.0
2024-05-30 00:00:00-04:00,153.58999633789062,154.0500030517578,151.88999938964844,152.9600067138672,148.25827026367188,9687800,0.0,0.0
2024-05-31 00:00:00-04:00,151.47999572753906,152.5,147.80999755859375,151.0399932861328,146.39724731445312,13782600,0.0,0.0
2024-06-03 00:00:00-04:00,155.1199951171875,157.14999389648438,152.4600067138672,154.9499969482422,150.1870574951172,12924400,0.0,0.0
2024-06-04 00:00:00-04:00,153.39999389648438,153.7899932861328,150.99000549316406,152.47000122070312,147.78329467773438,10066700,0.0,0.0
2024-06-05 00:00:00-04:00,158.58999633789062,163.72999572753906,157.9499969482422,162.9199981689453,157.91209411621094,23192600,0.0,0.0
2024-06-06 00:00:00-04:00,164.52000427246094,164.6999969482422,160.36000061035156,162.07000732421875,157.0882110595703,14819100,0.0,0.0
2024-06-07 00:00:00-04:00,163.57000732421875,166.1199951171875,161.9600067138672,164.38999938964844,159.3369140625,14023300,0.0,0.0
2024-06-10 00:00:00-04:00,164.0,169.83999633789062,162.4199981689453,168.16000366210938,162.99102783203125,12418900,0.0,0.0
2024-06-11 00:00:00-04:00,168.17999267578125,168.41000366210938,163.7899932861328,165.7100067138672,160.6163330078125,11508600,0.0,0.0
2024-06-12 00:00:00-04:00,173.36000061035156,176.05999755859375,171.5399932861328,172.97999572753906,167.66285705566406,20309500,0.0,0.0
2024-06-13 00:00:00-04:00,172.9499969482422,174.07000732421875,170.50999450683594,172.91000366210938,168.1237335205078,15591800,0.544,0.0
2024-06-14 00:00:00-04:00,172.0,173.63999938964844,170.36000061035156,172.50999450683594,167.73480224609375,9192500,0.0,0.0
2024-06-17 00:00:00-04:00,177.83999633789062,178.6699981689453,173.47999572753906,177.24000549316406,172.3339080810547,18593700,0.0,0.0
2024-06-18 00:00:00-04:00,180.02000427246094,184.86000061035156,178.99000549316406,179.69000244140625,174.716064453125,27155100,0.0,0.0
2024-06-20 00:00:00-04:00,182.5800018310547,183.1699981689453,173.5,175.3800048828125,170.52537536621094,28403200,0.0,0.0
2024-06-21 00:00:00-04:00,172.7100067138672,177.47999572753906,172.2100067138672,173.9600067138672,169.14466857910156,20175600,0.0,0.0
2024-06-24 00:00:00-04:00,170.42999267578125,171.4199981689453,167.1199951171875,167.80999755859375,163.1649169921875,19741700,0.0,0.0
2024-06-25 00:00:00-04:00,169.9499969482422,172.63999938964844,169.00999450683594,172.60000610351562,167.8223419189453,13346800,0.0,0.0
2024-06-26 00:00:00-04:00,172.1199951171875,173.69000244140625,170.1999969482422,172.07000732421875,167.30702209472656,11901500,0.0,0.0
2024-06-27 00:00:00-04:00,173.7899932861328,175.47999572753906,171.14999389648438,171.6300048828125,166.87918090820312,10864600,0.0,0.0
2024-06-28 00:00:00-04:00,172.80999755859375,176.82000732421875,172.80999755859375,173.80999755859375,168.99880981445312,11216100,0.0,0.0
2024-07-01 00:00:00-04:00,174.24000549316406,175.3000030517578,170.4499969482422,172.3300018310547,167.55978393554688,10717000,0.0,0.0
2024-07-02 00:00:00-04:00,171.1300048828125,176.7100067138672,171.02999877929688,175.6999969482422,170.83651733398438,10655500,0.0,0.0
2024-07-03 00:00:00-04:00,177.99000549316406,182.49000549316406,177.8800048828125,182.49000549316406,177.43856811523438,11808700,0.0,0.0
2024-07-05 00:00:00-04:00,184.13999938964844,185.0800018310547,182.3000030517578,183.99000549316406,178.89706420898438,11372900,0.0,0.0
2024-07-08 00:00:00-04:00,190.0,192.8000030517578,185.1300048828125,186.6300048828125,181.46395874023438,22582400,0.0,0.0
2024-07-09 00:00:00-04:00,188.08999633789062,188.44000244140625,182.5,184.52000427246094,179.41238403320312,19935200,0.0,0.0
2024-07-10 00:00:00-04:00,188.27999877929688,191.4199981689453,186.6999969482422,191.0500030517578,185.76162719726562,19293500,0.0,0.0
2024-07-11 00:00:00-04:00,193.08999633789062,193.47000122070312,183.00999450683594,184.5,179.3929443359375,21584200,0.0,0.0
2024-07-12 00:00:00-04:00,183.07000732421875,190.3800048828125,182.75,187.35000610351562,182.16404724121094,19220300,0.0,0.0
2024-07-15 00:00:00-04:00,188.67999267578125,190.05999755859375,184.0800018310547,185.22000122070312,180.093017578125,15683100,0.0,0.0
2024-07-16 00:00:00-04:00,188.27000427246094,189.58999633789062,185.02000427246094,186.0399932861328,180.89027404785156,16663300,0.0,0.0
2024-07-17 00:00:00-04:00,175.22000122070312,176.5800018310547,170.50999450683594,171.1999969482422,166.46107482910156,45052600,0.0,0.0
2024-07-18 00:00:00-04:00,175.5,178.69000244140625,164.50999450683594,171.8699951171875,167.11251831054688,52903600,0.0,0.0
2024-07-19 00:00:00-04:00,169.1699981689453,170.52000427246094,165.22000122070312,165.77000427246094,161.181396484375,22585300,0.0,0.0
2024-07-22 00:00:00-04:00,166.61000061035156,170.8800048828125,166.17999267578125,169.35000610351562,164.66229248046875,21037200,0.0,0.0
2024-07-23 00:00:00-04:00,169.4199981689453,171.5399932861328,167.97000122070312,169.82000732421875,165.11927795410156,11690700,0.0,0.0
2024-07-24 00:00:00-04:00,165.08999633789062,165.4499969482422,159.58999633789062,159.8000030517578,155.3766326904297,19536600,0.0,0.0
2024-07-25 00:00:00-04:00,158.16000366210938,163.39999389648438,152.11000061035156,160.27999877929688,155.84332275390625,25731800,0.0,0.0
2024-07-26 00:00:00-04:00,164.3000030517578,164.58999633789062,159.19000244140625,161.94000244140625,157.4573974609375,13089200,0.0,0.0
2024-07-29 00:00:00-04:00,162.67999267578125,163.22999572753906,158.6300048828125,160.00999450683594,155.58082580566406,12663100,0.0,0.0
2024-07-30 00:00:00-04:00,160.44000244140625,161.14999389648438,152.5500030517578,154.5399932861328,150.26222229003906,22018000,0.0,0.0
2024-07-31 00:00:00-04:00,163.77000427246094,166.64999389648438,162.07000732421875,165.8000030517578,161.21055603027344,19860400,0.0,0.0
2024-08-01 00:00:00-04:00,163.47999572753906,167.6699981689453,156.83999633789062,158.17999267578125,153.80149841308594,21095600,0.0,0.0
2024-08-02 00:00:00-04:00,151.25,153.86000061035156,146.88999938964844,149.86000061035156,145.71177673339844,31095300,0.0,0.0
2024-08-05 00:00:00-04:00,133.86000061035156,150.0,133.57000732421875,147.9499969482422,143.8546600341797,31193100,0.0,0.0
2024-08-06 00:00:00-04:00,150.44000244140625,157.7100067138672,147.72000122070312,155.38999938964844,151.08871459960938,24528100,0.0,0.0
2024-08-07 00:00:00-04:00,161.5500030517578,162.64999389648438,154.52000427246094,155.0399932861328,150.74839782714844,22379000,0.0,0.0
2024-08-08 00:00:00-04:00,159.27000427246094,164.75,155.5399932861328,164.5500030517578,159.9951629638672,18889600,0.0,0.0
2024-08-09 00:00:00-04:00,166.32000732421875,167.8000030517578,163.24000549316406,167.1199951171875,162.49400329589844,20519400,0.0,0.0
2024-08-12 00:00:00-04:00,166.0,169.52999877929688,165.5399932861328,167.6300048828125,162.98989868164062,14727300,0.0,0.0
2024-08-13 00:00:00-04:00,168.0,172.4499969482422,166.33999633789062,172.33999633789062,167.5695037841797,15243500,0.0,0.0
2024-08-14 00:00:00-04:00,171.8800048828125,172.50999450683594,167.19000244140625,169.97000122070312,165.26513671875,11510300,0.0,0.0
2024-08-15 00:00:00-04:00,172.42999267578125,175.44000244140625,170.82000732421875,173.9600067138672,169.14466857910156,15393500,0.0,0.0
2024-08-16 00:00:00-04:00,173.38999938964844,175.0,172.25,174.5399932861328,169.70860290527344,10710000,0.0,0.0
2024-08-19 00:00:00-04:00,174.75999450683594,175.4499969482422,171.10000610351562,175.4499969482422,170.5934295654297,11511000,0.0,0.0
2024-08-20 00:00:00-04:00,175.39999389648438,175.39999389648438,169.85000610351562,172.0399932861328,167.27781677246094,13555500,0.0,0.0
2024-08-21 00:00:00-04:00,170.36000061035156,173.0800018310547,169.91000366210938,171.44000244140625,166.69442749023438,9434800,0.0,0.0
2024-08-22 00:00:00-04:00,172.0,173.27999877929688,166.05999755859375,166.44000244140625,161.8328094482422,13546100,0.0,0.0
2024-08-23 00:00:00-04:00,169.0,173.2899932861328,167.9199981689453,171.27999877929688,166.53884887695312,12189100,0.0,0.0
2024-08-26 00:00:00-04:00,170.3800048828125,171.0500030517578,167.82000732421875,169.07000732421875,164.39004516601562,9611300,0.0,0.0
2024-08-27 00:00:00-04:00,166.4199981689453,170.5800018310547,165.0399932861328,170.5500030517578,165.82908630371094,9186000,0.0,0.0
2024-08-28 00:00:00-04:00,171.32000732421875,172.47000122070312,166.1999969482422,169.1999969482422,164.51641845703125,10581400,0.0,0.0
2024-08-29 00:00:00-04:00,168.64999389648438,175.4199981689453,167.50999450683594,169.14999389648438,164.4678192138672,13213200,0.0,0.0
2024-08-30 00:00:00-04:00,170.05999755859375,172.22999572753906,168.75,171.6999969482422,166.9472198486328,9481400,0.0,0.0
2024-09-03 00:00:00-04:00,168.0,168.67999267578125,159.8000030517578,160.49000549316406,156.04751586914062,18464400,0.0,0.0
2024-09-04 00:00:00-04:00,159.3000030517578,163.8800048828125,158.9499969482422,160.8699951171875,156.4169921875,11317400,0.0,0.0
2024-09-05 00:00:00-04:00,161.5399932861328,164.58999633789062,161.0500030517578,163.6999969482422,159.16868591308594,10260600,0.0,0.0
2024-09-06 00:00:00-04:00,164.88999938964844,165.41000366210938,156.00999450683594,156.82000732421875,152.4791259765625,14964400,0.0,0.0
2024-09-09 00:00:00-04:00,160.75999450683594,163.10000610351562,160.25,162.77999877929688,158.27413940429688,10339000,0.0,0.0
2024-09-10 00:00:00-04:00,162.88999938964844,162.88999938964844,157.69000244140625,162.42999267578125,157.93382263183594,11910800,0.0,0.0
2024-09-11 00:00:00-04:00,163.8000030517578,170.3800048828125,161.4199981689453,170.22999572753906,165.51791381835938,15059500,0.0,0.0
2024-09-12 00:00:00-04:00,170.60000610351562,172.14999389648438,169.0,171.42999267578125,167.2999267578125,13399900,0.626,0.0
2024-09-13 00:00:00-04:00,172.24000549316406,174.77000427246094,171.4499969482422,172.5,168.34413146972656,8787800,0.0,0.0
2024-09-16 00:00:00-04:00,169.91000366210938,170.55999755859375,166.77000427246094,169.0800018310547,165.0065460205078,12194300,0.0,0.0
2024-09-17 00:00:00-04:00,169.35000610351562,170.24000549316406,166.36000061035156,167.35000610351562,163.3182373046875,8629100,0.0,0.0
2024-09-18 00:00:00-04:00,168.4600067138672,171.60000610351562,167.0,167.27999877929688,163.2499237060547,9116000,0.0,0.0
2024-09-19 00:00:00-04:00,174.3800048828125,177.77999877929688,172.6300048828125,176.22000122070312,171.9745330810547,15855000,0.0,0.0
2024-09-20 00:00:00-04:00,174.8699951171875,176.02000427246094,173.64999389648438,174.0800018310547,169.88609313964844,18429800,0.0,0.0
2024-09-23 00:00:00-04:00,174.83999633789062,175.39999389648438,173.6999969482422,174.75999450683594,170.5496826171875,5794200,0.0,0.0
2024-09-24 00:00:00-04:00,179.5,182.77999877929688,177.0500030517578,181.97000122070312,177.5859832763672,14576100,0.0,0.0
2024-09-25 00:00:00-04:00,181.52000427246094,183.82000732421875,181.2100067138672,182.35000610351562,177.95684814453125,8280900,0.0,0.0
2024-09-26 00:00:00-04:00,188.5,189.3300018310547,183.8000030517578,186.8300018310547,182.32891845703125,15103400,0.0,0.0
2024-09-27 00:00:00-04:00,185.83999633789062,185.94000244140625,177.39999389648438,177.97000122070312,173.682373046875,17908400,0.0,0.0
2024-09-30 00:00:00-04:00,174.27000427246094,176.82000732421875,171.92999267578125,173.6699981689453,169.48597717285156,13540200,0.0,0.0
2024-10-01 00:00:00-04:00,175.30999755859375,175.99000549316406,170.77999877929688,172.07000732421875,167.92453002929688,11850200,0.0,0.0
2024-10-02 00:00:00-04:00,172.9600067138672,176.97000122070312,170.7899932861328,175.8000030517578,171.56466674804688,11164400,0.0,0.0
2024-10-03 00:00:00-04:00,175.8000030517578,180.7899932861328,175.1199951171875,179.47999572753906,175.15599060058594,12555000,0.0,0.0
2024-10-04 00:00:00-04:00,179.6999969482422,181.22999572753906,177.5500030517578,181.16000366210938,176.7955322265625,9993800,0.0,0.0
2024-10-07 00:00:00-04:00,181.60000610351562,185.0,180.92999267578125,184.50999450683594,180.06478881835938,12054200,0.0,0.0
2024-10-08 00:00:00-04:00,184.9600067138672,186.5399932861328,182.02999877929688,186.0500030517578,181.56771850585938,10394200,0.0,0.0
2024-10-09 00:00:00-04:00,187.8000030517578,188.0,182.25999450683594,187.13999938964844,182.63145446777344,11925000,0.0,0.0
2024-10-10 00:00:00-04:00,185.86000061035156,187.0800018310547,184.39999389648438,185.77999877929688,181.30421447753906,6443800,0.0,0.0
2024-10-11 00:00:00-04:00,188.1699981689453,191.49000549316406,188.00999450683594,190.80999755859375,186.21302795410156,12163900,0.0,0.0
2024-10-14 00:00:00-04:00,190.61000061035156,194.25,190.5,192.2100067138672,187.5792999267578,11714400,0.0,0.0
2024-10-15 00:00:00-04:00,192.9600067138672,193.6199951171875,184.25,187.1300048828125,182.62168884277344,21812700,0.0,0.0
2024-10-16 00:00:00-04:00,189.77999877929688,190.00999450683594,186.66000366210938,187.47999572753906,182.96324157714844,18689200,0.0,0.0
2024-10-17 00:00:00-04:00,203.35000610351562,212.60000610351562,201.97000122070312,205.83999633789062,200.8809051513672,62274700,0.0,0.0
2024-10-18 00:00:00-04:00,205.9499969482422,205.9499969482422,200.75999450683594,200.77999877929688,195.9428253173828,21030800,0.0,0.0
2024-10-21 00:00:00-04:00,200.80999755859375,203.44000244140625,199.66000366210938,201.9499969482422,197.08465576171875,14820000,0.0,0.0
2024-10-22 00:00:00-04:00,199.07000732421875,200.1699981689453,197.11000061035156,198.47999572753906,193.6982421875,11165100,0.0,0.0
2024-10-23 00:00:00-04:00,196.67999267578125,203.1300048828125,196.22999572753906,200.86000061035156,196.0209197998047,16535700,0.0,0.0
2024-10-24 00:00:00-04:00,198.9600067138672,200.5,197.41000366210938,197.92999267578125,193.16148376464844,9935800,0.0,0.0
2024-10-25 00:00:00-04:00,200.25,205.1999969482422,200.0,203.44000244140625,198.5387725830078,13434900,0.0,0.0
2024-10-28 00:00:00-04:00,199.25999450683594,199.74000549316406,194.52000427246094,194.67999267578125,189.98980712890625,20135300,0.0,0.0
2024-10-29 00:00:00-04:00,194.38999938964844,198.7899932861328,193.60000610351562,196.94000244140625,192.1953582763672,13779100,0.0,0.0
2024-10-30 00:00:00-04:00,194.3800048828125,195.4499969482422,192.61000061035156,194.47999572753906,189.7946014404297,10007800,0.0,0.0
2024-10-31 00:00:00-04:00,192.86000061035156,192.86000061035156,187.66000366210938,190.5399932861328,185.9495086669922,13062700,0.0,0.0
2024-11-01 00:00:00-04:00,194.1999969482422,198.1699981689453,192.5500030517578,192.9499969482422,188.30148315429688,12691200,0.0,0.0
2024-11-04 00:00:00-05:00,193.6999969482422,194.36000061035156,190.60000610351562,191.55999755859375,186.94496154785156,10917300,0.0,0.0
2024-11-05 00:00:00-05:00,193.5800018310547,198.33999633789062,193.49000549316406,195.75999450683594,191.04376220703125,10339200,0.0,0.0
2024-11-06 00:00:00-05:00,192.0399932861328,194.25999450683594,188.5,193.22000122070312,188.56495666503906,19834900,0.0,0.0
2024-11-07 00:00:00-05:00,196.30999755859375,202.00999450683594,196.25,201.19000244140625,196.3429412841797,14865200,0.0,0.0
2024-11-08 00:00:00-05:00,203.88999938964844,206.61000061035156,200.02000427246094,201.1999969482422,196.3527069091797,13112100,0.0,0.0
2024-11-11 00:00:00-05:00,197.9600067138672,198.1999969482422,191.49000549316406,194.0500030517578,189.375,16610000,0.0,0.0
2024-11-12 00:00:00-05:00,193.8300018310547,194.0,189.72000122070312,191.77000427246094,187.14990234375,11819000,0.0,0.0
2024-11-13 00:00:00-05:00,192.44000244140625,192.47999572753906,186.5,186.66000366210938,182.16299438476562,13882200,0.0,0.0
2024-11-14 00:00:00-05:00,188.39999389648438,192.66000366210938,187.5399932861328,188.5,183.9586944580078,11453900,0.0,0.0
2024-11-15 00:00:00-05:00,188.17999267578125,188.8000030517578,184.80999755859375,186.00999450683594,181.52867126464844,9834800,0.0,0.0
2024-11-18 00:00:00-05:00,184.35000610351562,188.0,183.49000549316406,187.47999572753906,182.96324157714844,10681500,0.0,0.0
2024-11-19 00:00:00-05:00,189.1300048828125,190.02000427246094,188.02000427246094,189.6699981689453,185.10047912597656,9390100,0.0,0.0
2024-11-20 00:00:00-05:00,188.85000610351562,188.85000610351562,184.05999755859375,188.36000061035156,183.82205200195312,10624500,0.0,0.0
2024-11-21 00:00:00-05:00,189.41000366210938,192.3000030517578,186.74000549316406,191.24000549316406,186.6326904296875,18137300,0.0,0.0
2024-11-22 00:00:00-05:00,192.9499969482422,193.0,189.42999267578125,190.0800018310547,185.5006103515625,8838900,0.0,0.0
2024-11-25 00:00:00-05:00,188.08999633789062,188.25,183.7100067138672,185.0800018310547,180.62107849121094,14380000,0.0,0.0
2024-11-26 00:00:00-05:00,185.39999389648438,185.89999389648438,182.3300018310547,183.83999633789062,179.4109649658203,10186600,0.0,0.0
2024-11-27 00:00:00-05:00,182.0,182.4499969482422,178.0500030517578,181.19000244140625,176.82479858398438,9895200,0.0,0.0
2024-11-29 00:00:00-05:00,181.50999450683594,186.9499969482422,181.17999267578125,184.66000366210938,180.2112274169922,8045300,0.0,0.0
2024-12-02 00:00:00-05:00,189.33999633789062,195.2899932861328,188.94000244140625,194.39999389648438,189.71653747558594,16646900,0.0,0.0
2024-12-03 00:00:00-05:00,193.5,199.0,192.60000610351562,198.88999938964844,194.09837341308594,11217700,0.0,0.0
2024-12-04 00:00:00-05:00,199.85000610351562,202.60000610351562,198.27000427246094,200.69000244140625,195.85501098632812,12761100,0.0,0.0
2024-12-05 00:00:00-05:00,201.25,205.6300048828125,200.75,204.3000030517578,199.37802124023438,12483700,0.0,0.0
2024-12-06 00:00:00-05:00,202.0,203.19000244140625,199.92999267578125,203.02000427246094,198.12887573242188,9672900,0.0,0.0
2024-12-09 00:00:00-05:00,200.92999267578125,203.1300048828125,198.97999572753906,199.1699981689453,194.37161254882812,9699700,0.0,0.0
2024-12-10 00:00:00-05:00,199.10000610351562,199.91000366210938,190.3699951171875,191.94000244140625,187.31581115722656,15307900,0.0,0.0
2024-12-11 00:00:00-05:00,194.6699981689453,196.0,193.25999450683594,194.60000610351562,189.9117431640625,9027600,0.0,0.0
2024-12-12 00:00:00-05:00,194.6300048828125,195.4199981689453,191.2899932861328,191.4600067138672,187.4407196044922,7944900,0.616,0.0
2024-12-13 00:00:00-05:00,198.50999450683594,202.5399932861328,197.27000427246094,200.99000549316406,196.77066040039062,19477000,0.0,0.0
2024-12-16 00:00:00-05:00,203.1999969482422,205.5,200.8699951171875,202.22000122070312,197.97482299804688,15139300,0.0,0.0
2024-12-17 00:00:00-05:00,201.0,202.39999389648438,197.47000122070312,200.66000366210938,196.44757080078125,11169400,0.0,0.0
2024-12-18 00:00:00-05:00,203.0,205.24000549316406,193.9600067138672,195.55999755859375,191.4546356201172,14721100,0.0,0.0
2024-12-19 00:00:00-05:00,198.39999389648438,198.57000732421875,193.9499969482422,194.63999938964844,190.55398559570312,10553400,0.0,0.0
2024-12-20 00:00:00-05:00,192.60000610351562,198.0800018310547,191.97999572753906,197.2100067138672,193.07000732421875,16170100,0.0,0.0
2024-12-23 00:00:00-05:00,201.0,208.0500030517578,200.91000366210938,207.36000061035156,203.00692749023438,17847000,0.0,0.0
2024-12-24 00:00:00-05:00,205.9199981689453,207.1999969482422,204.5500030517578,206.3300018310547,201.99853515625,7634500,0.0,0.0
2024-12-26 00:00:00-05:00,205.5,208.16000366210938,202.88999938964844,203.05999755859375,198.79722595214844,8044900,0.0,0.0
2024-12-27 00:00:00-05:00,204.5,204.5,199.0500030517578,201.6300048828125,197.397216796875,10664400,0.0,0.0
2024-12-30 00:00:00-05:00,199.83999633789062,201.97000122070312,198.47999572753906,200.38999938964844,196.18321228027344,11235200,0.0,0.0
2024-12-31 00:00:00-05:00,200.7899932861328,201.77999877929688,197.36000061035156,197.49000549316406,193.34413146972656,6427900,0.0,0.0
2025-01-02 00:00:00-05:00,197.0,203.77000427246094,196.69000244140625,201.5800018310547,197.3482666015625,10951400,0.0,0.0
2025-01-03 00:00:00-05:00,204.10000610351562,208.8000030517578,203.6999969482422,208.61000061035156,204.23068237304688,10261900,0.0,0.0
2025-01-06 00:00:00-05:00,218.77000427246094,222.1999969482422,215.69000244140625,220.00999450683594,215.391357421875,24339900,0.0,0.0
2025-01-07 00:00:00-05:00,221.24000549316406,221.47999572753906,211.32000732421875,211.4199981689453,206.981689453125,17010000,0.0,0.0
2025-01-08 00:00:00-05:00,209.97000122070312,210.3000030517578,205.9199981689453,207.1199951171875,202.77197265625,13262700,0.0,0.0
2025-01-10 00:00:00-05:00,207.60000610351562,209.97999572753906,203.22999572753906,208.3699951171875,203.9957275390625,17265200,0.0,0.0
2025-01-13 00:00:00-05:00,200.52000427246094,203.58999633789062,200.0500030517578,201.36000061035156,197.1328887939453,16612400,0.0,0.0
2025-01-14 00:00:00-05:00,205.19000244140625,206.25999450683594,198.5,201.4499969482422,197.2209930419922,14182900,0.0,0.0
2025-01-15 00:00:00-05:00,202.49000549316406,209.0399932861328,199.35000610351562,206.8000030517578,202.45867919921875,18286500,0.0,0.0
2025-01-16 00:00:00-05:00,218.88999938964844,221.9499969482422,213.1699981689453,214.7899932861328,210.28094482421875,38539600,0.0,0.0
2025-01-17 00:00:00-05:00,215.1699981689453,215.67999267578125,211.05999755859375,211.5,207.0600128173828,21606100,0.0,0.0
2025-01-21 00:00:00-05:00,214.4600067138672,220.14999389648438,212.0500030517578,218.6999969482422,214.10885620117188,19061300,0.0,0.0
2025-01-22 00:00:00-05:00,221.9499969482422,225.42999267578125,219.30999755859375,223.1999969482422,218.51438903808594,17294500,0.0,0.0
2025-01-23 00:00:00-05:00,220.10000610351562,224.6999969482422,219.41000366210938,224.6199951171875,219.90457153320312,8986800,0.0,0.0
2025-01-24 00:00:00-05:00,226.22000122070312,226.39999389648438,220.9600067138672,221.8800048828125,217.22210693359375,13183800,0.0,0.0
2025-01-27 00:00:00-05:00,197.0399932861328,207.0,187.6699981689453,192.30999755859375,188.27285766601562,68667500,0.0,0.0
2025-01-28 00:00:00-05:00,195.64999389648438,202.83999633789062,192.4600067138672,202.39999389648438,198.1510467529297,31738800,0.0,0.0
2025-01-29 00:00:00-05:00,204.49000549316406,206.4499969482422,199.75,202.3300018310547,198.08253479003906,15199500,0.0,0.0
2025-01-30 00:00:00-05:00,206.57000732421875,209.6199951171875,205.4199981689453,208.14999389648438,203.7803192138672,13539000,0.0,0.0
2025-01-31 00:00:00-05:00,209.92999267578125,215.0,208.1999969482422,209.32000732421875,204.92579650878906,15746900,0.0,0.0
2025-02-03 00:00:00-05:00,199.6300048828125,204.99000549316406,197.97999572753906,199.8000030517578,195.6056365966797,17719800,0.0,0.0
2025-02-04 00:00:00-05:00,204.07000732421875,205.75,202.0800018310547,204.0500030517578,199.76641845703125,12692900,0.0,0.0
2025-02-05 00:00:00-05:00,206.0,210.47999572753906,203.8300018310547,208.57000732421875,204.1915283203125,10997800,0.0,0.0
2025-02-06 00:00:00-05:00,210.05999755859375,211.17999267578125,207.0,210.5,206.0810089111328,8491400,0.0,0.0
2025-02-07 00:00:00-05:00,213.00999450683594,213.17999267578125,205.72000122070312,206.1199951171875,201.7929229736328,11616200,0.0,0.0
2025-02-10 00:00:00-05:00,208.0,209.97999572753906,206.52999877929688,207.9499969482422,203.58453369140625,9296500,0.0,0.0
2025-02-11 00:00:00-05:00,205.1300048828125,209.83999633789062,201.0,208.74000549316406,204.3579559326172,9224500,0.0,0.0
2025-02-12 00:00:00-05:00,204.89999389648438,207.07000732421875,203.00999450683594,206.3800048828125,202.04751586914062,7373700,0.0,0.0
2025-02-13 00:00:00-05:00,201.8800048828125,202.3000030517578,199.22999572753906,201.8300018310547,197.59303283691406,15580900,0.0,0.0
2025-02-14 00:00:00-05:00,199.97999572753906,206.25,197.4600067138672,203.89999389648438,199.6195526123047,23220300,0.0,0.0
2025-02-18 00:00:00-05:00,204.75999450683594,205.85000610351562,200.52000427246094,202.74000549316406,198.48391723632812,14988100,0.0,0.0
2025-02-19 00:00:00-05:00,202.00999450683594,202.60000610351562,200.02000427246094,200.9499969482422,196.7314910888672,13163100,0.0,0.0
2025-02-20 00:00:00-05:00,200.27999877929688,200.33999633789062,197.61000061035156,200.10000610351562,195.8993377685547,10639300,0.0,0.0
2025-02-21 00:00:00-05:00,201.3300018310547,202.69000244140625,196.00999450683594,198.24000549316406,194.07838439941406,13757300,0.0,0.0
2025-02-24 00:00:00-05:00,196.8800048828125,198.7899932861328,191.4600067138672,191.64999389648438,187.626708984375,15114300,0.0,0.0
2025-02-25 00:00:00-05:00,190.64999389648438,193.52999877929688,187.47000122070312,189.3699951171875,185.3945770263672,20581000,0.0,0.0
2025-02-26 00:00:00-05:00,191.08999633789062,196.0800018310547,191.08999633789062,194.6199951171875,190.53439331054688,14112300,0.0,0.0
2025-02-27 00:00:00-05:00,194.69000244140625,194.77000427246094,181.0800018310547,181.08999633789062,177.28842163085938,24219200,0.0,0.0
2025-02-28 00:00:00-05:00,179.30999755859375,182.16000366210938,175.52000427246094,180.52999877929688,176.74017333984375,27929400,0.0,0.0
2025-03-03 00:00:00-05:00,181.14999389648438,181.57000732421875,171.07000732421875,172.97000122070312,169.33888244628906,37403000,0.0,0.0
2025-03-04 00:00:00-05:00,175.05999755859375,183.60000610351562,174.17999267578125,180.0,176.22128295898438,29395200,0.0,0.0
2025-03-05 00:00:00-05:00,183.0,184.74000549316406,180.72000122070312,184.27999877929688,180.41146850585938,17334000,0.0,0.0
2025-03-06 00:00:00-05:00,178.5800018310547,181.5500030517578,175.7899932861328,175.85000610351562,172.15841674804688,17864300,0.0,0.0
2025-03-07 00:00:00-05:00,175.7899932861328,178.47000122070312,171.02000427246094,177.10000610351562,173.3822021484375,21012700,0.0,0.0
2025-03-10 00:00:00-04:00,172.47000122070312,174.88999938964844,167.91000366210938,170.64999389648438,167.06756591796875,18265100,0.0,0.0
2025-03-11 00:00:00-04:00,170.64999389648438,173.3300018310547,168.10000610351562,170.97000122070312,167.38084411621094,16561100,0.0,0.0
2025-03-12 00:00:00-04:00,175.60000610351562,178.1300048828125,174.75999450683594,177.1699981689453,173.45069885253906,14737600,0.0,0.0
2025-03-13 00:00:00-04:00,173.88999938964844,173.88999938964844,170.5,171.58999633789062,167.9878387451172,14381600,0.0,0.0
2025-03-14 00:00:00-04:00,172.64999389648438,174.3699951171875,171.92999267578125,174.08999633789062,170.43536376953125,11449400,0.0,0.0
2025-03-17 00:00:00-04:00,173.9499969482422,177.16000366210938,173.82000732421875,176.24000549316406,172.5402069091797,9678100,0.0,0.0
2025-03-18 00:00:00-04:00,174.3800048828125,174.5800018310547,170.42999267578125,173.1300048828125,170.15589904785156,9986000,0.684,0.0
2025-03-19 00:00:00-04:00,173.0,175.72999572753906,171.74000549316406,173.75999450683594,170.7750701904297,10678500,0.0,0.0
2025-03-20 00:00:00-04:00,174.85000610351562,178.6699981689453,174.5500030517578,177.47000122070312,174.42132568359375,12209700,0.0,0.0
2025-03-21 00:00:00-04:00,174.91000366210938,177.1999969482422,173.7899932861328,176.72999572753906,173.69403076171875,9993200,0.0,0.0
2025-03-24 00:00:00-04:00,179.99000549316406,182.92999267578125,179.67999267578125,181.16000366210938,178.04795837402344,11440000,0.0,0.0
2025-03-25 00:00:00-04:00,182.47000122070312,182.50999450683594,179.8000030517578,180.89999389648438,177.79244995117188,8718800,0.0,0.0
2025-03-26 00:00:00-04:00,179.22999572753906,179.5500030517578,171.47000122070312,173.5,170.51956176757812,14612400,0.0,0.0
2025-03-27 00:00:00-04:00,171.38999938964844,171.61000061035156,167.5500030517578,168.24000549316406,165.3498992919922,17559100,0.0,0.0
2025-03-28 00:00:00-04:00,168.0399932861328,168.6300048828125,164.05999755859375,165.25,162.41127014160156,16332000,0.0,0.0
2025-03-31 00:00:00-04:00,160.36000061035156,166.1300048828125,159.72999572753906,166.0,163.1483917236328,19408300,0.0,0.0
2025-04-01 00:00:00-04:00,166.38999938964844,168.8699951171875,165.05999755859375,168.63999938964844,165.7430419921875,9180000,0.0,0.0
2025-04-02 00:00:00-04:00,166.85000610351562,171.75,166.35000610351562,170.38999938964844,167.4629669189453,10072700,0.0,0.0
2025-04-03 00:00:00-04:00,160.05999755859375,161.8000030517578,157.2100067138672,157.3800048828125,154.67645263671875,28370500,0.0,0.0
2025-04-04 00:00:00-04:00,150.88999938964844,151.30999755859375,144.83999633789062,146.8000030517578,144.27821350097656,36085100,0.0,0.0
2025-04-07 00:00:00-04:00,134.50999450683594,153.75,134.25,146.1699981689453,143.65904235839844,46388300,0.0,0.0
2025-04-08 00:00:00-04:00,151.97999572753906,152.61000061035156,138.97999572753906,141.3699951171875,138.9414825439453,30479700,0.0,0.0
2025-04-09 00:00:00-04:00,140.1999969482422,160.6199951171875,137.89999389648438,158.75,156.02293395996094,45612500,0.0,0.0
2025-04-10 00:00:00-04:00,155.5,156.0,146.91000366210938,151.1300048828125,148.53384399414062,24503500,0.0,0.0
2025-04-11 00:00:00-04:00,156.0,158.00999450683594,153.25,157.0800018310547,154.38160705566406,19632200,0.0,0.0
2025-04-14 00:00:00-04:00,158.3000030517578,158.58999633789062,154.02999877929688,155.83999633789062,153.1629180908203,17509400,0.0,0.0
2025-04-15 00:00:00-04:00,156.49000549316406,158.25,156.0500030517578,157.3300018310547,154.6273193359375,14306600,0.0,0.0
2025-04-16 00:00:00-04:00,150.60000610351562,153.5399932861328,148.49000549316406,151.6699981689453,149.06455993652344,23806100,0.0,0.0
2025-04-17 00:00:00-04:00,156.0500030517578,157.5,151.4499969482422,151.74000549316406,149.13336181640625,27239900,0.0,0.0
2025-04-21 00:00:00-04:00,149.99000549316406,150.27999877929688,145.83999633789062,147.86000061035156,145.32000732421875,15170500,0.0,0.0
2025-04-22 00:00:00-04:00,148.0,152.60000610351562,147.44000244140625,151.39999389648438,148.7991943359375,12668600,0.0,0.0
2025-04-23 00:00:00-04:00,159.3699951171875,160.3800048828125,156.0,157.80999755859375,155.0990753173828,17667900,0.0,0.0
2025-04-24 00:00:00-04:00,157.77999877929688,164.5500030517578,157.38999938964844,164.17999267578125,161.35964965820312,18761100,0.0,0.0
2025-04-25 00:00:00-04:00,163.92999267578125,165.91000366210938,161.16000366210938,165.10000610351562,162.2638397216797,14654800,0.0,0.0
2025-04-28 00:00:00-04:00,165.0,165.32000732421875,160.5,163.39999389648438,160.5930633544922,11415600,0.0,0.0
2025-04-29 00:00:00-04:00,164.3800048828125,166.0,163.5,164.47999572753906,161.65447998046875,9830100,0.0,0.0
2025-04-30 00:00:00-04:00,163.5399932861328,166.9199981689453,161.75,166.69000244140625,163.8265380859375,10073000,0.0,0.0
2025-05-01 00:00:00-04:00,172.8000030517578,174.77999877929688,170.9499969482422,172.72000122070312,169.75294494628906,22670600,0.0,0.0
2025-05-02 00:00:00-04:00,179.8000030517578,180.64999389648438,177.13999938964844,179.27999877929688,176.20025634765625,21691200,0.0,0.0
2025-05-05 00:00:00-04:00,179.0,180.0800018310547,176.25,176.39999389648438,173.36972045898438,14618900,0.0,0.0
2025-05-06 00:00:00-04:00,172.60000610351562,174.74000549316406,170.58999633789062,172.27999877929688,169.32049560546875,14565600,0.0,0.0
2025-05-07 00:00:00-04:00,174.10000610351562,175.97999572753906,171.3699951171875,174.5399932861328,171.54168701171875,9682500,0.0,0.0
2025-05-08 00:00:00-04:00,175.33999633789062,177.4499969482422,173.66000366210938,175.22000122070312,172.20999145507812,10343000,0.0,0.0
2025-05-09 00:00:00-04:00,179.8000030517578,180.4600067138672,176.47000122070312,176.52000427246094,173.4876708984375,11582800,0.0,0.0
2025-05-12 00:00:00-04:00,187.27999877929688,189.1699981689453,184.61000061035156,186.97999572753906,183.76797485351562,22064900,0.0,0.0
2025-05-13 00:00:00-04:00,187.72000122070312,194.27999877929688,187.72000122070312,193.99000549316406,190.65756225585938,19996000,0.0,0.0
2025-05-14 00:00:00-04:00,195.27999877929688,196.22000122070312,193.22999572753906,194.75999450683594,191.41432189941406,12359000,0.0,0.0
2025-05-15 00:00:00-04:00,193.10000610351562,194.49000549316406,191.6300048828125,194.22000122070312,190.88360595703125,10241800,0.0,0.0
2025-05-16 00:00:00-04:00,194.52999877929688,195.0800018310547,192.57000732421875,194.22000122070312,190.88360595703125,9146700,0.0,0.0
2025-05-19 00:00:00-04:00,189.0,193.5,188.80999755859375,193.5,190.1759796142578,10144400,0.0,0.0
2025-05-20 00:00:00-04:00,191.8000030517578,193.72999572753906,190.80999755859375,193.4499969482422,190.1268310546875,7054100,0.0,0.0
2025-05-21 00:00:00-04:00,193.10000610351562,195.27000427246094,190.52999877929688,191.75999450683594,188.46588134765625,7375700,0.0,0.0
2025-05-22 00:00:00-04:00,191.33999633789062,196.8300018310547,191.33999633789062,196.19000244140625,192.81976318359375,11825000,0.0,0.0
2025-05-23 00:00:00-04:00,192.02000427246094,192.8000030517578,190.02999877929688,191.97999572753906,188.68209838867188,9403100,0.0,0.0
2025-05-27 00:00:00-04:00,194.10000610351562,198.30999755859375,193.6999969482422,197.67999267578125,194.28414916992188,12228200,0.0,0.0
2025-05-28 00:00:00-04:00,196.08999633789062,198.07000732421875,195.47999572753906,196.13999938964844,192.77061462402344,17787600,0.0,0.0
2025-05-29 00:00:00-04:00,199.4600067138672,199.8000030517578,196.0800018310547,197.14999389648438,193.7632598876953,14609900,0.0,0.0
2025-05-30 00:00:00-04:00,195.77000427246094,195.91000366210938,190.55999755859375,193.32000732421875,189.99908447265625,11998300,0.0,0.0
2025-06-02 00:00:00-04:00,193.0399932861328,195.16000366210938,192.1999969482422,194.83999633789062,191.49295043945312,7447400,0.0,0.0
2025-06-03 00:00:00-04:00,194.35000610351562,198.1699981689453,193.63999938964844,197.61000061035156,194.2153778076172,9548300,0.0,0.0
2025-06-04 00:00:00-04:00,201.3800048828125,204.02999877929688,200.3800048828125,202.39999389648438,198.92306518554688,13531100,0.0,0.0
2025-06-05 00:00:00-04:00,204.8800048828125,205.75999450683594,202.27999877929688,203.33999633789062,199.84695434570312,12214300,0.0,0.0
2025-06-06 00:00:00-04:00,203.5800018310547,206.2899932861328,203.22999572753906,205.17999267578125,201.65533447265625,8532000,0.0,0.0
2025-06-09 00:00:00-04:00,206.39999389648438,209.27000427246094,205.8699951171875,207.0,203.44407653808594,11472300,0.0,0.0
2025-06-10 00:00:00-04:00,211.61000061035156,213.22999572753906,209.9600067138672,212.4600067138672,208.81027221679688,14514000,0.0,0.0
2025-06-11 00:00:00-04:00,215.0,217.42999267578125,212.9499969482422,214.10000610351562,210.422119140625,13326400,0.0,0.0
2025-06-12 00:00:00-04:00,212.9199981689453,215.8800048828125,211.91000366210938,215.42999267578125,212.50343322753906,9796100,0.78,0.0
2025-06-13 00:00:00-04:00,210.11000061035156,213.25999450683594,209.39999389648438,211.10000610351562,208.2322540283203,10152500,0.0,0.0
2025-06-16 00:00:00-04:00,213.0,217.60000610351562,212.72999572753906,215.67999267578125,212.7500457763672,10932900,0.0,0.0
2025-06-17 00:00:00-04:00,213.88999938964844,215.94000244140625,213.5,213.89999389648438,210.99420166015625,8389700,0.0,0.0
2025-06-18 00:00:00-04:00,214.6999969482422,215.1699981689453,212.88999938964844,213.5,210.59963989257812,6932000,0.0,0.0
2025-06-20 00:00:00-04:00,215.1999969482422,215.5,208.14999389648438,209.50999450683594,206.66384887695312,16992000,0.0,0.0
2025-06-23 00:00:00-04:00,206.6300048828125,210.58999633789062,206.1999969482422,210.32000732421875,207.46286010742188,7535500,0.0,0.0
2025-06-24 00:00:00-04:00,214.38999938964844,220.3699951171875,213.8800048828125,220.08999633789062,217.10012817382812,14814700,0.0,0.0
2025-06-25 00:00:00-04:00,220.8000030517578,223.5,220.8000030517578,222.74000549316406,219.71414184570312,9168400,0.0,0.0
2025-06-26 00:00:00-04:00,224.97999572753906,225.22000122070312,222.6999969482422,224.00999450683594,220.96688842773438,7982200,0.0,0.0
2025-06-27 00:00:00-04:00,224.3000030517578,228.8800048828125,224.02999877929688,228.57000732421875,225.46493530273438,13133000,0.0,0.0
2025-06-30 00:00:00-04:00,227.44000244140625,228.14999389648438,224.8000030517578,226.49000549316406,223.4132080078125,9279800,0.0,0.0
2025-07-01 00:00:00-04:00,227.42999267578125,228.60000610351562,221.17999267578125,224.67999267578125,221.62777709960938,9990200,0.0,0.0
2025-07-02 00:00:00-04:00,224.47999572753906,233.82000732421875,224.0,233.60000610351562,230.42660522460938,12012500,0.0,0.0
2025-07-03 00:00:00-04:00,233.8699951171875,237.5800018310547,233.27000427246094,234.8000030517578,231.6103057861328,7779600,0.0,0.0
2025-07-07 00:00:00-04:00,231.6300048828125,232.5500030517578,227.44000244140625,229.1699981689453,226.05679321289062,13817500,0.0,0.0
2025-07-08 00:00:00-04:00,229.77999877929688,230.3300018310547,227.5399932861328,227.86000061035156,224.76458740234375,8854400,0.0,0.0
2025-07-09 00:00:00-04:00,230.4499969482422,233.27000427246094,230.24000549316406,231.83999633789062,228.6905059814453,9475300,0.0,0.0
2025-07-10 00:00:00-04:00,232.77999877929688,233.0500030517578,227.77000427246094,229.75999450683594,226.63876342773438,13124700,0.0,0.0
2025-07-11 00:00:00-04:00,231.0,232.27000427246094,229.39999389648438,230.39999389648438,227.27008056640625,8817800,0.0,0.0
2025-07-14 00:00:00-04:00,229.3300018310547,229.85000610351562,226.30999755859375,228.6699981689453,225.56358337402344,10673500,0.0,0.0
2025-07-15 00:00:00-04:00,234.4600067138672,237.7100067138672,233.85000610351562,236.9499969482422,233.73110961914062,14270100,0.0,0.0
2025-07-16 00:00:00-04:00,236.39999389648438,238.30999755859375,234.14999389648438,237.55999755859375,234.3328094482422,15092800,0.0,0.0
2025-07-17 00:00:00-04:00,245.7899932861328,248.27999877929688,241.38999938964844,245.60000610351562,242.2635955810547,27395700,0.0,0.0
2025-07-18 00:00:00-04:00,245.30999755859375,245.97000122070312,238.69000244140625,240.39999389648438,237.1342315673828,16252000,0.0,0.0
2025-07-21 00:00:00-04:00,240.1199951171875,242.33999633789062,238.7100067138672,238.85000610351562,235.6052703857422,11971800,0.0,0.0
2025-07-22 00:00:00-04:00,237.8300018310547,238.0,231.75999450683594,234.60000610351562,231.41302490234375,11919500,0.0,0.0
2025-07-23 00:00:00-04:00,238.52000427246094,240.5,236.3800048828125,240.3300018310547,237.06517028808594,9885400,0.0,0.0
2025-07-24 00:00:00-04:00,240.2100067138672,241.9499969482422,238.02999877929688,241.60000610351562,238.31793212890625,9081900,0.0,0.0
2025-07-25 00:00:00-04:00,241.32000732421875,246.24000549316406,240.94000244140625,245.60000610351562,242.2635955810547,11593400,0.0,0.0
2025-07-28 00:00:00-04:00,243.0,243.9499969482422,241.0500030517578,242.75,239.45230102539062,11892200,0.0,0.0
2025-07-29 00:00:00-04:00,241.5,243.97000122070312,239.82000732421875,241.3300018310547,238.05160522460938,9411500,0.0,0.0
2025-07-30 00:00:00-04:00,242.1199951171875,244.57000732421875,241.22000122070312,242.91000366210938,239.61013793945312,6823800,0.0,0.0
2025-07-31 00:00:00-04:00,245.97999572753906,247.41000366210938,239.8000030517578,241.6199951171875,238.33763122558594,13490700,0.0,0.0
2025-08-01 00:00:00-04:00,235.6199951171875,237.19000244140625,231.83999633789062,235.2100067138672,232.0147247314453,13549800,0.0,0.0
2025-08-04 00:00:00-04:00,237.91000366210938,239.0,236.38999938964844,239.0,235.7532501220703,6450700,0.0,0.0
2025-08-05 00:00:00-04:00,238.3300018310547,238.6300048828125,230.1699981689453,232.47000122070312,229.31198120117188,11868900,0.0,0.0
2025-08-06 00:00:00-04:00,231.02999877929688,232.1999969482422,228.82000732421875,231.3699951171875,228.22689819335938,9457200,0.0,0.0
2025-08-07 00:00:00-04:00,244.47000122070312,247.83999633789062,240.8000030517578,242.6199951171875,239.32408142089844,17691000,0.0,0.0
2025-08-08 00:00:00-04:00,243.16000366210938,243.16000366210938,238.97000122070312,241.8300018310547,238.5447998046875,10552500,0.0,0.0
2025-08-11 00:00:00-04:00,242.0399932861328,245.35000610351562,241.5399932861328,242.08999633789062,238.80125427246094,8272900,0.0,0.0
2025-08-12 00:00:00-04:00,243.72000122070312,244.77000427246094,241.6999969482422,244.2899932861328,240.9713592529297,7295800,0.0,0.0
2025-08-13 00:00:00-04:00,246.42999267578125,246.42999267578125,239.94000244140625,241.44000244140625,238.1601104736328,7971900,0.0,0.0
2025-08-14 00:00:00-04:00,237.97000122070312,241.3800048828125,236.82000732421875,241.0,237.72607421875,11040500,0.0,0.0
2025-08-15 00:00:00-04:00,240.3300018310547,240.8000030517578,237.25999450683594,238.8800048828125,235.6348876953125,8155500,0.0,0.0
2025-08-18 00:00:00-04:00,239.99000549316406,242.86000061035156,239.99000549316406,241.41000366210938,238.1304931640625,6919800,0.0,0.0
2025-08-19 00:00:00-04:00,240.02000427246094,240.1699981689453,232.5800018310547,232.6999969482422,229.53883361816406,14594700,0.0,0.0
2025-08-20 00:00:00-04:00,228.13999938964844,229.02999877929688,223.6999969482422,228.60000610351562,225.4945526123047,17165200,0.0,0.0
2025-08-21 00:00:00-04:00,228.14999389648438,230.3300018310547,226.25999450683594,227.3300018310547,224.24179077148438,7449100,0.0,0.0
2025-08-22 00:00:00-04:00,228.0,234.4499969482422,226.1699981689453,232.99000549316406,229.82489013671875,10299500,0.0,0.0
2025-08-25 00:00:00-04:00,234.3000030517578,237.27999877929688,232.25,235.58999633789062,232.38955688476562,7655000,0.0,0.0
2025-08-26 00:00:00-04:00,236.3699951171875,238.8300018310547,235.72999572753906,238.72000122070312,235.47705078125,9793100,0.0,0.0
2025-08-27 00:00:00-04:00,236.8699951171875,239.39999389648438,235.44000244140625,239.2899932861328,236.03929138183594,9516400,0.0,0.0
2025-08-28 00:00:00-04:00,236.3000030517578,240.66000366210938,236.0,238.27000427246094,235.03317260742188,8466200,0.0,0.0
2025-08-29 00:00:00-04:00,235.83999633789062,235.9499969482422,230.5800018310547,230.8699951171875,227.7336883544922,15526000,0.0,0.0
2025-09-02 00:00:00-04:00,226.14999389648438,229.33999633789062,225.6300048828125,228.38999938964844,225.28738403320312,13974900,0.0,0.0
2025-09-03 00:00:00-04:00,231.52000427246094,232.4499969482422,228.60000610351562,231.38999938964844,228.2466278076172,7198500,0.0,0.0
2025-09-04 00:00:00-04:00,231.35000610351562,235.30999755859375,230.3000030517578,235.2100067138672,232.0147247314453,6241900,0.0,0.0
2025-09-05 00:00:00-04:00,240.24000549316406,244.5500030517578,237.89999389648438,243.41000366210938,240.10333251953125,14056600,0.0,0.0
2025-09-08 00:00:00-04:00,241.99000549316406,247.8800048828125,241.6199951171875,247.19000244140625,243.83197021484375,12986600,0.0,0.0
2025-09-09 00:00:00-04:00,246.92999267578125,254.72999572753906,246.92999267578125,250.9199981689453,247.5113067626953,13443400,0.0,0.0
2025-09-10 00:00:00-04:00,258.8699951171875,264.5799865722656,257.75,260.44000244140625,256.9019775390625,18822400,0.0,0.0
2025-09-11 00:00:00-04:00,260.3500061035156,261.6400146484375,258.2300109863281,258.9100036621094,255.3927764892578,10005000,0.0,0.0
2025-09-12 00:00:00-04:00,260.8500061035156,260.95001220703125,258.3800048828125,259.3299865722656,255.8070526123047,8496600,0.0,0.0
2025-09-15 00:00:00-04:00,260.0,262.79998779296875,258.75,261.3800048828125,257.8292236328125,8147700,0.0,0.0
2025-09-16 00:00:00-04:00,265.9200134277344,266.44000244140625,260.6099853515625,262.05999755859375,259.3154602050781,10381900,0.822,0.0
2025-09-17 00:00:00-04:00,264.3399963378906,264.80999755859375,259.7300109863281,262.7900085449219,260.037841796875,10422000,0.0,0.0
2025-09-18 00:00:00-04:00,258.0,270.5400085449219,257.9800109863281,268.6400146484375,265.82659912109375,16917300,0.0,0.0
2025-09-19 00:00:00-04:00,266.3699951171875,266.57000732421875,262.80999755859375,264.8699951171875,262.0960693359375,17640200,0.0,0.0
2025-09-22 00:00:00-04:00,266.5400085449219,276.3599853515625,265.45001220703125,272.6300048828125,269.7748107910156,15630300,0.0,0.0
2025-09-23 00:00:00-04:00,282.3999938964844,286.0,280.0,282.7099914550781,279.7492370605469,17830300,0.0,0.0
2025-09-24 00:00:00-04:00,280.30999755859375,281.2099914550781,276.7200012207031,280.7099914550781,277.7701416015625,10231000,0.0,0.0
2025-09-25 00:00:00-04:00,273.1199951171875,277.1400146484375,270.19000244140625,276.6600036621094,273.7625732421875,11863400,0.0,0.0
2025-09-26 00:00:00-04:00,273.8900146484375,275.5,270.6199951171875,273.3599853515625,270.4971008300781,10451900,0.0,0.0
2025-09-29 00:00:00-04:00,276.489990234375,279.8699951171875,273.2300109863281,273.2300109863281,270.3685302734375,8046200,0.0,0.0
2025-09-30 00:00:00-04:00,275.32000732421875,279.489990234375,273.8299865722656,279.2900085449219,276.36505126953125,8348800,0.0,0.0
2025-10-01 00:00:00-04:00,278.44000244140625,290.4800109863281,277.1700134277344,288.4700012207031,285.4488830566406,14620100,0.0,0.0
2025-10-02 00:00:00-04:00,296.5199890136719,296.7200012207031,287.0299987792969,288.1099853515625,285.0926513671875,10198000,0.0,0.0
2025-10-03 00:00:00-04:00,292.8599853515625,296.05999755859375,290.489990234375,292.19000244140625,289.1299743652344,10572500,0.0,0.0
2025-10-06 00:00:00-04:00,300.010009765625,307.29998779296875,299.94000244140625,302.3999938964844,299.2330017089844,15785000,0.0,0.0
2025-10-07 00:00:00-04:00,306.6199951171875,307.1000061035156,293.2799987792969,294.0299987792969,290.9506530761719,13081000,0.0,0.0
2025-10-08 00:00:00-04:00,295.0,306.3999938964844,293.9800109863281,304.5199890136719,301.3307800292969,12821200,0.0,0.0
2025-10-09 00:00:00-04:00,302.30999755859375,302.8299865722656,297.4200134277344,299.8800048828125,296.7394104003906,10259900,0.0,0.0
2025-10-10 00:00:00-04:00,299.9599914550781,300.20001220703125,280.3299865722656,280.6600036621094,277.720703125,23398000,0.0,0.0
2025-10-13 00:00:00-04:00,298.239990234375,304.6300048828125,292.32000732421875,302.8900146484375,299.7178955078125,20318300,0.0,0.0
2025-10-14 00:00:00-04:00,295.6300048828125,301.75,291.3399963378906,295.94000244140625,292.8406677246094,16567900,0.0,0.0
2025-10-15 00:00:00-04:00,306.2900085449219,306.6099853515625,300.07000732421875,304.7099914550781,301.51885986328125,20788000,0.0,0.0
2025-10-16 00:00:00-04:00,310.92999267578125,311.3699951171875,296.69000244140625,299.8399963378906,296.6997985839844,26341500,0.0,0.0
2025-10-17 00:00:00-04:00,298.3999938964844,303.29998779296875,294.9200134277344,295.0799865722656,291.98968505859375,17633300,0.0,0.0
2025-10-20 00:00:00-04:00,300.0,303.6499938964844,297.05999755859375,297.70001220703125,294.5822448730469,13391600,0.0,0.0
2025-10-21 00:00:00-04:00,299.0,299.3699951171875,293.6600036621094,294.510009765625,291.4256591796875,11190500,0.0,0.0
2025-10-22 00:00:00-04:00,293.0,295.20001220703125,284.3999938964844,288.8800048828125,285.8546142578125,15409100,0.0,0.0
2025-10-23 00:00:00-04:00,289.79998779296875,294.0899963378906,289.6300048828125,290.7300109863281,287.68524169921875,10379900,0.0,0.0
2025-10-24 00:00:00-04:00,295.57000732421875,297.95001220703125,294.3900146484375,294.9599914550781,291.87091064453125,8747000,0.0,0.0
2025-10-27 00:00:00-04:00,298.6499938964844,300.4800109863281,293.69000244140625,298.25,295.1264953613281,13615000,0.0,0.0
2025-10-28 00:00:00-04:00,298.32000732421875,302.1300048828125,296.0799865722656,301.5299987792969,298.3721008300781,11804200,0.0,0.0
2025-10-29 00:00:00-04:00,305.79998779296875,307.9599914550781,302.3800048828125,305.0899963378906,301.8948669433594,16177300,0.0,0.0
2025-10-30 00:00:00-04:00,303.0799865722656,307.30999755859375,300.82000732421875,303.2200012207031,300.04443359375,14507100,0.0,0.0
2025-10-31 00:00:00-04:00,305.989990234375,307.67999267578125,296.67999267578125,300.42999267578125,297.28363037109375,12667900,0.0,0.0
2025-11-03 00:00:00-05:00,302.5899963378906,310.1199951171875,302.1199951171875,304.8599853515625,301.667236328125,12466600,0.0,0.0
2025-11-04 00:00:00-05:00,296.8800048828125,301.989990234375,293.510009765625,294.04998779296875,290.9704895019531,16224300,0.0,0.0
2025-11-05 00:00:00-05:00,292.6199951171875,298.2200012207031,291.5,293.6400146484375,290.56475830078125,10502500,0.0,0.0
2025-11-06 00:00:00-05:00,294.1000061035156,294.6400146484375,287.3800048828125,289.239990234375,286.2108154296875,11516900,0.0,0.0
2025-11-07 00:00:00-05:00,285.2099914550781,287.8900146484375,277.1300048828125,286.5,283.49951171875,15715700,0.0,0.0
2025-11-10 00:00:00-05:00,294.3599853515625,297.1300048828125,291.75,295.2699890136719,292.1776428222656,10869200,0.0,0.0
2025-11-11 00:00:00-05:00,292.05999755859375,294.9200134277344,288.9100036621094,291.1700134277344,288.1206359863281,9666300,0.0,0.0
2025-11-12 00:00:00-05:00,293.70001220703125,294.8699951171875,289.5799865722656,290.6199951171875,287.5763854980469,9715900,0.0,0.0
2025-11-13 00:00:00-05:00,289.1700134277344,289.5,280.0,282.20001220703125,279.24456787109375,13827600,0.0,0.0
2025-11-14 00:00:00-05:00,275.9100036621094,286.8599853515625,273.2300109863281,284.82000732421875,281.8371276855469,11486800,0.0,0.0
2025-11-17 00:00:00-05:00,281.44000244140625,286.5299987792969,279.79998779296875,282.010009765625,279.05657958984375,10227100,0.0,0.0
2025-11-18 00:00:00-05:00,277.54998779296875,280.19000244140625,272.7200012207031,277.9100036621094,274.9994812011719,11850400,0.0,0.0
2025-11-19 00:00:00-05:00,276.9200134277344,284.54998779296875,276.32000732421875,282.3699951171875,279.41278076171875,11179200,0.0,0.0
2025-11-20 00:00:00-05:00,292.2099914550781,292.8500061035156,276.4100036621094,277.5,274.5937805175781,15747300,0.0,0.0
2025-11-21 00:00:00-05:00,272.80999755859375,278.69000244140625,266.82000732421875,275.05999755859375,272.1793212890625,20872800,0.0,0.0
2025-11-24 00:00:00-05:00,273.19000244140625,285.05999755859375,273.19000244140625,284.6400146484375,281.65899658203125,13570300,0.0,0.0
2025-11-25 00:00:00-05:00,282.7300109863281,285.3999938964844,273.0799865722656,284.67999267578125,281.6986083984375,13726800,0.0,0.0
2025-11-26 00:00:00-05:00,289.1000061035156,292.80999755859375,287.7300109863281,289.9599914550781,286.92327880859375,12220300,0.0,0.0
2025-11-28 00:00:00-05:00,292.4800109863281,292.6700134277344,289.0,291.510009765625,288.4570617675781,5515400,0.0,0.0
2025-12-01 00:00:00-05:00,286.9200134277344,291.1600036621094,283.19000244140625,287.67999267578125,284.66717529296875,7713000,0.0,0.0
2025-12-02 00:00:00-05:00,292.0,294.5,289.17999267578125,292.0899963378906,289.031005859375,10746400,0.0,0.0
2025-12-03 00:00:00-05:00,292.17999267578125,296.6199951171875,286.07000732421875,295.45001220703125,292.3558349609375,9599200,0.0,0.0
2025-12-04 00:00:00-05:00,293.9800109863281,294.0299987792969,290.20001220703125,292.92999267578125,289.8621826171875,6753000,0.0,0.0
2025-12-05 00:00:00-05:00,296.04998779296875,300.79998779296875,293.25,294.7200012207031,291.6334228515625,10275300,0.0,0.0
2025-12-08 00:00:00-05:00,301.20001220703125,302.6199951171875,296.7200012207031,301.8699951171875,298.7085266113281,16643100,0.0,0.0
2025-12-09 00:00:00-05:00,299.989990234375,304.67999267578125,298.5,303.4100036621094,300.232421875,11349100,0.0,0.0
2025-12-10 00:00:00-05:00,305.3699951171875,313.9800109863281,302.5,310.1400146484375,306.8919982910156,12429200,0.0,0.0
2025-12-11 00:00:00-05:00,305.32000732421875,305.8399963378906,299.6400146484375,304.8500061035156,302.47174072265625,15028400,0.835,0.0
2025-12-12 00:00:00-05:00,304.2799987792969,304.2799987792969,290.9800109863281,292.0400085449219,289.76165771484375,19306100,0.0,0.0
2025-12-15 00:00:00-05:00,295.1499938964844,295.79998779296875,287.54998779296875,287.739990234375,285.49517822265625,12082400,0.0,0.0
2025-12-16 00:00:00-05:00,287.260009765625,288.4599914550781,283.32000732421875,286.8699951171875,284.6319885253906,11418400,0.0,0.0
2025-12-17 00:00:00-05:00,288.5299987792969,289.1000061035156,275.0799865722656,276.9599914550781,274.7992858886719,16823000,0.0,0.0
2025-12-18 00:00:00-05:00,285.0,287.1600036621094,281.75,284.67999267578125,282.4590759277344,11260300,0.0,0.0
2025-12-19 00:00:00-05:00,286.3800048828125,292.1700134277344,286.3800048828125,288.95001220703125,286.69573974609375,12735800,0.0,0.0
2025-12-22 00:00:00-05:00,294.6700134277344,295.010009765625,291.2099914550781,293.2799987792969,290.99200439453125,6091100,0.0,0.0
2025-12-23 00:00:00-05:00,293.3999938964844,297.9100036621094,292.20001220703125,296.95001220703125,294.63336181640625,6802300,0.0,0.0
2025-12-24 00:00:00-05:00,297.739990234375,299.1600036621094,296.2300109863281,298.79998779296875,296.4689025878906,2753900,0.0,0.0
2025-12-26 00:00:00-05:00,299.8999938964844,303.3800048828125,298.5199890136719,302.8399963378906,300.4773864746094,5125900,0.0,0.0
2025-12-29 00:00:00-05:00,301.7799987792969,304.5,298.6499938964844,300.9200134277344,298.5723876953125,6205100,0.0,0.0
2025-12-30 00:00:00-05:00,302.3599853515625,304.54998779296875,299.45001220703125,299.5799865722656,297.2428283691406,6190600,0.0,0.0
2025-12-31 00:00:00-05:00,304.0,307.3900146484375,303.42999267578125,303.8900146484375,301.5192565917969,8175100,0.0,0.0
2026-01-02 00:00:00-05:00,311.9800109863281,321.5899963378906,311.70001220703125,319.6099853515625,317.1165466308594,18526900,0.0,0.0
2026-01-05 00:00:00-05:00,330.3999938964844,331.25,321.5,322.25,319.7359924316406,17446300,0.0,0.0
2026-01-06 00:00:00-05:00,330.2200012207031,333.0799865722656,324.5899963378906,327.42999267578125,324.87554931640625,15599600,0.0,0.0
2026-01-07 00:00:00-05:00,324.6700134277344,326.29998779296875,318.5400085449219,318.67999267578125,316.1938171386719,11744800,0.0,0.0
2026-01-08 00:00:00-05:00,324.3900146484375,324.5,316.1400146484375,318.010009765625,315.5290832519531,10850800,0.0,0.0
2026-01-09 00:00:00-05:00,319.8299865722656,324.7699890136719,318.25,323.6300048828125,321.1051940917969,12325100,0.0,0.0
2026-01-12 00:00:00-05:00,322.1000061035156,333.54998779296875,321.05999755859375,331.7699890136719,329.1816711425781,12714800,0.0,0.0
2026-01-13 00:00:00-05:00,332.8699951171875,336.4200134277344,330.7799987792969,331.2099914550781,328.6260681152344,11473600,0.0,0.0
2026-01-14 00:00:00-05:00,329.8599853515625,329.8599853515625,324.82000732421875,327.1099853515625,324.55804443359375,11210800,0.0,0.0
2026-01-15 00:00:00-05:00,342.80999755859375,351.3299865722656,337.9200134277344,341.6400146484375,338.9747314453125,42188500,0.0,0.0
2026-01-16 00:00:00-05:00,346.510009765625,349.8500061035156,341.4599914550781,342.3999938964844,339.728759765625,18246100,0.0,0.0
2026-01-20 00:00:00-05:00,340.7900085449219,342.1499938964844,326.8999938964844,327.1600036621094,324.607666015625,22809900,0.0,0.0
2026-01-21 00:00:00-05:00,333.42999267578125,333.6400146484375,325.67999267578125,326.1199951171875,323.5757751464844,16789800,0.0,0.0
2026-01-22 00:00:00-05:00,333.4200134277344,335.04998779296875,326.8999938964844,327.3699951171875,324.8160400390625,12801000,0.0,0.0
2026-01-23 00:00:00-05:00,332.07000732421875,337.1499938964844,331.3699951171875,334.8699951171875,332.25750732421875,12904400,0.0,0.0
2026-01-26 00:00:00-05:00,332.7900085449219,335.1000061035156,330.2300109863281,332.7099914550781,330.1143493652344,8646400,0.0,0.0
2026-01-27 00:00:00-05:00,336.5,341.25,334.55999755859375,338.3399963378906,335.700439453125,11298100,0.0,0.0
2026-01-28 00:00:00-05:00,343.0299987792969,345.5,338.6600036621094,342.29998779296875,339.6295471191406,12140100,0.0,0.0
2026-01-29 00:00:00-05:00,339.79998779296875,343.739990234375,328.20001220703125,339.54998779296875,336.9010314941406,13844800,0.0,0.0
2026-01-30 00:00:00-05:00,335.4200134277344,339.8999938964844,329.1000061035156,330.55999755859375,327.98114013671875,12028100,0.0,0.0
2026-02-02 00:00:00-05:00,330.760009765625,344.20001220703125,329.1000061035156,341.3599853515625,338.6968688964844,12459100,0.0,0.0
2026-02-03 00:00:00-05:00,345.07000732421875,347.04998779296875,330.0199890136719,335.75,333.1306457519531,12540000,0.0,0.0
2026-02-04 00:00:00-05:00,335.6000061035156,338.79998779296875,319.07000732421875,325.739990234375,323.19873046875,18176000,0.0,0.0
2026-02-05 00:00:00-05:00,322.82000732421875,334.57000732421875,319.6499938964844,330.7300109863281,328.14984130859375,14812000,0.0,0.0
2026-02-06 00:00:00-05:00,337.5,349.7200012207031,336.6499938964844,348.8500061035156,346.12847900390625,17025500,0.0,0.0
2026-02-09 00:00:00-05:00,348.760009765625,359.6000061035156,347.79998779296875,355.4100036621094,352.63726806640625,14594900,0.0,0.0
2026-02-10 00:00:00-05:00,364.3299865722656,364.760009765625,356.3900146484375,361.9100036621094,359.0865783691406,14622100,0.0,0.0
2026-02-11 00:00:00-05:00,370.0799865722656,379.5799865722656,368.3900146484375,374.0899963378906,371.1715087890625,18651300,0.0,0.0
2026-02-12 00:00:00-05:00,379.0,380.0,322.1000061035156,368.1000061035156,365.228271484375,16835400,0.0,0.0
2026-02-13 00:00:00-05:00,369.1499938964844,371.1099853515625,360.7699890136719,366.3599853515625,363.5018615722656,10468200,0.0,0.0
2026-02-17 00:00:00-05:00,361.8699951171875,366.20001220703125,356.239990234375,364.20001220703125,361.35870361328125,10063800,0.0,0.0
2026-02-18 00:00:00-05:00,363.8599853515625,369.3900146484375,360.7099914550781,362.260009765625,359.433837890625,7310500,0.0,0.0
2026-02-19 00:00:00-05:00,359.7200012207031,362.79998779296875,357.44000244140625,360.3900146484375,357.57843017578125,6346500,0.0,0.0
2026-02-20 00:00:00-05:00,359.7799987792969,372.20001220703125,359.1000061035156,370.5400085449219,367.6492614746094,9009200,0.0,0.0
2026-02-23 00:00:00-05:00,367.010009765625,373.42999267578125,366.4599914550781,370.0400085449219,367.15313720703125,9550200,0.0,0.0
2026-02-24 00:00:00-05:00,379.3999938964844,389.17999267578125,376.04998779296875,385.75,382.7406005859375,13269500,0.0,0.0
2026-02-25 00:00:00-05:00,390.2099914550781,390.2099914550781,384.8299865722656,387.7300109863281,384.70513916015625,10948400,0.0,0.0
2026-02-26 00:00:00-05:00,386.17999267578125,386.4700012207031,369.70001220703125,376.80999755859375,373.8703308105469,14535700,0.0,0.0
2026-02-27 00:00:00-05:00,370.1400146484375,376.67999267578125,368.6199951171875,374.5799865722656,371.65771484375,9186600,0.0,0.0
2026-03-02 00:00:00-05:00,365.3599853515625,373.1000061035156,364.6499938964844,369.1099853515625,366.2303771972656,12571600,0.0,0.0
2026-03-03 00:00:00-05:00,349.54998779296875,355.9800109863281,344.1400146484375,353.1300048828125,350.3750915527344,18580200,0.0,0.0
2026-03-04 00:00:00-05:00,357.42999267578125,361.0899963378906,354.54998779296875,357.44000244140625,354.6514587402344,12131100,0.0,0.0
2026-03-05 00:00:00-05:00,354.8999938964844,359.4700012207031,343.79998779296875,353.8599853515625,351.099365234375,16249800,0.0,0.0
2026-03-06 00:00:00-05:00,343.5,348.7200012207031,336.69000244140625,338.8900146484375,336.24615478515625,13803000,0.0,0.0
2026-03-09 00:00:00-04:00,335.6000061035156,349.3999938964844,331.9200134277344,348.70001220703125,345.9796142578125,19182800,0.0,0.0
2026-03-10 00:00:00-04:00,348.4700012207031,353.5,344.30999755859375,347.0899963378906,344.3821716308594,12985600,0.0,0.0
2026-03-11 00:00:00-04:00,353.92999267578125,357.3500061035156,350.3599853515625,354.55999755859375,351.7939147949219,10683300,0.0,0.0
2026-03-12 00:00:00-04:00,345.92999267578125,346.8900146484375,336.3800048828125,336.7099914550781,334.0831604003906,17549400,0.0,0.0
2026-03-13 00:00:00-04:00,343.9200134277344,344.5199890136719,336.2200012207031,338.30999755859375,335.670654296875,17299900,0.0,0.0
2026-03-16 00:00:00-04:00,341.25,344.6300048828125,339.82000732421875,340.2300109863281,337.57568359375,11123500,0.0,0.0
2026-03-17 00:00:00-04:00,340.6000061035156,346.760009765625,338.3999938964844,345.9800109863281,344.2481384277344,11434600,0.956,0.0
2026-03-18 00:00:00-04:00,345.7799987792969,347.95001220703125,339.3399963378906,339.57000732421875,337.8702392578125,12632600,0.0,0.0
2026-03-19 00:00:00-04:00,329.2200012207031,339.8999938964844,325.19000244140625,338.7900085449219,337.0941467285156,15411600,0.0,0.0
2026-03-20 00:00:00-04:00,336.67999267578125,337.6000061035156,325.8999938964844,329.239990234375,327.5919189453125,17424200,0.0,0.0
2026-03-23 00:00:00-04:00,331.1000061035156,343.4100036621094,331.1000061035156,338.45001220703125,336.755859375,15857200,0.0,0.0
2026-03-24 00:00:00-04:00,335.57000732421875,344.8800048828125,334.0199890136719,343.25,341.53179931640625,9725000,0.0,0.0
2026-03-25 00:00:00-04:00,346.0,350.45001220703125,343.5,347.75,346.00927734375,12166900,0.0,0.0
2026-03-26 00:00:00-04:00,339.82000732421875,340.9100036621094,325.3699951171875,326.1099853515625,324.4775695800781,14560200,0.0,0.0
2026-03-27 00:00:00-04:00,324.8299865722656,329.55999755859375,322.30999755859375,326.739990234375,325.10443115234375,14484500,0.0,0.0
2026-03-30 00:00:00-04:00,327.20001220703125,329.6000061035156,313.79998779296875,316.5,314.91571044921875,15740000,0.0,0.0
2026-03-31 00:00:00-04:00,322.30999755859375,338.4100036621094,321.1400146484375,337.95001220703125,336.25836181640625,18488000,0.0,0.0
2026-04-01 00:00:00-04:00,343.8999938964844,348.67999267578125,339.75,341.489990234375,339.7806091308594,15011600,0.0,0.0
2026-04-02 00:00:00-04:00,326.8399963378906,342.07000732421875,326.79998779296875,339.0400085449219,337.3428955078125,8994600,0.0,0.0
2026-04-06 00:00:00-04:00,339.75,344.20001220703125,338.6199951171875,341.760009765625,340.04925537109375,5884800,0.0,0.0
2026-04-07 00:00:00-04:00,339.44000244140625,345.5299987792969,335.6499938964844,345.32000732421875,343.5914611816406,6823500,0.0,0.0
2026-04-08 00:00:00-04:00,370.2900085449219,374.29998779296875,359.239990234375,365.8999938964844,364.06842041015625,16356900,0.0,0.0
2026-04-09 00:00:00-04:00,363.29998779296875,368.1700134277344,360.7200012207031,365.489990234375,363.6604919433594,9246000,0.0,0.0
2026-04-10 00:00:00-04:00,375.5899963378906,378.0,369.75,370.6000061035156,368.7449035644531,13168200,0.0,0.0
2026-04-13 00:00:00-04:00,370.260009765625,371.4599914550781,366.04998779296875,369.57000732421875,367.7200622558594,9596300,0.0,0.0
2026-04-14 00:00:00-04:00,379.0400085449219,382.1600036621094,373.2200012207031,379.8900146484375,377.9884033203125,12859500,0.0,0.0
2026-04-15 00:00:00-04:00,381.4100036621094,381.9800109863281,372.2099914550781,375.1000061035156,373.2223815917969,14955500,0.0,0.0
2026-04-16 00:00:00-04:00,368.8599853515625,370.20001220703125,360.54998779296875,363.3500061035156,361.53118896484375,26405800,0.0,0.0
2026-04-17 00:00:00-04:00,373.20001220703125,375.5799865722656,365.1400146484375,370.5,368.6453857421875,18419400,0.0,0.0
2026-04-20 00:00:00-04:00,369.2200012207031,370.07000732421875,364.25,366.239990234375,364.4067077636719,11638300,0.0,0.0
2026-04-21 00:00:00-04:00,368.0799865722656,370.75,365.1099853515625,368.0799865722656,366.23748779296875,9808200,0.0,0.0
2026-04-22 00:00:00-04:00,371.7799987792969,387.9100036621094,370.6400146484375,387.44000244140625,385.5006103515625,16317200,0.0,0.0
2026-04-23 00:00:00-04:00,384.25,388.760009765625,375.80999755859375,382.6600036621094,380.7445373535156,12224900,0.0,0.0
2026-04-24 00:00:00-04:00,396.1400146484375,409.489990234375,393.8500061035156,402.4599914550781,400.4454040527344,21603600,0.0,0.0
2026-04-27 00:00:00-04:00,413.75,414.5,400.3999938964844,404.9800109863281,402.95281982421875,16561200,0.0,0.0
2026-04-28 00:00:00-04:00,392.1199951171875,397.8699951171875,384.70001220703125,392.3399963378906,390.3760681152344,14715800,0.0,0.0
2026-04-29 00:00:00-04:00,392.9100036621094,395.8500061035156,388.17999267578125,393.8299865722656,391.8586120605469,10313000,0.0,0.0
2026-04-30 00:00:00-04:00,397.80999755859375,398.7900085449219,385.7099914550781,396.05999755859375,394.07745361328125,12788100,0.0,0.0
2026-05-01 00:00:00-04:00,393.44000244140625,403.989990234375,392.1300048828125,397.6700134277344,395.6794128417969,9926400,0.0,0.0
2026-05-04 00:00:00-04:00,404.5199890136719,407.70001220703125,395.20001220703125,401.6099853515625,399.5996398925781,9978500,0.0,0.0
2026-05-05 00:00:00-04:00,404.6000061035156,406.1300048828125,392.6000061035156,394.4100036621094,392.43572998046875,14579000,0.0,0.0
2026-05-06 00:00:00-04:00,402.3999938964844,419.70001220703125,400.6499938964844,419.5,417.400146484375,17736400,0.0,0.0
2026-05-07 00:00:00-04:00,418.0899963378906,420.0,408.1099853515625,414.1499938964844,412.076904296875,13403200,0.0,0.0
2026-05-08 00:00:00-04:00,416.95001220703125,417.0,400.8800048828125,411.67999267578125,409.6192626953125,18531200,0.0,0.0
2026-05-11 00:00:00-04:00,406.739990234375,407.7300109863281,398.19000244140625,404.5400085449219,402.5150146484375,14680000,0.0,0.0
2026-05-12 00:00:00-04:00,397.75,402.239990234375,386.1199951171875,397.2799987792969,395.2913513183594,18121800,0.0,0.0
2026-05-13 00:00:00-04:00,398.2699890136719,404.67999267578125,391.4700012207031,399.79998779296875,397.7987365722656,13127800,0.0,0.0
2026-05-14 00:00:00-04:00,403.2099914550781,421.9700012207031,402.1000061035156,417.7200012207031,415.6290283203125,18577100,0.0,0.0
2026-05-15 00:00:00-04:00,406.5,409.8699951171875,398.8299865722656,404.3500061035156,402.32598876953125,11868600,0.0,0.0
2026-05-18 00:00:00-04:00,406.8800048828125,406.8800048828125,391.04998779296875,395.95001220703125,393.968017578125,12117200,0.0,0.0
2026-05-19 00:00:00-04:00,389.510009765625,398.8800048828125,385.05999755859375,392.6099853515625,390.64471435546875,14083000,0.0,0.0
2026-05-20 00:00:00-04:00,397.0,403.8800048828125,395.95001220703125,401.6199951171875,399.609619140625,10254300,0.0,0.0
2026-05-21 00:00:00-04:00,399.510009765625,411.4599914550781,399.510009765625,407.1499938964844,405.1119384765625,8937900,0.0,0.0
2026-05-22 00:00:00-04:00,409.42999267578125,410.6700134277344,402.8599853515625,404.5199890136719,402.4951171875,7111900,0.0,0.0
2026-05-26 00:00:00-04:00,413.1199951171875,416.489990234375,410.07000732421875,412.32000732421875,410.2560729980469,10132000,0.0,0.0
2026-05-27 00:00:00-04:00,427.0199890136719,430.54998779296875,415.3800048828125,422.7300109863281,420.61395263671875,14695600,0.0,0.0
2026-05-28 00:00:00-04:00,422.2200012207031,427.6000061035156,414.7099914550781,424.8599853515625,422.7332763671875,8905800,0.0,0.0
2026-05-29 00:00:00-04:00,427.07000732421875,430.44000244140625,417.25,418.45001220703125,416.3553771972656,11232300,0.0,0.0
2026-06-01 00:00:00-04:00,424.8800048828125,449.3900146484375,422.5,435.6300048828125,433.44940185546875,18040400,0.0,0.0
2026-06-02 00:00:00-04:00,440.5799865722656,448.3800048828125,436.010009765625,446.69000244140625,444.4540100097656,10147900,0.0,0.0
2026-06-03 00:00:00-04:00,449.989990234375,450.1600036621094,434.5299987792969,436.69000244140625,434.50408935546875,10245200,0.0,0.0
2026-06-04 00:00:00-04:00,430.6300048828125,448.010009765625,427.29998779296875,444.9200134277344,442.6929016113281,10974100,0.0,0.0
2026-06-05 00:00:00-04:00,429.7699890136719,433.8999938964844,412.7900085449219,415.1700134277344,413.091796875,19644200,0.0,0.0
2026-06-08 00:00:00-04:00,423.7699890136719,433.80999755859375,422.5299987792969,426.79998779296875,424.66357421875,11245400,0.0,0.0
2026-06-09 00:00:00-04:00,430.8800048828125,438.1600036621094,405.510009765625,427.9200134277344,425.7779846191406,21199500,0.0,0.0
2026-06-10 00:00:00-04:00,413.9599914550781,426.32000732421875,407.70001220703125,408.75,406.7039489746094,13139700,0.0,0.0
2026-06-11 00:00:00-04:00,413.260009765625,422.25,408.8599853515625,421.07000732421875,419.94342041015625,13826500,0.955,0.0
2026-06-12 00:00:00-04:00,420.04998779296875,426.94000244140625,417.2099914550781,423.92999267578125,422.7957458496094,10362500,0.0,0.0
2026-06-15 00:00:00-04:00,438.67999267578125,442.5799865722656,431.92999267578125,441.3999938964844,440.2190246582031,11184900,0.0,0.0
2026-06-16 00:00:00-04:00,436.0199890136719,440.3299865722656,425.20001220703125,425.8299865722656,424.690673828125,10943500,0.0,0.0
2026-06-17 00:00:00-04:00,434.75,442.5,431.6400146484375,432.1499938964844,430.9937744140625,10934100,0.0,0.0
2026-06-18 00:00:00-04:00,438.8800048828125,465.2200012207031,438.3900146484375,462.1199951171875,460.8835754394531,25817100,0.0,0.0
2026-06-22 00:00:00-04:00,476.0899963378906,476.7900085449219,465.1700134277344,467.6700134277344,466.4187316894531,13686200,0.0,0.0
2026-06-23 00:00:00-04:00,439.17999267578125,447.3299865722656,434.19000244140625,436.3900146484375,435.2224426269531,20364500,0.0,0.0
2026-06-24 00:00:00-04:00,433.9800109863281,443.8599853515625,432.5799865722656,440.8299865722656,439.6505432128906,9991200,0.0,0.0
2026-06-25 00:00:00-04:00,452.8999938964844,452.8999938964844,432.44000244140625,434.989990234375,433.826171875,14769500,0.0,0.0
2026-06-26 00:00:00-04:00,425.0,436.1300048828125,419.19000244140625,432.3500061035156,431.1932373046875,17974100,0.0,0.0
2026-06-29 00:00:00-04:00,437.0,456.1000061035156,431.0899963378906,455.1000061035156,453.88238525390625,14881400,0.0,0.0
2026-06-30 00:00:00-04:00,455.6099853515625,479.0,453.0,477.57000732421875,476.2922668457031,15074300,0.0,0.0
2026-07-01 00:00:00-04:00,467.6700134277344,468.510009765625,443.4700012207031,444.2300109863281,443.0414733886719,18534800,0.0,0.0
2026-07-02 00:00:00-04:00,450.5400085449219,461.4700012207031,429.5,434.1600036621094,432.9983825683594,18375000,0.0,0.0
2026-07-06 00:00:00-04:00,447.7799987792969,460.0299987792969,445.6000061035156,451.7900085449219,450.58123779296875,12788500,0.0,0.0
2026-07-07 00:00:00-04:00,438.0199890136719,439.79998779296875,428.1099853515625,432.57000732421875,431.41265869140625,14898400,0.0,0.0
2026-07-08 00:00:00-04:00,429.0,440.489990234375,428.75,436.9800109863281,435.81085205078125,11411200,0.0,0.0
2026-07-09 00:00:00-04:00,446.7300109863281,447.69000244140625,436.3900146484375,436.9599914550781,435.7908935546875,11455600,0.0,0.0
2026-07-10 00:00:00-04:00,438.6700134277344,439.6600036621094,428.1000061035156,434.1099853515625,432.9485168457031,9595100,0.0,0.0
2026-07-13 00:00:00-04:00,433.82000732421875,437.989990234375,420.2900085449219,421.5799865722656,420.4520263671875,14329800,0.0,0.0
2026-07-14 00:00:00-04:00,430.8699951171875,431.05999755859375,418.8599853515625,420.3900146484375,419.2652587890625,14279000,0.0,0.0
2026-07-15 00:00:00-04:00,425.75,428.8900146484375,410.75,419.4800109863281,418.357666015625,17012300,0.0,0.0
2026-07-16 00:00:00-04:00,405.2900085449219,415.95001220703125,403.5,409.739990234375,408.6437072753906,24891300,0.0,0.0
2026-07-17 00:00:00-04:00,392.1199951171875,404.70001220703125,386.0199890136719,398.3699951171875,397.30413818359375,20986500,0.0,0.0
2026-07-20 00:00:00-04:00,407.7099914550781,409.8900146484375,400.0799865722656,402.29998779296875,401.2236328125,11653600,0.0,0.0
2026-07-21 00:00:00-04:00,418.739990234375,425.3999938964844,413.55999755859375,424.6099853515625,423.47393798828125,18210100,0.0,0.0
2026-07-22 00:00:00-04:00,414.9100036621094,424.80999755859375,414.2099914550781,421.2099914550781,420.0830383300781,10259500,0.0,0.0
2026-07-23 00:00:00-04:00,415.8399963378906,420.8399963378906,411.79998779296875,415.5799865722656,414.46807861328125,11048800,0.0,0.0
2026-07-24 00:00:00-04:00,411.3500061035156,412.9200134277344,400.79998779296875,403.4100036621094,402.3306579589844,11525100,0.0,0.0
2026-07-27 00:00:00-04:00,406.0799865722656,407.42999267578125,388.79998779296875,399.0899963378906,398.022216796875,17932300,0.0,0.0
2026-07-28 00:00:00-04:00,385.0,395.3599853515625,381.29998779296875,392.30999755859375,391.2603454589844,18276300,0.0,0.0
2026-07-29 00:00:00-04:00,388.0799865722656,391.25,372.7200012207031,374.6700134277344,373.6675720214844,21700200,0.0,0.0
2026-07-30 00:00:00-04:00,392.489990234375,406.7699890136719,387.6000061035156,403.30999755859375,402.2309265136719,17474200,0.0,0.0
2026-07-31 00:00:00-04:00,419.5,420.3500061035156,398.79998779296875,404.25,403.1684265136719,11956100,0.0,0.0
2026-08-03 00:00:00-04:00,400.5899963378906,407.44000244140625,398.20001220703125,406.1099853515625,405.0234375,12676900,0.0,0.0
2026-08-04 00:00:00-04:00,418.0,420.25,412.1099853515625,417.1700134277344,416.0538635253906,13929100,0.0,0.0
2026-08-05 00:00:00-04:00,419.32000732421875,426.29998779296875,413.07000732421875,414.0,412.892333984375,12790400,0.0,0.0
2026-08-06 00:00:00-04:00,409.5400085449219,423.9100036621094,407.989990234375,418.20001220703125,417.08111572265625,10628900,0.0,0.0
2026-08-07 00:00:00-04:00,424.7900085449219,424.7900085449219,413.1000061035156,420.0400085449219,418.9161682128906,9159600,0.0,0.0
2026-08-10 00:00:00-04:00,420.3399963378906,425.8800048828125,416.0,418.4700012207031,417.3503723144531,11776100,0.0,0.0
2026-08-11 00:00:00-04:00,424.20001220703125,424.8999938964844,418.8699951171875,422.05999755859375,420.9307556152344,9703600,0.0,0.0
2026-08-12 00:00:00-04:00,432.6499938964844,433.2799987792969,427.0199890136719,429.1499938964844,428.0018005371094,9534200,0.0,0.0
2026-08-13 00:00:00-04:00,429.1499938964844,436.0400085449219,428.3900146484375,430.489990234375,429.33819580078125,8194000,0.0,0.0
2026-08-14 00:00:00-04:00,429.20001220703125,429.2699890136719,424.1000061035156,426.3500061035156,425.20928955078125,6324700,0.0,0.0
2026-08-17 00:00:00-04:00,429.9700012207031,435.7099914550781,426.79998779296875,430.9700012207031,429.8169250488281,9479400,0.0,0.0
2026-08-18 00:00:00-04:00,417.0,419.6300048828125,410.7699890136719,413.4100036621094,412.3039245605469,14030100,0.0,0.0
2026-08-19 00:00:00-04:00,418.1300048828125,419.6000061035156,407.8800048828125,412.0899963378906,410.9874267578125,8424700,0.0,0.0
2026-08-20 00:00:00-04:00,408.6000061035156,417.9599914550781,407.7200012207031,416.0,414.886962890625,10447900,0.0,0.0
2026-08-21 00:00:00-04:00,423.0199890136719,425.67999267578125,416.70001220703125,418.95001220703125,417.8291015625,8947200,0.0,0.0
2026-08-24 00:00:00-04:00,413.8699951171875,414.3399963378906,405.1499938964844,410.1199951171875,409.022705078125,10645600,0.0,0.0
2026-08-25 00:00:00-04:00,414.5899963378906,419.7699890136719,414.0299987792969,417.4100036621094,416.293212890625,7049800,0.0,0.0
2026-08-26 00:00:00-04:00,418.45001220703125,420.75,414.4100036621094,417.69000244140625,416.57244873046875,7449300,0.0,0.0
2026-08-27 00:00:00-04:00,423.0199890136719,429.6400146484375,420.5299987792969,427.29998779296875,426.15673828125,12749800,0.0,0.0
2026-08-28 00:00:00-04:00,427.489990234375,429.1199951171875,417.32000732421875,417.5199890136719,416.40289306640625,8896900,0.0,0.0
2026-08-31 00:00:00-04:00,417.2300109863281,423.79998779296875,414.6000061035156,415.32000732421875,414.20880126953125,6748000,0.0,0.0
2026-09-01 00:00:00-04:00,417.79998779296875,418.6199951171875,412.07000732421875,414.0,412.892333984375,7920800,0.0,0.0
2026-09-02 00:00:00-04:00,413.20001220703125,416.5,411.2699890136719,415.5,414.3883056640625,6301000,0.0,0.0
2026-09-03 00:00:00-04:00,413.2900085449219,417.29998779296875,407.82000732421875,417.010009765625,415.894287109375,7827800,0.0,0.0
2026-09-04 00:00:00-04:00,421.8800048828125,429.82000732421875,419.4200134277344,428.9100036621094,427.762451171875,12276300,0.0,0.0
2026-09-08 00:00:00-04:00,438.0199890136719,444.2900085449219,433.7200012207031,439.0,437.825439453125,13079900,0.0,0.0
2026-09-09 00:00:00-04:00,434.4599914550781,439.3999938964844,431.8699951171875,435.3599853515625,434.1951599121094,7499300,0.0,0.0
2026-09-10 00:00:00-04:00,426.44000244140625,432.5299987792969,424.04998779296875,428.0299987792969,426.8847961425781,8368100,0.0,0.0
2026-09-11 00:00:00-04:00,431.54998779296875,435.3699951171875,428.8999938964844,433.239990234375,432.0808410644531,10629200,0.0,0.0
2026-09-14 00:00:00-04:00,416.010009765625,424.45001220703125,416.010009765625,418.010009765625,416.8916015625,14305900,0.0,0.0
2026-09-15 00:00:00-04:00,421.94000244140625,421.94000244140625,412.54998779296875,413.75,412.64300537109375,9452600,0.0,0.0
2026-09-16 00:00:00-04:00,418.20001220703125,419.8500061035156,413.8800048828125,417.7200012207031,417.7200012207031,10490900,1.107,0.0
2026-09-17 00:00:00-04:00,424.3999938964844,430.5299987792969,423.3900146484375,430.260009765625,430.260009765625,12447700,0.0,0.0
