Date,Open,High,Low,Close,Adj Close,Volume,Dividends,Stock Splits
2016-04-22 00:00:00-04:00,78.0,79.36000061035156,77.27999877929688,79.11000061035156,73.46121215820312,18216000,0.0,0.0
2016-04-25 00:00:00-04:00,78.69000244140625,78.83999633789062,77.81999969482422,78.13999938964844,72.56047058105469,11184600,0.0,0.0
2016-04-26 00:00:00-04:00,78.44999694824219,78.69999694824219,78.11000061035156,78.52999877929688,72.92262268066406,6071800,0.0,0.0
2016-04-27 00:00:00-04:00,78.41000366210938,79.0,78.16999816894531,78.76000213623047,73.13622283935547,6319400,0.0,0.0
2016-04-28 00:00:00-04:00,78.3499984741211,79.2699966430664,77.5999984741211,77.68000030517578,72.13335418701172,8322600,0.0,0.0
2016-04-29 00:00:00-04:00,77.5199966430664,78.01000213623047,76.86000061035156,77.23999786376953,71.72474670410156,8092700,0.0,0.0
2016-05-02 00:00:00-04:00,77.80999755859375,78.47000122070312,77.16000366210938,78.45999908447266,72.8576431274414,7636800,0.0,0.0
2016-05-03 00:00:00-04:00,77.43000030517578,78.36000061035156,76.93000030517578,77.19000244140625,71.67833709716797,7666300,0.0,0.0
2016-05-04 00:00:00-04:00,76.55999755859375,77.37999725341797,76.3499984741211,77.06999969482422,71.56688690185547,8854000,0.0,0.0
2016-05-05 00:00:00-04:00,77.13999938964844,77.69999694824219,77.01000213623047,77.36000061035156,71.83617401123047,6002300,0.0,0.0
2016-05-06 00:00:00-04:00,77.2300033569336,77.80000305175781,76.77999877929688,77.72000122070312,72.17047119140625,6172600,0.0,0.0
2016-05-09 00:00:00-04:00,77.69000244140625,78.36000061035156,77.58000183105469,78.22000122070312,72.63477325439453,9242300,0.0,0.0
2016-05-10 00:00:00-04:00,78.41999816894531,79.33000183105469,78.41000366210938,79.19999694824219,73.54478454589844,6802600,0.0,0.0
2016-05-11 00:00:00-04:00,79.13999938964844,79.33000183105469,77.29000091552734,77.30000305175781,71.9075698852539,8432500,0.14,0.0
2016-05-12 00:00:00-04:00,77.80000305175781,78.19000244140625,77.06999969482422,77.88999938964844,72.45642852783203,7512800,0.0,0.0
2016-05-13 00:00:00-04:00,77.70999908447266,78.27999877929688,76.83000183105469,76.83000183105469,71.47035217285156,7562700,0.0,0.0
2016-05-16 00:00:00-04:00,77.0199966430664,78.05999755859375,76.95999908447266,77.80000305175781,72.37268829345703,8597900,0.0,0.0
2016-05-17 00:00:00-04:00,77.56999969482422,77.91999816894531,76.5199966430664,76.79000091552734,71.43315887451172,7169900,0.0,0.0
2016-05-18 00:00:00-04:00,76.70999908447266,77.87999725341797,76.4000015258789,77.43000030517578,72.02851104736328,6288500,0.0,0.0
2016-05-19 00:00:00-04:00,76.87000274658203,77.25,76.22000122070312,76.87999725341797,71.51685333251953,5552200,0.0,0.0
2016-05-20 00:00:00-04:00,77.33999633789062,78.04000091552734,77.18000030517578,77.66999816894531,72.25176239013672,6302100,0.0,0.0
2016-05-23 00:00:00-04:00,77.76000213623047,77.98999786376953,77.13999938964844,77.20999908447266,71.82386016845703,5934300,0.0,0.0
2016-05-24 00:00:00-04:00,77.66000366210938,79.5,77.66000366210938,79.37999725341797,73.84246826171875,7582300,0.0,0.0
2016-05-25 00:00:00-04:00,79.5,79.66999816894531,78.94999694824219,79.05999755859375,73.54478454589844,5846700,0.0,0.0
2016-05-26 00:00:00-04:00,79.4000015258789,79.4000015258789,78.87000274658203,79.0,73.48898315429688,4284000,0.0,0.0
2016-05-27 00:00:00-04:00,78.83999633789062,79.66000366210938,78.83999633789062,79.66000366210938,74.10298156738281,4374600,0.0,0.0
2016-05-31 00:00:00-04:00,79.86000061035156,79.87000274658203,78.76000213623047,78.94000244140625,73.43318939208984,8639600,0.0,0.0
2016-06-01 00:00:00-04:00,78.69000244140625,79.31999969482422,78.56999969482422,79.22000122070312,73.69365692138672,4507000,0.0,0.0
2016-06-02 00:00:00-04:00,79.2699966430664,79.94999694824219,78.93000030517578,79.94999694824219,74.37271881103516,5627500,0.0,0.0
2016-06-03 00:00:00-04:00,79.55000305175781,80.19999694824219,79.16000366210938,79.94000244140625,74.36341857910156,7628000,0.0,0.0
2016-06-06 00:00:00-04:00,80.29000091552734,80.9000015258789,80.16999816894531,80.54000091552734,74.92156982421875,7620100,0.0,0.0
2016-06-07 00:00:00-04:00,80.69999694824219,81.0,80.54000091552734,80.5999984741211,74.97737121582031,5515700,0.0,0.0
2016-06-08 00:00:00-04:00,80.5999984741211,81.70999908447266,80.47000122070312,81.6500015258789,75.95413208007812,8860900,0.0,0.0
2016-06-09 00:00:00-04:00,81.2300033569336,81.54000091552734,80.9800033569336,81.26000213623047,75.5913314819336,6670900,0.0,0.0
2016-06-10 00:00:00-04:00,80.75,80.75,79.83999633789062,80.18000030517578,74.58665466308594,7859900,0.0,0.0
2016-06-13 00:00:00-04:00,79.0,80.18000030517578,78.37999725341797,78.4000015258789,72.93083190917969,10424600,0.0,0.0
2016-06-14 00:00:00-04:00,78.12000274658203,78.75,77.95999908447266,78.56999969482422,73.0889663696289,7891700,0.0,0.0
2016-06-15 00:00:00-04:00,78.56999969482422,78.83999633789062,78.05000305175781,78.16999816894531,72.71688079833984,7424000,0.0,0.0
2016-06-16 00:00:00-04:00,77.88999938964844,78.5199966430664,77.13999938964844,78.3499984741211,72.88430786132812,9650800,0.0,0.0
2016-06-17 00:00:00-04:00,78.31999969482422,78.33000183105469,76.83000183105469,76.98999786376953,71.61920928955078,14602200,0.0,0.0
2016-06-20 00:00:00-04:00,78.30000305175781,78.37999725341797,77.31999969482422,77.33999633789062,71.94477844238281,9957500,0.0,0.0
2016-06-21 00:00:00-04:00,77.80999755859375,78.01000213623047,77.1500015258789,77.33000183105469,71.93547058105469,9201000,0.0,0.0
2016-06-22 00:00:00-04:00,77.58000183105469,77.76000213623047,76.52999877929688,76.52999877929688,71.19127655029297,9626700,0.0,0.0
2016-06-23 00:00:00-04:00,77.76000213623047,78.23999786376953,76.87000274658203,78.2300033569336,72.7726821899414,13566200,0.0,0.0
2016-06-24 00:00:00-04:00,74.80000305175781,76.04000091552734,74.44999694824219,75.05000305175781,69.81453704833984,18375000,0.0,0.0
2016-06-27 00:00:00-04:00,74.18000030517578,74.58000183105469,73.25,73.33999633789062,68.22380828857422,16318400,0.0,0.0
2016-06-28 00:00:00-04:00,75.04000091552734,75.5,74.48999786376953,75.16000366210938,69.91687774658203,14815200,0.0,0.0
2016-06-29 00:00:00-04:00,75.9800033569336,76.76000213623047,75.70999908447266,76.73999786376953,71.38663482666016,12178100,0.0,0.0
2016-06-30 00:00:00-04:00,76.98999786376953,77.13999938964844,73.80000305175781,74.16999816894531,68.99592590332031,24877300,0.0,0.0
2016-07-01 00:00:00-04:00,74.5,75.94000244140625,74.0999984741211,74.4800033569336,69.2843017578125,13821400,0.0,0.0
2016-07-05 00:00:00-04:00,74.25,74.97000122070312,73.83000183105469,74.66999816894531,69.46102142333984,11081000,0.0,0.0
2016-07-06 00:00:00-04:00,74.12000274658203,74.75,73.83000183105469,74.05999755859375,68.89360046386719,11263800,0.0,0.0
2016-07-07 00:00:00-04:00,74.31999969482422,75.29000091552734,74.2699966430664,74.51000213623047,69.31219482421875,8806700,0.0,0.0
2016-07-08 00:00:00-04:00,75.30000305175781,76.55000305175781,74.79000091552734,76.41999816894531,71.08899688720703,10975000,0.0,0.0
2016-07-11 00:00:00-04:00,76.80999755859375,77.19000244140625,76.38999938964844,76.5199966430664,71.1820068359375,8185900,0.0,0.0
2016-07-12 00:00:00-04:00,76.68000030517578,77.56999969482422,76.55000305175781,77.4800033569336,72.07499694824219,10245500,0.0,0.0
2016-07-13 00:00:00-04:00,77.68000030517578,77.77999877929688,77.19999694824219,77.45999908447266,72.056396484375,6559200,0.0,0.0
2016-07-14 00:00:00-04:00,78.05999755859375,78.54000091552734,77.69000244140625,78.13999938964844,72.68896484375,6607400,0.0,0.0
2016-07-15 00:00:00-04:00,78.6500015258789,78.75,78.05000305175781,78.30000305175781,72.83782958984375,8153400,0.0,0.0
2016-07-18 00:00:00-04:00,78.3499984741211,78.69999694824219,78.2300033569336,78.30999755859375,72.84711456298828,4864200,0.0,0.0
2016-07-19 00:00:00-04:00,77.75,78.88999938964844,77.62999725341797,78.72000122070312,73.228515625,9395500,0.0,0.0
2016-07-20 00:00:00-04:00,78.75,79.75,78.75,79.36000061035156,73.8238754272461,7922100,0.0,0.0
2016-07-21 00:00:00-04:00,79.44000244140625,79.7300033569336,78.4000015258789,78.79000091552734,73.29364776611328,9018000,0.0,0.0
2016-07-22 00:00:00-04:00,79.9800033569336,80.08000183105469,78.33000183105469,79.91000366210938,74.33550262451172,12532400,0.0,0.0
2016-07-25 00:00:00-04:00,80.16999816894531,80.16999816894531,78.7300033569336,78.94000244140625,73.43318939208984,7979900,0.0,0.0
2016-07-26 00:00:00-04:00,78.9800033569336,79.05999755859375,77.94000244140625,78.48999786376953,73.01457214355469,9673200,0.0,0.0
2016-07-27 00:00:00-04:00,78.45999908447266,78.79000091552734,77.52999877929688,78.52999877929688,73.0517807006836,10194400,0.0,0.0
2016-07-28 00:00:00-04:00,78.69000244140625,80.0,78.55000305175781,79.19000244140625,73.6657485961914,8709700,0.0,0.0
2016-07-29 00:00:00-04:00,79.23999786376953,79.3499984741211,78.0,78.05000305175781,72.60526275634766,7777700,0.0,0.0
2016-08-01 00:00:00-04:00,78.30999755859375,78.52999877929688,77.7300033569336,78.26000213623047,72.80060577392578,8908800,0.0,0.0
2016-08-02 00:00:00-04:00,78.06999969482422,78.47000122070312,77.75,78.27999877929688,72.8192138671875,7910000,0.0,0.0
2016-08-03 00:00:00-04:00,78.27999877929688,78.70999908447266,78.20999908447266,78.70999908447266,73.2192153930664,7272700,0.0,0.0
2016-08-04 00:00:00-04:00,78.83000183105469,79.6500015258789,78.75,79.4800033569336,73.93550109863281,5954400,0.0,0.0
2016-08-05 00:00:00-04:00,79.7300033569336,80.23999786376953,79.66000366210938,80.13999938964844,74.54944610595703,6662500,0.0,0.0
2016-08-08 00:00:00-04:00,80.2300033569336,80.33999633789062,79.80000305175781,79.94999694824219,74.37271881103516,5119700,0.0,0.0
2016-08-09 00:00:00-04:00,79.95999908447266,80.4800033569336,79.94999694824219,80.05999755859375,74.47504425048828,4455700,0.0,0.0
2016-08-10 00:00:00-04:00,79.97000122070312,80.22000122070312,79.51000213623047,79.68000030517578,74.12153625488281,5945500,0.0,0.0
2016-08-11 00:00:00-04:00,80.0,80.27999877929688,79.83999633789062,80.12000274658203,74.5308609008789,6577700,0.0,0.0
2016-08-12 00:00:00-04:00,79.80000305175781,80.08000183105469,79.6500015258789,80.0199966430664,74.43781280517578,4420400,0.0,0.0
2016-08-15 00:00:00-04:00,80.12999725341797,81.1500015258789,80.0199966430664,80.91000366210938,75.2657470703125,6290300,0.0,0.0
2016-08-16 00:00:00-04:00,80.41999816894531,80.91000366210938,80.22000122070312,80.80999755859375,75.1727523803711,6182600,0.0,0.0
2016-08-17 00:00:00-04:00,80.70999908447266,80.86000061035156,80.4000015258789,80.83999633789062,75.33113861083984,4655400,0.14,0.0
2016-08-18 00:00:00-04:00,80.01000213623047,80.58999633789062,79.91000366210938,80.2699966430664,74.79996490478516,7453900,0.0,0.0
2016-08-19 00:00:00-04:00,80.01000213623047,80.47000122070312,79.73999786376953,80.47000122070312,74.98635864257812,8480900,0.0,0.0
2016-08-22 00:00:00-04:00,80.33999633789062,81.08000183105469,79.95999908447266,81.05999755859375,75.5361557006836,7954500,0.0,0.0
2016-08-23 00:00:00-04:00,81.37000274658203,81.76000213623047,80.80000305175781,80.80000305175781,75.29386138916016,10007800,0.0,0.0
2016-08-24 00:00:00-04:00,80.80000305175781,80.9800033569336,80.19000244140625,80.29000091552734,74.81861114501953,5028000,0.0,0.0
2016-08-25 00:00:00-04:00,80.29000091552734,80.5199966430664,80.0,80.31999969482422,74.84654235839844,5773700,0.0,0.0
2016-08-26 00:00:00-04:00,80.62000274658203,81.13999938964844,80.16999816894531,80.56999969482422,75.07955169677734,7932200,0.0,0.0
2016-08-29 00:00:00-04:00,80.54000091552734,80.98999786376953,80.54000091552734,80.87000274658203,75.35911560058594,4766700,0.0,0.0
2016-08-30 00:00:00-04:00,81.0,81.19000244140625,80.72000122070312,81.16999816894531,75.638671875,4128700,0.0,0.0
2016-08-31 00:00:00-04:00,80.94999694824219,81.19999694824219,80.70999908447266,80.9000015258789,75.38704681396484,7386100,0.0,0.0
2016-09-01 00:00:00-04:00,81.13999938964844,81.55000305175781,80.97000122070312,81.30000305175781,75.75979614257812,6240600,0.0,0.0
2016-09-02 00:00:00-04:00,81.56999969482422,82.1500015258789,81.5,82.0,76.412109375,6408900,0.0,0.0
2016-09-06 00:00:00-04:00,82.0,82.52999877929688,81.80999755859375,82.52999877929688,76.90594482421875,8140400,0.0,0.0
2016-09-07 00:00:00-04:00,82.4800033569336,83.26000213623047,82.36000061035156,83.23999786376953,77.56758880615234,9304700,0.0,0.0
2016-09-08 00:00:00-04:00,83.0199966430664,83.62999725341797,82.58999633789062,82.97000122070312,77.31597137451172,7961100,0.0,0.0
2016-09-09 00:00:00-04:00,82.4000015258789,82.80999755859375,81.33000183105469,81.33000183105469,75.78772735595703,11563000,0.0,0.0
2016-09-12 00:00:00-04:00,81.33999633789062,83.12999725341797,81.18000030517578,82.97000122070312,77.31597137451172,9882700,0.0,0.0
2016-09-13 00:00:00-04:00,82.41000366210938,82.44000244140625,81.62000274658203,81.88999938964844,76.3095703125,8834300,0.0,0.0
2016-09-14 00:00:00-04:00,81.45999908447266,82.22000122070312,81.44999694824219,81.48999786376953,75.93684387207031,10999500,0.0,0.0
2016-09-15 00:00:00-04:00,81.41999816894531,82.12999725341797,81.19000244140625,82.01000213623047,76.4214096069336,10580300,0.0,0.0
2016-09-16 00:00:00-04:00,81.73999786376953,82.26000213623047,81.41999816894531,82.06999969482422,76.47732543945312,11702000,0.0,0.0
2016-09-19 00:00:00-04:00,82.43000030517578,83.04000091552734,82.2300033569336,82.51000213623047,76.8873291015625,8361700,0.0,0.0
2016-09-20 00:00:00-04:00,82.97000122070312,83.2300033569336,82.31999969482422,82.4800033569336,76.85938262939453,6473300,0.0,0.0
2016-09-21 00:00:00-04:00,82.91999816894531,83.25,82.2699966430664,83.22000122070312,77.5489501953125,7536200,0.0,0.0
2016-09-22 00:00:00-04:00,83.41999816894531,83.79000091552734,83.19999694824219,83.36000061035156,77.67940521240234,6599400,0.0,0.0
2016-09-23 00:00:00-04:00,83.33000183105469,83.44999694824219,82.5199966430664,82.54000091552734,76.91526794433594,8283700,0.0,0.0
2016-09-26 00:00:00-04:00,82.1500015258789,82.26000213623047,81.69000244140625,81.80999755859375,76.23503112792969,8486800,0.0,0.0
2016-09-27 00:00:00-04:00,81.79000091552734,82.37999725341797,81.5,82.16000366210938,76.5611801147461,7969500,0.0,0.0
2016-09-28 00:00:00-04:00,82.37999725341797,83.01000213623047,81.94000244140625,82.97000122070312,77.31597137451172,7974300,0.0,0.0
2016-09-29 00:00:00-04:00,82.72000122070312,83.05999755859375,81.79000091552734,81.91999816894531,76.3375473022461,5885400,0.0,0.0
2016-09-30 00:00:00-04:00,82.16000366210938,83.04000091552734,81.68000030517578,82.69999694824219,77.06436920166016,9776800,0.0,0.0
2016-10-03 00:00:00-04:00,82.41999816894531,83.11000061035156,82.30000305175781,82.86000061035156,77.2134780883789,8155400,0.0,0.0
2016-10-04 00:00:00-04:00,83.27999877929688,83.52999877929688,82.58000183105469,82.7300033569336,77.09234619140625,5772000,0.0,0.0
2016-10-05 00:00:00-04:00,82.95999908447266,83.44999694824219,82.9000015258789,83.3499984741211,77.67009735107422,6163400,0.0,0.0
2016-10-06 00:00:00-04:00,83.12000274658203,83.4800033569336,82.87999725341797,83.36000061035156,77.67940521240234,7687100,0.0,0.0
2016-10-07 00:00:00-04:00,83.48999786376953,83.69999694824219,82.63999938964844,82.87999725341797,77.23214721679688,8238100,0.0,0.0
2016-10-10 00:00:00-04:00,83.12999725341797,83.54000091552734,82.94000244140625,83.12000274658203,77.45576477050781,7371500,0.0,0.0
2016-10-11 00:00:00-04:00,82.68000030517578,82.79000091552734,81.56999969482422,82.04000091552734,76.44937133789062,6227400,0.0,0.0
2016-10-12 00:00:00-04:00,81.83999633789062,82.54000091552734,81.81999969482422,82.25,76.64506530761719,3923600,0.0,0.0
2016-10-13 00:00:00-04:00,81.6500015258789,82.12999725341797,81.11000061035156,81.87000274658203,76.2909164428711,6810900,0.0,0.0
2016-10-14 00:00:00-04:00,82.04000091552734,83.19000244140625,82.04000091552734,82.44999694824219,76.83143615722656,6698100,0.0,0.0
2016-10-17 00:00:00-04:00,82.58000183105469,82.69000244140625,82.04000091552734,82.1500015258789,76.5518798828125,8473700,0.0,0.0
2016-10-18 00:00:00-04:00,81.5,82.37000274658203,81.3499984741211,81.58000183105469,76.02071380615234,11680400,0.0,0.0
2016-10-19 00:00:00-04:00,81.6500015258789,82.87000274658203,81.6500015258789,82.80999755859375,77.1668930053711,8440900,0.0,0.0
2016-10-20 00:00:00-04:00,83.05000305175781,83.0999984741211,82.16999816894531,82.5,76.87799835205078,6945200,0.0,0.0
2016-10-21 00:00:00-04:00,82.0199966430664,82.54000091552734,81.58000183105469,82.3499984741211,76.7382583618164,8043200,0.0,0.0
2016-10-24 00:00:00-04:00,83.2699966430664,83.58999633789062,82.70999908447266,83.16999816894531,77.50237274169922,16267000,0.0,0.0
2016-10-25 00:00:00-04:00,83.16999816894531,83.16999816894531,81.69999694824219,82.02999877929688,76.44003295898438,15085900,0.0,0.0
2016-10-26 00:00:00-04:00,81.62000274658203,82.26000213623047,81.41000366210938,81.75,76.17912292480469,8748400,0.0,0.0
2016-10-27 00:00:00-04:00,81.95999908447266,82.2699966430664,81.61000061035156,81.91999816894531,76.3375473022461,7039200,0.0,0.0
2016-10-28 00:00:00-04:00,82.5199966430664,83.36000061035156,82.11000061035156,82.22000122070312,76.61711883544922,10919600,0.0,0.0
2016-10-31 00:00:00-04:00,82.44000244140625,82.9000015258789,82.36000061035156,82.51000213623047,76.8873291015625,10024000,0.0,0.0
2016-11-01 00:00:00-04:00,82.63999938964844,82.69000244140625,81.33000183105469,81.62000274658203,76.05796813964844,10881500,0.0,0.0
2016-11-02 00:00:00-04:00,80.88999938964844,81.37999725341797,80.5199966430664,80.58000183105469,75.08885192871094,9170900,0.0,0.0
2016-11-03 00:00:00-04:00,80.75,81.12999725341797,80.54000091552734,80.6500015258789,75.15406036376953,7563100,0.0,0.0
2016-11-04 00:00:00-04:00,80.6500015258789,81.23999786376953,80.33000183105469,80.36000061035156,74.88382720947266,7588100,0.0,0.0
2016-11-07 00:00:00-05:00,81.63999938964844,82.52999877929688,81.44999694824219,82.51000213623047,76.8873291015625,7277900,0.0,0.0
2016-11-08 00:00:00-05:00,82.38999938964844,83.16000366210938,82.1500015258789,82.87999725341797,77.23214721679688,7152000,0.0,0.0
2016-11-09 00:00:00-05:00,81.80999755859375,83.30000305175781,81.22000122070312,83.23999786376953,77.56758880615234,12158500,0.0,0.0
2016-11-10 00:00:00-05:00,83.30000305175781,83.95999908447266,81.41999816894531,81.87000274658203,76.2909164428711,17171600,0.0,0.0
2016-11-11 00:00:00-05:00,81.58999633789062,82.62999725341797,81.5199966430664,81.87999725341797,76.30026245117188,7368000,0.0,0.0
2016-11-14 00:00:00-05:00,82.0199966430664,82.22000122070312,77.30000305175781,78.37999725341797,73.03878784179688,21773500,0.0,0.0
2016-11-15 00:00:00-05:00,78.2300033569336,79.54000091552734,77.80000305175781,78.56999969482422,73.2158203125,18523400,0.0,0.0
2016-11-16 00:00:00-05:00,78.79000091552734,80.19000244140625,78.76000213623047,80.08000183105469,74.77998352050781,9997700,0.165,0.0
2016-11-17 00:00:00-05:00,80.31999969482422,81.19999694824219,80.18000030517578,81.06999969482422,75.70442962646484,8081800,0.0,0.0
2016-11-18 00:00:00-05:00,81.1500015258789,81.5,80.52999877929688,80.81999969482422,75.47099304199219,7920800,0.0,0.0
2016-11-21 00:00:00-05:00,81.2300033569336,81.77999877929688,80.9000015258789,81.69000244140625,76.28340148925781,8942100,0.0,0.0
2016-11-22 00:00:00-05:00,81.69000244140625,81.69000244140625,79.26000213623047,79.93000030517578,74.63992309570312,18133900,0.0,0.0
2016-11-23 00:00:00-05:00,79.9800033569336,79.98999786376953,78.94999694824219,79.56999969482422,74.30371856689453,12802600,0.0,0.0
2016-11-25 00:00:00-05:00,79.98999786376953,80.37000274658203,79.73999786376953,80.12999725341797,74.82665252685547,6495700,0.0,0.0
2016-11-28 00:00:00-05:00,79.66000366210938,80.01000213623047,79.05000305175781,79.08000183105469,73.84615325927734,11793100,0.0,0.0
2016-11-29 00:00:00-05:00,79.12000274658203,79.58000183105469,78.94999694824219,79.1500015258789,73.91153717041016,8575200,0.0,0.0
2016-11-30 00:00:00-05:00,79.44999694824219,79.44999694824219,77.27999877929688,77.31999969482422,72.20262145996094,15353900,0.0,0.0
2016-12-01 00:00:00-05:00,77.56999969482422,77.62000274658203,75.25,75.43000030517578,70.43772888183594,21053000,0.0,0.0
2016-12-02 00:00:00-05:00,75.4000015258789,76.25,75.16999816894531,75.72000122070312,70.70853424072266,13629600,0.0,0.0
2016-12-05 00:00:00-05:00,76.62999725341797,77.5999984741211,76.55000305175781,77.30999755859375,72.19334411621094,12119200,0.0,0.0
2016-12-06 00:00:00-05:00,77.94000244140625,77.97000122070312,76.70999908447266,77.11000061035156,72.00653076171875,13896600,0.0,0.0
2016-12-07 00:00:00-05:00,77.2699966430664,79.48999786376953,77.25,79.30999755859375,74.06092834472656,13919800,0.0,0.0
2016-12-08 00:00:00-05:00,79.68000030517578,79.87000274658203,78.97000122070312,79.27999877929688,74.03291320800781,13320100,0.0,0.0
2016-12-09 00:00:00-05:00,79.1500015258789,79.93000030517578,78.83000183105469,79.13999938964844,73.9022216796875,10728300,0.0,0.0
2016-12-12 00:00:00-05:00,78.98999786376953,79.02999877929688,77.91999816894531,78.5,73.30452728271484,11942300,0.0,0.0
2016-12-13 00:00:00-05:00,78.80999755859375,79.5,78.25,79.19999694824219,73.95818328857422,12995100,0.0,0.0
2016-12-14 00:00:00-05:00,79.27999877929688,79.9800033569336,79.12000274658203,79.12999725341797,73.89283752441406,20146200,0.0,0.0
2016-12-15 00:00:00-05:00,79.37000274658203,80.38999938964844,79.12999725341797,79.5,74.23835754394531,14070900,0.0,0.0
2016-12-16 00:00:00-05:00,79.22000122070312,79.45999908447266,78.16999816894531,78.3499984741211,73.16446685791016,19141700,0.0,0.0
2016-12-19 00:00:00-05:00,78.04000091552734,78.5999984741211,78.0199966430664,78.0999984741211,72.93102264404297,8699100,0.0,0.0
2016-12-20 00:00:00-05:00,78.41000366210938,78.58000183105469,77.69000244140625,78.36000061035156,73.173828125,6917400,0.0,0.0
2016-12-21 00:00:00-05:00,78.4800033569336,78.55000305175781,77.9800033569336,78.13999938964844,72.96836853027344,9343600,0.0,0.0
2016-12-22 00:00:00-05:00,78.0199966430664,78.05999755859375,77.19000244140625,77.9000015258789,72.74425506591797,12074000,0.0,0.0
2016-12-23 00:00:00-05:00,78.08000183105469,78.4800033569336,77.9000015258789,78.1500015258789,72.97772216796875,6192900,0.0,0.0
2016-12-27 00:00:00-05:00,78.2699966430664,78.8499984741211,78.2300033569336,78.3499984741211,73.16446685791016,3776000,0.0,0.0
2016-12-28 00:00:00-05:00,78.4000015258789,78.6500015258789,77.97000122070312,78.30000305175781,73.11779022216797,7587100,0.0,0.0
2016-12-29 00:00:00-05:00,78.48999786376953,78.83999633789062,78.30000305175781,78.33000183105469,73.14576721191406,6241100,0.0,0.0
2016-12-30 00:00:00-05:00,78.43000030517578,78.54000091552734,77.94000244140625,78.0199966430664,72.85631561279297,7127300,0.0,0.0
2017-01-03 00:00:00-05:00,78.76000213623047,79.91000366210938,78.48999786376953,79.5,74.23835754394531,13785200,0.0,0.0
2017-01-04 00:00:00-05:00,79.44000244140625,80.26000213623047,79.36000061035156,80.1500015258789,74.8453369140625,8033100,0.0,0.0
2017-01-05 00:00:00-05:00,80.33999633789062,81.52999877929688,80.22000122070312,81.08999633789062,75.72311401367188,7805100,0.0,0.0
2017-01-06 00:00:00-05:00,81.30000305175781,82.48999786376953,80.94000244140625,82.20999908447266,76.76899719238281,8898300,0.0,0.0
2017-01-09 00:00:00-05:00,82.27999877929688,82.44999694824219,81.6500015258789,81.75,76.33943939208984,7305300,0.0,0.0
2017-01-10 00:00:00-05:00,81.69999694824219,81.9000015258789,81.12999725341797,81.30999755859375,75.9285659790039,6017500,0.0,0.0
2017-01-11 00:00:00-05:00,81.25,81.80000305175781,80.91000366210938,81.80000305175781,76.38611602783203,7499200,0.0,0.0
2017-01-12 00:00:00-05:00,81.05000305175781,81.47000122070312,80.51000213623047,81.37000274658203,75.98460388183594,6884000,0.0,0.0
2017-01-13 00:00:00-05:00,81.0199966430664,81.8499984741211,80.79000091552734,81.16999816894531,75.7978286743164,7291200,0.0,0.0
2017-01-17 00:00:00-05:00,80.76000213623047,81.48999786376953,80.76000213623047,81.26000213623047,75.88185119628906,6326500,0.0,0.0
2017-01-18 00:00:00-05:00,81.2699966430664,81.83000183105469,80.9800033569336,81.58999633789062,76.19001007080078,8512300,0.0,0.0
2017-01-19 00:00:00-05:00,81.79000091552734,81.8499984741211,81.41000366210938,81.7300033569336,76.32074737548828,6479400,0.0,0.0
2017-01-20 00:00:00-05:00,82.08999633789062,82.27999877929688,81.61000061035156,81.83999633789062,76.42349243164062,9048500,0.0,0.0
2017-01-23 00:00:00-05:00,81.69999694824219,82.30000305175781,81.5,82.1500015258789,76.71295928955078,7414200,0.0,0.0
2017-01-24 00:00:00-05:00,82.4000015258789,83.48999786376953,81.8499984741211,83.2300033569336,77.72149658203125,8397500,0.0,0.0
2017-01-25 00:00:00-05:00,83.79000091552734,84.2699966430664,83.44999694824219,83.9000015258789,78.34713745117188,9360900,0.0,0.0
2017-01-26 00:00:00-05:00,83.91999816894531,83.91999816894531,83.08000183105469,83.23999786376953,77.7308349609375,8428200,0.0,0.0
2017-01-27 00:00:00-05:00,83.31999969482422,83.80000305175781,82.91999816894531,83.7699966430664,78.22574615478516,5445900,0.0,0.0
2017-01-30 00:00:00-05:00,83.47000122070312,83.73999786376953,82.66000366210938,83.69999694824219,78.16038513183594,8792800,0.0,0.0
2017-01-31 00:00:00-05:00,82.12999725341797,83.27999877929688,82.0999984741211,82.70999908447266,77.23593139648438,7479400,0.0,0.0
2017-02-01 00:00:00-05:00,82.9000015258789,83.08999633789062,82.05000305175781,82.44000244140625,76.98377990722656,7534400,0.0,0.0
2017-02-02 00:00:00-05:00,82.13999938964844,82.69999694824219,81.56999969482422,82.30000305175781,76.85303497314453,11142300,0.0,0.0
2017-02-03 00:00:00-05:00,85.73999786376953,86.81999969482422,85.11000061035156,86.08000183105469,80.38285064697266,28079600,0.0,0.0
2017-02-06 00:00:00-05:00,86.06999969482422,86.0999984741211,85.51000213623047,85.83000183105469,80.1494140625,9665300,0.0,0.0
2017-02-07 00:00:00-05:00,85.95999908447266,86.3499984741211,85.66999816894531,85.77999877929688,80.10269927978516,8600300,0.0,0.0
2017-02-08 00:00:00-05:00,85.80000305175781,85.83999633789062,85.08000183105469,85.08999633789062,79.4583740234375,7587700,0.0,0.0
2017-02-09 00:00:00-05:00,85.37000274658203,85.7699966430664,84.87999725341797,85.58000183105469,79.91594696044922,6554700,0.0,0.0
2017-02-10 00:00:00-05:00,85.80000305175781,86.13999938964844,85.2300033569336,85.9000015258789,80.21480560302734,10432000,0.0,0.0
2017-02-13 00:00:00-05:00,86.19999694824219,86.69999694824219,86.0,86.44000244140625,80.71903228759766,6046300,0.0,0.0
2017-02-14 00:00:00-05:00,86.5199966430664,86.97000122070312,86.26000213623047,86.8499984741211,81.10189056396484,5952000,0.0,0.0
2017-02-15 00:00:00-05:00,87.0199966430664,87.54000091552734,86.69999694824219,87.54000091552734,81.90184020996094,8049700,0.165,0.0
2017-02-16 00:00:00-05:00,87.55000305175781,87.68000030517578,86.79000091552734,87.41000366210938,81.78022766113281,8680600,0.0,0.0
2017-02-17 00:00:00-05:00,87.2699966430664,87.68000030517578,86.9800033569336,87.45999908447266,81.82697296142578,5887200,0.0,0.0
2017-02-21 00:00:00-05:00,87.51000213623047,88.04000091552734,87.16999816894531,87.91999816894531,82.25737762451172,9301300,0.0,0.0
2017-02-22 00:00:00-05:00,87.61000061035156,88.1500015258789,87.51000213623047,87.80000305175781,82.14508056640625,8389900,0.0,0.0
2017-02-23 00:00:00-05:00,88.2300033569336,88.48999786376953,87.87000274658203,88.18000030517578,82.50060272216797,6040500,0.0,0.0
2017-02-24 00:00:00-05:00,87.36000061035156,88.43000030517578,87.30000305175781,88.43000030517578,82.73451232910156,5151300,0.0,0.0
2017-02-27 00:00:00-05:00,88.31999969482422,88.37999725341797,87.91000366210938,88.0,82.33219146728516,6131600,0.0,0.0
2017-02-28 00:00:00-05:00,88.16000366210938,88.37999725341797,87.76000213623047,87.94000244140625,82.27606964111328,8521900,0.0,0.0
2017-03-01 00:00:00-05:00,88.73999786376953,89.13999938964844,88.41999816894531,88.98999786376953,83.2584457397461,11131400,0.0,0.0
2017-03-02 00:00:00-05:00,89.0,89.12999725341797,88.0999984741211,88.52999877929688,82.82807159423828,10544200,0.0,0.0
2017-03-03 00:00:00-05:00,88.30999755859375,88.91000366210938,88.18000030517578,88.79000091552734,83.07133483886719,5700600,0.0,0.0
2017-03-06 00:00:00-05:00,88.52999877929688,89.2699966430664,88.2699966430664,88.94000244140625,83.21165466308594,7347600,0.0,0.0
2017-03-07 00:00:00-05:00,88.98999786376953,89.30000305175781,88.8499984741211,89.05999755859375,83.32392120361328,5688400,0.0,0.0
2017-03-08 00:00:00-05:00,89.16999816894531,89.30000305175781,88.87000274658203,88.95999908447266,83.23038482666016,5866800,0.0,0.0
2017-03-09 00:00:00-05:00,89.0199966430664,89.5,88.70999908447266,89.11000061035156,83.3707275390625,5953900,0.0,0.0
2017-03-10 00:00:00-05:00,89.5,89.86000061035156,89.0999984741211,89.7300033569336,83.95079040527344,12246700,0.0,0.0
2017-03-13 00:00:00-04:00,89.80000305175781,90.30999755859375,89.61000061035156,90.11000061035156,84.3062973022461,8944100,0.0,0.0
2017-03-14 00:00:00-04:00,89.93000030517578,90.02999877929688,89.23999786376953,89.55000305175781,83.78240203857422,6009400,0.0,0.0
2017-03-15 00:00:00-04:00,89.75,90.0999984741211,89.41000366210938,89.91999816894531,84.1285629272461,6350700,0.0,0.0
2017-03-16 00:00:00-04:00,90.30999755859375,90.33000183105469,89.47000122070312,90.04000091552734,84.24081420898438,9174400,0.0,0.0
2017-03-17 00:00:00-04:00,90.25,90.62999725341797,90.16999816894531,90.23999786376953,84.42794799804688,8613400,0.0,0.0
2017-03-20 00:00:00-04:00,90.29000091552734,92.05000305175781,88.97000122070312,89.18000030517578,83.43621063232422,9438000,0.0,0.0
2017-03-21 00:00:00-04:00,89.48999786376953,89.70999908447266,88.0,88.05999755859375,82.38833618164062,11092100,0.0,0.0
2017-03-22 00:00:00-04:00,87.8499984741211,89.04000091552734,87.8499984741211,88.5199966430664,82.81871032714844,7828600,0.0,0.0
2017-03-23 00:00:00-04:00,88.47000122070312,89.38999938964844,88.41999816894531,88.86000061035156,83.13682556152344,7710700,0.0,0.0
2017-03-24 00:00:00-04:00,89.05999755859375,89.61000061035156,88.97000122070312,89.19000244140625,83.44557189941406,7597600,0.0,0.0
2017-03-27 00:00:00-04:00,88.30999755859375,88.98999786376953,88.06999969482422,88.94999694824219,83.22102355957031,5230000,0.0,0.0
2017-03-28 00:00:00-04:00,89.12000274658203,89.41999816894531,88.48999786376953,89.12000274658203,83.38008117675781,7045500,0.0,0.0
2017-03-29 00:00:00-04:00,88.98999786376953,89.38999938964844,88.55999755859375,89.18000030517578,83.43621063232422,4738000,0.0,0.0
2017-03-30 00:00:00-04:00,89.08000183105469,89.0999984741211,88.5999984741211,89.01000213623047,83.27717590332031,6227100,0.0,0.0
2017-03-31 00:00:00-04:00,88.9800033569336,89.3499984741211,88.87000274658203,88.87000274658203,83.14616394042969,6429800,0.0,0.0
2017-04-03 00:00:00-04:00,89.13999938964844,89.45999908447266,88.4000015258789,89.36000061035156,83.60462188720703,9125800,0.0,0.0
2017-04-04 00:00:00-04:00,89.01000213623047,89.33000183105469,88.66000366210938,88.77999877929688,83.06195068359375,4859900,0.0,0.0
2017-04-05 00:00:00-04:00,89.12999725341797,90.19999694824219,88.94999694824219,89.02999877929688,83.29588317871094,7251600,0.0,0.0
2017-04-06 00:00:00-04:00,89.0,89.26000213623047,88.77999877929688,89.08999633789062,83.35203552246094,8473900,0.0,0.0
2017-04-07 00:00:00-04:00,88.97000122070312,89.23999786376953,88.5199966430664,88.73999786376953,83.02455139160156,5439500,0.0,0.0
2017-04-10 00:00:00-04:00,88.62000274658203,89.25,88.5199966430664,88.86000061035156,83.13682556152344,5999400,0.0,0.0
2017-04-11 00:00:00-04:00,88.5999984741211,88.8499984741211,88.12999725341797,88.8499984741211,83.12747192382812,7058500,0.0,0.0
2017-04-12 00:00:00-04:00,88.69999694824219,89.20999908447266,88.55999755859375,88.68000030517578,82.96841430664062,5912500,0.0,0.0
2017-04-13 00:00:00-04:00,88.47000122070312,89.77999877929688,88.43000030517578,88.87000274658203,83.14616394042969,7242700,0.0,0.0
2017-04-17 00:00:00-04:00,89.08999633789062,89.9000015258789,88.75,89.80999755859375,84.02564239501953,6122800,0.0,0.0
2017-04-18 00:00:00-04:00,89.63999938964844,89.91999816894531,89.23999786376953,89.7300033569336,83.95079040527344,6823500,0.0,0.0
2017-04-19 00:00:00-04:00,90.08999633789062,90.62000274658203,89.5999984741211,89.75,83.969482421875,7301300,0.0,0.0
2017-04-20 00:00:00-04:00,90.13999938964844,91.5,89.9000015258789,91.1500015258789,85.2793197631836,12178300,0.0,0.0
2017-04-21 00:00:00-04:00,92.7699966430664,92.80000305175781,91.0199966430664,91.1500015258789,85.2793197631836,19442600,0.0,0.0
2017-04-24 00:00:00-04:00,92.1500015258789,92.5,91.01000213623047,91.8499984741211,85.9342269897461,11705400,0.0,0.0
2017-04-25 00:00:00-04:00,91.98999786376953,92.3499984741211,91.58000183105469,92.11000061035156,86.17747497558594,7769200,0.0,0.0
2017-04-26 00:00:00-04:00,92.0199966430664,92.4800033569336,91.75,91.81999969482422,85.90615844726562,11295200,0.0,0.0
2017-04-27 00:00:00-04:00,91.94999694824219,92.0,91.27999877929688,91.5999984741211,85.70033264160156,5856800,0.0,0.0
2017-04-28 00:00:00-04:00,91.38999938964844,91.55000305175781,90.9800033569336,91.22000122070312,85.34479522705078,6888500,0.0,0.0
2017-05-01 00:00:00-04:00,91.29000091552734,91.66999816894531,91.13999938964844,91.26000213623047,85.38223266601562,9042100,0.0,0.0
2017-05-02 00:00:00-04:00,91.62000274658203,92.75,91.52999877929688,92.54000091552734,86.57982635498047,11627700,0.0,0.0
2017-05-03 00:00:00-04:00,92.4000015258789,92.55000305175781,91.9800033569336,92.44000244140625,86.48625946044922,4909000,0.0,0.0
2017-05-04 00:00:00-04:00,92.69999694824219,92.8499984741211,92.25,92.62000274658203,86.65464782714844,5257000,0.0,0.0
2017-05-05 00:00:00-04:00,92.9000015258789,92.9800033569336,91.76000213623047,92.08999633789062,86.1587905883789,8844500,0.0,0.0
2017-05-08 00:00:00-04:00,92.05000305175781,92.16000366210938,91.5199966430664,91.91999816894531,85.9997329711914,5223600,0.0,0.0
2017-05-09 00:00:00-04:00,91.9000015258789,92.13999938964844,91.83000183105469,92.0,86.0745849609375,3969500,0.0,0.0
2017-05-10 00:00:00-04:00,91.69999694824219,92.41000366210938,91.68000030517578,92.25,86.3084716796875,6747600,0.0,0.0
2017-05-11 00:00:00-04:00,92.12000274658203,92.30999755859375,91.62000274658203,92.0999984741211,86.16812896728516,7052200,0.0,0.0
2017-05-12 00:00:00-04:00,92.19000244140625,92.77999877929688,91.9800033569336,92.7300033569336,86.75756072998047,5898800,0.0,0.0
2017-05-15 00:00:00-04:00,92.7300033569336,93.41999816894531,92.72000122070312,93.2300033569336,87.22535705566406,7040100,0.0,0.0
2017-05-16 00:00:00-04:00,93.3499984741211,93.72000122070312,92.97000122070312,93.1500015258789,87.15052795410156,5497400,0.0,0.0
2017-05-17 00:00:00-04:00,92.4800033569336,92.76000213623047,91.70999908447266,91.76000213623047,86.00238800048828,8240200,0.165,0.0
2017-05-18 00:00:00-04:00,91.36000061035156,92.4800033569336,91.36000061035156,91.70999908447266,85.95553588867188,8239800,0.0,0.0
2017-05-19 00:00:00-04:00,91.9800033569336,92.80999755859375,91.70999908447266,92.4800033569336,86.6772232055664,9361300,0.0,0.0
2017-05-22 00:00:00-04:00,92.52999877929688,93.5999984741211,92.43000030517578,93.30999755859375,87.45513153076172,9186200,0.0,0.0
2017-05-23 00:00:00-04:00,93.55999755859375,94.06999969482422,93.47000122070312,93.86000061035156,87.97062683105469,7616100,0.0,0.0
2017-05-24 00:00:00-04:00,94.0199966430664,94.98999786376953,94.0199966430664,94.80999755859375,88.86100006103516,6825300,0.0,0.0
2017-05-25 00:00:00-04:00,95.08999633789062,95.37999725341797,94.88999938964844,95.04000091552734,89.0765609741211,7262400,0.0,0.0
2017-05-26 00:00:00-04:00,95.0,95.12000274658203,94.38999938964844,94.66999816894531,88.72979736328125,4133900,0.0,0.0
2017-05-30 00:00:00-04:00,94.66000366210938,94.87999725341797,94.33999633789062,94.72000122070312,88.77664947509766,6292700,0.0,0.0
2017-05-31 00:00:00-04:00,95.08000183105469,95.52999877929688,94.45999908447266,95.2300033569336,89.2546615600586,9866000,0.0,0.0
2017-06-01 00:00:00-04:00,95.4000015258789,95.44999694824219,94.61000061035156,95.4000015258789,89.4139633178711,8911900,0.0,0.0
2017-06-02 00:00:00-04:00,95.41000366210938,96.19000244140625,95.41000366210938,96.1500015258789,90.11692810058594,8570200,0.0,0.0
2017-06-05 00:00:00-04:00,96.31999969482422,96.58999633789062,96.11000061035156,96.55000305175781,90.4918212890625,14510500,0.0,0.0
2017-06-06 00:00:00-04:00,96.2699966430664,96.5999984741211,95.55999755859375,95.79000091552734,89.77947998046875,7030300,0.0,0.0
2017-06-07 00:00:00-04:00,96.02999877929688,96.22000122070312,95.76000213623047,96.08999633789062,90.0606918334961,6720300,0.0,0.0
2017-06-08 00:00:00-04:00,95.87000274658203,96.12000274658203,95.29000091552734,96.08999633789062,90.0606918334961,7720300,0.0,0.0
2017-06-09 00:00:00-04:00,96.08999633789062,96.25,93.70999908447266,94.55999755859375,88.6266860961914,16887100,0.0,0.0
2017-06-12 00:00:00-04:00,93.69000244140625,94.04000091552734,92.80000305175781,93.5,87.6332015991211,15610000,0.0,0.0
2017-06-13 00:00:00-04:00,94.0,95.33999633789062,93.97000122070312,95.08000183105469,89.11405944824219,8700100,0.0,0.0
2017-06-14 00:00:00-04:00,95.31999969482422,96.0,94.94999694824219,95.31999969482422,89.33899688720703,6347000,0.0,0.0
2017-06-15 00:00:00-04:00,94.44000244140625,94.52999877929688,93.52999877929688,94.16999816894531,88.26113891601562,12793900,0.0,0.0
2017-06-16 00:00:00-04:00,94.30999755859375,94.44000244140625,93.73999786376953,94.16999816894531,88.26113891601562,14705100,0.0,0.0
2017-06-19 00:00:00-04:00,94.75,94.8499984741211,94.25,94.79000091552734,88.84224700927734,5984300,0.0,0.0
2017-06-20 00:00:00-04:00,94.79000091552734,94.95999908447266,94.33000183105469,94.37999725341797,88.4579849243164,5626700,0.0,0.0
2017-06-21 00:00:00-04:00,94.61000061035156,94.7699966430664,94.06999969482422,94.54000091552734,88.60794067382812,5611400,0.0,0.0
2017-06-22 00:00:00-04:00,94.48999786376953,94.51000213623047,93.87000274658203,93.94999694824219,88.05493927001953,5846500,0.0,0.0
2017-06-23 00:00:00-04:00,94.16000366210938,95.6500015258789,93.88999938964844,95.58000183105469,89.58267974853516,11637300,0.0,0.0
2017-06-26 00:00:00-04:00,95.80000305175781,96.2699966430664,95.0999984741211,95.22000122070312,89.24527740478516,6970800,0.0,0.0
2017-06-27 00:00:00-04:00,95.1500015258789,95.33999633789062,94.62999725341797,94.9000015258789,88.94535827636719,6283600,0.0,0.0
2017-06-28 00:00:00-04:00,95.1500015258789,96.4000015258789,94.66000366210938,96.2300033569336,90.19190979003906,5571300,0.0,0.0
2017-06-29 00:00:00-04:00,95.79000091552734,95.79000091552734,94.01000213623047,94.41999816894531,88.49546813964844,8872500,0.0,0.0
2017-06-30 00:00:00-04:00,94.37999725341797,94.62000274658203,93.77999877929688,93.77999877929688,87.8956069946289,9036600,0.0,0.0
2017-07-03 00:00:00-04:00,94.37999725341797,94.41000366210938,93.3499984741211,93.3499984741211,87.49263000488281,6197700,0.0,0.0
2017-07-05 00:00:00-04:00,93.75,94.4000015258789,93.72000122070312,94.01000213623047,88.1111831665039,9339600,0.0,0.0
2017-07-06 00:00:00-04:00,93.44999694824219,93.97000122070312,93.19000244140625,93.25,87.3989028930664,8215700,0.0,0.0
2017-07-07 00:00:00-04:00,93.5,94.41000366210938,93.5,93.91999816894531,88.0268325805664,6175800,0.0,0.0
2017-07-10 00:00:00-04:00,94.1500015258789,95.37000274658203,94.1500015258789,95.08999633789062,89.12342071533203,8851800,0.0,0.0
2017-07-11 00:00:00-04:00,95.08000183105469,95.62999725341797,94.93000030517578,95.41000366210938,89.42337799072266,5554100,0.0,0.0
2017-07-12 00:00:00-04:00,95.9800033569336,96.44999694824219,95.62999725341797,96.18000030517578,90.14502716064453,5974800,0.0,0.0
2017-07-13 00:00:00-04:00,96.41999816894531,96.6500015258789,95.7699966430664,95.94000244140625,89.92008972167969,6721700,0.0,0.0
2017-07-14 00:00:00-04:00,96.13999938964844,97.37000274658203,96.12000274658203,96.93000030517578,90.84797668457031,6195800,0.0,0.0
2017-07-17 00:00:00-04:00,97.11000061035156,97.29000091552734,96.58999633789062,96.83000183105469,90.75426483154297,5914900,0.0,0.0
2017-07-18 00:00:00-04:00,96.8499984741211,97.75,96.61000061035156,97.58000183105469,91.45718383789062,7435000,0.0,0.0
2017-07-19 00:00:00-04:00,97.63999938964844,98.33000183105469,97.55000305175781,98.25,92.08517456054688,6390400,0.0,0.0
2017-07-20 00:00:00-04:00,99.11000061035156,99.13999938964844,97.93000030517578,98.11000061035156,91.95394134521484,8572900,0.0,0.0
2017-07-21 00:00:00-04:00,99.5999984741211,100.48999786376953,99.08999633789062,99.5999984741211,93.35045623779297,17400200,0.0,0.0
2017-07-24 00:00:00-04:00,99.55000305175781,100.41999816894531,99.13999938964844,100.37000274658203,94.07212829589844,9186000,0.0,0.0
2017-07-25 00:00:00-04:00,100.6500015258789,100.8499984741211,99.80000305175781,99.98999786376953,93.71598052978516,6774900,0.0,0.0
2017-07-26 00:00:00-04:00,100.01000213623047,100.98999786376953,99.86000061035156,100.8499984741211,94.52201080322266,7205400,0.0,0.0
2017-07-27 00:00:00-04:00,100.97000122070312,101.18000030517578,98.55000305175781,99.56999969482422,93.32231140136719,10543900,0.0,0.0
2017-07-28 00:00:00-04:00,99.12000274658203,99.58999633789062,98.51000213623047,99.1500015258789,92.92867279052734,6558800,0.0,0.0
2017-07-31 00:00:00-04:00,99.5,100.0,99.13999938964844,99.55999755859375,93.31295776367188,7576600,0.0,0.0
2017-08-01 00:00:00-04:00,100.36000061035156,101.06999969482422,99.95999908447266,100.87000274658203,94.54074096679688,6018100,0.0,0.0
2017-08-02 00:00:00-04:00,101.02999877929688,101.27999877929688,100.23999786376953,101.27999877929688,94.92503356933594,5955600,0.0,0.0
2017-08-03 00:00:00-04:00,100.94000244140625,101.0999984741211,100.33000183105469,100.58999633789062,94.27833557128906,5697500,0.0,0.0
2017-08-04 00:00:00-04:00,100.95999908447266,101.33999633789062,100.61000061035156,100.88999938964844,94.55948638916016,4618000,0.0,0.0
2017-08-07 00:00:00-04:00,100.91999816894531,101.54000091552734,100.58999633789062,101.48999786376953,95.12184143066406,7047100,0.0,0.0
2017-08-08 00:00:00-04:00,101.5,101.72000122070312,100.93000030517578,101.27999877929688,94.92503356933594,6283700,0.0,0.0
2017-08-09 00:00:00-04:00,100.76000213623047,101.30000305175781,100.5999984741211,100.97000122070312,94.63449096679688,6902100,0.0,0.0
2017-08-10 00:00:00-04:00,100.54000091552734,100.87999725341797,99.43000030517578,99.48999786376953,93.24734497070312,8560800,0.0,0.0
2017-08-11 00:00:00-04:00,99.55000305175781,100.30000305175781,99.52999877929688,100.08999633789062,93.80970001220703,5268200,0.0,0.0
2017-08-14 00:00:00-04:00,100.9800033569336,102.11000061035156,100.75,101.87000274658203,95.4780044555664,5657600,0.0,0.0
2017-08-15 00:00:00-04:00,102.36000061035156,102.77999877929688,101.97000122070312,102.62999725341797,96.19031524658203,5386000,0.0,0.0
2017-08-16 00:00:00-04:00,102.76000213623047,103.93000030517578,102.63999938964844,103.31999969482422,96.99298095703125,13408300,0.165,0.0
2017-08-17 00:00:00-04:00,103.33000183105469,103.52999877929688,102.16000366210938,102.16000366210938,95.90400695800781,7381600,0.0,0.0
2017-08-18 00:00:00-04:00,102.08000183105469,103.08999633789062,101.94000244140625,102.51000213623047,96.2325668334961,5670900,0.0,0.0
2017-08-21 00:00:00-04:00,102.62000274658203,103.3499984741211,102.33000183105469,103.22000122070312,96.89910125732422,5395000,0.0,0.0
2017-08-22 00:00:00-04:00,103.44000244140625,104.19999694824219,103.13999938964844,104.06999969482422,97.6970443725586,5481000,0.0,0.0
2017-08-23 00:00:00-04:00,103.7699966430664,103.97000122070312,102.98999786376953,103.18000030517578,96.86155700683594,5057200,0.0,0.0
2017-08-24 00:00:00-04:00,103.31999969482422,103.5,102.63999938964844,103.22000122070312,96.89910125732422,4082300,0.0,0.0
2017-08-25 00:00:00-04:00,103.6500015258789,103.87999725341797,103.16000366210938,103.3499984741211,97.02111053466797,4467400,0.0,0.0
2017-08-28 00:00:00-04:00,103.6500015258789,103.83000183105469,103.26000213623047,103.77999877929688,97.4248046875,3919900,0.0,0.0
2017-08-29 00:00:00-04:00,102.91999816894531,104.06999969482422,102.63999938964844,103.7699966430664,97.4154052734375,7135300,0.0,0.0
2017-08-30 00:00:00-04:00,103.69999694824219,104.0,103.5199966430664,103.7300033569336,97.37785339355469,8712700,0.0,0.0
2017-08-31 00:00:00-04:00,104.05999755859375,104.19000244140625,103.02999877929688,103.5199966430664,97.18070983886719,13766000,0.0,0.0
2017-09-01 00:00:00-04:00,104.04000091552734,104.08000183105469,103.44000244140625,103.9000015258789,97.53743743896484,4466800,0.0,0.0
2017-09-05 00:00:00-04:00,103.4000015258789,103.45999908447266,102.26000213623047,103.01000213623047,96.70196533203125,6337500,0.0,0.0
2017-09-06 00:00:00-04:00,103.33999633789062,103.75,103.0999984741211,103.18000030517578,96.86155700683594,6372200,0.0,0.0
2017-09-07 00:00:00-04:00,103.70999908447266,105.44000244140625,103.61000061035156,104.55999755859375,98.15705108642578,6508600,0.0,0.0
2017-09-08 00:00:00-04:00,104.33000183105469,104.7699966430664,104.05999755859375,104.43000030517578,98.03498840332031,5787200,0.0,0.0
2017-09-11 00:00:00-04:00,105.4800033569336,106.1500015258789,105.1500015258789,106.1500015258789,99.64967346191406,6956000,0.0,0.0
2017-09-12 00:00:00-04:00,106.63999938964844,106.63999938964844,105.76000213623047,106.20999908447266,99.70600128173828,5212400,0.0,0.0
2017-09-13 00:00:00-04:00,106.26000213623047,106.26000213623047,105.23999786376953,105.83000183105469,99.34925842285156,6215700,0.0,0.0
2017-09-14 00:00:00-04:00,105.5,106.83999633789062,105.5,106.08000183105469,99.58394622802734,8154000,0.0,0.0
2017-09-15 00:00:00-04:00,105.73999786376953,106.13999938964844,104.94999694824219,105.30000305175781,98.8517074584961,12622900,0.0,0.0
2017-09-18 00:00:00-04:00,105.3499984741211,105.5199966430664,104.62000274658203,104.83000183105469,98.41050720214844,7330300,0.0,0.0
2017-09-19 00:00:00-04:00,105.12999725341797,105.93000030517578,104.83000183105469,105.41000366210938,98.95498657226562,9754400,0.0,0.0
2017-09-20 00:00:00-04:00,105.5,105.7699966430664,104.45999908447266,104.97000122070312,98.54191589355469,8198600,0.0,0.0
2017-09-21 00:00:00-04:00,105.0,105.61000061035156,104.6500015258789,105.30999755859375,98.861083984375,4777600,0.0,0.0
2017-09-22 00:00:00-04:00,105.20999908447266,105.68000030517578,105.05999755859375,105.55999755859375,99.09580993652344,4959400,0.0,0.0
2017-09-25 00:00:00-04:00,105.5,105.6500015258789,102.75,103.0199966430664,96.71131896972656,9395300,0.0,0.0
2017-09-26 00:00:00-04:00,103.11000061035156,104.0199966430664,102.87999725341797,102.94000244140625,96.63623046875,6263600,0.0,0.0
2017-09-27 00:00:00-04:00,103.06999969482422,104.12000274658203,102.9000015258789,103.88999938964844,97.5280532836914,8337400,0.0,0.0
2017-09-28 00:00:00-04:00,103.75,104.9800033569336,103.73999786376953,104.58000183105469,98.17578125,5947800,0.0,0.0
2017-09-29 00:00:00-04:00,104.75,105.43000030517578,104.69000244140625,105.23999786376953,98.7953872680664,7676300,0.0,0.0
2017-10-02 00:00:00-04:00,105.54000091552734,105.98999786376953,105.0999984741211,105.44000244140625,98.98313903808594,4885600,0.0,0.0
2017-10-03 00:00:00-04:00,105.6500015258789,105.9000015258789,105.29000091552734,105.58999633789062,99.12394714355469,4411100,0.0,0.0
2017-10-04 00:00:00-04:00,105.70999908447266,105.73999786376953,104.9000015258789,105.30999755859375,98.861083984375,4146800,0.0,0.0
2017-10-05 00:00:00-04:00,105.5999984741211,106.25,105.1500015258789,106.23999786376953,99.73414611816406,4396100,0.0,0.0
2017-10-06 00:00:00-04:00,106.29000091552734,106.95999908447266,105.87000274658203,106.7300033569336,100.19415283203125,4587000,0.0,0.0
2017-10-09 00:00:00-04:00,106.5999984741211,107.6500015258789,106.54000091552734,107.01000213623047,100.45700073242188,4787000,0.0,0.0
2017-10-10 00:00:00-04:00,107.58000183105469,107.5999984741211,106.81999969482422,107.30999755859375,100.7386245727539,4015600,0.0,0.0
2017-10-11 00:00:00-04:00,107.69999694824219,108.58999633789062,107.5999984741211,108.44000244140625,101.7994384765625,6473100,0.0,0.0
2017-10-12 00:00:00-04:00,108.5,108.70999908447266,107.9000015258789,108.11000061035156,101.4896469116211,6496100,0.0,0.0
2017-10-13 00:00:00-04:00,108.5,109.26000213623047,108.4000015258789,108.66000366210938,102.0059814453125,5154600,0.0,0.0
2017-10-16 00:00:00-04:00,108.79000091552734,109.05000305175781,107.16000366210938,108.30000305175781,101.66801452636719,5552200,0.0,0.0
2017-10-17 00:00:00-04:00,108.25,108.41999816894531,107.30000305175781,107.54000091552734,100.95455932617188,5979400,0.0,0.0
2017-10-18 00:00:00-04:00,107.62000274658203,108.0,107.45999908447266,107.80000305175781,101.19862365722656,4817300,0.0,0.0
2017-10-19 00:00:00-04:00,107.2699966430664,107.77999877929688,106.9000015258789,107.0199966430664,100.46638488769531,10840200,0.0,0.0
2017-10-20 00:00:00-04:00,107.69999694824219,107.69999694824219,106.97000122070312,107.55000305175781,100.96393585205078,7848900,0.0,0.0
2017-10-23 00:00:00-04:00,108.05000305175781,108.2300033569336,107.0999984741211,107.52999877929688,100.94514465332031,6316700,0.0,0.0
2017-10-24 00:00:00-04:00,107.55999755859375,108.63999938964844,107.18000030517578,108.41000366210938,101.77127075195312,10511200,0.0,0.0
2017-10-25 00:00:00-04:00,109.41000366210938,110.61000061035156,108.0,109.48999786376953,102.78512573242188,13261300,0.0,0.0
2017-10-26 00:00:00-04:00,110.37999725341797,110.73999786376953,109.66999816894531,109.80000305175781,103.07613372802734,7380100,0.0,0.0
2017-10-27 00:00:00-04:00,110.06999969482422,110.12999725341797,108.69000244140625,109.70999908447266,102.99164581298828,7862700,0.0,0.0
2017-10-30 00:00:00-04:00,109.66999816894531,110.23999786376953,108.91999816894531,110.04000091552734,103.30146026611328,5148600,0.0,0.0
2017-10-31 00:00:00-04:00,110.58000183105469,110.69000244140625,108.66000366210938,109.9800033569336,103.2451171875,8002500,0.0,0.0
2017-11-01 00:00:00-04:00,110.5,111.4000015258789,110.41999816894531,111.06999969482422,104.26836395263672,6167300,0.0,0.0
2017-11-02 00:00:00-04:00,111.0199966430664,111.37000274658203,110.19999694824219,110.9800033569336,104.18387603759766,5506600,0.0,0.0
2017-11-03 00:00:00-04:00,110.94000244140625,111.41999816894531,110.51000213623047,111.36000061035156,104.54061889648438,3757600,0.0,0.0
2017-11-06 00:00:00-05:00,111.36000061035156,112.1500015258789,111.19999694824219,111.91999816894531,105.06631469726562,4094700,0.0,0.0
2017-11-07 00:00:00-05:00,112.25,112.47000122070312,111.55999755859375,112.08999633789062,105.22592163085938,3697900,0.0,0.0
2017-11-08 00:00:00-05:00,112.01000213623047,112.91000366210938,111.81999969482422,112.47000122070312,105.58264923095703,4417800,0.0,0.0
2017-11-09 00:00:00-05:00,111.80000305175781,112.22000122070312,110.93000030517578,112.13999938964844,105.27283477783203,4334700,0.0,0.0
2017-11-10 00:00:00-05:00,111.70999908447266,111.9800033569336,111.27999877929688,111.87999725341797,105.02874755859375,4198900,0.0,0.0
2017-11-13 00:00:00-05:00,111.55000305175781,111.86000061035156,111.33999633789062,111.4000015258789,104.57817077636719,7185600,0.0,0.0
2017-11-14 00:00:00-05:00,111.08000183105469,112.04000091552734,110.80999755859375,111.9800033569336,105.12265014648438,5679600,0.0,0.0
2017-11-15 00:00:00-05:00,111.33999633789062,111.87000274658203,110.13999938964844,110.25,103.49857330322266,6895100,0.0,0.0
2017-11-16 00:00:00-05:00,110.75,111.44000244140625,110.56999969482422,111.0199966430664,104.4061050415039,5655100,0.195,0.0
2017-11-17 00:00:00-05:00,110.69000244140625,110.91000366210938,109.69999694824219,109.81999969482422,103.27759552001953,8812400,0.0,0.0
2017-11-20 00:00:00-05:00,109.94999694824219,110.68000030517578,109.69000244140625,109.94999694824219,103.39984893798828,6873200,0.0,0.0
2017-11-21 00:00:00-05:00,110.44999694824219,111.48999786376953,110.30000305175781,111.44999694824219,104.81048583984375,6456500,0.0,0.0
2017-11-22 00:00:00-05:00,111.5,111.66000366210938,110.69999694824219,110.81999969482422,104.21800231933594,4067600,0.0,0.0
2017-11-24 00:00:00-05:00,111.30999755859375,112.16000366210938,111.13999938964844,111.97000122070312,105.29950714111328,3045600,0.0,0.0
2017-11-27 00:00:00-05:00,112.0,112.54000091552734,111.91000366210938,112.37999725341797,105.68507385253906,6620500,0.0,0.0
2017-11-28 00:00:00-05:00,112.5999984741211,113.62000274658203,112.55999755859375,113.36000061035156,106.60671997070312,6671300,0.0,0.0
2017-11-29 00:00:00-05:00,113.62000274658203,113.62000274658203,106.9000015258789,109.86000061035156,103.315185546875,14505400,0.0,0.0
2017-11-30 00:00:00-05:00,110.5,112.58999633789062,110.02999877929688,112.58999633789062,105.88258361816406,18533300,0.0,0.0
2017-12-01 00:00:00-05:00,112.37999725341797,112.44000244140625,109.76000213623047,110.7300033569336,104.13337707519531,13101800,0.0,0.0
2017-12-04 00:00:00-05:00,111.33000183105469,111.44999694824219,106.97000122070312,107.43000030517578,101.02998352050781,18909100,0.0,0.0
2017-12-05 00:00:00-05:00,108.88999938964844,109.23999786376953,106.5999984741211,108.58000183105469,102.11146545410156,12081500,0.0,0.0
2017-12-06 00:00:00-05:00,108.48999786376953,110.16999816894531,108.26000213623047,109.73999786376953,103.20235443115234,7532100,0.0,0.0
2017-12-07 00:00:00-05:00,109.7699966430664,111.41000366210938,109.44999694824219,111.4000015258789,104.76348114013672,7384900,0.0,0.0
2017-12-08 00:00:00-05:00,112.12999725341797,112.61000061035156,111.81999969482422,112.5999984741211,105.89198303222656,7594900,0.0,0.0
2017-12-11 00:00:00-05:00,112.5,113.3499984741211,112.16000366210938,112.37000274658203,105.6756591796875,7538600,0.0,0.0
2017-12-12 00:00:00-05:00,112.37000274658203,113.7300033569336,112.0,113.45999908447266,106.70076751708984,8754400,0.0,0.0
2017-12-13 00:00:00-05:00,113.75,114.37000274658203,113.19000244140625,113.30999755859375,106.5596923828125,8088900,0.0,0.0
2017-12-14 00:00:00-05:00,113.55000305175781,114.08999633789062,112.91999816894531,112.91999816894531,106.19290924072266,9815600,0.0,0.0
2017-12-15 00:00:00-05:00,113.97000122070312,114.19999694824219,112.38999938964844,113.81999969482422,107.03927612304688,16388000,0.0,0.0
2017-12-18 00:00:00-05:00,114.69000244140625,114.75,113.25,113.55000305175781,106.78538513183594,8961800,0.0,0.0
2017-12-19 00:00:00-05:00,113.27999877929688,113.27999877929688,112.08000183105469,112.13999938964844,105.45936584472656,7899400,0.0,0.0
2017-12-20 00:00:00-05:00,112.72000122070312,113.0999984741211,111.98999786376953,112.12000274658203,105.4405746459961,6201900,0.0,0.0
2017-12-21 00:00:00-05:00,112.5999984741211,113.0999984741211,112.31999969482422,112.41000366210938,105.7132797241211,8866400,0.0,0.0
2017-12-22 00:00:00-05:00,112.38999938964844,113.11000061035156,112.25,112.69000244140625,105.97660827636719,6190100,0.0,0.0
2017-12-26 00:00:00-05:00,112.06999969482422,113.44000244140625,112.06999969482422,112.98999786376953,106.25872802734375,3948900,0.0,0.0
2017-12-27 00:00:00-05:00,112.69000244140625,114.06999969482422,112.6500015258789,114.0199966430664,107.22737121582031,7073100,0.0,0.0
2017-12-28 00:00:00-05:00,114.30000305175781,114.91999816894531,113.98999786376953,114.3499984741211,107.53771209716797,6937100,0.0,0.0
2017-12-29 00:00:00-05:00,114.75,114.88999938964844,114.0199966430664,114.0199966430664,107.22737121582031,5249000,0.0,0.0
2018-01-02 00:00:00-05:00,114.56999969482422,115.08000183105469,113.94999694824219,114.51000213623047,107.68818664550781,6080900,0.0,0.0
2018-01-03 00:00:00-05:00,114.94999694824219,115.79000091552734,114.66000366210938,115.6500015258789,108.76024627685547,6946100,0.0,0.0
2018-01-04 00:00:00-05:00,116.25,117.36000061035156,116.02999877929688,116.08000183105469,109.16464233398438,7805300,0.0,0.0
2018-01-05 00:00:00-05:00,116.98999786376953,119.0,116.41999816894531,118.86000061035156,111.77904510498047,8590500,0.0,0.0
2018-01-08 00:00:00-05:00,118.61000061035156,120.4800033569336,118.06999969482422,119.33999633789062,112.23043823242188,6660700,0.0,0.0
2018-01-09 00:00:00-05:00,119.97000122070312,119.97000122070312,118.66000366210938,119.11000061035156,112.01415252685547,6562400,0.0,0.0
2018-01-10 00:00:00-05:00,118.69000244140625,119.05000305175781,117.45999908447266,118.9800033569336,111.89190673828125,7490300,0.0,0.0
2018-01-11 00:00:00-05:00,118.80000305175781,119.9800033569336,118.68000030517578,119.83999633789062,112.7006607055664,5982100,0.0,0.0
2018-01-12 00:00:00-05:00,120.12000274658203,120.3499984741211,119.70999908447266,120.08999633789062,112.93575286865234,5585800,0.0,0.0
2018-01-16 00:00:00-05:00,121.18000030517578,121.94000244140625,119.91000366210938,120.38999938964844,113.2178955078125,8803800,0.0,0.0
2018-01-17 00:00:00-05:00,121.19999694824219,122.16000366210938,120.7300033569336,121.9800033569336,114.71316528320312,7991500,0.0,0.0
2018-01-18 00:00:00-05:00,122.5199966430664,123.19999694824219,122.02999877929688,123.11000061035156,115.7758560180664,8661000,0.0,0.0
2018-01-19 00:00:00-05:00,123.05000305175781,123.6500015258789,121.91999816894531,122.69999694824219,115.3902816772461,8250700,0.0,0.0
2018-01-22 00:00:00-05:00,122.87000274658203,124.33000183105469,122.4000015258789,124.33000183105469,116.92315673828125,9355000,0.0,0.0
2018-01-23 00:00:00-05:00,124.5999984741211,125.51000213623047,124.20999908447266,124.6500015258789,117.22411346435547,5683300,0.0,0.0
2018-01-24 00:00:00-05:00,125.05000305175781,125.44999694824219,123.70999908447266,124.55000305175781,117.13008880615234,6425200,0.0,0.0
2018-01-25 00:00:00-05:00,125.0,125.47000122070312,124.62999725341797,125.22000122070312,117.7601547241211,7166400,0.0,0.0
2018-01-26 00:00:00-05:00,125.7699966430664,126.37999725341797,124.76000213623047,126.31999969482422,118.79463195800781,5604900,0.0,0.0
2018-01-29 00:00:00-05:00,126.73999786376953,126.87999725341797,124.69000244140625,124.83999633789062,117.40280151367188,6257900,0.0,0.0
2018-01-30 00:00:00-05:00,123.81999969482422,124.29000091552734,122.83999633789062,123.55000305175781,116.18965911865234,8154400,0.0,0.0
2018-01-31 00:00:00-05:00,123.77999877929688,124.4800033569336,123.04000091552734,124.2300033569336,116.82913970947266,7338200,0.0,0.0
2018-02-01 00:00:00-05:00,124.73999786376953,126.26000213623047,124.0999984741211,125.72000122070312,118.23036193847656,11169700,0.0,0.0
2018-02-02 00:00:00-05:00,123.72000122070312,123.72000122070312,120.69999694824219,120.91000366210938,113.70692443847656,13937700,0.0,0.0
2018-02-05 00:00:00-05:00,118.69999694824219,121.12999725341797,115.01000213623047,116.2699966430664,109.34335327148438,16623900,0.0,0.0
2018-02-06 00:00:00-05:00,115.19999694824219,120.30000305175781,113.25,119.97000122070312,112.82290649414062,19053300,0.0,0.0
2018-02-07 00:00:00-05:00,120.08999633789062,122.45999908447266,119.20999908447266,119.6500015258789,112.52198791503906,9294000,0.0,0.0
2018-02-08 00:00:00-05:00,119.52999877929688,119.81999969482422,113.54000091552734,113.86000061035156,107.0769271850586,12673400,0.0,0.0
2018-02-09 00:00:00-05:00,114.55000305175781,117.20999908447266,111.0199966430664,116.31999969482422,109.39035034179688,17695500,0.0,0.0
2018-02-12 00:00:00-05:00,117.79000091552734,118.83999633789062,116.87999725341797,118.47000122070312,111.41228485107422,11526300,0.0,0.0
2018-02-13 00:00:00-05:00,117.8499984741211,118.80000305175781,117.12999725341797,118.3499984741211,111.29942321777344,7803900,0.0,0.0
2018-02-14 00:00:00-05:00,117.62000274658203,120.94999694824219,117.5,120.83000183105469,113.6317138671875,9206400,0.0,0.0
2018-02-15 00:00:00-05:00,121.69999694824219,122.30999755859375,119.97000122070312,122.27999877929688,115.19551849365234,6921300,0.21,0.0
2018-02-16 00:00:00-05:00,121.62999725341797,122.98999786376953,121.56999969482422,121.8499984741211,114.79043579101562,6371400,0.0,0.0
2018-02-20 00:00:00-05:00,121.3499984741211,123.05000305175781,121.0199966430664,122.01000213623047,114.941162109375,6182800,0.0,0.0
2018-02-21 00:00:00-05:00,122.05000305175781,122.83000183105469,120.41000366210938,120.43000030517578,113.45272064208984,7676100,0.0,0.0
2018-02-22 00:00:00-05:00,120.66999816894531,121.37999725341797,119.62000274658203,120.37999725341797,113.40557861328125,4994000,0.0,0.0
2018-02-23 00:00:00-05:00,121.56999969482422,122.95999908447266,121.22000122070312,122.93000030517578,115.80784606933594,5036900,0.0,0.0
2018-02-26 00:00:00-05:00,123.58000183105469,124.5999984741211,123.31999969482422,124.58999633789062,117.37166595458984,6270500,0.0,0.0
2018-02-27 00:00:00-05:00,124.69999694824219,125.30000305175781,123.3499984741211,123.37000274658203,116.22232818603516,7287200,0.0,0.0
2018-02-28 00:00:00-05:00,123.6500015258789,124.9800033569336,122.87999725341797,122.94000244140625,115.81727600097656,6780900,0.0,0.0
2018-03-01 00:00:00-05:00,123.26000213623047,124.0,119.62000274658203,120.4000015258789,113.4244384765625,8819600,0.0,0.0
2018-03-02 00:00:00-05:00,119.08999633789062,120.9800033569336,117.86000061035156,120.7699966430664,113.77298736572266,7581900,0.0,0.0
2018-03-05 00:00:00-05:00,120.44999694824219,122.30999755859375,119.44000244140625,121.87999725341797,114.81865692138672,5810200,0.0,0.0
2018-03-06 00:00:00-05:00,122.83000183105469,123.23999786376953,120.66999816894531,121.05999755859375,114.04619598388672,7464400,0.0,0.0
2018-03-07 00:00:00-05:00,120.02999877929688,122.23999786376953,119.69999694824219,121.8499984741211,114.79043579101562,7254100,0.0,0.0
2018-03-08 00:00:00-05:00,121.95999908447266,122.81999969482422,121.16999816894531,122.22000122070312,115.13896942138672,6948900,0.0,0.0
2018-03-09 00:00:00-05:00,123.25,124.79000091552734,122.87000274658203,124.51000213623047,117.29629516601562,6397700,0.0,0.0
2018-03-12 00:00:00-04:00,124.75,124.9800033569336,123.4800033569336,124.23999786376953,117.04192352294922,8636000,0.0,0.0
2018-03-13 00:00:00-04:00,124.25,125.0,122.9000015258789,123.19999694824219,116.06220245361328,9479500,0.0,0.0
2018-03-14 00:00:00-04:00,124.04000091552734,124.04000091552734,121.9000015258789,122.58000183105469,115.47811889648438,7855000,0.0,0.0
2018-03-15 00:00:00-04:00,123.12999725341797,124.41999816894531,122.69999694824219,123.41000366210938,116.26004028320312,5861900,0.0,0.0
2018-03-16 00:00:00-04:00,123.8499984741211,125.05000305175781,123.33000183105469,124.52999877929688,117.31513977050781,9447100,0.0,0.0
2018-03-19 00:00:00-04:00,123.94000244140625,124.30999755859375,122.27999877929688,123.20999908447266,116.07160186767578,17387800,0.0,0.0
2018-03-20 00:00:00-04:00,123.37999725341797,125.16999816894531,123.30000305175781,124.91000366210938,117.67314910888672,7779700,0.0,0.0
2018-03-21 00:00:00-04:00,124.9000015258789,125.44000244140625,123.06999969482422,123.22000122070312,116.08106231689453,7359500,0.0,0.0
2018-03-22 00:00:00-04:00,122.19999694824219,122.68000030517578,119.69999694824219,119.98999786376953,113.03820037841797,10501500,0.0,0.0
2018-03-23 00:00:00-04:00,119.88999938964844,120.33000183105469,116.76000213623047,117.0,110.22140502929688,10024300,0.0,0.0
2018-03-26 00:00:00-04:00,119.08999633789062,120.73999786376953,117.80000305175781,120.63999938964844,113.6505355834961,8735400,0.0,0.0
2018-03-27 00:00:00-04:00,121.5199966430664,121.5999984741211,116.73999786376953,117.4000015258789,110.59823608398438,9008600,0.0,0.0
2018-03-28 00:00:00-04:00,116.93000030517578,118.06999969482422,116.02999877929688,116.98999786376953,110.21197509765625,9420400,0.0,0.0
2018-03-29 00:00:00-04:00,117.68000030517578,120.58999633789062,117.04000091552734,119.62000274658203,112.68962860107422,12918100,0.0,0.0
2018-04-02 00:00:00-04:00,119.2699966430664,119.83000183105469,116.76000213623047,118.38999938964844,111.53086853027344,9877100,0.0,0.0
2018-04-03 00:00:00-04:00,118.88999938964844,119.98999786376953,117.48999786376953,119.19999694824219,112.29393768310547,7084800,0.0,0.0
2018-04-04 00:00:00-04:00,116.9000015258789,120.12000274658203,116.70999908447266,119.80999755859375,112.86862182617188,8425700,0.0,0.0
2018-04-05 00:00:00-04:00,121.0,122.01000213623047,120.37000274658203,121.19000244140625,114.16866302490234,6816000,0.0,0.0
2018-04-06 00:00:00-04:00,120.18000030517578,120.55999755859375,117.12000274658203,117.69999694824219,110.88082885742188,8383800,0.0,0.0
2018-04-09 00:00:00-04:00,118.62999725341797,120.66999816894531,118.62999725341797,118.79000091552734,111.90769958496094,7024800,0.0,0.0
2018-04-10 00:00:00-04:00,120.55999755859375,121.16000366210938,119.63999938964844,120.72000122070312,113.72589111328125,8947200,0.0,0.0
2018-04-11 00:00:00-04:00,119.98999786376953,121.66000366210938,119.62000274658203,119.77999877929688,112.84033203125,5874900,0.0,0.0
2018-04-12 00:00:00-04:00,120.4000015258789,121.9800033569336,120.38999938964844,121.06999969482422,114.05560302734375,5666000,0.0,0.0
2018-04-13 00:00:00-04:00,121.7300033569336,122.47000122070312,120.6500015258789,120.75,113.75415802001953,9174300,0.0,0.0
2018-04-16 00:00:00-04:00,122.11000061035156,122.87000274658203,121.51000213623047,121.87999725341797,114.81865692138672,6903200,0.0,0.0
2018-04-17 00:00:00-04:00,122.91000366210938,124.26000213623047,122.5199966430664,123.80000305175781,116.62744140625,5979600,0.0,0.0
2018-04-18 00:00:00-04:00,124.05999755859375,124.87000274658203,123.37999725341797,124.4800033569336,117.2680435180664,5171000,0.0,0.0
2018-04-19 00:00:00-04:00,124.30999755859375,124.72000122070312,123.1500015258789,123.95999908447266,116.77816772460938,7294100,0.0,0.0
2018-04-20 00:00:00-04:00,124.05999755859375,124.81999969482422,123.30999755859375,124.19999694824219,117.00426483154297,7479400,0.0,0.0
2018-04-23 00:00:00-04:00,124.30000305175781,124.97000122070312,123.9000015258789,124.45999908447266,117.24919891357422,8004300,0.0,0.0
2018-04-24 00:00:00-04:00,124.87000274658203,125.04000091552734,120.55000305175781,121.2699966430664,114.24402618408203,9434400,0.0,0.0
2018-04-25 00:00:00-04:00,121.13999938964844,121.3499984741211,119.37000274658203,121.20999908447266,114.18750762939453,8001200,0.0,0.0
2018-04-26 00:00:00-04:00,125.13999938964844,127.58999633789062,123.77999877929688,127.08000183105469,119.71741485595703,14345800,0.0,0.0
2018-04-27 00:00:00-04:00,126.44000244140625,127.05999755859375,125.38999938964844,126.01000213623047,118.70941162109375,6842700,0.0,0.0
2018-04-30 00:00:00-04:00,126.73999786376953,127.9000015258789,126.66000366210938,126.87999725341797,119.52899169921875,8449200,0.0,0.0
2018-05-01 00:00:00-04:00,126.86000061035156,127.56999969482422,125.51000213623047,127.51000213623047,120.12250518798828,6407300,0.0,0.0
2018-05-02 00:00:00-04:00,127.87999725341797,128.10000610351562,126.0,126.37999725341797,119.0579605102539,8515300,0.0,0.0
2018-05-03 00:00:00-04:00,125.80999755859375,127.45999908447266,125.31999969482422,127.18000030517578,119.81161499023438,6778600,0.0,0.0
2018-05-04 00:00:00-04:00,126.33000183105469,128.36000061035156,126.06999969482422,128.16000366210938,120.73483276367188,5798400,0.0,0.0
2018-05-07 00:00:00-04:00,128.39999389648438,129.52000427246094,128.25,129.25999450683594,121.7710952758789,5737300,0.0,0.0
2018-05-08 00:00:00-04:00,129.13999938964844,129.97000122070312,128.30999755859375,129.89999389648438,122.37400817871094,5044700,0.0,0.0
2018-05-09 00:00:00-04:00,130.00999450683594,131.0,129.58999633789062,130.83999633789062,123.25955963134766,6119400,0.0,0.0
2018-05-10 00:00:00-04:00,131.2899932861328,131.75,130.72000122070312,131.0,123.41028594970703,6585800,0.0,0.0
2018-05-11 00:00:00-04:00,131.0,132.08999633789062,130.22999572753906,131.82000732421875,124.1827621459961,5437100,0.0,0.0
2018-05-14 00:00:00-04:00,132.42999267578125,132.5,130.6699981689453,131.2100067138672,123.60814666748047,5017000,0.0,0.0
2018-05-15 00:00:00-04:00,130.55999755859375,131.39999389648438,129.89999389648438,131.10000610351562,123.5045166015625,5532300,0.0,0.0
2018-05-16 00:00:00-04:00,131.08999633789062,131.39999389648438,130.5399932861328,130.88999938964844,123.30664825439453,5124200,0.0,0.0
2018-05-17 00:00:00-04:00,130.5800018310547,130.8000030517578,129.61000061035156,129.92999267578125,122.59896850585938,4911700,0.21,0.0
2018-05-18 00:00:00-04:00,129.6199951171875,130.33999633789062,129.07000732421875,129.92999267578125,122.59896850585938,6082700,0.0,0.0
2018-05-21 00:00:00-04:00,130.9499969482422,131.50999450683594,129.99000549316406,130.66000366210938,123.2878189086914,5591800,0.0,0.0
2018-05-22 00:00:00-04:00,131.0,131.77999877929688,130.5,130.7100067138672,123.3349838256836,6645500,0.0,0.0
2018-05-23 00:00:00-04:00,130.05999755859375,131.91000366210938,129.8000030517578,131.8800048828125,124.4389877319336,6569100,0.0,0.0
2018-05-24 00:00:00-04:00,131.82000732421875,132.2100067138672,130.5,131.88999938964844,124.4483871459961,6035200,0.0,0.0
2018-05-25 00:00:00-04:00,131.8800048828125,132.10000610351562,130.92999267578125,131.27999877929688,123.872802734375,7509600,0.0,0.0
2018-05-29 00:00:00-04:00,130.38999938964844,131.0500030517578,129.05999755859375,129.69000244140625,122.37252044677734,10401900,0.0,0.0
2018-05-30 00:00:00-04:00,130.1999969482422,131.10000610351562,129.8699951171875,130.63999938964844,123.26893615722656,10631300,0.0,0.0
2018-05-31 00:00:00-04:00,130.64999389648438,131.5800018310547,129.97999572753906,130.72000122070312,123.34440612792969,11086000,0.0,0.0
2018-06-01 00:00:00-04:00,131.83999633789062,132.50999450683594,130.36000061035156,130.85000610351562,123.46710205078125,8323400,0.0,0.0
2018-06-04 00:00:00-04:00,131.94000244140625,133.57000732421875,131.42999267578125,133.07000732421875,125.56184387207031,7178000,0.0,0.0
2018-06-05 00:00:00-04:00,133.3800048828125,133.6199951171875,132.6999969482422,133.55999755859375,126.02409362792969,6198200,0.0,0.0
2018-06-06 00:00:00-04:00,134.0,136.30999755859375,133.61000061035156,136.27999877929688,128.5906524658203,8065800,0.0,0.0
2018-06-07 00:00:00-04:00,136.36000061035156,136.5800018310547,133.0500030517578,133.83999633789062,126.28836822509766,8309200,0.0,0.0
2018-06-08 00:00:00-04:00,133.44000244140625,134.9199981689453,133.22999572753906,134.74000549316406,127.1375961303711,5261000,0.0,0.0
2018-06-11 00:00:00-04:00,134.89999389648438,135.19000244140625,133.80999755859375,133.91000366210938,126.35442352294922,7988700,0.0,0.0
2018-06-12 00:00:00-04:00,134.0399932861328,135.1300048828125,133.5399932861328,134.86000061035156,127.25079345703125,5743300,0.0,0.0
2018-06-13 00:00:00-04:00,135.17999267578125,135.77000427246094,134.30999755859375,134.39999389648438,126.81674194335938,4881600,0.0,0.0
2018-06-14 00:00:00-04:00,134.9600067138672,135.6999969482422,134.75,135.0,127.38288116455078,6464100,0.0,0.0
2018-06-15 00:00:00-04:00,135.10000610351562,135.72999572753906,134.0,135.10000610351562,127.47724914550781,10044500,0.0,0.0
2018-06-18 00:00:00-04:00,134.3699951171875,136.30999755859375,134.1199951171875,136.1999969482422,128.51519775390625,8713300,0.0,0.0
2018-06-19 00:00:00-04:00,134.55999755859375,135.24000549316406,133.57000732421875,135.11000061035156,127.48668670654297,6557600,0.0,0.0
2018-06-20 00:00:00-04:00,135.52000427246094,136.69000244140625,135.5,135.5,127.85478210449219,7192000,0.0,0.0
2018-06-21 00:00:00-04:00,135.27000427246094,136.1199951171875,134.25999450683594,134.52999877929688,126.93942260742188,8689800,0.0,0.0
2018-06-22 00:00:00-04:00,135.60000610351562,135.85000610351562,134.25999450683594,135.3300018310547,127.69429779052734,6031900,0.0,0.0
2018-06-25 00:00:00-04:00,134.91000366210938,134.91000366210938,129.52999877929688,130.92999267578125,123.54255676269531,10086200,0.0,0.0
2018-06-26 00:00:00-04:00,132.11000061035156,133.7899932861328,131.61000061035156,132.5500030517578,125.07113647460938,7733900,0.0,0.0
2018-06-27 00:00:00-04:00,133.00999450683594,133.66000366210938,131.00999450683594,131.02000427246094,123.62751007080078,7282100,0.0,0.0
2018-06-28 00:00:00-04:00,131.0,133.1199951171875,130.64999389648438,132.74000549316406,125.25044250488281,6576500,0.0,0.0
2018-06-29 00:00:00-04:00,133.27999877929688,134.19000244140625,132.4499969482422,132.4499969482422,124.97679138183594,7259000,0.0,0.0
2018-07-02 00:00:00-04:00,131.9600067138672,133.0500030517578,131.14999389648438,132.5,125.02393341064453,7554400,0.0,0.0
2018-07-03 00:00:00-04:00,133.00999450683594,133.41000366210938,131.4199981689453,131.4499969482422,124.0332260131836,3621600,0.0,0.0
2018-07-05 00:00:00-04:00,132.1300048828125,133.3300018310547,131.8300018310547,133.2899932861328,125.76936340332031,4729300,0.0,0.0
2018-07-06 00:00:00-04:00,133.5800018310547,134.27999877929688,132.5,134.08999633789062,126.52427673339844,4839800,0.0,0.0
2018-07-09 00:00:00-04:00,134.94000244140625,135.97000122070312,134.7899932861328,135.52000427246094,127.87359619140625,8960700,0.0,0.0
2018-07-10 00:00:00-04:00,135.57000732421875,137.3300018310547,135.33999633789062,136.69000244140625,128.97760009765625,6561900,0.0,0.0
2018-07-11 00:00:00-04:00,136.6300048828125,138.80999755859375,136.60000610351562,138.14999389648438,130.35516357421875,10648700,0.0,0.0
2018-07-12 00:00:00-04:00,139.00999450683594,139.9499969482422,138.66000366210938,139.89999389648438,132.00643920898438,11816100,0.0,0.0
2018-07-13 00:00:00-04:00,139.7899932861328,140.02999877929688,137.5399932861328,139.4199981689453,131.5535125732422,7865700,0.0,0.0
2018-07-16 00:00:00-04:00,139.4199981689453,139.5500030517578,138.16000366210938,138.4600067138672,130.64768981933594,4969900,0.0,0.0
2018-07-17 00:00:00-04:00,138.17999267578125,139.91000366210938,137.4199981689453,139.63999938964844,131.76109313964844,5412600,0.0,0.0
2018-07-18 00:00:00-04:00,139.91000366210938,141.1699981689453,139.3699951171875,140.89999389648438,132.9500274658203,7008600,0.0,0.0
2018-07-19 00:00:00-04:00,140.9499969482422,140.99000549316406,139.92999267578125,140.1300048828125,132.22352600097656,7937000,0.0,0.0
2018-07-20 00:00:00-04:00,140.0,141.47000122070312,139.9199981689453,140.99000549316406,133.03494262695312,7153600,0.0,0.0
2018-07-23 00:00:00-04:00,140.66000366210938,140.97000122070312,139.63999938964844,140.02999877929688,132.1290740966797,7723600,0.0,0.0
2018-07-24 00:00:00-04:00,140.99000549316406,141.47000122070312,139.50999450683594,140.02999877929688,132.1290740966797,8336700,0.0,0.0
2018-07-25 00:00:00-04:00,140.33999633789062,142.77000427246094,139.89999389648438,142.63999938964844,134.5918426513672,8376000,0.0,0.0
2018-07-26 00:00:00-04:00,141.61000061035156,142.7899932861328,139.52999877929688,142.5,134.45977783203125,10520800,0.0,0.0
2018-07-27 00:00:00-04:00,143.0800018310547,143.13999938964844,139.2100067138672,140.7100067138672,132.77078247070312,7014900,0.0,0.0
2018-07-30 00:00:00-04:00,140.1300048828125,140.4199981689453,135.30999755859375,136.47999572753906,128.77940368652344,12812400,0.0,0.0
2018-07-31 00:00:00-04:00,137.1300048828125,138.02000427246094,135.6300048828125,136.74000549316406,129.02476501464844,7683300,0.0,0.0
2018-08-01 00:00:00-04:00,137.74000549316406,138.74000549316406,137.41000366210938,138.25,130.44956970214844,7087700,0.0,0.0
2018-08-02 00:00:00-04:00,137.4499969482422,139.19000244140625,137.0,138.9199981689453,131.0817413330078,12300000,0.0,0.0
2018-08-03 00:00:00-04:00,139.2899932861328,139.86000061035156,137.94000244140625,139.82000732421875,131.93099975585938,4617500,0.0,0.0
2018-08-06 00:00:00-04:00,139.64999389648438,140.25999450683594,139.0500030517578,139.7100067138672,131.8271484375,5143000,0.0,0.0
2018-08-07 00:00:00-04:00,139.97999572753906,140.69000244140625,139.8699951171875,140.27999877929688,132.36505126953125,10034500,0.0,0.0
2018-08-08 00:00:00-04:00,139.97999572753906,140.99000549316406,139.8300018310547,140.67999267578125,132.74241638183594,5389500,0.0,0.0
2018-08-09 00:00:00-04:00,140.72999572753906,141.24000549316406,139.89999389648438,140.00999450683594,132.11024475097656,5679300,0.0,0.0
2018-08-10 00:00:00-04:00,139.8800048828125,140.74000549316406,139.25,139.72999572753906,131.84600830078125,6523500,0.0,0.0
2018-08-13 00:00:00-04:00,140.52999877929688,141.24000549316406,139.8300018310547,140.2100067138672,132.2989501953125,4817500,0.0,0.0
2018-08-14 00:00:00-04:00,140.3000030517578,140.99000549316406,139.8800048828125,140.75999450683594,132.81787109375,5888700,0.0,0.0
2018-08-15 00:00:00-04:00,140.35000610351562,140.69000244140625,138.83999633789062,139.9199981689453,132.02536010742188,5288400,0.0,0.0
2018-08-16 00:00:00-04:00,141.07000732421875,141.49000549316406,140.4199981689453,140.64999389648438,132.91360473632812,5931700,0.21,0.0
2018-08-17 00:00:00-04:00,140.77999877929688,141.7100067138672,140.57000732421875,141.3300018310547,133.5562286376953,7699600,0.0,0.0
2018-08-20 00:00:00-04:00,141.5399932861328,141.60000610351562,140.6999969482422,140.94000244140625,133.18765258789062,4662200,0.0,0.0
2018-08-21 00:00:00-04:00,141.0,141.4600067138672,139.8000030517578,140.0399932861328,132.33714294433594,6854300,0.0,0.0
2018-08-22 00:00:00-04:00,139.85000610351562,141.52999877929688,139.85000610351562,141.13999938964844,133.37664794921875,4191700,0.0,0.0
2018-08-23 00:00:00-04:00,141.00999450683594,142.4499969482422,140.77000427246094,142.10000610351562,134.28392028808594,4426800,0.0,0.0
2018-08-24 00:00:00-04:00,142.32000732421875,144.3800048828125,142.32000732421875,144.1999969482422,136.26834106445312,5714000,0.0,0.0
2018-08-27 00:00:00-04:00,144.99000549316406,145.60000610351562,144.7100067138672,145.39999389648438,137.40234375,7194900,0.0,0.0
2018-08-28 00:00:00-04:00,145.6300048828125,146.1699981689453,144.8699951171875,145.1999969482422,137.2133331298828,4925700,0.0,0.0
2018-08-29 00:00:00-04:00,145.4600067138672,147.3000030517578,145.4199981689453,147.02999877929688,138.94265747070312,5192900,0.0,0.0
2018-08-30 00:00:00-04:00,146.82000732421875,147.7100067138672,146.36000061035156,146.74000549316406,138.66868591308594,7804600,0.0,0.0
2018-08-31 00:00:00-04:00,146.74000549316406,147.63999938964844,146.5,146.88999938964844,138.81036376953125,5786600,0.0,0.0
2018-09-04 00:00:00-04:00,146.92999267578125,147.86000061035156,146.6699981689453,147.8000030517578,139.6702880859375,7638100,0.0,0.0
2018-09-05 00:00:00-04:00,147.0,147.82000732421875,142.5500030517578,142.6699981689453,134.82247924804688,11363400,0.0,0.0
2018-09-06 00:00:00-04:00,143.2899932861328,144.6999969482422,142.5399932861328,144.5,136.5518341064453,9589200,0.0,0.0
2018-09-07 00:00:00-04:00,143.99000549316406,144.44000244140625,142.75,143.1999969482422,135.3233642578125,13626200,0.0,0.0
2018-09-10 00:00:00-04:00,144.1300048828125,144.44000244140625,143.2100067138672,144.0800018310547,136.15493774414062,5362700,0.0,0.0
2018-09-11 00:00:00-04:00,143.4600067138672,145.52000427246094,143.25,145.49000549316406,137.48741149902344,9895900,0.0,0.0
2018-09-12 00:00:00-04:00,145.85000610351562,146.8000030517578,145.07000732421875,146.57000732421875,138.50799560546875,6964100,0.0,0.0
2018-09-13 00:00:00-04:00,147.14999389648438,148.07000732421875,147.08999633789062,147.6300048828125,139.50965881347656,5803400,0.0,0.0
2018-09-14 00:00:00-04:00,147.91000366210938,148.3699951171875,147.35000610351562,147.83999633789062,139.70814514160156,4928300,0.0,0.0
2018-09-17 00:00:00-04:00,147.8300018310547,147.89999389648438,145.8300018310547,146.17999267578125,138.139404296875,7708600,0.0,0.0
2018-09-18 00:00:00-04:00,146.1999969482422,148.08999633789062,145.9499969482422,147.6300048828125,139.50965881347656,5692100,0.0,0.0
2018-09-19 00:00:00-04:00,148.27999877929688,148.82000732421875,147.25,147.4199981689453,139.31117248535156,7432300,0.0,0.0
2018-09-20 00:00:00-04:00,147.99000549316406,149.49000549316406,147.1999969482422,149.24000549316406,141.0311279296875,7172700,0.0,0.0
2018-09-21 00:00:00-04:00,149.9499969482422,150.25999450683594,149.35000610351562,150.0500030517578,141.7965850830078,15628100,0.0,0.0
2018-09-24 00:00:00-04:00,149.16000366210938,149.64999389648438,147.27000427246094,149.11000061035156,140.90829467773438,6706700,0.0,0.0
2018-09-25 00:00:00-04:00,149.7100067138672,149.9600067138672,149.10000610351562,149.5800018310547,141.35243225097656,4230700,0.0,0.0
2018-09-26 00:00:00-04:00,150.0,150.4199981689453,149.0399932861328,149.27000427246094,141.05947875976562,5852400,0.0,0.0
2018-09-27 00:00:00-04:00,149.89999389648438,150.63999938964844,149.55999755859375,150.02000427246094,141.7681884765625,5868500,0.0,0.0
2018-09-28 00:00:00-04:00,149.80999755859375,150.3699951171875,149.5500030517578,150.08999633789062,141.83436584472656,6035900,0.0,0.0
2018-10-01 00:00:00-04:00,150.88999938964844,151.55999755859375,150.61000061035156,150.7899932861328,142.495849609375,9802100,0.0,0.0
2018-10-02 00:00:00-04:00,150.83999633789062,150.83999633789062,149.1699981689453,149.6699981689453,141.43746948242188,8047500,0.0,0.0
2018-10-03 00:00:00-04:00,150.7100067138672,150.7100067138672,149.19000244140625,149.3699951171875,141.1539764404297,7521100,0.0,0.0
2018-10-04 00:00:00-04:00,149.17999267578125,149.27999877929688,146.10000610351562,146.75999450683594,138.68751525878906,9208900,0.0,0.0
2018-10-05 00:00:00-04:00,146.63999938964844,147.41000366210938,144.39999389648438,145.36000061035156,137.36453247070312,7085700,0.0,0.0
2018-10-08 00:00:00-04:00,145.00999450683594,145.00999450683594,140.17999267578125,141.88999938964844,134.0853729248047,11637300,0.0,0.0
2018-10-09 00:00:00-04:00,141.4600067138672,143.2899932861328,141.1199951171875,142.30999755859375,134.48228454589844,10798000,0.0,0.0
2018-10-10 00:00:00-04:00,142.57000732421875,142.69000244140625,135.2100067138672,135.52000427246094,128.0657958984375,15450100,0.0,0.0
2018-10-11 00:00:00-04:00,134.08999633789062,137.24000549316406,132.25999450683594,133.72999572753906,126.37421417236328,15657200,0.0,0.0
2018-10-12 00:00:00-04:00,138.47999572753906,140.97999572753906,137.42999267578125,140.05999755859375,132.35604858398438,12993300,0.0,0.0
2018-10-15 00:00:00-04:00,139.89999389648438,140.05999755859375,137.22000122070312,137.22999572753906,129.68167114257812,7953000,0.0,0.0
2018-10-16 00:00:00-04:00,138.7100067138672,142.13999938964844,138.67999267578125,141.74000549316406,133.9436492919922,11059500,0.0,0.0
2018-10-17 00:00:00-04:00,142.33999633789062,142.86000061035156,140.72999572753906,142.4499969482422,134.61460876464844,9170600,0.0,0.0
2018-10-18 00:00:00-04:00,142.4600067138672,142.4600067138672,137.9499969482422,139.2899932861328,131.62838745117188,10222600,0.0,0.0
2018-10-19 00:00:00-04:00,139.89999389648438,142.19000244140625,139.3800048828125,140.0800018310547,132.3749542236328,8696900,0.0,0.0
2018-10-22 00:00:00-04:00,140.97000122070312,141.5399932861328,139.50999450683594,140.63999938964844,132.90415954589844,6099500,0.0,0.0
2018-10-23 00:00:00-04:00,136.88999938964844,140.0399932861328,135.58999633789062,139.1199951171875,131.46775817871094,10736100,0.0,0.0
2018-10-24 00:00:00-04:00,139.6999969482422,140.17999267578125,134.0,134.25999450683594,126.87503814697266,13849600,0.0,0.0
2018-10-25 00:00:00-04:00,135.4499969482422,140.89999389648438,132.5,140.52000427246094,132.79078674316406,14985900,0.0,0.0
2018-10-26 00:00:00-04:00,137.97999572753906,139.8699951171875,136.05999755859375,137.74000549316406,130.16366577148438,12034900,0.0,0.0
2018-10-29 00:00:00-04:00,139.61000061035156,141.50999450683594,132.27000427246094,134.3300018310547,126.94123840332031,12768200,0.0,0.0
2018-10-30 00:00:00-04:00,133.0800018310547,134.86000061035156,129.7899932861328,132.75999450683594,125.45764923095703,15107600,0.0,0.0
2018-10-31 00:00:00-04:00,134.99000549316406,139.1199951171875,134.99000549316406,137.85000610351562,130.2676239013672,13205300,0.0,0.0
2018-11-01 00:00:00-04:00,139.0,140.8699951171875,137.49000549316406,140.8300018310547,133.08370971679688,16024000,0.0,0.0
2018-11-02 00:00:00-04:00,141.11000061035156,141.4499969482422,137.85000610351562,139.77999877929688,132.0914764404297,17063100,0.0,0.0
2018-11-05 00:00:00-05:00,139.8000030517578,140.2100067138672,138.07000732421875,139.8000030517578,132.11038208007812,6280000,0.0,0.0
2018-11-06 00:00:00-05:00,139.8000030517578,140.91000366210938,139.72000122070312,140.7899932861328,133.04591369628906,4732700,0.0,0.0
2018-11-07 00:00:00-05:00,142.33999633789062,144.89999389648438,142.32000732421875,144.77999877929688,136.81642150878906,20502100,0.0,0.0
2018-11-08 00:00:00-05:00,144.60000610351562,145.4600067138672,143.64999389648438,145.22999572753906,137.24171447753906,5927400,0.0,0.0
2018-11-09 00:00:00-05:00,144.1999969482422,144.57000732421875,142.36000061035156,143.92999267578125,136.01318359375,8339800,0.0,0.0
2018-11-12 00:00:00-05:00,143.4199981689453,143.63999938964844,139.1699981689453,139.72000122070312,132.03475952148438,11335100,0.0,0.0
2018-11-13 00:00:00-05:00,140.35000610351562,141.89999389648438,139.00999450683594,139.72000122070312,132.03475952148438,6287000,0.0,0.0
2018-11-14 00:00:00-05:00,142.02000427246094,142.60000610351562,138.41000366210938,139.49000549316406,131.81744384765625,6613900,0.0,0.0
2018-11-15 00:00:00-05:00,138.85000610351562,141.91000366210938,137.92999267578125,141.83999633789062,134.27883911132812,8565000,0.25,0.0
2018-11-16 00:00:00-05:00,140.4199981689453,141.83999633789062,139.9199981689453,140.17999267578125,132.7073211669922,8628000,0.0,0.0
2018-11-19 00:00:00-05:00,140.47000122070312,140.57000732421875,134.25,134.75999450683594,127.57621765136719,16253000,0.0,0.0
2018-11-20 00:00:00-05:00,130.30999755859375,134.52999877929688,129.5399932861328,133.3699951171875,126.26031494140625,12720200,0.0,0.0
2018-11-21 00:00:00-05:00,134.36000061035156,135.77999877929688,133.6300048828125,134.4199981689453,127.25437927246094,7416300,0.0,0.0
2018-11-23 00:00:00-05:00,132.58999633789062,134.25,132.49000549316406,132.8699951171875,125.7870101928711,3676000,0.0,0.0
2018-11-26 00:00:00-05:00,134.60000610351562,136.52000427246094,134.25,135.94000244140625,128.69332885742188,9144600,0.0,0.0
2018-11-27 00:00:00-05:00,135.27999877929688,136.30999755859375,134.1199951171875,135.91000366210938,128.6649169921875,7877900,0.0,0.0
2018-11-28 00:00:00-05:00,137.07000732421875,141.5399932861328,136.8699951171875,141.3800048828125,133.8433074951172,11265100,0.0,0.0
2018-11-29 00:00:00-05:00,140.69000244140625,140.6999969482422,138.7100067138672,139.10000610351562,131.6848907470703,8751500,0.0,0.0
2018-11-30 00:00:00-05:00,139.00999450683594,142.25999450683594,138.6300048828125,141.7100067138672,134.15573120117188,11362800,0.0,0.0
2018-12-03 00:00:00-05:00,145.0,145.72000122070312,143.85000610351562,145.0,137.27037048339844,11285600,0.0,0.0
2018-12-04 00:00:00-05:00,143.1300048828125,144.35000610351562,138.5,138.63999938964844,131.2494354248047,13988900,0.0,0.0
2018-12-06 00:00:00-05:00,135.0399932861328,141.11000061035156,133.47999572753906,141.0500030517578,133.53094482421875,16391900,0.0,0.0
2018-12-07 00:00:00-05:00,140.82000732421875,142.1300048828125,135.99000549316406,137.11000061035156,129.80096435546875,14007700,0.0,0.0
2018-12-10 00:00:00-05:00,136.25,138.27000427246094,134.86000061035156,137.8800048828125,130.52992248535156,15744300,0.0,0.0
2018-12-11 00:00:00-05:00,139.94000244140625,140.0500030517578,135.9199981689453,136.80999755859375,129.51693725585938,12466300,0.0,0.0
2018-12-12 00:00:00-05:00,139.3000030517578,140.8800048828125,137.75,137.8000030517578,130.45419311523438,10387200,0.0,0.0
2018-12-13 00:00:00-05:00,138.3000030517578,139.1300048828125,136.14999389648438,137.5399932861328,130.20806884765625,8780900,0.0,0.0
2018-12-14 00:00:00-05:00,135.69000244140625,136.72000122070312,134.5500030517578,135.08999633789062,127.88861083984375,9351200,0.0,0.0
2018-12-17 00:00:00-05:00,134.2100067138672,134.42999267578125,130.69000244140625,131.39999389648438,124.3953628540039,11796200,0.0,0.0
2018-12-18 00:00:00-05:00,132.2899932861328,134.1699981689453,131.8000030517578,132.66000366210938,125.58819580078125,12761900,0.0,0.0
2018-12-19 00:00:00-05:00,132.92999267578125,135.8699951171875,129.52000427246094,131.25999450683594,124.26282501220703,13819000,0.0,0.0
2018-12-20 00:00:00-05:00,130.16000366210938,132.00999450683594,127.1500015258789,128.75999450683594,121.8960952758789,18091700,0.0,0.0
2018-12-21 00:00:00-05:00,127.18000030517578,130.3300018310547,122.94999694824219,124.26000213623047,117.635986328125,25448600,0.0,0.0
2018-12-24 00:00:00-05:00,122.08000183105469,125.20999908447266,121.5999984741211,121.7300033569336,115.2408447265625,8617700,0.0,0.0
2018-12-26 00:00:00-05:00,123.0199966430664,130.24000549316406,123.0,130.22999572753906,123.2877197265625,13499500,0.0,0.0
2018-12-27 00:00:00-05:00,127.98999786376953,132.00999450683594,126.5199966430664,132.00999450683594,124.97283935546875,10883000,0.0,0.0
2018-12-28 00:00:00-05:00,133.0800018310547,133.6199951171875,129.66000366210938,130.94000244140625,123.95986938476562,7381300,0.0,0.0
2018-12-31 00:00:00-05:00,131.67999267578125,132.44000244140625,130.22999572753906,131.94000244140625,124.90657043457031,7976000,0.0,0.0
2019-01-02 00:00:00-05:00,130.0,133.74000549316406,129.60000610351562,132.9199981689453,125.8343276977539,8788000,0.0,0.0
2019-01-03 00:00:00-05:00,131.2100067138672,131.27999877929688,127.87999725341797,128.1300048828125,121.2996826171875,9428300,0.0,0.0
2019-01-04 00:00:00-05:00,130.44000244140625,134.58999633789062,130.1300048828125,133.64999389648438,126.525390625,11065800,0.0,0.0
2019-01-07 00:00:00-05:00,134.4499969482422,137.1699981689453,134.0399932861328,136.05999755859375,128.80691528320312,12928000,0.0,0.0
2019-01-08 00:00:00-05:00,137.97000122070312,138.19000244140625,135.9600067138672,136.8000030517578,129.50750732421875,9243000,0.0,0.0
2019-01-09 00:00:00-05:00,138.3000030517578,139.47999572753906,137.6199951171875,138.41000366210938,131.03167724609375,9987600,0.0,0.0
2019-01-10 00:00:00-05:00,136.80999755859375,138.82000732421875,136.36000061035156,138.6699981689453,131.27780151367188,12514900,0.0,0.0
2019-01-11 00:00:00-05:00,137.75,138.60000610351562,137.41000366210938,138.05999755859375,130.7003173828125,5860100,0.0,0.0
2019-01-14 00:00:00-05:00,136.99000549316406,138.1300048828125,136.64999389648438,137.10000610351562,129.79147338867188,8666700,0.0,0.0
2019-01-15 00:00:00-05:00,136.9600067138672,137.72000122070312,135.25,137.33999633789062,130.01869201660156,7594900,0.0,0.0
2019-01-16 00:00:00-05:00,138.39999389648438,138.8699951171875,137.07000732421875,137.33999633789062,130.01869201660156,7258000,0.0,0.0
2019-01-17 00:00:00-05:00,136.97000122070312,137.91000366210938,136.58999633789062,137.27999877929688,129.9619140625,5864900,0.0,0.0
2019-01-18 00:00:00-05:00,138.30999755859375,138.60000610351562,136.63999938964844,138.5,131.11685180664062,10263500,0.0,0.0
2019-01-22 00:00:00-05:00,137.89999389648438,139.52000427246094,136.97999572753906,138.0500030517578,130.69085693359375,8102300,0.0,0.0
2019-01-23 00:00:00-05:00,138.77000427246094,138.97999572753906,136.14999389648438,137.00999450683594,129.70626831054688,5465800,0.0,0.0
2019-01-24 00:00:00-05:00,137.11000061035156,138.32000732421875,136.52000427246094,137.6999969482422,130.35948181152344,4924800,0.0,0.0
2019-01-25 00:00:00-05:00,139.0,139.89999389648438,137.6999969482422,138.6699981689453,131.27780151367188,9756300,0.0,0.0
2019-01-28 00:00:00-05:00,137.50999450683594,137.50999450683594,134.80999755859375,135.99000549316406,128.74061584472656,9857200,0.0,0.0
2019-01-29 00:00:00-05:00,136.58999633789062,136.69000244140625,134.11000061035156,135.0,127.80345916748047,7457700,0.0,0.0
2019-01-30 00:00:00-05:00,136.10000610351562,137.89999389648438,135.50999450683594,137.60000610351562,130.26486206054688,8078100,0.0,0.0
2019-01-31 00:00:00-05:00,134.38999938964844,135.72999572753906,133.3000030517578,135.00999450683594,127.81291961669922,20095700,0.0,0.0
2019-02-01 00:00:00-05:00,135.38999938964844,140.35000610351562,135.25999450683594,140.14999389648438,132.67886352539062,13248300,0.0,0.0
2019-02-04 00:00:00-05:00,139.7899932861328,141.52000427246094,139.17999267578125,141.5,133.9569549560547,11882700,0.0,0.0
2019-02-05 00:00:00-05:00,142.0,142.9499969482422,141.8300018310547,142.52999877929688,134.9320526123047,8455700,0.0,0.0
2019-02-06 00:00:00-05:00,141.9600067138672,142.4199981689453,141.0500030517578,141.49000549316406,133.94752502441406,6146900,0.0,0.0
2019-02-07 00:00:00-05:00,139.9199981689453,141.05999755859375,139.2100067138672,140.1699981689453,132.69784545898438,10675300,0.0,0.0
2019-02-08 00:00:00-05:00,138.69000244140625,140.39999389648438,138.52000427246094,140.3800048828125,132.89663696289062,5950700,0.0,0.0
2019-02-11 00:00:00-05:00,141.25999450683594,142.2899932861328,140.4499969482422,140.8000030517578,133.2942657470703,7600100,0.0,0.0
2019-02-12 00:00:00-05:00,141.7899932861328,142.8000030517578,141.25,141.99000549316406,134.42083740234375,6090000,0.0,0.0
2019-02-13 00:00:00-05:00,142.88999938964844,144.6999969482422,142.8699951171875,143.49000549316406,135.8408966064453,6885600,0.0,0.0
2019-02-14 00:00:00-05:00,142.97999572753906,143.47999572753906,142.39999389648438,143.16000366210938,135.76502990722656,6314000,0.25,0.0
2019-02-15 00:00:00-05:00,144.5500030517578,144.91000366210938,143.82000732421875,144.91000366210938,137.42462158203125,6536000,0.0,0.0
2019-02-19 00:00:00-05:00,144.4199981689453,144.8800048828125,144.02000427246094,144.44000244140625,136.9788818359375,8406700,0.0,0.0
2019-02-20 00:00:00-05:00,144.35000610351562,144.83999633789062,143.52000427246094,144.72999572753906,137.25396728515625,5283100,0.0,0.0
2019-02-21 00:00:00-05:00,144.35000610351562,145.02999877929688,143.17999267578125,144.0,136.5615997314453,8573400,0.0,0.0
2019-02-22 00:00:00-05:00,144.4199981689453,146.27999877929688,144.4199981689453,145.8699951171875,138.33499145507812,9680800,0.0,0.0
2019-02-25 00:00:00-05:00,146.91000366210938,147.1999969482422,145.80999755859375,146.05999755859375,138.51519775390625,9731200,0.0,0.0
2019-02-26 00:00:00-05:00,145.1999969482422,147.39999389648438,145.02000427246094,147.0399932861328,139.44456481933594,7332500,0.0,0.0
2019-02-27 00:00:00-05:00,146.5,147.49000549316406,145.9199981689453,147.22000122070312,139.61524963378906,9731200,0.0,0.0
2019-02-28 00:00:00-05:00,147.25999450683594,148.82000732421875,147.22999572753906,148.1199951171875,140.46875,6250200,0.0,0.0
2019-03-01 00:00:00-05:00,149.4600067138672,149.92999267578125,148.3800048828125,149.47000122070312,141.74903869628906,7016800,0.0,0.0
2019-03-04 00:00:00-05:00,150.07000732421875,150.19000244140625,146.9499969482422,147.9600067138672,140.3170166015625,6979700,0.0,0.0
2019-03-05 00:00:00-05:00,148.0,149.2899932861328,147.8300018310547,147.9499969482422,140.3075408935547,9678600,0.0,0.0
2019-03-06 00:00:00-05:00,148.0,148.52000427246094,147.4199981689453,147.80999755859375,140.1748046875,8186400,0.0,0.0
2019-03-07 00:00:00-05:00,147.25999450683594,147.80999755859375,146.0399932861328,146.8300018310547,139.24539184570312,8761700,0.0,0.0
2019-03-08 00:00:00-05:00,145.44000244140625,147.47999572753906,144.5,147.35000610351562,139.73858642578125,5168100,0.0,0.0
2019-03-11 00:00:00-04:00,148.11000061035156,150.97000122070312,148.02000427246094,150.6699981689453,142.88702392578125,9361500,0.0,0.0
2019-03-12 00:00:00-04:00,151.0,153.13999938964844,150.8699951171875,151.72999572753906,143.89230346679688,9465100,0.0,0.0
2019-03-13 00:00:00-04:00,152.3000030517578,154.0399932861328,152.0399932861328,152.47000122070312,144.59405517578125,8308900,0.0,0.0
2019-03-14 00:00:00-04:00,152.55999755859375,154.69000244140625,152.3000030517578,154.1999969482422,146.2346954345703,9364900,0.0,0.0
2019-03-15 00:00:00-04:00,153.72000122070312,156.82000732421875,153.36000061035156,155.4600067138672,147.42965698242188,20162000,0.0,0.0
2019-03-18 00:00:00-04:00,155.9199981689453,156.41000366210938,154.4199981689453,154.9600067138672,146.95547485351562,9689400,0.0,0.0
2019-03-19 00:00:00-04:00,155.9499969482422,155.9499969482422,154.13999938964844,154.58999633789062,146.60459899902344,9236100,0.0,0.0
2019-03-20 00:00:00-04:00,154.33999633789062,154.8699951171875,152.7100067138672,153.75,145.80796813964844,6391400,0.0,0.0
2019-03-21 00:00:00-04:00,153.32000732421875,156.67999267578125,153.30999755859375,155.8000030517578,147.75213623046875,7027100,0.0,0.0
2019-03-22 00:00:00-04:00,154.99000549316406,155.67999267578125,152.85000610351562,153.07000732421875,145.16307067871094,8119800,0.0,0.0
2019-03-25 00:00:00-04:00,152.36000061035156,154.05999755859375,151.5399932861328,153.02999877929688,145.12515258789062,7568000,0.0,0.0
2019-03-26 00:00:00-04:00,153.77000427246094,155.60000610351562,153.77000427246094,155.3000030517578,147.27789306640625,15594400,0.0,0.0
2019-03-27 00:00:00-04:00,155.47000122070312,155.86000061035156,153.36000061035156,154.22000122070312,146.25364685058594,12253800,0.0,0.0
2019-03-28 00:00:00-04:00,154.92999267578125,155.0800018310547,153.61000061035156,154.6699981689453,146.680419921875,16902200,0.0,0.0
2019-03-29 00:00:00-04:00,155.72999572753906,156.2899932861328,154.92999267578125,156.19000244140625,148.12191772460938,12164400,0.0,0.0
2019-04-01 00:00:00-04:00,157.52999877929688,157.72999572753906,156.5500030517578,157.25999450683594,149.13662719726562,6420100,0.0,0.0
2019-04-02 00:00:00-04:00,157.66000366210938,158.14999389648438,156.75,157.77999877929688,149.6298370361328,6215100,0.0,0.0
2019-04-03 00:00:00-04:00,158.5500030517578,159.11000061035156,157.85000610351562,158.4600067138672,150.2747039794922,8209300,0.0,0.0
2019-04-04 00:00:00-04:00,158.52999877929688,158.69000244140625,156.52999877929688,157.63999938964844,149.49703979492188,5100200,0.0,0.0
2019-04-05 00:00:00-04:00,158.0,158.6300048828125,157.22999572753906,157.64999389648438,149.50648498535156,4178300,0.0,0.0
2019-04-08 00:00:00-04:00,157.5500030517578,157.85000610351562,156.32000732421875,157.75,149.6013946533203,5604700,0.0,0.0
2019-04-09 00:00:00-04:00,156.55999755859375,157.99000549316406,156.47000122070312,157.49000549316406,149.35475158691406,6364100,0.0,0.0
2019-04-10 00:00:00-04:00,157.99000549316406,158.77999877929688,157.52000427246094,158.55999755859375,150.36949157714844,3918600,0.0,0.0
2019-04-11 00:00:00-04:00,159.11000061035156,159.3000030517578,157.44000244140625,157.86000061035156,149.7056427001953,5771400,0.0,0.0
2019-04-12 00:00:00-04:00,158.7100067138672,159.63999938964844,157.86000061035156,159.63999938964844,151.39370727539062,6745100,0.0,0.0
2019-04-15 00:00:00-04:00,159.8300018310547,160.47999572753906,159.19000244140625,160.44000244140625,152.1524200439453,8142800,0.0,0.0
2019-04-16 00:00:00-04:00,161.0399932861328,161.10000610351562,159.5500030517578,160.22999572753906,151.9532012939453,6021400,0.0,0.0
2019-04-17 00:00:00-04:00,160.8699951171875,161.07000732421875,160.30999755859375,160.44000244140625,152.1524200439453,4609100,0.0,0.0
2019-04-18 00:00:00-04:00,160.92999267578125,161.10000610351562,159.0,160.16000366210938,151.88687133789062,7859400,0.0,0.0
2019-04-22 00:00:00-04:00,159.1999969482422,160.47999572753906,159.07000732421875,160.39999389648438,152.11447143554688,4602600,0.0,0.0
2019-04-23 00:00:00-04:00,161.0,161.8800048828125,159.8699951171875,161.66000366210938,153.30938720703125,6522900,0.0,0.0
2019-04-24 00:00:00-04:00,161.75,162.02999877929688,160.64999389648438,161.49000549316406,153.1481475830078,7376500,0.0,0.0
2019-04-25 00:00:00-04:00,160.52000427246094,161.60000610351562,158.5500030517578,161.02000427246094,152.70242309570312,8862500,0.0,0.0
2019-04-26 00:00:00-04:00,161.25999450683594,163.02999877929688,160.39999389648438,162.92999267578125,154.5137176513672,7525400,0.0,0.0
2019-04-29 00:00:00-04:00,163.2100067138672,164.5,163.10000610351562,164.14999389648438,155.67074584960938,10003600,0.0,0.0
2019-04-30 00:00:00-04:00,164.97999572753906,165.6999969482422,163.9199981689453,164.42999267578125,155.93629455566406,6432700,0.0,0.0
2019-05-01 00:00:00-04:00,165.5399932861328,165.74000549316406,162.75,162.7899932861328,154.38099670410156,5248100,0.0,0.0
2019-05-02 00:00:00-04:00,162.10000610351562,163.0800018310547,160.42999267578125,161.1199951171875,152.79727172851562,6054900,0.0,0.0
2019-05-03 00:00:00-04:00,162.3000030517578,162.74000549316406,161.17999267578125,162.0399932861328,153.6697998046875,4317500,0.0,0.0
2019-05-06 00:00:00-04:00,158.2100067138672,162.64999389648438,158.1999969482422,162.27999877929688,153.8973388671875,10442400,0.0,0.0
2019-05-07 00:00:00-04:00,160.9499969482422,161.77999877929688,158.67999267578125,160.2100067138672,151.93429565429688,6413600,0.0,0.0
2019-05-08 00:00:00-04:00,159.77000427246094,161.6999969482422,159.52000427246094,160.75999450683594,152.4558563232422,5445900,0.0,0.0
2019-05-09 00:00:00-04:00,158.86000061035156,159.85000610351562,157.1699981689453,159.80999755859375,151.55494689941406,6813700,0.0,0.0
2019-05-10 00:00:00-04:00,158.86000061035156,161.39999389648438,157.27000427246094,160.7100067138672,152.408447265625,5192500,0.0,0.0
2019-05-13 00:00:00-04:00,157.19000244140625,158.72000122070312,156.4199981689453,157.3300018310547,149.20301818847656,9730000,0.0,0.0
2019-05-14 00:00:00-04:00,158.10000610351562,161.52000427246094,157.94000244140625,160.2100067138672,151.93429565429688,9756700,0.0,0.0
2019-05-15 00:00:00-04:00,159.32000732421875,163.16000366210938,159.10000610351562,162.7899932861328,154.38099670410156,7547000,0.0,0.0
2019-05-16 00:00:00-04:00,163.4499969482422,165.60000610351562,162.86000061035156,164.8699951171875,156.59402465820312,9745500,0.25,0.0
2019-05-17 00:00:00-04:00,163.2899932861328,165.1999969482422,163.1999969482422,164.08999633789062,155.8531951904297,4582500,0.0,0.0
2019-05-20 00:00:00-04:00,163.35000610351562,164.74000549316406,162.3300018310547,163.47000122070312,155.26438903808594,4747400,0.0,0.0
2019-05-21 00:00:00-04:00,164.5800018310547,164.86000061035156,163.19000244140625,163.86000061035156,155.634765625,9095700,0.0,0.0
2019-05-22 00:00:00-04:00,163.60000610351562,165.6300048828125,163.4499969482422,164.24000549316406,155.9956817626953,5416400,0.0,0.0
2019-05-23 00:00:00-04:00,163.5,164.25,160.82000732421875,161.50999450683594,153.4027099609375,6138000,0.0,0.0
2019-05-24 00:00:00-04:00,162.75,163.41000366210938,161.72000122070312,162.63999938964844,154.47596740722656,4105600,0.0,0.0
2019-05-28 00:00:00-04:00,163.39999389648438,165.77000427246094,163.3300018310547,163.7100067138672,155.49229431152344,10202300,0.0,0.0
2019-05-29 00:00:00-04:00,163.3000030517578,163.5,161.47999572753906,162.72999572753906,154.56141662597656,6456000,0.0,0.0
2019-05-30 00:00:00-04:00,162.8000030517578,163.5,161.94000244140625,162.75999450683594,154.58999633789062,4750600,0.0,0.0
2019-05-31 00:00:00-04:00,160.91000366210938,162.1300048828125,160.55999755859375,161.3300018310547,153.23171997070312,5079000,0.0,0.0
2019-06-03 00:00:00-04:00,161.5399932861328,162.8300018310547,156.75,158.60000610351562,150.6387939453125,8034600,0.0,0.0
2019-06-04 00:00:00-04:00,160.2899932861328,162.3699951171875,158.64999389648438,162.3300018310547,154.1815185546875,6684800,0.0,0.0
2019-06-05 00:00:00-04:00,163.5,165.39999389648438,162.69000244140625,165.38999938964844,157.08798217773438,7769300,0.0,0.0
2019-06-06 00:00:00-04:00,165.8800048828125,167.39999389648438,164.94000244140625,166.9199981689453,158.54115295410156,13738500,0.0,0.0
2019-06-07 00:00:00-04:00,168.0,171.61000061035156,167.8000030517578,170.0500030517578,161.51400756835938,10528800,0.0,0.0
2019-06-10 00:00:00-04:00,171.83999633789062,172.02000427246094,170.50999450683594,170.82000732421875,162.24539184570312,7565900,0.0,0.0
2019-06-11 00:00:00-04:00,171.9499969482422,172.17999267578125,168.4199981689453,170.30999755859375,161.76092529296875,6082900,0.0,0.0
2019-06-12 00:00:00-04:00,170.3800048828125,171.6199951171875,169.6999969482422,171.58999633789062,162.9767608642578,6772000,0.0,0.0
2019-06-13 00:00:00-04:00,172.13999938964844,172.1999969482422,168.72000122070312,169.35000610351562,160.84912109375,6901400,0.0,0.0
2019-06-14 00:00:00-04:00,169.77000427246094,170.63999938964844,168.83999633789062,169.66000366210938,161.14356994628906,4999900,0.0,0.0
2019-06-17 00:00:00-04:00,169.72999572753906,170.4199981689453,169.02999877929688,169.55999755859375,161.04861450195312,6410200,0.0,0.0
2019-06-18 00:00:00-04:00,170.64999389648438,170.6699981689453,167.5500030517578,169.27999877929688,160.7826385498047,6969300,0.0,0.0
2019-06-19 00:00:00-04:00,169.38999938964844,171.1999969482422,169.2100067138672,170.69000244140625,162.1218719482422,6323900,0.0,0.0
2019-06-20 00:00:00-04:00,172.50999450683594,173.94000244140625,171.75,173.74000549316406,165.018798828125,11474100,0.0,0.0
2019-06-21 00:00:00-04:00,173.27000427246094,174.80999755859375,173.16000366210938,173.44000244140625,164.73388671875,11728200,0.0,0.0
2019-06-24 00:00:00-04:00,174.60000610351562,174.72999572753906,172.72000122070312,173.85000610351562,165.123291015625,5554900,0.0,0.0
2019-06-25 00:00:00-04:00,174.80999755859375,174.94000244140625,170.58999633789062,171.27999877929688,162.68226623535156,9899900,0.0,0.0
2019-06-26 00:00:00-04:00,171.38999938964844,172.38999938964844,170.82000732421875,171.05999755859375,162.4733428955078,7129900,0.0,0.0
2019-06-27 00:00:00-04:00,172.1199951171875,172.39999389648438,170.32000732421875,171.22999572753906,162.634765625,5873400,0.0,0.0
2019-06-28 00:00:00-04:00,171.9600067138672,173.5500030517578,170.52000427246094,173.5500030517578,164.83834838867188,8442700,0.0,0.0
2019-07-01 00:00:00-04:00,175.3300018310547,175.5399932861328,172.74000549316406,173.94000244140625,165.208740234375,6103200,0.0,0.0
2019-07-02 00:00:00-04:00,174.10000610351562,175.32000732421875,173.3000030517578,175.27999877929688,166.48146057128906,5238100,0.0,0.0
2019-07-03 00:00:00-04:00,176.0,176.99000549316406,175.72000122070312,176.8699951171875,167.9916534423828,4066600,0.0,0.0
2019-07-05 00:00:00-04:00,175.86000061035156,177.02999877929688,174.50999450683594,176.66000366210938,167.7921905517578,5840400,0.0,0.0
2019-07-08 00:00:00-04:00,176.3000030517578,176.61000061035156,175.39999389648438,176.19000244140625,167.34584045410156,6720300,0.0,0.0
2019-07-09 00:00:00-04:00,175.42999267578125,177.88999938964844,175.3000030517578,177.72999572753906,168.80850219726562,4894300,0.0,0.0
2019-07-10 00:00:00-04:00,178.5800018310547,180.25999450683594,178.5800018310547,179.30999755859375,170.30923461914062,5110600,0.0,0.0
2019-07-11 00:00:00-04:00,180.1199951171875,180.94000244140625,179.4600067138672,180.74000549316406,171.66741943359375,6986600,0.0,0.0
2019-07-12 00:00:00-04:00,181.35000610351562,181.35000610351562,178.9199981689453,180.3300018310547,171.27801513671875,7196700,0.0,0.0
2019-07-15 00:00:00-04:00,180.55999755859375,181.07000732421875,179.94000244140625,180.57000732421875,171.5059814453125,4490400,0.0,0.0
2019-07-16 00:00:00-04:00,180.3699951171875,180.8800048828125,178.72999572753906,179.30999755859375,170.30923461914062,6800200,0.0,0.0
2019-07-17 00:00:00-04:00,179.55999755859375,180.2100067138672,179.00999450683594,179.14999389648438,170.15716552734375,3994200,0.0,0.0
2019-07-18 00:00:00-04:00,178.6300048828125,180.6199951171875,178.5800018310547,180.52999877929688,171.4679718017578,4736300,0.0,0.0
2019-07-19 00:00:00-04:00,181.83999633789062,181.83999633789062,179.13999938964844,179.24000549316406,170.2427520751953,5327100,0.0,0.0
2019-07-22 00:00:00-04:00,179.63999938964844,180.97999572753906,179.13999938964844,180.57000732421875,171.5059814453125,4862100,0.0,0.0
2019-07-23 00:00:00-04:00,180.88999938964844,181.27000427246094,179.05999755859375,180.89999389648438,171.8193817138672,7193000,0.0,0.0
2019-07-24 00:00:00-04:00,180.7899932861328,183.42999267578125,179.25,183.3300018310547,174.12741088867188,8169300,0.0,0.0
2019-07-25 00:00:00-04:00,183.8699951171875,183.99000549316406,181.3000030517578,181.58999633789062,172.4747314453125,6085800,0.0,0.0
2019-07-26 00:00:00-04:00,182.41000366210938,183.82000732421875,182.2100067138672,183.69000244140625,174.4693145751953,5056300,0.0,0.0
2019-07-29 00:00:00-04:00,183.88999938964844,184.07000732421875,182.72999572753906,183.2100067138672,174.01341247558594,4621800,0.0,0.0
2019-07-30 00:00:00-04:00,182.5399932861328,183.3800048828125,181.27000427246094,181.52999877929688,172.41773986816406,5236600,0.0,0.0
2019-07-31 00:00:00-04:00,181.7899932861328,182.0500030517578,176.05999755859375,178.0,169.06494140625,7981200,0.0,0.0
2019-08-01 00:00:00-04:00,179.19000244140625,182.39999389648438,178.1699981689453,179.1699981689453,170.17623901367188,8417300,0.0,0.0
2019-08-02 00:00:00-04:00,178.0,178.27000427246094,174.69000244140625,177.4199981689453,168.51406860351562,8264600,0.0,0.0
2019-08-05 00:00:00-04:00,172.00999450683594,173.5,166.97999572753906,168.86000061035156,160.3837432861328,16858300,0.0,0.0
2019-08-06 00:00:00-04:00,171.7899932861328,172.9499969482422,170.1300048828125,172.47999572753906,163.82203674316406,10281300,0.0,0.0
2019-08-07 00:00:00-04:00,171.5,175.72999572753906,170.33999633789062,175.32000732421875,166.5194854736328,8292800,0.0,0.0
2019-08-08 00:00:00-04:00,177.4600067138672,179.9499969482422,176.57000732421875,179.89999389648438,170.8695831298828,7602800,0.0,0.0
2019-08-09 00:00:00-04:00,179.6699981689453,180.10000610351562,177.85000610351562,179.0500030517578,170.062255859375,5373700,0.0,0.0
2019-08-12 00:00:00-04:00,177.44000244140625,178.64999389648438,175.60000610351562,176.33999633789062,167.48831176757812,7394400,0.0,0.0
2019-08-13 00:00:00-04:00,174.38999938964844,178.9199981689453,174.2100067138672,178.61000061035156,169.644287109375,6667700,0.0,0.0
2019-08-14 00:00:00-04:00,176.24000549316406,177.25,173.16000366210938,173.50999450683594,164.80035400390625,7293500,0.0,0.0
2019-08-15 00:00:00-04:00,174.25999450683594,177.02000427246094,173.52000427246094,176.27000427246094,167.66336059570312,6698000,0.25,0.0
2019-08-16 00:00:00-04:00,178.0,178.75,177.1999969482422,178.22999572753906,169.5276641845703,8312200,0.0,0.0
2019-08-19 00:00:00-04:00,180.4199981689453,180.4199981689453,178.1199951171875,179.74000549316406,170.9639434814453,5285000,0.0,0.0
2019-08-20 00:00:00-04:00,179.42999267578125,180.6300048828125,178.49000549316406,179.24000549316406,170.4884033203125,3793600,0.0,0.0
2019-08-21 00:00:00-04:00,180.69000244140625,181.69000244140625,180.24000549316406,180.94000244140625,172.1053466796875,3695900,0.0,0.0
2019-08-22 00:00:00-04:00,181.9499969482422,182.3300018310547,178.61000061035156,180.08999633789062,171.29685974121094,6659900,0.0,0.0
2019-08-23 00:00:00-04:00,179.5500030517578,180.5,174.24000549316406,175.22999572753906,166.6741485595703,7051900,0.0,0.0
2019-08-26 00:00:00-04:00,176.41000366210938,177.6699981689453,175.35000610351562,177.58999633789062,168.9189453125,7754400,0.0,0.0
2019-08-27 00:00:00-04:00,178.32000732421875,179.19000244140625,176.94000244140625,178.3800048828125,169.6703338623047,4022100,0.0,0.0
2019-08-28 00:00:00-04:00,176.99000549316406,178.99000549316406,176.02999877929688,178.6699981689453,169.9461669921875,4401900,0.0,0.0
2019-08-29 00:00:00-04:00,180.39999389648438,181.38999938964844,179.30999755859375,181.1699981689453,172.32412719726562,4679200,0.0,0.0
2019-08-30 00:00:00-04:00,181.99000549316406,182.17999267578125,179.6699981689453,180.82000732421875,171.99124145507812,4061200,0.0,0.0
2019-09-03 00:00:00-04:00,180.52000427246094,181.25,179.10000610351562,179.1999969482422,170.4502716064453,4644000,0.0,0.0
2019-09-04 00:00:00-04:00,180.89999389648438,182.1999969482422,180.0500030517578,181.77000427246094,172.89483642578125,4154800,0.0,0.0
2019-09-05 00:00:00-04:00,183.72999572753906,185.67999267578125,183.3800048828125,184.72999572753906,175.7102813720703,6386800,0.0,0.0
2019-09-06 00:00:00-04:00,184.74000549316406,186.7100067138672,184.5500030517578,185.74000549316406,176.6709747314453,7990900,0.0,0.0
2019-09-09 00:00:00-04:00,186.9199981689453,187.0500030517578,179.50999450683594,181.5500030517578,172.68557739257812,7290500,0.0,0.0
2019-09-10 00:00:00-04:00,179.41000366210938,179.6999969482422,173.80999755859375,176.35000610351562,167.73944091796875,15255200,0.0,0.0
2019-09-11 00:00:00-04:00,177.39999389648438,177.92999267578125,174.4499969482422,174.97999572753906,166.43634033203125,9113600,0.0,0.0
2019-09-12 00:00:00-04:00,176.85000610351562,179.41000366210938,176.67999267578125,177.97999572753906,169.28988647460938,7748800,0.0,0.0
2019-09-13 00:00:00-04:00,178.64999389648438,178.77000427246094,176.02000427246094,177.27000427246094,168.6145477294922,6103200,0.0,0.0
2019-09-16 00:00:00-04:00,176.1699981689453,177.1999969482422,175.50999450683594,176.11000061035156,167.51123046875,4253600,0.0,0.0
2019-09-17 00:00:00-04:00,176.8300018310547,178.25999450683594,175.0399932861328,176.4499969482422,167.83457946777344,5924700,0.0,0.0
2019-09-18 00:00:00-04:00,177.08999633789062,177.17999267578125,172.8300018310547,175.2899932861328,166.7312469482422,9542500,0.0,0.0
2019-09-19 00:00:00-04:00,176.1999969482422,177.41000366210938,175.61000061035156,175.9600067138672,167.36854553222656,6964500,0.0,0.0
2019-09-20 00:00:00-04:00,177.39999389648438,177.6300048828125,173.9499969482422,174.05999755859375,165.56124877929688,12820400,0.0,0.0
2019-09-23 00:00:00-04:00,172.89999389648438,175.25,172.7899932861328,174.91000366210938,166.36978149414062,8803500,0.0,0.0
2019-09-24 00:00:00-04:00,176.11000061035156,177.1999969482422,173.39999389648438,174.47999572753906,165.9607696533203,10039900,0.0,0.0
2019-09-25 00:00:00-04:00,173.8000030517578,175.6699981689453,172.38999938964844,175.27999877929688,166.72171020507812,7797300,0.0,0.0
2019-09-26 00:00:00-04:00,175.64999389648438,176.4499969482422,174.61000061035156,175.64999389648438,167.0736083984375,10419000,0.0,0.0
2019-09-27 00:00:00-04:00,176.6999969482422,176.8300018310547,172.36000061035156,174.0,165.5041961669922,9212600,0.0,0.0
2019-09-30 00:00:00-04:00,174.1699981689453,175.4499969482422,172.00999450683594,172.00999450683594,163.6113739013672,16464000,0.0,0.0
2019-10-01 00:00:00-04:00,173.02000427246094,174.82000732421875,172.82000732421875,174.2899932861328,165.780029296875,8146200,0.0,0.0
2019-10-02 00:00:00-04:00,172.63999938964844,172.94000244140625,168.58999633789062,169.8300018310547,161.5377960205078,10596200,0.0,0.0
2019-10-03 00:00:00-04:00,169.91000366210938,173.13999938964844,168.6300048828125,172.8699951171875,164.4293670654297,7242800,0.0,0.0
2019-10-04 00:00:00-04:00,174.67999267578125,176.52000427246094,174.44000244140625,175.97999572753906,167.38751220703125,6027600,0.0,0.0
2019-10-07 00:00:00-04:00,174.66000366210938,175.69000244140625,173.8000030517578,174.89999389648438,166.3602752685547,5248300,0.0,0.0
2019-10-08 00:00:00-04:00,173.57000732421875,174.63999938964844,171.8800048828125,172.4199981689453,164.00135803222656,5336500,0.0,0.0
2019-10-09 00:00:00-04:00,174.11000061035156,175.99000549316406,173.63999938964844,174.8800048828125,166.34120178222656,6277300,0.0,0.0
2019-10-10 00:00:00-04:00,173.88999938964844,175.89999389648438,173.58999633789062,174.8800048828125,166.34120178222656,4762400,0.0,0.0
2019-10-11 00:00:00-04:00,176.8699951171875,179.1999969482422,176.85000610351562,177.05999755859375,168.41482543945312,8754400,0.0,0.0
2019-10-14 00:00:00-04:00,177.3800048828125,178.41000366210938,177.11000061035156,177.36000061035156,168.70018005371094,7240900,0.0,0.0
2019-10-15 00:00:00-04:00,178.1300048828125,179.42999267578125,177.5500030517578,178.75,170.02230834960938,4400200,0.0,0.0
2019-10-16 00:00:00-04:00,177.9199981689453,178.25999450683594,176.27000427246094,177.8699951171875,169.185302734375,6509000,0.0,0.0
2019-10-17 00:00:00-04:00,178.88999938964844,179.19000244140625,177.5,177.94000244140625,169.2518310546875,4887900,0.0,0.0
2019-10-18 00:00:00-04:00,177.89999389648438,178.1999969482422,174.5500030517578,175.7100067138672,167.13072204589844,6311900,0.0,0.0
2019-10-21 00:00:00-04:00,176.0,176.72999572753906,174.61000061035156,176.42999267578125,167.8155517578125,4898200,0.0,0.0
2019-10-22 00:00:00-04:00,177.0,177.7899932861328,170.77999877929688,170.86000061035156,162.5175323486328,10094700,0.0,0.0
2019-10-23 00:00:00-04:00,170.99000549316406,172.1699981689453,170.17999267578125,171.32000732421875,162.95506286621094,7122300,0.0,0.0
2019-10-24 00:00:00-04:00,173.4199981689453,176.8699951171875,173.39999389648438,176.16000366210938,167.55873107910156,7872600,0.0,0.0
2019-10-25 00:00:00-04:00,174.92999267578125,179.14999389648438,173.5,177.85000610351562,169.1661834716797,10130100,0.0,0.0
2019-10-28 00:00:00-04:00,178.92999267578125,180.17999267578125,178.35000610351562,179.83999633789062,171.05905151367188,10086500,0.0,0.0
2019-10-29 00:00:00-04:00,179.8000030517578,180.0,177.3699951171875,177.6300048828125,168.9569549560547,7572800,0.0,0.0
2019-10-30 00:00:00-04:00,177.7899932861328,179.4199981689453,176.38999938964844,179.25,170.49789428710938,5374800,0.0,0.0
2019-10-31 00:00:00-04:00,179.25,179.6999969482422,178.00999450683594,178.86000061035156,170.1269073486328,6830800,0.0,0.0
2019-11-01 00:00:00-04:00,180.1300048828125,181.32000732421875,179.55999755859375,180.92999267578125,172.09585571289062,7000200,0.0,0.0
2019-11-04 00:00:00-05:00,182.0800018310547,182.39999389648438,178.80999755859375,178.9499969482422,170.21249389648438,7154800,0.0,0.0
2019-11-05 00:00:00-05:00,179.07000732421875,179.55999755859375,175.17999267578125,176.3699951171875,167.75848388671875,7447500,0.0,0.0
2019-11-06 00:00:00-05:00,176.3699951171875,178.19000244140625,176.13999938964844,176.77000427246094,168.13897705078125,6992500,0.0,0.0
2019-11-07 00:00:00-05:00,177.35000610351562,180.64999389648438,176.85000610351562,178.42999267578125,169.7178497314453,7227200,0.0,0.0
2019-11-08 00:00:00-05:00,178.3800048828125,179.4499969482422,177.8000030517578,178.97000122070312,170.23153686523438,3894100,0.0,0.0
2019-11-11 00:00:00-05:00,178.5,180.36000061035156,178.1999969482422,179.5399932861328,170.77371215820312,3617300,0.0,0.0
2019-11-12 00:00:00-05:00,179.94000244140625,181.05999755859375,178.8800048828125,179.74000549316406,170.9639434814453,6118700,0.0,0.0
2019-11-13 00:00:00-05:00,179.39999389648438,180.8800048828125,177.89999389648438,179.41000366210938,170.6500701904297,6138300,0.0,0.0
2019-11-14 00:00:00-05:00,179.0,179.77000427246094,178.05999755859375,179.75,171.2598419189453,9811000,0.3,0.0
2019-11-15 00:00:00-05:00,180.02999877929688,180.67999267578125,179.0800018310547,179.77000427246094,171.27891540527344,7808800,0.0,0.0
2019-11-18 00:00:00-05:00,179.57000732421875,180.32000732421875,178.97999572753906,179.66000366210938,171.174072265625,7173700,0.0,0.0
2019-11-19 00:00:00-05:00,180.38999938964844,182.97999572753906,180.1999969482422,182.77000427246094,174.13714599609375,8549900,0.0,0.0
2019-11-20 00:00:00-05:00,182.30999755859375,183.22000122070312,180.35000610351562,181.66000366210938,173.07960510253906,6040500,0.0,0.0
2019-11-21 00:00:00-05:00,181.1699981689453,181.80999755859375,179.32000732421875,179.88999938964844,171.39320373535156,5112200,0.0,0.0
2019-11-22 00:00:00-05:00,180.1300048828125,180.47000122070312,178.35000610351562,179.47000122070312,170.99302673339844,6865600,0.0,0.0
2019-11-25 00:00:00-05:00,180.39999389648438,181.35000610351562,180.11000061035156,180.97000122070312,172.4221954345703,5457800,0.0,0.0
2019-11-26 00:00:00-05:00,181.4600067138672,182.9199981689453,181.2100067138672,182.5500030517578,173.92758178710938,7079000,0.0,0.0
2019-11-27 00:00:00-05:00,183.0,184.5399932861328,182.25999450683594,184.3699951171875,175.66160583496094,11452700,0.0,0.0
2019-11-29 00:00:00-05:00,183.92999267578125,184.85000610351562,183.36000061035156,184.50999450683594,175.7949981689453,3139100,0.0,0.0
2019-12-02 00:00:00-05:00,184.24000549316406,184.3699951171875,179.8699951171875,181.7899932861328,173.20347595214844,6883200,0.0,0.0
2019-12-03 00:00:00-05:00,179.89999389648438,182.13999938964844,179.66000366210938,181.89999389648438,173.30824279785156,4543300,0.0,0.0
2019-12-04 00:00:00-05:00,182.66000366210938,182.66000366210938,180.47000122070312,180.60000610351562,172.0696563720703,10650400,0.0,0.0
2019-12-05 00:00:00-05:00,181.25,182.02999877929688,180.07000732421875,181.88999938964844,173.2987060546875,4638600,0.0,0.0
2019-12-06 00:00:00-05:00,182.74000549316406,183.27999877929688,181.33999633789062,182.1699981689453,173.5655059814453,14526700,0.0,0.0
2019-12-09 00:00:00-05:00,181.89999389648438,183.25999450683594,181.3000030517578,182.9199981689453,174.28009033203125,10233100,0.0,0.0
2019-12-10 00:00:00-05:00,182.5500030517578,183.14999389648438,181.89999389648438,182.25999450683594,173.65127563476562,8625700,0.0,0.0
2019-12-11 00:00:00-05:00,183.07000732421875,183.0800018310547,181.19000244140625,182.00999450683594,173.41310119628906,7138800,0.0,0.0
2019-12-12 00:00:00-05:00,181.66000366210938,183.3300018310547,180.8300018310547,182.63999938964844,174.01329040527344,11192100,0.0,0.0
2019-12-13 00:00:00-05:00,182.5,185.52000427246094,182.0399932861328,185.13999938964844,176.39523315429688,8558100,0.0,0.0
2019-12-16 00:00:00-05:00,186.3300018310547,186.82000732421875,185.77000427246094,186.24000549316406,177.4433135986328,8249900,0.0,0.0
2019-12-17 00:00:00-05:00,186.5,186.77999877929688,184.10000610351562,185.52000427246094,176.75730895996094,10208700,0.0,0.0
2019-12-18 00:00:00-05:00,185.52000427246094,186.44000244140625,184.89999389648438,184.89999389648438,176.16656494140625,8968500,0.0,0.0
2019-12-19 00:00:00-05:00,184.5,186.5800018310547,184.5,186.5399932861328,177.72911071777344,5854200,0.0,0.0
2019-12-20 00:00:00-05:00,187.60000610351562,188.1699981689453,186.3000030517578,188.0,179.12013244628906,11259500,0.0,0.0
2019-12-23 00:00:00-05:00,188.14999389648438,188.41000366210938,187.0,187.0800018310547,178.24356079101562,5831700,0.0,0.0
2019-12-24 00:00:00-05:00,187.10000610351562,188.02000427246094,186.91000366210938,187.57000732421875,178.71041870117188,2420900,0.0,0.0
2019-12-26 00:00:00-05:00,187.88999938964844,189.17999267578125,187.6999969482422,189.16000366210938,180.2253875732422,5237000,0.0,0.0
2019-12-27 00:00:00-05:00,189.74000549316406,189.88999938964844,188.47000122070312,189.38999938964844,180.4445037841797,5448600,0.0,0.0
2019-12-30 00:00:00-05:00,189.30999755859375,189.47999572753906,187.1199951171875,187.8300018310547,178.9582061767578,4833600,0.0,0.0
2019-12-31 00:00:00-05:00,187.05999755859375,188.0,186.5399932861328,187.89999389648438,179.0248565673828,5273000,0.0,0.0
2020-01-02 00:00:00-05:00,189.0,191.13999938964844,188.72000122070312,191.1199951171875,182.0927734375,8733000,0.0,0.0
2020-01-03 00:00:00-05:00,188.41000366210938,190.9600067138672,187.9199981689453,189.60000610351562,180.64456176757812,4899700,0.0,0.0
2020-01-06 00:00:00-05:00,188.0,189.2100067138672,187.16000366210938,189.19000244140625,180.2539520263672,10109500,0.0,0.0
2020-01-07 00:00:00-05:00,189.58999633789062,190.10000610351562,188.60000610351562,188.69000244140625,179.7775421142578,4392300,0.0,0.0
2020-01-08 00:00:00-05:00,189.49000549316406,192.5,188.8000030517578,191.9199981689453,182.85501098632812,5712000,0.0,0.0
2020-01-09 00:00:00-05:00,193.0,193.9199981689453,192.52000427246094,193.25,184.12216186523438,6748000,0.0,0.0
2020-01-10 00:00:00-05:00,193.5,194.57000732421875,193.11000061035156,193.77000427246094,184.61761474609375,6586400,0.0,0.0
2020-01-13 00:00:00-05:00,194.44000244140625,195.60000610351562,194.27999877929688,195.3300018310547,186.10394287109375,11290500,0.0,0.0
2020-01-14 00:00:00-05:00,196.74000549316406,196.9499969482422,195.13999938964844,196.0500030517578,186.78994750976562,6236500,0.0,0.0
2020-01-15 00:00:00-05:00,197.0,200.14999389648438,196.32000732421875,199.8000030517578,190.36279296875,10831100,0.0,0.0
2020-01-16 00:00:00-05:00,201.0,201.5,199.77999877929688,200.9499969482422,191.45846557617188,9983700,0.0,0.0
2020-01-17 00:00:00-05:00,201.75999450683594,204.75,199.97999572753906,204.6999969482422,195.0313720703125,12518900,0.0,0.0
2020-01-21 00:00:00-05:00,204.1300048828125,208.38999938964844,203.8000030517578,207.2899932861328,197.49900817871094,14861700,0.0,0.0
2020-01-22 00:00:00-05:00,207.50999450683594,210.1300048828125,207.2899932861328,207.89999389648438,198.08021545410156,8065000,0.0,0.0
2020-01-23 00:00:00-05:00,207.89999389648438,208.39999389648438,205.3000030517578,206.52000427246094,196.76539611816406,8520800,0.0,0.0
2020-01-24 00:00:00-05:00,207.4199981689453,207.99000549316406,204.2100067138672,205.0,195.3171844482422,7812900,0.0,0.0
2020-01-27 00:00:00-05:00,200.0,203.3300018310547,199.10000610351562,201.69000244140625,192.1635284423828,7198900,0.0,0.0
2020-01-28 00:00:00-05:00,202.38999938964844,203.83999633789062,201.77999877929688,202.85000610351562,193.26873779296875,7215700,0.0,0.0
2020-01-29 00:00:00-05:00,204.3000030517578,205.9199981689453,202.50999450683594,204.86000061035156,195.18380737304688,7041700,0.0,0.0
2020-01-30 00:00:00-05:00,204.0,208.5,203.32000732421875,208.2100067138672,198.37557983398438,8571900,0.0,0.0
2020-01-31 00:00:00-05:00,201.49000549316406,203.97999572753906,198.25999450683594,198.97000122070312,189.5719757080078,16699600,0.0,0.0
2020-02-03 00:00:00-05:00,199.94000244140625,202.25999450683594,199.85000610351562,200.80999755859375,191.3250732421875,10885900,0.0,0.0
2020-02-04 00:00:00-05:00,203.5,204.9199981689453,202.22999572753906,203.55999755859375,193.94522094726562,10205900,0.0,0.0
2020-02-05 00:00:00-05:00,205.5,205.60000610351562,199.9499969482422,202.80999755859375,193.2306365966797,8672400,0.0,0.0
2020-02-06 00:00:00-05:00,203.0500030517578,204.6300048828125,202.47999572753906,203.0399932861328,193.4497528076172,7001200,0.0,0.0
2020-02-07 00:00:00-05:00,201.97999572753906,203.8300018310547,201.08999633789062,202.74000549316406,193.16392517089844,5691100,0.0,0.0
2020-02-10 00:00:00-05:00,201.97000122070312,206.1300048828125,201.86000061035156,205.99000549316406,196.2603759765625,6239500,0.0,0.0
2020-02-11 00:00:00-05:00,207.5,207.6699981689453,203.63999938964844,203.94000244140625,194.30728149414062,10231900,0.0,0.0
2020-02-12 00:00:00-05:00,205.0,208.14999389648438,205.0,207.44000244140625,197.6419219970703,7355800,0.0,0.0
2020-02-13 00:00:00-05:00,206.6199951171875,208.47000122070312,206.0500030517578,207.39999389648438,197.88995361328125,9495300,0.3,0.0
2020-02-14 00:00:00-05:00,208.2899932861328,210.77999877929688,208.00999450683594,210.2899932861328,200.64749145507812,6548800,0.0,0.0
2020-02-18 00:00:00-05:00,210.0,211.5,209.36000061035156,211.1999969482422,201.51577758789062,7651500,0.0,0.0
2020-02-19 00:00:00-05:00,212.52000427246094,214.1699981689453,211.72000122070312,213.30999755859375,203.52899169921875,5927500,0.0,0.0
2020-02-20 00:00:00-05:00,212.1300048828125,213.69000244140625,208.27999877929688,211.4499969482422,201.7543182373047,8531900,0.0,0.0
2020-02-21 00:00:00-05:00,209.89999389648438,210.22000122070312,207.4199981689453,208.80999755859375,199.23536682128906,9231500,0.0,0.0
2020-02-24 00:00:00-05:00,197.88999938964844,203.77000427246094,194.00999450683594,198.7899932861328,189.67478942871094,13316800,0.0,0.0
2020-02-25 00:00:00-05:00,198.7899932861328,199.88999938964844,187.72000122070312,188.39999389648438,179.7611846923828,18539000,0.0,0.0
2020-02-26 00:00:00-05:00,190.0,193.50999450683594,187.02999877929688,187.2100067138672,178.62579345703125,14214700,0.0,0.0
2020-02-27 00:00:00-05:00,182.1199951171875,186.33999633789062,180.0,180.00999450683594,171.75596618652344,17536600,0.0,0.0
2020-02-28 00:00:00-05:00,173.7899932861328,182.3300018310547,172.97999572753906,181.75999450683594,173.42562866210938,22659000,0.0,0.0
2020-03-02 00:00:00-05:00,186.32000732421875,192.44000244140625,183.10000610351562,192.3300018310547,183.5110321044922,17434500,0.0,0.0
2020-03-03 00:00:00-05:00,193.1999969482422,194.0399932861328,184.5,185.72999572753906,177.21365356445312,15226400,0.0,0.0
2020-03-04 00:00:00-05:00,190.36000061035156,194.49000549316406,186.1699981689453,194.2899932861328,185.38113403320312,10789100,0.0,0.0
2020-03-05 00:00:00-05:00,191.24000549316406,191.9199981689453,185.63999938964844,186.9600067138672,178.3872528076172,10106900,0.0,0.0
2020-03-06 00:00:00-05:00,183.5399932861328,185.99000549316406,179.97999572753906,184.36000061035156,175.90643310546875,15183200,0.0,0.0
2020-03-09 00:00:00-04:00,171.2100067138672,179.57000732421875,168.30999755859375,171.1300048828125,163.28306579589844,20486400,0.0,0.0
2020-03-10 00:00:00-04:00,179.47000122070312,182.61000061035156,171.8800048828125,182.60000610351562,174.22718811035156,16119400,0.0,0.0
2020-03-11 00:00:00-04:00,177.64999389648438,178.72999572753906,170.1999969482422,172.9499969482422,165.01966857910156,14598200,0.0,0.0
2020-03-12 00:00:00-04:00,158.5,172.0,156.99000549316406,160.0800018310547,152.7397918701172,27467700,0.0,0.0
2020-03-13 00:00:00-04:00,168.72000122070312,176.32000732421875,162.2100067138672,175.8300018310547,167.76760864257812,19948900,0.0,0.0
2020-03-16 00:00:00-04:00,151.13999938964844,165.30999755859375,147.97999572753906,152.00999450683594,145.03981018066406,23692000,0.0,0.0
2020-03-17 00:00:00-04:00,155.75,163.6999969482422,149.25,157.88999938964844,150.65017700195312,22298000,0.0,0.0
2020-03-18 00:00:00-04:00,148.4600067138672,150.67999267578125,139.8000030517578,148.47999572753906,141.67172241210938,22787500,0.0,0.0
2020-03-19 00:00:00-04:00,146.9199981689453,157.25,141.47000122070312,152.25,145.26881408691406,19362800,0.0,0.0
2020-03-20 00:00:00-04:00,154.82000732421875,158.25999450683594,145.6699981689453,146.8300018310547,140.09730529785156,18692100,0.0,0.0
2020-03-23 00:00:00-04:00,141.3300018310547,143.35000610351562,133.92999267578125,135.74000549316406,129.515869140625,30344100,0.0,0.0
2020-03-24 00:00:00-04:00,144.83999633789062,155.25,143.5800018310547,154.52999877929688,147.44427490234375,24488300,0.0,0.0
2020-03-25 00:00:00-04:00,159.32000732421875,168.17999267578125,153.5800018310547,161.77999877929688,154.3618621826172,20619600,0.0,0.0
2020-03-26 00:00:00-04:00,162.0800018310547,169.52999877929688,161.7899932861328,168.8800048828125,161.13624572753906,17062900,0.0,0.0
2020-03-27 00:00:00-04:00,161.0800018310547,167.10000610351562,158.14999389648438,161.55999755859375,154.1519317626953,14950700,0.0,0.0
2020-03-30 00:00:00-04:00,161.0399932861328,165.8699951171875,160.69000244140625,165.57000732421875,157.9780731201172,15714500,0.0,0.0
2020-03-31 00:00:00-04:00,166.42999267578125,168.19000244140625,160.5399932861328,161.1199951171875,153.73207092285156,20613100,0.0,0.0
2020-04-01 00:00:00-04:00,156.32000732421875,158.07000732421875,151.4199981689453,153.11000061035156,146.08941650390625,12595200,0.0,0.0
2020-04-02 00:00:00-04:00,152.52999877929688,158.35000610351562,151.2899932861328,157.38999938964844,150.17315673828125,14051100,0.0,0.0
2020-04-03 00:00:00-04:00,155.55999755859375,157.72000122070312,150.60000610351562,151.85000610351562,144.8871612548828,11994700,0.0,0.0
2020-04-06 00:00:00-04:00,160.02000427246094,170.72999572753906,158.25,169.44000244140625,161.67062377929688,16479100,0.0,0.0
2020-04-07 00:00:00-04:00,177.75999450683594,178.8000030517578,168.10000610351562,168.58999633789062,160.85960388183594,15379000,0.0,0.0
2020-04-08 00:00:00-04:00,171.00999450683594,176.0,167.92999267578125,174.94000244140625,166.91842651367188,11146500,0.0,0.0
2020-04-09 00:00:00-04:00,176.27000427246094,177.19000244140625,172.85000610351562,173.69000244140625,165.72572326660156,12231800,0.0,0.0
2020-04-13 00:00:00-04:00,172.25999450683594,172.32000732421875,166.14999389648438,168.99000549316406,161.2412109375,14043700,0.0,0.0
2020-04-14 00:00:00-04:00,173.08999633789062,175.42999267578125,170.8300018310547,174.6199951171875,166.6131134033203,9980500,0.0,0.0
2020-04-15 00:00:00-04:00,168.6999969482422,169.36000061035156,164.9499969482422,165.9600067138672,158.3501434326172,12118700,0.0,0.0
2020-04-16 00:00:00-04:00,167.11000061035156,168.0,159.8000030517578,162.4199981689453,154.97250366210938,20308200,0.0,0.0
2020-04-17 00:00:00-04:00,169.64999389648438,170.99000549316406,164.9499969482422,169.5399932861328,161.76602172851562,15375800,0.0,0.0
2020-04-20 00:00:00-04:00,167.3300018310547,167.42999267578125,163.1999969482422,164.22000122070312,156.68995666503906,10505200,0.0,0.0
2020-04-21 00:00:00-04:00,162.0,162.57000732421875,159.14999389648438,160.52999877929688,153.1691436767578,10562100,0.0,0.0
2020-04-22 00:00:00-04:00,164.66000366210938,167.6999969482422,162.9199981689453,166.58999633789062,158.9512481689453,14502500,0.0,0.0
2020-04-23 00:00:00-04:00,167.8800048828125,170.41000366210938,166.2100067138672,166.3800048828125,158.75091552734375,11411300,0.0,0.0
2020-04-24 00:00:00-04:00,168.44000244140625,168.75,164.00999450683594,167.32000732421875,159.6477813720703,8391400,0.0,0.0
2020-04-27 00:00:00-04:00,168.64999389648438,172.35000610351562,168.5500030517578,171.75999450683594,163.88424682617188,9903300,0.0,0.0
2020-04-28 00:00:00-04:00,175.0,175.00999450683594,170.3800048828125,171.25,163.3975830078125,8614400,0.0,0.0
2020-04-29 00:00:00-04:00,176.85000610351562,182.25,176.10000610351562,181.7899932861328,173.45431518554688,12862800,0.0,0.0
2020-04-30 00:00:00-04:00,181.77999877929688,181.8300018310547,177.66000366210938,178.72000122070312,170.52508544921875,11331600,0.0,0.0
2020-05-01 00:00:00-04:00,174.4499969482422,179.63999938964844,174.27000427246094,175.57000732421875,167.5195770263672,10109600,0.0,0.0
2020-05-04 00:00:00-04:00,172.9499969482422,176.94000244140625,171.72000122070312,176.14999389648438,168.07290649414062,9386200,0.0,0.0
2020-05-05 00:00:00-04:00,179.08999633789062,181.10000610351562,178.25999450683594,178.44000244140625,170.25787353515625,13513000,0.0,0.0
2020-05-06 00:00:00-04:00,179.72000122070312,180.50999450683594,177.8800048828125,178.77999877929688,170.58230590820312,8540500,0.0,0.0
2020-05-07 00:00:00-04:00,181.75,184.97999572753906,181.7100067138672,182.72000122070312,174.34164428710938,9262200,0.0,0.0
2020-05-08 00:00:00-04:00,185.02999877929688,185.75,183.6199951171875,185.08999633789062,176.60296630859375,6470100,0.0,0.0
2020-05-11 00:00:00-04:00,183.8699951171875,184.6199951171875,181.42999267578125,183.55999755859375,175.14320373535156,8683100,0.0,0.0
2020-05-12 00:00:00-04:00,183.55999755859375,183.99000549316406,179.3699951171875,179.47000122070312,171.24066162109375,8219700,0.0,0.0
2020-05-13 00:00:00-04:00,178.5,181.08999633789062,175.0399932861328,177.08999633789062,169.25274658203125,13377100,0.3,0.0
2020-05-14 00:00:00-04:00,175.94000244140625,181.0500030517578,173.82000732421875,180.89999389648438,172.89414978027344,9695100,0.0,0.0
2020-05-15 00:00:00-04:00,179.97999572753906,184.13999938964844,178.8699951171875,183.49000549316406,175.3695068359375,10785900,0.0,0.0
2020-05-18 00:00:00-04:00,188.0,192.8300018310547,187.47000122070312,191.3800048828125,182.91033935546875,11802200,0.0,0.0
2020-05-19 00:00:00-04:00,191.13999938964844,194.5,189.22999572753906,189.36000061035156,180.97975158691406,7446800,0.0,0.0
2020-05-20 00:00:00-04:00,193.0,194.99000549316406,192.41000366210938,193.86000061035156,185.2805633544922,9545600,0.0,0.0
2020-05-21 00:00:00-04:00,193.5,193.6199951171875,190.02000427246094,190.6199951171875,182.1839599609375,11338100,0.0,0.0
2020-05-22 00:00:00-04:00,191.0,191.3699951171875,189.22999572753906,190.86000061035156,182.41339111328125,5807600,0.0,0.0
2020-05-26 00:00:00-04:00,195.8000030517578,196.27000427246094,192.75999450683594,193.22000122070312,184.6688995361328,9662200,0.0,0.0
2020-05-27 00:00:00-04:00,194.30999755859375,194.30999755859375,188.52000427246094,192.82000732421875,184.28663635253906,7650300,0.0,0.0
2020-05-28 00:00:00-04:00,193.5399932861328,198.2899932861328,192.7100067138672,194.25999450683594,185.66287231445312,8352200,0.0,0.0
2020-05-29 00:00:00-04:00,194.5,196.74000549316406,193.27999877929688,195.24000549316406,186.59951782226562,10211900,0.0,0.0
2020-06-01 00:00:00-04:00,194.7100067138672,195.8800048828125,193.52000427246094,194.35000610351562,185.7489013671875,6011300,0.0,0.0
2020-06-02 00:00:00-04:00,195.94000244140625,197.52000427246094,194.9199981689453,196.36000061035156,187.66993713378906,8462100,0.0,0.0
2020-06-03 00:00:00-04:00,198.0,198.13999938964844,195.57000732421875,196.8699951171875,188.15737915039062,8879400,0.0,0.0
2020-06-04 00:00:00-04:00,195.97999572753906,196.4600067138672,193.1199951171875,193.63999938964844,185.07032775878906,7829800,0.0,0.0
2020-06-05 00:00:00-04:00,196.1999969482422,199.77000427246094,195.47999572753906,199.61000061035156,190.77613830566406,8561200,0.0,0.0
2020-06-08 00:00:00-04:00,199.5800018310547,199.9600067138672,197.1300048828125,199.60000610351562,190.7665557861328,7628100,0.0,0.0
2020-06-09 00:00:00-04:00,198.36000061035156,201.6699981689453,198.24000549316406,199.0800018310547,190.2695770263672,6892300,0.0,0.0
2020-06-10 00:00:00-04:00,199.89999389648438,202.17999267578125,198.9499969482422,200.47999572753906,191.60760498046875,8405300,0.0,0.0
2020-06-11 00:00:00-04:00,195.13999938964844,196.36000061035156,188.75,188.8800048828125,180.52098083496094,11974600,0.0,0.0
2020-06-12 00:00:00-04:00,194.2100067138672,195.0,187.85000610351562,192.25999450683594,183.75137329101562,11706300,0.0,0.0
2020-06-15 00:00:00-04:00,187.0,192.47999572753906,186.2100067138672,191.75999450683594,183.27352905273438,6752700,0.0,0.0
2020-06-16 00:00:00-04:00,196.86000061035156,198.3800048828125,191.8000030517578,192.8800048828125,184.3439178466797,11057200,0.0,0.0
2020-06-17 00:00:00-04:00,193.66000366210938,195.3699951171875,193.05999755859375,193.55999755859375,184.99386596679688,5968900,0.0,0.0
2020-06-18 00:00:00-04:00,192.60000610351562,194.25,192.11000061035156,193.91000366210938,185.32835388183594,5803200,0.0,0.0
2020-06-19 00:00:00-04:00,196.88999938964844,197.10000610351562,191.3699951171875,192.1999969482422,183.6940460205078,11483300,0.0,0.0
2020-06-22 00:00:00-04:00,191.99000549316406,196.36000061035156,191.2899932861328,194.9600067138672,186.33189392089844,6674500,0.0,0.0
2020-06-23 00:00:00-04:00,196.25,200.14999389648438,195.82000732421875,197.97000122070312,189.2086944580078,9866800,0.0,0.0
2020-06-24 00:00:00-04:00,197.02000427246094,197.47999572753906,190.69000244140625,191.41000366210938,182.9390106201172,9453100,0.0,0.0
2020-06-25 00:00:00-04:00,191.10000610351562,194.24000549316406,189.89999389648438,193.97999572753906,185.3953094482422,9936600,0.0,0.0
2020-06-26 00:00:00-04:00,193.10000610351562,194.1300048828125,189.0800018310547,189.27000427246094,180.89370727539062,11836000,0.0,0.0
2020-06-29 00:00:00-04:00,189.91000366210938,191.4499969482422,187.3000030517578,191.3800048828125,182.91033935546875,8020400,0.0,0.0
2020-06-30 00:00:00-04:00,191.49000549316406,193.75,190.16000366210938,193.1699981689453,184.62115478515625,9040100,0.0,0.0
2020-07-01 00:00:00-04:00,193.85000610351562,195.35000610351562,192.66000366210938,193.77999877929688,185.2041473388672,6394100,0.0,0.0
2020-07-02 00:00:00-04:00,196.0,197.9199981689453,195.0,195.6699981689453,187.01046752929688,6299300,0.0,0.0
2020-07-06 00:00:00-04:00,198.72999572753906,199.17999267578125,195.67999267578125,197.75999450683594,189.0080108642578,7292200,0.0,0.0
2020-07-07 00:00:00-04:00,196.80999755859375,198.89999389648438,193.80999755859375,194.1999969482422,185.60552978515625,7660100,0.0,0.0
2020-07-08 00:00:00-04:00,195.0800018310547,195.52000427246094,193.1199951171875,195.07000732421875,186.43704223632812,8368000,0.0,0.0
2020-07-09 00:00:00-04:00,195.0,195.49000549316406,189.9499969482422,192.2100067138672,183.70361328125,8548200,0.0,0.0
2020-07-10 00:00:00-04:00,191.64999389648438,192.82000732421875,189.44000244140625,192.5500030517578,184.028564453125,7674200,0.0,0.0
2020-07-13 00:00:00-04:00,193.61000061035156,195.19000244140625,188.6999969482422,189.02000427246094,180.65480041503906,8564100,0.0,0.0
2020-07-14 00:00:00-04:00,189.5,193.47000122070312,187.17999267578125,193.3300018310547,184.7740478515625,8003900,0.0,0.0
2020-07-15 00:00:00-04:00,195.22999572753906,197.77000427246094,194.5,196.5500030517578,187.8515625,7681100,0.0,0.0
2020-07-16 00:00:00-04:00,195.3300018310547,195.7100067138672,192.52000427246094,193.5,184.93653869628906,5064000,0.0,0.0
2020-07-17 00:00:00-04:00,194.8300018310547,195.57000732421875,193.1199951171875,195.08999633789062,186.45614624023438,6395000,0.0,0.0
2020-07-20 00:00:00-04:00,194.74000549316406,199.47999572753906,193.6699981689453,198.47000122070312,189.68658447265625,6985300,0.0,0.0
2020-07-21 00:00:00-04:00,200.0,200.1699981689453,195.67999267578125,196.47999572753906,187.7846221923828,7218700,0.0,0.0
2020-07-22 00:00:00-04:00,196.47999572753906,199.0,196.25,198.86000061035156,190.05931091308594,6823400,0.0,0.0
2020-07-23 00:00:00-04:00,198.44000244140625,200.9499969482422,196.42999267578125,197.42999267578125,188.69259643554688,6106700,0.0,0.0
2020-07-24 00:00:00-04:00,195.6699981689453,197.47999572753906,194.02999877929688,195.14999389648438,186.5134735107422,7160300,0.0,0.0
2020-07-27 00:00:00-04:00,195.16000366210938,197.80999755859375,194.1999969482422,196.91000366210938,188.1956024169922,5604700,0.0,0.0
2020-07-28 00:00:00-04:00,197.69000244140625,199.3699951171875,196.7100067138672,196.74000549316406,188.0331268310547,6897300,0.0,0.0
2020-07-29 00:00:00-04:00,193.08999633789062,198.88999938964844,193.0500030517578,198.5800018310547,189.79168701171875,9471300,0.0,0.0
2020-07-30 00:00:00-04:00,195.1999969482422,196.55999755859375,192.1199951171875,194.05999755859375,185.47171020507812,10499400,0.0,0.0
2020-07-31 00:00:00-04:00,194.4199981689453,194.69000244140625,189.44000244140625,190.39999389648438,181.9737091064453,14180800,0.0,0.0
2020-08-03 00:00:00-04:00,191.8000030517578,193.33999633789062,190.2100067138672,190.69000244140625,182.2508544921875,11405200,0.0,0.0
2020-08-04 00:00:00-04:00,191.1300048828125,192.94000244140625,190.0800018310547,192.2899932861328,183.780029296875,8204000,0.0,0.0
2020-08-05 00:00:00-04:00,193.55999755859375,198.17999267578125,193.10000610351562,196.10000610351562,187.4214630126953,8876800,0.0,0.0
2020-08-06 00:00:00-04:00,195.97999572753906,198.9199981689453,194.7899932861328,198.77000427246094,189.9733123779297,7480300,0.0,0.0
2020-08-07 00:00:00-04:00,197.58999633789062,197.97999572753906,195.3000030517578,196.36000061035156,187.66993713378906,5654000,0.0,0.0
2020-08-10 00:00:00-04:00,196.36000061035156,198.30999755859375,195.3300018310547,196.7899932861328,188.0808868408203,5525400,0.0,0.0
2020-08-11 00:00:00-04:00,197.82000732421875,202.88999938964844,196.33999633789062,197.77000427246094,189.01754760742188,11549600,0.0,0.0
2020-08-12 00:00:00-04:00,199.0,200.22999572753906,198.24000549316406,198.74000549316406,189.94459533691406,5432500,0.0,0.0
2020-08-13 00:00:00-04:00,197.1300048828125,199.94000244140625,197.02999877929688,197.5800018310547,189.12144470214844,7014800,0.3,0.0
2020-08-14 00:00:00-04:00,197.00999450683594,198.07000732421875,195.77000427246094,196.63999938964844,188.2216796875,5014400,0.0,0.0
2020-08-17 00:00:00-04:00,197.3000030517578,200.4600067138672,196.7100067138672,199.42999267578125,190.89222717285156,6256200,0.0,0.0
2020-08-18 00:00:00-04:00,199.97999572753906,200.10000610351562,196.82000732421875,199.00999450683594,190.49020385742188,6519900,0.0,0.0
2020-08-19 00:00:00-04:00,198.9199981689453,202.83999633789062,198.89999389648438,200.99000549316406,192.38543701171875,9467600,0.0,0.0
2020-08-20 00:00:00-04:00,199.89999389648438,204.44000244140625,199.60000610351562,204.14999389648438,195.41014099121094,8849200,0.0,0.0
2020-08-21 00:00:00-04:00,204.5,205.13999938964844,203.33999633789062,204.1300048828125,195.3910369873047,9998300,0.0,0.0
2020-08-24 00:00:00-04:00,205.00999450683594,206.4499969482422,204.6699981689453,206.41000366210938,197.57339477539062,6159600,0.0,0.0
2020-08-25 00:00:00-04:00,207.19000244140625,208.1999969482422,205.5399932861328,208.10000610351562,199.19107055664062,5828300,0.0,0.0
2020-08-26 00:00:00-04:00,208.10000610351562,210.8000030517578,207.3000030517578,210.25999450683594,201.25856018066406,7035200,0.0,0.0
2020-08-27 00:00:00-04:00,211.2100067138672,212.17999267578125,209.0500030517578,211.02999877929688,201.99563598632812,8619600,0.0,0.0
2020-08-28 00:00:00-04:00,212.0,216.16000366210938,211.22000122070312,215.7100067138672,206.4752655029297,7349800,0.0,0.0
2020-08-31 00:00:00-04:00,215.5399932861328,215.9600067138672,211.55999755859375,211.99000549316406,202.91453552246094,9326900,0.0,0.0
2020-09-01 00:00:00-04:00,212.2100067138672,213.88999938964844,211.1199951171875,213.35000610351562,204.21633911132812,5642900,0.0,0.0
2020-09-02 00:00:00-04:00,214.1300048828125,217.35000610351562,213.77000427246094,216.47999572753906,207.21234130859375,9863800,0.0,0.0
2020-09-03 00:00:00-04:00,214.92999267578125,214.92999267578125,207.08999633789062,208.9600067138672,200.0142364501953,11310200,0.0,0.0
2020-09-04 00:00:00-04:00,208.49000549316406,210.5,200.14999389648438,204.66000366210938,195.89834594726562,13243600,0.0,0.0
2020-09-08 00:00:00-04:00,200.77999877929688,202.25,199.2100067138672,200.1199951171875,191.55267333984375,14186900,0.0,0.0
2020-09-09 00:00:00-04:00,204.35000610351562,206.2899932861328,201.9499969482422,204.05999755859375,195.32403564453125,7532600,0.0,0.0
2020-09-10 00:00:00-04:00,204.86000061035156,207.0,200.4499969482422,201.5399932861328,192.9119110107422,7243000,0.0,0.0
2020-09-11 00:00:00-04:00,201.5800018310547,202.41000366210938,198.91000366210938,200.67999267578125,192.0886688232422,7439000,0.0,0.0
2020-09-14 00:00:00-04:00,203.35000610351562,206.41000366210938,203.13999938964844,204.97999572753906,196.20458984375,11730500,0.0,0.0
2020-09-15 00:00:00-04:00,206.75,208.2100067138672,204.77000427246094,205.38999938964844,196.5970458984375,6328600,0.0,0.0
2020-09-16 00:00:00-04:00,206.74000549316406,207.75,204.9499969482422,205.1300048828125,196.34823608398438,6135000,0.0,0.0
2020-09-17 00:00:00-04:00,202.85000610351562,205.5800018310547,202.0,205.27000427246094,196.48220825195312,7474900,0.0,0.0
2020-09-18 00:00:00-04:00,205.47000122070312,205.72000122070312,201.72000122070312,202.61000061035156,193.9360809326172,9084100,0.0,0.0
2020-09-21 00:00:00-04:00,199.91000366210938,201.25,194.6999969482422,197.4499969482422,188.99697875976562,9656000,0.0,0.0
2020-09-22 00:00:00-04:00,198.08999633789062,200.7100067138672,196.8000030517578,200.55999755859375,191.97384643554688,7543100,0.0,0.0
2020-09-23 00:00:00-04:00,200.8000030517578,201.08999633789062,194.57000732421875,195.3699951171875,187.00601196289062,6310600,0.0,0.0
2020-09-24 00:00:00-04:00,195.14999389648438,197.6699981689453,193.1300048828125,195.52000427246094,187.14964294433594,9865300,0.0,0.0
2020-09-25 00:00:00-04:00,195.02000427246094,198.13999938964844,193.50999450683594,197.25,188.80557250976562,5496100,0.0,0.0
2020-09-28 00:00:00-04:00,200.6300048828125,201.72000122070312,199.8300018310547,200.32000732421875,191.74415588378906,5565300,0.0,0.0
2020-09-29 00:00:00-04:00,200.5800018310547,202.3800048828125,199.3699951171875,199.44000244140625,190.9017791748047,5513500,0.0,0.0
2020-09-30 00:00:00-04:00,200.85000610351562,202.5399932861328,198.88999938964844,199.97000122070312,191.4091033935547,9157600,0.0,0.0
2020-10-01 00:00:00-04:00,202.2100067138672,205.1999969482422,201.63999938964844,203.35000610351562,194.64443969726562,7234600,0.0,0.0
2020-10-02 00:00:00-04:00,200.0,202.8300018310547,199.39999389648438,201.4600067138672,192.83531188964844,6019700,0.0,0.0
2020-10-05 00:00:00-04:00,202.7100067138672,203.64999389648438,201.0500030517578,203.5399932861328,194.82626342773438,6090500,0.0,0.0
2020-10-06 00:00:00-04:00,204.11000061035156,205.10000610351562,199.7100067138672,200.4499969482422,191.8685760498047,5841100,0.0,0.0
2020-10-07 00:00:00-04:00,202.0,202.7899932861328,199.99000549316406,202.47000122070312,193.80209350585938,6713400,0.0,0.0
2020-10-08 00:00:00-04:00,204.0,204.3000030517578,202.22999572753906,202.97999572753906,194.2902374267578,3955600,0.0,0.0
2020-10-09 00:00:00-04:00,204.0,207.0800018310547,203.67999267578125,206.63999938964844,197.79354858398438,5562900,0.0,0.0
2020-10-12 00:00:00-04:00,206.94000244140625,207.97000122070312,205.72999572753906,206.39999389648438,197.56385803222656,6622700,0.0,0.0
2020-10-13 00:00:00-04:00,203.3800048828125,205.2100067138672,203.02999877929688,204.32000732421875,195.57289123535156,5621700,0.0,0.0
2020-10-14 00:00:00-04:00,204.7100067138672,204.97000122070312,201.1300048828125,202.1999969482422,193.5436248779297,5320000,0.0,0.0
2020-10-15 00:00:00-04:00,201.00999450683594,204.6999969482422,197.60000610351562,199.5500030517578,191.00704956054688,8885500,0.0,0.0
2020-10-16 00:00:00-04:00,199.99000549316406,202.64999389648438,199.41000366210938,200.25999450683594,191.68673706054688,6385900,0.0,0.0
2020-10-19 00:00:00-04:00,200.85000610351562,201.07000732421875,196.5,196.97000122070312,188.53756713867188,7449600,0.0,0.0
2020-10-20 00:00:00-04:00,197.5500030517578,199.66000366210938,196.7100067138672,197.6999969482422,189.2362823486328,7427000,0.0,0.0
2020-10-21 00:00:00-04:00,197.8300018310547,200.4199981689453,197.8300018310547,198.42999267578125,189.9350128173828,6067200,0.0,0.0
2020-10-22 00:00:00-04:00,199.33999633789062,199.77000427246094,195.75999450683594,197.99000549316406,189.5138702392578,4908200,0.0,0.0
2020-10-23 00:00:00-04:00,199.75,199.8800048828125,196.02000427246094,198.00999450683594,189.53302001953125,5877200,0.0,0.0
2020-10-26 00:00:00-04:00,196.0,196.4199981689453,190.72000122070312,193.07000732421875,184.80450439453125,12608700,0.0,0.0
2020-10-27 00:00:00-04:00,193.0,193.6999969482422,189.22000122070312,190.05999755859375,181.92340087890625,8690400,0.0,0.0
2020-10-28 00:00:00-04:00,183.97999572753906,184.6999969482422,179.33999633789062,180.8699951171875,173.1268310546875,17809500,0.0,0.0
2020-10-29 00:00:00-04:00,183.0,187.0,179.33999633789062,184.8699951171875,176.95555114746094,16820900,0.0,0.0
2020-10-30 00:00:00-04:00,182.66000366210938,184.22000122070312,179.22999572753906,181.7100067138672,173.93084716796875,10252900,0.0,0.0
2020-11-02 00:00:00-05:00,184.50999450683594,186.9199981689453,183.88999938964844,184.74000549316406,176.83111572265625,8057100,0.0,0.0
2020-11-03 00:00:00-05:00,186.8300018310547,189.52999877929688,185.16000366210938,188.33999633789062,180.2769317626953,6467900,0.0,0.0
2020-11-04 00:00:00-05:00,192.88999938964844,196.8800048828125,191.52999877929688,193.97000122070312,185.66598510742188,8102700,0.0,0.0
2020-11-05 00:00:00-05:00,198.36000061035156,200.99000549316406,197.2899932861328,197.63999938964844,189.17881774902344,7132100,0.0,0.0
2020-11-06 00:00:00-05:00,197.35000610351562,199.67999267578125,195.42999267578125,198.47000122070312,189.97335815429688,6180500,0.0,0.0
2020-11-09 00:00:00-05:00,214.69000244140625,217.64999389648438,212.27999877929688,212.67999267578125,203.57493591308594,17916900,0.0,0.0
2020-11-10 00:00:00-05:00,211.94000244140625,214.05999755859375,210.5500030517578,213.30999755859375,204.177978515625,7943600,0.0,0.0
2020-11-11 00:00:00-05:00,212.1699981689453,214.27999877929688,211.6699981689453,212.6999969482422,203.59414672851562,5337200,0.0,0.0
2020-11-12 00:00:00-05:00,211.42999267578125,212.5399932861328,207.13999938964844,208.25999450683594,199.6446075439453,7302500,0.32,0.0
2020-11-13 00:00:00-05:00,209.91000366210938,211.27999877929688,207.3000030517578,210.47999572753906,201.772705078125,6377500,0.0,0.0
2020-11-16 00:00:00-05:00,214.57000732421875,215.08999633789062,211.8300018310547,212.6999969482422,203.9009246826172,12083200,0.0,0.0
2020-11-17 00:00:00-05:00,210.55999755859375,212.08999633789062,209.5,210.7100067138672,201.99322509765625,7268800,0.0,0.0
2020-11-18 00:00:00-05:00,209.72000122070312,211.14999389648438,207.6699981689453,207.8300018310547,199.23236083984375,6977900,0.0,0.0
2020-11-19 00:00:00-05:00,207.24000549316406,208.72999572753906,205.52999877929688,207.57000732421875,198.9831085205078,5657200,0.0,0.0
2020-11-20 00:00:00-05:00,207.1300048828125,208.11000061035156,203.80999755859375,203.8800048828125,195.44577026367188,9653500,0.0,0.0
2020-11-23 00:00:00-05:00,204.6999969482422,209.0,204.6999969482422,208.16000366210938,199.5487060546875,6101900,0.0,0.0
2020-11-24 00:00:00-05:00,210.85000610351562,213.82000732421875,209.39999389648438,209.67999267578125,201.00582885742188,10110800,0.0,0.0
2020-11-25 00:00:00-05:00,209.6699981689453,211.9499969482422,208.8699951171875,210.88999938964844,202.165771484375,6772900,0.0,0.0
2020-11-27 00:00:00-05:00,212.0,212.02999877929688,208.80999755859375,211.0,202.27120971679688,3512900,0.0,0.0
2020-11-30 00:00:00-05:00,209.5399932861328,210.5399932861328,206.60000610351562,210.35000610351562,201.6481170654297,7725500,0.0,0.0
2020-12-01 00:00:00-05:00,212.1300048828125,213.6699981689453,211.0399932861328,211.1999969482422,202.4629364013672,8047900,0.0,0.0
2020-12-02 00:00:00-05:00,211.0,211.39999389648438,208.47999572753906,210.17999267578125,201.48513793945312,9728900,0.0,0.0
2020-12-03 00:00:00-05:00,209.77999877929688,211.11000061035156,207.61000061035156,208.0500030517578,199.44320678710938,9203300,0.0,0.0
2020-12-04 00:00:00-05:00,209.74000549316406,212.72000122070312,208.50999450683594,212.67999267578125,203.88168334960938,5720100,0.0,0.0
2020-12-07 00:00:00-05:00,211.97000122070312,214.5,211.8000030517578,212.64999389648438,203.85293579101562,10624500,0.0,0.0
2020-12-08 00:00:00-05:00,209.9499969482422,213.1300048828125,209.88999938964844,212.77000427246094,203.96798706054688,8646200,0.0,0.0
2020-12-09 00:00:00-05:00,213.22999572753906,213.5,208.9499969482422,209.5800018310547,200.90994262695312,6251100,0.0,0.0
2020-12-10 00:00:00-05:00,208.50999450683594,209.3000030517578,207.25,207.61000061035156,199.02146911621094,10492000,0.0,0.0
2020-12-11 00:00:00-05:00,205.36000061035156,206.88999938964844,204.5,206.24000549316406,197.70811462402344,9227600,0.0,0.0
2020-12-14 00:00:00-05:00,207.85000610351562,211.3000030517578,206.97000122070312,207.25,198.67636108398438,11967700,0.0,0.0
2020-12-15 00:00:00-05:00,208.5399932861328,209.44000244140625,206.16000366210938,208.36000061035156,199.7404327392578,9796100,0.0,0.0
2020-12-16 00:00:00-05:00,208.47999572753906,209.1300048828125,207.13999938964844,208.27000427246094,199.65414428710938,7504400,0.0,0.0
2020-12-17 00:00:00-05:00,209.0,211.77999877929688,208.85000610351562,211.17999267578125,202.44375610351562,6517200,0.0,0.0
2020-12-18 00:00:00-05:00,211.02000427246094,211.97999572753906,209.8699951171875,211.30999755859375,202.56838989257812,13298200,0.0,0.0
2020-12-21 00:00:00-05:00,208.27000427246094,209.8000030517578,204.7899932861328,209.00999450683594,200.36355590820312,7576700,0.0,0.0
2020-12-22 00:00:00-05:00,208.38999938964844,208.39999389648438,205.60000610351562,205.83999633789062,197.32472229003906,7396200,0.0,0.0
2020-12-23 00:00:00-05:00,207.3300018310547,207.3300018310547,205.11000061035156,205.3000030517578,196.8070526123047,6523100,0.0,0.0
2020-12-24 00:00:00-05:00,206.63999938964844,208.82000732421875,206.60000610351562,208.6999969482422,200.06639099121094,3367900,0.0,0.0
2020-12-28 00:00:00-05:00,209.85000610351562,213.4600067138672,208.9499969482422,212.6300048828125,203.8337860107422,5816200,0.0,0.0
2020-12-29 00:00:00-05:00,214.61000061035156,215.24000549316406,213.5399932861328,214.3699951171875,205.5017852783203,6093400,0.0,0.0
2020-12-30 00:00:00-05:00,216.0,220.38999938964844,215.64999389648438,218.36000061035156,209.32675170898438,8875100,0.0,0.0
2020-12-31 00:00:00-05:00,218.39999389648438,219.82000732421875,216.1999969482422,218.72999572753906,209.6814422607422,5922200,0.0,0.0
2021-01-04 00:00:00-05:00,220.25,220.25,214.24000549316406,217.75999450683594,208.75155639648438,10318300,0.0,0.0
2021-01-05 00:00:00-05:00,216.30999755859375,218.4600067138672,213.63999938964844,214.50999450683594,205.63600158691406,6869700,0.0,0.0
2021-01-06 00:00:00-05:00,213.8000030517578,216.1699981689453,212.07000732421875,212.6199951171875,203.82421875,7206200,0.0,0.0
2021-01-07 00:00:00-05:00,212.1999969482422,215.22000122070312,212.1999969482422,213.80999755859375,204.96498107910156,10967900,0.0,0.0
2021-01-08 00:00:00-05:00,214.1699981689453,216.1199951171875,212.75,215.4499969482422,206.53712463378906,6513000,0.0,0.0
2021-01-11 00:00:00-05:00,213.9600067138672,214.86000061035156,212.47999572753906,212.88999938964844,204.0830535888672,7353100,0.0,0.0
2021-01-12 00:00:00-05:00,212.33999633789062,212.7899932861328,207.47000122070312,208.86000061035156,200.21974182128906,9331600,0.0,0.0
2021-01-13 00:00:00-05:00,209.41000366210938,211.0,208.6300048828125,209.35000610351562,200.68948364257812,6688500,0.0,0.0
2021-01-14 00:00:00-05:00,210.57000732421875,211.2100067138672,201.72999572753906,201.86000061035156,193.5093231201172,12887500,0.0,0.0
2021-01-15 00:00:00-05:00,201.5399932861328,203.25999450683594,200.42999267578125,201.58999633789062,193.25048828125,8755000,0.0,0.0
2021-01-19 00:00:00-05:00,203.0500030517578,204.1699981689453,200.07000732421875,201.66000366210938,193.31759643554688,9772000,0.0,0.0
2021-01-20 00:00:00-05:00,203.02999877929688,207.19000244140625,202.22999572753906,206.00999450683594,197.4876708984375,12675700,0.0,0.0
2021-01-21 00:00:00-05:00,206.0500030517578,207.1699981689453,204.75,205.13999938964844,196.65362548828125,6513500,0.0,0.0
2021-01-22 00:00:00-05:00,203.99000549316406,205.3300018310547,201.8000030517578,202.02000427246094,193.66270446777344,7316200,0.0,0.0
2021-01-25 00:00:00-05:00,200.33999633789062,201.63999938964844,195.75,200.97999572753906,192.66571044921875,19282400,0.0,0.0
2021-01-26 00:00:00-05:00,201.75999450683594,203.49000549316406,200.97000122070312,202.00999450683594,193.6531524658203,9605300,0.0,0.0
2021-01-27 00:00:00-05:00,197.63999938964844,199.6999969482422,193.9600067138672,194.97000122070312,186.9043731689453,13772400,0.0,0.0
2021-01-28 00:00:00-05:00,200.0,202.0,198.1699981689453,198.22000122070312,190.01992797851562,11041300,0.0,0.0
2021-01-29 00:00:00-05:00,197.82000732421875,203.0500030517578,192.80999755859375,193.25,185.25547790527344,21503000,0.0,0.0
2021-02-01 00:00:00-05:00,195.13999938964844,199.2100067138672,195.02000427246094,198.36000061035156,190.15411376953125,12970700,0.0,0.0
2021-02-02 00:00:00-05:00,200.85000610351562,204.35000610351562,200.0,202.61000061035156,194.22830200195312,11305100,0.0,0.0
2021-02-03 00:00:00-05:00,203.07000732421875,203.50999450683594,200.97999572753906,201.36000061035156,193.0299835205078,13458600,0.0,0.0
2021-02-04 00:00:00-05:00,203.24000549316406,209.67999267578125,203.10000610351562,209.25,200.59361267089844,14534800,0.0,0.0
2021-02-05 00:00:00-05:00,209.97999572753906,210.1300048828125,208.66000366210938,208.77000427246094,200.13345336914062,10284000,0.0,0.0
2021-02-08 00:00:00-05:00,210.0,210.64999389648438,205.91000366210938,206.88999938964844,198.33123779296875,8637100,0.0,0.0
2021-02-09 00:00:00-05:00,205.75999450683594,207.6300048828125,203.6999969482422,206.52000427246094,197.97654724121094,7619400,0.0,0.0
2021-02-10 00:00:00-05:00,207.97000122070312,207.97000122070312,205.94000244140625,206.44000244140625,197.8998260498047,8467600,0.0,0.0
2021-02-11 00:00:00-05:00,207.3300018310547,211.58999633789062,207.19000244140625,210.66000366210938,202.2587890625,8411100,0.32,0.0
2021-02-12 00:00:00-05:00,209.36000061035156,211.1300048828125,207.67999267578125,209.9600067138672,201.58673095703125,6911000,0.0,0.0
2021-02-16 00:00:00-05:00,210.66000366210938,211.0500030517578,207.35000610351562,207.89999389648438,199.60885620117188,9652700,0.0,0.0
2021-02-17 00:00:00-05:00,205.25999450683594,208.27999877929688,205.05999755859375,207.50999450683594,199.23443603515625,8373200,0.0,0.0
2021-02-18 00:00:00-05:00,205.8800048828125,209.6999969482422,204.9600067138672,209.35000610351562,201.00103759765625,7328600,0.0,0.0
2021-02-19 00:00:00-05:00,209.33999633789062,209.52999877929688,203.75999450683594,204.72999572753906,196.5653076171875,15011500,0.0,0.0
2021-02-22 00:00:00-05:00,203.5500030517578,210.64999389648438,203.11000061035156,208.32000732421875,200.01206970214844,8337700,0.0,0.0
2021-02-23 00:00:00-05:00,207.39999389648438,213.91000366210938,206.5500030517578,212.11000061035156,203.65097045898438,10571700,0.0,0.0
2021-02-24 00:00:00-05:00,212.36000061035156,220.52999877929688,211.2899932861328,219.42999267578125,210.67904663085938,12039000,0.0,0.0
2021-02-25 00:00:00-05:00,219.2899932861328,220.4499969482422,212.5800018310547,213.75,205.22555541992188,11404300,0.0,0.0
2021-02-26 00:00:00-05:00,214.0500030517578,215.2100067138672,210.74000549316406,212.38999938964844,203.9197998046875,11730000,0.0,0.0
2021-03-01 00:00:00-05:00,214.97000122070312,217.8000030517578,214.7899932861328,216.6300048828125,207.99070739746094,6982000,0.0,0.0
2021-03-02 00:00:00-05:00,216.9600067138672,217.92999267578125,214.82000732421875,215.77000427246094,207.16505432128906,6155200,0.0,0.0
2021-03-03 00:00:00-05:00,215.14999389648438,217.19000244140625,212.86000061035156,214.85000610351562,206.28172302246094,6484600,0.0,0.0
2021-03-04 00:00:00-05:00,215.97000122070312,217.02000427246094,208.6699981689453,211.5,203.0653076171875,10658900,0.0,0.0
2021-03-05 00:00:00-05:00,213.72999572753906,216.10000610351562,209.6300048828125,215.41000366210938,206.8193359375,7582000,0.0,0.0
2021-03-08 00:00:00-05:00,216.97999572753906,226.1300048828125,215.80999755859375,220.27000427246094,211.48553466796875,14750400,0.0,0.0
2021-03-09 00:00:00-05:00,222.05999755859375,225.0,220.19000244140625,220.36000061035156,211.57196044921875,9228600,0.0,0.0
2021-03-10 00:00:00-05:00,220.72000122070312,224.19000244140625,219.39999389648438,223.1699981689453,214.26991271972656,7822900,0.0,0.0
2021-03-11 00:00:00-05:00,224.52999877929688,228.22999572753906,223.80999755859375,226.14999389648438,217.13107299804688,10053400,0.0,0.0
2021-03-12 00:00:00-05:00,225.27999877929688,226.5399932861328,223.4199981689453,224.36000061035156,215.4124298095703,8172400,0.0,0.0
2021-03-15 00:00:00-04:00,224.22999572753906,227.08999633789062,221.74000549316406,223.27000427246094,214.36595153808594,9306100,0.0,0.0
2021-03-16 00:00:00-04:00,223.7100067138672,225.5800018310547,222.3000030517578,224.6999969482422,215.73886108398438,8949300,0.0,0.0
2021-03-17 00:00:00-04:00,225.0500030517578,226.24000549316406,221.75999450683594,223.02000427246094,214.12588500976562,8675600,0.0,0.0
2021-03-18 00:00:00-04:00,221.42999267578125,222.52000427246094,219.5800018310547,220.66000366210938,211.8599853515625,9321800,0.0,0.0
2021-03-19 00:00:00-04:00,219.1199951171875,220.1699981689453,206.8800048828125,206.89999389648438,198.6487579345703,32209700,0.0,0.0
2021-03-22 00:00:00-04:00,206.5500030517578,212.2899932861328,206.22999572753906,208.0,199.70486450195312,11371600,0.0,0.0
2021-03-23 00:00:00-04:00,209.0500030517578,209.9600067138672,207.5,208.14999389648438,199.84890747070312,8820700,0.0,0.0
2021-03-24 00:00:00-04:00,208.75,211.13999938964844,207.92999267578125,208.07000732421875,199.77215576171875,10101600,0.0,0.0
2021-03-25 00:00:00-04:00,207.6699981689453,208.82000732421875,205.77999877929688,207.97000122070312,199.67608642578125,8390800,0.0,0.0
2021-03-26 00:00:00-04:00,208.25,213.6999969482422,207.6999969482422,213.52999877929688,205.0143585205078,7399900,0.0,0.0
2021-03-29 00:00:00-04:00,212.4499969482422,215.2899932861328,211.1199951171875,214.50999450683594,205.9552459716797,7792300,0.0,0.0
2021-03-30 00:00:00-04:00,213.00999450683594,214.14999389648438,211.41000366210938,211.89999389648438,203.44932556152344,5498000,0.0,0.0
2021-03-31 00:00:00-04:00,212.5500030517578,214.11000061035156,211.5500030517578,211.72999572753906,203.2861328125,13180000,0.0,0.0
2021-04-01 00:00:00-04:00,213.77999877929688,217.74000549316406,212.3000030517578,216.86000061035156,208.2115478515625,6138400,0.0,0.0
2021-04-05 00:00:00-04:00,218.60000610351562,220.50999450683594,217.30999755859375,219.0399932861328,210.30459594726562,10440500,0.0,0.0
2021-04-06 00:00:00-04:00,217.6199951171875,219.39999389648438,215.33999633789062,218.64999389648438,209.93017578125,7828100,0.0,0.0
2021-04-07 00:00:00-04:00,219.1199951171875,221.0399932861328,218.63999938964844,219.27000427246094,210.52542114257812,5614300,0.0,0.0
2021-04-08 00:00:00-04:00,219.97000122070312,222.82000732421875,218.11000061035156,220.6999969482422,211.89840698242188,11042000,0.0,0.0
2021-04-09 00:00:00-04:00,221.0,222.60000610351562,219.50999450683594,222.52000427246094,213.6458282470703,5724900,0.0,0.0
2021-04-12 00:00:00-04:00,220.24000549316406,221.91000366210938,219.22000122070312,221.47000122070312,212.63768005371094,6315200,0.0,0.0
2021-04-13 00:00:00-04:00,221.0,221.6199951171875,220.22000122070312,221.02000427246094,212.20567321777344,4764000,0.0,0.0
2021-04-14 00:00:00-04:00,221.0,223.10000610351562,220.07000732421875,221.97999572753906,213.1273651123047,4972600,0.0,0.0
2021-04-15 00:00:00-04:00,223.88999938964844,227.6300048828125,223.86000061035156,226.27999877929688,217.255859375,8698100,0.0,0.0
2021-04-16 00:00:00-04:00,227.1699981689453,227.8000030517578,225.75999450683594,226.41000366210938,217.3806610107422,6829400,0.0,0.0
2021-04-19 00:00:00-04:00,225.75,227.5800018310547,225.0800018310547,225.7899932861328,216.785400390625,6541600,0.0,0.0
2021-04-20 00:00:00-04:00,224.77999877929688,225.3800048828125,221.82000732421875,223.27999877929688,214.37550354003906,5799100,0.0,0.0
2021-04-21 00:00:00-04:00,223.30999755859375,227.8699951171875,222.8699951171875,227.4499969482422,218.379150390625,9490600,0.0,0.0
2021-04-22 00:00:00-04:00,227.3000030517578,230.92999267578125,226.88999938964844,227.57000732421875,218.49444580078125,7303000,0.0,0.0
2021-04-23 00:00:00-04:00,228.61000061035156,231.82000732421875,227.7100067138672,230.0,220.82749938964844,5345200,0.0,0.0
2021-04-26 00:00:00-04:00,230.77000427246094,232.9499969482422,229.52000427246094,230.33999633789062,221.15394592285156,5650000,0.0,0.0
2021-04-27 00:00:00-04:00,231.02999877929688,231.16000366210938,228.99000549316406,229.91000366210938,220.7410888671875,6642100,0.0,0.0
2021-04-28 00:00:00-04:00,230.9499969482422,236.27000427246094,230.6699981689453,233.4499969482422,224.1399688720703,10111400,0.0,0.0
2021-04-29 00:00:00-04:00,235.22999572753906,237.5,233.14999389648438,236.86000061035156,227.4139404296875,7411400,0.0,0.0
2021-04-30 00:00:00-04:00,235.32000732421875,235.92999267578125,232.2899932861328,233.55999755859375,224.24551391601562,10260200,0.0,0.0
2021-05-03 00:00:00-04:00,234.0500030517578,235.74000549316406,231.38999938964844,232.61000061035156,223.33343505859375,8174400,0.0,0.0
2021-05-04 00:00:00-04:00,231.60000610351562,232.38999938964844,230.22999572753906,232.02999877929688,222.77655029296875,5884500,0.0,0.0
2021-05-05 00:00:00-04:00,233.85000610351562,233.85000610351562,228.66000366210938,229.2100067138672,220.06906127929688,6523200,0.0,0.0
2021-05-06 00:00:00-04:00,229.6300048828125,231.5800018310547,228.66000366210938,231.32000732421875,222.0948944091797,6124100,0.0,0.0
2021-05-07 00:00:00-04:00,232.33999633789062,233.22000122070312,230.7100067138672,232.1199951171875,222.86293029785156,4528700,0.0,0.0
2021-05-10 00:00:00-04:00,231.60000610351562,232.0,225.16000366210938,225.97000122070312,216.95823669433594,9627400,0.0,0.0
2021-05-11 00:00:00-04:00,223.74000549316406,226.4199981689453,222.0399932861328,225.47999572753906,216.48779296875,7633300,0.0,0.0
2021-05-12 00:00:00-04:00,223.6300048828125,225.0,220.30999755859375,220.6300048828125,211.83120727539062,7721300,0.0,0.0
2021-05-13 00:00:00-04:00,221.50999450683594,224.89999389648438,220.88999938964844,223.74000549316406,215.1291961669922,6650100,0.32,0.0
2021-05-14 00:00:00-04:00,225.82000732421875,227.50999450683594,224.9199981689453,226.94000244140625,218.2060089111328,4777200,0.0,0.0
2021-05-17 00:00:00-04:00,226.17999267578125,227.16000366210938,225.32000732421875,226.44000244140625,217.72528076171875,5534200,0.0,0.0
2021-05-18 00:00:00-04:00,228.38999938964844,229.17999267578125,225.42999267578125,225.57000732421875,216.8887481689453,6900000,0.0,0.0
2021-05-19 00:00:00-04:00,222.75999450683594,224.85000610351562,221.7899932861328,224.58999633789062,215.94647216796875,9311900,0.0,0.0
2021-05-20 00:00:00-04:00,225.44000244140625,227.60000610351562,225.24000549316406,226.44000244140625,217.72528076171875,7478600,0.0,0.0
2021-05-21 00:00:00-04:00,226.8800048828125,229.30999755859375,226.5500030517578,226.77000427246094,218.04257202148438,5603900,0.0,0.0
2021-05-24 00:00:00-04:00,227.9499969482422,230.11000061035156,227.6300048828125,229.32000732421875,220.49444580078125,4040100,0.0,0.0
2021-05-25 00:00:00-04:00,229.89999389648438,230.19000244140625,228.4199981689453,229.02000427246094,220.20596313476562,4689100,0.0,0.0
2021-05-26 00:00:00-04:00,228.0500030517578,229.35000610351562,226.3800048828125,227.07000732421875,218.33103942871094,4295600,0.0,0.0
2021-05-27 00:00:00-04:00,227.75999450683594,228.4199981689453,226.3699951171875,226.86000061035156,218.12913513183594,5969600,0.0,0.0
2021-05-28 00:00:00-04:00,227.58999633789062,229.42999267578125,227.14999389648438,227.3000030517578,218.5521697998047,5779700,0.0,0.0
2021-06-01 00:00:00-04:00,229.44000244140625,230.0800018310547,226.27999877929688,226.6300048828125,217.907958984375,5091500,0.0,0.0
2021-06-02 00:00:00-04:00,229.22000122070312,233.11000061035156,228.77999877929688,229.66000366210938,220.82135009765625,9081100,0.0,0.0
2021-06-03 00:00:00-04:00,229.0,230.38999938964844,227.77000427246094,228.11000061035156,219.33102416992188,6382400,0.0,0.0
2021-06-04 00:00:00-04:00,229.35000610351562,230.6999969482422,228.72999572753906,230.13999938964844,221.28285217285156,5085700,0.0,0.0
2021-06-07 00:00:00-04:00,232.85000610351562,234.67999267578125,230.0800018310547,231.32000732421875,222.41746520996094,5421300,0.0,0.0
2021-06-08 00:00:00-04:00,232.14999389648438,232.85000610351562,230.16000366210938,232.0500030517578,223.11936950683594,4170600,0.0,0.0
2021-06-09 00:00:00-04:00,232.5,234.85000610351562,232.1199951171875,232.30999755859375,223.36935424804688,4659000,0.0,0.0
2021-06-10 00:00:00-04:00,233.10000610351562,234.25999450683594,232.1300048828125,233.9499969482422,224.94627380371094,4452500,0.0,0.0
2021-06-11 00:00:00-04:00,234.38999938964844,235.44000244140625,233.7100067138672,234.9600067138672,225.91737365722656,5378300,0.0,0.0
2021-06-14 00:00:00-04:00,234.6999969482422,235.22000122070312,231.57000732421875,234.0800018310547,225.07122802734375,5805800,0.0,0.0
2021-06-15 00:00:00-04:00,234.44000244140625,234.8000030517578,232.6199951171875,232.97999572753906,224.0135955810547,7093800,0.0,0.0
2021-06-16 00:00:00-04:00,233.6199951171875,234.17999267578125,228.0,229.60000610351562,220.76365661621094,8905400,0.0,0.0
2021-06-17 00:00:00-04:00,229.2100067138672,233.33999633789062,229.2100067138672,232.14999389648438,223.2155303955078,6876700,0.0,0.0
2021-06-18 00:00:00-04:00,230.4499969482422,232.17999267578125,229.22000122070312,230.41000366210938,221.54251098632812,8840000,0.0,0.0
2021-06-21 00:00:00-04:00,231.4499969482422,235.00999450683594,230.39999389648438,234.32000732421875,225.302001953125,7298400,0.0,0.0
2021-06-22 00:00:00-04:00,234.3000030517578,236.08999633789062,233.24000549316406,235.92999267578125,226.8500518798828,8858400,0.0,0.0
2021-06-23 00:00:00-04:00,235.4499969482422,235.9199981689453,233.94000244140625,234.67999267578125,225.64817810058594,6814700,0.0,0.0
2021-06-24 00:00:00-04:00,237.0,238.25,235.41000366210938,236.24000549316406,227.14813232421875,4611500,0.0,0.0
2021-06-25 00:00:00-04:00,236.39999389648438,238.47999572753906,236.32000732421875,237.32000732421875,228.18655395507812,7825200,0.0,0.0
2021-06-28 00:00:00-04:00,238.0,238.3699951171875,231.86000061035156,234.08999633789062,225.08084106445312,9301700,0.0,0.0
2021-06-29 00:00:00-04:00,234.57000732421875,236.52000427246094,234.14999389648438,235.9499969482422,226.86929321289062,11897700,0.0,0.0
2021-06-30 00:00:00-04:00,235.11000061035156,236.39999389648438,233.82000732421875,233.82000732421875,224.82127380371094,7797100,0.0,0.0
2021-07-01 00:00:00-04:00,234.1999969482422,236.25,234.0500030517578,235.14999389648438,226.10008239746094,5329600,0.0,0.0
2021-07-02 00:00:00-04:00,235.8300018310547,238.77999877929688,235.82000732421875,238.6300048828125,229.44615173339844,4383700,0.0,0.0
2021-07-06 00:00:00-04:00,239.5,240.61000061035156,237.2100067138672,239.60000610351562,230.37879943847656,8048700,0.0,0.0
2021-07-07 00:00:00-04:00,240.25999450683594,241.0399932861328,238.3000030517578,240.0,230.76344299316406,4366100,0.0,0.0
2021-07-08 00:00:00-04:00,236.97000122070312,237.07000732421875,234.5500030517578,236.61000061035156,227.5038604736328,6388000,0.0,0.0
2021-07-09 00:00:00-04:00,238.75999450683594,239.4499969482422,237.4199981689453,238.47000122070312,229.29226684570312,5615900,0.0,0.0
2021-07-12 00:00:00-04:00,237.5800018310547,238.50999450683594,237.27000427246094,237.8699951171875,228.7154083251953,7010700,0.0,0.0
2021-07-13 00:00:00-04:00,238.25,242.47999572753906,238.25,242.35000610351562,233.02297973632812,8079200,0.0,0.0
2021-07-14 00:00:00-04:00,243.22000122070312,246.80999755859375,242.82000732421875,245.99000549316406,236.5228729248047,8693400,0.0,0.0
2021-07-15 00:00:00-04:00,245.30999755859375,248.8000030517578,245.30999755859375,248.5500030517578,238.98435974121094,10135100,0.0,0.0
2021-07-16 00:00:00-04:00,249.99000549316406,250.4600067138672,247.52000427246094,248.1199951171875,238.57093811035156,8674500,0.0,0.0
2021-07-19 00:00:00-04:00,243.99000549316406,244.4499969482422,238.89999389648438,240.41000366210938,231.15768432617188,11474600,0.0,0.0
2021-07-20 00:00:00-04:00,240.63999938964844,244.2100067138672,239.50999450683594,242.6999969482422,233.3594970703125,7072300,0.0,0.0
2021-07-21 00:00:00-04:00,243.2899932861328,246.89999389648438,242.3000030517578,243.66000366210938,234.28257751464844,11241400,0.0,0.0
2021-07-22 00:00:00-04:00,243.77999877929688,245.35000610351562,243.14999389648438,244.13999938964844,234.7440948486328,10293600,0.0,0.0
2021-07-23 00:00:00-04:00,246.75999450683594,250.00999450683594,246.75999450683594,249.02000427246094,239.43630981445312,6766000,0.0,0.0
2021-07-26 00:00:00-04:00,249.2100067138672,250.36000061035156,247.6999969482422,250.25,240.6189422607422,4879000,0.0,0.0
2021-07-27 00:00:00-04:00,249.19000244140625,252.6699981689453,248.22000122070312,250.92999267578125,241.2727508544922,7038300,0.0,0.0
2021-07-28 00:00:00-04:00,250.0500030517578,251.5,245.91000366210938,246.94000244140625,237.4363250732422,9036500,0.0,0.0
2021-07-29 00:00:00-04:00,248.11000061035156,250.3800048828125,247.10000610351562,247.9199981689453,238.37863159179688,7495300,0.0,0.0
2021-07-30 00:00:00-04:00,247.2100067138672,248.4600067138672,246.0,246.38999938964844,236.90750122070312,5804700,0.0,0.0
2021-08-02 00:00:00-04:00,246.24000549316406,247.8300018310547,238.3699951171875,239.77999877929688,230.55184936523438,9989500,0.0,0.0
2021-08-03 00:00:00-04:00,240.6300048828125,241.38999938964844,234.02999877929688,237.08999633789062,227.9654083251953,9839000,0.0,0.0
2021-08-04 00:00:00-04:00,237.0,237.5500030517578,235.0500030517578,236.6699981689453,227.56155395507812,8171800,0.0,0.0
2021-08-05 00:00:00-04:00,236.61000061035156,240.25,236.42999267578125,240.2100067138672,230.96533203125,5337500,0.0,0.0
2021-08-06 00:00:00-04:00,240.0,242.60000610351562,239.86000061035156,241.39999389648438,232.10952758789062,4509700,0.0,0.0
2021-08-09 00:00:00-04:00,241.75,242.17999267578125,238.0500030517578,240.0,230.76344299316406,5226900,0.0,0.0
2021-08-10 00:00:00-04:00,240.50999450683594,241.33999633789062,235.55999755859375,238.07000732421875,228.90769958496094,7185700,0.0,0.0
2021-08-11 00:00:00-04:00,238.0800018310547,238.36000061035156,234.5800018310547,235.05999755859375,226.0135040283203,7375700,0.0,0.0
2021-08-12 00:00:00-04:00,233.88999938964844,234.11000061035156,231.02000427246094,231.7899932861328,223.1732177734375,9867000,0.32,0.0
2021-08-13 00:00:00-04:00,232.0,233.27000427246094,231.39999389648438,232.64999389648438,224.00120544433594,5445400,0.0,0.0
2021-08-16 00:00:00-04:00,232.2100067138672,235.47999572753906,230.1999969482422,235.36000061035156,226.61045837402344,7575900,0.0,0.0
2021-08-17 00:00:00-04:00,235.0,235.6699981689453,233.22000122070312,234.52999877929688,225.81134033203125,6850500,0.0,0.0
2021-08-18 00:00:00-04:00,233.9199981689453,234.35000610351562,231.47000122070312,231.6300048828125,223.0191650390625,4996500,0.0,0.0
2021-08-19 00:00:00-04:00,229.0399932861328,232.42999267578125,228.89999389648438,231.57000732421875,222.96136474609375,5761300,0.0,0.0
2021-08-20 00:00:00-04:00,231.8699951171875,232.16000366210938,230.3000030517578,231.36000061035156,222.75918579101562,5522200,0.0,0.0
2021-08-23 00:00:00-04:00,232.6999969482422,234.64999389648438,232.0,234.13999938964844,225.4358673095703,6342000,0.0,0.0
2021-08-24 00:00:00-04:00,235.0399932861328,236.19000244140625,233.9499969482422,234.24000549316406,225.53211975097656,5081800,0.0,0.0
2021-08-25 00:00:00-04:00,235.0,235.0,232.0800018310547,232.58999633789062,223.94349670410156,5277100,0.0,0.0
2021-08-26 00:00:00-04:00,232.1300048828125,232.6300048828125,230.14999389648438,230.52000427246094,221.950439453125,5889100,0.0,0.0
2021-08-27 00:00:00-04:00,231.02000427246094,233.0500030517578,230.22999572753906,232.69000244140625,224.0397491455078,6369000,0.0,0.0
2021-08-30 00:00:00-04:00,232.69000244140625,233.6699981689453,229.9199981689453,231.22999572753906,222.63401794433594,6448000,0.0,0.0
2021-08-31 00:00:00-04:00,230.91000366210938,231.83999633789062,228.66000366210938,229.10000610351562,220.58323669433594,9405100,0.0,0.0
2021-09-01 00:00:00-04:00,229.10000610351562,230.77999877929688,228.77000427246094,230.1199951171875,221.5652618408203,8177600,0.0,0.0
2021-09-02 00:00:00-04:00,230.42999267578125,230.5500030517578,221.9600067138672,224.17999267578125,215.84609985351562,19708800,0.0,0.0
2021-09-03 00:00:00-04:00,224.0,227.3000030517578,223.35000610351562,225.11000061035156,216.74151611328125,11532000,0.0,0.0
2021-09-07 00:00:00-04:00,226.74000549316406,228.0,225.86000061035156,226.27000427246094,217.85838317871094,9662600,0.0,0.0
2021-09-08 00:00:00-04:00,227.3800048828125,230.22000122070312,227.0399932861328,229.08999633789062,220.57354736328125,10652600,0.0,0.0
2021-09-09 00:00:00-04:00,229.30999755859375,230.0,227.10000610351562,227.49000549316406,219.03309631347656,5853000,0.0,0.0
2021-09-10 00:00:00-04:00,229.85000610351562,230.0399932861328,224.82000732421875,224.91000366210938,216.5489501953125,6715400,0.0,0.0
2021-09-13 00:00:00-04:00,225.52999877929688,227.1999969482422,223.41000366210938,224.6300048828125,216.27940368652344,6808100,0.0,0.0
2021-09-14 00:00:00-04:00,225.0,225.80999755859375,222.27999877929688,223.02999877929688,214.7388458251953,6575700,0.0,0.0
2021-09-15 00:00:00-04:00,222.52000427246094,224.83999633789062,221.36000061035156,223.80999755859375,215.4898681640625,6535800,0.0,0.0
2021-09-16 00:00:00-04:00,223.86000061035156,225.1999969482422,222.75,224.3300018310547,215.9905548095703,5928500,0.0,0.0
2021-09-17 00:00:00-04:00,222.4499969482422,223.6999969482422,219.3000030517578,221.75,213.5063934326172,13787400,0.0,0.0
2021-09-20 00:00:00-04:00,216.9600067138672,220.5,216.30999755859375,220.0500030517578,211.86962890625,8822600,0.0,0.0
2021-09-21 00:00:00-04:00,220.75,222.1699981689453,218.97999572753906,220.1699981689453,211.9851837158203,7033600,0.0,0.0
2021-09-22 00:00:00-04:00,221.39999389648438,224.10000610351562,221.10000610351562,222.75,214.46932983398438,6005900,0.0,0.0
2021-09-23 00:00:00-04:00,225.0,228.6999969482422,224.36000061035156,228.30999755859375,219.82261657714844,7952700,0.0,0.0
2021-09-24 00:00:00-04:00,228.92999267578125,231.9499969482422,228.6199951171875,231.58999633789062,222.98065185546875,6461200,0.0,0.0
2021-09-27 00:00:00-04:00,231.72000122070312,233.3300018310547,228.77000427246094,229.60000610351562,221.06459045410156,6881100,0.0,0.0
2021-09-28 00:00:00-04:00,228.8699951171875,228.8699951171875,224.0,225.55999755859375,217.1748046875,6951400,0.0,0.0
2021-09-29 00:00:00-04:00,226.8000030517578,229.02000427246094,226.08999633789062,226.67999267578125,218.25314331054688,6432700,0.0,0.0
2021-09-30 00:00:00-04:00,227.5800018310547,228.7899932861328,222.6300048828125,222.75,214.46932983398438,7128500,0.0,0.0
2021-10-01 00:00:00-04:00,224.1699981689453,231.55999755859375,223.47000122070312,230.4600067138672,221.89268493652344,7925400,0.0,0.0
2021-10-04 00:00:00-04:00,230.0,230.3300018310547,220.80999755859375,224.72999572753906,216.3756561279297,10283400,0.0,0.0
2021-10-05 00:00:00-04:00,225.47999572753906,227.3800048828125,223.9199981689453,224.27999877929688,215.94236755371094,5814000,0.0,0.0
2021-10-06 00:00:00-04:00,222.0399932861328,226.6199951171875,221.25,226.50999450683594,218.08949279785156,5420900,0.0,0.0
2021-10-07 00:00:00-04:00,228.91000366210938,231.16000366210938,228.49000549316406,230.5500030517578,221.97933959960938,6561900,0.0,0.0
2021-10-08 00:00:00-04:00,231.0,232.72999572753906,230.17999267578125,230.27000427246094,221.70973205566406,3735200,0.0,0.0
2021-10-11 00:00:00-04:00,230.00999450683594,230.32000732421875,224.8699951171875,225.11000061035156,216.74151611328125,5620200,0.0,0.0
2021-10-12 00:00:00-04:00,225.55999755859375,226.22000122070312,222.9199981689453,224.0500030517578,215.72097778320312,5448200,0.0,0.0
2021-10-13 00:00:00-04:00,223.1300048828125,225.86000061035156,218.6300048828125,222.4600067138672,214.1900634765625,9076000,0.0,0.0
2021-10-14 00:00:00-04:00,224.1199951171875,225.64999389648438,223.05999755859375,225.17999267578125,216.80889892578125,5590500,0.0,0.0
2021-10-15 00:00:00-04:00,227.22000122070312,231.08999633789062,226.72999572753906,230.99000549316406,222.4029541015625,6355100,0.0,0.0
2021-10-18 00:00:00-04:00,230.17999267578125,232.75999450683594,228.13999938964844,230.64999389648438,222.07559204101562,5580200,0.0,0.0
2021-10-19 00:00:00-04:00,231.9499969482422,233.63999938964844,230.67999267578125,233.52000427246094,224.8389434814453,4409700,0.0,0.0
2021-10-20 00:00:00-04:00,233.4600067138672,233.8000030517578,231.30999755859375,231.4199981689453,222.81695556640625,5401800,0.0,0.0
2021-10-21 00:00:00-04:00,230.6999969482422,230.8300018310547,226.3000030517578,230.24000549316406,221.68081665039062,5982200,0.0,0.0
2021-10-22 00:00:00-04:00,230.2899932861328,232.82000732421875,228.7100067138672,231.22999572753906,222.63401794433594,3788000,0.0,0.0
2021-10-25 00:00:00-04:00,233.4499969482422,234.86000061035156,232.2899932861328,233.8800048828125,225.18548583984375,4938700,0.0,0.0
2021-10-26 00:00:00-04:00,235.52999877929688,236.9600067138672,231.3300018310547,231.82000732421875,223.20211791992188,7814500,0.0,0.0
2021-10-27 00:00:00-04:00,224.75,224.75,215.66000366210938,215.77999877929688,207.75836181640625,22958100,0.0,0.0
2021-10-28 00:00:00-04:00,219.25,219.99000549316406,209.00999450683594,209.83999633789062,202.0391845703125,23199400,0.0,0.0
2021-10-29 00:00:00-04:00,209.2100067138672,213.6699981689453,208.5399932861328,211.77000427246094,203.89744567871094,14329800,0.0,0.0
2021-11-01 00:00:00-04:00,213.49000549316406,215.25,211.4499969482422,212.4600067138672,204.56182861328125,13210300,0.0,0.0
2021-11-02 00:00:00-04:00,213.16000366210938,213.35000610351562,207.82000732421875,209.13999938964844,201.36524963378906,14688700,0.0,0.0
2021-11-03 00:00:00-04:00,209.69000244140625,210.14999389648438,206.72999572753906,208.10000610351562,200.3638916015625,11486700,0.0,0.0
2021-11-04 00:00:00-04:00,209.16000366210938,212.36000061035156,207.8699951171875,208.77999877929688,201.01858520507812,11368200,0.0,0.0
2021-11-05 00:00:00-04:00,211.9499969482422,217.6300048828125,211.36000061035156,216.6699981689453,208.61529541015625,14273600,0.0,0.0
2021-11-08 00:00:00-05:00,218.3699951171875,221.61000061035156,218.14999389648438,220.49000549316406,212.29327392578125,13500100,0.0,0.0
2021-11-09 00:00:00-05:00,219.69000244140625,220.41000366210938,212.9199981689453,213.38999938964844,205.4572296142578,11535000,0.0,0.0
2021-11-10 00:00:00-05:00,213.5500030517578,216.9499969482422,213.3300018310547,215.55999755859375,207.91192626953125,10063600,0.375,0.0
2021-11-11 00:00:00-05:00,216.47000122070312,216.77999877929688,210.16000366210938,210.4199981689453,202.9542999267578,13546900,0.0,0.0
2021-11-12 00:00:00-05:00,211.5,213.5800018310547,211.42999267578125,212.08999633789062,204.56503295898438,7660500,0.0,0.0
2021-11-15 00:00:00-05:00,213.6199951171875,216.39999389648438,211.80999755859375,212.3000030517578,204.76759338378906,9596900,0.0,0.0
2021-11-16 00:00:00-05:00,212.16000366210938,215.64999389648438,211.66000366210938,215.17999267578125,207.54539489746094,8719600,0.0,0.0
2021-11-17 00:00:00-05:00,205.9499969482422,207.30999755859375,199.4600067138672,205.05999755859375,197.7844696044922,38379600,0.0,0.0
2021-11-18 00:00:00-05:00,206.5,207.8699951171875,201.27000427246094,203.3300018310547,196.11585998535156,18292200,0.0,0.0
2021-11-19 00:00:00-05:00,202.0399932861328,203.5,199.85000610351562,200.86000061035156,193.73345947265625,18032600,0.0,0.0
2021-11-22 00:00:00-05:00,200.0,201.6999969482422,194.60000610351562,195.5800018310547,188.6408233642578,21185800,0.0,0.0
2021-11-23 00:00:00-05:00,196.97000122070312,198.9199981689453,194.3800048828125,198.49000549316406,191.44757080078125,14742700,0.0,0.0
2021-11-24 00:00:00-05:00,198.1699981689453,203.9499969482422,197.63999938964844,203.25,196.0386962890625,12026800,0.0,0.0
2021-11-26 00:00:00-05:00,193.32000732421875,199.19000244140625,192.5500030517578,197.64999389648438,190.63735961914062,10987600,0.0,0.0
2021-11-29 00:00:00-05:00,201.0,201.25,195.36000061035156,196.2899932861328,189.32562255859375,14633500,0.0,0.0
2021-11-30 00:00:00-05:00,195.27000427246094,197.66000366210938,192.55999755859375,193.77000427246094,186.89505004882812,16023000,0.0,0.0
2021-12-01 00:00:00-05:00,196.02999877929688,196.80999755859375,190.10000610351562,190.16000366210938,183.41311645507812,13204900,0.0,0.0
2021-12-02 00:00:00-05:00,192.0,199.44000244140625,191.85000610351562,198.2899932861328,191.25460815429688,13976300,0.0,0.0
2021-12-03 00:00:00-05:00,198.27000427246094,198.47000122070312,194.0399932861328,196.32000732421875,189.35459899902344,10660500,0.0,0.0
2021-12-06 00:00:00-05:00,198.77000427246094,204.22000122070312,197.74000549316406,202.67999267578125,195.48892211914062,10722100,0.0,0.0
2021-12-07 00:00:00-05:00,206.0,207.94000244140625,205.88999938964844,207.3699951171875,200.01248168945312,11897200,0.0,0.0
2021-12-08 00:00:00-05:00,207.66000366210938,209.47999572753906,205.7100067138672,208.99000549316406,201.57504272460938,11749200,0.0,0.0
2021-12-09 00:00:00-05:00,208.52000427246094,212.1999969482422,207.1699981689453,211.38999938964844,203.8898468017578,10176800,0.0,0.0
2021-12-10 00:00:00-05:00,211.89999389648438,214.25,210.86000061035156,213.39999389648438,205.8285675048828,8882700,0.0,0.0
2021-12-13 00:00:00-05:00,212.4499969482422,213.32000732421875,209.97999572753906,211.02000427246094,203.5330352783203,8844300,0.0,0.0
2021-12-14 00:00:00-05:00,210.72999572753906,213.3699951171875,208.4499969482422,209.97999572753906,202.52987670898438,9832300,0.0,0.0
2021-12-15 00:00:00-05:00,209.39999389648438,212.49000549316406,207.86000061035156,212.30999755859375,204.7772216796875,10892500,0.0,0.0
2021-12-16 00:00:00-05:00,215.2899932861328,216.27000427246094,211.61000061035156,214.3699951171875,206.7641143798828,8548400,0.0,0.0
2021-12-17 00:00:00-05:00,212.8000030517578,213.2100067138672,207.7899932861328,211.8800048828125,204.3625030517578,11578400,0.0,0.0
2021-12-20 00:00:00-05:00,209.08999633789062,209.77000427246094,206.86000061035156,208.74000549316406,201.3338623046875,9434400,0.0,0.0
2021-12-21 00:00:00-05:00,210.61000061035156,216.16000366210938,210.36000061035156,215.3800048828125,207.73828125,6993700,0.0,0.0
2021-12-22 00:00:00-05:00,213.85000610351562,218.94000244140625,213.85000610351562,217.9600067138672,210.226806640625,6003400,0.0,0.0
2021-12-23 00:00:00-05:00,218.44000244140625,218.52000427246094,216.6199951171875,216.6199951171875,208.934326171875,4798200,0.0,0.0
2021-12-27 00:00:00-05:00,217.67999267578125,218.1199951171875,214.8800048828125,217.6300048828125,209.9084930419922,4818400,0.0,0.0
2021-12-28 00:00:00-05:00,216.00999450683594,219.72999572753906,215.5800018310547,218.0500030517578,210.31353759765625,4279800,0.0,0.0
2021-12-29 00:00:00-05:00,217.75999450683594,218.94000244140625,217.3300018310547,218.1699981689453,210.4293212890625,3223100,0.0,0.0
2021-12-30 00:00:00-05:00,217.97000122070312,219.14999389648438,217.14999389648438,217.8699951171875,210.13995361328125,3812800,0.0,0.0
2021-12-31 00:00:00-05:00,216.80999755859375,217.97999572753906,215.49000549316406,216.7100067138672,209.02114868164062,4723300,0.0,0.0
2022-01-03 00:00:00-05:00,217.52000427246094,222.05999755859375,217.00999450683594,221.42999267578125,213.5736541748047,7694500,0.0,0.0
2022-01-04 00:00:00-05:00,222.0,226.7899932861328,221.80999755859375,222.4600067138672,214.56710815429688,10629300,0.0,0.0
2022-01-05 00:00:00-05:00,222.63999938964844,225.27000427246094,219.9199981689453,220.0,212.1943817138672,9594600,0.0,0.0
2022-01-06 00:00:00-05:00,217.8000030517578,221.91000366210938,217.5500030517578,219.75,211.95326232910156,7877500,0.0,0.0
2022-01-07 00:00:00-05:00,217.30999755859375,220.1999969482422,215.63999938964844,216.9600067138672,209.2622528076172,10702100,0.0,0.0
2022-01-10 00:00:00-05:00,213.97999572753906,214.1999969482422,206.5,211.97000122070312,204.44931030273438,11978600,0.0,0.0
2022-01-11 00:00:00-05:00,211.4199981689453,214.9499969482422,208.74000549316406,214.3800048828125,206.7738037109375,8803100,0.0,0.0
2022-01-12 00:00:00-05:00,214.47999572753906,217.5800018310547,213.80999755859375,215.7100067138672,208.05661010742188,6923300,0.0,0.0
2022-01-13 00:00:00-05:00,216.85000610351562,220.47999572753906,214.66000366210938,215.0,207.37176513671875,8867700,0.0,0.0
2022-01-14 00:00:00-05:00,214.1699981689453,218.25,213.7100067138672,214.6699981689453,207.05348205566406,8838100,0.0,0.0
2022-01-18 00:00:00-05:00,215.8800048828125,216.91000366210938,214.3300018310547,215.7100067138672,208.05661010742188,9099300,0.0,0.0
2022-01-19 00:00:00-05:00,213.0,218.22999572753906,212.11000061035156,214.67999267578125,207.06312561035156,9399800,0.0,0.0
2022-01-20 00:00:00-05:00,214.72000122070312,219.60000610351562,213.94000244140625,214.35000610351562,206.74484252929688,8532700,0.0,0.0
2022-01-21 00:00:00-05:00,215.4600067138672,215.60000610351562,205.82000732421875,205.92999267578125,198.62359619140625,16200200,0.0,0.0
2022-01-24 00:00:00-05:00,202.17999267578125,202.72000122070312,195.64999389648438,201.85000610351562,194.68836975097656,16054000,0.0,0.0
2022-01-25 00:00:00-05:00,199.6199951171875,205.3800048828125,196.99000549316406,202.0,194.8330078125,12125500,0.0,0.0
2022-01-26 00:00:00-05:00,204.27999877929688,210.86000061035156,203.6699981689453,205.8699951171875,198.56568908691406,10817600,0.0,0.0
2022-01-27 00:00:00-05:00,209.5,210.9600067138672,205.85000610351562,206.14999389648438,198.8358154296875,12009800,0.0,0.0
2022-01-28 00:00:00-05:00,220.63999938964844,228.1199951171875,216.10000610351562,228.0,219.9105682373047,26425300,0.0,0.0
2022-01-31 00:00:00-05:00,225.5500030517578,226.3800048828125,222.0500030517578,226.1699981689453,218.14547729492188,12380600,0.0,0.0
2022-02-01 00:00:00-05:00,226.89999389648438,234.61000061035156,226.4199981689453,232.36000061035156,224.1158905029297,12247200,0.0,0.0
2022-02-02 00:00:00-05:00,231.3000030517578,235.85000610351562,230.00999450683594,235.4199981689453,227.06729125976562,10590500,0.0,0.0
2022-02-03 00:00:00-05:00,233.0399932861328,233.49000549316406,230.5500030517578,231.5399932861328,223.32496643066406,9968000,0.0,0.0
2022-02-04 00:00:00-05:00,228.5,230.22000122070312,224.9499969482422,228.38999938964844,220.28672790527344,10848100,0.0,0.0
2022-02-07 00:00:00-05:00,228.0,229.9199981689453,226.00999450683594,227.16000366210938,219.10037231445312,5984500,0.0,0.0
2022-02-08 00:00:00-05:00,226.25999450683594,228.5,224.75,227.94000244140625,219.85269165039062,7542000,0.0,0.0
2022-02-09 00:00:00-05:00,230.1300048828125,233.14999389648438,230.1199951171875,230.8699951171875,222.67874145507812,7772800,0.0,0.0
2022-02-10 00:00:00-05:00,228.02999877929688,229.9499969482422,224.8699951171875,225.58999633789062,217.94009399414062,6794600,0.375,0.0
2022-02-11 00:00:00-05:00,227.25,229.10000610351562,223.5399932861328,224.69000244140625,217.07057189941406,7535200,0.0,0.0
2022-02-14 00:00:00-05:00,223.2899932861328,227.25999450683594,222.80999755859375,225.33999633789062,217.69851684570312,8280800,0.0,0.0
2022-02-15 00:00:00-05:00,227.27000427246094,229.2899932861328,224.91000366210938,227.82000732421875,220.0944366455078,9461700,0.0,0.0
2022-02-16 00:00:00-05:00,227.5,229.8800048828125,225.60000610351562,228.82000732421875,221.06053161621094,9561300,0.0,0.0
2022-02-17 00:00:00-05:00,228.39999389648438,228.80999755859375,224.1699981689453,224.61000061035156,216.99327087402344,8131200,0.0,0.0
2022-02-18 00:00:00-05:00,224.60000610351562,225.74000549316406,221.83999633789062,222.69000244140625,215.1383514404297,8121200,0.0,0.0
2022-02-22 00:00:00-05:00,221.02000427246094,224.33999633789062,219.9199981689453,221.32000732421875,213.81488037109375,9928800,0.0,0.0
2022-02-23 00:00:00-05:00,222.83999633789062,224.27999877929688,215.4199981689453,215.9499969482422,208.626953125,8669900,0.0,0.0
2022-02-24 00:00:00-05:00,203.3699951171875,217.86000061035156,201.4499969482422,217.3000030517578,209.93118286132812,13463400,0.0,0.0
2022-02-25 00:00:00-05:00,217.2899932861328,220.67999267578125,214.25,219.27000427246094,211.83438110351562,8463600,0.0,0.0
2022-02-28 00:00:00-05:00,216.0,218.64999389648438,213.24000549316406,216.1199951171875,208.79119873046875,8409400,0.0,0.0
2022-03-01 00:00:00-05:00,214.47999572753906,215.14999389648438,207.27999877929688,208.97000122070312,201.88365173339844,9317800,0.0,0.0
2022-03-02 00:00:00-05:00,206.89999389648438,210.5399932861328,206.19000244140625,208.47999572753906,201.41029357910156,8865700,0.0,0.0
2022-03-03 00:00:00-05:00,210.5500030517578,211.5,206.55999755859375,207.22999572753906,200.20263671875,8610000,0.0,0.0
2022-03-04 00:00:00-05:00,205.0,206.3699951171875,196.86000061035156,200.2899932861328,193.49795532226562,10912300,0.0,0.0
2022-03-07 00:00:00-05:00,199.83999633789062,200.17999267578125,190.0500030517578,190.6999969482422,184.23321533203125,13412400,0.0,0.0
2022-03-08 00:00:00-05:00,190.00999450683594,196.4199981689453,186.6699981689453,191.7100067138672,185.20896911621094,11070900,0.0,0.0
2022-03-09 00:00:00-05:00,196.5,200.5,195.24000549316406,199.75999450683594,192.9859619140625,8457600,0.0,0.0
2022-03-10 00:00:00-05:00,196.89999389648438,199.94000244140625,196.3000030517578,197.97000122070312,191.25668334960938,7061600,0.0,0.0
2022-03-11 00:00:00-05:00,200.75,200.83999633789062,196.4600067138672,196.7100067138672,190.03936767578125,5432100,0.0,0.0
2022-03-14 00:00:00-04:00,198.4199981689453,204.42999267578125,198.16000366210938,200.3300018310547,193.5366668701172,7994700,0.0,0.0
2022-03-15 00:00:00-04:00,202.08999633789062,206.41000366210938,201.39999389648438,206.13999938964844,199.14959716796875,8277700,0.0,0.0
2022-03-16 00:00:00-04:00,210.0,213.6699981689453,207.0,211.8699951171875,204.68533325195312,9232300,0.0,0.0
2022-03-17 00:00:00-04:00,209.92999267578125,213.5399932861328,208.72000122070312,213.4499969482422,206.2117156982422,6668500,0.0,0.0
2022-03-18 00:00:00-04:00,211.6999969482422,219.25999450683594,210.2899932861328,219.11000061035156,211.6798095703125,14620800,0.0,0.0
2022-03-21 00:00:00-04:00,216.33999633789062,218.05999755859375,214.5500030517578,217.0399932861328,209.6800079345703,6101500,0.0,0.0
2022-03-22 00:00:00-04:00,217.83999633789062,219.57000732421875,217.17999267578125,218.47000122070312,211.0614776611328,6259900,0.0,0.0
2022-03-23 00:00:00-04:00,215.3000030517578,217.2899932861328,214.1999969482422,214.67999267578125,207.40000915527344,6008000,0.0,0.0
2022-03-24 00:00:00-04:00,214.99000549316406,217.66000366210938,214.0,217.30999755859375,209.9408416748047,5487000,0.0,0.0
2022-03-25 00:00:00-04:00,218.4199981689453,218.92999267578125,215.69000244140625,218.42999267578125,211.02284240722656,5051400,0.0,0.0
2022-03-28 00:00:00-04:00,218.5,220.97999572753906,217.50999450683594,220.77000427246094,213.2835235595703,4316800,0.0,0.0
2022-03-29 00:00:00-04:00,224.83999633789062,228.80999755859375,223.77999877929688,228.1199951171875,220.38427734375,8032500,0.0,0.0
2022-03-30 00:00:00-04:00,225.83999633789062,226.16000366210938,222.72999572753906,223.9499969482422,216.35565185546875,7084000,0.0,0.0
2022-03-31 00:00:00-04:00,223.91000366210938,225.9199981689453,220.44000244140625,221.77000427246094,214.24960327148438,10759500,0.0,0.0
2022-04-01 00:00:00-04:00,223.0800018310547,226.6300048828125,222.22999572753906,226.36000061035156,218.68397521972656,6559600,0.0,0.0
2022-04-04 00:00:00-04:00,225.75999450683594,229.24000549316406,224.9600067138672,227.74000549316406,220.0171661376953,8521200,0.0,0.0
2022-04-05 00:00:00-04:00,226.8300018310547,228.99000549316406,225.30999755859375,226.08999633789062,218.423095703125,4658000,0.0,0.0
2022-04-06 00:00:00-04:00,222.77999877929688,222.8699951171875,218.6199951171875,219.00999450683594,211.58316040039062,7430000,0.0,0.0
2022-04-07 00:00:00-04:00,218.30999755859375,218.67999267578125,213.67999267578125,216.14999389648438,208.82015991210938,6995100,0.0,0.0
2022-04-08 00:00:00-04:00,214.80999755859375,219.41000366210938,213.0800018310547,216.97999572753906,209.6220245361328,5438600,0.0,0.0
2022-04-11 00:00:00-04:00,215.25,217.3000030517578,213.41000366210938,214.75,207.46766662597656,6942700,0.0,0.0
2022-04-12 00:00:00-04:00,216.5,216.99000549316406,210.6999969482422,211.39999389648438,204.2312469482422,7446600,0.0,0.0
2022-04-13 00:00:00-04:00,210.42999267578125,213.85000610351562,207.1699981689453,213.27000427246094,206.03787231445312,8052900,0.0,0.0
2022-04-14 00:00:00-04:00,214.27000427246094,215.9499969482422,212.52999877929688,212.7899932861328,205.5740966796875,8191600,0.0,0.0
2022-04-18 00:00:00-04:00,211.6699981689453,215.8300018310547,211.52000427246094,213.1699981689453,205.94125366210938,4744400,0.0,0.0
2022-04-19 00:00:00-04:00,213.10000610351562,216.50999450683594,212.44000244140625,215.6999969482422,208.3854217529297,5028800,0.0,0.0
2022-04-20 00:00:00-04:00,218.66000366210938,220.82000732421875,217.38999938964844,217.7899932861328,210.40452575683594,7178300,0.0,0.0
2022-04-21 00:00:00-04:00,219.50999450683594,223.9199981689453,215.35000610351562,216.4499969482422,209.11001586914062,8850300,0.0,0.0
2022-04-22 00:00:00-04:00,216.24000549316406,216.55999755859375,207.9499969482422,208.1699981689453,201.1107635498047,6201100,0.0,0.0
2022-04-25 00:00:00-04:00,206.35000610351562,210.52999877929688,205.3300018310547,209.9499969482422,202.8303985595703,6839400,0.0,0.0
2022-04-26 00:00:00-04:00,206.97999572753906,208.55999755859375,201.10000610351562,201.10000610351562,194.28057861328125,8155300,0.0,0.0
2022-04-27 00:00:00-04:00,217.3699951171875,221.8000030517578,213.0500030517578,214.11000061035156,206.84933471679688,15955800,0.0,0.0
2022-04-28 00:00:00-04:00,220.39999389648438,224.92999267578125,219.27000427246094,220.66000366210938,213.17726135253906,10799100,0.0,0.0
2022-04-29 00:00:00-04:00,218.6199951171875,221.1999969482422,212.35000610351562,213.1300048828125,205.90260314941406,7965000,0.0,0.0
2022-05-02 00:00:00-04:00,211.77000427246094,212.13999938964844,206.9600067138672,211.52999877929688,204.3568572998047,8803700,0.0,0.0
2022-05-03 00:00:00-04:00,213.61000061035156,213.61000061035156,206.27000427246094,208.55999755859375,201.487548828125,6616900,0.0,0.0
2022-05-04 00:00:00-04:00,209.35000610351562,214.8000030517578,205.3300018310547,214.52000427246094,207.24546813964844,7191100,0.0,0.0
2022-05-05 00:00:00-04:00,212.27000427246094,214.5800018310547,203.07000732421875,205.24000549316406,198.28016662597656,7749600,0.0,0.0
2022-05-06 00:00:00-04:00,203.75,205.72000122070312,200.22000122070312,202.82000732421875,195.9422149658203,8825300,0.0,0.0
2022-05-09 00:00:00-04:00,200.0500030517578,200.75,192.0800018310547,193.0,186.4552001953125,10314100,0.0,0.0
2022-05-10 00:00:00-04:00,196.7100067138672,197.75,190.97000122070312,193.5800018310547,187.0155487060547,11016500,0.0,0.0
2022-05-11 00:00:00-04:00,193.49000549316406,198.32000732421875,191.39999389648438,196.72000122070312,190.049072265625,9427300,0.0,0.0
2022-05-12 00:00:00-04:00,194.52999877929688,196.05999755859375,189.9499969482422,193.97000122070312,187.75022888183594,9308600,0.375,0.0
2022-05-13 00:00:00-04:00,197.0,200.5399932861328,196.5,199.22999572753906,192.841552734375,6684500,0.0,0.0
2022-05-16 00:00:00-04:00,197.32000732421875,199.94000244140625,195.8800048828125,197.80999755859375,191.46710205078125,5161300,0.0,0.0
2022-05-17 00:00:00-04:00,202.85000610351562,204.8000030517578,200.14999389648438,204.0,197.45860290527344,7265600,0.0,0.0
2022-05-18 00:00:00-04:00,202.82000732421875,205.4600067138672,199.1300048828125,199.99000549316406,193.57716369628906,8748200,0.0,0.0
2022-05-19 00:00:00-04:00,196.35000610351562,200.4199981689453,193.30999755859375,197.3699951171875,191.0411834716797,9012400,0.0,0.0
2022-05-20 00:00:00-04:00,199.6699981689453,201.66000366210938,194.02000427246094,199.02999877929688,192.64794921875,6966600,0.0,0.0
2022-05-23 00:00:00-04:00,200.8800048828125,207.9600067138672,200.77000427246094,207.55999755859375,200.9044647216797,12187400,0.0,0.0
2022-05-24 00:00:00-04:00,203.91000366210938,204.6699981689453,199.02999877929688,202.6300048828125,196.13255310058594,7458500,0.0,0.0
2022-05-25 00:00:00-04:00,200.58999633789062,204.9499969482422,200.47000122070312,203.83999633789062,197.3037109375,5457200,0.0,0.0
2022-05-26 00:00:00-04:00,205.11000061035156,209.74000549316406,204.6699981689453,208.5500030517578,201.8627166748047,9212300,0.0,0.0
2022-05-27 00:00:00-04:00,210.0,213.22999572753906,209.63999938964844,212.8800048828125,206.05384826660156,4897200,0.0,0.0
2022-05-31 00:00:00-04:00,210.3800048828125,214.35000610351562,209.11000061035156,212.1699981689453,205.3666229248047,9586400,0.0,0.0
2022-06-01 00:00:00-04:00,212.0500030517578,214.11000061035156,208.82000732421875,209.92999267578125,203.19847106933594,5246100,0.0,0.0
2022-06-02 00:00:00-04:00,211.88999938964844,215.25,211.0800018310547,215.0500030517578,208.15428161621094,5337200,0.0,0.0
2022-06-03 00:00:00-04:00,212.9499969482422,214.2100067138672,211.27000427246094,212.64999389648438,205.83123779296875,4352500,0.0,0.0
2022-06-06 00:00:00-04:00,215.4499969482422,217.5800018310547,212.08999633789062,212.94000244140625,206.1119384765625,3965100,0.0,0.0
2022-06-07 00:00:00-04:00,211.1199951171875,214.97000122070312,210.72000122070312,214.5,207.62191772460938,4493300,0.0,0.0
2022-06-08 00:00:00-04:00,213.75999450683594,215.57000732421875,212.8300018310547,213.5,206.6539764404297,3646300,0.0,0.0
2022-06-09 00:00:00-04:00,212.58999633789062,213.7100067138672,206.02000427246094,206.11000061035156,199.5009307861328,5138600,0.0,0.0
2022-06-10 00:00:00-04:00,201.64999389648438,203.4199981689453,199.17999267578125,199.50999450683594,193.1125946044922,5162500,0.0,0.0
2022-06-13 00:00:00-04:00,192.99000549316406,195.88999938964844,191.0800018310547,192.25999450683594,186.0950469970703,7119200,0.0,0.0
2022-06-14 00:00:00-04:00,192.72000122070312,194.33999633789062,191.75,193.52000427246094,187.31466674804688,6441200,0.0,0.0
2022-06-15 00:00:00-04:00,195.97999572753906,198.8300018310547,192.22999572753906,196.16000366210938,189.87002563476562,6490000,0.0,0.0
2022-06-16 00:00:00-04:00,191.41000366210938,191.8699951171875,187.52999877929688,189.0500030517578,182.98797607421875,9887200,0.0,0.0
2022-06-17 00:00:00-04:00,186.92999267578125,191.30999755859375,185.91000366210938,190.00999450683594,183.91717529296875,15089300,0.0,0.0
2022-06-21 00:00:00-04:00,195.7100067138672,196.72999572753906,193.72999572753906,194.38999938964844,188.15670776367188,6241600,0.0,0.0
2022-06-22 00:00:00-04:00,191.25,196.38999938964844,191.02999877929688,193.82000732421875,187.6050567626953,5138500,0.0,0.0
2022-06-23 00:00:00-04:00,196.13999938964844,197.4600067138672,193.4499969482422,196.63999938964844,190.33460998535156,4752800,0.0,0.0
2022-06-24 00:00:00-04:00,197.72999572753906,205.63999938964844,197.50999450683594,205.50999450683594,198.9202117919922,7754800,0.0,0.0
2022-06-27 00:00:00-04:00,205.75,207.08999633789062,202.61000061035156,203.55999755859375,197.03269958496094,6121200,0.0,0.0
2022-06-28 00:00:00-04:00,204.0,206.7899932861328,197.5,198.1199951171875,191.7671661376953,4354200,0.0,0.0
2022-06-29 00:00:00-04:00,197.32000732421875,200.63999938964844,197.32000732421875,199.5,193.10292053222656,4324600,0.0,0.0
2022-06-30 00:00:00-04:00,195.3699951171875,198.85000610351562,192.85000610351562,196.88999938964844,190.5766143798828,7045200,0.0,0.0
2022-07-01 00:00:00-04:00,196.7899932861328,199.8000030517578,194.7100067138672,199.17999267578125,192.7931365966797,4131800,0.0,0.0
2022-07-05 00:00:00-04:00,196.22999572753906,200.57000732421875,194.13999938964844,200.5399932861328,194.1095428466797,4110200,0.0,0.0
2022-07-06 00:00:00-04:00,200.0,202.50999450683594,198.6699981689453,201.1199951171875,194.67092895507812,4111200,0.0,0.0
2022-07-07 00:00:00-04:00,202.5399932861328,203.42999267578125,200.0399932861328,202.8000030517578,196.29708862304688,4650700,0.0,0.0
2022-07-08 00:00:00-04:00,202.32000732421875,204.10000610351562,200.4600067138672,203.57000732421875,197.04238891601562,3621800,0.0,0.0
2022-07-11 00:00:00-04:00,202.0,206.74000549316406,202.0,205.05999755859375,198.484619140625,5353600,0.0,0.0
2022-07-12 00:00:00-04:00,203.25,208.1199951171875,202.75999450683594,204.82000732421875,198.2523193359375,6779500,0.0,0.0
2022-07-13 00:00:00-04:00,200.42999267578125,205.57000732421875,199.5,204.14999389648438,197.60377502441406,7597300,0.0,0.0
2022-07-14 00:00:00-04:00,200.0,206.0800018310547,197.97999572753906,205.91000366210938,199.30734252929688,5605500,0.0,0.0
2022-07-15 00:00:00-04:00,209.3699951171875,211.7100067138672,207.17999267578125,210.0399932861328,203.30491638183594,7245700,0.0,0.0
2022-07-18 00:00:00-04:00,211.5,212.91000366210938,206.63999938964844,207.2100067138672,200.565673828125,4648900,0.0,0.0
2022-07-19 00:00:00-04:00,208.22000122070312,214.11000061035156,207.89999389648438,213.66000366210938,206.80880737304688,4927100,0.0,0.0
2022-07-20 00:00:00-04:00,212.0,214.1300048828125,211.2100067138672,213.3699951171875,206.52816772460938,4460300,0.0,0.0
2022-07-21 00:00:00-04:00,213.14999389648438,216.89999389648438,212.72999572753906,216.19000244140625,209.25770568847656,4801300,0.0,0.0
2022-07-22 00:00:00-04:00,217.92999267578125,218.07000732421875,212.1199951171875,213.6999969482422,206.84751892089844,5071500,0.0,0.0
2022-07-25 00:00:00-04:00,214.5800018310547,214.8000030517578,211.6199951171875,214.27000427246094,207.39930725097656,4357200,0.0,0.0
2022-07-26 00:00:00-04:00,213.85000610351562,215.14999389648438,211.75,212.49000549316406,205.67640686035156,6141000,0.0,0.0
2022-07-27 00:00:00-04:00,210.77000427246094,216.85000610351562,201.1999969482422,210.47000122070312,203.72113037109375,17432200,0.0,0.0
2022-07-28 00:00:00-04:00,210.63999938964844,212.72000122070312,207.9199981689453,211.35000610351562,204.57293701171875,7477100,0.0,0.0
2022-07-29 00:00:00-04:00,212.0,214.16000366210938,209.8300018310547,212.11000061035156,205.3085479736328,6059700,0.0,0.0
2022-08-01 00:00:00-04:00,208.4499969482422,213.99000549316406,207.55999755859375,211.36000061035156,204.5825958251953,8028400,0.0,0.0
2022-08-02 00:00:00-04:00,207.8000030517578,208.83999633789062,203.92999267578125,206.25999450683594,199.64613342285156,9939400,0.0,0.0
2022-08-03 00:00:00-04:00,207.99000549316406,210.3300018310547,206.8800048828125,208.47999572753906,201.7949676513672,9520100,0.0,0.0
2022-08-04 00:00:00-04:00,210.52999877929688,214.8800048828125,208.5500030517578,213.47000122070312,206.62496948242188,6789700,0.0,0.0
2022-08-05 00:00:00-04:00,210.7100067138672,215.9499969482422,210.5,215.8699951171875,208.94796752929688,5553700,0.0,0.0
2022-08-08 00:00:00-04:00,215.22999572753906,216.6300048828125,212.0500030517578,213.32000732421875,206.4797821044922,4063400,0.0,0.0
2022-08-09 00:00:00-04:00,212.0,213.4499969482422,209.75,210.25999450683594,203.51783752441406,4596800,0.0,0.0
2022-08-10 00:00:00-04:00,214.8300018310547,214.83999633789062,211.30999755859375,212.10000610351562,205.2988739013672,5746400,0.0,0.0
2022-08-11 00:00:00-04:00,213.2899932861328,213.5,210.58999633789062,211.0800018310547,204.6734619140625,6639600,0.375,0.0
2022-08-12 00:00:00-04:00,213.0,213.22000122070312,210.10000610351562,211.3300018310547,204.91587829589844,6443700,0.0,0.0
2022-08-15 00:00:00-04:00,210.3699951171875,216.74000549316406,210.3699951171875,216.4199981689453,209.8513641357422,5290600,0.0,0.0
2022-08-16 00:00:00-04:00,214.5500030517578,217.61000061035156,212.1300048828125,217.13999938964844,210.54949951171875,6564400,0.0,0.0
2022-08-17 00:00:00-04:00,215.0,216.17999267578125,212.75,214.52000427246094,208.00906372070312,4902500,0.0,0.0
2022-08-18 00:00:00-04:00,213.8699951171875,216.0,212.42999267578125,215.25,208.7168731689453,4516400,0.0,0.0
2022-08-19 00:00:00-04:00,214.11000061035156,215.22999572753906,212.38999938964844,212.82000732421875,206.3606719970703,4178800,0.0,0.0
2022-08-22 00:00:00-04:00,209.94000244140625,211.25,208.1999969482422,208.61000061035156,202.2783966064453,5139500,0.0,0.0
2022-08-23 00:00:00-04:00,208.0,209.3000030517578,206.52999877929688,206.8000030517578,200.5233917236328,3525500,0.0,0.0
2022-08-24 00:00:00-04:00,206.6300048828125,208.35000610351562,205.67999267578125,206.6699981689453,200.3972930908203,4230800,0.0,0.0
2022-08-25 00:00:00-04:00,207.38999938964844,209.91000366210938,206.5,209.82000732421875,203.45169067382812,4495000,0.0,0.0
2022-08-26 00:00:00-04:00,209.77000427246094,210.25999450683594,202.6999969482422,202.88999938964844,196.73204040527344,5060200,0.0,0.0
2022-08-29 00:00:00-04:00,201.25,203.9600067138672,200.6199951171875,202.3300018310547,196.18902587890625,4476200,0.0,0.0
2022-08-30 00:00:00-04:00,203.9199981689453,204.41000366210938,200.2100067138672,201.3800048828125,195.26785278320312,3918200,0.0,0.0
2022-08-31 00:00:00-04:00,201.0,203.1699981689453,198.63999938964844,198.7100067138672,192.6789093017578,6559000,0.0,0.0
2022-09-01 00:00:00-04:00,198.72000122070312,200.42999267578125,196.66000366210938,200.1300048828125,194.0557861328125,5608300,0.0,0.0
2022-09-02 00:00:00-04:00,202.44000244140625,202.47999572753906,196.85000610351562,197.75999450683594,191.7577362060547,4508100,0.0,0.0
2022-09-06 00:00:00-04:00,197.89999389648438,200.0399932861328,196.39999389648438,198.63999938964844,192.6110382080078,4547800,0.0,0.0
2022-09-07 00:00:00-04:00,198.7100067138672,201.13999938964844,197.22000122070312,200.4199981689453,194.3369903564453,4098300,0.0,0.0
2022-09-08 00:00:00-04:00,197.39999389648438,201.11000061035156,196.9600067138672,200.7100067138672,194.6182098388672,4377600,0.0,0.0
2022-09-09 00:00:00-04:00,202.07000732421875,206.39999389648438,201.35000610351562,205.1999969482422,198.97189331054688,4885600,0.0,0.0
2022-09-12 00:00:00-04:00,206.5,207.19000244140625,204.9499969482422,206.6300048828125,200.3585205078125,3812300,0.0,0.0
2022-09-13 00:00:00-04:00,202.0500030517578,203.47000122070312,198.8699951171875,199.6699981689453,193.6097412109375,5217900,0.0,0.0
2022-09-14 00:00:00-04:00,200.0,200.8800048828125,198.05999755859375,199.41000366210938,193.35765075683594,4632800,0.0,0.0
2022-09-15 00:00:00-04:00,198.08999633789062,200.30999755859375,194.52999877929688,195.3699951171875,189.4402618408203,6099300,0.0,0.0
2022-09-16 00:00:00-04:00,190.22000122070312,193.82000732421875,188.22000122070312,193.3000030517578,187.43310546875,9398200,0.0,0.0
2022-09-19 00:00:00-04:00,191.58999633789062,193.99000549316406,190.7100067138672,193.1300048828125,187.26829528808594,8133600,0.0,0.0
2022-09-20 00:00:00-04:00,191.10000610351562,193.02999877929688,190.2899932861328,192.07000732421875,186.24044799804688,5292500,0.0,0.0
2022-09-21 00:00:00-04:00,192.52999877929688,193.08999633789062,187.0,187.02000427246094,181.3436737060547,6705900,0.0,0.0
2022-09-22 00:00:00-04:00,186.35000610351562,187.2100067138672,184.66000366210938,185.7899932861328,180.15101623535156,6604700,0.0,0.0
2022-09-23 00:00:00-04:00,183.47000122070312,184.5800018310547,182.22999572753906,183.9600067138672,178.3765869140625,10755800,0.0,0.0
2022-09-26 00:00:00-04:00,183.0399932861328,184.5,179.89999389648438,180.58999633789062,175.1088409423828,9914600,0.0,0.0
2022-09-27 00:00:00-04:00,182.50999450683594,184.85000610351562,177.02000427246094,177.8699951171875,172.47142028808594,9799600,0.0,0.0
2022-09-28 00:00:00-04:00,177.25999450683594,180.10000610351562,174.8300018310547,179.17999267578125,173.74163818359375,9751000,0.0,0.0
2022-09-29 00:00:00-04:00,178.8300018310547,182.24000549316406,178.72999572753906,180.05999755859375,174.5949249267578,9105200,0.0,0.0
2022-09-30 00:00:00-04:00,180.05999755859375,182.9199981689453,177.60000610351562,177.64999389648438,172.25808715820312,9472300,0.0,0.0
2022-10-03 00:00:00-04:00,179.33999633789062,183.36000061035156,178.14999389648438,181.64999389648438,176.13671875,8842300,0.0,0.0
2022-10-04 00:00:00-04:00,185.0500030517578,186.2100067138672,183.07000732421875,185.64999389648438,180.01528930664062,7081400,0.0,0.0
2022-10-05 00:00:00-04:00,183.33999633789062,188.82000732421875,182.36000061035156,187.6699981689453,181.97398376464844,6119900,0.0,0.0
2022-10-06 00:00:00-04:00,186.64999389648438,188.0500030517578,185.25,185.58999633789062,179.9571075439453,5163000,0.0,0.0
2022-10-07 00:00:00-04:00,183.4499969482422,184.61000061035156,181.92999267578125,183.8300018310547,178.2505340576172,5610300,0.0,0.0
2022-10-10 00:00:00-04:00,184.1300048828125,184.77999877929688,180.89999389648438,182.17999267578125,176.6505889892578,4743800,0.0,0.0
2022-10-11 00:00:00-04:00,180.3699951171875,181.63999938964844,178.19000244140625,179.13999938964844,173.70289611816406,6294500,0.0,0.0
2022-10-12 00:00:00-04:00,179.08999633789062,180.58999633789062,178.22000122070312,178.24000549316406,172.8302001953125,4884300,0.0,0.0
2022-10-13 00:00:00-04:00,175.0,185.3699951171875,174.60000610351562,184.66000366210938,179.0553436279297,8426400,0.0,0.0
2022-10-14 00:00:00-04:00,186.7899932861328,187.1300048828125,182.07000732421875,182.6199951171875,177.07725524902344,6449400,0.0,0.0
2022-10-17 00:00:00-04:00,186.0,188.57000732421875,182.85000610351562,185.25,179.6273956298828,13952100,0.0,0.0
2022-10-18 00:00:00-04:00,189.49000549316406,190.19000244140625,185.74000549316406,187.1699981689453,181.48915100097656,5209200,0.0,0.0
2022-10-19 00:00:00-04:00,185.49000549316406,187.63999938964844,184.75999450683594,186.41000366210938,180.7522430419922,4927000,0.0,0.0
2022-10-20 00:00:00-04:00,186.4600067138672,190.97999572753906,186.42999267578125,187.22000122070312,181.53761291503906,5706700,0.0,0.0
2022-10-21 00:00:00-04:00,185.8000030517578,190.9499969482422,185.0500030517578,190.3699951171875,184.59202575683594,7582500,0.0,0.0
2022-10-24 00:00:00-04:00,191.41000366210938,193.1300048828125,189.10000610351562,190.7100067138672,184.9216766357422,7299200,0.0,0.0
2022-10-25 00:00:00-04:00,190.8699951171875,195.22999572753906,190.72000122070312,194.3800048828125,188.48033142089844,11907200,0.0,0.0
2022-10-26 00:00:00-04:00,196.5800018310547,206.3699951171875,196.5,203.3300018310547,197.1586456298828,15450000,0.0,0.0
2022-10-27 00:00:00-04:00,203.32000732421875,206.32000732421875,201.58999633789062,204.2899932861328,198.0895233154297,7946700,0.0,0.0
2022-10-28 00:00:00-04:00,205.0,211.52000427246094,203.30999755859375,209.33999633789062,202.98626708984375,8455600,0.0,0.0
2022-10-31 00:00:00-04:00,208.9199981689453,209.6199951171875,206.1999969482422,207.16000366210938,200.87242126464844,8674100,0.0,0.0
2022-11-01 00:00:00-04:00,208.91000366210938,209.97000122070312,205.3300018310547,206.92999267578125,200.6493682861328,5919500,0.0,0.0
2022-11-02 00:00:00-04:00,205.75999450683594,207.0,200.5800018310547,200.9499969482422,194.85089111328125,6985600,0.0,0.0
2022-11-03 00:00:00-04:00,198.27999877929688,198.85000610351562,194.17999267578125,194.75,188.83909606933594,8236200,0.0,0.0
2022-11-04 00:00:00-04:00,197.0,201.4499969482422,195.33999633789062,196.97999572753906,191.00137329101562,9680100,0.0,0.0
2022-11-07 00:00:00-05:00,198.32000732421875,200.44000244140625,197.1699981689453,200.10000610351562,194.02671813964844,7821300,0.0,0.0
2022-11-08 00:00:00-05:00,201.66000366210938,204.1199951171875,199.74000549316406,201.77999877929688,195.6557159423828,6943700,0.0,0.0
2022-11-09 00:00:00-05:00,200.6999969482422,201.3300018310547,193.3300018310547,193.92999267578125,188.4642791748047,7320200,0.45,0.0
2022-11-10 00:00:00-05:00,203.08999633789062,205.75999450683594,200.02000427246094,205.57000732421875,199.7761993408203,8048900,0.0,0.0
2022-11-11 00:00:00-05:00,206.0,206.42999267578125,202.14999389648438,205.0,199.22227478027344,9601000,0.0,0.0
2022-11-14 00:00:00-05:00,203.5,209.1699981689453,203.2100067138672,206.86000061035156,201.02989196777344,5796100,0.0,0.0
2022-11-15 00:00:00-05:00,209.99000549316406,213.72999572753906,207.50999450683594,209.99000549316406,204.0716552734375,7316100,0.0,0.0
2022-11-16 00:00:00-05:00,208.5800018310547,210.88999938964844,208.22000122070312,210.13999938964844,204.21742248535156,6125300,0.0,0.0
2022-11-17 00:00:00-05:00,207.9600067138672,211.27999877929688,207.32000732421875,210.99000549316406,205.04348754882812,5385600,0.0,0.0
2022-11-18 00:00:00-05:00,213.1699981689453,214.1699981689453,209.74000549316406,210.8000030517578,204.8588409423828,8028500,0.0,0.0
2022-11-21 00:00:00-05:00,210.3000030517578,210.5500030517578,205.88999938964844,206.32000732421875,200.5050811767578,10450900,0.0,0.0
2022-11-22 00:00:00-05:00,207.5399932861328,210.47999572753906,205.35000610351562,210.3300018310547,204.40206909179688,5273100,0.0,0.0
2022-11-23 00:00:00-05:00,210.0,212.8300018310547,209.9199981689453,211.72999572753906,205.76260375976562,3807300,0.0,0.0
2022-11-25 00:00:00-05:00,211.7100067138672,214.0,211.38999938964844,213.7899932861328,207.76455688476562,1993500,0.0,0.0
2022-11-28 00:00:00-05:00,212.25999450683594,214.47000122070312,210.64999389648438,211.25999450683594,205.30584716796875,10229400,0.0,0.0
2022-11-29 00:00:00-05:00,209.35000610351562,210.14999389648438,207.35000610351562,209.05999755859375,203.1678466796875,8986900,0.0,0.0
2022-11-30 00:00:00-05:00,208.22000122070312,217.0,208.00999450683594,217.0,210.88406372070312,13918100,0.0,0.0
2022-12-01 00:00:00-05:00,217.0,218.64999389648438,215.3000030517578,217.0,210.88406372070312,11261500,0.0,0.0
2022-12-02 00:00:00-05:00,215.72999572753906,218.47999572753906,214.24000549316406,217.66000366210938,211.52548217773438,5132800,0.0,0.0
2022-12-05 00:00:00-05:00,215.64999389648438,216.91000366210938,213.0500030517578,213.67999267578125,207.6576385498047,9006300,0.0,0.0
2022-12-06 00:00:00-05:00,212.0,212.1300048828125,207.63999938964844,209.0800018310547,203.18731689453125,5986000,0.0,0.0
2022-12-07 00:00:00-05:00,208.8000030517578,209.02000427246094,205.1300048828125,207.80999755859375,201.95309448242188,7923800,0.0,0.0
2022-12-08 00:00:00-05:00,209.50999450683594,210.3000030517578,207.75,209.10000610351562,203.2067108154297,4896500,0.0,0.0
2022-12-09 00:00:00-05:00,207.91000366210938,210.52000427246094,207.52000427246094,208.6999969482422,202.8179931640625,4928400,0.0,0.0
2022-12-12 00:00:00-05:00,210.0,214.82000732421875,209.47000122070312,214.58999633789062,208.54197692871094,5941700,0.0,0.0
2022-12-13 00:00:00-05:00,219.5399932861328,219.97999572753906,212.6199951171875,213.0399932861328,207.0356903076172,14585000,0.0,0.0
2022-12-14 00:00:00-05:00,212.85000610351562,216.27999877929688,211.6300048828125,213.32000732421875,207.3078155517578,7001700,0.0,0.0
2022-12-15 00:00:00-05:00,209.60000610351562,211.82000732421875,206.82000732421875,207.91000366210938,202.05027770996094,10831800,0.0,0.0
2022-12-16 00:00:00-05:00,207.49000549316406,208.39999389648438,205.3000030517578,206.88999938964844,201.0590057373047,12472900,0.0,0.0
2022-12-19 00:00:00-05:00,206.6300048828125,207.47000122070312,203.9499969482422,204.82000732421875,199.04737854003906,4893600,0.0,0.0
2022-12-20 00:00:00-05:00,203.8800048828125,206.52999877929688,203.5500030517578,205.36000061035156,199.5721435546875,5024900,0.0,0.0
2022-12-21 00:00:00-05:00,206.57000732421875,207.9600067138672,205.5800018310547,206.80999755859375,200.98129272460938,4086900,0.0,0.0
2022-12-22 00:00:00-05:00,205.75,206.64999389648438,202.1300048828125,205.05999755859375,199.28057861328125,5690300,0.0,0.0
2022-12-23 00:00:00-05:00,204.1300048828125,206.24000549316406,203.52000427246094,205.8300018310547,200.02891540527344,3246000,0.0,0.0
2022-12-27 00:00:00-05:00,205.9199981689453,206.8800048828125,204.60000610351562,206.2899932861328,200.47592163085938,2904900,0.0,0.0
2022-12-28 00:00:00-05:00,206.67999267578125,208.52999877929688,204.8000030517578,204.99000549316406,199.2125701904297,3139200,0.0,0.0
2022-12-29 00:00:00-05:00,205.9499969482422,208.52999877929688,205.5,208.05999755859375,202.19606018066406,3675500,0.0,0.0
2022-12-30 00:00:00-05:00,206.30999755859375,208.0399932861328,205.6999969482422,207.75999450683594,201.90451049804688,4159400,0.0,0.0
2023-01-03 00:00:00-05:00,209.27999877929688,212.3300018310547,206.16000366210938,207.38999938964844,201.54493713378906,4202800,0.0,0.0
2023-01-04 00:00:00-05:00,209.6199951171875,213.1999969482422,209.6199951171875,212.61000061035156,206.61782836914062,6606200,0.0,0.0
2023-01-05 00:00:00-05:00,213.8000030517578,214.16000366210938,210.4600067138672,211.11000061035156,205.16006469726562,5246000,0.0,0.0
2023-01-06 00:00:00-05:00,214.0,218.13999938964844,213.08999633789062,217.75,211.61294555664062,6829700,0.0,0.0
2023-01-09 00:00:00-05:00,219.07000732421875,222.2100067138672,218.35000610351562,218.60000610351562,212.43898010253906,6294500,0.0,0.0
2023-01-10 00:00:00-05:00,218.99000549316406,222.38999938964844,218.17999267578125,221.08999633789062,214.85882568359375,10857000,0.0,0.0
2023-01-11 00:00:00-05:00,221.2899932861328,222.17999267578125,219.6999969482422,222.10000610351562,215.84034729003906,5408200,0.0,0.0
2023-01-12 00:00:00-05:00,222.10000610351562,223.80999755859375,220.61000061035156,223.6199951171875,217.31752014160156,4264400,0.0,0.0
2023-01-13 00:00:00-05:00,221.91000366210938,223.75999450683594,220.13999938964844,223.05999755859375,216.7732696533203,4283200,0.0,0.0
2023-01-17 00:00:00-05:00,222.3800048828125,224.39999389648438,222.3699951171875,223.0,216.71499633789062,6101100,0.0,0.0
2023-01-18 00:00:00-05:00,224.0800018310547,224.99000549316406,219.44000244140625,219.4600067138672,213.2747802734375,6558000,0.0,0.0
2023-01-19 00:00:00-05:00,218.10000610351562,221.52000427246094,217.5,220.41000366210938,214.19801330566406,4853100,0.0,0.0
2023-01-20 00:00:00-05:00,221.13999938964844,224.42999267578125,220.41000366210938,224.30999755859375,217.98806762695312,5211000,0.0,0.0
2023-01-23 00:00:00-05:00,224.60000610351562,226.1999969482422,223.14999389648438,224.17999267578125,217.8617401123047,5501500,0.0,0.0
2023-01-24 00:00:00-05:00,222.02000427246094,230.0,216.6300048828125,223.88999938964844,217.57989501953125,5274900,0.0,0.0
2023-01-25 00:00:00-05:00,221.6199951171875,224.97000122070312,221.1699981689453,224.89999389648438,218.56141662597656,4729600,0.0,0.0
2023-01-26 00:00:00-05:00,226.0,227.0800018310547,223.6699981689453,224.7100067138672,218.37677001953125,7043400,0.0,0.0
2023-01-27 00:00:00-05:00,228.0,232.83999633789062,227.25,231.44000244140625,224.91712951660156,11382600,0.0,0.0
2023-01-30 00:00:00-05:00,230.1999969482422,230.4199981689453,227.92999267578125,229.10000610351562,222.64303588867188,5677400,0.0,0.0
2023-01-31 00:00:00-05:00,228.80999755859375,230.8000030517578,228.4499969482422,230.2100067138672,223.7218017578125,11294200,0.0,0.0
2023-02-01 00:00:00-05:00,229.3699951171875,232.66000366210938,227.8000030517578,230.89999389648438,224.3922882080078,5792700,0.0,0.0
2023-02-02 00:00:00-05:00,233.9600067138672,234.3000030517578,228.3699951171875,229.55999755859375,223.090087890625,7190000,0.0,0.0
2023-02-03 00:00:00-05:00,228.69000244140625,230.86000061035156,227.63999938964844,230.1300048828125,223.6439971923828,5243600,0.0,0.0
2023-02-06 00:00:00-05:00,228.6999969482422,230.25999450683594,228.0399932861328,229.44000244140625,222.97348022460938,3402400,0.0,0.0
2023-02-07 00:00:00-05:00,228.02000427246094,232.1300048828125,227.9499969482422,231.32000732421875,224.80050659179688,4042600,0.0,0.0
2023-02-08 00:00:00-05:00,230.33999633789062,231.86000061035156,229.99000549316406,230.1999969482422,223.7120361328125,4978600,0.0,0.0
2023-02-09 00:00:00-05:00,232.41000366210938,232.47999572753906,229.1300048828125,229.35000610351562,223.3225860595703,5238400,0.45,0.0
2023-02-10 00:00:00-05:00,228.9600067138672,229.91000366210938,226.16000366210938,227.1999969482422,221.2290802001953,4509700,0.0,0.0
2023-02-13 00:00:00-05:00,226.8800048828125,229.8300018310547,226.27000427246094,228.8800048828125,222.8649139404297,4946700,0.0,0.0
2023-02-14 00:00:00-05:00,228.6699981689453,231.4199981689453,227.1699981689453,229.38999938964844,223.36148071289062,4829400,0.0,0.0
2023-02-15 00:00:00-05:00,227.58999633789062,229.07000732421875,226.8000030517578,228.9199981689453,222.90386962890625,4407300,0.0,0.0
2023-02-16 00:00:00-05:00,226.07000732421875,228.36000061035156,225.6699981689453,225.8300018310547,219.89503479003906,3865900,0.0,0.0
2023-02-17 00:00:00-05:00,224.17999267578125,224.77000427246094,221.74000549316406,223.55999755859375,217.68470764160156,4520200,0.0,0.0
2023-02-21 00:00:00-05:00,220.16000366210938,222.44000244140625,219.99000549316406,220.6199951171875,214.8219757080078,7276100,0.0,0.0
2023-02-22 00:00:00-05:00,220.41000366210938,221.75,219.4499969482422,220.02000427246094,214.2377471923828,4621800,0.0,0.0
2023-02-23 00:00:00-05:00,221.55999755859375,222.08999633789062,218.92999267578125,221.1300048828125,215.318603515625,5533800,0.0,0.0
2023-02-24 00:00:00-05:00,218.47999572753906,220.24000549316406,217.4600067138672,219.5500030517578,213.7801055908203,4414400,0.0,0.0
2023-02-27 00:00:00-05:00,220.72999572753906,221.44000244140625,219.33999633789062,220.35000610351562,214.55906677246094,4255300,0.0,0.0
2023-02-28 00:00:00-05:00,220.0,221.77000427246094,219.5,219.94000244140625,214.1598663330078,5385400,0.0,0.0
2023-03-01 00:00:00-05:00,219.4600067138672,220.27000427246094,216.42999267578125,218.36000061035156,212.6213836669922,4792700,0.0,0.0
2023-03-02 00:00:00-05:00,217.88999938964844,219.60000610351562,217.08999633789062,219.05999755859375,213.30294799804688,5539300,0.0,0.0
2023-03-03 00:00:00-05:00,220.1999969482422,224.02000427246094,219.89999389648438,223.77000427246094,217.8892059326172,6055400,0.0,0.0
2023-03-06 00:00:00-05:00,223.92999267578125,227.4199981689453,223.69000244140625,226.75,220.79090881347656,5737600,0.0,0.0
2023-03-07 00:00:00-05:00,226.75,227.3800048828125,223.0800018310547,223.1699981689453,217.30496215820312,4386800,0.0,0.0
2023-03-08 00:00:00-05:00,221.9600067138672,222.92999267578125,221.17999267578125,222.19000244140625,216.35073852539062,4194900,0.0,0.0
2023-03-09 00:00:00-05:00,221.39999389648438,224.3699951171875,219.66000366210938,220.00999450683594,214.22802734375,5066700,0.0,0.0
2023-03-10 00:00:00-05:00,219.02999877929688,219.1199951171875,215.47999572753906,216.13999938964844,210.45973205566406,6638900,0.0,0.0
2023-03-13 00:00:00-04:00,214.6300048828125,217.85000610351562,212.5,214.47000122070312,208.83363342285156,6810800,0.0,0.0
2023-03-14 00:00:00-04:00,218.0,219.8699951171875,216.0399932861328,218.66000366210938,212.9134979248047,7985600,0.0,0.0
2023-03-15 00:00:00-04:00,214.41000366210938,216.91000366210938,213.6699981689453,216.3699951171875,210.68365478515625,8372200,0.0,0.0
2023-03-16 00:00:00-04:00,215.1699981689453,217.5800018310547,208.75999450683594,217.4499969482422,211.7352752685547,13674600,0.0,0.0
2023-03-17 00:00:00-04:00,214.8699951171875,218.66000366210938,214.8699951171875,217.38999938964844,211.6768341064453,18801200,0.0,0.0
2023-03-20 00:00:00-04:00,217.0,220.5500030517578,216.83999633789062,218.14999389648438,212.41690063476562,9817400,0.0,0.0
2023-03-21 00:00:00-04:00,221.33999633789062,222.50999450683594,218.67999267578125,221.9499969482422,216.1170196533203,8971400,0.0,0.0
2023-03-22 00:00:00-04:00,222.5,224.89999389648438,219.9199981689453,220.0399932861328,214.2572479248047,6700600,0.0,0.0
2023-03-23 00:00:00-04:00,220.44000244140625,225.25,220.25999450683594,222.58999633789062,216.74020385742188,6427700,0.0,0.0
2023-03-24 00:00:00-04:00,220.6699981689453,221.3300018310547,218.25,221.0399932861328,215.23092651367188,4791500,0.0,0.0
2023-03-27 00:00:00-04:00,222.58999633789062,224.0800018310547,221.38999938964844,221.80999755859375,215.98069763183594,7210900,0.0,0.0
2023-03-28 00:00:00-04:00,222.82000732421875,223.3300018310547,218.64999389648438,220.3300018310547,214.5396270751953,6418400,0.0,0.0
2023-03-29 00:00:00-04:00,222.2899932861328,223.5500030517578,220.9199981689453,223.3000030517578,217.43157958984375,4483000,0.0,0.0
2023-03-30 00:00:00-04:00,223.9199981689453,224.24000549316406,221.2100067138672,222.36000061035156,216.51626586914062,5383900,0.0,0.0
2023-03-31 00:00:00-04:00,223.60000610351562,225.83999633789062,223.2899932861328,225.4600067138672,219.5347900390625,9509000,0.0,0.0
2023-04-03 00:00:00-04:00,225.22999572753906,229.16000366210938,224.1199951171875,229.0,222.9817657470703,6421500,0.0,0.0
2023-04-04 00:00:00-04:00,229.0,230.0500030517578,226.8300018310547,227.66000366210938,221.67698669433594,5254700,0.0,0.0
2023-04-05 00:00:00-04:00,226.77999877929688,228.47000122070312,226.5500030517578,228.1699981689453,222.17355346679688,4813600,0.0,0.0
2023-04-06 00:00:00-04:00,226.16000366210938,226.72999572753906,224.67999267578125,225.99000549316406,220.05087280273438,4285200,0.0,0.0
2023-04-10 00:00:00-04:00,225.55999755859375,226.47999572753906,224.32000732421875,226.42999267578125,220.47927856445312,4952200,0.0,0.0
2023-04-11 00:00:00-04:00,227.0,229.13999938964844,226.1999969482422,228.4499969482422,222.4462127685547,4513300,0.0,0.0
2023-04-12 00:00:00-04:00,229.92999267578125,231.58999633789062,227.3300018310547,227.80999755859375,221.822998046875,4373000,0.0,0.0
2023-04-13 00:00:00-04:00,229.4600067138672,232.83999633789062,228.8000030517578,232.69000244140625,226.57479858398438,7615500,0.0,0.0
2023-04-14 00:00:00-04:00,232.99000549316406,234.99000549316406,232.24000549316406,234.02000427246094,227.8698272705078,9781300,0.0,0.0
2023-04-17 00:00:00-04:00,234.02000427246094,234.0500030517578,230.94000244140625,233.47999572753906,227.3440399169922,4865000,0.0,0.0
2023-04-18 00:00:00-04:00,233.75,234.3300018310547,231.69000244140625,233.60000610351562,227.46087646484375,4796200,0.0,0.0
2023-04-19 00:00:00-04:00,234.0,234.05999755859375,231.85000610351562,232.57000732421875,226.4579315185547,3833900,0.0,0.0
2023-04-20 00:00:00-04:00,232.4600067138672,234.6699981689453,231.5,234.60000610351562,228.4345703125,4925700,0.0,0.0
2023-04-21 00:00:00-04:00,235.0,235.57000732421875,233.3800048828125,234.0500030517578,227.89903259277344,6771500,0.0,0.0
2023-04-24 00:00:00-04:00,234.22999572753906,235.14999389648438,231.50999450683594,232.75999450683594,226.64292907714844,9124100,0.0,0.0
2023-04-25 00:00:00-04:00,233.02000427246094,235.02000427246094,229.42999267578125,229.58999633789062,223.5562286376953,6076500,0.0,0.0
2023-04-26 00:00:00-04:00,231.22000122070312,232.77000427246094,226.72000122070312,228.14999389648438,222.15408325195312,8400400,0.0,0.0
2023-04-27 00:00:00-04:00,228.6699981689453,229.6300048828125,226.61000061035156,229.00999450683594,222.99148559570312,7128200,0.0,0.0
2023-04-28 00:00:00-04:00,228.64999389648438,233.57000732421875,228.05999755859375,232.72999572753906,226.61373901367188,11627900,0.0,0.0
2023-05-01 00:00:00-04:00,232.8699951171875,234.58999633789062,231.50999450683594,232.50999450683594,226.39952087402344,4571100,0.0,0.0
2023-05-02 00:00:00-04:00,231.9499969482422,232.3699951171875,226.2100067138672,226.97999572753906,221.01486206054688,5244000,0.0,0.0
2023-05-03 00:00:00-04:00,226.97999572753906,228.6699981689453,225.9199981689453,225.97999572753906,220.04110717773438,4093300,0.0,0.0
2023-05-04 00:00:00-04:00,224.83999633789062,226.05999755859375,223.47999572753906,225.60000610351562,219.6710968017578,5648700,0.0,0.0
2023-05-05 00:00:00-04:00,228.33999633789062,232.33999633789062,227.2899932861328,231.77999877929688,225.68869018554688,6237500,0.0,0.0
2023-05-08 00:00:00-04:00,231.25,233.4499969482422,231.25,232.22999572753906,226.12686157226562,2938400,0.0,0.0
2023-05-09 00:00:00-04:00,231.0800018310547,234.08999633789062,230.82000732421875,233.25999450683594,227.12979125976562,4352100,0.0,0.0
2023-05-10 00:00:00-04:00,234.3000030517578,234.80999755859375,228.89999389648438,231.27000427246094,225.1920928955078,5245000,0.0,0.0
2023-05-11 00:00:00-04:00,230.75,231.52000427246094,228.27000427246094,231.00999450683594,225.37747192382812,3818000,0.45,0.0
2023-05-12 00:00:00-04:00,232.0,232.72999572753906,229.82000732421875,231.3800048828125,225.73843383789062,3432700,0.0,0.0
2023-05-15 00:00:00-04:00,231.19000244140625,232.8300018310547,230.5500030517578,232.80999755859375,227.13360595703125,2843200,0.0,0.0
2023-05-16 00:00:00-04:00,232.55999755859375,233.10000610351562,229.6300048828125,230.47000122070312,224.85061645507812,4289700,0.0,0.0
2023-05-17 00:00:00-04:00,232.72999572753906,233.88999938964844,230.5500030517578,232.64999389648438,226.97747802734375,4990100,0.0,0.0
2023-05-18 00:00:00-04:00,232.39999389648438,234.14999389648438,231.1300048828125,233.60000610351562,227.90431213378906,6621900,0.0,0.0
2023-05-19 00:00:00-04:00,234.0,234.33999633789062,231.94000244140625,233.30999755859375,227.6213836669922,5399400,0.0,0.0
2023-05-22 00:00:00-04:00,233.30999755859375,233.8699951171875,231.17999267578125,231.27999877929688,225.64089965820312,3987800,0.0,0.0
2023-05-23 00:00:00-04:00,229.27000427246094,229.49000549316406,223.66000366210938,224.5800018310547,219.104248046875,8537200,0.0,0.0
2023-05-24 00:00:00-04:00,222.5500030517578,223.10000610351562,220.02999877929688,222.25,216.8310546875,6730800,0.0,0.0
2023-05-25 00:00:00-04:00,222.4499969482422,224.69000244140625,220.49000549316406,223.3800048828125,217.9335174560547,6827600,0.0,0.0
2023-05-26 00:00:00-04:00,223.82000732421875,226.2100067138672,223.33999633789062,225.00999450683594,219.52377319335938,5067300,0.0,0.0
2023-05-30 00:00:00-04:00,225.00999450683594,225.47000122070312,219.75,221.63999938964844,216.23593139648438,6916000,0.0,0.0
2023-05-31 00:00:00-04:00,219.9600067138672,221.52999877929688,216.13999938964844,221.02999877929688,215.64080810546875,20460600,0.0,0.0
2023-06-01 00:00:00-04:00,222.72999572753906,226.7100067138672,222.42999267578125,226.5,220.9774169921875,7003600,0.0,0.0
2023-06-02 00:00:00-04:00,228.80999755859375,230.27000427246094,227.4199981689453,228.7899932861328,223.2115936279297,5897100,0.0,0.0
2023-06-05 00:00:00-04:00,227.91000366210938,228.3300018310547,225.30999755859375,226.77000427246094,221.2408447265625,4858900,0.0,0.0
2023-06-06 00:00:00-04:00,226.69000244140625,229.25,226.16000366210938,228.22000122070312,222.65548706054688,6020100,0.0,0.0
2023-06-07 00:00:00-04:00,227.0,227.5500030517578,221.02000427246094,225.27000427246094,219.77740478515625,8517200,0.0,0.0
2023-06-08 00:00:00-04:00,225.08999633789062,225.13999938964844,222.41000366210938,223.0500030517578,217.61155700683594,6248200,0.0,0.0
2023-06-09 00:00:00-04:00,223.63999938964844,225.17999267578125,222.75999450683594,223.55999755859375,218.10910034179688,6385000,0.0,0.0
2023-06-12 00:00:00-04:00,224.41000366210938,226.4499969482422,223.6300048828125,226.1699981689453,220.65548706054688,8621100,0.0,0.0
2023-06-13 00:00:00-04:00,225.6199951171875,227.14999389648438,222.6300048828125,223.39999389648438,217.95301818847656,6868700,0.0,0.0
2023-06-14 00:00:00-04:00,223.74000549316406,225.47000122070312,222.5800018310547,223.44000244140625,217.99205017089844,9160700,0.0,0.0
2023-06-15 00:00:00-04:00,222.02000427246094,227.11000061035156,221.3699951171875,226.1699981689453,220.65548706054688,12534000,0.0,0.0
2023-06-16 00:00:00-04:00,226.4499969482422,229.8000030517578,226.0800018310547,228.91000366210938,223.3286590576172,13628900,0.0,0.0
2023-06-20 00:00:00-04:00,227.0,229.57000732421875,226.17999267578125,226.47000122070312,220.9481658935547,12312300,0.0,0.0
2023-06-21 00:00:00-04:00,226.1199951171875,228.6300048828125,224.97999572753906,227.25,221.7091522216797,7032100,0.0,0.0
2023-06-22 00:00:00-04:00,226.36000061035156,228.92999267578125,225.5,228.38999938964844,222.8213653564453,6275500,0.0,0.0
2023-06-23 00:00:00-04:00,227.22000122070312,229.97999572753906,226.38999938964844,229.5500030517578,223.9530487060547,5424400,0.0,0.0
2023-06-26 00:00:00-04:00,229.44000244140625,230.10000610351562,226.1999969482422,226.3000030517578,220.78233337402344,5165400,0.0,0.0
2023-06-27 00:00:00-04:00,227.47999572753906,228.61000061035156,226.52000427246094,227.33999633789062,221.7969512939453,4628500,0.0,0.0
2023-06-28 00:00:00-04:00,227.5,228.05999755859375,226.02000427246094,227.9600067138672,222.40185546875,5324500,0.0,0.0
2023-06-29 00:00:00-04:00,228.7899932861328,234.6999969482422,228.60000610351562,234.32000732421875,228.6067657470703,7118900,0.0,0.0
2023-06-30 00:00:00-04:00,236.27000427246094,238.27999877929688,235.9499969482422,237.47999572753906,231.68972778320312,6879400,0.0,0.0
2023-07-03 00:00:00-04:00,237.0,238.39999389648438,235.41000366210938,237.97000122070312,232.16778564453125,3087400,0.0,0.0
2023-07-05 00:00:00-04:00,234.41000366210938,240.0,233.99000549316406,239.4499969482422,233.61166381835938,7601200,0.0,0.0
2023-07-06 00:00:00-04:00,238.27000427246094,239.60000610351562,236.69000244140625,238.8800048828125,233.0555419921875,6441800,0.0,0.0
2023-07-07 00:00:00-04:00,236.72999572753906,238.44000244140625,236.1300048828125,236.4499969482422,230.684814453125,5729500,0.0,0.0
2023-07-10 00:00:00-04:00,237.00999450683594,239.10000610351562,236.5,238.16000366210938,232.35313415527344,4858900,0.0,0.0
2023-07-11 00:00:00-04:00,238.80999755859375,240.6999969482422,238.1199951171875,240.5500030517578,234.68490600585938,3856500,0.0,0.0
2023-07-12 00:00:00-04:00,241.5500030517578,243.9499969482422,241.22999572753906,242.2100067138672,236.3043975830078,6116000,0.0,0.0
2023-07-13 00:00:00-04:00,243.7899932861328,244.27000427246094,243.14999389648438,243.30999755859375,237.37757873535156,5819600,0.0,0.0
2023-07-14 00:00:00-04:00,244.72999572753906,244.74000549316406,241.9600067138672,243.16000366210938,237.23121643066406,4941200,0.0,0.0
2023-07-17 00:00:00-04:00,243.11000061035156,245.3699951171875,243.0,243.99000549316406,238.0409698486328,4328100,0.0,0.0
2023-07-18 00:00:00-04:00,243.10000610351562,243.17999267578125,237.67999267578125,240.77000427246094,234.89950561523438,7674000,0.0,0.0
2023-07-19 00:00:00-04:00,241.25,242.58999633789062,240.1199951171875,241.4199981689453,235.53363037109375,4835500,0.0,0.0
2023-07-20 00:00:00-04:00,241.16000366210938,241.61000061035156,239.07000732421875,239.6199951171875,233.77757263183594,4695000,0.0,0.0
2023-07-21 00:00:00-04:00,239.74000549316406,240.35000610351562,238.72999572753906,239.25,233.41656494140625,5427400,0.0,0.0
2023-07-24 00:00:00-04:00,239.67999267578125,241.27999877929688,238.19000244140625,240.74000549316406,234.8702392578125,6010000,0.0,0.0
2023-07-25 00:00:00-04:00,240.02000427246094,240.8000030517578,238.55999755859375,238.69000244140625,232.87020874023438,4997500,0.0,0.0
2023-07-26 00:00:00-04:00,231.4199981689453,238.85000610351562,227.67999267578125,237.10000610351562,231.31898498535156,7551400,0.0,0.0
2023-07-27 00:00:00-04:00,237.4199981689453,238.66000366210938,232.9600067138672,234.44000244140625,228.72386169433594,8160100,0.0,0.0
2023-07-28 00:00:00-04:00,234.5800018310547,235.8800048828125,233.7100067138672,235.75,230.00189208984375,6794800,0.0,0.0
2023-07-31 00:00:00-04:00,236.0,238.4199981689453,236.0,237.72999572753906,231.93359375,4799600,0.0,0.0
2023-08-01 00:00:00-04:00,237.13999938964844,240.72999572753906,237.0,239.77999877929688,233.9336395263672,4627300,0.0,0.0
2023-08-02 00:00:00-04:00,238.6300048828125,238.7899932861328,236.7899932861328,237.55999755859375,231.7677764892578,4868200,0.0,0.0
2023-08-03 00:00:00-04:00,236.0,239.0500030517578,235.25,238.75999450683594,232.93850708007812,5033800,0.0,0.0
2023-08-04 00:00:00-04:00,238.0,241.91000366210938,237.83999633789062,238.99000549316406,233.1628875732422,5169700,0.0,0.0
2023-08-07 00:00:00-04:00,239.22000122070312,242.17999267578125,239.2100067138672,241.50999450683594,235.6214141845703,5649800,0.0,0.0
2023-08-08 00:00:00-04:00,240.4199981689453,241.36000061035156,237.38999938964844,239.2899932861328,233.45559692382812,5080600,0.0,0.0
2023-08-09 00:00:00-04:00,240.5,241.97000122070312,239.49000549316406,239.75999450683594,233.91412353515625,4055000,0.0,0.0
2023-08-10 00:00:00-04:00,240.6199951171875,243.9499969482422,240.08999633789062,240.16000366210938,234.7449493408203,4778000,0.45,0.0
2023-08-11 00:00:00-04:00,240.0,240.72000122070312,238.4199981689453,240.0399932861328,234.62767028808594,3607100,0.0,0.0
2023-08-14 00:00:00-04:00,240.72000122070312,243.3300018310547,240.25999450683594,242.89999389648438,237.42318725585938,4351100,0.0,0.0
2023-08-15 00:00:00-04:00,242.00999450683594,242.6699981689453,239.35000610351562,239.8300018310547,234.4224090576172,3770100,0.0,0.0
2023-08-16 00:00:00-04:00,236.52999877929688,241.07000732421875,236.02000427246094,239.2899932861328,233.8945770263672,3218600,0.0,0.0
2023-08-17 00:00:00-04:00,240.0,240.3800048828125,236.49000549316406,237.3699951171875,232.01785278320312,4177600,0.0,0.0
2023-08-18 00:00:00-04:00,235.5800018310547,239.0500030517578,235.3000030517578,238.1699981689453,232.7998504638672,4344800,0.0,0.0
2023-08-21 00:00:00-04:00,239.3800048828125,240.52999877929688,237.75999450683594,239.4600067138672,234.0607452392578,3573600,0.0,0.0
2023-08-22 00:00:00-04:00,240.0,241.42999267578125,238.6699981689453,240.57000732421875,235.14573669433594,3848400,0.0,0.0
2023-08-23 00:00:00-04:00,241.32000732421875,242.5399932861328,240.72000122070312,242.3000030517578,236.8367156982422,4947700,0.0,0.0
2023-08-24 00:00:00-04:00,242.25,243.55999755859375,239.36000061035156,239.47000122070312,234.0705108642578,4570700,0.0,0.0
2023-08-25 00:00:00-04:00,241.3800048828125,243.41000366210938,240.2100067138672,242.57000732421875,237.10060119628906,3541500,0.0,0.0
2023-08-28 00:00:00-04:00,243.00999450683594,245.22999572753906,242.60000610351562,243.8300018310547,238.3321990966797,3741500,0.0,0.0
2023-08-29 00:00:00-04:00,243.5,245.8300018310547,243.39999389648438,245.33999633789062,239.80813598632812,3975600,0.0,0.0
2023-08-30 00:00:00-04:00,246.4199981689453,248.22999572753906,246.0500030517578,246.22999572753906,240.67808532714844,4573300,0.0,0.0
2023-08-31 00:00:00-04:00,245.58999633789062,248.02000427246094,245.4499969482422,245.67999267578125,240.1405029296875,5532600,0.0,0.0
2023-09-01 00:00:00-04:00,247.47000122070312,248.8699951171875,246.77000427246094,248.11000061035156,242.5156707763672,4112900,0.0,0.0
2023-09-05 00:00:00-04:00,248.35000610351562,248.69000244140625,245.1999969482422,245.33999633789062,239.80813598632812,4459600,0.0,0.0
2023-09-06 00:00:00-04:00,245.4199981689453,246.66000366210938,244.2100067138672,246.16000366210938,240.60968017578125,4520300,0.0,0.0
2023-09-07 00:00:00-04:00,245.5,247.39999389648438,245.11000061035156,247.13999938964844,241.56756591796875,4007900,0.0,0.0
2023-09-08 00:00:00-04:00,247.7899932861328,248.13999938964844,246.44000244140625,247.2899932861328,241.7141876220703,3309100,0.0,0.0
2023-09-11 00:00:00-04:00,247.3300018310547,248.36000061035156,246.27000427246094,247.22000122070312,241.64578247070312,2995800,0.0,0.0
2023-09-12 00:00:00-04:00,246.94000244140625,247.75999450683594,246.00999450683594,247.3000030517578,241.72396850585938,3499600,0.0,0.0
2023-09-13 00:00:00-04:00,247.14999389648438,250.05999755859375,246.61000061035156,247.8300018310547,242.2420196533203,5657000,0.0,0.0
2023-09-14 00:00:00-04:00,245.0,245.5399932861328,238.75,241.5,236.05474853515625,12000000,0.0,0.0
2023-09-15 00:00:00-04:00,241.89999389648438,244.10000610351562,240.02999877929688,241.07000732421875,235.63446044921875,13077900,0.0,0.0
2023-09-18 00:00:00-04:00,240.94000244140625,245.22999572753906,240.77000427246094,244.66000366210938,239.14349365234375,4771600,0.0,0.0
2023-09-19 00:00:00-04:00,245.0,245.1199951171875,241.4600067138672,243.55999755859375,238.0683135986328,4709000,0.0,0.0
2023-09-20 00:00:00-04:00,243.6300048828125,244.52999877929688,241.6699981689453,241.86000061035156,236.40663146972656,5756600,0.0,0.0
2023-09-21 00:00:00-04:00,240.77000427246094,240.77999877929688,236.27000427246094,236.61000061035156,231.27500915527344,6881500,0.0,0.0
2023-09-22 00:00:00-04:00,236.75,237.7899932861328,234.8800048828125,235.0800018310547,229.7794952392578,5935500,0.0,0.0
2023-09-25 00:00:00-04:00,235.3800048828125,235.47000122070312,232.2100067138672,233.36000061035156,228.09829711914062,5921600,0.0,0.0
2023-09-26 00:00:00-04:00,231.92999267578125,232.6699981689453,229.60000610351562,229.64999389648438,224.47190856933594,6193200,0.0,0.0
2023-09-27 00:00:00-04:00,230.25999450683594,230.67999267578125,227.9199981689453,229.5,224.3253173828125,6006700,0.0,0.0
2023-09-28 00:00:00-04:00,230.6699981689453,232.5399932861328,229.6699981689453,231.66000366210938,226.43663024902344,4203900,0.0,0.0
2023-09-29 00:00:00-04:00,232.83999633789062,233.02999877929688,229.64999389648438,230.00999450683594,224.82382202148438,6045200,0.0,0.0
2023-10-02 00:00:00-04:00,229.24000549316406,231.3699951171875,228.77000427246094,231.27000427246094,226.05538940429688,5175200,0.0,0.0
2023-10-03 00:00:00-04:00,230.47000122070312,231.75,227.77999877929688,228.80999755859375,223.65089416503906,5585700,0.0,0.0
2023-10-04 00:00:00-04:00,229.47999572753906,231.6999969482422,228.8800048828125,231.22000122070312,226.0065155029297,5430900,0.0,0.0
2023-10-05 00:00:00-04:00,230.41000366210938,234.19000244140625,230.22000122070312,233.47999572753906,228.21559143066406,6126200,0.0,0.0
2023-10-06 00:00:00-04:00,233.1699981689453,236.58999633789062,232.75,235.0399932861328,229.7404022216797,6401300,0.0,0.0
2023-10-09 00:00:00-04:00,232.8000030517578,235.1699981689453,231.6999969482422,234.44000244140625,229.1539306640625,5372200,0.0,0.0
2023-10-10 00:00:00-04:00,234.89999389648438,238.22000122070312,234.27999877929688,236.60000610351562,231.2652587890625,4644000,0.0,0.0
2023-10-11 00:00:00-04:00,237.5500030517578,238.50999450683594,234.88999938964844,235.67999267578125,230.36599731445312,4760900,0.0,0.0
2023-10-12 00:00:00-04:00,236.7100067138672,237.72999572753906,234.88999938964844,236.77999877929688,231.441162109375,4472800,0.0,0.0
2023-10-13 00:00:00-04:00,236.38999938964844,238.64999389648438,236.22999572753906,237.6699981689453,232.3111114501953,4966800,0.0,0.0
2023-10-16 00:00:00-04:00,239.0,240.7100067138672,238.3300018310547,240.07000732421875,234.656982421875,6227300,0.0,0.0
2023-10-17 00:00:00-04:00,239.6300048828125,241.47999572753906,238.2899932861328,241.1999969482422,235.76150512695312,4527600,0.0,0.0
2023-10-18 00:00:00-04:00,239.9600067138672,240.8300018310547,236.99000549316406,237.47000122070312,232.1156005859375,9528300,0.0,0.0
2023-10-19 00:00:00-04:00,237.47000122070312,237.9199981689453,233.41000366210938,233.80999755859375,228.5381317138672,5927400,0.0,0.0
2023-10-20 00:00:00-04:00,234.1300048828125,235.77000427246094,232.63999938964844,233.3800048828125,228.1178436279297,5748300,0.0,0.0
2023-10-23 00:00:00-04:00,231.36000061035156,234.4600067138672,231.27999877929688,231.52999877929688,226.30955505371094,5071700,0.0,0.0
2023-10-24 00:00:00-04:00,232.88999938964844,236.52999877929688,232.88999938964844,234.64999389648438,229.35919189453125,6844100,0.0,0.0
2023-10-25 00:00:00-04:00,232.25,238.47999572753906,231.2899932861328,236.85000610351562,231.5095977783203,10365300,0.0,0.0
2023-10-26 00:00:00-04:00,234.57000732421875,235.61000061035156,230.36000061035156,231.27999877929688,226.065185546875,6414500,0.0,0.0
2023-10-27 00:00:00-04:00,231.1699981689453,231.38999938964844,228.02999877929688,229.27000427246094,224.1005096435547,5540900,0.0,0.0
2023-10-30 00:00:00-04:00,232.19000244140625,233.3800048828125,230.02999877929688,233.0800018310547,227.82461547851562,5170300,0.0,0.0
2023-10-31 00:00:00-04:00,233.57000732421875,235.72000122070312,232.99000549316406,235.10000610351562,229.79905700683594,4828400,0.0,0.0
2023-11-01 00:00:00-04:00,236.13999938964844,239.0399932861328,235.67999267578125,238.5800018310547,233.20057678222656,4996200,0.0,0.0
2023-11-02 00:00:00-04:00,239.91000366210938,243.25,239.1999969482422,243.25,237.76528930664062,6286700,0.0,0.0
2023-11-03 00:00:00-04:00,245.1199951171875,245.32000732421875,242.25999450683594,243.60000610351562,238.10740661621094,5029800,0.0,0.0
2023-11-06 00:00:00-05:00,244.0,244.77999877929688,242.61000061035156,243.49000549316406,237.99984741210938,5254100,0.0,0.0
2023-11-07 00:00:00-05:00,243.41000366210938,245.07000732421875,243.3800048828125,244.77000427246094,239.2510223388672,4219700,0.0,0.0
2023-11-08 00:00:00-05:00,243.49000549316406,244.75,242.8000030517578,243.91000366210938,238.91796875,5117500,0.52,0.0
2023-11-09 00:00:00-05:00,244.3300018310547,244.47999572753906,240.97000122070312,241.63999938964844,236.69444274902344,4866600,0.0,0.0
2023-11-10 00:00:00-05:00,243.97999572753906,245.27000427246094,241.97000122070312,245.25,240.2305145263672,4094400,0.0,0.0
2023-11-13 00:00:00-05:00,245.0,245.67999267578125,244.11000061035156,244.6699981689453,239.6624298095703,4088500,0.0,0.0
2023-11-14 00:00:00-05:00,246.1699981689453,247.92999267578125,245.5800018310547,246.94000244140625,241.8859405517578,14092000,0.0,0.0
2023-11-15 00:00:00-05:00,246.80999755859375,248.24000549316406,245.33999633789062,248.11000061035156,243.03199768066406,13258900,0.0,0.0
2023-11-16 00:00:00-05:00,248.58999633789062,249.4499969482422,247.27000427246094,248.57000732421875,243.48260498046875,7051600,0.0,0.0
2023-11-17 00:00:00-05:00,249.4499969482422,250.24000549316406,248.66000366210938,249.55999755859375,244.4523468017578,7238200,0.0,0.0
2023-11-20 00:00:00-05:00,249.61000061035156,250.92999267578125,245.60000610351562,249.97000122070312,244.85394287109375,8604200,0.0,0.0
2023-11-21 00:00:00-05:00,250.02999877929688,253.33999633789062,250.02999877929688,252.22999572753906,247.06768798828125,7213700,0.0,0.0
2023-11-22 00:00:00-05:00,253.0,254.5399932861328,252.66000366210938,253.72000122070312,248.52719116210938,5701400,0.0,0.0
2023-11-24 00:00:00-05:00,254.19000244140625,254.6999969482422,253.5,254.3000030517578,249.09530639648438,1640900,0.0,0.0
2023-11-27 00:00:00-05:00,254.3000030517578,254.97999572753906,252.52000427246094,254.13999938964844,248.93856811523438,5478900,0.0,0.0
2023-11-28 00:00:00-05:00,253.85000610351562,254.14999389648438,251.61000061035156,252.94000244140625,247.76315307617188,5234900,0.0,0.0
2023-11-29 00:00:00-05:00,253.9199981689453,256.07000732421875,253.52000427246094,254.22999572753906,249.02674865722656,4955100,0.0,0.0
2023-11-30 00:00:00-05:00,254.25,256.7699890136719,253.1699981689453,256.67999267578125,251.42662048339844,6874700,0.0,0.0
2023-12-01 00:00:00-05:00,255.7899932861328,256.9100036621094,253.89999389648438,256.45001220703125,251.20130920410156,3939400,0.0,0.0
2023-12-04 00:00:00-05:00,255.91000366210938,257.3900146484375,254.35000610351562,254.44000244140625,249.23243713378906,5247500,0.0,0.0
2023-12-05 00:00:00-05:00,254.19000244140625,254.82000732421875,252.13999938964844,254.61000061035156,249.39898681640625,4199100,0.0,0.0
2023-12-06 00:00:00-05:00,255.8000030517578,256.8299865722656,253.52999877929688,254.2899932861328,249.0855255126953,3874000,0.0,0.0
2023-12-07 00:00:00-05:00,254.88999938964844,256.1400146484375,253.5,255.82000732421875,250.584228515625,3589300,0.0,0.0
2023-12-08 00:00:00-05:00,255.0,256.0400085449219,253.8699951171875,255.74000549316406,250.50588989257812,3732300,0.0,0.0
2023-12-11 00:00:00-05:00,255.0,257.6300048828125,255.0,256.5199890136719,251.26986694335938,6479300,0.0,0.0
2023-12-12 00:00:00-05:00,257.29998779296875,259.7200012207031,256.3999938964844,259.55999755859375,254.24769592285156,5946600,0.0,0.0
2023-12-13 00:00:00-05:00,259.1499938964844,262.4800109863281,258.69000244140625,262.3800048828125,257.0099182128906,4859900,0.0,0.0
2023-12-14 00:00:00-05:00,263.19000244140625,263.25,256.3999938964844,258.7300109863281,253.43466186523438,8168700,0.0,0.0
2023-12-15 00:00:00-05:00,254.50999450683594,258.3699951171875,254.4499969482422,258.0299987792969,252.7489776611328,13374000,0.0,0.0
2023-12-18 00:00:00-05:00,258.70001220703125,259.5899963378906,257.95001220703125,258.3699951171875,253.08201599121094,6041100,0.0,0.0
2023-12-19 00:00:00-05:00,258.6099853515625,260.3399963378906,257.20001220703125,259.989990234375,254.6688690185547,8731200,0.0,0.0
2023-12-20 00:00:00-05:00,260.5,260.82000732421875,257.0799865722656,257.1099853515625,251.84783935546875,7240900,0.0,0.0
2023-12-21 00:00:00-05:00,257.510009765625,259.989990234375,257.0400085449219,259.5400085449219,254.2281494140625,6246700,0.0,0.0
2023-12-22 00:00:00-05:00,260.0,261.2099914550781,258.2200012207031,258.42999267578125,253.1407470703125,5111500,0.0,0.0
2023-12-26 00:00:00-05:00,258.5299987792969,259.739990234375,258.5299987792969,259.1600036621094,253.85580444335938,2085100,0.0,0.0
2023-12-27 00:00:00-05:00,259.25,259.7699890136719,258.30999755859375,258.92999267578125,253.6305389404297,4034700,0.0,0.0
2023-12-28 00:00:00-05:00,258.5400085449219,260.9700012207031,258.5400085449219,260.3999938964844,255.0705108642578,3020500,0.0,0.0
2023-12-29 00:00:00-05:00,260.57000732421875,261.4599914550781,259.6700134277344,260.3500061035156,255.02151489257812,4074900,0.0,0.0
2024-01-02 00:00:00-05:00,259.6099853515625,260.0899963378906,257.6700134277344,258.8699951171875,253.57176208496094,5471000,0.0,0.0
2024-01-03 00:00:00-05:00,258.54998779296875,258.8599853515625,256.8599853515625,257.9800109863281,252.7000274658203,4148300,0.0,0.0
2024-01-04 00:00:00-05:00,258.07000732421875,261.0400085449219,258.0,259.6099853515625,254.29661560058594,3843000,0.0,0.0
2024-01-05 00:00:00-05:00,260.7799987792969,261.4599914550781,258.75,259.69000244140625,254.375,3748400,0.0,0.0
2024-01-08 00:00:00-05:00,260.94000244140625,262.6199951171875,259.95001220703125,262.5400085449219,257.16668701171875,4659000,0.0,0.0
2024-01-09 00:00:00-05:00,262.0,263.6199951171875,261.1400146484375,263.3299865722656,257.94049072265625,7055800,0.0,0.0
2024-01-10 00:00:00-05:00,264.9700012207031,265.3699951171875,262.8599853515625,264.55999755859375,259.1452941894531,4355800,0.0,0.0
2024-01-11 00:00:00-05:00,265.4599914550781,266.19000244140625,262.3999938964844,264.0299987792969,258.6261291503906,5599000,0.0,0.0
2024-01-12 00:00:00-05:00,265.1300048828125,265.54998779296875,263.7099914550781,264.1700134277344,258.76336669921875,4656100,0.0,0.0
2024-01-16 00:00:00-05:00,263.5199890136719,265.6600036621094,262.3500061035156,265.239990234375,259.8114013671875,6196400,0.0,0.0
2024-01-17 00:00:00-05:00,264.4200134277344,267.1000061035156,264.3900146484375,266.6300048828125,261.1730041503906,5118700,0.0,0.0
2024-01-18 00:00:00-05:00,267.8800048828125,268.7799987792969,266.4200134277344,268.1400146484375,262.65203857421875,6694300,0.0,0.0
2024-01-19 00:00:00-05:00,268.17999267578125,271.1499938964844,267.04998779296875,270.8999938964844,265.3555603027344,7226500,0.0,0.0
2024-01-22 00:00:00-05:00,272.239990234375,272.3500061035156,270.3599853515625,271.20001220703125,265.6494445800781,5984300,0.0,0.0
2024-01-23 00:00:00-05:00,271.54998779296875,271.8699951171875,269.9100036621094,271.260009765625,265.7082214355469,5883000,0.0,0.0
2024-01-24 00:00:00-05:00,272.57000732421875,272.8599853515625,271.0799865722656,271.6499938964844,266.0902404785156,5021700,0.0,0.0
2024-01-25 00:00:00-05:00,271.95001220703125,272.7799987792969,270.79998779296875,272.6099853515625,267.0306091308594,6894900,0.0,0.0
2024-01-26 00:00:00-05:00,265.94000244140625,270.8699951171875,265.6000061035156,267.94000244140625,262.4561767578125,8586500,0.0,0.0
2024-01-29 00:00:00-05:00,266.9700012207031,275.07000732421875,266.7099914550781,273.6600036621094,268.0591125488281,6574500,0.0,0.0
2024-01-30 00:00:00-05:00,274.5899963378906,278.6400146484375,274.19000244140625,277.1499938964844,271.4776916503906,6549000,0.0,0.0
2024-01-31 00:00:00-05:00,277.1199951171875,279.989990234375,273.17999267578125,273.260009765625,267.6672668457031,6139300,0.0,0.0
2024-02-01 00:00:00-05:00,273.3900146484375,277.19000244140625,273.3599853515625,277.04998779296875,271.37969970703125,7065000,0.0,0.0
2024-02-02 00:00:00-05:00,277.6099853515625,278.5,275.67999267578125,277.17999267578125,271.5070495605469,4848700,0.0,0.0
2024-02-05 00:00:00-05:00,277.3999938964844,278.0,275.1300048828125,275.5799865722656,269.93975830078125,4899100,0.0,0.0
2024-02-06 00:00:00-05:00,274.79998779296875,276.8800048828125,274.0299987792969,276.760009765625,271.0956726074219,4400000,0.0,0.0
2024-02-07 00:00:00-05:00,279.3800048828125,279.5400085449219,277.05999755859375,279.3900146484375,273.6718444824219,4785900,0.0,0.0
2024-02-08 00:00:00-05:00,279.5400085449219,279.6600036621094,275.2799987792969,275.7799987792969,270.6394348144531,5833400,0.52,0.0
2024-02-09 00:00:00-05:00,275.0,277.17999267578125,274.0899963378906,276.42999267578125,271.2773132324219,4618300,0.0,0.0
2024-02-12 00:00:00-05:00,276.42999267578125,276.6700134277344,274.239990234375,275.07000732421875,269.94268798828125,3676200,0.0,0.0
2024-02-13 00:00:00-05:00,273.75,278.0,272.760009765625,275.80999755859375,270.6688537597656,5493800,0.0,0.0
2024-02-14 00:00:00-05:00,276.4700012207031,277.6400146484375,274.7099914550781,277.55999755859375,272.3862609863281,4218400,0.0,0.0
2024-02-15 00:00:00-05:00,277.6499938964844,281.1199951171875,277.55999755859375,280.9800109863281,275.74249267578125,4834800,0.0,0.0
2024-02-16 00:00:00-05:00,280.9599914550781,281.1199951171875,277.8699951171875,278.55999755859375,273.3675842285156,6630700,0.0,0.0
2024-02-20 00:00:00-05:00,274.57000732421875,276.8399963378906,273.3399963378906,275.1499938964844,270.02117919921875,6157200,0.0,0.0
2024-02-21 00:00:00-05:00,274.6300048828125,276.9700012207031,273.5299987792969,276.760009765625,271.6011657714844,4770100,0.0,0.0
2024-02-22 00:00:00-05:00,279.17999267578125,284.05999755859375,278.9800109863281,283.75,278.4608459472656,5100200,0.0,0.0
2024-02-23 00:00:00-05:00,284.7200012207031,285.95001220703125,283.5,283.6000061035156,278.3136291503906,5107700,0.0,0.0
2024-02-26 00:00:00-05:00,283.0400085449219,285.3500061035156,282.6600036621094,284.1499938964844,278.8533935546875,3856900,0.0,0.0
2024-02-27 00:00:00-05:00,284.1700134277344,284.1700134277344,281.5400085449219,283.1700134277344,277.8916931152344,4145200,0.0,0.0
2024-02-28 00:00:00-05:00,282.1000061035156,286.1300048828125,282.0799865722656,285.6300048828125,280.3058166503906,4358800,0.0,0.0
2024-02-29 00:00:00-05:00,285.5,285.6600036621094,282.17999267578125,282.6400146484375,277.37152099609375,6633700,0.0,0.0
2024-03-01 00:00:00-05:00,283.20001220703125,284.9100036621094,282.1099853515625,283.1600036621094,277.8818664550781,3955700,0.0,0.0
2024-03-04 00:00:00-05:00,282.80999755859375,283.0,278.1300048828125,280.5299987792969,275.3009033203125,5920300,0.0,0.0
2024-03-05 00:00:00-05:00,280.2699890136719,280.989990234375,277.67999267578125,279.3800048828125,274.17230224609375,6227900,0.0,0.0
2024-03-06 00:00:00-05:00,280.0,282.0,279.30999755859375,280.42999267578125,275.20269775390625,4535200,0.0,0.0
2024-03-07 00:00:00-05:00,280.8800048828125,281.1700134277344,276.1600036621094,278.260009765625,273.0731506347656,5668500,0.0,0.0
2024-03-08 00:00:00-05:00,279.0,281.6700134277344,278.8299865722656,280.0400085449219,274.8200378417969,3928800,0.0,0.0
2024-03-11 00:00:00-04:00,279.45001220703125,280.7699890136719,277.989990234375,280.55999755859375,275.3302917480469,4614000,0.0,0.0
2024-03-12 00:00:00-04:00,281.30999755859375,284.4800109863281,280.2900085449219,283.9200134277344,278.627685546875,7988700,0.0,0.0
2024-03-13 00:00:00-04:00,284.6600036621094,286.1000061035156,283.82000732421875,285.1400146484375,279.824951171875,5783800,0.0,0.0
2024-03-14 00:00:00-04:00,288.9599914550781,289.0400085449219,284.54998779296875,286.4100036621094,281.07122802734375,5484500,0.0,0.0
2024-03-15 00:00:00-04:00,283.54998779296875,285.6300048828125,282.6400146484375,283.0400085449219,277.76409912109375,9845000,0.0,0.0
2024-03-18 00:00:00-04:00,283.8699951171875,286.2300109863281,283.25,285.04998779296875,279.73663330078125,4095600,0.0,0.0
2024-03-19 00:00:00-04:00,286.6600036621094,288.05999755859375,285.25,287.3500061035156,281.9938049316406,6595200,0.0,0.0
2024-03-20 00:00:00-04:00,287.6400146484375,289.8699951171875,286.7200012207031,289.2799987792969,283.8877868652344,6105000,0.0,0.0
2024-03-21 00:00:00-04:00,289.9700012207031,290.9599914550781,287.8999938964844,290.3699951171875,284.95745849609375,5057600,0.0,0.0
2024-03-22 00:00:00-04:00,290.0,290.489990234375,282.8900146484375,283.260009765625,277.9800109863281,8744100,0.0,0.0
2024-03-25 00:00:00-04:00,283.010009765625,283.5,280.0400085449219,281.2099914550781,275.9681701660156,8519200,0.0,0.0
2024-03-26 00:00:00-04:00,284.1300048828125,284.1300048828125,278.4100036621094,280.6000061035156,275.3695983886719,8752400,0.0,0.0
2024-03-27 00:00:00-04:00,280.25,281.25,276.9800109863281,279.0199890136719,273.8190612792969,5190700,0.0,0.0
2024-03-28 00:00:00-04:00,278.489990234375,279.79998779296875,277.1199951171875,279.0799865722656,273.87786865234375,5844400,0.0,0.0
2024-04-01 00:00:00-04:00,280.3599853515625,280.8900146484375,276.7900085449219,278.2799987792969,273.0927734375,5084000,0.0,0.0
2024-04-02 00:00:00-04:00,278.0,279.3299865722656,276.9800109863281,278.44000244140625,273.2498474121094,6912300,0.0,0.0
2024-04-03 00:00:00-04:00,280.4800109863281,280.4800109863281,276.55999755859375,276.9599914550781,271.79742431640625,4536600,0.0,0.0
2024-04-04 00:00:00-04:00,278.3599853515625,279.0799865722656,273.55999755859375,274.0,268.8926086425781,4018600,0.0,0.0
2024-04-05 00:00:00-04:00,276.1000061035156,277.9599914550781,275.0299987792969,277.1400146484375,271.9740295410156,4392100,0.0,0.0
2024-04-08 00:00:00-04:00,276.25,277.9800109863281,275.1499938964844,277.760009765625,272.58251953125,5542400,0.0,0.0
2024-04-09 00:00:00-04:00,277.6300048828125,278.0,273.32000732421875,276.7200012207031,271.5618896484375,7313900,0.0,0.0
2024-04-10 00:00:00-04:00,275.4200134277344,276.82000732421875,274.1199951171875,274.4800109863281,269.3636169433594,5276000,0.0,0.0
2024-04-11 00:00:00-04:00,274.0,276.4800109863281,272.17999267578125,275.67999267578125,270.541259765625,8102300,0.0,0.0
2024-04-12 00:00:00-04:00,275.54998779296875,277.0,274.05999755859375,275.9599914550781,270.8160400390625,9038400,0.0,0.0
2024-04-15 00:00:00-04:00,277.8900146484375,277.9100036621094,270.3399963378906,271.2799987792969,266.22332763671875,10267500,0.0,0.0
2024-04-16 00:00:00-04:00,270.5400085449219,274.1300048828125,270.1700134277344,271.3500061035156,266.2919616699219,8237100,0.0,0.0
2024-04-17 00:00:00-04:00,273.29998779296875,274.0,271.5,272.69000244140625,267.60699462890625,5940900,0.0,0.0
2024-04-18 00:00:00-04:00,272.57000732421875,273.1499938964844,269.8599853515625,271.3699951171875,266.3116149902344,8231800,0.0,0.0
2024-04-19 00:00:00-04:00,271.4700012207031,272.0,268.2900085449219,269.7799987792969,264.7512512207031,7905400,0.0,0.0
2024-04-22 00:00:00-04:00,270.95001220703125,273.760009765625,269.3599853515625,272.3299865722656,267.25372314453125,6463700,0.0,0.0
2024-04-23 00:00:00-04:00,274.010009765625,274.8900146484375,272.7099914550781,274.1099853515625,269.0005798339844,6438000,0.0,0.0
2024-04-24 00:00:00-04:00,282.57000732421875,283.0,274.489990234375,275.0199890136719,269.8935546875,8807200,0.0,0.0
2024-04-25 00:00:00-04:00,272.9700012207031,276.2200012207031,270.489990234375,275.1600036621094,270.03094482421875,8064600,0.0,0.0
2024-04-26 00:00:00-04:00,275.010009765625,276.7699890136719,273.8299865722656,274.5199890136719,269.4028625488281,6840600,0.0,0.0
2024-04-29 00:00:00-04:00,272.32000732421875,274.4700012207031,271.0899963378906,271.8399963378906,266.7728271484375,4128600,0.0,0.0
2024-04-30 00:00:00-04:00,270.5299987792969,272.0799865722656,268.5799865722656,268.6099853515625,263.60308837890625,6376400,0.0,0.0
2024-05-01 00:00:00-04:00,268.1499938964844,270.9100036621094,266.7099914550781,267.32000732421875,262.3371276855469,6119900,0.0,0.0
2024-05-02 00:00:00-04:00,269.3500061035156,269.4700012207031,266.6499938964844,267.6099853515625,262.6217041015625,5061700,0.0,0.0
2024-05-03 00:00:00-04:00,269.0,269.45001220703125,266.5,268.489990234375,263.48529052734375,3862000,0.0,0.0
2024-05-06 00:00:00-04:00,269.6499938964844,272.7799987792969,269.57000732421875,272.6700134277344,267.5874328613281,3958700,0.0,0.0
2024-05-07 00:00:00-04:00,273.7200012207031,277.8800048828125,272.8299865722656,276.4599914550781,271.30670166015625,6377100,0.0,0.0
2024-05-08 00:00:00-04:00,277.79998779296875,278.54998779296875,274.9200134277344,277.19000244140625,272.0231018066406,9029700,0.0,0.0
2024-05-09 00:00:00-04:00,276.79998779296875,278.7900085449219,276.3999938964844,278.5400085449219,273.34796142578125,8948800,0.0,0.0
2024-05-10 00:00:00-04:00,279.54998779296875,281.0299987792969,279.239990234375,280.739990234375,275.5069274902344,8986400,0.0,0.0
2024-05-13 00:00:00-04:00,281.4599914550781,282.1499938964844,279.1000061035156,279.3900146484375,274.1821594238281,10528400,0.0,0.0
2024-05-14 00:00:00-04:00,279.44000244140625,279.989990234375,274.2699890136719,277.739990234375,272.5628662109375,18526100,0.0,0.0
2024-05-15 00:00:00-04:00,277.1499938964844,281.7300109863281,277.07000732421875,281.5,276.2527770996094,21288400,0.0,0.0
2024-05-16 00:00:00-04:00,281.739990234375,282.3800048828125,279.260009765625,279.8399963378906,275.1319580078125,10341500,0.52,0.0
2024-05-17 00:00:00-04:00,280.04998779296875,280.9100036621094,278.1000061035156,280.1000061035156,275.3876037597656,6177800,0.0,0.0
2024-05-20 00:00:00-04:00,279.2200012207031,280.2699890136719,278.17999267578125,278.5400085449219,273.8538818359375,5460900,0.0,0.0
2024-05-21 00:00:00-04:00,278.0,278.42999267578125,274.8800048828125,275.95001220703125,271.30743408203125,6578200,0.0,0.0
2024-05-22 00:00:00-04:00,275.5299987792969,278.0799865722656,275.1199951171875,275.5799865722656,270.9436340332031,4202500,0.0,0.0
2024-05-23 00:00:00-04:00,275.239990234375,277.44000244140625,273.0299987792969,274.2300109863281,269.6163330078125,6115900,0.0,0.0
2024-05-24 00:00:00-04:00,275.010009765625,275.239990234375,273.3500061035156,274.489990234375,269.87200927734375,4339700,0.0,0.0
2024-05-28 00:00:00-04:00,274.2300109863281,274.4599914550781,270.2300109863281,270.9800109863281,266.4210205078125,6212100,0.0,0.0
2024-05-29 00:00:00-04:00,269.0,271.1400146484375,268.260009765625,268.8599853515625,264.3367614746094,5469700,0.0,0.0
2024-05-30 00:00:00-04:00,268.70001220703125,271.6400146484375,268.30999755859375,271.29998779296875,266.7356262207031,4901900,0.0,0.0
2024-05-31 00:00:00-04:00,271.44000244140625,272.760009765625,269.010009765625,272.4599914550781,267.8761291503906,8910000,0.0,0.0
2024-06-03 00:00:00-04:00,273.0899963378906,273.1300048828125,268.05999755859375,270.3800048828125,265.83111572265625,4838800,0.0,0.0
2024-06-04 00:00:00-04:00,269.6300048828125,272.989990234375,269.30999755859375,272.4200134277344,267.8368225097656,4188500,0.0,0.0
2024-06-05 00:00:00-04:00,273.5299987792969,274.92999267578125,272.0199890136719,274.5,269.8818054199219,5368700,0.0,0.0
2024-06-06 00:00:00-04:00,274.79998779296875,277.1499938964844,274.0799865722656,277.0400085449219,272.3791198730469,4862400,0.0,0.0
2024-06-07 00:00:00-04:00,277.7099914550781,280.3299865722656,276.8599853515625,278.6700134277344,273.9817199707031,4515600,0.0,0.0
2024-06-10 00:00:00-04:00,278.1400146484375,278.55999755859375,273.3800048828125,275.0400085449219,270.4127197265625,5213800,0.0,0.0
2024-06-11 00:00:00-04:00,274.5400085449219,274.8599853515625,272.2200012207031,274.6700134277344,270.0489807128906,6244600,0.0,0.0
2024-06-12 00:00:00-04:00,276.7699890136719,277.6000061035156,269.8999938964844,270.32000732421875,265.7721862792969,7536600,0.0,0.0
2024-06-13 00:00:00-04:00,270.32000732421875,271.8599853515625,269.32000732421875,271.19000244140625,266.6275329589844,7361200,0.0,0.0
2024-06-14 00:00:00-04:00,270.1000061035156,271.54998779296875,269.2699890136719,270.6600036621094,266.1064147949219,8537300,0.0,0.0
2024-06-17 00:00:00-04:00,269.0,271.8299865722656,269.0,271.1700134277344,266.60784912109375,9258200,0.0,0.0
2024-06-18 00:00:00-04:00,271.29998779296875,273.8999938964844,271.29998779296875,273.6199951171875,269.0166320800781,6707500,0.0,0.0
2024-06-20 00:00:00-04:00,273.19000244140625,278.0400085449219,273.1000061035156,276.82000732421875,272.1628112792969,10164400,0.0,0.0
2024-06-21 00:00:00-04:00,277.1700134277344,277.5400085449219,274.5799865722656,275.2200012207031,270.5896911621094,14594700,0.0,0.0
2024-06-24 00:00:00-04:00,275.32000732421875,280.3900146484375,275.2699890136719,276.29998779296875,271.65155029296875,24149600,0.0,0.0
2024-06-25 00:00:00-04:00,276.8500061035156,277.92999267578125,273.5299987792969,273.5299987792969,268.92816162109375,18325800,0.0,0.0
2024-06-26 00:00:00-04:00,272.9100036621094,274.4599914550781,271.75,273.6000061035156,268.99700927734375,12172000,0.0,0.0
2024-06-27 00:00:00-04:00,268.510009765625,270.5899963378906,266.5,266.5899963378906,262.10491943359375,10529100,0.0,0.0
2024-06-28 00:00:00-04:00,267.20001220703125,268.6000061035156,261.25,262.4700012207031,258.0542297363281,13957300,0.0,0.0
2024-07-01 00:00:00-04:00,263.7900085449219,265.7699890136719,261.29998779296875,263.239990234375,258.8112487792969,7955800,0.0,0.0
2024-07-02 00:00:00-04:00,263.239990234375,268.2300109863281,262.3999938964844,268.2300109863281,263.71728515625,8697800,0.0,0.0
2024-07-03 00:00:00-04:00,269.07000732421875,269.75,268.1499938964844,268.989990234375,264.4644775390625,5017800,0.0,0.0
2024-07-05 00:00:00-04:00,269.0,270.54998779296875,268.239990234375,270.3599853515625,265.8114013671875,7986400,0.0,0.0
2024-07-08 00:00:00-04:00,270.25,271.44000244140625,265.9700012207031,266.3999938964844,261.9180908203125,8561100,0.0,0.0
2024-07-09 00:00:00-04:00,267.0,267.54998779296875,263.9200134277344,265.44000244140625,260.9742736816406,6431300,0.0,0.0
2024-07-10 00:00:00-04:00,259.1199951171875,263.4800109863281,258.510009765625,263.0,258.5753173828125,9635500,0.0,0.0
2024-07-11 00:00:00-04:00,262.1300048828125,263.6300048828125,260.760009765625,262.54998779296875,258.13287353515625,8803600,0.0,0.0
2024-07-12 00:00:00-04:00,264.3399963378906,267.3999938964844,263.6600036621094,265.739990234375,261.2691955566406,6627800,0.0,0.0
2024-07-15 00:00:00-04:00,265.6700134277344,269.239990234375,265.25,268.45001220703125,263.93359375,6845200,0.0,0.0
2024-07-16 00:00:00-04:00,268.5199890136719,270.2099914550781,267.3699951171875,269.25,264.72015380859375,7869900,0.0,0.0
2024-07-17 00:00:00-04:00,268.44000244140625,272.9100036621094,268.239990234375,272.70001220703125,268.1120910644531,5324700,0.0,0.0
2024-07-18 00:00:00-04:00,272.2900085449219,273.6199951171875,268.55999755859375,269.1499938964844,264.621826171875,5550800,0.0,0.0
2024-07-19 00:00:00-04:00,270.32000732421875,270.95001220703125,264.30999755859375,265.4599914550781,260.993896484375,6839900,0.0,0.0
2024-07-22 00:00:00-04:00,267.2300109863281,268.3999938964844,265.0199890136719,267.7099914550781,263.2060546875,5313600,0.0,0.0
2024-07-23 00:00:00-04:00,267.5299987792969,267.70001220703125,263.8599853515625,264.7900085449219,260.3351745605469,8109200,0.0,0.0
2024-07-24 00:00:00-04:00,256.07000732421875,257.20001220703125,253.1300048828125,254.1699981689453,249.8938446044922,13065900,0.0,0.0
2024-07-25 00:00:00-04:00,255.38999938964844,258.2200012207031,252.6999969482422,253.74000549316406,249.47108459472656,8573300,0.0,0.0
2024-07-26 00:00:00-04:00,255.58999633789062,261.20001220703125,255.58999633789062,259.4599914550781,255.09486389160156,7062200,0.0,0.0
2024-07-29 00:00:00-04:00,260.32000732421875,262.7099914550781,258.5799865722656,261.6000061035156,257.1988525390625,6068100,0.0,0.0
2024-07-30 00:00:00-04:00,263.2300109863281,264.29998779296875,261.010009765625,263.1000061035156,258.6736145019531,5941800,0.0,0.0
2024-07-31 00:00:00-04:00,264.5400085449219,266.3599853515625,264.25,265.6700134277344,261.2003479003906,7642500,0.0,0.0
2024-08-01 00:00:00-04:00,266.3299865722656,267.0,264.17999267578125,265.92999267578125,261.4559631347656,7269700,0.0,0.0
2024-08-02 00:00:00-04:00,263.8299865722656,267.9599914550781,262.8800048828125,266.5799865722656,262.09503173828125,7017900,0.0,0.0
2024-08-05 00:00:00-04:00,261.45001220703125,262.9200134277344,254.50999450683594,256.44000244140625,252.1256561279297,9631300,0.0,0.0
2024-08-06 00:00:00-04:00,256.5,260.489990234375,255.77000427246094,258.260009765625,253.91510009765625,21586800,0.0,0.0
2024-08-07 00:00:00-04:00,259.6600036621094,262.0299987792969,256.30999755859375,256.5199890136719,252.20428466796875,12908600,0.0,0.0
2024-08-08 00:00:00-04:00,258.1300048828125,260.45001220703125,257.9200134277344,259.8299865722656,255.4586181640625,8223700,0.0,0.0
2024-08-09 00:00:00-04:00,259.1700134277344,261.5199890136719,259.010009765625,259.760009765625,255.90196228027344,7228100,0.52,0.0
2024-08-12 00:00:00-04:00,260.5,261.6000061035156,259.239990234375,259.8900146484375,256.0299987792969,26769400,0.0,0.0
2024-08-13 00:00:00-04:00,260.1300048828125,261.67999267578125,259.2699890136719,260.1300048828125,256.2664489746094,12005700,0.0,0.0
2024-08-14 00:00:00-04:00,260.8699951171875,261.5,258.739990234375,261.1400146484375,257.261474609375,8552300,0.0,0.0
2024-08-15 00:00:00-04:00,262.8399963378906,267.3900146484375,262.8399963378906,266.79998779296875,262.8373718261719,7397800,0.0,0.0
2024-08-16 00:00:00-04:00,266.8500061035156,268.44000244140625,265.3900146484375,267.3800048828125,263.4088134765625,5111100,0.0,0.0
2024-08-19 00:00:00-04:00,267.4200134277344,268.30999755859375,265.2300109863281,266.4700012207031,262.51226806640625,6555900,0.0,0.0
2024-08-20 00:00:00-04:00,267.0,268.0400085449219,265.7799987792969,268.0400085449219,264.0589904785156,6803600,0.0,0.0
2024-08-21 00:00:00-04:00,268.55999755859375,269.2699890136719,267.3900146484375,268.20001220703125,264.21661376953125,6639700,0.0,0.0
2024-08-22 00:00:00-04:00,268.94000244140625,269.5,266.57000732421875,267.94000244140625,263.9604797363281,4425200,0.0,0.0
2024-08-23 00:00:00-04:00,268.70001220703125,269.2099914550781,265.30999755859375,267.44000244140625,263.4678649902344,3697400,0.0,0.0
2024-08-26 00:00:00-04:00,267.7200012207031,270.3699951171875,267.6700134277344,268.2099914550781,264.2264099121094,4612200,0.0,0.0
2024-08-27 00:00:00-04:00,268.5199890136719,270.95001220703125,267.8900146484375,270.7200012207031,266.69915771484375,6594100,0.0,0.0
2024-08-28 00:00:00-04:00,271.1600036621094,271.9800109863281,267.6700134277344,269.19000244140625,265.1919250488281,5455100,0.0,0.0
2024-08-29 00:00:00-04:00,270.9800109863281,275.989990234375,270.45001220703125,274.32000732421875,270.2456970214844,5565100,0.0,0.0
2024-08-30 00:00:00-04:00,275.0,276.989990234375,274.260009765625,276.3699951171875,272.26519775390625,6296100,0.0,0.0
2024-09-03 00:00:00-04:00,276.3699951171875,282.0899963378906,276.3699951171875,278.5400085449219,274.4030456542969,7278300,0.0,0.0
2024-09-04 00:00:00-04:00,278.7099914550781,281.6499938964844,278.70001220703125,280.489990234375,276.32403564453125,6107500,0.0,0.0
2024-09-05 00:00:00-04:00,281.0,281.5,277.4100036621094,278.6199951171875,274.4818115234375,6447400,0.0,0.0
2024-09-06 00:00:00-04:00,277.7699890136719,280.2799987792969,277.42999267578125,279.3699951171875,275.2206115722656,7187700,0.0,0.0
2024-09-09 00:00:00-04:00,282.0899963378906,286.9700012207031,281.6499938964844,285.6099853515625,281.36798095703125,10933900,0.0,0.0
2024-09-10 00:00:00-04:00,285.92999267578125,286.3999938964844,283.57000732421875,285.3399963378906,281.10198974609375,5314400,0.0,0.0
2024-09-11 00:00:00-04:00,285.0199890136719,285.1700134277344,278.29998779296875,283.9599914550781,279.7425231933594,6281800,0.0,0.0
2024-09-12 00:00:00-04:00,284.0,286.0,281.4700012207031,285.3699951171875,281.13153076171875,4160800,0.0,0.0
2024-09-13 00:00:00-04:00,286.489990234375,288.739990234375,285.54998779296875,287.3500061035156,283.0821838378906,4987600,0.0,0.0
2024-09-16 00:00:00-04:00,288.04998779296875,290.8999938964844,287.739990234375,290.4800109863281,286.1656799316406,4458900,0.0,0.0
2024-09-17 00:00:00-04:00,290.8999938964844,293.07000732421875,290.0799865722656,291.55999755859375,287.2296447753906,5135700,0.0,0.0
2024-09-18 00:00:00-04:00,291.8399963378906,292.0199890136719,288.1300048828125,288.4800109863281,284.19537353515625,5890000,0.0,0.0
2024-09-19 00:00:00-04:00,291.0899963378906,291.4800109863281,282.8699951171875,285.239990234375,281.0035095214844,10382100,0.0,0.0
2024-09-20 00:00:00-04:00,285.5,287.0,283.25,284.7699890136719,280.54046630859375,27810900,0.0,0.0
2024-09-23 00:00:00-04:00,284.8999938964844,288.8800048828125,284.6199951171875,288.6300048828125,284.3431701660156,6505600,0.0,0.0
2024-09-24 00:00:00-04:00,280.17999267578125,281.0,272.7099914550781,272.7799987792969,268.72857666015625,13690200,0.0,0.0
2024-09-25 00:00:00-04:00,274.19000244140625,274.25,268.2300109863281,269.6300048828125,265.6253356933594,11671300,0.0,0.0
2024-09-26 00:00:00-04:00,270.5,273.239990234375,270.0,271.69000244140625,267.6547546386719,9552500,0.0,0.0
2024-09-27 00:00:00-04:00,273.1600036621094,277.9800109863281,272.7799987792969,275.1700134277344,271.0830993652344,6509600,0.0,0.0
2024-09-30 00:00:00-04:00,275.0,275.69000244140625,273.20001220703125,274.95001220703125,270.8663330078125,5969900,0.0,0.0
2024-10-01 00:00:00-04:00,276.9700012207031,279.05999755859375,274.3599853515625,277.6000061035156,273.4769592285156,5781600,0.0,0.0
2024-10-02 00:00:00-04:00,276.57000732421875,277.6400146484375,275.3699951171875,277.0,272.8858337402344,4741600,0.0,0.0
2024-10-03 00:00:00-04:00,276.6700134277344,277.69000244140625,275.8399963378906,276.8599853515625,272.7479553222656,3036700,0.0,0.0
2024-10-04 00:00:00-04:00,277.3500061035156,278.44000244140625,275.1000061035156,277.92999267578125,273.80206298828125,4259300,0.0,0.0
2024-10-07 00:00:00-04:00,277.6000061035156,277.6199951171875,273.239990234375,273.7900085449219,269.72357177734375,4339300,0.0,0.0
2024-10-08 00:00:00-04:00,274.7099914550781,276.1000061035156,274.010009765625,274.9599914550781,270.8761901855469,4370900,0.0,0.0
2024-10-09 00:00:00-04:00,275.0,277.489990234375,274.4200134277344,276.92999267578125,272.81689453125,4115800,0.0,0.0
2024-10-10 00:00:00-04:00,276.7799987792969,277.6700134277344,275.3500061035156,277.4700012207031,273.348876953125,4063900,0.0,0.0
2024-10-11 00:00:00-04:00,276.0400085449219,278.79998779296875,275.3699951171875,277.8399963378906,273.71337890625,4746300,0.0,0.0
2024-10-14 00:00:00-04:00,279.0799865722656,281.3699951171875,277.989990234375,280.67999267578125,276.51123046875,3996600,0.0,0.0
2024-10-15 00:00:00-04:00,281.0,282.6400146484375,278.8299865722656,279.2900085449219,275.14190673828125,5807000,0.0,0.0
2024-10-16 00:00:00-04:00,278.6199951171875,287.6000061035156,278.3500061035156,287.5199890136719,283.2496337890625,9442700,0.0,0.0
2024-10-17 00:00:00-04:00,288.57000732421875,290.92999267578125,287.6099853515625,290.3900146484375,286.0770263671875,8815800,0.0,0.0
2024-10-18 00:00:00-04:00,289.9200134277344,291.0400085449219,288.0799865722656,290.6199951171875,286.3035583496094,5350900,0.0,0.0
2024-10-21 00:00:00-04:00,289.6000061035156,290.44000244140625,286.3299865722656,286.8500061035156,282.589599609375,6313100,0.0,0.0
2024-10-22 00:00:00-04:00,285.04998779296875,286.5299987792969,283.5299987792969,284.7900085449219,280.5602111816406,5736500,0.0,0.0
2024-10-23 00:00:00-04:00,286.0400085449219,286.05999755859375,283.5299987792969,283.760009765625,279.5455017089844,5249300,0.0,0.0
2024-10-24 00:00:00-04:00,282.3900146484375,283.6199951171875,281.7300109863281,283.2200012207031,279.01348876953125,4679900,0.0,0.0
2024-10-25 00:00:00-04:00,284.0,285.0899963378906,280.7799987792969,281.7300109863281,277.545654296875,4464600,0.0,0.0
2024-10-28 00:00:00-04:00,282.0400085449219,284.6400146484375,281.5299987792969,284.19000244140625,279.9690856933594,4306200,0.0,0.0
2024-10-29 00:00:00-04:00,284.2699890136719,285.70001220703125,281.3500061035156,281.8800048828125,277.6934509277344,7534800,0.0,0.0
2024-10-30 00:00:00-04:00,292.3399963378906,295.7799987792969,288.3299865722656,290.1600036621094,285.8504333496094,9606800,0.0,0.0
2024-10-31 00:00:00-04:00,292.0899963378906,296.3399963378906,289.6199951171875,289.8500061035156,285.5450439453125,7950200,0.0,0.0
2024-11-01 00:00:00-04:00,288.489990234375,292.6700134277344,287.19000244140625,290.739990234375,286.42181396484375,5470700,0.0,0.0
2024-11-04 00:00:00-05:00,291.54998779296875,293.1499938964844,290.760009765625,291.8500061035156,287.51531982421875,4281600,0.0,0.0
2024-11-05 00:00:00-05:00,291.7099914550781,294.7799987792969,291.5799865722656,293.2900085449219,288.9339294433594,3753700,0.0,0.0
2024-11-06 00:00:00-05:00,306.32000732421875,309.0,302.82000732421875,307.3999938964844,302.83441162109375,10320500,0.0,0.0
2024-11-07 00:00:00-05:00,307.5,307.6300048828125,304.4200134277344,305.79998779296875,301.2580871582031,6237300,0.0,0.0
2024-11-08 00:00:00-05:00,306.8900146484375,311.1499938964844,305.69000244140625,307.8699951171875,303.29736328125,6240600,0.0,0.0
2024-11-11 00:00:00-05:00,310.0899963378906,312.44000244140625,309.29998779296875,310.9200134277344,306.3021545410156,4674100,0.0,0.0
2024-11-12 00:00:00-05:00,309.0400085449219,310.54998779296875,308.1099853515625,309.8500061035156,305.8283386230469,4616400,0.59,0.0
2024-11-13 00:00:00-05:00,309.489990234375,310.95001220703125,307.8399963378906,309.4800109863281,305.4631042480469,4046400,0.0,0.0
2024-11-14 00:00:00-05:00,309.29998779296875,311.2900085449219,307.8299865722656,308.25,304.24908447265625,4415800,0.0,0.0
2024-11-15 00:00:00-05:00,307.55999755859375,310.7200012207031,306.6600036621094,309.6400146484375,305.62109375,5106300,0.0,0.0
2024-11-18 00:00:00-05:00,309.4800109863281,312.4100036621094,308.70001220703125,312.1600036621094,308.1083984375,4585600,0.0,0.0
2024-11-19 00:00:00-05:00,310.0,312.2300109863281,308.510009765625,311.8500061035156,307.8023376464844,4885500,0.0,0.0
2024-11-20 00:00:00-05:00,311.8599853515625,312.2900085449219,306.2200012207031,307.3900146484375,303.4002380371094,6349900,0.0,0.0
2024-11-21 00:00:00-05:00,307.29998779296875,310.9200134277344,306.6499938964844,309.8999938964844,305.8776550292969,5757100,0.0,0.0
2024-11-22 00:00:00-05:00,307.9700012207031,311.5899963378906,307.8999938964844,309.9200134277344,305.8974304199219,5919200,0.0,0.0
2024-11-25 00:00:00-05:00,311.8599853515625,313.6600036621094,309.8599853515625,313.19000244140625,309.1249694824219,14189300,0.0,0.0
2024-11-26 00:00:00-05:00,314.20001220703125,314.5,311.5400085449219,311.82000732421875,307.7727355957031,7071500,0.0,0.0
2024-11-27 00:00:00-05:00,310.7699890136719,316.3699951171875,309.489990234375,314.70001220703125,310.6153564453125,5204300,0.0,0.0
2024-11-29 00:00:00-05:00,314.2900085449219,316.25,313.70001220703125,315.0799865722656,310.9903869628906,3853300,0.0,0.0
2024-12-02 00:00:00-05:00,316.8999938964844,317.4200134277344,313.7099914550781,316.6499938964844,312.5400390625,5597500,0.0,0.0
2024-12-03 00:00:00-05:00,317.1000061035156,317.32000732421875,312.7699890136719,313.010009765625,308.94732666015625,5009900,0.0,0.0
2024-12-04 00:00:00-05:00,312.4200134277344,312.8500061035156,308.79998779296875,309.8999938964844,305.8776550292969,5981800,0.0,0.0
2024-12-05 00:00:00-05:00,309.9800109863281,311.0899963378906,308.8299865722656,309.0799865722656,305.06829833984375,5200100,0.0,0.0
2024-12-06 00:00:00-05:00,308.8699951171875,312.55999755859375,308.79998779296875,311.010009765625,306.97320556640625,4302700,0.0,0.0
2024-12-09 00:00:00-05:00,311.8299865722656,313.010009765625,307.6400146484375,308.29998779296875,304.2984313964844,5785300,0.0,0.0
2024-12-10 00:00:00-05:00,307.3599853515625,312.9800109863281,306.6400146484375,312.3800048828125,308.3254699707031,4539500,0.0,0.0
2024-12-11 00:00:00-05:00,313.0400085449219,315.54998779296875,311.2099914550781,313.7900085449219,309.7171630859375,4321800,0.0,0.0
2024-12-12 00:00:00-05:00,314.82000732421875,315.54998779296875,313.42999267578125,314.2300109863281,310.1514587402344,3218500,0.0,0.0
2024-12-13 00:00:00-05:00,315.8299865722656,316.95001220703125,314.3399963378906,314.739990234375,310.65484619140625,4682200,0.0,0.0
2024-12-16 00:00:00-05:00,314.739990234375,317.55999755859375,314.1000061035156,315.8900146484375,311.7899169921875,6562500,0.0,0.0
2024-12-17 00:00:00-05:00,315.82000732421875,318.8399963378906,315.1400146484375,318.29998779296875,314.16864013671875,8843900,0.0,0.0
2024-12-18 00:00:00-05:00,318.5,321.6199951171875,309.55999755859375,309.7799987792969,305.75921630859375,10479200,0.0,0.0
2024-12-19 00:00:00-05:00,311.8299865722656,316.8699951171875,311.2300109863281,314.8800048828125,310.7930603027344,8317100,0.0,0.0
2024-12-20 00:00:00-05:00,313.57000732421875,320.0,312.2799987792969,317.7099914550781,313.5863037109375,24387000,0.0,0.0
2024-12-23 00:00:00-05:00,315.6499938964844,317.9700012207031,313.3500061035156,317.2200012207031,313.1026306152344,7984600,0.0,0.0
2024-12-24 00:00:00-05:00,318.1700134277344,321.5400085449219,317.2799987792969,320.6499938964844,316.4881591796875,2684100,0.0,0.0
2024-12-26 00:00:00-05:00,319.7699890136719,321.45001220703125,319.4599914550781,320.9100036621094,316.74481201171875,2856000,0.0,0.0
2024-12-27 00:00:00-05:00,319.2699890136719,321.5,317.55999755859375,318.6600036621094,314.5240173339844,3489200,0.0,0.0
2024-12-30 00:00:00-05:00,314.67999267578125,317.1099853515625,313.2300109863281,315.30999755859375,311.2174072265625,3478500,0.0,0.0
2024-12-31 00:00:00-05:00,316.1199951171875,317.6600036621094,315.19000244140625,316.0400085449219,311.93798828125,3963800,0.0,0.0
2025-01-02 00:00:00-05:00,317.7799987792969,319.67999267578125,312.4100036621094,314.3999938964844,310.3192443847656,5369500,0.0,0.0
2025-01-03 00:00:00-05:00,314.17999267578125,315.9200134277344,312.010009765625,314.9100036621094,310.82269287109375,4271300,0.0,0.0
2025-01-06 00:00:00-05:00,315.010009765625,315.3900146484375,312.07000732421875,313.0400085449219,308.9768981933594,6567300,0.0,0.0
2025-01-07 00:00:00-05:00,312.8900146484375,315.19000244140625,311.32000732421875,311.6700134277344,307.62469482421875,4958600,0.0,0.0
2025-01-08 00:00:00-05:00,311.0,314.0400085449219,310.2099914550781,312.6000061035156,308.5426025390625,5161600,0.0,0.0
2025-01-10 00:00:00-05:00,311.20001220703125,311.8500061035156,305.989990234375,307.7099914550781,303.71612548828125,6660100,0.0,0.0
2025-01-13 00:00:00-05:00,305.0,306.9200134277344,303.8399963378906,306.9200134277344,302.93634033203125,9568400,0.0,0.0
2025-01-14 00:00:00-05:00,308.75,310.1600036621094,307.5199890136719,309.0899963378906,305.0781555175781,5107600,0.0,0.0
2025-01-15 00:00:00-05:00,313.67999267578125,317.19000244140625,313.1300048828125,316.2799987792969,312.17486572265625,5222000,0.0,0.0
2025-01-16 00:00:00-05:00,315.75,319.17999267578125,315.75,317.25,313.1322021484375,4606700,0.0,0.0
2025-01-17 00:00:00-05:00,317.5,320.5899963378906,316.7099914550781,319.6199951171875,315.47149658203125,5805800,0.0,0.0
2025-01-21 00:00:00-05:00,320.30999755859375,324.5799865722656,320.0,323.6300048828125,319.4294738769531,5653000,0.0,0.0
2025-01-22 00:00:00-05:00,324.7699890136719,325.739990234375,322.3800048828125,323.55999755859375,319.3603210449219,5026500,0.0,0.0
2025-01-23 00:00:00-05:00,323.760009765625,328.510009765625,323.57000732421875,328.2099914550781,323.95001220703125,5297100,0.0,0.0
2025-01-24 00:00:00-05:00,328.0199890136719,331.0899963378906,327.80999755859375,330.20001220703125,325.9141845703125,4327500,0.0,0.0
2025-01-27 00:00:00-05:00,330.0,335.489990234375,328.04998779296875,334.5400085449219,330.1978454589844,6636500,0.0,0.0
2025-01-28 00:00:00-05:00,334.6700134277344,337.8299865722656,332.8900146484375,334.4800109863281,330.13861083984375,5999600,0.0,0.0
2025-01-29 00:00:00-05:00,334.5,337.1099853515625,334.5,335.8800048828125,331.5204772949219,5087300,0.0,0.0
2025-01-30 00:00:00-05:00,339.510009765625,344.44000244140625,339.0,343.04998779296875,338.5973815917969,8081300,0.0,0.0
2025-01-31 00:00:00-05:00,346.4700012207031,351.25,341.7099914550781,341.79998779296875,337.3636169433594,8624100,0.0,0.0
2025-02-03 00:00:00-05:00,340.0,346.0,339.239990234375,345.82000732421875,341.3314514160156,8004500,0.0,0.0
2025-02-04 00:00:00-05:00,344.6000061035156,346.010009765625,342.5400085449219,345.1499938964844,340.67010498046875,5532600,0.0,0.0
2025-02-05 00:00:00-05:00,346.0,349.4800109863281,345.25,349.44000244140625,344.9044189453125,4939100,0.0,0.0
2025-02-06 00:00:00-05:00,349.7799987792969,350.6499938964844,346.6000061035156,347.4800109863281,342.96990966796875,4294500,0.0,0.0
2025-02-07 00:00:00-05:00,348.0,350.75,347.2099914550781,348.0199890136719,343.50286865234375,4261200,0.0,0.0
2025-02-10 00:00:00-05:00,348.70001220703125,351.8999938964844,347.70001220703125,351.2300109863281,346.67120361328125,6067000,0.0,0.0
2025-02-11 00:00:00-05:00,348.29998779296875,352.1199951171875,346.25,350.7200012207031,346.7503356933594,5154800,0.59,0.0
2025-02-12 00:00:00-05:00,349.1600036621094,351.8299865722656,347.489990234375,351.489990234375,347.5115661621094,6760100,0.0,0.0
2025-02-13 00:00:00-05:00,353.1199951171875,356.0799865722656,350.7300109863281,355.6300048828125,351.604736328125,4279200,0.0,0.0
2025-02-14 00:00:00-05:00,354.42999267578125,355.42999267578125,353.2200012207031,353.80999755859375,349.8053283691406,5720300,0.0,0.0
2025-02-18 00:00:00-05:00,353.69000244140625,356.739990234375,352.3999938964844,356.7300109863281,352.6922912597656,5822000,0.0,0.0
2025-02-19 00:00:00-05:00,356.0199890136719,357.1499938964844,354.17999267578125,355.2300109863281,351.20928955078125,4152300,0.0,0.0
2025-02-20 00:00:00-05:00,355.2300109863281,356.1300048828125,349.05999755859375,350.489990234375,346.5229187011719,5697000,0.0,0.0
2025-02-21 00:00:00-05:00,350.489990234375,353.32000732421875,347.4800109863281,348.5299987792969,344.5851135253906,6924100,0.0,0.0
2025-02-24 00:00:00-05:00,348.760009765625,350.79998779296875,347.3599853515625,349.8599853515625,345.9000244140625,5055900,0.0,0.0
2025-02-25 00:00:00-05:00,351.3699951171875,352.5899963378906,346.0,352.0899963378906,348.10479736328125,6191900,0.0,0.0
2025-02-26 00:00:00-05:00,350.0,351.8299865722656,348.989990234375,350.6300048828125,346.661376953125,5960600,0.0,0.0
2025-02-27 00:00:00-05:00,351.8999938964844,360.30999755859375,351.67999267578125,355.739990234375,351.7135314941406,7298100,0.0,0.0
2025-02-28 00:00:00-05:00,354.7099914550781,364.0,353.7099914550781,362.7099914550781,358.6046142578125,15857300,0.0,0.0
2025-03-03 00:00:00-05:00,363.0,366.5400085449219,359.5400085449219,361.82000732421875,357.72467041015625,9099600,0.0,0.0
2025-03-04 00:00:00-05:00,360.1099853515625,360.2699890136719,350.3999938964844,352.2300109863281,348.24322509765625,8955800,0.0,0.0
2025-03-05 00:00:00-05:00,350.8299865722656,354.1099853515625,348.94000244140625,352.67999267578125,348.6881408691406,8244200,0.0,0.0
2025-03-06 00:00:00-05:00,345.9599914550781,348.8699951171875,340.3900146484375,344.1600036621094,340.26458740234375,8611100,0.0,0.0
2025-03-07 00:00:00-05:00,340.8699951171875,346.3900146484375,339.1400146484375,345.32000732421875,341.41143798828125,6358700,0.0,0.0
2025-03-10 00:00:00-04:00,339.94000244140625,345.010009765625,337.6400146484375,341.4800109863281,337.61492919921875,8204300,0.0,0.0
2025-03-11 00:00:00-04:00,338.4100036621094,339.6099853515625,329.5799865722656,332.1400146484375,328.3806457519531,9776100,0.0,0.0
2025-03-12 00:00:00-04:00,335.9700012207031,336.1600036621094,329.1099853515625,332.8399963378906,329.07269287109375,6295400,0.0,0.0
2025-03-13 00:00:00-04:00,330.989990234375,336.20001220703125,327.70001220703125,328.54998779296875,324.8312683105469,7915300,0.0,0.0
2025-03-14 00:00:00-04:00,327.2099914550781,332.7699890136719,326.3800048828125,331.79998779296875,328.04449462890625,7810600,0.0,0.0
2025-03-17 00:00:00-04:00,330.0299987792969,336.1099853515625,329.760009765625,334.54998779296875,330.76336669921875,6149400,0.0,0.0
2025-03-18 00:00:00-04:00,335.2900085449219,335.79998779296875,332.29998779296875,334.7699890136719,330.9808349609375,7778300,0.0,0.0
2025-03-19 00:00:00-04:00,336.79998779296875,341.0299987792969,334.5,339.8699951171875,336.0231628417969,5614900,0.0,0.0
2025-03-20 00:00:00-04:00,339.0,342.239990234375,337.6600036621094,339.5,335.6573181152344,5432700,0.0,0.0
2025-03-21 00:00:00-04:00,337.3699951171875,339.42999267578125,335.5199890136719,335.6600036621094,331.86077880859375,17279700,0.0,0.0
2025-03-24 00:00:00-04:00,338.6499938964844,345.2200012207031,337.6499938964844,343.8699951171875,339.97784423828125,5675100,0.0,0.0
2025-03-25 00:00:00-04:00,344.55999755859375,345.5299987792969,340.6700134277344,344.6199951171875,340.7193603515625,3931200,0.0,0.0
2025-03-26 00:00:00-04:00,345.989990234375,347.3800048828125,343.0,344.17999267578125,340.28436279296875,6187100,0.0,0.0
2025-03-27 00:00:00-04:00,344.0,350.8399963378906,343.32000732421875,349.8599853515625,345.9000244140625,7254800,0.0,0.0
2025-03-28 00:00:00-04:00,349.19000244140625,351.6199951171875,341.6099853515625,342.8500061035156,338.96942138671875,5687600,0.0,0.0
2025-03-31 00:00:00-04:00,339.3500061035156,351.8599853515625,334.489990234375,350.4599914550781,346.4932556152344,9950800,0.0,0.0
2025-04-01 00:00:00-04:00,350.44000244140625,350.45001220703125,342.57000732421875,346.3500061035156,342.4297790527344,7473300,0.0,0.0
2025-04-02 00:00:00-04:00,343.44000244140625,348.20001220703125,343.04998779296875,346.3299865722656,342.4100036621094,5682500,0.0,0.0
2025-04-03 00:00:00-04:00,333.8999938964844,344.739990234375,331.0,339.3900146484375,335.5485534667969,8792900,0.0,0.0
2025-04-04 00:00:00-04:00,330.0,334.6499938964844,312.1199951171875,313.1300048828125,309.5857849121094,13201700,0.0,0.0
2025-04-07 00:00:00-04:00,302.07000732421875,322.17999267578125,299.0,312.32000732421875,308.78497314453125,12163400,0.0,0.0
2025-04-08 00:00:00-04:00,322.239990234375,326.2799987792969,303.92999267578125,308.2699890136719,304.78082275390625,9569300,0.0,0.0
2025-04-09 00:00:00-04:00,305.6400146484375,334.0299987792969,305.6400146484375,332.42999267578125,328.6673278808594,11361800,0.0,0.0
2025-04-10 00:00:00-04:00,328.0199890136719,330.1600036621094,313.2699890136719,324.6099853515625,320.93585205078125,8709800,0.0,0.0
2025-04-11 00:00:00-04:00,324.42999267578125,336.9800109863281,322.5400085449219,333.3999938964844,329.6263732910156,6804500,0.0,0.0
2025-04-14 00:00:00-04:00,336.4100036621094,339.6099853515625,333.1400146484375,335.17999267578125,331.38623046875,5011800,0.0,0.0
2025-04-15 00:00:00-04:00,336.7200012207031,339.3900146484375,335.0,335.80999755859375,332.00909423828125,4386200,0.0,0.0
2025-04-16 00:00:00-04:00,335.0,337.2200012207031,328.8599853515625,331.3299865722656,327.57977294921875,5850600,0.0,0.0
2025-04-17 00:00:00-04:00,331.07000732421875,334.32000732421875,328.44000244140625,329.6099853515625,325.8792724609375,5655900,0.0,0.0
2025-04-21 00:00:00-04:00,329.0,329.1499938964844,316.6499938964844,320.1000061035156,316.47686767578125,6362300,0.0,0.0
2025-04-22 00:00:00-04:00,323.8599853515625,332.55999755859375,322.3900146484375,331.3999938964844,327.64898681640625,5435500,0.0,0.0
2025-04-23 00:00:00-04:00,337.239990234375,341.25,333.20001220703125,334.3699951171875,330.5853576660156,8906000,0.0,0.0
2025-04-24 00:00:00-04:00,333.2799987792969,336.7699890136719,331.25,335.7099914550781,331.9101867675781,8055200,0.0,0.0
2025-04-25 00:00:00-04:00,334.760009765625,336.3699951171875,332.1700134277344,335.1700134277344,331.3763122558594,4452800,0.0,0.0
2025-04-28 00:00:00-04:00,336.7799987792969,339.3399963378906,335.0199890136719,337.510009765625,333.6898193359375,5422900,0.0,0.0
2025-04-29 00:00:00-04:00,338.5,342.2699890136719,336.4599914550781,341.5199890136719,337.65447998046875,5519500,0.0,0.0
2025-04-30 00:00:00-04:00,334.44000244140625,346.5199890136719,333.239990234375,345.5,341.58941650390625,9526700,0.0,0.0
2025-05-01 00:00:00-04:00,345.5799865722656,345.7200012207031,340.1199951171875,342.45001220703125,338.5739440917969,5849900,0.0,0.0
2025-05-02 00:00:00-04:00,347.2200012207031,350.0899963378906,346.1199951171875,347.6000061035156,343.6656799316406,6113700,0.0,0.0
2025-05-05 00:00:00-04:00,347.0,351.04998779296875,346.1199951171875,348.6400146484375,344.6938781738281,3865300,0.0,0.0
2025-05-06 00:00:00-04:00,346.3999938964844,349.6499938964844,345.760009765625,347.70001220703125,343.7645263671875,3438500,0.0,0.0
2025-05-07 00:00:00-04:00,348.70001220703125,351.1499938964844,347.2099914550781,349.8500061035156,345.89019775390625,5454000,0.0,0.0
2025-05-08 00:00:00-04:00,352.0,355.3299865722656,350.95001220703125,351.2699890136719,347.2940673828125,4156400,0.0,0.0
2025-05-09 00:00:00-04:00,351.8299865722656,353.79998779296875,350.6700134277344,352.5400085449219,348.54974365234375,3086600,0.0,0.0
2025-05-12 00:00:00-04:00,359.1400146484375,361.8900146484375,351.1300048828125,355.8500061035156,351.8222961425781,7985400,0.0,0.0
2025-05-13 00:00:00-04:00,355.5199890136719,358.8699951171875,354.5799865722656,356.1400146484375,352.6937561035156,5406200,0.59,0.0
2025-05-14 00:00:00-04:00,356.6700134277344,358.4100036621094,355.2099914550781,356.4599914550781,353.0106506347656,6207600,0.0,0.0
2025-05-15 00:00:00-04:00,356.8900146484375,363.7300109863281,356.67999267578125,362.29998779296875,358.79412841796875,5826100,0.0,0.0
2025-05-16 00:00:00-04:00,362.95001220703125,366.19000244140625,360.8900146484375,365.1199951171875,361.58685302734375,5838100,0.0,0.0
2025-05-19 00:00:00-04:00,363.0199890136719,369.1499938964844,362.32000732421875,367.8999938964844,364.3399658203125,5081500,0.0,0.0
2025-05-20 00:00:00-04:00,367.7799987792969,368.25,364.69000244140625,366.8399963378906,363.29022216796875,5281400,0.0,0.0
2025-05-21 00:00:00-04:00,363.7200012207031,365.989990234375,358.0799865722656,358.29998779296875,354.8328552246094,6125500,0.0,0.0
2025-05-22 00:00:00-04:00,357.760009765625,360.0,356.55999755859375,357.9700012207031,354.50604248046875,4936600,0.0,0.0
2025-05-23 00:00:00-04:00,353.75,356.0,352.2200012207031,353.5400085449219,350.118896484375,5345900,0.0,0.0
2025-05-27 00:00:00-04:00,355.4100036621094,360.0,354.4800109863281,359.29998779296875,355.8231506347656,6316000,0.0,0.0
2025-05-28 00:00:00-04:00,359.3399963378906,360.9100036621094,358.0400085449219,359.7300109863281,356.2490234375,3299000,0.0,0.0
2025-05-29 00:00:00-04:00,360.3500061035156,363.0400085449219,358.7200012207031,362.3999938964844,358.8931579589844,4590400,0.0,0.0
2025-05-30 00:00:00-04:00,361.3500061035156,367.0400085449219,361.3500061035156,365.19000244140625,361.6561584472656,8726900,0.0,0.0
2025-06-02 00:00:00-04:00,362.7699890136719,365.4599914550781,359.9599914550781,365.32000732421875,361.78497314453125,3845700,0.0,0.0
2025-06-03 00:00:00-04:00,364.5799865722656,366.8800048828125,361.5,365.8599853515625,362.3197021484375,5221300,0.0,0.0
2025-06-04 00:00:00-04:00,366.7099914550781,369.6600036621094,366.30999755859375,368.0,364.4389953613281,4202300,0.0,0.0
2025-06-05 00:00:00-04:00,370.0,371.0,365.92999267578125,366.7699890136719,363.2208557128906,6881900,0.0,0.0
2025-06-06 00:00:00-04:00,369.010009765625,371.0,367.54998779296875,370.2200012207031,366.63751220703125,5008500,0.0,0.0
2025-06-09 00:00:00-04:00,369.7900085449219,369.7900085449219,362.04998779296875,366.6600036621094,363.1119384765625,4999900,0.0,0.0
2025-06-10 00:00:00-04:00,367.0,371.44000244140625,366.67999267578125,370.70001220703125,367.11285400390625,4109300,0.0,0.0
2025-06-11 00:00:00-04:00,370.0,375.510009765625,369.3800048828125,373.30999755859375,369.6976013183594,5562700,0.0,0.0
2025-06-12 00:00:00-04:00,372.2300109863281,374.1700134277344,369.54998779296875,371.3999938964844,367.8060607910156,4874000,0.0,0.0
2025-06-13 00:00:00-04:00,361.510009765625,363.010009765625,345.0,352.8500061035156,349.4355773925781,14181700,0.0,0.0
2025-06-16 00:00:00-04:00,356.489990234375,360.2200012207031,354.3299865722656,355.4800109863281,352.04010009765625,7234700,0.0,0.0
2025-06-17 00:00:00-04:00,353.489990234375,359.6000061035156,353.32000732421875,357.8399963378906,354.3772888183594,5559600,0.0,0.0
2025-06-18 00:00:00-04:00,357.8500061035156,358.4800109863281,338.0400085449219,340.3800048828125,337.0862731933594,15008600,0.0,0.0
2025-06-20 00:00:00-04:00,338.95001220703125,340.0,334.9200134277344,338.57000732421875,335.2937927246094,19332100,0.0,0.0
2025-06-23 00:00:00-04:00,337.5,344.29998779296875,335.6300048828125,343.75,340.4236145019531,7553300,0.0,0.0
2025-06-24 00:00:00-04:00,351.5199890136719,354.55999755859375,347.9200134277344,351.6300048828125,348.2273864746094,10172000,0.0,0.0
2025-06-25 00:00:00-04:00,350.45001220703125,351.2900085449219,345.260009765625,345.260009765625,341.9190368652344,6836300,0.0,0.0
2025-06-26 00:00:00-04:00,343.7799987792969,346.9100036621094,342.0299987792969,346.0299987792969,342.6816101074219,8829500,0.0,0.0
2025-06-27 00:00:00-04:00,346.5899963378906,352.010009765625,345.6600036621094,348.6099853515625,345.2366027832031,6601900,0.0,0.0
2025-06-30 00:00:00-04:00,349.3500061035156,355.6099853515625,349.05999755859375,355.04998779296875,351.6142883300781,7080100,0.0,0.0
2025-07-01 00:00:00-04:00,353.82000732421875,357.0,351.4200134277344,355.4700012207031,352.0302429199219,6653400,0.0,0.0
2025-07-02 00:00:00-04:00,354.6000061035156,356.3599853515625,350.0,354.2200012207031,350.7923583984375,5131400,0.0,0.0
2025-07-03 00:00:00-04:00,354.5899963378906,359.0,353.6099853515625,358.8599853515625,355.3874206542969,3702800,0.0,0.0
2025-07-07 00:00:00-04:00,358.9200134277344,359.6600036621094,354.489990234375,356.6400146484375,353.1889343261719,5138000,0.0,0.0
2025-07-08 00:00:00-04:00,356.67999267578125,358.2799987792969,353.25,354.54998779296875,351.1191101074219,6966800,0.0,0.0
2025-07-09 00:00:00-04:00,355.07000732421875,357.760009765625,353.75,357.760009765625,354.298095703125,7297100,0.0,0.0
2025-07-10 00:00:00-04:00,356.8299865722656,357.6199951171875,353.45001220703125,355.8800048828125,352.436279296875,6121300,0.0,0.0
2025-07-11 00:00:00-04:00,352.510009765625,353.80999755859375,344.3900146484375,347.92999267578125,344.5632019042969,7580200,0.0,0.0
2025-07-14 00:00:00-04:00,347.3900146484375,351.9700012207031,345.010009765625,350.5,347.1083068847656,5598900,0.0,0.0
2025-07-15 00:00:00-04:00,348.1199951171875,350.2099914550781,346.760009765625,347.0199890136719,343.6619873046875,4891700,0.0,0.0
2025-07-16 00:00:00-04:00,347.2900085449219,350.6700134277344,345.79998779296875,349.8999938964844,346.5141296386719,5544200,0.0,0.0
2025-07-17 00:00:00-04:00,350.0,351.3699951171875,348.4800109863281,349.80999755859375,346.4250183105469,4747100,0.0,0.0
2025-07-18 00:00:00-04:00,349.5,349.5,347.1600036621094,349.04998779296875,345.67236328125,4927600,0.0,0.0
2025-07-21 00:00:00-04:00,349.05999755859375,353.6499938964844,348.3999938964844,350.94000244140625,347.5440673828125,5216300,0.0,0.0
2025-07-22 00:00:00-04:00,351.1000061035156,354.4800109863281,350.20001220703125,351.8599853515625,348.45513916015625,4614200,0.0,0.0
2025-07-23 00:00:00-04:00,353.0,355.7799987792969,351.2099914550781,355.2900085449219,351.85198974609375,4385600,0.0,0.0
2025-07-24 00:00:00-04:00,354.82000732421875,357.17999267578125,353.8599853515625,353.9700012207031,350.5447692871094,5887200,0.0,0.0
2025-07-25 00:00:00-04:00,354.0,357.6499938964844,353.010009765625,357.0400085449219,353.5850830078125,3915400,0.0,0.0
2025-07-28 00:00:00-04:00,356.3800048828125,358.32000732421875,354.7300109863281,355.4700012207031,352.0302429199219,3921000,0.0,0.0
2025-07-29 00:00:00-04:00,356.2900085449219,358.32000732421875,350.80999755859375,351.2900085449219,347.89068603515625,7402300,0.0,0.0
2025-07-30 00:00:00-04:00,351.70001220703125,356.6199951171875,347.2300109863281,350.9100036621094,347.5143737792969,12129700,0.0,0.0
2025-07-31 00:00:00-04:00,348.92999267578125,352.82000732421875,345.0899963378906,345.4700012207031,342.12701416015625,8641700,0.0,0.0
2025-08-01 00:00:00-04:00,344.1000061035156,346.1700134277344,338.1000061035156,339.3500061035156,336.0662536621094,8658700,0.0,0.0
2025-08-04 00:00:00-04:00,341.70001220703125,344.3800048828125,340.0,342.1499938964844,338.8390808105469,7335300,0.0,0.0
2025-08-05 00:00:00-04:00,342.1499938964844,342.4599914550781,335.54998779296875,337.42999267578125,334.164794921875,7295600,0.0,0.0
2025-08-06 00:00:00-04:00,338.29998779296875,341.42999267578125,335.42999267578125,339.739990234375,336.4524230957031,5944100,0.0,0.0
2025-08-07 00:00:00-04:00,341.42999267578125,342.1499938964844,328.70001220703125,332.0899963378906,328.8764953613281,8797100,0.0,0.0
2025-08-08 00:00:00-04:00,333.67999267578125,337.3800048828125,332.7300109863281,336.7799987792969,333.5211181640625,6073900,0.0,0.0
2025-08-11 00:00:00-04:00,336.7300109863281,337.8599853515625,334.510009765625,335.8999938964844,332.64959716796875,5715800,0.0,0.0
2025-08-12 00:00:00-04:00,335.20001220703125,338.6499938964844,334.80999755859375,336.739990234375,334.0682373046875,5682800,0.59,0.0
2025-08-13 00:00:00-04:00,336.9800109863281,343.4800109863281,336.7799987792969,342.54998779296875,339.8321228027344,5693400,0.0,0.0
2025-08-14 00:00:00-04:00,342.94000244140625,346.0799865722656,341.6700134277344,345.489990234375,342.7488098144531,6224000,0.0,0.0
2025-08-15 00:00:00-04:00,346.25,348.3599853515625,342.8599853515625,344.4700012207031,341.7369384765625,4946600,0.0,0.0
2025-08-18 00:00:00-04:00,343.8399963378906,345.7300109863281,340.95001220703125,342.739990234375,340.0206604003906,3999600,0.0,0.0
2025-08-19 00:00:00-04:00,342.55999755859375,346.3399963378906,341.8900146484375,342.45001220703125,339.73297119140625,4457200,0.0,0.0
2025-08-20 00:00:00-04:00,343.3999938964844,347.44000244140625,342.8500061035156,343.92999267578125,341.2012023925781,5834400,0.0,0.0
2025-08-21 00:00:00-04:00,342.8900146484375,344.5199890136719,339.7200012207031,343.69000244140625,340.963134765625,6073600,0.0,0.0
2025-08-22 00:00:00-04:00,345.2200012207031,351.20001220703125,345.2200012207031,350.0400085449219,347.2627258300781,4973200,0.0,0.0
2025-08-25 00:00:00-04:00,349.6099853515625,350.7200012207031,347.5,348.82000732421875,346.05242919921875,8019800,0.0,0.0
2025-08-26 00:00:00-04:00,348.69000244140625,353.3999938964844,347.45001220703125,351.17999267578125,348.3937072753906,5876200,0.0,0.0
2025-08-27 00:00:00-04:00,350.7099914550781,353.42999267578125,349.8399963378906,350.3500061035156,347.57025146484375,5531100,0.0,0.0
2025-08-28 00:00:00-04:00,350.6000061035156,351.0400085449219,348.6000061035156,349.8599853515625,347.08416748046875,4987100,0.0,0.0
2025-08-29 00:00:00-04:00,350.4599914550781,352.6300048828125,349.0,351.7799987792969,348.98895263671875,3671900,0.0,0.0
2025-09-02 00:00:00-04:00,349.30999755859375,350.1700134277344,346.0799865722656,350.07000732421875,347.29248046875,4940300,0.0,0.0
2025-09-03 00:00:00-04:00,349.3399963378906,350.8900146484375,347.260009765625,350.8699951171875,348.086181640625,4176400,0.0,0.0
2025-09-04 00:00:00-04:00,350.7300109863281,352.6300048828125,349.1499938964844,350.989990234375,348.2052001953125,4324000,0.0,0.0
2025-09-05 00:00:00-04:00,351.3800048828125,352.6199951171875,340.20001220703125,343.2200012207031,340.496826171875,5448300,0.0,0.0
2025-09-08 00:00:00-04:00,342.3399963378906,344.3800048828125,341.0,342.29998779296875,339.5841369628906,4711600,0.0,0.0
2025-09-09 00:00:00-04:00,341.69000244140625,346.32000732421875,341.2900085449219,343.989990234375,341.2607727050781,4646200,0.0,0.0
2025-09-10 00:00:00-04:00,342.6099853515625,342.6099853515625,336.44000244140625,338.1199951171875,335.4372863769531,6557900,0.0,0.0
2025-09-11 00:00:00-04:00,338.7300109863281,343.5299987792969,337.8699951171875,343.489990234375,340.76470947265625,5157600,0.0,0.0
2025-09-12 00:00:00-04:00,341.2200012207031,343.19000244140625,339.1700134277344,339.42999267578125,336.7369079589844,3518300,0.0,0.0
2025-09-15 00:00:00-04:00,340.6099853515625,342.7099914550781,338.3900146484375,339.04998779296875,336.35992431640625,4367500,0.0,0.0
2025-09-16 00:00:00-04:00,336.239990234375,340.5400085449219,333.4700012207031,340.0299987792969,337.3321533203125,5527700,0.0,0.0
2025-09-17 00:00:00-04:00,339.94000244140625,346.20001220703125,339.5199890136719,346.20001220703125,343.4532165527344,5763500,0.0,0.0
2025-09-18 00:00:00-04:00,344.7300109863281,345.2699890136719,338.17999267578125,338.17999267578125,335.496826171875,7526600,0.0,0.0
2025-09-19 00:00:00-04:00,340.45001220703125,342.69000244140625,338.25,341.6099853515625,338.89959716796875,13674300,0.0,0.0
2025-09-22 00:00:00-04:00,339.010009765625,344.8599853515625,338.6600036621094,344.3599853515625,341.6278076171875,5621800,0.0,0.0
2025-09-23 00:00:00-04:00,344.5899963378906,345.260009765625,337.6300048828125,338.70001220703125,336.0127258300781,10142700,0.0,0.0
2025-09-24 00:00:00-04:00,339.1300048828125,339.8999938964844,337.9200134277344,338.67999267578125,335.99285888671875,5207400,0.0,0.0
2025-09-25 00:00:00-04:00,338.3500061035156,340.20001220703125,334.510009765625,334.92999267578125,332.2726135253906,5398700,0.0,0.0
2025-09-26 00:00:00-04:00,337.2300109863281,339.5,336.2300109863281,337.3699951171875,334.69329833984375,9619200,0.0,0.0
2025-09-29 00:00:00-04:00,337.3800048828125,340.6400146484375,335.54998779296875,340.1600036621094,337.4611511230469,7217800,0.0,0.0
2025-09-30 00:00:00-04:00,339.82000732421875,345.6099853515625,338.510009765625,341.3800048828125,338.67144775390625,8164400,0.0,0.0
2025-10-01 00:00:00-04:00,340.30999755859375,349.3599853515625,340.30999755859375,347.8299865722656,345.07025146484375,8381000,0.0,0.0
2025-10-02 00:00:00-04:00,346.2200012207031,347.17999267578125,343.55999755859375,345.95001220703125,343.2051696777344,5198000,0.0,0.0
2025-10-03 00:00:00-04:00,346.1099853515625,353.1600036621094,346.0,349.8399963378906,347.0643310546875,5199700,0.0,0.0
2025-10-06 00:00:00-04:00,350.010009765625,351.1199951171875,344.3500061035156,349.2799987792969,346.5087585449219,4735600,0.0,0.0
2025-10-07 00:00:00-04:00,350.05999755859375,354.44000244140625,350.05999755859375,352.4200134277344,349.6238708496094,5044600,0.0,0.0
2025-10-08 00:00:00-04:00,353.7799987792969,355.0,351.1000061035156,351.3599853515625,348.572265625,3927500,0.0,0.0
2025-10-09 00:00:00-04:00,351.4700012207031,352.8699951171875,345.5799865722656,347.0400085449219,344.2865295410156,4434800,0.0,0.0
2025-10-10 00:00:00-04:00,347.6300048828125,350.3999938964844,343.25,343.6499938964844,340.9234619140625,6296200,0.0,0.0
2025-10-13 00:00:00-04:00,343.7200012207031,347.6600036621094,340.7300109863281,343.29998779296875,340.5762023925781,4030700,0.0,0.0
2025-10-14 00:00:00-04:00,341.0,350.010009765625,340.2200012207031,348.3800048828125,345.61590576171875,5731000,0.0,0.0
2025-10-15 00:00:00-04:00,348.3800048828125,350.0799865722656,344.0,345.69000244140625,342.947265625,3778200,0.0,0.0
2025-10-16 00:00:00-04:00,345.0,345.69000244140625,334.1700134277344,335.3999938964844,332.7389221191406,6241500,0.0,0.0
2025-10-17 00:00:00-04:00,337.7699890136719,343.45001220703125,337.0,341.8900146484375,339.17742919921875,6267100,0.0,0.0
2025-10-20 00:00:00-04:00,341.8999938964844,344.9599914550781,338.94000244140625,344.4100036621094,341.6773986816406,4665000,0.0,0.0
2025-10-21 00:00:00-04:00,343.1199951171875,349.6499938964844,343.0,347.2099914550781,344.4552001953125,4121800,0.0,0.0
2025-10-22 00:00:00-04:00,347.82000732421875,348.1700134277344,344.5,345.3599853515625,342.6198425292969,5074400,0.0,0.0
2025-10-23 00:00:00-04:00,346.20001220703125,347.1499938964844,344.4599914550781,345.9599914550781,343.2151184082031,7217200,0.0,0.0
2025-10-24 00:00:00-04:00,348.20001220703125,349.0799865722656,345.32000732421875,347.3800048828125,344.6238708496094,3576700,0.0,0.0
2025-10-27 00:00:00-04:00,349.0,349.5199890136719,345.010009765625,347.82000732421875,345.06036376953125,5400300,0.0,0.0
2025-10-28 00:00:00-04:00,348.5799865722656,349.8900146484375,346.5,346.8999938964844,344.1476745605469,7445400,0.0,0.0
2025-10-29 00:00:00-04:00,346.0,350.9800109863281,339.0,341.2799987792969,338.57220458984375,8361700,0.0,0.0
2025-10-30 00:00:00-04:00,342.2200012207031,349.7200012207031,341.7900085449219,345.0299987792969,342.2924499511719,6411800,0.0,0.0
2025-10-31 00:00:00-04:00,342.0799865722656,343.0,338.1700134277344,340.739990234375,338.0365295410156,7301600,0.0,0.0
2025-11-03 00:00:00-05:00,341.0,341.2099914550781,334.82000732421875,336.8999938964844,334.22698974609375,5538000,0.0,0.0
2025-11-04 00:00:00-05:00,336.4800109863281,340.32000732421875,334.25,340.29998779296875,337.6000061035156,5920200,0.0,0.0
2025-11-05 00:00:00-05:00,340.1300048828125,342.1099853515625,336.3599853515625,340.0400085449219,337.34210205078125,4984600,0.0,0.0
2025-11-06 00:00:00-05:00,338.5899963378906,338.6499938964844,333.7099914550781,336.9599914550781,334.2864990234375,8507900,0.0,0.0
2025-11-07 00:00:00-05:00,336.7300109863281,338.2900085449219,334.8500061035156,336.0199890136719,333.3539733886719,5318400,0.0,0.0
2025-11-10 00:00:00-05:00,336.6499938964844,338.67999267578125,334.32000732421875,334.8500061035156,332.1932373046875,5295800,0.0,0.0
2025-11-11 00:00:00-05:00,335.5,339.0899963378906,333.20001220703125,338.9200134277344,336.23101806640625,4453300,0.0,0.0
2025-11-12 00:00:00-05:00,338.25,344.260009765625,337.3999938964844,338.8800048828125,336.8572082519531,6389600,0.67,0.0
2025-11-13 00:00:00-05:00,339.0400085449219,341.4599914550781,335.6000061035156,336.0799865722656,334.0738830566406,4961700,0.0,0.0
2025-11-14 00:00:00-05:00,335.8900146484375,336.0799865722656,329.0299987792969,330.0199890136719,328.050048828125,6422300,0.0,0.0
2025-11-17 00:00:00-05:00,331.1600036621094,333.3599853515625,324.92999267578125,325.75,323.8055725097656,6494800,0.0,0.0
2025-11-18 00:00:00-05:00,324.5,325.0,318.0,321.17999267578125,319.2628479003906,9170400,0.0,0.0
2025-11-19 00:00:00-05:00,321.5199890136719,324.57000732421875,319.8699951171875,324.1199951171875,322.185302734375,7066700,0.0,0.0
2025-11-20 00:00:00-05:00,324.1199951171875,328.3999938964844,323.1400146484375,323.7699890136719,321.8373718261719,6510300,0.0,0.0
2025-11-21 00:00:00-05:00,325.3800048828125,331.0799865722656,324.2900085449219,327.9800109863281,326.0222473144531,8930000,0.0,0.0
2025-11-24 00:00:00-05:00,329.239990234375,330.7300109863281,326.0,329.29998779296875,327.3343811035156,9337100,0.0,0.0
2025-11-25 00:00:00-05:00,328.8999938964844,336.05999755859375,328.8999938964844,334.5299987792969,332.5331726074219,5854300,0.0,0.0
2025-11-26 00:00:00-05:00,334.5299987792969,335.7099914550781,333.05999755859375,333.7900085449219,331.7975769042969,4309900,0.0,0.0
2025-11-28 00:00:00-05:00,333.42999267578125,335.0199890136719,332.0,334.44000244140625,332.4437255859375,4586200,0.0,0.0
2025-12-01 00:00:00-05:00,332.94000244140625,333.29998779296875,330.1400146484375,330.3900146484375,328.41790771484375,7082300,0.0,0.0
2025-12-02 00:00:00-05:00,331.45001220703125,332.79998779296875,327.2099914550781,329.6199951171875,327.6524658203125,8201900,0.0,0.0
2025-12-03 00:00:00-05:00,329.6099853515625,332.3500061035156,329.3500061035156,329.6099853515625,327.64251708984375,6296700,0.0,0.0
2025-12-04 00:00:00-05:00,331.2799987792969,332.3800048828125,324.2799987792969,327.1000061035156,325.1475524902344,6277500,0.0,0.0
2025-12-05 00:00:00-05:00,326.8299865722656,334.1099853515625,326.3999938964844,331.239990234375,329.2627868652344,5266600,0.0,0.0
2025-12-08 00:00:00-05:00,329.8800048828125,331.3399963378906,324.7099914550781,326.8399963378906,324.8890686035156,6059400,0.0,0.0
2025-12-09 00:00:00-05:00,326.6099853515625,328.2300109863281,325.07000732421875,326.5,324.55108642578125,4325400,0.0,0.0
2025-12-10 00:00:00-05:00,326.6400146484375,328.760009765625,325.29998779296875,325.7300109863281,323.78570556640625,5467500,0.0,0.0
2025-12-11 00:00:00-05:00,332.6000061035156,347.32000732421875,330.05999755859375,345.6300048828125,343.5669250488281,12953600,0.0,0.0
2025-12-12 00:00:00-05:00,348.0,349.8399963378906,345.9700012207031,347.8299865722656,345.7537536621094,6942300,0.0,0.0
2025-12-15 00:00:00-05:00,347.8299865722656,348.45001220703125,343.8299865722656,346.8900146484375,344.81939697265625,7004600,0.0,0.0
2025-12-16 00:00:00-05:00,346.0,347.6199951171875,343.7200012207031,345.1099853515625,343.0500183105469,7269300,0.0,0.0
2025-12-17 00:00:00-05:00,345.54998779296875,347.7900085449219,343.67999267578125,344.4100036621094,342.35418701171875,7263500,0.0,0.0
2025-12-18 00:00:00-05:00,345.1700134277344,347.5299987792969,344.2699890136719,346.010009765625,343.94464111328125,6805000,0.0,0.0
2025-12-19 00:00:00-05:00,346.04998779296875,349.9100036621094,346.04998779296875,349.25,347.1653137207031,18623900,0.0,0.0
2025-12-22 00:00:00-05:00,350.0,353.44000244140625,349.5899963378906,352.0899963378906,349.98834228515625,5043500,0.0,0.0
2025-12-23 00:00:00-05:00,352.0,356.3800048828125,352.0,353.3800048828125,351.2706298828125,3703200,0.0,0.0
2025-12-24 00:00:00-05:00,353.3800048828125,355.989990234375,353.010009765625,355.1400146484375,353.0201416015625,2023600,0.0,0.0
2025-12-26 00:00:00-05:00,355.1000061035156,356.7300109863281,353.7099914550781,355.0,352.8810119628906,2017000,0.0,0.0
2025-12-29 00:00:00-05:00,355.489990234375,356.54998779296875,353.79998779296875,354.6099853515625,352.4932861328125,3989900,0.0,0.0
2025-12-30 00:00:00-05:00,354.0,354.8699951171875,352.6600036621094,353.6199951171875,351.5091857910156,3366500,0.0,0.0
2025-12-31 00:00:00-05:00,353.6499938964844,355.20001220703125,350.69000244140625,350.7099914550781,348.6165771484375,3503200,0.0,0.0
2026-01-02 00:00:00-05:00,349.8699951171875,350.04998779296875,343.4800109863281,346.4800109863281,344.4118347167969,5403800,0.0,0.0
2026-01-05 00:00:00-05:00,344.5,357.5400085449219,344.04998779296875,353.79998779296875,351.6881408691406,7592200,0.0,0.0
2026-01-06 00:00:00-05:00,353.67999267578125,358.6199951171875,352.0,357.55999755859375,355.42572021484375,6775400,0.0,0.0
2026-01-07 00:00:00-05:00,357.1499938964844,358.2799987792969,354.510009765625,355.8800048828125,353.7557067871094,6333900,0.0,0.0
2026-01-08 00:00:00-05:00,355.0,356.3500061035156,349.5,352.2300109863281,350.1275329589844,6357600,0.0,0.0
2026-01-09 00:00:00-05:00,352.1600036621094,354.70001220703125,349.1600036621094,349.7699890136719,347.68218994140625,4902900,0.0,0.0
2026-01-12 00:00:00-05:00,342.7799987792969,346.510009765625,337.32000732421875,343.20001220703125,341.15142822265625,13281300,0.0,0.0
2026-01-13 00:00:00-05:00,337.0,337.5199890136719,323.8299865722656,327.8800048828125,325.9228515625,20383500,0.0,0.0
2026-01-14 00:00:00-05:00,328.6600036621094,329.8999938964844,323.94000244140625,329.1700134277344,327.2052001953125,9388400,0.0,0.0
2026-01-15 00:00:00-05:00,329.3299865722656,331.69000244140625,326.3699951171875,327.75,325.79364013671875,8587700,0.0,0.0
2026-01-16 00:00:00-05:00,326.7799987792969,329.25,325.3999938964844,328.29998779296875,326.34033203125,8341600,0.0,0.0
2026-01-20 00:00:00-05:00,322.2300109863281,328.32000732421875,321.55999755859375,325.82000732421875,323.87518310546875,8279900,0.0,0.0
2026-01-21 00:00:00-05:00,326.42999267578125,328.6700134277344,323.0,325.2799987792969,323.33837890625,8974600,0.0,0.0
2026-01-22 00:00:00-05:00,326.4599914550781,328.3900146484375,324.0,326.3599853515625,324.41192626953125,6938700,0.0,0.0
2026-01-23 00:00:00-05:00,325.8599853515625,327.79998779296875,324.6199951171875,326.17999267578125,324.2330017089844,5667900,0.0,0.0
2026-01-26 00:00:00-05:00,328.0,332.0,325.0299987792969,328.489990234375,326.5292053222656,7540200,0.0,0.0
2026-01-27 00:00:00-05:00,328.4800109863281,328.92999267578125,324.9100036621094,325.260009765625,323.3185119628906,6365800,0.0,0.0
2026-01-28 00:00:00-05:00,326.7300109863281,328.3900146484375,324.8800048828125,326.9800109863281,325.02825927734375,8106000,0.0,0.0
2026-01-29 00:00:00-05:00,330.0,333.3599853515625,323.510009765625,331.79998779296875,329.8194580078125,10214200,0.0,0.0
2026-01-30 00:00:00-05:00,332.2200012207031,333.0,321.6000061035156,321.8299865722656,319.9089660644531,11199100,0.0,0.0
2026-02-02 00:00:00-05:00,324.8299865722656,334.69000244140625,324.1099853515625,333.8399963378906,331.8472900390625,8502400,0.0,0.0
2026-02-03 00:00:00-05:00,331.6499938964844,335.7900085449219,328.8699951171875,328.92999267578125,326.96661376953125,9081200,0.0,0.0
2026-02-04 00:00:00-05:00,327.1099853515625,331.30999755859375,324.4200134277344,329.95001220703125,327.98052978515625,8472300,0.0,0.0
2026-02-05 00:00:00-05:00,333.0,337.5899963378906,328.82000732421875,329.1300048828125,327.1653747558594,8339000,0.0,0.0
2026-02-06 00:00:00-05:00,331.7799987792969,335.1300048828125,327.1000061035156,331.5799865722656,329.6007995605469,7798800,0.0,0.0
2026-02-09 00:00:00-05:00,330.760009765625,332.82000732421875,323.6199951171875,325.5799865722656,323.6365966796875,8513400,0.0,0.0
2026-02-10 00:00:00-05:00,324.7099914550781,329.8800048828125,324.54998779296875,328.1700134277344,326.8838195800781,5801800,0.67,0.0
2026-02-11 00:00:00-05:00,326.9200134277344,331.0400085449219,326.4200134277344,329.239990234375,327.9496154785156,8264300,0.0,0.0
2026-02-12 00:00:00-05:00,328.8900146484375,332.239990234375,324.0,324.17999267578125,322.909423828125,9392600,0.0,0.0
2026-02-13 00:00:00-05:00,323.8299865722656,326.4800109863281,312.82000732421875,314.0799865722656,312.8490295410156,11653900,0.0,0.0
2026-02-17 00:00:00-05:00,314.4100036621094,321.3800048828125,314.4100036621094,319.5,318.247802734375,8591700,0.0,0.0
2026-02-18 00:00:00-05:00,319.5,322.2799987792969,316.7200012207031,320.29998779296875,319.0446472167969,7091900,0.0,0.0
2026-02-19 00:00:00-05:00,317.489990234375,320.20001220703125,315.7300109863281,318.92999267578125,317.6800231933594,5967600,0.0,0.0
2026-02-20 00:00:00-05:00,318.1099853515625,322.3500061035156,317.82000732421875,320.95001220703125,319.692138671875,6831100,0.0,0.0
2026-02-23 00:00:00-05:00,319.0400085449219,320.5199890136719,304.7099914550781,306.5199890136719,305.3186340332031,13048000,0.0,0.0
2026-02-24 00:00:00-05:00,305.5,309.2699890136719,303.0799865722656,307.2200012207031,306.01593017578125,9120200,0.0,0.0
2026-02-25 00:00:00-05:00,308.54998779296875,313.94000244140625,308.25,312.989990234375,311.7632751464844,7624200,0.0,0.0
2026-02-26 00:00:00-05:00,314.4800109863281,319.4200134277344,313.94000244140625,316.70001220703125,315.4587707519531,8725500,0.0,0.0
2026-02-27 00:00:00-05:00,314.4599914550781,320.2300109863281,311.95001220703125,320.1400146484375,318.88531494140625,12412900,0.0,0.0
2026-03-02 00:00:00-05:00,315.5,322.6000061035156,314.6000061035156,320.510009765625,319.25384521484375,6674900,0.0,0.0
2026-03-03 00:00:00-05:00,315.80999755859375,322.0400085449219,314.3500061035156,320.8299865722656,319.57257080078125,5474300,0.0,0.0
2026-03-04 00:00:00-05:00,321.44000244140625,325.7699890136719,319.79998779296875,320.4700012207031,319.2139892578125,5257900,0.0,0.0
2026-03-05 00:00:00-05:00,319.3299865722656,322.79998779296875,314.7699890136719,319.79998779296875,318.5466003417969,8267200,0.0,0.0
2026-03-06 00:00:00-05:00,316.04998779296875,317.69000244140625,312.29998779296875,317.3599853515625,316.1161804199219,6439700,0.0,0.0
2026-03-09 00:00:00-04:00,313.4599914550781,316.3999938964844,310.1499938964844,315.9700012207031,314.73162841796875,8381500,0.0,0.0
2026-03-10 00:00:00-04:00,315.42999267578125,317.1300048828125,311.45001220703125,314.42999267578125,313.1976623535156,5271300,0.0,0.0
2026-03-11 00:00:00-04:00,313.25,315.0799865722656,308.3900146484375,308.9599914550781,307.74908447265625,6376700,0.0,0.0
2026-03-12 00:00:00-04:00,308.1400146484375,310.95001220703125,306.0199890136719,306.5,305.29876708984375,7514900,0.0,0.0
2026-03-13 00:00:00-04:00,307.5899963378906,310.3500061035156,306.4200134277344,307.1400146484375,305.9362487792969,4814100,0.0,0.0
2026-03-16 00:00:00-04:00,307.8500061035156,311.1300048828125,307.3800048828125,310.1099853515625,308.8945617675781,6401200,0.0,0.0
2026-03-17 00:00:00-04:00,311.32000732421875,312.69000244140625,307.3800048828125,308.4599914550781,307.25103759765625,6872200,0.0,0.0
2026-03-18 00:00:00-04:00,307.4100036621094,307.94000244140625,298.5,299.0199890136719,297.8480529785156,7191700,0.0,0.0
2026-03-19 00:00:00-04:00,298.0400085449219,302.4700012207031,297.0299987792969,299.7099914550781,298.53533935546875,6826400,0.0,0.0
2026-03-20 00:00:00-04:00,299.8500061035156,302.9200134277344,299.010009765625,301.6199951171875,300.4378662109375,14398100,0.0,0.0
2026-03-23 00:00:00-04:00,305.20001220703125,307.8500061035156,302.8500061035156,304.44000244140625,303.246826171875,7824500,0.0,0.0
2026-03-24 00:00:00-04:00,302.0,306.0400085449219,300.6199951171875,303.760009765625,302.5694885253906,5375900,0.0,0.0
2026-03-25 00:00:00-04:00,305.4800109863281,308.489990234375,302.1700134277344,304.9100036621094,303.7149658203125,6280900,0.0,0.0
2026-03-26 00:00:00-04:00,304.1600036621094,307.8699951171875,303.0,305.5299987792969,304.33251953125,7652700,0.0,0.0
2026-03-27 00:00:00-04:00,304.32000732421875,304.5899963378906,294.32000732421875,295.5199890136719,294.3617858886719,9974400,0.0,0.0
2026-03-30 00:00:00-04:00,298.7300109863281,300.67999267578125,295.8900146484375,299.5400085449219,298.36602783203125,9330300,0.0,0.0
2026-03-31 00:00:00-04:00,301.6000061035156,303.3399963378906,296.5899963378906,302.239990234375,301.055419921875,10246900,0.0,0.0
2026-04-01 00:00:00-04:00,305.04998779296875,305.04998779296875,293.8900146484375,298.510009765625,297.3400573730469,7707600,0.0,0.0
2026-04-02 00:00:00-04:00,297.79998779296875,302.4700012207031,295.8500061035156,300.79998779296875,299.6210632324219,4376000,0.0,0.0
2026-04-06 00:00:00-04:00,300.739990234375,304.4200134277344,299.4599914550781,303.3299865722656,302.1411437988281,5501000,0.0,0.0
2026-04-07 00:00:00-04:00,302.44000244140625,304.9800109863281,301.1199951171875,302.54998779296875,301.3642272949219,4413900,0.0,0.0
2026-04-08 00:00:00-04:00,307.7300109863281,311.0799865722656,307.70001220703125,308.9599914550781,307.74908447265625,6879300,0.0,0.0
2026-04-09 00:00:00-04:00,308.0,309.5799865722656,303.5899963378906,308.2900085449219,307.08172607421875,4811500,0.0,0.0
2026-04-10 00:00:00-04:00,308.7099914550781,309.0,303.510009765625,304.3599853515625,303.1671142578125,5190000,0.0,0.0
2026-04-13 00:00:00-04:00,303.92999267578125,309.75,302.3399963378906,309.3900146484375,308.17742919921875,6787200,0.0,0.0
2026-04-14 00:00:00-04:00,308.4700012207031,312.1199951171875,307.489990234375,311.3699951171875,310.149658203125,5571000,0.0,0.0
2026-04-15 00:00:00-04:00,313.0,316.7300109863281,311.5199890136719,315.9100036621094,314.671875,4831400,0.0,0.0
2026-04-16 00:00:00-04:00,316.3500061035156,318.0,314.57000732421875,315.1000061035156,313.86505126953125,5695800,0.0,0.0
2026-04-17 00:00:00-04:00,316.6000061035156,319.44000244140625,315.17999267578125,317.0199890136719,315.7774963378906,8082300,0.0,0.0
2026-04-20 00:00:00-04:00,316.3999938964844,317.54998779296875,312.3500061035156,313.94000244140625,312.7095642089844,5506800,0.0,0.0
2026-04-21 00:00:00-04:00,314.010009765625,316.8900146484375,308.82000732421875,309.94000244140625,308.72528076171875,6806900,0.0,0.0
2026-04-22 00:00:00-04:00,311.010009765625,311.3599853515625,308.05999755859375,311.2900085449219,310.0699462890625,5666600,0.0,0.0
2026-04-23 00:00:00-04:00,310.5,312.20001220703125,305.010009765625,308.8800048828125,307.66943359375,7275000,0.0,0.0
2026-04-24 00:00:00-04:00,307.1000061035156,309.9800109863281,304.5,309.4200134277344,308.2073059082031,5616900,0.0,0.0
2026-04-27 00:00:00-04:00,307.510009765625,310.82000732421875,306.05999755859375,309.6499938964844,308.4363708496094,6261500,0.0,0.0
2026-04-28 00:00:00-04:00,312.20001220703125,313.9599914550781,308.739990234375,309.29998779296875,308.0877380371094,8839900,0.0,0.0
2026-04-29 00:00:00-04:00,336.3999938964844,341.9800109863281,333.7900085449219,334.8599853515625,333.5475769042969,16658600,0.0,0.0
2026-04-30 00:00:00-04:00,332.1199951171875,332.5,328.0799865722656,329.8399963378906,328.5472412109375,11241100,0.0,0.0
2026-05-01 00:00:00-04:00,332.8800048828125,335.8500061035156,327.92999267578125,328.0299987792969,326.7443542480469,6726100,0.0,0.0
2026-05-04 00:00:00-04:00,328.0,329.7900085449219,325.3999938964844,326.8500061035156,325.5690002441406,6712400,0.0,0.0
2026-05-05 00:00:00-04:00,325.1099853515625,325.5799865722656,319.6499938964844,322.0299987792969,320.76788330078125,5893200,0.0,0.0
2026-05-06 00:00:00-04:00,323.75,324.5799865722656,318.0,318.79998779296875,317.5505065917969,7808400,0.0,0.0
2026-05-07 00:00:00-04:00,319.5400085449219,323.69000244140625,319.5400085449219,321.2799987792969,320.0207824707031,7186100,0.0,0.0
2026-05-08 00:00:00-04:00,320.989990234375,321.07000732421875,316.1600036621094,318.7900085449219,317.54058837890625,5950200,0.0,0.0
2026-05-11 00:00:00-04:00,319.1000061035156,325.17999267578125,318.010009765625,323.8599853515625,322.5906982421875,9586200,0.0,0.0
2026-05-12 00:00:00-04:00,324.32000732421875,328.9100036621094,324.20001220703125,326.4200134277344,325.8147277832031,6235200,0.67,0.0
2026-05-13 00:00:00-04:00,323.7900085449219,325.4200134277344,319.79998779296875,320.30999755859375,319.7160339355469,7950400,0.0,0.0
2026-05-14 00:00:00-04:00,321.3699951171875,323.3299865722656,320.25,322.5199890136719,321.92193603515625,5277400,0.0,0.0
2026-05-15 00:00:00-04:00,324.0,329.010009765625,323.8399963378906,325.75,325.1459655761719,6054500,0.0,0.0
2026-05-18 00:00:00-04:00,324.42999267578125,333.42999267578125,323.7699890136719,332.6400146484375,332.023193359375,5305800,0.0,0.0
2026-05-19 00:00:00-04:00,333.3299865722656,335.1700134277344,329.489990234375,329.9100036621094,329.2982482910156,12858100,0.0,0.0
2026-05-20 00:00:00-04:00,330.0899963378906,331.6600036621094,326.82000732421875,330.75,330.1366882324219,9422500,0.0,0.0
2026-05-21 00:00:00-04:00,329.8399963378906,332.5199890136719,327.239990234375,331.1199951171875,330.5060119628906,7034500,0.0,0.0
2026-05-22 00:00:00-04:00,330.5199890136719,333.42999267578125,328.82000732421875,328.8800048828125,328.2701721191406,7462100,0.0,0.0
2026-05-26 00:00:00-04:00,326.4599914550781,328.5,324.510009765625,326.4800109863281,325.8746337890625,8705100,0.0,0.0
2026-05-27 00:00:00-04:00,325.8299865722656,331.4599914550781,325.6600036621094,327.6099853515625,327.00250244140625,5917400,0.0,0.0
2026-05-28 00:00:00-04:00,326.010009765625,327.0799865722656,320.8999938964844,324.95001220703125,324.3474426269531,8105400,0.0,0.0
2026-05-29 00:00:00-04:00,325.5,331.6700134277344,325.3500061035156,326.3599853515625,325.75482177734375,14104500,0.0,0.0
2026-06-01 00:00:00-04:00,327.260009765625,327.8599853515625,318.67999267578125,322.7699890136719,322.1714782714844,10079300,0.0,0.0
2026-06-02 00:00:00-04:00,322.510009765625,323.5,313.3900146484375,317.32000732421875,316.7315979003906,10125300,0.0,0.0
2026-06-03 00:00:00-04:00,317.6499938964844,317.6499938964844,309.0,312.3999938964844,311.8207092285156,8992800,0.0,0.0
2026-06-04 00:00:00-04:00,316.7900085449219,324.760009765625,316.70001220703125,320.17999267578125,319.5862731933594,6981700,0.0,0.0
2026-06-05 00:00:00-04:00,322.3999938964844,325.9800109863281,320.9700012207031,323.57000732421875,322.9700012207031,7176300,0.0,0.0
2026-06-08 00:00:00-04:00,321.3500061035156,323.9200134277344,318.42999267578125,319.6700134277344,319.0772399902344,5582000,0.0,0.0
2026-06-09 00:00:00-04:00,318.6600036621094,325.489990234375,317.0,325.04998779296875,324.4472351074219,6340400,0.0,0.0
2026-06-10 00:00:00-04:00,326.6199951171875,326.8999938964844,320.17999267578125,322.9599914550781,322.3611145019531,5793100,0.0,0.0
2026-06-11 00:00:00-04:00,322.0,323.7099914550781,317.9599914550781,319.04998779296875,318.4583740234375,5958900,0.0,0.0
2026-06-12 00:00:00-04:00,321.760009765625,325.92999267578125,319.79998779296875,322.3900146484375,321.7922058105469,5543200,0.0,0.0
2026-06-15 00:00:00-04:00,323.3599853515625,326.44000244140625,322.75,323.82000732421875,323.21954345703125,6803000,0.0,0.0
2026-06-16 00:00:00-04:00,325.69000244140625,333.2900085449219,324.3800048828125,333.1199951171875,332.5022888183594,9248400,0.0,0.0
2026-06-17 00:00:00-04:00,333.5,336.82000732421875,329.9700012207031,330.3800048828125,329.76739501953125,6895200,0.0,0.0
2026-06-18 00:00:00-04:00,331.0,332.3299865722656,327.0,327.239990234375,326.6331787109375,14716700,0.0,0.0
2026-06-22 00:00:00-04:00,328.3299865722656,333.0,325.8599853515625,326.6000061035156,325.994384765625,15132400,0.0,0.0
2026-06-23 00:00:00-04:00,328.82000732421875,331.2799987792969,328.0899963378906,328.4800109863281,327.87091064453125,11113400,0.0,0.0
2026-06-24 00:00:00-04:00,329.0,334.79998779296875,327.2200012207031,332.2300109863281,331.61395263671875,8197200,0.0,0.0
2026-06-25 00:00:00-04:00,332.55999755859375,339.94000244140625,330.07000732421875,330.5199890136719,329.9071044921875,7050200,0.0,0.0
2026-06-26 00:00:00-04:00,332.239990234375,339.7200012207031,331.44000244140625,336.2300109863281,335.6065368652344,16717400,0.0,0.0
2026-06-29 00:00:00-04:00,338.2699890136719,345.80999755859375,338.2699890136719,341.6499938964844,341.0164794921875,11710900,0.0,0.0
2026-06-30 00:00:00-04:00,341.760009765625,344.2900085449219,339.0799865722656,343.0899963378906,342.45379638671875,7957900,0.0,0.0
2026-07-01 00:00:00-04:00,344.55999755859375,353.3599853515625,340.9800109863281,351.0799865722656,350.4289855957031,13025900,0.0,0.0
2026-07-02 00:00:00-04:00,352.510009765625,362.1300048828125,352.510009765625,362.1300048828125,361.45849609375,9814800,0.0,0.0
2026-07-06 00:00:00-04:00,363.0,365.0199890136719,348.8500061035156,357.25,356.5875549316406,11623800,0.0,0.0
2026-07-07 00:00:00-04:00,348.3900146484375,356.0799865722656,346.9200134277344,352.20001220703125,351.54693603515625,7332500,0.0,0.0
2026-07-08 00:00:00-04:00,350.29998779296875,351.6000061035156,345.69000244140625,347.5299987792969,346.88555908203125,10215200,0.0,0.0
2026-07-09 00:00:00-04:00,345.29998779296875,348.5,344.4200134277344,348.20001220703125,347.5543518066406,6606300,0.0,0.0
2026-07-10 00:00:00-04:00,350.6300048828125,351.1700134277344,345.3299865722656,348.9700012207031,348.3229064941406,4702800,0.0,0.0
2026-07-13 00:00:00-04:00,351.7300109863281,359.489990234375,351.04998779296875,357.75,357.08660888671875,9964600,0.0,0.0
2026-07-14 00:00:00-04:00,355.7699890136719,359.94000244140625,353.67999267578125,356.0199890136719,355.3598327636719,6632400,0.0,0.0
2026-07-15 00:00:00-04:00,354.0,360.42999267578125,349.1199951171875,355.1400146484375,354.4814758300781,8850000,0.0,0.0
2026-07-16 00:00:00-04:00,358.0400085449219,365.1400146484375,357.1099853515625,365.1400146484375,364.4629211425781,9073200,0.0,0.0
2026-07-17 00:00:00-04:00,363.57000732421875,364.6300048828125,357.0,358.55999755859375,357.8951110839844,7400400,0.0,0.0
2026-07-20 00:00:00-04:00,357.1000061035156,363.0,356.42999267578125,360.57000732421875,359.9013977050781,7616800,0.0,0.0
2026-07-21 00:00:00-04:00,356.989990234375,359.1199951171875,354.69000244140625,355.82000732421875,355.16021728515625,6027300,0.0,0.0
2026-07-22 00:00:00-04:00,356.57000732421875,357.5299987792969,352.2699890136719,353.4200134277344,352.7646789550781,4622200,0.0,0.0
2026-07-23 00:00:00-04:00,352.04998779296875,352.04998779296875,348.5,351.6000061035156,350.9480285644531,4183300,0.0,0.0
2026-07-24 00:00:00-04:00,353.4700012207031,355.8399963378906,351.04998779296875,355.739990234375,355.0803527832031,4482800,0.0,0.0
2026-07-27 00:00:00-04:00,359.3500061035156,363.6600036621094,358.25,362.5299987792969,361.8577575683594,6631100,0.0,0.0
2026-07-28 00:00:00-04:00,365.05999755859375,371.1600036621094,362.7300109863281,366.5899963378906,365.91021728515625,11061900,0.0,0.0
2026-07-29 00:00:00-04:00,357.0,373.9700012207031,355.4800109863281,368.7300109863281,368.0462646484375,11289900,0.0,0.0
2026-07-30 00:00:00-04:00,365.0,367.0,360.75,366.2699890136719,365.5908203125,8391400,0.0,0.0
2026-07-31 00:00:00-04:00,363.760009765625,366.8800048828125,360.1000061035156,366.1300048828125,365.4510803222656,7828400,0.0,0.0
2026-08-03 00:00:00-04:00,368.5,371.9700012207031,364.3500061035156,365.6700134277344,364.991943359375,5521300,0.0,0.0
2026-08-04 00:00:00-04:00,361.760009765625,371.1099853515625,360.0899963378906,369.5899963378906,368.9046630859375,7497500,0.0,0.0
2026-08-05 00:00:00-04:00,372.29998779296875,372.3999938964844,366.7200012207031,368.5400085449219,367.85662841796875,6065300,0.0,0.0
2026-08-06 00:00:00-04:00,369.57000732421875,371.1000061035156,365.25,370.4700012207031,369.7830505371094,5022300,0.0,0.0
2026-08-07 00:00:00-04:00,368.510009765625,370.25,361.5199890136719,362.5,361.82781982421875,5112500,0.0,0.0
2026-08-10 00:00:00-04:00,362.0,364.1700134277344,358.8699951171875,361.32000732421875,360.6500244140625,7552200,0.0,0.0
2026-08-11 00:00:00-04:00,360.9800109863281,364.54998779296875,359.9700012207031,362.82000732421875,362.82000732421875,4440900,0.67,0.0
2026-08-12 00:00:00-04:00,361.0,363.3500061035156,358.30999755859375,359.4200134277344,359.4200134277344,3794200,0.0,0.0
2026-08-13 00:00:00-04:00,363.70001220703125,365.45001220703125,358.7099914550781,365.45001220703125,365.45001220703125,8142600,0.0,0.0
2026-08-14 00:00:00-04:00,365.8900146484375,366.79998779296875,362.760009765625,364.1499938964844,364.1499938964844,8106900,0.0,0.0
2026-08-17 00:00:00-04:00,362.8399963378906,363.55999755859375,358.5199890136719,358.8399963378906,358.8399963378906,15543400,0.0,0.0
2026-08-18 00:00:00-04:00,359.6199951171875,365.9100036621094,358.04998779296875,364.25,364.25,6820300,0.0,0.0
2026-08-19 00:00:00-04:00,364.0899963378906,370.6400146484375,362.8999938964844,365.5400085449219,365.5400085449219,5866400,0.0,0.0
2026-08-20 00:00:00-04:00,365.1000061035156,368.92999267578125,363.6300048828125,365.7300109863281,365.7300109863281,6151500,0.0,0.0
2026-08-21 00:00:00-04:00,367.8699951171875,371.79998779296875,366.6600036621094,371.0400085449219,371.0400085449219,6667100,0.0,0.0
2026-08-24 00:00:00-04:00,373.260009765625,383.42999267578125,372.2099914550781,382.4100036621094,382.4100036621094,8477500,0.0,0.0
2026-08-25 00:00:00-04:00,381.2099914550781,384.20001220703125,380.2699890136719,384.1400146484375,384.1400146484375,6777600,0.0,0.0
2026-08-26 00:00:00-04:00,384.1400146484375,385.57000732421875,381.0799865722656,383.8999938964844,383.8999938964844,6075100,0.0,0.0
2026-08-27 00:00:00-04:00,381.1400146484375,381.7699890136719,378.5,379.6600036621094,379.6600036621094,6641500,0.0,0.0
2026-08-28 00:00:00-04:00,380.29998779296875,383.67999267578125,379.0299987792969,381.6000061035156,381.6000061035156,4643000,0.0,0.0
2026-08-31 00:00:00-04:00,381.3500061035156,382.4800109863281,378.79998779296875,379.3699951171875,379.3699951171875,6744800,0.0,0.0
2026-09-01 00:00:00-04:00,379.6499938964844,380.75,372.2200012207031,372.6700134277344,372.6700134277344,5857400,0.0,0.0
2026-09-02 00:00:00-04:00,374.010009765625,380.1700134277344,374.010009765625,378.3999938964844,378.3999938964844,5599900,0.0,0.0
2026-09-03 00:00:00-04:00,380.1700134277344,382.2099914550781,376.8599853515625,378.75,378.75,3869500,0.0,0.0
2026-09-04 00:00:00-04:00,374.8900146484375,377.5,373.6400146484375,375.07000732421875,375.07000732421875,4645100,0.0,0.0
2026-09-08 00:00:00-04:00,371.6000061035156,373.5,367.44000244140625,368.6400146484375,368.6400146484375,4929000,0.0,0.0
2026-09-09 00:00:00-04:00,368.45001220703125,369.4800109863281,365.8800048828125,367.3900146484375,367.3900146484375,4479800,0.0,0.0
2026-09-10 00:00:00-04:00,366.3999938964844,368.0,365.5199890136719,367.2099914550781,367.2099914550781,3800200,0.0,0.0
2026-09-11 00:00:00-04:00,368.9200134277344,371.80999755859375,367.9800109863281,370.45001220703125,370.45001220703125,3492700,0.0,0.0
2026-09-14 00:00:00-04:00,375.07000732421875,377.1700134277344,371.6700134277344,375.2799987792969,375.2799987792969,6198200,0.0,0.0
2026-09-15 00:00:00-04:00,374.82000732421875,376.3699951171875,372.82000732421875,375.6199951171875,375.6199951171875,5014000,0.0,0.0
2026-09-16 00:00:00-04:00,374.9599914550781,376.4700012207031,368.1199951171875,370.92999267578125,370.92999267578125,7202300,0.0,0.0
2026-09-17 00:00:00-04:00,371.3800048828125,372.4800109863281,368.3900146484375,369.92999267578125,369.92999267578125,4710000,0.0,0.0
