date,open,high,low,close,volume
2016-04-22,36.8906,37.387,36.2192,36.5861,140798000
2016-04-25,36.4661,36.9387,36.4537,36.8063,49442000
2016-04-26,36.9159,36.9739,35.7208,35.9712,55864000
2016-04-27,35.9687,36.0595,35.1634,35.7773,66262000
2016-04-28,35.8681,36.1641,34.8718,34.964,62590000
2016-04-29,34.9174,35.3136,34.9005,35.1039,58278000
2016-05-02,35.3042,35.4773,35.0285,35.4277,33476000
2016-05-03,35.333,35.3761,35.0766,35.1316,38620000
2016-05-04,35.0488,35.4594,34.9139,35.2769,34172000
2016-05-05,35.457,35.5834,35.1817,35.4426,29668000
2016-05-06,35.3181,36.0019,35.3057,35.9618,39952000
2016-05-09,36.0372,36.4135,35.8785,36.1577,38074000
2016-05-10,36.4468,36.6967,36.2806,36.666,32634000
2016-05-11,36.7225,36.7364,36.0967,36.2281,29834000
2016-05-12,36.3,36.4671,35.9166,36.1051,27094000
2016-05-13,36.0332,36.2648,35.879,35.9444,25244000
2016-05-16,35.9191,36.3337,35.7049,36.2157,22538000
2016-05-17,36.2534,36.4909,35.6057,35.7143,33404000
2016-05-18,35.6305,35.9811,35.4579,35.7932,32536000
2016-05-19,35.6206,35.7297,35.2244,35.4723,30598000
2016-05-20,35.5294,36.0867,35.4574,35.7897,34798000
2016-05-23,35.7039,35.8785,35.5532,35.5685,24816000
2016-05-24,35.6975,36.4091,35.6875,36.3511,37884000
2016-05-25,36.4488,36.6912,36.3297,36.6025,32216000
2016-05-26,36.4983,36.7513,36.3496,36.5445,27202000
2016-05-27,36.5732,37.089,36.5484,37.0736,34802000
2016-05-31,37.1311,37.3652,36.9729,37.1356,42484000
2016-06-01,37.1167,37.2605,36.9119,37.1162,20788000
2016-06-02,36.9992,37.0587,36.5479,36.9084,33916000
2016-06-03,36.7706,36.7706,36.3947,36.4914,24608000
2016-06-06,36.6223,36.6223,36.116,36.2038,29992000
2016-06-07,36.363,36.5336,36.2405,36.2549,24314000
2016-06-08,36.6719,36.8856,36.4869,36.842,32314000
2016-06-09,36.5514,36.8916,36.5231,36.8217,19180000
2016-06-10,36.4959,36.6788,36.2261,36.359,29050000
2016-06-13,36.1919,36.6471,36.1919,36.294,23354000
2016-06-14,36.1666,36.4983,36.0272,36.362,26584000
2016-06-15,36.4448,36.5554,36.2658,36.3094,23234000
2016-06-16,36.0996,36.2201,35.4837,35.9157,45002000
2016-06-17,35.7738,35.7738,34.7686,34.9239,82262000
2016-06-20,35.2244,35.5001,34.9814,35.0171,45654000
2016-06-21,35.2115,35.4758,34.9442,35.1535,30318000
2016-06-22,35.4098,35.4178,35.0047,35.2323,29058000
2016-06-23,35.2363,35.451,34.7255,35.4505,42500000
2016-06-24,34.2256,34.9611,33.9648,33.9792,95436000
2016-06-27,33.8448,33.8864,33.3573,33.7778,58146000
2016-06-28,34.2851,34.3531,33.9618,34.2797,38246000
2016-06-29,34.4284,34.6883,34.3501,34.4746,43124000
2016-06-30,34.5966,34.9,34.4602,34.8881,42250000
2016-07-01,34.966,35.3345,34.8981,35.2214,30984000
2016-07-05,34.9615,35.1158,34.67,34.9556,28440000
2016-07-06,34.7052,35.3578,34.6635,35.1579,28902000
2016-07-07,35.2145,35.2174,34.7463,35.0731,21174000
2016-07-08,35.2368,35.6008,35.1153,35.5948,29946000
2016-07-11,35.6761,36.1477,35.6489,36.0619,28822000
2016-07-12,36.296,36.4785,36.0768,36.3253,26468000
2016-07-13,36.4745,36.4745,36.1522,36.175,20436000
2016-07-14,36.3962,36.5053,36.2301,36.4884,21408000
2016-07-15,36.7463,36.7463,36.4309,36.48,32342000
2016-07-18,36.5931,37.4475,36.5236,37.3513,38698000
2016-07-19,37.1862,37.5194,37.1177,37.3617,30436000
2016-07-20,37.3934,37.7202,37.3934,37.5437,22502000
2016-07-21,37.5397,37.5968,37.268,37.4113,19062000
2016-07-22,37.5556,37.6612,37.3245,37.6528,20920000
2016-07-25,37.5735,37.6796,37.3944,37.5655,21466000
2016-07-26,37.5655,37.6518,37.329,37.572,23792000
2016-07-27,37.6374,37.9092,37.4867,37.7862,32172000
2016-07-28,38.1269,38.1333,37.6434,37.9781,73464000
2016-07-29,39.5586,39.8675,39.1762,39.2427,101810000
2016-08-01,39.0111,40.0435,38.9302,39.7187,60594000
2016-08-02,39.5397,39.7872,39.4009,39.6781,39928000
2016-08-03,39.4971,39.6493,39.326,39.6186,29206000
2016-08-04,39.5848,39.682,39.3706,39.5357,21520000
2016-08-05,39.6776,40.0301,39.5635,40.0158,36146000
2016-08-08,39.9696,40.049,39.7559,39.9315,24426000
2016-08-09,39.8948,40.3332,39.8734,40.043,32154000
2016-08-10,40.0217,40.2117,39.994,40.0931,18370000
2016-08-11,40.1913,40.3604,39.9697,40.0788,25646000
2016-08-12,39.9245,40.0287,39.8526,40.0217,17946000
2016-08-15,40.0058,40.2114,39.8482,39.9438,18596000
2016-08-16,39.8219,39.8596,39.4997,39.7074,21158000
2016-08-17,39.6484,39.9275,39.4651,39.917,21322000
2016-08-18,39.9141,40.0449,39.7292,39.7847,17292000
2016-08-19,39.638,39.7094,39.4938,39.6311,22416000
2016-08-22,39.5746,39.6137,39.3674,39.4973,17056000
2016-08-23,39.6722,39.698,39.4497,39.4794,18350000
2016-08-24,39.4928,39.5721,39.1905,39.3312,25672000
2016-08-25,39.2519,39.3867,39.0155,39.2173,24054000
2016-08-26,39.2762,39.6187,39.1236,39.3124,24978000
2016-08-29,39.304,39.5751,39.1687,39.4413,15474000
2016-08-30,39.2956,39.5493,39.1266,39.248,23348000
2016-08-31,39.133,39.2306,39.0141,39.1454,21428000
2016-09-01,39.2509,39.296,38.9709,39.2222,26070000
2016-09-02,39.414,39.5047,39.3144,39.4933,26998000
2016-09-06,39.5432,40.1623,39.3966,40.0202,39790000
2016-09-07,40.0157,40.148,39.8072,40.0187,22906000
2016-09-08,39.8815,40.04,39.673,39.7636,23554000
2016-09-09,39.562,39.7096,39.0311,39.0524,37752000
2016-09-12,38.8563,39.6314,38.8057,39.5645,37274000
2016-09-13,39.3263,39.4145,38.8469,39.0643,36180000
2016-09-14,39.0053,39.4412,39.0053,39.1505,25842000
2016-09-15,39.1282,39.8037,39.0613,39.6839,31144000
2016-09-16,39.5744,39.5744,39.307,39.5224,42612000
2016-09-19,39.6779,39.8206,39.304,39.3946,22990000
2016-09-20,39.623,39.7592,39.5368,39.6121,20984000
2016-09-21,39.6854,39.9157,39.4263,39.8721,26970000
2016-09-22,40.1182,40.567,40.0048,40.4129,35186000
2016-09-23,40.3728,40.4649,40.2535,40.3639,28234000
2016-09-26,40.1093,40.1222,39.6452,39.7542,29454000
2016-09-27,39.7136,40.2911,39.7136,40.1544,27346000
2016-09-28,39.825,40.1306,39.7606,40.1212,29406000
2016-09-29,39.9811,40.3119,39.6656,39.7537,27000000
2016-09-30,39.8013,40.0237,39.6973,39.8241,33204000
2016-10-03,39.7493,39.7983,39.4362,39.6418,29784000
2016-10-04,39.8706,39.9449,39.6066,39.7611,25174000
2016-10-05,39.9201,40.044,39.6581,39.6839,24276000
2016-10-06,39.825,39.9672,39.6482,39.7755,21998000
2016-10-07,39.9167,39.9172,39.4655,39.6581,23262000
2016-10-10,39.8176,40.4838,39.7339,40.3248,29922000
2016-10-11,40.3248,40.6066,39.988,40.097,34432000
2016-10-12,40.2153,40.3411,40.0464,40.2059,18158000
2016-10-13,39.9236,39.9479,39.5546,39.825,27380000
2016-10-14,39.9919,40.1227,39.7379,39.8508,22238000
2016-10-17,39.9196,40.2911,39.8127,39.9617,21128000
2016-10-18,40.3268,41.0499,40.2832,40.6873,45786000
2016-10-19,40.7562,41.0989,40.7562,40.9523,30002000
2016-10-20,40.988,41.033,40.6408,40.6943,27878000
2016-10-21,40.6135,40.826,40.5298,40.8146,32316000
2016-10-24,41.1133,41.5021,41.0613,41.3931,28952000
2016-10-25,41.5298,41.5298,40.876,41.037,37814000
2016-10-26,40.9662,40.9954,40.4328,40.7175,35898000
2016-10-27,40.7626,40.9394,40.3466,40.4823,59470000
2016-10-28,41.1059,41.5546,40.465,40.5917,87098000
2016-10-31,40.7339,40.7438,40.0192,40.1133,44854000
2016-11-01,40.1613,40.3144,39.5368,39.8944,47118000
2016-11-02,39.9578,39.9578,38.88,39.0494,47014000
2016-11-03,38.8553,39.1277,38.5645,38.7408,43504000
2016-11-04,38.2015,39.0524,38.1866,38.6869,39412000
2016-11-07,39.3728,39.8706,39.2713,39.7235,39852000
2016-11-08,39.7235,40.4174,39.6041,40.2163,35382000
2016-11-09,39.7136,40.2029,39.2287,39.8998,61970000
2016-11-10,40.1182,40.1212,38.0494,38.6467,118192000
2016-11-11,38.4744,38.4982,37.9162,38.2238,71852000
2016-11-14,38.2243,38.2253,36.829,37.306,73766000
2016-11-15,37.9127,38.6443,37.9004,38.3927,58878000
2016-11-16,38.1579,38.8057,37.9553,38.6314,35968000
2016-11-17,38.7562,39.0732,38.625,38.9375,30674000
2016-11-18,38.9875,39.1916,38.4021,38.4328,36126000
2016-11-21,38.5383,38.9568,38.4491,38.8701,32616000
2016-11-22,39.0777,39.3144,38.8176,38.88,27884000
2016-11-23,39.1039,39.1039,38.2684,38.5829,26260000
2016-11-25,38.7617,38.776,38.5427,38.6438,12270000
2016-11-28,38.5507,39.6101,38.5383,38.9192,51508000
2016-11-29,39.0474,39.4466,38.8969,39.0999,31240000
2016-11-30,39.0831,39.2025,38.2931,38.4283,45582000
2016-12-01,38.5606,38.563,37.3129,37.8563,57342000
2016-12-02,37.7359,38.1619,37.5923,37.8627,34376000
2016-12-05,38.1371,38.6324,37.987,38.5442,33770000
2016-12-06,38.6418,38.8939,38.3015,38.4432,34682000
2016-12-07,38.6299,39.2267,38.3119,39.2005,40588000
2016-12-08,39.2738,39.5734,39.0242,39.3837,32250000
2016-12-09,39.5883,40.1158,39.5264,40.091,38090000
2016-12-12,39.8617,40.1851,39.8473,40.0142,32572000
2016-12-13,40.2366,40.8265,40.2143,40.3827,42564000
2016-12-14,40.4115,40.8245,40.2559,40.509,35994000
2016-12-15,40.4828,40.7621,40.2173,40.3981,35394000
2016-12-16,40.5298,40.5739,40.0251,40.1103,51978000
2016-12-19,40.0826,40.4263,39.8458,40.2421,25272000
2016-12-20,40.2852,40.4397,40.1678,40.3758,25438000
2016-12-21,40.4016,40.4016,39.8756,40.2272,29192000
2016-12-22,40.0737,40.1712,39.9216,40.1024,22632000
2016-12-23,40.0197,40.1663,39.8761,40.0093,15310000
2016-12-27,40.0529,40.4154,39.9102,40.1148,19520000
2016-12-28,40.2832,40.2832,39.7438,39.8493,24296000
2016-12-29,39.7384,39.9077,39.5308,39.7656,21148000
2016-12-30,39.782,39.7859,39.1089,39.249,34718000
2017-01-03,39.6537,40.1896,39.4689,40.0197,39180000
2017-01-04,40.1128,40.2881,39.8265,40.0078,30306000
2017-01-05,39.9944,40.3035,39.9162,40.2678,26810000
2017-01-06,40.3654,41.0573,40.1925,40.8716,40342000
2017-01-09,40.929,41.1301,40.6938,40.9692,28178000
2017-01-10,40.9637,41.0796,40.7691,40.9112,23948000
2017-01-11,40.9414,41.1039,40.6863,41.1019,26508000
2017-01-12,41.0286,41.1276,40.6636,41.0855,26990000
2017-01-13,41.1583,41.3391,41.085,41.1554,25804000
2017-01-17,41.1088,41.1177,40.772,40.983,28818000
2017-01-18,41.0989,41.0994,40.8156,41.0603,20554000
2017-01-19,41.0593,41.2574,40.8097,40.83,21410000
2017-01-20,41.0638,41.0712,40.8414,41.0182,26124000
2017-01-23,41.1886,41.8785,41.0444,41.8235,49148000
2017-01-24,41.9498,42.1747,41.717,42.0761,33768000
2017-01-25,42.2752,42.5347,42.0865,42.5179,33108000
2017-01-26,42.5476,42.6442,42.1252,42.4451,69866000
2017-01-27,42.5452,42.9414,41.6982,41.8532,75050000
2017-01-30,41.4585,41.4669,40.6645,40.8032,70338000
2017-01-31,40.5888,40.7656,40.2866,40.6229,40404000
2017-02-01,40.8117,40.8117,40.2297,40.3778,45020000
2017-02-02,40.3659,40.8394,40.2198,40.5274,33784000
2017-02-03,40.7686,40.9171,40.5813,40.62,30562000
2017-02-06,40.6591,40.7319,40.3307,40.6938,27018000
2017-02-07,40.8859,41.2039,40.7765,41.0707,33332000
2017-02-08,41.1351,41.3193,40.8666,41.1029,26044000
2017-02-09,41.1945,41.2069,40.9355,41.1118,23884000
2017-02-10,41.2549,41.463,41.1341,41.349,28302000
2017-02-13,41.4902,41.6903,41.4184,41.5526,25914000
2017-02-14,41.5927,41.7032,41.3976,41.6056,27266000
2017-02-15,41.5452,41.6918,41.4169,41.4714,27144000
2017-02-16,41.5298,41.7373,41.4684,41.7116,20102000
2017-02-17,41.669,41.9478,41.5932,41.9285,29224000
2017-02-21,41.9998,42.2084,41.9285,42.0632,25206000
2017-02-22,42.0003,42.2871,41.9364,42.1668,24488000
2017-02-23,42.1529,42.2292,41.7279,42.1489,27734000
2017-02-24,41.983,42.0182,41.7507,41.9909,26924000
2017-02-27,41.8493,42.1326,41.7532,42.0831,20206000
2017-02-28,41.9681,42.0415,41.6754,41.8483,27662000
2017-03-01,42.1678,42.4956,42.0509,42.4337,36374000
2017-03-02,42.4119,42.4208,42.036,42.092,25018000
2017-03-03,42.0469,42.14,41.8374,42.0538,20100000
2017-03-06,41.9439,42.0469,41.662,41.9642,20958000
2017-03-07,41.9637,42.2643,41.8775,42.1564,20774000
2017-03-08,42.2539,42.4426,42.1613,42.2797,20576000
2017-03-09,42.2822,42.6298,42.2316,42.4877,26954000
2017-03-10,42.7284,42.8042,42.4763,42.6645,26732000
2017-03-13,42.6358,42.9478,42.6353,42.8215,23332000
2017-03-14,42.7804,42.9701,42.6011,42.8874,21234000
2017-03-15,42.9879,43.084,42.6591,43.0102,26658000
2017-03-16,43.1162,43.2242,42.9671,43.09,22090000
2017-03-17,43.2722,43.3089,43.0092,43.2073,37366000
2017-03-20,43.0642,43.1068,42.826,42.9865,30844000
2017-03-21,43.0929,43.2618,41.985,42.1063,50760000
2017-03-22,42.0736,42.3644,41.9508,42.0895,27334000
2017-03-23,41.673,41.6878,41.2574,41.5868,65754000
2017-03-24,41.7032,41.8022,41.0642,41.3634,42114000
2017-03-27,41.0142,41.6725,40.8265,41.5303,38692000
2017-03-28,41.5888,41.8716,41.2213,41.6353,30384000
2017-03-29,41.7403,42.1781,41.6725,42.093,29146000
2017-03-30,42.1975,42.1985,41.9394,42.0736,18988000
2017-03-31,41.9424,42.0776,41.8636,41.9904,28820000
2017-04-03,42.0375,42.5452,41.9771,42.4337,39388000
2017-04-04,42.0003,42.248,41.9761,42.2267,26970000
2017-04-05,42.3327,42.6239,41.9766,42.0454,37104000
2017-04-06,42.0746,42.2772,41.8022,41.8567,30672000
2017-04-07,41.8518,41.8953,41.4704,41.7081,22232000
2017-04-10,41.6804,41.9379,41.6432,41.6883,20924000
2017-04-11,41.6883,41.8334,41.3366,41.5982,19486000
2017-04-12,41.5278,41.7884,41.4847,41.6764,22716000
2017-04-13,41.6556,41.7889,41.4976,41.613,21474000
2017-04-17,41.6725,42.3787,41.6551,42.3535,20982000
2017-04-18,42.2252,42.4654,42.1613,42.297,18724000
2017-04-19,42.4654,42.6046,42.2742,42.4218,21606000
2017-04-20,42.5818,42.7893,42.4709,42.5987,23776000
2017-04-21,42.6254,42.7155,42.4823,42.5427,23458000
2017-04-24,43.0127,43.5833,42.8973,43.5323,33930000
2017-04-25,43.6972,44.192,43.5496,44.0231,40760000
2017-04-26,44.1494,44.2286,43.8403,44.038,26466000
2017-04-27,44.0805,44.2479,43.9409,44.1519,46846000
2017-04-28,46.0122,46.3539,45.7259,45.7903,76918000
2017-05-01,45.772,46.35,45.606,46.2014,46556000
2017-05-02,46.2237,46.7051,46.1112,46.4128,35026000
2017-05-03,46.3613,47.0622,46.3197,46.9755,36496000
2017-05-04,47.0666,47.505,46.922,47.286,38752000
2017-05-05,47.3851,47.4703,46.9582,47.0661,32310000
2017-05-08,46.926,47.5966,46.9235,47.4827,37534000
2017-05-09,47.6134,47.6565,47.2702,47.3846,33758000
2017-05-10,47.3603,47.3846,47.0443,47.292,22920000
2017-05-11,47.1162,47.448,46.9834,47.344,20622000
2017-05-12,47.4411,47.4475,47.1543,47.3068,24298000
2017-05-15,47.3143,47.6813,47.1919,47.5089,26754000
2017-05-16,47.7234,47.8398,47.5649,47.7759,22030000
2017-05-17,47.5327,47.5966,46.56,46.6645,48982000
2017-05-18,46.7155,47.2593,46.6199,47.077,36010000
2017-05-19,47.1919,47.5258,47.1513,47.2826,27206000
2017-05-22,47.399,47.7863,47.3772,47.7491,27748000
2017-05-23,48.0409,48.2662,47.7704,48.0701,30908000
2017-05-24,48.3034,48.445,48.1236,48.4198,22660000
2017-05-25,48.4886,49.3197,48.4302,49.1255,39082000
2017-05-26,49.1325,49.3499,48.9027,49.1954,32728000
2017-05-30,49.1572,49.4108,49.1008,49.339,30324000
2017-05-31,49.341,49.5089,48.6213,48.8893,34482000
2017-06-01,49.081,49.1889,48.602,48.9487,26128000
2017-06-02,48.9636,49.3544,48.8883,49.3365,34710000
2017-06-05,49.4242,49.8952,49.3033,49.7209,27578000
2017-06-06,49.6926,49.9551,49.2712,49.3643,31042000
2017-06-07,49.4836,49.7224,49.3241,49.603,27482000
2017-06-08,49.7382,49.8061,49.3613,49.7407,33758000
2017-06-09,49.8006,49.8011,47.2192,48.0488,72958000
2017-06-12,47.4842,47.9438,46.3985,47.6372,84042000
2017-06-13,48.1439,48.4346,47.6471,48.0676,40108000
2017-06-14,48.3153,48.5233,47.5233,47.9403,30110000
2017-06-15,46.9542,47.5812,46.5753,47.5565,48552000
2017-06-16,47.444,47.5451,46.9879,47.4792,51184000
2017-06-19,48.0255,48.5035,47.9537,48.3014,29376000
2017-06-20,48.3058,48.5773,47.9537,47.9928,25946000
2017-06-21,48.082,48.5158,48.0156,48.4683,23232000
2017-06-22,48.3831,48.5629,48.2068,48.3707,20190000
2017-06-23,48.3152,48.866,48.2637,48.8398,31280000
2017-06-26,49.0334,49.231,48.0592,48.1464,30358000
2017-06-27,47.6268,47.9051,46.9081,46.9577,48872000
2017-06-28,47.085,47.708,46.3668,47.5976,54912000
2017-06-29,47.1191,47.1345,46.0419,46.449,64134000
2017-06-30,46.7546,46.8046,46.0424,46.0458,45754000
2017-07-03,46.2212,46.2717,45.3341,45.5397,33896000
2017-07-05,45.7744,46.3732,45.4986,46.1736,41882000
2017-07-06,45.814,46.3658,45.559,45.9473,40298000
2017-07-07,46.1107,46.7878,46.0513,46.5971,33266000
2017-07-10,46.6536,47.2073,46.6536,47.1018,29030000
2017-07-11,47.078,47.2945,46.8106,47.2271,29224000
2017-07-12,47.5901,48.0245,47.4009,47.9269,32042000
2017-07-13,48.0825,48.4737,47.7853,47.9859,30492000
2017-07-14,48.2409,48.4163,48.0503,48.3851,21592000
2017-07-17,48.3559,48.704,48.0825,48.338,33210000
2017-07-18,48.2093,49.0755,48.1439,48.8824,28266000
2017-07-19,49.0339,49.3108,48.8853,49.1706,28242000
2017-07-20,49.3801,49.4633,48.7669,49.1419,28368000
2017-07-21,48.9839,49.2865,48.7447,49.2236,29266000
2017-07-24,49.2365,49.8353,49.0468,49.445,79690000
2017-07-25,48.0775,48.3762,47.7358,47.9948,118672000
2017-07-26,48.1805,48.2385,47.5589,47.8106,44432000
2017-07-27,48.0022,48.0191,46.4114,47.1766,74358000
2017-07-28,46.9527,47.6362,46.82,47.4648,36276000
2017-07-31,47.5476,47.6065,46.6427,46.8294,45670000
2017-08-01,46.9438,47.2747,46.8026,46.8819,28052000
2017-08-02,46.9715,47.0077,46.1865,46.9354,40788000
2017-08-03,47.0077,47.0523,46.5292,46.5718,22478000
2017-08-04,46.7526,46.9304,46.5471,46.8438,25092000
2017-08-07,46.9294,47.0008,46.7303,46.8418,28916000
2017-08-08,46.7695,47.1756,46.6798,46.7645,30102000
2017-08-09,46.4802,46.7432,46.2558,46.5609,28018000
2017-08-10,46.3093,46.3737,45.6546,45.7442,54148000
2017-08-11,45.7502,46.2281,45.6268,46.0662,32334000
2017-08-14,46.5109,46.6085,46.2841,46.504,23012000
2017-08-15,46.608,46.709,46.3906,46.4619,22130000
2017-08-16,46.6189,47.0473,46.559,46.7685,26906000
2017-08-17,46.7031,46.7457,45.9448,45.9458,33914000
2017-08-18,45.9121,46.1122,45.7373,45.8725,26748000
2017-08-21,45.8522,45.975,45.4971,45.6095,26024000
2017-08-22,45.9111,46.6541,45.872,46.5768,35502000
2017-08-23,46.4084,46.8259,46.3212,46.6848,22690000
2017-08-24,46.7407,46.8695,46.0983,46.4029,25892000
2017-08-25,46.5178,46.5931,46.0666,46.0864,23746000
2017-08-28,46.1548,46.3019,45.869,45.9691,20988000
2017-08-29,45.5639,46.4673,45.5322,46.3465,23172000
2017-08-30,46.3425,46.8472,46.2623,46.7368,22406000
2017-08-31,46.869,47.4089,46.8665,47.3118,33866000
2017-09-01,47.4222,47.4648,47.0661,47.1508,20858000
2017-09-05,46.8967,47.1211,46.3391,46.6303,29148000
2017-09-06,46.7487,46.7799,46.1944,46.657,27830000
2017-09-07,46.7675,47.077,46.4346,47.0468,22332000
2017-09-08,47.0374,47.0869,46.5575,46.6268,19998000
2017-09-11,46.9136,47.185,46.6065,46.7199,26748000
2017-09-12,46.8997,46.9577,46.4332,46.8863,25696000
2017-09-13,46.8294,47.1934,46.7917,47.0741,21908000
2017-09-14,46.8542,46.9547,46.4758,46.5634,28548000
2017-09-15,46.5614,46.6436,46.1236,46.3237,39886000
2017-09-18,46.3098,46.4015,45.8339,46.0493,29474000
2017-09-19,46.2306,46.455,45.8963,46.4015,24854000
2017-09-20,46.4445,47.0523,46.4332,46.9304,40080000
2017-09-21,46.9596,47.1909,46.5263,46.9309,27414000
2017-09-22,46.6942,47.0523,46.5986,46.7184,21496000
2017-09-25,46.5297,46.5446,45.7898,46.2737,37468000
2017-09-26,46.393,46.7591,46.3153,46.4297,33454000
2017-09-27,46.6927,47.8165,46.6536,47.5426,46692000
2017-09-28,47.3618,47.8536,47.3271,47.7858,28018000
2017-09-29,47.8447,48.3306,47.8447,48.2271,40622000
2017-10-02,48.3227,48.4262,47.6441,47.9175,30782000
2017-10-03,47.922,48.1637,47.6818,48.1459,21666000
2017-10-04,48.13,48.2608,47.8254,47.8834,21156000
2017-10-05,48.181,48.8606,48.0562,48.7952,35618000
2017-10-06,48.5381,49.2444,48.4643,49.2137,31060000
2017-10-09,49.2811,49.5515,49.1077,49.1478,25910000
2017-10-10,49.2959,49.4034,48.5931,48.9244,23268000
2017-10-11,48.9859,49.9036,48.9314,49.8085,36300000
2017-10-12,49.7189,50.1003,49.5832,49.8085,30614000
2017-10-13,49.9799,50.2597,49.8784,49.9185,26552000
2017-10-16,50.0057,50.123,49.604,49.9918,21420000
2017-10-17,49.8972,50.2498,49.8283,50.0735,20260000
2017-10-18,50.076,50.3365,49.7922,50.1597,25596000
2017-10-19,49.764,49.8913,49.395,49.6198,34284000
2017-10-20,49.8779,49.9571,49.6411,49.7798,32120000
2017-10-23,49.7853,49.8155,48.6917,48.8125,32786000
2017-10-24,48.8601,48.9968,48.3935,48.9586,28902000
2017-10-25,48.8487,49.2528,48.4252,49.1057,30574000
2017-10-26,49.4529,49.8511,49.0567,49.1037,47396000
2017-10-27,51.0636,52.6797,50.8585,51.1963,103682000
2017-10-30,50.973,51.5014,50.6347,51.1696,46804000
2017-10-31,51.1631,51.5594,50.8313,51.1651,30326000
2017-11-01,51.3276,51.8991,51.2127,51.6386,43262000
2017-11-02,51.5094,51.7832,50.9482,51.6569,26694000
2017-11-03,51.646,52.0378,51.3935,52.0046,27770000
2017-11-06,51.9606,52.1334,51.6089,51.6426,18294000
2017-11-07,51.9878,52.174,51.6584,52.1235,26104000
2017-11-08,52.0076,52.6337,51.859,52.4157,24276000
2017-11-09,51.9061,52.0487,51.3043,51.8922,35892000
2017-11-10,51.7015,51.8382,51.5703,51.7154,19442000
2017-11-13,51.5495,51.9427,51.4732,51.5693,18814000
2017-11-14,51.3969,51.6238,50.9814,51.5911,21012000
2017-11-15,51.2622,51.4915,51.0522,51.332,18106000
2017-11-16,51.4479,52.0923,51.4108,51.9294,23768000
2017-11-17,51.9952,52.0547,51.1993,51.3063,26712000
2017-11-20,51.3117,51.4455,51.1473,51.2454,17526000
2017-11-21,51.5118,52.0245,51.4673,52.02,22206000
2017-11-22,52.0626,52.2741,51.8689,52.1002,14538000
2017-11-24,52.2226,52.5039,52.1002,52.3281,16492000
2017-11-27,52.4296,53.1463,52.2414,53.0953,35430000
2017-11-28,53.1933,53.491,52.23,52.6634,36424000
2017-11-29,52.3112,52.4395,50.9972,51.3801,55866000
2017-11-30,51.5069,51.7149,51.018,51.3202,45092000
2017-12-01,51.0349,51.3731,50.3657,50.7704,37762000
2017-12-04,50.9056,51.0809,49.9853,50.1166,38778000
2017-12-05,50.073,51.3454,49.6436,50.4995,38998000
2017-12-06,50.3469,51.489,50.287,51.1493,28710000
2017-12-07,51.3152,51.9516,51.28,51.7362,30866000
2017-12-08,52.0948,52.3231,51.8001,51.9744,31170000
2017-12-11,52.0601,52.3023,51.7139,52.1027,23254000
2017-12-12,52.0051,52.6243,51.7511,51.9442,33882000
2017-12-13,52.1082,52.2766,51.8358,52.074,27680000
2017-12-14,52.277,52.8511,52.1834,52.3751,30962000
2017-12-15,52.6876,53.2557,52.5049,53.0948,63760000
2017-12-18,53.3152,53.8124,53.014,53.7431,30292000
2017-12-19,53.6406,53.7372,53.1081,53.4801,26350000
2017-12-20,53.5366,53.5519,52.9264,53.172,28728000
2017-12-21,53.2627,53.3682,52.9462,53.0378,25640000
2017-12-22,52.9957,53.0809,52.8788,52.9392,17788000
2017-12-26,52.9283,52.9392,52.4331,52.7902,18376000
2017-12-27,52.8273,52.91,52.4202,52.5103,22324000
2017-12-28,52.6119,52.7401,52.1725,52.2998,19884000
2017-12-29,52.2771,52.4038,52.1389,52.1735,23606000
2018-01-02,52.1547,53.2919,52.1547,53.1547,31766000
2018-01-03,53.1904,54.2884,53.1656,54.0616,31318000
2018-01-04,54.3374,54.6836,54.1973,54.2716,26052000
2018-01-05,54.6524,55.1542,54.5707,54.9912,30250000
2018-01-08,55.0264,55.4305,54.9769,55.1854,24644000
2018-01-09,55.3949,55.3949,54.8877,55.115,26808000
2018-01-10,54.8283,55.1145,54.6787,54.9838,20734000
2018-01-11,55.0913,55.2171,54.8025,55.0784,22424000
2018-01-12,54.9818,56.0318,54.8783,55.9996,38586000
2018-01-16,56.4781,56.9025,55.802,56.0021,36462000
2018-01-17,56.2824,56.429,55.645,56.4181,27830000
2018-01-18,56.4305,56.4919,55.693,56.2631,27498000
2018-01-19,56.3651,56.6499,56.0913,56.6361,30552000
2018-01-22,56.6519,57.794,56.5529,57.6593,29550000
2018-01-23,57.9793,58.3701,57.8124,58.2542,39138000
2018-01-24,58.6905,58.793,57.8198,58.0125,37128000
2018-01-25,58.479,58.6915,58.0397,58.5499,29984000
2018-01-26,58.8168,58.8183,57.851,58.8183,42170000
2018-01-29,58.8401,59.3354,58.645,58.7648,31494000
2018-01-30,58.3309,58.8366,58.172,58.3136,37338000
2018-01-31,58.6326,58.7569,58.0526,58.5538,36022000
2018-02-01,58.2453,58.8129,57.9169,58.5226,73514000
2018-02-02,55.8396,56.0318,55.0348,55.4325,117842000
2018-02-05,54.5118,55.224,52.339,52.6188,83550000
2018-02-06,51.2117,53.8565,51.0151,53.7104,76630000
2018-02-07,53.7372,53.8144,52.234,52.2731,51942000
2018-02-08,52.494,52.6951,49.7615,49.9106,66792000
2018-02-09,50.8105,52.0903,49.3801,51.8204,98360000
2018-02-12,52.3355,52.7763,51.7818,52.231,56240000
2018-02-13,52.0051,52.5608,51.8526,52.2102,31586000
2018-02-14,52.2191,53.2666,51.9952,53.1294,41304000
2018-02-15,53.6619,54.1894,52.8585,54.0536,37396000
2018-02-16,54.1537,54.8932,54.063,54.2587,39948000
2018-02-20,54.123,55.2884,53.9863,54.6594,33754000
2018-02-21,54.9323,56.2745,54.8535,55.1626,41486000
2018-02-22,55.431,55.7426,54.7366,54.9719,28010000
2018-02-23,55.4058,55.9179,54.8996,55.8728,25292000
2018-02-26,56.0596,56.6707,55.9347,56.646,30912000
2018-02-27,56.646,56.6732,55.3132,55.3488,42964000
2018-02-28,55.5712,55.851,54.6302,54.6757,49292000
2018-03-01,54.9541,55.0398,52.8615,53.0655,55338000
2018-03-02,52.4004,53.8323,52.0106,53.6961,50162000
2018-03-05,53.3984,54.54,53.1081,54.222,28648000
2018-03-06,54.5856,54.7604,54.2092,54.5261,23382000
2018-03-07,54.126,55.2839,53.9818,55.2265,30748000
2018-03-08,55.3335,56.0388,55.3335,55.9367,33862000
2018-03-09,56.438,57.5028,56.1799,57.4949,42662000
2018-03-12,57.7034,58.3527,57.4137,57.747,44306000
2018-03-13,58.0392,58.3448,56.1938,56.4583,43140000
2018-03-14,56.75,57.4414,56.5791,56.903,41870000
2018-03-15,56.9367,57.5771,56.2478,56.9882,33382000
2018-03-16,57.223,57.2953,56.0348,56.1863,58656000
2018-03-19,55.3612,55.4409,53.9328,54.485,63656000
2018-03-20,54.4023,54.7565,53.6109,54.2736,54598000
2018-03-21,54.1136,54.9125,53.8481,54.1844,44898000
2018-03-22,53.4915,53.6852,51.9873,52.1612,69312000
2018-03-23,52.073,52.8362,50.7605,50.8437,49880000
2018-03-26,52.0349,52.4643,50.0527,52.2077,65984000
2018-03-27,52.6936,52.7253,49.4108,49.8724,60816000
2018-03-28,49.6233,50.7664,48.7362,49.7853,77698000
2018-03-29,50.0839,51.9085,49.7288,51.3682,69338000
2018-04-02,50.8967,51.4866,49.2439,50.1542,65068000
2018-04-03,50.3286,50.7669,49.3925,50.4539,51322000
2018-04-04,49.441,51.1503,49.3558,51.0002,50724000
2018-04-05,51.8263,51.8422,50.7174,51.1453,35836000
2018-04-06,50.6728,51.3117,49.8383,50.0215,40134000
2018-04-09,50.5213,51.7372,50.4796,50.5237,33220000
2018-04-10,51.0274,51.5698,50.2919,51.3365,36620000
2018-04-11,51.1136,51.3053,50.4796,50.7699,34060000
2018-04-12,51.0874,51.7402,50.8189,51.3756,32896000
2018-04-13,51.8511,52.1527,51.022,51.3137,25410000
2018-04-16,51.7847,52.076,51.2087,51.812,29776000
2018-04-17,52.5599,53.7386,52.3563,53.4593,54584000
2018-04-18,53.442,53.5901,53.0215,53.2627,31126000
2018-04-19,52.9472,54.3582,52.9472,53.959,39884000
2018-04-20,53.7025,54.2215,53.0997,53.3583,42434000
2018-04-23,53.6386,53.8872,52.8313,53.1844,69590000
2018-04-24,52.4608,52.7228,50.1656,50.65,128220000
2018-04-25,51.0022,51.3152,50.3712,50.6674,57860000
2018-04-26,51.174,52.1052,50.5416,51.6738,50926000
2018-04-27,51.7842,52.0893,50.8952,51.0864,40746000
2018-04-30,51.2335,51.4291,50.4351,50.4489,34492000
2018-05-01,50.336,51.5955,50.0542,51.547,35326000
2018-05-02,51.2127,51.707,50.6758,50.8189,34698000
2018-05-03,50.7853,51.0487,49.9195,50.8313,39282000
2018-05-04,50.5,52.0983,50.4227,52.0547,36892000
2018-05-07,52.1978,52.7481,52.0185,52.4737,34400000
2018-05-08,52.7292,52.7595,52.0864,52.4306,26030000
2018-05-09,52.7035,54.1844,52.6049,53.9343,47160000
2018-05-10,54.2339,54.9476,54.1785,54.7525,36414000
2018-05-11,54.5019,54.9278,54.3439,54.649,30504000
2018-05-14,54.7575,55.3805,54.7193,54.8085,39338000
2018-05-15,54.328,54.438,53.4306,53.7322,35738000
2018-05-16,53.7431,54.2032,53.5717,53.6936,25628000
2018-05-17,53.5633,54.0358,53.3137,53.5534,25738000
2018-05-18,52.7976,53.1804,52.7322,52.9779,35482000
2018-05-21,53.4415,54.1497,53.3919,53.6896,25180000
2018-05-22,53.9764,54.0754,53.1076,53.2587,22226000
2018-05-23,52.9957,53.8872,52.8451,53.7862,23740000
2018-05-24,53.8327,53.8436,53.1096,53.7609,20604000
2018-05-25,53.8154,53.965,53.6198,53.6931,22224000
2018-05-29,53.2929,53.5574,52.653,52.9001,36076000
2018-05-30,53.1681,53.441,52.8248,53.3657,28686000
2018-05-31,53.59,54.9769,53.3919,54.4816,79368000
2018-06-01,55.119,56.3716,55.0764,56.2151,63202000
2018-06-04,56.3884,57.3473,56.3141,57.1086,44754000
2018-06-05,57.1888,57.5078,56.8322,57.0085,32964000
2018-06-06,57.0952,57.1913,56.2805,56.8069,34934000
2018-06-07,56.6896,56.7534,55.7753,56.1863,36108000
2018-06-08,56.0274,56.4023,55.6321,56.1017,27284000
2018-06-11,56.113,56.8461,56.0368,56.5073,24796000
2018-06-12,56.5132,56.8961,56.5132,56.8684,26092000
2018-06-13,57.0709,57.2373,56.6301,56.6722,34302000
2018-06-14,57.0675,57.75,56.9877,57.4587,35422000
2018-06-15,57.4493,57.647,57.1408,57.4171,44438000
2018-06-18,57.0912,58.6484,57.0075,58.6212,33038000
2018-06-19,57.954,58.583,57.533,58.379,47282000
2018-06-20,58.6073,59.5082,58.5444,58.6454,51686000
2018-06-21,58.7168,58.9555,57.6257,57.9208,44966000
2018-06-22,58.0224,58.1962,57.436,57.9134,34220000
2018-06-25,57.2056,57.2547,55.4672,56.4271,57682000
2018-06-26,56.6678,56.803,55.9179,56.0972,34688000
2018-06-27,56.2646,56.7703,55.3087,55.3206,34538000
2018-06-28,55.0952,56.1656,54.7822,55.808,29726000
2018-06-29,56.0818,56.5301,55.8198,55.9273,31562000
2018-07-02,55.2418,56.6108,54.8085,56.5672,23216000
2018-07-03,56.9293,56.9535,55.1963,55.2879,16448000
2018-07-05,55.7,56.6678,55.6267,56.5266,28594000
2018-07-06,56.5504,57.2651,56.326,57.2096,21820000
2018-07-09,57.4533,57.8461,57.3161,57.8139,21584000
2018-07-10,57.9481,58.1219,57.5801,57.8069,21334000
2018-07-11,57.2364,58.4657,57.224,58.0209,33252000
2018-07-12,58.1893,59.533,58.1021,59.4968,44148000
2018-07-13,59.5731,59.9515,59.2012,59.6534,32612000
2018-07-16,59.6231,59.8658,59.1075,59.2616,26784000
2018-07-17,58.5796,60.3636,58.5429,60.0823,40162000
2018-07-18,59.8569,60.5038,59.6603,60.0739,38948000
2018-07-19,59.7638,60.2507,59.322,59.3899,38338000
2018-07-20,59.3968,59.9679,59.2655,59.3294,37938000
2018-07-23,59.2195,60.1823,59.0387,59.9793,65446000
2018-07-24,62.951,63.1491,61.6206,62.3145,107600000
2018-07-25,62.0406,63.3096,61.8638,63.1957,51104000
2018-07-26,62.7618,63.7633,62.5548,63.6691,54686000
2018-07-27,63.8484,63.9633,61.638,62.054,48362000
2018-07-30,61.6657,62.054,60.6316,60.9223,43896000
2018-07-31,61.005,61.4755,60.2363,60.7826,39382000
2018-08-01,61.3715,61.7078,60.6697,61.0684,36994000
2018-08-02,60.3507,61.634,60.3289,61.4716,34704000
2018-08-03,61.6721,61.7385,60.8916,61.3245,21264000
2018-08-06,61.4953,61.5374,60.9466,61.3002,22114000
2018-08-07,62.0104,62.7073,62.0,62.2001,42506000
2018-08-08,62.2437,62.9866,62.0159,62.472,34344000
2018-08-09,62.5414,62.9985,62.4111,62.6271,27326000
2018-08-10,62.3655,62.4656,61.7702,62.0352,26602000
2018-08-13,61.9703,62.7019,61.7638,61.8435,27500000
2018-08-14,62.0347,62.4354,61.3928,62.314,28080000
2018-08-15,61.6276,62.0089,60.7341,61.0303,37052000
2018-08-16,61.5141,61.5988,60.4067,60.6261,32176000
2018-08-17,60.5261,60.7692,59.6326,60.2195,33092000
2018-08-20,60.4577,60.7177,59.8653,60.5216,22218000
2018-08-21,60.5746,61.057,60.1789,60.2967,23082000
2018-08-22,60.1387,60.7484,60.0892,60.5117,22296000
2018-08-23,60.4191,61.1764,60.3928,60.4825,24666000
2018-08-24,60.7222,61.2868,60.4953,61.2546,24454000
2018-08-27,61.6206,62.3007,61.4493,62.2214,28580000
2018-08-28,62.2031,62.2358,61.5627,61.7058,27330000
2018-08-29,62.1585,62.7613,62.0496,62.6365,36926000
2018-08-30,62.5746,62.8762,61.7727,62.1308,30104000
2018-08-31,62.0203,62.0372,60.7098,61.0095,42308000
2018-09-04,60.5498,60.8148,59.7594,59.9946,41458000
2018-09-05,59.8911,60.1709,58.2131,59.3899,53988000
2018-09-06,59.3636,59.3844,57.6321,58.6415,46854000
2018-09-07,58.0476,58.8673,57.9124,58.3245,32658000
2018-09-10,58.6519,58.7737,57.9788,58.1992,27670000
2018-09-11,58.0031,58.9857,57.748,58.9387,29254000
2018-09-12,58.5429,58.9733,57.7584,58.0278,35716000
2018-09-13,58.429,58.8332,57.9099,58.5499,40068000
2018-09-14,58.8401,58.8401,58.1229,58.3438,24176000
2018-09-17,58.3334,58.534,57.377,57.4449,34096000
2018-09-18,57.585,58.5097,57.5241,57.8054,32314000
2018-09-19,57.8971,58.2591,57.3849,58.1601,25962000
2018-09-20,58.4771,59.1373,58.2581,59.0169,29244000
2018-09-21,59.1828,59.265,58.0506,58.0536,91222000
2018-09-24,57.4241,58.7009,57.0323,58.4221,31150000
2018-09-25,58.6544,59.2789,58.1511,59.1318,33152000
2018-09-26,59.1219,59.793,58.7113,59.1402,37650000
2018-09-27,59.4344,60.2695,59.3379,59.799,36274000
2018-09-28,59.637,59.853,59.327,59.7851,35612000
2018-10-01,60.0783,60.633,59.5924,59.8569,33164000
2018-10-02,59.7648,60.6489,59.4176,59.8128,40180000
2018-10-03,60.0288,60.1368,59.5409,60.0055,26246000
2018-10-04,59.6836,59.7267,57.644,58.2987,46576000
2018-10-05,58.2458,58.5429,57.172,57.8411,31852000
2018-10-08,57.4533,58.2388,56.2349,57.2512,46190000
2018-10-09,57.0229,57.5301,56.6693,56.7188,33690000
2018-10-10,56.2844,56.3151,54.0611,54.0933,58980000
2018-10-11,53.4434,55.277,53.2874,54.0229,67696000
2018-10-12,55.4543,55.7609,54.2354,55.4989,49370000
2018-10-15,55.3731,55.5613,54.3934,54.6024,30074000
2018-10-16,55.1492,56.2829,55.0635,56.12,38378000
2018-10-17,56.4627,56.8094,55.175,55.8481,35652000
2018-10-18,55.9674,56.0838,53.805,54.3781,46152000
2018-10-19,54.6653,55.5192,54.3345,54.7381,41286000
2018-10-22,55.1012,55.5558,54.4816,55.0447,27116000
2018-10-23,54.0502,55.3731,53.442,55.22,37686000
2018-10-24,55.2245,55.3047,52.2557,52.3578,49286000
2018-10-25,53.5058,55.3642,53.2706,54.6594,72956000
2018-10-26,51.9224,55.3236,51.6203,53.6767,106438000
2018-10-29,54.3102,54.9189,49.8853,51.2488,81290000
2018-10-30,50.5198,52.0497,50.2206,51.9809,59768000
2018-10-31,52.9066,54.8778,52.9066,54.015,70916000
2018-11-01,54.0556,54.4766,53.383,53.7872,40132000
2018-11-02,53.9368,54.3825,52.8798,53.0695,43438000
2018-11-05,53.121,53.1616,51.2127,52.2889,45358000
2018-11-06,52.2538,53.4821,52.1839,52.9744,28660000
2018-11-07,53.6638,54.9734,53.5202,54.8897,43388000
2018-11-08,54.8431,54.8887,53.7069,54.2156,33694000
2018-11-09,53.6901,53.9046,52.7114,53.3434,34860000
2018-11-12,53.1507,53.1988,51.5272,51.9734,34002000
2018-11-13,52.2434,52.8308,51.5297,51.9046,25750000
2018-11-14,52.5004,52.7872,51.5648,52.232,34666000
2018-11-15,52.0775,53.435,51.5737,53.0477,41584000
2018-11-16,52.7595,53.1166,52.2478,52.91,35366000
2018-11-19,52.6683,52.8967,50.6614,50.8868,45684000
2018-11-20,49.8898,51.3786,49.6382,51.0368,54458000
2018-11-21,51.7728,52.2384,51.4831,51.6797,29698000
2018-11-23,51.1879,51.6584,50.9413,51.0195,14178000
2018-11-26,51.708,52.3518,51.4985,52.2993,31558000
2018-11-27,52.0715,52.8352,51.7823,52.1181,33048000
2018-11-28,52.3746,54.1279,51.656,54.0749,46042000
2018-11-29,53.6658,54.489,53.5901,54.2131,31004000
2018-11-30,54.2651,54.9595,53.6485,54.9595,59668000
2018-12-03,56.0744,56.2151,55.0625,55.2919,57532000
2018-12-04,55.125,55.1869,52.5391,52.6228,45630000
2018-12-06,51.7575,53.4623,51.6327,53.3959,47436000
2018-12-07,53.1062,53.7401,51.4786,51.8357,42682000
2018-12-10,51.6555,52.4806,51.1632,52.1626,33652000
2018-12-11,52.8442,53.0155,52.0101,52.5821,33852000
2018-12-12,53.3464,54.072,53.0933,53.1805,28960000
2018-12-13,53.2765,53.908,52.7476,53.171,24986000
2018-12-14,52.5014,53.0809,51.9739,52.0898,36358000
2018-12-17,51.857,52.6183,50.3524,50.7991,49932000
2018-12-18,51.2127,52.4851,51.0383,51.6787,43640000
2018-12-19,51.8709,53.2785,50.491,51.285,58264000
2018-12-20,50.8164,51.8783,49.918,50.6966,53674000
2018-12-21,51.1156,51.3945,48.5971,49.0953,104656000
2018-12-24,48.7521,50.129,48.4222,48.7694,36360000
2018-12-26,49.4291,51.9284,49.1647,51.8986,46318000
2018-12-27,50.8264,52.1706,49.8754,52.1488,45996000
2018-12-28,52.4757,52.7099,51.6089,51.8407,34398000
2018-12-31,52.3929,52.6485,51.1651,51.7555,33110000
2019-01-02,50.8759,52.5396,50.7808,52.2369,31868000
2019-01-03,52.0383,52.8105,50.6367,50.7902,41960000
2019-01-04,51.6366,53.491,51.3543,53.3954,46022000
2019-01-07,53.539,53.6247,52.6312,53.2889,47446000
2019-01-08,53.7882,54.1522,52.914,53.757,35414000
2019-01-09,53.8867,54.0675,53.2122,53.5727,26998000
2019-01-10,53.2404,53.4816,52.7322,53.433,26598000
2019-01-11,52.9908,53.1626,52.3236,52.7218,30864000
2019-01-14,52.1706,52.4237,51.9333,52.0799,28490000
2019-01-15,52.4019,53.9006,52.225,53.8134,37518000
2019-01-16,53.9863,54.5985,53.8877,53.962,38280000
2019-01-17,53.8867,54.5162,53.6525,54.438,24896000
2019-01-18,54.907,55.3731,54.4459,54.8431,44892000
2019-01-22,54.2835,54.4306,53.0398,53.4231,39632000
2019-01-23,53.8308,54.1324,52.8754,53.7094,25194000
2019-01-24,53.6153,53.8872,52.9967,53.6891,29114000
2019-01-25,54.1958,54.648,54.0754,54.5564,23260000
2019-01-28,53.9898,54.1532,53.224,53.4841,29334000
2019-01-29,53.5425,53.7253,52.7986,52.9987,19704000
2019-01-30,53.3602,54.4578,53.3246,54.382,29452000
2019-01-31,55.0878,55.852,54.7416,55.7639,40232000
2019-02-01,55.5856,56.1854,55.1874,55.4038,33116000
2019-02-04,55.4231,56.5786,55.3488,56.533,78408000
2019-02-05,55.9491,57.0952,55.6504,57.0506,82296000
2019-02-06,56.9219,57.1561,55.3909,55.6153,48256000
2019-02-07,55.067,55.0754,54.1641,54.7743,38298000
2019-02-08,54.228,54.7342,54.1963,54.5994,21766000
2019-02-11,54.6673,55.1467,54.4816,54.5866,18498000
2019-02-12,55.0269,56.1091,55.0269,55.8476,35036000
2019-02-13,56.118,56.6039,55.7693,55.8996,28042000
2019-02-14,55.7198,56.271,55.328,55.9278,21106000
2019-02-15,56.428,56.428,55.3097,55.4538,27826000
2019-02-19,55.3057,55.9496,55.3057,55.7946,21980000
2019-02-20,55.912,56.0135,55.0635,55.5014,24090000
2019-02-21,55.4117,55.43,54.3815,54.6901,33272000
2019-02-22,54.962,55.3359,54.5063,55.3018,29436000
2019-02-25,55.5677,55.7396,55.1804,55.3399,26208000
2019-02-26,55.1933,55.7911,54.8134,55.5717,35026000
2019-02-27,55.1755,55.7559,54.9055,55.6153,22092000
2019-02-28,55.4226,56.1651,55.3934,55.7966,27422000
2019-03-01,56.017,56.958,56.017,56.8847,34086000
2019-03-04,57.1839,57.7267,56.376,57.1274,35490000
2019-03-05,57.2552,58.27,57.1076,57.9085,40094000
2019-03-06,58.0357,58.1833,57.6044,57.698,23602000
2019-03-07,57.4781,57.6306,56.5474,57.0001,30086000
2019-03-08,56.1606,57.1289,55.9773,56.9565,23694000
2019-03-11,57.0571,58.4394,57.0358,58.4072,30032000
2019-03-12,58.5578,59.7172,58.5578,59.2982,42220000
2019-03-13,59.7281,59.7871,59.3309,59.3879,25888000
2019-03-14,59.3859,59.6672,59.0001,59.0645,27302000
2019-03-15,59.3354,59.5196,58.7911,58.954,51886000
2019-03-18,58.9238,59.1843,58.5172,58.8673,24442000
2019-03-19,59.0243,59.6033,58.9124,59.5563,29788000
2019-03-20,59.5038,60.9198,59.4141,60.7435,41508000
2019-03-21,60.425,61.2393,60.2556,61.2239,28150000
2019-03-22,60.8633,61.1001,59.7316,59.8133,34422000
2019-03-25,59.4126,59.902,58.9392,59.3047,27576000
2019-03-26,59.6915,59.8133,58.531,58.9312,30752000
2019-03-27,59.0342,59.0342,57.6628,58.3453,29428000
2019-03-28,58.221,58.3077,57.6232,58.061,22402000
2019-03-29,58.4528,58.6405,57.7693,58.2898,30890000
2019-04-01,58.8173,59.4443,58.7589,59.3839,27706000
2019-04-02,59.4369,59.7222,59.0006,59.7088,18288000
2019-04-03,60.0635,60.4547,59.6861,59.9698,22180000
2019-04-04,59.9936,60.4523,59.8822,60.3978,21022000
2019-04-05,60.3903,60.4443,59.9312,60.0015,20012000
2019-04-08,59.9847,60.1254,59.6672,59.8445,21750000
2019-04-09,59.5281,59.7886,59.3542,59.5677,19668000
2019-04-10,59.6866,59.8772,59.4671,59.7539,15510000
2019-04-11,59.8752,60.0654,59.6593,59.9094,16998000
2019-04-12,60.2081,60.5761,60.0927,60.5602,24312000
2019-04-15,60.6276,60.8856,60.1556,60.7484,23796000
2019-04-16,60.9203,61.2165,60.6746,61.0149,22622000
2019-04-17,61.267,61.6682,61.0639,61.4225,30366000
2019-04-18,61.6632,61.7098,61.3864,61.4884,24750000
2019-04-22,61.2507,62.1258,61.0872,62.0971,19084000
2019-04-23,62.2397,63.1209,62.0084,62.9307,31868000
2019-04-24,62.9307,63.0996,62.3968,62.4086,23396000
2019-04-25,62.9163,63.0401,62.3071,62.7697,31344000
2019-04-26,63.0688,63.3427,62.6538,63.2689,27228000
2019-04-29,63.422,64.2372,62.9861,64.1991,72368000
2019-04-30,58.9704,59.483,58.5925,59.3829,133178000
2019-05-01,59.3106,59.3973,58.0318,58.113,74340000
2019-05-02,58.0774,58.4132,57.3706,57.7757,45098000
2019-05-03,58.3156,59.0085,58.1244,58.9169,41588000
2019-05-06,58.0476,59.2081,58.006,59.1105,31774000
2019-05-07,58.7316,59.1754,57.7009,58.3874,36604000
2019-05-08,58.3096,58.6554,57.8312,57.9872,25520000
2019-05-09,57.5821,58.1502,57.1878,57.848,29556000
2019-05-10,57.8911,58.2596,56.7782,57.8317,31650000
2019-05-13,56.7222,57.0556,55.7446,56.2938,45626000
2019-05-14,56.5776,56.7039,55.647,55.7129,40392000
2019-05-15,55.5984,58.3597,55.5415,57.9882,59302000
2019-05-16,58.0397,59.1452,57.8718,58.6667,35308000
2019-05-17,58.2373,58.7554,57.7713,57.8881,25362000
2019-05-20,57.1066,57.1066,56.3706,56.6935,30602000
2019-05-21,57.1799,57.3542,56.6267,57.1779,20562000
2019-05-22,57.0199,57.6405,57.0075,57.2477,18826000
2019-05-23,56.7634,56.9605,56.1239,56.7272,25214000
2019-05-24,57.0571,57.174,56.2998,56.3939,18554000
2019-05-28,56.536,57.2794,56.3968,56.4409,20948000
2019-05-29,56.1012,56.2151,55.0734,55.4692,36230000
2019-05-30,55.4796,55.8089,55.2691,55.542,18088000
2019-05-31,54.7609,55.1453,54.6475,54.8035,31582000
2019-06-03,52.8437,52.8471,50.8675,51.4474,96890000
2019-06-04,51.7322,52.4232,51.3132,52.2275,60512000
2019-06-05,52.2528,52.3424,51.1631,51.7397,46988000
2019-06-06,51.8174,52.0051,51.2875,51.8942,29020000
2019-06-07,52.2171,53.1656,52.0621,52.915,43828000
2019-06-10,53.3424,54.226,53.2572,53.6277,28510000
2019-06-11,54.3325,54.6802,53.4697,53.5425,33508000
2019-06-12,53.4885,53.6158,52.9759,53.4464,23670000
2019-06-13,53.7243,54.3127,53.6183,54.0363,20814000
2019-06-14,53.9734,54.222,53.5643,53.803,24582000
2019-06-17,53.9417,54.545,53.8872,54.1789,19770000
2019-06-18,55.0511,55.4117,54.5207,54.7411,34526000
2019-06-19,54.8402,54.9486,54.2849,54.7049,26714000
2019-06-20,55.5563,55.6069,54.8283,55.1353,24018000
2019-06-21,54.9699,55.7975,54.963,55.7381,50774000
2019-06-24,55.4721,55.649,55.1408,55.3087,24236000
2019-06-25,55.2285,55.2592,53.7188,53.8664,31644000
2019-06-26,54.0358,54.2399,53.1785,53.5068,34698000
2019-06-27,53.8253,53.91,53.2855,53.3241,24078000
2019-06-28,53.3538,53.6297,53.1839,53.6297,33672000
2019-07-01,54.5331,54.907,54.2503,54.4816,29196000
2019-07-02,54.7208,55.12,54.4652,55.1056,20630000
2019-07-03,55.3979,55.8679,55.2171,55.6202,20154000
2019-07-05,55.4409,56.1977,55.3483,56.0997,29794000
2019-07-08,55.7629,55.8292,55.064,55.3132,29888000
2019-07-09,54.9927,55.8614,54.8357,55.6846,29472000
2019-07-10,56.0823,56.5786,56.0001,56.5078,30710000
2019-07-11,56.7678,57.1185,56.4394,56.6648,26004000
2019-07-12,56.6078,56.8342,56.3914,56.7272,21878000
2019-07-15,56.7272,56.9917,56.4627,56.9833,21164000
2019-07-16,56.796,57.383,56.796,57.1294,25352000
2019-07-17,57.0036,57.376,56.7906,56.7965,19538000
2019-07-18,56.5618,56.8674,56.1091,56.8213,25450000
2019-07-19,56.9243,57.0363,56.0293,56.0442,23184000
2019-07-22,56.2384,56.4637,55.7302,56.4236,28914000
2019-07-23,56.6336,56.9015,56.1086,56.8614,20648000
2019-07-24,56.0972,56.7331,55.8936,56.4493,27192000
2019-07-25,56.4107,56.6405,55.6559,56.2616,54762000
2019-07-26,60.8212,62.8217,60.8212,61.6741,121216000
2019-07-29,61.5394,61.8609,60.9302,61.5067,41382000
2019-07-30,60.7717,61.2625,60.6885,60.8212,28616000
2019-07-31,60.6662,61.1635,59.8396,60.3359,39960000
2019-08-01,60.3076,61.2323,59.7811,60.0179,35426000
2019-08-02,59.583,59.905,58.9392,59.2522,34910000
2019-08-05,58.0957,58.2893,56.5989,57.1933,47840000
2019-08-06,57.7267,58.5132,57.5291,58.0021,36014000
2019-08-07,57.3443,58.4374,56.9996,58.2413,30686000
2019-08-08,58.7623,59.7455,58.1467,59.741,30116000
2019-08-09,59.4339,59.6553,58.6861,58.8847,20418000
2019-08-12,58.4439,58.7217,57.8852,58.1715,22064000
2019-08-13,58.164,59.7034,58.0967,59.2725,28434000
2019-08-14,58.2492,58.5821,57.5063,57.6638,35430000
2019-08-15,57.8708,58.2666,57.6019,57.9149,28506000
2019-08-16,58.483,58.6341,58.0972,58.4047,24916000
2019-08-19,59.0298,59.8995,58.959,59.4562,24450000
2019-08-20,59.2041,59.3354,58.5949,58.6187,20206000
2019-08-21,59.2274,59.4622,58.8361,59.0174,14152000
2019-08-22,59.1274,59.374,58.3899,59.0144,17352000
2019-08-23,58.6999,59.22,56.958,57.1353,36254000
2019-08-26,57.426,58.0407,57.1982,58.007,21166000
2019-08-27,58.5925,58.6915,57.6791,57.9892,23460000
2019-08-28,57.6945,58.3696,57.4657,58.1343,16810000
2019-08-29,58.7618,59.3943,58.7054,59.1492,19636000
2019-08-30,59.4518,59.4518,58.7272,58.9654,18064000
2019-09-03,58.5355,58.8936,57.637,57.9263,25908000
2019-09-04,58.4166,58.6856,58.0244,58.5563,21312000
2019-09-05,59.1204,60.1278,59.0724,60.0382,26394000
2019-09-06,59.8871,60.0758,59.5959,59.7475,18972000
2019-09-09,59.7851,60.4523,59.0962,59.6955,31854000
2019-09-10,59.2408,59.9297,59.2368,59.7168,27922000
2019-09-11,59.6271,60.5473,59.5474,60.425,23522000
2019-09-12,60.5969,61.5355,60.5518,61.1665,31644000
2019-09-13,61.0248,61.4676,60.7757,61.4171,23676000
2019-09-16,60.9421,61.3671,60.6821,61.001,28218000
2019-09-17,61.001,61.1679,60.5909,60.9143,20806000
2019-09-18,60.9322,61.2294,60.2502,61.0516,17440000
2019-09-19,61.0352,61.6305,61.0347,61.3537,16554000
2019-09-20,61.1006,61.5543,60.6023,60.9124,37692000
2019-09-23,60.7504,61.3997,60.6122,61.1526,20798000
2019-09-24,61.4156,61.7677,59.9614,60.3423,35804000
2019-09-25,60.2274,61.8128,59.8901,61.7098,26798000
2019-09-26,61.5216,61.6469,61.0104,61.529,23166000
2019-09-27,61.5557,61.6627,60.1873,60.7197,34122000
2019-09-30,60.4547,60.792,60.0991,60.4815,24470000
2019-10-01,60.5483,61.062,59.7093,59.7316,24504000
2019-10-02,59.2611,59.373,58.0788,58.3408,33030000
2019-10-03,58.6093,58.9887,57.6088,58.9109,28368000
2019-10-04,59.1516,60.0516,58.9872,59.9773,24282000
2019-10-07,59.7811,60.371,59.6504,59.8431,17040000
2019-10-08,59.3735,59.7747,58.9134,58.9456,20086000
2019-10-09,59.5003,59.8534,59.3413,59.5533,15948000
2019-10-10,59.3651,60.2081,59.3284,59.9035,12842000
2019-10-11,60.6246,60.8584,60.11,60.2125,22330000
2019-10-14,60.1224,60.7162,60.0228,60.3146,13296000
2019-10-15,60.4993,61.7687,60.4706,61.5265,27584000
2019-10-16,61.5052,62.1184,61.3428,61.5642,22986000
2019-10-17,61.9802,62.5919,61.9044,62.0496,20958000
2019-10-18,62.1432,62.3126,61.4225,61.634,31624000
2019-10-21,61.8465,62.0847,61.4151,61.6276,18094000
2019-10-22,61.6375,61.848,61.4082,61.475,22862000
2019-10-23,61.426,62.3091,61.426,62.2888,21282000
2019-10-24,62.3621,62.5498,62.0273,62.3621,20224000
2019-10-25,62.0099,62.8024,61.8688,62.6191,27104000
2019-10-28,63.1491,64.3497,63.0159,63.8415,65428000
2019-10-29,63.1986,63.4364,62.1887,62.4389,52654000
2019-10-30,62.1659,62.8034,61.9431,62.4408,29204000
2019-10-31,62.4062,62.7291,61.8851,62.3467,31904000
2019-11-01,62.6934,63.05,62.3918,63.0129,28812000
2019-11-04,63.2041,64.0158,63.2041,63.8727,30632000
2019-11-05,63.9515,64.2506,63.8613,63.9633,25148000
2019-11-06,63.8965,64.0401,63.5092,63.942,24626000
2019-11-07,64.104,65.5091,64.0778,64.731,45140000
2019-11-08,64.4626,65.2347,64.4626,64.8331,30392000
2019-11-11,64.5854,64.63,64.1828,64.3021,17234000
2019-11-12,64.3165,64.8504,64.102,64.2491,28852000
2019-11-13,64.0495,64.5121,63.9985,64.1981,20538000
2019-11-14,64.1397,65.1659,64.0872,64.8405,28948000
2019-11-15,65.1327,66.0485,64.9762,66.0485,39286000
2019-11-18,65.9891,66.0673,65.1877,65.37,27984000
2019-11-19,65.7063,65.7063,64.9703,65.0109,21864000
2019-11-20,64.95,65.0416,63.8529,64.4794,28892000
2019-11-21,64.3502,64.9381,63.9292,64.3942,25546000
2019-11-22,64.5359,64.7291,63.8603,64.0738,27776000
2019-11-25,64.2021,64.9029,64.1699,64.6667,23590000
2019-11-26,64.8781,65.0812,64.5874,65.0312,21910000
2019-11-27,65.1511,65.261,64.8564,64.9881,18808000
2019-11-29,64.7142,64.8801,64.5473,64.5899,12802000
2019-12-02,64.5141,64.6567,63.4155,63.8356,26538000
2019-12-03,63.3304,64.2501,63.2506,64.1268,25270000
2019-12-04,64.6894,65.5894,64.5384,65.3254,35506000
2019-12-05,65.7246,65.7731,65.0966,65.7226,24408000
2019-12-06,66.0094,66.4908,65.9341,66.3382,32968000
2019-12-09,66.312,67.2377,66.1738,66.5165,30842000
2019-12-10,66.3655,66.7647,66.0713,66.5116,17606000
2019-12-11,66.7796,66.8583,66.423,66.579,20480000
2019-12-12,66.5274,67.0906,66.2793,66.7889,29114000
2019-12-13,66.7597,66.9306,66.4507,66.7087,33170000
2019-12-16,67.1114,67.5339,66.894,67.3937,28128000
2019-12-17,67.4784,67.5735,66.9019,67.1059,32948000
2019-12-18,67.2105,67.3308,66.8865,66.9584,23330000
2019-12-19,66.9583,67.2367,66.8018,67.1827,28922000
2019-12-20,67.5126,67.5571,66.8999,66.9242,50090000
2019-12-23,67.2961,67.4507,66.7647,66.895,19936000
2019-12-24,66.8741,66.9633,66.575,66.5879,13468000
2019-12-26,66.6929,67.5175,66.6414,67.4814,23662000
2019-12-27,67.5571,67.7082,67.0123,67.0936,23212000
2019-12-30,67.201,67.2104,66.2615,66.3541,19994000
2019-12-31,66.1599,66.4011,65.9787,66.3382,19514000
2020-01-02,66.785,67.7889,66.6899,67.7889,27278000
2020-01-03,66.7647,68.04,66.731,67.4343,23408000
2020-01-06,66.9445,69.257,66.9133,69.2317,46768000
2020-01-07,69.363,69.5135,68.9222,69.098,34330000
2020-01-08,69.0836,69.9271,68.9752,69.5898,35314000
2020-01-09,70.4264,70.7607,69.8459,70.3204,33200000
2020-01-10,70.7998,71.0707,70.3109,70.7745,26258000
2020-01-13,71.0861,71.3946,70.5967,71.3228,30730000
2020-01-14,71.3213,71.4516,70.7156,70.8553,26076000
2020-01-15,70.9756,71.36,70.9083,71.2817,21550000
2020-01-16,71.5912,71.8513,71.3213,71.8245,26080000
2020-01-17,72.4377,73.3297,72.141,73.2787,52424000
2020-01-21,73.2529,73.7918,72.8176,73.4139,48930000
2020-01-22,73.7844,74.3218,73.4342,73.4942,28458000
2020-01-23,73.6764,73.9711,73.3183,73.5348,26650000
2020-01-24,73.9374,74.0058,72.4694,72.6175,29786000
2020-01-27,70.9023,71.1519,70.306,70.9117,34132000
2020-01-28,71.4075,72.0544,70.8439,71.8414,29724000
2020-01-29,72.2356,72.517,71.5883,72.1485,21566000
2020-01-30,71.2272,72.0766,71.0737,72.0271,27110000
2020-01-31,72.7012,72.7908,70.6804,70.9637,43822000
2020-02-03,72.3936,73.6145,72.144,73.4312,71636000
2020-02-04,72.039,72.6754,70.4313,71.5893,95880000
2020-02-05,72.4907,72.5387,70.8102,71.621,36376000
2020-02-06,71.9147,73.3797,71.8404,73.1029,37822000
2020-02-07,72.6779,73.5625,72.5799,73.2584,28360000
2020-02-10,73.1653,74.7329,73.0647,74.722,38302000
2020-02-11,74.9503,75.773,74.563,74.7913,34852000
2020-02-12,75.0786,75.2985,74.7225,75.2158,31042000
2020-02-13,74.7883,75.5783,74.4912,74.9562,22914000
2020-02-14,75.0127,75.2861,74.5679,75.2207,23198000
2020-02-18,75.0033,75.8066,74.8384,75.2559,25642000
2020-02-19,75.6402,75.8156,75.3322,75.5248,22746000
2020-02-20,75.2346,75.6338,74.504,75.1345,25962000
2020-02-21,74.5199,74.8354,73.2277,73.4739,42520000
2020-02-24,70.4818,71.142,69.6765,70.3238,49560000
2020-02-25,70.8756,71.1653,68.3704,68.6626,51580000
2020-02-26,69.0916,70.0172,68.1787,68.8682,49776000
2020-02-27,67.3164,67.8246,65.0926,65.1278,62290000
2020-02-28,63.1149,66.4898,62.8128,66.3313,80198000
2020-03-02,66.9326,68.7196,65.6354,68.6626,55430000
2020-03-03,69.2253,69.7458,65.8355,66.2555,56602000
2020-03-04,67.3075,68.4873,66.2199,68.4288,47598000
2020-03-05,66.6433,67.0435,64.4685,65.1183,54380000
2020-03-06,62.899,64.5235,62.268,64.1763,64640000
2020-03-09,59.6801,62.0461,59.3374,60.2165,69252000
2020-03-10,62.1283,63.1912,60.1531,63.1575,54872000
2020-03-11,61.8252,62.2541,58.9956,59.9743,54732000
2020-03-12,55.6019,58.8772,54.9011,55.0536,94326000
2020-03-13,58.1957,60.1477,55.0903,60.1412,79400000
2020-03-16,53.967,56.7336,52.8511,53.1443,96520000
2020-03-17,54.018,55.7693,51.9606,55.3761,83194000
2020-03-18,52.4975,54.7287,51.3613,54.0452,93044000
2020-03-19,53.8981,57.0873,52.28,55.0596,74064000
2020-03-20,56.012,56.3874,52.6044,52.9071,82878000
2020-03-23,52.3206,52.8427,49.968,52.2097,83672000
2020-03-24,54.6787,56.1324,53.8095,55.9679,72468000
2020-03-25,55.699,56.7683,53.6401,54.5618,90324000
2020-03-26,55.2106,58.0219,54.0868,57.5979,76562000
2020-03-27,55.8421,57.01,54.6797,54.9897,62794000
2020-03-30,56.0982,57.0075,54.4068,56.7752,58736000
2020-03-31,56.8951,58.117,56.3003,57.5499,65228000
2020-04-01,55.6703,55.9387,54.1591,54.5856,51970000
2020-04-02,54.4816,55.6093,54.1413,55.325,56410000
2020-04-03,55.2101,55.4122,53.2473,54.12,51374000
2020-04-06,56.116,58.9763,55.7198,58.6019,63320000
2020-04-07,60.2769,60.4636,58.3077,58.5707,61620000
2020-04-08,59.588,60.1724,58.6395,59.7811,40334000
2020-04-09,60.3349,60.5236,59.059,59.7598,54028000
2020-04-13,59.5087,60.1536,58.5593,59.95,38702000
2020-04-14,61.4141,63.1862,60.848,62.6652,63358000
2020-04-15,61.738,63.1545,61.1184,62.2724,42236000
2020-04-16,62.7598,63.0679,61.3264,62.2789,57896000
2020-04-17,63.4809,63.892,62.7033,63.3472,51050000
2020-04-20,62.896,63.2392,62.2298,62.4631,35292000
2020-04-21,61.5498,61.9109,59.6821,60.0367,49648000
2020-04-22,61.4706,63.3908,61.2769,62.3274,46296000
2020-04-23,62.6905,63.8004,62.4324,62.9594,34202000
2020-04-24,62.1585,63.2833,61.6137,63.2283,37402000
2020-04-27,63.9911,64.0951,62.6568,62.944,44186000
2020-04-28,63.5552,63.6325,60.9391,61.0486,80700000
2020-04-29,66.6161,67.3665,65.7112,66.4764,108358000
2020-04-30,65.9405,66.8637,65.4522,66.7003,55842000
2020-05-01,65.5804,66.9346,64.8657,65.2451,48872000
2020-05-04,64.79,65.5993,64.1897,65.5215,30806000
2020-05-05,66.2446,67.9043,66.1223,66.8152,39666000
2020-05-06,67.26,67.7894,66.6225,66.6374,31732000
2020-05-07,67.4239,68.1515,66.9895,67.8186,30652000
2020-05-08,68.4398,69.1738,67.9539,68.5646,33326000
2020-05-11,68.1906,70.1094,68.1267,69.518,32718000
2020-05-12,69.7473,70.0499,68.0777,68.1109,33918000
2020-05-13,68.1594,68.6136,65.7746,66.781,40368000
2020-05-14,66.0475,67.2288,65.5413,67.2035,36660000
2020-05-15,66.7776,68.0812,66.3189,68.0059,41544000
2020-05-18,67.4373,68.9816,67.0718,68.6062,47094000
2020-05-19,68.621,68.9682,68.0405,68.0722,31586000
2020-05-20,68.8033,69.936,68.7171,69.7939,38262000
2020-05-21,69.8845,70.1554,69.0623,69.6745,30894000
2020-05-22,69.5333,70.1822,69.1396,69.9959,28544000
2020-05-26,71.4184,71.5744,70.301,70.3986,44590000
2020-05-27,70.3308,70.5957,69.0727,70.3446,31684000
2020-05-28,69.3402,71.5422,69.2946,70.2436,35170000
2020-05-29,70.352,71.1594,70.1316,71.0004,37044000
2020-06-01,70.6131,71.3996,70.4437,71.0672,25162000
2020-06-02,71.0737,71.4699,70.4105,71.4357,23442000
2020-06-03,71.4551,71.7676,70.9063,71.2842,27732000
2020-06-04,71.1618,71.3867,69.6378,70.0484,26982000
2020-06-05,70.1148,71.6333,69.7176,71.3223,42642000
2020-06-08,70.6418,71.7671,70.5526,71.7195,33878000
2020-06-09,71.5809,72.6982,71.4382,71.9196,33624000
2020-06-10,72.3867,72.9444,72.0326,72.5447,31762000
2020-06-11,71.3723,71.8959,69.2614,69.4343,47144000
2020-06-12,70.621,71.0494,68.6369,69.9801,36676000
2020-06-15,68.8196,70.5784,68.7062,70.3674,30468000
2020-06-16,71.7671,72.1717,70.776,71.6418,30648000
2020-06-17,71.9622,72.4209,71.0801,71.9424,30610000
2020-06-18,71.8092,71.9637,70.6398,71.0301,34862000
2020-06-19,71.3213,71.5442,70.2812,70.5606,52784000
2020-06-22,70.5789,71.8637,70.2906,71.8493,29442000
2020-06-23,71.9157,73.0647,71.569,72.509,37752000
2020-06-24,72.4744,73.094,70.826,70.9598,31592000
2020-06-25,70.8865,71.4362,70.308,71.3758,23958000
2020-06-26,70.9563,71.1737,67.1114,67.4848,97640000
2020-06-29,67.3759,69.2411,66.9455,69.2,45074000
2020-06-30,69.1857,70.5289,68.6928,70.2342,40286000
2020-07-01,70.2897,71.7413,70.0425,71.4204,42182000
2020-07-02,71.9077,73.7245,71.8696,72.8037,57218000
2020-07-06,73.7061,74.7883,73.1529,74.2757,44712000
2020-07-07,74.1014,75.349,73.7829,73.7938,42364000
2020-07-08,74.3327,74.8463,73.9117,74.4713,31766000
2020-07-09,74.7849,75.7363,74.0746,75.2173,41836000
2020-07-10,74.9493,76.3406,74.3287,76.2252,35918000
2020-07-13,76.7665,78.0751,74.618,74.8988,42954000
2020-07-14,73.9359,75.4223,73.5962,75.3262,38108000
2020-07-15,75.4436,76.0924,74.1856,75.1291,31026000
2020-07-16,74.3673,75.081,73.7121,75.032,26484000
2020-07-17,75.1306,75.4535,74.199,75.1276,34264000
2020-07-20,75.036,77.711,74.4268,77.455,30166000
2020-07-21,78.5045,78.6045,76.8993,77.0627,27486000
2020-07-22,77.0523,77.6105,76.4342,77.505,24482000
2020-07-23,77.5585,77.7774,74.7185,75.1227,33910000
2020-07-24,74.2529,75.0573,73.6784,74.6997,29902000
2020-07-27,74.9498,76.1533,74.9037,75.7507,27124000
2020-07-28,75.5313,75.5813,74.3188,74.4738,30910000
2020-07-29,74.5407,75.9438,74.4421,75.4575,22676000
2020-07-30,74.1925,76.3183,74.0538,76.1935,36042000
2020-07-31,74.1469,74.5417,72.0147,73.6962,91468000
2020-08-03,73.8473,74.1806,72.8924,73.4392,45482000
2020-08-04,73.6348,73.9518,72.5115,72.9706,37212000
2020-08-05,73.145,73.7978,72.8676,73.2574,29134000
2020-08-06,73.1118,74.6036,72.9013,74.5382,33306000
2020-08-07,74.7408,75.2881,73.613,74.2123,27718000
2020-08-10,73.8374,74.6472,73.1782,74.1356,20546000
2020-08-11,73.9959,74.8101,73.2128,73.3292,31098000
2020-08-12,73.6551,74.8711,73.5501,74.6516,22512000
2020-08-13,74.6997,76.1241,74.6997,75.1177,22388000
2020-08-14,74.9671,75.2732,74.2435,74.5224,21942000
2020-08-17,75.084,75.4708,74.5407,75.0974,19990000
2020-08-18,75.5867,77.1345,75.3663,77.0558,28378000
2020-08-19,76.8928,77.7036,76.2742,76.5025,30472000
2020-08-20,76.2727,78.2638,75.9998,78.0696,26382000
2020-08-21,77.8492,78.8437,77.3792,78.0359,34838000
2020-08-24,78.873,79.6808,78.0097,78.5104,25638000
2020-08-25,78.2603,79.6857,78.1503,79.5357,25150000
2020-08-26,79.5579,81.8605,79.2944,81.4316,52188000
2020-08-27,81.5544,81.6228,80.1776,80.6585,31350000
2020-08-28,80.7055,81.2939,80.5143,81.1988,22418000
2020-08-31,81.4039,81.4499,80.5005,80.7085,26422000
2020-09-01,80.8388,82.179,80.7085,81.974,22652000
2020-09-02,82.6144,85.4915,82.227,85.0601,49522000
2020-09-03,84.175,84.1988,79.6278,80.7075,63726000
2020-09-04,79.6917,80.9789,76.1737,78.3153,55850000
2020-09-08,75.5313,77.0444,75.1103,75.4619,54032000
2020-09-09,76.715,77.2014,75.5397,76.6323,39242000
2020-09-10,76.7784,77.9413,75.2836,75.5833,33024000
2020-09-11,75.6873,76.2098,73.9473,75.0736,30706000
2020-09-14,75.8606,77.1162,74.5461,74.7304,42660000
2020-09-15,75.6744,76.8185,75.3876,76.0325,23042000
2020-09-16,76.397,76.9859,74.8671,74.8918,22128000
2020-09-17,73.5902,74.2267,72.4337,73.6512,40008000
2020-09-18,73.7136,74.0553,70.9063,71.8706,63056000
2020-09-21,70.9063,71.3243,69.4729,70.833,56908000
2020-09-22,71.8325,72.5085,70.8013,72.303,33950000
2020-09-23,71.9201,71.9692,69.4729,69.8052,37726000
2020-09-24,69.4729,71.2218,69.4467,70.4724,34552000
2020-09-25,70.5809,71.6155,69.7206,71.2748,30326000
2020-09-28,72.9058,72.9553,71.6324,72.2455,30784000
2020-09-29,72.5056,72.9063,72.0147,72.6101,31816000
2020-09-30,72.3585,73.6096,72.1019,72.5893,40924000
2020-10-01,73.4837,74.0489,73.144,73.6937,32884000
2020-10-02,72.2936,73.2544,71.6854,72.094,31222000
2020-10-05,72.4432,73.5353,72.3164,73.4426,21602000
2020-10-06,73.0796,73.5263,71.5695,71.8671,26096000
2020-10-07,72.2777,72.7562,70.986,72.2693,36108000
2020-10-08,72.5818,73.7002,72.5818,73.4724,26076000
2020-10-09,73.9394,74.88,73.6492,74.8106,32966000
2020-10-12,76.1751,78.6724,75.7442,77.4921,55344000
2020-10-13,78.1073,78.5109,77.1969,77.6149,39072000
2020-10-14,77.9879,78.446,76.5664,77.4351,33174000
2020-10-15,76.4971,77.8294,76.3302,77.0404,31210000
2020-10-16,77.3554,78.1419,77.1489,77.6461,34194000
2020-10-19,78.0538,78.45,75.4282,75.7764,29734000
2020-10-20,75.4377,77.9503,75.3084,76.823,41670000
2020-10-21,77.7526,79.9958,77.6184,78.552,60322000
2020-10-22,78.503,79.9106,78.1305,79.5758,30512000
2020-10-23,79.9913,80.9358,79.8358,80.8794,30548000
2020-10-26,79.9889,80.711,77.6501,78.4678,35826000
2020-10-27,78.6977,79.345,78.1063,79.1905,25902000
2020-10-28,76.77,76.9582,74.713,74.8279,45174000
2020-10-29,75.136,78.6882,75.1128,77.1103,55406000
2020-10-30,82.5861,83.2736,79.3237,80.0438,99878000
2020-11-02,80.4118,82.1305,79.9512,80.4505,44228000
2020-11-03,80.7694,82.1681,79.8457,81.5074,31432000
2020-11-04,84.4752,87.6673,84.3474,86.4697,71342000
2020-11-05,87.6881,88.7465,86.231,87.2943,39758000
2020-11-06,86.7416,87.5915,86.0155,87.1572,28622000
2020-11-09,88.9526,89.9882,87.0492,87.2408,53440000
2020-11-10,85.6733,87.1398,84.9972,86.067,43022000
2020-11-11,86.596,87.3141,86.3315,86.538,31838000
2020-11-12,86.279,87.4172,86.0794,86.3196,26474000
2020-11-13,86.5762,88.0189,85.9808,87.7777,29744000
2020-11-16,87.3756,88.8713,87.2364,87.8654,25468000
2020-11-17,87.5598,88.0194,87.1453,87.2527,21314000
2020-11-18,87.0041,87.4182,86.1091,86.2116,20108000
2020-11-19,85.8446,87.3434,85.6857,87.0997,20106000
2020-11-20,87.2696,87.5846,85.9323,86.0006,27694000
2020-11-23,86.1908,86.4766,84.703,85.5638,22530000
2020-11-24,85.5608,87.4915,85.2255,87.3637,27984000
2020-11-25,87.5573,87.6846,86.594,87.3751,19600000
2020-11-27,87.3954,89.0036,87.3954,88.5088,14790000
2020-11-30,87.9456,88.1779,86.5682,86.8931,32418000
2020-12-01,87.5004,90.2274,87.3206,88.9219,37350000
2020-12-02,88.9218,90.7732,88.4171,90.3884,29424000
2020-12-03,90.169,91.3225,89.9936,90.2334,24728000
2020-12-04,90.1531,90.6128,89.8247,90.3285,20544000
2020-12-07,89.9218,90.6024,89.3022,89.9951,22288000
2020-12-08,89.5737,89.9426,88.7198,89.7128,19936000
2020-12-09,89.6648,90.5568,87.2696,88.0551,31728000
2020-12-10,87.2993,87.9129,85.8595,87.5494,28688000
2020-12-11,87.1705,88.0279,86.8109,87.9035,18628000
2020-12-14,87.7015,88.6465,86.6321,86.7871,33050000
2020-12-15,87.1636,87.3686,86.2627,87.224,21352000
2020-12-16,87.6217,87.6217,86.6287,87.0313,24676000
2020-12-17,87.3652,87.5028,85.7416,86.2052,34880000
2020-12-18,86.4855,86.594,84.9417,85.4974,85256000
2020-12-21,84.651,86.0314,83.9016,85.9105,33974000
2020-12-22,85.6515,85.8139,84.4851,85.2002,20370000
2020-12-23,85.384,86.3835,85.2488,85.597,22974000
2020-12-24,85.6351,86.2993,85.4048,85.8907,9312000
2020-12-28,86.4231,88.5078,86.2701,87.8619,27650000
2020-12-29,88.5192,88.5806,86.9283,87.0596,19726000
2020-12-30,87.4182,87.5549,85.5856,85.9942,21026000
2020-12-31,86.0447,87.0467,85.9863,86.806,21070000
2021-01-04,87.1705,87.2938,84.5524,85.493,37324000
2021-01-05,85.4415,86.5182,85.0358,86.1824,20360000
2021-01-06,84.2117,86.3766,84.0056,85.332,46588000
2021-01-07,85.5242,88.0531,85.5242,87.8808,41936000
2021-01-08,88.0204,89.12,87.2309,89.0442,35484000
2021-01-11,88.0135,88.378,86.7812,86.9868,34796000
2021-01-12,86.4454,87.5618,85.0101,86.0526,29528000
2021-01-13,85.5519,86.9917,85.5519,86.539,23432000
2021-01-14,86.6193,87.5445,85.49,85.7302,29212000
2021-01-15,85.6361,86.5573,84.7788,85.5668,31444000
2021-01-19,86.3285,89.3418,85.8248,88.3825,41660000
2021-01-20,90.4577,94.0907,90.118,93.1174,64152000
2021-01-21,93.79,95.6934,93.0847,93.3195,58634000
2021-01-22,93.6815,94.322,92.9406,93.736,32744000
2021-01-25,94.7355,95.1852,92.0818,93.8212,50586000
2021-01-26,93.4106,94.8846,92.9223,94.4983,31462000
2021-01-27,92.8619,93.1372,89.0169,90.0897,82512000
2021-01-28,90.6871,93.5097,90.6871,91.7866,55278000
2021-01-29,90.8366,91.5063,89.2289,90.5068,44530000
2021-02-01,91.3601,94.8742,91.3601,93.7613,40252000
2021-02-02,94.7548,96.5498,94.42,95.0515,66332000
2021-02-03,102.307,104.3381,99.7285,101.9736,97882000
2021-02-04,102.0598,102.4897,100.7959,101.7136,48596000
2021-02-05,102.0073,103.8092,101.5338,103.457,29866000
2021-02-08,104.0103,104.7532,102.195,103.2436,28828000
2021-02-09,102.7621,103.9365,102.5244,102.7914,21892000
2021-02-10,103.1752,103.9548,101.6448,103.3406,25102000
2021-02-11,103.5645,103.7131,102.4679,103.4531,20480000
2021-02-12,103.0083,103.9855,102.7012,103.7641,18990000
2021-02-16,103.6017,106.246,103.6017,104.5402,31004000
2021-02-17,103.7121,105.1217,103.4333,104.9325,20294000
2021-02-18,104.2579,105.0994,103.6799,104.298,22546000
2021-02-19,104.3961,104.9305,103.1896,103.456,37938000
2021-02-22,101.7121,103.036,101.4348,101.7448,29466000
2021-02-23,99.7503,102.6482,98.5735,102.0351,34658000
2021-02-24,100.5452,103.4318,100.4209,103.2084,22608000
2021-02-25,101.8275,103.1683,99.3788,99.8474,41548000
2021-02-26,100.5408,101.8568,99.1074,100.1426,40042000
2021-03-01,101.4348,102.833,100.7622,102.5076,26060000
2021-03-02,102.2688,103.7497,101.8642,102.251,25564000
2021-03-03,101.6304,102.8211,98.7602,99.6225,33892000
2021-03-04,99.7939,102.7517,99.3263,100.7379,49216000
2021-03-05,102.0861,104.3173,100.4333,103.8652,53100000
2021-03-08,103.2208,104.6908,99.3144,99.4289,36868000
2021-03-09,101.5215,102.2233,100.8206,101.0564,33920000
2021-03-10,102.0985,102.0985,100.0148,100.8498,27100000
2021-03-11,101.941,104.5684,101.8533,104.037,27702000
2021-03-12,102.8419,102.9013,100.6631,101.5338,33818000
2021-03-15,101.2852,101.781,100.4338,101.7537,26168000
2021-03-16,102.3258,104.6878,101.994,103.2124,31900000
2021-03-17,102.4486,103.9607,101.2426,103.1297,26382000
2021-03-18,101.4437,102.4625,100.0074,100.1143,31700000
2021-03-19,100.5299,100.8919,99.2025,100.3927,46072000
2021-03-22,100.4259,101.4516,99.7508,100.5774,33536000
2021-03-23,101.0361,102.2327,100.4442,101.1044,28510000
2021-03-24,101.621,102.4055,100.4937,100.6686,25218000
2021-03-25,100.4962,101.3179,98.8637,100.6651,35616000
2021-03-26,100.6319,101.0083,99.2481,100.2823,27978000
2021-03-29,100.155,101.4947,99.3273,101.3253,26492000
2021-03-30,101.6814,102.1614,100.8479,101.359,27312000
2021-03-31,101.7518,103.3297,101.3852,102.1539,42570000
2021-04-01,103.6264,105.7809,103.5858,105.4852,39880000
2021-04-05,106.3455,110.399,106.2494,109.9022,48510000
2021-04-06,109.504,110.3499,109.0518,109.4218,35240000
2021-04-07,109.612,111.1672,109.612,110.8962,24134000
2021-04-08,112.133,112.5188,111.0934,111.4609,28664000
2021-04-09,111.2137,112.6268,110.8086,112.4633,26146000
2021-04-12,111.6436,111.7808,110.341,111.1731,25024000
2021-04-13,111.4886,112.1067,111.0953,111.659,25682000
2021-04-14,112.3029,112.3029,110.7472,111.0389,21002000
2021-04-15,112.0314,113.7179,111.4975,113.1854,29174000
2021-04-16,113.3831,113.6307,112.4757,113.0616,26282000
2021-04-19,112.4391,114.1186,112.4391,113.4088,30290000
2021-04-20,113.7917,113.8665,111.7922,112.8764,22288000
2021-04-21,112.5317,112.9254,111.183,112.8437,23204000
2021-04-22,112.6976,113.3652,110.9601,111.5644,24146000
2021-04-23,112.2816,114.2191,111.9968,113.9126,29066000
2021-04-26,114.1399,115.1309,113.7833,114.4078,32038000
2021-04-27,114.7892,114.8298,113.2305,113.4693,44386000
2021-04-28,118.4974,120.4231,116.5519,116.8402,81106000
2021-04-29,118.3355,119.0749,117.5737,118.5103,41234000
2021-04-30,117.285,117.9699,116.2221,116.5658,44856000
2021-05-03,117.1309,117.9551,115.6743,116.0497,28242000
2021-05-04,114.5871,115.1537,111.7704,114.2543,44818000
2021-05-05,115.334,115.6495,114.3261,114.6476,26636000
2021-05-06,114.2295,115.7659,113.5713,115.7659,25190000
2021-05-07,117.0804,117.4449,116.2022,116.488,28898000
2021-05-10,115.3097,115.4514,113.1503,113.5074,30914000
2021-05-11,111.0963,112.9393,110.6432,112.4331,34186000
2021-05-12,110.2603,111.3395,108.6471,108.9755,46376000
2021-05-13,110.2568,110.9165,109.296,110.4015,33204000
2021-05-14,111.8626,113.1592,111.4396,112.8452,31996000
2021-05-17,112.1117,113.4098,111.7125,113.3672,21598000
2021-05-18,114.0324,114.2964,112.0433,112.0572,22204000
2021-05-19,110.3712,112.6773,110.2231,112.5044,23684000
2021-05-20,113.4703,114.5104,113.0998,114.2602,32352000
2021-05-21,114.7783,114.8516,113.3861,113.6253,40632000
2021-05-24,114.6535,117.1626,114.5084,116.9392,31832000
2021-05-25,117.4821,118.0764,116.6401,117.0299,22440000
2021-05-26,117.2107,118.3236,117.2077,117.8937,21572000
2021-05-27,118.3265,118.3265,116.7025,117.0205,35224000
2021-05-28,117.6019,117.6837,116.5336,116.7317,21482000
2021-06-01,117.6029,118.1611,116.6044,117.9368,23354000
2021-06-02,118.3315,118.5539,116.5093,117.4122,21158000
2021-06-03,116.181,116.7401,115.3781,116.2726,18696000
2021-06-04,117.3469,118.8208,117.0071,118.5504,24458000
2021-06-07,118.3459,119.0923,117.9278,118.9828,24120000
2021-06-08,119.4637,119.8357,118.6103,118.7916,24240000
2021-06-09,119.435,119.5068,118.7153,119.2621,17942000
2021-06-10,119.2116,120.6519,119.0561,120.6088,25904000
2021-06-11,120.85,120.9352,119.8079,120.3646,21958000
2021-06-14,120.4667,121.2918,119.7604,121.2913,22098000
2021-06-15,121.2958,121.6182,119.9149,120.275,21562000
2021-06-16,120.4261,120.7371,118.3439,119.6341,26472000
2021-06-17,119.5598,121.3676,119.3642,120.5959,25842000
2021-06-18,120.223,120.4568,118.8837,118.9788,46116000
2021-06-21,119.3647,120.85,118.7683,120.6643,27414000
2021-06-22,120.6024,121.2463,119.9228,121.1774,22390000
2021-06-23,120.9426,121.9352,120.6861,120.9758,19148000
2021-06-24,121.5434,121.8956,121.1472,121.3453,21362000
2021-06-25,120.85,121.4771,120.4191,121.3537,34594000
2021-06-28,121.5221,121.6276,120.2611,121.381,28526000
2021-06-29,121.5142,121.8614,120.5439,121.12,23108000
2021-06-30,120.8446,121.1046,120.2106,120.9387,24474000
2021-07-01,120.5776,121.4315,120.3859,121.2903,18110000
2021-07-02,121.9892,124.2219,121.8995,124.0768,25982000
2021-07-06,124.4641,125.2363,123.4082,125.0005,26404000
2021-07-07,125.9634,126.0842,124.9639,125.2818,24060000
2021-07-08,122.8569,124.4116,122.853,123.8653,23790000
2021-07-09,123.8465,124.5493,123.3775,124.3354,18632000
2021-07-12,124.9886,125.8717,124.427,125.7786,17668000
2021-07-13,125.841,126.8504,125.4805,126.1412,19240000
2021-07-14,126.7519,128.1075,126.7088,127.0282,23742000
2021-07-15,127.4364,127.4869,125.3373,125.8078,24218000
2021-07-16,126.4597,126.6068,124.9644,125.7732,20424000
2021-07-19,124.901,125.0154,122.3408,123.4037,27968000
2021-07-20,124.3443,125.8455,123.1784,125.0199,26312000
2021-07-21,124.9446,126.3933,124.8356,126.3467,20746000
2021-07-22,126.6389,127.2719,126.2972,127.211,14302000
2021-07-23,129.2011,132.1416,128.577,131.7612,41506000
2021-07-26,132.0718,132.9717,131.0544,132.7716,30572000
2021-07-27,132.9851,133.1322,128.8777,130.6567,54710000
2021-07-28,135.0271,136.9934,134.0024,134.8112,95130000
2021-07-29,134.8667,135.3728,134.2654,134.4977,31716000
2021-07-30,133.7622,134.0291,132.9895,133.4566,25576000
2021-08-02,133.8434,134.0608,132.5329,133.5834,21634000
2021-08-03,133.8612,134.4526,132.0628,134.3516,20762000
2021-08-04,134.0737,134.3709,133.2193,133.8518,19676000
2021-08-05,134.4016,135.0648,133.5749,134.9672,17870000
2021-08-06,134.7597,135.1861,133.9355,134.459,20488000
2021-08-09,134.6611,135.8909,134.0638,135.6225,17760000
2021-08-10,136.0474,136.4738,135.0791,135.5174,19414000
2021-08-11,135.8884,136.3847,134.987,134.9944,15352000
2021-08-12,134.6938,136.0058,134.149,135.9008,16506000
2021-08-13,135.9563,136.5571,135.7413,136.4293,15948000
2021-08-16,136.2287,137.0583,134.0237,137.0058,22384000
2021-08-17,136.4515,136.9622,134.7993,135.3733,21716000
2021-08-18,135.2134,135.8122,134.046,134.1723,19258000
2021-08-19,133.1683,135.0672,132.9846,134.4011,21782000
2021-08-20,134.7181,136.2574,133.9751,136.1341,31194000
2021-08-23,136.669,139.5466,136.3104,138.7215,28454000
2021-08-24,139.2861,140.7407,139.0157,139.93,19268000
2021-08-25,140.2901,140.8492,140.0434,140.7398,15848000
2021-08-26,140.4139,141.0751,140.0246,140.1073,20610000
2021-08-27,140.3173,143.1503,140.1632,142.6466,28780000
2021-08-30,143.0389,144.5946,142.8041,143.2276,24434000
2021-08-31,143.7788,143.8031,142.921,143.3336,22448000
2021-09-01,143.6333,144.8754,143.5179,143.8467,21936000
2021-09-02,143.8472,144.1478,141.8353,141.9364,32342000
2021-09-03,141.7318,142.7962,141.0582,142.3846,19850000
2021-09-07,142.4787,143.2023,142.2652,142.9205,20124000
2021-09-08,142.7417,143.0389,141.6521,142.3366,18344000
2021-09-09,142.4846,142.9502,141.8279,142.188,15314000
2021-09-10,142.8531,143.3544,139.4114,139.5481,36840000
2021-09-13,140.6115,141.6026,139.9186,140.9909,22094000
2021-09-14,141.6476,142.0117,140.4139,141.2009,19674000
2021-09-15,141.4257,143.0889,140.0151,143.0681,27408000
2021-09-16,142.5936,142.9398,141.0592,142.2563,26190000
2021-09-17,141.6823,142.0978,139.1459,139.4728,53384000
2021-09-20,136.8592,137.6898,135.037,137.4119,46518000
2021-09-21,138.4322,138.6917,136.9746,137.7225,25332000
2021-09-22,137.9909,139.559,137.2455,138.9612,25056000
2021-09-23,139.6586,140.3609,139.0781,139.8849,20952000
2021-09-24,139.2138,140.9889,138.9191,140.8745,22984000
2021-09-27,139.4773,140.6006,138.7472,139.7423,21882000
2021-09-28,137.348,137.7854,134.0841,134.5497,45772000
2021-09-29,135.6888,135.8582,132.6032,133.0871,30848000
2021-09-30,132.996,134.2649,132.2971,132.416,37996000
2021-10-01,133.1802,135.62,132.8092,135.256,35360000
2021-10-04,134.6789,134.6789,129.8147,132.3996,51202000
2021-10-05,132.7775,135.931,132.7775,134.7408,32404000
2021-10-06,133.4798,136.4515,133.2817,136.2683,24364000
2021-10-07,137.5828,138.722,137.3441,137.9127,25110000
2021-10-08,138.2613,139.0082,137.9052,138.4679,26526000
2021-10-11,137.979,139.3856,137.5501,137.6046,17954000
2021-10-12,138.1652,138.192,134.4803,135.1628,36332000
2021-10-13,136.1074,136.6992,135.2322,136.2852,19654000
2021-10-14,138.1593,140.0052,137.5164,139.8205,31894000
2021-10-15,140.2796,140.3822,139.4282,140.0354,30274000
2021-10-18,139.7467,141.45,139.7398,141.4321,20396000
2021-10-19,142.0359,142.3083,141.2559,141.8868,20164000
2021-10-20,141.9869,142.193,140.0439,140.4327,23288000
2021-10-21,140.4327,140.8161,139.1757,140.5486,26292000
2021-10-22,137.8383,139.2578,134.7735,136.2698,50588000
2021-10-25,136.2535,136.6992,134.1475,136.1514,34412000
2021-10-26,137.9508,138.7626,137.0008,137.9954,49236000
2021-10-27,138.091,147.2488,138.091,144.8393,85782000
2021-10-28,145.7476,145.7709,143.2637,144.4742,36206000
2021-10-29,143.7105,146.8446,143.286,146.6505,43320000
2021-11-01,146.6505,146.6505,141.8754,142.1444,46924000
2021-11-02,143.2167,145.2271,142.975,144.0616,33482000
2021-11-03,144.5253,145.2865,143.2281,145.2162,27494000
2021-11-04,145.7377,148.3221,144.9289,146.8699,38412000
2021-11-05,147.7634,148.9105,146.8001,147.4489,38354000
2021-11-08,148.4127,149.1953,147.0314,147.6262,23052000
2021-11-09,147.8263,148.4222,145.8571,147.5148,19530000
2021-11-10,146.1097,146.6743,143.1751,144.5183,29970000
2021-11-11,145.1087,146.1448,144.2281,144.3925,16518000
2021-11-12,145.2335,147.447,144.0404,147.2766,22360000
2021-11-15,147.497,148.1399,146.184,147.0527,23508000
2021-11-16,146.753,147.3603,145.9239,146.4821,18904000
2021-11-17,146.6322,147.1591,145.8521,146.6515,19594000
2021-11-18,146.8442,149.1611,146.4905,148.4261,35608000
2021-11-19,148.5618,149.5435,147.4955,147.5227,33682000
2021-11-22,147.9249,148.4172,144.7699,144.9229,30594000
2021-11-23,144.7754,145.2776,142.7566,144.4079,27218000
2021-11-24,144.1023,144.8709,143.0121,144.7427,18040000
2021-11-26,142.9879,143.1949,140.5055,140.8428,30470000
2021-11-29,142.6426,144.9185,142.5371,144.1587,32596000
2021-11-30,143.6417,144.6238,140.2668,140.56,42068000
2021-12-01,142.6427,144.5748,139.5838,139.722,34020000
2021-12-02,139.9186,142.5084,138.8928,141.6184,29194000
2021-12-03,142.3267,143.0389,138.9785,140.663,41230000
2021-12-06,141.6922,142.4966,138.829,141.8056,30618000
2021-12-07,144.2241,146.1404,143.8586,145.8813,32240000
2021-12-08,146.2052,146.9942,145.026,146.7897,24270000
2021-12-09,146.1998,147.6946,145.7283,146.2469,23270000
2021-12-10,147.2983,147.5732,145.3212,146.6064,24458000
2021-12-13,146.3885,146.5752,144.1459,144.452,27070000
2021-12-14,142.611,143.1181,139.8839,142.5506,38446000
2021-12-15,142.0572,145.338,140.3425,145.0606,36370000
2021-12-16,145.7833,146.285,142.2534,143.0835,33650000
2021-12-17,141.1568,142.4787,139.9681,140.3891,50416000
2021-12-20,138.6804,140.4381,138.0078,140.2722,27192000
2021-12-21,140.7145,142.5129,139.1781,142.1201,28756000
2021-12-22,141.7189,145.1191,141.7189,145.0349,26322000
2021-12-23,145.1191,146.8461,145.0715,145.5316,26384000
2021-12-27,145.868,146.9457,145.7823,146.5123,15976000
2021-12-28,146.8387,146.9011,144.6778,145.3043,18200000
2021-12-29,145.2622,146.0274,144.2746,145.2726,17788000
2021-12-30,145.3113,145.9115,144.6184,144.8224,15688000
2021-12-31,144.6733,145.3157,143.4866,143.4866,18136000
2022-01-03,143.6877,144.4762,142.3583,143.6248,28646000
2022-01-04,144.0255,145.1042,142.3618,143.0384,28400000
2022-01-05,143.0587,143.1375,136.3902,136.4763,54618000
2022-01-06,135.7072,138.6209,135.2713,136.4491,37348000
2022-01-07,136.8434,137.1435,134.4868,135.7255,29760000
2022-01-10,133.8048,137.511,131.9093,137.3624,44408000
2022-01-11,136.7061,138.8943,135.404,138.4188,28730000
2022-01-12,139.8195,141.2638,139.3683,140.0974,26108000
2022-01-13,140.2059,141.5035,137.1044,137.2807,31436000
2022-01-14,135.7869,139.4154,135.7071,138.1657,29662000
2022-01-18,134.8914,135.8389,134.1619,134.7161,34872000
2022-01-19,135.2366,136.6591,133.7428,133.8429,28648000
2022-01-20,134.9657,136.3287,131.7112,132.0509,29908000
2022-01-21,131.3437,133.5943,128.8603,129.1228,55652000
2022-01-24,124.7905,129.9663,123.3265,129.571,76622000
2022-01-25,127.5265,128.1793,125.3081,125.7385,46960000
2022-01-26,129.8831,131.7463,125.9436,128.0148,49130000
2022-01-27,130.0663,131.4021,127.7172,127.789,31950000
2022-01-28,128.4368,132.0995,127.2739,132.094,34362000
2022-01-31,132.8974,134.196,130.9633,134.0281,39986000
2022-02-01,136.2975,136.4942,133.1019,136.3466,68644000
2022-02-02,149.8243,150.118,144.1508,146.6049,123200000
2022-02-03,144.3321,148.2642,141.3207,141.7412,71518000
2022-02-04,142.0924,143.5094,139.1905,141.9423,57998000
2022-02-07,142.8903,142.8903,137.5907,137.8889,54974000
2022-02-08,137.7161,138.6804,135.7225,138.085,54284000
2022-02-09,139.6348,141.1811,138.8656,140.2574,40144000
2022-02-10,138.3866,140.1508,136.6566,137.3133,39330000
2022-02-11,137.2936,137.8448,132.1426,133.0168,39958000
2022-02-14,132.0004,135.0152,132.0004,134.2485,34302000
2022-02-15,136.2738,136.8067,134.5412,135.3208,26680000
2022-02-16,135.3585,136.7844,133.6522,136.4397,25022000
2022-02-17,134.9587,135.821,131.2297,131.2897,38950000
2022-02-18,132.209,132.8063,128.9693,129.1738,45620000
2022-02-22,128.6141,130.9346,127.0149,128.5899,44990000
2022-02-23,130.4076,130.8063,126.3254,126.3854,32786000
2022-02-24,123.7757,131.7463,123.7757,131.4402,54456000
2022-02-25,132.2931,133.9964,130.5096,133.1921,36406000
2022-02-28,131.7959,134.4719,131.3427,133.784,38864000
2022-03-01,133.6071,134.9711,131.9628,132.7978,26496000
2022-03-02,133.359,133.9875,131.8172,133.3031,23520000
2022-03-03,134.728,135.1534,131.7716,132.6374,24604000
2022-03-04,131.6745,132.5898,129.1089,130.6631,30430000
2022-03-07,130.2486,130.4933,125.1045,125.1873,45112000
2022-03-08,125.06,130.0128,124.4899,125.9064,40428000
2022-03-09,130.0128,132.4749,128.6761,132.1624,37026000
2022-03-10,130.0287,132.0158,129.6785,131.1812,27102000
2022-03-11,132.2302,132.5344,128.4096,128.6463,31526000
2022-03-14,129.0223,129.1798,124.0942,124.7638,38812000
2022-03-15,125.7791,128.6305,124.5355,127.9802,30920000
2022-03-16,129.5007,132.0762,127.521,132.0242,35576000
2022-03-17,131.894,132.8167,130.939,132.5775,28264000
2022-03-18,132.1668,134.9598,131.0118,134.8424,44566000
2022-03-21,134.88,135.7582,132.8286,134.8186,26832000
2022-03-22,134.8186,139.7205,134.8186,138.5496,35496000
2022-03-23,137.3951,138.2727,136.5358,136.9721,25154000
2022-03-24,137.8879,140.2841,136.4521,140.2375,26396000
2022-03-25,140.5783,140.6962,138.4203,140.3376,24126000
2022-03-28,139.5724,140.664,138.4936,140.1222,35050000
2022-03-29,141.3029,142.4381,140.6997,141.1623,34318000
2022-03-30,141.1172,141.3752,140.2653,140.6006,19884000
2022-03-31,140.714,140.7685,137.7141,137.7567,37524000
2022-04-01,138.1851,139.1469,137.0038,138.8294,25942000
2022-04-04,139.0355,142.3574,138.9879,141.6238,25942000
2022-04-05,141.5223,141.6427,139.0593,139.2658,21418000
2022-04-06,137.4421,138.0469,134.2396,135.2609,32468000
2022-04-07,134.728,135.8716,132.9623,134.6076,26234000
2022-04-08,134.3055,134.3912,131.7122,132.0311,25142000
2022-04-11,130.5809,130.8474,127.4557,127.6092,36884000
2022-04-12,130.3596,130.3596,125.5939,126.5107,32710000
2022-04-13,126.7935,129.1055,126.5369,128.6696,27928000
2022-04-14,129.2496,129.2496,125.4077,125.5355,31598000
2022-04-18,125.8029,127.004,124.9926,126.473,20808000
2022-04-19,126.4879,129.1045,125.8024,128.7835,26490000
2022-04-20,129.6582,130.1604,126.2982,126.8331,31696000
2022-04-21,128.0317,128.8722,123.3527,123.638,36446000
2022-04-22,123.8218,124.22,117.804,118.5078,56884000
2022-04-25,117.9784,122.1155,117.3939,121.9139,46128000
2022-04-26,121.1417,121.3552,117.3939,117.5316,73054000
2022-04-27,113.3905,116.1369,111.6738,113.2172,91820000
2022-04-28,115.3177,118.5217,113.0393,117.4053,48884000
2022-04-29,115.6341,116.8085,112.7417,113.0339,42676000
2022-05-02,112.336,115.6451,111.5386,115.4841,35534000
2022-05-03,115.333,117.3256,114.9407,116.228,24968000
2022-05-04,115.9284,121.6965,114.0309,121.1086,49916000
2022-05-05,119.071,119.8981,113.9215,115.4073,45840000
2022-05-06,114.0988,116.4633,112.9408,114.6555,39710000
2022-05-09,112.1825,113.9923,110.9448,111.4505,40802000
2022-05-10,114.4187,115.1542,111.8363,113.3167,39900000
2022-05-11,112.1691,115.2676,112.1691,112.5317,37534000
2022-05-12,110.3277,113.2177,108.7893,111.7803,53836000
2022-05-13,113.4534,116.7639,112.5342,114.9566,35038000
2022-05-16,113.8719,115.075,112.816,113.3662,25990000
2022-05-17,115.7392,115.7981,113.7872,115.3751,23054000
2022-05-18,113.916,114.3122,110.504,110.8447,35126000
2022-05-19,110.3811,111.9448,108.9631,109.3435,34144000
2022-05-20,110.8958,111.1261,104.7993,107.8814,48962000
2022-05-23,108.5545,111.0904,107.716,110.4371,37184000
2022-05-24,104.775,105.455,100.9241,104.9711,76780000
2022-05-25,103.9959,105.4961,102.8775,104.8077,40258000
2022-05-26,104.6809,107.6254,104.2331,106.7764,37948000
2022-05-27,108.451,111.2593,108.1098,111.2578,37914000
2022-05-31,111.6837,114.6441,111.022,112.6897,50012000
2022-06-01,113.7724,115.9977,112.1825,112.8185,36606000
2022-06-02,112.9254,116.7882,111.8819,116.5138,37992000
2022-06-03,114.9685,115.2251,112.4485,113.4613,26136000
2022-06-06,115.6044,118.222,115.069,115.7193,33542000
2022-06-07,114.392,116.5816,113.9675,116.0452,31590000
2022-06-08,115.6609,117.4528,115.5009,116.0893,26108000
2022-06-09,115.231,117.1839,113.6941,113.7531,25798000
2022-06-10,111.3851,112.2112,109.3257,110.1137,41452000
2022-06-13,105.7799,107.766,105.1187,105.3896,47252000
2022-06-14,105.5308,106.9072,104.8027,105.7096,33706000
2022-06-15,107.5218,110.3732,106.6546,108.7299,39698000
2022-06-16,106.2103,107.6244,104.147,105.034,51684000
2022-06-17,105.034,107.6749,104.0558,106.1336,51376000
2022-06-21,107.9027,111.4292,107.5763,110.4926,47416000
2022-06-22,109.5144,112.2781,109.342,110.4366,30774000
2022-06-23,111.1736,111.6798,109.4589,111.184,28362000
2022-06-24,111.9299,116.966,111.8878,116.863,41164000
2022-06-27,117.1582,117.4618,114.0938,114.7417,36420000
2022-06-28,114.711,116.2038,110.7937,110.9517,35792000
2022-06-29,110.5005,112.0938,109.8274,110.6486,24716000
2022-06-30,108.9631,109.8428,105.7438,107.9359,43170000
2022-07-01,106.9156,108.2202,105.7244,107.7125,35476000
2022-07-05,106.091,112.3083,104.7349,112.1954,39342000
2022-07-06,112.234,114.4999,110.4252,113.492,37432000
2022-07-07,113.9953,118.066,113.7511,117.6634,40936000
2022-07-08,116.1448,118.5568,115.7996,118.2285,38238000
2022-07-11,116.8857,116.8857,114.2434,114.5861,31196000
2022-07-12,115.1196,115.8714,112.6184,112.9457,29960000
2022-07-13,110.6481,113.1196,110.1533,110.3039,43722000
2022-07-14,109.1717,110.0459,107.3515,109.3272,37004000
2022-07-15,110.9448,112.074,109.8547,110.7239,46770000
2022-07-18,111.5783,112.6085,107.3485,108.0023,43164600
2022-07-19,109.8051,112.9452,108.5273,112.7372,36530900
2022-07-20,112.1033,114.3122,111.4198,112.8264,35600400
2022-07-21,113.2028,113.4702,110.0627,113.2622,32676200
2022-07-22,109.9537,111.2811,105.4961,106.8829,48901200
2022-07-25,107.3881,108.8344,105.298,106.4966,34690900
2022-07-26,105.5952,106.1895,103.089,104.0301,47991000
2022-07-27,108.2301,112.8363,106.9919,111.9943,59858500
2022-07-28,111.3108,113.2622,110.4094,113.1434,32816600
2022-07-29,112.0141,115.6099,111.9943,115.2236,37223400
2022-08-01,114.2132,115.6198,113.2622,113.7773,26034300
2022-08-02,112.9254,115.2533,112.6481,114.0448,20236000
2022-08-03,114.6193,117.5019,114.3915,116.967,28499000
2022-08-04,116.3726,117.6604,115.7882,117.0759,21602900
2022-08-05,115.1344,116.9967,114.9066,116.3627,19159500
2022-08-08,117.2741,119.0175,115.7783,116.1943,19138300
2022-08-09,116.0358,116.2141,114.6193,115.5306,19086500
2022-08-10,117.6604,119.7802,117.2939,118.5717,30930400
2022-08-11,120.1368,120.3448,117.4424,117.7198,24293700
2022-08-12,119.1264,120.533,118.334,120.533,19096300
2022-08-15,119.9882,121.1472,119.4731,120.9293,19494800
2022-08-16,120.3745,121.276,119.5028,120.5528,19041200
2022-08-17,118.9878,120.1467,118.2547,118.4231,22847000
2022-08-18,118.3042,119.6811,117.6009,119.0373,17987700
2022-08-19,117.9377,118.0269,115.6594,116.1052,21809500
2022-08-22,114.1141,114.5401,112.7769,113.1632,21456600
2022-08-23,112.4103,113.9259,112.3608,112.7868,15870400
2022-08-24,112.4302,113.6981,111.8061,112.6184,17734600
2022-08-25,113.1632,115.6198,113.0344,115.5505,16956800
2022-08-26,113.6386,114.0349,109.1513,109.2999,37245700
2022-08-29,108.9532,109.9042,107.7745,108.3886,21191200
2022-08-30,109.1315,109.4584,106.7839,107.9131,27513300
2022-08-31,109.607,109.8051,107.1108,107.1999,28627000
2022-09-01,107.2593,109.4089,106.348,108.7056,28360900
2022-09-02,109.5476,109.6962,106.249,106.8334,24160700
2022-09-06,106.2886,107.0117,104.7829,105.8032,25068300
2022-09-07,106.0509,108.9433,105.8924,108.4183,23167000
2022-09-08,107.0216,108.5669,106.1499,107.3584,24238300
2022-09-09,108.0419,109.9438,107.9924,109.607,23197700
2022-09-12,109.9438,110.5679,108.8938,109.815,22966800
2022-09-13,106.7839,107.2792,103.1088,103.3367,38172900
2022-09-14,103.5843,104.2876,102.6829,104.0103,26395100
2022-09-15,103.0494,104.2777,101.3852,101.94,34188300
2022-09-16,101.1079,102.1579,99.9885,101.831,42797200
2022-09-19,100.7909,102.356,100.5928,102.0985,23036800
2022-09-20,101.1178,101.4051,99.5725,100.1867,26517100
2022-09-21,100.7116,101.9102,98.3343,98.3442,31487300
2022-09-22,97.8885,100.2857,97.8588,99.1961,34298600
2022-09-23,98.6909,98.7206,96.5513,97.8093,31625400
2022-09-26,97.1753,98.9385,96.8781,97.2446,27072700
2022-09-27,98.4928,99.0574,95.9569,96.581,30072800
2022-09-28,96.7296,99.7508,96.1947,99.1069,32466300
2022-09-29,97.7102,97.7102,95.0555,96.5017,31047200
2022-09-30,96.1352,97.9678,94.6593,94.7484,32941500
2022-10-03,95.8479,98.3541,95.6102,97.7102,27982000
2022-10-04,99.4932,100.88,99.4338,100.6819,28850800
2022-10-05,98.889,100.9692,97.8687,100.4739,22176900
2022-10-06,99.731,101.9598,99.6418,100.464,22324000
2022-10-07,98.9088,99.5824,97.3734,97.7498,27502800
2022-10-10,98.0668,98.1659,96.0956,96.9376,18225100
2022-10-11,96.5116,98.3145,95.4022,96.264,26507100
2022-10-12,96.3828,97.8192,95.8281,96.6404,21876400
2022-10-13,94.2531,98.8395,93.4904,98.1263,34574500
2022-10-14,99.0475,99.7409,95.4616,95.6498,25410700
2022-10-17,97.9281,99.9786,97.8984,99.0277,28419200
2022-10-18,102.1579,102.4947,99.0277,99.8201,24060700
2022-10-19,99.0673,100.0678,97.9876,98.6909,23811100
2022-10-20,99.0574,101.3555,98.4532,99.0277,25323200
2022-10-21,96.9277,100.3551,96.7989,100.1768,32458700
2022-10-24,100.8404,101.7815,99.0376,101.5536,27176400
2022-10-25,101.9301,103.832,101.7518,103.4952,40611400
2022-10-26,95.5211,97.3833,93.7975,94.0352,88114100
2022-10-27,93.629,94.5305,90.9347,91.3507,60710900
2022-10-28,91.4003,95.6399,91.2616,95.3824,43697300
2022-10-31,94.5206,95.1248,93.0942,93.6192,31675000
2022-11-01,94.5503,95.1248,89.5182,89.6172,47161400
2022-11-02,90.0828,90.3205,86.0611,86.1502,57038300
2022-11-03,85.5063,85.7045,82.5544,82.6436,61288000
2022-11-04,84.595,85.8233,82.921,85.7639,51124900
2022-11-07,86.4573,88.062,86.0313,87.6559,34078900
2022-11-08,88.062,89.4686,86.7644,88.062,30429000
2022-11-09,87.6163,88.5969,86.4573,86.4969,31769100
2022-11-10,91.3805,93.5003,90.7465,93.0545,51620100
2022-11-11,93.7975,96.0163,93.0347,95.5012,33090500
2022-11-14,94.1937,95.8777,93.6191,94.7979,30179500
2022-11-15,97.3338,99.1961,95.7984,97.5121,41640800
2022-11-16,96.9772,98.7008,96.7196,97.9182,29105200
2022-11-17,96.056,98.3442,95.8777,97.4329,26052600
2022-11-18,97.839,97.9678,95.4616,96.5116,28342300
2022-11-21,96.3729,97.4725,94.4611,94.6989,21647400
2022-11-22,95.0456,96.3036,93.1635,96.1352,23438500
2022-11-23,96.1748,97.8291,96.1748,97.5319,18868100
2022-11-25,97.314,97.7102,96.4819,96.5413,9701400
2022-11-28,96.1253,96.6602,94.7088,95.1446,26237500
2022-11-29,94.8277,95.214,93.2229,94.2927,20061700
2022-11-30,93.9262,100.0876,93.53,100.0381,43647500
2022-12-01,100.0678,101.2862,99.305,100.0381,28687100
2022-12-02,98.1164,99.8201,97.9678,99.4933,21480700
2022-12-05,98.4631,100.4244,98.0668,98.5423,24405100
2022-12-06,98.364,98.8395,95.5111,96.0659,24910700
2022-12-07,95.5012,95.9668,93.8272,94.0451,31045400
2022-12-08,94.4809,94.6791,92.5691,92.8267,32213300
2022-12-09,92.8861,93.3715,91.8757,91.955,28225400
2022-12-12,91.8361,92.6781,90.7465,92.4305,29420000
2022-12-13,96.8385,98.5918,94.1342,94.7286,40593700
2022-12-14,94.3026,95.9569,92.7177,94.1739,28733600
2022-12-15,92.2522,92.7574,89.1616,90.0036,40107000
2022-12-16,89.9045,90.4691,88.6762,89.4092,58011800
2022-12-19,89.4092,89.7064,87.3785,87.6064,29493000
2022-12-20,87.2795,88.3394,86.6158,88.1809,23453800
2022-12-21,88.2403,89.3696,87.4875,88.7356,24745600
2022-12-22,87.329,87.7054,85.5063,86.9328,27658300
2022-12-23,86.2889,88.7059,86.2493,88.3889,23003000
2022-12-27,87.963,88.1016,86.1898,86.5663,20097300
2022-12-28,86.1601,87.2101,85.1299,85.2092,19523200
2022-12-29,85.8035,88.0125,85.7936,87.6163,23333500
2022-12-30,86.1601,87.4677,85.754,87.3983,23986300
2023-01-03,88.7455,90.1918,87.6856,88.28,28131200
2023-01-04,89.4984,89.7955,86.4474,87.2498,34854800
2023-01-05,86.6455,86.7446,85.0903,85.3875,27194400
2023-01-06,85.9719,86.8634,84.0601,86.5167,41381500
2023-01-09,87.5271,89.2012,87.0318,87.1903,29003900
2023-01-10,85.1696,87.8342,85.021,87.5866,30467800
2023-01-11,88.3394,90.7366,88.171,90.6573,26862000
2023-01-12,90.6177,91.004,88.904,90.271,30258100
2023-01-13,89.9936,91.321,89.2804,91.2517,26329200
2023-01-17,91.1922,91.3805,89.2012,90.4295,32602400
2023-01-18,91.2715,91.9253,89.7856,90.2611,29116700
2023-01-19,89.8649,92.7276,89.7757,92.1729,37000400
2023-01-20,94.2036,97.3734,94.1243,97.0961,63191100
2023-01-23,97.0267,99.097,96.581,98.8494,40005100
2023-01-24,97.1753,98.6711,96.2838,96.7791,33078500
2023-01-25,94.6692,95.2536,92.8762,94.3225,42330000
2023-01-26,95.5904,96.6503,94.4809,96.6008,30114000
2023-01-27,96.3928,99.3744,96.3928,98.4333,33879800
2023-01-30,96.5611,97.3635,95.4913,96.0262,27226200
2023-01-31,95.9569,97.948,95.9074,97.9083,29870700
2023-02-01,97.7796,100.2362,96.6602,99.4834,35531100
2023-02-02,104.8027,106.8334,104.6145,106.7244,69883800
2023-02-03,101.9598,106.7938,101.6131,103.7923,65309300
2023-02-06,101.4348,103.3763,100.9197,101.9301,31999600
2023-02-07,102.2471,107.1603,102.148,106.6254,49010200
2023-02-08,101.0881,102.1678,97.1159,98.4333,94743500
2023-02-09,99.0574,99.0871,92.7474,94.1144,119455000
2023-02-10,94.5503,95.838,93.3616,93.6786,54980700
2023-02-13,93.847,94.3026,92.9555,93.7182,50076100
2023-02-14,93.5399,93.9559,91.3904,93.7876,54726100
2023-02-15,93.5993,96.2045,93.2625,96.0262,50169000
2023-02-16,94.471,96.7593,93.847,94.6097,42462600
2023-02-17,93.9559,94.6592,92.3314,93.4607,34284100
2023-02-21,92.1234,92.2224,90.8554,90.9248,33629300
2023-02-22,90.8356,91.2418,89.7559,90.7861,30884000
2023-02-23,91.0536,91.0734,88.9139,90.0333,41206400
2023-02-24,88.5969,89.0427,87.745,88.2898,36585100
2023-02-27,89.0229,89.3102,88.4979,89.0229,27502300
2023-02-28,88.488,90.3701,88.4781,89.2111,30142000
2023-03-01,89.1318,90.1719,88.8248,89.5083,31111200
2023-03-02,88.8149,91.4102,88.7455,91.1328,32204400
2023-03-03,91.6083,92.8465,91.5786,92.7673,35160100
2023-03-06,93.1338,95.0654,93.114,94.2333,32639300
2023-03-07,94.0847,94.7682,92.6484,92.9753,27835500
2023-03-08,93.2328,95.0555,93.114,93.3616,34103300
2023-03-09,93.1635,94.6295,91.0338,91.4498,28813500
2023-03-10,91.3012,91.9154,89.5479,89.7757,35941000
2023-03-13,89.2408,91.6974,88.5771,90.2512,37335600
2023-03-14,91.6875,93.4706,91.5687,93.0843,36050200
2023-03-15,92.3413,96.0163,91.7668,95.2041,50622100
2023-03-16,95.2932,100.2362,94.5998,99.3744,65492000
2023-03-17,99.3149,101.8706,99.1564,100.6621,61028500
2023-03-20,99.1763,100.7909,98.9286,100.2659,32960400
2023-03-21,100.2956,104.1093,100.2659,103.931,42110300
2023-03-22,103.2872,105.5853,102.356,102.3956,43427400
2023-03-23,104.0697,105.298,103.4754,104.6046,40797800
2023-03-24,104.0004,104.4957,102.8612,104.4461,30393300
2023-03-27,103.6339,103.7725,100.9692,101.4942,31120900
2023-03-28,101.4744,101.4843,98.7998,100.0777,32057900
2023-03-29,101.3159,101.5239,99.7013,100.4343,28779600
2023-03-30,99.9588,100.2065,98.8395,99.939,33086200
2023-03-31,100.3452,102.9107,100.0876,102.7523,36863400
2023-04-03,101.4249,103.5447,100.9692,103.3763,25035400
2023-04-04,103.3466,104.5848,103.0593,103.7329,24420100
2023-04-05,104.7829,105.0999,102.6829,103.4853,28290500
2023-04-06,104.2678,108.141,103.3466,107.398,48711500
2023-04-10,105.9716,106.5758,104.1291,105.4367,27067400
2023-04-11,105.5457,105.724,103.6933,104.357,26311800
2023-04-12,105.5754,105.7438,103.3565,103.6536,24370300
2023-04-13,104.8423,106.4768,104.8423,106.4174,24843600
2023-04-14,105.8824,107.9131,105.8329,107.8438,26578000
2023-04-17,103.6735,105.1593,103.5348,104.9711,37571200
2023-04-18,105.4862,105.5357,103.089,103.515,26596400
2023-04-19,102.6037,103.9905,102.0985,103.198,20905700
2023-04-20,102.9306,105.2485,102.8909,104.2975,27820800
2023-04-21,104.4758,105.0008,103.7923,104.4164,25800100
2023-04-24,104.4957,105.6249,103.7131,104.9711,23542800
2023-04-25,104.8325,105.6844,102.8612,102.8711,46664100
2023-04-26,103.931,105.3476,101.6626,102.7324,53347600
2023-04-27,103.4655,107.3485,102.564,106.5759,50089200
2023-04-28,106.031,106.3381,104.0994,106.3282,36139800
2023-05-01,105.8329,106.9721,105.8131,106.1895,26681700
2023-05-02,106.1301,106.1895,102.7324,104.3272,30997200
2023-05-03,104.5353,106.4768,103.9706,104.4164,21795400
2023-05-04,104.4957,104.6046,102.99,103.7032,23419500
2023-05-05,103.832,104.882,103.1287,104.5749,26639300
2023-05-08,104.1886,106.9424,104.1688,106.7541,26511400
2023-05-09,107.3683,109.1117,106.1796,106.3381,36360100
2023-05-10,106.9523,111.8754,106.9127,110.6966,63153400
2023-05-11,114.3122,116.8085,113.3316,115.4712,78900000
2023-05-12,115.5802,116.9174,115.0155,116.4023,41102300
2023-05-15,115.0155,117.3632,114.9165,115.4118,36266800
2023-05-16,115.392,119.6118,115.3325,118.3835,45035600
2023-05-17,118.4826,120.5231,117.7693,119.701,33323600
2023-05-18,119.8099,122.1477,119.6911,121.6722,35234200
2023-05-19,122.3854,124.7826,120.9986,121.6029,41353400
2023-05-22,121.7812,125.2383,121.583,123.8713,35253000
2023-05-23,122.9897,123.4552,121.058,121.4047,34046300
2023-05-24,119.9783,120.7609,118.7302,119.7604,34182600
2023-05-25,123.3463,124.1387,120.8104,122.3161,42317000
2023-05-26,122.009,124.0793,121.2958,123.4354,35635900
2023-05-30,124.4557,124.4755,120.85,122.5043,35076700
2023-05-31,121.593,122.8906,121.3453,121.7118,37325800
2023-06-01,121.6623,123.2472,121.4642,122.5538,30772700
2023-06-02,122.8213,124.9609,122.5934,123.4949,26980100
2023-06-05,122.8411,126.2288,122.6727,124.8222,32305500
2023-06-06,124.8222,127.0807,124.1784,126.11,26638300
2023-06-07,125.7732,127.8237,120.9689,121.3453,52539000
2023-06-08,121.0779,122.0684,120.0972,120.9887,29389200
2023-06-09,121.0977,122.5934,120.7609,121.0779,23778300
2023-06-12,121.6326,122.8807,120.5132,122.4746,28306400
2023-06-13,123.802,123.9803,122.0189,122.6628,22278300
2023-06-14,121.9397,122.8807,120.3052,122.5043,30592300
2023-06-15,121.9793,124.2774,121.2463,123.9109,35246300
2023-06-16,124.743,124.9213,122.118,122.3656,45535600
2023-06-20,121.7713,123.3958,120.9887,121.9397,26097500
2023-06-21,121.2463,121.5038,118.9679,119.4137,30306300
2023-06-22,118.8689,122.0783,117.7099,121.9892,26952200
2023-06-23,120.2359,121.6326,119.9189,121.1868,34913600
2023-06-26,119.6217,120.85,117.1552,117.2245,33969900
2023-06-27,115.9764,117.9576,115.0056,117.2146,39535900
2023-06-28,115.9863,119.2552,115.7486,119.0472,27091400
2023-06-29,118.116,118.9283,117.1849,117.9774,24090900
2023-06-30,119.0373,119.9387,118.5618,118.5717,29532200
2023-07-03,118.116,119.0571,117.7,118.7698,14467900
2023-07-05,118.1161,121.4543,118.1062,120.6024,27584800
2023-07-06,118.6708,119.166,117.2839,118.9778,24745200
2023-07-07,118.9679,119.909,118.2745,118.3538,21709500
2023-07-10,117.1849,117.1948,115.0453,115.3523,35315200
2023-07-11,115.1939,116.6005,114.2627,116.0358,23078800
2023-07-12,117.6802,119.1958,117.2939,117.809,30404400
2023-07-13,119.7901,123.6534,119.3146,123.3661,44297900
2023-07-14,123.6236,125.585,122.326,124.2378,33283100
2023-07-17,124.7529,125.902,123.0293,123.4751,25716200
2023-07-18,123.4255,123.5048,121.801,122.5934,26193600
2023-07-19,123.4255,124.0001,120.6519,120.8797,37224000
2023-07-20,120.2755,122.9203,117.1057,118.0764,37906800
2023-07-21,119.483,119.8495,117.6109,118.8887,72937900
2023-07-24,120.5132,121.8406,119.8396,120.3845,29686100
2023-07-25,120.2161,121.9892,119.8793,121.0581,52509600
2023-07-26,128.844,129.7454,127.1105,128.0515,61682100
2023-07-27,130.4289,131.9841,127.576,128.1803,44952100
2023-07-28,129.5473,132.4794,129.3392,131.3303,36591200
2023-07-31,131.4789,132.2714,130.5379,131.469,28055500
2023-08-01,129.5473,131.3798,129.4482,130.31,23166800
2023-08-02,128.2298,128.8638,126.3576,127.1699,26273300
2023-08-03,126.7638,128.1704,126.2189,127.2392,20089500
2023-08-04,128.0614,130.2704,126.7043,126.9024,26147200
2023-08-07,127.9426,130.3695,127.8039,130.2902,22746300
2023-08-08,129.3888,130.2704,128.3189,130.1614,23535200
2023-08-09,130.419,130.7954,127.784,128.4378,24912900
2023-08-10,130.0822,130.8053,128.2298,128.4676,20857800
2023-08-11,127.4473,128.7053,126.9619,128.3388,19591100
2023-08-14,128.1704,130.1317,127.7444,130.0921,24695600
2023-08-15,129.8643,130.1812,128.0614,128.5567,19770700
2023-08-16,127.4869,129.052,126.6647,127.4869,25216100
2023-08-17,128.5765,130.7459,128.0713,128.6954,33446300
2023-08-18,127.2987,128.0317,125.1887,126.2586,30504800
2023-08-21,125.9812,127.5166,125.367,127.16,25248700
2023-08-22,127.2987,129.052,127.1105,127.8633,22054900
2023-08-23,128.9529,132.1525,128.6458,131.1223,27819700
2023-08-24,132.6874,132.9846,128.3487,128.5567,28500700
2023-08-25,128.3189,129.5274,126.0505,128.6557,26762900
2023-08-28,130.0722,131.2906,128.9133,129.7751,20543300
2023-08-29,130.9935,135.2827,130.9935,133.3016,43075600
2023-08-30,133.5096,134.9954,132.8063,134.5992,28315800
2023-08-31,134.728,136.6992,134.51,134.8865,30053800
2023-09-01,136.1643,136.1643,133.5789,134.3813,21543700
2023-09-05,134.1633,135.1341,133.3114,134.4902,19403100
2023-09-06,134.7379,135.243,132.41,133.1926,18684500
2023-09-07,132.3308,134.302,131.6968,133.985,18844300
2023-09-08,133.6383,135.3718,133.5789,135.0945,23558300
2023-09-11,135.253,136.1841,134.51,135.6294,20763400
2023-09-12,134.9756,135.5799,133.9157,134.0643,18405500
2023-09-13,133.8167,135.6096,132.8855,135.4214,20749500
2023-09-14,136.303,137.3926,134.9558,136.7983,24751000
2023-09-15,136.6794,137.2143,135.1935,136.1049,38919600
2023-09-18,135.3223,137.8483,135.3223,136.9072,21861300
2023-09-19,136.1247,137.1054,135.3322,136.7388,20353700
2023-09-20,136.7784,136.7784,132.3605,132.4794,29927500
2023-09-21,130.2011,130.9836,128.844,129.2105,31503900
2023-09-22,129.5274,130.7855,128.3784,129.0223,26397300
2023-09-25,128.6062,129.9336,127.7444,129.8742,20094600
2023-09-26,128.5468,129.1312,126.0208,127.3581,25718700
2023-09-27,127.3581,129.6661,127.3581,129.3095,22746500
2023-09-28,128.6161,132.0435,128.5666,131.0629,22513100
2023-09-29,132.0237,132.7864,129.1312,129.6265,30859800
2023-10-02,129.9732,133.1529,129.9336,132.9053,22288000
2023-10-03,132.6775,132.9945,130.5973,131.1817,22989400
2023-10-04,131.5383,134.2921,131.2808,133.9652,26752300
2023-10-05,133.7968,134.2129,132.1921,133.7968,19832600
2023-10-06,132.7468,136.8577,132.7468,136.2832,27597600
2023-10-09,135.6492,137.6303,134.3317,137.1152,19278100
2023-10-10,137.1945,138.403,136.0355,136.7586,27786600
2023-10-11,137.2738,139.7799,137.2738,139.2252,25884300
2023-10-12,139.7205,139.8889,136.9568,137.6601,24765500
2023-10-13,138.0662,138.6803,135.3322,136.0652,23420500
2023-10-16,136.8676,138.3138,136.6893,137.7888,28501900
2023-10-17,137.3233,138.5813,135.8869,138.403,23515800
2023-10-18,138.1355,139.3936,136.0851,136.6596,23375000
2023-10-19,137.1945,138.3436,136.0851,136.4516,26066000
2023-10-20,136.0355,136.5704,133.8068,134.3219,26335700
2023-10-23,133.7671,136.3624,132.6874,135.2133,26317900
2023-10-24,136.5308,138.0464,136.1247,137.5016,44814300
2023-10-25,126.952,127.1005,123.8911,124.426,84366200
2023-10-26,122.1081,123.1581,120.1269,121.1274,57061100
2023-10-27,121.7217,122.1477,119.0769,121.0184,44566500
2023-10-30,122.0486,124.218,121.593,123.2868,28940100
2023-10-31,123.8812,124.1883,121.5335,122.9104,26292300
2023-11-01,122.9005,125.2977,122.5538,125.2581,30082400
2023-11-02,127.2095,127.7642,125.7336,126.2883,27124600
2023-11-03,126.8133,128.309,126.6548,127.8831,26393100
2023-11-06,127.8336,129.1114,127.4572,129.0223,19052700
2023-11-07,129.4779,130.6666,128.6558,129.7355,29757300
2023-11-08,129.7355,130.9638,129.5473,130.5973,26425800
2023-11-09,130.7161,131.3006,128.844,129.0124,23747800
2023-11-10,128.8737,131.5482,128.1902,131.3402,26913300
2023-11-13,130.5378,131.3402,130.0128,130.8449,18324800
2023-11-14,132.9251,134.4209,132.0633,132.3605,32395200
2023-11-15,133.5987,133.7572,132.311,133.3511,23861500
2023-11-16,133.9157,135.9266,133.0539,135.6393,28013200
2023-11-17,134.7181,134.7775,132.3902,134.0346,37240600
2023-11-20,132.4298,135.3719,132.3605,134.9657,27815500
2023-11-21,135.0053,135.8869,134.6784,135.6789,22635300
2023-11-22,136.1742,138.1058,136.1742,137.1846,17813900
2023-11-24,136.7289,136.828,134.7082,135.4016,12514300
2023-11-27,134.7478,137.1153,134.7181,135.1242,23436500
2023-11-28,134.7973,135.9563,134.1435,135.9068,18730000
2023-11-29,136.2733,136.9865,133.569,133.7176,23967200
2023-11-30,133.777,134.2723,130.0425,131.2808,38988300
2023-12-01,130.6171,130.8647,129.4383,130.6171,31442300
2023-12-04,128.6557,128.8043,126.6944,128.0515,36669900
2023-12-05,127.7345,130.8944,127.0411,129.7553,27384800
2023-12-06,130.201,130.5973,128.6558,128.7944,23576200
2023-12-07,133.7671,137.2539,133.4303,135.6393,56767100
2023-12-08,132.935,135.1143,132.7666,133.7176,32260100
2023-12-11,131.1322,132.0831,130.1218,132.0336,31138000
2023-12-12,130.5676,131.7463,130.0227,131.2709,29032800
2023-12-13,132.1228,132.2416,130.3298,131.3204,30104800
2023-12-14,132.1227,132.4595,128.4675,130.6963,38722400
2023-12-15,130.3793,132.2515,129.9435,131.3501,50847100
2023-12-18,131.3798,135.8572,131.1817,134.5199,32258000
2023-12-19,135.5501,136.1742,134.7973,135.3619,25476800
2023-12-20,137.6601,140.3643,136.7686,137.036,49107200
2023-12-21,138.1752,139.3638,137.8681,139.0964,27488300
2023-12-22,139.4431,140.6516,139.3837,140.1563,26532200
2023-12-26,140.2554,141.3351,139.8591,140.186,16780300
2023-12-27,140.2554,140.7407,138.5714,139.0469,19628600
2023-12-28,139.453,139.8096,138.4327,138.9082,16045700
2023-12-29,138.3139,139.037,137.4719,138.3733,18733000
2024-01-02,137.2441,138.1356,135.1936,136.8676,23711200
2024-01-03,135.9563,138.3139,135.7879,137.6106,24212100
2024-01-04,137.1153,137.8483,135.0648,135.1044,27137700
2024-01-05,135.461,135.8671,133.8761,134.4506,22513900
2024-01-08,135.0053,137.6997,134.9756,137.5313,21404000
2024-01-09,137.1945,140.1563,136.8478,139.6214,24759600
2024-01-10,139.6709,141.6521,139.5818,140.9389,21320200
2024-01-11,142.1375,143.8512,139.3144,140.7408,24008700
2024-01-12,141.3252,141.8502,140.4832,141.3054,18785500
2024-01-16,140.6615,142.9894,140.1167,141.1469,22670500
2024-01-17,140.0176,140.503,137.5907,140.1365,20968600
2024-01-18,140.711,142.8507,140.6516,142.1275,25746400
2024-01-19,143.3757,145.0696,143.0191,145.0002,34271900
2024-01-22,145.7134,146.9913,144.4653,144.6139,32200400
2024-01-23,144.5149,145.7927,144.1285,145.654,21636100
2024-01-24,147.1399,148.4375,146.704,147.2984,25233500
2024-01-25,148.6554,151.6073,148.1304,150.4385,29149100
2024-01-26,149.6757,151.1021,149.5866,150.7554,26115500
2024-01-29,150.6267,152.3305,150.0026,152.063,27784300
2024-01-30,151.3597,152.172,149.7649,150.0324,36331800
2024-01-31,142.2662,142.6427,138.5516,138.7794,71910000
2024-02-01,140.7804,141.7115,139.4629,139.8294,40466500
2024-02-02,137.9473,141.2757,135.2134,141.0379,62499600
2024-02-05,141.4738,144.0988,141.4342,142.3257,38505400
2024-02-06,143.2865,143.9898,141.8403,142.7417,29128200
2024-02-07,143.3955,144.2474,142.5733,144.1682,25208900
2024-02-08,144.4554,144.9507,143.7323,144.5347,22563800
2024-02-09,145.2974,148.0314,144.8021,147.5955,26829500
2024-02-12,147.021,147.9323,145.9809,146.1394,21564100
2024-02-13,143.554,145.2875,142.3356,143.7719,27837700
2024-02-14,144.703,145.1389,142.7318,144.5643,22704200
2024-02-15,141.7908,142.1672,139.136,141.4243,37590700
2024-02-16,141.6422,141.8403,138.819,139.1955,31468900
2024-02-20,138.3436,140.7408,138.1752,139.7898,25144700
2024-02-21,140.1167,141.345,139.3539,141.2063,23223300
2024-02-22,143.5639,143.6332,141.4539,142.7318,27191900
2024-02-23,142.3158,143.3162,142.078,142.603,19493800
2024-02-26,140.8002,141.0973,136.0949,136.2733,53641800
2024-02-27,136.719,137.9374,135.7978,137.5709,33099200
2024-02-28,136.6001,136.7091,134.1336,135.0945,37328600
2024-02-29,135.986,137.5511,135.1143,137.1549,42133000
2024-03-01,137.1252,137.561,135.6294,135.8473,31151100
2024-03-04,134.3813,134.3813,130.6666,132.093,55999400
2024-03-05,130.6369,131.9841,129.4383,131.4195,40194800
2024-03-06,131.8652,132.3209,129.6166,130.1614,35318600
2024-03-07,131.5383,133.6681,130.3694,133.1133,37738200
2024-03-08,132.945,136.7884,132.7369,134.1336,39370400
2024-03-11,134.8469,137.7889,134.8469,136.3723,32437800
2024-03-12,135.7383,138.0662,135.7383,137.1945,27563400
2024-03-13,137.6898,139.7601,137.6799,138.4723,23347200
2024-03-14,139.8591,142.2365,139.136,141.7511,42753400
2024-03-15,141.1568,141.8304,138.7101,139.8492,49475400
2024-03-18,147.2092,150.7158,145.7828,146.288,69273700
2024-03-19,146.7635,147.3875,144.7031,145.6441,24070400
2024-03-20,146.605,147.4568,145.3568,147.338,21311500
2024-03-21,148.0611,148.9526,145.5153,146.2087,24755600
2024-03-22,147.7144,150.1512,147.5757,149.3488,29211800
2024-03-25,148.5267,148.9625,146.4267,148.6555,19229300
2024-03-26,148.804,150.8248,148.5663,149.2498,22149100
2024-03-27,149.755,150.2106,147.4965,149.4479,22879200
2024-03-28,149.4281,150.0026,148.7545,149.5073,24485400
2024-04-01,149.2696,154.272,149.1903,154.0244,31730800
2024-04-02,152.0531,153.2418,150.7158,153.1031,24586000
2024-04-03,152.1522,153.6182,151.2904,153.4597,24705000
2024-04-04,152.0531,153.3111,149.0319,149.1111,34724700
2024-04-05,148.6158,151.9739,148.1899,151.0625,23459200
2024-04-08,151.3399,153.8064,151.1715,153.3904,20702000
2024-04-09,154.6187,157.0654,153.7272,155.1239,31079500
2024-04-10,154.7376,155.1338,153.222,154.6682,22838600
2024-04-11,155.431,158.1748,154.9852,157.9074,27166400
2024-04-12,156.4711,158.7098,155.6588,156.2432,25353700
2024-04-15,157.3626,157.739,153.1328,153.4003,27136500
2024-04-16,152.7366,154.1828,151.9838,152.9446,20779500
2024-04-17,154.1531,155.5994,153.1229,154.0045,21763100
2024-04-18,153.8757,155.4607,153.1625,154.5394,19883000
2024-04-19,154.7277,154.8862,150.8644,152.6376,32615600
2024-04-22,152.8555,156.1541,152.6078,154.8069,26446200
2024-04-23,155.4805,157.4715,154.8069,156.7682,21151600
2024-04-24,156.0055,158.0659,155.6885,157.6301,22779100
2024-04-25,149.9036,155.0149,149.4479,154.5295,57109700
2024-04-26,172.7264,173.0632,168.0509,170.3292,64665300
2024-04-29,167.4665,167.9518,163.6528,164.5839,45610000
2024-04-30,164.049,166.5155,161.0673,161.2456,33562900
2024-05-01,162.7513,165.5447,161.5527,162.3155,33493200
2024-05-02,163.2367,165.1584,162.3452,165.0495,24294500
2024-05-03,165.9805,166.3768,161.5131,165.6636,34662400
2024-05-06,165.8815,166.5551,164.465,166.5155,21871300
2024-05-07,166.9117,170.1409,166.8027,169.6358,28039700
2024-05-08,167.407,168.5462,167.1495,167.7834,19569100
2024-05-09,167.7933,169.0811,166.5947,168.358,15346700
2024-05-10,166.4461,168.249,164.6235,167.0603,29799900
2024-05-13,162.7117,167.6844,162.4542,167.5457,31327600
2024-05-14,168.1698,169.6358,167.2089,168.7344,25127100
2024-05-15,169.0217,171.0226,168.9028,170.8839,26948400
2024-05-16,171.6566,173.4693,171.0622,172.5382,27867900
2024-05-17,172.5382,174.6085,172.0528,174.4005,24479300
2024-05-20,174.5293,177.0849,174.4203,175.2524,22554400
2024-05-21,175.2325,176.4708,174.1528,176.1736,16989400
2024-05-22,174.975,175.4802,173.5585,174.7174,17880000
2024-05-23,175.4009,176.5698,171.3198,171.9141,21024900
2024-05-24,173.3306,174.1132,172.0132,173.3406,16579400
2024-05-28,172.8056,175.5991,172.7264,174.7373,20572200
2024-05-29,173.7764,175.1731,173.0731,174.242,23388700
2024-05-30,173.5486,173.5684,170.1707,170.4877,22931500
2024-05-31,170.24,171.4287,167.8428,170.874,37638900
2024-06-03,170.9136,172.8849,169.5467,171.5377,27459100
2024-06-04,171.6467,172.2113,170.2698,172.1518,26879600
2024-06-05,173.5485,174.9849,172.2905,173.7566,22068500
2024-06-06,174.242,175.4802,174.0934,175.0641,23251000
2024-06-07,175.3811,176.1934,172.657,172.8155,19661400
2024-06-10,173.5196,175.5923,171.3279,173.5593,23726700
2024-06-11,174.7593,175.3741,172.3296,175.1559,21540600
2024-06-12,176.7725,178.9146,174.6502,176.3163,27864700
2024-06-13,174.6502,175.275,173.4304,173.7081,20913300
2024-06-14,172.7759,175.5923,172.7065,175.3246,18063600
2024-06-17,174.0056,176.8816,173.361,175.7709,19618500
2024-06-18,175.6716,175.9196,172.6568,173.6386,21869900
2024-06-20,173.9163,175.8204,173.5395,174.8386,20160100
2024-06-21,175.5328,179.3509,175.146,178.141,57759000
2024-06-24,178.6666,179.3906,177.189,177.7344,18298000
2024-06-25,178.1311,182.7624,177.9328,182.5045,23130200
2024-06-26,181.1162,182.9806,180.9674,182.3558,19839000
2024-06-27,182.6533,184.5078,182.4946,183.8731,18848900
2024-06-28,182.7921,183.5954,180.4517,180.6401,29156600
2024-07-01,181.5128,182.3558,179.7972,181.4732,16006100
2024-07-02,180.541,184.0318,180.055,183.7045,17372500
2024-07-03,183.3177,184.5474,182.4748,184.2797,10242100
2024-07-05,184.3194,189.2779,184.2599,189.0201,20967500
2024-07-08,188.3259,188.5937,186.2235,187.4631,21035900
2024-07-09,188.7325,189.7738,187.1557,187.4135,15121400
2024-07-10,187.5821,190.1605,187.4631,189.5953,15952500
2024-07-11,188.2763,189.2779,183.5458,184.0318,25625800
2024-07-12,183.5459,185.559,182.9608,183.5359,22898400
2024-07-15,183.3872,186.6797,183.3872,184.9838,16474000
2024-07-16,185.8069,187.116,181.85,182.3954,18290700
2024-07-17,181.4533,182.0285,178.4088,179.5195,20734100
2024-07-18,180.422,180.9872,175.0072,176.2171,25315700
2024-07-19,177.3972,178.7955,175.6617,176.1873,18881900
2024-07-22,179.0931,181.1856,178.736,180.1641,24100300
2024-07-23,180.541,182.088,180.0352,180.2831,36352700
2024-07-24,172.161,174.7296,170.3958,171.1991,49585200
2024-07-25,171.09,171.9825,165.8042,165.8934,44852000
2024-07-26,165.7645,166.6967,162.7001,165.6157,41336900
2024-07-29,167.4306,169.0173,166.5975,168.1248,20293800
2024-07-30,168.8289,169.8106,167.0438,168.8784,18959700
2024-07-31,171.804,172.8056,168.6007,170.1181,25729100
2024-08-01,168.8388,172.6073,167.4801,169.3445,24531400
2024-08-02,165.0604,167.1132,163.305,165.2785,29130100
2024-08-05,154.211,163.067,153.6458,157.93,53630700
2024-08-06,158.0093,159.2391,155.1135,156.9779,49004600
2024-08-07,159.9134,161.629,157.1564,157.6225,25138600
2024-08-08,159.1795,162.3332,158.882,160.6869,25578800
2024-08-09,158.6837,162.4323,157.7415,162.3133,28602300
2024-08-12,162.9877,163.5331,160.4985,160.9447,15895300
2024-08-13,162.0555,163.3645,161.6191,162.7992,18551700
2024-08-14,161.0538,161.867,156.4027,159.0406,40591100
2024-08-15,159.1696,160.3002,158.287,159.963,31524300
2024-08-16,160.1316,163.6918,159.7944,161.6092,24208600
2024-08-19,163.91,165.3083,162.8984,165.2885,22416200
2024-08-20,165.5165,167.2421,165.4372,165.7942,18341500
2024-08-21,163.7811,165.467,163.305,164.4753,22902000
2024-08-22,165.8735,166.2008,161.9563,162.4422,22493300
2024-08-23,163.3546,164.8025,162.472,164.2472,13955700
2024-08-26,165.0008,166.1611,163.0967,164.7827,14190400
2024-08-27,164.4653,165.0603,163.0968,163.3149,11821900
2024-08-28,163.6719,164.2273,160.191,161.5001,16407400
2024-08-29,162.948,164.5943,158.9217,160.439,19699800
2024-08-30,161.272,162.3034,160.3497,162.0257,22123800
2024-09-03,160.3795,160.5084,155.1829,156.0556,38945300
2024-09-04,155.3614,157.682,154.6672,155.1532,19353800
2024-09-05,155.0044,158.1283,154.6871,155.9366,18688700
2024-09-06,155.9961,156.5217,149.3021,149.669,37912100
2024-09-09,151.4465,152.3303,146.1934,147.673,39260500
2024-09-10,149.4009,150.2152,147.3056,147.6234,31118800
2024-09-11,148.8746,150.4435,146.4913,150.1059,29607700
2024-09-12,152.7275,153.7404,151.5855,153.6113,29621500
2024-09-13,154.3462,157.2756,154.1277,156.362,29591200
2024-09-16,156.2131,157.1465,155.508,156.9578,18379800
2024-09-17,157.9111,159.4304,157.2756,158.209,20715600
2024-09-18,158.7453,159.3808,157.4941,158.6956,23677300
2024-09-19,162.5684,162.6479,160.2149,161.0094,26587700
2024-09-20,162.3599,162.5883,160.9299,162.4492,40896400
2024-09-23,163.2039,164.336,160.5426,160.7214,24150900
2024-09-24,161.8932,162.0818,159.5695,161.1583,23332100
2024-09-25,160.344,161.6747,160.1752,160.3639,18869200
2024-09-26,162.4989,162.9359,161.1484,161.5953,20319300
2024-09-27,161.6747,164.5445,161.496,162.8067,21101300
2024-09-30,162.1812,164.9914,162.1216,164.6935,20413900
2024-10-01,166.5207,167.9804,163.4324,165.8256,28338100
2024-10-02,165.2595,166.3519,163.5813,164.7034,17760200
2024-10-03,163.2636,165.478,162.777,164.7034,15073100
2024-10-04,166.8881,167.0569,164.3261,165.8951,19047400
2024-10-07,166.5505,167.3052,161.6151,161.8435,22463100
2024-10-08,162.7968,163.5813,161.7343,163.2338,23072700
2024-10-09,162.3102,163.6905,158.6261,160.7313,31181800
2024-10-10,159.7482,161.9329,159.2815,160.9498,14144100
2024-10-11,160.9994,162.7571,160.1156,162.1017,15344300
2024-10-14,162.4989,165.0709,162.2606,163.8097,19016100
2024-10-15,164.6339,166.5107,163.482,164.3062,20247200
2024-10-16,163.3827,164.6439,162.5982,164.0083,16406000
2024-10-17,164.5743,165.2099,161.625,161.7939,21453400
2024-10-18,162.0521,163.5615,161.9428,162.2805,19757700
2024-10-21,161.8137,163.3529,161.486,162.9259,20946500
2024-10-22,161.8435,164.6141,161.8435,163.9885,16568100
2024-10-23,163.6111,164.6637,160.8008,161.6449,18280500
2024-10-24,161.6945,162.1911,159.8872,161.5853,22412500
2024-10-25,162.5287,164.4353,162.2804,164.1176,19828900
2024-10-28,167.5733,167.5733,162.8067,165.5574,32138600
2024-10-29,166.5604,169.1919,165.9248,168.4968,42169000
2024-10-30,179.4201,180.7507,172.8462,173.2434,68890800
2024-10-31,171.9228,175.587,169.8076,169.9168,44769000
2024-11-01,168.8841,171.1184,167.7024,170.0955,31796500
2024-11-04,168.7451,169.5395,166.8384,168.0599,21492700
2024-11-05,168.2485,169.3409,167.6626,168.5564,18242100
2024-11-06,172.5881,175.7062,172.2902,175.2792,33695500
2024-11-07,176.1729,179.8173,175.9544,179.4896,25352900
2024-11-08,179.3903,179.6385,176.8382,177.1063,22006200
2024-11-11,177.3347,179.291,177.2255,179.0924,17450400
2024-11-12,178.5661,181.2175,178.1391,180.3535,25134900
2024-11-13,179.2016,179.6981,177.295,177.6326,23184000
2024-11-14,177.0368,177.5731,173.1044,174.3557,31007500
2024-11-15,172.5185,172.9257,170.0261,171.2872,32504600
2024-11-18,172.2107,174.2166,171.6943,174.0776,20135300
2024-11-19,172.5086,177.6227,172.3498,176.878,23434900
2024-11-20,176.1034,176.441,172.5682,174.7529,18997100
2024-11-21,172.6874,172.9158,162.5585,166.4611,59734400
2024-11-22,164.6935,165.2992,162.7571,163.6111,38604600
2024-11-25,164.9318,167.4541,164.4552,166.4809,33135300
2024-11-26,166.4611,168.6359,166.4115,167.9407,20486700
2024-11-27,167.8215,168.2982,166.8484,168.0499,19266500
2024-11-29,167.325,168.2485,165.9944,167.7719,14257200
2024-12-02,167.5931,170.8801,167.3945,170.2942,23789100
2024-12-03,170.2942,171.4758,169.6586,170.1452,22248700
2024-12-04,169.9565,173.6903,169.8672,173.1541,31615100
2024-12-05,174.1372,174.8323,171.1283,171.4361,21356200
2024-12-06,170.8304,173.8592,170.6616,173.4917,21462400
2024-12-09,172.9449,175.2315,172.6367,174.3467,25389600
2024-12-10,181.7831,185.2726,179.9936,184.0895,54813000
2024-12-11,184.2287,194.4686,183.7714,194.2598,67894100
2024-12-12,193.8621,194.0411,190.5913,190.8399,34817500
2024-12-13,189.8954,191.6054,188.5334,188.7124,25143500
2024-12-16,191.7446,197.8388,191.496,195.5125,44934900
2024-12-17,196.099,200.2447,193.8423,194.2797,43504000
2024-12-18,194.0809,195.8505,186.6445,187.3007,34166100
2024-12-19,190.5118,191.9036,187.2808,187.41,32265200
2024-12-20,184.696,191.7645,184.1392,190.2931,63462900
2024-12-23,191.4961,193.9616,189.0405,193.4943,25675000
2024-12-24,193.7031,194.9657,192.6493,194.9657,10403300
2024-12-26,194.0113,195.6019,193.2458,194.4587,12046600
2024-12-27,193.8124,194.1803,189.5375,191.6352,18891400
2024-12-30,188.6925,191.4265,188.0165,190.1241,14264700
2024-12-31,189.965,190.8399,187.41,188.1954,17466900
2025-01-02,189.5375,190.8797,186.4059,188.3247,20370800
2025-01-03,190.2533,192.0826,188.8714,190.6709,18596200
2025-01-06,192.8481,197.0634,192.7189,195.7213,29563600
2025-01-07,195.9599,199.8272,193.4645,194.3493,26487200
2025-01-08,191.4463,195.1446,191.2574,192.8183,24864800
2025-01-10,193.1663,195.3733,189.1995,190.9194,26665200
2025-01-13,188.9609,190.0645,186.2668,189.8954,21823700
2025-01-14,190.1241,190.8598,187.2112,188.5533,17174900
2025-01-15,191.9633,195.2142,190.7405,194.4089,21776000
2025-01-16,193.0072,194.3394,191.6849,191.7844,17815400
2025-01-17,195.3832,196.0791,192.6194,194.8563,27735100
2025-01-21,197.9084,201.1096,196.7154,196.8944,29971300
2025-01-22,197.8985,199.3102,196.3774,197.2125,26200600
2025-01-23,196.9838,199.1312,194.061,196.8248,26951400
2025-01-24,196.9441,199.7277,196.8447,199.0418,23877500
2025-01-27,191.2873,195.7312,189.6171,190.6908,41728900
2025-01-28,191.6253,194.3394,189.5674,194.1604,24157900
2025-01-29,194.4189,195.6417,192.3013,194.2698,18218300
2025-01-30,196.8446,200.2248,196.5166,199.6979,24354700
2025-01-31,200.8213,204.281,200.6225,202.8295,32001100
2025-02-03,199.5189,202.5611,198.9324,200.0558,27838300
2025-02-04,202.2032,205.8419,201.6266,205.1758,43856400
2025-02-05,189.9551,191.6253,186.9328,190.2136,70373900
2025-02-06,188.3942,190.9791,187.6188,190.482,29297400
2025-02-07,189.9352,190.0644,182.1708,184.2585,49315000
2025-02-10,186.2568,187.1018,184.7755,185.3819,23105600
2025-02-11,183.9503,185.8492,183.2047,184.2387,21239500
2025-02-12,182.1509,184.0299,180.769,182.5387,22072600
2025-02-13,183.2445,185.193,182.0714,185.0539,21402500
2025-02-14,183.9801,185.3123,183.2445,184.1492,20448400
2025-02-18,184.517,184.8749,180.6795,182.6977,29916700
2025-02-19,182.9959,184.3778,182.5187,184.1889,19549400
2025-02-20,183.7217,184.2287,181.6538,183.4831,20441500
2025-02-21,184.0696,184.2585,178.035,178.6117,35199200
2025-02-24,180.9281,182.0515,177.8462,178.2041,29854200
2025-02-25,177.0011,177.697,173.6707,174.3964,41913400
2025-02-26,174.0485,175.0526,170.5788,171.7221,35431300
2025-02-27,172.9748,173.5414,166.9601,167.5168,39991000
2025-02-28,167.6957,169.6145,165.7969,169.2864,48130600
2025-03-03,170.9268,172.3584,164.9618,166.0355,40770500
2025-03-04,165.27,172.2788,164.8325,169.9227,45388000
2025-03-05,169.525,172.766,168.0735,172.0104,30954900
2025-03-06,169.5349,173.79,169.5051,171.3443,28302000
2025-03-07,170.2607,173.949,169.2765,172.8455,27385800
2025-03-10,167.4708,167.6699,162.9223,165.092,43604000
2025-03-11,164.1366,165.9679,160.6132,163.2706,39587400
2025-03-12,165.7987,166.8538,162.763,166.3262,28372400
2025-03-13,165.2612,165.3508,161.3497,161.9966,31756200
2025-03-14,162.5042,165.7091,161.6881,164.7138,31995900
2025-03-17,164.256,165.52,162.9024,163.5195,31184300
2025-03-18,162.9123,163.4796,155.985,159.9164,42074800
2025-03-19,161.0013,165.092,160.2449,163.1213,34275600
2025-03-20,160.8122,164.1166,160.2051,162.0365,28138500
2025-03-21,160.4539,163.4697,160.1354,163.2209,36625800
2025-03-24,166.2864,167.5306,164.3655,166.8936,30879100
2025-03-25,168.1875,169.8297,167.5306,169.7601,24174400
2025-03-26,168.2074,168.8145,164.0669,164.2858,28901600
2025-03-27,163.8579,164.6442,161.2402,161.4791,24508300
2025-03-28,159.7373,161.061,152.9095,153.6062,48669300
2025-03-31,152.3919,154.8105,149.9534,153.9147,54603500
2025-04-01,152.8995,157.3585,152.8995,156.3333,30672900
2025-04-02,154.4223,157.667,153.9744,156.3035,25041700
2025-04-03,150.4013,152.0634,149.6847,150.0131,46883400
2025-04-04,147.3158,150.3615,144.6982,144.9171,62259500
2025-04-07,140.8861,152.1331,139.8709,146.0617,76794100
2025-04-08,150.5108,151.526,142.3592,144.0213,52200200
2025-04-09,143.7427,158.8017,143.235,157.9656,70406200
2025-04-10,155.8058,156.9803,149.2268,152.1033,48022000
2025-04-11,152.1829,156.9305,152.1032,156.403,33636200
2025-04-14,159.2496,160.9615,156.821,158.3239,30333000
2025-04-15,158.3837,158.9012,154.4821,155.5769,27551500
2025-04-16,152.382,155.1589,150.7994,152.6109,28187400
2025-04-17,153.5664,153.9545,147.8035,150.451,33046600
2025-04-21,148.1817,148.2514,145.4148,146.9774,26049100
2025-04-22,148.1917,151.4762,147.8433,150.7596,26971800
2025-04-23,154.8802,156.7912,153.0886,154.6214,31128800
2025-04-24,155.4176,158.8415,155.0593,158.533,45894000
2025-04-25,164.2958,165.321,160.2847,161.2004,56034000
2025-04-28,161.6682,162.3848,157.8562,159.8567,29745800
2025-04-29,159.5681,159.9861,156.7812,159.4088,26809000
2025-04-30,157.2391,158.523,154.6712,158.0552,34981100
2025-05-01,159.6975,161.1904,158.1647,160.5435,30203200
2025-05-02,162.6436,164.1963,161.1108,163.2607,25715000
2025-05-05,162.2355,164.6143,161.9568,163.4398,21341800
2025-05-06,161.4094,164.0271,160.434,162.4644,21277200
2025-05-07,163.3104,164.2261,147.1466,150.67,127490100
2025-05-08,154.273,155.1987,152.1829,153.5564,57498700
2025-05-09,153.4469,154.3228,151.4862,152.0336,32435300
2025-05-12,156.7514,158.3538,155.5172,157.7168,44138800
2025-05-13,158.0452,159.8169,155.4276,158.7818,42382100
2025-05-14,159.2098,166.2168,158.8614,164.5944,48755900
2025-05-15,165.0622,165.4305,161.6085,163.191,33146700
2025-05-16,166.9433,168.5557,164.8432,165.4106,42846900
2025-05-19,163.7384,165.8584,163.4498,165.7589,30426100
2025-05-20,165.6494,167.7097,162.136,163.2109,46607700
2025-05-21,162.9223,172.3279,162.7929,167.7694,73416000
2025-05-22,171.044,175.9409,169.9094,170.0686,74864400
2025-05-23,168.2671,169.1629,167.1026,167.6799,35211400
2025-05-27,169.3619,172.3578,169.2027,172.0891,37995700
2025-05-28,172.3479,174.448,171.1037,171.5516,34784000
2025-05-29,173.1839,173.6019,169.8297,171.0539,29317300
2025-05-30,170.5464,171.4023,166.6547,170.9345,52639900
2025-06-02,167.0528,169.0733,166.6049,168.2372,38612300
2025-06-03,166.7045,167.6898,164.5048,165.4006,45084900
2025-06-04,165.958,167.4311,165.5798,167.2619,26900800
2025-06-05,169.5411,170.1283,166.804,167.4211,36379100
2025-06-06,170.0288,173.6816,170.0288,172.8654,35731800
2025-06-09,173.9317,175.855,173.7623,175.4763,28935900
2025-06-10,175.5859,180.4788,174.3004,177.9776,61766100
2025-06-11,179.1435,179.7414,176.134,176.7319,31646800
2025-06-12,175.566,176.1041,174.141,175.0876,20941900
2025-06-13,171.839,176.5127,171.7892,174.0612,27663100
2025-06-16,174.121,176.3234,174.0413,176.1539,27389200
2025-06-17,175.0877,176.7419,173.9716,175.3368,24973000
2025-06-18,175.3966,175.9447,172.5964,172.716,28707500
2025-06-20,173.3437,173.7324,164.8833,166.0592,75659900
2025-06-23,165.6905,166.7568,161.4354,164.6143,57671000
2025-06-24,166.3383,167.6337,165.551,166.1888,40524300
2025-06-25,167.0458,171.7593,166.9661,170.0851,35479000
2025-06-26,171.829,173.0847,169.3477,172.9352,31796700
2025-06-27,172.9352,178.0573,171.1315,177.9078,108140200
2025-06-30,180.15,180.5984,173.9716,175.6158,63378900
2025-07-01,175.1275,175.4763,172.9252,175.2272,35904500
2025-07-02,174.9282,178.2366,174.4599,178.0174,29128900
2025-07-03,177.8779,179.0438,176.433,178.9043,21689700
2025-07-07,178.436,178.6751,175.0677,176.1739,34175600
2025-07-08,177.2302,177.3298,172.2077,173.7523,40442500
2025-07-09,174.6392,178.8146,172.1679,176.0044,43025600
2025-07-10,175.0179,177.8081,173.7722,177.0009,29252400
2025-07-11,176.1739,180.7977,175.8649,179.562,34282900
2025-07-14,180.3791,183.0299,179.0538,180.9272,32536600
2025-07-15,182.1729,183.578,180.9671,181.3657,33448300
2025-07-16,182.6014,183.6876,181.3956,182.3323,33104200
2025-07-17,181.5052,183.4185,179.851,182.9402,31992600
2025-07-18,184.7538,185.7703,183.0697,184.415,34014500
2025-07-21,185.6009,189.6268,185.5012,189.4375,45803100
2025-07-22,190.8326,190.9821,186.8067,190.6732,44660200
2025-07-23,190.8326,191.859,188.5207,189.567,58681900
2025-07-24,196.3433,197.2601,190.3343,191.5003,74881700
2025-07-25,191.3109,193.6527,190.5934,192.5067,39785900
2025-07-28,192.9751,193.3737,190.1749,191.9088,38139500
2025-07-29,191.7593,195.2372,191.4106,195.0678,41389200
2025-07-30,194.9183,196.9114,194.0115,195.8451,32445400
2025-07-31,195.0279,195.3069,190.424,191.2312,51329200
2025-08-01,188.3712,190.1649,187.1654,188.4709,34832200
2025-08-04,189.6268,194.5894,189.4574,194.3602,31547400
2025-08-05,194.0314,197.1704,193.2143,193.9915,31602300
2025-08-06,193.8221,195.9447,192.995,195.4066,21562900
2025-08-07,196.3732,196.8515,193.6527,195.8351,26321800
2025-08-08,196.5327,201.9039,196.4828,200.718,39161800
2025-08-11,200.2397,200.7778,198.3762,200.2995,25832400
2025-08-12,200.6682,203.7873,199.8909,202.6313,30397900
2025-08-13,203.4186,203.8172,196.8217,201.2562,28342900
2025-08-14,200.7977,203.7275,200.5287,202.2327,25230400
2025-08-15,203.1395,205.7205,200.5785,203.1894,34931400
2025-08-18,203.4883,204.5546,201.7843,202.7908,18526600
2025-08-19,202.3224,202.731,199.2631,200.8675,24240200
2025-08-20,200.0304,200.5785,195.9148,198.6253,28955500
2025-08-21,199.0538,201.7743,198.7349,199.0538,19774600
2025-08-22,202.0234,207.8132,200.5984,205.3717,42827000
2025-08-25,205.7105,209.7863,204.5646,207.7634,29928900
2025-08-26,206.7868,207.1256,204.9831,206.4181,28464100
2025-08-27,204.9831,208.1819,204.9333,206.7569,23022900
2025-08-28,206.5277,211.4804,206.1789,210.9024,32339300
2025-08-29,209.7763,213.9019,209.4674,212.168,39728400
2025-09-02,207.7135,210.9422,205.4813,210.6134,47523000
2025-09-03,225.4216,230.5039,224.0066,229.8561,103336100
2025-09-04,228.8496,231.5602,225.322,231.4904,51684200
2025-09-05,231.3907,234.9383,231.0918,234.181,46588900
2025-09-08,234.8592,237.5123,233.0639,233.4329,32474700
2025-09-09,233.5626,239.8462,232.625,239.0084,38061000
2025-09-10,238.2803,241.0332,237.2331,238.5496,35141100
2025-09-11,239.2578,241.6216,235.6372,239.7465,30599300
2025-09-12,239.7465,241.4521,237.3826,240.1754,26771600
2025-09-15,244.0254,251.7553,244.0254,250.9574,58383800
2025-09-16,251.4261,252.3836,248.8229,250.5085,34109700
2025-09-17,250.5684,250.9474,245.6412,248.8827,34108000
2025-09-18,251.0272,253.3312,249.152,251.3763,31239500
2025-09-19,252.5931,255.336,251.1568,254.0593,55571400
2025-09-22,253.77,255.1165,249.6508,251.875,32290500
2025-09-23,252.3836,253.7002,249.8303,251.0072,26628000
2025-09-24,251.0072,251.6954,245.8008,246.4989,28201000
2025-09-25,243.766,245.8506,240.1155,245.1524,31020400
2025-09-26,246.4291,248.773,245.332,245.9005,18503200
2025-09-29,247.2071,250.4985,242.1403,243.4169,32505800
2025-09-30,242.1802,242.6589,238.6294,242.4694,34724300
2025-10-01,240.1255,245.6611,237.9911,244.2648,31658200
2025-10-02,244.5141,246.1698,241.6715,245.0527,25483300
2025-10-03,243.8558,245.6611,241.0332,244.7136,30249600
2025-10-06,244.1451,250.6681,243.9456,249.7804,28894700
2025-10-07,247.626,249.7904,244.8831,245.1225,23181300
2025-10-08,244.3246,245.3719,243.1876,243.9855,21307100
2025-10-09,243.8359,244.1251,238.5297,240.9035,27892100
2025-10-10,240.8038,243.4569,235.2283,235.9564,33180300
2025-10-13,239.5869,243.8658,239.0882,243.5167,24995000
2025-10-14,240.6043,246.479,239.8861,244.8133,22111600
2025-10-15,246.6087,251.456,245.3519,250.3788,27007700
2025-10-16,251.1169,256.2935,249.4513,250.8077,27997200
2025-10-17,250.1096,253.5606,247.1672,252.643,29671600
2025-10-20,254.0293,256.6625,253.5705,255.8845,22350200
2025-10-21,254.0792,254.2189,243.5167,249.8103,47312100
2025-10-22,253.7102,255.695,248.6434,251.0372,35029400
2025-10-23,252.3238,254.3784,251.1967,252.4235,19901400
2025-10-24,255.9144,261.0012,254.6577,259.2458,28655100
2025-10-27,264.1331,269.4393,263.5945,268.5715,35235200
2025-10-28,268.9905,270.0278,265.8087,266.7762,29738600
2025-10-29,267.0555,274.6258,266.9757,273.8578,43580300
2025-10-30,290.8336,290.8336,279.3335,280.7499,74876000
2025-10-31,282.4754,285.2582,276.3114,280.4606,39267900
2025-11-03,281.4481,284.7894,279.0742,282.9841,29786000
2025-11-04,276.0321,280.5404,275.5434,276.8201,30078400
2025-11-05,278.1466,285.6771,276.6206,283.5725,31010300
2025-11-06,284.5899,287.6021,280.4108,284.0114,37173600
2025-11-07,282.4754,283.0439,274.4762,278.1068,34479600
2025-11-10,283.6822,290.0457,282.1263,289.3475,29557300
2025-11-11,287.0036,291.1628,286.5747,290.5544,19842100
2025-11-12,290.9234,291.2526,282.9542,285.9663,24829900
2025-11-13,281.6077,282.1064,276.5209,277.8474,29494000
2025-11-14,270.706,277.8374,269.9978,275.693,31647200
2025-11-17,285.0387,293.1875,282.8344,284.2807,52670200
2025-11-18,287.1732,288.0509,277.4784,283.5426,49158700
2025-11-19,286.4152,303.022,285.8865,292.0505,68198900
2025-11-20,303.75,305.6252,287.9212,288.6992,62025200
2025-11-21,295.6512,303.1317,293.0878,298.8828,74137700
2025-11-24,310.3229,318.6513,308.7969,317.7536,85165100
2025-11-25,325.3638,327.977,316.826,322.601,88632100
2025-11-26,319.8482,323.6583,315.9683,319.1201,51373400
2025-11-28,322.5312,326.0022,315.9683,319.3495,26018600
2025-12-01,316.876,319.0204,313.0758,314.0732,41183000
2025-12-02,315.9184,317.5542,313.0957,314.9908,35854700
2025-12-03,315.0706,320.7458,313.2852,318.8009,41838300
2025-12-04,321.3942,321.5238,313.8837,316.7961,31240900
2025-12-05,318.6612,322.3217,318.3421,320.4366,28851700
2025-12-08,319.4286,319.8179,310.6158,313.1109,33909400
2025-12-09,311.7635,317.3726,311.2945,316.4644,30194000
2025-12-10,315.2168,320.6862,314.0691,319.5883,33428900
2025-12-11,319.4585,320.4965,308.0008,311.8234,42353700
2025-12-12,313.091,314.2587,304.9667,308.6895,35940200
2025-12-15,310.7156,310.8154,304.2881,307.6216,29151900
2025-12-16,304.3579,310.1666,302.0025,305.9748,30585000
2025-12-17,307.412,307.4918,295.5451,296.1439,43930400
2025-12-18,301.1342,303.3699,298.6491,301.8728,33518000
2025-12-19,301.1442,306.6535,300.3857,306.5637,59943200
2025-12-22,309.2784,309.5279,304.7072,309.1786,26429900
2025-12-23,309.0288,314.3285,308.7195,313.7397,25478700
2025-12-24,314.1589,314.4683,311.3144,313.4802,10097400
2025-12-26,313.8695,314.4783,311.6737,312.9013,10899000
2025-12-29,310.7655,313.4103,310.0169,312.9512,19621800
2025-12-30,311.8933,316.3346,311.8533,313.2407,17380900
2025-12-31,312.2426,313.9692,310.8353,312.3923,16377700
2026-01-02,316.2847,321.8739,309.7275,314.5381,32009400
2026-01-05,317.0433,318.4006,314.0192,315.9255,30195600
2026-01-06,315.7857,320.3169,311.1747,313.7297,31212100
2026-01-07,313.7497,325.5168,313.58,321.3549,35104400
2026-01-08,328.3313,329.6787,320.8758,324.8082,31896100
2026-01-09,326.455,330.1877,325.1675,327.9321,26214200
2026-01-12,325.1674,333.3915,324.369,331.2157,33923900
2026-01-13,334.2997,339.8289,332.9723,335.3177,33517600
2026-01-14,334.4095,335.8666,329.8384,335.188,28525600
2026-01-15,336.9944,337.0344,330.0978,332.1339,28442400
2026-01-16,333.7608,334.0003,327.0638,329.3593,40341600
2026-01-20,320.247,327.0937,319.8079,321.3748,35361000
2026-01-21,320.297,331.8345,318.73,327.7425,35386600
2026-01-22,333.8007,334.4993,328.1118,329.8983,26253600
2026-01-23,331.8444,333.0421,326.8143,327.2933,27280000
2026-01-26,327.1735,335.188,326.3651,332.613,26042100
2026-01-27,334.7189,337.2539,332.8326,333.9005,21636200
2026-01-28,335.4076,336.8847,331.2956,335.3577,27434400
2026-01-29,339.6393,341.6254,325.906,337.5933,39785600
2026-01-30,339.3399,339.3399,331.6449,337.3438,31024000
2026-02-02,335.5672,344.1605,334.9784,343.0227,32006100
2026-02-03,346.6656,348.3224,336.8148,339.0504,36506700
2026-02-04,342.2941,342.6435,327.8822,332.3934,70618400
2026-02-05,311.6138,332.0441,305.865,330.6069,88205800
2026-02-06,326.5448,329.7386,319.2989,322.2332,56380500
2026-02-09,320.3069,327.0638,316.644,323.6903,39640100
2026-02-10,320.3468,321.0455,313.9992,317.9615,39170000
2026-02-11,318.3507,320.4367,309.0588,310.3563,45406400
2026-02-12,311.4841,315.626,306.6036,308.4001,47761300
2026-02-13,307.1325,308.0308,303.1203,305.1264,38499700
2026-02-17,299.4575,303.8489,295.6748,301.4336,39247600
2026-02-18,301.5035,304.7871,300.6651,302.7411,28482100
2026-02-19,301.234,304.8769,299.4575,302.262,25834400
2026-02-20,303.7292,315.8855,303.31,314.3685,53210800
2026-02-23,318.4305,318.8996,309.2684,310.8852,31423000
2026-02-24,309.9171,311.6637,305.336,310.2964,25615600
2026-02-25,311.4541,313.0311,308.8392,312.2925,29963600
2026-02-26,312.033,312.5321,301.763,306.7832,36431200
2026-02-27,303.5495,311.7635,303.2102,311.1547,44640600
2026-03-02,302.6413,307.8911,300.715,305.9249,34790200
2026-03-03,298.0103,303.3499,296.1339,302.9906,35497000
2026-03-04,302.302,304.877,300.1661,302.5415,29536200
2026-03-05,302.4516,302.7111,297.4114,300.2958,35752300
2026-03-06,295.5152,299.9465,294.6069,297.9404,25576900
2026-03-09,293.9953,306.4199,293.7156,305.9804,29312100
2026-03-10,305.7907,309.1265,305.1914,306.6596,23239700
2026-03-11,306.37,311.0342,305.541,308.3176,24125700
2026-03-12,306.4399,308.5572,300.657,303.1739,24928300
2026-03-13,306.6296,307.3088,300.0678,301.9055,23693100
2026-03-16,303.9729,306.1103,302.6446,305.1814,23519700
2026-03-17,305.481,311.0342,305.1215,310.5348,21955200
2026-03-18,308.8868,312.0829,306.5497,307.3088,20009800
2026-03-19,303.6334,307.6783,301.9754,306.7495,25075800
2026-03-20,305.0815,305.6209,297.9004,300.6271,44364100
2026-03-23,301.7357,305.6009,300.5572,301.6858,29326900
2026-03-24,298.8293,299.5484,289.9703,290.0802,36864300
2026-03-25,293.0764,295.6333,288.8816,290.5695,29460700
2026-03-26,287.5533,287.5932,278.1549,280.572,39080600
2026-03-27,276.9365,279.0239,273.6106,274.0001,35890600
2026-03-30,276.0776,276.7467,271.7729,273.1612,35141200
2026-03-31,277.6955,287.7231,276.7467,287.2037,43875400
2026-04-01,290.4797,300.1477,290.0502,297.0216,37684500
2026-04-02,290.3299,297.7107,289.0914,295.4036,21666500
2026-04-06,295.5034,300.2475,294.8143,299.6183,16945500
2026-04-07,302.3549,305.2513,297.3511,305.0815,23205400
2026-04-08,320.053,321.681,314.6297,316.9269,33547100
2026-04-09,315.5186,319.1441,310.6746,318.0954,23739200
2026-04-10,319.6235,321.4313,315.9281,316.847,19152600
2026-04-13,316.7471,321.2315,315.0792,320.9119,18866400
2026-04-14,324.3876,332.8771,323.3489,332.4976,27721400
2026-04-15,332.4776,337.0619,330.49,336.7023,24918800
2026-04-16,338.3303,339.4589,334.1055,335.6037,20541500
2026-04-17,337.2317,341.8959,335.8234,341.2567,25581900
2026-04-20,340.3378,340.977,336.193,337.002,18784200
2026-04-21,337.2716,338.9196,330.9395,331.8783,23123800
2026-04-22,336.6025,339.399,334.7548,338.8996,20293000
2026-04-23,340.7573,341.5363,335.7635,338.4702,18650300
2026-04-24,338.3103,344.8422,334.9745,343.9733,26426100
2026-04-27,345.5514,352.7424,342.3054,349.9059,28576900
2026-04-28,348.1182,351.9834,345.6912,349.3466,27824100
2026-04-29,347.1394,355.3492,343.7836,349.5065,35376300
2026-04-30,373.6066,385.362,365.3668,384.3232,72040000
2026-05-01,381.1572,386.2809,378.5804,385.2122,30105200
2026-05-04,385.1522,386.9001,379.3195,382.7752,26298600
2026-05-05,385.7515,392.3333,383.5442,387.9488,23878600
2026-05-06,393.7616,399.3546,392.2734,397.5469,31308500
2026-05-07,399.4245,399.6043,392.1935,397.4969,24433500
2026-05-08,396.5082,401.502,395.8689,400.3034,21461800
2026-05-11,393.1623,396.9476,387.9887,388.1585,30753700
2026-05-12,386.8601,388.0387,382.2958,386.8701,26017500
2026-05-13,385.1223,403.1999,384.523,402.1212,28144600
2026-05-14,396.7878,402.4308,395.3496,400.5731,21136700
2026-05-15,395.829,399.045,392.6929,396.2884,20309700
2026-05-18,395.1998,408.1038,394.0412,396.4482,26837200
2026-05-19,396.4682,396.658,385.6316,387.1797,39545700
2026-05-20,387.2197,393.372,382.4256,388.4282,31744400
2026-05-21,385.2222,392.0137,382.5455,387.1797,24852800
2026-05-22,386.8701,388.2584,381.297,382.4955,20442100
2026-05-26,384.0336,388.7777,382.126,388.3982,27747400
2026-05-27,386.1909,393.392,385.4219,388.3482,23087300
2026-05-28,387.5193,391.3845,384.6828,389.6467,24357500
2026-05-29,384.7627,384.7627,377.9911,379.8688,44415800
2026-06-01,376.0535,378.091,373.0572,375.9037,28672100
2026-06-02,366.1358,373.0772,357.9959,361.4017,50412300
2026-06-03,361.5815,365.996,357.6364,358.5452,55441600
2026-06-04,358.4554,372.7876,357.7662,371.7289,44055500
2026-06-05,365.8861,371.619,363.6689,368.0734,37471200
2026-06-08,364.9454,365.9648,360.2984,363.0766,27942500
2026-06-09,366.8542,371.841,357.0705,364.026,29535100
2026-06-10,362.9567,368.3233,354.9719,356.1511,32357100
2026-06-11,355.7013,358.5695,346.1375,357.5402,35538200
2026-06-12,362.3871,366.3345,354.712,359.4489,24704600
2026-06-15,367.6937,372.7504,366.3145,369.1128,27727500
2026-06-16,369.3626,375.7585,366.8242,373.0103,24876100
2026-06-17,368.8929,372.0908,361.7875,363.5563,24543600
2026-06-18,365.515,369.2427,358.4396,367.7936,44470100
2026-06-22,357.7201,358.6895,341.5005,349.4554,52814800
2026-06-23,340.4711,349.0656,339.9815,345.9077,34007700
2026-06-24,348.8158,353.2529,341.7103,345.0682,44997300
2026-06-25,336.5137,345.348,335.6243,343.4892,44491400
2026-06-26,342.3299,346.1375,329.9879,337.1733,114706300
2026-06-29,341.6104,354.1224,340.4512,353.4228,34213900
2026-06-30,353.6427,358.3896,350.1749,357.1404,35237200
2026-07-01,358.1398,362.7368,356.201,360.978,26736400
2026-07-02,359.2491,363.976,353.193,359.6788,25974800
2026-07-06,361.3177,367.6936,357.1504,366.2246,26915800
2026-07-07,368.8329,372.9203,365.2652,366.7942,24045600
2026-07-08,364.5257,367.6037,357.79,361.6875,22094800
2026-07-09,354.0824,359.419,350.8545,358.6595,24729100
2026-07-10,357.3003,357.5902,352.5234,356.9506,18146100
2026-07-13,355.9612,357.9,351.524,352.2836,15901700
2026-07-14,350.9744,359.9287,350.8645,359.2791,18259400
2026-07-15,357.7401,373.41,357.5302,370.6818,28284600
2026-07-16,372.8204,375.0289,352.0737,354.2323,41158500
2026-07-17,345.7777,348.2961,341.1407,346.5472,29959300
2026-07-20,350.6546,359.4489,350.2948,351.7639,24736600
2026-07-21,351.0943,351.0943,346.7771,346.927,23369800
2026-07-22,347.9363,349.7152,341.5105,341.8702,39334100
2026-07-23,320.9237,324.2816,314.6977,317.4859,69419700
2026-07-24,318.2155,323.9718,317.1162,319.5346,31806600
2026-07-27,324.8312,330.2078,324.2416,326.3502,28471600
2026-07-28,327.6894,335.6643,324.2316,333.4956,29511900
2026-07-29,334.455,342.28,331.407,336.4937,27501600
2026-07-30,333.9853,336.2939,330.1278,333.4457,30168000
2026-07-31,340.6111,358.3497,339.7816,355.9012,46498000
2026-08-03,365.2153,376.448,363.1166,373.2701,38669700
2026-08-04,367.9835,380.2756,367.2639,377.4074,35705700
2026-08-05,383.0937,384.233,356.5408,362.1972,46926300
2026-08-06,360.5383,363.8961,356.6508,357.5202,25235900
2026-08-07,356.4908,358.6694,353.5527,354.0724,19859900
2026-08-10,354.9519,357.3803,352.4834,357.2903,18991400
2026-08-11,355.6614,356.5808,343.1694,343.5791,29081800
2026-08-12,346.0875,346.2574,340.661,343.3193,25012000
2026-08-13,345.5479,347.7065,343.5392,346.1375,17866100
2026-08-14,346.5772,350.2249,344.2787,345.6778,17808600
2026-08-17,346.0476,347.0269,341.7103,343.779,18291300
2026-08-18,342.1901,344.6485,339.9715,343.9789,19248800
2026-08-19,342.24,346.5073,340.4412,344.4986,19733800
2026-08-20,342.8396,343.6791,338.3525,340.4512,18570400
2026-08-21,342.3599,345.9776,340.1813,344.5985,20849800
2026-08-24,343.3993,351.3742,342.27,347.8364,26338200
2026-08-25,349.4154,349.9351,345.378,346.7371,20649700
2026-08-26,346.3973,346.6572,339.9615,341.7803,20420300
2026-08-27,339.4518,341.4705,338.3025,340.4312,23391400
2026-08-28,340.4911,348.9158,340.0514,346.3674,25347200
2026-08-31,343.6091,344.3686,336.9434,339.132,33493600
2026-09-01,335.7842,336.9834,332.836,334.8048,23342700
2026-09-02,333.8454,339.7816,332.6062,336.9034,22582300
2026-09-03,340.3412,344.4586,339.8416,342.26,20726900
2026-09-04,342.47,343.53,337.09,338.46,23157700
