date,open,high,low,close,volume
2016-09-19,51.1658,51.8392,50.9143,51.32,1966300
2016-09-20,51.7662,51.8311,50.898,50.9061,2406600
2016-09-21,51.0928,51.75,51.0278,51.7094,1844600
2016-09-22,52.3342,52.4721,51.823,52.0015,2680000
2016-09-23,51.8879,51.9123,51.3281,51.3686,1444500
2016-09-26,51.1982,51.4741,50.9386,51.0359,1327300
2016-09-27,50.8575,51.466,50.4923,51.4498,1690800
2016-09-28,51.677,52.4234,51.539,52.391,1916700
2016-09-29,52.1557,52.8129,51.9123,52.0583,1885800
2016-09-30,52.2855,53.7216,52.2774,53.3159,3886900
2016-10-03,53.1293,53.7054,52.9184,53.4458,2566000
2016-10-04,53.5918,53.7541,52.0421,52.1881,2110600
2016-10-05,52.4721,53.5269,52.4478,53.178,2260500
2016-10-06,53.1455,53.2348,52.6019,53.1455,1389900
2016-10-07,52.9346,52.9346,51.9691,52.3179,2232300
2016-10-10,52.748,52.9589,51.9285,52.0421,2704900
2016-10-11,51.823,52.034,50.8412,51.2145,2934200
2016-10-12,51.2145,52.2936,50.9954,52.1394,2793700
2016-10-13,51.5066,51.5958,50.8169,51.2388,2731900
2016-10-14,51.5634,51.8636,51.2794,51.3605,2043900
2016-10-17,51.3118,51.4092,50.3787,51.2145,2672000
2016-10-18,51.8149,51.8636,51.2469,51.2713,1956000
2016-10-19,51.3605,51.9204,51.0441,51.6688,1935200
2016-10-20,51.4822,52.0421,51.393,51.7662,2365800
2016-10-21,51.2226,51.8555,51.0278,51.6932,2117000
2016-10-24,52.0583,52.2044,51.0441,51.4173,1857700
2016-10-25,51.2388,51.5958,50.6871,51.2631,1989300
2016-10-26,51.0197,52.2206,50.8737,52.0989,1989500
2016-10-27,51.9691,52.0664,50.2814,50.541,4973700
2016-10-28,50.6059,51.3524,50.468,50.614,2166500
2016-10-31,50.9224,51.8068,50.825,51.7419,4261100
2016-11-01,50.9224,50.9548,48.8615,49.2509,8389200
2016-11-02,49.1698,49.754,48.9832,49.397,4162600
2016-11-03,49.1922,49.4052,48.3813,48.9137,4735100
2016-11-04,49.0694,50.3307,48.8974,49.7655,4583400
2016-11-07,50.9859,51.2726,50.6911,51.1334,2840600
2016-11-08,50.9286,51.8787,50.7402,51.6002,3382000
2016-11-09,51.2644,54.7945,51.2644,54.3195,5690100
2016-11-10,54.7617,56.4736,54.7617,56.2688,6947900
2016-11-11,56.105,56.4326,54.5488,55.1303,5332400
2016-11-14,55.1795,55.9576,54.7044,54.9256,5788800
2016-11-15,54.7781,54.8191,53.4759,53.9345,4859300
2016-11-16,53.6806,54.0082,53.4431,53.6806,3154600
2016-11-17,54.1802,54.2867,52.9516,53.0663,3407400
2016-11-18,52.9598,53.0335,52.3701,52.5421,4728900
2016-11-21,52.9599,53.8772,52.9271,53.6806,4399500
2016-11-22,53.8608,54.0164,53.2056,53.7134,2131900
2016-11-23,53.7543,54.557,53.4431,54.4587,2568700
2016-11-25,54.4587,54.8519,54.4587,54.7208,920600
2016-11-28,54.385,54.5652,53.9181,54.041,2221700
2016-11-29,53.7379,54.3768,53.525,53.8034,2779300
2016-11-30,54.2703,55.1877,54.2703,54.4751,2426200
2016-12-01,54.7618,55.8511,54.6553,55.4088,3073700
2016-12-02,55.376,55.7282,54.9501,55.4989,2352000
2016-12-05,55.72,56.2197,55.2696,55.7037,2252900
2016-12-06,55.5972,56.1787,55.5153,56.064,2763300
2016-12-07,56.0067,56.6538,55.8839,56.4326,3512100
2016-12-08,56.3343,56.8258,55.9166,56.4981,2099000
2016-12-09,57.0715,57.1698,56.4572,56.9486,1988000
2016-12-12,56.8667,57.3336,56.8012,57.2189,2233600
2016-12-13,57.1042,57.2762,55.9903,56.3917,2846700
2016-12-14,56.2852,56.6947,55.3515,55.4252,3039600
2016-12-15,55.1795,55.6545,54.9092,55.6054,2839500
2016-12-16,55.63,56.1296,55.4498,55.7446,4108900
2016-12-19,55.7774,56.0804,55.1549,55.548,1621800
2016-12-20,55.7446,56.2279,55.5726,56.064,2988100
2016-12-21,55.8838,55.9985,55.4252,55.548,1574100
2016-12-22,55.417,55.9658,55.417,55.7528,1560300
2016-12-23,55.6955,55.9248,55.4907,55.9084,757100
2016-12-27,56.0804,56.1951,55.8429,56.0968,618900
2016-12-28,56.1296,56.1705,55.417,55.4498,1237500
2016-12-29,55.4825,55.6873,55.0812,55.376,703500
2016-12-30,55.4825,55.5808,54.7126,54.9501,1261800
2017-01-03,55.3597,56.1705,55.0566,56.1296,2231600
2017-01-04,56.1869,56.3671,55.5726,55.8347,1635000
2017-01-05,55.7446,56.064,54.5488,55.1631,2393900
2017-01-06,55.376,56.0722,55.286,55.7037,2590000
2017-01-09,56.0886,56.1132,54.7618,54.7781,2704400
2017-01-10,55.0484,55.3187,54.688,55.0484,2214500
2017-01-11,54.8355,56.0968,54.688,56.0722,2126400
2017-01-12,56.0149,56.0231,54.9993,55.8593,1357100
2017-01-13,55.9903,56.4654,55.9821,56.236,1264700
2017-01-17,55.9739,55.9903,55.1057,55.3351,1697700
2017-01-18,55.4416,55.6955,55.204,55.5317,1651300
2017-01-19,55.8019,56.0968,55.1058,55.4743,1431100
2017-01-20,55.7118,56.105,55.3433,55.6381,1559900
2017-01-23,55.63,55.8265,54.86,55.4825,1195900
2017-01-24,55.7364,56.7766,55.4907,56.6538,2044400
2017-01-25,57.0387,58.3819,57.0387,58.3,3278100
2017-01-26,58.0052,58.7096,57.6039,58.4065,2249900
2017-01-27,58.2591,58.4721,57.997,58.1117,1899800
2017-01-30,58.169,58.169,57.0715,57.6694,2034900
2017-01-31,57.4073,58.0789,56.8995,57.9724,3016700
2017-02-01,58.1281,58.7342,57.5629,58.4065,3919500
2017-02-02,57.8987,58.9717,56.8503,57.35,4690700
2017-02-03,57.6038,57.9315,57.0141,57.5137,2946200
2017-02-06,57.4237,57.5875,56.8913,57.3172,2548200
2017-02-07,57.6039,58.2345,57.44,57.5301,2221400
2017-02-08,57.3499,57.5301,56.8831,57.309,2304700
2017-02-09,57.309,58.3738,57.309,57.9806,2204400
2017-02-10,58.1772,58.2919,57.9888,58.1526,1946100
2017-02-13,58.4065,59.1846,58.4065,59.1355,2537100
2017-02-14,58.9717,59.1273,58.6277,58.9799,2083900
2017-02-15,59.0208,59.201,58.7096,59.0536,1971800
2017-02-16,59.0044,59.1683,58.3492,58.7915,2081000
2017-02-17,58.5949,58.6686,58.0625,58.6686,2356700
2017-02-21,58.6768,59.0945,58.6277,58.8816,1903500
2017-02-22,58.7096,59.5778,58.5785,59.3812,2315200
2017-02-23,59.6433,59.7252,58.7669,59.07,2237900
2017-02-24,58.5949,59.2911,58.2591,59.2911,2528800
2017-02-27,59.1437,59.545,59.0699,59.2583,2287700
2017-02-28,59.2583,59.4549,58.7341,58.9553,2504200
2017-03-01,59.6351,60.4951,59.6351,59.9873,2653600
2017-03-02,60.0121,60.0699,59.2771,59.5496,2236600
2017-03-03,59.6487,59.8221,58.9633,59.401,2024900
2017-03-06,58.8146,59.5579,58.699,59.3266,2711700
2017-03-07,59.1615,59.4588,58.9963,59.0789,1391900
2017-03-08,59.1284,59.7395,59.0624,59.3184,2008700
2017-03-09,59.2276,59.5579,58.8229,59.1285,2473200
2017-03-10,59.4918,59.946,59.4588,59.8634,2131100
2017-03-13,60.0121,60.2681,59.7561,60.0781,1832600
2017-03-14,59.6239,59.7313,59.0294,59.3101,1394800
2017-03-15,59.5579,61.1765,59.4753,61.0774,2435600
2017-03-16,60.8957,61.3994,60.3589,60.5736,2412600
2017-03-17,60.8379,60.9783,60.2103,60.491,3245300
2017-03-20,60.5075,60.9122,60.1772,60.5901,1560500
2017-03-21,60.7636,61.1269,59.3349,59.4505,2315300
2017-03-22,59.4257,60.1359,59.2771,59.9047,1989900
2017-03-23,59.913,60.4828,59.6652,60.1029,1653900
2017-03-24,60.1277,60.6314,59.9212,60.1524,2612400
2017-03-27,59.913,60.2598,59.0128,60.0203,2225400
2017-03-28,59.7561,60.937,59.5248,60.5241,1700200
2017-03-29,60.7223,61.449,60.458,61.0608,2492300
2017-03-30,60.9287,61.5481,60.7305,61.2756,2111100
2017-03-31,60.9453,61.6307,60.8379,61.2343,2011500
2017-04-03,61.3747,61.7628,60.6314,61.2425,2813200
2017-04-04,61.3664,62.0023,61.0691,61.8371,2783400
2017-04-05,62.1592,63.0593,61.3912,61.6472,2770700
2017-04-06,61.8041,62.1427,61.5233,61.7133,1592500
2017-04-07,61.5398,61.8784,61.2756,61.5811,1790900
2017-04-10,61.7628,63.0841,61.6224,62.4317,2959700
2017-04-11,62.1922,62.2748,61.5976,62.2583,2105200
2017-04-12,62.4152,62.762,61.0774,61.3086,3322200
2017-04-13,61.1847,61.3912,60.7058,60.7058,1405800
2017-04-17,60.9948,61.3582,60.6645,61.3416,1372100
2017-04-18,60.9618,61.6554,60.9618,61.4985,1744000
2017-04-19,61.8371,62.0849,60.714,60.8049,2223900
2017-04-20,61.1352,61.6142,60.9122,61.1352,3645000
2017-04-21,61.3003,61.482,60.8048,60.9865,2637100
2017-04-24,61.961,62.4647,61.672,62.3326,2875200
2017-04-25,62.8198,63.53,62.6299,63.1914,3044700
2017-04-26,63.3236,63.9099,63.2493,63.3566,2014500
2017-04-27,63.3401,63.6787,62.9767,63.1667,2073400
2017-04-28,63.1419,63.2658,62.3244,62.4648,2351100
2017-05-01,62.6794,63.1667,62.0683,62.8694,4044200
2017-05-02,64.1989,65.4955,63.0676,63.6787,4359600
2017-05-03,63.5788,63.6288,63.0711,63.5289,2748300
2017-05-04,63.7037,63.7536,62.9379,63.121,2513900
2017-05-05,63.3458,63.995,63.171,63.97,2160100
2017-05-08,63.9201,64.1281,63.6121,63.9034,1686800
2017-05-09,63.8119,64.0865,63.6704,63.8868,1386700
2017-05-10,63.8618,64.2946,63.7286,64.1614,1327300
2017-05-11,63.9117,64.228,63.4873,64.1115,1828700
2017-05-12,63.7037,64.1781,63.6204,63.8202,1825700
2017-05-15,64.1947,64.2863,63.8535,64.0616,1840800
2017-05-16,64.3945,64.3945,63.6787,64.2863,1478100
2017-05-17,64.2863,64.2863,63.3458,63.404,2787200
2017-05-18,63.5538,63.5871,62.5135,63.3125,2940000
2017-05-19,63.6204,65.077,63.6121,64.9271,3142600
2017-05-22,65.0104,65.2934,64.4527,64.6691,2589300
2017-05-23,64.794,64.8606,64.3612,64.6275,2296200
2017-05-24,64.6109,64.9188,64.2613,64.5609,1282900
2017-05-25,64.8522,65.1435,64.0865,64.3445,1753200
2017-05-26,64.3196,64.6858,64.1697,64.5526,1063000
2017-05-30,64.4777,64.7607,64.1864,64.6858,1023400
2017-05-31,64.3445,65.2517,63.8618,64.4028,1659000
2017-06-01,64.8356,65.3932,64.3029,64.9854,1800100
2017-06-02,65.0853,65.4265,64.6608,64.8189,1868900
2017-06-05,64.8106,64.8522,63.8868,63.8951,2583200
2017-06-06,63.6204,63.8618,63.3208,63.5289,1924300
2017-06-07,63.6704,63.6704,61.8061,62.3803,3520700
2017-06-08,62.3803,62.9296,62.089,62.8131,3669900
2017-06-09,63.0128,63.2126,62.655,63.0378,2882000
2017-06-12,63.0378,63.429,62.8048,63.0628,1706500
2017-06-13,63.2043,63.5039,62.8547,63.3458,1397500
2017-06-14,63.4872,63.5205,62.2887,62.7049,2320000
2017-06-15,61.9725,63.6953,61.9475,63.3708,1946000
2017-06-16,63.5539,64.1281,63.4373,63.9201,2623800
2017-06-19,64.3196,65.2684,64.2863,64.9771,2505800
2017-06-20,64.6441,64.7939,64.0865,64.1364,1796700
2017-06-21,64.2863,64.4028,63.0545,63.1876,1702900
2017-06-22,63.2459,63.6038,63.0128,63.0628,1946600
2017-06-23,63.121,64.0282,62.9712,63.9866,2995800
2017-06-26,64.203,64.5942,63.5039,63.8951,1415600
2017-06-27,63.8285,64.0366,63.3791,63.6121,1642000
2017-06-28,64.0865,64.6192,63.9034,64.4527,1608600
2017-06-29,64.5776,64.9188,63.2542,63.7786,1751300
2017-06-30,64.0033,65.1852,63.97,64.7773,1843600
2017-07-03,65.2267,65.5597,64.6774,65.2101,1386800
2017-07-05,65.1935,65.6346,64.9188,65.4432,1892700
2017-07-06,65.1851,65.7344,65.1352,65.3766,1923400
2017-07-07,65.3766,66.5002,65.2101,66.0507,1934300
2017-07-10,65.9842,67.2742,65.9842,66.9163,2238500
2017-07-11,66.8331,66.9995,66.1423,66.9579,2314200
2017-07-12,67.2409,67.9401,66.9829,67.0079,1843400
2017-07-13,66.9247,67.1577,66.5335,66.8498,1857200
2017-07-14,67.0162,67.2908,66.8997,67.0911,1683300
2017-07-17,66.9829,67.0245,66.6333,66.7582,1807900
2017-07-18,66.7249,66.7748,66.2754,66.7748,1583500
2017-07-19,66.9496,67.0828,66.4003,66.8997,1758300
2017-07-20,66.8497,66.8664,66.1922,66.2172,1530100
2017-07-21,65.9092,66.0923,65.2184,65.7261,2436400
2017-07-24,65.7511,65.8427,65.3183,65.4598,1786900
2017-07-25,66.1672,66.2421,65.5347,66.0257,2311800
2017-07-26,66.0424,66.0424,65.3433,65.7511,1821900
2017-07-27,65.8426,65.9009,64.8772,65.3266,2638700
2017-07-28,65.2933,65.4099,64.6025,65.2767,1734900
2017-07-31,65.2767,65.8177,64.794,65.1269,3669200
2017-08-01,62.8298,62.8298,60.0582,61.806,10716900
2017-08-02,61.5879,62.4605,61.3446,62.1752,5824300
2017-08-03,62.0074,62.0745,61.2271,61.7641,4533300
2017-08-04,61.8228,62.5696,61.7641,62.536,2778300
2017-08-07,61.89,62.4605,61.8228,62.0829,3197300
2017-08-08,61.848,62.3431,61.1851,61.2439,4769700
2017-08-09,61.0593,61.5627,60.967,61.3697,3167300
2017-08-10,61.1599,61.2271,60.0859,60.1195,2704400
2017-08-11,60.195,60.3545,59.893,59.9769,1294700
2017-08-14,60.5726,60.8999,60.2622,60.8159,2032900
2017-08-15,60.7824,61.1599,60.5139,60.6733,1973900
2017-08-16,60.8579,61.2019,60.7824,60.9754,2103300
2017-08-17,60.0104,60.9838,59.9685,60.1782,4160600
2017-08-18,60.0943,60.388,59.7419,59.7419,2261100
2017-08-21,59.6832,59.9014,59.314,59.6916,2134100
2017-08-22,59.8342,60.5055,59.7419,60.3293,2317400
2017-08-23,59.9349,60.2034,59.6748,59.7503,1182800
2017-08-24,59.8846,59.8846,59.1797,59.272,2530300
2017-08-25,59.6077,59.7167,59.2217,59.3224,1734700
2017-08-28,59.5573,59.6916,58.9448,59.1042,1319900
2017-08-29,58.8693,59.3224,58.584,59.1714,2684800
2017-08-30,59.1546,59.7084,59.1462,59.6161,2561600
2017-08-31,59.9517,60.3125,59.7335,60.2118,2252900
2017-09-01,60.4467,60.539,60.0608,60.1027,1707300
2017-09-05,60.0859,60.3544,59.3476,59.658,2033900
2017-09-06,60.0524,60.0943,59.6748,59.851,1700400
2017-09-07,59.9769,60.0104,59.2636,59.8426,1439300
2017-09-08,59.7419,60.7656,59.6496,60.5306,1775600
2017-09-11,60.9921,61.5711,60.8159,61.5459,2186500
2017-09-12,61.6718,62.6367,61.6382,62.5948,2482900
2017-09-13,62.5444,62.8885,62.2592,62.8717,2137300
2017-09-14,62.729,63.5345,62.4185,63.4506,2481100
2017-09-15,63.4255,64.5918,63.115,64.533,4901300
2017-09-18,64.6085,65.4812,64.2142,65.3637,2832500
2017-09-19,65.2295,65.3385,64.575,64.6337,3215300
2017-09-20,64.7931,65.6238,64.7092,65.2546,2482000
2017-09-21,65.1959,65.6574,65.1623,65.498,1784000
2017-09-22,65.4392,65.8755,65.1875,65.5315,1624900
2017-09-25,65.5651,65.6406,64.5162,65.07,2669600
2017-09-26,65.112,65.1539,64.6253,64.7008,1855700
2017-09-27,64.9778,65.1204,64.4491,64.7093,2015300
2017-09-28,64.4743,64.5834,63.2912,63.845,3048100
2017-09-29,63.7275,64.5582,63.5345,64.4323,2236300
2017-10-02,64.5666,65.0952,64.0967,65.0616,1755400
2017-10-03,65.1791,65.2462,64.8183,64.9861,2017700
2017-10-04,64.9022,65.607,64.6169,65.498,2209400
2017-10-05,65.4141,65.6574,65.1036,65.2798,2032900
2017-10-06,65.1371,65.6322,64.9693,65.2378,2281200
2017-10-09,65.2462,65.5483,64.8686,65.1791,1368700
2017-10-10,65.414,65.5567,64.9442,65.4308,1612800
2017-10-11,65.4056,66.0098,65.221,65.8923,2390600
2017-10-12,65.9175,66.4209,65.7077,66.0517,2504000
2017-10-13,66.3874,66.4461,65.842,65.8923,1942800
2017-10-16,66.1357,66.5468,65.8839,66.4797,1400500
2017-10-17,65.305,65.8084,64.2729,65.5063,3535700
2017-10-18,65.5819,65.9595,65.3973,65.4224,2249400
2017-10-19,64.919,65.607,64.8938,65.4644,2168500
2017-10-20,65.842,66.3203,65.607,66.228,2559800
2017-10-23,66.3119,66.3622,65.8084,65.8504,2196900
2017-10-24,66.2196,67.2432,66.2112,66.7733,3107900
2017-10-25,66.6559,66.8656,65.7245,66.2699,2311200
2017-10-26,66.7062,67.0754,66.4545,66.7062,1642700
2017-10-27,66.6811,67.1174,66.4042,66.9328,1987600
2017-10-30,66.8321,67.4866,66.4377,66.4797,3740800
2017-10-31,65.3973,68.3843,65.1288,67.1425,4955400
2017-11-01,67.8641,69.0892,67.797,68.3928,3680500
2017-11-02,68.5111,68.7562,67.0572,67.0995,3227100
2017-11-03,66.905,66.9811,65.1553,66.0175,4477300
2017-11-06,66.0175,66.4739,65.6286,66.195,2239800
2017-11-07,66.2711,66.7613,66.0682,66.4993,1454300
2017-11-08,66.2795,66.9557,65.8822,66.8205,2281800
2017-11-09,66.5415,67.1924,65.7639,65.8146,2957100
2017-11-10,65.8484,66.0005,65.4934,65.8653,1380400
2017-11-13,65.6793,66.0682,65.5187,65.8822,1393600
2017-11-14,65.5018,65.654,64.9947,64.9947,1844800
2017-11-15,64.6396,64.7495,63.9042,64.1325,2029900
2017-11-16,64.3607,64.9186,64.3607,64.6143,1824800
2017-11-17,64.2339,64.2424,63.7521,63.938,2965300
2017-11-20,64.124,64.2254,63.8197,63.9803,2933700
2017-11-21,64.3184,64.5213,64.0986,64.4959,1801800
2017-11-22,64.5213,64.8087,64.3945,64.4284,995300
2017-11-24,64.5551,64.5551,64.0986,64.1747,698900
2017-11-27,64.1916,64.2846,63.8451,63.8451,1493900
2017-11-28,63.9634,65.1215,63.8705,64.9609,2029100
2017-11-29,65.1045,65.3328,64.5466,64.9524,1839600
2017-11-30,65.0707,65.9245,65.02,65.7469,2725300
2017-12-01,65.9245,66.288,64.5805,65.6794,2264000
2017-12-04,66.195,66.4486,64.5805,64.5889,2329200
2017-12-05,64.5551,64.7664,63.3464,63.3548,3000600
2017-12-06,64.2508,64.4621,63.3125,64.0649,3000800
2017-12-07,63.9465,65.485,63.9212,65.3074,3538500
2017-12-08,65.5018,65.8146,65.0961,65.3328,2363700
2017-12-11,65.6033,66.0259,65.1806,65.7385,3755100
2017-12-12,65.7977,66.3133,65.7047,65.7301,2189300
2017-12-13,65.8991,66.3472,65.5441,65.5695,2148100
2017-12-14,65.654,65.7385,64.5889,64.6143,1719700
2017-12-15,64.758,65.747,64.7326,65.3328,3503700
2017-12-18,66.0259,66.2964,65.0707,65.1384,2747400
2017-12-19,65.3158,65.3581,64.8678,64.9693,1930800
2017-12-20,65.392,65.5441,65.0961,65.2145,2318300
2017-12-21,65.4934,66.2542,65.2229,66.0175,2076900
2017-12-22,66.1696,66.1696,65.5188,65.5188,1362100
2017-12-26,65.5948,65.6878,65.2652,65.3582,676300
2017-12-27,65.4258,65.6625,65.0961,65.4427,1135500
2017-12-28,65.5695,66.0935,65.4511,66.0682,1083200
2017-12-29,66.7022,67.3277,66.4063,66.7867,3245900
2018-01-02,66.9727,67.2178,65.5272,66.6599,2814900
2018-01-03,66.998,69.0352,66.6599,69.0098,4255900
2018-01-04,69.0521,69.3057,68.0124,68.2744,3936400
2018-01-05,68.3674,68.8238,67.8348,68.7985,2398900
2018-01-08,68.7816,69.5677,68.4688,69.3395,1818200
2018-01-09,69.2042,69.7283,67.8856,69.2972,2216000
2018-01-10,69.0352,69.8889,68.7393,69.7114,2126800
2018-01-11,69.872,70.9963,69.5931,70.9963,1897900
2018-01-12,71.14,71.3006,70.5567,71.2076,2417500
2018-01-16,71.3766,71.4273,69.9058,70.4552,2198500
2018-01-17,70.5736,70.9963,70.3961,70.6666,1379400
2018-01-18,70.7427,71.0047,70.1763,70.6328,2001600
2018-01-19,70.9202,71.3513,70.6243,70.9624,3215000
2018-01-22,70.9455,71.3597,70.5905,71.309,2413400
2018-01-23,70.9709,72.1205,70.861,71.9515,2393700
2018-01-24,72.3572,72.3656,71.2921,71.4273,2862200
2018-01-25,71.9261,72.4164,70.9455,72.036,2592200
2018-01-26,72.2726,73.1264,71.8838,73.1095,1863300
2018-01-29,72.8728,73.3884,72.1628,72.3487,1883800
2018-01-30,71.7739,72.3825,71.2837,71.6302,2478800
2018-01-31,72.1289,72.298,70.5229,70.9793,2901000
2018-02-01,73.4814,75.9497,73.2447,74.2675,6112700
2018-02-02,73.642,73.8787,71.7655,71.9261,6100300
2018-02-05,72.4163,72.4248,68.9591,68.9591,5528400
2018-02-06,67.8264,70.3961,67.2009,69.8889,4994500
2018-02-07,69.5846,71.3259,68.9676,68.9929,3908800
2018-02-08,69.1535,69.5761,67.1163,67.1248,3150900
2018-02-09,68.2153,68.976,66.7698,68.2744,4925800
2018-02-12,68.8492,69.7959,68.6717,69.331,2789800
2018-02-13,68.8577,69.4325,68.4604,69.1704,1332500
2018-02-14,68.6717,70.0411,68.4857,69.8805,2399600
2018-02-15,70.2524,70.5144,69.1282,69.9566,1516400
2018-02-16,69.872,70.9286,69.4832,69.9819,2200200
2018-02-20,69.6776,70.1932,68.8492,69.069,3344600
2018-02-21,69.0774,69.8636,68.6886,68.9422,2219300
2018-02-22,69.3395,69.8636,69.0436,69.2127,1778900
2018-02-23,69.7368,69.872,68.9506,69.5001,2204900
2018-02-26,69.6184,69.779,68.9253,69.5508,2854900
2018-02-27,69.4747,70.244,69.255,69.2803,2514800
2018-02-28,69.4494,69.7452,68.1983,68.2152,2323500
2018-03-01,68.5533,69.069,66.9557,67.2769,3527400
2018-03-02,66.9135,67.6996,66.2626,67.3699,3251000
2018-03-05,66.9304,67.894,66.2711,67.8095,2983500
2018-03-06,68.2913,68.4435,67.3868,68.4181,2658700
2018-03-07,67.6151,68.6294,67.4291,68.4942,2741700
2018-03-08,69.2549,69.2803,68.0377,68.5872,5636000
2018-03-09,69.09,70.8711,68.7832,70.8541,3155000
2018-03-12,70.8115,70.9393,69.2093,69.482,3666100
2018-03-13,69.6354,70.4536,69.1497,69.269,2869600
2018-03-14,69.7888,69.8144,68.144,68.2548,2395900
2018-03-15,68.3911,68.7576,68.0758,68.4082,2840700
2018-03-16,68.5446,69.286,68.3741,69.0133,4651900
2018-03-19,68.8173,69.0218,68.0247,68.5701,1709100
2018-03-20,68.7746,69.7718,68.6042,69.1667,1783200
2018-03-21,69.3116,69.9678,68.9707,69.4394,1847300
2018-03-22,68.7235,69.3371,67.5645,67.6923,2650400
2018-03-23,67.9054,67.9054,66.5504,66.6271,3332200
2018-03-26,68.3315,69.3968,67.7605,69.1155,4143100
2018-03-27,69.2349,69.5417,67.4963,67.9309,3678000
2018-03-28,68.0162,68.0673,66.9594,67.3685,2858400
2018-03-29,67.8457,68.732,67.5389,68.1014,2902700
2018-04-02,67.7264,67.8628,65.2038,66.2094,2401500
2018-04-03,66.4737,66.7123,65.1016,66.3543,4515400
2018-04-04,65.1783,67.0446,64.8885,66.9679,3064100
2018-04-05,67.5986,67.769,67.002,67.5389,2434600
2018-04-06,66.7719,67.2577,64.4794,64.7436,4025900
2018-04-09,65.3828,65.7663,64.5817,64.7095,2922000
2018-04-10,66.3884,66.8571,65.9708,66.1242,2786300
2018-04-11,65.5362,66.0561,65.2976,65.7663,2279900
2018-04-12,66.0475,66.5248,65.9282,65.9964,3177000
2018-04-13,66.5248,66.7634,65.6044,65.843,3313400
2018-04-16,66.3799,66.5929,65.843,66.0049,3675900
2018-04-17,66.6697,67.0872,66.3288,66.431,2536300
2018-04-18,66.8316,67.6668,66.5674,67.4878,2337700
2018-04-19,67.4537,67.8969,66.9509,67.4537,3317100
2018-04-20,67.5986,67.8372,66.8742,67.377,2259400
2018-04-23,67.5304,67.8628,66.7549,66.9253,2085900
2018-04-24,67.4281,67.7605,63.6698,64.7095,3013000
2018-04-25,64.5476,65.5618,63.755,65.3913,2744200
2018-04-26,65.3572,65.4851,63.917,64.6925,3276500
2018-04-27,64.4709,64.9652,64.1385,64.897,3401900
2018-04-30,64.9396,65.2635,63.9425,63.9425,3824700
2018-05-01,63.3886,63.6443,61.6586,62.9454,6034200
2018-05-02,62.6471,63.2863,61.8972,62.0591,4618000
2018-05-03,61.8527,63.2631,61.5947,62.8417,4229500
2018-05-04,62.4031,64.7596,62.1881,64.3898,3871800
2018-05-07,64.5102,64.5618,63.7104,64.2436,6020100
2018-05-08,64.3296,64.493,63.891,64.3468,3044100
2018-05-09,64.5962,65.1208,64.2608,65.0692,1596100
2018-05-10,65.2068,65.8604,64.8886,65.7486,2775100
2018-05-11,65.7486,66.4968,65.4132,65.7658,2188800
2018-05-14,66.0152,66.1786,65.5938,65.8604,2042300
2018-05-15,65.5164,66.0582,65.3874,65.9894,2588200
2018-05-16,65.9722,66.987,65.8862,66.5054,2174800
2018-05-17,66.428,67.1246,66.3248,66.7978,1607100
2018-05-18,67.5288,67.9847,67.4514,67.589,2587500
2018-05-21,68.0965,69.0339,68.0019,68.7071,3375500
2018-05-22,68.8877,69.2317,68.0363,68.0793,1734100
2018-05-23,67.7009,68.0277,67.3396,67.9417,2805600
2018-05-24,67.9244,68.3115,67.0816,67.8642,3276800
2018-05-25,67.3912,67.632,66.9526,67.3138,1688400
2018-05-29,66.6344,66.7462,65.568,66.17,2014600
2018-05-30,66.6,67.2623,66.2904,67.0042,1575400
2018-05-31,67.2622,67.2622,65.6282,65.8604,2802300
2018-06-01,66.4108,66.6086,66.084,66.1356,2043600
2018-06-04,66.4366,66.8064,66.0324,66.1958,2188800
2018-06-05,66.4538,68.4405,66.385,68.3287,5141400
2018-06-06,68.6383,69.0425,67.9417,69.0425,3051600
2018-06-07,69.1285,69.3091,68.7243,69.0941,2362200
2018-06-08,68.8705,69.1457,68.5781,69.1027,1681500
2018-06-11,69.1629,69.6101,68.7673,69.4983,2111500
2018-06-12,69.5241,69.8165,68.9221,69.1543,2133600
2018-06-13,69.1973,69.3435,68.8103,68.8447,2598600
2018-06-14,68.9823,69.2661,68.0104,68.1824,1620700
2018-06-15,67.8814,68.1652,67.03,68.1566,3581000
2018-06-18,67.5202,68.1825,67.2278,68.1395,2707900
2018-06-19,67.3655,67.3655,66.6774,67.2623,2510900
2018-06-20,67.6578,67.7352,66.8494,67.03,1723000
2018-06-21,66.772,66.772,65.4906,65.6712,4231700
2018-06-22,66.2474,66.4452,65.7916,65.869,2342400
2018-06-25,65.654,65.955,64.8714,65.31,3283900
2018-06-26,65.4734,65.7056,64.8542,64.9402,2615100
2018-06-27,65.2412,66.084,64.7166,64.7252,3630600
2018-06-28,64.6908,64.9316,63.1943,64.02,5594900
2018-06-29,64.3898,65.0176,64.192,64.278,3533800
2018-07-02,63.8049,64.579,63.7361,64.4414,2660100
2018-07-03,65.1724,65.9292,64.7424,64.8886,1378100
2018-07-05,65.224,65.3616,64.6306,65.224,1565200
2018-07-06,65.095,65.6626,64.6908,65.3788,1737000
2018-07-09,65.4906,66.9269,65.4218,66.9097,1565400
2018-07-10,67.5718,67.6492,66.9784,67.3482,2027400
2018-07-11,66.6258,66.6258,64.88,65.1552,2856000
2018-07-12,66.256,66.8494,65.439,66.1098,1875900
2018-07-13,65.912,66.9096,65.826,66.8752,1431900
2018-07-16,67.03,67.0472,66.342,66.514,1975700
2018-07-17,66.3248,67.116,66.1872,66.9268,2431700
2018-07-18,67.0128,67.9073,66.858,67.3998,1944300
2018-07-19,66.9956,67.3827,66.7204,67.2623,2152600
2018-07-20,66.9096,67.0902,66.5914,66.772,2211800
2018-07-23,66.7548,66.8924,65.9636,66.1098,3315900
2018-07-24,66.8064,67.4428,66.299,66.6086,3754400
2018-07-25,66.5312,68.0105,66.3334,67.9245,3136500
2018-07-26,67.89,69.0597,67.89,68.7673,3256400
2018-07-27,68.9049,69.5843,68.7673,69.2919,2096700
2018-07-30,69.6617,70.0831,68.5351,68.6813,2813000
2018-07-31,68.9737,71.8548,68.9135,71.528,4753400
2018-08-01,71.571,71.9236,70.7969,70.8399,3613800
2018-08-02,69.8595,70.2637,69.4725,69.8079,2317100
2018-08-03,69.9283,70.2981,69.4381,70.1519,1861800
2018-08-06,70.2809,70.4357,69.7305,69.8251,1830800
2018-08-07,69.9627,71.2269,69.9541,71.0205,2823800
2018-08-08,70.9517,71.0549,70.2637,70.4443,1499900
2018-08-09,70.4443,71.0463,70.0659,70.2723,2096100
2018-08-10,69.7993,69.8681,69.0253,69.2747,2144500
2018-08-13,70.1089,70.1089,68.6899,68.9049,3273700
2018-08-14,69.0339,69.3607,68.6555,68.9221,2878800
2018-08-15,68.2857,68.5781,67.7267,68.4835,2158200
2018-08-16,68.9909,69.6531,68.9565,69.2403,2360400
2018-08-17,69.3263,69.8251,69.0683,69.6617,1664300
2018-08-20,69.8939,70.3927,69.7907,69.9627,1741700
2018-08-21,70.0401,70.8399,69.9885,70.5475,2936600
2018-08-22,70.4615,70.5131,69.8079,70.0831,2307600
2018-08-23,69.9627,70.2293,69.2059,69.5929,1846600
2018-08-24,69.9627,70.2723,69.6273,70.2465,1139000
2018-08-27,70.5217,71.5365,70.3841,71.4591,2144700
2018-08-28,71.7429,72.1386,71.6827,71.8719,2764000
2018-08-29,71.8461,72.1042,71.4419,71.8719,2092700
2018-08-30,71.6226,71.7946,71.1323,71.2355,1418500
2018-08-31,70.9947,71.5968,70.9861,71.5022,1887900
2018-09-04,71.4591,71.4935,70.4443,71.1839,2861400
2018-09-05,71.0549,72.8094,70.8743,72.7234,2506600
2018-09-06,72.7148,73.033,72.4224,72.818,1631200
2018-09-07,72.5772,72.5772,71.5881,72.0783,3133400
2018-09-10,72.7234,73.6866,72.7234,73.3168,2214100
2018-09-11,72.9814,73.5232,72.5428,73.1534,2259900
2018-09-12,73.1878,74.108,72.8352,73.936,2872900
2018-09-13,74.3316,75.1056,74.2198,74.5638,2016100
2018-09-14,74.7358,75.1745,74.452,74.9508,1544100
2018-09-17,74.9594,75.3722,74.6928,74.9336,2562800
2018-09-18,75.0282,75.2776,73.9876,74.7616,2353800
2018-09-19,74.968,75.9828,74.7358,75.6904,1798300
2018-09-20,76.1205,76.4043,75.0024,75.9571,2787600
2018-09-21,75.4324,76.9375,75.0884,76.1119,3942700
2018-09-24,75.8969,76.0173,74.968,75.2088,2157900
2018-09-25,75.4497,75.5099,74.71,74.9508,2542100
2018-09-26,75.1142,75.4754,74.6412,74.7444,2315900
2018-09-27,75.1056,75.1056,74.4348,74.6154,1694100
2018-09-28,74.6928,74.8992,74.3488,74.5896,2304900
2018-10-01,75.226,75.4324,74.6412,75.2088,1960100
2018-10-02,75.2088,75.6216,74.9852,75.5528,1903300
2018-10-03,75.914,76.5591,75.1572,75.441,2880600
2018-10-04,75.3034,76.1721,74.8046,75.4238,1936900
2018-10-05,75.5184,75.8625,74.2284,74.538,2365600
2018-10-08,74.3316,74.6842,73.5662,74.538,1750700
2018-10-09,74.3574,74.5982,72.8868,73.0416,3364500
2018-10-10,72.861,72.9642,70.2551,70.3067,3974100
2018-10-11,70.2551,70.5991,68.1653,68.3975,3285400
2018-10-12,69.8337,70.2723,67.675,68.6039,3586800
2018-10-15,68.6297,68.8361,67.976,68.0793,2135700
2018-10-16,68.5953,69.1027,68.1137,69.0253,1911500
2018-10-17,69.4295,69.4381,67.847,68.6383,1806000
2018-10-18,68.1223,68.5265,66.9784,67.4084,1952300
2018-10-19,67.2708,67.7008,66.2904,66.471,2107500
2018-10-22,66.7118,67.0301,65.7744,65.8432,3526500
2018-10-23,64.1318,64.3038,62.9879,63.2201,4793000
2018-10-24,63.2201,63.5125,60.3735,60.5369,4325800
2018-10-25,61.2593,62.6009,60.9325,62.0935,4193500
2018-10-26,61.3797,62.7385,60.7003,61.9301,4471600
2018-10-29,63.1685,63.3663,60.1757,61.0873,3191500
2018-10-30,58.8512,60.9583,58.2234,60.5025,7647900
2018-10-31,61.3711,62.8847,61.1905,61.6377,5767100
2018-11-01,61.7409,63.7361,61.2937,63.4265,3604600
2018-11-02,64.0028,64.1404,62.6869,62.9879,3366600
2018-11-05,63.3319,63.8823,63.0223,63.4265,3648800
2018-11-06,63.2717,64.8026,63.2115,64.7424,2897900
2018-11-07,65.3272,65.4992,64.2178,64.8628,3514300
2018-11-08,64.6134,65.0864,63.5125,63.8479,4239800
2018-11-09,63.3578,63.6846,62.5665,63.1514,3027400
2018-11-12,63.2115,63.3061,62.2655,62.3601,2161200
2018-11-13,62.3687,63.4696,61.9301,62.1881,2402900
2018-11-14,62.7557,63.5727,61.8355,62.2311,2843500
2018-11-15,61.9215,63.9254,61.6119,63.6244,2648700
2018-11-16,63.3319,64.0973,63.1513,63.8479,2379900
2018-11-19,63.5813,64.0543,62.8417,63.1943,1911000
2018-11-20,62.4891,63.0567,62.2139,62.7385,2043300
2018-11-21,63.0825,64.3038,62.8245,63.7104,3035900
2018-11-23,63.0997,64.3468,63.0997,63.719,1260600
2018-11-26,64.4242,64.9832,63.891,64.579,2784400
2018-11-27,64.1404,64.8542,63.8652,64.8026,2316100
2018-11-28,65.0434,65.9034,63.9856,65.8518,2207800
2018-11-29,65.6196,65.955,65.009,65.3702,1716400
2018-11-30,64.9918,66.2216,64.7166,66.17,3137800
2018-12-03,67.7352,68.0878,66.4968,67.0902,2002200
2018-12-04,67.073,67.2536,64.364,64.493,2632900
2018-12-06,63.2115,63.2115,61.2077,63.0309,3913000
2018-12-07,63.1427,63.977,61.0529,61.2765,3322200
2018-12-10,61.2249,61.6377,59.7285,61.3453,2213600
2018-12-11,62.6095,62.6697,60.6315,60.9927,1597200
2018-12-12,61.9387,62.2655,61.1217,61.1561,2304300
2018-12-13,61.5517,61.7065,60.5369,60.8895,2180700
2018-12-14,60.2273,61.2765,60.1413,60.7003,2818600
2018-12-17,60.5369,60.8809,59.0834,59.4962,3079400
2018-12-18,60.0983,60.3219,58.7394,59.2382,3025700
2018-12-19,59.2899,60.3047,58.0084,58.49,4465400
2018-12-20,58.1288,58.9716,57.157,57.716,3873000
2018-12-21,57.8364,59.0748,56.9248,57.0796,5798100
2018-12-24,56.7098,56.9592,55.5316,55.781,2060700
2018-12-26,56.1766,58.3266,55.4369,58.3008,2643400
2018-12-27,57.329,59.1092,56.9936,59.1092,3272000
2018-12-28,59.5565,59.5651,58.5158,58.6878,2190600
2018-12-31,58.9286,59.1953,58.4642,59.0491,2281300
2019-01-02,58.2406,59.3071,58.1374,59.0061,2766600
2019-01-03,58.6878,58.6878,56.9506,57.3032,2803500
2019-01-04,58.2234,58.9458,57.6214,58.9372,3801600
2019-01-07,59.1264,59.8833,58.619,59.1092,2342300
2019-01-08,59.6253,59.9865,58.2664,58.6362,4316500
2019-01-09,59.307,59.8575,59.2124,59.393,3184000
2019-01-10,58.9888,60.5025,58.8599,60.3649,2261300
2019-01-11,59.8832,60.5197,59.8832,60.3907,1676700
2019-01-14,59.9693,60.6659,59.5737,60.5283,1858800
2019-01-15,60.6659,60.6659,59.5306,60.0983,1814900
2019-01-16,60.0295,60.5111,59.9693,60.2875,1791900
2019-01-17,59.8403,61.3281,59.8403,61.0357,1440300
2019-01-18,61.4399,62.3859,61.2851,61.8097,2472300
2019-01-22,61.4485,61.4485,59.9521,60.5799,4081800
2019-01-23,60.6659,60.8895,59.8145,60.3305,2593400
2019-01-24,60.3133,60.7433,60.0811,60.3391,2997500
2019-01-25,61.0615,61.4227,60.8465,61.1217,2733600
2019-01-28,60.0295,60.0639,58.4556,59.4361,4635700
2019-01-29,60.0725,61.2765,59.7199,61.1561,3605200
2019-01-30,61.9215,62.8159,61.0185,62.6783,3652000
2019-01-31,64.6822,65.8088,64.0372,65.5766,6272200
2019-02-01,65.611,65.8604,64.7338,65.7744,4160700
2019-02-04,65.9894,66.3506,65.3702,66.3076,2862300
2019-02-05,66.3162,66.4022,65.7916,66.3506,2497000
2019-02-06,65.74,66.6172,65.74,66.17,2475000
2019-02-07,65.9034,66.3334,65.1036,65.6712,2465900
2019-02-08,65.2412,65.439,64.6048,65.2154,1903400
2019-02-11,65.267,65.3444,64.7854,65.0434,1785400
2019-02-12,65.4906,66.0926,65.4046,65.9378,2658200
2019-02-13,66.2818,66.9354,66.1012,66.7978,2120400
2019-02-14,66.342,66.944,65.9464,66.3936,1898600
2019-02-15,67.0558,67.7782,66.8924,67.7094,2233300
2019-02-19,67.3483,67.9589,67.1247,67.7697,2001100
2019-02-20,67.9159,68.6125,67.7438,68.5609,2320500
2019-02-21,68.4749,68.6383,68.0621,68.5351,1935200
2019-02-22,68.8017,69.5499,68.5867,69.4811,2584200
2019-02-25,70.1003,70.1003,69.4123,69.5929,2233700
2019-02-26,69.2661,69.8337,69.1887,69.2231,1560200
2019-02-27,69.1285,69.3865,68.5437,69.3521,2082700
2019-02-28,69.3693,69.3951,68.5437,68.6039,2560100
2019-03-01,69.8767,69.9713,67.9761,68.9995,4037800
2019-03-04,69.8939,70.5905,68.9737,69.9197,4052900
2019-03-05,69.7907,70.0401,69.3865,69.4897,3225500
2019-03-06,69.4295,69.9541,69.2661,69.6187,3900100
2019-03-07,69.5146,69.5146,68.3173,69.3497,2853500
2019-03-08,68.4214,69.1502,68.3346,68.8725,2249600
2019-03-11,68.7163,69.7315,68.673,69.6794,2394200
2019-03-12,70.3562,70.3649,69.5319,69.7228,3430100
2019-03-13,70.0265,70.443,69.6534,69.9224,2225100
2019-03-14,69.7835,70.4516,69.3497,70.2694,2476700
2019-03-15,70.226,70.6425,69.7836,69.9137,4940000
2019-03-18,70.1219,71.3626,70.0612,71.2325,2971400
2019-03-19,71.6576,71.8745,70.9982,71.3366,2232100
2019-03-20,71.2759,71.2759,70.174,70.4777,3261900
2019-03-21,70.1133,71.406,70.0872,71.1544,1891200
2019-03-22,70.7206,70.8941,68.4214,68.5602,3797700
2019-03-25,68.5428,69.0374,68.2131,68.5081,2801500
2019-03-26,69.1936,69.3411,68.6123,68.994,2062400
2019-03-27,69.0113,69.4625,68.4994,68.8639,2136200
2019-03-28,69.2803,69.7141,68.7511,69.289,1767000
2019-03-29,69.9744,69.9918,69.6274,69.8963,2173100
2019-04-01,70.764,71.4841,70.5037,71.354,2124600
2019-04-02,71.5709,71.9613,71.2585,71.701,1699200
2019-04-03,72.1435,72.5947,71.5535,71.9006,2080300
2019-04-04,71.3539,72.2216,71.3539,72.1695,1917400
2019-04-05,72.265,72.6033,72.1001,72.2303,1542900
2019-04-08,72.0134,72.612,71.5969,72.6034,1417900
2019-04-09,72.2129,72.2129,71.3453,71.4494,1984000
2019-04-10,71.5275,71.7964,71.1284,71.5101,1407800
2019-04-11,71.7878,72.1695,71.5795,71.996,1349700
2019-04-12,72.5253,72.7942,72.0828,72.7769,1510400
2019-04-15,72.7769,72.881,72.2476,72.5426,876500
2019-04-16,72.881,73.0892,72.4992,73.0111,1822000
2019-04-17,73.5144,73.9655,73.0025,73.2541,1685100
2019-04-18,73.6879,74.1738,73.5317,73.9308,1637700
2019-04-22,73.471,73.8094,73.2714,73.6966,1222900
2019-04-23,73.5751,74.6857,73.5144,74.2605,2058900
2019-04-24,74.1304,74.5035,73.9308,74.0436,1569500
2019-04-25,73.2975,73.5491,72.5686,72.7075,1599000
2019-04-26,72.8463,72.8983,72.0741,72.6814,2454800
2019-04-29,73.0545,73.2888,72.4992,72.8723,2426500
2019-04-30,71.5709,72.4645,70.0004,71.8572,4759300
2019-05-01,72.2476,73.0545,70.9982,71.0676,3525600
2019-05-02,71.0414,71.8116,70.6913,71.2602,3072200
2019-05-03,71.6103,72.4855,71.584,72.468,1982200
2019-05-06,71.3564,72.0304,70.6825,71.8028,1828500
2019-05-07,70.8401,71.1026,70.385,70.9188,2654600
2019-05-08,70.7876,71.4965,70.6826,70.8576,2822500
2019-05-09,70.1574,70.9714,69.8686,70.8576,1957800
2019-05-10,70.6913,71.619,69.5185,71.3214,1833200
2019-05-13,69.6936,69.9736,68.4595,68.7046,2729600
2019-05-14,69.0371,69.711,68.8796,69.2734,1853500
2019-05-15,68.8446,69.8949,68.6345,69.6148,1315300
2019-05-16,69.7898,70.2887,69.5885,70.0261,1419900
2019-05-17,69.2384,69.9299,68.8183,68.9234,1607800
2019-05-20,68.372,68.9846,68.1969,68.6345,1332800
2019-05-21,69.1159,70.1487,69.0634,69.9473,2048100
2019-05-22,69.5973,69.8511,69.0196,69.0809,1915400
2019-05-23,68.2932,68.3195,67.1379,67.418,2020000
2019-05-24,67.9606,68.1357,67.418,67.7331,1661500
2019-05-28,67.7068,67.8819,66.6215,66.6828,1958100
2019-05-29,66.2977,66.8228,65.8251,66.1577,2337900
2019-05-30,66.2627,66.7966,66.1139,66.3852,1265700
2019-05-31,65.5275,65.5275,65.0199,65.1949,1840100
2019-06-03,65.265,66.5253,65.1337,65.9739,2132100
2019-06-04,66.7528,68.302,66.569,68.0657,2419000
2019-06-05,68.6783,68.8883,67.8731,68.4595,1747500
2019-06-06,68.8271,68.9496,67.9081,68.5295,1626300
2019-06-07,69.0634,69.4922,68.8883,69.2122,1739400
2019-06-10,69.6148,70.1224,69.2384,69.4222,1424000
2019-06-11,70.0174,70.5075,69.1684,69.326,1724900
2019-06-12,69.2384,69.3697,68.5645,68.8533,1328200
2019-06-13,69.3785,69.4923,68.8183,69.396,1487100
2019-06-14,68.9321,69.2122,68.0394,68.5908,1380700
2019-06-17,68.442,68.6783,67.7943,67.9519,1315700
2019-06-18,68.372,69.8073,68.337,69.5535,1732100
2019-06-19,69.8161,70.2187,69.4922,69.9736,2498600
2019-06-20,71.2427,72.573,71.0501,72.3279,4201200
2019-06-21,72.5205,73.2907,71.9691,72.8356,4828400
2019-06-24,72.573,72.9143,71.6365,72.0041,2754800
2019-06-25,72.0917,72.3542,71.7153,71.8378,3184200
2019-06-26,72.0741,72.5468,71.9079,72.3192,1859200
2019-06-27,72.4942,72.9844,71.7153,72.398,2214700
2019-06-28,72.5293,73.0631,72.398,72.8881,3083500
2019-07-01,73.9996,74.1309,72.5555,72.8006,2299900
2019-07-02,72.538,72.538,70.8838,71.5402,2848200
2019-07-03,71.549,72.0916,71.1814,72.0479,1082000
2019-07-05,71.4702,71.6278,70.4375,71.6015,1322700
2019-07-08,71.0852,71.9604,70.7701,71.1202,1339000
2019-07-09,70.5425,70.7438,69.9386,70.2362,3711800
2019-07-10,70.5338,70.9451,69.1247,69.1772,2177500
2019-07-11,69.396,69.4397,68.477,69.2734,2869200
2019-07-12,69.6848,71.374,69.4047,71.0764,2058500
2019-07-15,71.0851,71.2514,70.2974,70.6213,1988400
2019-07-16,70.5513,71.2514,70.1924,71.0239,2163100
2019-07-17,70.9364,71.0151,69.4222,69.4485,1705900
2019-07-18,69.3785,69.5185,68.8796,69.1947,2721600
2019-07-19,69.6935,70.4375,69.4747,69.8949,2380400
2019-07-22,70.0524,70.4375,69.5448,69.6323,1699500
2019-07-23,70.1312,71.654,69.7111,71.6015,2702600
2019-07-24,71.0939,72.5205,70.8138,72.4067,2009900
2019-07-25,72.2579,72.433,71.3915,71.7503,2180300
2019-07-26,71.4352,71.8553,71.0064,71.3915,1783700
2019-07-29,71.2864,71.4615,70.6038,70.9538,2472500
2019-07-30,70.5337,73.4657,69.7898,72.7481,3136800
2019-07-31,72.7131,72.9756,71.1814,71.9341,4566400
2019-08-01,71.7134,73.1348,70.345,70.601,3125000
2019-08-02,70.2479,70.654,69.727,70.0095,2683500
2019-08-05,68.7824,68.8883,67.5022,67.8289,3098500
2019-08-06,69.109,69.8153,68.0673,69.6475,2404300
2019-08-07,68.6146,69.2679,67.3875,68.9413,3220400
2019-08-08,69.4886,70.6451,69.4886,70.4156,1879000
2019-08-09,70.0095,70.3715,69.0913,69.7711,2388300
2019-08-12,69.3474,69.6034,68.6587,68.8177,2286200
2019-08-13,68.8794,70.9541,68.5263,70.1066,2343500
2019-08-14,68.5087,68.8088,66.1691,66.381,5155700
2019-08-15,66.4605,67.1579,66.0897,67.0167,2479600
2019-08-16,67.4228,68.5793,67.361,68.2615,1655200
2019-08-19,69.6652,70.0625,69.2502,69.8682,2158600
2019-08-20,69.7447,69.7447,68.8442,69.0031,1610000
2019-08-21,69.9742,70.0095,69.0914,69.4357,1483000
2019-08-22,69.727,69.8153,68.6234,69.1885,1631500
2019-08-23,68.7647,69.0119,67.1756,67.617,4322800
2019-08-26,68.1202,68.3321,67.1403,67.8289,1670000
2019-08-27,68.3586,68.3586,67.5287,67.8554,1854000
2019-08-28,67.5375,68.853,67.2021,68.747,1347000
2019-08-29,69.7005,70.4332,69.5681,70.3096,1646900
2019-08-30,71.016,71.7664,70.8835,71.2631,2715700
2019-09-03,70.2037,70.2743,68.5263,69.2944,3527600
2019-09-04,70.0095,70.4156,69.674,69.8947,1660100
2019-09-05,71.0071,72.764,70.8747,72.349,2243600
2019-09-06,72.3755,73.7086,72.1372,73.4967,1983900
2019-09-09,74.0,74.9799,73.7086,74.9093,2055200
2019-09-10,75.0417,76.6838,75.0417,76.6661,3290300
2019-09-11,76.7103,77.752,75.7656,77.7167,1999300
2019-09-12,77.699,77.7785,76.5425,77.0722,2330300
2019-09-13,77.6108,78.6349,76.931,77.2223,3175600
2019-09-16,76.7809,76.7986,75.801,76.3307,1563400
2019-09-17,75.5184,76.1099,75.0858,76.0128,1500900
2019-09-18,75.4213,75.801,74.203,75.0241,2518800
2019-09-19,75.3419,75.6774,74.4943,74.6091,1835700
2019-09-20,74.8652,75.3154,73.7086,73.7793,3040700
2019-09-23,73.2495,74.5385,73.02,74.0794,2207600
2019-09-24,74.2825,74.4149,72.2166,72.6757,2784500
2019-09-25,72.4285,73.4349,72.2166,72.9847,2382600
2019-09-26,72.9494,73.1259,72.3932,72.8258,1900800
2019-09-27,73.1789,73.532,72.1989,73.2848,1503800
2019-09-30,73.585,73.7704,73.073,73.4084,1749300
2019-10-01,74.0882,74.203,70.9895,71.3338,1806500
2019-10-02,70.345,70.345,67.8554,68.6499,2757700
2019-10-03,68.4822,69.4356,67.4757,69.2767,1550000
2019-10-04,69.3385,70.1154,69.2414,70.0272,1500600
2019-10-07,69.8594,70.2302,68.9413,69.1267,1929500
2019-10-08,68.3144,68.3232,67.2727,67.3168,1756800
2019-10-09,67.7053,68.5705,67.1932,68.3233,2219000
2019-10-10,68.5528,69.9212,68.4204,69.3915,1888500
2019-10-11,70.8217,73.1083,70.7158,71.8282,2704700
2019-10-14,71.4309,71.7487,70.9806,71.3867,1591700
2019-10-15,71.4044,72.8258,70.7158,72.4991,1915700
2019-10-16,71.3426,73.1612,71.3426,71.5721,2590600
2019-10-17,72.2166,72.8522,71.5456,71.8723,4678300
2019-10-18,71.9253,73.1966,71.8547,72.8876,1981800
2019-10-21,73.276,74.1942,73.2495,73.7175,1869500
2019-10-22,73.9028,75.183,73.4349,74.7945,1617000
2019-10-23,74.821,74.9711,74.1765,74.7415,1542800
2019-10-24,75.0329,75.1918,74.0441,74.3796,1546900
2019-10-25,74.9093,75.8451,74.3972,75.5891,2083400
2019-10-28,76.3483,77.3636,76.3483,77.0016,3246400
2019-10-29,76.3571,78.9704,75.5979,78.5378,3551800
2019-10-30,78.5554,78.5554,77.0016,77.9109,2327000
2019-10-31,77.7953,77.911,76.4781,77.5283,1953400
2019-11-01,77.9733,78.89,77.3325,78.8633,2250100
2019-11-04,79.6554,81.1684,79.3795,81.1328,2523100
2019-11-05,80.8747,81.5689,80.0024,80.67,2242100
2019-11-06,80.7679,81.1862,80.1093,81.1684,2097400
2019-11-07,81.7825,82.0139,80.7056,80.9014,1885900
2019-11-08,80.6966,82.2097,80.5097,82.0762,1981000
2019-11-11,80.9726,81.8804,80.9726,81.7736,1110000
2019-11-12,81.5244,82.7348,81.471,82.1919,3600200
2019-11-13,81.4176,81.7469,80.6077,80.7946,2115900
2019-11-14,80.6432,81.1505,80.5364,80.8924,1166800
2019-11-15,81.6134,82.0228,81.3108,81.6935,1914000
2019-11-18,80.9103,81.5867,80.2784,80.7501,2306800
2019-11-19,80.7501,80.8658,79.9847,80.2873,2873800
2019-11-20,80.0114,80.3051,79.3439,79.9402,1855700
2019-11-21,80.0826,80.2695,79.5308,80.2428,1609900
2019-11-22,80.7056,81.0527,80.3229,80.759,1652300
2019-11-25,81.3197,82.3521,80.7322,82.0139,3961100
2019-11-26,81.8448,82.5657,81.6134,82.5034,2510300
2019-11-27,82.4767,82.8772,81.738,82.7704,1477500
2019-11-29,82.7437,82.7437,82.1385,82.3254,1032400
2019-12-02,82.7526,83.1086,81.827,81.8626,2387800
2019-12-03,80.9548,81.6935,80.4119,81.3464,2899100
2019-12-04,80.8658,82.45,80.8658,81.0972,2832600
2019-12-05,81.8092,81.8626,80.9281,81.7558,2982800
2019-12-06,83.073,83.4468,82.3877,82.8416,1562300
2019-12-09,82.6903,82.8149,82.3343,82.5568,3366900
2019-12-10,82.5568,83.0997,82.0406,82.4856,1574100
2019-12-11,82.8505,83.2154,82.0228,83.1175,2135000
2019-12-12,83.2154,84.23,82.8327,84.0609,2735100
2019-12-13,83.8295,84.5148,82.9573,83.3044,1844900
2019-12-16,83.7049,84.3991,83.5714,83.7316,1891500
2019-12-17,84.2567,84.5148,83.7939,83.8651,1693600
2019-12-18,83.8473,84.0876,83.162,84.0431,2008400
2019-12-19,84.1232,84.3279,83.5447,83.874,3015800
2019-12-20,84.5415,84.9598,83.7316,84.0164,5245700
2019-12-23,84.3012,84.7996,83.8028,84.6661,2332400
2019-12-24,84.8708,84.8708,83.9274,84.0876,664200
2019-12-26,84.2478,84.5949,83.8918,84.586,1264600
2019-12-27,84.853,84.8975,84.3991,84.5415,1004300
2019-12-30,84.5059,84.9776,84.1588,84.4881,1451900
2019-12-31,84.3546,84.8085,84.0253,84.3012,1461800
2020-01-02,84.764,85.3336,83.874,85.3247,2380800
2020-01-03,83.8651,84.764,83.4023,84.6928,1557900
2020-01-06,84.141,84.9331,83.9007,84.853,3665200
2020-01-07,83.8028,84.5504,83.6693,84.408,2631000
2020-01-08,84.408,85.0488,84.2389,84.6661,2480500
2020-01-09,85.0933,85.12,84.3902,84.7195,2736900
2020-01-10,85.0132,85.0933,84.2834,84.5326,2213000
2020-01-13,84.2211,84.5771,83.8829,84.4258,1638300
2020-01-14,84.5949,84.7195,83.6515,83.7494,2349900
2020-01-15,83.2599,83.9185,83.073,83.5714,2653200
2020-01-16,84.2923,84.408,83.6426,84.3902,1677000
2020-01-17,84.3635,85.3959,84.2122,85.1556,2978600
2020-01-21,84.8619,84.9865,83.9452,84.1232,3505200
2020-01-22,87.5052,88.8402,85.9655,86.4728,5604100
2020-01-23,85.7341,87.1937,84.9153,87.1314,3081300
2020-01-24,87.4518,87.4963,85.8231,86.188,2626000
2020-01-27,84.4258,84.6839,83.6248,84.23,2194200
2020-01-28,84.408,86.3482,84.2656,85.6807,3394200
2020-01-29,86.2147,86.7576,85.5472,86.2147,2108100
2020-01-30,85.1022,86.6953,84.9865,86.5351,2680500
2020-01-31,85.7786,86.2058,83.6871,84.0787,4701800
2020-02-03,84.6038,86.1613,84.5059,84.9865,2745100
2020-02-04,87.1937,90.371,87.0958,89.8103,4735400
2020-02-05,91.0652,91.8573,90.4956,91.083,3339400
2020-02-06,92.1154,92.1154,90.6558,91.2076,2507900
2020-02-07,90.6914,91.617,90.0061,90.7448,3064000
2020-02-10,90.638,91.6081,90.3354,91.5903,2039600
2020-02-11,92.0442,92.9075,91.6793,92.1421,2481300
2020-02-12,93.0054,93.4237,92.3824,92.5871,2006200
2020-02-13,92.0353,92.5426,91.5102,91.5725,2059500
2020-02-14,91.6348,92.2044,91.2343,92.1599,1991900
2020-02-18,92.5871,93.13,92.1332,92.9787,2298400
2020-02-19,93.0054,93.4326,92.7028,92.8363,1873100
2020-02-20,92.7918,94.1446,92.6494,93.5394,1755700
2020-02-21,92.7651,93.575,92.3913,93.3881,2465700
2020-02-24,90.4867,91.3589,89.9972,90.4689,4177700
2020-02-25,90.7359,91.1898,87.3094,87.4073,4140900
2020-02-26,88.0125,88.769,85.9566,85.9566,4108600
2020-02-27,83.963,86.0011,82.4411,82.984,5546400
2020-02-28,80.8302,81.9694,79.2816,80.7412,6789600
2020-03-02,81.4354,85.2179,80.9993,85.1556,5188800
2020-03-03,85.6807,88.3418,82.3165,82.6369,5114600
2020-03-04,84.2923,87.3984,84.0431,87.3272,4269000
2020-03-05,84.4792,85.7964,83.0552,83.3578,3980400
2020-03-06,80.3762,83.5981,80.1716,82.5657,4760000
2020-03-09,75.7304,76.9586,69.4203,73.986,5205800
2020-03-10,76.745,79.6731,75.321,79.2637,4974000
2020-03-11,76.9053,77.8754,73.9683,75.0897,4422800
2020-03-12,70.2507,72.2617,67.3419,68.1589,5814900
2020-03-13,72.5579,78.1421,70.1968,76.8134,5711900
2020-03-16,68.0601,72.9709,67.2162,67.6202,4825300
2020-03-17,69.0387,70.0083,63.0954,66.2017,5774000
2020-03-18,61.1652,62.3413,52.7172,61.7846,5784500
2020-03-19,60.6175,65.2501,55.7516,65.0436,4599000
2020-03-20,66.3094,66.3094,57.8794,58.2923,4540900
2020-03-23,57.3048,57.7357,50.6523,51.8643,6096900
2020-03-24,55.3387,65.0077,54.9167,63.9303,5155900
2020-03-25,64.7204,71.2023,62.3144,66.9738,5259100
2020-03-26,68.491,70.8881,66.2735,70.2507,3073400
2020-03-27,65.5643,68.6885,64.5677,66.9199,2621400
2020-03-30,66.8122,70.6636,66.4351,70.3135,2873400
2020-03-31,69.7299,70.9599,68.114,69.7479,5641200
2020-04-01,65.1513,66.471,63.8585,65.663,3769700
2020-04-02,65.0346,67.4137,64.2625,66.067,3162500
2020-04-03,66.5429,66.5429,63.1493,63.9663,2606700
2020-04-06,67.5214,69.9274,67.4496,69.4875,3109300
2020-04-07,72.8722,73.8417,68.1768,68.3743,3372100
2020-04-08,69.3439,72.4502,68.3474,71.9474,3272800
2020-04-09,72.4412,76.167,72.2706,73.1146,4472100
2020-04-13,71.2831,71.7589,68.895,70.3763,2238200
2020-04-14,72.2796,72.935,70.6367,71.6781,1943400
2020-04-15,69.8107,70.0352,67.683,67.9972,2040500
2020-04-16,67.8716,68.4461,66.7494,68.0691,2961000
2020-04-17,70.5469,72.6118,70.1339,71.1574,2450900
2020-04-20,69.6043,71.328,68.8681,69.9275,2181200
2020-04-21,68.8681,69.9005,68.0511,69.0476,2400300
2020-04-22,70.8522,71.5345,69.5773,69.712,2639300
2020-04-23,70.7265,72.0821,70.0531,70.1609,2289100
2020-04-24,70.906,71.2651,69.7569,70.7983,2083600
2020-04-27,71.1843,74.7215,71.1843,74.1021,1992300
2020-04-28,75.8886,76.7146,74.1829,74.6048,2249200
2020-04-29,76.3016,77.8996,75.6822,77.0109,2563300
2020-04-30,76.5889,76.7505,74.2188,74.964,3597600
2020-05-01,73.6173,74.4163,71.705,73.6801,2505800
2020-05-04,72.2437,72.8452,70.116,71.2113,2839900
2020-05-05,72.7644,73.9405,72.2706,72.54,2260100
2020-05-06,72.5131,73.3031,71.7499,71.7499,1825500
2020-05-07,72.953,73.2313,71.7051,72.0552,2219300
2020-05-08,73.1684,73.9764,72.8003,73.8418,1555100
2020-05-11,73.1145,73.4288,71.9923,72.7913,1786800
2020-05-12,73.1415,73.6981,69.3708,69.5414,1996200
2020-05-13,68.6814,68.8342,65.6531,66.381,2336600
2020-05-14,64.6197,67.3874,63.3886,67.3155,2734000
2020-05-15,66.6955,67.5941,65.707,66.2372,2661200
2020-05-18,69.1936,70.9909,68.8701,70.3349,1916500
2020-05-19,69.8856,70.5056,68.5287,68.6006,2356200
2020-05-20,69.8047,70.6494,68.7983,70.0294,1905100
2020-05-21,69.7687,70.6943,69.616,70.3528,2130100
2020-05-22,70.4607,70.7752,69.2476,70.6944,1784400
2020-05-26,72.0962,74.0911,72.0423,73.6149,2683100
2020-05-27,75.7356,77.7036,75.4031,77.5328,3190800
2020-05-28,78.1439,78.2697,76.0591,76.4994,3491100
2020-05-29,75.7625,76.5264,74.6393,76.2927,3361600
2020-06-01,76.086,76.7061,75.6457,76.0771,1584000
2020-06-02,76.5084,76.9397,75.6996,76.9397,1741300
2020-06-03,78.09,80.4713,77.8653,80.2736,1819500
2020-06-04,79.5008,82.7089,79.0245,82.6639,3069600
2020-06-05,86.7976,88.478,85.5126,85.7552,3398100
2020-06-08,85.1531,86.546,85.0633,85.9709,2574200
2020-06-09,84.3533,86.7077,83.7962,85.7462,2260600
2020-06-10,85.3688,85.7462,82.655,82.655,2023600
2020-06-11,79.2222,79.4559,76.3556,76.4994,2069800
2020-06-12,79.4828,79.6716,75.4391,77.2902,1788100
2020-06-15,74.8819,78.9526,74.5674,77.9012,2651500
2020-06-16,80.8847,81.7474,78.4045,79.9232,2000300
2020-06-17,80.5432,80.5432,78.7729,79.8333,2027500
2020-06-18,79.1683,79.8243,78.3236,78.6561,1932000
2020-06-19,80.4084,80.4084,78.0001,80.2826,6552500
2020-06-22,79.7524,79.7524,77.6676,78.2517,2600300
2020-06-23,79.0784,79.2672,78.2607,78.2877,1841400
2020-06-24,77.5598,77.6856,75.3761,75.493,2500900
2020-06-25,75.0976,76.9577,74.0821,76.8049,2502000
2020-06-26,76.5983,77.2453,76.0861,76.8319,3696000
2020-06-29,77.5867,78.8448,77.0566,78.099,1690800
2020-06-30,77.7036,79.0156,77.3891,78.6112,1910100
2020-07-01,78.9976,79.348,77.7665,78.2697,2183200
2020-07-02,79.7255,80.8577,79.1593,79.2941,1587700
2020-07-06,80.7139,81.0105,79.2582,79.8692,1516400
2020-07-07,79.411,79.5997,78.2877,78.5393,1499500
2020-07-08,78.737,79.4199,77.7664,78.4853,1561800
2020-07-09,78.2697,78.6471,76.4275,76.9577,2132400
2020-07-10,77.1554,77.7305,76.2658,77.6766,1380100
2020-07-13,78.1888,80.1298,77.8473,78.5662,1557000
2020-07-14,78.6471,81.7563,77.9552,81.4778,2221700
2020-07-15,82.9425,84.3264,82.0079,83.931,2711500
2020-07-16,83.5176,85.1351,83.1672,84.0748,1397100
2020-07-17,84.596,85.5934,84.1377,84.9824,1791700
2020-07-20,84.5151,84.614,83.0593,83.3739,1419200
2020-07-21,83.931,85.0093,83.5715,84.0748,1303400
2020-07-22,83.7153,84.8476,83.6794,84.4432,903700
2020-07-23,84.4971,84.7757,83.913,84.3174,1200200
2020-07-24,84.4432,84.9195,83.6165,84.1197,1004100
2020-07-27,83.913,85.7282,83.2031,85.5754,1265100
2020-07-28,85.1531,85.5305,83.8411,83.8771,1374000
2020-07-29,85.863,87.6423,84.3264,87.0672,1964100
2020-07-30,85.6384,85.6384,83.922,84.8835,1396200
2020-07-31,84.596,84.6229,82.4213,83.6884,1664100
2020-08-03,84.3084,85.8091,83.8052,85.252,1278500
2020-08-04,84.6409,85.1891,83.8052,85.0543,945600
2020-08-05,85.7552,86.9863,85.6384,86.5729,1355100
2020-08-06,86.4201,86.9593,85.854,86.7257,960700
2020-08-07,86.9054,87.9298,86.2315,87.849,1139900
2020-08-10,87.9928,89.8259,87.6872,89.6462,1574300
2020-08-11,90.1135,93.2137,90.1135,91.8208,2442800
2020-08-12,92.9441,92.9621,91.7579,92.1533,2671200
2020-08-13,91.5108,92.2439,91.0582,91.8004,1803200
2020-08-14,90.9406,92.1715,90.8229,91.3117,1192200
2020-08-17,91.6556,92.4973,90.7867,91.3207,1513100
2020-08-18,91.1306,91.7461,90.5514,91.1487,1205300
2020-08-19,90.8139,91.8728,90.0808,90.9406,1365700
2020-08-20,89.9088,90.6781,89.6554,90.0265,1209700
2020-08-21,90.126,91.5832,89.8907,91.0401,1658100
2020-08-24,91.7642,93.1218,91.194,93.1127,1595800
2020-08-25,93.7644,93.9635,92.1534,93.0584,1250100
2020-08-26,92.7145,93.0584,91.7008,92.6783,1127400
2020-08-27,93.1127,93.4566,91.8366,92.3977,948000
2020-08-28,92.7597,93.7372,91.8728,93.6829,1049600
2020-08-31,93.2847,93.6739,92.0991,92.4068,1690100
2020-09-01,92.09,93.6919,91.7008,93.6105,1256900
2020-09-02,93.6738,95.9998,93.3028,95.5473,1393800
2020-09-03,95.484,95.7917,91.8637,92.452,3002800
2020-09-04,94.0087,94.6242,92.1443,92.8412,1545500
2020-09-08,91.9452,92.4792,90.3885,90.9406,1450900
2020-09-09,92.0991,93.8549,91.5922,92.8231,1346300
2020-09-10,93.2213,94.1083,91.0854,91.4112,1299300
2020-09-11,92.0085,93.5924,91.4836,92.7869,1049900
2020-09-14,93.5019,94.054,92.8864,93.3842,1686200
2020-09-15,94.0268,94.6332,93.0313,93.1127,1490000
2020-09-16,93.8368,95.3844,93.2213,94.4794,1896900
2020-09-17,93.5019,95.4568,92.3977,95.0405,1384800
2020-09-18,94.8233,95.8369,93.2937,93.5833,2613100
2020-09-21,91.4745,91.8818,87.1031,88.1349,2353600
2020-09-22,88.3068,90.1079,87.8091,89.8816,1730400
2020-09-23,89.773,91.4565,89.3115,89.402,1981000
2020-09-24,89.1305,91.203,88.7413,90.1894,1859500
2020-09-25,89.1576,91.1849,89.0581,90.4699,1605300
2020-09-28,91.8909,93.692,91.5922,92.624,1599700
2020-09-29,92.7597,92.7597,91.2936,91.5741,1064300
2020-09-30,92.0538,93.8096,91.366,92.3434,1664800
2020-10-01,92.9589,93.4114,90.1984,91.0401,1355800
2020-10-02,89.7187,94.3164,89.592,92.9045,1923900
2020-10-05,94.0178,95.4568,93.7644,95.1129,1467400
2020-10-06,95.312,96.6515,94.4251,94.5246,1330600
2020-10-07,95.7465,96.9593,95.4478,96.7963,1481600
2020-10-08,97.104,97.6742,96.1447,97.276,1009200
2020-10-09,98.163,98.8327,97.1131,97.3213,1512400
2020-10-12,98.2987,99.2219,97.7466,97.9367,1196300
2020-10-13,97.4661,98.2263,96.7239,97.3846,1547900
2020-10-14,97.6471,99.068,97.4389,97.9186,826500
2020-10-15,96.8144,98.3802,96.5157,98.3168,955600
2020-10-16,98.9775,100.6338,98.4797,98.887,1520200
2020-10-19,99.068,99.4301,97.1402,97.6471,1207700
2020-10-20,98.2897,100.1451,97.8553,98.4164,1069800
2020-10-21,98.0272,99.6111,97.9639,98.0001,985600
2020-10-22,98.4164,99.964,98.4164,99.4481,1199700
2020-10-23,100.2808,101.0501,99.2852,99.3848,1088600
2020-10-26,97.9729,98.3892,95.7283,97.2217,1330100
2020-10-27,97.2308,97.4842,95.1944,95.4116,943200
2020-10-28,93.348,94.95,92.1715,92.5968,1446600
2020-10-29,92.1262,95.1672,91.8818,94.3255,1148400
2020-10-30,93.9997,94.7418,92.5697,93.9363,1494400
2020-11-02,95.7193,97.4842,95.2577,97.1493,2226900
2020-11-03,98.887,101.3578,96.7691,100.6881,2345000
2020-11-04,99.7378,99.7378,94.4341,95.846,2874900
2020-11-05,98.2246,100.6943,97.8509,100.0746,1975800
2020-11-06,100.102,101.3232,99.5643,100.2113,1212500
2020-11-09,105.8252,108.8873,103.3646,103.4375,2959800
2020-11-10,103.5833,105.5518,103.1914,104.6769,1992500
2020-11-11,106.6181,106.6272,103.1641,103.9569,2120700
2020-11-12,103.5378,104.039,102.4077,103.2735,1159200
2020-11-13,103.8932,105.0232,103.4284,104.3033,1679500
2020-11-16,106.4449,107.4565,104.5038,107.0829,1913600
2020-11-17,105.889,106.5452,104.3033,105.7797,1307500
2020-11-18,105.8434,107.5841,105.406,106.3994,1282100
2020-11-19,107.1558,108.3861,104.7225,107.6479,2244500
2020-11-20,107.7481,108.2038,106.6363,106.9917,2182300
2020-11-23,107.812,109.6711,107.5932,109.5982,2330100
2020-11-24,110.8012,112.7059,109.9901,112.3231,2709100
2020-11-25,111.7672,111.7672,110.0083,111.3571,1774200
2020-11-27,111.8219,111.9586,110.5095,111.0928,1039900
2020-11-30,111.0016,111.3206,109.3703,110.3728,3567100
2020-12-01,111.7125,112.4871,109.9171,109.9992,2483200
2020-12-02,109.0058,110.2635,107.5294,108.377,2101200
2020-12-03,108.2585,108.8509,106.0804,106.3811,3257200
2020-12-04,106.5725,109.0514,106.5725,108.2858,1490800
2020-12-07,107.9486,108.0762,106.5999,106.9917,1310400
2020-12-08,106.4723,108.0307,105.9619,107.4109,1618000
2020-12-09,107.9213,108.4408,106.4449,107.4383,1511200
2020-12-10,106.7457,106.7457,104.5949,104.9412,1401500
2020-12-11,104.1757,105.6885,103.9843,105.3513,1279200
2020-12-14,105.6885,106.1442,103.7383,103.7474,1771700
2020-12-15,104.8592,106.7457,103.7018,106.208,1983500
2020-12-16,106.2627,106.3447,104.8683,105.1417,1610600
2020-12-17,105.5427,105.8434,104.0116,105.0688,1794700
2020-12-18,104.8318,106.1533,104.1666,105.7887,4499000
2020-12-21,104.9685,107.1284,103.8476,106.609,2548500
2020-12-22,106.7912,107.2013,105.4698,106.2718,1552700
2020-12-23,107.092,108.14,106.609,106.6454,1109400
2020-12-24,106.8095,107.6114,105.725,107.6023,362200
2020-12-28,108.5137,109.3248,107.2287,107.2833,1075500
2020-12-29,107.7572,108.0215,105.7523,106.773,874300
2020-12-30,107.4201,108.9967,107.1284,108.7233,1288400
2020-12-31,108.6959,109.7258,108.2038,109.4888,1056900
2021-01-04,109.6346,110.8011,107.4201,108.222,1947800
2021-01-05,107.8302,109.8533,107.7026,109.3703,1217200
2021-01-06,111.4664,116.9801,111.3297,115.2394,3083000
2021-01-07,116.4606,118.4747,115.2212,117.6453,2585300
2021-01-08,117.8185,118.3835,114.0455,115.6313,2695400
2021-01-11,114.1002,116.4424,114.0364,115.7042,1490100
2021-01-12,115.7315,117.2079,114.9751,116.9618,1479700
2021-01-13,116.57,116.9618,114.1914,114.2916,2344100
2021-01-14,115.0389,115.3761,113.1797,113.5716,4047400
2021-01-15,111.9859,112.4598,110.2726,112.2502,2590400
2021-01-19,113.4623,115.7042,113.0157,114.3736,2144500
2021-01-20,114.4192,115.2758,113.3438,114.8111,1698500
2021-01-21,114.7655,115.6222,113.8268,114.0364,1348400
2021-01-22,113.3985,114.1185,112.0315,113.3985,1405700
2021-01-25,112.9701,113.2162,110.5369,111.0199,1598900
2021-01-26,111.6669,111.7398,109.8169,110.0356,1140700
2021-01-27,108.1582,108.3679,103.9023,104.6769,2062200
2021-01-28,105.6429,109.0969,105.2784,107.8028,1537100
2021-01-29,107.3836,110.9561,106.3902,107.2651,2444700
2021-02-01,108.4499,111.3388,107.8393,110.7647,3054600
2021-02-02,110.9561,112.4871,108.14,109.7622,4883000
2021-02-03,110.1723,110.7738,108.4499,108.942,2133200
2021-02-04,109.1243,110.1723,108.459,109.8534,2184100
2021-02-05,111.2204,111.8127,109.4159,111.1292,1983000
2021-02-08,111.8219,112.1226,108.8327,109.5617,2548000
2021-02-09,109.7713,109.9171,108.0853,109.2063,1857600
2021-02-10,110.8102,111.9039,110.1541,110.9652,2988400
2021-02-11,111.4938,112.9884,110.6918,112.5783,2285800
2021-02-12,111.7216,113.1889,111.4755,112.9884,1586800
2021-02-16,114.8293,115.1665,113.8724,113.918,2167800
2021-02-17,112.3686,114.2278,112.3686,113.9453,1302600
2021-02-18,113.2253,114.5832,113.1068,114.0911,1513400
2021-02-19,115.1665,117.2626,114.8566,116.4697,2662100
2021-02-22,115.9411,120.0422,115.4672,119.2493,2533100
2021-02-23,119.1764,119.8417,116.1052,119.2584,2963800
2021-02-24,119.6685,122.0471,119.4133,120.917,3035200
2021-02-25,121.0264,121.7282,118.1922,118.6205,2635700
2021-02-26,118.9121,120.3338,117.1806,118.6478,2539100
2021-03-01,120.3065,123.7969,119.6594,122.3388,2858000
2021-03-02,122.357,122.9585,121.5186,122.0927,1936500
2021-03-03,124.8905,125.9294,123.0496,123.5144,3315800
2021-03-04,122.5393,124.444,119.8052,122.5301,2390900
2021-03-05,124.2526,125.6925,120.4888,125.2095,2382000
2021-03-08,126.3943,128.545,125.4009,127.0778,2174500
2021-03-09,127.497,127.497,124.125,124.1706,2805000
2021-03-10,124.6536,127.9071,124.1432,126.9046,2313700
2021-03-11,127.2053,128.8366,126.6403,126.8681,1844900
2021-03-12,127.8798,128.4995,127.096,128.2899,1759500
2021-03-15,126.3473,127.905,125.1286,127.8683,3192000
2021-03-16,127.8683,127.8683,124.4506,125.376,2427100
2021-03-17,125.8067,126.9337,124.6705,126.4481,2593900
2021-03-18,126.6313,128.0607,125.2386,125.4951,2707400
2021-03-19,125.2019,125.2386,122.0316,122.1049,12545600
2021-03-22,122.2973,124.0108,121.1703,123.571,2805100
2021-03-23,122.7096,124.5056,121.2527,121.8025,1851300
2021-03-24,122.7921,124.7896,122.6455,123.1953,2195600
2021-03-25,122.5355,125.037,120.8221,124.4506,1511700
2021-03-26,125.5043,127.2361,124.8995,127.0803,1988100
2021-03-29,126.4481,127.9142,126.2282,126.9521,2399500
2021-03-30,126.9796,128.4456,126.8696,127.9692,2058500
2021-03-31,128.3356,129.4627,126.6771,126.7046,2338000
2021-04-01,127.3919,128.0791,126.4115,127.8134,2379400
2021-04-05,129.5543,131.2495,128.6747,130.4431,2039000
2021-04-06,130.269,131.2953,129.0778,129.3069,1393100
2021-04-07,128.9313,129.646,127.9783,128.6289,1882500
2021-04-08,128.2623,128.7938,127.1628,128.189,1743300
2021-04-09,128.9221,129.2428,127.401,128.693,2430800
2021-04-12,128.4639,129.7467,128.4639,129.4627,1437800
2021-04-13,128.7388,128.9862,126.7688,128.0974,1535900
2021-04-14,128.1432,129.4169,128.0149,128.5006,1552200
2021-04-15,129.0778,129.3985,128.1982,129.0137,1619900
2021-04-16,130.5347,131.112,128.6564,129.3344,1370000
2021-04-19,129.5635,129.5635,128.2898,128.9954,1259300
2021-04-20,128.299,128.5372,126.0449,126.8696,1503700
2021-04-21,126.9337,129.7376,126.6314,129.6643,1432800
2021-04-22,130.2416,130.6356,129.1054,129.5635,2295000
2021-04-23,130.0124,131.6526,129.4993,131.002,1652400
2021-04-26,131.332,132.4498,131.0937,131.3686,1288400
2021-04-27,131.3685,132.8712,130.5897,132.4864,1874900
2021-04-28,132.0649,133.6776,131.7626,132.4315,1570100
2021-04-29,133.6959,133.7326,131.5793,132.8804,1602700
2021-04-30,131.8634,132.3307,130.718,130.9654,1489800
2021-05-03,132.798,133.2012,131.1029,132.2757,1548600
2021-05-04,131.2037,132.9446,129.4077,132.5598,3727600
2021-05-05,133.1462,134.2366,131.2311,133.302,2731300
2021-05-06,133.5493,134.2365,132.4864,134.1815,1901000
2021-05-07,133.4577,135.9225,132.3673,135.1712,1593300
2021-05-10,135.6477,136.8755,135.0521,135.0796,1452600
2021-05-11,134.2549,134.6214,132.294,133.5585,1636300
2021-05-12,132.8805,133.8609,131.3044,131.6618,3123300
2021-05-13,131.367,135.2175,131.367,134.3055,2040100
2021-05-14,135.1438,136.9124,134.7753,136.4794,1512700
2021-05-17,136.0281,136.9308,135.2267,135.807,1466800
2021-05-18,135.6872,135.7978,132.8961,132.9514,1267400
2021-05-19,130.9709,131.8737,129.4418,131.5052,1950500
2021-05-20,132.0856,132.4724,130.6946,132.3066,2279000
2021-05-21,133.2277,134.0844,131.5144,132.1223,1790900
2021-05-24,133.2185,133.2185,131.3946,132.3158,1341000
2021-05-25,132.3158,133.2646,131.0722,131.5513,1685300
2021-05-26,131.9105,132.3619,130.9156,131.7078,1170400
2021-05-27,133.0527,133.9462,132.7119,133.1909,3082300
2021-05-28,133.8173,134.0568,132.9054,133.7989,1539500
2021-06-01,135.3925,135.6412,134.1213,134.7569,1321000
2021-06-02,134.674,135.3096,133.9462,134.4621,1545900
2021-06-03,134.2502,135.4662,133.1633,134.8766,1277300
2021-06-04,135.328,137.1151,135.328,136.8019,1617000
2021-06-07,137.1151,137.2993,134.3608,135.2728,1820500
2021-06-08,135.2359,136.2952,133.8726,135.5214,1327500
2021-06-09,135.3004,135.6965,134.3332,134.8675,978300
2021-06-10,135.5307,136.0834,134.4621,135.2451,1648100
2021-06-11,135.4201,136.4426,134.1397,135.0701,997900
2021-06-14,134.9043,135.1254,133.4581,134.4898,1318400
2021-06-15,134.7569,136.2123,133.9094,136.1939,1475900
2021-06-16,136.0926,136.9493,134.2134,134.8306,1590400
2021-06-17,134.6924,134.8766,129.801,131.3762,2517800
2021-06-18,129.4878,130.28,128.1521,128.2811,3066900
2021-06-21,129.3957,132.279,129.3405,131.7631,1488900
2021-06-22,131.671,132.5737,130.6024,131.5697,1487800
2021-06-23,131.9013,134.1121,131.6986,133.0251,1962400
2021-06-24,133.8265,134.5634,132.9145,134.1673,1291600
2021-06-25,134.6371,135.8715,134.5634,135.1253,1469600
2021-06-28,135.3649,135.3649,133.3659,134.9503,1170600
2021-06-29,135.7334,136.3137,134.8859,134.9412,1433500
2021-06-30,134.5819,136.7835,134.2963,136.4979,1597400
2021-07-01,138.0639,138.8284,137.5756,138.331,2246300
2021-07-02,138.1836,139.5101,137.6125,139.464,1187300
2021-07-06,139.3258,139.3258,135.7517,137.898,1633100
2021-07-07,137.7046,140.2655,137.6862,140.1825,1409400
2021-07-08,138.1744,139.8325,137.7323,138.6995,1856100
2021-07-09,140.3207,142.1354,140.2378,141.4538,1479500
2021-07-12,140.901,143.0105,140.3207,142.8447,1764600
2021-07-13,142.4118,143.0658,141.6472,141.8959,1644200
2021-07-14,142.5315,143.3974,136.6176,141.3064,3902500
2021-07-15,140.2194,142.3565,140.1825,141.7393,1278200
2021-07-16,142.6053,143.0106,140.5787,140.6985,1636300
2021-07-19,138.6626,138.6626,135.4017,137.4283,1872800
2021-07-20,138.4784,142.2459,137.3545,141.9419,1744900
2021-07-21,142.7434,144.2909,142.5499,143.3606,1555600
2021-07-22,143.7659,143.9132,142.6881,143.7474,1313100
2021-07-23,144.4936,144.9358,143.5632,144.3738,1105800
2021-07-26,144.1435,145.2121,143.0934,143.729,1708400
2021-07-27,142.8907,144.8344,142.1354,143.8303,1326600
2021-07-28,144.033,144.558,142.5591,143.2039,1890700
2021-07-29,144.2909,145.6451,143.6369,145.2766,1224800
2021-07-30,145.0186,146.1793,144.6594,145.5898,1502000
2021-08-02,146.0872,147.3492,144.1528,144.1528,1372200
2021-08-03,147.0176,150.4167,146.3636,149.9745,2420900
2021-08-04,150.214,151.3194,148.9428,149.0717,1571900
2021-08-05,150.1587,150.7574,148.3901,149.1546,1280700
2021-08-06,150.1495,150.822,149.2652,150.0482,1060000
2021-08-09,149.4218,150.8772,148.8875,150.4166,1181200
2021-08-10,151.1167,154.3223,150.9785,154.1565,2058300
2021-08-11,154.7922,155.566,153.2723,153.7513,1476100
2021-08-12,153.4644,154.8617,152.7241,154.6951,1711900
2021-08-13,154.399,155.3984,153.8253,155.1115,1717300
2021-08-16,154.8247,156.296,153.9271,155.9352,1181700
2021-08-17,155.1116,155.3707,152.6501,154.4453,1181200
2021-08-18,154.0659,155.7408,153.9178,154.0196,1323200
2021-08-19,152.7241,155.6298,151.373,154.4823,1384500
2021-08-20,155.3892,155.3892,153.8253,154.9635,1025200
2021-08-23,155.7316,156.9808,155.2134,156.2405,1398300
2021-08-24,155.8333,157.5545,155.1578,156.7495,1524400
2021-08-25,157.1011,158.5355,156.7772,157.5083,994700
2021-08-26,157.5639,157.8415,156.5644,156.7218,1201000
2021-08-27,157.4342,157.9339,156.0554,157.3417,1138000
2021-08-30,157.9432,158.4522,157.0456,157.5083,969400
2021-08-31,157.2492,157.4991,155.4817,155.7964,1863700
2021-09-01,155.6668,155.8426,153.3904,154.3065,1548800
2021-09-02,154.8525,155.6205,154.2417,155.5835,1529500
2021-09-03,155.639,155.639,153.9178,153.9641,1255400
2021-09-07,153.3811,153.4274,151.3545,151.4841,1748800
2021-09-08,150.4847,152.0393,149.3557,151.1694,1601900
2021-09-09,151.151,152.0671,149.1799,149.476,1215800
2021-09-10,150.9659,151.0954,148.3471,148.4211,1654900
2021-09-13,149.0596,149.9109,144.5345,146.4593,2685200
2021-09-14,143.9145,146.6444,143.9145,144.6363,2784900
2021-09-15,144.3679,149.1151,144.1366,148.5692,2964900
2021-09-16,148.7172,148.7172,146.4222,147.4031,1479100
2021-09-17,146.191,146.3575,144.516,145.7746,3115100
2021-09-20,142.9244,144.9602,142.4061,144.8214,1700800
2021-09-21,145.3673,145.7653,142.4061,143.0539,1231900
2021-09-22,144.0163,145.8301,144.0163,144.7566,1343900
2021-09-23,145.8208,146.6351,145.6172,146.2094,2237600
2021-09-24,145.756,146.3945,144.2476,144.3679,1045800
2021-09-27,144.3309,145.5709,143.5073,143.5721,1642500
2021-09-28,143.4334,143.7943,141.1384,142.4987,1806500
2021-09-29,142.8133,143.1002,141.7399,142.0175,1590300
2021-09-30,142.3599,142.6837,138.1124,138.1679,2122000
2021-10-01,138.5473,140.3148,137.1315,139.4079,1605900
2021-10-04,138.7602,140.0927,136.3542,137.2888,1748600
2021-10-05,137.8996,140.7683,137.1408,139.9724,1762300
2021-10-06,138.5658,140.4906,137.0575,140.3796,1067700
2021-10-07,141.9435,143.1094,141.7769,142.4339,1783400
2021-10-08,141.8972,142.7116,141.3698,142.1008,1154300
2021-10-11,141.9805,143.2112,141.0551,141.1754,1179900
2021-10-12,141.8694,142.767,140.0557,140.3055,1270800
2021-10-13,140.9903,142.9244,140.2315,141.9435,1404200
2021-10-14,143.1002,148.0139,142.2766,147.6623,2075400
2021-10-15,148.856,150.3274,147.6253,149.402,1678800
2021-10-18,148.4026,149.7999,147.8843,149.2354,884200
2021-10-19,149.985,150.4384,148.8838,149.4297,883300
2021-10-20,149.6704,151.1417,148.7357,151.0214,1146000
2021-10-21,149.9665,150.4384,148.6802,150.022,1368100
2021-10-22,150.5957,151.7987,150.17,150.2626,771800
2021-10-25,150.096,151.7062,149.291,150.3829,1022900
2021-10-26,151.0029,151.0029,149.2354,149.3002,983600
2021-10-27,149.6611,151.2527,148.1157,148.1712,1029700
2021-10-28,148.1712,152.7518,148.1712,152.6501,1632900
2021-10-29,152.0763,153.5754,151.5951,152.465,1678100
2021-11-01,152.8721,153.5569,151.0769,152.0763,1637300
2021-11-02,153.742,159.3868,152.6871,158.8224,2398100
2021-11-03,156.9808,159.174,154.8432,156.842,1953900
2021-11-04,158.1653,160.1456,157.8599,159.1462,1147600
2021-11-05,160.0253,160.5065,157.5731,158.517,1217600
2021-11-08,161.3209,161.765,159.4423,160.7564,1695300
2021-11-09,160.9137,162.1629,160.488,161.6262,1036900
2021-11-10,161.6727,161.6727,159.2283,159.7395,1314400
2021-11-11,159.8882,159.9812,157.5461,157.9272,1156000
2021-11-12,158.429,160.1577,156.9047,159.6744,1188400
2021-11-15,159.851,160.9849,159.4514,160.5481,1019600
2021-11-16,160.5481,163.3178,160.2507,161.5333,1434800
2021-11-17,161.5333,161.998,159.4049,160.8827,1433300
2021-11-18,160.9384,161.3288,159.5443,161.0871,900800
2021-11-19,161.1429,161.5426,159.786,160.1391,1334200
2021-11-22,161.1429,162.5649,160.0369,160.1577,1254800
2021-11-23,159.8789,160.734,159.1911,160.3901,1054300
2021-11-24,159.3584,160.0741,158.1595,158.8844,1235900
2021-11-26,154.8786,156.3099,152.806,155.6872,1121000
2021-11-29,157.4252,157.6762,153.7726,155.5664,2068700
2021-11-30,154.3488,155.1296,149.9899,150.6219,4247200
2021-12-01,153.8005,155.4549,149.9806,150.0735,1947100
2021-12-02,150.6591,155.7058,150.6591,154.8693,1413200
2021-12-03,155.5199,156.2356,152.8711,154.6927,1360800
2021-12-06,155.9474,158.6149,154.7764,157.8435,1733500
2021-12-07,160.0183,162.156,158.2338,158.5498,1884600
2021-12-08,158.8287,159.3492,156.1706,157.9272,1986900
2021-12-09,157.797,158.0015,155.6408,156.691,1844800
2021-12-10,157.6018,158.8287,157.2022,158.429,1432800
2021-12-13,158.5963,159.2562,156.8862,157.7226,1598800
2021-12-14,156.5237,157.3973,151.0773,153.2056,2838000
2021-12-15,154.4232,157.5368,153.7261,157.3137,2263800
2021-12-16,158.6242,159.1632,156.0869,156.8862,1403500
2021-12-17,156.6352,157.5275,153.0941,153.4194,2666700
2021-12-20,151.793,152.9361,149.7854,152.4807,2146700
2021-12-21,153.7448,155.5571,152.7967,155.4363,2014100
2021-12-22,154.9809,155.8452,154.5812,154.9716,1259800
2021-12-23,155.4641,157.2393,155.3526,156.1798,861800
2021-12-27,157.0163,158.6892,155.8917,158.6242,730700
2021-12-28,158.5777,159.6372,158.2896,159.1168,672300
2021-12-29,159.535,159.9718,158.4476,159.5908,1467500
2021-12-30,159.9347,160.3436,159.1354,159.3212,884400
2021-12-31,158.903,161.4217,158.903,160.6224,838600
2022-01-03,161.1522,161.1522,156.0683,156.7561,1307200
2022-01-04,157.6576,160.1206,156.9234,159.3584,2065400
2022-01-05,159.7581,160.7061,156.9141,157.0814,1718600
2022-01-06,156.9791,158.6892,156.5144,157.4531,1433800
2022-01-07,157.5368,158.8194,155.966,156.0032,2079800
2022-01-10,154.7578,155.1203,151.3097,154.6741,1896400
2022-01-11,155.2132,156.1705,153.0291,155.9196,1075600
2022-01-12,157.2301,159.8603,156.7932,159.3584,1983400
2022-01-13,159.4328,160.1298,158.3454,159.0982,1336100
2022-01-14,157.0163,159.5908,155.7709,158.8566,2824600
2022-01-18,156.6166,157.2301,153.0663,154.8693,2106900
2022-01-19,155.018,155.3341,151.6721,151.858,2368300
2022-01-20,152.4157,153.6518,149.4229,149.6925,2067500
2022-01-21,149.962,152.1833,148.3541,149.2092,2242000
2022-01-24,146.4209,149.8876,143.0378,149.3765,2614400
2022-01-25,146.9135,148.1403,142.508,146.3279,2487000
2022-01-26,147.8986,149.8783,145.2312,147.0715,2024100
2022-01-27,149.0883,149.6367,143.3724,144.4505,1679300
2022-01-28,143.642,145.7424,140.9281,145.6309,2339400
2022-01-31,144.6457,147.3503,143.5954,147.2481,2192600
2022-02-01,147.7314,148.6236,145.4729,148.1403,1571400
2022-02-02,148.5028,150.4267,147.7314,150.0177,1565600
2022-02-03,148.1775,150.3337,145.4078,145.761,2492400
2022-02-04,143.6605,144.9431,139.6361,140.3425,4095500
2022-02-07,141.9876,142.2385,139.1064,139.5339,3515900
2022-02-08,139.5897,141.2719,138.1305,140.8072,2586400
2022-02-09,142.8333,145.9655,142.3965,145.7796,2809600
2022-02-10,143.1493,147.0901,142.9913,143.865,2450800
2022-02-11,143.9672,143.9672,138.8554,140.0265,2104900
2022-02-14,140.3239,142.2013,138.7532,141.4299,2206400
2022-02-15,143.4746,145.1104,142.9914,144.5528,2061600
2022-02-16,143.93,146.3744,143.8557,145.9469,2194000
2022-02-17,144.7851,145.0918,141.3091,141.6437,1324800
2022-02-18,141.5879,143.3074,140.9931,142.5359,3466600
2022-02-22,142.4709,143.4654,140.073,141.0489,1684000
2022-02-23,141.6715,142.0991,138.4093,138.7717,1506000
2022-02-24,135.5653,140.1473,134.0782,139.7012,2168800
2022-02-25,139.6919,143.3538,139.506,143.2423,2427400
2022-02-28,141.0953,144.1066,140.5748,143.4003,2454800
2022-03-01,143.1307,143.7627,134.1804,136.1136,4790400
2022-03-02,137.2847,142.0898,136.9594,141.4299,1880700
2022-03-03,142.2756,145.1754,142.2756,144.0322,2861400
2022-03-04,141.2626,142.6195,137.3776,139.2086,2678900
2022-03-07,139.2179,139.2179,134.7753,135.5002,2411600
2022-03-08,136.5597,140.8723,135.2957,135.8813,2235300
2022-03-09,139.6454,140.8072,138.465,138.5952,1794200
2022-03-10,135.5861,139.2961,135.5861,138.4924,1782300
2022-03-11,139.5764,140.4829,137.128,137.2962,1350000
2022-03-14,138.212,140.9408,137.5205,138.7354,1581600
2022-03-15,140.3427,140.866,138.3709,140.4268,1541700
2022-03-16,142.0248,144.333,140.2119,143.2957,1892400
2022-03-17,141.978,144.576,141.1183,144.5573,1389900
2022-03-18,145.0899,145.7534,141.5856,145.389,2792200
2022-03-21,145.8562,146.1085,143.2677,144.4732,1934300
2022-03-22,145.5665,145.7908,144.0994,145.0806,1226800
2022-03-23,143.9592,144.7909,142.3612,142.4453,1331900
2022-03-24,143.3518,143.5854,142.3799,143.1649,1078300
2022-03-25,143.6975,144.6507,142.8284,144.0806,1196500
2022-03-28,143.2209,144.1087,142.1743,144.1087,1239800
2022-03-29,146.2113,147.6598,145.0993,147.2112,1530800
2022-03-30,146.0898,147.015,144.632,145.2768,1294100
2022-03-31,144.903,146.1179,141.6603,141.8192,2286200
2022-04-01,143.3985,143.3985,140.5482,141.8659,2098900
2022-04-04,141.0342,141.1463,138.6045,141.0342,1435100
2022-04-05,140.8566,141.3706,136.3524,137.0065,2046700
2022-04-06,134.9039,135.7637,133.4835,135.3712,2701400
2022-04-07,134.2498,137.0346,133.5302,136.315,1788100
2022-04-08,136.0813,137.6606,134.9973,135.6702,1644400
2022-04-11,135.1843,136.6981,132.7265,132.9508,1800200
2022-04-12,133.5302,135.474,130.8482,131.5958,1766200
2022-04-13,131.3715,133.362,131.3715,132.4836,1530600
2022-04-14,131.7734,133.362,130.2782,130.7454,1833000
2022-04-18,130.5305,132.8013,130.4557,131.4463,1561100
2022-04-19,132.4368,136.5019,131.5771,136.2215,1826700
2022-04-20,137.7168,140.6978,137.7168,139.5951,1834600
2022-04-21,141.7538,143.2303,139.4269,140.1277,2293900
2022-04-22,138.7728,139.2026,136.3337,136.4739,1655100
2022-04-25,136.343,137.4551,133.3713,137.4364,1905500
2022-04-26,135.6702,137.3242,134.1002,134.3619,2313700
2022-04-27,134.3339,137.2682,134.0722,136.1655,1930300
2022-04-28,136.5299,138.3802,134.8292,138.1933,2473700
2022-04-29,138.0719,140.0156,135.2871,135.5207,2467500
2022-05-02,135.4927,137.3897,134.0255,136.9038,2732700
2022-05-03,135.0441,141.0716,135.0441,136.9785,3004900
2022-05-04,137.1841,140.838,134.5488,140.1091,2558100
2022-05-05,138.9783,140.9969,137.4645,138.6606,3871000
2022-05-06,138.1092,138.7354,134.988,137.642,2101800
2022-05-09,135.8197,139.5297,135.5487,138.2681,3028900
2022-05-10,139.2494,140.0904,131.3248,131.7453,3543000
2022-05-11,131.8855,134.8479,131.0351,131.5865,1852300
2022-05-12,131.0883,133.9644,130.3552,133.2313,2251900
2022-05-13,134.2652,134.8197,131.2575,132.8365,2813100
2022-05-16,132.1128,132.282,129.2837,130.6278,2551900
2022-05-17,132.9117,135.1957,132.329,134.7633,1988500
2022-05-18,132.6109,133.2689,127.7892,128.3156,1946500
2022-05-19,126.8869,129.716,124.4244,127.902,2992300
2022-05-20,128.6445,129.1709,124.2176,126.0786,4686600
2022-05-23,127.4697,128.6445,125.1575,128.5412,2169600
2022-05-24,124.9883,126.5297,122.601,125.7872,2709700
2022-05-25,125.4864,127.1501,123.5972,126.0222,1877500
2022-05-26,127.5825,128.9736,125.6463,128.09,1366400
2022-05-27,129.3307,131.4737,128.8513,131.4173,1459000
2022-05-31,130.0357,131.6147,128.5882,130.2706,2900500
2022-06-01,131.5301,131.8215,128.2498,129.4435,1750800
2022-06-02,131.1259,132.4512,129.1897,132.3572,1289900
2022-06-03,131.2481,132.4888,130.9755,131.9154,1421300
2022-06-06,133.7388,134.1242,132.6485,132.8647,1659400
2022-06-07,132.1504,136.7465,131.2763,136.6713,2237400
2022-06-08,135.722,137.4984,134.7915,135.7972,2274000
2022-06-09,134.754,136.4834,133.8705,133.9363,1594800
2022-06-10,131.3891,132.188,128.607,128.795,1543800
2022-06-13,126.6708,126.6708,124.0672,124.8662,1596700
2022-06-14,124.8661,126.3888,121.4355,122.6762,1927300
2022-06-15,123.6443,124.7722,121.1253,123.1367,1658600
2022-06-16,120.223,120.74,117.6195,118.5312,2006500
2022-06-17,117.6007,119.6967,117.0837,117.9766,3126500
2022-06-21,119.0951,119.8565,117.5913,118.5594,1584400
2022-06-22,116.2567,119.3207,116.2567,118.6346,1921700
2022-06-23,117.7417,119.6121,116.6608,119.2643,2022800
2022-06-24,120.7494,123.9826,119.9129,123.9075,1974200
2022-06-27,124.7909,125.4771,123.2683,124.3022,1597000
2022-06-28,124.8568,125.8812,121.4825,121.5483,1914900
2022-06-29,121.8961,122.272,118.4654,119.6215,1740100
2022-06-30,117.5913,119.4335,117.1684,118.4184,2370100
2022-07-01,118.8038,120.6272,117.5913,119.7155,1749700
2022-07-05,118.0237,119.1891,115.7773,119.0669,1934200
2022-07-06,119.5557,121.0501,118.362,120.3076,1734500
2022-07-07,121.6141,122.1122,119.7155,121.8021,1662700
2022-07-08,121.2945,121.3321,119.0951,120.1384,1213600
2022-07-11,119.1797,121.0031,119.1703,120.1666,831200
2022-07-12,119.6403,121.3791,118.8695,119.2549,1051600
2022-07-13,117.1308,119.0388,116.0969,118.1646,1605000
2022-07-14,116.1439,117.7605,115.1382,117.5255,1274000
2022-07-15,119.5369,121.6987,117.9672,121.2381,1956400
2022-07-18,122.1874,122.554,118.7568,119.2549,1441600
2022-07-19,120.9185,124.7722,120.6554,124.3492,1454500
2022-07-20,124.8098,126.088,124.0672,125.8061,1282000
2022-07-21,126.088,129.2085,125.4865,129.0863,2001200
2022-07-22,129.3025,130.5338,127.5825,128.4378,1763500
2022-07-25,128.4848,128.9171,127.1877,128.8607,955900
2022-07-26,128.9077,131.2387,128.1182,130.7782,2103100
2022-07-27,131.2763,134.0114,130.5056,133.1561,1490400
2022-07-28,135.1299,138.1282,134.7821,137.4702,2759900
2022-07-29,137.4608,140.1677,137.1788,139.4722,1609300
2022-08-01,137.9872,139.35,137.6206,138.6357,1886200
2022-08-02,139.5756,142.3765,137.4608,137.5924,2292500
2022-08-03,138.8519,140.4497,137.5078,139.7636,1377900
2022-08-04,140.2524,140.9385,139.3877,139.7731,1128900
2022-08-05,138.8519,139.9046,138.3444,139.7166,1243400
2022-08-08,141.1453,141.5776,138.6733,139.0399,1340600
2022-08-09,138.2316,138.6921,137.4139,137.6113,1170300
2022-08-10,140.6096,140.9761,139.3501,140.3652,1595300
2022-08-11,141.7827,142.69,140.9606,141.2346,1434900
2022-08-12,141.9055,144.1264,141.6598,144.0602,1318600
2022-08-15,143.8901,144.4666,143.0018,144.0413,1123000
2022-08-16,142.5009,145.1281,142.0001,144.6839,1293600
2022-08-17,142.8789,144.202,142.3402,143.6349,1036700
2022-08-18,143.8996,145.3644,143.2475,144.9202,1104800
2022-08-19,143.9846,144.3059,142.0568,142.5482,1308500
2022-08-22,140.2139,140.6203,138.1727,138.683,1737000
2022-08-23,138.7397,139.7226,138.0121,138.2672,824500
2022-08-24,138.4373,138.683,136.9253,137.5206,1030400
2022-08-25,138.6074,139.9399,138.1443,139.9115,1090700
2022-08-26,140.2139,140.2139,133.0317,133.3247,1743400
2022-08-29,132.2474,134.2036,131.5764,132.9751,1223900
2022-08-30,134.5532,134.7517,130.5463,131.5858,1153700
2022-08-31,132.2474,132.2474,128.6184,129.1288,2249900
2022-09-01,128.316,131.2078,127.7395,131.1416,1538900
2022-09-02,132.7577,132.9562,129.3461,129.7525,1080200
2022-09-06,130.1305,131.0188,128.5428,130.8487,1388300
2022-09-07,130.8109,134.317,130.5085,133.5043,2112600
2022-09-08,132.6915,135.4888,131.9639,135.366,1716400
2022-09-09,135.9046,138.2199,135.6967,137.7002,1636900
2022-09-12,138.683,140.4502,138.2388,139.4957,1570700
2022-09-13,136.2165,137.4828,134.024,134.6761,1297800
2022-09-14,135.4888,135.7817,133.6554,135.2336,1461800
2022-09-15,134.9029,137.0386,133.2113,133.353,1759700
2022-09-16,132.0394,132.1623,129.0815,130.6692,3415700
2022-09-19,129.5824,132.7576,129.5824,132.5119,1372700
2022-09-20,131.2362,132.2757,130.0549,131.5291,1621600
2022-09-21,132.8805,134.2036,130.2155,130.2533,1112700
2022-09-22,129.4028,130.1872,127.1348,127.7018,1871600
2022-09-23,126.4921,127.2009,124.9895,126.7662,1726400
2022-09-26,126.53,128.0137,125.1124,126.1897,1674200
2022-09-27,127.5883,127.9664,122.712,124.0823,2236800
2022-09-28,125.1124,127.1914,124.1201,126.5488,2346100
2022-09-29,125.0179,126.9268,123.9973,126.7756,2711000
2022-09-30,126.7945,128.7791,125.2447,126.0291,2739800
2022-10-03,127.0875,131.7559,126.5205,130.2155,1903900
2022-10-04,133.0506,135.7156,132.9183,135.5927,1996300
2022-10-05,134.3075,137.7474,134.0807,136.5567,2255400
2022-10-06,136.0747,136.5,133.7499,134.6194,2381100
2022-10-07,132.7104,132.9089,128.3538,129.3083,1884600
2022-10-10,130.2061,130.2061,127.4088,128.8831,1860700
2022-10-11,127.6356,130.5652,126.889,128.9209,1566200
2022-10-12,129.0342,129.4312,127.8435,128.0042,2073400
2022-10-13,125.4526,131.9071,124.7533,130.5085,2423400
2022-10-14,131.4536,132.5214,126.53,126.9269,1863500
2022-10-17,128.8452,131.4346,128.8452,130.6219,1510100
2022-10-18,134.1279,134.7328,131.0661,132.9089,2003500
2022-10-19,132.1434,133.2302,130.6503,131.359,1845100
2022-10-20,131.3968,132.1151,127.4277,127.8246,2079300
2022-10-21,128.231,131.8882,127.3993,131.6709,2346200
2022-10-24,133.2491,134.7044,131.9733,133.7878,1358500
2022-10-25,133.079,138.1065,133.079,138.0215,2782400
2022-10-26,139.0138,139.732,136.6606,137.5206,2057500
2022-10-27,138.6735,139.7603,138.1916,138.6263,2015100
2022-10-28,138.9854,142.7277,138.6169,142.019,2885100
2022-10-31,140.8093,143.2948,140.6109,141.8205,2773200
2022-11-01,143.6066,144.5138,138.6924,143.3042,3128500
2022-11-02,143.6444,148.1144,142.1985,142.3308,2908100
2022-11-03,140.8471,148.4829,140.7809,146.092,3720700
2022-11-04,150.3824,151.1668,146.8386,149.9666,2915600
2022-11-07,149.8722,151.0818,148.4641,149.6926,2339700
2022-11-08,150.2596,151.1857,148.4452,149.4941,1604100
2022-11-09,148.4872,150.6815,148.0693,148.4682,1485500
2022-11-10,152.5338,154.4051,151.5079,154.0061,2386300
2022-11-11,154.538,155.3264,152.7902,153.5027,2361300
2022-11-14,152.9327,156.0009,152.4673,153.5502,1938400
2022-11-15,155.3739,155.4499,152.8947,154.2531,1485400
2022-11-16,153.7497,154.6236,152.2583,153.6357,1498500
2022-11-17,152.1063,154.728,151.1185,154.4811,1523300
2022-11-18,156.0389,156.8463,154.3386,156.7418,1870100
2022-11-21,156.5803,157.6252,155.8299,156.3048,1227100
2022-11-22,156.9698,158.4706,156.4663,158.1381,1568900
2022-11-23,158.6321,159.1165,156.7228,157.0743,1401600
2022-11-25,158.0717,158.8411,157.4732,157.7867,628900
2022-11-28,156.4378,157.4447,153.7686,154.4051,1723100
2022-11-29,153.9491,154.8135,153.0467,154.0251,1073400
2022-11-30,153.6072,155.507,151.09,155.26,2788400
2022-12-01,155.6874,156.6563,153.0372,155.1745,1486900
2022-12-02,152.9897,155.374,151.0994,155.127,1861700
2022-12-05,153.1227,153.6737,151.7264,152.3248,1313000
2022-12-06,151.6029,152.1253,148.4968,149.9026,1567700
2022-12-07,149.2187,150.482,148.7437,149.3897,1798000
2022-12-08,149.9786,150.9,149.3991,150.7955,1323200
2022-12-09,151.0615,151.4414,149.5226,150.349,1069000
2022-12-12,150.463,152.9328,149.9596,152.7713,1518000
2022-12-13,156.7323,157.0458,153.6357,155.4405,2038900
2022-12-14,155.4309,156.3048,152.6763,153.2747,1616100
2022-12-15,150.9665,151.4319,147.0814,147.5943,1892400
2022-12-16,145.7895,147.3094,143.9942,146.7584,3378400
2022-12-19,146.9009,148.8102,146.331,146.7584,1466000
2022-12-20,146.8154,148.4967,146.0745,148.0978,1441200
2022-12-21,149.3896,150.501,148.8482,150.197,1331100
2022-12-22,149.0952,149.3326,145.932,148.2878,1124900
2022-12-23,147.8603,149.1426,147.4423,148.9432,908000
2022-12-27,149.5131,150.349,148.5917,149.4561,1337600
2022-12-28,149.7031,150.2351,147.7179,147.9458,724700
2022-12-29,149.1902,150.2446,148.7627,149.4657,874800
2022-12-30,149.0762,149.5606,147.8223,149.0857,826800
2023-01-03,150.159,150.976,148.1263,149.8456,1185400
2023-01-04,151.3844,151.5554,148.8957,150.862,1396400
2023-01-05,149.9881,150.843,148.4113,149.3232,1494700
2023-01-06,151.0709,154.1011,149.8551,153.0277,1732500
2023-01-09,153.4077,156.0389,152.5528,152.8188,1235900
2023-01-10,152.9137,153.9491,152.0114,152.3723,1709300
2023-01-11,152.8283,155.9534,152.4198,155.8679,1557400
2023-01-12,157.3402,158.1571,156.0674,156.4568,1656100
2023-01-13,155.7349,156.8368,155.0035,156.2099,1589900
2023-01-17,156.1338,156.5613,153.9491,154.2721,1823300
2023-01-18,154.7185,155.0415,149.4276,149.6366,1737000
2023-01-19,148.5347,149.0572,143.9848,144.2507,3001900
2023-01-20,144.8871,147.8033,143.3008,147.7178,1947800
2023-01-23,148.0123,151.3369,147.1859,150.9569,1513800
2023-01-24,151.2799,154.3766,148.7532,153.5882,1589800
2023-01-25,152.1063,152.1063,148.2593,151.1659,1341100
2023-01-26,152.4483,153.4647,150.5105,152.8378,1363100
2023-01-27,152.4578,155.1745,152.0968,154.1106,1283700
2023-01-30,152.9422,154.4526,152.5813,152.8092,1157700
2023-01-31,153.7021,154.3386,151.1089,154.0821,2146900
2023-02-01,153.5976,156.4758,152.8282,155.1555,1757800
2023-02-02,156.0864,156.5043,152.9897,153.8447,2637900
2023-02-03,153.1227,155.5545,152.6668,155.0605,1753200
2023-02-06,153.3222,154.842,153.0277,154.2151,1681800
2023-02-07,153.1987,156.5328,153.1987,156.2479,2222400
2023-02-08,154.4811,161.8333,153.9682,160.4179,3937600
2023-02-09,160.9023,162.2417,158.6131,158.8885,3273600
2023-02-10,159.4015,162.5931,158.5466,162.3462,2256100
2023-02-13,162.9446,166.8107,162.8306,165.5853,2501600
2023-02-14,164.6544,166.2692,162.6786,164.303,1244800
2023-02-15,163.7995,165.1294,163.0586,165.0439,1037600
2023-02-16,163.6096,166.0413,162.6502,165.3858,1497500
2023-02-17,165.2814,167.3616,164.265,166.4592,1682700
2023-02-21,165.0154,165.8703,161.4343,162.2037,1484000
2023-02-22,162.6501,164.4739,161.8807,162.7261,1555400
2023-02-23,163.942,164.4929,161.4818,164.1225,1286500
2023-02-24,161.8712,164.6069,161.4817,164.5689,1708100
2023-02-27,165.8038,166.4687,164.7304,165.6423,1927900
2023-02-28,165.2719,166.6207,164.7874,166.1647,2288500
2023-03-01,165.7658,167.0387,164.7209,165.1199,1676600
2023-03-02,164.1605,166.6587,163.3056,166.3737,1442200
2023-03-03,167.5192,169.5906,166.0396,169.4856,1546500
2023-03-06,169.6479,170.6311,168.8079,169.1038,1386100
2023-03-07,169.0275,169.1038,166.9178,167.5288,1605700
2023-03-08,167.7579,169.3902,167.166,169.1611,1975500
2023-03-09,170.1634,170.1634,165.9537,166.4501,2014000
2023-03-10,166.7174,166.746,162.1545,162.565,2754200
2023-03-13,160.2644,163.7391,159.0712,161.4863,2337900
2023-03-14,164.3786,165.5146,161.639,164.0255,2462300
2023-03-15,160.5126,160.608,150.7281,152.0359,4526100
2023-03-16,152.2269,157.5725,150.7377,156.9139,3451800
2023-03-17,156.1311,156.4843,151.74,152.8759,6000400
2023-03-20,155.3961,157.1907,154.2792,156.1311,2009000
2023-03-21,158.5462,159.8348,158.0689,159.3576,1517500
2023-03-22,159.4148,162.8036,158.5844,158.613,2213200
2023-03-23,158.5748,160.694,155.7302,157.0666,2143400
2023-03-24,156.0261,156.5893,152.9523,156.2074,2194900
2023-03-27,157.582,157.6584,155.7206,156.4366,1890900
2023-03-28,156.5129,158.1357,156.4461,158.0689,1637400
2023-03-29,159.5484,160.1976,158.212,160.0162,1789600
2023-03-30,161.5245,163.0327,160.6749,161.4099,1699800
2023-03-31,162.5076,163.9586,161.5817,163.5577,2931500
2023-04-03,162.775,164.3691,162.0781,162.7941,1352800
2023-04-04,162.8895,162.8895,154.2124,154.8806,3301300
2023-04-05,153.2387,154.0119,149.7163,151.2723,3049100
2023-04-06,150.6327,151.6827,148.6376,149.1531,2653200
2023-04-10,148.5326,150.6995,148.3226,150.2891,2701400
2023-04-11,150.8045,152.0741,150.1554,151.5873,2167300
2023-04-12,153.6587,156.2456,153.2005,154.8519,2271400
2023-04-13,153.926,154.1933,149.6781,153.3914,2676400
2023-04-14,154.2506,156.3984,153.2864,154.4701,1178400
2023-04-17,155.2242,156.4556,154.6992,155.6538,1439200
2023-04-18,156.5033,158.107,155.9783,156.2552,1620100
2023-04-19,156.3793,157.2956,153.9451,155.9783,1525600
2023-04-20,154.7851,156.4461,154.6038,155.5583,1119500
2023-04-21,155.9879,156.3506,153.8592,155.4819,1046300
2023-04-24,155.3674,156.4938,155.3674,156.3506,1047500
2023-04-25,157.3529,160.5317,156.1979,156.3411,2216000
2023-04-26,154.7851,156.2838,153.8019,154.5656,1504900
2023-04-27,155.692,160.398,154.6801,160.3408,2086600
2023-04-28,159.7299,160.7703,158.718,159.5294,2140200
2023-05-01,159.6153,162.6795,158.9661,161.114,1794100
2023-05-02,161.219,166.1255,158.8421,165.381,3755400
2023-05-03,167.0038,168.8652,164.1973,164.5505,2200800
2023-05-04,163.5768,163.6054,159.7489,160.7894,2115300
2023-05-05,162.6796,164.7041,162.3438,164.1188,1914900
2023-05-08,164.7233,164.9823,161.7297,162.9962,1657400
2023-05-09,162.4493,164.0708,161.461,163.639,1100200
2023-05-10,164.6561,165.2318,160.4728,162.2574,1435400
2023-05-11,161.154,161.8544,160.1849,161.6913,1145900
2023-05-12,162.9003,163.3896,159.9547,161.7489,892100
2023-05-15,162.1902,164.0804,161.605,163.0346,1317000
2023-05-16,161.8352,161.8544,158.5442,159.6668,2031300
2023-05-17,160.5112,164.5122,160.4152,164.0708,2022500
2023-05-18,163.7062,167.8608,163.4951,167.5346,2729900
2023-05-19,168.4557,170.2979,165.1071,167.0932,1762100
2023-05-22,167.1508,168.993,165.1646,167.122,1459200
2023-05-23,165.7883,167.2179,164.0516,164.4162,1949000
2023-05-24,163.38,163.3992,160.5496,161.3555,1952700
2023-05-25,167.4386,170.1155,165.6732,169.7797,3880800
2023-05-26,170.768,176.3042,170.3842,175.0665,4137100
2023-05-30,176.0739,177.4748,173.0995,174.4428,2266900
2023-05-31,173.752,174.3277,168.3981,168.7723,3138800
2023-06-01,169.3576,172.7253,168.187,171.785,2083700
2023-06-02,174.059,179.7871,173.9535,178.9236,2763100
2023-06-05,178.8276,178.8276,175.7765,176.1507,1769400
2023-06-06,175.4119,177.7626,174.9705,175.9876,1176800
2023-06-07,176.0451,181.0728,174.817,180.9577,2623000
2023-06-08,179.8446,181.1303,177.2157,180.2092,3045900
2023-06-09,180.2861,180.6027,177.5036,179.7104,1559300
2023-06-12,179.7199,182.3969,178.0313,181.8692,1434900
2023-06-13,181.6196,186.0428,180.7178,186.0045,1938500
2023-06-14,185.7167,186.9832,184.1527,185.2465,1836700
2023-06-15,184.882,189.4875,184.3446,188.9118,2287400
2023-06-16,184.9779,188.9021,182.5696,183.5099,6249200
2023-06-20,181.9075,186.6858,181.5909,186.3595,2234900
2023-06-21,185.6111,187.7891,185.0354,186.9448,2497300
2023-06-22,187.0216,188.5088,185.3233,187.674,2189800
2023-06-23,185.9278,187.5589,185.1506,186.5802,2299400
2023-06-26,186.5898,189.9096,186.3883,188.1346,1205900
2023-06-27,188.1538,190.351,187.7796,189.6409,1560700
2023-06-28,189.9384,189.9384,186.2828,186.8585,2791100
2023-06-29,188.1154,191.6271,186.964,190.7923,2471900
2023-06-30,191.7134,194.1601,191.1089,192.9512,1745600
2023-07-03,191.6558,193.0567,190.4565,192.5002,740900
2023-07-05,191.0226,192.3562,190.2262,190.8403,1585900
2023-07-06,189.545,190.6964,188.3936,189.7369,1862900
2023-07-07,189.2571,192.7209,188.787,190.4181,1586700
2023-07-10,191.1185,194.9181,190.8787,194.8317,1629100
2023-07-11,193.4981,195.3978,193.1143,194.7454,1769100
2023-07-12,196.6931,196.7123,193.4885,193.7379,1636500
2023-07-13,194.304,196.837,193.0279,196.0791,1498400
2023-07-14,195.6953,196.0599,193.9107,195.2155,1087000
2023-07-17,195.11,198.2187,194.0258,197.6142,1385500
2023-07-18,197.8541,202.1909,197.6238,201.8167,2500100
2023-07-19,199.9745,202.6419,199.8402,201.3082,2516200
2023-07-20,202.3252,203.2464,201.3562,202.3636,1974400
2023-07-21,202.2965,202.9489,198.3818,199.2741,2583200
2023-07-24,199.8882,201.1835,198.6121,198.9575,1651300
2023-07-25,197.2496,199.0246,196.7699,197.9308,2275600
2023-07-26,196.5396,197.6334,192.7209,194.8125,2676100
2023-07-27,196.3093,196.3093,193.3157,193.9106,3367200
2023-07-28,195.6473,196.2806,194.0546,195.062,2031400
2023-07-31,196.3957,197.2016,195.014,197.0002,2346400
2023-08-01,202.8242,210.9893,202.45,210.1258,5024400
2023-08-02,209.2431,216.6119,207.6216,210.0011,3603800
2023-08-03,208.9169,210.548,206.902,208.3028,2133200
2023-08-04,209.9308,211.2312,207.7826,207.9753,2043800
2023-08-07,209.3432,213.5913,209.0349,212.9748,1478500
2023-08-08,211.9152,212.4642,209.9404,212.1175,1593000
2023-08-09,211.8381,212.4642,208.9579,209.8345,1709300
2023-08-10,209.6321,211.9633,207.9753,208.9675,1314000
2023-08-11,209.6996,211.6551,209.0831,210.345,1034200
2023-08-14,209.3047,212.0597,209.295,211.0,1274300
2023-08-15,209.8055,210.6147,208.8326,209.9404,965600
2023-08-16,209.9982,211.8285,208.0716,208.1583,1245500
2023-08-17,208.9001,210.451,206.0102,206.5111,1092100
2023-08-18,204.9313,208.3317,204.3148,206.7712,1728600
2023-08-21,207.5707,208.2931,205.2395,207.8211,1342900
2023-08-22,209.1409,209.8441,207.4358,209.3142,1492900
2023-08-23,209.7767,214.6124,209.7767,213.1771,1757700
2023-08-24,213.6588,215.9514,212.6088,212.8014,2822600
2023-08-25,213.8514,217.2229,211.578,216.0188,2433500
2023-08-28,215.9899,219.3422,215.9321,217.9358,1611300
2023-08-29,216.828,220.4403,216.828,219.7082,1392100
2023-08-30,220.633,221.7793,219.5926,221.6348,1235500
2023-08-31,221.5578,223.7155,220.9701,221.9142,2040900
2023-09-01,222.9449,225.3916,222.6944,225.093,1423100
2023-09-05,224.4476,224.9967,220.1417,221.1435,1614500
2023-09-06,221.1435,224.0045,220.7293,223.1086,1699300
2023-09-07,222.3284,226.5669,221.6733,226.1912,1751100
2023-09-08,225.8348,227.5205,225.2857,227.4627,1414700
2023-09-11,227.7325,229.399,226.3742,229.3026,1539500
2023-09-12,228.2237,231.6145,217.3577,219.5348,5506800
2023-09-13,216.5486,218.0899,211.7996,213.2831,5816500
2023-09-14,215.2,216.2019,213.0037,213.9959,2267700
2023-09-15,211.6262,211.6262,206.9253,209.6514,5063500
2023-09-18,209.295,213.495,208.4666,211.106,2258400
2023-09-19,210.239,210.9326,204.5171,208.2258,2551300
2023-09-20,209.4588,212.1367,206.4726,206.7712,1229400
2023-09-21,206.145,206.145,202.4171,202.918,1937100
2023-09-22,202.0703,206.3184,201.3478,204.8542,2068300
2023-09-25,204.8638,208.9675,203.9583,207.9753,2133200
2023-09-26,206.6074,207.5514,202.8795,203.3226,1708300
2023-09-27,205.0854,207.3684,204.3629,206.4918,2033300
2023-09-28,205.7886,209.3624,205.2492,207.6189,1515700
2023-09-29,208.929,209.0349,204.9216,205.4515,1317400
2023-10-02,205.6056,206.7326,200.3075,202.523,1989400
2023-10-03,202.9662,205.6538,199.6235,201.3767,1676900
2023-10-04,201.184,202.629,198.9685,201.656,1649700
2023-10-05,201.0588,201.4538,195.4621,195.7222,2983300
2023-10-06,196.5121,203.862,195.3946,202.4749,2546800
2023-10-09,202.5616,205.6345,200.6735,205.4515,1721300
2023-10-10,205.5767,208.2835,204.5363,205.4129,1743600
2023-10-11,206.3858,208.062,205.5381,207.9464,1132000
2023-10-12,208.5051,212.3679,207.4455,209.4684,2489500
2023-10-13,207.5225,209.4587,199.5464,200.9432,2656100
2023-10-16,203.3322,206.723,201.2419,203.8621,1486700
2023-10-17,202.9084,205.6056,201.1455,203.9969,1149500
2023-10-18,199.3153,199.3153,193.7378,194.9805,2520000
2023-10-19,194.6818,197.2249,191.7052,192.5722,2001300
2023-10-20,192.052,192.6493,184.7792,186.8695,4930400
2023-10-23,187.1393,190.5397,186.1663,188.2952,2759400
2023-10-24,190.2314,192.5144,188.4878,192.3121,2360100
2023-10-25,194.4891,195.6355,187.9098,188.064,1810900
2023-10-26,188.9502,192.8034,188.1314,189.3355,1699900
2023-10-27,189.2296,191.1465,186.6576,188.1411,1780900
2023-10-30,190.3952,191.792,188.9213,190.5204,2518800
2023-10-31,192.2736,201.213,191.3873,200.2786,4811000
2023-11-01,201.6464,207.8019,201.1841,206.9445,3716200
2023-11-02,208.6496,211.5876,206.2799,208.2258,2628600
2023-11-03,211.5237,212.3264,207.6648,207.7325,1852900
2023-11-06,207.4714,209.483,205.0245,209.3186,1584200
2023-11-07,207.7518,211.0498,206.9975,208.748,1503600
2023-11-08,209.7248,211.3109,208.5546,210.4502,1508800
2023-11-09,212.2878,215.9339,210.4599,211.2046,2428900
2023-11-10,212.8583,214.957,210.75,214.5315,1632300
2023-11-13,214.2897,215.7017,213.0034,215.2569,1421800
2023-11-14,217.7134,221.4853,216.5142,220.6052,1801200
2023-11-15,220.5085,221.4563,217.8295,218.2357,2678000
2023-11-16,219.0578,220.7599,218.4678,219.3479,1633000
2023-11-17,219.2705,220.934,218.9417,220.315,2036200
2023-11-20,219.4736,220.0829,217.8585,219.464,2142300
2023-11-21,219.1835,220.228,218.168,219.551,1568500
2023-11-22,220.3924,223.8258,220.1506,221.3886,1470600
2023-11-24,222.1913,222.7813,220.6439,221.2048,526200
2023-11-27,220.7793,222.3364,220.2183,221.2628,975200
2023-11-28,221.0501,221.7948,217.1428,217.2105,1886200
2023-11-29,219.9862,221.0694,217.9262,218.3808,1432200
2023-11-30,219.4833,220.963,218.4968,220.2086,2210100
2023-12-01,220.3441,224.3867,220.1216,222.8876,1605600
2023-12-04,221.1081,221.7851,218.7579,220.7019,1592400
2023-12-05,219.9475,220.3924,217.2299,218.1873,1392600
2023-12-06,220.5472,224.9477,219.1835,219.464,1305400
2023-12-07,220.257,221.8044,219.3479,220.4408,1397900
2023-12-08,220.6825,225.7794,220.4407,224.6768,1909600
2023-12-11,226.0502,228.9033,225.054,226.969,1575200
2023-12-12,227.3074,229.8123,227.0947,229.2611,1258900
2023-12-13,229.6576,230.2573,226.6595,229.0096,1210300
2023-12-14,230.9923,232.0078,228.1199,229.8898,2209000
2023-12-15,226.5531,230.6441,226.2243,229.6093,4369800
2023-12-18,229.8994,230.8569,228.6034,229.3385,1523900
2023-12-19,229.8801,231.2051,228.8742,230.325,1012900
2023-12-20,230.1605,230.7505,226.0599,226.263,1435100
2023-12-21,227.9748,229.648,226.4854,229.4932,1054500
2023-12-22,230.0831,231.3984,229.5028,230.7988,743100
2023-12-26,230.8859,232.8105,230.8859,232.3173,683900
2023-12-27,232.1432,233.4295,231.9401,232.9072,938400
2023-12-28,231.6306,233.8937,230.5571,232.8395,773300
2023-12-29,233.3618,234.0194,232.0271,232.9072,949000
2024-01-02,231.0406,232.3753,229.0677,231.0503,1309000
2024-01-03,229.5996,229.6383,224.2222,225.4409,1843200
2024-01-04,226.0792,229.1644,226.0792,226.7755,1303600
2024-01-05,226.8723,227.82,226.0502,227.1431,985800
2024-01-08,228.3713,231.3114,226.5047,231.1277,1278600
2024-01-09,229.6479,231.882,227.9264,231.6112,974300
2024-01-10,233.0813,234.445,231.9304,232.9749,1233000
2024-01-11,233.4682,235.6442,231.3598,235.4218,1366600
2024-01-12,236.2439,236.2439,232.8589,234.1548,1011700
2024-01-16,233.2554,235.2574,231.3404,233.797,1538300
2024-01-17,229.116,231.1277,228.2843,229.4642,2041800
2024-01-18,229.5029,232.7718,228.439,232.2302,1295300
2024-01-19,233.826,236.5824,232.1625,236.563,1500400
2024-01-22,237.6849,238.8358,235.6539,235.886,1727400
2024-01-23,235.9827,235.9827,231.3114,235.2574,1959300
2024-01-24,236.8822,236.9402,233.5165,233.6326,1541900
2024-01-25,235.7216,238.1975,233.9227,237.743,1678400
2024-01-26,237.917,239.4161,236.9595,237.8106,1138600
2024-01-29,236.3793,240.6347,236.3212,240.5477,1464800
2024-01-30,240.6347,242.8881,239.9093,242.0467,1828000
2024-01-31,240.5863,242.4045,237.5882,237.9944,2300900
2024-02-01,247.2306,256.0509,247.0662,255.8769,3663800
2024-02-02,257.3856,262.85,256.5442,261.2252,3172800
2024-02-05,260.5094,261.8054,257.8015,260.5675,1990000
2024-02-06,261.4186,263.3722,259.1555,262.2116,1919200
2024-02-07,263.9138,265.0067,262.2406,263.8848,1377600
2024-02-08,264.0298,265.674,263.4399,264.2329,1581000
2024-02-09,264.5522,269.4265,264.0299,268.8269,1557600
2024-02-12,267.8308,268.3917,263.556,265.0454,1331700
2024-02-13,259.5907,264.0879,257.2599,263.4303,2512400
2024-02-14,265.2581,268.0435,263.6526,266.5638,1430900
2024-02-15,266.5638,267.9371,263.8171,266.7282,1398000
2024-02-16,266.999,269.7747,264.8036,268.4013,1650900
2024-02-20,267.1538,268.7302,265.2001,267.0184,1263600
2024-02-21,266.2543,268.9043,265.1421,268.0532,1314700
2024-02-22,273.5079,276.9606,272.8889,275.2294,2496300
2024-02-23,276.0708,278.9819,273.7013,275.5678,1230700
2024-02-26,276.6027,278.1018,274.8425,274.9586,1960300
2024-02-27,275.1713,276.0224,272.9662,274.2525,1678200
2024-02-28,274.2526,278.1889,273.3822,277.5312,1278900
2024-02-29,277.5699,280.3359,276.535,279.5042,2534300
2024-03-01,279.8523,284.7654,279.3204,284.0497,2314600
2024-03-04,286.1678,288.3342,284.8525,286.8351,1943500
2024-03-05,284.6784,285.3747,279.862,282.3379,2263300
2024-03-06,285.6165,288.5856,285.1909,286.9898,1723900
2024-03-07,288.9145,291.6224,287.1446,291.2356,1869100
2024-03-08,290.8184,294.3498,286.7437,288.6161,1894400
2024-03-11,286.6855,286.9668,280.9615,283.969,1656600
2024-03-12,284.6675,289.4116,283.2316,288.8586,2063200
2024-03-13,287.6168,291.7206,286.8601,291.2841,1891100
2024-03-14,293.6416,293.9423,288.587,291.3326,2236400
2024-03-15,289.14,293.6513,288.878,289.0139,3024600
2024-03-18,291.837,294.2042,289.6735,289.8385,1557200
2024-03-19,289.3437,294.1267,288.4027,293.9229,1462100
2024-03-20,295.4752,301.1701,294.311,300.5686,1946500
2024-03-21,302.4119,306.3702,300.947,306.1082,2167400
2024-03-22,305.5359,307.5636,304.9829,307.1367,2046300
2024-03-25,305.6038,306.3605,302.2082,302.5769,1703600
2024-03-26,302.3635,306.8651,302.1694,302.7709,2247200
2024-03-27,304.6337,305.2546,299.0261,305.0217,1874300
2024-03-28,305.303,305.3613,302.6933,303.353,1983400
2024-04-01,303.6634,304.7597,301.791,302.7224,1213200
2024-04-02,303.7022,306.9911,303.2559,305.3612,2773100
2024-04-03,306.0888,312.7442,306.0888,311.3666,2984500
2024-04-04,314.248,316.4794,308.6793,310.6099,3039900
2024-04-05,314.2674,321.5825,313.1614,320.6512,2644200
2024-04-08,316.5667,319.5451,313.9764,316.101,2423700
2024-04-09,315.2473,315.8003,303.6635,304.5075,4069100
2024-04-10,299.7828,307.9031,297.076,304.9926,2425900
2024-04-11,305.0314,309.8337,303.615,307.7964,1547300
2024-04-12,304.8956,309.1643,304.8956,308.9994,2248300
2024-04-15,314.3353,315.1309,304.5269,305.8755,2447600
2024-04-16,303.5567,308.068,302.0335,305.9433,1547300
2024-04-17,307.2337,307.2337,296.7268,300.9276,2204600
2024-04-18,304.3911,306.2926,299.2589,299.7245,1860300
2024-04-19,299.8216,302.3634,293.2438,293.9811,3084700
2024-04-22,296.2417,301.0828,295.0969,298.8999,2379200
2024-04-23,302.6351,305.8755,301.141,303.5082,2781400
2024-04-24,314.3353,315.7033,304.5851,309.2807,3550500
2024-04-25,304.6821,309.3681,302.8388,307.6412,2453100
2024-04-26,308.718,315.616,308.718,314.6264,2305700
2024-04-29,315.2279,317.4302,311.8323,316.7705,3127300
2024-04-30,320.1563,323.1251,303.1977,308.7665,5279700
2024-05-01,309.3195,309.9502,302.441,302.7224,3416700
2024-05-02,303.9448,306.6613,296.1543,305.8657,3009900
2024-05-03,309.9332,313.9033,308.0649,311.8696,1769800
2024-05-06,313.6503,318.613,313.6503,318.4281,1297000
2024-05-07,319.2747,320.1407,316.8517,318.613,1792900
2024-05-08,318.5838,324.1595,318.0194,321.503,1454300
2024-05-09,321.1138,324.4709,321.0943,324.286,1487100
2024-05-10,325.9792,328.6065,321.2208,321.6685,1955000
2024-05-13,322.0966,322.9432,317.0852,319.6639,1903200
2024-05-14,317.3772,322.4469,313.3,321.5517,1588200
2024-05-15,323.0599,329.0443,323.0599,328.8594,1720100
2024-05-16,328.801,329.7546,321.2402,321.2889,2203100
2024-05-17,323.0599,324.6265,317.9123,321.3473,1881400
2024-05-20,321.1137,326.67,320.1407,324.2762,1021000
2024-05-21,323.6827,328.1783,323.5075,327.6625,1389200
2024-05-22,327.6722,329.2973,324.2081,327.1273,1566500
2024-05-23,332.9755,334.7368,327.5166,329.307,1772500
2024-05-24,329.9493,335.8947,329.8033,331.7105,1495600
2024-05-28,333.0728,333.7637,326.271,328.2755,1772300
2024-05-29,326.271,327.3706,323.7313,323.926,1131300
2024-05-30,323.3421,326.1542,322.4858,325.2007,1240900
2024-05-31,324.4709,325.9792,313.5433,323.8871,3837900
2024-06-03,325.0061,325.9791,310.0889,315.723,2494500
2024-06-04,315.7813,316.735,301.7983,307.6562,4143000
2024-06-05,311.1592,318.7589,310.7992,317.7956,2487300
2024-06-06,316.2484,318.1848,302.9854,305.0191,3069100
2024-06-07,305.0386,309.2715,302.4113,306.3523,2389500
2024-06-10,305.0192,314.6818,304.8149,314.2829,2050000
2024-06-11,312.0545,313.3292,308.892,310.5754,1826200
2024-06-12,312.8913,320.0531,310.8965,318.36,1682600
2024-06-13,317.6399,320.2575,313.1638,319.5082,2194700
2024-06-14,315.6354,316.8712,308.3957,310.4294,2055900
2024-06-17,310.1959,317.8151,308.4736,316.5695,2552500
2024-06-18,315.2754,321.2889,312.5508,318.7687,1903900
2024-06-20,319.3331,320.9873,311.4025,314.5358,1847700
2024-06-21,314.2439,314.2439,307.987,311.4414,3067700
2024-06-24,313.4266,315.6549,310.5949,313.4071,1581000
2024-06-25,313.6795,315.3532,309.758,314.0688,1576500
2024-06-26,312.1226,312.4145,305.0678,306.7804,1849800
2024-06-27,305.7003,306.3134,302.8687,305.4862,2549900
2024-06-28,304.4645,311.0328,301.9734,305.1067,2557600
2024-07-01,307.9287,307.9579,299.4727,303.9585,1925900
2024-07-02,301.1171,305.3013,301.1171,304.844,2047700
2024-07-03,305.3695,310.6533,304.5229,309.8456,1123000
2024-07-05,311.0716,311.7041,306.0214,308.8239,1557700
2024-07-08,311.5484,314.1855,309.6509,310.371,1139800
2024-07-09,311.568,312.4924,309.5537,310.1278,980900
2024-07-10,310.1667,318.4086,310.0305,318.2627,2083100
2024-07-11,320.3159,322.2134,316.9296,319.9656,2061000
2024-07-12,321.8436,324.7239,317.4258,321.5809,1644800
2024-07-15,320.4715,322.0479,317.0658,318.2238,1416000
2024-07-16,321.649,326.0959,319.9072,323.5075,1671200
2024-07-17,318.1653,318.7978,302.7324,303.1119,3312800
2024-07-18,304.9511,310.6338,297.4292,300.7474,4377000
2024-07-19,303.8223,307.7924,302.3335,303.4915,2287600
2024-07-22,307.9773,312.8426,306.9556,311.6944,2252500
2024-07-23,311.3831,316.5695,311.062,313.2708,1518500
2024-07-24,308.3082,309.5148,291.26,291.5324,3876300
2024-07-25,290.6858,292.194,279.1451,284.9933,5569700
2024-07-26,292.7779,293.7997,288.438,289.7711,3090000
2024-07-29,290.5594,292.3012,286.6281,288.6229,2522600
2024-07-30,289.5473,294.3738,277.7926,279.5052,4777200
2024-07-31,297.9449,302.4989,293.2547,296.5826,5108300
2024-08-01,282.2298,296.0961,280.2447,289.8587,5433400
2024-08-02,282.1908,282.8136,268.5776,272.7131,4528000
2024-08-05,249.6031,270.4676,249.6031,266.074,4621200
2024-08-06,268.1536,275.3591,268.1536,271.0827,3305000
2024-08-07,278.2588,281.2855,270.2527,271.1119,2857000
2024-08-08,275.3786,281.2464,271.5318,280.6802,3888100
2024-08-09,280.0748,285.2593,278.9423,284.7418,2190400
2024-08-12,284.234,286.5089,278.7762,281.6076,1840400
2024-08-13,285.2885,288.8229,281.4515,288.4031,2256900
2024-08-14,289.0084,292.9528,287.4658,291.2442,1974900
2024-08-15,294.9739,297.5612,290.9904,295.3058,2316600
2024-08-16,294.9251,295.3742,286.4406,289.6625,2768100
2024-08-19,290.1605,291.3711,286.2551,290.0238,1572500
2024-08-20,290.8732,292.5525,287.6122,289.2329,1432400
2024-08-21,289.438,294.515,289.1646,292.6013,1400600
2024-08-22,293.3531,296.2236,289.6821,290.6487,2035700
2024-08-23,292.904,294.8567,290.7365,292.904,1950700
2024-08-26,293.1774,294.6127,288.9987,289.8871,1579600
2024-08-27,288.0223,292.7673,285.4838,289.0279,1711700
2024-08-28,289.7992,290.4534,285.3178,286.6554,2109300
2024-08-29,289.2232,300.1778,288.159,293.9682,2426500
2024-08-30,294.3587,300.373,293.0309,299.67,2320000
2024-09-03,296.9754,297.6002,282.6231,282.877,3058900
2024-09-04,281.3832,285.8646,279.8405,281.9397,2098500
2024-09-05,280.6509,282.3888,275.8765,278.9618,1930600
2024-09-06,281.7932,285.2885,274.6853,278.2295,2163800
2024-09-09,282.3692,285.1909,280.8168,282.5352,1756000
2024-09-10,284.3415,284.9956,277.7316,281.4808,1531200
2024-09-11,282.6524,290.6389,277.8194,290.1117,2389500
2024-09-12,289.8286,297.2585,287.8661,296.2041,2795400
2024-09-13,298.5864,303.1166,296.4872,298.5668,2022800
2024-09-16,298.7622,299.719,294.3491,299.2991,1536300
2024-09-17,301.1834,305.0302,297.444,304.3565,2117000
2024-09-18,306.1432,313.5537,306.1335,307.2075,2931000
2024-09-19,316.0922,321.9796,312.3333,321.14,3155700
2024-09-20,318.953,323.5809,318.289,322.7802,3632000
2024-09-23,324.0397,325.4066,321.6184,321.9894,1789100
2024-09-24,321.9113,322.419,318.5819,319.6462,1964200
2024-09-25,320.5444,323.034,319.6462,320.7787,1599100
2024-09-26,325.2894,328.3453,321.55,325.1429,2614200
2024-09-27,325.2308,326.0119,318.9236,320.6811,2061200
2024-09-30,318.9628,323.8543,317.0101,323.6004,2789400
2024-10-01,323.2001,323.5906,317.3713,319.8317,1000700
2024-10-02,318.289,322.0675,318.0059,320.2319,1150600
2024-10-03,319.5973,320.6811,316.7464,319.2263,960600
2024-10-04,324.0495,325.4262,320.4858,325.1723,1129400
2024-10-07,323.0048,327.3886,322.38,326.7149,1465900
2024-10-08,328.5407,329.7611,325.1528,327.6424,1136500
2024-10-09,327.5448,330.8449,326.8028,330.2493,1103600
2024-10-10,327.4667,329.8392,324.8208,328.9703,1281000
2024-10-11,329.0289,333.8911,327.9549,333.3151,1162000
2024-10-14,334.887,337.7574,333.4908,337.4352,883800
2024-10-15,338.2651,339.134,329.4877,330.0443,1861800
2024-10-16,330.9327,333.3052,329.8197,333.0319,839900
2024-10-17,336.8396,341.4675,332.8268,340.247,1715300
2024-10-18,341.2918,341.4285,337.1032,339.9444,1173400
2024-10-21,339.7687,340.4814,337.0837,338.8607,1068600
2024-10-22,335.7559,337.0935,332.7585,335.4239,1321800
2024-10-23,332.9342,337.5426,332.2606,336.8006,1975200
2024-10-24,336.8396,338.4799,332.4558,337.1228,1407000
2024-10-25,338.8607,340.3154,334.7893,336.3417,1176400
2024-10-28,339.7198,340.374,336.947,337.3376,2177700
2024-10-29,334.6819,339.2024,329.8685,337.3766,1843200
2024-10-30,336.4979,338.4896,332.7975,334.7014,2258200
2024-10-31,317.3127,326.0412,313.7881,323.737,3870600
2024-11-01,328.0037,329.0484,321.8527,327.0762,2369100
2024-11-04,325.5488,328.4958,323.8941,324.2074,1943300
2024-11-05,324.9319,331.1492,324.883,330.4247,1777300
2024-11-06,347.5783,358.4267,344.6998,351.6709,4019600
2024-11-07,352.4738,355.5482,350.4471,353.0221,2739600
2024-11-08,354.4614,361.5696,353.7467,359.0044,2390500
2024-11-11,364.0076,365.5839,360.943,364.174,1736300
2024-11-12,363.8411,365.6818,358.0253,361.2759,2265400
2024-11-13,362.0102,364.8887,361.2955,361.9319,1437500
2024-11-14,361.7752,363.3614,353.4627,354.295,1816800
2024-11-15,350.6331,353.6683,347.9504,351.4849,2231900
2024-11-18,352.0724,353.6781,349.0862,350.3492,1611900
2024-11-19,347.5784,357.3987,346.0314,356.0867,1868100
2024-11-20,357.5554,359.8171,351.0542,352.9243,1464000
2024-11-21,356.87,365.5839,354.8726,363.1949,1632100
2024-11-22,364.7125,370.0976,363.8411,369.5199,2407000
2024-11-25,370.0975,371.1941,364.36,368.8051,3559500
2024-11-26,370.5871,372.0459,367.3267,369.4024,2096100
2024-11-27,367.6498,369.6667,363.2536,364.2034,1117300
2024-11-29,367.1309,370.5381,365.7112,367.5715,991700
2024-12-02,369.9605,370.871,364.1447,364.4384,1131000
2024-12-03,364.5069,367.591,360.9136,365.9364,1303400
2024-12-04,367.4246,370.5577,367.1798,369.6275,1479600
2024-12-05,369.6276,369.9213,362.2648,363.2928,1625000
2024-12-06,363.9684,365.4762,361.5305,363.4593,1479100
2024-12-09,363.6747,365.2021,350.8388,356.449,2338200
2024-12-10,355.9398,356.4098,350.4667,350.9954,1891000
2024-12-11,356.7917,357.3693,345.9433,354.3439,2440700
2024-12-12,354.3635,355.4699,350.594,351.1423,1223500
2024-12-13,352.2389,353.2767,348.4498,348.5673,1165000
2024-12-16,348.3127,350.0262,346.149,347.7253,1506200
2024-12-17,344.034,344.2005,337.4643,339.8239,2562500
2024-12-18,341.7038,342.2815,327.7224,328.114,2491600
2024-12-19,332.7941,332.9899,327.3405,328.6232,2667800
2024-12-20,326.3124,334.8599,325.1767,331.0512,4862500
2024-12-23,330.082,331.4429,327.2132,330.6498,1704600
2024-12-24,331.5995,334.5466,330.1505,334.3997,507500
2024-12-26,333.7242,334.6837,331.6681,333.0486,1196500
2024-12-27,329.7785,331.766,324.3543,327.6342,1601700
2024-12-30,322.259,327.0859,320.6924,325.4312,1400300
2024-12-31,325.304,326.9978,324.3347,324.9319,1134600
2025-01-02,327.6832,330.8457,323.336,325.0201,1598400
2025-01-03,326.9685,336.2699,326.6747,335.418,2570600
2025-01-06,340.7247,346.0118,339.4323,341.273,3157200
2025-01-07,341.0674,342.1738,334.0082,336.7202,2350200
2025-01-08,334.527,338.4532,330.9337,337.8951,2020400
2025-01-10,335.7215,336.7691,330.9044,334.3116,1828000
2025-01-13,326.8999,335.8684,326.8999,333.7536,2523400
2025-01-14,337.5329,339.9806,331.9129,333.0291,3019000
2025-01-15,339.6575,342.3794,333.5871,335.418,3434200
2025-01-16,339.5106,340.5093,335.5355,337.9734,2424600
2025-01-17,341.0087,342.164,338.5218,339.0407,2454300
2025-01-21,344.0536,350.1926,343.1529,350.1534,3575000
2025-01-22,364.4873,370.029,357.3693,363.4691,3521500
2025-01-23,359.4645,364.5166,355.6265,361.9612,1961900
2025-01-24,369.2359,370.0975,359.4842,361.2661,1970800
2025-01-27,322.6017,322.8661,299.7496,305.0367,10210600
2025-01-28,305.2424,307.1027,292.054,306.1334,8863800
2025-01-29,306.946,312.8695,303.6367,310.9603,4291600
2025-01-30,318.0391,322.6996,314.3969,320.2617,4758500
2025-01-31,315.2878,323.6395,307.8271,319.6154,6485100
2025-02-03,310.7057,315.3662,304.6157,308.8161,3304100
2025-02-04,312.3408,312.9184,306.4662,308.1209,2346700
2025-02-05,308.9531,310.1378,304.7919,308.6594,3084600
2025-02-06,309.4818,316.9131,306.2312,309.2468,3334200
2025-02-07,311.4498,315.8949,305.4479,306.5053,2634000
2025-02-10,308.1111,313.457,305.918,313.1926,2748600
2025-02-11,310.7252,311.5966,304.5961,309.893,3216000
2025-02-12,301.7568,305.4381,299.2992,303.4016,2649300
2025-02-13,306.2214,306.2214,297.7131,301.3749,3015500
2025-02-14,303.0492,304.8703,301.0714,302.7065,3175100
2025-02-18,306.6229,309.9616,303.901,306.5739,2682300
2025-02-19,304.087,305.2227,300.8756,302.961,2712500
2025-02-20,302.7359,303.5192,299.4461,302.3638,1982900
2025-02-21,302.2855,302.9317,288.8524,291.1532,4401500
2025-02-24,291.3196,292.5435,279.5411,283.7904,5861500
2025-02-25,281.1959,286.5319,276.5256,281.5385,6042100
2025-02-26,285.9835,293.3365,284.4953,291.1336,4302800
2025-02-27,294.1688,295.6472,282.87,284.3093,4525900
2025-02-28,283.3988,287.2466,278.8362,287.1879,4806000
2025-03-03,288.8132,290.5168,270.4258,272.6385,4890700
2025-03-04,267.4101,279.5901,262.0349,273.3826,6809700
2025-03-05,277.5242,282.7232,272.6385,281.7148,3752900
2025-03-06,271.4244,274.8023,266.5877,271.7475,3286400
2025-03-07,269.7893,280.1677,267.9878,279.0222,4533900
2025-03-10,271.1018,277.7742,267.9474,272.8018,4149400
2025-03-11,271.7406,282.4125,269.844,277.4205,4482200
2025-03-12,292.3081,294.8434,280.5945,286.982,5691800
2025-03-13,284.9773,285.9796,275.6025,278.7864,5611100
2025-03-14,285.4195,289.5074,281.6362,288.5247,3316900
2025-03-17,290.0872,295.5509,288.5345,292.082,2949400
2025-03-18,288.7311,290.4606,283.3755,285.6062,2736800
2025-03-19,285.7142,293.8803,285.1443,289.4583,3216500
2025-03-20,286.0582,295.0399,285.0952,290.4115,3421800
2025-03-21,286.6871,291.119,284.4761,290.323,3188200
2025-03-24,295.2856,299.2654,293.389,297.5949,2897000
2025-03-25,298.0468,299.6585,290.8537,294.804,3394000
2025-03-26,292.8092,292.8092,278.7667,280.5748,4708600
2025-03-27,278.8944,280.5945,273.3423,276.0446,3454800
2025-03-28,273.4406,274.8851,266.945,269.4214,3254300
2025-03-31,263.3583,268.7139,258.1304,267.1219,4882900
2025-04-01,267.1023,273.2342,265.1762,271.9076,2468600
2025-04-02,266.0017,280.7222,265.3236,278.9239,2681500
2025-04-03,255.5263,266.7977,254.1211,256.3321,5553700
2025-04-04,245.1394,247.6354,232.4825,242.2503,5291000
2025-04-07,233.7305,258.3663,227.8344,248.0776,5543500
2025-04-08,260.0663,263.2797,241.0514,247.1441,5127300
2025-04-09,245.1394,281.6459,243.8815,278.6783,6041200
2025-04-10,269.2445,271.1215,257.0397,266.0312,4995900
2025-04-11,263.8201,273.8238,260.4987,272.7232,3833100
2025-04-14,277.9216,278.0985,269.333,273.018,2631800
2025-04-15,273.6764,275.1996,270.6793,272.3203,2217500
2025-04-16,267.7214,271.4163,260.2334,264.4982,3411300
2025-04-17,267.289,267.289,261.3635,263.6728,2539600
2025-04-21,259.5455,259.8796,250.6817,254.976,2863500
2025-04-22,258.5923,264.1346,257.8651,262.2871,2270500
2025-04-23,283.9455,283.9455,270.1781,270.8857,3148900
2025-04-24,272.792,283.2674,271.2001,282.0488,2751600
2025-04-25,280.8205,285.842,280.8205,283.8177,2177400
2025-04-28,283.0709,288.456,278.2066,282.7564,2969500
2025-04-29,282.9824,286.638,279.887,285.6553,1965300
2025-04-30,279.4939,289.9889,278.0985,289.2715,2541700
2025-05-01,296.7694,300.7984,295.0497,296.4353,4722700
2025-05-02,288.6328,298.7053,281.6361,294.519,5932000
2025-05-05,292.0538,297.3196,288.9969,294.4303,2455000
2025-05-06,292.1623,297.0632,291.9749,293.9669,2460500
2025-05-07,295.3474,299.0847,292.8033,298.0,1888800
2025-05-08,300.3075,305.6916,299.9919,302.7727,2076700
2025-05-09,305.3761,307.368,302.5065,305.5634,2038700
2025-05-12,320.4338,320.4338,314.7144,317.6135,3542400
2025-05-13,319.1914,329.3186,317.8108,326.1532,3438900
2025-05-14,326.0349,329.3383,323.7077,324.5163,1886600
2025-05-15,322.2088,326.2222,321.6763,322.2778,2300500
2025-05-16,323.8556,324.9206,320.6014,324.4966,1997400
2025-05-19,318.7279,325.2854,317.722,324.7135,1482200
2025-05-20,321.9919,325.4728,320.9762,323.688,1654500
2025-05-21,320.0887,325.315,317.5347,317.8502,1725500
2025-05-22,315.5132,319.2505,311.3222,316.6078,1677800
2025-05-23,310.8095,318.4025,308.5611,316.5979,1432300
2025-05-27,320.207,324.3585,318.8758,323.5992,1568800
2025-05-28,324.5459,325.4137,320.3944,321.1439,1982700
2025-05-29,325.315,326.1926,318.8462,320.2957,1617500
2025-05-30,317.5741,319.004,312.407,315.7499,3788000
2025-06-02,315.0399,315.4738,307.5652,314.4285,1929100
2025-06-03,318.4715,323.1062,316.6275,321.3115,1978900
2025-06-04,322.4553,325.0981,321.0058,322.5342,1669500
2025-06-05,324.2993,324.3585,319.9309,321.9426,1600800
2025-06-06,326.5969,328.865,325.1967,326.8435,2206400
2025-06-09,327.3957,328.7269,320.9367,321.2819,1621700
2025-06-10,322.9484,322.9484,314.3299,319.7337,1882100
2025-06-11,319.359,323.3133,315.8583,321.1833,1424000
2025-06-12,318.4912,326.8534,317.9686,325.7489,1777300
2025-06-13,319.9802,323.8556,317.8305,319.1617,1565300
2025-06-16,325.5024,334.9887,323.7373,333.3123,3393400
2025-06-17,331.9515,333.6476,325.2362,325.9166,1870000
2025-06-18,325.2657,333.4602,325.2164,330.2061,2969000
2025-06-20,330.995,333.3025,326.1927,326.6266,4407100
2025-06-23,326.7153,328.8157,319.8718,328.3227,1397800
2025-06-24,330.64,340.3531,330.64,338.4893,2977800
2025-06-25,341.5364,342.6014,337.0398,337.592,1930200
2025-06-26,338.8937,344.3764,337.4539,343.3015,2284500
2025-06-27,348.4588,352.6301,346.7529,348.3208,3704400
2025-06-30,348.9223,353.3105,347.2657,352.0285,2212400
2025-07-01,350.8353,352.4131,345.1948,350.1056,2407800
2025-07-02,350.2732,353.626,348.5377,353.2118,1787500
2025-07-03,354.1191,358.3692,353.3697,357.1859,1088100
2025-07-07,357.1859,358.1325,349.9972,353.5077,1800500
2025-07-08,354.977,355.7856,349.0604,352.0187,1739300
2025-07-09,355.2629,355.3714,351.1213,354.7798,1196600
2025-07-10,355.2038,356.6928,340.9349,352.6695,2809500
2025-07-11,351.9792,356.6237,348.8828,355.6081,1698100
2025-07-14,353.8035,356.1406,352.137,355.2827,1179600
2025-07-15,364.6112,365.9819,356.4857,357.0774,2062100
2025-07-16,357.0872,359.2468,351.7623,357.8466,1756200
2025-07-17,370.6461,375.5175,369.7488,375.4287,3687400
2025-07-18,377.4108,379.1661,372.7465,373.3579,2941000
2025-07-21,374.4229,374.6201,368.3781,368.4669,2445000
2025-07-22,366.9286,368.6641,359.9272,367.4709,1805100
2025-07-23,371.2674,376.8882,370.6264,374.9554,2355000
2025-07-24,376.6909,380.803,374.9554,379.5506,1658900
2025-07-25,382.6075,387.6071,382.4103,386.7196,2107400
2025-07-28,394.0069,394.0069,386.0786,387.3014,2334500
2025-07-29,388.7806,390.1216,381.6806,384.5896,1777100
2025-07-30,386.6407,388.3762,381.8778,384.6685,2727000
2025-07-31,384.708,390.7725,378.7815,379.3732,2900000
2025-08-01,369.305,377.677,367.8653,375.9908,2416800
2025-08-04,378.3772,381.158,377.2925,379.4126,2741900
2025-08-05,355.9236,358.734,348.7843,351.496,7068200
2025-08-06,353.6162,357.6296,349.4055,353.1823,4507500
2025-08-07,356.0305,357.3063,350.0966,356.1887,3057700
2025-08-08,358.0085,360.1051,355.4372,358.8392,2139200
2025-08-11,358.404,359.2447,354.0625,356.1393,2850000
2025-08-12,357.7019,359.6007,354.8833,359.2941,2488900
2025-08-13,360.1842,361.1732,347.9012,353.5482,2751600
2025-08-14,349.7308,354.735,348.1484,351.1846,1895500
2025-08-15,351.0857,351.0857,346.4078,347.1594,1899700
2025-08-18,346.0122,350.1461,344.865,349.6022,1158500
2025-08-19,348.8308,349.6022,343.4112,345.1518,1870500
2025-08-20,340.2465,343.7277,335.5192,342.4025,2454300
2025-08-21,341.3838,344.7661,340.4938,341.5717,1455400
2025-08-22,342.8772,349.1868,341.2948,343.7771,1964900
2025-08-25,345.4584,346.2694,341.908,341.9476,1251400
2025-08-26,342.4816,349.2363,341.8981,348.1385,1994900
2025-08-27,347.0902,349.7802,346.1408,347.5254,1434500
2025-08-28,349.7604,353.2218,348.7814,351.4219,1773100
2025-08-29,351.0362,352.5889,341.463,345.2903,2386100
2025-09-02,339.3465,340.8003,336.1423,339.9597,2464100
2025-09-03,341.9673,342.2541,335.9148,339.2081,1521200
2025-09-04,340.4245,344.4298,337.8433,344.3804,1859300
2025-09-05,346.6056,347.4067,338.496,345.1815,2120700
2025-09-08,346.1408,348.6923,343.9353,345.6364,1632000
2025-09-09,346.0815,346.4078,339.8509,344.3903,1763300
2025-09-10,355.6251,361.4007,353.0636,358.2557,3484000
2025-09-11,359.6699,361.282,355.4174,356.1096,2253200
2025-09-12,355.9613,363.6259,354.824,361.8655,3108400
2025-09-15,365.94,373.9903,365.1192,371.3992,3031500
2025-09-16,373.832,374.8013,365.5741,367.0971,2251100
2025-09-17,366.5038,367.3642,355.3185,359.3436,3481400
2025-09-18,362.9336,369.9355,360.4315,367.1763,1857900
2025-09-19,369.4806,371.2212,365.9005,370.3707,3483100
2025-09-22,369.9553,378.6978,367.8191,374.1386,2399300
2025-09-23,377.5506,377.7879,362.0237,364.4566,2776200
2025-09-24,365.7422,369.5003,364.1599,368.1059,2290800
2025-09-25,362.8149,364.1005,356.3668,360.7182,2029100
2025-09-26,360.9853,362.4687,356.2975,361.549,1625400
2025-09-29,365.9302,366.8895,362.9731,363.1017,1466300
2025-09-30,362.4094,370.8552,362.4094,370.1234,1805800
2025-10-01,365.584,373.8617,365.0203,369.7179,1590400
2025-10-02,371.9233,377.3726,366.7114,372.6057,1777800
2025-10-03,373.6342,373.8716,367.5125,369.3421,1372100
2025-10-06,375.81,381.4175,373.3969,375.8298,1852100
2025-10-07,377.7879,380.6164,363.4379,366.8499,2321600
2025-10-08,368.5213,374.7617,366.1378,372.5464,2168600
2025-10-09,377.3726,377.6594,369.174,373.031,1723200
2025-10-10,375.177,383.346,365.0104,365.0104,2164700
2025-10-13,370.5981,375.0089,368.719,371.231,2089900
2025-10-14,364.6643,374.9694,360.3424,370.2223,1669400
2025-10-15,375.5528,381.7043,371.2607,377.511,1589200
2025-10-16,381.6351,382.4065,368.0465,371.4486,1597300
2025-10-17,369.2828,374.831,366.1774,369.1839,1732900
2025-10-20,371.4783,374.8408,370.4696,373.5255,1331400
2025-10-21,373.476,374.2869,367.3444,369.3421,2334700
2025-10-22,373.9211,375.3946,349.6615,356.6239,4029400
2025-10-23,357.3755,369.6981,357.3755,368.2938,1601600
2025-10-24,374.9595,377.1055,371.9728,372.1409,1650200
2025-10-27,376.7989,376.7989,372.3782,375.5528,1772200
2025-10-28,375.6715,376.8583,369.3124,371.864,1551400
2025-10-29,372.7244,385.6997,372.131,383.4745,2245000
2025-10-30,380.2505,385.8085,375.0782,378.8659,3112800
2025-10-31,381.7636,389.2502,375.0386,377.3528,2407300
2025-11-03,380.8637,383.1186,374.0793,382.3076,3254500
2025-11-04,356.6536,378.411,348.2176,373.5551,7551400
2025-11-05,374.4774,390.8703,373.5353,382.2425,3075600
2025-11-06,380.8838,383.4028,370.7486,374.2692,2235800
2025-11-07,367.9718,372.9502,361.1787,370.6693,2604600
2025-11-10,377.76,379.3864,369.3106,376.4212,1801700
2025-11-11,374.1006,376.8476,363.7075,364.8579,3103300
2025-11-12,364.9571,368.9139,363.3306,366.3355,1962100
2025-11-13,364.0447,365.4232,349.4468,351.1327,2762400
2025-11-14,347.0965,358.0052,344.1213,349.4666,3385200
2025-11-17,349.0402,350.5575,337.0208,339.9066,3019500
2025-11-18,337.5067,340.1546,332.3201,335.4836,3158100
2025-11-19,337.1497,343.3478,335.8704,342.7825,2650800
2025-11-20,353.4236,354.8119,324.2377,325.4674,4550600
2025-11-21,326.3104,329.464,317.5437,328.9582,4397400
2025-11-24,331.9532,332.8556,326.5384,327.6888,3672800
2025-11-25,327.2525,336.2571,322.0163,333.8572,3968800
2025-11-26,335.7415,341.7413,334.3828,338.8554,2474500
2025-11-28,341.5429,345.004,338.8059,343.0206,935100
2025-12-01,339.8074,341.0372,335.5927,336.8918,2248800
2025-12-02,340.6504,340.9281,330.1185,330.3466,3850000
2025-12-03,327.7582,333.411,320.8857,332.7862,3079400
2025-12-04,332.697,338.072,329.7417,336.1183,2351500
2025-12-05,336.0787,338.5877,333.2126,334.8589,1845400
2025-12-08,334.6506,342.8223,333.3416,340.5414,3734100
2025-12-09,341.2355,345.7478,338.7166,338.9248,2149700
2025-12-10,341.0173,351.4302,339.3711,350.5179,2554100
2025-12-11,347.6023,348.227,338.7265,347.4535,2405600
2025-12-12,346.2734,347.0767,326.6674,329.226,3921900
2025-12-15,331.725,333.2523,328.9681,330.4457,2569000
2025-12-16,330.4557,331.5366,323.9997,327.193,2527100
2025-12-17,326.5186,328.3731,309.3324,313.2,7694400
2025-12-18,319.3685,320.3998,311.3951,313.329,3826600
2025-12-19,313.0612,318.0494,312.8331,315.1636,7357000
2025-12-22,319.9337,320.0923,315.6297,317.7321,2080400
2025-12-23,317.0082,321.5204,316.552,320.132,2196900
2025-12-24,320.737,321.3816,318.4858,320.9849,766500
2025-12-26,320.5982,320.8461,318.6544,319.4974,1100800
2025-12-29,319.6659,322.7303,318.0098,318.7833,1948700
2025-12-30,318.8131,319.6064,317.3949,318.1982,1727000
2025-12-31,319.3287,319.3287,315.4909,315.8677,1553900
2026-01-02,320.5287,325.4872,318.5552,324.5947,2559600
2026-01-05,321.7188,328.1946,319.2593,319.5866,3381700
2026-01-06,319.656,330.3069,313.1405,330.2078,3246600
2026-01-07,330.2375,330.5053,317.9106,319.9932,3166100
2026-01-08,317.4544,318.1982,313.1604,317.9205,4582300
2026-01-09,319.4775,322.522,318.1288,321.8179,2690000
2026-01-12,320.4097,327.431,320.4097,326.3699,2166600
2026-01-13,327.1335,331.2292,327.0244,329.6227,2524500
2026-01-14,328.3235,331.6953,325.5071,328.3929,2148000
2026-01-15,333.7283,338.31,329.7813,330.6937,2127500
2026-01-16,340.6008,346.6998,337.7447,340.8983,3768500
2026-01-20,334.9779,341.8405,333.7085,334.7894,2869500
2026-01-21,337.1894,339.7479,331.6656,335.1563,3426200
2026-01-22,339.2818,340.1546,328.859,331.2689,2549000
2026-01-23,332.8358,333.9762,327.9367,328.4723,2235400
2026-01-26,328.4723,330.8623,324.7831,329.5235,2812600
2026-01-27,329.94,339.1232,326.4988,338.3596,2814700
2026-01-28,338.2108,346.3329,337.1794,344.4387,3072500
2026-01-29,352.2335,357.6383,347.4535,351.4302,4065400
2026-01-30,347.9493,352.4616,344.1511,348.5047,4260900
2026-02-02,348.2667,358.3325,347.4436,356.4582,3867500
2026-02-03,346.6106,372.7717,341.781,359.5226,5853300
2026-02-04,362.567,373.9915,352.055,361.972,5131600
2026-02-05,357.7871,359.2052,350.4187,351.7278,3303300
2026-02-06,356.3292,371.7899,354.7227,370.7189,3105600
2026-02-09,369.9057,377.3633,367.6843,373.932,2809400
2026-02-10,375.8063,379.0294,372.4147,374.3386,1795300
2026-02-11,390.7314,397.6734,387.3597,392.8041,3826600
2026-02-12,396.6817,405.0616,385.287,387.0919,4603600
2026-02-13,388.9563,391.2273,382.054,386.0208,2253500
2026-02-17,383.5714,389.9679,381.1714,388.2423,2094500
2026-02-18,390.6224,393.7066,375.8758,377.2245,2740000
2026-02-19,375.8559,379.7235,372.6229,374.1898,2277400
2026-02-20,372.0577,375.3601,366.9504,370.2825,2600300
2026-02-23,364.0745,365.5223,356.8549,359.0465,2920800
2026-02-24,360.9804,374.6163,360.1573,371.4528,2387200
2026-02-25,371.0758,373.932,365.7901,370.4312,2300100
2026-02-26,370.0544,371.6114,357.2713,371.4825,2231100
2026-02-27,363.7373,373.337,362.2695,372.8015,2169000
2026-03-02,366.7719,374.9336,364.5703,374.2692,1828400
2026-03-03,359.8002,362.7951,347.8403,352.6104,2864200
2026-03-04,354.9508,357.9953,348.3956,351.5195,1793000
2026-03-05,348.3658,353.3442,342.9015,351.8467,3219700
2026-03-06,343.4271,350.9145,337.8339,344.8651,3795100
2026-03-09,340.4719,352.6103,335.4439,350.9344,3409100
2026-03-10,351.8297,366.3736,349.7506,359.1812,3646400
2026-03-11,359.1315,361.0813,353.5507,353.9387,2807300
2026-03-12,350.3375,353.2821,343.6425,346.8259,2429200
2026-03-13,349.3726,359.1116,344.1996,353.5507,3581800
2026-03-16,359.0917,366.0851,357.4901,359.1613,3493900
2026-03-17,363.827,364.7223,353.4114,362.0562,1942300
2026-03-18,363.1008,368.4528,357.9676,358.664,2240200
2026-03-19,352.0386,361.1012,347.0348,358.3556,2144800
2026-03-20,359.609,365.1401,351.8098,354.9434,4219100
2026-03-23,360.8028,369.0397,357.689,357.8681,2618100
2026-03-24,357.8084,373.9738,354.7842,372.1534,2666100
2026-03-25,376.5007,378.4704,370.8303,373.0487,2527400
2026-03-26,368.8208,371.4371,354.8141,355.2419,2036900
2026-03-27,354.7245,361.4295,353.69,355.5005,2152100
2026-03-30,358.0173,362.0264,340.2204,341.7425,3239200
2026-03-31,345.4829,357.4105,344.2991,355.8089,2175100
2026-04-01,360.176,366.5129,359.8577,363.6578,1980500
2026-04-02,352.4763,364.0856,349.8103,359.221,1424600
2026-04-06,359.1215,362.3148,355.212,361.9965,1360900
2026-04-07,361.1111,367.1893,357.8382,366.9307,2185300
2026-04-08,386.4785,388.9356,379.1866,383.5736,2255100
2026-04-09,383.9915,399.0228,383.703,398.3563,2134100
2026-04-10,402.1167,404.8922,399.0129,400.903,2218700
2026-04-13,401.7486,402.6439,393.1237,401.2611,1818700
2026-04-14,400.6643,405.7079,395.4217,399.8087,1825900
2026-04-15,398.3563,399.2516,387.3738,393.0043,2266900
2026-04-16,391.9598,393.8996,385.6428,390.6865,1815700
2026-04-17,393.2033,408.7718,392.2284,404.0963,2624700
2026-04-20,404.8822,407.5284,401.8182,405.4492,2416200
2026-04-21,408.4833,416.203,407.0011,407.5681,2022300
2026-04-22,415.1386,417.2873,409.7468,411.7165,2683000
2026-04-23,415.059,427.0761,414.094,422.2911,2912100
2026-04-24,427.8122,430.0903,419.834,421.7142,2490300
2026-04-27,423.1864,424.1614,412.0447,414.6013,2463900
2026-04-28,405.877,414.2432,399.56,410.9206,2483900
2026-04-29,414.6909,416.4517,405.2403,408.6326,1932500
2026-04-30,415.4867,432.0401,415.4768,430.7569,3251000
2026-05-01,432.7365,433.1643,420.6398,423.3357,2478400
2026-05-04,424.0121,432.4878,419.7345,420.2419,3298500
2026-05-05,395.7002,413.7657,386.2397,408.7221,6876500
2026-05-06,421.7639,421.7639,406.8917,419.1974,3289700
2026-05-07,416.8197,417.7151,394.1483,397.073,3590000
2026-05-08,399.5769,405.8515,398.0207,400.5246,2386900
2026-05-11,401.0533,419.847,395.467,417.9716,3724700
2026-05-12,414.4603,414.959,395.2176,400.5445,2953100
2026-05-13,405.1731,408.5947,399.5769,405.9412,2316800
2026-05-14,408.9837,408.9837,402.0907,407.0984,2011900
2026-05-15,398.34,401.1331,394.3797,398.4597,3253300
2026-05-18,397.2327,397.2327,374.6383,380.9328,2862900
2026-05-19,371.496,376.2443,366.7377,370.9673,2951900
2026-05-20,372.8526,381.5213,370.5483,378.7581,2684600
2026-05-21,379.0674,384.0052,376.2742,380.5737,1933700
2026-05-22,384.4042,394.24,379.626,390.3895,2353500
2026-05-26,399.0881,408.6446,397.0232,402.1406,2855200
2026-05-27,401.7316,405.8315,394.3298,405.3726,2846000
2026-05-28,402.2104,405.4824,388.0452,400.9535,2318400
2026-05-29,401.4024,403.2878,396.5244,399.6168,3321300
2026-06-01,395.1079,403.2379,392.634,399.0981,2339300
2026-06-02,404.6145,418.6499,403.7566,416.595,2074500
2026-06-03,418.9692,425.543,413.6423,420.1762,2181800
2026-06-04,415.7172,420.5353,407.7568,417.5826,1859800
2026-06-05,407.5473,409.6022,392.205,394.9682,2538000
2026-06-08,399.148,405.5123,397.1229,402.1506,2100500
2026-06-09,406.0011,412.2357,385.6711,400.734,2335800
2026-06-10,394.5792,398.8487,374.1195,374.5385,3555500
2026-06-11,381.0624,395.2076,377.1321,392.6739,2639800
2026-06-12,395.5767,398.1504,387.3869,390.4294,2175100
2026-06-15,402.0907,411.0287,401.961,406.0609,2336700
2026-06-16,408.2755,414.5999,406.2305,406.7093,1788700
2026-06-17,413.1236,418.1412,406.9986,408.6346,2242500
2026-06-18,419.8071,424.8747,413.7121,420.7348,3715600
2026-06-22,425.9321,435.6681,421.5728,434.7104,2571500
2026-06-23,420.5154,420.5154,404.2853,404.2853,2459000
2026-06-24,404.016,411.717,399.527,403.597,2397000
2026-06-25,413.8917,424.9544,412.954,418.8395,1896100
2026-06-26,409.5424,412.126,397.1429,401.6917,5273200
2026-06-29,403.0683,410.7294,400.345,407.258,2201100
2026-06-30,409.9913,426.8797,408.9239,425.0742,2537600
2026-07-01,418.9592,422.4107,403.7466,411.298,2379600
2026-07-02,407.7667,413.7221,391.3371,397.5419,2601600
2026-07-06,404.5945,419.2186,403.4075,412.4053,1764800
2026-07-07,403.0583,405.0035,387.1475,394.7089,2330000
2026-07-08,390.6588,400.6243,389.7411,398.5793,1754200
2026-07-09,410.5399,413.8418,402.6593,404.834,1706200
2026-07-10,402.0308,410.6596,400.8537,406.2804,1404000
2026-07-13,402.1206,406.2305,396.1254,401.8613,1682900
2026-07-14,410.3903,415.9765,406.4998,414.5002,1918200
2026-07-15,417.9716,417.9716,400.4747,411.8467,1946000
2026-07-16,400.8039,405.622,389.9107,395.2974,3239100
2026-07-17,384.5139,403.7167,381.0624,399.0083,2650000
2026-07-20,407.2081,412.4452,398.29,400.4248,1650900
2026-07-21,409.3728,411.1983,400.9136,401.961,1883600
2026-07-22,397.073,411.4677,396.8835,405.9113,1770900
2026-07-23,401.7017,416.4055,401.7017,414.1111,1828100
2026-07-24,408.8241,413.9017,399.8861,403.0783,1564100
2026-07-27,403.0085,406.6595,386.5489,397.6616,2138900
2026-07-28,382.3293,387.6163,374.8278,385.312,2963500
2026-07-29,381.262,385.5713,357.251,360.9918,4513900
2026-07-30,380.5637,388.4343,377.6508,385.9405,3897300
2026-07-31,418.9692,418.9692,393.442,414.181,4550700
2026-08-03,412.9241,437.6831,409.1434,437.1544,3635400
2026-08-04,450.1824,450.8507,433.2341,443.6784,3028300
2026-08-05,444.1073,452.387,442.5811,446.1822,2178300
2026-08-06,443.858,456.6565,440.9152,447.09,1753600
2026-08-07,451.77,455.82,444.55,448.68,1721700
2026-08-10,453.9,453.93,444.07,444.96,1394600
2026-08-11,446.97,463.75,446.5,459.29,1840300
2026-08-12,476.02,478.0,459.03,459.96,1663000
2026-08-13,459.31,459.38,452.5,453.33,1565100
2026-08-14,453.76,456.67,449.01,451.51,1401000
2026-08-17,458.96,458.96,449.0,455.4,1605300
2026-08-18,444.19,444.89,428.9,431.33,2120700
2026-08-19,435.12,436.95,417.22,424.67,1748600
2026-08-20,422.05,425.42,415.15,415.29,1684300
2026-08-21,419.5,423.51,416.21,419.2,1749400
2026-08-24,415.23,417.99,406.95,408.67,1573400
2026-08-25,418.33,419.99,407.47,409.2,1521400
2026-08-26,411.97,420.93,409.78,419.44,1792900
2026-08-27,427.62,427.96,415.21,416.04,1621800
2026-08-28,417.5,419.03,402.31,402.78,1822900
2026-08-31,403.0,406.98,399.75,401.88,2165900
2026-09-01,397.99,401.0,387.0,390.71,2022300
2026-09-02,391.28,394.89,386.0,390.85,1631100
2026-09-03,390.03,397.87,384.77,397.12,1476800
2026-09-04,400.9,411.24,400.05,410.85,1889700
2026-09-08,423.68,430.25,419.5,422.13,2035200
2026-09-09,420.05,424.23,415.16,415.22,1775100
2026-09-10,410.0,414.37,405.7,409.15,1529300
2026-09-11,415.4,427.14,414.0,425.37,1630700
2026-09-14,393.01,400.66,387.0,393.16,3188400
2026-09-15,398.8,400.27,389.4,392.4,2689300
2026-09-16,397.65,403.32,393.6,397.8,1810600
2026-09-17,415.08,418.86,408.73,409.46,2602500
2026-09-18,411.48,425.34,410.93,424.77,4612300
2026-09-21,430.21,438.26,426.06,435.43,2194500
2026-09-23,442.56,443.49,436.1,438.76,1787100
2026-09-24,429.36,441.38,427.96,440.0,1362000
2026-09-25,444.4,447.33,436.18,439.98,1416900
2026-09-28,437.71,441.94,423.83,431.41,2367400
2026-09-29,436.62,437.05,430.56,433.27,1957400
2026-09-30,434.0,434.75,428.0,429.71,1862100
2026-10-01,429.63,439.64,423.0,437.28,1606300
2026-10-02,446.56,452.0,433.65,436.11,2093600
2026-10-05,436.48,439.76,431.38,432.6,1426700
2026-10-06,436.4,446.73,434.02,445.09,1592900
