date,open,high,low,close,volume
2016-08-19,1.7173,1.7791,1.7125,1.7601,427396
2016-08-22,1.7839,1.8124,1.7839,1.8029,699476
2016-08-23,1.8172,1.8219,1.7744,1.8029,1040410
2016-08-24,1.7648,1.7648,1.6982,1.7601,28397
2016-08-25,1.7363,1.7363,1.7363,1.7363,9518
2016-08-26,1.7125,1.7601,1.7125,1.7601,161820
2016-08-29,1.7411,1.7601,1.7411,1.7411,90111
2016-08-30,1.7601,1.7648,1.7553,1.7553,260181
2016-09-01,1.7411,1.7744,1.7411,1.7744,220995
2016-09-02,1.7744,1.7839,1.7744,1.7791,176098
2016-09-05,1.7791,1.7791,1.7744,1.7791,453255
2016-09-06,1.7791,1.8077,1.7791,1.8077,514493
2016-09-07,1.8077,1.8124,1.8029,1.8124,87890
2016-09-08,1.8124,1.8647,1.8124,1.8647,214332
2016-09-09,1.8647,1.8647,1.8552,1.8552,37758
2016-09-13,1.8457,1.8457,1.841,1.841,201799
2016-09-14,1.8172,1.8219,1.8029,1.8029,496090
2016-09-15,1.7886,1.7886,1.7791,1.7886,198468
2016-09-19,1.7886,1.8552,1.7839,1.8077,235591
2016-09-20,1.8029,1.8124,1.8029,1.8077,153253
2016-09-21,1.8077,1.8172,1.8029,1.8077,194343
2016-09-22,1.8077,1.8172,1.8077,1.8172,32681
2016-09-23,1.8077,1.8124,1.8077,1.8077,132629
2016-09-26,1.8077,1.8124,1.8029,1.8077,346486
2016-09-27,1.7934,1.7934,1.7839,1.7934,65362
2016-09-28,1.7886,1.7886,1.7744,1.7886,818303
2016-09-29,1.7886,1.7934,1.7839,1.7886,679487
2016-09-30,1.7886,1.7886,1.7839,1.7839,71708
2016-10-04,1.7681,1.7681,1.7681,1.7681,10470
2016-10-05,1.7681,1.7729,1.7634,1.7681,564150
2016-10-06,1.7634,1.7634,1.7493,1.7587,67107
2016-10-07,1.7446,1.7446,1.7351,1.7446,295084
2016-10-10,1.7446,1.7446,1.7446,1.7446,4759
2016-10-11,1.7446,1.754,1.7446,1.7446,43786
2016-10-12,1.754,1.7587,1.7493,1.7493,64569
2016-10-13,1.7446,1.754,1.7446,1.7493,80751
2016-10-14,1.754,1.754,1.7493,1.754,20306
2016-10-17,1.7446,1.7634,1.7446,1.7446,199578
2016-10-18,1.7399,1.7399,1.7351,1.7351,204496
2016-10-19,1.7399,1.7493,1.7399,1.7446,362509
2016-10-20,1.7399,1.7587,1.7399,1.7493,672506
2016-10-21,1.754,1.7587,1.7399,1.7399,475466
2016-10-24,1.7681,1.7681,1.7446,1.7446,102962
2016-10-25,1.7587,1.7776,1.7587,1.7634,406454
2016-10-26,1.7634,1.7634,1.7493,1.7493,62031
2016-10-27,1.7446,1.7446,1.7399,1.7446,54574
2016-10-28,1.7587,1.7587,1.7493,1.7493,81862
2016-10-31,1.7446,1.754,1.7446,1.7493,38075
2016-11-01,1.7493,1.7587,1.7493,1.7587,96457
2016-11-02,1.7587,1.7587,1.7446,1.7493,201006
2016-11-03,1.754,1.754,1.7399,1.7399,94553
2016-11-04,1.7351,1.754,1.7163,1.754,823380
2016-11-07,1.7587,1.7729,1.7587,1.7634,249393
2016-11-08,1.7917,1.7917,1.7634,1.7634,423747
2016-11-09,1.7634,1.7681,1.7304,1.7493,284930
2016-11-10,1.7634,1.7776,1.7493,1.7493,881128
2016-11-11,1.7953,1.7953,1.7354,1.7703,364200
2016-11-14,1.7753,1.7753,1.7454,1.7554,218250
2016-11-15,1.7504,1.7504,1.7354,1.7504,247050
2016-11-16,1.7504,1.7554,1.6905,1.6955,1111200
2016-11-17,1.6905,1.7205,1.6905,1.6955,814350
2016-11-18,1.7055,1.7105,1.6905,1.7055,225450
2016-11-21,1.7255,1.7304,1.6955,1.6955,2932800
2016-11-22,1.7005,1.7953,1.7005,1.7703,500550
2016-11-23,1.7703,1.7753,1.7454,1.7454,164850
2016-11-24,1.7554,1.7903,1.7554,1.7753,302250
2016-11-25,1.7853,1.8651,1.7853,1.8402,386250
2016-11-28,1.8501,1.885,1.8152,1.8451,1086750
2016-11-29,1.8451,1.8701,1.8252,1.8352,283650
2016-11-30,1.8551,1.8701,1.8052,1.8651,252900
2016-12-01,1.8651,1.895,1.8402,1.8651,597450
2016-12-02,1.89,1.89,1.8451,1.8701,346200
2016-12-05,1.8701,1.8751,1.8651,1.8651,336150
2016-12-06,1.8701,1.885,1.8601,1.8601,505350
2016-12-07,1.8451,1.8551,1.8352,1.8402,352200
2016-12-08,1.8451,1.8601,1.8302,1.8451,212850
2016-12-09,1.8601,1.8601,1.8352,1.8402,185550
2016-12-13,1.8402,1.8751,1.8402,1.8451,199650
2016-12-14,1.8651,1.8651,1.8352,1.8352,155550
2016-12-15,1.8003,1.8501,1.8003,1.8402,334200
2016-12-16,1.8352,1.8451,1.8302,1.8402,215700
2016-12-19,1.8352,1.8551,1.8302,1.8402,481950
2016-12-20,1.8451,1.8551,1.8451,1.8501,857100
2016-12-21,1.8451,1.8501,1.8402,1.8501,286800
2016-12-22,1.8501,1.8501,1.8402,1.8451,63000
2016-12-23,1.8352,1.8501,1.8252,1.8451,697050
2016-12-27,1.8352,1.8402,1.8302,1.8352,73050
2016-12-28,1.8302,1.8451,1.8302,1.8352,126750
2016-12-29,1.8352,1.8352,1.8252,1.8302,222600
2016-12-30,1.8302,1.8352,1.8102,1.8352,565950
2017-01-02,1.8352,1.8352,1.8352,1.8352,0
2017-01-03,1.8352,1.8451,1.8302,1.8451,136350
2017-01-04,1.8402,1.89,1.8402,1.89,454200
2017-01-05,1.89,1.9748,1.89,1.9648,1244100
2017-01-06,1.9698,1.9698,1.9399,1.9449,1030200
2017-01-09,1.9449,1.9449,1.9299,1.9399,734550
2017-01-10,1.9399,1.9598,1.9349,1.9399,668550
2017-01-11,1.9399,2.0047,1.9399,1.9449,530100
2017-01-12,1.9549,1.9698,1.9399,1.9399,346350
2017-01-13,1.9598,1.9598,1.9349,1.9399,338400
2017-01-16,1.9399,1.9399,1.915,1.9299,68550
2017-01-17,1.9249,1.9399,1.89,1.895,249300
2017-01-18,1.89,1.9449,1.89,1.9249,130050
2017-01-19,1.9299,1.9299,1.895,1.915,89100
2017-01-20,1.895,1.915,1.89,1.895,174300
2017-01-23,1.895,1.9399,1.89,1.9299,171600
2017-01-24,1.9299,1.9299,1.9199,1.9249,144000
2017-01-25,1.9249,1.9249,1.895,1.895,284550
2017-01-26,1.9,1.915,1.9,1.915,57900
2017-01-27,1.915,1.9249,1.915,1.9199,69150
2017-01-31,1.9199,1.9299,1.905,1.9299,625050
2017-02-02,1.9249,1.9449,1.9249,1.9349,343050
2017-02-03,1.9449,1.9449,1.9349,1.9399,471900
2017-02-06,1.9399,1.9399,1.915,1.9249,1016100
2017-02-07,1.9449,1.9748,1.9349,1.9549,1085100
2017-02-08,1.9598,1.9898,1.9549,1.9798,678750
2017-02-10,1.9898,1.9947,1.9848,1.9947,284400
2017-02-13,1.9898,1.9947,1.9798,1.9848,374250
2017-02-14,1.9748,1.9798,1.9598,1.9598,243750
2017-02-15,1.9598,1.9698,1.9598,1.9648,491850
2017-02-16,1.9598,1.9698,1.9549,1.9648,316500
2017-02-17,1.9648,1.9648,1.9499,1.9499,802950
2017-02-20,1.9449,1.9499,1.915,1.9249,616950
2017-02-21,1.9249,1.9299,1.905,1.9299,747600
2017-02-22,1.915,1.915,1.88,1.88,435900
2017-02-23,1.88,1.88,1.8551,1.8551,879600
2017-02-24,1.8551,1.8651,1.7953,1.8651,1149150
2017-02-27,1.8701,1.8701,1.8402,1.8551,223650
2017-02-28,1.8402,1.8402,1.7903,1.8052,875100
2017-03-01,1.8003,1.8202,1.7454,1.7903,1219050
2017-03-02,1.7853,1.8352,1.7803,1.8302,258000
2017-03-03,1.8302,1.8302,1.8102,1.8252,278250
2017-03-06,1.8252,1.8501,1.8252,1.8451,139800
2017-03-07,1.8701,1.8701,1.8551,1.8651,280050
2017-03-08,1.8651,1.8651,1.8302,1.8352,87450
2017-03-09,1.8302,1.8302,1.8052,1.8252,263550
2017-03-10,1.8352,1.8352,1.8202,1.8252,91050
2017-03-13,1.8352,1.8352,1.8003,1.8052,195600
2017-03-14,1.8052,1.8052,1.7853,1.8052,116400
2017-03-15,1.7803,1.8052,1.7803,1.8003,18000
2017-03-16,1.7953,1.8102,1.7953,1.8102,147600
2017-03-17,1.7953,1.8152,1.7953,1.8003,65850
2017-03-20,1.8052,1.8152,1.8003,1.8003,416100
2017-03-21,1.8252,1.8302,1.8102,1.8302,44250
2017-03-22,1.8352,1.8402,1.8252,1.8352,108750
2017-03-23,1.8252,1.8402,1.8202,1.8202,136950
2017-03-24,1.8451,1.8451,1.8152,1.8202,84450
2017-03-27,1.8202,1.8352,1.8052,1.8252,205050
2017-03-28,1.8252,1.8252,1.8052,1.8052,112050
2017-03-29,1.8102,1.8102,1.8003,1.8003,28200
2017-03-30,1.8003,1.8003,1.7903,1.7953,220050
2017-03-31,1.8052,1.8152,1.8052,1.8152,41850
2017-04-03,1.8052,1.8202,1.7953,1.8102,46200
2017-04-04,1.7953,1.8052,1.7853,1.7903,220050
2017-04-05,1.7903,1.7953,1.7853,1.7903,147600
2017-04-06,1.7803,1.7903,1.7803,1.7853,91650
2017-04-07,1.7803,1.7803,1.7753,1.7803,51600
2017-04-10,1.7803,1.7903,1.7753,1.7753,166950
2017-04-11,1.7753,1.7753,1.7604,1.7703,103050
2017-04-12,1.7554,1.7554,1.7205,1.7454,717750
2017-04-13,1.7504,1.7504,1.7105,1.7255,513300
2017-04-14,1.7205,1.7205,1.7155,1.7155,130950
2017-04-17,1.7155,1.7255,1.7155,1.7255,46950
2017-04-18,1.7454,1.7504,1.7205,1.7255,403500
2017-04-19,1.7255,1.7255,1.7005,1.7055,179700
2017-04-20,1.7005,1.7205,1.7005,1.7105,42900
2017-04-21,1.7205,1.7205,1.7055,1.7055,130350
2017-04-24,1.7155,1.7155,1.7155,1.7155,0
2017-04-25,1.7155,1.7155,1.7055,1.7105,146100
2017-04-26,1.7105,1.7155,1.7005,1.7055,114300
2017-04-27,1.7105,1.7155,1.6856,1.6905,831900
2017-04-28,1.7055,1.7105,1.7005,1.7105,55350
2017-05-02,1.7105,1.7653,1.7105,1.7404,190350
2017-05-03,1.7354,1.8152,1.7354,1.7953,535200
2017-05-04,1.8003,1.8102,1.7604,1.7853,296100
2017-05-05,1.7853,1.7903,1.7753,1.7853,216000
2017-05-08,1.7454,1.7953,1.7454,1.7903,51300
2017-05-09,1.7903,1.7953,1.7753,1.7953,265200
2017-05-11,1.7903,1.7903,1.7853,1.7903,56400
2017-05-12,1.7853,1.7853,1.7554,1.7554,267600
2017-05-15,1.7554,1.7953,1.7504,1.7853,197100
2017-05-16,1.7853,1.7953,1.7703,1.7753,138600
2017-05-17,1.7853,1.7853,1.7554,1.7753,62250
2017-05-18,1.7604,1.7703,1.7554,1.7604,93150
2017-05-19,1.7703,1.7853,1.7604,1.7853,61950
2017-05-22,1.7853,1.7953,1.7803,1.7803,183000
2017-05-23,1.7853,1.8102,1.7803,1.7953,240600
2017-05-24,1.8102,1.8152,1.7953,1.7953,112200
2017-05-25,1.8003,1.8102,1.7953,1.8003,23250
2017-05-26,1.8102,1.8152,1.8003,1.8052,78750
2017-05-29,1.8003,1.8003,1.7953,1.7953,22500
2017-05-31,1.7803,1.7953,1.7803,1.7803,233700
2017-06-01,1.7903,1.7953,1.7703,1.7703,136650
2017-06-02,1.7853,1.7903,1.7753,1.7753,18900
2017-06-05,1.7803,1.7853,1.7753,1.7803,158850
2017-06-06,1.7803,1.7953,1.7105,1.7953,597450
2017-06-07,1.7953,1.7953,1.7953,1.7953,0
2017-06-08,1.7703,1.7703,1.7554,1.7653,102900
2017-06-09,1.7753,1.7753,1.7604,1.7653,20100
2017-06-13,1.7803,1.7803,1.7604,1.7653,72150
2017-06-14,1.7653,1.7703,1.7454,1.7454,210600
2017-06-15,1.7604,1.7803,1.7554,1.7703,91500
2017-06-16,1.7653,1.7953,1.7653,1.7953,231000
2017-06-19,1.8003,1.8302,1.7953,1.8202,265950
2017-06-20,1.8202,1.8402,1.8202,1.8302,150450
2017-06-21,1.8352,1.8352,1.7853,1.7853,224700
2017-06-22,1.8052,1.8052,1.7903,1.7953,49350
2017-06-23,1.8052,1.8152,1.8003,1.8152,31650
2017-06-26,1.8102,1.8102,1.8102,1.8102,0
2017-06-27,1.8102,1.8102,1.8102,1.8102,0
2017-06-28,1.8153,1.8456,1.7597,1.8052,43350
2017-06-29,1.8052,1.8153,1.7951,1.8052,82500
2017-06-30,1.7951,1.8052,1.7951,1.8001,21000
2017-07-03,1.7951,1.8153,1.7951,1.8102,69600
2017-07-04,1.8001,1.8001,1.7698,1.7849,174900
2017-07-05,1.79,1.7951,1.7849,1.7951,532950
2017-07-06,1.8001,1.8102,1.7849,1.7951,24600
2017-07-07,1.7951,1.8153,1.7799,1.8153,591750
2017-07-10,1.8153,1.8153,1.8153,1.8153,0
2017-07-11,1.7849,1.8001,1.7698,1.8001,83100
2017-07-12,1.8001,1.8052,1.8001,1.8001,107250
2017-07-13,1.8001,1.8052,1.7951,1.8001,235200
2017-07-14,1.8001,1.8052,1.8001,1.8001,187200
2017-07-17,1.7951,1.8001,1.7698,1.7849,135000
2017-07-18,1.7849,1.8001,1.7849,1.7951,109350
2017-07-19,1.7951,1.8203,1.7698,1.8102,151950
2017-07-20,1.8102,1.8102,1.7849,1.8102,241650
2017-07-21,1.7951,1.7951,1.7799,1.79,63000
2017-07-24,1.79,1.8001,1.7799,1.7849,174750
2017-07-25,1.7849,1.8001,1.7748,1.7748,166050
2017-07-26,1.7698,1.79,1.7647,1.7849,135600
2017-07-27,1.7849,1.79,1.7799,1.7849,258450
2017-07-28,1.7849,1.79,1.7698,1.7698,159750
2017-07-31,1.7698,1.8102,1.7698,1.8102,26850
2017-08-01,1.8102,1.8305,1.8102,1.8203,200850
2017-08-02,1.8203,1.8254,1.7849,1.7849,255150
2017-08-03,1.8102,1.8102,1.79,1.79,113400
2017-08-04,1.8203,1.8203,1.8001,1.8001,74100
2017-08-07,1.8001,1.8254,1.8001,1.8102,45150
2017-08-08,1.79,1.7951,1.7748,1.7799,333750
2017-08-09,1.7799,1.7799,1.7799,1.7799,0
2017-08-10,1.7951,1.8052,1.79,1.8001,278100
2017-08-11,1.7849,1.7951,1.7799,1.7799,250800
2017-08-14,1.7799,1.79,1.7799,1.7849,29100
2017-08-15,1.7951,1.7951,1.7748,1.7799,290850
2017-08-16,1.7799,1.8001,1.7748,1.7799,241650
2017-08-17,1.7799,1.8001,1.7698,1.7799,138300
2017-08-18,1.7748,1.7799,1.7647,1.7647,212100
2017-08-21,1.7799,1.7799,1.7597,1.7597,130050
2017-08-22,1.7698,1.8001,1.7647,1.8001,178950
2017-08-23,1.8052,1.8507,1.8001,1.8406,307050
2017-08-24,1.8203,1.8406,1.8203,1.8305,157650
2017-08-25,1.8305,1.8355,1.8153,1.8153,377850
2017-08-28,1.8507,1.9114,1.8507,1.8861,1446750
2017-08-29,1.8861,1.8861,1.8608,1.8608,246900
2017-08-30,1.8861,1.8962,1.8709,1.8861,691800
2017-08-31,1.8861,1.8861,1.8861,1.8861,0
2017-09-01,1.8861,1.8861,1.8861,1.8861,0
2017-09-04,1.8861,1.8861,1.8861,1.8861,0
2017-09-05,1.9012,1.9063,1.8861,1.8861,511200
2017-09-06,1.9114,1.972,1.9012,1.9468,466350
2017-09-07,1.9569,1.972,1.9316,1.9366,498750
2017-09-08,1.9417,1.9518,1.9114,1.9215,563850
2017-09-11,1.9215,1.972,1.9215,1.972,454350
2017-09-12,1.9872,2.0175,1.9822,2.0024,692250
2017-09-13,2.0024,2.0226,1.9872,2.0125,215100
2017-09-14,2.0125,2.0226,2.0125,2.0175,780600
2017-09-15,2.0175,2.0175,1.9973,2.0074,313350
2017-09-18,2.0024,2.0175,1.9973,2.0125,733050
2017-09-19,2.0024,2.0175,2.0024,2.0175,242550
2017-09-20,2.0226,2.0226,2.0125,2.0226,1666350
2017-09-21,2.0125,2.0378,2.0125,2.0226,4505850
2017-09-22,2.0226,2.0226,2.0226,2.0226,0
2017-09-25,2.0226,2.0226,1.9973,2.0125,1014900
2017-09-26,2.0074,2.0175,2.0074,2.0175,640650
2017-09-27,2.0175,2.0277,2.0175,2.0226,974700
2017-09-28,2.0226,2.0226,2.0125,2.0226,4552050
2017-09-29,2.0226,2.0327,2.0175,2.0226,958050
2017-10-02,2.0226,2.0631,2.0226,2.0529,401100
2017-10-03,2.0631,2.1136,2.0631,2.1086,730350
2017-10-04,2.0985,2.0985,2.058,2.0934,117000
2017-10-05,2.0833,2.1035,2.0782,2.0934,321600
2017-10-06,2.0883,2.1237,2.0833,2.1136,958500
2017-10-09,2.1035,2.144,2.1035,2.1237,968700
2017-10-10,2.1237,2.1338,2.1136,2.1288,564300
2017-10-11,2.1338,2.1338,2.0985,2.1086,404250
2017-10-12,2.0985,2.1035,2.0883,2.0883,250050
2017-10-13,2.0934,2.1136,2.0934,2.1086,412500
2017-10-16,2.1136,2.1187,2.0883,2.1136,676650
2017-10-17,2.1187,2.1187,2.1035,2.1136,877350
2017-10-18,2.1136,2.1136,2.1136,2.1136,0
2017-10-19,2.1136,2.1389,2.1136,2.1389,497400
2017-10-20,2.144,2.144,2.1187,2.1187,90150
2017-10-23,2.1187,2.1288,2.1187,2.1237,575400
2017-10-24,2.1187,2.1338,2.1187,2.1288,633450
2017-10-25,2.1237,2.1338,2.1237,2.1288,499650
2017-10-26,2.1288,2.1591,2.1288,2.1541,664500
2017-10-27,2.1642,2.1844,2.1591,2.1642,342150
2017-10-30,2.1743,2.24,2.1591,2.2299,935250
2017-10-31,2.2249,2.3563,2.2249,2.3159,698400
2017-11-01,2.3159,2.3159,2.2653,2.2653,167550
2017-11-02,2.2704,2.2957,2.2704,2.2704,95700
2017-11-03,2.3058,2.3058,2.2754,2.2957,163050
2017-11-06,2.2957,2.3867,2.2805,2.3816,382350
2017-11-07,2.3766,2.3766,2.3462,2.3664,235650
2017-11-08,2.3766,2.3816,2.3563,2.3614,265500
2017-11-09,2.3563,2.3614,2.326,2.3311,101100
2017-11-10,2.326,2.326,2.3007,2.3058,154050
2017-11-13,2.3058,2.3058,2.2552,2.2552,54000
2017-11-14,2.2552,2.2552,2.2046,2.235,95400
2017-11-15,2.235,2.235,2.2046,2.2046,97500
2017-11-16,2.2046,2.2249,2.1743,2.2249,165750
2017-11-17,2.2552,2.2552,2.1996,2.2198,244950
2017-11-20,2.2198,2.2704,2.2148,2.2148,63300
2017-11-21,2.1692,2.1743,2.1389,2.1642,297600
2017-11-22,2.1237,2.1389,2.0833,2.0833,369000
2017-11-23,2.1237,2.1844,2.1237,2.1794,772050
2017-11-24,2.1237,2.1288,2.1136,2.1136,51600
2017-11-27,2.1136,2.144,2.1136,2.1237,210750
2017-11-28,2.1136,2.1187,2.1035,2.1035,92700
2017-11-29,2.0985,2.1035,2.0732,2.1035,425700
2017-11-30,2.1288,2.149,2.1187,2.1237,930600
2017-12-01,2.1237,2.1237,2.1237,2.1237,0
2017-12-04,2.0985,2.0985,2.0479,2.0782,11400
2017-12-05,2.0782,2.0782,1.9822,2.0226,326550
2017-12-06,2.0226,2.0226,2.0226,2.0226,12900
2017-12-07,2.0226,2.0378,1.9973,2.0378,268500
2017-12-08,2.0277,2.0529,2.0277,2.0479,263850
2017-12-11,2.0479,2.0529,2.0378,2.0479,325800
2017-12-12,2.0479,2.1086,2.0479,2.1086,234450
2017-12-13,2.1086,2.1136,2.0378,2.0378,16350
2017-12-14,2.0428,2.1035,2.0378,2.0479,82200
2017-12-15,2.0479,2.0833,1.9518,1.9569,615900
2017-12-18,1.9569,2.0327,1.9569,2.0226,191700
2017-12-19,1.9822,2.0732,1.9822,2.0327,189900
2017-12-20,2.0631,2.0631,1.9872,1.9973,62400
2017-12-21,2.0024,2.0175,1.9973,1.9973,57000
2017-12-22,2.0074,2.0277,2.0074,2.0074,31800
2017-12-25,2.0074,2.0074,2.0074,2.0074,0
2017-12-26,2.0024,2.0024,1.972,1.972,73650
2017-12-27,1.9973,1.9973,1.967,1.972,213750
2017-12-28,1.967,1.972,1.9569,1.9619,110850
2017-12-29,1.967,1.9923,1.9569,1.972,156150
2018-01-02,1.972,2.0175,1.972,2.0024,80850
2018-01-03,1.9973,2.0024,1.972,1.972,195750
2018-01-04,1.9771,2.0378,1.9771,2.0074,64800
2018-01-05,2.0074,2.0277,1.9923,1.9923,33150
2018-01-08,2.0277,2.0479,2.0125,2.0125,132750
2018-01-09,2.0175,2.0327,2.0125,2.0125,137250
2018-01-10,2.0175,2.0277,2.0175,2.0277,196200
2018-01-11,2.0277,2.0378,2.0277,2.0277,60450
2018-01-12,2.0277,2.0631,2.0277,2.0479,243900
2018-01-15,2.0631,2.0732,2.0428,2.0681,406650
2018-01-16,2.0529,2.0883,2.0529,2.0833,439500
2018-01-17,2.0782,2.0782,2.058,2.0732,17700
2018-01-18,2.0277,2.0277,1.9771,1.9771,425550
2018-01-19,1.972,1.972,1.9366,1.9366,285000
2018-01-22,1.9417,1.9518,1.9063,1.9114,455850
2018-01-23,1.9114,1.9316,1.9063,1.9114,321750
2018-01-24,1.9114,1.9164,1.9063,1.9114,192600
2018-01-25,1.9164,1.9316,1.9164,1.9164,292200
2018-01-26,1.9164,1.9316,1.9164,1.9215,275850
2018-01-29,1.9215,1.9265,1.9164,1.9164,152550
2018-01-30,1.9215,1.9215,1.8962,1.8962,341100
2018-02-02,1.9114,1.9215,1.8962,1.9114,280050
2018-02-05,1.9012,1.9114,1.876,1.876,184650
2018-02-06,1.8709,1.8709,1.7698,1.8406,222300
2018-02-07,1.8406,1.8709,1.8406,1.8557,310050
2018-02-08,1.8557,1.8709,1.8507,1.8557,187350
2018-02-09,1.8507,1.8507,1.8305,1.8507,280200
2018-02-12,1.8507,1.8507,1.8254,1.8254,210000
2018-02-13,1.8456,1.8456,1.8203,1.8203,250650
2018-02-14,1.8254,1.8254,1.8102,1.8102,152700
2018-02-15,1.8153,1.8153,1.8102,1.8102,9000
2018-02-16,1.8102,1.8102,1.8102,1.8102,0
2018-02-19,1.8102,1.8406,1.8102,1.8305,182700
2018-02-20,1.8305,1.8709,1.8305,1.8709,188700
2018-02-21,1.8709,1.8709,1.8608,1.8608,8400
2018-02-22,1.8962,1.9012,1.8861,1.8861,94650
2018-02-23,1.8911,1.8911,1.8709,1.8709,63000
2018-02-26,1.8709,1.8709,1.8709,1.8709,0
2018-02-27,1.876,1.9215,1.876,1.9215,232500
2018-02-28,1.9215,1.9215,1.876,1.881,129300
2018-03-01,1.881,1.9619,1.881,1.9265,232800
2018-03-02,1.9316,1.9468,1.9114,1.9114,135300
2018-03-05,1.9215,1.9215,1.876,1.881,163500
2018-03-06,1.881,1.881,1.8659,1.881,20400
2018-03-07,1.881,1.8962,1.8608,1.8709,118950
2018-03-08,1.8659,1.8709,1.8406,1.8406,680250
2018-03-09,1.8406,1.8659,1.8305,1.8608,246900
2018-03-12,1.8608,1.881,1.8608,1.881,270600
2018-03-13,1.8709,1.881,1.8709,1.881,23100
2018-03-14,1.876,1.876,1.8608,1.8608,115800
2018-03-15,1.8608,1.8608,1.8608,1.8608,121050
2018-03-16,1.8608,1.8659,1.8507,1.8608,160650
2018-03-19,1.8608,1.8608,1.8355,1.8355,131700
2018-03-20,1.8355,1.8355,1.8102,1.8153,347250
2018-03-21,1.8203,1.8406,1.8203,1.8305,78300
2018-03-22,1.8254,1.8456,1.8001,1.8355,218250
2018-03-23,1.8254,1.8709,1.8203,1.8709,109800
2018-03-26,1.8355,1.8557,1.8305,1.8456,53550
2018-03-27,1.8507,1.881,1.8254,1.8709,339900
2018-03-28,1.8507,1.8507,1.8507,1.8507,10350
2018-03-29,1.8507,1.8557,1.8507,1.8507,19950
2018-03-30,1.8507,1.881,1.8507,1.8709,8850
2018-04-02,1.8608,1.8709,1.8608,1.8709,183150
2018-04-03,1.8507,1.8507,1.8456,1.8456,19500
2018-04-04,1.8406,1.8406,1.8052,1.8052,114300
2018-04-05,1.8052,1.8052,1.8001,1.8001,62400
2018-04-06,1.8001,1.8001,1.7951,1.7951,29400
2018-04-09,1.8203,1.8203,1.7748,1.8052,15150
2018-04-10,1.8203,1.8254,1.8052,1.8203,41400
2018-04-11,1.8305,1.8608,1.8305,1.8608,78150
2018-04-12,1.8608,1.8608,1.8507,1.8608,9600
2018-04-13,1.8557,1.8709,1.8456,1.8709,46950
2018-04-16,1.8608,1.8608,1.8507,1.8608,26700
2018-04-17,1.8608,1.8608,1.8456,1.8608,22500
2018-04-18,1.8456,1.8456,1.8456,1.8456,15600
2018-04-19,1.8608,1.8608,1.8456,1.8507,7200
2018-04-20,1.8608,1.8608,1.8507,1.8608,14850
2018-04-23,1.8659,1.8659,1.8456,1.8507,5550
2018-04-24,1.8507,1.8507,1.8507,1.8507,0
2018-04-25,1.8052,1.8153,1.8052,1.8153,24150
2018-04-26,1.8203,1.8406,1.8203,1.8406,162450
2018-04-27,1.8406,1.8406,1.8153,1.8406,66450
2018-04-30,1.8203,1.8203,1.8203,1.8203,3150
2018-05-02,1.8203,1.8456,1.8102,1.8456,55350
2018-05-03,1.8456,1.8456,1.8456,1.8456,0
2018-05-04,1.8102,1.8406,1.8102,1.8406,38550
2018-05-07,1.8153,1.8203,1.8102,1.8203,17100
2018-05-08,1.8153,1.8507,1.8102,1.8507,13800
2018-05-14,1.8709,1.876,1.8456,1.876,49200
2018-05-15,1.8709,1.8962,1.8709,1.8709,117150
2018-05-16,1.8709,1.8709,1.8456,1.8507,49050
2018-05-17,1.8456,1.8456,1.8355,1.8406,110400
2018-05-18,1.8305,1.8355,1.8203,1.8203,152400
2018-05-21,1.8203,1.8456,1.7142,1.7496,346500
2018-05-22,1.7496,1.7597,1.7445,1.7597,102000
2018-05-23,1.7597,1.7597,1.7394,1.7445,84300
2018-05-24,1.6939,1.7091,1.6585,1.6636,369450
2018-05-25,1.6737,1.6838,1.6636,1.6636,103200
2018-05-28,1.6686,1.6737,1.6585,1.6636,210900
2018-05-30,1.6636,1.6636,1.6636,1.6636,0
2018-05-31,1.6383,1.6383,1.6383,1.6383,0
2018-06-01,1.6181,1.6231,1.613,1.6181,230850
2018-06-04,1.6181,1.6181,1.608,1.608,196200
2018-06-05,1.6029,1.613,1.6029,1.608,49650
2018-06-06,1.613,1.613,1.6029,1.6029,249300
2018-06-07,1.6029,1.613,1.6029,1.608,245550
2018-06-08,1.5979,1.608,1.5928,1.608,27300
2018-06-11,1.608,1.6181,1.608,1.608,50850
2018-06-12,1.608,1.6231,1.608,1.6181,84450
2018-06-13,1.613,1.6181,1.608,1.613,253500
2018-06-14,1.613,1.6535,1.608,1.6535,533100
2018-06-18,1.6434,1.6484,1.6434,1.6434,47550
2018-06-19,1.6333,1.6484,1.6029,1.6181,35550
2018-06-20,1.6181,1.6181,1.608,1.608,21150
2018-06-21,1.5979,1.608,1.5877,1.5979,135900
2018-06-22,1.6231,1.6282,1.6029,1.6029,33600
2018-06-25,1.6029,1.6231,1.5979,1.608,18300
2018-06-26,1.6029,1.6181,1.6029,1.6181,52950
2018-06-27,1.6335,1.6335,1.6078,1.6078,42750
2018-06-28,1.6232,1.6232,1.5717,1.6232,20850
2018-06-29,1.6232,1.6284,1.6181,1.6232,52950
2018-07-02,1.6026,1.6026,1.5975,1.5975,142500
2018-07-03,1.5975,1.5975,1.5459,1.5614,420900
2018-07-04,1.5459,1.5511,1.5408,1.5408,141000
2018-07-05,1.5408,1.5459,1.5356,1.5356,115050
2018-07-06,1.5408,1.5408,1.5202,1.5253,39900
2018-07-09,1.5253,1.5305,1.5253,1.5253,273900
2018-07-10,1.5356,1.5408,1.5356,1.5408,67800
2018-07-11,1.5253,1.5253,1.5202,1.5202,8850
2018-07-12,1.5408,1.5459,1.5356,1.5459,13500
2018-07-13,1.5511,1.5511,1.5408,1.5408,27750
2018-07-16,1.5459,1.5562,1.5408,1.5459,78600
2018-07-17,1.5459,1.5614,1.5459,1.5614,34350
2018-07-18,1.5614,1.5769,1.5614,1.5769,41850
2018-07-19,1.582,1.6181,1.5769,1.5769,267000
2018-07-20,1.5769,1.5769,1.5459,1.5459,423150
2018-07-23,1.5511,1.5562,1.5408,1.5459,429150
2018-07-24,1.5459,1.5562,1.5459,1.5511,470850
2018-07-25,1.5511,1.5614,1.5408,1.5562,350400
2018-07-26,1.5562,1.5717,1.5459,1.5717,129900
2018-07-27,1.5614,1.5614,1.5511,1.5511,39300
2018-07-30,1.5511,1.582,1.5511,1.582,105300
2018-07-31,1.5872,1.6078,1.5769,1.5975,90150
2018-08-01,1.5923,1.6078,1.5872,1.5872,49650
2018-08-02,1.5872,1.5975,1.5717,1.5717,30000
2018-08-03,1.5717,1.5717,1.5717,1.5717,0
2018-08-06,1.5769,1.6026,1.5769,1.5975,49350
2018-08-07,1.5975,1.6078,1.5923,1.6078,372150
2018-08-08,1.6078,1.6078,1.5923,1.5923,316650
2018-08-09,1.6078,1.6078,1.5975,1.5975,61800
2018-08-10,1.6078,1.6078,1.5872,1.5975,300600
2018-08-13,1.6078,1.6078,1.5872,1.5975,94200
2018-08-14,1.5975,1.6026,1.5923,1.5975,51150
2018-08-15,1.5975,1.5975,1.5975,1.5975,126900
2018-08-16,1.5975,1.6078,1.5975,1.6078,18150
2018-08-17,1.5872,1.5975,1.5872,1.5975,251700
2018-08-20,1.6078,1.6078,1.5975,1.5975,25800
2018-08-21,1.5975,1.6026,1.5975,1.6026,18750
2018-08-23,1.5975,1.6026,1.5975,1.6026,25500
2018-08-24,1.5975,1.5975,1.5872,1.5872,79950
2018-08-27,1.5872,1.5923,1.5717,1.5717,136200
2018-08-28,1.5717,1.5717,1.5562,1.5562,155700
2018-08-29,1.5562,1.5666,1.5511,1.5511,94650
2018-08-30,1.5459,1.5459,1.4841,1.4893,373500
2018-09-03,1.4841,1.4841,1.4223,1.4274,545400
2018-09-04,1.4171,1.4532,1.4171,1.4429,152700
2018-09-05,1.4429,1.4893,1.4326,1.448,73650
2018-09-06,1.4532,1.4532,1.4274,1.4274,227250
2018-09-07,1.4429,1.4429,1.4326,1.4429,98850
2018-09-12,1.4429,1.4429,1.4068,1.4171,395100
2018-09-13,1.4326,1.4326,1.4223,1.4223,68250
2018-09-14,1.4377,1.4377,1.4274,1.4377,24600
2018-09-18,1.4223,1.4429,1.4223,1.4377,120300
2018-09-19,1.4429,1.4583,1.4326,1.4377,281400
2018-09-20,1.4377,1.4377,1.4377,1.4377,80850
2018-09-21,1.4274,1.4377,1.4223,1.4223,330150
2018-09-24,1.4223,1.4377,1.4223,1.4274,26100
2018-09-25,1.4429,1.448,1.4326,1.4377,121950
2018-09-26,1.4377,1.4377,1.4274,1.4274,471750
2018-09-27,1.4326,1.4377,1.4171,1.4274,24600
2018-09-28,1.4429,1.4429,1.4274,1.4326,39750
2018-10-01,1.4223,1.4223,1.4171,1.4223,40800
2018-10-02,1.4223,1.4326,1.3553,1.3553,532650
2018-10-03,1.381,1.412,1.3707,1.4017,99000
2018-10-04,1.4223,1.4377,1.4223,1.4326,130200
2018-10-05,1.4429,1.4429,1.4223,1.4223,166200
2018-10-08,1.4223,1.4223,1.3913,1.4017,81600
2018-10-09,1.4017,1.4017,1.4017,1.4017,0
2018-10-10,1.4017,1.4068,1.3965,1.3965,97050
2018-10-11,1.3913,1.3965,1.3862,1.3913,207150
2018-10-12,1.3913,1.4223,1.3862,1.3913,66450
2018-10-15,1.4017,1.4017,1.3913,1.3913,6000
2018-10-16,1.4017,1.4068,1.3862,1.3913,12300
2018-10-17,1.3913,1.3913,1.3862,1.3862,233100
2018-10-18,1.3913,1.3913,1.3862,1.3862,115350
2018-10-19,1.412,1.412,1.3913,1.3913,437100
2018-10-22,1.3913,1.3913,1.3707,1.3707,27300
2018-10-23,1.3707,1.3913,1.3707,1.3759,25650
2018-10-24,1.3913,1.3965,1.3656,1.3707,33450
2018-10-25,1.3604,1.3656,1.3501,1.3501,32250
2018-10-26,1.3553,1.3553,1.2934,1.3192,74550
2018-10-29,1.3244,1.3244,1.314,1.3192,8100
2018-10-30,1.3192,1.3656,1.3192,1.3398,97950
2018-10-31,1.3398,1.3398,1.3347,1.3398,118350
2018-11-01,1.3398,1.3398,1.3244,1.3398,230250
2018-11-02,1.3398,1.3398,1.3398,1.3398,259500
2018-11-05,1.3192,1.3192,1.3192,1.3192,9300
2018-11-07,1.3295,1.3295,1.3244,1.3244,11100
2018-11-08,1.3347,1.3398,1.3192,1.3192,13050
2018-11-09,1.3295,1.3347,1.3244,1.3244,15300
2018-11-12,1.3192,1.3244,1.3192,1.3244,7650
2018-11-13,1.3398,1.345,1.3347,1.3398,13200
2018-11-14,1.3398,1.3501,1.3295,1.3501,5550
2018-11-15,1.3398,1.3398,1.3295,1.3295,18300
2018-11-16,1.3347,1.3398,1.3192,1.3398,41850
2018-11-19,1.3398,1.3398,1.3192,1.3192,26850
2018-11-21,1.314,1.314,1.2883,1.3037,33000
2018-11-22,1.3037,1.3037,1.2934,1.2934,15750
2018-11-23,1.2883,1.2883,1.2831,1.2883,52950
2018-11-26,1.2883,1.2883,1.2831,1.2883,13200
2018-11-27,1.2831,1.2831,1.2677,1.2677,31500
2018-11-28,1.2625,1.2625,1.2625,1.2625,7050
2018-11-29,1.2574,1.2625,1.2471,1.2522,42150
2018-11-30,1.2368,1.2419,1.1955,1.2419,17550
2018-12-03,1.211,1.211,1.1904,1.211,3150
2018-12-04,1.211,1.211,1.1852,1.1904,46050
2018-12-05,1.1904,1.1904,1.1646,1.1852,31650
2018-12-06,1.1698,1.1749,1.1388,1.1388,43350
2018-12-07,1.144,1.1749,1.1388,1.1646,10650
2018-12-10,1.1337,1.1337,1.1234,1.1285,32400
2018-12-11,1.1234,1.1234,1.0306,1.0358,462450
2018-12-12,1.0512,1.0564,1.0461,1.0461,176550
2018-12-13,1.0512,1.0564,1.0461,1.0461,67500
2018-12-14,1.0512,1.0564,1.0461,1.0461,61500
2018-12-17,1.0461,1.0564,1.0358,1.0461,387000
2018-12-18,1.0461,1.0461,1.0461,1.0461,2550
2018-12-19,1.0358,1.077,1.0358,1.077,124800
2018-12-20,1.0719,1.1028,1.0615,1.1028,488550
2018-12-21,1.0873,1.1079,1.0667,1.0667,936000
2018-12-24,1.0667,1.0667,1.0461,1.0461,283500
2018-12-26,1.0512,1.0615,1.01,1.01,915150
2018-12-27,1.0461,1.0512,1.0358,1.0358,27750
2018-12-28,1.0358,1.0409,1.0306,1.0409,82650
2018-12-31,1.0461,1.0925,1.0461,1.0822,95550
2019-01-02,1.077,1.1234,1.077,1.0873,50850
2019-01-03,1.0925,1.1131,1.0925,1.0925,15750
2019-01-04,1.1285,1.2368,1.1079,1.1646,58050
2019-01-07,1.1285,1.2161,1.1234,1.1595,72450
2019-01-08,1.1698,1.1852,1.1698,1.1852,93450
2019-01-09,1.1801,1.211,1.1801,1.1852,86700
2019-01-10,1.211,1.2574,1.211,1.2161,62250
2019-01-11,1.278,1.3192,1.2574,1.3037,175500
2019-01-14,1.3037,1.3037,1.278,1.278,104100
2019-01-15,1.2831,1.2831,1.2368,1.2522,139200
2019-01-16,1.2522,1.2522,1.2471,1.2471,17850
2019-01-17,1.3089,1.3398,1.2471,1.2677,15300
2019-01-18,1.3295,1.3501,1.3089,1.3347,120000
2019-01-22,1.3295,1.3295,1.3244,1.3244,15300
2019-01-23,1.3244,1.3347,1.314,1.3347,10500
2019-01-24,1.3398,1.4171,1.3398,1.4171,115500
2019-01-25,1.4223,1.4326,1.412,1.4171,73500
2019-01-28,1.4171,1.4377,1.381,1.4171,104550
2019-01-29,1.381,1.3913,1.3501,1.3501,174600
2019-01-30,1.345,1.3501,1.3398,1.3501,85500
2019-01-31,1.3501,1.3656,1.3501,1.3656,46350
2019-02-04,1.3656,1.3656,1.3656,1.3656,3000
2019-02-07,1.3656,1.3862,1.345,1.3862,41700
2019-02-08,1.3913,1.3913,1.3913,1.3913,1950
2019-02-11,1.3707,1.381,1.3707,1.3759,37500
2019-02-12,1.3656,1.3656,1.3501,1.3656,22050
2019-02-13,1.3553,1.3553,1.345,1.345,24450
2019-02-14,1.345,1.3553,1.345,1.3501,49350
2019-02-15,1.345,1.3604,1.345,1.3501,52950
2019-02-18,1.345,1.3501,1.3398,1.345,37800
2019-02-19,1.3656,1.3656,1.345,1.3553,69150
2019-02-20,1.3707,1.381,1.3501,1.381,16500
2019-02-21,1.3707,1.3707,1.345,1.3501,28800
2019-02-22,1.3501,1.3604,1.345,1.3604,23850
2019-02-25,1.3707,1.3707,1.3553,1.3553,108450
2019-02-26,1.3501,1.3501,1.3295,1.3295,52050
2019-02-27,1.3192,1.3347,1.3192,1.3192,60900
2019-02-28,1.314,1.3295,1.3037,1.3089,43050
2019-03-01,1.3501,1.3553,1.3192,1.3192,19650
2019-03-04,1.3192,1.3192,1.3089,1.3089,110850
2019-03-05,1.3398,1.3656,1.3398,1.3501,157950
2019-03-06,1.3656,1.4686,1.3656,1.4326,381000
2019-03-07,1.4326,1.4429,1.3656,1.3656,169050
2019-03-08,1.3398,1.3501,1.3192,1.3398,156750
2019-03-11,1.3398,1.3398,1.3295,1.3347,16500
2019-03-12,1.3244,1.3244,1.314,1.3192,57000
2019-03-13,1.314,1.314,1.314,1.314,20700
2019-03-14,1.314,1.314,1.3037,1.3089,16350
2019-03-15,1.3089,1.3089,1.3037,1.3037,27000
2019-03-18,1.3037,1.3037,1.2986,1.3037,9450
2019-03-19,1.2986,1.2986,1.2986,1.2986,4950
2019-03-20,1.2986,1.3089,1.2986,1.3037,25200
2019-03-21,1.3037,1.3037,1.3037,1.3037,0
2019-03-22,1.3192,1.3295,1.2986,1.3295,15900
2019-03-25,1.2883,1.2883,1.2677,1.2728,20700
2019-03-26,1.2728,1.2728,1.2728,1.2728,0
2019-03-27,1.278,1.278,1.278,1.278,1500
2019-03-28,1.2728,1.2883,1.2625,1.2728,13800
2019-03-29,1.2728,1.2728,1.2728,1.2728,0
2019-04-01,1.2728,1.2728,1.2728,1.2728,0
2019-04-02,1.2625,1.2625,1.2574,1.2574,78900
2019-04-03,1.2522,1.2625,1.2522,1.2574,38400
2019-04-04,1.2677,1.2677,1.2471,1.2522,172500
2019-04-05,1.2677,1.2728,1.2677,1.2728,6450
2019-04-08,1.2728,1.278,1.2574,1.278,58950
2019-04-09,1.278,1.278,1.2728,1.278,46050
2019-04-10,1.2677,1.2831,1.2677,1.2831,36300
2019-04-11,1.2831,1.2883,1.2625,1.2625,23100
2019-04-12,1.2625,1.2625,1.2625,1.2625,2550
2019-04-15,1.278,1.278,1.2471,1.2471,20250
2019-04-16,1.2625,1.2625,1.2625,1.2625,3750
2019-04-17,1.2677,1.278,1.2625,1.2728,52800
2019-04-18,1.2625,1.2625,1.2625,1.2625,1800
2019-04-19,1.2625,1.278,1.2625,1.2677,23400
2019-04-22,1.2934,1.3347,1.2934,1.3347,3750
2019-04-23,1.3295,1.3347,1.3295,1.3347,91350
2019-04-24,1.3398,1.3604,1.3398,1.345,37200
2019-04-25,1.345,1.345,1.345,1.345,0
2019-04-26,1.3553,1.3707,1.345,1.3707,9300
2019-04-29,1.3707,1.3707,1.3501,1.3501,30600
2019-04-30,1.3501,1.3501,1.3501,1.3501,750
2019-05-02,1.3398,1.345,1.3398,1.3398,7800
2019-05-03,1.3398,1.3501,1.3244,1.3398,13950
2019-05-06,1.3398,1.3398,1.3398,1.3398,4050
2019-05-07,1.3398,1.3398,1.3398,1.3398,0
2019-05-08,1.3398,1.3398,1.2883,1.2986,76050
2019-05-09,1.2883,1.314,1.2883,1.314,1950
2019-05-10,1.314,1.314,1.2934,1.2934,3150
2019-05-13,1.2883,1.2883,1.278,1.278,138900
2019-05-14,1.278,1.278,1.2677,1.2677,6150
2019-05-15,1.2677,1.2728,1.2677,1.2728,1800
2019-05-16,1.2728,1.2728,1.2574,1.2625,28800
2019-05-17,1.2471,1.2471,1.2471,1.2471,29700
2019-05-21,1.2471,1.2471,1.2213,1.2213,60000
2019-05-23,1.2368,1.2368,1.1646,1.2058,64350
2019-05-24,1.2058,1.2058,1.2058,1.2058,1650
2019-05-27,1.2058,1.2368,1.1852,1.2368,48750
2019-05-28,1.2368,1.2368,1.2368,1.2368,0
2019-05-29,1.1955,1.1955,1.1955,1.1955,4050
2019-05-30,1.1955,1.2161,1.1852,1.2161,22200
2019-05-31,1.2161,1.2161,1.2161,1.2161,0
2019-06-03,1.2161,1.2161,1.2161,1.2161,0
2019-06-04,1.2161,1.2161,1.2161,1.2161,0
2019-06-05,1.2161,1.2161,1.2161,1.2161,0
2019-06-06,1.2161,1.2161,1.2161,1.2161,0
2019-06-07,1.2161,1.2161,1.2161,1.2161,0
2019-06-10,1.2161,1.2161,1.2161,1.2161,10800
2019-06-11,1.2058,1.2058,1.2058,1.2058,5250
2019-06-12,1.2058,1.2058,1.2058,1.2058,0
2019-06-13,1.2316,1.2316,1.211,1.211,19350
2019-06-14,1.2368,1.2368,1.211,1.2213,6600
2019-06-17,1.2316,1.2316,1.2161,1.2213,26550
2019-06-18,1.2368,1.2368,1.2368,1.2368,17400
2019-06-19,1.2368,1.2368,1.2368,1.2368,0
2019-06-20,1.2368,1.2368,1.2368,1.2368,0
2019-06-21,1.2625,1.2625,1.2625,1.2625,8100
2019-06-24,1.2368,1.2419,1.2368,1.2419,11700
2019-06-25,1.2419,1.2419,1.2419,1.2419,0
2019-06-26,1.2419,1.2419,1.2419,1.2419,0
2019-06-27,1.2682,1.2682,1.2682,1.2682,0
2019-06-28,1.263,1.2682,1.263,1.263,61500
2019-07-01,1.263,1.263,1.263,1.263,0
2019-07-02,1.2103,1.2366,1.184,1.2366,25350
2019-07-03,1.2682,1.2735,1.2682,1.2682,42000
2019-07-04,1.2524,1.2524,1.2524,1.2524,3750
2019-07-05,1.2524,1.2577,1.2103,1.2524,17400
2019-07-08,1.2524,1.2524,1.2524,1.2524,0
2019-07-09,1.263,1.2735,1.263,1.263,61950
2019-07-10,1.263,1.263,1.2366,1.2366,30900
2019-07-11,1.2366,1.2366,1.2366,1.2366,0
2019-07-12,1.2472,1.2472,1.1893,1.1998,107400
2019-07-15,1.2419,1.2419,1.1893,1.1998,51900
2019-07-16,1.2051,1.2103,1.2051,1.2103,101700
2019-07-17,1.2103,1.2103,1.2103,1.2103,0
2019-07-18,1.2103,1.2103,1.2103,1.2103,16800
2019-07-19,1.2051,1.2051,1.184,1.184,21300
2019-07-22,1.184,1.1998,1.184,1.1893,259350
2019-07-23,1.184,1.1945,1.1735,1.184,220350
2019-07-24,1.2103,1.2103,1.2103,1.2103,150
2019-07-25,1.1945,1.1945,1.1945,1.1945,3600
2019-07-26,1.184,1.1893,1.1682,1.1735,170550
2019-07-29,1.2209,1.2209,1.1998,1.1998,38400
2019-07-31,1.1998,1.1998,1.1998,1.1998,0
2019-08-01,1.184,1.184,1.184,1.184,1800
2019-08-02,1.184,1.184,1.184,1.184,0
2019-08-05,1.184,1.184,1.184,1.184,0
2019-08-06,1.1472,1.163,1.1261,1.1577,21450
2019-08-07,1.1893,1.2103,1.163,1.163,54000
2019-08-08,1.163,1.163,1.163,1.163,0
2019-08-09,1.163,1.163,1.163,1.163,0
2019-08-13,1.163,1.163,1.1577,1.1577,16950
2019-08-14,1.163,1.184,1.163,1.184,51900
2019-08-15,1.184,1.1893,1.1261,1.1261,313650
2019-08-16,1.1577,1.1577,1.1577,1.1577,8400
2019-08-19,1.1051,1.1103,1.0998,1.1051,11700
2019-08-20,1.1051,1.1103,1.1051,1.1051,75750
2019-08-21,1.1051,1.1051,1.1051,1.1051,68700
2019-08-22,1.1051,1.1051,1.1051,1.1051,0
2019-08-23,1.1577,1.1577,1.0788,1.0788,105150
2019-08-26,1.0788,1.084,1.0735,1.0788,91950
2019-08-27,1.1051,1.1051,1.084,1.084,249750
2019-08-28,1.084,1.1051,1.0788,1.0788,47400
2019-08-29,1.0788,1.084,1.0788,1.084,148950
2019-08-30,1.1314,1.2103,1.0893,1.0946,6000
2019-09-03,1.0946,1.0946,1.084,1.0893,155100
2019-09-04,1.0893,1.0893,1.0735,1.084,134400
2019-09-05,1.1051,1.1051,1.1051,1.1051,6600
2019-09-06,1.1051,1.1051,1.084,1.084,150600
2019-09-10,1.0893,1.0893,1.0525,1.084,160200
2019-09-11,1.084,1.0893,1.0788,1.084,291150
2019-09-12,1.0788,1.084,1.0788,1.084,573000
2019-09-13,1.0946,1.0946,1.0946,1.0946,2550
2019-09-17,1.0946,1.0998,1.0946,1.0946,18450
2019-09-18,1.0893,1.1051,1.084,1.084,14100
2019-09-19,1.0946,1.0998,1.0893,1.0893,81300
2019-09-20,1.0946,1.0946,1.0893,1.0946,10050
2019-09-23,1.0893,1.0893,1.0893,1.0893,4500
2019-09-24,1.0946,1.0946,1.0946,1.0946,12900
2019-09-25,1.0946,1.0946,1.0946,1.0946,0
2019-09-26,1.0998,1.1051,1.0998,1.1051,223350
2019-09-27,1.0998,1.0998,1.0946,1.0946,17700
2019-09-30,1.0946,1.0946,1.0682,1.0946,255150
2019-10-01,1.0998,1.1577,1.0998,1.1314,28800
2019-10-02,1.1314,1.1314,1.1314,1.1314,0
2019-10-03,1.0998,1.0998,1.0998,1.0998,12000
2019-10-04,1.1051,1.1103,1.0998,1.0998,28950
2019-10-07,1.0998,1.0998,1.0893,1.0998,127500
2019-10-08,1.0946,1.1103,1.0893,1.0998,474150
2019-10-09,1.0998,1.0998,1.084,1.0893,191250
2019-10-10,1.1577,1.1577,1.1103,1.1103,29100
2019-10-11,1.1103,1.1314,1.1103,1.1314,17850
2019-10-14,1.1261,1.1261,1.1209,1.1209,6000
2019-10-15,1.1261,1.1261,1.1209,1.1209,82650
2019-10-16,1.1261,1.1261,1.1261,1.1261,4500
2019-10-17,1.1261,1.1261,1.1261,1.1261,71550
2019-10-18,1.1472,1.1577,1.1367,1.1419,28650
2019-10-21,1.1472,1.163,1.1472,1.163,192150
2019-10-22,1.1735,1.1735,1.163,1.163,40500
2019-10-23,1.1577,1.1735,1.1577,1.1735,92700
2019-10-24,1.1788,1.3103,1.1788,1.3103,104400
2019-10-25,1.2156,1.2366,1.2103,1.2103,97950
2019-10-29,1.1945,1.2156,1.1945,1.2103,369750
2019-10-30,1.2156,1.2419,1.2103,1.2366,285300
2019-10-31,1.2472,1.2472,1.2314,1.2366,582900
2019-11-01,1.2419,1.2998,1.2419,1.263,408300
2019-11-04,1.3051,1.3419,1.2735,1.3419,1590300
2019-11-05,1.3314,1.3472,1.3103,1.3261,1793100
2019-11-06,1.3261,1.3419,1.3261,1.3419,517500
2019-11-07,1.3524,1.3577,1.3472,1.3524,122700
2019-11-08,1.3419,1.3472,1.3419,1.3419,1586100
2019-11-11,1.3419,1.3787,1.3419,1.3577,557100
2019-11-12,1.3419,1.3577,1.3419,1.3472,749250
2019-11-13,1.3419,1.3472,1.3419,1.3419,2365350
2019-11-14,1.3419,1.3472,1.3419,1.3419,405900
2019-11-15,1.3419,1.3524,1.3419,1.3419,147900
2019-11-18,1.3366,1.3787,1.3366,1.3735,57450
2019-11-19,1.3787,1.3892,1.3787,1.384,34500
2019-11-20,1.384,1.4156,1.3787,1.4156,35850
2019-11-21,1.4208,1.6103,1.4208,1.605,931500
2019-11-22,1.605,1.7418,1.5419,1.7418,1797750
2019-11-25,1.7366,1.7366,1.705,1.7102,317100
2019-11-26,1.6576,1.6839,1.6576,1.6839,244050
2019-11-27,1.6839,1.6839,1.5892,1.6155,108900
2019-11-28,1.605,1.6261,1.5997,1.6208,90150
2019-11-29,1.6576,1.7103,1.6576,1.6892,631800
2019-12-02,1.6892,1.6892,1.6313,1.6471,168600
2019-12-03,1.6471,1.6682,1.6471,1.6629,130500
2019-12-04,1.6576,1.6787,1.6313,1.6734,194100
2019-12-05,1.6734,1.7787,1.6734,1.7366,470100
2019-12-06,1.7366,1.7523,1.7313,1.7471,570450
2019-12-09,1.7787,1.8102,1.7734,1.7997,719400
2019-12-10,1.805,1.8102,1.7629,1.7629,204600
2019-12-11,1.7629,1.8681,1.7629,1.8681,1338450
2019-12-12,1.8839,1.9471,1.8681,1.9471,944100
2019-12-13,1.9471,1.9734,1.9313,1.9313,210900
2019-12-16,1.9155,1.9313,1.8944,1.9313,59550
2019-12-17,1.9734,1.9734,1.8944,1.8944,391950
2019-12-18,1.8471,1.905,1.8471,1.905,131850
2019-12-19,1.8997,1.8997,1.8944,1.8944,265800
2019-12-20,1.8944,1.926,1.8944,1.905,280350
2019-12-23,1.9102,1.9102,1.8997,1.8997,95700
2019-12-24,1.905,1.9471,1.905,1.9471,95550
2019-12-26,1.9365,1.9681,1.9365,1.9681,177000
2019-12-27,1.9734,2.1154,1.9734,2.1154,1044450
2019-12-30,2.1154,2.2154,2.1154,2.2154,1170300
2019-12-31,2.2154,2.2154,2.1523,2.1575,900600
2020-01-02,2.1575,2.1681,2.0944,2.1681,476100
2020-01-03,2.1681,2.2207,2.1575,2.1628,805200
2020-01-06,2.1575,2.1575,2.0944,2.0944,121950
2020-01-07,2.1049,2.1365,2.1049,2.1049,113700
2020-01-08,2.0523,2.0786,1.9786,2.0207,420450
2020-01-09,2.0733,2.1154,2.026,2.0786,226950
2020-01-10,2.0628,2.1786,2.0628,2.147,410400
2020-01-13,2.147,2.147,2.1207,2.1207,310500
2020-01-14,2.1049,2.1049,2.026,2.026,364350
2020-01-15,2.026,2.0786,2.0155,2.0313,962400
2020-01-16,2.026,2.0313,1.8944,1.9628,707250
2020-01-17,1.9471,1.9523,1.9102,1.9471,207150
2020-01-20,1.926,1.9628,1.9207,1.9365,194550
2020-01-21,1.9365,1.9576,1.8944,1.926,311700
2020-01-22,1.9102,1.926,1.9102,1.9102,273900
2020-01-23,1.8944,1.9207,1.8944,1.9155,55500
2020-01-24,1.9102,1.9155,1.8997,1.9155,101700
2020-01-28,1.8418,1.8471,1.7523,1.805,239850
2020-01-29,1.7892,1.8786,1.7839,1.8786,103950
2020-01-30,1.8418,1.8523,1.8418,1.8418,173100
2020-01-31,1.8418,1.8418,1.7944,1.805,247050
2020-02-03,1.726,1.7418,1.6313,1.6892,232200
2020-02-04,1.7102,1.7944,1.7102,1.7944,126900
2020-02-05,1.8155,1.9207,1.8155,1.9155,189900
2020-02-06,1.9418,1.9997,1.9365,1.9997,655500
2020-02-07,2.0102,2.0102,1.9576,1.9997,974400
2020-02-10,1.8944,1.926,1.8944,1.9207,38400
2020-02-11,1.926,1.9471,1.9207,1.9471,85200
2020-02-12,1.9418,1.9418,1.8944,1.9102,96600
2020-02-13,1.8944,1.8944,1.8576,1.8576,32700
2020-02-14,1.8418,1.8576,1.8313,1.8523,24300
2020-02-17,1.8681,1.8944,1.8523,1.8681,14550
2020-02-18,1.8418,1.8418,1.8418,1.8418,7500
2020-02-19,1.8471,1.8471,1.8418,1.8471,173400
2020-02-20,1.8418,1.8471,1.8418,1.8471,14100
2020-02-21,1.8471,1.8471,1.7839,1.7892,68100
2020-02-24,1.7681,1.7734,1.7366,1.7523,155250
2020-02-25,1.7418,1.7629,1.7103,1.7523,128250
2020-02-26,1.7102,1.7787,1.7102,1.7629,77700
2020-02-27,1.7629,1.7734,1.7523,1.7629,100350
2020-02-28,1.7155,1.7471,1.6839,1.7155,495300
2020-03-02,1.705,1.7155,1.6839,1.6839,19500
2020-03-03,1.6313,1.7366,1.5945,1.7155,286200
2020-03-04,1.6892,1.6892,1.6839,1.6839,32400
2020-03-05,1.7102,1.7576,1.7102,1.7576,113400
2020-03-06,1.726,1.726,1.6313,1.6997,43950
2020-03-09,1.5471,1.5471,1.4313,1.4471,107400
2020-03-10,1.4156,1.5261,1.4156,1.5208,100500
2020-03-11,1.5155,1.5787,1.5155,1.5629,88800
2020-03-12,1.5261,1.5261,1.4734,1.4998,71550
2020-03-13,1.4998,1.4998,1.4998,1.4998,0
2020-03-16,1.3208,1.3208,1.2156,1.2156,138450
2020-03-17,1.2103,1.2103,1.1367,1.1367,151650
2020-03-18,1.1577,1.1735,1.0577,1.0893,952800
2020-03-19,1.0788,1.0788,1.0262,1.0262,539100
2020-03-20,1.0525,1.0946,1.0314,1.0893,293850
2020-03-23,1.0472,1.0525,0.9998,1.0209,509250
2020-03-24,1.0735,1.1051,1.0735,1.0788,141900
2020-03-25,1.1524,1.1524,1.0893,1.1261,139350
2020-03-26,1.1051,1.2682,1.1051,1.2261,258000
2020-03-27,1.263,1.3051,1.2261,1.2366,243450
2020-03-30,1.1788,1.1893,1.1788,1.184,10950
2020-03-31,1.2209,1.2735,1.2209,1.2577,32550
2020-04-01,1.2682,1.2682,1.2103,1.2103,90750
2020-04-02,1.2051,1.263,1.2051,1.2524,31050
2020-04-03,1.263,1.263,1.2524,1.263,99150
2020-04-06,1.263,1.3051,1.2577,1.2998,53700
2020-04-07,1.3472,1.3472,1.284,1.3156,259500
2020-04-08,1.263,1.3261,1.263,1.263,55650
2020-04-09,1.2998,1.3524,1.284,1.3524,132300
2020-04-10,1.2682,1.3103,1.2682,1.3103,51150
2020-04-13,1.3103,1.3103,1.2524,1.2945,160050
2020-04-14,1.3156,1.3156,1.2735,1.3051,23400
2020-04-15,1.3103,1.3472,1.3103,1.3419,56250
2020-04-16,1.3419,1.3419,1.2682,1.3366,88200
2020-04-17,1.3629,1.3629,1.284,1.3261,88800
2020-04-20,1.3314,1.3945,1.3314,1.3787,289950
2020-04-21,1.3682,1.3682,1.284,1.2893,155250
2020-04-22,1.3051,1.3051,1.2524,1.263,226650
2020-04-23,1.2787,1.2893,1.263,1.263,117750
2020-04-24,1.263,1.3156,1.263,1.3051,12150
2020-04-27,1.3051,1.3051,1.3051,1.3051,0
2020-04-28,1.263,1.263,1.2472,1.2577,113400
2020-04-29,1.263,1.263,1.2524,1.2577,207450
2020-04-30,1.2577,1.3051,1.2577,1.2735,26100
2020-05-04,1.2735,1.2735,1.2314,1.263,64950
2020-05-05,1.263,1.2735,1.2577,1.263,254700
2020-05-06,1.263,1.3156,1.263,1.3156,301200
2020-05-08,1.3156,1.3314,1.3156,1.3261,73050
2020-05-12,1.3261,1.3314,1.3051,1.3051,92100
2020-05-13,1.3103,1.3103,1.2787,1.2787,34500
2020-05-14,1.2787,1.2998,1.2682,1.2998,54150
2020-05-15,1.2998,1.3051,1.2893,1.3051,476850
2020-05-18,1.3103,1.3682,1.3103,1.3682,293250
2020-05-19,1.3682,1.4208,1.3629,1.4208,454800
2020-05-20,1.4419,1.5787,1.4419,1.5313,656850
2020-05-21,1.5524,1.5734,1.5261,1.5524,343350
2020-05-22,1.5524,1.5629,1.484,1.4998,192000
2020-05-27,1.5682,1.6313,1.5682,1.6313,1034700
2020-05-28,1.6418,1.6945,1.584,1.6208,412950
2020-05-29,1.6103,1.6892,1.5945,1.6892,582600
2020-06-02,1.6892,1.6892,1.6892,1.6892,0
2020-06-03,1.7523,1.7892,1.7155,1.7576,158250
2020-06-04,1.7471,1.7471,1.6997,1.705,305250
2020-06-05,1.6945,1.726,1.6629,1.7208,216300
2020-06-09,1.7208,1.7734,1.7208,1.7734,380550
2020-06-10,1.7734,1.8102,1.7681,1.7839,441450
2020-06-11,1.7892,1.7892,1.705,1.705,264000
2020-06-12,1.584,1.6629,1.5787,1.6576,391050
2020-06-15,1.6471,1.6629,1.5313,1.5419,423750
2020-06-16,1.605,1.6313,1.5734,1.605,234150
2020-06-17,1.6313,1.6471,1.5945,1.6313,195900
2020-06-18,1.605,1.6103,1.5682,1.584,319500
2020-06-19,1.5629,1.6576,1.5629,1.6471,168150
2020-06-22,1.6839,1.6839,1.6471,1.6471,85350
2020-06-23,1.6839,1.6839,1.6313,1.6418,84450
2020-06-24,1.6313,1.6734,1.6313,1.6682,190500
2020-06-25,1.6682,1.6682,1.5261,1.5682,940500
2020-06-26,1.5682,1.6313,1.5471,1.5629,177150
2020-06-29,1.5629,1.5682,1.5419,1.5629,111150
2020-06-30,1.5524,1.5787,1.5524,1.5682,203100
2020-07-01,1.5524,1.5892,1.5313,1.5682,282750
2020-07-02,1.5787,1.6734,1.5787,1.6734,391800
2020-07-03,1.6839,1.6839,1.6208,1.6366,139500
2020-07-06,1.605,1.6629,1.5997,1.6155,98400
2020-07-07,1.6313,1.6313,1.5997,1.605,150450
2020-07-08,1.584,1.6155,1.5576,1.5787,224850
2020-07-09,1.5787,1.5997,1.5524,1.5945,282900
2020-07-10,1.5787,1.5787,1.5629,1.5734,100050
2020-07-13,1.5787,1.605,1.5734,1.5734,392700
2020-07-14,1.5787,1.5787,1.5524,1.5787,129000
2020-07-15,1.5945,1.6682,1.5892,1.6682,1393050
2020-07-16,1.7109,1.7697,1.6949,1.7644,1070700
2020-07-17,1.7644,1.8499,1.7537,1.8446,1072350
2020-07-20,1.8713,2.0264,1.866,1.9515,839400
2020-07-21,1.9515,1.9996,1.8981,1.9034,393300
2020-07-22,1.9248,1.9569,1.9088,1.9141,222600
2020-07-23,1.9194,2.0264,1.9194,1.9996,410250
2020-07-24,2.021,2.0638,1.9248,2.0157,1253250
2020-07-27,2.0317,2.0317,1.9943,1.9943,815100
2020-07-28,1.9783,2.005,1.9408,1.9462,279600
2020-07-29,1.9462,1.9622,1.8981,1.9355,320400
2020-07-30,1.9515,1.9515,1.882,1.9141,195150
2020-08-03,1.8767,1.9141,1.8713,1.9141,171150
2020-08-04,1.8874,1.9515,1.8606,1.9462,441000
2020-08-05,1.9783,2.005,1.9141,1.9141,356100
2020-08-06,1.9515,1.9515,1.8981,1.8981,219450
2020-08-07,1.882,1.9194,1.8392,1.8392,203850
2020-08-10,1.8179,1.8713,1.8179,1.8392,150150
2020-08-11,1.8392,1.8874,1.8392,1.8446,163200
2020-08-12,1.8499,1.8499,1.7858,1.8339,368250
2020-08-13,1.8339,1.9783,1.8339,1.9248,1800300
2020-08-14,1.9248,1.9248,1.8499,1.8981,313950
2020-08-17,1.9515,1.9515,1.8446,1.8981,114450
2020-08-18,1.8981,1.9248,1.8767,1.9141,200250
2020-08-19,1.9248,1.9248,1.8981,1.9248,398850
2020-08-21,1.9248,1.9248,1.8981,1.9141,551100
2020-08-24,1.9194,1.989,1.9194,1.9248,1191000
2020-08-25,1.9515,1.9515,1.9248,1.9301,253800
2020-08-26,1.9248,1.9943,1.9248,1.9943,520050
2020-08-27,1.9943,2.005,1.9248,2.005,1658250
2020-08-28,2.005,2.005,1.9408,1.9408,219000
2020-09-01,1.9515,2.0317,1.9408,2.0264,1315950
2020-09-02,2.0264,2.0317,1.9783,2.0264,443550
2020-09-03,2.0317,2.1066,2.0317,2.0852,2348250
2020-09-04,2.0317,2.1173,2.0264,2.0585,545400
2020-09-07,2.0585,2.0585,1.9783,2.005,319200
2020-09-08,1.9996,2.021,1.9248,1.989,773100
2020-09-09,1.9515,1.9783,1.9408,1.9569,179400
2020-09-10,1.9569,1.9569,1.8286,1.8286,529350
2020-09-11,1.8179,1.8446,1.8018,1.8072,886200
2020-09-14,1.8232,1.9783,1.8232,1.9515,413100
2020-09-15,1.9515,1.9996,1.9355,1.9943,232500
2020-09-17,2.005,2.0852,2.005,2.0103,571800
2020-09-18,2.0424,2.0852,2.0424,2.0691,506400
2020-09-21,2.0959,2.1868,2.0852,2.0852,1152150
2020-09-22,2.0852,2.1333,2.0264,2.0424,273300
2020-09-23,2.0424,2.0478,1.9622,1.9729,356700
2020-09-24,1.9515,1.9676,1.8927,1.9515,358650
2020-09-25,1.9676,1.9783,1.9408,1.9729,144900
2020-09-28,1.9729,1.9783,1.9141,1.9622,181800
2020-09-29,1.9783,1.9783,1.9088,1.9248,76650
2020-09-30,1.9248,1.9248,1.8927,1.9034,108600
2020-10-01,1.9248,1.9676,1.8981,1.9462,730200
2020-10-02,1.8874,1.9462,1.8713,1.8874,257250
2020-10-05,1.8874,1.8927,1.8606,1.8874,158250
2020-10-06,1.8874,1.8981,1.8446,1.8499,132750
2020-10-07,1.8553,1.8927,1.8553,1.8767,221850
2020-10-08,1.8981,1.9088,1.8713,1.8767,209400
2020-10-09,1.8981,1.9248,1.8981,1.9248,180750
2020-10-12,1.9301,1.9676,1.9248,1.9569,477000
2020-10-13,1.9515,1.9676,1.9088,1.9569,364350
2020-10-14,1.9729,1.9729,1.9194,1.9408,148200
2020-10-15,1.9355,1.9355,1.8927,1.8981,143550
2020-10-16,1.9141,1.9355,1.9034,1.9301,44700
2020-10-19,1.9141,1.9141,1.8874,1.8927,340200
2020-10-20,1.8874,1.9088,1.8767,1.882,501450
2020-10-21,1.9141,1.9141,1.866,1.866,167100
2020-10-22,1.8767,1.9141,1.8713,1.9034,180000
2020-10-23,1.9194,1.9248,1.8981,1.8981,318600
2020-10-26,1.882,1.9141,1.866,1.866,320250
2020-10-27,1.9194,1.9194,1.8927,1.8981,115650
2020-10-28,1.9141,1.9248,1.882,1.9194,141150
2020-10-30,1.9034,1.9355,1.8713,1.882,693750
2020-11-02,1.882,1.882,1.8392,1.8446,143550
2020-11-03,1.8499,1.9034,1.8499,1.866,815100
2020-11-04,1.8981,1.9248,1.882,1.8874,120150
2020-11-05,1.9248,1.9301,1.9141,1.9248,606900
2020-11-06,1.9676,1.9783,1.9355,1.9515,557250
2020-11-09,1.9729,1.989,1.9515,1.9783,1702800
2020-11-10,2.005,2.021,1.989,2.021,225450
2020-11-11,2.0317,2.0424,1.9943,1.9943,408150
2020-11-12,2.021,2.0531,2.021,2.0317,581400
2020-11-13,2.0585,2.1654,2.0585,2.1654,1071900
2020-11-16,2.1814,2.2616,2.1493,2.1654,772200
2020-11-17,2.1707,2.1707,2.0745,2.1387,472500
2020-11-18,2.1387,2.1387,2.0905,2.1066,252750
2020-11-19,2.1333,2.2028,2.1226,2.1547,513600
2020-11-20,2.1814,2.1814,2.0959,2.144,306750
2020-11-23,2.128,2.128,2.1012,2.1226,200700
2020-11-24,2.1333,2.1333,2.0798,2.0798,240600
2020-11-25,2.0798,2.128,2.0798,2.0852,157050
2020-11-26,2.1066,2.1333,2.1066,2.1173,81600
2020-11-27,2.1921,2.2028,2.1173,2.144,774750
2020-11-30,2.1654,2.2242,2.1654,2.2028,667800
2020-12-01,2.2242,2.2456,2.1921,2.2295,687750
2020-12-02,2.2402,2.2402,2.1975,2.2028,168600
2020-12-03,2.2028,2.2028,2.1654,2.1654,267450
2020-12-04,2.1761,2.1975,2.16,2.1654,482550
2020-12-07,2.1921,2.2563,2.1921,2.2028,294750
2020-12-08,2.2082,2.2563,2.2082,2.2295,928200
2020-12-09,2.2349,2.2509,2.2242,2.2295,269700
2020-12-10,2.2456,2.2456,2.1547,2.1707,424950
2020-12-11,2.1761,2.1921,2.16,2.1921,421800
2020-12-14,2.16,2.1921,2.1226,2.144,264900
2020-12-15,2.144,2.144,2.1226,2.1226,162000
2020-12-16,2.16,2.1654,2.1012,2.1226,253950
2020-12-17,2.1387,2.1387,2.1119,2.1173,128850
2020-12-18,2.1173,2.1547,2.1012,2.1547,221250
2020-12-21,2.1493,2.1493,2.1066,2.1066,76650
2020-12-22,2.1066,2.1066,2.0478,2.0585,258300
2020-12-23,2.0852,2.0852,2.0371,2.0798,424350
2020-12-24,2.1012,2.1387,2.0959,2.128,122700
2020-12-28,2.1387,2.1707,2.1387,2.1387,126900
2020-12-29,2.144,2.1493,2.1226,2.1387,480750
2020-12-30,2.1387,2.144,2.128,2.128,1220400
2020-12-31,2.1173,2.1387,2.1173,2.1387,183000
2021-01-04,2.1387,2.16,2.1226,2.1387,171150
2021-01-05,2.1387,2.1547,2.1066,2.1387,135000
2021-01-06,2.1493,2.1921,2.1493,2.1707,1136250
2021-01-07,2.1707,2.2456,2.1654,2.2402,1432950
2021-01-08,2.2456,2.3739,2.2082,2.2082,1974450
2021-01-11,2.2189,2.3311,2.2189,2.3204,1161450
2021-01-12,2.3204,2.3204,2.2349,2.2777,357750
2021-01-13,2.3097,2.3365,2.2937,2.3258,1021800
2021-01-14,2.3311,2.3525,2.3151,2.3365,2158650
2021-01-15,2.3418,2.3418,2.2884,2.3204,1535250
2021-01-18,2.2884,2.2884,2.2082,2.2242,312300
2021-01-19,2.2082,2.2189,2.1654,2.1975,553050
2021-01-20,2.1761,2.1975,2.1119,2.1226,565350
2021-01-21,2.1226,2.1707,2.1226,2.1707,189900
2021-01-22,2.1707,2.1707,2.16,2.16,160500
2021-01-25,2.16,2.16,2.1333,2.1547,244350
2021-01-26,2.1493,2.1547,2.0531,2.0531,451050
2021-01-27,2.0852,2.2135,2.0798,2.1387,858750
2021-01-29,2.128,2.1868,2.1119,2.1814,383700
2021-02-02,2.1814,2.2937,2.1814,2.2884,641250
2021-02-03,2.2937,2.2991,2.1814,2.2456,211650
2021-02-04,2.2242,2.2295,2.2028,2.2242,429600
2021-02-05,2.2135,2.2402,2.2135,2.2349,107250
2021-02-08,2.2349,2.2349,2.1814,2.1814,30750
2021-02-09,2.1814,2.1868,2.1761,2.1814,410550
2021-02-10,2.1814,2.1814,2.1547,2.1547,500700
2021-02-11,2.1547,2.1654,2.1119,2.1654,181950
2021-02-15,2.1654,2.1921,2.128,2.1654,387750
2021-02-16,2.1654,2.2189,2.16,2.1654,230250
2021-02-17,2.1654,2.1707,2.1493,2.16,213600
2021-02-18,2.16,2.2242,2.144,2.2189,350700
2021-02-19,2.1921,2.2028,2.16,2.2028,124800
2021-02-22,2.2135,2.2135,2.1547,2.1868,178500
2021-02-23,2.1921,2.2189,2.1814,2.1975,241800
2021-02-24,2.2082,2.2456,2.1921,2.2189,449400
2021-02-25,2.2189,2.2242,2.1921,2.2135,153000
2021-02-26,2.0585,2.1387,2.0317,2.0905,1128300
2021-03-01,2.0905,2.0959,2.021,2.021,600900
2021-03-02,2.0103,2.0424,1.9569,1.9729,393450
2021-03-03,1.9569,2.0424,1.9569,2.0264,276600
2021-03-04,2.0264,2.0264,1.9676,2.005,185700
2021-03-05,2.005,2.0478,1.9783,2.0103,205500
2021-03-08,2.0264,2.0317,2.0103,2.0157,259050
2021-03-09,2.0264,2.0531,2.0103,2.0531,952950
2021-03-10,2.0852,2.1012,2.0638,2.0959,130200
2021-03-11,2.1119,2.3097,2.1119,2.2991,1304400
2021-03-12,2.2991,2.2991,2.128,2.144,575100
2021-03-15,2.1654,2.1654,2.1387,2.144,870000
2021-03-16,2.16,2.1814,2.1547,2.16,318000
2021-03-17,2.16,2.2135,2.16,2.1921,707400
2021-03-18,2.1814,2.2135,2.1707,2.2028,688200
2021-03-19,2.1921,2.1921,2.16,2.1761,18000
2021-03-22,2.1547,2.1761,2.1493,2.1707,753150
2021-03-23,2.1654,2.1707,2.1387,2.16,21150
2021-03-24,2.1547,2.1547,2.1493,2.1493,208050
2021-03-25,2.16,2.1814,2.1387,2.1387,108300
2021-03-26,2.1387,2.16,2.1387,2.1547,51150
2021-03-29,2.144,2.1654,2.128,2.16,51450
2021-03-30,2.1387,2.1387,2.1119,2.128,348450
2021-03-31,2.128,2.128,2.1012,2.128,183300
2021-04-01,2.1387,2.1387,2.1119,2.1119,518700
2021-04-02,2.1333,2.1333,2.1119,2.1119,250350
2021-04-05,2.1119,2.1119,2.1012,2.1119,1516650
2021-04-06,2.1066,2.1066,2.0959,2.1012,1578750
2021-04-07,2.1066,2.1119,2.0852,2.1119,49500
2021-04-08,2.1119,2.1119,2.0959,2.1012,526950
2021-04-09,2.1012,2.1119,2.0959,2.1066,116550
2021-04-12,2.0852,2.0959,2.0478,2.0585,241050
2021-04-13,2.0585,2.1012,2.0478,2.0691,192900
2021-04-14,2.0585,2.0585,2.021,2.021,404550
2021-04-15,2.0585,2.0585,2.0157,2.0317,299700
2021-04-16,2.021,2.0798,2.021,2.0424,81450
2021-04-19,2.0317,2.0852,2.005,2.005,325800
2021-04-20,2.005,2.0691,1.989,2.0157,213000
2021-04-21,2.0157,2.0371,2.0103,2.021,173550
2021-04-22,2.0585,2.0638,2.0371,2.0531,238050
2021-04-23,2.0585,2.0745,2.0317,2.0531,150750
2021-04-26,2.0478,2.0478,2.0157,2.0317,359400
2021-04-27,2.0264,2.0317,2.0103,2.021,184200
2021-04-28,2.0317,2.0317,2.005,2.005,392400
2021-04-30,2.0157,2.0264,2.005,2.0103,96600
2021-05-03,2.021,2.0638,2.005,2.0478,734250
2021-05-04,2.0852,2.1707,2.0852,2.1654,726450
2021-05-05,2.1707,2.1761,2.0798,2.1119,563400
2021-05-06,2.1012,2.1654,2.0959,2.1387,477600
2021-05-07,2.1387,2.1707,2.128,2.1654,553500
2021-05-10,2.1921,2.2563,2.1868,2.2509,3918300
2021-05-11,2.2349,2.2563,2.1921,2.2082,818550
2021-05-12,2.1921,2.2777,2.1921,2.2723,1274100
2021-05-17,2.2616,2.2991,2.2189,2.2242,802650
2021-05-18,2.2295,2.2402,2.1921,2.2242,760800
2021-05-19,2.2456,2.2456,2.1975,2.2028,589050
2021-05-20,2.1921,2.2189,2.1761,2.1921,631650
2021-05-21,2.1761,2.1761,2.0852,2.1387,329100
2021-05-24,2.1387,2.1654,2.1119,2.1654,216300
2021-05-25,2.1707,2.1707,2.1012,2.1012,458700
2021-05-27,2.1119,2.128,2.0959,2.1012,329550
2021-05-28,2.1012,2.1012,2.0638,2.0691,193950
2021-05-31,2.0424,2.0798,2.0424,2.0798,106650
2021-06-01,2.0585,2.1119,2.0585,2.0585,114450
2021-06-02,2.0585,2.1119,2.0585,2.1119,169950
2021-06-03,2.1226,2.1226,2.0745,2.0852,205650
2021-06-04,2.0852,2.0905,2.0531,2.0691,574950
2021-06-08,2.0798,2.1012,2.0745,2.0852,190500
2021-06-09,2.0905,2.0905,2.0852,2.0905,63000
2021-06-10,2.1173,2.1173,2.0638,2.0852,161550
2021-06-11,2.0852,2.0852,2.0585,2.0745,268950
2021-06-14,2.0691,2.0691,1.9943,1.9943,636300
2021-06-15,1.9676,1.9729,1.9034,1.9355,1402950
2021-06-16,1.9355,1.9408,1.9088,1.9408,2806500
2021-06-17,1.9408,1.9408,1.9141,1.9408,610950
2021-06-18,1.9408,1.9408,1.8767,1.9141,577800
2021-06-21,1.9248,1.9408,1.8981,1.8981,135900
2021-06-22,1.8927,1.9194,1.8927,1.9194,319200
2021-06-23,1.9141,1.9194,1.9034,1.9034,41700
2021-06-24,1.9088,1.9141,1.8874,1.8981,209550
2021-06-25,1.8927,1.8981,1.8499,1.866,417150
2021-06-28,1.8713,1.8713,1.8446,1.8713,80400
2021-06-29,1.8768,1.8768,1.855,1.8604,231750
2021-06-30,1.8604,1.8876,1.8604,1.8768,90450
2021-07-01,1.8931,1.9148,1.8931,1.9094,408900
2021-07-02,1.904,1.904,1.8659,1.8768,142500
2021-07-05,1.9094,1.9094,1.9094,1.9094,1500
2021-07-06,1.9094,1.9203,1.8931,1.904,147900
2021-07-07,1.9203,1.9312,1.9148,1.9148,113100
2021-07-08,1.904,1.904,1.8496,1.8496,49200
2021-07-09,1.8496,1.904,1.7952,1.8224,582150
2021-07-12,1.8496,1.8876,1.8278,1.8332,73650
2021-07-13,1.8496,1.8496,1.8496,1.8496,6000
2021-07-14,1.8387,1.8441,1.8169,1.8441,181650
2021-07-15,1.8224,1.8387,1.8169,1.8278,91350
2021-07-16,1.8278,1.8713,1.8278,1.8659,60450
2021-07-19,1.8713,1.904,1.8713,1.8985,41400
2021-07-21,1.904,1.9257,1.904,1.9148,31650
2021-07-22,1.9257,1.9529,1.9257,1.9475,142500
2021-07-23,1.9475,1.9638,1.9475,1.9638,42750
2021-07-26,1.9638,1.9747,1.9638,1.9747,66750
2021-07-27,1.9692,1.991,1.9692,1.9747,450750
2021-07-28,1.9638,1.9747,1.9638,1.9692,166050
2021-07-29,1.9747,1.9747,1.9312,1.9312,42450
2021-07-30,1.9203,1.9203,1.8768,1.8876,128850
2021-08-02,1.8985,1.8985,1.8985,1.8985,9300
2021-08-03,1.8985,1.8985,1.8822,1.8931,18000
2021-08-04,1.8659,1.8768,1.8332,1.8768,136050
2021-08-05,1.8768,1.8822,1.8768,1.8822,322350
2021-08-06,1.8822,1.8822,1.855,1.855,117450
2021-08-09,1.8659,1.8876,1.8441,1.8876,255150
2021-08-11,1.8768,1.8768,1.8604,1.8713,252750
2021-08-12,1.8876,1.9257,1.8768,1.8822,157200
2021-08-13,1.9094,1.9148,1.904,1.9094,83700
2021-08-16,1.9148,1.9475,1.9148,1.9312,63900
2021-08-17,1.9257,1.9529,1.9257,1.9475,102900
2021-08-18,1.942,1.942,1.9203,1.9203,63600
2021-08-19,1.9366,1.9801,1.9366,1.9692,118650
2021-08-20,1.9801,1.9856,1.9366,1.9366,167550
2021-08-23,1.942,1.9801,1.942,1.9747,180900
2021-08-24,1.9638,1.9964,1.9638,1.9964,162900
2021-08-25,1.9964,2.0182,1.9964,2.0182,175350
2021-08-26,2.0236,2.0454,2.0128,2.0454,227100
2021-08-27,2.0672,2.078,2.0345,2.0345,474450
2021-08-30,2.0345,2.0672,2.0291,2.0345,264300
2021-09-01,2.0345,2.0345,2.0073,2.0128,362550
2021-09-02,2.0019,2.0182,1.9584,1.9747,217950
2021-09-03,1.9856,1.991,1.9692,1.991,114300
2021-09-06,1.9964,1.9964,1.9692,1.9801,192000
2021-09-07,1.9964,2.0345,1.9964,2.0236,664650
2021-09-08,2.0345,2.0454,1.9964,2.0454,160350
2021-09-09,2.0454,2.0454,1.9638,2.0073,312900
2021-09-10,2.0128,2.0128,1.9692,2.0019,118200
2021-09-13,1.9801,2.0019,1.9529,1.9692,418200
2021-09-14,2.0019,2.0019,1.9312,1.9475,465450
2021-09-15,1.9584,1.9584,1.9257,1.9366,174300
2021-09-17,1.942,1.9584,1.9257,1.9312,282450
2021-09-20,1.9312,1.9312,1.8876,1.8876,298950
2021-09-21,1.8822,1.904,1.8768,1.8768,178800
2021-09-22,1.8768,1.8985,1.8768,1.8931,81150
2021-09-23,1.8931,1.9529,1.8931,1.904,53700
2021-09-24,1.904,1.904,1.8876,1.8876,164100
2021-09-27,1.8931,1.8931,1.8768,1.8822,181650
2021-09-28,1.8768,1.9148,1.8768,1.904,78900
2021-09-29,1.904,1.9584,1.904,1.9366,92550
2021-09-30,1.9366,1.9529,1.9312,1.9529,31950
2021-10-01,1.9584,1.9692,1.9312,1.9529,123150
2021-10-04,1.9638,1.9692,1.9366,1.9366,87900
2021-10-05,1.9584,1.9638,1.942,1.9529,465900
2021-10-06,1.9856,2.0944,1.9856,2.078,1173150
2021-10-07,2.1216,2.1651,2.1107,2.1216,1345200
2021-10-08,2.1488,2.1488,2.0889,2.1161,381450
2021-10-11,2.1216,2.1651,2.1216,2.1651,1032000
2021-10-12,2.1651,2.176,2.0944,2.1107,599100
2021-10-13,2.1107,2.1324,2.1052,2.127,272250
2021-10-14,2.1488,2.1596,2.0889,2.0889,606900
2021-10-15,2.1107,2.1379,2.0944,2.1161,300600
2021-10-18,2.1161,2.1379,2.1161,2.1216,318600
2021-10-20,2.1161,2.1379,2.0998,2.1379,572100
2021-10-21,2.1433,2.176,2.1107,2.1107,848250
2021-10-22,2.1107,2.1324,2.1107,2.1216,214650
2021-10-25,2.1161,2.127,2.1107,2.1107,186000
2021-10-26,2.1107,2.1216,2.1107,2.1161,175500
2021-10-27,2.127,2.1324,2.1107,2.1161,125850
2021-10-28,2.1107,2.1107,2.0889,2.0944,335550
2021-10-29,2.0944,2.0944,2.0726,2.0889,211950
2021-11-01,2.0454,2.0617,2.0291,2.04,288600
2021-11-02,2.1107,2.1107,2.04,2.0672,186450
2021-11-03,2.0672,2.0672,2.0508,2.0672,118350
2021-11-05,2.0672,2.0672,2.0291,2.0454,117000
2021-11-08,2.0617,2.0617,2.0019,2.0291,232650
2021-11-09,2.0128,2.0128,1.9692,1.9856,145200
2021-11-10,1.991,1.991,1.9692,1.9747,154800
2021-11-11,1.9638,1.9747,1.9638,1.9747,60000
2021-11-12,1.9638,2.0073,1.9638,1.9692,130650
2021-11-15,1.9856,1.9964,1.9638,1.9638,286350
2021-11-16,1.9692,1.9856,1.9638,1.9692,142800
2021-11-17,1.9747,1.9747,1.9692,1.9692,26550
2021-11-18,1.9692,2.0073,1.9584,1.9584,333750
2021-11-19,1.9747,1.9856,1.9747,1.9856,57900
2021-11-22,2.0073,2.0345,2.0073,2.0128,249900
2021-11-23,2.0236,2.0889,2.0236,2.0454,498750
2021-11-24,2.0454,2.0617,2.0291,2.04,162900
2021-11-25,2.04,2.0617,1.9856,2.0019,147600
2021-11-26,2.0019,2.0019,1.9203,1.9203,551400
2021-11-29,1.904,1.9529,1.8822,1.9148,415350
2021-11-30,1.9203,1.9366,1.8985,1.904,410100
2021-12-01,1.8985,1.9203,1.8822,1.8985,391500
2021-12-02,1.904,1.904,1.8931,1.904,126900
2021-12-06,1.904,1.9094,1.8822,1.904,58500
2021-12-07,1.904,1.9584,1.904,1.9529,82650
2021-12-08,1.9529,1.9529,1.904,1.9366,16500
2021-12-09,1.9312,1.9475,1.9203,1.9475,83400
2021-12-10,1.9856,1.9856,1.9148,1.942,229050
2021-12-13,1.942,1.9584,1.9366,1.942,43350
2021-12-14,1.942,1.942,1.9148,1.9148,88050
2021-12-15,1.9369,1.9479,1.8708,1.8983,336750
2021-12-16,1.8818,1.8928,1.8598,1.8653,155850
2021-12-17,1.8653,1.9258,1.8433,1.8488,324900
2021-12-20,1.8653,1.8818,1.8543,1.8653,357900
2021-12-21,1.8708,1.8818,1.8433,1.8818,170700
2021-12-22,1.8873,1.9258,1.8873,1.9203,22650
2021-12-23,1.9203,1.9203,1.9148,1.9148,8550
2021-12-24,1.9148,1.9534,1.8818,1.8928,185850
2021-12-27,1.9038,1.9424,1.9038,1.9258,21150
2021-12-28,1.9314,1.9369,1.9203,1.9258,58050
2021-12-29,1.9258,1.9534,1.9258,1.9369,127500
2021-12-30,1.9369,1.9369,1.9203,1.9203,75450
2021-12-31,1.9258,1.9369,1.9203,1.9203,81450
2022-01-03,1.8983,1.9589,1.8983,1.9589,80700
2022-01-04,1.9699,2.0304,1.9699,2.0084,264900
2022-01-05,2.0139,2.0469,2.0139,2.0469,223650
2022-01-06,2.0359,2.0799,1.9479,1.9809,444000
2022-01-07,1.9974,1.9974,1.9699,1.9699,277050
2022-01-10,2.0084,2.0084,1.9093,1.9258,868500
2022-01-11,1.9314,1.9314,1.9203,1.9258,426450
2022-01-12,1.9258,1.9754,1.9258,1.9644,472200
2022-01-13,1.9754,1.9919,1.9534,1.9809,139500
2022-01-14,1.9534,1.9864,1.9479,1.9864,205650
2022-01-17,1.9809,1.9809,1.9589,1.9699,45000
2022-01-19,1.9479,1.9699,1.9479,1.9479,251700
2022-01-20,1.9589,1.9644,1.9589,1.9644,24300
2022-01-21,1.9589,1.9754,1.9479,1.9754,85800
2022-01-24,1.9754,1.9809,1.9699,1.9699,106500
2022-01-25,1.9479,1.9589,1.9258,1.9534,98850
2022-01-26,1.9479,1.9534,1.9479,1.9534,1950
2022-01-27,1.9479,1.9809,1.9369,1.9534,94350
2022-01-28,1.9809,2.0744,1.9809,2.0359,499350
2022-01-31,2.0414,2.0634,2.0139,2.0634,225600
2022-02-03,2.0469,2.1459,2.0469,2.1239,660600
2022-02-04,2.1404,2.1625,2.1239,2.1514,466200
2022-02-07,2.1569,2.2285,2.1569,2.212,1362150
2022-02-08,2.212,2.2285,2.1514,2.223,523500
2022-02-09,2.2065,2.2285,2.19,2.2285,652050
2022-02-10,2.223,2.234,2.201,2.2285,877950
2022-02-11,2.2285,2.355,2.2285,2.355,2332200
2022-02-14,2.366,2.4651,2.355,2.4156,3561000
2022-02-15,2.4211,2.4871,2.4211,2.4871,5878500
2022-02-16,2.4926,2.6137,2.4816,2.5696,2964600
2022-02-17,2.5971,2.7347,2.5971,2.6632,3417600
2022-02-18,2.6632,2.8062,2.6632,2.8007,3598350
2022-02-21,2.8172,2.8503,2.6687,2.7897,1962150
2022-02-22,2.7897,2.8062,2.7237,2.7457,2250600
2022-02-23,2.7622,2.9493,2.7622,2.8943,3601950
2022-02-24,2.8943,2.9823,2.8393,2.9548,3653850
2022-02-25,3.0043,3.2794,3.0043,3.2464,6323850
2022-02-28,3.2739,3.461,3.2739,3.428,4700250
2022-03-01,3.505,3.516,3.318,3.461,4153950
2022-03-02,3.5105,3.5931,3.4885,3.5656,6361200
2022-03-03,3.5656,3.6866,3.472,3.6756,3360300
2022-03-04,3.5766,3.6206,3.472,3.5105,3043650
2022-03-07,3.4885,3.4995,3.307,3.329,2117850
2022-03-08,3.3125,3.384,3.1364,3.2079,2957550
2022-03-09,3.2299,3.4775,3.1364,3.4665,3787650
2022-03-10,3.4665,3.472,3.296,3.3015,1918650
2022-03-11,3.296,3.417,3.296,3.384,2603250
2022-03-14,3.406,3.406,3.1034,3.1309,2011500
2022-03-15,3.0538,3.1309,2.8888,2.8888,2588400
2022-03-16,2.8833,3.0814,2.8613,3.0153,2269800
2022-03-17,3.0263,3.0814,2.9163,2.9493,2190900
2022-03-18,2.9658,3.1089,2.9658,3.0924,1901700
2022-03-21,3.0924,3.1364,2.9988,3.0373,616500
2022-03-22,3.0759,3.1914,3.0704,3.0979,1655400
2022-03-23,3.0979,3.1749,3.0924,3.1364,799350
2022-03-24,3.1859,3.2189,3.1254,3.1309,1291950
2022-03-25,3.1254,3.2024,3.1254,3.1749,1891050
2022-03-28,3.1749,3.2024,3.0924,3.1199,463200
2022-03-29,3.1199,3.1199,2.9933,3.0593,924450
2022-03-30,3.0263,3.0704,2.9768,2.9768,778800
2022-03-31,2.9658,3.0043,2.9273,2.9713,384600
2022-04-01,2.9383,2.9878,2.8668,2.8888,1114650
2022-04-04,2.8943,3.0538,2.8668,3.0153,1549950
2022-04-05,3.0043,3.0648,2.9768,3.0648,987900
2022-04-06,3.0593,3.1474,3.0373,3.1364,1707300
2022-04-07,3.1419,3.1529,3.0924,3.1199,1679250
2022-04-08,3.1364,3.1694,3.1034,3.1419,1252350
2022-04-11,3.0979,3.34,3.0649,3.3235,8449950
2022-04-12,3.351,3.4555,3.318,3.4115,5254350
2022-04-13,3.4115,3.461,3.3455,3.4115,2723400
2022-04-14,3.4335,3.4335,3.362,3.384,2106000
2022-04-15,3.362,3.428,3.3455,3.384,747600
2022-04-18,3.395,3.5216,3.395,3.4665,1654350
2022-04-20,3.483,3.6261,3.483,3.6096,2281500
2022-04-21,3.6096,3.6096,3.5216,3.5601,848700
2022-04-22,3.5986,3.5986,3.5105,3.5271,1035600
2022-04-25,3.6536,3.9728,3.6371,3.6646,7279350
2022-04-26,3.6316,3.6866,3.5381,3.5656,2353200
2022-04-27,3.5656,3.5986,3.461,3.5216,1733400
2022-04-28,3.6591,3.7251,3.5876,3.6316,2172600
2022-04-29,3.6316,3.8242,3.5766,3.8022,3042000
2022-05-05,3.8517,3.8517,3.5931,3.6096,2151300
2022-05-06,3.5546,3.6096,3.5271,3.5546,2008350
2022-05-09,3.5216,3.5216,3.3565,3.3895,3424650
2022-05-10,3.3455,3.384,3.1969,3.2684,3324000
2022-05-11,3.2629,3.45,3.2629,3.4115,1997400
2022-05-12,3.4005,3.4445,3.1969,3.2079,2271000
2022-05-13,3.2189,3.3455,3.2024,3.2794,1221750
2022-05-17,3.2849,3.4005,3.2794,3.373,2295000
2022-05-18,3.395,3.417,3.307,3.329,1166550
2022-05-19,3.2739,3.2739,3.1364,3.1474,2215350
2022-05-20,3.1199,3.296,3.0593,3.2684,2773200
2022-05-23,3.2739,3.318,3.2464,3.3015,1795350
2022-05-24,3.3015,3.34,3.1859,3.2464,3930150
2022-05-25,3.2464,3.296,3.2299,3.2354,443100
2022-05-26,3.2354,3.2464,3.1914,3.2409,613950
2022-05-27,3.2409,3.2409,3.1419,3.1694,545850
2022-05-30,3.1639,3.1639,3.0538,3.0814,531300
2022-05-31,3.0814,3.1034,2.9878,3.0373,1273050
2022-06-01,3.0263,3.1309,3.0208,3.0428,999300
2022-06-02,3.0428,3.0428,2.9878,2.9878,442350
2022-06-03,2.9933,3.0759,2.9933,3.0043,842550
2022-06-07,3.0263,3.0924,2.9273,2.9713,1057500
2022-06-08,2.9768,2.9878,2.8833,2.9218,969000
2022-06-09,2.9163,2.9218,2.8503,2.8613,959250
2022-06-10,2.8448,2.8668,2.7622,2.8668,1761300
2022-06-13,2.7952,2.8282,2.6137,2.6137,2273850
2022-06-14,2.5586,2.7292,2.5476,2.6797,2023950
2022-06-15,2.6522,2.6632,2.6137,2.6357,426750
2022-06-16,2.6412,2.7127,2.5751,2.5861,1140450
2022-06-17,2.5586,2.5916,2.4871,2.5696,575100
2022-06-20,2.5586,2.5586,2.3991,2.4156,1425450
2022-06-21,2.4156,2.4376,2.377,2.4101,871950
2022-06-22,2.4046,2.5091,2.366,2.366,1258500
2022-06-23,2.355,2.4211,2.3275,2.3385,492750
2022-06-24,2.3605,2.366,2.2615,2.3275,1077750
2022-06-27,2.289,2.377,2.289,2.3,1443450
2022-06-28,2.311,2.4046,2.311,2.377,716550
2022-06-29,2.3938,2.3938,2.2989,2.338,1462500
2022-06-30,2.3324,2.338,2.232,2.2375,1170000
2022-07-01,2.2431,2.3157,2.2041,2.2822,833100
2022-07-04,2.2989,2.3324,2.2822,2.3157,577800
2022-07-05,2.3101,2.3436,2.2375,2.2766,1416000
2022-07-06,2.2654,2.2654,2.0199,2.0255,5176800
2022-07-07,2.0367,2.1371,2.0367,2.0869,2484600
2022-07-08,2.0925,2.2822,2.0925,2.2152,1050750
2022-07-12,2.2487,2.2822,2.1929,2.2096,480000
2022-07-13,2.2264,2.232,2.1929,2.2264,495900
2022-07-14,2.2487,2.2487,2.1594,2.1706,1601325
2022-07-15,2.1678,2.1678,2.0339,2.1008,703800
2022-07-18,2.1343,2.2264,1.9837,2.218,870000
2022-07-19,2.2264,2.2682,2.0841,2.1343,1057100
2022-07-20,2.126,2.2348,2.126,2.1845,1000800
2022-07-21,2.1929,2.2096,2.1511,2.1762,376800
2022-07-22,2.2013,2.2096,2.1427,2.1762,567400
2022-07-25,2.1762,2.2096,2.1511,2.1929,273100
2022-07-26,2.2096,2.2431,2.1929,2.218,369500
2022-07-27,2.2096,2.2264,2.1427,2.1762,1163100
2022-07-28,2.1845,2.3268,2.1845,2.3017,910100
2022-07-29,2.3101,2.377,2.285,2.3101,1070100
2022-08-01,2.3603,2.3854,2.3185,2.3519,796000
2022-08-02,2.3603,2.3603,2.218,2.218,1702900
2022-08-03,2.218,2.2766,2.1845,2.2515,481600
2022-08-04,2.2515,2.3017,2.2515,2.285,520700
2022-08-05,2.2766,2.2933,2.2431,2.2515,608000
2022-08-08,2.2599,2.2766,2.2096,2.2599,477900
2022-08-09,2.2599,2.3017,2.2264,2.2682,567200
2022-08-10,2.2766,2.3436,2.218,2.2431,730000
2022-08-11,2.2766,2.3268,2.2515,2.3017,436600
2022-08-12,2.3017,2.3352,2.2766,2.3268,496700
2022-08-15,2.3268,2.3268,2.2431,2.285,717000
2022-08-16,2.2599,2.285,2.2264,2.2599,1391200
2022-08-17,2.2599,2.3017,2.2515,2.3017,936600
2022-08-18,2.285,2.3017,2.2348,2.2933,1499400
2022-08-19,2.3017,2.3101,2.2766,2.3017,773300
2022-08-22,2.3017,2.3017,2.2766,2.2933,102600
2022-08-23,2.285,2.3185,2.2766,2.3017,404200
2022-08-24,2.3101,2.3268,2.2682,2.3101,520800
2022-08-25,2.3101,2.3603,2.2766,2.3017,1286100
2022-08-26,2.3017,2.3101,2.2766,2.3017,473100
2022-08-29,2.2933,2.3268,2.2599,2.3017,570900
2022-08-30,2.3017,2.3268,2.285,2.3101,846000
2022-09-01,2.2933,2.2933,2.1427,2.1762,1497200
2022-09-02,2.1762,2.1929,2.1427,2.1427,1142600
2022-09-05,2.1427,2.1427,2.0841,2.126,504800
2022-09-06,2.1176,2.1427,2.1176,2.1343,206100
2022-09-07,2.1343,2.1343,2.1176,2.1343,293100
2022-09-08,2.126,2.1427,2.1008,2.1092,1404600
2022-09-09,2.1176,2.1343,2.1176,2.126,249200
2022-09-12,2.1343,2.1594,2.1092,2.1511,256500
2022-09-13,2.1594,2.1762,2.1511,2.1678,464900
2022-09-14,2.1423,2.1763,2.1423,2.1593,260600
2022-09-15,2.1508,2.1933,2.1508,2.1933,177200
2022-09-19,2.1848,2.1848,2.1593,2.1593,148600
2022-09-20,2.1423,2.1678,2.1423,2.1508,422700
2022-09-21,2.1423,2.1593,2.1253,2.1253,595500
2022-09-22,2.1083,2.1338,2.1083,2.1168,140900
2022-09-23,2.1168,2.1253,2.1083,2.1253,100300
2022-09-26,2.0828,2.0828,2.0148,2.0148,683300
2022-09-27,2.0063,2.0318,1.9638,1.9808,480300
2022-09-28,1.9638,1.9638,1.9128,1.9128,954900
2022-09-29,1.9213,1.9298,1.8703,1.8703,578500
2022-09-30,1.8703,1.8703,1.8448,1.8618,688200
2022-10-03,1.8618,1.9043,1.8448,1.9043,311800
2022-10-04,1.9043,1.9723,1.9043,1.9638,199800
2022-10-05,1.9808,2.0318,1.9808,1.9978,324900
2022-10-06,1.9978,2.1338,1.9978,2.1083,309200
2022-10-07,2.1083,2.1083,2.0828,2.0828,274200
2022-10-11,2.0828,2.0828,1.9723,1.9893,292900
2022-10-12,1.9893,2.0658,1.9893,2.0658,108100
2022-10-13,2.0573,2.0573,2.0233,2.0233,250000
2022-10-14,2.0573,2.0573,2.0403,2.0403,119500
2022-10-17,2.0403,2.0743,2.0318,2.0573,134700
2022-10-18,2.0828,2.1168,2.0743,2.0828,427900
2022-10-19,2.0828,2.1848,2.0828,2.1253,738400
2022-10-20,2.1423,2.2103,2.1253,2.1593,802200
2022-10-21,2.1593,2.1848,2.1338,2.1423,411800
2022-10-25,2.1593,2.1678,2.1338,2.1338,163100
2022-10-26,2.1338,2.1933,2.1253,2.1933,194300
2022-10-27,2.1933,2.2273,2.1678,2.2273,281400
2022-10-28,2.2273,2.2273,2.1508,2.1508,198600
2022-10-31,2.1763,2.2103,2.1593,2.1848,133100
2022-11-01,2.1933,2.2103,2.1593,2.1848,232100
2022-11-02,2.2018,2.2528,2.2018,2.2528,392400
2022-11-03,2.2443,2.2613,2.1593,2.2018,392600
2022-11-04,2.1933,2.2528,2.1933,2.2443,348800
2022-11-07,2.2613,2.2783,2.2188,2.2443,219200
2022-11-08,2.2358,2.2443,2.1933,2.2103,210300
2022-11-09,2.2103,2.2443,2.1933,2.2103,280300
2022-11-10,2.2018,2.2188,2.1848,2.1933,276400
2022-11-11,2.2188,2.2273,2.1763,2.2018,460900
2022-11-14,2.2018,2.2358,2.1763,2.2103,452000
2022-11-15,2.2018,2.2358,2.1933,2.2358,265200
2022-11-16,2.2358,2.2528,2.2188,2.2358,269500
2022-11-17,2.2443,2.2613,2.2273,2.2273,402400
2022-11-21,2.2188,2.2188,2.1168,2.1593,822000
2022-11-22,2.1338,2.1678,2.1253,2.1678,251600
2022-11-23,2.1593,2.1848,2.1593,2.1763,136000
2022-11-24,2.1763,2.2528,2.1763,2.2273,268500
2022-11-25,2.2358,2.2443,2.2103,2.2103,239300
2022-11-29,2.2358,2.2443,2.1423,2.1508,1309900
2022-11-30,2.1593,2.1763,2.1508,2.1678,762000
2022-12-01,2.1848,2.2018,2.1593,2.1848,156400
2022-12-02,2.1678,2.1678,2.1593,2.1678,83200
2022-12-05,2.1678,2.2018,2.1678,2.1848,99600
2022-12-06,2.1848,2.1848,2.1253,2.1593,347100
2022-12-07,2.1338,2.1763,2.1338,2.1763,44500
2022-12-08,2.1848,2.2103,2.1423,2.1593,367000
2022-12-09,2.1593,2.2273,2.1593,2.2103,361600
2022-12-12,2.2273,2.2443,2.1848,2.2358,177800
2022-12-13,2.2443,2.2528,2.2188,2.2443,144900
2022-12-14,2.2358,2.2868,2.2358,2.2783,86100
2022-12-15,2.2698,2.2868,2.2358,2.2528,123000
2022-12-16,2.2443,2.2868,2.2103,2.2868,229100
2022-12-19,2.2868,2.2953,2.2613,2.2868,39800
2022-12-20,2.2698,2.2783,2.2103,2.2103,55800
2022-12-21,2.2188,2.2188,2.1848,2.1933,407000
2022-12-22,2.2018,2.2273,2.2018,2.2018,81000
2022-12-23,2.2018,2.2018,2.1848,2.1848,230700
2022-12-27,2.2103,2.2358,2.1848,2.2358,25000
2022-12-28,2.2443,2.2528,2.2018,2.2018,279900
2022-12-29,2.2018,2.2273,2.2018,2.2103,10500
2022-12-30,2.2018,2.2273,2.2018,2.2103,27200
2023-01-03,2.2103,2.2443,2.2103,2.2358,47000
2023-01-04,2.2358,2.2443,2.2358,2.2358,77000
2023-01-05,2.2443,2.2698,2.2358,2.2528,164800
2023-01-06,2.2528,2.2613,2.2443,2.2443,451000
2023-01-09,2.2528,2.2783,2.2528,2.2698,100200
2023-01-10,2.2698,2.2868,2.2528,2.2868,88700
2023-01-11,2.2698,2.2868,2.2613,2.2868,66600
2023-01-12,2.2783,2.2868,2.2613,2.2698,134100
2023-01-13,2.2868,2.2868,2.2188,2.2443,334800
2023-01-16,2.2443,2.2443,2.2018,2.2188,66800
2023-01-17,2.2188,2.2273,2.2103,2.2273,74200
2023-01-18,2.2018,2.2443,2.2018,2.2443,174200
2023-01-19,2.2358,2.2528,2.2273,2.2273,203300
2023-01-20,2.2358,2.2613,2.2273,2.2613,99200
2023-01-25,2.2613,2.2783,2.2188,2.2358,426200
2023-01-26,2.2358,2.2528,2.2273,2.2528,366400
2023-01-27,2.2528,2.2528,2.2188,2.2188,158200
2023-01-30,2.2273,2.2613,2.2273,2.2358,154400
2023-01-31,2.2358,2.2613,2.2273,2.2528,281500
2023-02-02,2.2528,2.2528,2.2188,2.2188,391000
2023-02-03,2.2273,2.2273,2.2103,2.2103,236700
2023-02-07,2.2188,2.2698,2.2188,2.2698,136000
2023-02-08,2.2698,2.2698,2.2273,2.2698,130600
2023-02-09,2.2443,2.2698,2.2188,2.2528,119300
2023-02-10,2.2613,2.2953,2.2443,2.2443,100400
2023-02-13,2.2698,2.2698,2.2103,2.2188,152800
2023-02-14,2.2188,2.2443,2.2188,2.2188,261800
2023-02-15,2.2273,2.2698,2.2273,2.2358,154300
2023-02-16,2.2613,2.2698,2.2358,2.2358,138300
2023-02-17,2.2358,2.3208,2.2358,2.2953,348900
2023-02-20,2.3293,2.3973,2.3293,2.3548,215200
2023-02-21,2.3548,2.3718,2.3378,2.3633,149900
2023-02-22,2.3718,2.4313,2.3548,2.3973,398900
2023-02-23,2.4228,2.4228,2.3803,2.3803,395200
2023-02-24,2.3803,2.4058,2.2953,2.3293,313200
2023-02-27,2.3293,2.3293,2.2783,2.2868,155900
2023-02-28,2.2698,2.2698,2.2358,2.2443,404500
2023-03-01,2.2103,2.2103,2.1508,2.1678,497100
2023-03-02,2.1593,2.1678,2.0828,2.1253,1135500
2023-03-03,2.1423,2.1848,2.1338,2.1848,262100
2023-03-06,2.2018,2.2358,2.1508,2.1508,303800
2023-03-07,2.1763,2.1763,2.0998,2.1253,707000
2023-03-08,2.1168,2.1593,2.0828,2.1593,433800
2023-03-09,2.1593,2.2188,2.1593,2.1933,168300
2023-03-10,2.1763,2.1763,2.1168,2.1168,395000
2023-03-13,2.1083,2.1168,2.0828,2.0828,256900
2023-03-14,2.0828,2.0828,2.0233,2.0233,491500
2023-03-15,2.0233,2.0998,2.0233,2.0743,63000
2023-03-16,2.0488,2.0658,2.0403,2.0488,124500
2023-03-17,2.0573,2.0913,2.0573,2.0828,134200
2023-03-20,2.0658,2.0828,2.0318,2.0488,173200
2023-03-21,2.0488,2.0743,2.0403,2.0403,250200
2023-03-22,2.0318,2.0488,2.0318,2.0403,134900
2023-03-23,2.0403,2.0403,1.9978,2.0233,302700
2023-03-24,2.0148,2.0148,1.9893,1.9893,393200
2023-03-27,1.9893,2.0063,1.9808,1.9808,192700
2023-03-28,1.9893,2.0063,1.9808,1.9808,158000
2023-03-29,1.9808,2.0233,1.9808,2.0148,217100
2023-03-30,2.0233,2.0318,2.0063,2.0063,30400
2023-03-31,2.0063,2.0318,2.0063,2.0318,58400
2023-04-03,2.0063,2.1083,2.0063,2.0913,79200
2023-04-04,2.1083,2.1168,2.0828,2.0828,226100
2023-04-05,2.0998,2.1083,2.0743,2.0828,124300
2023-04-06,2.0828,2.0828,2.0743,2.0743,19300
2023-04-07,2.0828,2.0913,2.0828,2.0913,30800
2023-04-10,2.0913,2.0998,2.0743,2.0998,87800
2023-04-11,2.0913,2.1083,2.0828,2.0913,213200
2023-04-12,2.0828,2.1083,2.0828,2.0998,57800
2023-04-13,2.0998,2.1168,2.0998,2.1083,29500
2023-04-14,2.1083,2.1083,2.0913,2.0998,64400
2023-04-17,2.0998,2.1168,2.0913,2.1083,53500
2023-04-18,2.1083,2.1083,2.0913,2.0913,20000
2023-04-19,2.1083,2.1253,2.0998,2.1253,43500
2023-04-20,2.1253,2.1253,2.0998,2.1168,57700
2023-04-25,2.1083,2.1253,2.1083,2.1253,29400
2023-04-26,2.1083,2.1083,2.0998,2.1083,32800
2023-04-27,2.1168,2.1168,2.0913,2.0998,17600
2023-04-28,2.0913,2.1083,2.0743,2.1083,71400
2023-05-02,2.1083,2.1083,2.0913,2.0998,74400
2023-05-03,2.0913,2.0998,2.0913,2.0998,29500
2023-05-05,2.0913,2.1083,2.0828,2.0828,97300
2023-05-08,2.0743,2.0998,2.0743,2.0913,48900
2023-05-09,2.0998,2.0998,2.0913,2.0998,49700
2023-05-10,2.1083,2.1083,2.0998,2.0998,29800
2023-05-11,2.0998,2.1253,2.0913,2.1253,10500
2023-05-12,2.1253,2.1763,2.1083,2.1593,139900
2023-05-15,2.1763,2.1763,2.1253,2.1253,106700
2023-05-16,2.1253,2.1508,2.1253,2.1423,26200
2023-05-17,2.1423,2.1593,2.1338,2.1423,81000
2023-05-18,2.1508,2.1508,2.1338,2.1423,46500
2023-05-19,2.1423,2.1423,2.1253,2.1338,62600
2023-05-22,2.1338,2.1338,2.0828,2.0913,115200
2023-05-23,2.0828,2.0913,2.0743,2.0828,82100
2023-05-24,2.0828,2.0828,2.0573,2.0573,90400
2023-05-25,2.0573,2.0573,2.0318,2.0488,160200
2023-05-26,2.0488,2.0573,2.0403,2.0403,20100
2023-05-29,2.0403,2.0488,2.0318,2.0488,49600
2023-05-30,2.0573,2.0658,2.0488,2.0573,214700
2023-05-31,2.0573,2.0658,2.0318,2.0573,398600
2023-06-01,2.0403,2.0658,2.0318,2.0488,89700
2023-06-02,2.0658,2.0658,2.0403,2.0403,57500
2023-06-06,2.0573,2.0658,2.0488,2.0488,219200
2023-06-07,2.0573,2.0573,2.0403,2.0488,94100
2023-06-08,2.0488,2.0658,2.0403,2.0658,325600
2023-06-09,2.0658,2.0658,2.0488,2.0573,17300
2023-06-12,2.0658,2.0913,2.0233,2.0743,232600
2023-06-13,2.0913,2.0913,2.0828,2.0913,4000
2023-06-14,2.0913,2.1083,2.0573,2.1083,26900
2023-06-15,2.0743,2.0828,2.0743,2.0743,12900
2023-06-16,2.0998,2.1253,2.0743,2.1168,73900
2023-06-19,2.1168,2.1423,2.0998,2.1168,33600
2023-06-20,2.1168,2.2103,2.1168,2.1848,161100
2023-06-21,2.1678,2.2188,2.1253,2.1338,125500
2023-06-22,2.1338,2.1423,2.1253,2.1253,69100
2023-06-23,2.1253,2.1848,2.1168,2.1848,25300
2023-06-26,2.1338,2.1763,2.1338,2.1593,51200
2023-06-27,2.1593,2.1848,2.1508,2.1848,39100
2023-06-28,2.1761,2.1848,2.15,2.1674,54200
2023-06-30,2.1761,2.1761,2.1239,2.1326,44100
2023-07-03,2.1326,2.2022,2.1326,2.1848,117200
2023-07-04,2.1935,2.2544,2.1935,2.2457,192300
2023-07-05,2.237,2.2631,2.237,2.2457,14600
2023-07-06,2.2283,2.237,2.2109,2.2196,5900
2023-07-07,2.2109,2.2196,2.15,2.1587,137400
2023-07-10,2.1413,2.1761,2.1326,2.1761,76300
2023-07-11,2.1761,2.237,2.1587,2.1674,80000
2023-07-12,2.1674,2.1935,2.1674,2.1761,86300
2023-07-13,2.1761,2.2022,2.1674,2.1761,188700
2023-07-14,2.1848,2.1935,2.1761,2.1761,91900
2023-07-17,2.1761,2.237,2.1674,2.2196,52600
2023-07-18,2.2196,2.2196,2.1587,2.1587,155400
2023-07-20,2.1587,2.2283,2.1587,2.2196,169500
2023-07-21,2.237,2.3241,2.2196,2.2631,335400
2023-07-24,2.3067,2.3415,2.2718,2.3067,744300
2023-07-25,2.3328,2.4024,2.3328,2.3937,1135200
2023-07-26,2.385,2.4198,2.3067,2.3154,664600
2023-07-27,2.3154,2.3328,2.2806,2.3154,412600
2023-07-28,2.3241,2.3241,2.2457,2.2457,973500
2023-07-31,2.2457,2.3067,2.2457,2.2718,1061500
2023-08-01,2.2893,2.2893,2.2283,2.237,74500
2023-08-02,2.2022,2.237,2.2022,2.237,190400
2023-08-03,2.2196,2.2283,2.1761,2.1761,332600
2023-08-04,2.1848,2.2022,2.1848,2.1848,308400
2023-08-07,2.1848,2.2022,2.1761,2.1761,319500
2023-08-08,2.1761,2.2022,2.1761,2.1848,273500
2023-08-09,2.1935,2.2022,2.1848,2.2022,86600
2023-08-10,2.1848,2.1935,2.1848,2.1848,60600
2023-08-11,2.1848,2.1935,2.1761,2.1761,139800
2023-08-14,2.1848,2.2109,2.1848,2.2109,46400
2023-08-15,2.2022,2.237,2.2022,2.2196,99900
2023-08-16,2.2196,2.2196,2.1761,2.1761,350200
2023-08-17,2.2109,2.2457,2.2022,2.2283,705200
2023-08-18,2.237,2.2457,2.2196,2.2283,1015800
2023-08-21,2.237,2.237,2.2196,2.2283,67000
2023-08-22,2.2283,2.2457,2.2283,2.2457,36500
2023-08-23,2.2283,2.2283,2.1848,2.2022,152500
2023-08-24,2.2109,2.2283,2.1848,2.2283,110800
2023-08-25,2.2022,2.237,2.1848,2.2022,234600
2023-08-28,2.2022,2.2283,2.2022,2.2196,82500
2023-08-29,2.2022,2.2283,2.2022,2.2022,49700
2023-08-30,2.2022,2.2196,2.1935,2.2196,55800
2023-09-01,2.2196,2.2457,2.2109,2.2457,67100
2023-09-04,2.2457,2.2893,2.2196,2.2631,145900
2023-09-05,2.2631,2.2631,2.2283,2.2283,35600
2023-09-06,2.2457,2.2806,2.2283,2.2544,63800
2023-09-07,2.2544,2.2806,2.237,2.2544,6700
2023-09-08,2.2457,2.2718,2.2283,2.2631,156700
2023-09-11,2.2457,2.2457,2.2109,2.2283,619800
2023-09-12,2.2283,2.2283,2.2196,2.2196,629200
2023-09-13,2.2196,2.2283,2.2196,2.2283,185100
2023-09-14,2.2283,2.237,2.2283,2.237,20300
2023-09-15,2.237,2.2457,2.2196,2.237,135000
2023-09-18,2.2457,2.2718,2.2196,2.2196,212100
2023-09-19,2.2196,2.2457,2.2196,2.2283,635300
2023-09-20,2.2196,2.237,2.2196,2.237,579000
2023-09-21,2.237,2.2457,2.2196,2.2283,344500
2023-09-22,2.2196,2.237,2.2196,2.2196,172200
2023-09-25,2.2196,2.237,2.2196,2.237,236200
2023-09-26,2.2457,2.2457,2.2196,2.2196,73200
2023-09-27,2.2196,2.2457,2.2196,2.237,83200
2023-09-29,2.2196,2.237,2.2196,2.237,124600
2023-10-02,2.237,2.237,2.2196,2.2196,238600
2023-10-03,2.2196,2.237,2.2196,2.2283,152800
2023-10-04,2.2196,2.2283,2.2196,2.2283,231000
2023-10-05,2.2283,2.2283,2.2109,2.2283,173200
2023-10-06,2.2196,2.2283,2.2196,2.2196,550300
2023-10-09,2.237,2.2457,2.2283,2.2283,162000
2023-10-10,2.237,2.2457,2.2283,2.2283,268700
2023-10-11,2.2283,2.237,2.2196,2.2283,221900
2023-10-12,2.2196,2.237,2.2196,2.2196,543300
2023-10-13,2.2196,2.2283,2.2196,2.2283,97300
2023-10-16,2.2196,2.2457,2.2196,2.2283,142700
2023-10-17,2.2196,2.237,2.2196,2.237,1600
2023-10-18,2.2283,2.2457,2.2196,2.2196,38300
2023-10-19,2.2283,2.2457,2.2196,2.237,8500
2023-10-20,2.2283,2.2544,2.2196,2.2457,62000
2023-10-23,2.2283,2.2457,2.2196,2.2196,237400
2023-10-24,2.2196,2.2457,2.2196,2.237,195200
2023-10-25,2.2283,2.237,2.2196,2.237,152800
2023-10-26,2.237,2.2457,2.2196,2.237,113000
2023-10-27,2.2196,2.2457,2.2196,2.237,381600
2023-10-30,2.2196,2.237,2.2196,2.2196,62600
2023-10-31,2.2196,2.237,2.2196,2.2196,29000
2023-11-01,2.2109,2.2283,2.2022,2.2196,200800
2023-11-02,2.2196,2.2283,2.2196,2.2283,188600
2023-11-03,2.2283,2.237,2.2196,2.237,183100
2023-11-06,2.2283,2.2631,2.2283,2.2544,136300
2023-11-07,2.237,2.2457,2.237,2.2457,4400
2023-11-08,2.2283,2.2457,2.2196,2.2457,4600
2023-11-09,2.2457,2.2457,2.2196,2.2196,100400
2023-11-10,2.2196,2.237,2.2196,2.2283,18100
2023-11-14,2.2196,2.2457,2.2196,2.2457,155400
2023-11-15,2.2544,2.2893,2.2457,2.2631,77900
2023-11-16,2.2893,2.2893,2.237,2.2718,119900
2023-11-17,2.2544,2.2544,2.2109,2.237,624500
2023-11-20,2.2196,2.2544,2.2196,2.2544,138500
2023-11-21,2.2544,2.2544,2.2283,2.2544,15700
2023-11-22,2.2544,2.2631,2.237,2.2631,42400
2023-11-23,2.2631,2.2718,2.2457,2.2544,24000
2023-11-24,2.2631,2.2718,2.237,2.2457,90200
2023-11-27,2.237,2.2457,2.2283,2.237,47600
2023-11-28,2.2283,2.2544,2.2283,2.2544,75600
2023-11-29,2.237,2.2457,2.2283,2.2457,103200
2023-11-30,2.2544,2.2806,2.2457,2.2631,68900
2023-12-01,2.2631,2.2806,2.2457,2.2806,114500
2023-12-04,2.2806,2.2893,2.2283,2.2457,174700
2023-12-05,2.2457,2.2457,2.2283,2.2283,163200
2023-12-06,2.2544,2.2544,2.2022,2.2022,347600
2023-12-07,2.2196,2.2196,2.1935,2.1935,158600
2023-12-08,2.2022,2.2283,2.2022,2.2196,64500
2023-12-11,2.2196,2.2283,2.1935,2.2022,134700
2023-12-12,2.2196,2.2283,2.2109,2.2109,50100
2023-12-13,2.2196,2.2283,2.2022,2.2109,102800
2023-12-14,2.2109,2.2196,2.2022,2.2109,86500
2023-12-15,2.2196,2.2544,2.2022,2.2544,117500
2023-12-18,2.237,2.2544,2.2196,2.2457,120800
2023-12-19,2.2723,2.2723,2.2369,2.2457,27900
2023-12-20,2.2457,2.2546,2.2369,2.2457,126700
2023-12-21,2.2546,2.2546,2.2457,2.2457,11400
2023-12-22,2.2546,2.2634,2.2369,2.2634,60300
2023-12-26,2.2457,2.2457,2.2457,2.2457,3400
2023-12-27,2.2457,2.2457,2.2457,2.2457,0
2023-12-28,2.2546,2.2723,2.2546,2.2546,38000
2023-12-29,2.2634,2.2899,2.2546,2.2899,58100
2024-01-02,2.2899,2.2899,2.2634,2.2634,160400
2024-01-03,2.2723,2.2811,2.2634,2.2723,124000
2024-01-04,2.2811,2.2899,2.2723,2.2811,24000
2024-01-05,2.2899,2.2988,2.2811,2.2811,57700
2024-01-08,2.2811,2.2811,2.2634,2.2811,249600
2024-01-09,2.2988,2.2988,2.2811,2.2811,30200
2024-01-10,2.2811,2.2811,2.2723,2.2811,83600
2024-01-11,2.2988,2.3341,2.2811,2.3165,73800
2024-01-12,2.3341,2.3341,2.3165,2.3253,18100
2024-01-15,2.3165,2.3253,2.2899,2.2988,42300
2024-01-16,2.3518,2.3518,2.3253,2.343,270800
2024-01-17,2.3253,2.343,2.3165,2.343,115200
2024-01-18,2.3341,2.3607,2.3253,2.3607,186000
2024-01-19,2.3695,2.4668,2.3695,2.4226,459600
2024-01-22,2.4579,2.4579,2.4314,2.4402,730900
2024-01-23,2.4579,2.4668,2.4491,2.4668,116000
2024-01-24,2.4402,2.4579,2.4402,2.4402,228900
2024-01-26,2.4402,2.4579,2.4402,2.4579,39800
2024-01-29,2.4668,2.5198,2.4579,2.5198,218100
2024-01-30,2.5198,2.5287,2.4579,2.4579,241800
2024-01-31,2.4314,2.4756,2.3872,2.4402,36100
2024-02-02,2.4137,2.4579,2.3695,2.4049,75600
2024-02-05,2.3872,2.4049,2.3518,2.3784,171100
2024-02-06,2.3607,2.4491,2.3607,2.3695,143500
2024-02-07,2.3872,2.4402,2.3872,2.4137,16700
2024-02-08,2.4137,2.4137,2.3872,2.396,13600
2024-02-09,2.4314,2.4314,2.3784,2.4049,18700
2024-02-13,2.4049,2.4226,2.396,2.4049,43000
2024-02-14,2.4137,2.4402,2.4137,2.4314,48500
2024-02-15,2.4226,2.4756,2.4137,2.4579,60600
2024-02-16,2.4579,2.5021,2.4579,2.4579,627300
2024-02-19,2.4579,2.5552,2.4579,2.5375,954100
2024-02-20,2.564,2.564,2.5375,2.5552,257600
2024-02-21,2.5463,2.5817,2.511,2.5375,476500
2024-02-22,2.5463,2.5552,2.5375,2.5463,1769000
2024-02-23,2.5552,2.5552,2.5021,2.5552,406800
2024-02-26,2.5375,2.564,2.5198,2.5198,140800
2024-02-27,2.5198,2.5552,2.5021,2.5021,333700
2024-02-28,2.5021,2.5287,2.4933,2.5198,183700
2024-02-29,2.5375,2.5375,2.511,2.511,349800
2024-03-01,2.5287,2.6348,2.5198,2.6171,722900
2024-03-04,2.6171,2.6613,2.5994,2.6613,571700
2024-03-05,2.6524,2.6524,2.564,2.6171,561500
2024-03-06,2.6082,2.7143,2.5994,2.7143,495600
2024-03-07,2.7232,2.8735,2.7232,2.847,1389200
2024-03-08,2.847,2.847,2.7762,2.8116,895600
2024-03-11,2.847,2.8735,2.7585,2.8293,242900
2024-03-12,2.8558,2.8646,2.8293,2.847,475600
2024-03-13,2.8735,2.8735,2.7939,2.847,280900
2024-03-14,2.8558,2.8558,2.7851,2.8116,357200
2024-03-15,2.8116,2.8116,2.7851,2.8116,206300
2024-03-18,2.8116,2.8823,2.7939,2.8293,756700
2024-03-19,2.8116,2.8558,2.8027,2.8293,369200
2024-03-20,2.8381,2.8381,2.8116,2.8204,175200
2024-03-21,2.8116,2.8293,2.8027,2.8116,404500
2024-03-22,2.8116,2.8116,2.7851,2.7939,317700
2024-03-25,2.7674,2.8116,2.7232,2.7851,270400
2024-03-26,2.7939,2.847,2.6966,2.7409,931800
2024-03-27,2.7409,2.7497,2.7232,2.7232,83700
2024-03-29,2.7232,2.7497,2.7143,2.732,55400
2024-04-01,2.7762,2.7762,2.7232,2.732,84600
2024-04-02,2.7409,2.7409,2.6966,2.7055,173400
2024-04-03,2.7055,2.732,2.6878,2.7143,243800
2024-04-04,2.7055,2.8116,2.7055,2.7939,232200
2024-04-05,2.7851,2.8204,2.7762,2.7939,123000
2024-04-08,2.7939,2.8204,2.7585,2.7851,81400
2024-04-09,2.7851,2.7851,2.7674,2.7674,46900
2024-04-12,2.7674,2.7674,2.7409,2.7497,121800
2024-04-15,2.7409,2.7409,2.6878,2.7232,298900
2024-04-16,2.7232,2.7232,2.6082,2.679,397900
2024-04-17,2.6613,2.6966,2.6524,2.679,153400
2024-04-18,2.6524,2.6966,2.6524,2.679,134500
2024-04-19,2.6613,2.679,2.6259,2.6524,306400
2024-04-22,2.6171,2.679,2.5817,2.6348,389200
2024-04-23,2.6348,2.679,2.6348,2.6436,60400
2024-04-24,2.6259,2.6701,2.6082,2.6436,214700
2024-04-25,2.6524,2.6701,2.6436,2.6701,118100
2024-04-26,2.6524,2.679,2.6524,2.6613,138000
2024-04-29,2.6878,2.7232,2.679,2.7055,134800
2024-04-30,2.7232,2.7232,2.679,2.6966,61300
2024-05-02,2.679,2.679,2.6436,2.6436,306700
2024-05-03,2.6524,2.6613,2.6524,2.6524,121100
2024-05-06,2.6436,2.6613,2.6436,2.6613,76900
2024-05-07,2.6524,2.6524,2.6436,2.6436,48000
2024-05-08,2.6436,2.6524,2.6348,2.6348,132400
2024-05-09,2.6436,2.6524,2.6348,2.6436,81600
2024-05-10,2.6436,2.6436,2.6171,2.6171,238300
2024-05-13,2.6171,2.6348,2.5906,2.6082,102900
2024-05-14,2.5906,2.5994,2.564,2.5817,324100
2024-05-15,2.5817,2.5817,2.564,2.5729,200500
2024-05-16,2.5729,2.5817,2.564,2.564,166900
2024-05-17,2.564,2.5817,2.5552,2.564,98500
2024-05-20,2.5817,2.6082,2.564,2.5994,121000
2024-05-21,2.6171,2.6524,2.6171,2.6524,142600
2024-05-23,2.6613,2.6701,2.6171,2.6171,193500
2024-05-24,2.6436,2.6524,2.6082,2.6259,102000
2024-05-27,2.6436,2.6524,2.5994,2.5994,98400
2024-05-28,2.6259,2.6524,2.5994,2.6082,82500
2024-05-29,2.6082,2.6082,2.5906,2.5994,59900
2024-05-30,2.5906,2.5906,2.5817,2.5817,47100
2024-05-31,2.5817,2.5906,2.5552,2.5552,168100
2024-06-04,2.5463,2.6171,2.5463,2.564,44500
2024-06-05,2.564,2.564,2.5198,2.5198,203500
2024-06-06,2.5198,2.5287,2.511,2.511,246000
2024-06-07,2.511,2.564,2.511,2.5287,330600
2024-06-10,2.5287,2.564,2.5287,2.5463,64700
2024-06-11,2.5463,2.5729,2.5463,2.5552,96200
2024-06-12,2.6259,2.6259,2.5375,2.5375,91900
2024-06-13,2.5817,2.6171,2.5375,2.5463,257800
2024-06-14,2.5817,2.5817,2.5463,2.5463,172200
2024-06-18,2.5994,2.6259,2.5463,2.5463,92900
2024-06-19,2.5463,2.564,2.5463,2.5463,44800
2024-06-20,2.5463,2.5463,2.5287,2.5375,102000
2024-06-21,2.5463,2.564,2.5198,2.5287,663200
2024-06-24,2.5287,2.564,2.5287,2.564,80700
2024-06-25,2.5463,2.564,2.5463,2.5463,37400
2024-06-26,2.5463,2.564,2.5375,2.5552,63100
2024-06-27,2.5732,2.5732,2.5462,2.5462,51100
2024-06-28,2.5552,2.5552,2.5371,2.5462,54800
2024-07-01,2.5462,2.5642,2.5371,2.5371,177800
2024-07-02,2.5552,2.5642,2.5371,2.5462,195100
2024-07-03,2.5552,2.5642,2.5462,2.5552,71000
2024-07-04,2.5552,2.5732,2.5552,2.5552,86600
2024-07-05,2.5823,2.5913,2.5642,2.5913,64600
2024-07-09,2.5823,2.5823,2.5642,2.5642,76100
2024-07-10,2.5642,2.5732,2.5642,2.5732,6500
2024-07-11,2.5732,2.5913,2.5732,2.5913,71800
2024-07-12,2.5913,2.6184,2.5823,2.5913,47000
2024-07-15,2.6274,2.6274,2.5732,2.5732,118100
2024-07-16,2.5732,2.5823,2.5732,2.5823,49900
2024-07-17,2.5732,2.5823,2.5732,2.5732,84900
2024-07-18,2.5823,2.5913,2.5823,2.5823,78400
2024-07-19,2.5732,2.6455,2.5732,2.6094,324500
2024-07-22,2.6545,2.7267,2.6455,2.6635,676200
2024-07-23,2.7177,2.7267,2.6726,2.7177,453400
2024-07-24,2.7087,2.7448,2.7087,2.7087,501300
2024-07-25,2.6816,2.6906,2.6184,2.6455,169600
2024-07-26,2.7087,2.7267,2.6094,2.6816,178900
2024-07-29,2.6455,2.6635,2.6364,2.6545,92200
2024-07-30,2.6545,2.6635,2.6274,2.6274,52000
2024-07-31,2.6274,2.6274,2.6003,2.6003,232500
2024-08-01,2.6003,2.6094,2.5732,2.5823,292500
2024-08-02,2.5732,2.6003,2.5642,2.5732,129400
2024-08-05,2.5552,2.5552,2.4378,2.4468,310100
2024-08-06,2.3927,2.5191,2.3927,2.501,140000
2024-08-07,2.5281,2.5823,2.5191,2.5191,72600
2024-08-08,2.5281,2.5281,2.5191,2.5281,23900
2024-08-09,2.5371,2.5642,2.5281,2.5281,44500
2024-08-12,2.5191,2.5823,2.51,2.5552,76700
2024-08-13,2.5281,2.5281,2.483,2.51,55200
2024-08-14,2.5462,2.5462,2.483,2.5191,86200
2024-08-15,2.483,2.5191,2.4559,2.4739,140900
2024-08-16,2.4649,2.492,2.4378,2.4559,77500
2024-08-19,2.5191,2.5191,2.483,2.483,15600
2024-08-20,2.492,2.492,2.4649,2.4739,17400
2024-08-21,2.4739,2.5191,2.4739,2.501,25500
2024-08-22,2.5462,2.5732,2.51,2.51,65200
2024-08-23,2.5191,2.5371,2.492,2.492,50800
2024-08-26,2.501,2.5642,2.501,2.5462,26400
2024-08-27,2.5552,2.5552,2.5281,2.5371,39900
2024-08-28,2.5371,2.5462,2.5191,2.5281,37200
2024-08-29,2.5371,2.5642,2.51,2.5462,75400
2024-08-30,2.5823,2.6455,2.5732,2.6455,542300
2024-09-02,2.6545,2.8351,2.6545,2.817,747100
2024-09-03,2.817,2.817,2.7358,2.7448,191500
2024-09-04,2.7177,2.7177,2.6816,2.7087,125200
2024-09-05,2.7087,2.7087,2.6455,2.6455,112800
2024-09-06,2.6545,2.6906,2.6455,2.6906,26300
2024-09-09,2.6906,2.808,2.6635,2.799,316500
2024-09-10,2.817,2.8531,2.7538,2.8441,580000
2024-09-11,2.8441,2.8441,2.7267,2.7629,256000
2024-09-12,2.7629,2.7629,2.7448,2.7629,122200
2024-09-13,2.7538,2.7538,2.7267,2.7267,43300
2024-09-17,2.745,2.745,2.6993,2.745,29100
2024-09-18,2.745,2.745,2.7084,2.7176,20700
2024-09-19,2.7176,2.7725,2.6901,2.7633,55800
2024-09-20,2.745,2.7908,2.7359,2.745,30200
2024-09-23,2.745,2.745,2.6993,2.7267,30600
2024-09-24,2.745,2.7633,2.6993,2.7633,39000
2024-09-25,2.7176,2.7267,2.7084,2.7267,12500
2024-09-26,2.7267,2.7267,2.7084,2.7267,34500
2024-09-27,2.7267,2.7999,2.7267,2.7908,168000
2024-09-30,2.7908,2.7908,2.7267,2.7267,34300
2024-10-01,2.7267,2.745,2.7084,2.7084,94500
2024-10-02,2.7084,2.7267,2.681,2.7176,75700
2024-10-03,2.7267,2.7816,2.7176,2.7816,80800
2024-10-04,2.7908,2.8365,2.7816,2.8365,136200
2024-10-07,2.8457,2.9006,2.8457,2.8731,318700
2024-10-08,2.8823,2.8914,2.864,2.8823,192100
2024-10-09,2.8914,2.9189,2.8823,2.9006,798700
2024-10-10,2.864,2.9189,2.864,2.9189,439100
2024-10-11,2.9189,2.9189,2.8914,2.9189,123500
2024-10-14,2.9189,2.9189,2.8274,2.8274,60400
2024-10-15,2.7999,2.864,2.7908,2.8182,66700
2024-10-16,2.8091,2.8365,2.7999,2.8365,386500
2024-10-17,2.8365,2.8548,2.8182,2.8365,76100
2024-10-18,2.8182,2.8365,2.7816,2.7908,366000
2024-10-21,2.7908,2.8091,2.7359,2.745,216900
2024-10-22,2.8182,2.8182,2.7267,2.7267,185600
2024-10-23,2.745,2.8365,2.745,2.8274,127500
2024-10-24,2.7999,2.8823,2.7999,2.8731,196800
2024-10-25,2.8731,2.9921,2.8274,2.8274,776900
2024-10-28,2.8365,2.8457,2.7999,2.8091,165100
2024-10-29,2.8091,2.8823,2.8091,2.8731,131100
2024-10-30,2.8731,2.9006,2.8365,2.9006,84100
2024-11-01,2.8365,3.0104,2.8365,2.9921,575800
2024-11-04,3.0012,3.2208,2.9738,3.1934,1508800
2024-11-05,3.1934,3.2757,3.1934,3.2483,955500
2024-11-06,3.2483,3.2483,3.1019,3.1385,553100
2024-11-07,3.2391,3.2757,3.1385,3.2574,944600
2024-11-08,3.2666,3.3032,3.2483,3.2849,771600
2024-11-11,3.2849,3.3581,3.2757,3.3032,1025700
2024-11-12,3.3123,3.3489,3.23,3.3489,390900
2024-11-13,3.3581,3.3581,3.1659,3.1842,514200
2024-11-14,3.1751,3.2208,3.1293,3.1751,268000
2024-11-15,3.1293,3.1659,3.0927,3.1202,523100
2024-11-18,3.1202,3.2208,3.111,3.1202,513800
2024-11-19,3.1568,3.1568,3.047,3.047,520600
2024-11-20,3.1019,3.1019,3.0195,3.047,469800
2024-11-21,3.0195,3.0195,2.8823,2.8823,765500
2024-11-22,2.9097,2.928,2.864,2.9006,360200
2024-11-25,2.9006,2.9829,2.8823,2.9555,659500
2024-11-26,2.9555,3.047,2.9555,3.047,358100
2024-11-27,3.047,3.0836,3.0012,3.0836,382700
2024-11-28,3.0836,3.111,3.0195,3.111,384500
2024-11-29,3.1385,3.2025,3.1202,3.1751,808700
2024-12-02,3.1751,3.2483,3.1293,3.1934,544000
2024-12-03,3.1842,3.1842,3.0927,3.1659,386400
2024-12-04,3.1751,3.2025,3.1476,3.1659,337700
2024-12-05,3.1659,3.2574,3.1659,3.2483,571400
2024-12-06,3.2666,3.294,3.2117,3.2117,514500
2024-12-09,3.2117,3.2574,3.1751,3.2025,210300
2024-12-10,3.2025,3.2483,3.1659,3.1842,355500
2024-12-11,3.1842,3.1842,3.111,3.1293,561400
2024-12-12,3.1574,3.1574,3.0639,3.1293,780900
2024-12-13,3.2134,3.2134,3.0639,3.0826,239800
2024-12-16,3.0826,3.1013,3.0172,3.0546,133100
2024-12-17,3.0359,3.0453,2.9705,3.0172,461400
2024-12-18,3.0079,3.0172,2.9425,2.9799,175000
2024-12-19,2.9425,2.9425,2.8771,2.9145,375100
2024-12-20,2.8958,2.9145,2.8304,2.8491,507000
2024-12-23,2.8491,2.8678,2.8117,2.8398,231900
2024-12-24,2.8398,2.9238,2.8211,2.8211,335900
2024-12-26,2.8491,2.9238,2.8491,2.9238,213100
2024-12-27,2.9238,2.9425,2.8958,2.9238,133100
2024-12-30,2.9332,3.0172,2.9238,3.0172,269300
2024-12-31,3.0266,3.0266,2.9705,2.9705,374100
2025-01-02,2.9705,3.0172,2.9519,2.9612,183000
2025-01-03,2.9612,2.9705,2.9145,2.9145,179400
2025-01-06,2.9145,2.9332,2.8211,2.8211,619000
2025-01-07,2.8211,2.8491,2.8024,2.8491,294800
2025-01-08,2.8304,2.8491,2.8211,2.8398,213000
2025-01-09,2.8304,2.8304,2.7744,2.7837,422600
2025-01-10,2.7837,2.8211,2.7744,2.8117,156200
2025-01-13,2.8117,2.8304,2.8024,2.8117,174400
2025-01-14,2.8117,2.8491,2.8117,2.8398,188500
2025-01-15,2.8398,2.8398,2.7557,2.8024,506500
2025-01-16,2.7744,2.7931,2.7557,2.7837,255700
2025-01-17,2.765,2.8398,2.7463,2.8398,187200
2025-01-20,2.8024,2.8398,2.7931,2.8211,191000
2025-01-21,2.8211,2.8491,2.8211,2.8304,89300
2025-01-22,2.8958,2.8958,2.8491,2.8771,142500
2025-01-23,2.8398,2.8771,2.8304,2.8771,76100
2025-01-24,2.8771,2.8771,2.8117,2.8491,37100
2025-01-27,2.8491,2.8584,2.8398,2.8491,571600
2025-01-28,2.8304,2.8491,2.8211,2.8211,155100
2025-01-31,2.8211,2.8491,2.8117,2.8491,19000
2025-02-03,2.8678,2.8678,2.8398,2.8491,163000
2025-02-04,2.8304,2.8771,2.8304,2.8491,183300
2025-02-05,2.8491,2.8678,2.8304,2.8491,102300
2025-02-06,2.8491,2.9332,2.8304,2.9332,382000
2025-02-07,2.9332,2.9425,2.8958,2.9238,51500
2025-02-10,2.9238,2.9425,2.8958,2.9051,68300
2025-02-12,2.9238,2.9986,2.8958,2.9705,453400
2025-02-13,2.9892,2.9892,2.9332,2.9425,111600
2025-02-14,2.9799,2.9799,2.9238,2.9332,135600
2025-02-17,2.9238,2.9519,2.9145,2.9145,55700
2025-02-18,2.9145,2.9799,2.9051,2.9145,86600
2025-02-19,2.9238,2.9238,2.8584,2.8958,215400
2025-02-20,2.8958,2.9332,2.8865,2.8958,245800
2025-02-21,2.9238,2.9238,2.8678,2.8771,118000
2025-02-24,2.8771,2.8958,2.8678,2.8958,10300
2025-02-25,2.9892,2.9986,2.8491,2.8771,323900
2025-02-26,2.8771,2.9051,2.8584,2.8584,328600
2025-02-27,2.8958,2.9145,2.8678,2.9051,37600
2025-02-28,2.8958,2.8958,2.8398,2.8678,128500
2025-03-03,2.8678,2.9238,2.8398,2.8865,601300
2025-03-04,2.8678,2.8678,2.8024,2.8117,342000
2025-03-05,2.8491,2.8771,2.8398,2.8491,166100
2025-03-06,2.8491,2.8771,2.8491,2.8491,58700
2025-03-07,2.8491,2.9799,2.8491,2.9425,93200
2025-03-10,2.9705,2.9705,2.8678,2.8678,98400
2025-03-11,2.8211,2.8211,2.7557,2.765,309500
2025-03-12,2.7463,2.8024,2.7463,2.7744,167600
2025-03-13,2.7557,2.8211,2.7557,2.8211,297500
2025-03-14,2.8211,2.8398,2.8117,2.8211,26800
2025-03-17,2.8491,2.8678,2.7837,2.8117,308900
2025-03-19,2.8117,2.8771,2.8117,2.8771,79500
2025-03-20,2.8584,2.8771,2.8584,2.8771,43300
2025-03-21,2.8491,2.8771,2.8491,2.8491,52500
2025-03-24,2.8491,2.8771,2.8491,2.8584,16600
2025-03-25,2.8304,2.8771,2.8304,2.8584,95300
2025-03-26,2.8398,2.8771,2.8398,2.8584,470100
2025-03-27,2.8584,2.8584,2.8491,2.8491,245800
2025-03-28,2.8491,2.8678,2.8398,2.8491,866900
2025-04-02,2.8491,2.8491,2.8304,2.8398,562300
2025-04-03,2.8398,2.8398,2.8024,2.8398,205700
2025-04-04,2.8024,2.8304,2.7557,2.7931,374800
2025-04-07,2.765,2.765,2.6342,2.6342,532500
2025-04-08,2.6342,2.6716,2.6342,2.6716,107800
2025-04-09,2.6529,2.6529,2.5689,2.6342,262900
2025-04-10,2.681,2.737,2.681,2.681,425100
2025-04-11,2.709,2.7837,2.709,2.709,141900
2025-04-14,2.709,2.7837,2.681,2.7277,616700
2025-04-15,2.7557,2.7931,2.7463,2.7744,225100
2025-04-16,2.7463,2.7744,2.737,2.7744,36500
2025-04-17,2.7744,2.7744,2.737,2.7744,75500
2025-04-18,2.7744,2.7744,2.7463,2.765,39000
2025-04-21,2.7931,2.7931,2.7277,2.7277,30500
2025-04-22,2.7277,2.7557,2.6903,2.737,50900
2025-04-23,2.7557,2.7744,2.7463,2.7744,18400
2025-04-24,2.7744,2.7744,2.7557,2.7557,16500
2025-04-25,2.7931,2.7931,2.765,2.7837,29600
2025-04-28,2.8211,2.8491,2.7837,2.8211,539500
2025-04-29,2.8304,2.8491,2.8117,2.8304,72100
2025-04-30,2.8304,2.8398,2.8211,2.8211,48000
2025-05-02,2.8398,2.8398,2.8117,2.8117,117400
2025-05-05,2.8211,2.8211,2.7931,2.7931,75200
2025-05-06,2.7931,2.8024,2.7837,2.8024,73300
2025-05-07,2.8024,2.8024,2.765,2.765,205500
2025-05-08,2.7744,2.8024,2.7557,2.8024,114500
2025-05-09,2.8024,2.8024,2.765,2.7744,45600
2025-05-13,2.8024,2.8304,2.7837,2.8211,100000
2025-05-14,2.8304,2.8491,2.8211,2.8304,135700
2025-05-15,2.8304,2.9145,2.8304,2.8958,122900
2025-05-16,2.8958,2.9332,2.8958,2.9145,114700
2025-05-19,2.9145,2.9332,2.8211,2.8398,105800
2025-05-20,2.8584,2.9051,2.8398,2.8584,49700
2025-05-21,2.8958,2.9145,2.8678,2.8678,96400
2025-05-22,2.8771,2.9145,2.8398,2.8398,34600
2025-05-23,2.9145,2.9425,2.8958,2.9145,234100
2025-05-26,2.9332,2.9612,2.9145,2.9145,112700
2025-05-27,2.9145,2.9425,2.9145,2.9238,74500
2025-05-28,2.9332,2.9332,2.9238,2.9238,44200
2025-05-29,2.9145,2.9332,2.8584,2.8584,90900
2025-05-30,2.8865,2.9145,2.8491,2.8958,91900
2025-06-03,2.8958,2.8958,2.8398,2.8678,163200
2025-06-04,2.8958,2.8958,2.8398,2.8678,117100
2025-06-05,2.8771,2.8958,2.8491,2.8958,183700
2025-06-06,2.9145,2.9145,2.8678,2.8865,142500
2025-06-09,2.8865,2.8865,2.8398,2.8678,28300
2025-06-10,2.8865,2.9145,2.8865,2.8958,85800
2025-06-11,2.8958,2.9145,2.8678,2.9051,98200
2025-06-12,2.9145,2.9145,2.8865,2.8865,84200
2025-06-13,2.8865,2.8865,2.8678,2.8678,76800
2025-06-16,2.9145,2.9705,2.8865,2.9612,279400
2025-06-17,2.9519,2.9612,2.9238,2.9425,64300
2025-06-18,2.9519,2.9705,2.9238,2.9332,67000
2025-06-19,2.9145,2.9238,2.8865,2.9238,106700
2025-06-20,2.9238,2.9332,2.8958,2.9051,47000
2025-06-23,2.9425,2.9425,2.8865,2.9051,87300
2025-06-24,2.9051,2.9145,2.8584,2.9051,340500
2025-06-25,2.9051,2.9051,2.8958,2.9051,34000
2025-06-26,2.9051,2.9051,2.8771,2.8865,86100
2025-06-30,2.9243,2.9338,2.9054,2.9243,63500
2025-07-01,2.9243,2.9432,2.9054,2.9338,192100
2025-07-02,2.9432,2.9811,2.9338,2.9811,199300
2025-07-03,2.9811,2.9811,2.9527,2.9622,129000
2025-07-04,2.9811,2.9811,2.9527,2.9527,76000
2025-07-07,2.9527,2.9527,2.9338,2.9527,120300
2025-07-08,2.9338,2.9716,2.9338,2.9622,23700
2025-07-09,2.9622,3.0284,2.9622,3.0284,367300
2025-07-10,3.0379,3.1136,3.0379,3.0663,466400
2025-07-11,3.0852,3.1325,3.0757,3.0757,281800
2025-07-14,3.0852,3.1325,3.0852,3.1231,89100
2025-07-15,3.1231,3.1231,3.0947,3.1041,55100
2025-07-16,3.0852,3.1041,3.0663,3.0947,128900
2025-07-17,3.1231,3.1893,3.1231,3.1609,139700
2025-07-18,3.1704,3.1798,3.142,3.1798,162900
2025-07-21,3.1798,3.1798,3.1704,3.1798,127600
2025-07-22,3.1798,3.1798,3.1609,3.1609,166000
2025-07-23,3.1609,3.1704,3.1515,3.1609,270800
2025-07-24,3.1609,3.1609,3.0757,3.1231,338800
2025-07-25,3.1136,3.1704,3.1041,3.1609,84400
2025-07-28,3.1704,3.2082,3.1609,3.1609,102500
2025-07-29,3.1609,3.1893,3.1609,3.1609,78100
2025-07-30,3.1609,3.1704,3.1325,3.1515,251500
2025-07-31,3.1704,3.2082,3.1704,3.1704,211700
2025-08-01,3.1704,3.2556,3.1704,3.2272,206500
2025-08-04,3.2272,3.3218,3.2272,3.3123,495600
2025-08-05,3.3218,3.3313,3.2934,3.3029,264200
2025-08-06,3.2839,3.2934,3.2461,3.2934,269100
2025-08-07,3.2745,3.2745,3.2082,3.2366,219600
2025-08-08,3.265,3.3123,3.2177,3.2745,137300
2025-08-11,3.3123,3.3123,3.2556,3.2556,73300
2025-08-12,3.2556,3.3029,3.2556,3.2934,630000
2025-08-13,3.3123,3.3123,3.2745,3.2745,206200
2025-08-14,3.2839,3.3123,3.2745,3.3123,114400
2025-08-15,3.3123,3.3123,3.2934,3.2934,191500
2025-08-18,3.3029,3.3218,3.3029,3.3123,196200
2025-08-19,3.3218,3.3502,3.2839,3.3029,938000
2025-08-20,3.3029,3.3029,3.2934,3.3029,126700
2025-08-21,3.3123,3.3407,3.3029,3.3313,218600
2025-08-22,3.3313,3.3407,3.3123,3.3313,108500
2025-08-25,3.3407,3.3502,3.3218,3.3218,569600
2025-08-26,3.3218,3.3313,3.3029,3.3029,223400
2025-08-27,3.3029,3.3313,3.3029,3.3123,190500
2025-08-28,3.3123,3.3313,3.2934,3.3123,87100
2025-08-29,3.2934,3.3029,3.2366,3.2745,348200
2025-09-02,3.2366,3.2461,3.1515,3.1893,693000
2025-09-03,3.2082,3.2556,3.2082,3.2177,150500
2025-09-04,3.2177,3.2272,3.2082,3.2082,327700
2025-09-08,3.2082,3.2272,3.1798,3.1988,286600
2025-09-09,3.2082,3.2366,3.2082,3.2177,270100
2025-09-10,3.2272,3.2272,3.1988,3.2082,354100
2025-09-11,3.2082,3.2272,3.2082,3.2272,88500
2025-09-12,3.2272,3.2272,3.1136,3.1136,975600
2025-09-17,3.1231,3.1609,3.1231,3.1515,254800
2025-09-18,3.1704,3.1704,3.1231,3.1609,314500
2025-09-19,3.1609,3.1609,3.1231,3.1325,163000
2025-09-22,3.142,3.142,3.1325,3.142,133200
2025-09-23,3.142,3.1515,3.1136,3.1231,431100
2025-09-24,3.1041,3.1231,3.0663,3.1041,467400
2025-09-25,3.1041,3.1515,3.1041,3.142,211100
2025-09-26,3.1803,3.1803,3.1516,3.1516,133000
2025-09-29,3.1516,3.1516,3.1228,3.1324,90900
2025-09-30,3.1516,3.1516,3.1228,3.142,91100
2025-10-01,3.142,3.1611,3.1324,3.1324,126400
2025-10-02,3.1324,3.1803,3.1324,3.1803,254600
2025-10-03,3.1899,3.1995,3.1611,3.1707,180700
2025-10-06,3.1707,3.209,3.1707,3.1899,105100
2025-10-07,3.1995,3.1995,3.1516,3.1611,611400
2025-10-08,3.209,3.2282,3.1803,3.1899,229400
2025-10-09,3.2186,3.2569,3.1995,3.2569,435100
2025-10-10,3.2569,3.3048,3.2282,3.2569,297000
2025-10-13,3.2378,3.2569,3.1899,3.2474,380000
2025-10-14,3.2953,3.2953,3.2186,3.2378,438200
2025-10-15,3.2474,3.2857,3.2186,3.2186,218000
2025-10-16,3.2378,3.2569,3.2378,3.2474,194400
2025-10-17,3.2474,3.2569,3.1707,3.1899,338500
2025-10-21,3.1899,3.2474,3.1899,3.2378,83800
2025-10-22,3.2474,3.2474,3.1995,3.209,130700
2025-10-23,3.2474,3.2474,3.2282,3.2282,372100
2025-10-24,3.2474,3.2569,3.2378,3.2474,227200
2025-10-27,3.2569,3.3048,3.2569,3.2857,624300
2025-10-28,3.2857,3.3432,3.2761,3.3336,870900
2025-10-29,3.3527,3.4006,3.3336,3.3623,1082000
2025-10-30,3.3527,3.4006,3.3336,3.3719,1034800
2025-10-31,3.4006,3.6209,3.4006,3.5731,2178300
2025-11-03,3.5635,3.6209,3.4964,3.6018,743400
2025-11-04,3.6209,3.6209,3.5443,3.5826,514200
2025-11-05,3.5731,3.5922,3.5347,3.5539,899700
2025-11-06,3.5826,3.5826,3.506,3.506,391200
2025-11-07,3.506,3.5443,3.4868,3.506,122800
2025-11-10,3.5252,3.6114,3.5252,3.6018,476900
2025-11-11,3.6018,3.6018,3.5826,3.5922,540300
2025-11-12,3.5443,3.5922,3.5443,3.5539,337900
2025-11-13,3.6018,3.6209,3.5635,3.5635,675800
2025-11-14,3.5922,3.6114,3.5252,3.5252,897100
2025-11-17,3.5347,3.5731,3.5252,3.5731,1034300
2025-11-18,3.6305,3.6784,3.6209,3.6784,1287400
2025-11-19,3.6784,3.8221,3.5635,3.8221,1147400
2025-11-20,3.7934,3.8892,3.7934,3.8604,888900
2025-11-21,3.8604,3.8604,3.6688,3.6976,623600
2025-11-24,3.7072,3.7838,3.7072,3.7646,774000
2025-11-25,3.7742,3.7838,3.688,3.7167,277100
2025-11-26,3.6593,3.7838,3.6593,3.7838,953400
2025-11-27,3.7838,3.7934,3.7455,3.7455,506300
2025-11-28,3.7072,3.7167,3.6401,3.6784,1147800
2025-12-01,3.7263,3.7359,3.6497,3.6688,985600
2025-12-02,3.688,3.8317,3.688,3.8221,891600
2025-12-03,3.7359,3.8317,3.7359,3.7934,933700
2025-12-04,3.803,3.8509,3.7838,3.8221,501800
2025-12-05,3.8221,3.8221,3.7359,3.7646,263000
2025-12-08,3.7646,3.7838,3.6976,3.7742,157300
2025-12-09,3.7934,3.7934,3.6784,3.6784,413200
2025-12-10,3.6497,3.7646,3.6497,3.6976,477800
2025-12-11,3.6976,3.7367,3.5704,3.6682,489200
2025-12-12,3.6682,3.8247,3.6682,3.7954,514900
2025-12-15,3.7661,3.7758,3.6976,3.7563,534200
2025-12-16,3.7367,3.7954,3.7074,3.7171,748700
2025-12-17,3.7171,3.7367,3.6976,3.6976,382200
2025-12-18,3.6878,3.7367,3.6389,3.6585,604700
2025-12-19,3.6585,3.6682,3.6291,3.6389,259500
2025-12-22,3.6389,3.6487,3.5606,3.6487,694200
2025-12-23,3.6682,3.678,3.6193,3.6682,140000
2025-12-24,3.6682,3.6976,3.6389,3.6585,403900
2025-12-26,3.6682,3.678,3.6389,3.6585,96600
2025-12-29,3.6585,3.678,3.6487,3.678,70600
2025-12-30,3.6878,3.6878,3.678,3.6878,113200
2025-12-31,3.678,3.6878,3.6291,3.678,562300
2026-01-02,3.6976,3.6976,3.6487,3.6682,192600
2026-01-05,3.6976,3.6976,3.6389,3.678,434000
2026-01-06,3.678,3.7171,3.6585,3.6976,305900
2026-01-07,3.7171,3.7758,3.7171,3.7563,309100
2026-01-08,3.7661,3.7661,3.7367,3.7661,114900
2026-01-09,3.7661,3.7758,3.7563,3.7563,192700
2026-01-12,3.7661,3.9128,3.7661,3.903,767300
2026-01-13,3.903,3.903,3.815,3.8247,321000
2026-01-14,3.8639,3.8639,3.815,3.815,158000
2026-01-15,3.815,3.8247,3.7367,3.7563,324900
2026-01-16,3.7661,3.7856,3.7171,3.7367,617400
2026-01-19,3.7367,3.7367,3.7367,3.7367,0
2026-01-20,3.7367,3.7367,3.7074,3.7171,332200
2026-01-21,3.7171,3.7758,3.7171,3.7563,78400
2026-01-22,3.7661,3.8639,3.7661,3.8345,440700
2026-01-23,3.8345,3.8345,3.7856,3.815,133000
2026-01-26,3.7856,3.815,3.7856,3.7954,161000
2026-01-27,3.7954,3.8541,3.7954,3.8052,297900
2026-01-28,3.815,3.815,3.7367,3.7465,352800
2026-01-29,3.7465,3.8052,3.7367,3.7856,180200
2026-01-30,3.7563,3.7661,3.7171,3.7465,478300
2026-02-03,3.7758,3.8052,3.7661,3.7856,235300
2026-02-04,3.7661,3.815,3.7661,3.815,310400
2026-02-05,3.7856,3.8052,3.7661,3.7758,252200
2026-02-06,3.7856,3.7856,3.7367,3.7758,209200
2026-02-09,3.7856,3.7954,3.7661,3.7954,82600
2026-02-10,3.7954,3.9421,3.7758,3.8932,1411200
2026-02-11,3.903,3.903,3.8247,3.8345,202200
2026-02-12,3.8443,3.8443,3.7758,3.7856,200500
2026-02-13,3.7954,3.7954,3.7661,3.7661,215900
2026-02-16,3.7661,3.7856,3.7367,3.7563,132600
2026-02-19,3.7563,3.7954,3.7563,3.7954,71500
2026-02-20,3.7954,3.7954,3.7661,3.7661,75300
2026-02-23,3.7661,3.7856,3.7563,3.7758,43200
2026-02-24,3.7661,3.7661,3.7367,3.7465,267000
2026-02-25,3.815,3.815,3.7563,3.7954,95600
2026-02-26,3.7661,3.7954,3.7367,3.7856,359100
2026-02-27,3.7563,3.7954,3.7465,3.7661,222400
2026-03-02,3.7661,3.815,3.7171,3.7661,829500
2026-03-03,3.7661,3.8345,3.7563,3.8345,431300
2026-03-04,3.8247,3.8737,3.7856,3.8541,858200
2026-03-05,3.8345,3.903,3.8247,3.8834,486300
2026-03-06,3.9128,4.0106,3.8247,4.0106,737900
2026-03-09,4.0106,4.1671,4.0106,4.1378,1335000
2026-03-10,4.1182,4.1378,4.0106,4.1182,467500
2026-03-11,4.1084,4.2062,3.9715,4.1573,622800
2026-03-12,4.1476,4.2943,4.1476,4.2845,1210200
2026-03-13,4.2943,4.3041,4.1476,4.1671,323000
2026-03-16,4.1671,4.3041,4.1671,4.3041,665600
2026-03-17,4.2943,4.3921,4.2356,4.3725,513400
2026-03-18,4.2943,4.3823,4.2552,4.2552,247500
2026-03-19,4.216,4.2552,4.1867,4.2258,271800
2026-03-20,4.2258,4.2258,4.2258,4.2258,0
2026-03-24,4.1378,4.1378,3.991,4.0986,335800
2026-03-25,4.0497,4.0986,4.0497,4.0791,194000
2026-03-26,4.0693,4.2062,4.04,4.1769,459700
2026-03-27,4.1573,4.1867,4.1084,4.1769,364900
2026-03-30,4.1671,4.3823,4.1671,4.3725,1056000
2026-03-31,4.3725,4.5975,4.3628,4.5975,2361500
2026-04-01,4.5975,4.6171,4.3921,4.5095,1141200
2026-04-02,4.5095,4.7345,4.5095,4.666,1258300
2026-04-03,4.4508,4.6856,4.4117,4.6171,273600
2026-04-06,4.6171,4.7345,4.5877,4.6464,403300
2026-04-07,4.5095,4.6367,4.4997,4.5975,251100
2026-04-08,4.4606,4.5584,4.3921,4.5193,734500
2026-04-09,4.5193,4.5682,4.441,4.5193,154600
2026-04-10,4.4214,4.5975,4.4214,4.5682,191600
2026-04-13,4.5682,4.5975,4.4508,4.5388,145700
2026-04-14,4.4606,4.5095,4.4508,4.4704,383800
2026-04-15,4.4508,4.4704,4.4117,4.441,470700
2026-04-16,4.441,4.5486,4.4214,4.4704,436000
2026-04-17,4.4704,4.6171,4.4508,4.5682,483500
2026-04-20,4.578,4.6562,4.578,4.6171,481400
2026-04-21,4.6073,4.6464,4.5584,4.5584,407900
2026-04-22,4.5975,4.7345,4.5975,4.7149,445400
2026-04-23,4.7051,4.7149,4.6562,4.6562,53200
2026-04-24,4.6562,4.666,4.6464,4.6464,526300
2026-04-27,4.578,4.6464,4.5291,4.5584,488400
2026-04-28,4.5584,4.6367,4.4997,4.5682,121200
2026-04-29,4.5584,4.5584,4.4997,4.5095,413600
2026-04-30,4.4997,4.5095,4.4117,4.4508,1022500
2026-05-04,4.4508,4.4997,4.4312,4.4704,713700
2026-05-05,4.4508,4.5975,4.4508,4.5682,716600
2026-05-06,4.5193,4.5584,4.4606,4.4801,337600
2026-05-07,4.4704,4.4899,4.2943,4.3823,797800
2026-05-08,4.4117,4.4312,4.3432,4.3432,367900
2026-05-11,4.3725,4.3725,4.3432,4.3432,188700
2026-05-12,4.3432,4.3628,4.2356,4.2649,416700
2026-05-13,4.2747,4.2747,4.1867,4.2258,646000
2026-05-14,4.2258,4.2552,4.2062,4.2356,247800
2026-05-15,4.2356,4.2649,4.1671,4.216,677400
2026-05-18,4.1769,4.3432,4.1769,4.3138,321400
2026-05-19,4.3334,4.3432,4.2454,4.2845,537400
2026-05-20,4.2845,4.353,4.2258,4.3432,249900
2026-05-21,4.3432,4.3432,4.216,4.2454,280500
2026-05-22,4.2552,4.2552,4.1671,4.1867,124500
2026-05-25,4.1867,4.1965,4.1573,4.1671,197900
2026-05-26,4.1671,4.1965,4.1476,4.1476,91800
2026-05-27,4.1476,4.1476,4.1476,4.1476,0
2026-05-28,4.128,4.1671,4.0595,4.1182,225400
2026-05-29,4.1476,4.1573,4.0497,4.1084,838800
2026-06-02,4.1084,4.1084,4.1084,4.1084,0
2026-06-03,4.1476,4.4704,4.1378,4.3823,1184600
2026-06-04,4.3823,4.6073,4.3334,4.5388,1042200
2026-06-05,4.5388,4.5877,4.3921,4.4508,429000
2026-06-08,4.4508,4.5388,4.4508,4.5193,640500
2026-06-09,4.5291,4.5682,4.4801,4.5486,294900
2026-06-10,4.5584,4.6367,4.5584,4.578,868300
2026-06-11,4.5975,4.6171,4.578,4.578,280900
2026-06-12,4.578,4.6073,4.5486,4.5975,163900
2026-06-15,4.5486,4.5975,4.4606,4.4899,462600
2026-06-16,4.4899,4.5388,4.4508,4.4606,458500
2026-06-18,4.4997,4.5193,4.4704,4.4899,253800
2026-06-19,4.4899,4.5584,4.4899,4.5486,183600
2026-06-22,4.5682,4.578,4.5388,4.5584,146000
2026-06-23,4.5584,4.6073,4.5095,4.578,301800
2026-06-24,4.578,4.5975,4.5291,4.5291,232000
2026-06-25,4.5291,4.578,4.441,4.4899,347500
2026-06-26,4.4899,4.5291,4.4801,4.4801,480100
2026-06-29,4.5099,4.5594,4.4306,4.5495,497500
2026-06-30,4.5495,4.609,4.5396,4.5793,215200
2026-07-01,4.5793,4.6784,4.5495,4.6387,404400
2026-07-02,4.6387,4.6982,4.6189,4.6784,336300
2026-07-03,4.6784,4.837,4.6784,4.7775,668500
2026-07-06,4.7775,4.7775,4.6685,4.6883,223800
2026-07-07,4.7081,4.8469,4.6685,4.8469,470600
2026-07-08,4.8469,4.9559,4.8469,4.9262,897300
2026-07-09,4.946,4.9559,4.8568,4.8568,500000
2026-07-10,4.946,4.9559,4.8568,4.9559,1257100
2026-07-13,4.9559,5.1046,4.9361,5.1046,1461500
2026-07-14,5.1046,5.1541,5.0451,5.0848,492300
2026-07-15,5.0848,5.1442,5.0451,5.1244,548300
2026-07-16,5.1244,5.1541,5.0848,5.1343,328400
2026-07-17,5.0947,5.1343,4.9262,4.9856,998900
2026-07-20,5.0352,5.1541,5.0352,5.0947,441500
2026-07-21,5.1541,5.1541,4.9658,5.0947,555400
2026-07-22,5.0947,5.1145,5.0055,5.0451,355200
2026-07-23,5.1145,5.1145,4.9658,5.0055,233000
2026-07-24,4.9956,5.1839,4.9757,5.1541,1023900
2026-07-27,5.1541,5.1839,5.0451,5.1541,301100
2026-07-28,5.1541,5.1839,5.0352,5.1541,510600
2026-07-29,5.1244,5.1541,4.9956,5.055,454000
2026-07-30,5.0649,5.1046,4.9956,5.0253,246600
2026-07-31,5.0253,5.0848,4.9956,5.0649,741500
2026-08-03,5.0649,5.1442,5.0154,5.1442,348200
2026-08-04,5.1541,5.1541,5.1145,5.1541,164300
2026-08-05,5.1541,5.1839,5.1145,5.1541,564800
2026-08-06,5.1839,5.2434,5.174,5.1839,296600
2026-08-07,5.2037,5.2037,5.1145,5.1343,51100
2026-08-10,5.1442,5.1839,5.1442,5.1541,197900
2026-08-11,5.1541,5.2334,5.1541,5.2334,353100
2026-08-12,5.2334,5.2929,5.1938,5.2136,363300
2026-08-13,5.174,5.2235,5.1541,5.174,216500
2026-08-14,5.1641,5.2334,5.1145,5.2037,217600
2026-08-17,5.2037,5.2731,5.1839,5.2731,325700
2026-08-18,5.283,5.3524,5.2731,5.2731,415900
2026-08-19,5.3127,5.3326,5.2632,5.3226,277500
2026-08-20,5.3425,5.3425,5.2235,5.2235,657200
2026-08-21,5.2235,5.511,5.2235,5.511,1252800
2026-08-24,5.511,5.5804,5.392,5.5804,509400
2026-08-25,5.5804,5.5804,5.5804,5.5804,0
2026-08-26,5.5804,5.5903,5.4614,5.5308,890100
2026-08-27,5.511,5.511,5.3326,5.3821,219900
2026-08-28,5.3326,5.4218,5.2533,5.3028,382500
2026-08-31,5.3028,5.3028,5.3028,5.3028,0
2026-09-01,5.4119,5.6002,5.3127,5.511,1058700
2026-09-02,5.511,5.9273,5.511,5.9074,2226000
2026-09-03,5.8975,5.9074,5.8182,5.9074,288200
2026-09-04,5.9074,5.9074,5.8182,5.8678,301800
2026-09-07,5.8678,5.9471,5.4515,5.8678,918200
2026-09-08,5.8678,6.1354,5.848,6.0759,1352800
2026-09-09,6.0759,6.1453,6.0561,6.1255,377500
2026-09-10,6.1354,6.1354,5.9471,5.9867,182700
2026-09-11,5.9966,6.0462,5.9669,6.0462,270900
2026-09-14,6.0363,6.2742,5.9372,6.1552,1434600
2026-09-15,6.0759,6.3436,6.0759,6.1751,688000
2026-09-17,6.2444,6.3337,6.1552,6.2444,671100
2026-09-18,6.2444,6.2444,6.0759,6.1453,401300
2026-09-21,6.0958,6.1354,5.9372,6.0165,253900
2026-09-22,5.9768,6.0561,5.9768,6.0363,513900
2026-09-23,6.0363,6.0363,5.7786,5.7984,514400
2026-09-24,5.7984,5.9669,5.7687,5.9273,222700
2026-09-25,5.8975,5.8975,5.5407,5.6795,1048500
2026-09-28,5.6497,5.7092,5.511,5.62,556300
2026-09-29,5.6,5.79,5.57,5.7,452400
2026-09-30,5.7,5.73,5.58,5.6,600700
2026-10-01,5.6,5.64,5.5,5.55,510300
2026-10-02,5.52,5.65,5.51,5.62,618700
2026-10-05,5.62,5.62,5.51,5.58,396300
2026-10-06,5.58,5.65,5.53,5.59,168500
2026-10-07,5.59,5.59,5.4,5.54,427000
2026-10-08,5.54,5.54,5.2,5.29,1038900
