date,open,high,low,close,volume
2016-04-22,45.675,46.1326,44.672,45.5606,126834100
2016-04-25,45.5607,45.8686,45.4287,45.851,33226900
2016-04-26,45.983,46.0622,44.9535,45.2615,33532600
2016-04-27,45.2967,45.3143,44.4784,44.8216,43369300
2016-04-28,44.54,44.672,43.6073,43.9065,43134800
2016-04-29,43.4225,44.2144,43.4225,43.8801,48411700
2016-05-02,43.9945,44.6544,43.8009,44.5312,33114500
2016-05-03,44.2936,44.3552,43.6425,43.8009,26460200
2016-05-04,43.8537,44.0473,43.5193,43.8801,24257600
2016-05-05,43.8801,44.2584,43.7569,43.9417,25390700
2016-05-06,43.9241,44.3376,43.6953,44.3376,24787300
2016-05-09,44.4256,44.5136,43.9945,44.0561,17951600
2016-05-10,44.2848,44.9623,44.1616,44.8919,22891000
2016-05-11,44.9887,45.5606,44.8743,44.9183,24039100
2016-05-12,45.0503,45.5871,44.8039,45.3231,24102800
2016-05-13,45.2615,45.6662,44.9095,44.9447,22592300
2016-05-16,44.6984,45.719,44.6544,45.6046,20032000
2016-05-17,45.8262,45.835,44.6211,44.754,27803500
2016-05-18,44.7275,45.3123,44.568,45.0199,24907500
2016-05-19,44.7186,44.8515,44.1427,44.5857,23842400
2016-05-20,44.7275,45.3831,44.6566,44.8515,23905800
2016-05-23,44.8338,44.9047,44.2844,44.3288,26118700
2016-05-24,44.9224,45.8173,44.6566,45.711,34757900
2016-05-25,46.0034,46.5084,45.8882,46.1806,24040200
2016-05-26,46.0122,46.0565,45.5072,45.9768,24335200
2016-05-27,46.0034,46.3578,45.8705,46.3578,17721400
2016-05-31,46.3046,46.9603,46.1452,46.9603,37653100
2016-06-01,46.4641,46.916,46.4641,46.8274,25324800
2016-06-02,46.6413,46.7299,45.9325,46.4995,22840800
2016-06-03,46.411,46.4464,45.7198,45.8882,23368300
2016-06-06,46.0654,46.3844,45.9768,46.1895,18243300
2016-06-07,46.2869,46.7211,46.1629,46.1629,20866800
2016-06-08,46.092,46.4641,45.9591,46.1097,21149400
2016-06-09,46.0743,46.0743,45.6224,45.7376,20305700
2016-06-10,45.2325,46.1186,45.2237,45.6135,25833200
2016-06-13,43.93,44.9401,43.4693,44.4262,83217800
2016-06-14,44.2136,44.3908,43.9212,44.1516,42577100
2016-06-15,44.1072,44.4085,44.0275,44.0275,33757600
2016-06-16,43.8769,44.7186,43.868,44.6477,31188600
2016-06-17,44.6654,44.6832,44.1427,44.4174,45710500
2016-06-20,44.8692,45.0376,44.3288,44.3642,35607900
2016-06-21,44.4794,45.5692,44.4439,45.3566,34097800
2016-06-22,45.2591,45.5958,45.1439,45.1794,28816800
2016-06-23,45.4363,46.1274,45.3211,45.9945,29028800
2016-06-24,44.1338,45.1351,43.8769,44.1516,133503000
2016-06-27,43.5047,43.549,42.5655,42.9111,50216300
2016-06-28,43.3452,43.8326,43.1237,43.806,38140700
2016-06-29,44.2224,44.9401,44.125,44.7806,31304000
2016-06-30,44.9401,45.454,44.7452,45.3388,28527800
2016-07-01,45.3034,45.8262,45.2502,45.33,21400400
2016-07-05,45.0376,45.4363,44.9578,45.3388,24806400
2016-07-06,44.9933,45.6667,44.6477,45.5249,28167500
2016-07-07,45.5603,45.7287,45.2502,45.5249,19585200
2016-07-08,45.835,46.3932,45.6755,46.3401,28391000
2016-07-11,46.5173,46.8097,46.4907,46.597,22269200
2016-07-12,46.9071,47.3147,46.7742,47.1464,27317600
2016-07-13,47.4565,47.7223,47.1198,47.4122,25356800
2016-07-14,47.7046,47.8375,47.4742,47.616,24545500
2016-07-15,47.802,47.8463,47.1464,47.5805,32024400
2016-07-18,47.5805,48.1476,47.4476,47.8109,31433900
2016-07-19,47.5894,47.7577,46.8983,47.04,53336500
2016-07-20,49.7513,50.3627,49.202,49.5387,89893300
2016-07-21,49.6007,49.8222,49.4058,49.4412,32776700
2016-07-22,49.6893,50.1766,49.4235,50.1235,32157200
2016-07-25,50.0349,50.2741,49.8488,50.2652,25610600
2016-07-26,50.0792,50.7614,50.0703,50.2918,28079000
2016-07-27,50.1589,50.3273,49.7159,49.7868,32327500
2016-07-28,49.6184,49.9463,49.3703,49.8045,37550400
2016-07-29,49.8488,50.2918,49.6627,50.2209,30558700
2016-08-01,50.1501,50.283,49.7425,50.1323,26003400
2016-08-02,50.3716,50.4159,49.8931,50.1323,35122000
2016-08-03,50.2209,50.6019,50.0526,50.4779,22075600
2016-08-04,50.3273,50.9652,50.2121,50.85,26587700
2016-08-05,51.0804,51.5766,50.9032,51.3551,29335200
2016-08-08,51.4437,51.4703,51.1956,51.4437,19473500
2016-08-09,51.5411,51.8335,51.4082,51.5677,16920700
2016-08-10,51.5323,51.674,51.231,51.4082,15756900
2016-08-11,51.4171,51.7892,51.4171,51.6563,18162300
2016-08-12,51.4171,51.5589,51.0538,51.3374,21655200
2016-08-15,51.2883,51.7215,51.2441,51.3855,19283900
2016-08-16,51.2521,51.261,50.9496,51.1009,20523500
2016-08-17,51.1898,51.3144,50.914,51.2076,18856400
2016-08-18,51.0831,51.3322,50.9496,51.2432,14214300
2016-08-19,51.092,51.3589,50.8874,51.261,17271000
2016-08-22,51.1469,51.2801,50.845,51.2091,15221900
2016-08-23,51.4133,51.6619,51.3689,51.4044,18732400
2016-08-24,51.3245,51.5376,51.2535,51.4577,18151500
2016-08-25,51.3955,51.7596,51.3067,51.653,18552600
2016-08-26,51.7507,52.1237,51.2268,51.5287,20971200
2016-08-29,51.6619,52.0349,51.5909,51.5909,16417200
2016-08-30,51.4843,51.6708,51.1558,51.4044,16930200
2016-08-31,51.1913,51.3245,50.8805,51.0226,20860300
2016-09-01,50.623,51.3423,50.623,51.138,26075400
2016-09-02,51.2091,51.6708,50.9871,51.2091,18900500
2016-09-06,51.3068,51.3245,50.8006,51.1558,16278400
2016-09-07,51.0315,51.36,50.9782,51.2002,17493400
2016-09-08,51.1735,51.3156,50.774,50.9959,20146100
2016-09-09,50.4277,51.0759,49.9126,49.9126,35113900
2016-09-12,49.7262,50.8006,49.3799,50.6585,29303000
2016-09-13,50.1701,50.3033,49.7706,50.1968,30130200
2016-09-14,50.0725,50.2856,49.7528,49.957,24062500
2016-09-15,49.8594,50.9249,49.7084,50.7828,26847000
2016-09-16,51.1736,51.1736,50.3921,50.8361,44607000
2016-09-19,50.8539,51.2801,50.4809,50.552,20937100
2016-09-20,50.9249,50.9249,50.3921,50.4454,17384000
2016-09-21,51.067,51.3689,50.6852,51.289,33707300
2016-09-22,51.4311,51.5021,51.1736,51.3423,19822200
2016-09-23,51.3867,51.4222,50.9516,50.9959,19955300
2016-09-26,50.6852,50.7385,50.4632,50.5254,21688700
2016-09-27,50.552,51.5554,50.33,51.4577,28065100
2016-09-28,51.3955,51.5554,51.2091,51.5287,20536400
2016-09-29,51.3334,51.6531,50.8006,50.9693,25463500
2016-09-30,51.1203,51.2979,50.916,51.1469,29910800
2016-10-03,50.9782,51.1025,50.6674,50.9871,19189500
2016-10-04,50.8539,51.1469,50.5875,50.8273,20085900
2016-10-05,50.8716,51.4666,50.845,51.1824,16726400
2016-10-06,51.2712,51.3778,50.8628,51.2712,16212600
2016-10-07,51.3689,51.4844,50.9871,51.3245,20089000
2016-10-10,51.4222,51.8484,51.3867,51.5376,18196500
2016-10-11,51.4044,51.5199,50.5164,50.7828,26497400
2016-10-12,50.7118,50.8539,50.0814,50.7118,22177500
2016-10-13,50.3478,50.8805,50.0103,50.5431,25313700
2016-10-14,50.7207,51.2712,50.7207,50.9871,27402500
2016-10-17,50.9338,51.0226,50.4987,50.8095,23830000
2016-10-18,51.0847,51.4577,50.9782,51.2002,19149500
2016-10-19,51.0315,51.36,50.9693,51.0848,22878400
2016-10-20,51.0581,51.0759,50.3122,50.8361,49455600
2016-10-21,53.5267,53.6776,52.8252,52.9761,80032200
2016-10-24,53.2248,54.166,53.2159,54.166,54067000
2016-10-25,54.0328,54.4946,53.9884,54.1571,35137200
2016-10-26,53.9973,54.3436,53.6954,53.8375,29911600
2016-10-27,53.8197,54.0151,53.358,53.3668,28479900
2016-10-28,53.2869,53.7398,52.9051,53.1626,33574700
2016-10-31,53.4201,53.651,53.207,53.207,26434700
2016-11-01,53.2514,53.2958,52.6121,53.1005,24533000
2016-11-02,53.1182,53.2159,52.6565,52.7719,22147000
2016-11-03,52.8607,52.9584,52.4877,52.5765,21600400
2016-11-04,52.0793,52.6387,51.9638,52.1326,28697000
2016-11-07,53.0827,53.7398,53.0827,53.651,31664800
2016-11-08,53.7664,53.9706,53.4112,53.6954,22935400
2016-11-09,53.278,53.8019,52.5677,53.429,49632500
2016-11-10,53.7043,53.7131,51.1736,52.1237,57822400
2016-11-11,51.7063,52.4966,51.511,52.4078,38767800
2016-11-14,52.4078,52.4611,50.8628,51.6087,41328400
2016-11-15,52.145,53.182,52.1361,52.6278,35904100
2016-11-16,52.6904,53.334,52.5741,53.3251,27332500
2016-11-17,54.0045,54.4872,53.6111,54.2101,32132700
2016-11-18,54.3352,54.6571,53.9061,53.9508,27686300
2016-11-21,54.0849,54.5051,54.0134,54.4068,19652600
2016-11-22,54.5141,54.7644,54.3621,54.6392,23206700
2016-11-23,54.5409,54.6213,53.8615,53.9956,21848900
2016-11-25,53.9061,54.1118,53.7542,54.1118,8409600
2016-11-28,53.9419,54.5498,53.8257,54.1833,20732600
2016-11-29,54.2191,54.8985,54.1028,54.6124,22366700
2016-11-30,54.4068,54.6928,53.8346,53.8704,34655400
2016-12-01,53.7363,53.7721,52.6904,52.9228,34542100
2016-12-02,52.8155,53.1642,52.5652,52.9675,25515700
2016-12-05,53.3698,54.1654,53.2446,53.8346,23552700
2016-12-06,54.0224,54.0492,53.4592,53.5933,19907000
2016-12-07,53.6469,54.8716,53.4592,54.8627,30809000
2016-12-08,54.8001,55.0504,54.3889,54.5409,21220800
2016-12-09,54.6928,55.417,54.6481,55.3991,27349400
2016-12-12,55.265,55.6941,55.1756,55.5779,20198100
2016-12-13,55.8729,56.6953,55.6404,56.302,35718900
2016-12-14,56.3199,56.7221,55.8997,56.0338,30352700
2016-12-15,56.0517,56.4539,55.6941,55.9444,27669900
2016-12-16,56.2752,56.2752,55.5332,55.6941,42453100
2016-12-19,55.9265,57.0082,55.8014,56.8741,34338200
2016-12-20,56.9367,57.035,56.3467,56.8026,26028400
2016-12-21,56.7043,56.9456,56.4271,56.8026,17096300
2016-12-22,57.0708,57.3032,56.6864,56.8115,22176600
2016-12-23,56.7221,56.8026,56.1411,56.5344,12403800
2016-12-27,56.5076,57.2764,56.5076,56.5702,11763200
2016-12-28,56.6775,56.6775,56.1679,56.3109,14653300
2016-12-29,56.1947,56.4986,56.0785,56.2305,10250600
2016-12-30,56.2841,56.3109,55.4527,55.551,25579900
2017-01-03,56.1321,56.1768,55.5421,55.9444,20694100
2017-01-04,55.855,56.0964,55.5332,55.6941,21340000
2017-01-05,55.5958,56.0159,55.4527,55.6941,24876000
2017-01-06,55.6941,56.454,55.4617,56.1768,19922900
2017-01-09,56.1053,56.3914,55.9086,55.998,20382700
2017-01-10,56.0785,56.3824,55.6762,55.9802,18593000
2017-01-11,55.9712,56.5255,55.8103,56.4897,21517300
2017-01-12,56.3735,56.6774,55.3812,55.9712,20968200
2017-01-13,55.9802,56.2037,55.7388,56.0517,19422300
2017-01-17,56.0338,56.0517,55.4527,55.8997,20664000
2017-01-18,56.0248,56.0517,55.5332,55.8729,19670100
2017-01-19,55.6405,56.302,55.6047,55.6941,18451700
2017-01-20,56.0249,56.159,55.7567,56.0874,30213500
2017-01-23,56.0517,56.4271,55.9355,56.2841,23097600
2017-01-24,56.4986,56.9814,56.2662,56.7847,24672900
2017-01-25,57.1691,57.3032,56.7221,56.9278,23672700
2017-01-26,57.3211,57.6966,56.8115,57.4552,43554600
2017-01-27,58.4564,58.9213,58.0095,58.8051,44818000
2017-01-30,58.7246,58.814,57.929,58.224,31651400
2017-01-31,57.9826,58.2419,57.4463,57.7949,25270500
2017-02-01,57.5356,57.7681,56.74,56.8383,39671500
2017-02-02,56.5434,56.6864,56.0964,56.4718,45827000
2017-02-03,56.7668,56.9456,56.3824,56.9278,30301800
2017-02-06,56.7668,56.9009,56.445,56.892,19796400
2017-02-07,56.9814,57.0172,56.5255,56.7043,20277200
2017-02-08,56.8294,57.044,56.5165,56.6238,18096400
2017-02-09,56.7847,57.6072,56.6059,57.2675,22644400
2017-02-10,57.4373,57.482,57.1959,57.2138,18170700
2017-02-13,57.4284,57.9826,57.33,57.8575,22920100
2017-02-14,57.9294,58.2082,57.5787,58.0733,23108400
2017-02-15,58.0104,58.0733,57.7046,58.0374,17005200
2017-02-16,58.2262,58.6759,57.9564,58.0284,20546300
2017-02-17,57.9834,58.1813,57.8305,58.1183,21248800
2017-02-21,58.1093,58.4151,57.9654,58.0014,20655900
2017-02-22,57.8575,57.9114,57.6057,57.8845,19292700
2017-02-23,57.9384,58.2172,57.7316,58.1183,20273100
2017-02-24,58.0373,58.2802,57.6866,58.1183,21796800
2017-02-27,58.0463,58.0463,57.6057,57.7675,15871500
2017-02-28,57.6326,57.7406,57.3448,57.5427,23239800
2017-03-01,57.6776,58.4511,57.5787,58.4061,26937500
2017-03-02,58.1813,58.2352,57.4528,57.5697,24539600
2017-03-03,57.5517,57.8125,57.2189,57.7855,18135900
2017-03-06,57.5337,58.0643,57.3898,57.8035,18750300
2017-03-07,57.7316,58.2622,57.7316,57.9204,18521000
2017-03-08,57.7945,58.532,57.7855,58.4511,21510900
2017-03-09,58.631,58.6399,57.9924,58.2172,19846800
2017-03-10,58.559,58.6939,58.2352,58.3971,19538200
2017-03-13,58.4691,58.6309,58.0733,58.1992,20100000
2017-03-14,58.0374,58.0553,57.6956,57.9294,14280200
2017-03-15,58.0554,58.3881,57.7855,58.2352,24833800
2017-03-16,58.2352,58.2442,57.8305,58.1363,20674300
2017-03-17,58.3791,58.6759,58.1723,58.3431,49219700
2017-03-20,58.3791,58.622,58.2082,58.3971,14598100
2017-03-21,58.631,58.9098,57.6776,57.7496,26640500
2017-03-22,57.6686,58.586,57.6686,58.487,20680000
2017-03-23,58.4061,58.6759,58.2532,58.3431,19269200
2017-03-24,58.7838,58.8648,58.2442,58.4421,22617100
2017-03-27,58.1273,58.6579,57.8755,58.55,18614700
2017-03-28,58.4241,58.8828,58.1453,58.7209,20080400
2017-03-29,58.568,58.9097,58.4151,58.8828,13618400
2017-03-30,58.8378,59.3415,58.7838,59.0986,15122800
2017-03-31,59.0447,59.5303,58.8648,59.2335,21040300
2017-04-03,59.1886,59.3055,58.6309,58.9547,20400900
2017-04-04,58.8108,59.1886,58.7119,59.1166,12997400
2017-04-05,59.6293,59.6742,58.8558,58.9637,21448600
2017-04-06,58.9997,59.4134,58.8918,59.1166,18103500
2017-04-07,59.2245,59.3235,58.8558,59.0717,14108500
2017-04-10,59.0087,59.1976,58.7838,58.9367,17952700
2017-04-11,58.9997,59.0087,58.3252,58.8918,18791500
2017-04-12,58.8378,58.9188,58.559,58.6669,17108500
2017-04-13,58.7209,59.2335,58.4151,58.4151,17896500
2017-04-17,58.496,58.9008,58.4691,58.8918,16689300
2017-04-18,58.7569,59.0986,58.604,58.8108,15155600
2017-04-19,59.0447,59.1346,58.3611,58.496,26992800
2017-04-20,58.8738,59.1346,58.586,58.9097,22299500
2017-04-21,59.0627,59.989,58.8648,59.7192,32522600
2017-04-24,60.6906,60.8524,60.3488,60.7355,29770000
2017-04-25,61.0683,61.1942,60.7985,61.0863,30242700
2017-04-26,61.2302,61.437,60.8164,61.0053,26190800
2017-04-27,61.2931,61.5,60.7805,61.4011,34971000
2017-04-28,61.9767,62.1835,60.8794,61.5719,39548800
2017-05-01,61.7698,62.5523,61.6079,62.4264,31954400
2017-05-02,62.6962,62.6962,62.1745,62.3274,23906100
2017-05-03,62.3994,62.3994,61.7968,62.1295,28928000
2017-05-04,62.0846,62.1296,61.7338,61.8867,21749400
2017-05-05,61.9677,62.0846,61.5989,62.0576,19128800
2017-05-08,62.0306,62.1026,61.536,62.0037,18566100
2017-05-09,61.9317,62.3094,61.7698,62.0936,22858400
2017-05-10,62.0486,62.5613,61.9857,62.3364,17977800
2017-05-11,61.482,61.8148,61.2661,61.5719,28789400
2017-05-12,61.7068,61.7068,61.1942,61.5,18714100
2017-05-15,61.2841,61.5899,60.7715,61.545,31530300
2017-05-16,61.7168,62.8113,61.6535,62.7842,34956000
2017-05-17,62.3138,62.5038,60.9932,61.0384,30548800
2017-05-18,60.9661,61.6264,60.7309,61.2465,25201300
2017-05-19,61.0565,61.5992,60.9932,61.2284,26961100
2017-05-22,61.4093,61.9611,61.0565,61.9158,16237600
2017-05-23,62.1601,62.1872,61.8525,62.1239,15425800
2017-05-24,62.2957,62.3048,61.9158,62.2053,14593900
2017-05-25,62.3862,63.2093,62.3319,62.9741,21854100
2017-05-26,63.1369,63.5168,62.8837,63.2817,19827900
2017-05-30,63.1279,63.6887,63.1098,63.6887,17072800
2017-05-31,63.7973,63.9872,63.146,63.1731,30436400
2017-06-01,63.535,63.8696,62.8204,63.4083,21603600
2017-06-02,63.7159,65.0003,63.535,64.9099,34770300
2017-06-05,65.0998,65.932,64.9551,65.3802,33316800
2017-06-06,65.3983,65.6878,65.3712,65.5973,31511100
2017-06-07,65.7058,65.8234,65.0817,65.4797,22301800
2017-06-08,65.5883,65.5973,64.6747,65.0817,24588300
2017-06-09,65.1631,65.1993,62.0425,63.6073,49187400
2017-06-12,62.6395,63.2636,61.6264,63.1189,47761700
2017-06-13,63.3359,64.0596,63.2817,63.9058,25258600
2017-06-14,64.141,64.3129,62.8023,63.5621,25510700
2017-06-15,62.6575,63.5078,62.2324,63.2274,26068700
2017-06-16,63.0736,63.345,62.6123,63.3178,48345100
2017-06-19,63.7701,64.1681,63.6344,64.1048,23798300
2017-06-20,64.0596,64.1048,63.2003,63.2365,21512200
2017-06-21,63.5078,63.8787,63.2636,63.5621,19891100
2017-06-22,63.8063,63.8515,63.0555,63.553,22965700
2017-06-23,63.3993,64.4486,63.2455,64.4124,27617300
2017-06-26,64.5842,64.8646,63.7159,63.7973,19607000
2017-06-27,63.4174,63.4807,62.5761,62.6033,25215100
2017-06-28,62.6033,63.1731,62.2234,63.137,25806200
2017-06-29,62.7571,62.8566,61.5902,61.952,28918700
2017-06-30,62.2143,62.757,62.1781,62.35,24161100
2017-07-03,62.7118,62.956,61.5269,61.6626,16165500
2017-07-05,61.744,62.8113,61.7078,62.4857,21176300
2017-07-06,61.753,62.2143,61.6173,62.0244,21117600
2017-07-07,62.142,63.1731,62.142,62.8294,16878300
2017-07-10,62.8294,63.544,62.5942,63.2998,15014500
2017-07-11,63.3179,63.9329,63.0917,63.3088,17460000
2017-07-12,63.942,64.4757,63.8154,64.3581,17750900
2017-07-13,64.6747,65.1631,64.5028,64.9189,20269800
2017-07-14,65.344,66.2757,65.0908,65.8325,25868100
2017-07-17,65.8506,66.4385,65.7782,66.3481,21803900
2017-07-18,66.1129,66.3843,65.724,66.3029,26435300
2017-07-19,66.4838,66.9722,66.4385,66.8094,22416200
2017-07-20,67.0989,67.2074,66.2848,67.135,42361000
2017-07-21,66.4385,67.1983,66.1852,66.746,46717100
2017-07-24,66.5109,66.7099,66.1491,66.5742,21394800
2017-07-25,66.7551,67.2164,66.4838,67.1079,22018700
2017-07-26,67.2436,67.2798,66.7642,66.9813,16252200
2017-07-27,66.7189,67.3159,65.4164,66.1762,36844200
2017-07-28,65.733,66.3119,65.6154,66.0677,18306700
2017-07-31,66.3028,66.4295,65.4978,65.7601,23600100
2017-08-01,66.1219,66.4114,65.5702,65.6516,22132300
2017-08-02,65.6244,65.6335,64.6204,65.3621,26499200
2017-08-03,65.2988,65.5249,64.9913,65.2626,18214400
2017-08-04,65.4888,66.0677,65.344,65.7421,22579000
2017-08-07,65.8506,65.941,65.3621,65.4888,18705700
2017-08-08,65.2083,66.1491,64.9008,65.8415,22044600
2017-08-09,65.3531,65.5883,65.1722,65.5521,22213400
2017-08-10,65.0365,65.2988,64.539,64.5933,24734500
2017-08-11,64.7742,65.7601,64.4757,65.5792,21443700
2017-08-14,66.0858,66.6828,65.9863,66.5652,20096600
2017-08-15,66.9198,66.9198,66.4197,66.5833,19181400
2017-08-16,66.6925,67.3836,66.5379,66.9744,18150400
2017-08-17,66.9107,67.1744,65.8377,65.8377,22977500
2017-08-18,65.7194,66.2378,65.4103,65.9195,18761500
2017-08-21,65.9013,65.9104,65.2011,65.6103,17734800
2017-08-22,65.7922,66.6015,65.7922,66.5288,14343700
2017-08-23,66.3469,66.5197,65.9559,66.1287,13766500
2017-08-24,66.1469,66.256,65.5376,66.1014,17098300
2017-08-25,66.256,66.7016,65.9104,66.2196,12794300
2017-08-28,66.4379,66.4652,65.9741,66.2287,14569700
2017-08-29,65.7013,66.5288,65.5194,66.4288,11478400
2017-08-30,66.3924,67.4836,66.2287,67.3017,16897800
2017-08-31,67.3199,68.1656,67.1108,67.9928,27652800
2017-09-01,67.9383,67.9656,66.9653,67.2381,21736200
2017-09-05,66.6925,67.1926,66.3651,66.938,21556000
2017-09-06,67.0562,67.329,66.7016,66.747,16535800
2017-09-07,67.0016,67.8382,66.9289,67.6018,17471200
2017-09-08,67.5928,67.6928,67.1472,67.2745,14703800
2017-09-11,67.5746,68.1475,67.5746,67.9838,17910400
2017-09-12,67.9838,68.4203,67.6291,67.911,14394900
2017-09-13,68.1384,68.4112,67.7928,68.393,13380800
2017-09-14,68.202,68.6476,67.7655,67.9928,15733900
2017-09-15,68.0474,68.5567,67.3563,68.4839,38578400
2017-09-18,68.4112,69.0841,68.2384,68.3475,23307000
2017-09-19,68.393,68.8477,68.2111,68.6021,16093300
2017-09-20,68.5203,68.7021,67.5745,68.1474,21587900
2017-09-21,68.302,68.4203,67.3927,67.4836,19186100
2017-09-22,67.2835,67.7564,67.1562,67.6655,14111400
2017-09-25,67.3745,67.52,66.3105,66.6197,24149200
2017-09-26,66.9925,67.1199,66.3742,66.6197,18019600
2017-09-27,66.8835,67.4473,66.5379,67.1563,19565100
2017-09-28,66.8743,67.2654,66.6652,67.1744,10883800
2017-09-29,67.2381,67.7837,67.1835,67.7382,17079100
2017-10-02,67.9383,68.2111,67.5655,67.8474,15304800
2017-10-03,67.9019,68.0929,67.4654,67.5291,12190400
2017-10-04,67.3745,67.9474,67.029,67.9201,13317700
2017-10-05,68.4021,69.2205,68.1656,69.0841,21195300
2017-10-06,68.8113,69.1386,68.693,69.1114,13959800
2017-10-09,69.0841,69.6115,68.9841,69.3751,11386500
2017-10-10,69.4115,69.6843,69.2387,69.3751,13944500
2017-10-11,69.4387,69.5297,69.0659,69.4933,15388900
2017-10-12,69.5569,70.2844,69.4478,70.1298,16876500
2017-10-13,70.5573,70.8119,70.2844,70.4663,15335700
2017-10-16,70.4027,70.7573,70.339,70.6118,12380100
2017-10-17,70.4481,70.5845,70.2481,70.5572,16824000
2017-10-18,70.63,70.7937,70.3572,70.5755,13300700
2017-10-19,70.5391,70.8664,70.339,70.8482,15092800
2017-10-20,71.2211,71.8122,71.1301,71.6667,22866400
2017-10-23,71.8303,72.1486,71.6212,71.6848,20627200
2017-10-24,71.7485,72.0213,71.3484,71.7121,17517200
2017-10-25,71.4575,71.9304,70.9392,71.503,20410800
2017-10-26,72.0213,72.2214,71.6121,71.6212,32120700
2017-10-27,76.7227,78.3868,76.0316,76.2135,71066700
2017-10-30,76.1135,76.6864,75.5769,76.2862,31756700
2017-10-31,76.7136,76.7136,75.5769,75.6406,27086600
2017-11-01,76.0953,76.168,75.3678,75.6406,22307400
2017-11-02,75.7952,76.8046,75.586,76.4317,23992900
2017-11-03,76.459,76.8773,75.8406,76.5136,17633500
2017-11-06,76.5681,77.0228,76.459,76.8136,19860900
2017-11-07,77.0864,77.2047,76.3226,76.6318,17939700
2017-11-08,76.5136,76.941,76.2317,76.8955,18034200
2017-11-09,76.4863,76.6318,75.386,76.4681,21178400
2017-11-10,76.1953,76.4772,75.686,76.268,19397800
2017-11-13,76.0771,76.3317,75.8952,76.3226,14196900
2017-11-14,75.9316,76.4772,75.4587,76.4317,18801300
2017-11-15,76.2855,76.4866,75.5726,75.8377,19383100
2017-11-16,75.9474,76.2398,75.8011,76.0388,20962800
2017-11-17,75.9656,75.9656,75.1614,75.3076,22079000
2017-11-20,75.3076,75.4812,75.1705,75.4264,16315000
2017-11-21,75.6183,76.6237,75.6183,76.514,21237500
2017-11-22,76.6145,76.6785,75.8925,75.9565,20553100
2017-11-24,75.8651,76.2489,75.6549,76.0936,7425600
2017-11-27,76.1393,76.7516,76.1301,76.6511,18265200
2017-11-28,76.8338,77.7386,76.7881,77.5741,21926000
2017-11-29,77.4188,77.6107,76.0205,76.1667,27381100
2017-11-30,76.322,77.2451,76.1667,76.9252,33054600
2017-12-01,76.4043,77.5102,76.057,77.0075,29532100
2017-12-04,77.1537,77.1629,73.7539,74.1012,39094900
2017-12-05,74.3388,75.5635,74.0098,74.5673,26152300
2017-12-06,74.5307,75.9839,74.4211,75.6549,26162100
2017-12-07,75.4355,75.6731,74.942,75.3898,23184500
2017-12-08,76.4317,77.3,76.1576,76.9161,24489100
2017-12-11,77.0349,78.0219,76.8795,77.894,22857900
2017-12-12,77.9671,78.6434,77.7569,78.2139,23924100
2017-12-13,78.3601,78.5977,77.8392,78.0037,22062700
2017-12-14,78.0768,78.4789,77.2543,77.4005,19306000
2017-12-15,77.9214,79.5939,77.5741,79.3746,53936700
2017-12-18,79.6213,79.9686,78.8079,78.945,22283800
2017-12-19,78.9176,78.9176,77.9305,78.4423,23524800
2017-12-20,78.7805,78.8719,77.4188,78.159,23674900
2017-12-21,78.6434,78.6891,78.0494,78.1408,17990700
2017-12-22,78.0494,78.2596,77.6107,78.1499,14145800
2017-12-26,77.9671,78.1682,77.7112,78.0494,9891200
2017-12-27,78.2778,78.5794,77.8848,78.3327,14678000
2017-12-28,78.5063,78.5338,78.1865,78.3418,10594300
2017-12-29,78.2596,78.6434,78.1408,78.1773,18717400
2018-01-02,78.7165,78.881,78.1407,78.552,22483800
2018-01-03,78.6526,79.0638,78.5703,78.9176,26061400
2018-01-04,79.1369,80.1148,79.1186,79.6122,21912000
2018-01-05,80.1148,80.8003,79.9046,80.5992,23407100
2018-01-08,80.6084,80.9557,80.06,80.6815,22113000
2018-01-09,81.0197,81.0928,80.2976,80.6267,19484300
2018-01-10,80.2977,80.5992,79.8864,80.2611,18652200
2018-01-11,80.5444,80.5444,79.731,80.4987,17808900
2018-01-12,81.0379,82.0524,80.8369,81.8879,24271500
2018-01-16,82.3448,82.9754,80.4347,80.7455,36599700
2018-01-17,81.4126,82.5093,81.111,82.3814,25621200
2018-01-18,82.0707,82.8658,81.9427,82.3448,24159700
2018-01-19,82.3814,82.8109,81.9427,82.2534,36875000
2018-01-22,82.2534,83.734,82.0158,83.7248,23601600
2018-01-23,83.9899,84.3555,83.6609,83.9899,23412800
2018-01-24,84.5839,85.3882,83.6974,83.9168,33277500
2018-01-25,84.5109,85.2146,84.0173,84.3829,26383200
2018-01-26,85.1049,85.964,84.6114,85.964,29172200
2018-01-29,86.951,87.2343,85.6532,85.836,31569900
2018-01-30,85.2694,85.5984,84.1727,84.7576,38635100
2018-01-31,85.6807,87.1887,85.4613,86.8322,48756300
2018-02-01,86.6311,87.801,85.5253,86.1468,47227900
2018-02-02,85.5801,85.8817,83.6243,83.8802,47867800
2018-02-05,82.7652,85.2146,80.4256,80.4256,51031500
2018-02-06,79.4111,83.606,77.9123,83.4689,67998600
2018-02-07,82.7013,83.8711,81.5223,81.897,41107600
2018-02-08,81.9884,82.1438,77.4645,77.693,55628700
2018-02-09,78.8719,81.2755,76.6145,80.5901,63499100
2018-02-12,81.1019,82.0524,80.3616,81.4583,35720300
2018-02-13,81.2756,82.2535,80.2428,82.0981,26407700
2018-02-14,81.2717,83.5489,81.1799,83.3836,34960900
2018-02-15,83.7509,85.1374,83.2091,85.0823,27823900
2018-02-16,84.8894,85.8536,84.2926,84.4762,30596900
2018-02-20,83.9988,85.4496,83.5672,85.1374,30911700
2018-02-21,85.3761,85.725,84.008,84.008,26922500
2018-02-22,84.5222,85.1466,83.8886,84.2284,24392800
2018-02-23,85.9454,86.377,84.8068,86.3678,26329200
2018-02-26,86.68,87.6441,86.5423,87.6166,30199800
2018-02-27,87.9104,88.0022,86.4963,86.4963,25869100
2018-02-28,87.084,87.8829,85.973,86.1015,31167300
2018-03-01,86.3035,86.8361,84.3293,85.2567,37135600
2018-03-02,84.0906,85.5322,83.4295,85.4404,32830400
2018-03-05,84.7885,86.5606,84.715,85.9821,23901600
2018-03-06,86.6249,86.7626,85.3394,85.6883,22175800
2018-03-07,85.5414,86.2576,84.8711,86.1841,26716100
2018-03-08,86.5606,87.3227,86.1015,86.7075,25887800
2018-03-09,87.4972,88.645,87.2309,88.645,36937300
2018-03-12,88.6082,89.2602,88.1859,88.8562,26073700
2018-03-13,89.0674,89.2878,86.2852,86.6892,35387800
2018-03-14,87.3411,87.6074,85.8536,86.175,32132000
2018-03-15,85.8811,86.8453,85.2384,86.478,27611000
2018-03-16,86.9371,87.5799,86.2393,86.8636,49081300
2018-03-19,86.074,86.2209,84.5773,85.2935,33344100
2018-03-20,85.4404,86.1015,85.3945,85.5138,23075200
2018-03-21,85.3302,86.3586,84.6691,84.917,24457100
2018-03-22,83.8059,84.2467,82.3276,82.447,38604700
2018-03-23,82.1807,83.0622,79.9586,80.0504,44068900
2018-03-26,83.1999,86.3127,83.0071,86.1107,56396800
2018-03-27,87.1758,87.3595,81.2717,82.1532,56569000
2018-03-28,82.4745,83.7692,81.6022,82.0797,52501100
2018-03-29,82.8051,84.7425,81.1707,83.8059,45867500
2018-04-02,83.0714,83.4478,80.3534,81.2808,48515400
2018-04-03,82.2542,82.6857,80.7024,82.3736,37213800
2018-04-04,80.6656,85.1741,80.5555,84.7793,35560000
2018-04-05,84.8803,85.4588,83.9253,84.8252,29771900
2018-04-06,84.008,84.8986,82.1623,82.851,38026000
2018-04-09,83.5948,85.5506,83.2091,83.3468,31533900
2018-04-10,84.8344,85.6516,84.1457,85.2843,26812000
2018-04-11,84.4854,85.6608,83.9988,84.3477,24872100
2018-04-12,84.8711,86.4596,84.8711,85.927,26758900
2018-04-13,86.3586,86.478,84.8803,85.4679,23346100
2018-04-16,86.377,86.9187,85.7801,86.4688,20288100
2018-04-17,87.2309,88.645,87.1207,88.2134,26771000
2018-04-18,88.3512,88.8103,87.7084,88.5532,21043300
2018-04-19,88.5532,89.1317,87.5431,88.2502,23552500
2018-04-20,88.0665,88.2501,86.3586,87.2309,31154400
2018-04-23,87.9104,88.4154,86.8912,87.5523,22331800
2018-04-24,88.3695,88.5807,84.8527,85.5047,34524800
2018-04-25,85.6699,85.6699,82.8969,84.7609,33729300
2018-04-26,85.8995,87.3686,85.4863,86.5514,42529000
2018-04-27,89.6183,89.8938,86.2301,87.9839,48272800
2018-04-30,88.4521,88.5164,85.5322,85.8719,41523600
2018-05-01,85.5873,87.4972,85.2017,87.2309,31408900
2018-05-02,87.2217,87.387,85.5689,85.8628,27471000
2018-05-03,85.3578,87.1667,84.8895,86.377,31142500
2018-05-04,85.6883,87.5707,85.321,87.3779,22531300
2018-05-07,87.387,88.8011,87.3228,88.3512,24242000
2018-05-08,88.0114,88.2961,87.286,87.9747,23484600
2018-05-09,88.1583,89.0398,87.2768,89.0123,27327400
2018-05-10,89.4897,89.9397,89.1133,89.9029,22388100
2018-05-11,89.8019,89.8662,89.1041,89.7101,16778300
2018-05-14,89.9121,90.6191,89.352,90.0131,19454100
2018-05-15,89.2878,89.8479,88.4614,89.3612,24594000
2018-05-16,89.7854,89.8223,89.103,89.5918,17384700
2018-05-17,89.2321,89.9514,88.3744,88.6972,17246700
2018-05-18,88.5404,89.3889,88.5404,88.8632,17865800
2018-05-21,89.4534,90.3848,89.269,90.0067,19422500
2018-05-22,90.0805,90.5324,89.6378,89.9145,15441200
2018-05-23,89.186,91.0488,88.8263,90.9843,21251200
2018-05-24,91.0488,91.2425,89.2782,90.6615,26649300
2018-05-25,90.6523,91.2794,90.2465,90.7076,18363900
2018-05-29,90.228,91.1871,89.6655,90.3848,28671000
2018-05-30,90.6615,91.5284,90.2926,91.2517,22158500
2018-05-31,91.5652,92.2108,90.9382,91.1503,34140900
2018-06-01,91.556,93.0131,91.4546,92.9485,28655600
2018-06-04,93.382,93.9353,93.0039,93.7601,27281600
2018-06-05,94.0644,94.3688,93.631,94.2396,23514400
2018-06-06,94.5071,94.6178,93.9722,94.5163,21122900
2018-06-07,94.6638,94.7007,92.5704,93.0315,28232200
2018-06-08,93.2252,94.0183,92.718,93.7232,22165100
2018-06-11,93.1514,93.6863,92.8379,93.1883,23490900
2018-06-12,93.2344,93.5572,92.9117,93.4281,18325200
2018-06-13,93.8062,94.0736,92.7365,93.0039,29492900
2018-06-14,93.7417,94.0921,93.1422,93.5295,25691800
2018-06-15,93.6125,93.631,92.2846,92.3399,65738600
2018-06-18,92.2292,93.2436,91.6851,93.0131,23586000
2018-06-19,91.8972,93.1422,91.7589,93.0131,28653100
2018-06-20,93.4834,94.544,93.2529,93.9445,26180800
2018-06-21,94.1382,94.4886,93.0315,93.2713,23198200
2018-06-22,92.5981,92.9301,91.8788,92.5981,38923100
2018-06-25,92.22,92.3215,89.7301,90.7353,35433300
2018-06-26,91.1318,92.2938,91.0673,91.3716,26897200
2018-06-27,91.8327,92.2385,89.8223,89.9514,31298400
2018-06-28,89.8039,91.3993,89.6932,90.9566,26650700
2018-06-29,91.2333,92.137,90.6799,90.9381,28053200
2018-07-02,90.4678,92.2753,90.3756,92.2292,19564500
2018-07-03,92.6627,92.801,91.2425,91.3439,14670300
2018-07-05,91.7589,92.1462,91.3254,91.9987,18977400
2018-07-06,92.1186,93.5388,91.9157,93.2898,19234600
2018-07-09,93.7416,94.295,93.3728,93.9261,18212000
2018-07-10,94.0644,94.5347,93.9353,94.1751,19293100
2018-07-11,93.2805,94.378,93.2344,94.046,19644600
2018-07-12,94.7745,96.2869,94.7376,96.084,24335900
2018-07-13,96.25,97.3843,95.9918,97.2276,24635200
2018-07-16,97.1999,97.5872,96.3884,96.748,21786900
2018-07-17,96.4714,98.2143,96.2039,97.7071,25901700
2018-07-18,97.6979,97.7993,96.5728,96.9417,29493900
2018-07-19,96.7665,97.1169,95.8074,96.2777,40171600
2018-07-20,99.6714,99.7821,97.827,98.0022,56004000
2018-07-23,98.0299,99.7267,97.8731,99.57,29707000
2018-07-24,100.1233,100.3538,98.9152,99.2841,26316600
2018-07-25,99.5607,102.5025,99.2287,102.2074,30702100
2018-07-26,102.1244,102.3642,100.9809,101.0916,31372100
2018-07-27,101.608,101.608,97.8823,99.3025,37005300
2018-07-30,98.8507,99.1642,96.6097,97.1723,34668300
2018-07-31,98.2051,98.4172,97.1815,97.827,27655200
2018-08-01,97.7809,98.1682,97.2184,98.0114,23628700
2018-08-02,97.1999,99.6807,96.6835,99.2011,26104300
2018-08-03,99.4132,99.6437,98.5094,99.6345,18659600
2018-08-06,99.7083,99.9849,99.1918,99.7175,20265900
2018-08-07,100.114,100.612,99.7544,100.4091,16080200
2018-08-08,100.8241,101.2115,100.2985,100.9717,15487500
2018-08-09,101.1746,101.5896,101.0731,101.1377,13677200
2018-08-10,100.9071,101.1561,99.948,100.5198,18183700
2018-08-13,100.7411,101.0547,99.6898,99.7913,18472500
2018-08-14,100.114,101.2115,99.6345,101.0362,16788300
2018-08-15,100.4345,100.8974,98.8885,99.6662,29982800
2018-08-16,100.2586,100.777,99.3329,99.6476,21384300
2018-08-17,99.3884,99.8883,98.7682,99.5921,18061500
2018-08-20,99.5273,99.8883,98.5738,98.9348,17914200
2018-08-21,98.9811,99.3792,97.9905,98.1109,22881900
2018-08-22,97.9905,99.3699,97.9257,99.1107,18000600
2018-08-23,99.194,100.1475,98.9348,99.5736,18167700
2018-08-24,99.6754,100.4993,99.5736,100.3512,17234000
2018-08-27,101.1566,101.4991,100.453,101.4621,19662300
2018-08-28,101.7768,102.2952,101.638,102.0731,19151500
2018-08-29,102.249,103.7117,102.0823,103.7024,20818000
2018-08-30,103.3784,104.2486,103.1655,103.6376,22798700
2018-08-31,103.3969,104.406,103.2395,103.9894,23222700
2018-09-04,102.6193,103.6469,102.0361,103.4154,22634600
2018-09-05,102.7674,103.147,100.0735,100.4345,32872400
2018-09-06,100.2123,100.8974,99.5273,100.6659,23477600
2018-09-07,100.1938,100.6474,99.2681,100.1753,22498600
2018-09-10,100.7585,101.4991,100.3142,101.2584,20727900
2018-09-11,100.8141,103.3043,100.8048,102.9803,24301800
2018-09-12,103.1562,103.545,102.3045,103.4154,18891100
2018-09-13,103.795,105.2854,103.795,104.5263,26055600
2018-09-14,104.9429,105.2854,104.0912,104.9522,19122300
2018-09-17,105.2484,105.2577,103.5543,103.8135,20736500
2018-09-18,103.8598,105.2577,103.4247,104.8041,22170900
2018-09-19,104.6559,104.9059,102.7952,103.4061,21728400
2018-09-20,103.9431,105.3503,103.6191,105.1373,23714500
2018-09-21,105.5354,106.7296,105.0818,105.7761,71229700
2018-09-24,104.6374,106.3686,103.8875,106.1556,27334500
2018-09-25,106.276,106.5537,105.3039,105.952,22668000
2018-09-26,105.9705,106.5167,105.2947,105.5169,19352000
2018-09-27,106.2574,106.3778,105.7205,105.9149,19091300
2018-09-28,105.7113,106.0631,105.2392,105.8779,21647800
2018-10-01,106.2297,107.0907,106.2112,107.0258,18883100
2018-10-02,106.7389,107.2388,105.9427,106.6,20787200
2018-10-03,106.85,107.5535,106.3963,106.6185,16648000
2018-10-04,106.1001,106.239,103.3414,104.4152,34821700
2018-10-05,104.2671,104.767,102.4249,103.8042,29068900
2018-10-08,103.3691,103.7117,101.2214,102.6193,29640600
2018-10-09,102.8877,104.6837,102.573,103.9246,26198600
2018-10-10,102.9803,103.221,97.935,98.2775,61376300
2018-10-11,97.5277,100.8418,96.4631,98.0461,63904300
2018-10-12,100.9159,102.9803,99.1663,101.4343,47742100
2018-10-15,100.8233,101.351,99.0088,99.6106,32068100
2018-10-16,101.4066,103.1377,100.8604,102.7581,31610200
2018-10-17,103.3876,103.508,101.4158,102.4897,26548200
2018-10-18,101.925,102.323,99.8235,100.4438,32506200
2018-10-19,100.8419,102.6286,100.1753,100.5919,32785500
2018-10-22,101.2029,102.3323,100.2031,101.4899,26545600
2018-10-23,99.768,100.8789,97.3055,100.0735,43770400
2018-10-24,100.3605,100.4345,94.0468,94.7226,63897800
2018-10-25,98.6386,101.1566,98.2683,100.2586,61646800
2018-10-26,97.8424,100.6752,96.9815,99.0181,55523100
2018-10-29,100.0827,100.6289,94.0839,96.139,55162000
2018-10-30,95.9631,96.6296,92.6767,96.0279,65350900
2018-10-31,97.611,100.1105,97.5647,98.8792,51062400
2018-11-01,99.1014,99.3514,97.6943,98.0553,33384200
2018-11-02,98.5738,99.3514,97.1851,98.2775,37680200
2018-11-05,98.4719,99.7402,98.0368,99.5273,27922100
2018-11-06,99.4069,100.7585,98.3886,99.7217,24340200
2018-11-07,101.314,103.9061,101.2769,103.6468,37901700
2018-11-08,103.4987,103.8783,102.6748,103.4524,25644100
2018-11-09,102.6193,103.1747,100.6845,101.4343,32039200
2018-11-12,101.2955,101.7954,98.222,98.9348,33621800
2018-11-13,99.5643,100.6659,98.7219,98.9996,35374600
2018-11-14,100.5058,100.6546,97.1308,97.5957,39495100
2018-11-15,97.6143,100.2269,96.6102,99.7434,38505200
2018-11-16,99.5574,101.231,99.2971,100.6824,33502100
2018-11-19,100.6639,100.9335,96.2754,97.2703,44773900
2018-11-20,94.6484,95.7362,92.3705,94.5647,64052500
2018-11-21,96.3219,97.0936,95.0575,95.8663,28130600
2018-11-23,94.9924,96.5172,94.8343,95.8292,13823100
2018-11-26,97.4283,99.1391,97.2331,98.9903,32336200
2018-11-27,98.8043,99.7899,97.9583,99.6132,29124500
2018-11-28,100.3105,103.5089,100.2826,103.3136,46788500
2018-11-29,102.5791,103.3136,101.3705,102.449,28123200
2018-11-30,102.9231,103.1742,101.6773,103.0998,33665600
2018-12-03,105.0616,105.4521,102.951,104.2155,34732800
2018-12-04,104.076,104.7269,100.6081,100.8963,45197000
2018-12-06,98.386,101.5657,97.6236,101.5192,49107400
2018-12-07,100.7661,101.761,96.9728,97.4562,45044900
2018-12-10,97.4376,100.3942,96.5916,100.0316,40801500
2018-12-11,102.0864,103.1556,99.8922,100.9614,42381900
2018-12-12,103.0998,103.4531,101.3797,101.4169,36183000
2018-12-13,101.8818,103.0812,100.9986,101.761,31333400
2018-12-14,100.6453,101.5843,98.0885,98.5812,47043100
2018-12-17,98.0048,98.3674,94.5647,95.6618,56957300
2018-12-18,96.4614,97.168,95.3178,96.6659,49319200
2018-12-19,96.3684,99.3715,94.23,96.4056,68198200
2018-12-20,95.8106,96.982,91.8405,94.3788,70334200
2018-12-21,94.4903,95.7641,90.6133,91.3292,111242100
2018-12-24,90.8178,91.0875,87.3778,87.5172,43935200
2018-12-26,88.4563,93.6164,87.3592,93.4955,51634800
2018-12-27,92.324,94.0812,89.6277,94.0719,49498500
2018-12-28,94.918,95.2155,92.5285,93.3374,38196300
2018-12-31,94.1742,95.2062,93.3839,94.4345,33173800
2019-01-02,92.5564,94.6019,91.9893,94.0161,35329300
2019-01-03,93.0678,93.1515,90.3715,90.5575,42579100
2019-01-04,92.7145,95.3085,91.98,94.7692,44060600
2019-01-07,94.4996,96.0151,93.886,94.8901,35656100
2019-01-08,95.8013,96.6659,94.5647,95.5781,31514400
2019-01-09,96.5637,97.512,95.9872,96.9449,32280800
2019-01-10,95.9686,96.4614,95.1876,96.3219,30067600
2019-01-11,95.9407,96.1732,94.4996,95.5781,28314200
2019-01-14,94.7413,95.6432,94.1463,94.8808,28437100
2019-01-15,95.3085,97.67,94.7227,97.6329,31587600
2019-01-16,97.8653,98.795,97.5864,97.9769,29853900
2019-01-17,97.6236,99.1391,97.4004,98.6649,28393000
2019-01-18,99.9107,100.3198,98.4696,100.1432,37427600
2019-01-22,99.2506,99.576,97.4934,98.2558,32371300
2019-01-23,98.6649,99.5203,97.9397,99.2134,25874300
2019-01-24,99.3529,99.4831,97.9397,98.7393,23164800
2019-01-25,99.7062,100.3013,98.7393,99.6411,31225600
2019-01-28,98.7951,98.9996,97.3075,97.698,29476700
2019-01-29,97.512,97.5957,94.9924,95.7083,31490500
2019-01-30,97.2703,98.9066,97.0006,98.9066,49471900
2019-01-31,96.5079,97.8281,95.9314,97.0936,55636400
2019-02-01,96.4893,96.7868,95.1597,95.5595,35535700
2019-02-04,95.6432,98.3674,95.5502,98.3116,31315100
2019-02-05,98.6091,99.7341,98.5161,99.6876,27325400
2019-02-06,99.4831,99.4831,98.1164,98.5812,20609800
2019-02-07,97.8002,98.1721,96.9635,97.8746,29760700
2019-02-08,97.0564,98.3488,96.9355,98.2465,21461100
2019-02-11,98.7393,99.0926,97.5957,97.856,18914100
2019-02-12,98.6835,99.6133,98.0699,99.3808,25056600
2019-02-13,99.9479,100.2083,99.2134,99.3064,18394900
2019-02-14,98.8415,99.7527,98.2372,99.3901,21784700
2019-02-15,100.3292,100.6918,99.8178,100.6174,26606900
2019-02-19,100.2176,101.0265,100.2083,100.5709,18038500
2019-02-20,100.7109,100.7856,99.245,100.048,21607700
2019-02-21,99.8146,102.2236,99.7866,102.1582,29063200
2019-02-22,102.7558,103.8295,102.541,103.6148,27763200
2019-02-25,104.3524,104.7446,103.8856,104.1937,23750600
2019-02-26,103.8856,105.7343,103.8015,104.9127,21536700
2019-02-27,104.2871,104.9127,103.5308,104.7353,21487100
2019-02-28,104.6139,105.3982,104.3244,104.6046,29083900
2019-03-01,105.4075,105.5289,104.2684,105.0714,23501200
2019-03-04,105.5289,105.7437,103.4561,104.8193,26608000
2019-03-05,104.8099,104.9407,103.8576,104.2964,19538300
2019-03-06,104.4551,105.1928,104.0443,104.3431,17687000
2019-03-07,104.0163,104.1563,102.5877,103.0732,25339000
2019-03-08,101.9248,103.372,101.5886,103.1853,22818400
2019-03-11,103.6335,105.4636,103.6242,105.3515,26491600
2019-03-12,105.3422,106.4346,105.1834,106.0891,26132700
2019-03-13,106.5654,107.3777,106.2386,106.9108,35513800
2019-03-14,106.9482,107.5644,106.7521,106.9949,30763400
2019-03-15,107.6951,109.4786,106.9949,108.2274,54681100
2019-03-18,108.4701,109.8147,108.3581,109.7773,31207600
2019-03-19,110.2629,110.5897,109.2358,109.852,37588700
2019-03-20,109.6093,110.8791,108.9743,109.7307,28113300
2019-03-21,109.3758,112.8119,109.3291,112.2517,29854400
2019-03-22,111.5794,111.6635,109.2825,109.2918,33624500
2019-03-25,108.8343,110.1882,108.6102,109.8614,27067100
2019-03-26,110.7578,110.8418,109.1051,110.0948,26097700
2019-03-27,110.0668,110.3749,107.8632,109.0304,22733400
2019-03-28,109.656,109.7867,108.4328,109.1798,18334800
2019-03-29,110.2442,110.4776,109.2078,110.1228,25399800
2019-04-01,111.0659,111.2153,110.2722,111.1312,22789100
2019-04-02,111.1686,111.5608,110.6644,111.29,18142300
2019-04-03,111.9156,112.4478,111.2526,112.0183,22860700
2019-04-04,112.1396,112.261,110.5336,111.4487,20112800
2019-04-05,111.4767,112.261,111.458,111.9436,15826200
2019-04-08,111.8689,112.065,110.7764,111.9809,15116200
2019-04-09,110.7671,111.6168,110.7204,111.374,17612000
2019-04-10,111.8222,112.3731,111.6168,112.2237,16477200
2019-04-11,112.5505,112.8399,111.9716,112.3544,14209100
2019-04-12,112.6439,112.9613,112.3918,112.9333,19745100
2019-04-15,112.924,113.5215,112.5785,113.0267,15792600
2019-04-16,113.5776,113.5869,112.1396,112.7652,14071800
2019-04-17,113.2041,113.7737,112.5505,113.699,19300900
2019-04-18,114.0911,115.333,113.2601,115.1929,27991000
2019-04-22,114.4926,115.7811,114.4459,115.557,15648700
2019-04-23,115.8745,117.2564,115.6224,117.1257,24025500
2019-04-24,117.4525,117.5085,116.2667,116.7242,31257000
2019-04-25,121.4395,122.6627,120.291,120.5898,38033900
2019-04-26,121.1034,121.869,120.4685,121.2808,23654900
2019-04-29,121.2901,121.5515,120.7766,121.1687,16324200
2019-04-30,121.2061,122.0371,120.8139,121.9437,24166500
2019-05-01,121.8783,121.9904,119.2359,119.404,26821700
2019-05-02,119.4974,119.516,117.2004,117.8447,27350200
2019-05-03,118.9184,120.8512,118.8157,120.3564,24911100
2019-05-06,118.0127,120.0389,117.7513,119.6561,24239800
2019-05-07,118.0781,118.7504,115.9866,117.2004,36017700
2019-05-08,117.1257,117.9941,116.4814,117.1911,28419000
2019-05-09,116.0519,117.4525,115.3797,117.1817,27235800
2019-05-10,116.6308,119.4507,115.6131,118.7037,30915100
2019-05-13,115.8839,117.2284,114.8848,115.1742,33944900
2019-05-14,115.6598,117.5366,115.501,116.4628,25266300
2019-05-15,116.4534,118.7495,115.9286,118.1028,24722700
2019-05-16,118.787,121.2517,118.5152,120.83,30112200
2019-05-17,120.249,122.2639,119.8835,120.024,25770500
2019-05-20,118.5714,119.5742,117.8592,118.2903,23706900
2019-05-21,119.4243,119.518,118.6277,118.9276,15293300
2019-05-22,118.6651,120.1834,118.5714,119.6492,15396500
2019-05-23,118.2715,118.3559,116.9032,118.2528,23603800
2019-05-24,118.9369,119.4149,118.056,118.309,14123400
2019-05-28,119.0025,119.9585,118.131,118.2341,23128400
2019-05-29,117.503,117.5124,116.2472,117.0907,22763100
2019-05-30,117.3906,117.8592,116.9407,117.8311,16829600
2019-05-31,116.4253,116.7908,115.5724,115.9098,26646800
2019-06-03,116.0692,116.5565,111.5332,112.3111,37983600
2019-06-04,113.6606,115.535,113.0702,115.4225,29382600
2019-06-05,117.1,117.9623,116.4065,117.9248,24926100
2019-06-06,118.4964,119.9303,117.7092,119.7897,21459000
2019-06-07,121.0737,123.9414,120.2021,123.1448,33885600
2019-06-10,124.082,125.6565,123.7072,124.2695,26477100
2019-06-11,125.469,125.8064,123.0324,123.8009,23913700
2019-06-12,123.1448,123.679,122.4982,123.2292,17092500
2019-06-13,123.6884,124.6443,123.2948,124.007,17200800
2019-06-14,123.9508,125.3847,123.3698,124.1289,17821700
2019-06-17,124.2976,125.3285,124.2038,124.5037,14517800
2019-06-18,125.7596,126.7436,125.1785,126.6686,25934500
2019-06-19,126.5187,127.3902,125.4034,127.1653,23744400
2019-06-20,128.8148,129.0116,127.1935,128.3462,33042600
2019-06-21,127.9994,129.0771,127.8869,128.3649,36727900
2019-06-24,128.393,129.7051,128.393,129.124,20628800
2019-06-25,128.6273,128.946,124.3913,125.0473,33327400
2019-06-26,125.9095,127.2122,125.2066,125.5159,23657700
2019-06-27,125.7127,126.2469,125.1222,125.722,16557500
2019-06-28,126.1157,126.1438,124.7943,125.544,30043000
2019-07-01,128.0462,128.1118,126.4905,127.1559,22613500
2019-07-02,127.5683,128.0088,126.8373,127.9994,15237800
2019-07-03,128.2056,129.0865,127.7276,128.8241,13629300
2019-07-05,127.3996,128.7023,127.1934,128.4492,18141100
2019-07-08,127.8307,128.4867,126.8654,128.3555,16779700
2019-07-09,127.4558,128.3649,127.2684,127.887,19953100
2019-07-10,128.5149,129.8738,128.4118,129.1896,24204400
2019-07-11,129.5176,130.4736,129.2084,129.7051,22327900
2019-07-12,130.1268,130.3892,129.3396,130.1737,18936800
2019-07-15,130.6797,130.7735,129.7613,130.1737,16651500
2019-07-16,130.2299,130.3142,127.9432,128.468,22726100
2019-07-17,129.049,129.2646,127.662,127.7089,20211000
2019-07-18,127.0341,128.0369,126.2094,127.8494,30381800
2019-07-19,131.4107,131.8324,127.8776,128.0369,48992400
2019-07-22,128.7772,130.4454,128.7023,129.7332,25074900
2019-07-23,130.9796,131.1952,129.3583,130.5391,18034600
2019-07-24,130.1737,131.8981,130.1268,131.8793,20738300
2019-07-25,131.6075,131.7762,130.5673,131.3826,18356900
2019-07-26,131.5513,132.779,131.4857,132.4603,19037600
2019-07-29,132.6103,132.6197,130.6141,132.1698,16605900
2019-07-30,131.3357,132.3479,131.0171,131.5326,16846500
2019-07-31,131.5138,131.6637,126.5936,127.7089,38598800
2019-08-01,128.393,132.0855,128.3274,129.3864,40557500
2019-08-02,129.4146,129.6301,126.7623,128.2993,30791600
2019-08-05,124.9254,125.5159,122.5638,123.9039,42749600
2019-08-06,125.394,127.1559,124.8411,126.2281,32696700
2019-08-07,125.3846,127.1278,123.5478,126.781,33414500
2019-08-08,128.0181,130.258,127.3902,130.1643,27496500
2019-08-09,129.9018,130.6235,127.8869,129.0584,23466700
2019-08-12,128.4586,129.199,126.7436,127.259,20484300
2019-08-13,127.5027,130.0799,126.5187,129.8925,25154600
2019-08-14,128.2188,128.7454,125.6894,125.9809,32527300
2019-08-15,126.3664,126.545,124.3542,125.6988,28074400
2019-08-16,126.8271,128.3128,126.6767,128.0025,24449100
2019-08-19,129.6198,130.278,128.7171,130.1463,24355700
2019-08-20,129.9583,130.4285,129.0463,129.065,21170800
2019-08-21,130.278,131.1619,129.7609,130.5037,14970300
2019-08-22,130.3814,130.8892,128.1529,129.554,18697000
2019-08-23,128.9992,130.09,124.8713,125.4261,38508600
2019-08-26,126.9306,127.4665,125.9056,127.3631,20312600
2019-08-27,128.247,128.5573,126.6203,127.6358,23102100
2019-08-28,126.8272,127.6546,125.5766,127.4666,17393300
2019-08-29,129.0556,130.1746,128.7359,129.8737,20168700
2019-08-30,130.8422,130.8704,128.1341,129.6292,23940100
2019-09-03,128.4538,129.0086,127.5981,127.9178,18869300
2019-09-04,129.1027,129.4694,128.3316,129.413,17995900
2019-09-05,130.8046,131.9988,130.4755,131.6885,26101800
2019-09-06,131.6697,131.8107,129.9489,130.7952,20824500
2019-09-09,131.2559,131.4063,128.3128,129.3095,25773900
2019-09-10,128.6325,128.7171,126.4792,127.9554,28903400
2019-09-11,127.7956,128.1341,127.0246,127.9931,24726100
2019-09-12,129.6198,130.1558,128.6983,129.3095,27010000
2019-09-13,129.554,129.8173,128.4162,129.1214,23363100
2019-09-16,127.7204,128.5384,127.5605,128.1905,16731400
2019-09-17,128.783,129.3095,128.2846,129.1873,17814200
2019-09-18,129.159,130.3908,128.3786,130.2498,23982100
2019-09-19,131.9235,133.8699,131.7073,132.6476,35772100
2019-09-20,132.5912,133.1929,129.9959,131.1149,39167300
2019-09-23,130.9174,131.2935,130.1746,130.8328,17139300
2019-09-24,131.98,132.2903,128.7077,129.1779,29773200
2019-09-25,129.2907,131.6039,127.9085,131.0397,21382000
2019-09-26,131.1149,131.8107,130.1746,131.2089,17456600
2019-09-27,131.7825,131.98,128.4915,129.507,22477700
2019-09-30,129.8078,130.908,129.554,130.7293,17280900
2019-10-01,131.3217,131.8765,128.8206,128.8864,21466600
2019-10-02,128.1154,128.2282,125.6048,126.6109,30521700
2019-10-03,126.893,128.5855,125.2663,128.1436,24132900
2019-10-04,128.5855,129.9959,128.2752,129.8737,22897700
2019-10-07,128.9522,129.9301,128.8394,128.9334,15303700
2019-10-08,128.8958,129.5352,127.523,127.57,25550500
2019-10-09,129.2531,130.4191,128.7924,129.9865,19749900
2019-10-10,130.2216,131.3312,129.9959,130.7952,17654600
2019-10-11,131.7543,132.6099,131.1713,131.3405,25446000
2019-10-14,131.35,131.9141,131.1901,131.2183,13304300
2019-10-15,131.6979,133.3246,131.4628,133.1177,19695700
2019-10-16,132.3843,132.5724,131.1995,132.027,20751600
2019-10-17,132.5348,132.9767,130.72,131.35,21460600
2019-10-18,131.4157,131.6414,128.4068,129.2061,32273500
2019-10-21,130.184,130.231,128.8299,130.1652,20078200
2019-10-22,130.6729,131.6508,128.1247,128.2281,27431000
2019-10-23,128.7077,129.2437,127.5135,129.0462,29844600
2019-10-24,131.0679,132.0364,130.3908,131.585,37029300
2019-10-25,131.0208,132.7134,130.8892,132.3278,25959700
2019-10-28,135.7788,136.9729,134.9419,135.5813,35280100
2019-10-29,135.4779,135.8728,134.1332,134.3025,20589500
2019-10-30,134.9513,136.343,134.2649,135.9762,18496600
2019-10-31,136.2489,136.2771,134.4529,134.8102,24605100
2019-11-01,135.6471,135.7976,134.4342,135.1394,33128400
2019-11-04,136.1831,136.343,135.5531,135.9198,16912000
2019-11-05,136.3147,136.3617,135.318,135.8351,18250200
2019-11-06,135.7505,135.8916,134.6504,135.459,16575800
2019-11-07,135.2522,136.2301,135.1864,135.6471,17786700
2019-11-08,135.3838,137.2738,135.1769,137.2456,16732700
2019-11-11,136.6626,137.6781,136.089,137.3866,14362600
2019-11-12,137.5465,138.7595,137.3396,138.2894,18641600
2019-11-13,137.9791,138.6561,137.5465,138.515,16919200
2019-11-14,138.2423,139.5493,138.2235,139.2202,19729800
2019-11-15,140.0382,141.035,139.4177,141.0162,23485700
2019-11-18,141.1102,141.5615,140.0853,141.3641,21534000
2019-11-19,141.8719,142.295,141.2324,141.4111,23935700
2019-11-20,141.8168,142.3168,140.0713,141.1658,25696800
2019-11-21,140.9583,141.3357,140.1091,141.0337,18576100
2019-11-22,141.5904,141.8074,140.411,141.1375,15901800
2019-11-25,141.5244,142.7981,141.4489,142.6849,22420900
2019-11-26,142.8075,143.8076,142.7697,143.4396,24620100
2019-11-27,143.7227,143.8831,142.9585,143.7133,15184400
2019-11-29,143.5057,143.6944,142.732,142.8264,11977300
2019-12-02,143.2321,143.251,139.9393,141.0998,27418400
2019-12-03,139.1562,140.9865,138.3636,140.8733,24066000
2019-12-04,141.6565,141.6942,140.7696,141.3828,17574700
2019-12-05,141.5715,141.8263,141.0337,141.4583,17869100
2019-12-06,142.4584,143.2886,141.7791,143.1754,16403500
2019-12-09,142.5339,143.6095,142.3829,142.8075,16687400
2019-12-10,142.7414,143.3075,142.2414,142.5905,16476100
2019-12-11,142.9773,143.2887,141.8357,143.1283,18856600
2019-12-12,143.0811,144.77,142.4867,144.5813,24612100
2019-12-13,144.3548,146.138,144.1944,145.7984,23845400
2019-12-16,146.3456,147.0909,146.072,146.7419,24144200
2019-12-17,146.6664,146.9117,145.7229,145.9493,25425600
2019-12-18,145.5814,146.6947,145.4681,145.6474,24129200
2019-12-19,145.2983,146.9683,145.0625,146.9117,24958900
2019-12-20,148.459,149.5346,147.4589,148.5156,53477500
2019-12-23,149.1855,149.1855,148.3836,148.5156,17718200
2019-12-24,148.5817,148.7987,148.242,148.4874,8989200
2019-12-26,148.6571,149.761,148.5062,149.7044,14520600
2019-12-27,150.4404,150.5347,149.2799,149.9781,18412800
2019-12-30,150.0064,150.0347,147.8741,148.6855,16348400
2019-12-31,147.9118,148.8553,147.6099,148.7892,18369400
2020-01-02,149.8082,151.648,149.3837,151.5443,22622100
2020-01-03,149.3743,150.9122,149.1289,149.6573,21116200
2020-01-06,148.2043,150.1102,147.6665,150.0441,20813700
2020-01-07,150.3178,150.648,148.4308,148.6761,21634100
2020-01-08,149.9498,151.7141,149.0251,151.0442,27746500
2020-01-09,152.6954,153.0539,151.9311,152.9312,21385000
2020-01-10,153.62,153.9974,152.0726,152.2236,20725900
2020-01-13,152.6198,154.0823,152.1481,154.054,21626500
2020-01-14,154.1577,154.3559,152.5821,152.9689,23477400
2020-01-15,153.4313,154.6767,153.3841,153.9596,21417900
2020-01-16,155.0635,156.8467,154.7616,156.7807,23865400
2020-01-17,157.96,158.0072,156.0824,157.6581,34371700
2020-01-21,157.2618,158.6865,157.026,157.092,29517200
2020-01-22,157.9412,158.0261,156.3184,156.3372,24138800
2020-01-23,156.7996,157.3751,155.9316,157.2996,19680800
2020-01-24,158.0449,158.0638,155.1578,155.7145,24918100
2020-01-27,152.0443,154.1483,151.148,153.1104,32078100
2020-01-28,154.5258,156.3939,153.8559,156.1108,24899900
2020-01-29,158.3563,159.2149,156.3278,158.545,34754500
2020-01-30,164.2154,164.2154,161.1396,163.0172,51597500
2020-01-31,162.4794,162.6586,159.998,160.6113,36142700
2020-02-03,160.8,164.64,160.7717,164.5268,30107000
2020-02-04,167.1308,170.4331,166.3477,169.9424,36433300
2020-02-05,173.6315,173.7919,168.329,169.7348,39186300
2020-02-06,170.7444,173.4334,169.8858,173.2541,27751400
2020-02-07,172.5182,175.1411,172.1691,173.4994,33529100
2020-02-10,173.2069,178.1697,172.8956,178.0376,35844300
2020-02-11,179.8775,179.9246,173.1315,174.0184,53159900
2020-02-12,175.0939,175.3487,171.5747,174.2731,47062900
2020-02-13,172.7352,175.7072,172.537,173.3296,35295800
2020-02-14,172.8956,174.9335,172.3295,174.8769,23149500
2020-02-18,175.1222,177.0941,175.0184,176.6507,27792200
2020-02-19,177.9184,178.0319,176.4141,177.1805,29997500
2020-02-20,176.8682,177.1521,171.3337,174.4747,36862400
2020-02-21,173.2921,173.6043,167.6914,168.9591,48572600
2020-02-24,158.7226,165.137,154.4275,161.6744,68311100
2020-02-25,164.8058,165.4113,158.6091,159.0064,68073300
2020-02-26,160.558,163.9166,159.1389,160.9932,56206100
2020-02-27,154.5126,158.0225,149.4605,149.6497,93174900
2020-02-28,144.1909,154.8816,143.8031,153.2732,97012700
2020-03-02,156.3953,163.5949,153.5571,163.4719,71030800
2020-03-03,164.4274,165.5627,153.5097,155.6384,71677000
2020-03-04,159.4038,161.4946,156.6885,161.3527,49814400
2020-03-05,157.0954,161.6554,156.7548,157.3035,47817300
2020-03-06,153.8409,154.3139,147.5874,152.857,72821100
2020-03-09,142.857,149.243,141.9109,142.4975,70419300
2020-03-10,149.6308,152.3461,144.3518,152.242,65354400
2020-03-11,148.6564,149.1956,142.9989,145.3451,56371600
2020-03-12,137.4644,145.1938,131.1068,131.5609,93226400
2020-03-13,139.5457,153.1786,133.1408,150.2647,92727400
2020-03-16,132.4502,141.296,127.7198,128.1172,87905900
2020-03-17,132.4502,139.5457,127.7198,138.6659,81059800
2020-03-18,130.558,138.1266,127.7387,132.8286,81593200
2020-03-19,135.0708,142.0528,131.5041,135.014,85922700
2020-03-20,138.1267,139.1673,128.5335,129.9431,84866200
2020-03-23,129.6214,132.9894,125.3736,128.647,78975200
2020-03-24,135.9979,141.5324,133.6517,140.3404,82516700
2020-03-25,140.8797,146.0074,136.6508,138.997,75638200
2020-03-26,140.3972,148.2117,140.3688,147.6914,64568100
2020-03-27,143.5665,146.5372,141.154,141.627,57042300
2020-03-30,144.2193,151.9393,141.9203,151.5892,63420300
2020-03-31,150.8039,155.8938,148.1171,149.2051,77927200
2020-04-01,144.7491,149.243,142.6867,143.9071,57969900
2020-04-02,143.6706,147.0954,142.2515,146.8872,49630700
2020-04-03,146.7359,148.8929,143.9828,145.5343,41243300
2020-04-06,151.6744,157.5211,149.0821,156.3574,67111700
2020-04-07,160.4445,160.8324,154.4558,154.6734,62769000
2020-04-08,156.7358,157.6819,154.6829,156.225,48318200
2020-04-09,157.3886,158.3442,154.522,156.2344,51385100
2020-04-13,155.4871,156.6413,153.5476,156.5845,41905300
2020-04-14,159.8863,164.3801,158.9402,164.3328,52874300
2020-04-15,161.9676,164.2098,160.1133,162.611,40940800
2020-04-16,164.9005,167.7198,163.576,167.4927,50479600
2020-04-17,169.82,170.2931,166.3858,168.9686,52765600
2020-04-20,167.1048,169.1105,165.5533,165.6195,36669600
2020-04-21,164.1436,164.3044,157.1521,158.7699,56203700
2020-04-22,162.1474,164.6166,161.6081,164.1625,34620200
2020-04-23,164.7207,165.6195,161.6933,162.1758,32790800
2020-04-24,162.7813,165.1464,161.5041,165.137,34277600
2020-04-27,167.067,167.3602,163.9544,164.6639,33194400
2020-04-28,166.1209,166.1966,160.2552,160.6526,34392700
2020-04-29,163.8787,168.0982,162.611,167.8617,51286600
2020-04-30,170.2931,170.6715,166.7264,169.5457,53875900
2020-05-01,166.3196,169.0064,164.6261,165.1559,39370500
2020-05-04,165.0802,169.347,164.4274,169.1956,30372900
2020-05-05,170.8797,173.7463,170.1985,171.0121,36839200
2020-05-06,172.2609,174.2666,171.8352,172.6961,32139300
2020-05-07,174.2382,174.5977,172.734,173.699,28316000
2020-05-08,175.0045,175.0235,173.4719,174.7207,30877800
2020-05-11,173.2732,177.3981,172.9894,176.6696,30892700
2020-05-12,176.7264,176.9535,172.4691,172.6678,32038200
2020-05-13,172.7056,174.1247,167.0196,170.0565,44711500
2020-05-14,167.9657,170.9459,166.206,170.7945,41873900
2020-05-15,169.4038,176.9724,167.4549,173.2827,46610400
2020-05-18,175.733,176.1587,174.0395,174.9383,35264500
2020-05-19,175.0518,176.5371,173.5948,173.7273,26799100
2020-05-20,175.3307,176.3173,174.5053,176.1371,31261300
2020-05-21,175.8904,177.0952,173.8886,174.0214,29119500
2020-05-22,173.7938,174.9986,173.1771,174.0973,20826900
2020-05-26,176.7822,176.934,171.811,172.2569,36073600
2020-05-27,170.9571,172.6553,167.5418,172.4845,39517100
2020-05-28,171.4694,174.7045,171.1279,172.0955,33810200
2020-05-29,173.3573,174.8184,171.1564,173.8507,42130400
2020-06-01,173.1771,173.6135,172.1525,173.4522,22622400
2020-06-02,174.7994,175.5109,172.0482,175.4256,30794600
2020-06-03,175.3402,176.4027,174.1637,175.8524,27311000
2020-06-04,174.8468,176.3078,172.9494,173.5376,28761800
2020-06-05,173.2529,178.1008,172.6742,177.598,39893600
2020-06-08,176.4027,178.8788,174.9796,178.6985,33211600
2020-06-09,178.357,180.9185,177.655,180.0647,29783900
2020-06-10,181.3264,188.3374,181.2126,186.7436,43872300
2020-06-11,183.2239,185.719,176.526,176.7158,52854700
2020-06-12,180.7667,181.8862,175.6816,178.1104,43373600
2020-06-15,175.1124,181.0324,174.5717,179.2488,32770200
2020-06-16,182.9962,185.5482,181.6396,183.6413,42556700
2020-06-17,185.0264,186.2503,183.7552,184.277,25687800
2020-06-18,184.0493,186.4116,184.0493,186.2503,23061600
2020-06-19,188.4038,189.0679,184.4003,185.1403,44441100
2020-06-22,185.7475,190.4625,185.2162,190.2823,32818900
2020-06-23,191.7243,193.4889,191.0981,191.5535,30917400
2020-06-24,191.2594,192.8248,186.4779,187.6923,36740600
2020-06-25,187.6543,190.3202,185.4438,190.064,27803900
2020-06-26,189.4854,189.6372,184.8841,186.2598,54675800
2020-06-29,185.738,188.3469,183.6224,188.2615,26701600
2020-06-30,187.7303,193.9158,187.5974,193.0715,34310300
2020-07-01,192.7204,195.7658,191.4207,194.2004,32061200
2020-07-02,195.1302,197.3502,194.4851,195.6804,29315800
2020-07-06,198.1186,200.3006,197.4166,199.8927,31897600
2020-07-07,199.6555,203.6591,197.3217,197.5684,33600700
2020-07-08,199.295,202.3213,197.9857,201.9134,33600000
2020-07-09,205.2339,205.2813,200.6232,203.327,33121700
2020-07-10,202.6629,203.0994,200.2532,202.7104,26177600
2020-07-13,203.4788,204.7311,195.9081,196.4489,38135600
2020-07-14,195.5571,198.1376,191.6674,197.6632,37591800
2020-07-15,198.8112,200.4904,194.5135,197.3691,32179400
2020-07-16,194.8645,195.1491,191.933,193.4604,29940700
2020-07-17,193.9822,194.523,191.0602,192.4738,31635300
2020-07-20,194.485,201.4106,192.5971,200.7465,36884800
2020-07-21,202.7009,202.9665,197.3597,198.0427,37990400
2020-07-22,198.4696,201.4106,197.7011,200.8888,49605700
2020-07-23,196.5627,200.1014,191.7812,192.1512,67457000
2020-07-24,190.14,192.4548,187.3792,190.9749,39827000
2020-07-27,191.1361,193.5079,190.5574,193.394,30160900
2020-07-28,193.1663,194.2004,191.3923,191.6579,23251400
2020-07-29,192.1133,194.153,191.6484,193.5933,19632600
2020-07-30,190.6902,193.9727,189.3336,193.4415,25079600
2020-07-31,193.9158,194.5799,188.8022,194.4945,51044000
2020-08-03,200.6706,206.4767,199.646,205.4331,78983000
2020-08-04,203.1847,203.7539,199.5227,202.3498,49280100
2020-08-05,203.8773,203.9721,200.7181,202.0178,28806400
2020-08-06,201.4486,205.2718,200.6991,205.2529,32656800
2020-08-07,203.8298,204.6362,200.1109,201.5814,27820400
2020-08-10,200.813,201.0122,195.7658,197.5684,36716500
2020-08-11,196.5343,196.9991,192.7205,192.9482,36446500
2020-08-12,194.7602,199.4942,194.2479,198.4602,28013100
2020-08-13,198.6973,200.5094,197.4735,197.9953,22588900
2020-08-14,198.0522,198.8396,196.8663,198.185,17958900
2020-08-17,198.8491,200.3576,198.204,199.4942,20184800
2020-08-18,199.7314,201.4676,198.4791,200.6422,21336200
2020-08-19,201.1272,201.7073,198.9969,199.4249,27627600
2020-08-20,199.2727,204.4652,198.6736,204.0658,26981500
2020-08-21,203.381,205.6539,202.4205,202.5822,36249300
2020-08-24,204.2655,204.9597,202.0211,203.2194,25460100
2020-08-25,202.6583,205.9963,202.6583,205.8632,23043700
2020-08-26,207.2041,211.2078,206.7095,210.3138,39600800
2020-08-27,211.9686,219.8238,208.6496,215.4778,57602200
2020-08-28,216.9993,219.3388,215.4778,217.6936,26292900
2020-08-31,215.8772,217.4939,213.319,214.4792,28774200
2020-09-01,214.4602,216.3052,213.4331,216.134,25725500
2020-09-02,216.7996,221.45,216.21,220.2993,34080800
2020-09-03,218.036,218.074,204.4272,206.6525,58400300
2020-09-04,204.5603,207.6605,195.1358,203.7519,59664100
2020-09-08,196.3817,199.7387,192.2924,192.7298,52924300
2020-09-09,197.4278,204.313,196.5719,200.937,45679000
2020-09-10,202.9436,204.2179,194.1088,195.3071,35461500
2020-09-11,197.0474,198.4073,191.3794,194.0327,33620100
2020-09-14,194.2324,198.9494,194.0327,195.3451,30375800
2020-09-15,198.2076,199.501,196.7906,198.55,21823900
2020-09-16,200.2998,200.3283,194.6128,195.0027,26328100
2020-09-17,190.2477,194.318,190.1621,192.9676,34011300
2020-09-18,192.863,193.6713,186.6339,190.5711,55225300
2020-09-21,187.5279,192.7774,186.7576,192.6157,39839700
2020-09-22,195.0122,197.9033,192.1783,197.2566,33517100
2020-09-23,197.7131,197.9033,190.2287,190.7613,30803800
2020-09-24,190.0575,195.4973,189.4394,193.2339,31202500
2020-09-25,193.5762,198.7972,192.6157,197.637,29437300
2020-09-28,200.5471,202.1543,197.8653,199.1776,32004900
2020-09-29,199.0921,199.7768,196.6765,197.1045,24221900
2020-09-30,197.5514,201.5932,196.4197,200.024,33829100
2020-10-01,203.0292,203.5047,200.9655,202.0497,27158400
2020-10-02,197.8082,200.6517,195.4687,196.0869,33154800
2020-10-05,197.0664,200.1001,196.8382,200.0716,21331600
2020-10-06,198.588,199.8813,194.784,195.8206,28554300
2020-10-07,196.9142,199.8148,196.5909,199.5485,25681100
2020-10-08,200.1952,200.8419,198.1125,200.2618,19925800
2020-10-09,200.8799,205.283,200.8799,205.2355,26458000
2020-10-12,208.0695,212.8911,206.1865,210.5516,40461400
2020-10-13,211.8069,214.1749,209.6291,211.94,28950800
2020-10-14,212.0732,213.2334,208.3928,210.0381,23421700
2020-10-15,206.4623,209.5625,205.4257,208.8969,22733100
2020-10-16,209.3628,211.398,208.5735,208.8969,26057900
2020-10-19,209.6196,211.4075,203.2479,203.7234,27625800
2020-10-20,205.226,206.7191,202.6488,204.1324,22753500
2020-10-21,202.6773,206.2911,202.6773,204.275,22724900
2020-10-22,203.4476,205.4732,201.3269,204.3605,22351500
2020-10-23,204.4937,205.6824,202.7153,205.6349,18879600
2020-10-26,203.3715,205.7395,197.9033,199.7863,37111600
2020-10-27,201.2223,204.1514,200.024,202.8009,36700300
2020-10-28,197.4944,198.6071,192.1973,192.7489,51195600
2020-10-29,194.0707,197.1995,193.405,194.6889,31432600
2020-10-30,193.5287,194.28,189.8388,192.5491,36953700
2020-11-02,194.28,195.2215,190.3143,192.416,30842200
2020-11-03,193.8996,197.9223,193.1673,196.3151,27512000
2020-11-04,203.5332,207.6225,202.0116,205.7871,42311800
2020-11-05,211.1602,213.1383,210.3138,212.349,36080100
2020-11-06,211.3695,213.3666,207.3467,212.7579,25231900
2020-11-09,213.4426,216.9423,207.204,207.689,44395000
2020-11-10,203.9897,205.8917,199.4439,200.6707,44045100
2020-11-11,201.9831,207.3562,201.8024,205.9392,29440800
2020-11-12,206.5669,208.3738,203.9516,204.8836,21593900
2020-11-13,205.7585,206.7666,203.6663,205.9012,18621100
2020-11-16,204.3416,207.0709,204.0087,206.5859,24953300
2020-11-17,205.5113,207.0138,203.5902,203.9516,24154100
2020-11-18,203.7133,205.1626,201.1198,201.2628,28372800
2020-11-19,201.5489,203.1221,200.1663,202.5405,24792700
2020-11-20,202.3307,203.37,200.233,200.6049,22843100
2020-11-23,201.1388,202.4165,198.4786,200.3379,25683500
2020-11-24,199.8421,204.2854,199.146,203.9135,33979700
2020-11-25,205.1054,205.277,202.5786,203.923,21012900
2020-11-27,204.8575,206.2114,204.0851,205.2198,14512200
2020-11-30,204.1424,204.7717,201.034,204.1138,33064800
2020-12-01,204.5333,207.2126,203.4272,206.1542,30904500
2020-12-02,204.8861,205.4487,202.9028,205.3533,23724500
2020-12-03,204.6286,206.3163,203.7133,204.2758,25120900
2020-12-04,204.2568,205.3628,203.2651,204.3903,24666000
2020-12-07,204.3998,205.5153,203.084,204.3235,24620000
2020-12-08,204.0184,206.8598,202.9886,205.9635,23284100
2020-12-09,205.153,205.2198,201.3868,201.9493,32440600
2020-12-10,201.9207,203.1698,200.5763,200.7289,26733300
2020-12-11,200.2807,203.3987,199.3844,203.3414,30979400
2020-12-14,203.1889,206.1542,202.9791,204.2377,28798400
2020-12-15,205.1626,205.401,202.3689,204.171,27000600
2020-12-16,204.7621,209.8728,204.7335,209.0814,35023300
2020-12-17,209.644,210.6165,207.7847,209.2149,32515800
2020-12-18,208.4236,209.4724,205.9731,208.4236,63354900
2020-12-21,207.4319,213.5819,207.1745,212.2375,37181900
2020-12-22,212.3329,215.1361,211.5319,213.5247,22612200
2020-12-23,212.7333,213.1624,210.5308,210.7405,18699600
2020-12-24,211.1219,213.2101,210.9121,212.3901,10550600
2020-12-28,214.011,215.5175,212.6475,214.4973,17933500
2020-12-29,215.7844,216.614,213.1814,213.7249,17403200
2020-12-30,214.7547,215.1361,211.1696,211.3698,20272300
2020-12-31,211.3889,212.6284,209.4628,212.0754,20942100
2021-01-04,212.1803,212.6284,204.8193,207.5654,37130100
2021-01-05,207.1554,208.3568,205.668,207.7656,23823000
2021-01-06,202.3021,206.4212,202.0828,202.3784,35930700
2021-01-07,204.0851,209.1386,203.7705,208.1375,27694500
2021-01-08,208.5093,210.321,206.9361,209.4056,22956200
2021-01-11,208.3091,208.7286,206.65,207.3747,23031300
2021-01-12,206.4307,207.0028,203.3986,204.9337,23249300
2021-01-13,204.0661,206.6786,203.9802,206.2782,20087100
2021-01-14,205.8681,207.346,202.8456,203.1125,29480800
2021-01-15,203.5893,204.5333,202.1686,202.7598,31746500
2021-01-19,203.8087,206.8884,202.7408,206.3736,30480900
2021-01-20,207.5749,215.2886,207.184,213.9061,37777300
2021-01-21,214.2493,215.7749,212.0754,214.5068,30709400
2021-01-22,216.5186,219.3696,215.2982,215.4412,30172700
2021-01-25,218.4637,219.093,213.7916,218.8547,33152100
2021-01-26,221.0764,223.2885,219.3792,221.5245,49169600
2021-01-27,226.9308,229.2573,219.4363,222.0679,69870600
2021-01-28,224.652,231.355,224.1561,227.8176,49111200
2021-01-29,225.0143,226.9499,220.5901,221.1717,42503100
2021-02-01,224.1275,231.2215,221.6199,228.5041,33314200
2021-02-02,230.0773,231.0403,227.5887,228.3705,25916300
2021-02-03,228.4278,233.691,228.1322,231.6983,27158100
2021-02-04,231.3741,231.9271,229.1905,230.7543,25296100
2021-02-05,230.9641,231.9652,229.2383,230.9355,18054800
2021-02-08,231.8412,232.3466,229.6101,231.1929,22211900
2021-02-09,230.6208,233.3764,230.1536,232.4324,23565000
2021-02-10,233.6052,234.4824,229.6863,231.5266,22186700
2021-02-11,233.3954,233.7482,230.8877,233.1189,15751100
2021-02-12,232.585,233.8913,231.4408,233.5957,16561100
2021-02-16,233.6338,234.6826,231.6219,232.3656,26728500
2021-02-17,230.6263,233.4838,230.2631,233.3787,21653500
2021-02-18,231.0851,233.1207,230.1867,232.9869,16925600
2021-02-19,232.9486,233.0537,229.5368,230.2918,25262600
2021-02-22,226.8992,227.3866,222.1016,224.1181,36446900
2021-02-23,220.1233,224.4239,218.5942,222.933,30228700
2021-02-24,219.8175,224.7775,218.8522,224.1563,26339700
2021-02-25,221.7958,224.1945,217.7819,218.8427,39542200
2021-02-26,221.2701,224.94,219.3683,222.0825,37819200
2021-03-01,225.4465,226.9469,222.8184,226.4404,25324000
2021-03-02,226.5073,226.7845,223.1051,223.5064,22812500
2021-03-03,221.8722,223.2293,217.1894,217.4761,34029500
2021-03-04,216.6924,222.1876,214.3223,216.6828,44727800
2021-03-05,219.3492,222.933,216.4248,221.337,41872800
2021-03-08,221.1172,223.0286,217.0651,217.3136,35267400
2021-03-09,222.5603,224.9495,221.4039,223.4204,33080500
2021-03-10,226.4978,226.4978,221.7575,222.1207,29746800
2021-03-11,224.5481,228.5716,223.9269,226.622,29907600
2021-03-12,223.6403,225.3701,222.8948,225.3032,22653700
2021-03-15,224.5481,224.7679,221.5377,224.4047,26034900
2021-03-16,225.8096,229.4221,225.4847,227.1763,28092200
2021-03-17,225.6854,227.9791,222.8948,226.536,29562100
2021-03-18,222.2545,223.8123,220.1233,220.496,34833000
2021-03-19,220.7827,222.1685,219.1867,220.1424,46430700
2021-03-22,220.066,226.4022,219.9418,225.5325,30127000
2021-03-23,226.966,230.3683,226.5646,227.052,31638400
2021-03-24,227.3101,227.4534,224.8922,225.026,25620100
2021-03-25,224.8731,226.4404,221.3084,222.0442,34061900
2021-03-26,221.2892,226.2206,221.2892,226.0008,25479900
2021-03-29,226.1059,226.3066,221.6047,224.8158,25227500
2021-03-30,223.1815,223.4873,220.8592,221.576,24792000
2021-03-31,222.589,228.5047,222.092,225.3223,43623500
2021-04-01,227.9026,232.0789,227.5012,231.6107,30338000
2021-04-05,232.0025,238.8835,231.9452,238.0329,36910600
2021-04-06,236.6376,238.3483,235.94,236.8765,22931900
2021-04-07,236.8287,239.8105,236.2362,238.8261,22719800
2021-04-08,241.5689,242.8782,240.8331,242.0277,23625200
2021-04-09,241.6645,244.6462,241.2536,244.5125,24326800
2021-04-12,243.4229,246.2518,243.3369,244.5698,27148700
2021-04-13,245.86,247.7045,245.4491,247.0355,23837500
2021-04-14,246.0702,247.3604,243.853,244.264,23070900
2021-04-15,246.5003,248.4117,246.3092,248.0007,25627500
2021-04-16,247.972,249.4342,246.1849,249.1857,24878600
2021-04-19,248.6601,249.893,246.3952,247.2744,23209300
2021-04-20,246.3952,248.6697,245.4586,246.8157,19722900
2021-04-21,247.4655,249.1284,245.8504,249.0329,24030400
2021-04-22,248.6792,250.1796,244.3117,245.7739,25606200
2021-04-23,246.4525,249.9217,245.8695,249.5776,21462600
2021-04-26,250.065,250.8104,248.641,249.9598,19763300
2021-04-27,249.9885,251.5272,248.5932,250.3613,31014200
2021-04-28,244.7322,245.1719,241.7409,243.2796,46903100
2021-04-29,244.1397,244.7514,237.966,241.3204,40589000
2021-04-30,238.6732,241.8652,238.5394,241.0051,30945100
2021-05-03,242.171,243.079,239.9921,240.6993,19626600
2021-05-04,239.8487,240.0781,234.8696,236.8096,32756100
2021-05-05,238.0233,238.4438,234.9269,235.5481,21901300
2021-05-06,235.529,238.7879,233.847,238.6637,26491100
2021-05-07,240.9764,243.0311,240.0398,241.2727,27032900
2021-05-10,239.7531,240.575,236.1693,236.2266,29299900
2021-05-11,233.7131,235.6723,231.8209,235.3187,33641600
2021-05-12,231.4386,233.5507,227.5203,228.4091,36684400
2021-05-13,231.0851,234.7167,230.7219,232.2605,29624300
2021-05-14,234.6975,238.138,234.6115,237.1536,23901100
2021-05-17,235.6245,235.6628,232.7288,234.3152,24970200
2021-05-18,235.357,235.4908,232.1363,232.3084,20168000
2021-05-19,229.2335,232.9884,228.5534,232.8831,25739800
2021-05-20,233.6877,237.5097,233.5919,236.1016,21800700
2021-05-21,237.1457,237.8737,234.4348,234.8467,21863100
2021-05-24,237.3564,240.5845,237.0882,240.2205,21411500
2021-05-25,241.1689,242.1076,240.2589,241.121,17704300
2021-05-26,240.8431,242.2896,240.1918,240.9006,17771600
2021-05-27,240.5941,240.8911,238.755,238.8124,24426200
2021-05-28,240.4313,241.4658,239.0519,239.1668,18270200
2021-06-01,240.6516,240.709,236.5614,236.9828,23213300
2021-06-02,237.6821,238.7741,235.4885,236.8871,19406700
2021-06-03,234.8946,235.9675,232.7681,235.364,25307700
2021-06-04,237.3277,241.0539,237.0882,240.2301,25281100
2021-06-07,239.4542,243.3911,239.2914,243.1229,23079200
2021-06-08,244.4161,245.2303,241.8777,241.9352,22455000
2021-06-09,243.123,244.7705,242.5482,242.9122,17937600
2021-06-10,243.5827,246.6192,242.9888,246.4085,24563600
2021-06-11,247.1269,247.6059,245.805,247.0311,18999700
2021-06-14,247.0407,249.0044,245.987,248.947,19150500
2021-06-15,248.8319,249.0427,246.8299,247.4813,18038900
2021-06-16,248.4775,249.6078,243.7072,246.5426,27220000
2021-06-17,245.2879,250.7287,245.2304,249.9145,27565500
2021-06-18,248.6979,251.2555,247.855,248.5063,37202200
2021-06-21,248.8798,252.424,247.0598,251.5715,26696100
2021-06-22,251.6578,254.5985,251.3512,254.3303,24694100
2021-06-23,254.7901,255.5947,253.2958,254.1004,19518700
2021-06-24,254.9529,256.5718,254.292,255.4606,21446900
2021-06-25,255.02,255.997,253.6119,253.8609,25611100
2021-06-28,254.9817,257.5776,254.7135,257.4052,19590000
2021-06-29,257.5488,260.2117,256.6963,259.9722,19937800
2021-06-30,259.2922,259.9339,258.2481,259.4933,21656500
2021-07-01,258.2576,260.3937,258.2481,260.1638,16725300
2021-07-02,261.3325,266.2944,261.026,265.9591,26458000
2021-07-06,266.3231,267.6067,262.7502,265.9687,31565600
2021-07-07,267.6354,268.8711,265.4802,268.1431,23260000
2021-07-08,265.2407,266.9936,263.2962,265.7388,24618600
2021-07-09,264.1104,266.3423,263.7272,266.2369,23916700
2021-07-12,267.4056,267.9899,264.9342,265.643,18931700
2021-07-13,265.8345,270.9401,265.71,269.1489,26120100
2021-07-14,270.4613,271.7161,268.737,270.6145,23113700
2021-07-15,270.1259,270.6144,268.0472,269.1967,22604200
2021-07-16,270.193,272.1375,267.6929,268.9286,26186800
2021-07-19,267.1852,268.5646,262.8939,265.3461,32935600
2021-07-20,266.3231,269.1394,264.6277,267.5588,26259700
2021-07-21,267.1565,269.6662,265.6143,269.5512,24364300
2021-07-22,271.8884,274.3598,271.4861,274.0916,23384100
2021-07-23,275.2699,277.7796,274.4365,277.4731,22768100
2021-07-26,276.8312,277.4922,274.5706,276.8791,23176100
2021-07-27,277.2431,277.3868,271.036,274.4748,33604100
2021-07-28,276.8216,277.9328,271.8789,274.1682,33566900
2021-07-29,274.1874,276.4672,274.0342,274.4365,18168300
2021-07-30,273.1625,274.5897,271.9555,272.9134,20944800
2021-08-02,274.3023,274.6951,271.7927,272.8272,16267400
2021-08-03,273.402,275.1358,272.0418,275.0304,17879000
2021-08-04,274.1683,275.4806,272.6644,274.4461,16191300
2021-08-05,274.8005,277.4347,274.0534,277.3293,13900200
2021-08-06,276.3619,277.3102,275.5094,277.2719,16589300
2021-08-09,277.5496,279.2738,275.6913,276.1894,16117600
2021-08-10,276.6396,277.0707,273.1912,274.379,18616600
2021-08-11,275.1166,276.5055,273.8234,274.8676,13955900
2021-08-12,274.561,277.7604,274.2832,277.6071,14561300
2021-08-13,277.291,280.567,277.1186,280.5191,18249000
2021-08-16,280.8448,282.4062,277.8083,282.1954,22507600
2021-08-17,280.0784,281.0746,278.8236,280.7393,20075300
2021-08-18,280.2787,282.9467,278.58,279.0215,21813000
2021-08-19,277.0637,285.4901,277.0157,284.8183,29850500
2021-08-20,287.6494,293.5229,286.0563,292.1025,40817600
2021-08-23,291.0374,293.1008,289.6938,292.381,22830200
2021-08-24,292.736,293.3406,289.8376,290.4326,18175800
2021-08-25,292.045,292.3233,288.3212,289.8472,20006100
2021-08-26,288.8683,290.2503,286.9105,287.0449,17666100
2021-08-27,286.9489,288.7532,284.8759,287.6495,22605700
2021-08-30,288.9931,291.9682,288.9355,291.3636,16348100
2021-08-31,292.1602,292.237,289.3578,289.7225,26285300
2021-09-01,290.6726,292.8992,289.3482,289.6745,18983800
2021-09-02,290.0296,291.1428,288.0909,289.0219,16285600
2021-09-03,288.8683,290.4135,288.1677,289.0123,14747900
2021-09-07,288.8876,288.9643,286.1907,288.091,17180400
2021-09-08,287.7071,288.5036,285.4901,288.1198,15046800
2021-09-09,288.7052,289.972,285.039,285.279,19927000
2021-09-10,286.4018,287.8414,283.4842,283.8009,19633400
2021-09-13,285.5669,286.517,282.2366,285.0294,23652900
2021-09-14,287.4959,289.2522,286.0947,287.7166,21853400
2021-09-15,291.0469,293.024,289.6649,292.5441,28356300
2021-09-16,291.5268,293.0144,288.6476,292.928,19550800
2021-09-17,291.9203,292.237,287.4671,287.7934,41372500
2021-09-20,284.396,286.6898,277.8603,282.4478,38278700
2021-09-21,283.7817,285.5572,282.227,282.9276,22364100
2021-09-22,284.7798,288.1293,282.6492,286.5553,26626300
2021-09-23,286.8145,288.7819,285.5476,287.4959,18604600
2021-09-24,286.2194,287.7262,284.9718,287.2943,14999000
2021-09-27,284.2136,284.5303,281.1425,282.323,23571700
2021-09-28,278.1289,279.0695,271.3629,272.1018,43186200
2021-09-29,273.6182,275.221,271.6124,272.5625,26353700
2021-09-30,274.2037,276.2383,270.2784,270.5663,32343600
2021-10-01,270.7582,278.3017,269.9617,277.4572,30086300
2021-10-04,275.8256,276.1615,268.9636,271.7084,31350700
2021-10-05,272.6104,278.7047,272.6104,277.1308,24993000
2021-10-06,274.2708,281.8047,274.0117,281.3056,28002600
2021-10-07,283.2923,284.6935,282.083,282.9756,20430500
2021-10-08,284.2904,284.6935,281.9295,282.9756,17685700
2021-10-11,281.1233,285.9699,280.9601,282.3805,19298600
2021-10-12,283.4458,283.5418,280.5762,281.0849,17974100
2021-10-13,283.0332,285.3078,281.6704,284.3768,23416300
2021-10-14,287.16,291.0565,285.8356,290.5575,27262900
2021-10-15,290.1639,292.189,288.4172,291.9586,25384800
2021-10-18,291.3444,295.7975,290.4998,294.9146,22729300
2021-10-19,295.9319,296.8436,294.8474,295.8167,17682100
2021-10-20,296.7573,297.2276,293.7821,295.0298,16537100
2021-10-21,294.7994,298.4943,294.022,298.2448,16918100
2021-10-22,297.8993,298.5616,295.404,296.7093,17449300
2021-10-25,296.9012,296.9396,294.118,295.7208,17554500
2021-10-26,298.4752,299.8188,296.1718,297.621,28107300
2021-10-27,303.2739,312.9671,303.2739,310.1551,52588700
2021-10-28,311.2683,311.7866,308.4179,311.2875,26297900
2021-10-29,311.0763,318.6294,310.8556,318.2647,34766000
2021-11-01,318.0152,318.14,313.2262,316.1054,27073200
2021-11-02,317.0075,320.021,316.7099,319.7139,26487100
2021-11-03,320.4529,321.4127,317.3338,320.5489,21500100
2021-11-04,319.4837,322.9867,316.2398,322.8907,23992200
2021-11-05,324.8773,325.146,320.952,322.5259,22570100
2021-11-08,323.716,324.0519,320.9712,323.4185,20897000
2021-11-09,323.5336,325.0788,321.0576,322.4204,21307400
2021-11-10,321.0959,321.1535,316.6332,317.4778,25500900
2021-11-11,317.9097,320.3282,317.1995,319.0421,16849800
2021-11-12,320.4721,323.6488,320.3474,323.1594,23831000
2021-11-15,323.9464,324.2727,320.5777,322.5356,16723000
2021-11-16,322.1612,326.9503,321.9981,325.837,20886800
2021-11-17,325.8851,329.0099,324.9813,326.0582,19053400
2021-11-18,325.1543,329.2599,324.1352,328.1253,22463500
2021-11-19,329.4426,331.8078,329.0195,329.8944,21963400
2021-11-22,331.3462,336.2017,326.4715,326.7407,31031100
2021-11-23,324.0678,326.3754,320.7122,324.6736,30427600
2021-11-24,323.3276,325.1352,321.0489,324.8948,21661300
2021-11-26,321.4719,324.914,315.4818,316.9818,24217200
2021-11-29,322.0391,325.9716,321.8468,323.664,28563500
2021-11-30,322.4045,324.7698,316.3183,317.8567,42885600
2021-12-01,322.2218,326.212,316.7029,317.3663,33337600
2021-12-02,317.5778,320.6449,315.1741,316.799,30766000
2021-12-03,319.2027,319.8854,305.7804,310.5686,41779300
2021-12-06,311.4724,314.8376,306.9342,313.6261,30032600
2021-12-07,318.8663,322.8661,317.3856,322.02,31021900
2021-12-08,322.3949,322.5776,318.0586,322.068,24761000
2021-12-09,321.5295,323.5294,319.3277,320.27,22214200
2021-12-10,322.0776,329.7887,321.8949,329.3464,38095700
2021-12-13,327.5582,330.5484,326.0198,326.3275,28899400
2021-12-14,320.3854,321.7507,311.6263,315.6934,44438700
2021-12-15,315.9529,322.2795,312.0013,321.7603,35381100
2021-12-16,322.7794,323.789,310.5782,312.3858,35034800
2021-12-17,308.5206,312.405,305.0305,311.3282,47750300
2021-12-20,307.7227,310.3668,305.3382,307.5881,28326500
2021-12-21,310.8378,315.1068,307.4822,314.6837,24740600
2021-12-22,315.6549,320.7603,313.2031,320.3661,24831500
2021-12-23,319.9335,323.4333,319.9142,321.7987,19617800
2021-12-27,322.5391,329.2888,322.5103,329.2599,19947000
2021-12-28,329.933,330.5675,327.212,328.1061,15661500
2021-12-29,328.1542,331.0387,326.5966,328.7792,15042000
2021-12-30,328.7407,329.9137,325.7697,326.2505,15994500
2021-12-31,325.4716,326.2889,322.9141,323.366,18000800
2022-01-03,322.4333,324.9813,317.0779,321.8564,28865100
2022-01-04,321.9334,322.2892,313.5589,316.3376,32674300
2022-01-05,313.309,313.5109,303.8095,304.1941,40054300
2022-01-06,301.0884,306.4247,299.4924,301.7903,39646100
2022-01-07,302.0499,304.3094,298.1463,301.9442,32720000
2022-01-10,297.5694,302.598,292.9543,302.1653,44289500
2022-01-11,301.3096,304.4152,297.954,302.848,29386800
2022-01-12,307.3573,310.9532,304.867,306.0112,34372200
2022-01-13,308.1265,308.5207,292.2909,293.0601,45366000
2022-01-14,292.5312,298.8481,292.0504,298.252,39846400
2022-01-18,292.3581,297.8674,290.1179,290.9928,42333200
2022-01-19,294.4927,301.8192,291.041,291.6467,45933900
2022-01-20,297.1656,299.6462,289.541,289.9833,35380700
2022-01-21,291.0314,292.3966,284.224,284.6279,57984400
2022-01-24,280.9454,285.6662,265.4174,284.9547,85731500
2022-01-25,280.2916,283.6279,274.1862,277.3783,72848600
2022-01-26,296.1271,296.6175,281.7434,285.2816,90428900
2022-01-27,291.0025,295.4638,286.4547,288.2911,53481300
2022-01-28,288.666,296.5983,283.1087,296.3867,49743700
2022-01-31,297.0502,300.3481,294.5696,299.002,46444500
2022-02-01,298.4539,298.6654,293.3772,296.8674,40950400
2022-02-02,297.704,302.9825,296.9829,301.3864,36636000
2022-02-03,297.5694,299.2424,288.4064,289.6468,43730000
2022-02-04,288.6469,296.906,288.4162,294.1562,35096500
2022-02-07,294.3773,295.9829,288.3488,289.3583,28533300
2022-02-08,289.6468,293.7908,288.3969,292.8293,32421200
2022-02-09,297.9347,299.9154,295.5503,299.2231,31284700
2022-02-10,292.3293,297.2136,289.1179,290.7332,45386200
2022-02-11,291.512,292.5697,282.8875,283.676,39175600
2022-02-14,282.4549,285.3297,280.1281,283.6375,36359500
2022-02-15,288.4545,289.2141,285.5797,288.8968,27058300
2022-02-16,287.4709,289.8796,282.9523,288.5597,29982100
2022-02-17,285.5343,285.9582,279.4066,280.11,32461600
2022-02-18,282.3453,283.1257,275.8515,277.4123,34264000
2022-02-22,274.5893,280.8904,274.1075,277.2099,41736100
2022-02-23,279.5801,281.0446,269.8683,270.0321,37811200
2022-02-24,262.5555,284.3781,261.6016,283.8289,56989700
2022-02-25,284.3589,286.7579,280.9963,286.4496,32546700
2022-02-28,283.5592,288.2128,282.297,287.8755,34627500
2022-03-01,285.5729,289.0125,281.4782,284.1759,31217800
2022-03-02,284.5708,290.4576,282.9715,289.2244,31873000
2022-03-03,291.8258,292.057,283.3087,285.1104,27314500
2022-03-04,283.5399,284.8598,276.68,279.2717,32356500
2022-03-07,277.9903,279.108,268.3556,268.7217,43157200
2022-03-08,267.6523,273.5873,260.1372,265.7736,48159500
2022-03-09,273.0863,279.0213,270.5235,277.9615,35204500
2022-03-10,272.6816,276.1308,270.3307,275.1577,30628000
2022-03-11,277.4412,278.9346,269.2228,269.8394,27209300
2022-03-14,270.0994,274.9746,265.7446,266.3419,30660700
2022-03-15,270.1091,277.3062,268.5483,276.6607,34245100
2022-03-16,278.5492,283.8097,272.8551,283.6363,37826300
2022-03-17,282.5765,284.8117,278.7996,284.4359,30816600
2022-03-18,284.5805,290.0048,282.0369,289.4556,43390600
2022-03-21,287.9719,289.1762,284.1276,288.232,28351200
2022-03-22,288.8487,293.8588,287.8563,292.9531,27599700
2022-03-23,289.5327,292.1534,286.8447,288.55,25715400
2022-03-24,288.2128,293.088,287.4227,292.9916,24484500
2022-03-25,294.0804,294.3405,288.3574,292.587,22566500
2022-03-28,293.2132,299.4469,293.2132,299.3506,29578200
2022-03-29,302.4432,304.2835,297.7607,303.8884,30393400
2022-03-30,302.2987,304.4087,300.1983,302.395,28163600
2022-03-31,302.4336,303.6283,296.6431,297.0478,33422100
2022-04-01,298.0691,298.8013,294.379,298.1173,27110500
2022-04-04,298.7628,303.5994,298.3967,303.4645,24289600
2022-04-05,301.8266,303.3682,298.5508,299.5239,23156700
2022-04-06,294.0418,295.7857,285.8716,288.5597,40110400
2022-04-07,285.8234,292.558,285.5247,290.3613,31411200
2022-04-08,289.4653,290.1204,285.4572,286.122,24361900
2022-04-11,281.1312,281.9212,274.5892,274.8397,34569300
2022-04-12,278.6744,280.1196,270.244,271.7567,30966700
2022-04-13,272.4022,278.0384,271.0244,277.1135,21907200
2022-04-14,277.5664,277.7784,269.1168,269.6082,28221600
2022-04-18,268.7218,272.1421,268.1726,270.2729,20778000
2022-04-19,269.1746,275.7166,268.24,274.8783,22297700
2022-04-20,278.8286,279.1176,274.9458,275.8996,22906700
2022-04-21,278.0385,282.5861,269.8297,270.5523,29454600
2022-04-22,271.3906,272.8551,263.3938,264.02,29405800
2022-04-25,263.3071,270.8414,260.8791,270.4657,35678900
2022-04-26,267.3633,268.1918,260.1372,260.3492,46518400
2022-04-27,271.7952,280.3412,268.9626,272.8743,63477700
2022-04-28,274.7723,280.3508,271.1786,279.0501,33646600
2022-04-29,278.0674,279.291,266.3997,267.3825,37073900
2022-05-02,267.5656,274.5315,266.13,274.0787,35151100
2022-05-03,273.5873,273.7511,269.9165,271.487,25978600
2022-05-04,272.2673,280.2545,266.6214,279.3874,33599300
2022-05-05,275.1096,275.89,264.3187,267.2187,43260400
2022-05-06,264.7715,269.0493,261.3608,264.6944,37780300
2022-05-09,260.195,262.411,253.7012,254.9152,47726000
2022-05-10,261.7655,263.7502,255.3873,259.6555,39336400
2022-05-11,255.975,261.4475,249.828,251.0324,48975900
2022-05-12,248.2769,250.3869,240.8871,246.0224,51033800
2022-05-13,247.9493,253.4315,246.0224,251.5816,34925100
2022-05-16,250.464,256.1099,246.4367,251.9477,32550900
2022-05-17,256.3893,258.5282,252.8726,257.0734,28828800
2022-05-18,253.9831,254.5625,244.1038,245.3689,31356000
2022-05-19,245.1951,248.8359,243.2444,244.4612,32692300
2022-05-20,248.4206,249.676,237.9909,243.901,39199300
2022-05-23,246.7306,252.5346,244.7412,251.7137,33175400
2022-05-24,249.0483,252.3703,244.8088,250.719,29043900
2022-05-25,249.2897,255.5089,248.3143,253.5195,28547900
2022-05-26,253.2781,257.9521,252.4669,256.7836,25002100
2022-05-27,259.2752,263.9686,258.3867,263.872,26910800
2022-05-31,263.1864,265.3495,259.7098,262.549,37827700
2022-06-01,265.7648,268.1694,260.7817,263.0801,25292200
2022-06-02,255.3834,265.2337,252.6311,265.166,44008200
2022-06-03,261.0425,264.0749,259.2077,260.7625,28059000
2022-06-06,262.7325,264.7798,258.0584,259.536,22400300
2022-06-07,257.4983,263.7658,256.8223,263.1573,22860700
2022-06-08,262.3945,263.6403,260.3665,261.1391,17372300
2022-06-09,258.5993,263.3602,255.5573,255.7118,26439700
2022-06-10,251.6461,251.6461,243.8721,244.3163,31422800
2022-06-13,236.7065,240.4824,233.2492,233.9542,46135800
2022-06-14,235.4993,237.3148,233.2299,236.1077,28651500
2022-06-15,239.7967,246.5471,237.9715,243.1284,33111700
2022-06-16,237.5466,238.9372,234.6881,236.5712,33169200
2022-06-17,236.3105,241.9117,235.6635,239.1594,43084800
2022-06-21,241.6799,246.0159,240.9556,245.0406,29928300
2022-06-22,243.254,248.353,241.7861,244.4515,25939900
2022-06-23,246.8078,250.4775,244.9343,249.985,25861400
2022-06-24,252.8339,258.7924,252.747,258.522,33923200
2022-06-27,259.0145,259.1014,254.2535,255.8083,24615100
2022-06-28,254.9295,257.759,247.5321,247.6866,27295500
2022-06-29,248.7586,252.9884,246.9913,251.337,20069800
2022-06-30,248.2371,250.6321,244.2294,248.0246,31730900
2022-07-01,247.5997,250.8638,245.8807,250.6803,22837700
2022-07-05,247.3776,253.9638,246.0063,253.8383,22941000
2022-07-06,254.7074,258.802,253.4037,257.0831,23824400
2022-07-07,256.0304,259.8353,255.9338,259.1979,20859900
2022-07-08,255.7117,258.9082,254.2631,258.4833,19658800
2022-07-11,256.5422,257.392,253.1912,255.4413,19455200
2022-07-12,256.7644,256.8223,243.3989,244.973,35868500
2022-07-13,241.6123,244.8571,239.6036,244.0555,29497400
2022-07-14,241.9792,246.3926,237.508,245.3689,25102800
2022-07-15,246.9527,251.4433,246.0353,247.9184,29774100
2022-07-18,250.8445,251.8972,244.6157,245.5331,20975000
2022-07-19,248.7489,250.8155,244.9826,250.632,25012600
2022-07-20,250.9894,255.789,250.0333,253.2781,22788300
2022-07-21,250.8832,255.8083,248.2178,255.76,22404700
2022-07-22,256.1463,256.2332,250.1878,251.4336,21881300
2022-07-25,252.0517,252.5346,248.0054,249.9561,21056000
2022-07-26,250.9507,250.9701,241.0135,243.2636,39348000
2022-07-27,252.2061,260.7913,249.9753,259.5262,45994000
2022-07-28,260.5017,268.3143,258.6861,266.9333,33459300
2022-07-29,268.1791,272.3317,267.1458,271.1149,32152800
2022-08-01,268.2951,271.6365,266.383,268.4786,21539600
2022-08-02,266.5375,268.3627,263.0416,265.3979,22754200
2022-08-03,267.2714,273.7803,267.1265,272.7856,23518900
2022-08-04,272.1385,274.07,270.5644,273.9251,18098700
2022-08-05,269.5794,273.9251,269.1255,273.2105,16774600
2022-08-08,274.3114,276.1173,269.7435,270.7093,18739200
2022-08-09,270.0526,273.3746,268.0921,272.6213,23405200
2022-08-10,278.2901,279.8739,277.1023,279.2462,24687800
2022-08-11,280.8782,281.2259,276.687,277.1795,20065900
2022-08-12,278.5895,281.9019,277.1023,281.9019,22619700
2022-08-15,281.0231,284.094,280.1636,283.4084,18085700
2022-08-16,281.9792,283.9589,280.463,282.6745,18102900
2022-08-17,280.4002,283.8939,280.1389,281.9293,18253400
2022-08-18,280.8357,282.5003,279.7615,280.8164,17186200
2022-08-19,279.5873,279.926,276.355,276.926,20570000
2022-08-22,272.9871,273.3549,268.2838,268.7967,25061100
2022-08-23,267.529,269.8709,266.5225,267.529,17527400
2022-08-24,266.5322,268.2935,266.2418,266.8999,18137000
2022-08-25,268.3902,270.0258,265.6708,269.8613,16583400
2022-08-26,270.0839,271.3033,259.3417,259.4482,27549300
2022-08-29,257.2803,258.7804,255.3448,256.6803,20338500
2022-08-30,258.0739,258.4416,252.2576,254.4932,22767100
2022-08-31,256.8351,258.4997,252.906,253.0415,24791800
2022-09-01,250.5254,252.4803,247.1769,252.0061,23263400
2022-09-02,253.2641,256.2061,246.2672,247.8059,22855400
2022-09-06,247.9414,249.5188,243.8187,245.0865,21328200
2022-09-07,246.4898,250.4866,245.0575,249.7705,24126700
2022-09-08,249.2092,252.035,246.5769,250.1866,20319900
2022-09-09,252.1028,256.6803,251.8996,255.9352,22084700
2022-09-12,257.2126,258.8288,256.6126,258.0545,18747700
2022-09-13,250.4963,252.006,243.48,243.8671,33353300
2022-09-14,245.3575,246.0349,241.8058,244.0897,23913000
2022-09-15,241.7187,243.2961,236.154,237.4702,31530900
2022-09-16,236.3863,237.3928,234.2572,236.8508,39791800
2022-09-19,234.654,237.2379,233.0862,236.6379,26826900
2022-09-20,234.2669,235.6605,231.9152,234.6346,26660300
2022-09-21,236.396,239.6767,231.1991,231.2475,28625600
2022-09-22,230.2023,235.9992,229.912,233.212,31061200
2022-09-23,231.8184,233.3572,227.6183,230.2507,34176000
2022-09-26,229.4087,233.6668,229.2635,229.7958,27694200
2022-09-27,232.2443,234.0056,226.9409,228.7893,27018700
2022-09-28,229.1764,234.5185,227.1635,233.2991,29029700
2022-09-29,231.1894,232.2152,226.8538,229.8442,27484200
2022-09-30,230.6087,232.7862,225.228,225.3925,35694800
2022-10-03,227.8216,233.8217,227.0957,232.9798,28880400
2022-10-04,237.1896,242.2897,237.0831,240.8574,34888400
2022-10-05,238.0605,242.5026,236.2314,241.167,20347100
2022-10-06,239.938,242.2703,238.1476,238.8347,20239900
2022-10-07,233.1346,233.541,225.6537,226.6893,37769600
2022-10-10,225.5376,226.999,219.4214,221.8601,29743600
2022-10-11,220.2827,221.6763,216.8858,218.1439,30474000
2022-10-12,218.1342,220.5149,216.7407,218.473,21903900
2022-10-13,212.7631,228.4893,212.0663,226.6893,42551800
2022-10-14,227.9474,229.5926,220.9795,221.1924,30198600
2022-10-17,228.2183,231.2571,227.5603,229.8732,28142300
2022-10-18,235.3992,236.0669,227.7829,230.812,26329600
2022-10-19,229.399,231.8862,226.7377,228.8571,19985700
2022-10-20,228.17,233.5314,227.299,228.5377,21811000
2022-10-21,227.1732,235.1669,226.9409,234.3153,26299700
2022-10-24,235.9024,239.8509,233.5217,239.2799,24911200
2022-10-25,239.2896,242.9477,237.9057,242.58,34775500
2022-10-26,223.7182,230.6184,222.644,223.8634,82543200
2022-10-27,223.5924,226.157,218.502,219.4407,40424600
2022-10-28,218.9472,228.9732,218.7633,228.2667,40647700
2022-10-31,226.2248,227.3474,223.6989,224.6473,28357300
2022-11-01,227.0377,228.1409,220.002,220.815,30592300
2022-11-02,222.0633,223.844,212.947,213.0051,38407000
2022-11-03,212.9954,213.3051,207.0824,207.3437,36633900
2022-11-04,210.5373,214.4471,206.5501,214.2535,36789100
2022-11-07,214.8342,221.0472,214.147,220.5246,33498000
2022-11-08,221.3279,224.1828,218.5601,221.4924,28192500
2022-11-09,220.0407,221.2601,217.0987,217.2729,27852900
2022-11-10,227.8409,235.4862,227.4248,235.1475,46268000
2022-11-11,235.1572,239.996,234.1314,239.1444,34620200
2022-11-14,234.1895,236.0476,231.4991,233.7637,31123300
2022-11-15,237.7412,239.038,232.2927,234.1701,31390100
2022-11-16,235.6259,236.6061,233.3258,234.5972,24093300
2022-11-17,230.7637,236.0722,230.6181,234.5486,23123500
2022-11-18,236.3246,236.5478,231.9768,234.1021,27613500
2022-11-21,234.306,237.4504,234.0731,234.9077,26394700
2022-11-22,236.4022,238.0715,233.6072,237.7997,19665700
2022-11-23,237.8774,240.9538,237.0622,240.2745,19508500
2022-11-25,240.0125,241.3615,239.4496,240.1872,9200800
2022-11-28,238.8188,239.3719,233.6946,234.6262,24778200
2022-11-29,234.2769,235.6258,231.181,233.2384,17956300
2022-11-30,233.4713,247.7958,232.7823,247.6114,47594200
2022-12-01,246.3789,248.5625,243.5159,247.1747,26041500
2022-12-02,242.4484,248.5043,242.3222,247.495,21528500
2022-12-05,244.5738,246.3304,240.7403,242.8172,23435300
2022-12-06,243.4189,244.4282,236.5866,237.8871,22463700
2022-12-07,237.6056,238.8964,235.0629,237.1592,20481500
2022-12-08,237.6153,241.4003,235.8879,240.0998,22611800
2022-12-09,237.4795,240.983,236.9554,238.1782,20609700
2022-12-12,240.1483,245.0881,239.8766,245.059,30665100
2022-12-13,253.9681,256.1323,245.6025,249.3389,42196900
2022-12-14,249.5427,254.8416,246.8059,249.63,35410900
2022-12-15,246.2333,246.6991,240.0415,241.6622,35560400
2022-12-16,241.2159,242.4678,236.3246,237.4698,86102000
2022-12-19,237.6348,237.9744,231.6662,233.3549,29696400
2022-12-20,232.3358,235.7423,231.3848,234.665,25150800
2022-12-21,234.5583,238.3723,233.0249,237.2174,23690600
2022-12-22,234.141,234.8495,226.9691,231.1616,28651700
2022-12-23,229.143,231.8215,227.037,231.6857,21207000
2022-12-27,231.6565,231.8797,228.8712,229.9678,16688600
2022-12-28,229.9,232.6465,227.2602,227.6096,17457100
2022-12-29,228.6965,234.7815,228.6965,233.8984,19770700
2022-12-30,231.181,232.8794,229.6768,232.7435,21938500
2023-01-03,235.9073,238.4985,230.3949,232.5106,25740000
2023-01-04,225.4259,225.9985,219.2924,222.3398,50623400
2023-01-05,220.4958,220.8355,215.2164,215.7501,39585600
2023-01-06,216.4198,219.0983,212.8775,218.2928,43613600
2023-01-09,219.768,224.4167,219.7292,220.4182,27369800
2023-01-10,221.0393,224.4845,220.622,222.0971,27033900
2023-01-11,224.4651,228.9876,224.2905,228.813,28669300
2023-01-12,228.318,232.8211,226.6682,231.4721,27269500
2023-01-13,230.0067,232.3068,227.9881,232.1709,21333300
2023-01-17,230.9481,233.8013,230.094,233.2579,29831300
2023-01-18,234.4418,235.2279,228.5703,228.8518,30028700
2023-01-19,226.8817,228.5704,223.8732,225.0863,28623000
2023-01-20,227.9298,233.6363,227.5902,233.1317,35389800
2023-01-23,233.9857,237.9356,232.5785,235.422,31934000
2023-01-24,235.3444,236.7516,233.3452,234.8979,40234400
2023-01-25,227.561,236.1208,224.0867,233.5102,66526600
2023-01-26,236.4605,240.983,234.8592,240.6821,33454500
2023-01-27,241.6429,242.4581,239.5466,240.8374,26498900
2023-01-30,237.2951,238.3529,235.0532,235.5482,25867400
2023-01-31,236.2664,240.6336,235.7811,240.4977,26541100
2023-02-01,240.6821,247.6502,238.2268,245.2919,31259900
2023-02-02,251.1828,256.8796,249.6591,256.7923,39940400
2023-02-03,251.8816,256.4041,249.5136,250.7267,29077300
2023-02-06,249.8435,250.6782,247.262,249.1933,22518000
2023-02-07,252.8423,260.8392,252.4056,259.6649,50841400
2023-02-08,265.1385,268.5934,258.3547,258.8594,54686000
2023-02-09,265.7208,265.8955,255.0454,255.8412,42375100
2023-02-10,253.8129,256.2974,252.9686,255.3366,25818500
2023-02-13,259.7426,266.4972,259.267,263.314,44630900
2023-02-14,264.6241,266.8562,261.3341,264.1389,37047900
2023-02-15,261.0547,263.3994,258.9726,262.0276,28922400
2023-02-16,256.8711,259.5175,254.8085,255.0518,29603600
2023-02-17,252.3665,253.0476,249.0683,251.0725,30000100
2023-02-21,247.5895,248.5722,244.7777,245.8285,28397400
2023-02-22,247.21,247.4533,243.5616,244.6999,22491100
2023-02-23,248.6403,249.8856,243.6978,247.8717,29219100
2023-02-24,243.1919,244.2037,241.3822,242.4719,24990900
2023-02-27,245.6242,245.9745,242.6373,243.3865,21190000
2023-02-28,242.326,244.6805,241.9952,242.6665,22491000
2023-03-01,243.9702,244.1356,239.1348,239.6018,27565300
2023-03-02,239.8742,244.5929,238.9596,244.3107,24808200
2023-03-03,245.3615,248.6986,244.5832,248.3775,30760100
2023-03-06,249.4866,253.0767,249.0488,249.9147,24109800
2023-03-07,249.3602,250.7126,246.529,247.2684,21473200
2023-03-08,247.1614,247.6478,244.0188,246.8306,17340200
2023-03-09,248.8932,252.5319,244.768,245.488,26653400
2023-03-10,244.2815,245.9452,240.8958,241.859,28333900
2023-03-13,240.7012,250.9266,239.0764,247.0447,33339700
2023-03-14,249.798,254.0011,248.9321,253.7287,33620300
2023-03-15,252.9405,259.2645,252.1914,258.2527,46028000
2023-03-16,258.029,269.0716,256.1512,268.7214,54768800
2023-03-17,270.7256,275.6583,268.8381,271.8639,69527400
2023-03-20,269.4802,269.9667,262.5433,264.8589,43466600
2023-03-21,267.4371,267.5539,262.2223,266.3669,34558700
2023-03-22,265.9972,273.4303,264.8102,264.9173,34873300
2023-03-23,270.4143,273.4498,267.7485,270.1418,36610900
2023-03-24,269.7332,273.0314,267.8263,272.9731,28172000
2023-03-27,272.9049,273.8389,268.0597,268.8965,26840200
2023-03-28,268.3225,268.663,264.6838,267.7777,21878600
2023-03-29,271.4067,273.5276,270.8716,272.9147,25087000
2023-03-30,276.534,276.7577,273.8584,276.3588,25053400
2023-03-31,276.0475,281.4374,275.3372,280.4937,32766000
2023-04-03,278.7619,280.4645,276.2615,279.4527,24883300
2023-04-04,279.4527,282.5855,277.9349,279.404,25824300
2023-04-05,278.1101,279.3749,275.2594,276.641,22064800
2023-04-06,275.5416,284.1714,274.3935,283.7044,29770300
2023-04-10,281.3791,281.7585,277.0009,281.5542,23103000
2023-04-11,278.0128,278.2365,274.0141,275.1718,27276600
2023-04-12,277.0788,279.2387,274.3254,275.814,27403400
2023-04-13,275.9113,282.0504,275.5027,281.9921,24222700
2023-04-14,279.2289,280.6689,276.0086,278.3922,20987900
2023-04-17,282.0797,283.7045,278.4118,280.9803,23836200
2023-04-18,283.6752,283.8601,279.2387,280.5619,20161800
2023-04-19,278.2463,281.2234,276.8356,280.6397,17150300
2023-04-20,277.5263,281.204,277.3609,278.363,23244400
2023-04-21,277.2929,278.5187,275.3956,278.0226,21676400
2023-04-24,274.4519,277.2345,271.1731,274.1405,26611000
2023-04-25,271.9417,273.9752,267.9138,267.9625,45772200
2023-04-26,288.6663,291.4586,284.8038,287.3723,64599200
2023-04-27,287.9561,296.9361,287.2556,296.5761,46462600
2023-04-28,295.7783,300.5651,295.0973,298.9403,36469600
2023-05-01,298.6582,300.2441,296.8875,297.2864,21294100
2023-05-02,299.4268,300.8084,295.6811,297.1404,26404400
2023-05-03,298.3177,300.2538,295.8562,296.1578,22360800
2023-05-04,297.948,299.4268,295.1849,297.1404,22519900
2023-05-05,297.4421,303.5229,296.0314,302.2386,28197100
2023-05-08,301.7326,301.8007,297.802,300.2927,21318600
2023-05-09,299.6603,301.6451,298.0161,298.6874,21340800
2023-05-10,300.2635,304.5249,299.3393,303.8536,30078000
2023-05-11,301.7035,302.6958,297.9674,301.7132,31680200
2023-05-12,302.1412,302.2385,298.2982,300.604,19774700
2023-05-15,300.7305,301.5088,299.2614,301.0807,16336500
2023-05-16,301.4407,305.2157,301.4407,303.299,26730300
2023-05-17,304.4983,306.5849,302.987,306.1656,24315000
2023-05-18,306.6825,311.08,305.8927,310.5729,27276000
2023-05-19,308.8373,310.7972,308.4766,310.3974,27546700
2023-05-22,310.6509,314.5414,310.0757,313.1666,24115700
2023-05-23,312.0453,314.6682,307.3845,307.3943,30797200
2023-05-24,306.8775,308.6033,304.8104,306.0195,23384900
2023-05-25,315.1751,318.7438,312.016,317.7883,43301700
2023-05-26,315.9357,325.0817,315.7992,324.5844,36630600
2023-05-30,326.866,327.3633,322.2735,322.9463,29503100
2023-05-31,323.9994,327.5583,319.1631,320.1967,45950600
2023-06-01,317.7981,325.2084,316.6183,324.2821,26773900
2023-06-02,325.9105,329.0794,324.2529,327.0318,25873800
2023-06-05,326.8563,330.1129,326.3103,327.5583,21307100
2023-06-06,326.9635,327.0025,323.8824,325.3547,20396200
2023-06-07,323.3754,326.1445,314.4537,315.3117,40717100
2023-06-08,315.8577,318.4903,315.2824,317.1447,23277700
2023-06-09,316.8815,321.7567,316.3159,318.6366,22529000
2023-06-12,320.3819,323.8141,317.0473,323.5703,24260300
2023-06-13,326.125,328.5724,322.1468,325.9495,22951300
2023-06-14,325.9982,330.5809,324.5064,328.9233,26003800
2023-06-15,329.0599,341.1115,328.7868,339.4149,38899100
2023-06-16,342.5546,342.7009,333.4184,333.7889,46552000
2023-06-20,330.8442,333.5451,327.4803,329.6156,26375400
2023-06-21,327.9776,329.3036,323.7849,325.2377,25117800
2023-06-22,325.7837,331.634,325.0232,331.2343,23556800
2023-06-23,326.0177,329.5279,325.1304,326.6612,23146900
2023-06-26,325.3937,327.7241,320.2942,320.4015,21520600
2023-06-27,323.5801,327.7631,321.084,326.2225,24354100
2023-06-28,326.3103,329.5474,325.4815,327.4706,20259500
2023-06-29,326.3589,327.724,324.3211,326.6904,16997000
2023-06-30,329.3231,334.1788,328.7868,332.0435,26832800
2023-07-03,330.7272,332.3945,328.1726,329.5571,12508700
2023-07-05,326.7295,333.1258,326.3785,329.7131,18172400
2023-07-06,328.8843,334.4324,327.1293,332.7553,28161200
2023-07-07,330.854,333.2624,328.5919,328.8064,21214800
2023-07-10,326.2518,326.8661,319.4167,323.5509,32791400
2023-07-11,322.8,324.5551,318.8413,324.1748,26698200
2023-07-12,328.2019,333.1259,327.2951,328.7869,29995300
2023-07-13,331.088,335.1637,330.5614,334.1106,20567200
2023-07-14,338.9176,342.6618,335.7195,336.6263,28352700
2023-07-17,337.0553,338.3326,333.6622,337.1041,20363900
2023-07-18,337.2016,357.6289,333.6329,350.5208,64738600
2023-07-19,352.7243,353.4166,343.6466,346.2207,39732900
2023-07-20,344.7484,349.0386,336.753,338.2156,33778400
2023-07-21,340.4387,341.56,331.3512,335.1929,69405400
2023-07-24,337.2211,338.2644,333.7694,336.4995,26678100
2023-07-25,338.4496,343.1104,336.4605,342.2231,41637700
2023-07-26,332.921,336.0705,324.7989,329.3426,58383700
2023-07-27,331.9851,332.8138,320.8402,322.4686,39635300
2023-07-28,325.345,331.5268,324.8574,329.9277,28484900
2023-07-31,328.5139,329.2744,325.0427,327.5388,25446000
2023-08-01,326.827,330.0935,325.3742,327.9483,18311900
2023-08-02,325.3059,325.3059,318.2173,319.3289,27761300
2023-08-03,317.8663,321.6495,317.8175,318.5098,18253700
2023-08-04,323.5996,326.7783,319.0754,319.6019,23741500
2023-08-07,320.1771,322.8488,319.3483,321.8737,17741500
2023-08-08,318.8024,320.5477,314.9412,317.9151,22327600
2023-08-09,318.3246,318.9486,313.0398,314.1904,22373300
2023-08-10,317.8858,320.0699,313.1665,314.8729,20113700
2023-08-11,312.2695,314.3659,311.2457,313.0008,24355500
2023-08-14,313.3714,315.9747,312.094,315.9552,18836100
2023-08-15,314.9412,316.979,312.8936,313.8296,16966300
2023-08-16,313.4583,316.9954,312.4811,313.0674,20698900
2023-08-17,313.2043,314.5038,308.9733,309.628,21257200
2023-08-18,307.2927,311.0937,304.42,309.2372,24755000
2023-08-21,310.654,315.3832,309.7844,314.5136,24040000
2023-08-22,318.0507,318.6174,314.1032,315.0803,16084600
2023-08-23,316.4092,321.6661,316.0574,319.5164,21166400
2023-08-24,325.2325,325.3595,312.6375,312.6473,23281400
2023-08-25,314.113,317.914,311.5041,315.5885,21684100
2023-08-28,318.2071,318.6859,314.3573,316.292,14808500
2023-08-29,314.5136,321.4511,314.5136,320.8942,19284600
2023-08-30,321.1482,322.2621,318.979,321.2654,15222100
2023-08-31,321.6661,323.337,319.3015,320.2591,26411000
2023-09-01,323.7277,324.3922,319.3014,321.1384,14942000
2023-09-05,321.4706,327.1868,321.1384,325.9165,18553900
2023-09-06,325.7504,326.8057,322.6237,325.2619,17535800
2023-09-07,323.7083,325.4573,321.5,322.3598,18381000
2023-09-08,322.5357,328.4668,321.9201,326.62,19530100
2023-09-11,329.5221,330.6751,327.7535,330.2061,16583300
2023-09-12,328.1346,329.0824,323.8939,324.1772,17565500
2023-09-13,323.7278,329.141,323.591,328.3691,16544400
2023-09-14,331.3883,333.0592,328.8674,330.9486,20267000
2023-09-15,329.2094,329.6784,322.1058,322.6627,37679800
2023-09-18,320.2981,322.8386,318.891,321.5293,16834200
2023-09-19,318.7054,321.8517,317.0834,321.1286,16505900
2023-09-20,321.969,322.0471,313.175,313.429,21436500
2023-09-21,311.9536,317.9042,307.7911,312.2174,35560400
2023-09-22,313.9665,314.0935,308.9148,309.7551,21447900
2023-09-25,309.3446,310.3999,307.791,310.2729,17836000
2023-09-26,307.9181,308.6509,302.925,304.9965,26297600
2023-09-27,305.1528,307.107,302.6026,305.6316,19410100
2023-09-28,303.8728,308.26,302.368,306.4622,19683600
2023-09-29,310.4781,312.1588,307.7715,308.5239,24147300
2023-10-02,309.0417,314.5233,307.9669,314.4354,20570000
2023-10-03,313.4876,314.0348,304.0878,306.2179,21033500
2023-10-04,306.8432,312.7157,306.8139,311.6604,20720100
2023-10-05,311.7874,312.6571,307.6933,312.0512,16965600
2023-10-06,309.3055,321.6563,309.0613,319.7704,25673600
2023-10-09,317.3179,322.7409,315.7839,322.2719,19891200
2023-10-10,323.3858,323.5226,320.1711,320.8746,20557100
2023-10-11,323.63,325.2032,321.6074,324.8123,20063200
2023-10-12,323.0047,325.9947,321.1971,323.5812,19313100
2023-10-13,324.7733,326.1901,318.8911,320.2297,21072400
2023-10-16,323.4737,328.4472,323.034,325.0273,22158000
2023-10-17,322.0471,325.8286,319.917,324.4606,18338500
2023-10-18,324.8807,327.9098,320.7866,322.5552,23153600
2023-10-19,324.5485,329.1703,323.3369,323.7375,25052100
2023-10-20,324.1284,324.3238,318.0019,319.194,25027700
2023-10-23,318.0214,325.1153,316.9662,321.7833,24374700
2023-10-24,323.718,324.2457,320.1027,322.9656,31153600
2023-10-25,337.124,338.277,329.8933,332.8736,55053800
2023-10-26,332.7466,333.8116,319.4578,320.3861,37828500
2023-10-27,322.8679,329.0139,320.8844,322.2621,29856500
2023-10-30,325.7797,331.6815,324.2359,329.5905,22828100
2023-10-31,331.0952,331.2418,327.0304,330.3721,20265300
2023-11-01,332.0137,339.4691,331.8769,338.15,28158800
2023-11-02,339.2932,340.8468,336.8797,340.3485,24348100
2023-11-03,341.6285,346.2796,339.3811,344.726,23637700
2023-11-06,345.3611,349.3575,345.2634,348.3706,23828300
2023-11-07,351.1749,354.1649,349.4455,352.2791,25833900
2023-11-08,353.4028,355.5427,352.2986,354.888,26767800
2023-11-09,354.0085,356.4415,352.1129,352.4353,24847300
2023-11-10,353.2171,361.63,352.8067,361.2099,28042100
2023-11-13,359.793,360.0373,357.5261,358.2883,19986500
2023-11-14,362.5192,363.4377,358.943,361.7961,27683900
2023-11-15,363.5194,365.3307,359.4365,361.943,26860100
2023-11-16,363.206,368.4834,362.4423,368.3071,27182300
2023-11-17,365.8006,366.5448,359.3288,362.1193,40157000
2023-11-20,363.4606,370.9507,363.2452,369.5506,52465100
2023-11-21,367.8177,368.3562,363.3628,365.272,28423100
2023-11-22,370.0989,371.8515,367.1322,369.952,23345300
2023-11-24,369.4429,370.0695,367.2987,369.5408,10176600
2023-11-27,368.9044,372.6838,368.3366,370.6962,22179200
2023-11-28,370.4416,374.9944,370.2556,374.7007,20453100
2023-11-29,375.7385,376.2672,369.5506,370.9311,28963400
2023-11-30,370.5787,372.1452,367.6218,370.9899,30554400
2023-12-01,368.8848,370.2556,363.5487,366.6819,33040500
2023-12-04,361.3849,361.7961,355.3145,361.4241,32063300
2023-12-05,358.7903,365.2817,357.9777,364.7334,23065000
2023-12-06,365.7321,366.3587,360.3373,361.0912,21182100
2023-12-07,360.5331,363.6858,358.663,363.1962,23118900
2023-12-08,361.4829,366.6329,360.5332,366.4078,20154400
2023-12-11,360.7779,363.8327,358.4476,363.5389,27708800
2023-12-12,363.0984,366.5937,362.7165,366.5546,24838300
2023-12-13,368.1603,369.7464,363.02,366.5448,30955500
2023-12-14,365.5069,365.9475,356.5188,358.2812,43277500
2023-12-15,359.1819,364.6159,358.6238,362.9808,78502300
2023-12-18,361.7276,365.2034,360.9737,364.8607,21802900
2023-12-19,363.725,365.458,362.1095,365.458,20603700
2023-12-20,367.1617,368.1701,362.7851,362.8732,26316700
2023-12-21,364.7726,366.584,362.3053,365.7321,17708000
2023-12-22,365.8692,367.3378,364.9195,366.7504,17107500
2023-12-26,367.1616,369.0611,365.693,366.8287,12673100
2023-12-27,365.879,367.2204,365.0174,366.2511,14905400
2023-12-28,367.5238,368.5911,366.3391,367.4357,14327000
2023-12-29,368.1407,369.2765,365.6734,368.1799,18730800
2024-01-02,366.0454,368.0428,359.1036,363.1179,25258600
2024-01-03,361.2968,365.458,360.8073,362.8536,23083500
2024-01-04,362.9222,365.3014,359.4953,360.2492,20901500
2024-01-05,361.2577,364.2831,358.8393,360.0632,21004600
2024-01-08,361.5807,367.3574,361.2968,366.8581,23134000
2024-01-09,364.2342,368.131,363.4313,367.9352,20830000
2024-01-10,368.503,376.14,368.454,374.7692,25514200
2024-01-11,377.9317,382.5139,372.4292,376.5904,27850800
2024-01-12,377.4323,380.5557,376.6099,380.3501,21661200
2024-01-16,385.4316,385.7938,379.5178,382.1124,27202300
2024-01-17,379.8703,381.9558,376.7666,381.3292,22234100
2024-01-18,383.5322,385.7547,381.9656,385.6372,23392100
2024-01-19,387.4876,390.3368,385.2749,390.3368,29331100
2024-01-22,391.6586,392.2461,385.363,388.222,27016900
2024-01-23,387.4779,391.0321,385.696,390.5621,20525900
2024-01-24,393.1469,397.1514,392.0797,394.1455,24867000
2024-01-25,395.8688,398.5026,394.1162,396.4073,21021200
2024-01-26,395.9177,397.6801,394.0182,395.4869,17803300
2024-01-29,397.5724,401.4104,395.8785,401.1559,24510200
2024-01-30,403.6428,404.4163,397.9542,400.0495,33477600
2024-01-31,398.4536,406.6388,388.9074,389.2696,47871100
2024-02-01,393.4308,399.4718,393.4014,395.34,30657700
2024-02-02,395.3694,404.0246,395.1246,402.6245,28256700
2024-02-05,401.3321,402.5658,395.5456,397.1709,25352300
2024-02-06,397.3962,399.4425,394.4883,397.0143,18382600
2024-02-07,398.9236,405.6402,398.8844,405.3954,22340500
2024-02-08,405.3954,406.8738,403.9071,405.4541,21225300
2024-02-09,406.5703,412.0238,406.4136,411.7595,22032800
2024-02-12,411.7693,411.9455,406.0807,406.58,21202900
2024-02-13,396.4758,401.4986,394.9582,397.827,27824900
2024-02-14,400.2792,402.0154,396.846,401.672,20401200
2024-02-15,400.3479,401.3189,396.5714,398.798,21825500
2024-02-16,400.1713,400.495,395.7376,396.3458,22296500
2024-02-20,395.5414,396.7675,390.4113,395.1,24307900
2024-02-21,392.5301,394.6096,389.6364,394.5017,18518900
2024-02-22,402.3587,404.9483,400.7696,403.7908,27009900
2024-02-23,407.7341,407.9205,401.162,402.5059,16295900
2024-02-26,403.6045,404.2911,399.5828,399.7593,16193500
2024-02-27,400.2007,400.5245,396.1398,399.7005,14835800
2024-02-28,400.3871,401.4857,397.5817,399.9359,13183100
2024-02-29,400.8383,406.2922,398.1703,405.7429,31947300
2024-03-01,403.4181,407.9303,403.0356,407.5674,17823400
2024-03-04,405.5467,409.3821,404.4481,406.9985,17596000
2024-03-05,406.0568,406.3412,392.9911,394.9627,26919200
2024-03-06,395.2765,397.4247,390.784,394.4133,22344100
2024-03-07,398.3664,401.9566,394.5605,401.3288,18718500
2024-03-08,400.1713,402.5843,396.6106,398.4645,18002200
2024-03-11,396.0515,397.9349,393.5993,396.797,16120800
2024-03-12,399.8378,407.636,399.0237,407.3516,22457000
2024-03-13,410.1178,410.1962,403.5947,407.175,17115900
2024-03-14,412.2168,419.6521,410.0098,417.1018,34157300
2024-03-15,411.285,414.5318,404.9091,408.4698,45079900
2024-03-18,406.3412,412.6975,405.8802,409.3526,20106000
2024-03-19,409.8529,413.6196,407.6164,413.3646,19837900
2024-03-20,413.9433,417.8277,412.6289,417.1116,17860100
2024-03-21,421.6238,422.5949,419.0048,421.1726,21296200
2024-03-22,421.4963,421.6532,417.9356,420.5546,17648500
2024-03-25,417.1214,419.25,413.5607,414.7868,18060500
2024-03-26,417.4843,417.8571,413.3057,413.5999,16725600
2024-03-27,416.3367,416.3465,411.0104,413.3842,16705000
2024-03-28,412.9231,413.8157,411.1182,412.6877,21871200
2024-04-01,415.856,419.7208,414.1591,416.4642,16316000
2024-04-02,412.0893,414.316,409.8627,413.394,17912000
2024-04-03,411.7166,415.1792,411.0888,412.4228,16502300
2024-04-04,416.8761,420.4859,409.5978,409.9019,19370900
2024-04-05,411.9912,418.3671,410.3335,417.396,16554800
2024-04-08,417.0527,419.1224,415.2184,416.4838,14272400
2024-04-09,418.2986,419.5737,413.5706,418.1416,12496900
2024-04-10,414.1297,415.9345,411.6872,415.1793,16216600
2024-04-11,417.6903,421.1726,414.2964,419.76,17966400
2024-04-12,415.9541,417.0626,411.7558,413.8452,19253800
2024-04-15,418.4555,418.6713,405.5369,405.7429,20273500
2024-04-16,406.6551,410.4119,405.8311,406.6649,16765600
2024-04-17,409.2839,410.8828,402.496,403.9772,15855500
2024-04-18,402.7903,404.0263,396.2379,396.5518,21029900
2024-04-19,396.3163,397.7387,390.1758,391.5001,30565800
2024-04-22,392.4417,395.1588,388.1944,393.3049,20286900
2024-04-23,396.5224,400.4068,395.3649,399.7888,15734500
2024-04-24,401.7408,404.5952,399.0138,401.2503,15065300
2024-04-25,386.5073,392.2554,380.6219,391.4217,40586500
2024-04-26,404.3009,405.1151,398.0133,398.5626,29694700
2024-04-29,397.5131,398.5626,391.5688,394.5703,19582100
2024-04-30,393.8248,394.482,381.7401,381.897,28781400
2024-05-01,385.1143,394.0504,382.8583,387.3999,23562500
2024-05-02,390.068,392.2946,387.1154,390.2445,17709400
2024-05-03,394.5997,399.3767,394.1877,398.8961,17446700
2024-05-06,400.9561,406.0274,398.6117,405.6448,16996600
2024-05-07,406.7434,406.7532,401.2797,401.525,20018200
2024-05-08,400.3773,404.3598,398.9452,402.7021,11792300
2024-05-09,402.7315,404.8404,401.2896,404.4481,14689700
2024-05-10,405.0562,407.4496,403.938,406.8218,13402300
2024-05-13,410.0294,410.3629,402.9767,405.8213,15440200
2024-05-14,404.1538,409.5194,403.6928,408.6071,15109300
2024-05-15,410.6609,416.4685,410.0418,415.7512,22239500
2024-05-16,414.4934,418.0507,413.0685,413.6974,17530100
2024-05-17,415.2205,415.594,410.7886,412.9309,15352200
2024-05-20,412.9309,419.3773,412.7147,417.972,16272100
2024-05-21,419.4362,425.4699,417.4905,421.608,21453300
2024-05-22,422.6398,424.9196,419.7311,423.0623,18073700
2024-05-23,425.4699,426.0889,418.0507,419.6033,17211700
2024-05-24,419.79,423.593,417.0582,422.7086,11855300
2024-05-28,422.1877,423.3571,419.2102,422.8658,15718000
2024-05-29,418.316,423.475,418.316,421.7357,15517100
2024-05-30,416.9501,416.9501,407.0644,407.4869,28394500
2024-05-31,409.5309,409.5309,397.5029,407.9389,47995300
2024-06-03,408.3319,409.2163,401.8365,406.3568,17484700
2024-06-04,405.2857,409.2262,402.5833,408.8626,14348900
2024-06-05,410.5725,416.7339,409.0886,416.6651,16988000
2024-06-06,416.6651,417.9426,413.2945,417.1663,14861300
2024-06-07,418.8171,418.8957,415.6725,416.5078,13621700
2024-06-10,417.3432,420.6646,416.5472,420.4582,13982900
2024-06-11,418.1096,425.3225,417.8836,425.1849,14551100
2024-06-12,427.7792,435.7192,425.745,433.4197,22366200
2024-06-13,433.2134,435.7094,431.759,433.9307,15960600
2024-06-14,430.6879,435.4637,429.1549,434.9036,13582000
2024-06-17,434.9232,443.1286,433.0856,440.6031,20790000
2024-06-18,441.9199,442.3425,437.1834,438.6083,17112500
2024-06-20,438.569,438.795,433.6261,437.9794,19877400
2024-06-21,439.6303,442.7748,438.7753,441.9887,34187100
2024-06-24,442.0083,444.9072,438.677,439.9152,15913700
2024-06-25,440.4852,443.6003,439.0112,443.1384,16413400
2024-06-26,441.2222,445.7425,440.4262,444.3275,16507000
2024-06-27,444.3471,448.268,443.9442,445.0055,14806300
2024-06-28,445.2217,447.4917,438.6771,439.2077,28362300
2024-07-01,440.8881,449.4472,437.9401,448.8183,17662800
2024-07-02,445.3495,451.6288,445.261,451.3242,13979800
2024-07-03,450.2529,453.0339,449.9483,452.7882,9932800
2024-07-05,451.6484,460.237,451.0195,459.4607,16000300
2024-07-08,458.4682,459.5983,456.4144,458.1636,12962300
2024-07-09,458.9104,459.2347,450.0663,451.5797,17207200
2024-07-10,453.2305,458.3798,450.9114,458.1734,18196100
2024-07-11,454.96,456.7288,443.728,446.8235,23111200
2024-07-12,446.4598,448.4546,442.8436,445.6933,16324300
2024-07-15,445.4477,449.3391,443.6101,446.0963,14429400
2024-07-16,446.3518,446.4304,438.9228,441.7332,17175700
2024-07-17,434.9232,437.1441,431.5723,435.8371,21778000
2024-07-18,436.6429,436.9476,426.8751,432.7417,20794800
2024-07-19,425.5976,433.4983,424.5166,429.5381,20940400
2024-07-22,434.1371,436.8984,431.307,435.2672,15808800
2024-07-23,436.2106,440.6228,435.4244,437.1441,13107100
2024-07-24,432.8203,433.8325,420.1831,421.4704,26805800
2024-07-25,421.3721,422.3548,410.2777,411.1523,29943800
2024-07-26,410.9557,421.49,410.0418,417.9032,23583800
2024-07-29,424.1039,424.6641,417.3431,419.338,15125800
2024-07-30,420.3108,421.6178,410.1303,415.594,32687600
2024-07-31,413.2159,414.4737,405.0695,411.1031,42891400
2024-08-01,413.5009,420.0553,405.9343,409.8846,30296400
2024-08-02,405.3446,407.8111,397.3358,401.4139,29437900
2024-08-05,382.4287,394.093,378.9008,388.3051,40709200
2024-08-06,393.071,398.6428,391.597,392.6877,24946500
2024-08-07,401.5613,402.9764,390.5848,391.5282,20650900
2024-08-08,395.4687,398.8295,393.012,395.7144,20203000
2024-08-09,397.0312,400.9815,395.2918,398.9867,19276700
2024-08-12,400.0087,401.6792,397.2375,399.763,16762900
2024-08-13,402.4949,407.762,402.4752,406.8383,19414300
2024-08-14,407.6146,410.4841,405.3054,409.6389,18267000
2024-08-15,413.2716,414.5612,411.1649,414.4825,20752100
2024-08-16,414.0591,414.7876,410.8104,411.9622,22775600
2024-08-19,412.4446,415.1913,409.9835,414.9747,15234000
2024-08-20,415.142,419.2373,415.0829,418.1938,16387600
2024-08-21,417.485,419.7689,415.1617,417.5441,16067300
2024-08-22,417.7606,420.1529,408.1623,409.0876,19361900
2024-08-23,410.4954,412.74,405.6815,410.3084,18493800
2024-08-26,409.8949,410.7907,404.9431,407.0597,13152800
2024-08-27,406.4395,407.9162,403.8701,407.4043,13492900
2024-08-28,408.4281,408.5462,400.9758,404.2147,14882700
2024-08-29,408.4871,415.4866,404.2146,406.6954,17045200
2024-08-30,409.1369,410.9975,405.7208,410.6529,24308300
2024-09-03,411.4109,413.3503,400.7001,403.0727,20313600
2024-09-04,399.5976,404.8447,398.0815,402.541,15135800
2024-09-05,401.281,406.6757,399.8141,402.039,14195500
2024-09-06,402.6986,404.2639,394.567,395.4531,19609500
2024-09-09,400.9069,402.2949,395.896,399.4105,15295100
2024-09-10,401.852,409.8555,401.3598,407.7587,19594300
2024-09-11,409.0384,417.3964,403.2105,416.4612,19266900
2024-09-12,416.727,420.7238,413.2223,420.3596,17395700
2024-09-13,419.2078,425.1145,418.8435,423.8938,15874600
2024-09-16,423.9036,426.788,421.5606,424.6321,13834700
2024-09-17,433.3839,434.9787,425.5477,428.3829,18874200
2024-09-18,428.2352,429.2491,423.7165,424.1103,18898000
2024-09-19,434.3683,434.6341,430.1056,431.8678,21706600
2024-09-20,430.4206,432.4092,427.4673,428.5009,55167100
2024-09-23,427.5264,429.6725,423.6969,426.7684,15128900
2024-09-24,426.2663,426.6108,419.4736,422.4958,17015800
2024-09-25,423.1456,426.3844,421.9052,425.3901,13396400
2024-09-26,428.3238,428.5305,422.4564,424.6025,14492000
2024-09-27,424.8093,425.1342,420.8223,421.3637,14896100
2024-09-30,421.5508,423.7264,418.755,423.6083,16807300
2024-10-01,421.7871,421.8166,412.297,414.1477,19092900
2024-10-02,416.0083,416.2446,410.2296,410.6431,16582300
2024-10-03,411.1353,413.0254,407.8472,410.0623,13686400
2024-10-04,411.7358,413.2223,408.5167,409.5897,19169700
2024-10-07,409.5306,410.6234,402.6395,403.1711,20919800
2024-10-08,404.51,409.1959,401.8224,408.2607,19229300
2024-10-09,409.3928,413.8426,407.8571,410.968,14974300
2024-10-10,408.7726,410.8597,406.725,409.3731,13848400
2024-10-11,409.6685,410.6431,406.8234,409.8457,14144900
2024-10-14,411.2731,417.4456,411.027,412.6218,16653100
2024-10-15,415.6145,415.9099,408.8021,412.228,18900200
2024-10-16,408.7136,409.8851,404.0965,409.6488,15508900
2024-10-17,415.7918,415.9296,409.1271,410.2395,14820000
2024-10-18,410.6529,413.1239,409.7866,411.657,17145300
2024-10-21,409.6488,412.4446,407.3156,412.2674,14206100
2024-10-22,411.9819,423.8839,411.5389,420.8617,25482200
2024-10-23,424.1595,424.3761,415.959,417.9969,19654400
2024-10-24,418.7155,419.3554,415.8311,418.1249,13581600
2024-10-25,420.1233,425.7937,419.9363,421.4917,16899100
2024-10-28,424.9471,425.2228,419.6705,419.956,14882400
2024-10-29,421.3441,426.4337,419.1783,425.2326,17644100
2024-10-30,430.6372,431.6807,425.3803,425.8036,29749100
2024-10-31,408.9006,409.6882,399.9815,400.0308,53971000
2024-11-01,402.6494,409.0384,401.1628,403.9882,24230400
2024-11-04,403.427,404.0374,399.2628,402.1079,19672300
2024-11-05,402.0193,408.4478,401.7338,405.0612,17626000
2024-11-06,406.0064,413.9115,404.1359,413.6457,26681800
2024-11-07,414.7285,420.2119,413.3503,418.814,19901800
2024-11-08,418.7057,419.8674,415.2208,415.969,16891400
2024-11-11,415.9493,418.2037,409.5307,411.5094,24503300
2024-11-12,411.7456,417.8394,410.712,416.4513,19401200
2024-11-13,415.083,422.6533,411.7063,418.5876,21502200
2024-11-14,418.3907,421.5114,413.4685,420.2513,30246900
2024-11-15,413.2912,416.2248,407.2073,408.5461,28247600
2024-11-18,408.4182,411.8933,405.6913,409.2944,24727000
2024-11-19,406.6856,411.4405,405.1498,411.2928,18133500
2024-11-20,410.3871,410.8006,404.1949,409.0286,19191700
2024-11-21,413.8028,414.079,404.7179,407.2629,20780200
2024-11-22,405.7833,411.7314,405.4775,411.3369,24814600
2024-11-25,412.698,415.3614,409.216,413.1025,27691100
2024-11-26,413.8916,423.2133,413.1617,422.1776,23458900
2024-11-27,419.3367,421.4279,416.2887,417.2455,18332400
2024-11-29,414.3849,419.1098,412.126,417.7091,16271900
2024-12-02,415.8448,427.1195,415.5883,425.127,20207200
2024-12-03,424.0024,426.5967,421.931,425.344,18302000
2024-12-04,427.1491,433.6989,426.7545,431.4795,26009400
2024-12-05,431.9727,438.6212,430.2465,436.6089,21697800
2024-12-06,436.2932,440.0416,435.7704,437.5459,18821000
2024-12-09,436.5892,442.2413,434.5177,439.9627,19144400
2024-12-10,438.3549,443.5138,435.6027,437.3092,18469500
2024-12-11,438.0195,444.2339,438.0195,442.8924,19200200
2024-12-12,443.0107,449.965,443.0107,443.4546,20834800
2024-12-13,442.3498,445.2992,439.5286,441.1957,20177800
2024-12-16,441.1957,446.039,439.2328,445.4571,23598800
2024-12-17,444.8849,449.1068,443.4645,448.2881,22733500
2024-12-18,445.1907,446.5026,431.0849,431.4499,24444500
2024-12-19,435.6224,437.1612,430.3944,431.0948,22963700
2024-12-20,427.228,437.7136,422.8089,430.6706,64263700
2024-12-23,430.8087,431.7064,426.9518,429.339,19152500
2024-12-24,428.7471,433.6299,428.2933,433.3635,7164500
2024-12-26,433.117,434.9517,430.7003,432.1602,8194200
2024-12-27,428.6978,429.3094,420.5598,424.683,18117700
2024-12-30,420.2738,421.7435,416.1703,419.0605,13158700
2024-12-31,420.3132,420.9346,414.9471,415.7757,13246500
2025-01-02,419.751,420.2836,409.216,412.8953,16896500
2025-01-03,415.3614,418.2713,413.8423,417.6006,16662900
2025-01-06,422.1874,428.4216,419.7017,422.0395,20573600
2025-01-07,423.1738,424.8014,415.0852,416.6339,18139100
2025-01-08,417.7091,421.1714,415.8152,418.7942,15054600
2025-01-10,418.8632,418.9421,409.3837,413.2604,20201100
2025-01-13,409.6007,412.8164,406.6908,411.5242,17604800
2025-01-14,412.1358,414.0396,405.1421,410.0249,16935900
2025-01-15,413.4379,422.3354,412.5896,420.5204,19637800
2025-01-16,422.8779,423.6572,418.6265,418.8138,15300000
2025-01-17,428.1947,428.5794,422.3551,423.2034,26197500
2025-01-21,424.3576,425.048,419.82,422.6806,26085700
2025-01-22,431.6176,441.1957,430.0787,440.1402,27803800
2025-01-23,435.9973,440.6828,435.5041,440.6433,18389300
2025-01-24,439.1144,440.5841,435.4054,438.0293,15549500
2025-01-27,418.2516,429.2897,417.7486,428.6584,35647800
2025-01-28,428.6978,442.2907,425.5215,441.1267,23491700
2025-01-29,440.6236,440.811,434.419,436.3228,23581400
2025-01-30,413.0828,417.1172,407.549,409.3541,54586300
2025-01-31,413.29,414.9767,409.2752,409.4232,34161900
2025-02-03,406.0101,409.7684,403.1101,405.3394,25679100
2025-02-04,407.0853,408.2987,404.1754,406.7697,20532100
2025-02-05,406.7499,408.2098,404.8264,407.6772,16316700
2025-02-06,408.3775,412.5205,408.3775,410.1728,16309800
2025-02-07,410.8239,412.9644,402.5577,404.1852,22886800
2025-02-10,408.0915,409.8177,405.3394,406.6217,20817900
2025-02-11,404.0768,406.8881,403.7414,405.8523,18140600
2025-02-12,401.6798,405.1717,398.8783,403.4849,19121700
2025-02-13,401.4726,405.4183,400.8413,404.9645,23891700
2025-02-14,402.2519,403.3567,400.3679,402.8832,22758500
2025-02-18,402.459,405.0237,400.9794,404.0768,21423100
2025-02-19,402.3406,409.8473,402.1138,409.1371,24114200
2025-02-20,410.4714,414.4448,407.7533,411.3017,23508700
2025-02-21,412.4976,413.1994,403.1573,403.4736,27524800
2025-02-24,403.7701,404.6201,394.6867,399.3124,26443700
2025-02-25,396.4461,397.2565,392.0971,393.2832,29387400
2025-02-26,393.3919,398.9171,389.6756,395.092,19619000
2025-02-27,396.6141,401.0322,387.6197,387.9755,21127400
2025-02-28,388.104,393.0163,382.0847,392.3838,32845700
2025-03-03,394.1926,394.1926,381.6794,383.9824,23007700
2025-03-04,378.9514,388.0249,376.5792,384.1009,29342900
2025-03-05,384.8225,397.0095,384.2987,396.367,23433100
2025-03-06,389.7052,397.4839,388.1238,392.285,23304600
2025-03-07,387.768,390.2192,381.0667,388.7465,22034100
2025-03-10,381.3631,381.9166,372.8431,375.749,32840100
2025-03-11,374.6025,381.5213,372.5368,376.0357,30380200
2025-03-12,378.5067,380.7503,374.5531,378.8229,24253600
2025-03-13,378.7142,380.8491,373.0705,374.3751,20473000
2025-03-14,375.3734,385.7022,375.1066,384.0516,19952800
2025-03-17,382.2132,388.1534,381.0963,384.19,22474300
2025-03-18,382.5789,382.8754,376.6781,379.07,19486900
2025-03-19,381.0567,385.1586,379.5445,383.3202,19185500
2025-03-20,381.2643,387.2441,378.8329,382.3516,18470500
2025-03-21,378.7736,387.1947,378.3584,386.7203,39675900
2025-03-24,390.8122,390.8122,385.2871,388.5191,21004500
2025-03-25,389.3494,391.761,388.0842,390.575,15775000
2025-03-26,390.4168,390.7232,384.0614,385.4452,16108400
2025-03-27,385.6033,387.6888,382.905,386.0481,13766800
2025-03-28,383.5771,384.615,372.5565,374.4048,21632000
2025-03-31,368.2175,372.6949,362.9789,371.0344,35184700
2025-04-01,370.303,378.4079,368.8995,377.7555,19689500
2025-04-02,373.5845,380.612,372.2501,377.7061,16092600
2025-04-03,370.4414,373.1001,365.0645,368.7808,30198000
2025-04-04,359.905,370.2437,355.309,355.6648,49209900
2025-04-07,346.8088,366.6953,340.7895,353.7078,50425000
2025-04-08,363.9871,369.3145,346.1861,350.446,35868900
2025-04-09,349.4379,388.6674,349.003,385.9592,50199700
2025-04-10,377.627,379.4457,363.5325,376.9253,38024400
2025-04-11,376.2235,385.5243,374.4938,383.9428,23839200
2025-04-14,388.6575,390.0709,379.752,383.3103,19251200
2025-04-15,384.0021,387.3429,379.7026,381.2544,17199900
2025-04-16,376.2531,377.1822,363.7301,367.2982,21967800
2025-04-17,369.4134,369.9768,362.633,363.5127,21120200
2025-04-21,358.6102,360.2509,351.5432,354.9531,20807300
2025-04-22,359.1637,363.5028,355.6845,362.5638,19485000
2025-04-23,371.6966,375.9764,368.6919,370.046,20545500
2025-04-24,371.3408,383.9428,370.8367,382.8062,22232300
2025-04-25,382.5097,387.6098,380.1376,387.3034,18973200
2025-04-28,387.4121,388.1831,382.1539,386.6214,16579400
2025-04-29,386.7598,390.5157,385.8505,389.468,14974000
2025-04-30,385.7714,392.0576,379.9794,390.6738,36461100
2025-05-01,426.1079,431.9197,419.9699,420.4641,58938100
2025-05-02,426.7306,434.3412,425.0009,430.2295,30757400
2025-05-05,427.8475,434.4005,427.0963,431.1092,20136100
2025-05-06,427.1852,432.6511,426.1672,428.2823,15104200
2025-05-07,428.8062,433.0365,426.1078,428.3219,23295300
2025-05-08,432.8488,438.5222,430.6051,433.086,23491300
2025-05-09,434.8947,435.6261,430.8225,433.6394,15324200
2025-05-12,440.7658,444.156,434.6773,444.0473,22821900
2025-05-13,442.5845,445.441,440.1925,443.9287,23618800
2025-05-14,442.9403,448.6334,442.9403,447.6846,19902800
2025-05-15,446.3577,451.7247,446.021,448.6946,21992300
2025-05-16,447.6252,449.9125,444.3377,449.8234,23849800
2025-05-19,446.4666,455.0914,446.3874,454.3784,21336500
2025-05-20,451.1305,453.8536,449.873,453.6853,15441800
2025-05-21,450.1205,453.2991,447.3875,448.1401,19216900
2025-05-22,450.4968,455.7449,449.4571,450.4077,18025600
2025-05-23,445.5754,449.2491,444.5159,445.7735,16883500
2025-05-27,452.0118,456.4381,451.6553,456.1806,20974300
2025-05-28,456.7054,457.9927,452.4574,452.8832,17086300
2025-05-29,457.0322,457.2006,450.8533,454.1903,13974800
2025-05-30,455.2201,457.1609,451.081,455.8538,34770500
2025-06-02,452.6654,457.5867,452.4178,457.4481,16626500
2025-06-03,456.953,459.5969,456.3489,458.4383,15743800
2025-06-04,459.4582,461.1317,458.4878,459.3295,14162700
2025-06-05,460.4088,465.0529,459.4879,463.1022,20131700
2025-06-06,465.4886,468.7067,464.1914,465.7757,15285600
2025-06-09,465.1024,468.7959,464.033,468.1226,16469900
2025-06-10,466.5778,468.172,462.3892,466.3105,15375900
2025-06-11,465.4193,470.8159,465.0628,467.9938,16399200
2025-06-12,470.3703,475.7175,468.885,474.1826,18950600
2025-06-13,471.7467,474.4896,468.1325,470.3109,16814500
2025-06-16,470.5585,475.9848,470.3505,474.45,15626100
2025-06-17,470.7466,474.0539,469.4395,473.3607,15414100
2025-06-18,473.3212,476.2918,469.8158,475.5392,17526500
2025-06-20,477.5098,478.7277,472.2022,472.727,37576200
2025-06-23,473.5291,482.9757,467.8849,481.2429,24864000
2025-06-24,484.164,487.0356,482.035,485.3126,22305600
2025-06-25,487.2237,489.7191,484.5997,487.4515,17495100
2025-06-26,488.1546,493.165,487.9862,492.5808,21578900
2025-06-27,492.6798,494.4127,488.2041,491.0856,34539200
2025-06-30,492.1748,495.8584,490.4815,492.5412,28369000
2025-07-01,491.6104,493.1749,486.1741,487.2336,19945400
2025-07-02,485.1938,488.6694,483.9164,486.283,16319600
2025-07-03,488.9764,495.2346,488.61,493.9572,13984800
2025-07-07,492.5115,493.8681,490.3825,492.8481,13981600
2025-07-08,492.3728,493.3235,489.2735,491.7589,11846600
2025-07-09,495.4029,501.8195,494.8484,498.5815,18659500
2025-07-10,498.1259,499.5023,492.8778,496.5713,16492100
2025-07-11,493.5908,500.0866,492.9274,498.3933,16459500
2025-07-14,496.6109,499.0369,496.1257,498.0962,12058800
2025-07-15,498.0963,503.3246,497.8685,500.8689,14927200
2025-07-16,500.2351,501.76,496.9773,500.6708,15154400
2025-07-17,500.7302,508.3449,500.6708,506.6913,17503100
2025-07-18,509.4441,509.6025,502.4631,505.0574,21209700
2025-07-21,501.7501,507.0775,500.6015,505.0674,14066800
2025-07-22,505.9684,506.1962,500.3242,500.3242,13868600
2025-07-23,501.7897,501.8293,495.799,500.9183,16396600
2025-07-24,503.79,508.642,502.3344,505.8793,16107000
2025-07-25,507.4537,513.2168,505.3644,508.6816,19125700
2025-07-28,509.048,509.959,505.1268,507.4835,14308000
2025-07-29,510.4838,512.5534,506.5527,507.5528,16469200
2025-07-30,510.1273,510.8997,504.4535,508.2162,26380400
2025-07-31,549.7952,550.013,526.6936,528.2779,51617300
2025-08-01,529.7633,530.5554,515.7617,518.9799,28977600
2025-08-04,523.0991,532.9814,522.9605,530.397,25349000
2025-08-05,531.9219,532.0407,522.0791,522.5842,19171600
2025-08-06,525.7034,526.4955,518.9006,519.8017,21355700
2025-08-07,521.6435,522.9209,512.484,515.7419,16079100
2025-08-08,517.4846,519.5244,514.3258,516.9301,15531000
2025-08-11,517.1875,522.4258,514.6327,516.6627,20194400
2025-08-12,518.6233,525.7825,517.5836,524.0596,18667000
2025-08-13,526.9015,527.4858,514.2863,515.4844,19619200
2025-08-14,517.445,520.8018,515.0487,517.3658,20269100
2025-08-15,517.6529,520.9503,513.999,515.0783,25213300
2025-08-18,516.4846,517.7025,508.9886,512.0385,23760600
2025-08-19,509.959,510.1174,503.5721,504.7802,21481000
2025-08-20,504.8792,505.9982,499.5024,500.7698,27723000
2025-08-21,499.5796,503.4874,498.6175,500.1251,18443300
2025-08-22,500.1351,506.5622,498.3101,503.0908,24324200
2025-08-25,502.4956,504.0429,500.0061,500.145,21638600
2025-08-26,500.2442,500.8591,494.4419,497.9431,30835700
2025-08-27,497.9034,503.1503,495.8206,502.6047,17277900
2025-08-28,502.9519,506.9193,501.3749,505.4811,18015600
2025-08-29,504.5091,505.4414,500.3731,502.5551,20961600
2025-09-02,496.3859,501.8707,492.7557,500.9979,18128000
2025-09-03,499.6788,503.6462,498.2208,501.2261,16345100
2025-09-04,500.1846,504.0032,499.044,503.8247,15509500
2025-09-05,504.9157,507.7921,488.352,490.9605,31994800
2025-09-08,494.0451,497.1099,490.9903,494.1344,16771000
2025-09-09,497.3381,498.1514,493.6385,494.3427,14410500
2025-09-10,498.8754,499.1234,492.6665,496.2867,21611800
2025-09-11,498.1514,499.0639,493.817,496.9215,18881600
2025-09-12,502.5155,508.3673,499.7383,505.739,23624900
2025-09-15,504.638,511.2635,502.8626,511.1544,17143800
2025-09-16,512.662,513.0091,504.4495,504.886,19711900
2025-09-17,506.4531,507.1176,501.8014,505.858,15816600
2025-09-18,507.316,508.8831,503.5173,504.3008,18913700
2025-09-19,506.3936,515.0622,506.1456,513.7034,52474100
2025-09-22,511.3825,513.515,508.3574,510.2518,20009300
2025-09-23,509.6071,510.3907,503.1701,505.0745,19799600
2025-09-24,506.215,508.2979,502.7833,505.9869,13533700
2025-09-25,504.152,505.8481,500.9186,502.8924,15786500
2025-09-26,505.8976,509.7459,502.4857,507.2862,16213100
2025-09-29,507.3259,512.6322,504.7273,510.4005,17617800
2025-09-30,509.0517,513.9315,505.5009,513.7233,19728200
2025-10-01,510.5989,516.2623,507.5143,515.4689,22632300
2025-10-02,513.4158,517.3434,506.5125,511.5312,21222900
2025-10-03,512.8802,516.2425,510.7973,513.1281,15112300
2025-10-06,514.3778,526.6965,513.9712,524.2566,21388600
2025-10-07,523.9789,525.4766,517.1848,519.704,14615200
2025-10-08,519.0098,522.6498,518.8213,520.5669,13363400
2025-10-09,518.0775,520.0512,513.1778,518.137,18343600
2025-10-10,515.3995,519.3073,505.4712,506.7903,24133800
2025-10-13,512.1958,512.1958,507.5044,509.8551,14284200
2025-10-14,506.0662,511.075,501.8707,509.3789,14684300
2025-10-15,510.7577,512.9695,505.8381,509.2401,14694700
2025-10-16,508.3971,512.6322,503.9834,507.435,15559600
2025-10-17,504.886,511.2734,503.1701,509.3889,19867800
2025-10-20,510.4105,514.4671,509.2401,512.5727,14665600
2025-10-21,513.2769,514.4572,508.8533,513.4356,15586200
2025-10-22,516.8971,520.9438,513.4852,516.2921,18962700
2025-10-23,518.1965,519.6743,514.3779,516.312,14023500
2025-10-24,518.5237,521.0628,516.4607,519.337,15532400
2025-10-27,527.4404,530.2176,524.693,527.1826,18734700
2025-10-28,545.5116,549.2013,536.357,537.6464,29986700
2025-10-29,540.493,541.8121,532.3499,537.1306,36023000
2025-10-30,526.1509,530.6043,517.8592,521.4695,41023100
2025-10-31,524.564,525.0004,510.8964,513.5844,34006400
2025-11-03,515.568,520.676,510.3906,512.8107,22374700
2025-11-04,507.5838,511.3429,503.6958,510.1328,20958700
2025-11-05,509.1112,510.6287,502.446,503.0213,23024300
2025-11-06,501.5335,501.5732,491.7639,493.0434,27406500
2025-11-07,492.8946,495.3048,489.2248,492.7657,24019800
2025-11-10,495.9594,502.7138,494.7295,501.8708,26101500
2025-11-11,500.6806,505.4414,498.2506,504.5289,17980000
2025-11-12,505.2033,507.4945,495.0469,506.9688,26574900
2025-11-13,506.1456,509.3095,497.1992,499.1829,25273100
2025-11-14,494.1642,507.4251,493.3807,506.0167,28505700
2025-11-17,504.3008,507.9408,500.7897,503.3486,19092800
2025-11-18,491.3275,498.8754,482.8076,489.7604,33815100
2025-11-19,486.1006,491.149,478.8899,483.1449,23245300
2025-11-20,489.6039,490.4585,472.5024,475.4139,26802500
2025-11-21,475.4834,475.9008,465.3179,469.1436,31769200
2025-11-24,472.0055,473.8936,465.0695,471.0118,34421000
2025-11-25,471.0814,476.1293,461.9592,473.9829,28019800
2025-11-26,483.2442,485.2316,478.1664,482.4393,25709100
2025-11-28,484.5261,489.5244,483.5821,488.9083,14386700
2025-12-01,485.3608,486.7718,481.5947,483.6715,23964000
2025-12-02,483.6516,490.3889,483.2542,486.9109,19562700
2025-12-03,473.3172,481.1872,472.2042,474.7183,34615100
2025-12-04,476.7355,478.2857,473.4861,477.8087,22318200
2025-12-05,479.4781,480.3526,475.8611,480.1141,22608700
2025-12-08,481.8332,489.1965,481.3264,487.9245,21965900
2025-12-09,486.0166,489.0176,485.4204,488.9182,14696100
2025-12-10,480.9786,481.1972,472.085,475.5431,35756200
2025-12-11,473.6252,482.966,472.8601,480.4221,24669200
2025-12-12,476.7951,479.4085,473.337,475.5132,21248100
2025-12-15,477.0734,477.6895,469.5411,471.8267,23727700
2025-12-16,468.935,474.8773,467.9115,473.3868,20705600
2025-12-17,473.9035,476.974,472.0055,473.1184,24527200
2025-12-18,475.1754,486.5135,474.8773,480.9289,28573500
2025-12-19,484.2876,484.7745,479.4483,482.8567,70836100
2025-12-22,483.0554,485.649,479.6471,481.863,16963000
2025-12-23,481.9226,484.7546,481.6841,483.7808,14683600
2025-12-24,482.6182,486.0762,481.7735,484.9434,5855900
2025-12-26,483.6417,485.0428,482.8964,484.6354,8842200
2025-12-29,481.8033,485.2714,481.1276,484.0292,10893400
2025-12-30,482.8666,486.593,482.4393,484.4069,13944500
2025-12-31,484.7646,485.0627,480.2532,480.5712,15601600
2026-01-02,481.3363,481.6046,467.196,469.9585,25571600
2026-01-05,471.0714,473.0688,466.5402,469.8691,25250300
2026-01-06,470.8131,475.7219,466.7886,475.4934,23037700
2026-01-07,476.7355,486.6129,474.9369,480.4221,25564200
2026-01-08,478.2062,479.6172,472.8601,475.0959,18162600
2026-01-09,471.0714,476.7951,469.2232,476.2585,18491000
2026-01-12,473.665,477.9577,472.6812,474.1718,23519900
2026-01-13,471.6875,472.7806,463.0126,467.7028,28545800
2026-01-14,463.5194,465.2484,454.2879,456.484,28184300
2026-01-15,461.1941,461.3233,453.0259,453.7812,23225800
2026-01-16,454.9438,460.27,453.6023,456.961,34246700
2026-01-20,448.3754,453.9202,446.4476,451.6546,26130000
2026-01-21,449.7467,449.8361,435.9145,441.3102,37980500
2026-01-22,444.7981,449.9852,441.8965,448.2959,25349400
2026-01-23,449.0213,468.1301,447.6898,463.0126,38000200
2026-01-26,462.3766,471.2602,459.0874,467.3152,29291200
2026-01-27,470.7138,479.8259,470.1771,477.5504,29213900
2026-01-28,480.1637,480.6904,474.9866,478.5937,36875400
2026-01-29,437.2162,439.7104,418.3658,430.7672,128855300
2026-01-30,436.4014,436.8287,423.7616,427.5774,58566800
2026-02-02,427.5277,428.0246,419.5881,420.701,42219900
2026-02-03,419.3496,419.3893,405.9844,408.6176,61424100
2026-02-04,408.409,417.1535,406.6601,411.5789,45012400
2026-02-05,404.8714,405.726,389.8467,391.1882,66289200
2026-02-06,396.6536,399.257,390.443,398.6111,53515300
2026-02-09,402.2977,412.2745,398.3428,410.9926,45480500
2026-02-10,416.9746,421.0091,410.0983,410.6647,44857900
2026-02-11,413.5563,413.8345,398.4819,401.8207,42491000
2026-02-12,402.4468,403.6392,395.5009,399.3067,40802400
2026-02-13,401.9003,402.9834,395.5406,398.79,34091600
2026-02-17,396.7033,397.9951,392.0428,394.3581,32078800
2026-02-18,395.6201,400.0222,393.8215,397.0808,23223400
2026-02-19,399.0728,402.7977,395.069,396.8518,28234000
2026-02-20,394.5112,398.5051,393.5651,395.6267,34015200
2026-02-23,393.4057,393.7642,381.5537,382.9182,43238300
2026-02-24,382.5896,387.7885,380.1694,387.43,33884700
2026-02-25,388.9538,399.8496,388.5853,398.9831,43625500
2026-02-26,403.0765,405.8453,397.1306,400.0986,34405900
2026-02-27,389.3024,395.2184,388.3064,391.1548,51367200
2026-03-02,391.2743,399.5707,389.0534,396.9414,35474900
2026-03-03,391.5533,405.0585,391.0852,402.2997,38199200
2026-03-04,399.6504,409.371,398.6943,403.5646,35808000
2026-03-05,402.7877,409.9487,402.7678,409.0224,39001300
2026-03-06,407.5484,411.3829,406.8612,407.3094,31123900
2026-03-09,403.2857,408.5543,401.8714,407.7576,30131900
2026-03-10,408.3751,408.5444,401.3037,404.1223,31706400
2026-03-11,403.9331,407.3592,399.9691,403.2458,25512100
2026-03-12,402.9969,404.4809,400.0886,400.238,27263900
2026-03-13,399.3815,403.1662,392.6588,393.9535,26848000
2026-03-16,396.4633,399.013,393.1966,398.3358,27733700
2026-03-17,398.6544,402.7678,396.1446,397.7979,26228300
2026-03-18,395.5272,396.3936,389.4219,390.2087,25908500
2026-03-19,388.5255,390.9059,385.4978,387.4499,25138800
2026-03-20,385.2289,385.438,378.5858,380.3287,50853200
2026-03-23,382.3506,385.6472,380.1395,381.4542,29680100
2026-03-24,380.8167,380.9263,370.3492,371.2356,42733600
2026-03-25,375.3987,375.5381,368.1381,369.5424,31181200
2026-03-26,369.3234,373.2076,363.7161,364.4929,36836600
2026-03-27,360.4393,360.9871,355.0711,355.33,37883400
2026-03-30,360.4393,363.8853,354.842,357.5112,44797000
2026-03-31,363.0786,371.3949,361.6046,368.676,45244400
2026-04-01,371.9825,372.4805,366.7139,367.8792,29417200
2026-04-02,365.7279,372.132,362.6802,371.9527,24099100
2026-04-06,371.9825,372.2216,368.0086,371.375,16146600
2026-04-07,368.8453,370.9468,365.0805,370.7874,21443300
2026-04-08,383.4262,383.4461,369.911,372.8192,33064800
2026-04-09,370.9966,371.9925,365.5685,371.5643,30435300
2026-04-10,371.4746,374.1239,368.5365,369.3731,28111100
2026-04-13,372.1021,382.988,369.5225,382.8186,35745800
2026-04-14,386.3543,393.097,384.9599,391.5233,37504500
2026-04-15,396.3936,412.6976,395.1288,409.5603,45063400
2026-04-16,418.1654,419.1215,410.4766,418.5638,41642400
2026-04-17,423.1054,429.8381,418.9921,421.0836,48568200
2026-04-20,419.4502,421.6214,414.6198,416.3826,27582200
2026-04-21,418.5439,425.4559,415.5162,422.4481,32048500
2026-04-22,424.4699,431.9495,421.96,431.1727,29378200
2026-04-23,418.1953,421.95,409.7495,414.072,38308000
2026-04-24,415.2871,423.2349,414.1218,422.9062,27457400
2026-04-27,420.6752,425.3861,415.3867,423.1054,30867300
2026-04-28,422.8564,428.1848,420.1971,427.5175,30438100
2026-04-29,422.8663,425.0973,418.5936,422.7468,38288300
2026-04-30,409.1519,412.7474,396.4036,406.1342,70909400
2026-05-01,411.1339,415.4265,408.7834,412.7673,31372400
2026-05-04,409.879,419.0817,409.1419,411.9506,28066500
2026-05-05,413.6437,415.0978,407.15,409.7196,25700900
2026-05-06,406.3532,416.7312,403.4749,412.2892,30285900
2026-05-07,418.4144,426.2526,417.0698,419.0717,34942400
2026-05-08,415.7054,416.9404,412.329,413.4445,33383800
2026-05-11,406.2238,411.0243,403.8633,410.9944,35657900
2026-05-12,412.8071,413.823,404.9988,406.1242,38594200
2026-05-13,401.5727,404.6701,399.4114,403.5745,29667100
2026-05-14,402.8475,410.1778,399.262,407.7775,27077500
2026-05-15,412.5979,426.4418,411.2434,420.2171,50771200
2026-05-18,414.9385,423.4042,413.9325,421.8306,32564100
2026-05-19,428.1649,430.9536,414.809,415.7353,33018700
2026-05-20,412.4984,420.3963,409.6399,419.3605,27864000
2026-05-21,423.9519,425.5389,414.9289,418.3025,31393500
2026-05-22,418.7517,423.6026,415.5477,417.7835,22390300
2026-05-26,415.6475,418.9813,412.2439,415.2483,30398000
2026-05-27,410.2377,415.1585,408.8104,411.8946,28901500
2026-05-28,412.204,428.683,411.8946,426.1877,47250500
2026-05-29,431.7372,449.4838,431.5476,449.394,79654400
2026-06-01,463.9666,465.4438,457.4089,459.6547,53628900
2026-06-02,446.0403,452.6479,439.6024,440.4808,37036800
2026-06-03,437.6262,439.5625,423.4529,426.537,39037000
2026-06-04,434.9911,435.3305,425.6088,427.2457,26899500
2026-06-05,427.5351,428.663,413.6213,415.8871,34782200
2026-06-08,413.3619,416.3762,407.7923,410.9663,32086700
2026-06-09,408.2614,411.2059,397.7313,402.652,35317300
2026-06-10,397.8011,404.2789,396.4137,396.6133,32576000
2026-06-11,394.4674,396.1043,383.2785,389.6066,47224100
2026-06-12,390.6945,391.0039,381.5517,390.0058,34865800
2026-06-15,396.0544,400.9951,392.1119,399.0089,32266400
2026-06-16,395.0463,396.0944,389.9559,393.09,31506800
2026-06-17,389.5167,389.6365,376.611,378.198,41987800
2026-06-18,377.1101,380.6534,372.5786,378.6871,59714200
2026-06-22,375.034,380.9129,366.3803,366.6498,45171100
2026-06-23,371.6803,376.5112,369.9735,373.2374,40647600
2026-06-24,370.8719,378.1681,364.0946,364.7733,44509900
2026-06-25,362.0883,363.5456,348.5439,352.167,66179000
2026-06-26,356.4789,375.9023,354.7621,372.2692,186201600
2026-06-29,376.7907,379.785,359.2237,367.8775,51229900
2026-06-30,370.3328,373.447,366.7596,372.3191,44945700
2026-07-01,380.1144,388.0994,374.1856,383.558,48065800
2026-07-02,383.7576,391.4631,382.979,389.7563,42128900
2026-07-06,386.3128,388.4188,380.5037,386.0133,34224500
2026-07-07,391.7525,394.8267,387.4905,388.1094,29297500
2026-07-08,383.3084,384.586,380.6135,382.6197,25908300
2026-07-09,373.7464,383.9273,372.6485,383.6378,31083200
2026-07-10,387.0713,391.1736,380.7832,384.3764,24644600
2026-07-13,387.0214,392.9103,383.4282,390.2553,28914900
2026-07-14,382.1007,387.4606,377.9385,384.2067,27863900
2026-07-15,387.0713,398.2104,385.674,394.8866,36253700
2026-07-16,397.5616,405.2271,391.3133,400.3463,37047400
2026-07-17,394.118,397.6414,388.6583,393.08,33049800
2026-07-20,390.6746,402.4224,388.9179,401.5341,27915800
2026-07-21,398.0606,400.7156,395.5753,397.0026,24126600
2026-07-22,398.8292,400.2465,386.2329,389.6066,28142500
2026-07-23,389.2373,391.0439,376.6809,380.863,30351800
2026-07-24,386.3227,388.299,379.9348,380.9828,27659400
2026-07-27,389.347,393.4593,387.261,388.3689,27856200
2026-07-28,392.4213,399.5678,390.5647,392.6109,32367500
2026-07-29,392.6608,400.4961,388.0095,389.8062,47209000
2026-07-30,437.0772,457.8281,431.6275,450.2524,110160700
2026-07-31,449.1545,465.9628,448.4857,463.8468,60846000
2026-08-03,475.2354,490.7262,474.1075,486.7337,66762100
2026-08-04,479.9964,498.5016,478.2697,491.884,50455500
2026-08-05,495.4273,497.3038,484.7674,486.5441,33388900
2026-08-06,487.632,500.6176,487.6021,498.9207,36441500
2026-08-07,498.272,504.2308,497.7929,499.0505,28846200
2026-08-10,502.4941,512.7647,501.3262,505.1091,31206100
2026-08-11,503.3824,504.3805,498.6113,502.8633,23049800
2026-08-12,499.0505,500.5577,490.5964,491.5047,29001500
2026-08-13,492.3431,500.398,492.0837,495.9464,23039000
2026-08-14,495.4273,499.0705,492.9919,494.4691,16217600
2026-08-17,489.2191,491.7343,477.5111,479.4474,29635800
2026-08-18,480.6352,483.3601,476.2534,480.725,24087600
2026-08-19,479.168,488.3806,478.4593,483.4,19961900
2026-08-20,483.3,484.16,479.5,481.15,20020800
2026-08-21,479.88,486.36,478.53,483.24,22510774
2026-08-24,483.205,490.605,481.86,487.31,16754809
2026-08-25,485.565,492.435,484.3,491.71,19144017
2026-08-26,487.85,497.4,487.31,496.37,19997284
2026-08-27,494.655,506.47,490.08,505.06,28615865
