date,open,high,low,close,volume
2016-08-11,1.6353,1.656,1.6353,1.6519,30016722
2016-08-12,1.6519,1.6685,1.6498,1.6581,29401628
2016-08-15,1.6415,1.683,1.6415,1.6664,30046700
2016-08-16,1.6706,1.7183,1.6706,1.7141,37033284
2016-08-17,1.7162,1.7162,1.6913,1.7038,28233272
2016-08-18,1.7017,1.7079,1.6996,1.7038,36234038
2016-08-19,1.6975,1.6975,1.6872,1.6892,12172052
2016-08-22,1.6955,1.7017,1.6851,1.6892,11496734
2016-08-23,1.6664,1.6934,1.5979,1.6187,37184783
2016-08-24,1.6249,1.6374,1.6104,1.6208,7072504
2016-08-25,1.6291,1.6477,1.627,1.6394,22745610
2016-08-26,1.6394,1.6436,1.6311,1.6353,5928505
2016-08-29,1.6436,1.6789,1.6332,1.6332,10324095
2016-08-30,1.6457,1.656,1.6353,1.6374,16430597
2016-09-01,1.6394,1.6394,1.6187,1.6228,7540382
2016-09-02,1.656,1.6581,1.6208,1.6394,16632149
2016-09-05,1.6228,1.6291,1.6228,1.6228,4980704
2016-09-06,1.6228,1.6353,1.6228,1.6353,14280982
2016-09-07,1.6291,1.6436,1.6291,1.6394,12592018
2016-09-08,1.6394,1.6415,1.6311,1.6311,5520316
2016-09-09,1.6374,1.6394,1.6291,1.6311,15797035
2016-09-13,1.6208,1.6332,1.6083,1.6166,10698290
2016-09-14,1.6083,1.6083,1.5876,1.5896,8794391
2016-09-15,1.5834,1.6104,1.5689,1.5917,21009537
2016-09-19,1.5318,1.5417,1.5199,1.5199,4138899
2016-09-20,1.5219,1.5417,1.5199,1.5377,3799232
2016-09-21,1.5377,1.5536,1.5338,1.5397,5768709
2016-09-22,1.5437,1.5755,1.5417,1.5676,13386179
2016-09-23,1.5616,1.5755,1.5596,1.5695,8798674
2016-09-26,1.5636,1.5695,1.5258,1.5457,2966260
2016-09-27,1.5457,1.5536,1.5238,1.5238,4740074
2016-09-28,1.5258,1.5497,1.5199,1.5199,8454189
2016-09-29,1.5298,1.5497,1.5278,1.5437,5521655
2016-09-30,1.5358,1.5358,1.5199,1.5199,8456598
2016-10-04,1.5377,1.5437,1.5079,1.5119,8162435
2016-10-05,1.5119,1.5616,1.5119,1.5517,17440764
2016-10-06,1.5517,1.5775,1.5477,1.5477,14452555
2016-10-07,1.5636,1.5695,1.5219,1.5695,7926622
2016-10-10,1.5695,1.5695,1.5437,1.5437,2106253
2016-10-11,1.5437,1.5735,1.5437,1.5556,33723878
2016-10-12,1.5676,1.5676,1.5457,1.5656,8441341
2016-10-13,1.5616,1.5676,1.5477,1.5596,15778031
2016-10-14,1.5596,1.5656,1.5556,1.5616,32663926
2016-10-17,1.5616,1.5616,1.5318,1.5397,35709682
2016-10-18,1.5477,1.5695,1.5377,1.5695,52818542
2016-10-19,1.5596,1.5795,1.5576,1.5795,31204083
2016-10-20,1.5735,1.5834,1.5735,1.5815,15699337
2016-10-21,1.5795,1.5934,1.5755,1.5854,41671378
2016-10-24,1.5795,1.6033,1.5795,1.5934,12203636
2016-10-25,1.5993,1.6073,1.5894,1.5993,32025278
2016-10-26,1.6013,1.6093,1.5934,1.6093,20535771
2016-10-27,1.5854,1.6132,1.5834,1.6093,21232502
2016-10-28,1.5954,1.6212,1.5934,1.6172,18522129
2016-10-31,1.6172,1.647,1.5993,1.6272,27568661
2016-11-01,1.6411,1.6411,1.6013,1.6013,19273732
2016-11-02,1.6093,1.6272,1.6053,1.6113,29409123
2016-11-03,1.5993,1.6272,1.5993,1.6212,18192366
2016-11-04,1.6113,1.6371,1.6113,1.6331,27093823
2016-11-07,1.6291,1.655,1.6232,1.6371,34770982
2016-11-08,1.6391,1.655,1.6371,1.651,30165276
2016-11-09,1.645,1.645,1.5874,1.6291,39418177
2016-11-10,1.6291,1.653,1.6291,1.6371,29905373
2016-11-11,1.6212,1.647,1.6172,1.6291,30011636
2016-11-14,1.7256,1.7277,1.6744,1.6744,25201969
2016-11-15,1.685,1.7341,1.6786,1.7256,29587655
2016-11-16,1.7128,1.7277,1.7064,1.7106,23922532
2016-11-17,1.717,1.7256,1.7042,1.717,11217559
2016-11-18,1.7064,1.717,1.6872,1.7149,12468089
2016-11-21,1.7042,1.7256,1.7042,1.717,15889914
2016-11-22,1.717,1.7192,1.6957,1.6957,14657854
2016-11-23,1.7192,1.7192,1.7,1.7192,13190784
2016-11-24,1.7192,1.7192,1.7064,1.7149,12683024
2016-11-25,1.7085,1.7277,1.7085,1.7277,18152752
2016-11-28,1.7192,1.749,1.7192,1.7405,13817119
2016-11-29,1.7384,1.749,1.7341,1.7384,16650082
2016-11-30,1.7426,1.7448,1.6978,1.6978,36529272
2016-12-01,1.7021,1.7362,1.6978,1.7277,17616619
2016-12-02,1.7277,1.749,1.7277,1.7341,18427108
2016-12-05,1.7448,1.764,1.7298,1.732,13496189
2016-12-06,1.7426,1.7576,1.7256,1.7298,19769179
2016-12-07,1.7405,1.749,1.7298,1.7298,27720694
2016-12-08,1.7384,1.7405,1.7341,1.7362,33713707
2016-12-09,1.7362,1.7405,1.7341,1.7362,13859142
2016-12-13,1.7405,1.7405,1.7277,1.7384,29618972
2016-12-14,1.7405,1.7426,1.732,1.7384,34620822
2016-12-15,1.7277,1.7426,1.7277,1.7384,10850056
2016-12-16,1.7384,1.7405,1.7256,1.7256,25475523
2016-12-19,1.7256,1.7384,1.7256,1.7384,8541715
2016-12-20,1.7341,1.7362,1.732,1.7341,12705507
2016-12-21,1.7384,1.7384,1.7192,1.7192,16691303
2016-12-22,1.7298,1.7298,1.7149,1.7192,15031246
2016-12-23,1.7192,1.7256,1.7128,1.7128,10160552
2016-12-27,1.7256,1.7256,1.717,1.7213,28356398
2016-12-28,1.7256,1.7384,1.7192,1.7234,32783840
2016-12-29,1.7256,1.7405,1.7192,1.7362,29239959
2016-12-30,1.7384,1.7384,1.7256,1.7277,23860166
2017-01-02,1.7277,1.7277,1.7277,1.7277,0
2017-01-03,1.7277,1.7469,1.7277,1.7469,13303470
2017-01-04,1.7469,1.8152,1.7405,1.8109,37156678
2017-01-05,1.8109,1.8237,1.8088,1.8194,23807972
2017-01-06,1.8194,1.8344,1.8173,1.8237,36076651
2017-01-09,1.8237,1.8237,1.8024,1.8024,7186797
2017-01-10,1.7938,1.813,1.7938,1.8024,17151150
2017-01-11,1.8024,1.813,1.8024,1.813,14147953
2017-01-12,1.8109,1.8322,1.8109,1.813,31444713
2017-01-13,1.8237,1.8258,1.8109,1.8173,31673834
2017-01-16,1.813,1.8152,1.8024,1.8024,23383723
2017-01-17,1.8024,1.8173,1.8024,1.8109,18298361
2017-01-18,1.813,1.8301,1.8109,1.8173,23245876
2017-01-19,1.8173,1.8237,1.8109,1.8216,17113945
2017-01-20,1.8194,1.8258,1.8152,1.8173,22704925
2017-01-23,1.8301,1.8791,1.8237,1.8557,29446864
2017-01-24,1.8685,1.8685,1.8472,1.8514,20433523
2017-01-25,1.8535,1.8621,1.8514,1.8557,37400520
2017-01-26,1.8557,1.8813,1.8471,1.8813,23122215
2017-01-27,1.9559,1.9773,1.9559,1.9687,46902617
2017-01-31,1.973,1.973,1.9005,1.9005,34322109
2017-02-02,1.9005,1.9325,1.9005,1.9282,31219607
2017-02-03,1.9282,1.9367,1.9218,1.9282,31527689
2017-02-06,1.9325,1.9325,1.9133,1.9197,27097571
2017-02-07,1.9197,1.9197,1.9026,1.9069,19979028
2017-02-08,1.9069,1.9154,1.9069,1.9154,22326180
2017-02-10,1.9197,1.9303,1.9133,1.9175,31224157
2017-02-13,1.9303,1.9346,1.9197,1.9346,21775058
2017-02-14,1.9367,1.9687,1.9367,1.9645,53697553
2017-02-15,1.9666,1.9687,1.9346,1.941,42508098
2017-02-16,1.9431,1.9623,1.9431,1.9495,31724155
2017-02-17,1.9517,1.9559,1.9474,1.9517,33761351
2017-02-20,1.9517,1.9687,1.9431,1.9623,26064920
2017-02-21,1.9623,1.9837,1.9517,1.9559,26024503
2017-02-22,1.9559,1.9623,1.9367,1.9474,30523144
2017-02-23,1.9303,1.9773,1.9303,1.9538,31825600
2017-02-24,1.9559,1.9645,1.9495,1.9623,19392307
2017-02-27,1.9709,1.973,1.9346,1.9346,25029593
2017-02-28,1.9474,1.9602,1.9111,1.9111,38905599
2017-03-01,1.9197,1.9325,1.909,1.9282,31312219
2017-03-02,1.9346,1.9517,1.9346,1.9453,25639601
2017-03-03,1.9431,1.9559,1.9197,1.941,14812564
2017-03-06,1.9346,1.9559,1.9346,1.9495,15167220
2017-03-07,1.9453,1.9538,1.941,1.9431,19295948
2017-03-08,1.9453,1.9517,1.941,1.941,20494283
2017-03-09,1.9389,1.9474,1.9346,1.941,17595206
2017-03-10,1.9303,1.9495,1.9175,1.9495,27407794
2017-03-13,1.9495,1.9559,1.9389,1.9474,16234667
2017-03-14,1.9453,1.9559,1.9325,1.9474,27924655
2017-03-15,1.9282,1.9495,1.9282,1.9474,7794931
2017-03-16,1.9538,1.9901,1.9453,1.9837,29996112
2017-03-17,1.9837,2.0114,1.9815,1.9922,57545233
2017-03-20,1.9922,1.9943,1.9559,1.9837,10606749
2017-03-21,1.9645,1.9922,1.9623,1.9837,12809094
2017-03-22,1.9751,1.9815,1.9495,1.9751,16130545
2017-03-23,1.9922,2.037,1.9794,2.0263,64143971
2017-03-24,2.0263,2.0327,1.9986,2.005,34255728
2017-03-27,1.9773,2.0157,1.9773,2.0157,27015398
2017-03-28,2.0135,2.0135,2.0007,2.0029,18387494
2017-03-29,2.005,2.005,1.9879,2.005,25368992
2017-03-30,2.005,2.005,1.9773,1.9837,32578808
2017-03-31,1.9794,1.9837,1.973,1.9794,22485173
2017-04-03,1.9751,1.9837,1.9751,1.9815,9347921
2017-04-04,1.9751,1.9901,1.9751,1.9858,22723930
2017-04-05,1.9837,1.9901,1.9794,1.9879,19701192
2017-04-06,1.9773,1.9901,1.9751,1.9879,21704930
2017-04-07,1.9879,1.9901,1.9858,1.9879,40523900
2017-04-10,1.9773,1.9943,1.9773,1.9922,9384324
2017-04-11,1.9858,1.9879,1.9773,1.9879,33766704
2017-04-12,1.9815,1.9879,1.9773,1.9837,14806408
2017-04-13,1.9773,1.9858,1.9751,1.9794,16882147
2017-04-14,1.9773,1.9815,1.9709,1.9773,12042234
2017-04-17,1.9687,1.9815,1.9687,1.9794,7796269
2017-04-18,1.9794,1.9837,1.9751,1.9794,41155321
2017-04-19,2.0056,2.0164,2.0034,2.0077,12149568
2017-04-20,2.0077,2.0143,2.0077,2.0099,10593365
2017-04-21,2.0034,2.0143,2.0034,2.0121,13031255
2017-04-24,2.0121,2.0121,2.0121,2.0121,0
2017-04-25,2.0229,2.0251,2.0143,2.0251,27933755
2017-04-26,2.0186,2.0294,2.0186,2.0251,14095490
2017-04-27,2.0121,2.0294,2.0121,2.0251,17229309
2017-04-28,2.0208,2.0294,2.0208,2.0251,23915037
2017-05-02,2.0273,2.0273,2.0143,2.0251,25492386
2017-05-03,2.0251,2.0273,2.0186,2.0186,24117392
2017-05-04,2.0229,2.0229,2.0164,2.0186,18481444
2017-05-05,2.0229,2.0273,2.0208,2.0229,26372467
2017-05-08,2.0121,2.0251,2.0121,2.0229,10594704
2017-05-09,2.0186,2.0251,2.0186,2.0208,18574591
2017-05-11,2.0251,2.0294,2.0208,2.0251,58754542
2017-05-12,2.0251,2.0273,2.0121,2.0251,28251206
2017-05-15,2.0251,2.0251,2.0186,2.0251,22256587
2017-05-16,2.0251,2.0251,2.0143,2.0251,17499650
2017-05-17,2.0251,2.0294,2.0164,2.0229,40555217
2017-05-18,2.0229,2.0251,2.0077,2.0229,12685968
2017-05-19,2.0251,2.0251,2.0186,2.0208,72616897
2017-05-22,2.0208,2.0251,2.0186,2.0208,18287119
2017-05-23,2.0251,2.0555,2.0121,2.0229,11416702
2017-05-24,2.0251,2.0294,2.0208,2.0229,23963752
2017-05-25,2.0186,2.0294,2.0121,2.0186,29114960
2017-05-26,2.0381,2.0468,2.0186,2.0251,19734918
2017-05-29,2.0186,2.0316,2.0186,2.0251,21453861
2017-05-31,2.0164,2.0273,2.0164,2.0229,30134762
2017-06-01,2.0186,2.0294,2.0186,2.0229,26460529
2017-06-02,2.0208,2.0946,2.0208,2.0837,43604720
2017-06-05,2.0381,2.0859,2.0381,2.0794,35213164
2017-06-06,2.0794,2.0837,2.0729,2.0772,26043239
2017-06-07,2.0642,2.0837,2.062,2.0772,27654046
2017-06-08,2.0729,2.0837,2.0729,2.0815,8018699
2017-06-09,2.0729,2.0967,2.0729,2.0815,9271369
2017-06-13,2.0794,2.0902,2.0685,2.0859,23210812
2017-06-14,2.0924,2.0924,2.0815,2.088,25503360
2017-06-15,2.088,2.0902,2.0815,2.0859,17653022
2017-06-16,2.0902,2.0989,2.0837,2.088,34963701
2017-06-19,2.088,2.088,2.0794,2.0837,28692852
2017-06-20,2.0924,2.0924,2.0837,2.0859,26424929
2017-06-21,2.0902,2.0902,2.075,2.0815,21337159
2017-06-22,2.0837,2.0859,2.0815,2.0837,21746418
2017-06-23,2.0924,2.0924,2.0837,2.0859,6688137
2017-06-26,2.0859,2.0859,2.0859,2.0859,0
2017-06-27,2.0859,2.0859,2.0859,2.0859,0
2017-06-28,2.0729,2.1054,2.0729,2.0859,14705498
2017-06-29,2.0837,2.0859,2.0729,2.0772,7704460
2017-06-30,2.0772,2.0902,2.0468,2.062,32895991
2017-07-03,2.0837,2.0837,2.0577,2.0642,23353209
2017-07-04,2.0642,2.0685,2.062,2.0642,17067639
2017-07-05,2.062,2.0663,2.062,2.0642,20565749
2017-07-06,2.0642,2.0729,2.0642,2.0685,23552084
2017-07-07,2.0685,2.0729,2.0663,2.0707,25742652
2017-07-10,2.0859,2.0859,2.0663,2.0707,20013289
2017-07-11,2.0707,2.0707,2.0663,2.0663,14926857
2017-07-12,2.062,2.075,2.062,2.0707,10843364
2017-07-13,2.0707,2.0837,2.0663,2.0707,18548896
2017-07-14,2.0729,2.0772,2.0707,2.0729,16998582
2017-07-17,2.0794,2.0837,2.062,2.0685,15793020
2017-07-18,2.0729,2.0729,2.062,2.0729,29180002
2017-07-19,2.062,2.0794,2.062,2.0729,18348415
2017-07-20,2.0729,2.0772,2.0729,2.075,28203561
2017-07-21,2.0642,2.0729,2.0642,2.0707,12962198
2017-07-24,2.0663,2.075,2.0663,2.0729,22678427
2017-07-25,2.0772,2.0794,2.0685,2.0729,12811235
2017-07-26,2.0729,2.0729,2.0685,2.0729,24914765
2017-07-27,2.0729,2.075,2.0685,2.0707,19556921
2017-07-28,2.0707,2.0729,2.062,2.062,32095406
2017-07-31,2.0642,2.0642,2.0512,2.0512,18314957
2017-08-01,2.0598,2.0642,2.036,2.036,18235460
2017-08-02,2.0403,2.0468,2.0273,2.0381,33928106
2017-08-03,2.0381,2.0446,2.0316,2.0403,12546515
2017-08-04,2.0425,2.0425,2.036,2.0403,7004517
2017-08-07,2.0403,2.0403,2.036,2.0381,6440548
2017-08-08,2.0381,2.0468,2.0381,2.0425,19880260
2017-08-09,2.0381,2.0446,2.0338,2.0425,12206045
2017-08-10,2.0446,2.049,2.036,2.0446,6968382
2017-08-11,2.0425,2.0446,2.0381,2.0425,14095758
2017-08-14,2.0425,2.0446,2.0338,2.0403,13285805
2017-08-15,2.049,2.049,2.0316,2.036,8867463
2017-08-16,2.0316,2.0338,2.0143,2.0186,22462421
2017-08-17,2.0077,2.0229,2.0077,2.0186,15748855
2017-08-18,2.0143,2.0143,1.9969,2.0143,8091503
2017-08-21,2.0164,2.0164,2.0056,2.0099,14725038
2017-08-22,2.0186,2.0251,2.0121,2.0208,29827751
2017-08-23,2.0121,2.0208,2.0121,2.0186,11911079
2017-08-24,2.0229,2.0229,2.0012,2.0034,17673097
2017-08-25,1.9947,2.0077,1.9687,1.9817,21391762
2017-08-28,1.9925,2.0229,1.973,1.973,19496696
2017-08-29,1.9665,1.973,1.9318,1.9535,13191051
2017-08-30,1.947,1.9708,1.9383,1.9535,22667988
2017-08-31,1.9535,1.9535,1.9535,1.9535,0
2017-09-01,1.9535,1.9535,1.9535,1.9535,0
2017-09-04,1.9535,1.9535,1.9535,1.9535,0
2017-09-05,1.9882,2.0099,1.9448,1.9535,19025339
2017-09-06,1.9578,1.9795,1.9448,1.9687,8624691
2017-09-07,1.9622,1.9925,1.96,1.96,23858828
2017-09-08,1.96,1.973,1.96,1.9687,13760909
2017-09-11,1.9665,1.9882,1.9665,1.9839,20319230
2017-09-12,1.9795,1.9969,1.9665,1.9817,16393124
2017-09-13,1.973,1.9904,1.9687,1.9839,20832878
2017-09-14,1.9795,1.9882,1.9774,1.9839,17190765
2017-09-15,1.9882,1.9969,1.9708,1.9969,32128596
2017-09-18,1.9839,1.9991,1.9795,1.9947,9189196
2017-09-19,2.0034,2.0056,1.9752,1.9925,15247251
2017-09-20,2.0056,2.0056,1.9774,1.9817,9921259
2017-09-21,1.9969,1.9969,1.9795,1.9817,19074589
2017-09-22,1.9817,1.9817,1.9817,1.9817,0
2017-09-25,1.9795,1.9817,1.9708,1.9752,7123628
2017-09-26,1.9752,1.9947,1.9535,1.9622,10640474
2017-09-27,1.9687,1.9687,1.9535,1.9556,18030161
2017-09-28,1.9904,1.9904,1.9513,1.9556,15889647
2017-09-29,1.9622,1.9643,1.9578,1.9578,21070297
2017-10-02,1.9578,1.9578,1.947,1.9535,19682188
2017-10-03,1.9622,1.9665,1.9535,1.9622,21922809
2017-10-04,1.9578,1.9643,1.9578,1.9643,17908909
2017-10-05,1.9643,1.9795,1.9556,1.9622,14444793
2017-10-06,1.9622,1.9817,1.9622,1.9795,17786586
2017-10-09,1.9795,1.986,1.9752,1.9795,5345264
2017-10-10,1.9795,1.9839,1.9708,1.9839,5000779
2017-10-11,1.9839,1.9882,1.9643,1.973,21938601
2017-10-12,1.9839,1.9839,1.96,1.9622,20453865
2017-10-13,1.9361,1.9687,1.9361,1.9643,14583443
2017-10-16,1.9687,1.9817,1.9622,1.9708,10876019
2017-10-17,1.973,1.973,1.9622,1.9687,6110517
2017-10-18,1.9687,1.9687,1.9687,1.9687,0
2017-10-19,1.9643,1.9687,1.9578,1.9622,9099796
2017-10-20,1.9578,1.9752,1.9578,1.9665,1788535
2017-10-23,1.9752,1.9839,1.96,1.9774,13297046
2017-10-24,1.986,2.0012,1.973,1.9774,9404934
2017-10-25,1.9774,1.9774,1.9687,1.9708,9336144
2017-10-26,1.9708,1.9795,1.9556,1.9708,7129784
2017-10-27,1.9774,2.0012,1.9708,1.9904,21861246
2017-10-30,1.9969,2.0294,1.9969,2.0121,4993552
2017-10-31,2.0121,2.0121,1.9687,1.9969,17483055
2017-11-01,1.9904,1.9904,1.9708,1.973,8374157
2017-11-02,1.9774,1.9839,1.9643,1.9708,12423389
2017-11-03,1.9839,1.9839,1.9708,1.9708,8298141
2017-11-06,1.9708,1.9817,1.9665,1.9708,8291449
2017-11-07,1.973,1.9774,1.96,1.9665,14066582
2017-11-08,1.9665,1.9817,1.96,1.9665,16249120
2017-11-09,1.9665,1.9752,1.9643,1.9665,10885923
2017-11-10,1.9687,1.9708,1.9643,1.9687,12440519
2017-11-13,1.9687,1.9752,1.9643,1.9665,37763741
2017-11-14,1.9665,1.9687,1.9556,1.96,17768921
2017-11-15,1.96,1.9687,1.9491,1.9535,42405047
2017-11-16,1.9491,1.9578,1.9339,1.9535,38560312
2017-11-17,1.9708,1.9752,1.9448,1.947,22658352
2017-11-20,1.9535,1.9665,1.9426,1.9513,41383103
2017-11-21,1.9535,1.9578,1.9448,1.947,19903279
2017-11-22,1.9513,1.9535,1.9448,1.9513,56615099
2017-11-23,1.9513,1.96,1.9361,1.9383,34880993
2017-11-24,1.9405,1.947,1.9274,1.9405,98071810
2017-11-27,1.9405,1.9405,1.9405,1.9405,0
2017-11-28,1.9405,1.9405,1.9405,1.9405,0
2017-11-29,1.9405,1.9405,1.9405,1.9405,0
2017-11-30,1.3943,1.4815,1.313,1.3653,124724000
2017-12-01,1.3653,1.3653,1.3653,1.3653,0
2017-12-04,1.3778,1.4718,1.3277,1.4404,46897500
2017-12-05,1.4091,1.4718,1.359,1.4091,35185200
2017-12-06,1.4029,1.4404,1.3653,1.3778,51080000
2017-12-07,1.3841,1.4154,1.3152,1.3465,38791600
2017-12-08,1.359,1.3966,1.3465,1.3653,68108300
2017-12-11,1.3653,1.4091,1.3089,1.3277,27977300
2017-12-12,1.334,1.3402,1.3027,1.3152,33208700
2017-12-13,1.3215,1.334,1.3027,1.3152,29059800
2017-12-14,1.3215,1.3528,1.3027,1.3152,38746100
2017-12-15,1.3215,1.334,1.3027,1.3277,54628200
2017-12-18,1.3277,1.334,1.2964,1.3215,15890300
2017-12-19,1.3152,1.3215,1.2776,1.2839,29257900
2017-12-20,1.2839,1.3089,1.2776,1.2901,28612000
2017-12-21,1.3027,1.3152,1.2901,1.3089,39282300
2017-12-22,1.3027,1.3277,1.2964,1.3152,12806400
2017-12-25,1.3152,1.3152,1.3152,1.3152,0
2017-12-26,1.3215,1.4467,1.3215,1.3778,35098600
2017-12-27,1.3841,1.4217,1.3716,1.4091,15296900
2017-12-28,1.4154,1.4217,1.3966,1.3966,16650800
2017-12-29,1.4029,1.4091,1.3841,1.3841,18414100
2018-01-02,1.3841,1.3966,1.3716,1.3903,7463700
2018-01-03,1.3841,1.5469,1.3841,1.5093,37804600
2018-01-04,1.5156,1.6972,1.5156,1.6784,24084300
2018-01-05,1.691,1.8538,1.691,1.7348,26044700
2018-01-08,1.7536,1.8225,1.7097,1.7473,19817000
2018-01-09,1.7598,1.7849,1.6534,1.6847,35932400
2018-01-10,1.691,1.7724,1.6784,1.691,25294000
2018-01-11,1.7223,1.7348,1.6659,1.716,18219400
2018-01-12,1.7285,1.7473,1.6784,1.691,17226600
2018-01-15,1.7035,1.7223,1.691,1.7035,6870400
2018-01-16,1.6972,1.7035,1.6659,1.6972,14477400
2018-01-17,1.6847,1.7097,1.6722,1.7035,14189700
2018-01-18,1.7097,1.7285,1.6784,1.7285,35101400
2018-01-19,1.7285,1.8225,1.7223,1.7536,16973000
2018-01-22,1.7724,1.7849,1.7411,1.7536,9522900
2018-01-23,1.7974,1.8225,1.7724,1.8162,27983900
2018-01-24,1.8037,1.8287,1.7974,1.8099,13700000
2018-01-25,1.8162,1.8225,1.7974,1.8099,10150800
2018-01-26,1.8162,1.8851,1.8162,1.8538,20682300
2018-01-29,1.8663,1.8914,1.8475,1.8726,12036800
2018-01-30,1.8851,1.9164,1.8413,1.9164,17482000
2018-02-02,1.9164,1.9164,1.835,1.8538,28430300
2018-02-05,1.835,1.8413,1.7724,1.835,13126200
2018-02-06,1.7786,1.7849,1.6659,1.7786,33909400
2018-02-07,1.8099,1.8601,1.7411,1.7536,25036500
2018-02-08,1.7724,1.7786,1.7285,1.7285,18816800
2018-02-09,1.691,1.716,1.6784,1.7035,24193700
2018-02-12,1.7097,1.7411,1.6784,1.6784,16234900
2018-02-13,1.691,1.7097,1.6659,1.6784,23032500
2018-02-14,1.6784,1.6847,1.6346,1.6596,19839700
2018-02-15,1.6596,1.6784,1.6471,1.6722,13562900
2018-02-19,1.6722,1.7097,1.6596,1.6972,17255800
2018-02-20,1.6972,1.7411,1.691,1.7035,28126200
2018-02-21,1.7035,1.7661,1.6972,1.7097,16987200
2018-02-22,1.7035,1.7348,1.7035,1.7223,11759000
2018-02-23,1.7285,1.7536,1.7097,1.7536,14068000
2018-02-26,1.7536,1.7661,1.6784,1.7097,19149500
2018-02-27,1.716,1.7411,1.6972,1.7223,16791800
2018-02-28,1.7097,1.7348,1.6972,1.7285,28569100
2018-03-01,1.6972,1.7285,1.6972,1.7223,10122000
2018-03-02,1.7097,1.716,1.6847,1.6847,13788300
2018-03-05,1.691,1.6972,1.6409,1.6596,8808300
2018-03-06,1.6596,1.6722,1.6409,1.6409,5198400
2018-03-07,1.6409,1.6409,1.5031,1.6283,23216600
2018-03-08,1.6221,1.6409,1.5908,1.6221,19873600
2018-03-09,1.6221,1.6471,1.6095,1.6221,5829300
2018-03-12,1.6221,1.6534,1.6095,1.6534,11111800
2018-03-13,1.6471,1.6659,1.6409,1.6596,6894600
2018-03-14,1.6596,1.6659,1.6471,1.6596,10156700
2018-03-15,1.6534,1.6534,1.6346,1.6409,9519700
2018-03-16,1.6471,1.691,1.6346,1.691,26733300
2018-03-19,1.691,1.691,1.6534,1.6659,8335400
2018-03-20,1.6471,1.6659,1.6283,1.6283,8167500
2018-03-21,1.6283,1.6659,1.6283,1.6409,10520000
2018-03-22,1.6283,1.6596,1.6283,1.6409,8616600
2018-03-23,1.6158,1.6346,1.597,1.597,16932600
2018-03-26,1.597,1.6283,1.5782,1.597,8407300
2018-03-27,1.6033,1.6722,1.6033,1.6221,13535500
2018-03-28,1.6158,1.6659,1.6158,1.6409,6875000
2018-03-29,1.6471,1.6596,1.6033,1.6409,10067500
2018-03-30,1.6409,1.6659,1.6346,1.6534,7473000
2018-04-02,1.6659,1.6659,1.6409,1.6534,4171100
2018-04-03,1.6409,1.6534,1.6221,1.6346,8731900
2018-04-04,1.6471,1.6534,1.5406,1.597,21873900
2018-04-05,1.597,1.6346,1.597,1.6283,18819100
2018-04-06,1.6346,1.6409,1.6158,1.6283,6178600
2018-04-09,1.6283,1.6471,1.6221,1.6346,13480400
2018-04-10,1.6346,1.7348,1.6346,1.716,26755000
2018-04-11,1.7223,1.7786,1.6972,1.7598,23369200
2018-04-12,1.7661,1.7661,1.716,1.7536,10341000
2018-04-13,1.7411,1.7724,1.7411,1.7536,10529100
2018-04-16,1.7661,1.7661,1.7223,1.7536,5090100
2018-04-17,1.7662,1.7662,1.7347,1.7536,9424000
2018-04-18,1.7599,1.7599,1.7157,1.7599,10243200
2018-04-19,1.7662,1.7851,1.7536,1.7725,23587400
2018-04-20,1.7914,1.7977,1.7473,1.7662,7582400
2018-04-23,1.7662,1.7662,1.741,1.7536,6488500
2018-04-24,1.7536,1.7536,1.6905,1.6905,9222800
2018-04-25,1.6779,1.6779,1.577,1.6211,19522900
2018-04-26,1.6211,1.6716,1.5896,1.6085,14291300
2018-04-27,1.6211,1.6463,1.6085,1.6211,6511800
2018-04-30,1.6274,1.6842,1.6085,1.6842,15276600
2018-05-02,1.6716,1.6716,1.5959,1.6464,17066800
2018-05-03,1.6464,1.7094,1.64,1.6527,22114300
2018-05-04,1.659,1.722,1.6463,1.6968,32423200
2018-05-07,1.6968,1.7094,1.659,1.6968,15484000
2018-05-08,1.6653,1.722,1.659,1.6968,18226500
2018-05-14,1.6148,1.7725,1.5517,1.7031,18243800
2018-05-15,1.7094,1.7788,1.7094,1.7662,25724100
2018-05-16,1.7788,1.8482,1.7473,1.7599,12904900
2018-05-17,1.7662,1.7788,1.741,1.7599,9738000
2018-05-18,1.7599,1.7599,1.722,1.7599,17204300
2018-05-21,1.7662,1.8104,1.7536,1.7599,19342200
2018-05-22,1.7599,1.7851,1.7536,1.7599,19180200
2018-05-23,1.7788,1.7788,1.6842,1.6968,9949200
2018-05-24,1.7031,1.722,1.6463,1.6905,14101000
2018-05-25,1.6905,1.741,1.6527,1.741,20573400
2018-05-28,1.6968,1.6968,1.5833,1.6085,24849000
2018-05-30,1.6085,1.6085,1.6085,1.6085,0
2018-05-31,1.5265,1.5265,1.5265,1.5265,0
2018-06-01,1.5391,1.577,1.5265,1.5454,14253900
2018-06-04,1.5454,1.558,1.5265,1.5454,8541800
2018-06-05,1.5517,1.558,1.5076,1.5265,17194700
2018-06-06,1.5328,1.5833,1.5265,1.558,15806800
2018-06-07,1.577,1.6211,1.558,1.5643,19234300
2018-06-08,1.5959,1.6148,1.5707,1.5707,11430600
2018-06-11,1.577,1.6085,1.577,1.5896,14721300
2018-06-12,1.6085,1.6085,1.5833,1.5896,7378500
2018-06-13,1.577,1.6274,1.577,1.6085,9792600
2018-06-14,1.5896,1.64,1.5833,1.64,5807100
2018-06-18,1.577,1.6022,1.5454,1.577,14424800
2018-06-19,1.558,1.5833,1.5454,1.5454,6477300
2018-06-20,1.5454,1.577,1.5328,1.558,14413300
2018-06-21,1.5454,1.5517,1.4887,1.5328,10918000
2018-06-22,1.5013,1.5643,1.5013,1.5265,8125100
2018-06-25,1.5454,1.558,1.5202,1.5391,4210600
2018-06-26,1.5265,1.5454,1.5013,1.5265,7725800
2018-06-27,1.5391,1.5391,1.4823,1.5328,7808900
2018-06-28,1.5139,1.5517,1.5076,1.5328,5729900
2018-06-29,1.5265,1.5643,1.5265,1.5454,11348300
2018-07-02,1.5391,1.5454,1.5139,1.5328,6508300
2018-07-03,1.5328,1.5328,1.4319,1.4823,12424300
2018-07-04,1.4823,1.5139,1.476,1.5139,9288600
2018-07-05,1.5139,1.5202,1.4887,1.5013,6031000
2018-07-06,1.5013,1.5202,1.476,1.4823,9579100
2018-07-09,1.4823,1.5013,1.4508,1.476,10901700
2018-07-10,1.476,1.5139,1.476,1.5139,3910800
2018-07-11,1.5076,1.5202,1.4887,1.5076,7526000
2018-07-12,1.5139,1.5139,1.4823,1.495,22295500
2018-07-13,1.5076,1.5202,1.495,1.5076,10986500
2018-07-16,1.5076,1.5139,1.476,1.495,9307800
2018-07-17,1.495,1.5202,1.4823,1.5013,9238000
2018-07-18,1.5013,1.5139,1.495,1.5076,5976500
2018-07-19,1.5139,1.577,1.5139,1.5265,28394600
2018-07-20,1.5328,1.5643,1.5139,1.5391,17693700
2018-07-23,1.5517,1.558,1.5265,1.5328,3893100
2018-07-24,1.5391,1.5643,1.5391,1.5517,6535700
2018-07-25,1.5517,1.5707,1.5454,1.5517,3794400
2018-07-26,1.5517,1.5896,1.5517,1.5643,13765400
2018-07-27,1.5707,1.577,1.558,1.577,9795600
2018-07-30,1.5707,1.5896,1.5643,1.5896,10164900
2018-07-31,1.5896,1.5959,1.5707,1.5896,12931200
2018-08-01,1.5896,1.5896,1.577,1.5833,10076000
2018-08-02,1.5833,1.5896,1.5643,1.5896,10200800
2018-08-03,1.5896,1.6337,1.5896,1.6085,9950800
2018-08-06,1.6148,1.6337,1.5959,1.6211,10177400
2018-08-07,1.6337,1.6337,1.5959,1.6274,12506800
2018-08-08,1.6337,1.6464,1.6274,1.6464,7284600
2018-08-09,1.659,1.659,1.6274,1.64,12795100
2018-08-10,1.64,1.6842,1.6337,1.659,21349100
2018-08-13,1.659,1.6653,1.5959,1.6148,8951900
2018-08-14,1.6085,1.64,1.6085,1.6337,6962900
2018-08-15,1.6337,1.6527,1.6148,1.6337,4070800
2018-08-16,1.6022,1.64,1.6022,1.6337,4983400
2018-08-17,1.64,1.64,1.6274,1.6337,5005100
2018-08-20,1.6337,1.64,1.6148,1.64,8194900
2018-08-21,1.6337,1.6527,1.6274,1.64,5159700
2018-08-23,1.6274,1.659,1.6274,1.64,4789000
2018-08-24,1.64,1.6463,1.5959,1.6211,2741900
2018-08-27,1.6337,1.6337,1.6022,1.6148,2548200
2018-08-28,1.6211,1.6337,1.6022,1.6085,8023700
2018-08-29,1.6211,1.6337,1.6085,1.6148,10705100
2018-08-30,1.6274,1.6274,1.6022,1.6085,8707500
2018-09-03,1.6022,1.6779,1.577,1.6274,11074700
2018-09-04,1.6274,1.6463,1.6148,1.6337,5648700
2018-09-05,1.6274,1.6905,1.6274,1.6527,22540200
2018-09-06,1.6527,1.7347,1.6527,1.7031,19408100
2018-09-07,1.7094,1.7094,1.6905,1.6968,8011800
2018-09-12,1.6716,1.6968,1.6274,1.6274,8601800
2018-09-13,1.6337,1.6653,1.6148,1.6211,14501200
2018-09-14,1.6337,1.6653,1.6148,1.6337,14364400
2018-09-18,1.6337,1.6463,1.6085,1.6274,2391700
2018-09-19,1.64,1.6653,1.6148,1.6148,6614200
2018-09-20,1.6211,1.6527,1.6211,1.64,10407600
2018-09-21,1.6527,1.6653,1.6337,1.6527,18189500
2018-09-24,1.64,1.6463,1.6274,1.6337,5065800
2018-09-25,1.6337,1.659,1.6337,1.6527,4002100
2018-09-26,1.659,1.6653,1.6464,1.6527,2875900
2018-09-27,1.6591,1.7043,1.6527,1.7043,13124700
2018-09-28,1.6785,1.7043,1.6785,1.6849,7382300
2018-10-01,1.6978,1.7043,1.672,1.6849,2435100
2018-10-02,1.6849,1.7108,1.6849,1.7043,7098100
2018-10-03,1.6914,1.7108,1.6785,1.6978,6215000
2018-10-04,1.7108,1.7108,1.6849,1.7108,11155100
2018-10-05,1.7172,1.7237,1.6849,1.6978,12563800
2018-10-08,1.6849,1.6914,1.6462,1.6785,10913700
2018-10-09,1.6656,1.6914,1.6591,1.6785,13110900
2018-10-10,1.6914,1.6978,1.6462,1.6978,23338100
2018-10-11,1.6591,1.6849,1.6139,1.6785,49990300
2018-10-12,1.6397,1.6785,1.6397,1.6656,21836900
2018-10-15,1.672,1.6785,1.6656,1.672,9717600
2018-10-16,1.672,1.6785,1.6591,1.672,3528500
2018-10-17,1.672,1.6785,1.6591,1.672,7134000
2018-10-18,1.6591,1.6656,1.6527,1.6591,10587700
2018-10-19,1.6462,1.6527,1.6139,1.6139,16540000
2018-10-22,1.6139,1.6268,1.5687,1.5752,2198000
2018-10-23,1.5558,1.5687,1.459,1.4848,11894300
2018-10-24,1.4654,1.4848,1.4009,1.4203,14435900
2018-10-25,1.3944,1.3944,1.3299,1.3622,19199700
2018-10-26,1.3686,1.3751,1.317,1.3557,12426000
2018-10-29,1.3557,1.4138,1.3557,1.3944,14459000
2018-10-30,1.3944,1.4267,1.3944,1.4203,10651900
2018-10-31,1.4332,1.459,1.4073,1.4203,15703300
2018-11-01,1.4461,1.4719,1.4203,1.4719,5806700
2018-11-02,1.4719,1.5687,1.4719,1.5494,7595400
2018-11-05,1.5429,1.5623,1.5042,1.5429,7982500
2018-11-07,1.5494,1.6268,1.5365,1.6139,14737100
2018-11-08,1.6139,1.6268,1.5816,1.6139,10501300
2018-11-09,1.601,1.6139,1.5494,1.5816,5429900
2018-11-12,1.5365,1.5558,1.5106,1.5494,8483100
2018-11-13,1.5042,1.5623,1.5042,1.5494,6770400
2018-11-14,1.5752,1.5752,1.5235,1.5365,3597700
2018-11-15,1.5171,1.5494,1.5171,1.5235,9085200
2018-11-16,1.5429,1.5752,1.5365,1.5494,7790300
2018-11-19,1.5494,1.5881,1.5429,1.5558,8990400
2018-11-21,1.5687,1.5687,1.5365,1.5494,4607100
2018-11-22,1.5558,1.6075,1.5558,1.5881,6273100
2018-11-23,1.6139,1.6139,1.5687,1.5946,2413300
2018-11-26,1.5881,1.5881,1.53,1.5881,7332400
2018-11-27,1.5816,1.601,1.5558,1.5687,9596300
2018-11-28,1.5816,1.5816,1.5429,1.5687,8667400
2018-11-29,1.5752,1.5752,1.5429,1.5494,7382200
2018-11-30,1.5752,1.5816,1.4784,1.4784,36857600
2018-12-03,1.5106,1.5752,1.5042,1.5752,13667200
2018-12-04,1.5881,1.5946,1.5365,1.5365,6590000
2018-12-05,1.5235,1.5429,1.5042,1.5429,7961000
2018-12-06,1.5235,1.5429,1.4913,1.5042,5719600
2018-12-07,1.4977,1.53,1.4977,1.5106,4376100
2018-12-10,1.4977,1.5106,1.4784,1.4784,5104800
2018-12-11,1.4719,1.4977,1.4073,1.459,7808700
2018-12-12,1.4719,1.4784,1.4332,1.4654,7958800
2018-12-13,1.4784,1.5235,1.459,1.5106,6381900
2018-12-14,1.4977,1.5106,1.4848,1.4977,2998100
2018-12-17,1.4913,1.5106,1.4719,1.4913,4311200
2018-12-18,1.4848,1.5171,1.4525,1.4913,2666400
2018-12-19,1.5042,1.5171,1.4848,1.4848,1795300
2018-12-20,1.4654,1.4848,1.4203,1.459,8741800
2018-12-21,1.4525,1.5235,1.4396,1.5171,9690100
2018-12-24,1.5106,1.5558,1.4848,1.5235,3233100
2018-12-26,1.5171,1.53,1.4784,1.5106,2608200
2018-12-27,1.5365,1.6075,1.53,1.5752,4648500
2018-12-28,1.5752,1.5946,1.5235,1.5235,7732500
2018-12-31,1.5365,1.5946,1.53,1.5494,5746100
2019-01-02,1.5429,1.5429,1.4913,1.5106,1726400
2019-01-03,1.53,1.5429,1.4848,1.5106,2329300
2019-01-04,1.5106,1.5235,1.4719,1.4784,4648000
2019-01-07,1.4977,1.5429,1.4977,1.5235,8686100
2019-01-08,1.5365,1.5494,1.53,1.5429,6695200
2019-01-09,1.5494,1.5623,1.5365,1.5494,8534800
2019-01-10,1.5558,1.5558,1.5106,1.5235,7121500
2019-01-11,1.5365,1.5429,1.5106,1.5235,6995700
2019-01-14,1.5235,1.53,1.5042,1.5171,2008500
2019-01-15,1.5171,1.5429,1.5042,1.5235,8911900
2019-01-16,1.5106,1.5365,1.4913,1.5042,5471100
2019-01-17,1.5106,1.5171,1.5042,1.5106,4951000
2019-01-18,1.5171,1.53,1.4784,1.4848,4925200
2019-01-22,1.4977,1.4977,1.4654,1.4848,4987800
2019-01-23,1.4848,1.4913,1.4525,1.4719,5049900
2019-01-24,1.4848,1.4977,1.4719,1.4784,5897100
2019-01-25,1.4913,1.5171,1.4719,1.4848,4848000
2019-01-28,1.4913,1.4977,1.4719,1.4848,2260500
2019-01-29,1.4848,1.4848,1.4073,1.4267,8458600
2019-01-30,1.4396,1.459,1.4203,1.459,3474200
2019-01-31,1.459,1.4654,1.4461,1.4461,9314500
2019-02-04,1.4654,1.4654,1.4332,1.4461,1476500
2019-02-07,1.4525,1.4654,1.4267,1.4332,7643100
2019-02-08,1.4332,1.4461,1.4203,1.4267,11009500
2019-02-11,1.4332,1.4396,1.4203,1.4267,7925900
2019-02-12,1.4267,1.4332,1.4138,1.4203,6702600
2019-02-13,1.4203,1.4267,1.3751,1.3944,10189600
2019-02-14,1.4073,1.4203,1.388,1.4073,6075700
2019-02-15,1.4073,1.4461,1.4009,1.4267,7052500
2019-02-18,1.4396,1.4525,1.4267,1.4396,1269200
2019-02-19,1.4525,1.4784,1.4396,1.4654,7773700
2019-02-20,1.4719,1.5106,1.4654,1.4784,12267300
2019-02-21,1.4913,1.4913,1.4461,1.4784,6840100
2019-02-22,1.4784,1.4913,1.4461,1.4719,6033600
2019-02-25,1.4654,1.4719,1.4525,1.459,9910300
2019-02-26,1.4525,1.4654,1.4203,1.4396,5946400
2019-02-27,1.4396,1.4396,1.3944,1.4138,9061300
2019-02-28,1.4073,1.4332,1.388,1.4009,8928900
2019-03-01,1.4009,1.4138,1.388,1.4073,4770300
2019-03-04,1.4009,1.4073,1.3751,1.3815,8893900
2019-03-05,1.3815,1.4009,1.3815,1.388,6091700
2019-03-06,1.4073,1.4267,1.388,1.4009,7227800
2019-03-07,1.3944,1.4267,1.3944,1.4009,4045000
2019-03-08,1.4009,1.4203,1.4009,1.4073,4896700
2019-03-11,1.4073,1.4073,1.3686,1.388,7889100
2019-03-12,1.388,1.4073,1.3751,1.3944,10300100
2019-03-13,1.3944,1.4009,1.388,1.3944,8087600
2019-03-14,1.3944,1.3944,1.3686,1.388,14160900
2019-03-15,1.3944,1.4203,1.3686,1.388,47096100
2019-03-18,1.388,1.4138,1.3815,1.4073,3059500
2019-03-19,1.4073,1.4138,1.3944,1.4009,3560900
2019-03-20,1.3944,1.4203,1.3944,1.4073,9560700
2019-03-21,1.4073,1.4396,1.4009,1.4138,9406600
2019-03-22,1.4138,1.4396,1.4138,1.4396,6086000
2019-03-25,1.4203,1.4332,1.4073,1.4203,4703000
2019-03-26,1.4203,1.459,1.4203,1.4525,10495800
2019-03-27,1.4525,1.4719,1.4525,1.459,6685000
2019-03-28,1.459,1.459,1.4332,1.4396,7016200
2019-03-29,1.4332,1.459,1.4332,1.4396,10057100
2019-04-01,1.4461,1.4525,1.4009,1.4332,3377500
2019-04-02,1.4267,1.4461,1.4203,1.4267,4287700
2019-04-03,1.4203,1.4267,1.4138,1.4203,2800700
2019-04-04,1.4267,1.4267,1.4073,1.4203,2914000
2019-04-05,1.4203,1.4203,1.4073,1.4203,3314000
2019-04-08,1.4203,1.4267,1.4009,1.4203,4499100
2019-04-09,1.4138,1.4332,1.4138,1.4138,4250500
2019-04-10,1.4138,1.4332,1.4138,1.4138,10147400
2019-04-11,1.4138,1.4267,1.4073,1.4203,5665200
2019-04-12,1.4138,1.4203,1.4073,1.4138,3033400
2019-04-15,1.4203,1.4654,1.4138,1.4396,10120500
2019-04-16,1.4461,1.459,1.4203,1.4267,7807200
2019-04-17,1.4073,1.4461,1.4073,1.4461,3487600
2019-04-18,1.4138,1.459,1.4138,1.4461,11679800
2019-04-19,1.4461,1.459,1.4461,1.4525,7182500
2019-04-22,1.459,1.5502,1.459,1.5307,17838800
2019-04-23,1.5242,1.5372,1.5112,1.5242,17743200
2019-04-24,1.5307,1.5437,1.5177,1.5307,13718500
2019-04-25,1.5307,1.5372,1.5242,1.5372,11317500
2019-04-26,1.5372,1.5372,1.5177,1.5242,7002800
2019-04-29,1.5242,1.5372,1.5242,1.5372,4912300
2019-04-30,1.5307,1.5372,1.5046,1.5112,10180800
2019-05-02,1.5242,1.5372,1.5046,1.5307,7126400
2019-05-03,1.5307,1.5372,1.5177,1.5307,7960200
2019-05-06,1.5242,1.5242,1.4656,1.4786,9068000
2019-05-07,1.4851,1.4981,1.4656,1.4786,3216700
2019-05-08,1.4721,1.4786,1.4525,1.4656,6987500
2019-05-09,1.459,1.4721,1.4265,1.4395,6920600
2019-05-10,1.4395,1.4525,1.4265,1.433,6066400
2019-05-13,1.433,1.433,1.3809,1.4069,8002900
2019-05-14,1.3809,1.433,1.3548,1.4134,7247100
2019-05-15,1.42,1.459,1.4069,1.433,2414000
2019-05-16,1.433,1.4525,1.4265,1.433,2888500
2019-05-17,1.433,1.4525,1.433,1.433,2553300
2019-05-21,1.4395,1.4395,1.4004,1.4134,6110700
2019-05-23,1.3939,1.4069,1.3483,1.4004,10618600
2019-05-24,1.4004,1.446,1.3874,1.433,7640400
2019-05-27,1.446,1.4525,1.4069,1.433,2448200
2019-05-28,1.4395,1.5372,1.433,1.5372,42905900
2019-05-29,1.4851,1.5112,1.4721,1.4916,4732100
2019-05-30,1.4916,1.5046,1.4786,1.4981,12279800
2019-05-31,1.4981,1.5177,1.4916,1.5112,12465200
2019-06-03,1.4981,1.5242,1.4851,1.4981,2943000
2019-06-04,1.5046,1.5177,1.446,1.5046,5882900
2019-06-05,1.5046,1.5046,1.5046,1.5046,0
2019-06-06,1.5046,1.5046,1.5046,1.5046,0
2019-06-07,1.5046,1.5046,1.459,1.4656,2251400
2019-06-10,1.4656,1.4916,1.459,1.4916,5061700
2019-06-11,1.4786,1.5112,1.4786,1.4981,3950200
2019-06-12,1.4916,1.4981,1.4786,1.4981,2070500
2019-06-13,1.4916,1.4981,1.4786,1.4916,3915900
2019-06-14,1.4851,1.4981,1.4786,1.4916,2553600
2019-06-17,1.4981,1.4981,1.4721,1.4851,3301200
2019-06-18,1.4916,1.4981,1.459,1.4981,5612800
2019-06-19,1.4981,1.5046,1.4786,1.4916,8242300
2019-06-20,1.4786,1.5112,1.4721,1.4851,6187600
2019-06-21,1.4916,1.5046,1.4851,1.4981,16396500
2019-06-24,1.4851,1.5112,1.4851,1.4851,2219600
2019-06-25,1.4851,1.4916,1.4786,1.4916,1114700
2019-06-26,1.4916,1.4981,1.4786,1.4851,2685000
2019-06-27,1.4851,1.5112,1.4786,1.4981,6338500
2019-06-28,1.4916,1.4981,1.4721,1.4721,3453900
2019-07-01,1.4851,1.4916,1.4786,1.4851,4627800
2019-07-02,1.4981,1.5046,1.4721,1.4721,9583200
2019-07-03,1.4786,1.5046,1.4721,1.5046,8778400
2019-07-04,1.4981,1.5112,1.4916,1.5046,8055700
2019-07-05,1.4981,1.5242,1.4916,1.5177,6900300
2019-07-08,1.5177,1.5177,1.4916,1.5046,5994000
2019-07-09,1.5112,1.5242,1.4916,1.5177,5536800
2019-07-10,1.5177,1.5307,1.5112,1.5242,9628700
2019-07-11,1.5242,1.5242,1.4981,1.5046,8624800
2019-07-12,1.5046,1.5112,1.4851,1.4916,4542800
2019-07-15,1.5046,1.5046,1.4721,1.4981,4460300
2019-07-16,1.4916,1.4916,1.459,1.4656,8728600
2019-07-17,1.4721,1.4721,1.42,1.433,6956200
2019-07-18,1.4395,1.4656,1.42,1.4525,1991400
2019-07-19,1.4525,1.4851,1.4395,1.4656,3951900
2019-07-22,1.459,1.4656,1.433,1.459,2584900
2019-07-23,1.4525,1.4525,1.42,1.42,6576800
2019-07-24,1.4265,1.433,1.42,1.42,8493200
2019-07-25,1.42,1.433,1.4134,1.4265,1198000
2019-07-26,1.42,1.446,1.4134,1.4265,3595500
2019-07-29,1.4265,1.446,1.4134,1.42,2909200
2019-07-31,1.4134,1.433,1.3939,1.4265,9490700
2019-08-01,1.4265,1.4265,1.3939,1.4069,3897100
2019-08-02,1.4004,1.4069,1.3874,1.3939,6710500
2019-08-05,1.3874,1.4004,1.3679,1.3939,5826200
2019-08-06,1.3679,1.42,1.3679,1.4069,5246600
2019-08-07,1.4134,1.4134,1.3809,1.3939,5326300
2019-08-08,1.4004,1.42,1.3939,1.4069,3122000
2019-08-09,1.4069,1.446,1.4069,1.4265,3529000
2019-08-13,1.4134,1.4265,1.4004,1.4004,3838700
2019-08-14,1.4134,1.4265,1.4004,1.4134,4352400
2019-08-15,1.4069,1.4134,1.3874,1.4134,10643700
2019-08-16,1.4134,1.42,1.3939,1.4069,7036500
2019-08-19,1.4069,1.4265,1.3939,1.3939,3376800
2019-08-20,1.4004,1.4004,1.3679,1.3744,5422500
2019-08-21,1.3744,1.3809,1.3548,1.3613,4370000
2019-08-22,1.3613,1.3809,1.3483,1.3679,8172600
2019-08-23,1.3679,1.3939,1.3679,1.3939,3014300
2019-08-26,1.3679,1.3679,1.3288,1.3613,8496200
2019-08-27,1.3613,1.3744,1.3548,1.3744,9163400
2019-08-28,1.3809,1.4525,1.3809,1.433,15092100
2019-08-29,1.433,1.459,1.4265,1.4525,7721900
2019-08-30,1.4656,1.4981,1.446,1.4916,10211200
2019-09-03,1.4851,1.4981,1.4525,1.4786,10269500
2019-09-04,1.4786,1.4981,1.4656,1.4981,9458200
2019-09-05,1.4851,1.5112,1.4721,1.4786,8206800
2019-09-06,1.4786,1.5046,1.4786,1.4981,8866000
2019-09-10,1.5307,1.5567,1.4981,1.5242,9800000
2019-09-11,1.5242,1.5372,1.4981,1.5112,7897500
2019-09-12,1.5112,1.5307,1.4981,1.5112,11025300
2019-09-13,1.5046,1.5307,1.5046,1.5242,5971800
2019-09-17,1.5502,1.5567,1.5112,1.5307,11620300
2019-09-18,1.5372,1.5372,1.5112,1.5242,2449600
2019-09-19,1.5372,1.5372,1.4916,1.5046,7106500
2019-09-20,1.4981,1.5437,1.4916,1.4981,16574600
2019-09-23,1.5046,1.5112,1.4851,1.4981,3530600
2019-09-24,1.4916,1.5242,1.4916,1.5046,6182900
2019-09-25,1.5177,1.5177,1.4721,1.4786,5565700
2019-09-26,1.4916,1.4981,1.4786,1.4916,3007300
2019-09-27,1.4981,1.5112,1.4916,1.5046,3400400
2019-09-30,1.5181,1.5384,1.4911,1.5181,4161000
2019-10-01,1.5249,1.5519,1.5114,1.5519,8079700
2019-10-02,1.5316,1.5519,1.5249,1.5384,4423300
2019-10-03,1.5316,1.5519,1.5181,1.5451,3320400
2019-10-04,1.5316,1.5519,1.5249,1.5451,4414600
2019-10-07,1.5384,1.5519,1.5046,1.5181,1491400
2019-10-08,1.5181,1.5316,1.5046,1.5181,3368600
2019-10-09,1.5181,1.5451,1.5046,1.5451,12251300
2019-10-10,1.5384,1.5451,1.5046,1.5384,6109000
2019-10-11,1.5249,1.5384,1.5114,1.5249,4934400
2019-10-14,1.5451,1.5451,1.5181,1.5384,3240600
2019-10-15,1.5451,1.5519,1.5181,1.5451,6121200
2019-10-16,1.5384,1.5519,1.5316,1.5519,4579300
2019-10-17,1.5519,1.5586,1.5316,1.5451,5794400
2019-10-18,1.5519,1.5519,1.5249,1.5451,15910600
2019-10-21,1.5519,1.5519,1.5451,1.5519,616200
2019-10-22,1.5519,1.5721,1.5384,1.5654,5240600
2019-10-23,1.5519,1.5586,1.5384,1.5519,2921000
2019-10-24,1.5519,1.5654,1.5384,1.5451,3868900
2019-10-25,1.5451,1.5586,1.5316,1.5451,2079300
2019-10-29,1.5519,1.5586,1.5114,1.5249,7928400
2019-10-30,1.5451,1.5451,1.5114,1.5316,10265800
2019-10-31,1.5316,1.5451,1.5181,1.5316,4091100
2019-11-01,1.5316,1.5451,1.5114,1.5451,5170000
2019-11-04,1.5451,1.5654,1.5316,1.5519,2595300
2019-11-05,1.5451,1.5721,1.5451,1.5586,4216100
2019-11-06,1.5586,1.5654,1.5316,1.5384,3294100
2019-11-07,1.5384,1.6058,1.5316,1.5856,5808900
2019-11-08,1.5721,1.5856,1.5451,1.5451,5668400
2019-11-11,1.5384,1.5586,1.5316,1.5586,4275800
2019-11-12,1.5586,1.5856,1.5451,1.5789,5283200
2019-11-13,1.5856,1.5924,1.5654,1.5924,3586800
2019-11-14,1.5789,1.5924,1.5721,1.5789,3882000
2019-11-15,1.5721,1.6058,1.5654,1.5924,4677500
2019-11-18,1.5789,1.6058,1.5654,1.5856,3190100
2019-11-19,1.5789,1.5991,1.5789,1.5856,7497000
2019-11-20,1.6058,1.6058,1.5856,1.5924,5701800
2019-11-21,1.5991,1.5991,1.5384,1.5856,5821800
2019-11-22,1.5856,1.5924,1.5654,1.5856,2869800
2019-11-25,1.5789,1.5789,1.5519,1.5519,3973500
2019-11-26,1.5586,1.5654,1.5451,1.5586,14423900
2019-11-27,1.5586,1.5856,1.5451,1.5519,11150400
2019-11-28,1.5519,1.5654,1.5384,1.5519,5588400
2019-11-29,1.5586,1.5586,1.5181,1.5181,8105900
2019-12-02,1.5249,1.5519,1.5181,1.5519,3645000
2019-12-03,1.5519,1.5519,1.5316,1.5384,2976100
2019-12-04,1.5451,1.5586,1.5384,1.5519,4035000
2019-12-05,1.5654,1.6058,1.5519,1.5789,10661700
2019-12-06,1.5924,1.5991,1.5654,1.5991,4161500
2019-12-09,1.5789,1.6058,1.5721,1.6058,3159400
2019-12-10,1.6058,1.6058,1.5721,1.5789,4104400
2019-12-11,1.5789,1.5856,1.5519,1.5519,3729600
2019-12-12,1.5586,1.5856,1.5451,1.5721,8755400
2019-12-13,1.5789,1.5924,1.5451,1.5519,6340000
2019-12-16,1.5451,1.5654,1.5384,1.5519,3676900
2019-12-17,1.5519,1.5721,1.5249,1.5384,7820700
2019-12-18,1.5384,1.5519,1.5249,1.5519,6277400
2019-12-19,1.5586,1.5586,1.5316,1.5519,3313100
2019-12-20,1.5384,1.5519,1.5316,1.5519,14219100
2019-12-23,1.5451,1.5586,1.5316,1.5451,3544300
2019-12-24,1.5451,1.5586,1.5451,1.5519,856800
2019-12-26,1.5519,1.5519,1.5384,1.5384,337500
2019-12-27,1.5451,1.5586,1.5316,1.5586,5601500
2019-12-30,1.5519,1.5586,1.5384,1.5451,3843600
2019-12-31,1.5384,1.5451,1.4979,1.4979,7098400
2020-01-02,1.4979,1.5249,1.4979,1.5114,4474500
2020-01-03,1.5181,1.5181,1.4979,1.5114,4337100
2020-01-06,1.4979,1.5114,1.4844,1.5046,2801100
2020-01-07,1.5046,1.5316,1.4979,1.5249,4646200
2020-01-08,1.5114,1.5181,1.4911,1.5046,8006700
2020-01-09,1.5181,1.5249,1.5114,1.5181,10677100
2020-01-10,1.5249,1.5316,1.4911,1.4979,8916500
2020-01-13,1.5046,1.5114,1.4777,1.4979,4486500
2020-01-14,1.4979,1.5114,1.4844,1.5046,13204700
2020-01-15,1.5114,1.5114,1.4844,1.5046,6779600
2020-01-16,1.5046,1.5046,1.4844,1.4979,10273800
2020-01-17,1.4979,1.5316,1.4979,1.5249,16912900
2020-01-20,1.5181,1.5451,1.5114,1.5181,13915500
2020-01-21,1.5181,1.5451,1.5114,1.5114,5845100
2020-01-22,1.5114,1.5451,1.5046,1.5249,3388000
2020-01-23,1.5249,1.5316,1.4911,1.4979,4458900
2020-01-24,1.5046,1.5181,1.4979,1.5181,407800
2020-01-28,1.4911,1.4911,1.4574,1.4709,4372000
2020-01-29,1.4777,1.4777,1.4439,1.4507,3166200
2020-01-30,1.4439,1.4979,1.4439,1.4844,5382900
2020-01-31,1.4777,1.4911,1.4574,1.4709,10164500
2020-02-03,1.4439,1.4911,1.4372,1.4372,6266300
2020-02-04,1.4372,1.4642,1.4304,1.4507,5187300
2020-02-05,1.4574,1.4911,1.4574,1.4709,9250100
2020-02-06,1.4777,1.4911,1.4777,1.4844,9420300
2020-02-07,1.4911,1.4979,1.4777,1.4979,6705300
2020-02-10,1.4777,1.4911,1.4574,1.4574,4269900
2020-02-11,1.4574,1.4844,1.4574,1.4844,6302000
2020-02-12,1.4642,1.4911,1.4642,1.4911,9502500
2020-02-13,1.4844,1.4979,1.4777,1.4979,4769000
2020-02-14,1.4979,1.4979,1.4709,1.4844,4967100
2020-02-17,1.4777,1.5046,1.4574,1.4642,4691200
2020-02-18,1.4642,1.4777,1.4574,1.4709,3614900
2020-02-19,1.4709,1.4709,1.4507,1.4642,3959600
2020-02-20,1.4642,1.4777,1.4507,1.4507,6802700
2020-02-21,1.4507,1.4574,1.4169,1.4169,5192900
2020-02-24,1.3764,1.3967,1.336,1.3427,18779700
2020-02-25,1.3427,1.3764,1.336,1.3495,13759400
2020-02-26,1.3427,1.3495,1.3225,1.3427,16224000
2020-02-27,1.3495,1.3629,1.336,1.3629,3985800
2020-02-28,1.3427,1.3629,1.3292,1.3495,11400000
2020-03-02,1.3495,1.3629,1.3157,1.3225,3145200
2020-03-03,1.336,1.3629,1.3225,1.3495,7720000
2020-03-04,1.3495,1.3832,1.3427,1.3562,8526300
2020-03-05,1.3629,1.3764,1.3225,1.3495,12018900
2020-03-06,1.3495,1.3629,1.3292,1.3495,5578700
2020-03-09,1.336,1.3427,1.255,1.282,6478100
2020-03-10,1.2887,1.3225,1.282,1.2887,8145300
2020-03-11,1.2955,1.3225,1.282,1.3022,7503900
2020-03-12,1.282,1.2887,1.2482,1.2482,11614200
2020-03-13,1.2482,1.2482,1.2482,1.2482,0
2020-03-16,1.1066,1.1538,1.0526,1.1335,13096400
2020-03-17,1.0796,1.1605,1.0661,1.1538,14950100
2020-03-18,1.1605,1.1875,1.12,1.1335,17069500
2020-03-19,1.1133,1.1943,1.0593,1.1673,18662200
2020-03-20,1.147,1.1875,1.1403,1.1538,15820000
2020-03-23,1.0863,1.1268,1.0526,1.0728,12756200
2020-03-24,1.0728,1.1605,1.0728,1.1538,11636400
2020-03-25,1.201,1.228,1.1605,1.1605,9082100
2020-03-26,1.174,1.1875,1.1335,1.1335,8231400
2020-03-27,1.1605,1.1943,1.12,1.12,9200600
2020-03-30,1.12,1.1403,1.0796,1.0998,12069100
2020-03-31,1.1066,1.1605,1.0998,1.1403,12082500
2020-04-01,1.1268,1.2145,1.12,1.2145,8097100
2020-04-02,1.1875,1.2145,1.1808,1.2145,4726900
2020-04-03,1.2145,1.228,1.2078,1.2145,5888700
2020-04-06,1.2213,1.2347,1.2078,1.228,5019400
2020-04-07,1.2415,1.282,1.228,1.2685,5747300
2020-04-08,1.2752,1.2752,1.2213,1.2347,7046800
2020-04-09,1.255,1.2685,1.2078,1.228,10377900
2020-04-10,1.228,1.2415,1.2078,1.2347,2450200
2020-04-13,1.2347,1.2685,1.2213,1.2213,3279500
2020-04-14,1.2213,1.2482,1.2145,1.2145,7298000
2020-04-15,1.2213,1.2752,1.2145,1.2685,7654000
2020-04-16,1.255,1.282,1.228,1.228,12363900
2020-04-17,1.2415,1.2685,1.228,1.2482,8408500
2020-04-20,1.255,1.2752,1.2415,1.2415,11044000
2020-04-21,1.2415,1.2685,1.2213,1.2347,13264700
2020-04-22,1.2347,1.2685,1.2213,1.255,6611200
2020-04-23,1.2685,1.3562,1.255,1.3495,13814200
2020-04-24,1.3631,1.3767,1.3086,1.3631,7962900
2020-04-27,1.3767,1.3835,1.329,1.329,3035300
2020-04-28,1.329,1.3426,1.2609,1.2677,8915600
2020-04-29,1.2745,1.329,1.2745,1.3086,5091100
2020-04-30,1.3154,1.3903,1.3154,1.3631,8630100
2020-05-04,1.3426,1.3972,1.3154,1.3631,4481800
2020-05-05,1.3699,1.3835,1.329,1.3495,4239500
2020-05-06,1.3563,1.3563,1.3017,1.3086,7232800
2020-05-08,1.3154,1.3563,1.3154,1.3426,5423200
2020-05-12,1.3426,1.3426,1.3086,1.329,5185900
2020-05-13,1.3086,1.3222,1.2949,1.2949,6564800
2020-05-14,1.2949,1.3017,1.2609,1.2949,6698400
2020-05-15,1.3017,1.3426,1.2881,1.329,3394100
2020-05-18,1.3358,1.3495,1.3154,1.3358,2352100
2020-05-19,1.3426,1.3972,1.3222,1.3358,6090300
2020-05-20,1.3495,1.3767,1.329,1.3699,3501800
2020-05-21,1.3631,1.3767,1.3563,1.3767,8707600
2020-05-22,1.3699,1.4108,1.3631,1.3903,8112400
2020-05-27,1.4108,1.4244,1.3835,1.4176,5597400
2020-05-28,1.4176,1.4517,1.4108,1.4381,6894200
2020-05-29,1.4381,1.4926,1.4176,1.4244,20353900
2020-06-02,1.4244,1.4244,1.4244,1.4244,0
2020-06-03,1.4926,1.4994,1.4517,1.4721,6370800
2020-06-04,1.4721,1.4926,1.4653,1.4858,9851200
2020-06-05,1.4858,1.513,1.4653,1.4926,9043600
2020-06-09,1.5198,1.5539,1.4926,1.5062,7591800
2020-06-10,1.513,1.5335,1.4994,1.5198,12145200
2020-06-11,1.5198,1.5539,1.4858,1.5062,13329500
2020-06-12,1.4312,1.5267,1.4312,1.5267,11447100
2020-06-15,1.5267,1.5267,1.4517,1.4994,9695500
2020-06-16,1.4994,1.5267,1.4789,1.4926,8154100
2020-06-17,1.513,1.513,1.4858,1.4994,9950000
2020-06-18,1.5062,1.5062,1.4585,1.4926,7286800
2020-06-19,1.4926,1.4994,1.4517,1.4585,11999000
2020-06-22,1.4585,1.4585,1.4244,1.4381,5637000
2020-06-23,1.4381,1.4449,1.4176,1.4381,4463800
2020-06-24,1.4244,1.4381,1.404,1.4176,2123300
2020-06-25,1.404,1.4449,1.404,1.4176,1505400
2020-06-26,1.4176,1.4449,1.4176,1.4312,1769200
2020-06-29,1.4381,1.4381,1.404,1.4381,2512200
2020-06-30,1.4381,1.4789,1.4244,1.4653,7596800
2020-07-01,1.4653,1.4653,1.4176,1.4312,7027100
2020-07-02,1.4244,1.4381,1.4108,1.4244,9046800
2020-07-03,1.4244,1.4721,1.4244,1.4517,3721700
2020-07-06,1.4653,1.4721,1.4449,1.4517,1545100
2020-07-07,1.4517,1.4653,1.4312,1.4449,3730100
2020-07-08,1.4517,1.5539,1.4517,1.4789,4696400
2020-07-09,1.4994,1.4994,1.4244,1.4449,10116200
2020-07-10,1.4449,1.4858,1.4449,1.4653,5243600
2020-07-13,1.4653,1.4721,1.4517,1.4653,7120500
2020-07-14,1.4585,1.4721,1.4381,1.4517,4880800
2020-07-15,1.4381,1.4721,1.4381,1.4585,6362400
2020-07-16,1.4517,1.4585,1.4449,1.4517,365600
2020-07-17,1.4858,1.4994,1.4381,1.4585,11931000
2020-07-20,1.4653,1.4994,1.4585,1.4721,5090800
2020-07-21,1.4585,1.4721,1.4449,1.4449,5404200
2020-07-22,1.4585,1.4653,1.4381,1.4585,5126300
2020-07-23,1.4517,1.4721,1.4517,1.4653,7040600
2020-07-24,1.4653,1.4721,1.4449,1.4517,5738400
2020-07-27,1.4381,1.4858,1.4381,1.4858,1747700
2020-07-28,1.4858,1.5062,1.4721,1.4858,5511700
2020-07-29,1.4789,1.4858,1.4517,1.4653,6169200
2020-07-30,1.4585,1.5062,1.4517,1.4858,4402100
2020-08-03,1.4858,1.4858,1.4176,1.4244,4970800
2020-08-04,1.4449,1.4449,1.4176,1.4312,1502500
2020-08-05,1.4244,1.4858,1.4244,1.4517,5118400
2020-08-06,1.4789,1.4789,1.4449,1.4653,1793500
2020-08-07,1.4653,1.4858,1.4653,1.4721,3509000
2020-08-10,1.4721,1.4721,1.4517,1.4721,1297700
2020-08-11,1.4789,1.4789,1.4381,1.4449,2096400
2020-08-12,1.4312,1.4721,1.4312,1.4653,1312300
2020-08-13,1.4653,1.4789,1.4585,1.4653,4635600
2020-08-14,1.4653,1.4721,1.4517,1.4653,5130700
2020-08-17,1.4653,1.4858,1.4585,1.4653,5230100
2020-08-18,1.4585,1.4926,1.4585,1.4789,4058000
2020-08-19,1.4858,1.4858,1.4653,1.4721,2906000
2020-08-21,1.4721,1.4926,1.4653,1.4653,2799100
2020-08-24,1.4585,1.4858,1.4585,1.4789,2096500
2020-08-25,1.4653,1.5198,1.4653,1.4789,3190400
2020-08-26,1.4926,1.4994,1.4721,1.4858,3734600
2020-08-27,1.4858,1.5062,1.4721,1.4926,7892400
2020-08-28,1.5062,1.5607,1.4721,1.4926,14977400
2020-09-01,1.4994,1.5335,1.4858,1.5062,10229200
2020-09-02,1.4994,1.5675,1.4994,1.5675,11663800
2020-09-03,1.5812,1.6153,1.5607,1.6016,8391700
2020-09-04,1.5744,1.6153,1.5744,1.6153,3431500
2020-09-07,1.6016,1.6221,1.5539,1.5675,6277800
2020-09-08,1.5744,1.6016,1.5607,1.5675,10171500
2020-09-09,1.5607,1.5812,1.5539,1.5675,9935000
2020-09-10,1.588,1.6016,1.5471,1.5675,3577700
2020-09-11,1.5539,1.5675,1.513,1.5471,7833800
2020-09-14,1.5539,1.5948,1.5403,1.5539,8441400
2020-09-15,1.5539,1.6221,1.5539,1.5948,7233700
2020-09-17,1.5675,1.6289,1.5675,1.6153,7324700
2020-09-18,1.6016,1.6357,1.5812,1.5948,9752000
2020-09-21,1.5948,1.6016,1.5539,1.5675,3295700
2020-09-22,1.5744,1.6084,1.5607,1.5948,3702900
2020-09-23,1.5744,1.6016,1.5539,1.5607,6010500
2020-09-24,1.5607,1.6016,1.5471,1.6016,8556600
2020-09-25,1.6016,1.6493,1.5812,1.6357,8433200
2020-09-28,1.6357,1.6561,1.6153,1.6493,4909200
2020-09-29,1.6493,1.7243,1.6425,1.7243,16133100
2020-09-30,1.7175,1.7652,1.6834,1.697,9536700
2020-10-01,1.6902,1.7039,1.6766,1.6902,7826500
2020-10-02,1.6902,1.6973,1.6409,1.6621,4992400
2020-10-05,1.655,1.655,1.5987,1.6198,8274500
2020-10-06,1.6128,1.6902,1.6128,1.6409,5084700
2020-10-07,1.648,1.7184,1.6409,1.6832,8958500
2020-10-08,1.7254,1.7254,1.6691,1.6973,5309200
2020-10-09,1.6902,1.7606,1.6902,1.7325,5539800
2020-10-12,1.7325,1.7466,1.6761,1.7114,6852000
2020-10-13,1.7184,1.7254,1.6832,1.6973,3218800
2020-10-14,1.6832,1.6973,1.6761,1.6902,7294400
2020-10-15,1.6832,1.6902,1.6621,1.6761,1491200
2020-10-16,1.6832,1.7254,1.6832,1.7043,5439500
2020-10-19,1.7114,1.7114,1.6832,1.6902,2931800
2020-10-20,1.7254,1.7254,1.6691,1.6761,8647400
2020-10-21,1.6902,1.7466,1.6832,1.7254,5296800
2020-10-22,1.7254,1.7536,1.7043,1.7395,6961700
2020-10-23,1.7395,1.7395,1.7043,1.7184,4924800
2020-10-26,1.6832,1.7184,1.6832,1.7043,2313300
2020-10-27,1.6973,1.7184,1.6902,1.6902,6367900
2020-10-28,1.7254,1.7395,1.6902,1.7043,4128500
2020-10-30,1.7043,1.7114,1.6761,1.6973,5445400
2020-11-02,1.6973,1.7466,1.6268,1.7466,2194000
2020-11-03,1.7606,1.7606,1.655,1.655,7623800
2020-11-04,1.6621,1.7114,1.6409,1.6973,4560400
2020-11-05,1.7184,1.7184,1.6832,1.7043,2041300
2020-11-06,1.6902,1.7395,1.6902,1.7395,5121400
2020-11-09,1.7395,1.7606,1.6761,1.7325,2943300
2020-11-10,1.7466,1.7959,1.7043,1.7325,5184600
2020-11-11,1.7184,1.7606,1.648,1.6621,4379000
2020-11-12,1.6691,1.7114,1.6621,1.6902,8704800
2020-11-13,1.6973,1.7254,1.6761,1.7114,5754300
2020-11-16,1.7254,1.7325,1.6832,1.7114,4859900
2020-11-17,1.7254,1.7254,1.6832,1.7043,4661900
2020-11-18,1.7114,1.7184,1.6902,1.7043,5990500
2020-11-19,1.7043,1.7043,1.6339,1.6339,5337300
2020-11-20,1.6339,1.7043,1.6339,1.6902,2827700
2020-11-23,1.6902,1.7114,1.6902,1.7114,1411000
2020-11-24,1.7114,1.7184,1.648,1.6621,2961300
2020-11-25,1.6691,1.6973,1.648,1.6902,3289100
2020-11-26,1.6902,1.7395,1.6621,1.7114,4439900
2020-11-27,1.7184,1.7254,1.6268,1.6409,10151700
2020-11-30,1.6621,1.6832,1.6268,1.6268,14250500
2020-12-01,1.6339,1.6691,1.6339,1.648,3783500
2020-12-02,1.655,1.6621,1.6128,1.6268,13351900
2020-12-03,1.6339,1.6691,1.6128,1.655,7783800
2020-12-04,1.6621,1.6621,1.6409,1.648,2512000
2020-12-07,1.648,1.655,1.6268,1.6268,4198700
2020-12-08,1.6268,1.648,1.6198,1.6409,4677000
2020-12-09,1.6339,1.6621,1.6268,1.655,3703600
2020-12-10,1.655,1.655,1.6268,1.6339,2409600
2020-12-11,1.6409,1.648,1.6057,1.6198,4625500
2020-12-14,1.6268,1.6268,1.6057,1.6198,3685500
2020-12-15,1.6198,1.6621,1.5987,1.6409,7387400
2020-12-16,1.655,1.6691,1.6128,1.6128,7578700
2020-12-17,1.6198,1.655,1.6128,1.6339,5445700
2020-12-18,1.648,1.648,1.6057,1.6057,5425500
2020-12-21,1.6057,1.6057,1.5846,1.5916,2129800
2020-12-22,1.5916,1.5987,1.5635,1.5775,2475400
2020-12-23,1.5775,1.5987,1.5705,1.5705,2098700
2020-12-24,1.5705,1.5846,1.5705,1.5705,1636200
2020-12-28,1.5775,1.6128,1.5775,1.6128,1202000
2020-12-29,1.6057,1.6268,1.5775,1.6198,3851400
2020-12-30,1.6198,1.655,1.6128,1.655,3220400
2020-12-31,1.655,1.655,1.6128,1.6268,3087900
2021-01-04,1.6409,1.655,1.6128,1.6198,2614800
2021-01-05,1.6268,1.648,1.6057,1.648,1903100
2021-01-06,1.655,1.655,1.6198,1.6339,2283800
2021-01-07,1.6339,1.648,1.6057,1.6409,6091500
2021-01-08,1.6409,1.6409,1.6128,1.6198,5120800
2021-01-11,1.6057,1.6339,1.6057,1.6057,4266000
2021-01-12,1.6128,1.648,1.5775,1.5846,4291900
2021-01-13,1.5916,1.6339,1.5846,1.6128,6522300
2021-01-14,1.6128,1.6621,1.6057,1.6198,6517300
2021-01-15,1.6198,1.6409,1.6128,1.6268,2139100
2021-01-18,1.6268,1.6268,1.5987,1.6128,2076900
2021-01-19,1.6339,1.6339,1.6057,1.6057,2646200
2021-01-20,1.6198,1.6902,1.6057,1.655,5366100
2021-01-21,1.655,1.6832,1.6409,1.648,7107100
2021-01-22,1.655,1.655,1.5916,1.5916,4681100
2021-01-25,1.5987,1.6128,1.5564,1.5705,5054600
2021-01-26,1.5846,1.5916,1.5635,1.5705,7989700
2021-01-27,1.5775,1.5916,1.5705,1.5846,4662900
2021-01-29,1.5635,1.5775,1.5212,1.5494,8862100
2021-02-02,1.5494,1.6198,1.5494,1.6057,5910000
2021-02-03,1.6198,1.655,1.6057,1.6268,8285500
2021-02-04,1.6198,1.6339,1.5846,1.5916,4721200
2021-02-05,1.5916,1.6057,1.5423,1.5564,4678300
2021-02-08,1.5635,1.6128,1.5635,1.6057,7308500
2021-02-09,1.6128,1.6128,1.5705,1.5775,2373100
2021-02-10,1.5705,1.5775,1.5494,1.5775,3378500
2021-02-11,1.5775,1.5775,1.5564,1.5705,1006500
2021-02-15,1.5705,1.5916,1.5494,1.5564,2786900
2021-02-16,1.5635,1.5705,1.5423,1.5564,6710400
2021-02-17,1.5564,1.5635,1.5353,1.5353,7022200
2021-02-18,1.5353,1.5494,1.5142,1.5142,5768500
2021-02-19,1.5212,1.5564,1.5142,1.5423,9525000
2021-02-22,1.5423,1.5564,1.5142,1.5212,5370900
2021-02-23,1.5212,1.5494,1.5071,1.5142,10488700
2021-02-24,1.5142,1.5564,1.5071,1.5282,11938700
2021-02-25,1.5282,1.6057,1.5071,1.5494,18518200
2021-02-26,1.5423,1.6057,1.5353,1.5987,16791000
2021-03-01,1.5916,1.6198,1.5916,1.6128,3532200
2021-03-02,1.6128,1.6409,1.5775,1.6198,10787700
2021-03-03,1.6198,1.6268,1.5987,1.6198,6360700
2021-03-04,1.6198,1.6339,1.6057,1.6128,5312800
2021-03-05,1.6128,1.6268,1.5987,1.6198,8242700
2021-03-08,1.6198,1.6409,1.6057,1.6198,5053600
2021-03-09,1.6268,1.648,1.6057,1.6198,7027000
2021-03-10,1.6268,1.655,1.6198,1.648,12566800
2021-03-11,1.648,1.6621,1.6339,1.6621,7961900
2021-03-12,1.6621,1.6691,1.6409,1.648,3194000
2021-03-15,1.648,1.6621,1.6268,1.6268,4821700
2021-03-16,1.6339,1.6902,1.6339,1.6761,5696500
2021-03-17,1.7395,1.7395,1.6832,1.7114,6868300
2021-03-18,1.6973,1.7184,1.6761,1.6832,3737600
2021-03-19,1.7043,1.7747,1.6691,1.7747,14733800
2021-03-22,1.7606,1.7606,1.6832,1.6832,8319800
2021-03-23,1.6973,1.7254,1.6339,1.6339,5224400
2021-03-24,1.6339,1.6832,1.6339,1.6691,4037900
2021-03-25,1.6902,1.7254,1.6761,1.6973,10660100
2021-03-26,1.7043,1.7114,1.6832,1.6902,3960700
2021-03-29,1.6973,1.7114,1.6902,1.7043,4658100
2021-03-30,1.7184,1.7466,1.7114,1.7254,9215700
2021-03-31,1.7395,1.7395,1.6832,1.6902,6978000
2021-04-01,1.6902,1.7325,1.6832,1.6902,7602000
2021-04-02,1.6902,1.6902,1.6761,1.6832,1901700
2021-04-05,1.6761,1.7043,1.6761,1.6902,1181000
2021-04-06,1.6902,1.7254,1.6761,1.6902,6378600
2021-04-07,1.6832,1.7043,1.6832,1.7043,7807700
2021-04-08,1.7043,1.7254,1.6761,1.6902,6329300
2021-04-09,1.6902,1.7184,1.6902,1.6902,5284100
2021-04-12,1.6902,1.6902,1.6761,1.6902,1829900
2021-04-13,1.6902,1.7114,1.6832,1.6902,6692000
2021-04-14,1.7043,1.7043,1.6761,1.6832,2362700
2021-04-15,1.6902,1.7043,1.6268,1.648,6505400
2021-04-16,1.6409,1.6621,1.6339,1.648,3016400
2021-04-19,1.655,1.6832,1.6409,1.6621,2677000
2021-04-20,1.6621,1.6973,1.648,1.6621,4756400
2021-04-21,1.6761,1.6832,1.6339,1.648,4617400
2021-04-22,1.655,1.6621,1.6339,1.655,3321200
2021-04-23,1.6622,1.6695,1.6333,1.6622,5667600
2021-04-26,1.6695,1.6767,1.6478,1.6767,3028300
2021-04-27,1.6695,1.6767,1.6333,1.6333,5481100
2021-04-28,1.6478,1.6622,1.6333,1.6622,4425700
2021-04-30,1.6406,1.6767,1.6261,1.6333,6482200
2021-05-03,1.655,1.655,1.6116,1.6261,1609600
2021-05-04,1.6478,1.6478,1.6044,1.6044,3762100
2021-05-05,1.6044,1.6116,1.59,1.5972,4633900
2021-05-06,1.5972,1.6333,1.59,1.6116,3811700
2021-05-07,1.6044,1.6333,1.6044,1.6261,1588100
2021-05-10,1.6333,1.6333,1.6044,1.6189,2275200
2021-05-11,1.6189,1.6261,1.6044,1.6044,1712100
2021-05-12,1.6116,1.6189,1.5972,1.6116,1297700
2021-05-17,1.6044,1.6261,1.5538,1.5755,4030000
2021-05-18,1.5683,1.6261,1.5683,1.6261,3665100
2021-05-19,1.6333,1.6333,1.5827,1.5972,2366300
2021-05-20,1.59,1.6116,1.59,1.5972,3209200
2021-05-21,1.6044,1.6116,1.5683,1.5755,2152100
2021-05-24,1.5827,1.6044,1.5827,1.59,3319400
2021-05-25,1.59,1.655,1.5827,1.6478,8526300
2021-05-27,1.655,1.6767,1.6189,1.6695,14025200
2021-05-28,1.6695,1.6695,1.6333,1.6478,3711800
2021-05-31,1.6189,1.655,1.59,1.655,4522100
2021-06-01,1.6406,1.6622,1.6261,1.6406,3120200
2021-06-02,1.6261,1.6622,1.6261,1.6478,5658400
2021-06-03,1.6406,1.6622,1.6333,1.6478,2503000
2021-06-04,1.6406,1.6622,1.6116,1.6333,4688700
2021-06-08,1.6261,1.6622,1.6189,1.6261,4937400
2021-06-09,1.6333,1.6478,1.6116,1.6261,7409700
2021-06-10,1.6261,1.6622,1.6189,1.6406,5733500
2021-06-11,1.6478,1.655,1.6189,1.6261,4772700
2021-06-14,1.6261,1.655,1.6189,1.6406,3568700
2021-06-15,1.6406,1.655,1.6189,1.6189,4743400
2021-06-16,1.6261,1.6406,1.6189,1.6189,4253500
2021-06-17,1.6189,1.6261,1.6044,1.6044,4711900
2021-06-18,1.6116,1.6261,1.5972,1.6189,8505900
2021-06-21,1.6189,1.6189,1.5827,1.5972,6803200
2021-06-22,1.6044,1.6333,1.59,1.6261,4895600
2021-06-23,1.6261,1.6261,1.5827,1.59,5251400
2021-06-24,1.59,1.59,1.5538,1.5683,7801600
2021-06-25,1.5755,1.5972,1.5683,1.5827,4289400
2021-06-28,1.5827,1.59,1.5321,1.5394,4671900
2021-06-29,1.5394,1.5972,1.5321,1.59,3134400
2021-06-30,1.5683,1.6189,1.5683,1.5755,5294500
2021-07-01,1.5827,1.5972,1.5611,1.5755,8377400
2021-07-02,1.5827,1.59,1.5611,1.5683,2559200
2021-07-05,1.5683,1.5827,1.5538,1.5683,1284600
2021-07-06,1.5755,1.5827,1.5611,1.5755,2094000
2021-07-07,1.5755,1.5972,1.5538,1.5827,4833400
2021-07-08,1.5827,1.5827,1.5466,1.5683,3196300
2021-07-09,1.5683,1.6044,1.5611,1.59,2995000
2021-07-12,1.59,1.59,1.5683,1.5755,1600400
2021-07-13,1.59,1.5972,1.5827,1.59,3709900
2021-07-14,1.5827,1.5827,1.5538,1.5611,4873600
2021-07-15,1.5683,1.5755,1.5538,1.5538,2702400
2021-07-16,1.5611,1.5827,1.5466,1.5755,2680100
2021-07-19,1.5827,1.5972,1.5611,1.5611,2444500
2021-07-21,1.5683,1.59,1.5538,1.5755,7768600
2021-07-22,1.5755,1.6044,1.5755,1.6044,2358200
2021-07-23,1.5972,1.5972,1.5755,1.5755,1954100
2021-07-26,1.5755,1.5827,1.5683,1.5683,2232400
2021-07-27,1.5755,1.59,1.5683,1.5827,3009000
2021-07-28,1.5683,1.59,1.5611,1.5827,2185300
2021-07-29,1.5755,1.5827,1.5538,1.5611,4027600
2021-07-30,1.5611,1.5683,1.5466,1.5538,5414800
2021-08-02,1.5538,1.5611,1.5538,1.5538,2857900
2021-08-03,1.5611,1.5755,1.5466,1.5611,6975900
2021-08-04,1.5538,1.5611,1.5321,1.5394,5506100
2021-08-05,1.5394,1.5538,1.5321,1.5321,8145000
2021-08-06,1.5394,1.5538,1.5321,1.5466,5758000
2021-08-09,1.5466,1.5683,1.5177,1.5249,7816700
2021-08-11,1.5394,1.5466,1.5249,1.5394,8133500
2021-08-12,1.5394,1.5394,1.5177,1.5249,3642500
2021-08-13,1.5249,1.5321,1.5177,1.5249,2420400
2021-08-16,1.5177,1.5321,1.5032,1.5249,5286900
2021-08-17,1.5177,1.5972,1.5177,1.5827,11704200
2021-08-18,1.5827,1.59,1.5683,1.59,4879100
2021-08-19,1.59,1.5972,1.5683,1.59,7197100
2021-08-20,1.5972,1.6044,1.5827,1.59,2048900
2021-08-23,1.5755,1.5972,1.5538,1.5611,3646200
2021-08-24,1.5611,1.6406,1.5611,1.6261,13511100
2021-08-25,1.6333,1.6622,1.6044,1.6333,16521500
2021-08-26,1.655,1.749,1.655,1.7273,24050200
2021-08-27,1.7273,1.7345,1.6911,1.6984,16123300
2021-08-30,1.7128,1.749,1.7056,1.7056,15148900
2021-09-01,1.7056,1.7345,1.6622,1.7056,12523400
2021-09-02,1.7128,1.7273,1.6984,1.6984,4005800
2021-09-03,1.7128,1.7417,1.6984,1.7056,11119800
2021-09-06,1.7056,1.7128,1.6911,1.6984,5636200
2021-09-07,1.6984,1.7273,1.6911,1.6984,3410900
2021-09-08,1.7056,1.7128,1.6839,1.6984,6058000
2021-09-09,1.7056,1.7128,1.6767,1.6911,4095500
2021-09-10,1.6836,1.7062,1.6761,1.6911,5453000
2021-09-13,1.6836,1.7062,1.6761,1.6911,5735900
2021-09-14,1.6911,1.7062,1.6836,1.6836,4389000
2021-09-15,1.6836,1.6987,1.6836,1.6987,8364000
2021-09-17,1.6987,1.7137,1.6611,1.6836,12764800
2021-09-20,1.6761,1.6987,1.6611,1.6836,2270400
2021-09-21,1.6686,1.6987,1.6686,1.6987,2749100
2021-09-22,1.6987,1.7137,1.6761,1.6987,2832600
2021-09-23,1.7137,1.7663,1.6987,1.7513,3134500
2021-09-24,1.7513,1.7588,1.7137,1.7513,4175700
2021-09-27,1.7513,1.7513,1.7062,1.7362,2643700
2021-09-28,1.7438,1.7513,1.7062,1.7513,4391700
2021-09-29,1.7513,1.7513,1.7137,1.7362,2290400
2021-09-30,1.7362,1.7513,1.6987,1.7062,8758900
2021-10-01,1.7062,1.7212,1.6686,1.6987,3459200
2021-10-04,1.7137,1.7137,1.6987,1.7137,2122100
2021-10-05,1.7137,1.7212,1.6911,1.7212,2629500
2021-10-06,1.7212,1.7738,1.7062,1.7513,3663000
2021-10-07,1.7513,1.7513,1.7062,1.7362,4178400
2021-10-08,1.7362,1.7438,1.7287,1.7287,1392400
2021-10-11,1.7513,1.7513,1.7062,1.7062,3413800
2021-10-12,1.6987,1.7362,1.6987,1.7137,9968000
2021-10-13,1.7212,1.7813,1.7212,1.7813,6873100
2021-10-14,1.7813,1.7813,1.7287,1.7362,4055800
2021-10-15,1.7438,1.7813,1.7438,1.7663,4206000
2021-10-18,1.7663,1.7813,1.7438,1.7513,4457700
2021-10-20,1.7588,1.7738,1.7212,1.7287,7001800
2021-10-21,1.7362,1.7588,1.7212,1.7212,9030000
2021-10-22,1.7212,1.7287,1.7137,1.7287,1096000
2021-10-25,1.7287,1.7513,1.7212,1.7212,1613800
2021-10-26,1.7287,1.7362,1.7137,1.7287,3222000
2021-10-27,1.7362,1.7513,1.7137,1.7287,3300900
2021-10-28,1.7362,1.7362,1.7137,1.7137,3805800
2021-10-29,1.7137,1.7287,1.6987,1.7062,4516300
2021-11-01,1.6911,1.7062,1.6761,1.6836,5269200
2021-11-02,1.6911,1.7062,1.6761,1.6911,3230600
2021-11-03,1.7062,1.7062,1.6686,1.6911,5311000
2021-11-05,1.7062,1.7362,1.6686,1.6836,5048600
2021-11-08,1.6836,1.6911,1.6761,1.6836,2534100
2021-11-09,1.6987,1.6987,1.6611,1.6686,4069000
2021-11-10,1.6686,1.6761,1.6536,1.6686,5248800
2021-11-11,1.6611,1.6761,1.6536,1.6536,4625000
2021-11-12,1.6611,1.6987,1.6611,1.6911,6682700
2021-11-15,1.6911,1.7062,1.6536,1.6611,3082200
2021-11-16,1.6611,1.6761,1.646,1.6536,3286700
2021-11-17,1.6536,1.6686,1.646,1.6536,5798800
2021-11-18,1.6611,1.6836,1.6536,1.6611,8264300
2021-11-19,1.6686,1.6911,1.6536,1.6611,5561100
2021-11-22,1.6686,1.6911,1.6611,1.6686,1728400
2021-11-23,1.6686,1.6761,1.646,1.6536,3154600
2021-11-24,1.6536,1.6836,1.6536,1.6611,2779000
2021-11-25,1.6611,1.6761,1.6536,1.6611,2456200
2021-11-26,1.6611,1.6761,1.6385,1.6761,3924400
2021-11-29,1.6761,1.6761,1.6235,1.6536,6256300
2021-11-30,1.646,1.6686,1.601,1.646,22092300
2021-12-01,1.631,1.6385,1.5784,1.6235,10161400
2021-12-02,1.6085,1.6235,1.5784,1.601,7464900
2021-12-06,1.616,1.631,1.5784,1.631,8752500
2021-12-07,1.631,1.631,1.5859,1.5934,7752000
2021-12-08,1.5934,1.631,1.5859,1.631,8522200
2021-12-09,1.631,1.6385,1.6085,1.6385,1902200
2021-12-10,1.6385,1.6385,1.616,1.616,1334000
2021-12-13,1.616,1.631,1.6085,1.616,3540300
2021-12-14,1.6235,1.6235,1.601,1.601,5857200
2021-12-15,1.6085,1.6385,1.601,1.6235,8283300
2021-12-16,1.6235,1.6385,1.616,1.6235,7321800
2021-12-17,1.6385,1.6385,1.616,1.6235,11109600
2021-12-20,1.6235,1.6536,1.616,1.6385,4385700
2021-12-21,1.646,1.6611,1.616,1.6235,5181900
2021-12-22,1.6235,1.6385,1.6235,1.631,5256100
2021-12-23,1.631,1.6611,1.6235,1.6536,3233800
2021-12-24,1.6611,1.6761,1.646,1.6761,1358700
2021-12-27,1.6761,1.7062,1.6611,1.6987,2611000
2021-12-28,1.7062,1.7062,1.6686,1.6836,4991400
2021-12-29,1.6911,1.7137,1.6836,1.7137,4469700
2021-12-30,1.7062,1.7287,1.6911,1.7212,4386800
2021-12-31,1.7137,1.7438,1.6911,1.7438,6502500
2022-01-03,1.7438,1.7438,1.6987,1.7287,3837800
2022-01-04,1.7362,1.7362,1.6836,1.7287,4232400
2022-01-05,1.7287,1.7362,1.7062,1.7212,3921300
2022-01-06,1.7287,1.7287,1.6836,1.7062,7211800
2022-01-07,1.7062,1.7362,1.6911,1.7212,3787100
2022-01-10,1.7212,1.7287,1.6987,1.7212,2376900
2022-01-11,1.7062,1.7287,1.7062,1.7212,5590800
2022-01-12,1.7212,1.7362,1.6987,1.7137,3887300
2022-01-13,1.7062,1.7287,1.6987,1.7062,5308400
2022-01-14,1.7062,1.7062,1.6761,1.6911,4383700
2022-01-17,1.6987,1.7062,1.6686,1.6911,3255800
2022-01-19,1.6761,1.6987,1.6761,1.6836,3306100
2022-01-20,1.6761,1.6836,1.6536,1.6611,4768500
2022-01-21,1.6611,1.6686,1.646,1.6536,2896900
2022-01-24,1.646,1.6686,1.631,1.631,3783500
2022-01-25,1.631,1.6385,1.616,1.6235,5116500
2022-01-26,1.6235,1.6686,1.6235,1.6536,6133100
2022-01-27,1.6536,1.6836,1.6385,1.646,7115100
2022-01-28,1.6536,1.6686,1.646,1.646,8404800
2022-01-31,1.6536,1.6536,1.6085,1.616,7254000
2022-02-03,1.6235,1.6611,1.6235,1.6611,2837500
2022-02-04,1.646,1.6611,1.6385,1.6536,849900
2022-02-07,1.6536,1.6686,1.646,1.646,4208000
2022-02-08,1.6536,1.6611,1.6385,1.646,4878200
2022-02-09,1.6536,1.6836,1.6536,1.6611,4881200
2022-02-10,1.6686,1.6911,1.6611,1.6911,4581200
2022-02-11,1.6761,1.6911,1.6686,1.6761,3270600
2022-02-14,1.6686,1.7212,1.6686,1.7137,5598600
2022-02-15,1.7062,1.7212,1.6686,1.7137,6533900
2022-02-16,1.7212,1.7287,1.6836,1.6987,4822800
2022-02-17,1.6987,1.7362,1.6987,1.7362,7571800
2022-02-18,1.7212,1.7287,1.7137,1.7212,3861100
2022-02-21,1.7212,1.7287,1.7062,1.7287,11157600
2022-02-22,1.7287,1.7513,1.7212,1.7438,11266600
2022-02-23,1.7513,1.7513,1.7287,1.7362,7999600
2022-02-24,1.7362,1.7513,1.7062,1.7287,8031400
2022-02-25,1.7438,1.7663,1.7287,1.7362,6388300
2022-02-28,1.7513,1.7513,1.7062,1.7062,20419100
2022-03-01,1.7137,1.7663,1.7137,1.7287,11522100
2022-03-02,1.7438,1.7438,1.7062,1.7137,7304000
2022-03-03,1.7212,1.7663,1.7212,1.7588,11332000
2022-03-04,1.7588,1.7588,1.7137,1.7212,8249400
2022-03-07,1.7287,1.7287,1.6836,1.7062,3885900
2022-03-08,1.6911,1.7062,1.6686,1.6836,7360900
2022-03-09,1.7212,1.7212,1.6611,1.6911,8485500
2022-03-10,1.6911,1.7287,1.6836,1.7137,7829600
2022-03-11,1.7287,1.7287,1.6987,1.7062,1788500
2022-03-14,1.7212,1.7287,1.7062,1.7062,1364300
2022-03-15,1.7137,1.7287,1.6686,1.6911,5124600
2022-03-16,1.7062,1.7062,1.6836,1.6836,4751500
2022-03-17,1.6987,1.7212,1.6836,1.7062,8667300
2022-03-18,1.7062,1.7062,1.6836,1.6987,18145200
2022-03-21,1.7062,1.7062,1.6836,1.6987,4689500
2022-03-22,1.6911,1.7212,1.6911,1.7137,8143200
2022-03-23,1.7212,1.7964,1.7137,1.7738,12198300
2022-03-24,1.7738,1.7813,1.7588,1.7588,5931900
2022-03-25,1.7663,1.9091,1.7588,1.9091,34866000
2022-03-28,1.9091,1.9091,1.849,1.8715,13307200
2022-03-29,1.8715,1.8715,1.7889,1.8039,20420900
2022-03-30,1.8039,1.834,1.7813,1.8114,14818100
2022-03-31,1.8114,1.8264,1.7738,1.8039,12930500
2022-04-01,1.8039,1.8189,1.7738,1.8039,9319900
2022-04-04,1.8039,1.8114,1.7813,1.7889,4402100
2022-04-05,1.7889,1.8114,1.7663,1.8039,8128400
2022-04-06,1.8114,1.8114,1.7889,1.8039,5887800
2022-04-07,1.8039,1.8114,1.7738,1.7889,9142500
2022-04-08,1.7889,1.864,1.7813,1.8415,14728600
2022-04-11,1.8415,1.8565,1.8189,1.8415,12155500
2022-04-12,1.8415,1.8415,1.8039,1.8114,7420000
2022-04-13,1.8189,1.8264,1.8039,1.8189,11577100
2022-04-14,1.8189,1.834,1.8114,1.8189,6820700
2022-04-15,1.8189,1.8264,1.8039,1.8114,4972100
2022-04-18,1.8114,1.8415,1.7964,1.8114,1687700
2022-04-20,1.8189,1.8264,1.8039,1.8189,7789700
2022-04-21,1.8264,1.8264,1.7889,1.7964,9752500
2022-04-22,1.7964,1.8189,1.7813,1.7964,7279200
2022-04-25,1.7734,1.804,1.7582,1.7887,5696300
2022-04-26,1.7811,1.8117,1.7811,1.8117,6085600
2022-04-27,1.7887,1.7964,1.7734,1.7811,3354500
2022-04-28,1.7811,1.7964,1.7582,1.7964,4668100
2022-04-29,1.7964,1.804,1.7734,1.7887,6542800
2022-05-05,1.7887,1.8117,1.7811,1.7964,7818700
2022-05-06,1.7811,1.7964,1.7658,1.7811,8330300
2022-05-09,1.7811,1.7964,1.7276,1.7582,6618800
2022-05-10,1.7505,1.8117,1.7429,1.8117,8480500
2022-05-11,1.804,1.804,1.7734,1.7964,5424600
2022-05-12,1.7887,1.8422,1.7734,1.7964,7158600
2022-05-13,1.7964,1.8193,1.7811,1.7887,6269300
2022-05-17,1.804,1.827,1.7276,1.7505,12933300
2022-05-18,1.7658,1.7887,1.7505,1.7582,11140800
2022-05-19,1.7429,1.7887,1.7429,1.7582,7808900
2022-05-20,1.7582,1.7734,1.7505,1.7582,1967700
2022-05-23,1.7658,1.7734,1.7276,1.7429,3203400
2022-05-24,1.7582,1.7658,1.7046,1.7199,6813100
2022-05-25,1.7199,1.7199,1.6282,1.6588,13152600
2022-05-26,1.6664,1.6741,1.6588,1.6588,2215800
2022-05-27,1.6664,1.6894,1.6588,1.6741,4339100
2022-05-30,1.6817,1.6817,1.6741,1.6741,2302200
2022-05-31,1.6817,1.697,1.6664,1.6741,16250700
2022-06-01,1.6817,1.7046,1.6664,1.6741,2751500
2022-06-02,1.6741,1.7046,1.6664,1.697,6346800
2022-06-03,1.697,1.7046,1.6664,1.697,5043200
2022-06-07,1.7046,1.7276,1.6817,1.7199,7560200
2022-06-08,1.7276,1.7658,1.7199,1.7276,7200600
2022-06-09,1.7352,1.7352,1.7046,1.7199,6271700
2022-06-10,1.7123,1.7123,1.6817,1.6817,2659700
2022-06-13,1.6664,1.697,1.6588,1.6741,5676200
2022-06-14,1.6664,1.6741,1.6511,1.6664,6428300
2022-06-15,1.6664,1.6664,1.6206,1.6282,8388100
2022-06-16,1.6435,1.6511,1.6206,1.6435,6752700
2022-06-17,1.6282,1.6358,1.6129,1.6282,12885200
2022-06-20,1.6358,1.6588,1.6206,1.6511,4277200
2022-06-21,1.6511,1.6741,1.6358,1.6511,6752000
2022-06-22,1.6588,1.6588,1.6358,1.6358,5807900
2022-06-23,1.6435,1.6511,1.6206,1.6435,7267900
2022-06-24,1.6282,1.6358,1.6129,1.6129,6608600
2022-06-27,1.6206,1.6435,1.5976,1.6435,4721400
2022-06-28,1.6435,1.6817,1.6129,1.6511,8306900
2022-06-29,1.6511,1.6817,1.6435,1.6664,6506200
2022-06-30,1.6664,1.6894,1.6282,1.6282,7162400
2022-07-01,1.6206,1.6664,1.6206,1.6511,2832500
2022-07-04,1.6511,1.6664,1.6358,1.6588,1534900
2022-07-05,1.6588,1.6817,1.6435,1.6588,4145500
2022-07-06,1.6741,1.697,1.6511,1.6817,5375300
2022-07-07,1.697,1.697,1.6588,1.6817,3204100
2022-07-08,1.6741,1.6817,1.6588,1.6664,3591700
2022-07-12,1.6664,1.6741,1.6206,1.6358,4217800
2022-07-13,1.6435,1.6664,1.6358,1.6435,7730600
2022-07-14,1.6282,1.6741,1.6282,1.6588,5947200
2022-07-15,1.6588,1.7046,1.6511,1.697,3372900
2022-07-18,1.6894,1.7199,1.6817,1.7199,5152100
2022-07-19,1.7046,1.7582,1.6817,1.7505,8895600
2022-07-20,1.7505,1.7505,1.7123,1.7199,9535900
2022-07-21,1.7199,1.7582,1.7123,1.7352,4915000
2022-07-22,1.7276,1.7658,1.7276,1.7658,5691200
2022-07-25,1.7658,1.804,1.7658,1.7964,8315400
2022-07-26,1.7887,1.8117,1.7658,1.7964,6962200
2022-07-27,1.7887,1.8117,1.7811,1.7887,13356700
2022-07-28,1.7811,1.8422,1.7811,1.7964,7915600
2022-07-29,1.804,1.804,1.7811,1.7887,7507800
2022-08-01,1.7964,1.8422,1.7964,1.8346,6032900
2022-08-02,1.8269,1.8422,1.804,1.8422,7705800
2022-08-03,1.8346,1.8346,1.7964,1.804,7041100
2022-08-04,1.804,1.8346,1.7964,1.8117,10175800
2022-08-05,1.8117,1.8193,1.7734,1.7964,6733400
2022-08-08,1.7964,1.8117,1.7658,1.7811,2730300
2022-08-09,1.7811,1.7887,1.7658,1.7887,8423800
2022-08-10,1.7964,1.7964,1.7505,1.7582,9562600
2022-08-11,1.7658,1.7964,1.7505,1.7658,11171700
2022-08-12,1.7582,1.7658,1.7505,1.7582,6213800
2022-08-15,1.7582,1.7887,1.7505,1.7811,4959300
2022-08-16,1.7887,1.804,1.7505,1.7582,9248300
2022-08-17,1.7658,1.7964,1.7505,1.7734,10500200
2022-08-18,1.7734,1.8117,1.7734,1.7964,6524000
2022-08-19,1.8117,1.8193,1.7887,1.804,6960000
2022-08-22,1.7964,1.8193,1.7887,1.804,9663600
2022-08-23,1.8117,1.8117,1.7811,1.7964,7109400
2022-08-24,1.804,1.8193,1.7658,1.7658,10612900
2022-08-25,1.7734,1.7964,1.7734,1.7811,8358000
2022-08-26,1.7811,1.804,1.7811,1.7964,5891400
2022-08-29,1.7887,1.8117,1.7734,1.7887,6146800
2022-08-30,1.7887,1.804,1.7505,1.7505,32350700
2022-09-01,1.7276,1.7582,1.7199,1.7505,7347400
2022-09-02,1.7505,1.8117,1.7276,1.7811,6123800
2022-09-05,1.7811,1.7964,1.7734,1.7811,1802500
2022-09-06,1.7887,1.7887,1.7505,1.7505,7086700
2022-09-07,1.7545,1.8019,1.7466,1.7861,7096800
2022-09-08,1.7861,1.8177,1.7782,1.8098,8283300
2022-09-09,1.8019,1.8098,1.7466,1.7624,3631700
2022-09-12,1.7624,1.794,1.7466,1.7624,4836600
2022-09-13,1.7703,1.7861,1.7624,1.7703,2430400
2022-09-14,1.7624,1.7861,1.7466,1.7466,6779400
2022-09-15,1.7545,1.7703,1.7387,1.7387,16922900
2022-09-19,1.707,1.7466,1.6912,1.7387,9798600
2022-09-20,1.7387,1.794,1.7387,1.7782,4792600
2022-09-21,1.7703,1.7703,1.707,1.7387,9442400
2022-09-22,1.7149,1.7387,1.707,1.7308,5150500
2022-09-23,1.7387,1.7387,1.6991,1.707,4239600
2022-09-26,1.707,1.7308,1.6991,1.7149,6426700
2022-09-27,1.707,1.7387,1.6912,1.6991,8633100
2022-09-28,1.6991,1.707,1.6754,1.6912,11572700
2022-09-29,1.707,1.707,1.6833,1.6833,8646900
2022-09-30,1.6833,1.6991,1.6833,1.6912,5477400
2022-10-03,1.6912,1.6912,1.6675,1.6754,2977700
2022-10-04,1.6833,1.707,1.6833,1.6991,4477900
2022-10-05,1.707,1.7466,1.707,1.7387,2671400
2022-10-06,1.7466,1.7466,1.7149,1.7228,5045000
2022-10-07,1.7228,1.7387,1.707,1.7228,2198200
2022-10-11,1.7308,1.7308,1.6754,1.6833,2338100
2022-10-12,1.6833,1.6912,1.6675,1.6754,5804600
2022-10-13,1.6754,1.707,1.6675,1.6991,2964400
2022-10-14,1.707,1.7387,1.6912,1.707,8314300
2022-10-17,1.7149,1.7308,1.6912,1.7149,3148400
2022-10-18,1.7228,1.7228,1.707,1.7149,1817200
2022-10-19,1.7228,1.7466,1.707,1.7466,5478000
2022-10-20,1.7308,1.7545,1.7228,1.7387,9536200
2022-10-21,1.7387,1.7545,1.7308,1.7387,3358200
2022-10-25,1.7387,1.7624,1.7228,1.7387,7815700
2022-10-26,1.7545,1.7624,1.7387,1.7466,5337900
2022-10-27,1.7387,1.7545,1.7387,1.7387,4763200
2022-10-28,1.7387,1.7624,1.7228,1.7466,4386900
2022-10-31,1.7466,1.7861,1.7466,1.7782,3928000
2022-11-01,1.7782,1.7782,1.7149,1.7308,8117400
2022-11-02,1.7308,1.7387,1.7228,1.7308,4107700
2022-11-03,1.7387,1.7387,1.7149,1.7228,4050600
2022-11-04,1.7308,1.7387,1.7228,1.7387,2734800
2022-11-07,1.7466,1.7782,1.7387,1.7545,2996900
2022-11-08,1.7624,1.7624,1.7308,1.7387,3260700
2022-11-09,1.7466,1.7545,1.7308,1.7387,6019400
2022-11-10,1.7387,1.7545,1.7228,1.7466,3734600
2022-11-11,1.7624,1.7861,1.7466,1.7782,6444600
2022-11-14,1.7861,1.794,1.7703,1.794,2805000
2022-11-15,1.794,1.8019,1.7466,1.7624,6366000
2022-11-16,1.7624,1.7624,1.7308,1.7387,8851500
2022-11-17,1.7387,1.7466,1.7149,1.7387,7877000
2022-11-21,1.7624,1.7703,1.7149,1.7624,3933400
2022-11-22,1.7545,1.7782,1.7308,1.7387,6450100
2022-11-23,1.7387,1.7624,1.7308,1.7308,7886700
2022-11-24,1.7624,1.8493,1.7387,1.8177,15473500
2022-11-25,1.8177,1.8177,1.7545,1.7545,13861000
2022-11-29,1.7545,1.7545,1.7228,1.7387,13412200
2022-11-30,1.7387,1.7466,1.6991,1.6991,25841700
2022-12-01,1.7149,1.7308,1.707,1.7149,12212400
2022-12-02,1.7149,1.7387,1.6991,1.7149,7724800
2022-12-05,1.7149,1.7308,1.707,1.7149,4787900
2022-12-06,1.7149,1.7387,1.7149,1.7387,9260500
2022-12-07,1.7387,1.7545,1.7308,1.7387,11896100
2022-12-08,1.7545,1.7545,1.7308,1.7308,7533500
2022-12-09,1.7545,1.7545,1.7149,1.7308,9970300
2022-12-12,1.7308,1.7387,1.7228,1.7308,2093900
2022-12-13,1.7387,1.7466,1.7149,1.7308,6664600
2022-12-14,1.7308,1.7782,1.7308,1.7703,6888400
2022-12-15,1.7703,1.7703,1.7387,1.7466,2968600
2022-12-16,1.7387,1.7545,1.7387,1.7387,7346100
2022-12-19,1.7466,1.8019,1.7308,1.7387,9873000
2022-12-20,1.7387,1.7545,1.7228,1.7308,4862800
2022-12-21,1.7308,1.7387,1.6833,1.6991,6472700
2022-12-22,1.7149,1.7387,1.707,1.7387,5574700
2022-12-23,1.7228,1.7466,1.707,1.7308,2476700
2022-12-27,1.7387,1.7545,1.7387,1.7545,5392100
2022-12-28,1.7545,1.7545,1.7228,1.7308,7037800
2022-12-29,1.7387,1.7466,1.7308,1.7466,6678900
2022-12-30,1.7466,1.8177,1.7149,1.8177,15052400
2023-01-03,1.7624,1.7624,1.7387,1.7387,3697700
2023-01-04,1.7387,1.7861,1.7387,1.7703,5004700
2023-01-05,1.7782,1.794,1.7545,1.7703,3548700
2023-01-06,1.794,1.8256,1.7624,1.8177,6192000
2023-01-09,1.8256,1.8414,1.8177,1.8335,3528400
2023-01-10,1.8256,1.8414,1.8019,1.8098,13741400
2023-01-11,1.8098,1.8335,1.794,1.8256,5493200
2023-01-12,1.8256,1.8256,1.794,1.794,8154900
2023-01-13,1.8177,1.8335,1.8019,1.8256,12025500
2023-01-16,1.8256,1.8809,1.8256,1.8809,6204400
2023-01-17,1.8809,1.8888,1.8572,1.8809,5768400
2023-01-18,1.8809,1.8809,1.8572,1.873,2632600
2023-01-19,1.873,1.9046,1.8572,1.8888,8037500
2023-01-20,1.9046,1.9046,1.8651,1.8809,5800500
2023-01-25,1.8809,1.8888,1.8414,1.8493,3972000
2023-01-26,1.8809,1.8809,1.8335,1.8414,7586400
2023-01-27,1.8493,1.8651,1.8414,1.8572,1762000
2023-01-30,1.8651,1.8651,1.8414,1.8414,4247700
2023-01-31,1.8414,1.8572,1.8256,1.8256,8339900
2023-02-02,1.8256,1.8572,1.8256,1.8493,5014300
2023-02-03,1.8414,1.8651,1.8414,1.8572,4795600
2023-02-07,1.8572,1.8572,1.8414,1.8414,2638700
2023-02-08,1.8493,1.8572,1.8414,1.8414,1882900
2023-02-09,1.8414,1.8414,1.8256,1.8335,2551200
2023-02-10,1.8335,1.8572,1.8335,1.8493,364400
2023-02-13,1.8493,1.8572,1.8335,1.8335,5175900
2023-02-14,1.8414,1.8493,1.8256,1.8335,7691600
2023-02-15,1.8493,1.8493,1.8256,1.8493,4159500
2023-02-16,1.8493,1.8651,1.8256,1.8335,6365600
2023-02-17,1.8414,1.8414,1.8256,1.8335,4330400
2023-02-20,1.8335,1.8493,1.8256,1.8414,573500
2023-02-21,1.8335,1.8493,1.8256,1.8335,2602000
2023-02-22,1.8256,1.8493,1.8177,1.8256,2574600
2023-02-23,1.8256,1.8335,1.7861,1.8098,7448900
2023-02-24,1.8177,1.8256,1.794,1.8177,6134700
2023-02-27,1.8256,1.8256,1.7861,1.8098,3822700
2023-02-28,1.8019,1.8177,1.794,1.794,7509200
2023-03-01,1.794,1.8098,1.7782,1.8019,4373500
2023-03-02,1.8019,1.8177,1.7782,1.8019,3287000
2023-03-03,1.794,1.8177,1.7861,1.7861,5101100
2023-03-06,1.7861,1.7861,1.7624,1.7703,7093500
2023-03-07,1.7703,1.7782,1.7387,1.7466,10340900
2023-03-08,1.7387,1.7545,1.7308,1.7387,6905900
2023-03-09,1.7387,1.7467,1.7226,1.7306,13288300
2023-03-10,1.7387,1.7547,1.7146,1.7306,5643900
2023-03-13,1.7306,1.7387,1.7066,1.7306,10995500
2023-03-14,1.7306,1.7306,1.7146,1.7146,6847900
2023-03-15,1.7226,1.7306,1.6986,1.7146,6608700
2023-03-16,1.7066,1.7146,1.6826,1.6986,6823000
2023-03-17,1.7066,1.7707,1.7066,1.7306,23799100
2023-03-20,1.7306,1.7547,1.7066,1.7066,5089500
2023-03-21,1.7146,1.7306,1.7146,1.7146,5318600
2023-03-22,1.7226,1.7467,1.7066,1.7306,9427100
2023-03-23,1.7306,1.7467,1.7146,1.7226,6079800
2023-03-24,1.7226,1.7387,1.7226,1.7226,5528500
2023-03-27,1.7226,1.7387,1.6986,1.6986,5522800
2023-03-28,1.7066,1.7306,1.6986,1.7226,4931800
2023-03-29,1.7306,1.7707,1.7306,1.7627,7411000
2023-03-30,1.7627,1.7627,1.7226,1.7306,8523400
2023-03-31,1.7387,1.7467,1.7146,1.7226,7176400
2023-04-03,1.7306,1.7547,1.7146,1.7547,6713600
2023-04-04,1.7467,1.7707,1.7467,1.7547,2750300
2023-04-05,1.7547,1.7787,1.7547,1.7547,1970800
2023-04-06,1.7547,1.7707,1.7467,1.7627,8518800
2023-04-07,1.7707,1.7707,1.7306,1.7627,8129700
2023-04-10,1.7707,1.7707,1.7146,1.7226,3830100
2023-04-11,1.7306,1.7306,1.7146,1.7226,2492200
2023-04-12,1.7226,1.7387,1.7146,1.7387,4193100
2023-04-13,1.7387,1.7387,1.7226,1.7306,1500000
2023-04-14,1.7306,1.7387,1.7306,1.7387,1151200
2023-04-17,1.7387,1.7467,1.7226,1.7306,4773500
2023-04-18,1.7387,1.7387,1.7306,1.7387,1452500
2023-04-19,1.7387,1.7467,1.7066,1.7146,5685700
2023-04-20,1.7146,1.7306,1.7066,1.7226,3415500
2023-04-25,1.7306,1.7387,1.7226,1.7306,2813500
2023-04-26,1.7306,1.7387,1.7066,1.7306,8141600
2023-04-27,1.7306,1.7387,1.7226,1.7387,1911600
2023-04-28,1.7387,1.7467,1.7226,1.7387,5723900
2023-05-02,1.7306,1.7547,1.7306,1.7306,3101900
2023-05-03,1.7306,1.7306,1.7226,1.7226,3127200
2023-05-05,1.7146,1.7387,1.7146,1.7226,4534200
2023-05-08,1.7306,1.7306,1.7226,1.7226,2359300
2023-05-09,1.7226,1.7306,1.7146,1.7146,2494600
2023-05-10,1.7146,1.7226,1.7066,1.7226,1434500
2023-05-11,1.7226,1.7226,1.6986,1.7146,3514500
2023-05-12,1.7146,1.7146,1.6986,1.6986,4309100
2023-05-15,1.6986,1.7066,1.6906,1.6986,2419600
2023-05-16,1.6986,1.6986,1.6826,1.6906,1989700
2023-05-17,1.6906,1.6986,1.6826,1.6826,1517100
2023-05-18,1.6906,1.6986,1.6826,1.6906,2065600
2023-05-19,1.6906,1.7146,1.6906,1.6986,1799000
2023-05-22,1.7146,1.7146,1.6906,1.7146,4601400
2023-05-23,1.7146,1.7226,1.6986,1.7066,4294300
2023-05-24,1.7066,1.7066,1.6826,1.6906,3908100
2023-05-25,1.6826,1.6906,1.6585,1.6585,3225600
2023-05-26,1.6585,1.6665,1.6345,1.6505,2655600
2023-05-29,1.6505,1.6585,1.6425,1.6425,960300
2023-05-30,1.6425,1.6505,1.6265,1.6265,3110400
2023-05-31,1.6265,1.6585,1.6185,1.6585,13348300
2023-06-01,1.6505,1.6505,1.6185,1.6345,5292900
2023-06-02,1.6425,1.6665,1.6345,1.6585,4809900
2023-06-06,1.6585,1.6665,1.5944,1.5944,7603300
2023-06-07,1.6024,1.6345,1.5944,1.6265,4229000
2023-06-08,1.6345,1.6425,1.5864,1.6345,6249500
2023-06-09,1.6345,1.6425,1.6024,1.6024,5137600
2023-06-12,1.6024,1.6265,1.6024,1.6105,3095100
2023-06-13,1.6265,1.6265,1.6105,1.6185,3339900
2023-06-14,1.6265,1.6585,1.6265,1.6505,3038500
2023-06-15,1.6505,1.6505,1.6185,1.6265,1812800
2023-06-16,1.6345,1.6665,1.6265,1.6265,15430400
2023-06-19,1.6345,1.6585,1.6185,1.6585,1968000
2023-06-20,1.6505,1.6585,1.6345,1.6585,3068400
2023-06-21,1.6585,1.6585,1.6345,1.6425,2898600
2023-06-22,1.6425,1.6585,1.6345,1.6425,3890100
2023-06-23,1.6425,1.6585,1.6345,1.6425,3275300
2023-06-26,1.6425,1.6585,1.6425,1.6425,2656800
2023-06-27,1.6425,1.6585,1.6425,1.6425,2076300
2023-06-28,1.6585,1.6746,1.6505,1.6505,1694200
2023-06-30,1.6505,1.6585,1.6265,1.6425,5675200
2023-07-03,1.6425,1.6665,1.6425,1.6665,924200
2023-07-04,1.6665,1.6665,1.6265,1.6425,4926900
2023-07-05,1.6425,1.6665,1.6345,1.6505,1151500
2023-07-06,1.6505,1.6665,1.6425,1.6505,2233300
2023-07-07,1.6425,1.6665,1.6425,1.6425,2059900
2023-07-10,1.6425,1.6746,1.6425,1.6505,2568700
2023-07-11,1.6505,1.6906,1.6505,1.6826,3070400
2023-07-12,1.6826,1.7226,1.6826,1.7066,3760700
2023-07-13,1.7226,1.7226,1.6986,1.7066,2555000
2023-07-14,1.7146,1.7226,1.6826,1.6906,4219700
2023-07-17,1.6906,1.6986,1.6665,1.6746,2249700
2023-07-18,1.6746,1.6826,1.6425,1.6505,5162100
2023-07-20,1.6505,1.6665,1.6425,1.6585,6189600
2023-07-21,1.6665,1.7146,1.6585,1.7146,3389000
2023-07-24,1.7146,1.7146,1.6826,1.6986,4074100
2023-07-25,1.7066,1.7387,1.6906,1.7306,3685400
2023-07-26,1.7306,1.7387,1.7146,1.7226,2234400
2023-07-27,1.7306,1.7467,1.7226,1.7387,1677500
2023-07-28,1.7226,1.7387,1.7146,1.7226,3100500
2023-07-31,1.7306,1.7627,1.7306,1.7467,4601800
2023-08-01,1.7467,1.7707,1.7387,1.7387,4141400
2023-08-02,1.7387,1.7547,1.7387,1.7467,2561500
2023-08-03,1.7467,1.7627,1.7387,1.7467,4723900
2023-08-04,1.7467,1.7627,1.7387,1.7467,1345300
2023-08-07,1.7467,1.7627,1.7467,1.7467,1950200
2023-08-08,1.7467,1.7787,1.7467,1.7787,2713300
2023-08-09,1.7787,1.7787,1.7547,1.7627,4198700
2023-08-10,1.7627,1.7627,1.7226,1.7226,3621000
2023-08-11,1.7226,1.7467,1.7066,1.7387,2818500
2023-08-14,1.7467,1.7627,1.7226,1.7306,5341000
2023-08-15,1.7306,1.7387,1.7226,1.7306,5417700
2023-08-16,1.7226,1.7387,1.7226,1.7306,5672100
2023-08-17,1.7306,1.7387,1.7146,1.7146,4508100
2023-08-18,1.7146,1.7146,1.6826,1.6906,8738600
2023-08-21,1.6906,1.7066,1.6746,1.6906,6265100
2023-08-22,1.7066,1.7146,1.6826,1.6906,6034700
2023-08-23,1.6906,1.6986,1.6746,1.6826,8844800
2023-08-24,1.6826,1.6906,1.6746,1.6906,4847800
2023-08-25,1.7627,1.8028,1.7387,1.7627,33271600
2023-08-28,1.7627,1.8428,1.7627,1.7787,15633500
2023-08-29,1.7947,1.8268,1.7787,1.8108,13305200
2023-08-30,1.8268,1.8428,1.7947,1.8428,13501600
2023-09-01,1.8588,1.8588,1.8188,1.8428,11425400
2023-09-04,1.8508,1.8508,1.8108,1.8188,7186600
2023-09-05,1.8268,1.8348,1.7787,1.7947,8258600
2023-09-06,1.8028,1.8188,1.7947,1.8028,7666100
2023-09-07,1.8111,1.8447,1.8111,1.8279,6547400
2023-09-08,1.8363,1.8614,1.8279,1.8363,4702800
2023-09-11,1.8363,1.8447,1.8111,1.8279,2874600
2023-09-12,1.8279,1.8363,1.7944,1.8195,4772400
2023-09-13,1.8111,1.8363,1.8028,1.8195,3348100
2023-09-14,1.8195,1.8614,1.8195,1.8279,5635000
2023-09-15,1.8363,1.8614,1.8028,1.8028,19317900
2023-09-18,1.8195,1.8698,1.8111,1.8614,7712000
2023-09-19,1.8698,1.8866,1.8531,1.8782,4851500
2023-09-20,1.8782,1.8866,1.8531,1.8782,7003600
2023-09-21,1.8782,1.8866,1.8279,1.8363,6092500
2023-09-22,1.8279,1.8614,1.8195,1.8614,5622700
2023-09-25,1.8614,1.8698,1.8363,1.8531,4213200
2023-09-26,1.8531,1.8614,1.8363,1.8363,2452900
2023-09-27,1.8279,1.8614,1.8279,1.8531,5308600
2023-09-29,1.8447,1.8698,1.8447,1.8531,6272500
2023-10-02,1.8531,1.8614,1.8447,1.8531,3166300
2023-10-03,1.8531,1.8614,1.8279,1.8531,10122100
2023-10-04,1.8531,1.8531,1.8111,1.8363,9912700
2023-10-05,1.8363,1.8531,1.8195,1.8447,6523700
2023-10-06,1.8447,1.8614,1.8447,1.8531,5453700
2023-10-09,1.8531,1.8866,1.8531,1.8782,7256300
2023-10-10,1.8866,1.9034,1.8698,1.8866,7834300
2023-10-11,1.895,1.9201,1.8782,1.9201,14869400
2023-10-12,1.9201,1.9453,1.9118,1.9118,11944600
2023-10-13,1.9118,1.9201,1.8782,1.895,3755300
2023-10-16,1.895,1.9118,1.8614,1.8866,5965500
2023-10-17,1.8866,1.9034,1.8782,1.8866,4877400
2023-10-18,1.8866,1.9118,1.8866,1.9034,7969700
2023-10-19,1.9118,1.9201,1.8866,1.9034,10785600
2023-10-20,1.9034,1.9118,1.8866,1.9034,5305500
2023-10-23,1.9034,1.9201,1.895,1.9118,5519900
2023-10-24,1.9118,1.9453,1.9118,1.9201,8167600
2023-10-25,1.9201,1.9285,1.895,1.9034,3964500
2023-10-26,1.9118,1.9285,1.9034,1.9118,3815200
2023-10-27,1.9201,1.9285,1.9034,1.9034,3945200
2023-10-30,1.9034,1.9201,1.895,1.9118,2585900
2023-10-31,1.9118,1.9201,1.9034,1.9201,4336500
2023-11-01,1.9285,1.9453,1.8866,1.9034,10797000
2023-11-02,1.9118,1.9369,1.9034,1.9201,7718700
2023-11-03,1.9285,1.9704,1.9285,1.9621,10009000
2023-11-06,1.9704,2.0124,1.9537,1.9956,12856500
2023-11-07,1.9956,2.004,1.9285,1.9537,11360600
2023-11-08,1.9537,2.0124,1.9453,1.9872,19215000
2023-11-09,1.9872,1.9956,1.9704,1.9956,11877900
2023-11-10,1.9872,1.9872,1.9537,1.9621,10623000
2023-11-14,2.004,2.0124,1.9621,1.9872,12444500
2023-11-15,1.9872,2.0375,1.9872,2.0124,22983200
2023-11-16,2.0208,2.0291,2.004,2.0124,15518900
2023-11-17,2.0124,2.0459,2.0124,2.0459,18425300
2023-11-20,2.0459,2.0459,1.9872,1.9956,11357800
2023-11-21,2.004,2.0375,1.9872,1.9956,18736500
2023-11-22,2.0124,2.0124,1.9872,2.004,6844300
2023-11-23,2.004,2.0124,1.9788,1.9872,5685800
2023-11-24,2.004,2.004,1.9788,1.9872,7637700
2023-11-27,1.9872,2.0291,1.9872,1.9956,9547900
2023-11-28,2.0208,2.0375,2.004,2.0124,14621100
2023-11-29,2.0208,2.0208,1.9956,2.0124,11508200
2023-11-30,2.0208,2.0711,1.9872,2.0711,25548500
2023-12-01,2.0291,2.0291,1.9956,2.0208,15140100
2023-12-04,2.0208,2.0208,1.9788,1.9956,9966700
2023-12-05,1.9956,2.0124,1.9788,2.004,8234400
2023-12-06,2.004,2.0124,1.9621,1.9704,8607000
2023-12-07,1.9788,2.0124,1.9788,1.9956,9467000
2023-12-08,2.004,2.004,1.9704,1.9788,5642300
2023-12-11,1.9788,1.9872,1.9537,1.9621,10511100
2023-12-12,1.9621,1.9872,1.9621,1.9872,10984300
2023-12-13,1.9872,2.0208,1.9788,2.0124,14239900
2023-12-14,2.0124,2.0291,1.9872,2.004,14810100
2023-12-15,2.004,2.0543,2.004,2.0543,33528800
2023-12-18,2.0543,2.0543,2.0375,2.0375,6318700
2023-12-19,2.0375,2.0459,2.0208,2.0375,6290100
2023-12-20,2.0459,2.0543,2.0291,2.0543,6204500
2023-12-21,2.0375,2.0375,2.004,2.0124,5844500
2023-12-22,2.004,2.0208,1.9788,1.9956,7936700
2023-12-26,1.9956,2.004,1.9788,1.9788,7119900
2023-12-27,1.9872,2.004,1.9788,1.9872,6251300
2023-12-28,1.9956,1.9956,1.9788,1.9872,3216300
2023-12-29,1.9872,2.004,1.9621,1.9704,9697200
2024-01-02,1.9621,1.9956,1.9621,1.9956,5454900
2024-01-03,1.9872,1.9872,1.9621,1.9621,7522500
2024-01-04,1.9621,1.9788,1.9537,1.9704,12520300
2024-01-05,1.9704,1.9788,1.9537,1.9621,7476400
2024-01-08,1.9621,2.0208,1.9621,2.004,24265000
2024-01-09,2.004,2.0375,1.9956,2.0291,17349900
2024-01-10,2.0375,2.0543,2.004,2.0375,17768800
2024-01-11,2.0459,2.0795,2.0291,2.0375,13232100
2024-01-12,2.0459,2.0543,2.0375,2.0459,5270900
2024-01-15,2.0459,2.113,2.0459,2.0543,29562300
2024-01-16,2.0543,2.0878,2.0375,2.0375,19235200
2024-01-17,2.0459,2.0962,2.0208,2.0878,20100700
2024-01-18,2.0795,2.113,2.0543,2.0543,21642200
2024-01-19,2.0627,2.0962,2.0543,2.0795,19530400
2024-01-22,2.0795,2.0962,2.0627,2.0795,8891800
2024-01-23,2.0795,2.1298,2.0795,2.1046,20174300
2024-01-24,2.1046,2.113,2.0795,2.0962,9002500
2024-01-26,2.0962,2.1298,2.0878,2.0962,17114000
2024-01-29,2.1046,2.113,2.0795,2.0878,9513400
2024-01-30,2.0878,2.0962,2.0459,2.0459,6305400
2024-01-31,2.0459,2.0543,2.0208,2.0375,19548300
2024-02-02,2.0459,2.0711,2.0291,2.0543,20391200
2024-02-05,2.0543,2.0878,2.0543,2.0711,4798100
2024-02-06,2.0711,2.0795,2.0543,2.0711,14253300
2024-02-07,2.0795,2.0962,2.0375,2.0375,11663200
2024-02-08,2.0291,2.0795,2.0291,2.0627,20281200
2024-02-09,2.0711,2.0711,2.0459,2.0543,6684100
2024-02-13,2.0543,2.0795,2.0459,2.0627,10323300
2024-02-14,2.0627,2.0711,2.0543,2.0711,7635500
2024-02-15,2.0711,2.0878,2.0627,2.0711,6308600
2024-02-16,2.0711,2.0795,2.0543,2.0627,10026000
2024-02-19,2.0795,2.1214,2.0795,2.1046,8327200
2024-02-20,2.113,2.222,2.113,2.2052,41166400
2024-02-21,2.1968,2.2555,2.1717,2.2052,23408900
2024-02-22,2.2052,2.2136,2.1717,2.1885,15285900
2024-02-23,2.1968,2.2388,2.1549,2.222,22558000
2024-02-26,2.222,2.2639,2.1801,2.1968,22637600
2024-02-27,2.1968,2.2472,2.1968,2.222,13120500
2024-02-28,2.222,2.2472,2.222,2.222,13842300
2024-02-29,2.222,2.2723,2.222,2.2723,39454700
2024-03-01,2.2723,2.2807,2.2388,2.2472,10959800
2024-03-04,2.2472,2.2555,2.1968,2.2052,12950400
2024-03-05,2.2136,2.222,2.1633,2.1968,10833200
2024-03-06,2.1885,2.2304,2.1885,2.222,6021800
2024-03-07,2.2305,2.2559,2.2135,2.2305,8953100
2024-03-08,2.239,2.2644,2.2305,2.2559,8728100
2024-03-11,2.2644,2.2814,2.2474,2.2559,6870400
2024-03-12,2.2559,2.2729,2.239,2.2559,9774400
2024-03-13,2.2559,2.2644,2.2474,2.2559,12553500
2024-03-14,2.2559,2.2983,2.2559,2.2898,21066500
2024-03-15,2.2814,2.2814,2.239,2.2729,30040300
2024-03-18,2.2729,2.2729,2.239,2.2474,10752900
2024-03-19,2.2474,2.2559,2.2305,2.239,10938100
2024-03-20,2.2474,2.2644,2.205,2.2135,14163100
2024-03-21,2.222,2.239,2.205,2.222,17238300
2024-03-22,2.222,2.2305,2.1966,2.2135,10940600
2024-03-25,2.205,2.2135,2.1881,2.2135,9649900
2024-03-26,2.2135,2.222,2.1881,2.205,14194200
2024-03-27,2.205,2.2305,2.1881,2.205,14191200
2024-03-29,2.2135,2.222,2.1966,2.205,9284600
2024-04-01,2.205,2.222,2.1966,2.1966,12908600
2024-04-02,2.205,2.2983,2.205,2.2729,15822700
2024-04-03,2.2729,2.3407,2.2559,2.2814,24474500
2024-04-04,2.2814,2.3322,2.2729,2.3238,15084800
2024-04-05,2.3153,2.3577,2.2898,2.2898,22477600
2024-04-08,2.2898,2.3407,2.2898,2.3153,14652200
2024-04-09,2.3153,2.3662,2.3153,2.3407,10023900
2024-04-12,2.3662,2.3662,2.3322,2.3407,11688200
2024-04-15,2.3407,2.3662,2.3238,2.3492,15615200
2024-04-16,2.3492,2.3492,2.2814,2.3068,22755500
2024-04-17,2.3068,2.3238,2.2983,2.3153,24039900
2024-04-18,2.3153,2.3662,2.3153,2.3492,13765700
2024-04-19,2.3577,2.3831,2.3238,2.3577,17264600
2024-04-22,2.3577,2.3916,2.3577,2.3831,10659300
2024-04-23,2.3916,2.4171,2.3831,2.4086,19621600
2024-04-24,2.4171,2.434,2.3662,2.3916,14733000
2024-04-25,2.4001,2.4086,2.3492,2.3747,15706000
2024-04-26,2.3747,2.3916,2.3662,2.3831,9735600
2024-04-29,2.3916,2.3916,2.3407,2.3577,12184000
2024-04-30,2.3577,2.4001,2.3492,2.3747,21057300
2024-05-02,2.3662,2.3916,2.3407,2.3747,17168300
2024-05-03,2.3916,2.4425,2.3747,2.434,18977400
2024-05-06,2.4425,2.4425,2.3831,2.3916,15795300
2024-05-07,2.3916,2.4171,2.3916,2.4001,8427500
2024-05-08,2.4086,2.4086,2.3662,2.3831,10923800
2024-05-09,2.3831,2.3916,2.3662,2.3831,15633000
2024-05-10,2.3916,2.4086,2.3831,2.4001,13474100
2024-05-13,2.4086,2.4086,2.3916,2.4001,5637500
2024-05-14,2.4001,2.434,2.3916,2.4086,10202900
2024-05-15,2.4086,2.4255,2.4001,2.4086,13346400
2024-05-16,2.4086,2.451,2.4086,2.4255,7380400
2024-05-17,2.4255,2.4425,2.4086,2.4255,15256900
2024-05-20,2.434,2.4425,2.3831,2.4001,6199800
2024-05-21,2.4086,2.4171,2.3831,2.3916,9607700
2024-05-23,2.4001,2.4679,2.4001,2.451,25379800
2024-05-24,2.4595,2.5188,2.4425,2.5019,19229500
2024-05-27,2.5103,2.5188,2.3916,2.4001,23848600
2024-05-28,2.4001,2.434,2.3831,2.4255,15342900
2024-05-29,2.4255,2.4255,2.3577,2.3747,10692500
2024-05-30,2.3662,2.3831,2.3492,2.3577,4915000
2024-05-31,2.3577,2.3662,2.3322,2.3577,26455600
2024-06-04,2.3492,2.4001,2.3407,2.3747,8116300
2024-06-05,2.3831,2.4001,2.3153,2.3322,14052000
2024-06-06,2.3322,2.3492,2.3153,2.3153,10282200
2024-06-07,2.3153,2.3407,2.3068,2.3322,15084900
2024-06-10,2.3322,2.3407,2.3153,2.3322,9191400
2024-06-11,2.3492,2.3492,2.239,2.2474,31298400
2024-06-12,2.2474,2.2644,2.2305,2.2305,15560400
2024-06-13,2.2305,2.239,2.1626,2.1796,34325500
2024-06-14,2.1796,2.1966,2.1372,2.1457,35457000
2024-06-18,2.1541,2.205,2.1541,2.1711,15201300
2024-06-19,2.1796,2.2474,2.1796,2.205,21406000
2024-06-20,2.205,2.205,2.1287,2.1457,16870800
2024-06-21,2.1541,2.1966,2.1457,2.1711,30018000
2024-06-24,2.1626,2.2135,2.1541,2.1796,19701500
2024-06-25,2.1796,2.222,2.1711,2.205,9875200
2024-06-26,2.205,2.2474,2.1796,2.239,12804200
2024-06-27,2.2474,2.2474,2.205,2.2135,17812600
2024-06-28,2.2135,2.239,2.205,2.222,14367400
2024-07-01,2.222,2.2474,2.1966,2.2135,7018400
2024-07-02,2.222,2.2474,2.222,2.2305,10956700
2024-07-03,2.2305,2.2474,2.2305,2.239,10929000
2024-07-04,2.239,2.239,2.1966,2.205,17236100
2024-07-05,2.205,2.2559,2.205,2.2305,6777300
2024-07-09,2.2305,2.2898,2.222,2.2559,20137900
2024-07-10,2.2559,2.2644,2.2305,2.239,6931100
2024-07-11,2.239,2.3068,2.239,2.2983,10248200
2024-07-12,2.2983,2.3322,2.2898,2.3322,11955200
2024-07-15,2.3322,2.3662,2.3238,2.3492,12883700
2024-07-16,2.3407,2.3407,2.2644,2.2729,12089700
2024-07-17,2.2814,2.3068,2.2729,2.2814,19902200
2024-07-18,2.2814,2.2898,2.2644,2.2729,15693100
2024-07-19,2.2644,2.2814,2.239,2.239,11138800
2024-07-22,2.2474,2.2474,2.2135,2.2305,10120200
2024-07-23,2.2305,2.2814,2.222,2.2474,22441700
2024-07-24,2.2474,2.2474,2.2135,2.239,17464200
2024-07-25,2.239,2.239,2.1966,2.2135,7212600
2024-07-26,2.222,2.222,2.1796,2.1881,8243000
2024-07-29,2.205,2.2305,2.1881,2.1881,12625000
2024-07-30,2.1966,2.239,2.1966,2.222,12349100
2024-07-31,2.222,2.2305,2.205,2.205,15278900
2024-08-01,2.205,2.222,2.1966,2.2135,10706800
2024-08-02,2.1966,2.222,2.1626,2.1881,10536000
2024-08-05,2.1626,2.1626,2.0354,2.0524,16944000
2024-08-06,2.0524,2.1117,2.0015,2.0948,14155900
2024-08-07,2.1033,2.1711,2.0693,2.1372,8187800
2024-08-08,2.1202,2.1711,2.0524,2.1626,10443700
2024-08-09,2.1881,2.1881,2.1372,2.1626,13209900
2024-08-12,2.1626,2.1966,2.1541,2.1711,7257400
2024-08-13,2.1626,2.1796,2.1372,2.1626,10194400
2024-08-14,2.1796,2.2474,2.1796,2.222,13279100
2024-08-15,2.2305,2.2474,2.205,2.2305,8117400
2024-08-16,2.239,2.2644,2.222,2.2474,11045700
2024-08-19,2.2474,2.2983,2.2474,2.2729,19250800
2024-08-20,2.2814,2.3153,2.2135,2.222,13520400
2024-08-21,2.2305,2.2729,2.222,2.2305,14291800
2024-08-22,2.239,2.2559,2.205,2.2135,11822200
2024-08-23,2.2135,2.2474,2.2135,2.2305,8458400
2024-08-26,2.2305,2.2559,2.2305,2.2559,9224300
2024-08-27,2.2559,2.2644,2.1541,2.1626,20254900
2024-08-28,2.1626,2.1796,2.0269,2.0693,41358000
2024-08-29,2.0778,2.0778,2.01,2.0609,15981100
2024-08-30,2.0778,2.1202,2.0354,2.1033,22574300
2024-09-02,2.0948,2.1457,2.0778,2.1372,9494600
2024-09-03,2.1372,2.1457,2.0863,2.0948,22038200
2024-09-04,2.0863,2.1117,2.0778,2.0948,19075300
2024-09-05,2.1033,2.1117,2.0609,2.0863,18332600
2024-09-06,2.0778,2.0948,2.0269,2.0778,20618700
2024-09-09,2.1043,2.1043,2.0513,2.0601,13153200
2024-09-10,2.069,2.069,2.0159,2.0336,13510400
2024-09-11,2.0336,2.0336,1.9806,1.9982,16444000
2024-09-12,2.0159,2.0425,2.0071,2.0336,10216100
2024-09-13,2.0336,2.0601,2.0159,2.0513,6026500
2024-09-17,2.0513,2.0778,2.0336,2.0513,5322100
2024-09-18,2.0513,2.1043,2.0425,2.1043,6189400
2024-09-19,2.1132,2.122,2.069,2.0955,13729700
2024-09-20,2.0867,2.1132,2.069,2.0778,22121500
2024-09-23,2.069,2.1397,2.0336,2.0955,17288000
2024-09-24,2.0955,2.0955,2.0513,2.0513,13376800
2024-09-25,2.069,2.1574,2.069,2.1397,23465600
2024-09-26,2.1397,2.1662,2.1132,2.1662,9702000
2024-09-27,2.1751,2.1751,2.1486,2.1574,19229000
2024-09-30,2.1574,2.1928,2.1397,2.1751,21457300
2024-10-01,2.1839,2.1839,2.1486,2.1839,8345800
2024-10-02,2.1751,2.1751,2.1397,2.1662,14949600
2024-10-03,2.1662,2.1751,2.1397,2.1486,10108500
2024-10-04,2.1486,2.1662,2.122,2.1309,7263200
2024-10-07,2.1309,2.2193,2.1309,2.2193,9085600
2024-10-08,2.2193,2.237,2.1839,2.2016,8678300
2024-10-09,2.2016,2.2016,2.1662,2.1751,7354900
2024-10-10,2.2016,2.2193,2.1574,2.2104,8363000
2024-10-11,2.2104,2.2193,2.1486,2.1574,6348400
2024-10-14,2.1574,2.1839,2.1486,2.1751,3847300
2024-10-15,2.1751,2.1839,2.1309,2.1397,9321100
2024-10-16,2.1309,2.1486,2.1043,2.1043,15111300
2024-10-17,2.1132,2.1486,2.1132,2.1397,3819000
2024-10-18,2.1486,2.1574,2.1309,2.1397,5395500
2024-10-21,2.1486,2.1662,2.122,2.1309,3859700
2024-10-22,2.122,2.1486,2.1132,2.1309,6747300
2024-10-23,2.1397,2.1574,2.1043,2.1132,5909400
2024-10-24,2.1132,2.1397,2.1043,2.1132,4126000
2024-10-25,2.1132,2.1132,2.0601,2.0778,3035500
2024-10-28,2.0778,2.122,2.069,2.1132,5418800
2024-10-29,2.1132,2.1928,2.0955,2.1662,9739700
2024-10-30,2.1397,2.1397,2.0513,2.0513,12992200
2024-11-01,2.0425,2.1043,2.0336,2.0778,11196000
2024-11-04,2.069,2.1043,2.069,2.0778,5097500
2024-11-05,2.0778,2.1132,2.0778,2.0955,5904600
2024-11-06,2.0955,2.1132,2.0778,2.0867,5216500
2024-11-07,2.0867,2.1043,2.0513,2.069,9173700
2024-11-08,2.069,2.1043,2.0513,2.069,6388800
2024-11-11,2.0778,2.0867,2.0159,2.0513,4426400
2024-11-12,2.0513,2.0601,1.9982,1.9982,5870500
2024-11-13,1.9982,2.0336,1.9894,2.0159,5671400
2024-11-14,2.0248,2.0425,1.954,1.9806,11103500
2024-11-15,1.9894,1.9982,1.9629,1.9717,4409100
2024-11-18,1.9717,1.9806,1.9629,1.9806,8782300
2024-11-19,1.9806,1.9982,1.9717,1.9717,8288900
2024-11-20,1.9806,2.0425,1.9717,2.0336,6809500
2024-11-21,2.0336,2.0425,1.9982,2.0336,6147400
2024-11-22,2.0336,2.0513,2.0071,2.0071,6405800
2024-11-25,2.0248,2.0425,1.9806,1.9806,17894500
2024-11-26,1.9982,2.069,1.9894,2.0513,6482800
2024-11-27,2.0513,2.069,2.0248,2.0513,4736000
2024-11-28,2.0513,2.0955,2.0248,2.0425,11356300
2024-11-29,2.0425,2.069,2.0159,2.0159,6766200
2024-12-02,2.0159,2.0425,1.9894,2.0336,9969100
2024-12-03,2.0336,2.0867,2.0336,2.0778,13677200
2024-12-04,2.0778,2.1132,2.0513,2.0778,8466400
2024-12-05,2.0778,2.0867,2.0513,2.069,6940600
2024-12-06,2.069,2.122,2.0513,2.122,8030700
2024-12-09,2.122,2.1309,2.069,2.0955,6121100
2024-12-10,2.0955,2.0955,2.0601,2.0955,8222600
2024-12-11,2.0955,2.0955,2.0513,2.0601,6850300
2024-12-12,2.0601,2.0778,2.0336,2.0778,7283300
2024-12-13,2.0778,2.1043,2.069,2.0955,4042100
2024-12-16,2.0955,2.1486,2.0778,2.1486,5879300
2024-12-17,2.122,2.1486,2.0513,2.069,9910500
2024-12-18,2.069,2.0867,2.0336,2.0601,8951900
2024-12-19,2.0336,2.0425,2.0159,2.0248,13075500
2024-12-20,2.0159,2.0248,1.9982,2.0071,15093400
2024-12-23,2.0159,2.0425,2.0071,2.0425,3818500
2024-12-24,2.0425,2.0513,2.0248,2.0336,1389200
2024-12-26,2.0425,2.069,2.0336,2.069,3139700
2024-12-27,2.069,2.0778,2.0425,2.0513,4316600
2024-12-30,2.0513,2.0867,2.0513,2.0601,4233200
2024-12-31,2.0601,2.0955,2.0601,2.0867,5105900
2025-01-02,2.0867,2.0867,2.0601,2.0778,2639400
2025-01-03,2.069,2.0867,2.0513,2.0601,5438000
2025-01-06,2.0601,2.069,2.0336,2.0601,7661300
2025-01-07,2.0601,2.0778,2.0336,2.0336,9469000
2025-01-08,2.0336,2.0425,2.0071,2.0248,7556900
2025-01-09,2.0248,2.0248,1.9806,1.9806,6491500
2025-01-10,1.9806,1.9894,1.954,1.9717,6166400
2025-01-13,1.9629,1.9717,1.901,1.9275,17282700
2025-01-14,1.9364,1.9806,1.9364,1.954,9398700
2025-01-15,1.9452,1.954,1.8921,1.9098,13109700
2025-01-16,1.9364,1.9452,1.8833,1.8921,9249500
2025-01-17,1.8921,1.9452,1.8656,1.9452,10094800
2025-01-20,1.9452,1.9629,1.9275,1.9452,5715800
2025-01-21,1.954,1.9717,1.9452,1.954,7196000
2025-01-22,1.954,1.9717,1.9452,1.9629,10230400
2025-01-23,1.9717,1.9806,1.9275,1.9364,6505800
2025-01-24,1.9364,1.9452,1.901,1.9275,11098800
2025-01-27,1.9364,1.954,1.9098,1.9187,5639200
2025-01-28,1.9275,1.9364,1.9098,1.9187,4141100
2025-01-31,1.9275,1.9982,1.9275,1.9894,14096400
2025-02-03,1.9894,1.9894,1.9187,1.9275,6667800
2025-02-04,1.9364,1.9629,1.9275,1.9275,8532800
2025-02-05,1.9275,1.9717,1.9275,1.9629,6379300
2025-02-06,1.9629,1.9717,1.9452,1.954,3069700
2025-02-07,1.954,1.9806,1.9452,1.954,5900000
2025-02-10,1.954,2.0071,1.9452,1.9894,5680400
2025-02-12,1.9982,2.0071,1.9629,1.9894,5626800
2025-02-13,1.9894,2.0159,1.9717,2.0071,2977000
2025-02-14,2.0071,2.0248,1.9982,2.0159,2807400
2025-02-17,2.0159,2.0248,1.9894,2.0071,1675400
2025-02-18,2.0071,2.0336,1.9894,2.0071,3884600
2025-02-19,2.0071,2.0071,1.9629,1.9629,2861800
2025-02-20,1.9629,1.9806,1.954,1.9629,5802100
2025-02-21,1.9629,1.9717,1.9187,1.9629,8019900
2025-02-24,1.9717,2.0248,1.9364,2.0159,5374100
2025-02-25,1.9982,2.0248,1.9717,2.0159,9075700
2025-02-26,2.0159,2.0601,1.9894,2.0601,8519500
2025-02-27,2.0425,2.0425,1.9894,2.0248,11021100
2025-02-28,2.0159,2.0159,1.9098,1.9364,19806000
2025-03-03,1.9275,1.9364,1.8921,1.901,6899400
2025-03-04,1.8921,1.8921,1.7772,1.786,13824100
2025-03-05,1.7949,1.8568,1.786,1.8126,16534000
2025-03-06,1.8391,1.901,1.8303,1.8921,6110000
2025-03-07,1.8833,1.9098,1.8391,1.901,13436800
2025-03-10,1.901,1.901,1.8391,1.8391,5424900
2025-03-11,1.8037,1.8745,1.8037,1.8745,3091200
2025-03-12,1.8835,1.8925,1.8294,1.8564,8430100
2025-03-13,1.8654,1.8835,1.8204,1.8474,9561400
2025-03-14,1.8384,1.8745,1.8294,1.8474,5978600
2025-03-17,1.8474,1.8654,1.8114,1.8204,11821400
2025-03-19,1.8204,1.8384,1.8024,1.8204,13659800
2025-03-20,1.8204,1.8294,1.7483,1.7753,14856700
2025-03-21,1.7753,1.8024,1.7663,1.7663,16365000
2025-03-24,1.7753,1.8024,1.7663,1.7843,7200300
2025-03-25,1.8024,1.8384,1.7934,1.8204,7916300
2025-03-26,1.8204,1.8925,1.8024,1.8654,10354100
2025-03-27,1.8745,2.0006,1.8654,2.0006,9815100
2025-03-28,1.9736,1.9916,1.9195,1.9916,13128800
2025-04-02,1.9646,1.9646,1.8925,1.9466,7226400
2025-04-03,1.9285,1.9466,1.8384,1.8654,7129300
2025-04-04,1.8384,1.8654,1.8204,1.8654,6103600
2025-04-07,1.8204,1.8294,1.7032,1.8294,15501800
2025-04-08,1.8294,1.8294,1.7573,1.8024,11832400
2025-04-09,1.7934,1.8204,1.7573,1.7843,14334900
2025-04-10,1.8204,1.8654,1.8024,1.8024,9195500
2025-04-11,1.8024,1.8654,1.7934,1.8654,8462400
2025-04-14,1.8835,1.9285,1.8835,1.9285,3660800
2025-04-15,1.9375,1.9646,1.8925,1.9646,6522200
2025-04-16,1.9375,1.9466,1.8564,1.8564,4246000
2025-04-17,1.8384,1.8654,1.8294,1.8474,4907100
2025-04-18,1.8474,1.8835,1.8474,1.8745,1960400
2025-04-21,1.8745,1.8835,1.8294,1.8294,2616200
2025-04-22,1.8294,1.8654,1.8114,1.8204,4027700
2025-04-23,1.8474,1.8564,1.8294,1.8474,5024900
2025-04-24,1.8474,1.8564,1.8114,1.8384,6298200
2025-04-25,1.8384,1.8654,1.8384,1.8654,3699500
2025-04-28,1.8654,1.8745,1.8474,1.8564,1987900
2025-04-29,1.8564,1.8835,1.8474,1.8654,5346400
2025-04-30,1.8654,1.9015,1.8564,1.8745,6816300
2025-05-02,1.8745,1.8925,1.8654,1.8745,3391400
2025-05-05,1.8745,1.8925,1.8474,1.8654,4076100
2025-05-06,1.8654,1.8835,1.8474,1.8654,1993500
2025-05-07,1.8654,1.8835,1.8474,1.8835,7308800
2025-05-08,1.8835,1.8835,1.8474,1.8745,6325400
2025-05-09,1.8745,1.9015,1.8654,1.8925,3471600
2025-05-13,1.9105,1.9556,1.9105,1.9466,5891400
2025-05-14,1.9466,1.9646,1.9195,1.9466,4758900
2025-05-15,1.9466,1.9736,1.9105,1.9195,6234400
2025-05-16,1.9285,1.9556,1.9195,1.9466,4487900
2025-05-19,1.9466,1.9466,1.9195,1.9375,3501500
2025-05-20,1.9466,1.9646,1.9195,1.9285,7817900
2025-05-21,1.9375,1.9556,1.9195,1.9285,3852300
2025-05-22,1.9285,1.9285,1.8835,1.8835,5356300
2025-05-23,1.9015,1.9285,1.8925,1.9285,2656400
2025-05-26,1.9285,1.9375,1.9105,1.9285,4110600
2025-05-27,1.9285,1.9375,1.6582,1.6852,28675300
2025-05-28,1.7032,1.7122,1.5951,1.6041,28297300
2025-05-29,1.6041,1.6311,1.5771,1.5951,18215800
2025-05-30,1.5951,1.6221,1.532,1.532,26209700
2025-06-03,1.55,1.5681,1.514,1.559,13588500
2025-06-04,1.5681,1.5861,1.514,1.532,15216600
2025-06-05,1.541,1.5951,1.532,1.5771,13582700
2025-06-06,1.5681,1.6131,1.559,1.6131,9795600
2025-06-09,1.6221,1.6221,1.5951,1.6041,5798700
2025-06-10,1.6041,1.6402,1.5951,1.6041,11170500
2025-06-11,1.6041,1.6311,1.6041,1.6131,9015200
2025-06-12,1.6131,1.6311,1.559,1.5681,13854500
2025-06-13,1.559,1.5771,1.514,1.514,13786300
2025-06-16,1.514,1.541,1.4779,1.523,17280500
2025-06-17,1.532,1.55,1.487,1.487,11035100
2025-06-18,1.487,1.532,1.487,1.532,8886800
2025-06-19,1.532,1.532,1.4689,1.4689,8594100
2025-06-20,1.4779,1.496,1.4419,1.487,23897800
2025-06-23,1.4599,1.4689,1.4329,1.4509,5889000
2025-06-24,1.4689,1.496,1.4599,1.487,6208500
2025-06-25,1.487,1.541,1.487,1.541,9178000
2025-06-26,1.541,1.541,1.487,1.487,17101800
2025-06-30,1.505,1.532,1.4509,1.487,22307700
2025-07-01,1.496,1.532,1.4779,1.523,12649800
2025-07-02,1.523,1.532,1.505,1.532,5465500
2025-07-03,1.532,1.5771,1.532,1.5681,13366800
2025-07-04,1.5681,1.5771,1.514,1.523,7462800
2025-07-07,1.523,1.532,1.4689,1.487,13710700
2025-07-08,1.487,1.523,1.4689,1.514,11075400
2025-07-09,1.514,1.523,1.496,1.514,6679300
2025-07-10,1.514,1.523,1.496,1.505,9871700
2025-07-11,1.505,1.532,1.496,1.523,13431500
2025-07-14,1.523,1.532,1.505,1.514,4644300
2025-07-15,1.514,1.532,1.496,1.532,18859100
2025-07-16,1.532,1.541,1.487,1.487,9204800
2025-07-17,1.487,1.532,1.4779,1.532,23345900
2025-07-18,1.532,1.55,1.4689,1.4779,22952700
2025-07-21,1.487,1.496,1.4599,1.4779,16627800
2025-07-22,1.487,1.496,1.4599,1.4689,12621300
2025-07-23,1.4779,1.487,1.4689,1.4779,8826100
2025-07-24,1.487,1.496,1.4599,1.4689,18466600
2025-07-25,1.4689,1.487,1.4509,1.487,11058700
2025-07-28,1.487,1.496,1.4689,1.4779,7815900
2025-07-29,1.4779,1.496,1.4689,1.4779,5569900
2025-07-30,1.4779,1.505,1.4689,1.496,9450700
2025-07-31,1.496,1.496,1.4599,1.4689,12435900
2025-08-01,1.4689,1.487,1.4599,1.4689,10372700
2025-08-04,1.4689,1.4779,1.4419,1.4419,10267600
2025-08-05,1.4509,1.4689,1.4329,1.4419,15162800
2025-08-06,1.4419,1.4779,1.4329,1.4689,12112800
2025-08-07,1.4689,1.487,1.4419,1.4779,15125600
2025-08-08,1.4779,1.4779,1.4058,1.4329,26278200
2025-08-11,1.4239,1.4419,1.4149,1.4239,12437900
2025-08-12,1.4239,1.4599,1.4239,1.4599,11998400
2025-08-13,1.4599,1.514,1.4509,1.505,19028500
2025-08-14,1.505,1.505,1.4779,1.496,12963200
2025-08-15,1.496,1.514,1.4779,1.514,9803200
2025-08-18,1.514,1.55,1.496,1.532,21111300
2025-08-19,1.541,1.6041,1.532,1.5861,23747700
2025-08-20,1.5951,1.5951,1.532,1.5771,39021900
2025-08-21,1.5771,1.5951,1.532,1.532,29711700
2025-08-22,1.532,1.5681,1.505,1.505,18431200
2025-08-25,1.523,1.55,1.487,1.496,29526000
2025-08-26,1.496,1.505,1.4419,1.4599,326406400
2025-08-27,1.4689,1.7393,1.4599,1.7122,70746600
2025-08-28,1.7213,1.8474,1.7213,1.7573,78748800
2025-08-29,1.7663,1.8745,1.7483,1.8654,44218200
2025-09-02,1.8654,1.8745,1.7663,1.8204,31066200
2025-09-03,1.8204,1.8835,1.8024,1.8564,38878500
2025-09-04,1.8564,1.8835,1.8294,1.8294,43555200
2025-09-08,1.8384,1.8925,1.8294,1.8745,23531100
2025-09-09,1.8745,1.9556,1.8654,1.9105,41355600
2025-09-10,1.9105,1.9736,1.9105,1.9466,24078800
2025-09-11,1.9466,1.9646,1.8925,1.9375,28428600
2025-09-12,1.9375,1.9659,1.8714,1.9186,16155300
2025-09-17,1.9186,2.0415,1.9186,2.0037,35611800
2025-09-18,2.0037,2.0132,1.947,1.9848,21390700
2025-09-19,1.9848,2.0321,1.9564,2.0321,26696100
2025-09-22,2.0226,2.0226,1.9848,1.9848,11134800
2025-09-23,1.9848,2.0793,1.9848,2.0793,20053100
2025-09-24,2.0793,2.0982,2.0226,2.0226,27176000
2025-09-25,2.0415,2.1171,2.0415,2.1171,30446500
2025-09-26,2.1077,2.136,2.0793,2.136,12207600
2025-09-29,2.1266,2.136,2.0888,2.1171,7256500
2025-09-30,2.1171,2.2305,2.1077,2.1549,34714000
2025-10-01,2.1549,2.1549,2.0982,2.1077,17771500
2025-10-02,2.1077,2.1455,2.0699,2.0982,23450200
2025-10-03,2.1077,2.1266,2.0699,2.0982,21523300
2025-10-06,2.0982,2.0982,2.0604,2.0604,4752700
2025-10-07,2.0604,2.0793,2.0321,2.0415,8173400
2025-10-08,2.0415,2.0793,2.0321,2.0415,18418100
2025-10-09,2.0415,2.0888,2.0321,2.0888,22985100
2025-10-10,2.0888,2.0888,2.0226,2.0415,22574100
2025-10-13,2.0226,2.0226,1.9848,2.0037,8129000
2025-10-14,2.0132,2.0321,1.9943,2.0037,11811500
2025-10-15,2.0037,2.0132,1.9753,1.9943,28302100
2025-10-16,1.9943,2.0226,1.9753,1.9848,16418100
2025-10-17,1.9848,1.9848,1.9659,1.9753,6181300
2025-10-21,1.9848,2.0037,1.947,1.9943,7611200
2025-10-22,1.9943,2.0226,1.9753,1.9753,4907000
2025-10-23,1.9753,2.0226,1.9659,2.0132,6224500
2025-10-24,2.0132,2.0321,1.9943,2.0037,16843500
2025-10-27,2.0132,2.0132,1.947,1.9659,8172600
2025-10-28,1.9659,1.9753,1.9375,1.947,3314900
2025-10-29,1.947,1.9564,1.9186,1.947,3162700
2025-10-30,1.9375,1.9659,1.9281,1.947,3797200
2025-10-31,1.9375,1.9659,1.9375,1.9375,5066900
2025-11-03,1.9375,1.9659,1.9281,1.9564,6004900
2025-11-04,1.9564,1.9753,1.9186,1.9375,10341800
2025-11-05,1.9375,1.947,1.8997,1.9186,9238100
2025-11-06,1.9186,1.9659,1.9092,1.9564,3403700
2025-11-07,1.947,1.9564,1.9092,1.9186,5234800
2025-11-10,1.9186,1.9375,1.8997,1.9186,5379500
2025-11-11,1.9186,1.9375,1.9186,1.9281,7150500
2025-11-12,1.9281,1.9564,1.9186,1.9375,7374400
2025-11-13,1.9375,1.9659,1.9281,1.9564,7635500
2025-11-14,1.947,1.947,1.8997,1.8997,5128400
2025-11-17,1.9092,1.947,1.9092,1.9375,4884500
2025-11-18,1.9375,1.9375,1.843,1.843,9437500
2025-11-19,1.843,1.9281,1.843,1.8808,6026600
2025-11-20,1.8903,1.9375,1.8903,1.8903,8954300
2025-11-21,1.8903,1.9092,1.8714,1.8903,4097900
2025-11-24,1.8903,1.9186,1.8619,1.8808,12269300
2025-11-25,1.8903,1.9092,1.8147,1.8336,10962900
2025-11-26,1.8336,1.8619,1.7674,1.7863,18264100
2025-11-27,1.7863,1.9564,1.7391,1.8997,31822000
2025-11-28,1.8903,1.8997,1.8147,1.843,15521600
2025-12-01,1.8525,1.8997,1.8241,1.8714,10563500
2025-12-02,1.8714,1.9092,1.8241,1.8336,14553200
2025-12-03,1.8336,1.843,1.8052,1.8147,4482200
2025-12-04,1.8241,1.843,1.8147,1.8241,10858100
2025-12-05,1.8241,1.8241,1.7958,1.7958,4003800
2025-12-08,1.8052,1.8241,1.7674,1.7769,14403200
2025-12-09,1.7769,1.7958,1.7769,1.7958,7645500
2025-12-10,1.7863,1.8241,1.7674,1.8052,8125100
2025-12-11,1.8052,1.8619,1.8052,1.843,6492400
2025-12-12,1.843,1.8714,1.8336,1.8714,4596600
2025-12-15,1.8714,1.8714,1.843,1.8619,3731300
2025-12-16,1.8619,1.8808,1.843,1.8808,5982700
2025-12-17,1.8808,1.9186,1.8619,1.8714,8491300
2025-12-18,1.8714,1.9753,1.8714,1.9753,15148700
2025-12-19,1.9659,1.9943,1.9564,1.9753,18208200
2025-12-22,1.9848,1.9943,1.9659,1.9848,4310600
2025-12-23,1.9848,2.0132,1.9848,2.0037,3645400
2025-12-24,2.0037,2.0132,1.9564,1.9848,7380100
2025-12-26,1.9848,1.9848,1.9375,1.947,1850800
2025-12-29,1.947,1.9753,1.9186,1.9375,2865800
2025-12-30,1.9375,1.947,1.9186,1.9281,4678400
2025-12-31,1.9281,2.0321,1.9186,2.0321,16282200
2026-01-02,1.9848,1.9848,1.9281,1.9375,5135500
2026-01-05,1.9375,1.9659,1.9375,1.9375,4021500
2026-01-06,1.9375,1.947,1.9281,1.947,6238800
2026-01-07,1.947,1.9753,1.947,1.947,6007700
2026-01-08,1.947,1.9943,1.947,1.947,9447100
2026-01-09,1.947,1.9753,1.9375,1.9659,10506300
2026-01-12,1.9659,2.0037,1.9564,1.9848,5434700
2026-01-13,1.9848,1.9943,1.9564,1.9848,12367300
2026-01-14,1.9848,1.9943,1.9092,1.947,12580700
2026-01-15,1.947,1.9848,1.9375,1.9848,5223100
2026-01-16,1.9753,1.9848,1.947,1.947,4097700
2026-01-19,1.947,1.947,1.947,1.947,0
2026-01-20,1.9943,2.0132,1.9753,1.9943,8414700
2026-01-21,1.9848,2.0321,1.9753,2.0321,9253600
2026-01-22,2.0321,2.0699,2.0226,2.051,6587800
2026-01-23,2.051,2.0699,2.0226,2.051,6774700
2026-01-26,2.0415,2.0699,2.0226,2.0321,8501800
2026-01-27,2.0415,2.1077,2.0415,2.1077,31831500
2026-01-28,2.1077,2.1266,2.0699,2.0793,8652700
2026-01-29,2.0793,2.1077,2.0415,2.0604,10073600
2026-01-30,2.0604,2.0793,2.0226,2.0415,18192400
2026-02-03,2.0415,2.0793,2.0321,2.0415,9258800
2026-02-04,2.0415,2.0699,2.0226,2.051,14283500
2026-02-05,2.051,2.0699,1.9943,2.0037,12861800
2026-02-06,1.9943,2.0415,1.9943,2.0415,14603800
2026-02-09,2.051,2.1077,2.051,2.1077,13974600
2026-02-10,2.1077,2.1266,2.0604,2.0793,8688000
2026-02-11,2.0793,2.2022,2.0699,2.1927,34119900
2026-02-12,2.1927,2.2494,2.1644,2.2211,22316900
2026-02-13,2.2116,2.2683,2.1644,2.2022,30444400
2026-02-16,2.2022,2.24,2.1927,2.2116,9016400
2026-02-19,2.2116,2.3156,2.2116,2.2683,33293200
2026-02-20,2.2683,2.2967,2.1644,2.1738,25105800
2026-02-23,2.1738,2.2589,2.1644,2.2305,27930900
2026-02-24,2.2305,2.2683,2.2116,2.2589,20606600
2026-02-25,2.2683,2.2683,2.2211,2.2683,21415600
2026-02-26,2.2683,2.2778,2.2211,2.2589,23606200
2026-02-27,2.2589,2.3061,2.2211,2.3061,33302900
2026-03-02,2.2494,2.2872,2.2211,2.2494,17535600
2026-03-03,2.2494,2.3061,2.24,2.2683,19080800
2026-03-04,2.2589,2.2683,2.2116,2.2494,25396200
2026-03-05,2.2589,2.2872,2.24,2.2778,29416800
2026-03-06,2.2683,2.3251,2.24,2.3251,26369100
2026-03-09,2.2683,2.2872,2.1077,2.136,30187800
2026-03-10,2.2022,2.2494,2.1738,2.2211,38307100
2026-03-11,2.2211,2.2778,2.2116,2.2683,13733500
2026-03-12,2.2589,2.2683,2.2022,2.2116,19234000
2026-03-13,2.2022,2.2211,2.1833,2.1927,7185600
2026-03-16,2.2022,2.2778,2.2022,2.2211,22972900
2026-03-17,2.2402,2.269,2.1924,2.2402,26103900
2026-03-18,2.2498,2.3072,2.2402,2.269,14629700
2026-03-19,2.2594,2.3072,2.2402,2.3072,16722800
2026-03-20,2.3072,2.3072,2.3072,2.3072,0
2026-03-24,2.3647,2.3647,2.2402,2.2594,16353200
2026-03-25,2.2594,2.2977,2.2498,2.269,18444600
2026-03-26,2.269,2.2785,2.2498,2.269,14417500
2026-03-27,2.2498,2.2881,2.1828,2.2211,14182300
2026-03-30,2.1541,2.2115,2.1062,2.1253,19849300
2026-03-31,2.1253,2.1924,2.1253,2.1636,6194400
2026-04-01,2.2402,2.2498,2.1636,2.1828,10718900
2026-04-02,2.1924,2.2307,2.1445,2.1636,11287200
2026-04-03,2.1636,2.1828,2.0871,2.0966,7009100
2026-04-06,2.1062,2.1158,2.0679,2.0679,4870300
2026-04-07,2.0679,2.1445,2.0679,2.1349,10082600
2026-04-08,2.1732,2.1828,2.1158,2.1349,11546200
2026-04-09,2.1253,2.1253,2.0775,2.1158,7180000
2026-04-10,2.1253,2.1253,2.0871,2.0966,7646400
2026-04-13,2.0775,2.1062,2.0583,2.0871,5377500
2026-04-14,2.0966,2.1158,2.0871,2.0966,6113100
2026-04-15,2.0966,2.1349,2.0871,2.0966,10787100
2026-04-16,2.0966,2.1445,2.0966,2.1253,9693700
2026-04-17,2.1253,2.1349,2.1062,2.1253,11453800
2026-04-20,2.1253,2.1924,2.1158,2.1924,6680900
2026-04-21,2.1924,2.2115,2.1732,2.1732,10538600
2026-04-22,2.1924,2.2115,2.1253,2.1445,18186500
2026-04-23,2.1445,2.1541,2.0966,2.0966,5470600
2026-04-24,2.1062,2.1158,2.0583,2.0583,6317800
2026-04-27,2.0679,2.1158,2.0679,2.1062,5598000
2026-04-28,2.1062,2.1158,2.0583,2.0679,11540100
2026-04-29,2.0583,2.0966,2.0583,2.0679,5922000
2026-04-30,2.0583,2.0871,2.0583,2.0679,8348500
2026-05-04,2.0775,2.0966,2.0679,2.0679,2688300
2026-05-05,2.0679,2.0966,2.0583,2.0775,5916900
2026-05-06,2.0775,2.1158,2.0679,2.1158,6386000
2026-05-07,2.1158,2.1445,2.0679,2.0871,10496000
2026-05-08,2.0871,2.1349,2.0775,2.1349,3502000
2026-05-11,2.1349,2.1445,2.0871,2.0966,4951200
2026-05-12,2.0966,2.1253,2.0775,2.1062,6331900
2026-05-13,2.1062,2.1158,2.0775,2.0775,8339800
2026-05-14,2.0775,2.0966,2.0775,2.0775,2094700
2026-05-15,2.0871,2.0966,2.0583,2.0871,5680000
2026-05-18,2.0966,2.1062,2.0488,2.0488,5502400
2026-05-19,2.0488,2.0775,2.0488,2.0775,2241600
2026-05-20,2.0775,2.0775,1.9626,1.9913,10067500
2026-05-21,1.9913,2.0392,1.9817,1.9913,2608500
2026-05-22,2.0009,2.0105,1.9722,2.0009,2088200
2026-05-25,2.0009,2.0679,1.9626,2.0009,5633500
2026-05-26,2.0009,2.02,1.9626,2.0105,6315600
2026-05-27,2.0105,2.0105,2.0105,2.0105,0
2026-05-28,2.0105,2.0296,1.9626,2.0009,11132500
2026-05-29,1.9913,2.02,1.9722,1.9913,19971000
2026-06-02,1.9913,1.9913,1.9913,1.9913,0
2026-06-03,2.0105,2.02,1.9243,1.9243,10494700
2026-06-04,1.9243,1.9626,1.9243,1.9434,7047900
2026-06-05,1.9434,1.9722,1.9339,1.9722,6289400
2026-06-08,1.9722,1.9817,1.9434,1.9434,3544900
2026-06-09,1.9434,1.9626,1.9339,1.9626,4089400
2026-06-10,1.9626,1.9817,1.9434,1.9434,8001000
2026-06-11,1.9434,2.0009,1.9339,1.9913,5573300
2026-06-12,1.9913,2.0105,1.9722,1.9817,2747600
2026-06-15,2.0009,2.1062,2.0009,2.1062,6772100
2026-06-16,2.1062,2.1158,2.0583,2.0775,9466000
2026-06-18,2.1062,2.1253,2.02,2.0488,10712200
2026-06-19,2.0488,2.1541,2.0392,2.1541,16725200
2026-06-22,2.1445,2.1541,2.0775,2.0871,4315900
2026-06-23,2.0871,2.0966,2.0296,2.0392,6656500
2026-06-24,2.0392,2.0775,2.0296,2.0392,6965900
2026-06-25,2.0488,2.0775,2.0296,2.0392,21235600
2026-06-26,2.0296,2.0583,2.02,2.0392,3587100
2026-06-29,2.0392,2.0583,2.02,2.0392,3208700
2026-06-30,2.0488,2.0966,2.0488,2.0488,6616300
2026-07-01,2.0583,2.0775,2.0488,2.0583,4275900
2026-07-02,2.0583,2.1062,2.0392,2.0488,9499500
2026-07-03,2.0679,2.0966,2.0583,2.0871,2988300
2026-07-06,2.0871,2.1158,2.0679,2.0966,8797800
2026-07-07,2.0966,2.0966,2.0296,2.0392,13495600
2026-07-08,2.0392,2.0871,2.0392,2.0583,15454500
2026-07-09,2.0679,2.0679,2.0392,2.0488,12590500
2026-07-10,2.0488,2.0679,2.0488,2.0583,7126400
2026-07-13,2.0583,2.0679,2.0392,2.0392,4658400
2026-07-14,2.0392,2.0583,2.0296,2.0392,4565600
2026-07-15,2.0392,2.0679,2.0392,2.0392,4776800
2026-07-16,2.0488,2.0583,2.0296,2.0296,8376200
2026-07-17,2.0296,2.0296,2.0009,2.0105,11195100
2026-07-20,2.0105,2.02,2.0009,2.0009,6779400
2026-07-21,2.0009,2.0488,2.0009,2.0392,5651700
2026-07-22,2.0392,2.0392,2.0009,2.0009,3679600
2026-07-23,2.0009,2.02,1.9913,2.0009,9109700
2026-07-24,2.0009,2.0105,1.9626,1.9722,7874500
2026-07-27,1.9817,2.02,1.9722,2.0105,12767100
2026-07-28,2.0105,2.0392,2.0009,2.02,5213100
2026-07-29,2.02,2.0775,2.02,2.0583,6704600
2026-07-30,2.0488,2.0775,2.0392,2.0679,7145900
2026-07-31,2.0679,2.0775,2.0488,2.0679,12800000
2026-08-03,2.0679,2.1062,2.0583,2.1062,3702000
2026-08-04,2.1062,2.1253,2.0871,2.1253,4285900
2026-08-05,2.1253,2.1445,2.1062,2.1158,8955900
2026-08-06,2.1158,2.1253,2.0966,2.1062,7226400
2026-08-07,2.1062,2.1253,2.0871,2.0966,10112800
2026-08-10,2.0966,2.1732,2.0966,2.1636,3466800
2026-08-11,2.1541,2.2211,2.1349,2.2019,9834400
2026-08-12,2.2019,2.2019,2.1349,2.1541,7186000
2026-08-13,2.1541,2.1636,2.1253,2.1349,2391700
2026-08-14,2.1349,2.1636,2.1158,2.1541,6708400
2026-08-17,2.1541,2.1541,2.1158,2.1349,4022900
2026-08-18,2.1349,2.1349,2.0871,2.1062,3823300
2026-08-19,2.1062,2.1253,2.0966,2.1062,8166700
2026-08-20,2.1062,2.2402,2.0966,2.2019,49383700
2026-08-21,2.2019,2.2307,2.1828,2.2115,9924900
2026-08-24,2.2115,2.4317,2.2115,2.3838,47028700
2026-08-25,2.3838,2.3838,2.3838,2.3838,0
2026-08-26,2.3838,2.4126,2.3647,2.403,17304300
2026-08-27,2.3934,2.47,2.2785,2.403,28829800
2026-08-28,2.3934,2.5083,2.3743,2.4891,31211800
2026-08-31,2.4891,2.4891,2.4891,2.4891,0
2026-09-01,2.3647,2.5274,2.3647,2.4796,29157500
2026-09-02,2.4604,2.5657,2.4413,2.4987,16438600
2026-09-03,2.4987,2.5466,2.4509,2.4891,15554400
2026-09-04,2.4891,2.4987,2.4413,2.4509,6517800
2026-09-07,2.4413,2.4796,2.403,2.4317,17018600
2026-09-08,2.4317,2.4509,2.3838,2.4509,18845000
2026-09-09,2.4604,2.537,2.4413,2.537,17529100
2026-09-10,2.537,2.537,2.4221,2.4413,12613600
2026-09-11,2.4509,2.47,2.4221,2.4413,11341000
2026-09-14,2.4509,2.4891,2.4317,2.47,10864800
2026-09-15,2.5,2.5,2.42,2.47,14635100
2026-09-17,2.5,2.5,2.39,2.44,14573900
2026-09-18,2.44,2.46,2.39,2.43,26291400
2026-09-21,2.43,2.49,2.37,2.46,16192700
2026-09-22,2.46,2.48,2.42,2.47,5852300
2026-09-23,2.47,2.55,2.47,2.51,29538700
2026-09-24,2.51,2.51,2.44,2.46,4543300
2026-09-25,2.46,2.52,2.44,2.47,11833400
