date,open,high,low,close,volume
2016-08-11,0.0873,0.0873,0.0873,0.0873,2110200
2016-08-12,0.0873,0.0903,0.0873,0.0873,3739200
2016-08-15,0.0903,0.0903,0.0873,0.0873,1099500
2016-08-16,0.0873,0.0933,0.0873,0.0933,7906800
2016-08-17,0.0933,0.0933,0.0903,0.0933,888900
2016-08-18,0.0903,0.0993,0.0903,0.0963,11254650
2016-08-19,0.0963,0.0993,0.0933,0.0963,5744250
2016-08-22,0.0959,0.0959,0.0899,0.0929,2851800
2016-08-23,0.0899,0.0899,0.0899,0.0899,1259550
2016-08-24,0.0869,0.0899,0.0869,0.0899,2424600
2016-08-25,0.0869,0.0899,0.0869,0.0899,4007850
2016-08-26,0.0899,0.1019,0.0869,0.0989,30416400
2016-08-29,0.0989,0.0989,0.0899,0.0929,11085150
2016-08-30,0.0929,0.0929,0.0899,0.0899,2699100
2016-09-01,0.0899,0.0929,0.0899,0.0929,1284600
2016-09-02,0.0899,0.0899,0.0869,0.0899,3807000
2016-09-05,0.0899,0.0989,0.0899,0.0959,9898350
2016-09-06,0.0929,0.0989,0.0929,0.0989,24929250
2016-09-07,0.0959,0.0989,0.0959,0.0989,11424750
2016-09-08,0.0989,0.0989,0.0959,0.0989,2398200
2016-09-09,0.0959,0.0989,0.0929,0.0959,10998300
2016-09-13,0.0959,0.0959,0.0899,0.0929,13113900
2016-09-14,0.0899,0.0929,0.0899,0.0929,1635150
2016-09-15,0.0899,0.0929,0.0899,0.0929,3012750
2016-09-19,0.0929,0.0929,0.0899,0.0899,1284600
2016-09-20,0.0899,0.0929,0.0899,0.0899,3175650
2016-09-21,0.0899,0.0929,0.0899,0.0899,243150
2016-09-22,0.0929,0.0959,0.0929,0.0959,6835200
2016-09-23,0.0929,0.0959,0.0929,0.0929,1891500
2016-09-26,0.0929,0.0929,0.0899,0.0899,3144000
2016-09-27,0.0899,0.0929,0.0899,0.0899,2017950
2016-09-28,0.0899,0.0929,0.0899,0.0929,3110700
2016-09-29,0.0929,0.0929,0.0899,0.0899,2225850
2016-09-30,0.0899,0.0899,0.0869,0.0869,2230500
2016-10-04,0.0899,0.0899,0.0869,0.0899,600300
2016-10-05,0.0899,0.0899,0.0869,0.0899,2193450
2016-10-06,0.0899,0.0899,0.0869,0.0869,1746600
2016-10-07,0.0899,0.0899,0.0869,0.0869,2425350
2016-10-10,0.0869,0.0899,0.0839,0.0869,6457050
2016-10-11,0.0869,0.0869,0.0869,0.0869,6326850
2016-10-12,0.0869,0.0869,0.0869,0.0869,1067100
2016-10-13,0.0869,0.0869,0.0839,0.0839,1176000
2016-10-14,0.0839,0.0839,0.0839,0.0839,801150
2016-10-17,0.0839,0.0839,0.0839,0.0839,5112000
2016-10-18,0.0839,0.0869,0.0839,0.0869,3523500
2016-10-19,0.0869,0.0869,0.0839,0.0869,931950
2016-10-20,0.0869,0.0869,0.0839,0.0839,180000
2016-10-21,0.0839,0.0899,0.0839,0.0869,4733100
2016-10-24,0.0869,0.0899,0.0869,0.0869,1904850
2016-10-25,0.0899,0.0899,0.0869,0.0869,1008450
2016-10-26,0.0899,0.0899,0.0869,0.0899,814950
2016-10-27,0.0869,0.0899,0.0839,0.0899,2351550
2016-10-28,0.0869,0.0869,0.0869,0.0869,2487150
2016-10-31,0.0869,0.0899,0.0839,0.0869,1248150
2016-11-01,0.0839,0.0869,0.0839,0.0869,1314150
2016-11-02,0.0839,0.0869,0.0839,0.0839,748500
2016-11-03,0.0839,0.0839,0.0839,0.0839,1005000
2016-11-04,0.0839,0.0869,0.0839,0.0839,1268850
2016-11-07,0.0839,0.0869,0.0809,0.0869,1090500
2016-11-08,0.0869,0.0869,0.0839,0.0869,1354950
2016-11-09,0.0839,0.0839,0.0809,0.0809,1183500
2016-11-10,0.0809,0.0869,0.0809,0.0869,5052450
2016-11-11,0.0869,0.0899,0.0839,0.0869,5058150
2016-11-14,0.0869,0.0869,0.0839,0.0839,753750
2016-11-15,0.0869,0.0869,0.0839,0.0869,1230000
2016-11-16,0.0869,0.0869,0.0869,0.0869,2619900
2016-11-17,0.0869,0.0899,0.0869,0.0869,848700
2016-11-18,0.0869,0.0899,0.0869,0.0899,1017750
2016-11-21,0.0899,0.0899,0.0869,0.0869,1108650
2016-11-22,0.0839,0.0869,0.0839,0.0869,3322800
2016-11-23,0.0869,0.0869,0.0869,0.0869,2445450
2016-11-24,0.0869,0.0869,0.0869,0.0869,1282500
2016-11-25,0.0869,0.1019,0.0869,0.0959,39840600
2016-11-28,0.0959,0.0959,0.0899,0.0899,11601600
2016-11-29,0.0929,0.0929,0.0899,0.0899,3060600
2016-11-30,0.0929,0.0929,0.0899,0.0899,8924400
2016-12-01,0.0899,0.0959,0.0899,0.0929,6128250
2016-12-02,0.0929,0.0959,0.0899,0.0929,4898250
2016-12-05,0.0929,0.0929,0.0899,0.0899,788400
2016-12-06,0.0899,0.0929,0.0899,0.0929,1807500
2016-12-07,0.0929,0.0929,0.0899,0.0899,3533550
2016-12-08,0.0899,0.0899,0.0899,0.0899,501000
2016-12-09,0.0899,0.0929,0.0899,0.0899,595650
2016-12-13,0.0929,0.0959,0.0899,0.0959,12587700
2016-12-14,0.0959,0.0989,0.0929,0.0989,11958450
2016-12-15,0.0959,0.0989,0.0959,0.0989,5769450
2016-12-16,0.0989,0.0989,0.0959,0.0959,6507300
2016-12-19,0.0959,0.0989,0.0929,0.0959,10146300
2016-12-20,0.0989,0.1019,0.0989,0.1019,36648300
2016-12-21,0.1019,0.1019,0.0989,0.0989,3505050
2016-12-22,0.0989,0.0989,0.0959,0.0959,8400300
2016-12-23,0.0959,0.0989,0.0959,0.0959,4612500
2016-12-27,0.0989,0.0989,0.0959,0.0959,4701150
2016-12-28,0.0959,0.0959,0.0959,0.0959,690900
2016-12-29,0.0959,0.0989,0.0959,0.0959,8134200
2016-12-30,0.0959,0.1079,0.0959,0.1019,44523600
2017-01-02,0.1019,0.1019,0.1019,0.1019,0
2017-01-03,0.1049,0.1079,0.1019,0.1019,18012600
2017-01-04,0.1049,0.1169,0.1019,0.1139,56547750
2017-01-05,0.1109,0.1139,0.1079,0.1109,19614600
2017-01-06,0.1109,0.1139,0.1049,0.1079,19350300
2017-01-09,0.1079,0.1139,0.1079,0.1139,21649350
2017-01-10,0.1139,0.1169,0.1109,0.1109,16455900
2017-01-11,0.1139,0.1169,0.1079,0.1109,29272650
2017-01-12,0.1109,0.1169,0.1109,0.1139,17672100
2017-01-13,0.1109,0.1139,0.1079,0.1079,11621250
2017-01-16,0.1079,0.1109,0.1079,0.1079,11387850
2017-01-17,0.1079,0.1109,0.1079,0.1079,10121400
2017-01-18,0.1109,0.1139,0.1079,0.1109,15579450
2017-01-19,0.1109,0.1139,0.1079,0.1109,4079250
2017-01-20,0.1109,0.1109,0.1079,0.1109,396000
2017-01-23,0.1079,0.1109,0.1079,0.1109,7107150
2017-01-24,0.1079,0.1109,0.1049,0.1049,8254800
2017-01-25,0.1079,0.1109,0.1049,0.1049,8001600
2017-01-26,0.1079,0.1079,0.1049,0.1049,2110350
2017-01-27,0.1049,0.1079,0.1049,0.1049,1881300
2017-01-31,0.1079,0.1109,0.1049,0.1079,13704000
2017-02-02,0.1079,0.1139,0.1079,0.1109,12721650
2017-02-03,0.1139,0.1139,0.1109,0.1109,2415300
2017-02-06,0.1139,0.1169,0.1109,0.1169,11519850
2017-02-07,0.1169,0.1169,0.1109,0.1139,6937950
2017-02-08,0.1139,0.1259,0.1139,0.1259,47644650
2017-02-10,0.1289,0.1319,0.1259,0.1259,34665450
2017-02-13,0.1259,0.1319,0.1259,0.1289,29138400
2017-02-14,0.1289,0.1289,0.1229,0.1229,19292700
2017-02-15,0.1259,0.1289,0.1259,0.1289,10693050
2017-02-16,0.1289,0.1289,0.1259,0.1259,6902550
2017-02-17,0.1259,0.1319,0.1259,0.1289,14012250
2017-02-20,0.1319,0.1349,0.1259,0.1289,27953250
2017-02-21,0.1319,0.1319,0.1259,0.1259,8016150
2017-02-22,0.1289,0.1319,0.1259,0.1259,18049650
2017-02-23,0.1289,0.1319,0.1259,0.1289,14498400
2017-02-24,0.1379,0.1439,0.1349,0.1349,136003500
2017-02-27,0.1349,0.1379,0.1259,0.1319,31019250
2017-02-28,0.1289,0.1289,0.1229,0.1289,24303150
2017-03-01,0.1289,0.1379,0.1259,0.1379,38338800
2017-03-02,0.1409,0.1439,0.1349,0.1379,52401600
2017-03-03,0.1379,0.1409,0.1319,0.1349,30972150
2017-03-06,0.1349,0.1379,0.1349,0.1349,15040350
2017-03-07,0.1379,0.1439,0.1349,0.1409,40665300
2017-03-08,0.1469,0.1499,0.1439,0.1439,101111850
2017-03-09,0.1439,0.1529,0.1409,0.1469,70446900
2017-03-10,0.1469,0.1499,0.1409,0.1469,51885000
2017-03-13,0.1469,0.1499,0.1439,0.1499,16601700
2017-03-14,0.1499,0.1589,0.1469,0.1559,75007500
2017-03-15,0.1529,0.1619,0.1529,0.1559,55761150
2017-03-16,0.1529,0.1589,0.1529,0.1559,31635150
2017-03-17,0.1559,0.1589,0.1559,0.1589,15819750
2017-03-20,0.1589,0.1619,0.1529,0.1529,37243800
2017-03-21,0.1529,0.1559,0.1439,0.1469,56891400
2017-03-22,0.1409,0.1439,0.1379,0.1409,24384000
2017-03-23,0.1439,0.1529,0.1439,0.1469,49153650
2017-03-24,0.1469,0.1499,0.1409,0.1439,11916900
2017-03-27,0.1439,0.1439,0.1379,0.1409,22854450
2017-03-28,0.1409,0.1439,0.1409,0.1439,7276500
2017-03-29,0.1439,0.1469,0.1409,0.1439,11178750
2017-03-30,0.1439,0.1439,0.1409,0.1409,8098200
2017-03-31,0.1439,0.1469,0.1409,0.1439,26843400
2017-04-03,0.1439,0.1499,0.1439,0.1469,26897850
2017-04-04,0.1469,0.1499,0.1439,0.1469,11889900
2017-04-05,0.1499,0.1499,0.1469,0.1469,5940300
2017-04-06,0.1469,0.1559,0.1469,0.1529,43006650
2017-04-07,0.1529,0.1559,0.1499,0.1529,19986450
2017-04-10,0.1529,0.1529,0.1469,0.1499,10472700
2017-04-11,0.1499,0.1529,0.1439,0.1469,14264550
2017-04-12,0.1469,0.1469,0.1409,0.1439,21875850
2017-04-13,0.1439,0.1469,0.1409,0.1409,20604750
2017-04-14,0.1409,0.1409,0.1319,0.1379,39078450
2017-04-17,0.1379,0.1409,0.1379,0.1379,8769600
2017-04-18,0.1409,0.1409,0.1349,0.1379,12420600
2017-04-19,0.1349,0.1379,0.1349,0.1349,10693650
2017-04-20,0.1349,0.1379,0.1349,0.1379,6500700
2017-04-21,0.1379,0.1379,0.1349,0.1349,7665150
2017-04-24,0.1349,0.1349,0.1349,0.1349,0
2017-04-25,0.1379,0.1439,0.1379,0.1439,16739700
2017-04-26,0.1439,0.1529,0.1439,0.1499,56508000
2017-04-27,0.1499,0.1499,0.1439,0.1439,9381900
2017-04-28,0.1439,0.1499,0.1439,0.1469,9511500
2017-05-02,0.1499,0.1499,0.1469,0.1469,19104750
2017-05-03,0.1469,0.1619,0.1469,0.1559,101938500
2017-05-04,0.1559,0.1559,0.1469,0.1499,24950100
2017-05-05,0.1499,0.1559,0.1499,0.1529,24914400
2017-05-08,0.1529,0.1589,0.1529,0.1559,24371250
2017-05-09,0.1559,0.1559,0.1469,0.1499,22722900
2017-05-11,0.1499,0.1529,0.1469,0.1499,14946750
2017-05-12,0.1499,0.1529,0.1469,0.1469,11201850
2017-05-15,0.1469,0.1499,0.1469,0.1469,13500750
2017-05-16,0.1469,0.1529,0.1469,0.1499,15583200
2017-05-17,0.1499,0.1529,0.1469,0.1499,13593600
2017-05-18,0.1469,0.1559,0.1469,0.1529,20661150
2017-05-19,0.1559,0.1709,0.1529,0.1709,133642800
2017-05-22,0.1739,0.1799,0.1709,0.1739,81781200
2017-05-23,0.1769,0.1769,0.1679,0.1679,31632150
2017-05-24,0.1619,0.1649,0.1529,0.1559,82065750
2017-05-25,0.1589,0.1649,0.1559,0.1589,33241050
2017-05-26,0.1619,0.1619,0.1559,0.1589,25256850
2017-05-29,0.1589,0.1649,0.1559,0.1589,36185400
2017-05-31,0.1589,0.1619,0.1559,0.1619,23540850
2017-06-01,0.1649,0.1739,0.1619,0.1739,55188450
2017-06-02,0.1709,0.1769,0.1679,0.1739,41172000
2017-06-05,0.1739,0.1769,0.1709,0.1739,31090200
2017-06-06,0.1739,0.1739,0.1709,0.1739,18621900
2017-06-07,0.1709,0.1919,0.1709,0.1889,227688300
2017-06-08,0.1859,0.1919,0.1859,0.1889,81056250
2017-06-09,0.1859,0.1979,0.1859,0.1919,102597000
2017-06-13,0.1919,0.1919,0.1859,0.1889,51779100
2017-06-14,0.1889,0.1889,0.1829,0.1859,42236550
2017-06-15,0.1829,0.1889,0.1829,0.1829,51458400
2017-06-16,0.1829,0.1889,0.1829,0.1859,39844950
2017-06-19,0.1859,0.1889,0.1769,0.1769,50510100
2017-06-20,0.1799,0.1799,0.1739,0.1739,19184400
2017-06-21,0.1739,0.1739,0.1679,0.1739,25620450
2017-06-22,0.1769,0.1829,0.1739,0.1829,42094200
2017-06-23,0.1829,0.1859,0.1799,0.1799,15460650
2017-06-26,0.1799,0.1799,0.1799,0.1799,0
2017-06-27,0.1799,0.1799,0.1799,0.1799,0
2017-06-28,0.1799,0.1829,0.1769,0.1769,11035350
2017-06-29,0.1799,0.1829,0.1769,0.1799,15047100
2017-06-30,0.1799,0.1829,0.1799,0.1829,14181450
2017-07-03,0.1799,0.2069,0.1799,0.2039,119483850
2017-07-04,0.2039,0.2069,0.1979,0.1979,51605250
2017-07-05,0.1979,0.2099,0.1979,0.2069,66183000
2017-07-06,0.2099,0.2099,0.2009,0.2009,36609600
2017-07-07,0.2009,0.2039,0.1949,0.2009,28054350
2017-07-10,0.2039,0.2039,0.2009,0.2039,19010700
2017-07-11,0.2039,0.2039,0.1919,0.1949,26402400
2017-07-12,0.1949,0.2069,0.1949,0.2069,31966950
2017-07-13,0.2099,0.2188,0.2099,0.2188,85011000
2017-07-14,0.2218,0.2248,0.2129,0.2129,57234600
2017-07-17,0.2159,0.2218,0.2129,0.2188,44493300
2017-07-18,0.2218,0.2308,0.2188,0.2278,86000550
2017-07-19,0.2278,0.2278,0.2188,0.2188,41670900
2017-07-20,0.2218,0.2368,0.2188,0.2308,98132700
2017-07-21,0.2338,0.2368,0.2278,0.2308,36495150
2017-07-24,0.2338,0.2338,0.2248,0.2278,36890250
2017-07-25,0.2338,0.2338,0.2248,0.2308,32099550
2017-07-26,0.2308,0.2308,0.2218,0.2278,29215200
2017-07-27,0.2248,0.2308,0.2248,0.2308,28370100
2017-07-28,0.2278,0.2308,0.2248,0.2248,19975050
2017-07-31,0.2278,0.2308,0.2248,0.2248,19626600
2017-08-01,0.2248,0.2398,0.2218,0.2368,91792200
2017-08-02,0.2398,0.2488,0.2368,0.2428,110366550
2017-08-03,0.2428,0.2428,0.2368,0.2398,29667450
2017-08-04,0.2398,0.2488,0.2398,0.2458,60348000
2017-08-07,0.2488,0.2548,0.1649,0.1979,268221150
2017-08-08,0.2099,0.2099,0.1739,0.2039,237280200
2017-08-09,0.2069,0.2069,0.1949,0.1979,56974800
2017-08-10,0.1979,0.2039,0.1949,0.1949,46018650
2017-08-11,0.1889,0.1889,0.1829,0.1829,47891550
2017-08-14,0.1889,0.2069,0.1859,0.2009,81377550
2017-08-15,0.2039,0.2129,0.2009,0.2069,92946750
2017-08-16,0.2069,0.2129,0.2069,0.2099,30393450
2017-08-17,0.2099,0.2159,0.2069,0.2099,23059050
2017-08-18,0.2039,0.2099,0.2009,0.2099,22684050
2017-08-21,0.2099,0.2129,0.2039,0.2069,31441050
2017-08-22,0.2069,0.2099,0.2039,0.2069,19066950
2017-08-23,0.2099,0.2129,0.2069,0.2099,23030400
2017-08-24,0.2099,0.2099,0.2009,0.2039,28648650
2017-08-25,0.2099,0.2188,0.2039,0.2159,109241100
2017-08-28,0.2159,0.2159,0.2069,0.2099,27488550
2017-08-29,0.2069,0.2099,0.2039,0.2069,13129350
2017-08-30,0.2099,0.2129,0.2069,0.2099,7720800
2017-08-31,0.2099,0.2099,0.2099,0.2099,0
2017-09-01,0.2099,0.2099,0.2099,0.2099,0
2017-09-04,0.2099,0.2099,0.2099,0.2099,0
2017-09-05,0.2099,0.2129,0.2069,0.2099,27906450
2017-09-06,0.2099,0.2248,0.2099,0.2218,87817650
2017-09-07,0.2248,0.2368,0.2248,0.2308,65252250
2017-09-08,0.2308,0.2368,0.2248,0.2248,22353300
2017-09-11,0.2278,0.2368,0.2248,0.2338,25038150
2017-09-12,0.2338,0.2368,0.2278,0.2338,18165150
2017-09-13,0.2308,0.2338,0.2248,0.2308,20633850
2017-09-14,0.2308,0.2308,0.2248,0.2278,11809050
2017-09-15,0.2278,0.2339,0.2278,0.2339,15401100
2017-09-18,0.2339,0.2339,0.2278,0.2309,8762400
2017-09-19,0.2309,0.2309,0.2248,0.2278,10343850
2017-09-20,0.2248,0.2309,0.2218,0.2278,15936000
2017-09-21,0.2278,0.2309,0.2218,0.2278,12246600
2017-09-22,0.2278,0.2278,0.2278,0.2278,0
2017-09-25,0.2278,0.2309,0.2248,0.2309,15086250
2017-09-26,0.2278,0.243,0.2218,0.24,65644200
2017-09-27,0.2461,0.2582,0.2461,0.2461,106856250
2017-09-28,0.2491,0.2491,0.237,0.237,25018350
2017-09-29,0.237,0.243,0.2309,0.2339,20552550
2017-10-02,0.2339,0.24,0.2278,0.2339,29465400
2017-10-03,0.2339,0.24,0.2309,0.237,29216700
2017-10-04,0.237,0.237,0.2309,0.2309,10643100
2017-10-05,0.2309,0.243,0.2309,0.243,51996150
2017-10-06,0.243,0.2491,0.24,0.24,33494100
2017-10-09,0.243,0.2491,0.24,0.2461,33380850
2017-10-10,0.2461,0.2491,0.24,0.24,13688100
2017-10-11,0.243,0.2461,0.24,0.243,13898550
2017-10-12,0.243,0.243,0.237,0.24,17730450
2017-10-13,0.24,0.243,0.237,0.237,11375550
2017-10-16,0.237,0.243,0.237,0.237,11188800
2017-10-17,0.24,0.243,0.237,0.24,12003150
2017-10-18,0.24,0.24,0.24,0.24,0
2017-10-19,0.24,0.2461,0.24,0.243,23738250
2017-10-20,0.243,0.243,0.24,0.24,7057350
2017-10-23,0.243,0.2521,0.24,0.2461,38083500
2017-10-24,0.2491,0.2643,0.2461,0.2582,103365900
2017-10-25,0.2613,0.2704,0.2521,0.2643,79391700
2017-10-26,0.2673,0.2704,0.2613,0.2613,34477650
2017-10-27,0.2613,0.2643,0.2582,0.2582,10432200
2017-10-30,0.2613,0.2643,0.2582,0.2582,25404750
2017-10-31,0.2613,0.2673,0.2552,0.2582,19402350
2017-11-01,0.2582,0.2613,0.2521,0.2582,25045650
2017-11-02,0.2582,0.2582,0.2521,0.2552,11266950
2017-11-03,0.2552,0.2582,0.2491,0.2552,24179400
2017-11-06,0.2552,0.2552,0.2491,0.2491,18201150
2017-11-07,0.2491,0.2552,0.2461,0.2491,18871200
2017-11-08,0.2491,0.2673,0.2491,0.2643,59458950
2017-11-09,0.2673,0.2673,0.2582,0.2613,27601200
2017-11-10,0.2582,0.2613,0.2582,0.2613,13555950
2017-11-13,0.2582,0.2613,0.2521,0.2552,14998050
2017-11-14,0.2552,0.2643,0.2552,0.2582,29367000
2017-11-15,0.2552,0.2552,0.2491,0.2491,18597000
2017-11-16,0.2491,0.2521,0.237,0.237,24817200
2017-11-17,0.24,0.2461,0.237,0.243,14037300
2017-11-20,0.243,0.243,0.2309,0.2309,15142950
2017-11-21,0.2309,0.2339,0.2248,0.2278,19512900
2017-11-22,0.237,0.2491,0.2339,0.2461,46745700
2017-11-23,0.2461,0.2491,0.243,0.243,9444450
2017-11-24,0.243,0.2461,0.24,0.243,19991250
2017-11-27,0.2461,0.2461,0.2339,0.2339,15186750
2017-11-28,0.2339,0.237,0.2278,0.2339,12558300
2017-11-29,0.237,0.24,0.2339,0.237,12048450
2017-11-30,0.237,0.24,0.2339,0.237,15280350
2017-12-01,0.237,0.237,0.237,0.237,0
2017-12-04,0.237,0.24,0.2248,0.2278,20604750
2017-12-05,0.2278,0.2278,0.2096,0.2248,17911650
2017-12-06,0.2248,0.2248,0.2187,0.2187,10469850
2017-12-07,0.2187,0.2309,0.2187,0.2309,24836250
2017-12-08,0.2278,0.2339,0.2278,0.2309,14147100
2017-12-11,0.2309,0.237,0.2278,0.2339,9883500
2017-12-12,0.2339,0.2521,0.2339,0.2521,49407450
2017-12-13,0.2521,0.2643,0.2491,0.2582,79229400
2017-12-14,0.2613,0.2704,0.2582,0.2673,42612300
2017-12-15,0.2673,0.2673,0.2552,0.2582,11256300
2017-12-18,0.2582,0.2886,0.2582,0.2886,68940450
2017-12-19,0.2856,0.2856,0.2704,0.2764,41149050
2017-12-20,0.2734,0.2916,0.2734,0.2825,27255000
2017-12-21,0.2856,0.2977,0.2856,0.2947,48918000
2017-12-22,0.2947,0.2947,0.2856,0.2916,17409150
2017-12-25,0.2916,0.2916,0.2916,0.2916,0
2017-12-26,0.2916,0.2947,0.2856,0.2916,14835150
2017-12-27,0.2886,0.2977,0.2886,0.2977,22886400
2017-12-28,0.3008,0.3008,0.2886,0.2916,16566000
2017-12-29,0.2886,0.2916,0.2795,0.2795,12188400
2018-01-02,0.2795,0.2977,0.2795,0.2916,21820050
2018-01-03,0.2947,0.3068,0.2947,0.2947,45318900
2018-01-04,0.2947,0.3038,0.2947,0.3008,23712600
2018-01-05,0.3008,0.3038,0.2947,0.2977,12539850
2018-01-08,0.2977,0.3008,0.2947,0.2977,13414500
2018-01-09,0.2977,0.3008,0.2886,0.2947,15361650
2018-01-10,0.2947,0.319,0.2916,0.3129,67144350
2018-01-11,0.3159,0.319,0.3038,0.3068,14932950
2018-01-12,0.3068,0.3159,0.3068,0.3129,9555000
2018-01-15,0.3129,0.3129,0.2977,0.2977,13898400
2018-01-16,0.2977,0.2977,0.2764,0.2886,21868650
2018-01-17,0.2856,0.2916,0.2795,0.2825,13933800
2018-01-18,0.2856,0.2856,0.2764,0.2856,14238900
2018-01-19,0.2856,0.2916,0.2795,0.2825,9735600
2018-01-22,0.2856,0.2977,0.2856,0.2886,20807100
2018-01-23,0.2916,0.3008,0.2916,0.2977,12402750
2018-01-24,0.2977,0.3129,0.2977,0.3008,26904450
2018-01-25,0.3008,0.3008,0.2947,0.2977,11440350
2018-01-26,0.2977,0.2977,0.2886,0.2886,9426300
2018-01-29,0.2916,0.3008,0.2856,0.2856,5003250
2018-01-30,0.2856,0.2886,0.2734,0.2764,14866800
2018-02-02,0.2734,0.2764,0.2643,0.2764,10970700
2018-02-05,0.2643,0.2704,0.2582,0.2643,18645150
2018-02-06,0.2521,0.2613,0.24,0.2613,27384750
2018-02-07,0.2673,0.2734,0.2491,0.2491,17167650
2018-02-08,0.2582,0.2613,0.2491,0.2613,7316850
2018-02-09,0.243,0.2521,0.24,0.2461,18950100
2018-02-12,0.2491,0.2552,0.243,0.2461,7994400
2018-02-13,0.2521,0.2521,0.243,0.243,10090500
2018-02-14,0.243,0.2521,0.243,0.2491,10647300
2018-02-15,0.2491,0.2491,0.2491,0.2491,0
2018-02-16,0.2491,0.2491,0.2491,0.2491,0
2018-02-19,0.2673,0.2764,0.2673,0.2734,9010650
2018-02-20,0.2764,0.2764,0.2643,0.2704,6841800
2018-02-21,0.2673,0.2734,0.2643,0.2734,6795000
2018-02-22,0.2734,0.2886,0.2734,0.2856,21303600
2018-02-23,0.2886,0.2947,0.2856,0.2916,14018550
2018-02-26,0.2947,0.2947,0.2704,0.2764,20267250
2018-02-27,0.2795,0.2856,0.2764,0.2825,11458350
2018-02-28,0.2795,0.2886,0.2734,0.2886,8632350
2018-03-01,0.2856,0.2856,0.2734,0.2795,4548150
2018-03-02,0.2734,0.2795,0.2704,0.2795,7174650
2018-03-05,0.2795,0.2886,0.2704,0.2764,10927050
2018-03-06,0.2795,0.2825,0.2704,0.2734,10739700
2018-03-07,0.2734,0.2734,0.2552,0.2613,16906650
2018-03-08,0.2613,0.2673,0.2582,0.2613,5256600
2018-03-09,0.2643,0.2673,0.2582,0.2613,5949450
2018-03-12,0.2643,0.2673,0.2613,0.2643,5172000
2018-03-13,0.2613,0.2643,0.2521,0.2552,9494400
2018-03-14,0.2552,0.2643,0.2552,0.2613,6886800
2018-03-15,0.2582,0.2704,0.2521,0.2673,8537850
2018-03-16,0.2673,0.2764,0.2582,0.2734,22375050
2018-03-19,0.2734,0.3008,0.2704,0.2977,40546950
2018-03-20,0.2947,0.2977,0.2643,0.2704,64985550
2018-03-21,0.2734,0.2764,0.2673,0.2704,10550400
2018-03-22,0.2673,0.2704,0.2582,0.2643,5699400
2018-03-23,0.2552,0.2613,0.2521,0.2582,6746100
2018-03-26,0.2582,0.2673,0.2552,0.2643,17877300
2018-03-27,0.2673,0.2704,0.2582,0.2643,11132550
2018-03-28,0.2613,0.2643,0.2582,0.2613,5265000
2018-03-29,0.2582,0.2613,0.2552,0.2613,4787250
2018-03-30,0.2582,0.2613,0.2552,0.2552,11420550
2018-04-02,0.2552,0.2582,0.24,0.243,15112800
2018-04-03,0.24,0.2521,0.237,0.243,9829050
2018-04-04,0.2461,0.2491,0.2096,0.2127,9863550
2018-04-05,0.2248,0.2339,0.2248,0.2309,11647800
2018-04-06,0.2309,0.2309,0.2157,0.2218,9449400
2018-04-09,0.2218,0.24,0.2187,0.24,16288650
2018-04-10,0.2339,0.2521,0.2339,0.2521,18463950
2018-04-11,0.2552,0.2613,0.2491,0.2582,14468700
2018-04-12,0.2552,0.2673,0.2521,0.2613,8554650
2018-04-13,0.2613,0.2704,0.2552,0.2673,19123050
2018-04-16,0.2704,0.2704,0.2613,0.2643,6518700
2018-04-17,0.2673,0.2764,0.2643,0.2643,12578400
2018-04-18,0.2673,0.2704,0.2613,0.2673,6278100
2018-04-19,0.2673,0.2734,0.2673,0.2673,3907200
2018-04-20,0.2673,0.2704,0.2552,0.2643,8663250
2018-04-23,0.2643,0.2643,0.237,0.24,11995200
2018-04-24,0.243,0.2521,0.24,0.2461,4302000
2018-04-25,0.243,0.243,0.237,0.243,3101400
2018-04-26,0.24,0.2552,0.24,0.2461,8415000
2018-04-27,0.2491,0.2552,0.24,0.243,7698150
2018-04-30,0.243,0.2461,0.24,0.243,7025250
2018-05-02,0.2461,0.2461,0.237,0.24,5492550
2018-05-03,0.24,0.243,0.2339,0.24,6794400
2018-05-04,0.237,0.237,0.2309,0.2309,10137750
2018-05-07,0.2278,0.2339,0.2218,0.2339,6398250
2018-05-08,0.2278,0.243,0.2278,0.243,6681000
2018-05-14,0.243,0.2613,0.243,0.2582,8859300
2018-05-15,0.2613,0.2613,0.243,0.2552,6350850
2018-05-16,0.2521,0.2552,0.2491,0.2552,3424350
2018-05-17,0.2521,0.2552,0.2461,0.2552,6651750
2018-05-18,0.2521,0.2552,0.2491,0.2552,2667600
2018-05-21,0.2552,0.2552,0.2461,0.2461,3115650
2018-05-22,0.243,0.2521,0.243,0.2491,1800450
2018-05-23,0.2521,0.2521,0.24,0.2491,3571800
2018-05-24,0.2461,0.2491,0.237,0.2461,5291550
2018-05-25,0.243,0.2552,0.243,0.2521,4930050
2018-05-28,0.2491,0.2491,0.243,0.2491,2203650
2018-05-30,0.2491,0.2491,0.2491,0.2491,0
2018-05-31,0.2491,0.2491,0.2491,0.2491,0
2018-06-01,0.2461,0.2521,0.243,0.2491,4628850
2018-06-04,0.2491,0.2582,0.2461,0.2582,3859650
2018-06-05,0.2582,0.2734,0.2582,0.2673,10104750
2018-06-06,0.2673,0.2734,0.2582,0.2643,10934250
2018-06-07,0.2643,0.2704,0.2613,0.2643,6868050
2018-06-08,0.2643,0.2643,0.2613,0.2643,4515000
2018-06-11,0.2643,0.2704,0.2613,0.2704,5002200
2018-06-12,0.2734,0.2886,0.2704,0.2856,69446250
2018-06-13,0.2856,0.2856,0.2795,0.2825,7963800
2018-06-14,0.2856,0.2856,0.2795,0.2856,2757000
2018-06-18,0.2825,0.2825,0.2764,0.2795,3615000
2018-06-19,0.2795,0.2856,0.2673,0.2704,11157900
2018-06-20,0.2704,0.2795,0.2704,0.2734,3119850
2018-06-21,0.2764,0.2764,0.2613,0.2613,4029900
2018-06-22,0.2613,0.2704,0.2613,0.2704,2286600
2018-06-25,0.2704,0.2704,0.2643,0.2643,3331050
2018-06-26,0.2643,0.2673,0.2613,0.2643,3078300
2018-06-27,0.2673,0.2704,0.2613,0.2613,4314900
2018-06-28,0.2613,0.2643,0.2552,0.2582,3382500
2018-06-29,0.2582,0.2643,0.2582,0.2582,5080350
2018-07-02,0.2582,0.2643,0.2582,0.2582,2593050
2018-07-03,0.2613,0.2734,0.2613,0.2673,6268650
2018-07-04,0.2704,0.2795,0.2673,0.2764,10462950
2018-07-05,0.2795,0.2856,0.2795,0.2795,10349550
2018-07-06,0.2795,0.2795,0.2673,0.2795,7543350
2018-07-09,0.2795,0.2825,0.2764,0.2795,5257350
2018-07-10,0.2825,0.2856,0.2795,0.2825,3039150
2018-07-11,0.2825,0.2825,0.2734,0.2825,3446250
2018-07-12,0.2825,0.2886,0.2764,0.2825,9277350
2018-07-13,0.2856,0.2886,0.2825,0.2825,6398700
2018-07-16,0.2856,0.3099,0.2825,0.3068,58575600
2018-07-17,0.3038,0.3068,0.2916,0.2977,23054400
2018-07-18,0.2977,0.3008,0.2947,0.3008,6073200
2018-07-19,0.3038,0.3099,0.2977,0.3008,15759750
2018-07-20,0.3008,0.3008,0.2947,0.3008,10334850
2018-07-23,0.2977,0.3129,0.2947,0.3068,22500750
2018-07-24,0.3099,0.322,0.3099,0.319,27497400
2018-07-25,0.322,0.3251,0.319,0.322,12646350
2018-07-26,0.322,0.322,0.3159,0.319,13171350
2018-07-27,0.319,0.3372,0.3159,0.3342,17996550
2018-07-30,0.3311,0.3342,0.319,0.3281,20978400
2018-07-31,0.3281,0.3433,0.3251,0.3311,20867850
2018-08-01,0.3372,0.3402,0.3342,0.3402,8412750
2018-08-02,0.3402,0.3463,0.3311,0.3433,12968250
2018-08-03,0.3433,0.3433,0.3342,0.3402,5689650
2018-08-06,0.3342,0.3706,0.3342,0.3645,59197350
2018-08-07,0.3676,0.4132,0.3676,0.3889,240147150
2018-08-08,0.3919,0.4283,0.3828,0.4132,78118200
2018-08-09,0.4162,0.4344,0.4101,0.4253,79741050
2018-08-10,0.4253,0.4466,0.4192,0.4344,54472800
2018-08-13,0.4314,0.4496,0.4253,0.4496,39383850
2018-08-14,0.4496,0.4861,0.4496,0.4557,108867450
2018-08-15,0.4587,0.4709,0.4557,0.4618,34948650
2018-08-16,0.4587,0.4648,0.4435,0.4526,30616500
2018-08-17,0.4557,0.4648,0.4496,0.4587,34186350
2018-08-20,0.4618,0.5043,0.4557,0.5013,78866700
2018-08-21,0.5043,0.5164,0.4952,0.5043,53052450
2018-08-23,0.5013,0.5256,0.5013,0.5073,38865750
2018-08-24,0.5073,0.5225,0.5043,0.5195,19094850
2018-08-27,0.5164,0.5316,0.5043,0.5073,17643450
2018-08-28,0.5073,0.5256,0.4921,0.5225,26554800
2018-08-29,0.5225,0.5256,0.5073,0.5104,14574000
2018-08-30,0.5134,0.5286,0.5073,0.5225,20665650
2018-09-03,0.5225,0.5225,0.5073,0.5195,10840950
2018-09-04,0.5225,0.5407,0.5164,0.5256,21435900
2018-09-05,0.5256,0.5347,0.5225,0.5286,16430850
2018-09-06,0.5286,0.562,0.5256,0.559,33463050
2018-09-07,0.562,0.5833,0.5559,0.559,31371600
2018-09-12,0.562,0.5742,0.5286,0.5438,19824300
2018-09-13,0.5438,0.5559,0.5073,0.5164,28594200
2018-09-14,0.5164,0.5499,0.5134,0.5438,23908800
2018-09-18,0.5407,0.5407,0.5225,0.5347,9378150
2018-09-19,0.5347,0.5468,0.5286,0.5377,8956050
2018-09-20,0.5347,0.5407,0.5225,0.5256,10264650
2018-09-21,0.5256,0.5377,0.5164,0.5164,7893450
2018-09-24,0.5195,0.5347,0.5073,0.5286,15496650
2018-09-25,0.5316,0.5681,0.5316,0.5559,50308350
2018-09-26,0.559,0.5651,0.5468,0.5559,21926100
2018-09-27,0.5559,0.5742,0.5529,0.562,23934450
2018-09-28,0.5651,0.5711,0.5438,0.5529,17734800
2018-10-01,0.559,0.5681,0.5499,0.5681,16313250
2018-10-02,0.5651,0.5742,0.5529,0.559,14458800
2018-10-03,0.5529,0.5651,0.5499,0.559,9062550
2018-10-04,0.559,0.5681,0.5468,0.5499,10198200
2018-10-05,0.5499,0.5499,0.5316,0.5407,11159250
2018-10-08,0.5407,0.559,0.5377,0.5559,6556950
2018-10-09,0.5559,0.5559,0.5377,0.5468,4218000
2018-10-10,0.5377,0.5468,0.5256,0.5316,10492800
2018-10-11,0.4982,0.5256,0.48,0.5073,16891500
2018-10-12,0.5043,0.5347,0.5043,0.5316,15739800
2018-10-15,0.5347,0.5499,0.5347,0.5347,15392250
2018-10-16,0.5377,0.5438,0.5316,0.5347,5846400
2018-10-17,0.5468,0.5863,0.5468,0.5742,37890150
2018-10-18,0.5742,0.6045,0.5742,0.5894,39504000
2018-10-19,0.5863,0.6015,0.5802,0.5833,19229550
2018-10-22,0.5863,0.5954,0.5802,0.5863,10433400
2018-10-23,0.5833,0.5894,0.5559,0.5681,14978250
2018-10-24,0.5681,0.5833,0.5134,0.5377,31487550
2018-10-25,0.5104,0.5134,0.4618,0.4982,78801000
2018-10-26,0.5164,0.5256,0.477,0.48,42645450
2018-10-29,0.483,0.4891,0.4405,0.4557,30375450
2018-10-30,0.4496,0.48,0.4375,0.4709,41580750
2018-10-31,0.477,0.5104,0.4739,0.5043,52459350
2018-11-01,0.5134,0.5225,0.4952,0.5013,36976650
2018-11-02,0.4982,0.5286,0.4952,0.5134,38096700
2018-11-05,0.5134,0.5195,0.5043,0.5134,10731900
2018-11-07,0.5134,0.5134,0.4891,0.5043,26460750
2018-11-08,0.5256,0.5407,0.5256,0.5347,47046150
2018-11-09,0.5347,0.5377,0.5134,0.5225,10751700
2018-11-12,0.5195,0.5286,0.5134,0.5225,10474050
2018-11-13,0.5043,0.5195,0.5013,0.5134,11067000
2018-11-14,0.5104,0.5134,0.4952,0.5013,18088200
2018-11-15,0.4982,0.5316,0.4952,0.5286,24267600
2018-11-16,0.5347,0.5407,0.5225,0.5256,17508450
2018-11-19,0.5256,0.5286,0.5073,0.5164,7880700
2018-11-21,0.4952,0.5225,0.4921,0.5134,12233550
2018-11-22,0.5134,0.5164,0.5013,0.5073,12254250
2018-11-23,0.5043,0.5073,0.4952,0.5043,10045050
2018-11-26,0.5043,0.5104,0.4982,0.5104,9317400
2018-11-27,0.5013,0.5073,0.483,0.4861,12997950
2018-11-28,0.4861,0.5043,0.4861,0.4982,9921150
2018-11-29,0.5043,0.5073,0.4861,0.4921,10239000
2018-11-30,0.4952,0.4982,0.483,0.4921,7902900
2018-12-03,0.4982,0.5225,0.4982,0.5164,16367550
2018-12-04,0.5207,0.5207,0.5024,0.5054,6091650
2018-12-05,0.4993,0.4993,0.4901,0.4962,7184250
2018-12-06,0.4932,0.4962,0.4778,0.4809,11469450
2018-12-07,0.4809,0.487,0.4748,0.4778,5232450
2018-12-10,0.4656,0.4717,0.4533,0.4564,10187700
2018-12-11,0.4625,0.4748,0.4595,0.4717,6717450
2018-12-12,0.4687,0.4778,0.4564,0.4717,8779500
2018-12-13,0.4717,0.4748,0.4595,0.4625,4825200
2018-12-14,0.4625,0.4625,0.4472,0.4503,6222900
2018-12-17,0.4472,0.4472,0.3829,0.389,24973650
2018-12-18,0.3737,0.3921,0.3523,0.3921,27986400
2018-12-19,0.3982,0.4135,0.3982,0.4105,18871650
2018-12-20,0.3982,0.4472,0.389,0.4472,23980350
2018-12-21,0.438,0.4656,0.435,0.4442,14812350
2018-12-24,0.4411,0.4442,0.4319,0.4411,4856250
2018-12-26,0.4319,0.438,0.4105,0.438,5671350
2018-12-27,0.4533,0.4564,0.435,0.4411,8307150
2018-12-28,0.4411,0.4472,0.4319,0.435,5081400
2018-12-31,0.435,0.4472,0.4319,0.4319,5801700
2019-01-02,0.438,0.4411,0.4227,0.4288,4948050
2019-01-03,0.4288,0.435,0.4196,0.4258,6768600
2019-01-04,0.4196,0.4196,0.4074,0.4196,7309050
2019-01-07,0.4258,0.4533,0.4227,0.4533,15992850
2019-01-08,0.4564,0.4717,0.4533,0.4717,14163450
2019-01-09,0.4687,0.487,0.4656,0.4748,11591550
2019-01-10,0.4778,0.4809,0.4656,0.4717,17177400
2019-01-11,0.4717,0.4809,0.4595,0.4595,6413850
2019-01-14,0.4656,0.4656,0.4411,0.4503,5041500
2019-01-15,0.4472,0.4595,0.4288,0.4319,21059400
2019-01-16,0.438,0.4503,0.435,0.4411,7490400
2019-01-17,0.4411,0.4595,0.438,0.438,20506200
2019-01-18,0.438,0.4472,0.435,0.4411,7710900
2019-01-22,0.4442,0.4472,0.4319,0.4411,8802900
2019-01-23,0.435,0.4442,0.4288,0.438,5052300
2019-01-24,0.438,0.4778,0.438,0.4717,28915200
2019-01-25,0.4748,0.484,0.4687,0.4778,21105900
2019-01-28,0.4809,0.4962,0.4717,0.4809,13996050
2019-01-29,0.4778,0.484,0.4717,0.4778,7744800
2019-01-30,0.4778,0.5085,0.4778,0.5085,21291000
2019-01-31,0.5146,0.5299,0.5115,0.5177,28923300
2019-02-04,0.5177,0.5177,0.5177,0.5177,0
2019-02-07,0.5207,0.5514,0.5115,0.5452,17463000
2019-02-08,0.5452,0.5452,0.5269,0.533,8829450
2019-02-11,0.533,0.5483,0.533,0.533,14784900
2019-02-12,0.5391,0.5636,0.536,0.5544,58333950
2019-02-13,0.5606,0.5667,0.536,0.5452,28246350
2019-02-14,0.5483,0.5851,0.5483,0.582,53880600
2019-02-15,0.5789,0.5851,0.5667,0.5759,17350950
2019-02-18,0.5789,0.6034,0.5728,0.5789,22315950
2019-02-19,0.582,0.5942,0.582,0.5851,9701400
2019-02-20,0.5881,0.5973,0.5851,0.5942,12351000
2019-02-21,0.5942,0.5942,0.5851,0.5912,8697000
2019-02-22,0.5881,0.5912,0.5759,0.5881,10077000
2019-02-25,0.5912,0.6004,0.582,0.5881,12378450
2019-02-26,0.5881,0.5881,0.5606,0.5667,11561550
2019-02-27,0.5636,0.5728,0.5606,0.5728,7359450
2019-02-28,0.5728,0.5789,0.5636,0.5728,4591800
2019-03-01,0.5667,0.5759,0.5606,0.5697,9656850
2019-03-04,0.5697,0.5789,0.5606,0.5697,13815000
2019-03-05,0.5697,0.5942,0.5667,0.5851,16354650
2019-03-06,0.5912,0.6188,0.5881,0.5973,57000900
2019-03-07,0.5973,0.6065,0.582,0.5881,12426150
2019-03-08,0.5851,0.6126,0.5789,0.6126,24352200
2019-03-11,0.6188,0.6371,0.5912,0.6096,28189050
2019-03-12,0.6176,0.6176,0.596,0.596,15649800
2019-03-13,0.596,0.6022,0.5929,0.596,5789850
2019-03-14,0.596,0.596,0.5836,0.5929,10295400
2019-03-15,0.5898,0.596,0.5836,0.5929,8466000
2019-03-18,0.596,0.6022,0.5867,0.5991,17763150
2019-03-19,0.5991,0.5991,0.5867,0.5929,6265800
2019-03-20,0.5898,0.5929,0.5682,0.5744,9460050
2019-03-21,0.5744,0.5898,0.5744,0.5867,6275850
2019-03-22,0.5898,0.596,0.5805,0.596,6967800
2019-03-25,0.5867,0.5898,0.5805,0.5836,9139200
2019-03-26,0.5836,0.5929,0.5836,0.5867,10765350
2019-03-27,0.5898,0.5929,0.5805,0.5867,5098800
2019-03-28,0.5867,0.6022,0.5836,0.5991,9422250
2019-03-29,0.6022,0.6361,0.6022,0.6114,41522400
2019-04-01,0.6176,0.6238,0.6052,0.6114,12049650
2019-04-02,0.6145,0.6238,0.6083,0.6114,12748050
2019-04-03,0.6114,0.667,0.6083,0.6485,55207350
2019-04-04,0.6485,0.6855,0.6485,0.6794,45812250
2019-04-05,0.6855,0.7102,0.6794,0.7041,19532850
2019-04-08,0.7041,0.7288,0.7041,0.7102,12153300
2019-04-09,0.7164,0.7164,0.6917,0.6979,9792300
2019-04-10,0.6917,0.7596,0.6855,0.7535,31059900
2019-04-11,0.7535,0.772,0.7164,0.7288,16317450
2019-04-12,0.7288,0.7535,0.7288,0.7535,6574800
2019-04-15,0.7596,0.7596,0.7226,0.7349,6551850
2019-04-16,0.7349,0.7411,0.7102,0.7164,12764550
2019-04-17,0.7226,0.7782,0.7164,0.7658,26058600
2019-04-18,0.7596,0.7905,0.7473,0.7905,12588150
2019-04-19,0.7905,0.8152,0.7782,0.7843,16324050
2019-04-22,0.7843,0.809,0.772,0.7905,12877650
2019-04-23,0.7967,0.8337,0.7905,0.809,22881150
2019-04-24,0.8214,0.8523,0.8152,0.8214,18598950
2019-04-25,0.8337,0.8832,0.8337,0.8646,21591300
2019-04-26,0.8646,0.8646,0.8337,0.8461,8329950
2019-04-29,0.8461,0.8461,0.8214,0.8276,7128600
2019-04-30,0.8337,0.8646,0.8276,0.8523,20655600
2019-05-02,0.8523,0.8646,0.8214,0.8399,15474150
2019-05-03,0.8337,0.8461,0.8214,0.8337,13295400
2019-05-06,0.8214,0.8214,0.7535,0.7905,34569450
2019-05-07,0.8029,0.8399,0.7967,0.8152,28007100
2019-05-08,0.7967,0.8276,0.7843,0.8152,14412150
2019-05-09,0.8214,0.8646,0.809,0.8585,36640500
2019-05-10,0.8646,0.9017,0.8523,0.8708,28399650
2019-05-13,0.8708,0.877,0.8337,0.8585,15210600
2019-05-14,0.8337,0.8585,0.8214,0.8461,12291600
2019-05-15,0.8585,0.9017,0.8523,0.8893,22759050
2019-05-16,0.9017,0.9202,0.8832,0.9079,10864950
2019-05-17,0.914,0.9387,0.8646,0.877,22107600
2019-05-21,0.8585,0.8585,0.8152,0.8276,28839900
2019-05-23,0.8152,0.8276,0.7782,0.7843,17849250
2019-05-24,0.7782,0.809,0.772,0.7967,15994200
2019-05-27,0.8029,0.809,0.7658,0.7782,9620400
2019-05-28,0.772,0.809,0.772,0.7905,8104500
2019-05-29,0.7905,0.8152,0.7782,0.7843,8443200
2019-05-30,0.7843,0.8029,0.7782,0.7967,5371800
2019-05-31,0.7967,0.8214,0.7782,0.7782,12308700
2019-06-03,0.7782,0.7967,0.772,0.7905,11005200
2019-06-04,0.7782,0.7967,0.7782,0.7905,1876200
2019-06-05,0.7905,0.7905,0.7905,0.7905,0
2019-06-06,0.7905,0.7905,0.7905,0.7905,0
2019-06-07,0.8029,0.8029,0.7782,0.7782,7942500
2019-06-10,0.7905,0.8337,0.7905,0.8337,15945300
2019-06-11,0.8399,0.8646,0.8214,0.8399,16213200
2019-06-12,0.8399,0.8646,0.8337,0.8523,12616800
2019-06-13,0.8523,0.8893,0.8399,0.8832,13553400
2019-06-14,0.8832,0.8893,0.8461,0.8461,8785950
2019-06-17,0.8461,0.8585,0.8337,0.8337,6342600
2019-06-18,0.8337,0.8337,0.809,0.8152,5962200
2019-06-19,0.8461,0.8461,0.8152,0.8214,5594850
2019-06-20,0.8276,0.8337,0.8029,0.8276,7632600
2019-06-21,0.8276,0.8337,0.8152,0.8214,7663350
2019-06-24,0.8214,0.8523,0.8214,0.8461,10012650
2019-06-25,0.8461,0.8523,0.8337,0.8399,6497400
2019-06-26,0.8337,0.8399,0.8152,0.8337,5751900
2019-06-27,0.8276,0.8399,0.8214,0.8337,5304300
2019-06-28,0.8337,0.8399,0.8214,0.8276,2941050
2019-07-01,0.8646,0.8832,0.8585,0.8708,17833950
2019-07-02,0.8708,0.8708,0.8523,0.8585,5750700
2019-07-03,0.8646,0.877,0.8523,0.8646,7105500
2019-07-04,0.8646,0.8955,0.8646,0.877,6911250
2019-07-05,0.8832,0.8832,0.8585,0.8646,5142750
2019-07-08,0.8708,0.8708,0.8523,0.8585,2899050
2019-07-09,0.8585,0.877,0.8585,0.8646,5364750
2019-07-10,0.8708,0.8893,0.8585,0.8646,9231600
2019-07-11,0.877,0.9511,0.8708,0.9511,40987500
2019-07-12,0.9573,0.9634,0.9326,0.9511,13309650
2019-07-15,0.9449,1.0005,0.9449,0.9634,20262600
2019-07-16,0.9634,0.9943,0.9511,0.9881,9202950
2019-07-17,0.9881,1.0129,0.9511,0.9696,14479650
2019-07-18,0.9634,0.9758,0.9511,0.9758,5474700
2019-07-19,0.982,1.0314,0.982,1.0129,15848850
2019-07-22,1.0129,1.019,0.9943,1.0067,7207800
2019-07-23,1.0067,1.0499,1.0067,1.0252,20766750
2019-07-24,1.0252,1.0314,1.0005,1.019,19086450
2019-07-25,1.0129,1.019,1.0005,1.019,9477300
2019-07-26,1.019,1.019,1.0005,1.0067,5749350
2019-07-29,1.0067,1.0314,1.0005,1.019,9751800
2019-07-31,1.019,1.0561,0.9511,0.9634,27972600
2019-08-01,0.9696,0.9943,0.9634,0.982,8761500
2019-08-02,0.9696,0.9758,0.9511,0.9573,7816950
2019-08-05,0.9573,0.9573,0.914,0.9264,13743900
2019-08-06,0.8893,0.9449,0.8832,0.9449,10446300
2019-08-07,0.9511,0.9573,0.9326,0.9449,5599050
2019-08-08,0.9449,0.982,0.9326,0.9696,13089450
2019-08-09,0.9758,0.9943,0.9696,0.9758,8495850
2019-08-13,0.9634,0.9696,0.9326,0.9387,5963400
2019-08-14,0.9573,0.982,0.9573,0.9696,8336100
2019-08-15,0.9449,0.9634,0.9449,0.9634,4827750
2019-08-16,0.9634,0.982,0.9634,0.9758,5311650
2019-08-19,0.982,1.019,0.9758,1.0129,12391950
2019-08-20,1.0129,1.0437,1.0129,1.0314,14091150
2019-08-21,1.0376,1.0623,1.0314,1.0376,12228150
2019-08-22,1.0437,1.0499,1.019,1.0252,8326050
2019-08-23,1.0252,1.0437,1.019,1.019,4138350
2019-08-26,1.0005,1.0437,0.9943,1.0314,16769100
2019-08-27,1.0314,1.0376,0.9634,0.9634,23702700
2019-08-28,0.9634,0.9881,0.9449,0.9881,9360900
2019-08-29,0.9881,0.9943,0.9696,0.9758,6412350
2019-08-30,0.982,0.9943,0.9634,0.9634,6091800
2019-09-03,0.9696,1.0005,0.9634,0.9943,8731350
2019-09-04,0.9943,1.0129,0.9758,0.9881,14083050
2019-09-05,0.9881,1.0067,0.982,0.982,3735450
2019-09-06,1.0006,1.0068,0.9882,1.0006,4434900
2019-09-10,1.0006,1.0379,0.9944,1.0193,8433150
2019-09-11,1.0255,1.0441,1.0193,1.0441,12215700
2019-09-12,1.0503,1.0566,1.0379,1.0379,8239200
2019-09-13,1.0503,1.0503,1.0193,1.0317,7279500
2019-09-17,1.0379,1.0503,1.0255,1.0379,5786550
2019-09-18,1.0379,1.0814,1.0379,1.069,18830400
2019-09-19,1.0752,1.0938,1.0628,1.0814,11513550
2019-09-20,1.0814,1.1125,1.0752,1.0876,48645900
2019-09-23,1.0876,1.0876,1.0441,1.0503,10504500
2019-09-24,1.0503,1.069,1.0379,1.0503,6820200
2019-09-25,1.0441,1.0566,1.0317,1.0317,5235900
2019-09-26,1.0441,1.0566,1.0379,1.0503,8337300
2019-09-27,1.0566,1.069,1.0379,1.0566,5830200
2019-09-30,1.0628,1.0814,1.0566,1.069,12653550
2019-10-01,1.0752,1.1001,1.0752,1.0938,7902150
2019-10-02,1.0814,1.1063,1.069,1.0752,9122250
2019-10-03,1.069,1.0938,1.0628,1.0876,5472300
2019-10-04,1.0938,1.1125,1.0876,1.1001,10070550
2019-10-07,1.1001,1.1187,1.0814,1.0814,7263300
2019-10-08,1.0938,1.0938,1.0752,1.0938,5595600
2019-10-09,1.0876,1.0876,1.0503,1.0628,12097050
2019-10-10,1.069,1.0814,1.0566,1.0628,5965500
2019-10-11,1.0752,1.0814,1.0628,1.0752,3819150
2019-10-14,1.0752,1.0876,1.0566,1.069,7077450
2019-10-15,1.0752,1.0938,1.0628,1.0938,6477450
2019-10-16,1.0938,1.1311,1.0938,1.1187,14612250
2019-10-17,1.1249,1.1311,1.1125,1.1187,4455750
2019-10-18,1.1249,1.1809,1.1249,1.1809,13300350
2019-10-21,1.1809,1.2119,1.1622,1.1684,7376550
2019-10-22,1.1684,1.1995,1.1684,1.1871,7781550
2019-10-23,1.1871,1.1871,1.1684,1.1809,2591250
2019-10-24,1.1746,1.1809,1.1622,1.1746,4165350
2019-10-25,1.1684,1.1746,1.1498,1.1684,4451400
2019-10-29,1.1684,1.1746,1.1311,1.1498,7886400
2019-10-30,1.1622,1.1933,1.1373,1.1684,6765900
2019-10-31,1.1809,1.1933,1.1746,1.1871,4456200
2019-11-01,1.1871,1.1995,1.1684,1.1995,6312000
2019-11-04,1.2057,1.2119,1.1871,1.2119,4939950
2019-11-05,1.2057,1.2306,1.1995,1.2306,8261550
2019-11-06,1.2306,1.2306,1.1684,1.1933,20661900
2019-11-07,1.1995,1.2181,1.1933,1.2057,6097350
2019-11-08,1.2119,1.2181,1.1809,1.1933,10082850
2019-11-11,1.1933,1.1933,1.1373,1.1622,11839200
2019-11-12,1.1622,1.1871,1.1498,1.1871,5911500
2019-11-13,1.1871,1.1995,1.1684,1.1871,6226050
2019-11-14,1.1809,1.1933,1.1498,1.1498,7266150
2019-11-15,1.156,1.1684,1.1498,1.1622,4955400
2019-11-18,1.1622,1.1871,1.156,1.1622,9590400
2019-11-19,1.1684,1.1871,1.156,1.1809,5780850
2019-11-20,1.1809,1.2306,1.1746,1.2057,9774900
2019-11-21,1.2057,1.2306,1.1995,1.2306,9635250
2019-11-22,1.2368,1.2616,1.2368,1.2368,9656550
2019-11-25,1.243,1.2679,1.2181,1.2244,8678400
2019-11-26,1.2306,1.2554,1.2244,1.243,16766550
2019-11-27,1.243,1.2492,1.2181,1.2244,2454750
2019-11-28,1.2306,1.2368,1.2181,1.2306,4417800
2019-11-29,1.2244,1.2306,1.2181,1.2306,1543050
2019-12-02,1.2244,1.2741,1.2181,1.2306,5044800
2019-12-03,1.2368,1.3114,1.2306,1.2989,15397650
2019-12-04,1.2927,1.3176,1.2741,1.3176,4261650
2019-12-05,1.3238,1.3424,1.3114,1.3238,6132600
2019-12-06,1.3176,1.3487,1.3176,1.3424,4107450
2019-12-09,1.3362,1.3424,1.3052,1.3176,3438750
2019-12-10,1.3238,1.33,1.2989,1.3176,5535750
2019-12-11,1.3238,1.3238,1.3052,1.3176,2790150
2019-12-12,1.3176,1.3673,1.3114,1.3673,7621500
2019-12-13,1.3673,1.3984,1.3611,1.3984,4512150
2019-12-16,1.4046,1.4667,1.3797,1.4419,6207750
2019-12-17,1.4481,1.4916,1.4481,1.4854,6693600
2019-12-18,1.4854,1.4854,1.4481,1.4605,5890650
2019-12-19,1.473,1.4854,1.4481,1.4667,6246000
2019-12-20,1.473,1.4792,1.4295,1.4357,4395150
2019-12-23,1.4357,1.4481,1.4046,1.4108,2881050
2019-12-24,1.4108,1.4605,1.3859,1.4295,5141700
2019-12-26,1.4232,1.4667,1.4232,1.4419,4190250
2019-12-27,1.4543,1.473,1.4481,1.4667,3577200
2019-12-30,1.4667,1.5227,1.4543,1.4605,5354400
2019-12-31,1.4543,1.473,1.4232,1.4232,6271650
2020-01-02,1.4357,1.4792,1.4357,1.4605,3761400
2020-01-03,1.4667,1.5165,1.4667,1.5102,6289800
2020-01-06,1.5102,1.5102,1.4667,1.4792,2867400
2020-01-07,1.4854,1.5102,1.4792,1.5102,3330750
2020-01-08,1.4916,1.4916,1.4357,1.4792,6026850
2020-01-09,1.4916,1.504,1.473,1.4792,5219100
2020-01-10,1.4854,1.4978,1.473,1.4916,5038050
2020-01-13,1.4916,1.4978,1.4792,1.4978,3983550
2020-01-14,1.4978,1.4978,1.4605,1.4605,6184500
2020-01-15,1.4605,1.4854,1.4543,1.473,2648250
2020-01-16,1.4792,1.4978,1.473,1.4854,5118450
2020-01-17,1.4916,1.5227,1.4854,1.4978,9119100
2020-01-20,1.504,1.5289,1.4854,1.4916,7073400
2020-01-21,1.4978,1.5413,1.4916,1.5413,6702600
2020-01-22,1.5475,1.6656,1.5413,1.6159,11045250
2020-01-23,1.6221,1.6594,1.6159,1.647,6189000
2020-01-24,1.647,1.6656,1.6221,1.6283,1218000
2020-01-28,1.6035,1.6159,1.5538,1.591,5841150
2020-01-29,1.591,1.6159,1.5786,1.6159,4439550
2020-01-30,1.6159,1.6283,1.5475,1.5538,6189000
2020-01-31,1.5538,1.5662,1.4108,1.4543,12936300
2020-02-03,1.4108,1.5351,1.2306,1.5165,42034650
2020-02-04,1.5165,1.5662,1.4605,1.4916,12696450
2020-02-05,1.5102,1.5413,1.4916,1.5102,6460200
2020-02-06,1.5165,1.5848,1.5165,1.5724,7024050
2020-02-07,1.5848,1.591,1.5475,1.5538,2862150
2020-02-10,1.5413,1.5662,1.5165,1.5289,4570050
2020-02-11,1.5289,1.5662,1.5227,1.5413,4635900
2020-02-12,1.56,1.5786,1.5413,1.5475,6310200
2020-02-13,1.5475,1.6221,1.5475,1.56,11009400
2020-02-14,1.56,1.6097,1.56,1.5724,5180250
2020-02-17,1.591,1.5973,1.5475,1.5538,4627500
2020-02-18,1.5475,1.5724,1.4419,1.5475,15373200
2020-02-19,1.5475,1.5538,1.4854,1.5227,8023050
2020-02-20,1.5227,1.5475,1.504,1.5165,4213650
2020-02-21,1.5165,1.5289,1.4916,1.504,5324100
2020-02-24,1.4605,1.4978,1.4295,1.4605,10176450
2020-02-25,1.4108,1.5227,1.4108,1.5165,8168550
2020-02-26,1.504,1.5289,1.4916,1.5102,4811550
2020-02-27,1.5102,1.5102,1.4357,1.4357,8979600
2020-02-28,1.4108,1.4357,1.3362,1.4108,6963900
2020-03-02,1.4108,1.4481,1.3859,1.4232,7327800
2020-03-03,1.4605,1.4605,1.3984,1.4046,3070650
2020-03-04,1.4046,1.4046,1.3487,1.3673,9248850
2020-03-05,1.3859,1.4295,1.3859,1.417,7514850
2020-03-06,1.417,1.417,1.3611,1.3673,7150200
2020-03-09,1.3176,1.3176,1.1063,1.1187,13282650
2020-03-10,1.1063,1.2803,1.069,1.2616,20481300
2020-03-11,1.2803,1.2865,1.2057,1.2368,11929950
2020-03-12,1.1871,1.2119,1.156,1.1746,14014200
2020-03-13,1.1187,1.1436,0.9633,1.0566,34600950
2020-03-16,0.9447,1.069,0.9136,0.9136,16916550
2020-03-17,0.839,1.0379,0.839,1.0006,16980750
2020-03-18,1.0163,1.0351,0.8281,0.8406,16589400
2020-03-19,0.8406,0.9034,0.6179,0.7026,62510700
2020-03-20,0.7403,0.9097,0.7277,0.9097,27384000
2020-03-23,0.7905,0.9097,0.7528,0.8406,20695650
2020-03-24,0.941,0.9849,0.9222,0.941,27213150
2020-03-25,1.0351,1.079,0.9159,1.0351,32724450
2020-03-26,1.0539,1.0602,0.9975,1.01,15760950
2020-03-27,1.0539,1.0916,1.0414,1.0477,18683550
2020-03-30,1.0288,1.079,1.0038,1.0602,9913200
2020-03-31,1.079,1.1794,1.079,1.1355,17271900
2020-04-01,1.1418,1.2547,1.1041,1.1794,17112000
2020-04-02,1.1669,1.2735,1.1669,1.2672,13157250
2020-04-03,1.2986,1.3676,1.2735,1.2861,12664650
2020-04-06,1.3237,1.3676,1.2547,1.3676,9994800
2020-04-07,1.4303,1.4931,1.3551,1.3802,41355450
2020-04-08,1.3488,1.3802,1.261,1.2861,18009600
2020-04-09,1.3174,1.3362,1.2672,1.2798,16103700
2020-04-10,1.2735,1.2798,1.192,1.2171,17857800
2020-04-13,1.2045,1.2359,1.148,1.1606,16903650
2020-04-14,1.1857,1.2798,1.1731,1.2735,21192450
2020-04-15,1.2861,1.3425,1.2735,1.2986,17947500
2020-04-16,1.2735,1.3551,1.2735,1.3362,18134850
2020-04-17,1.3739,1.3802,1.3362,1.3425,21476400
2020-04-20,1.3613,1.3864,1.2986,1.3174,12016650
2020-04-21,1.3112,1.33,1.2735,1.2986,10677600
2020-04-22,1.2735,1.3362,1.2735,1.3362,6928050
2020-04-23,1.3551,1.3676,1.3049,1.3362,6516300
2020-04-24,1.3362,1.3551,1.3174,1.3362,5929200
2020-04-27,1.3488,1.3676,1.3237,1.3488,7560600
2020-04-28,1.3613,1.3613,1.3362,1.3488,4086300
2020-04-29,1.3488,1.4053,1.3488,1.3802,10563600
2020-04-30,1.4115,1.4178,1.3864,1.399,8631900
2020-05-04,1.3864,1.4115,1.3488,1.3864,6243000
2020-05-05,1.3927,1.4178,1.3864,1.3864,5055000
2020-05-06,1.399,1.4554,1.3864,1.399,11485350
2020-05-08,1.4178,1.4554,1.4115,1.4303,6457350
2020-05-12,1.4429,1.4554,1.4053,1.4366,6854550
2020-05-13,1.4366,1.4868,1.4178,1.468,11078850
2020-05-14,1.4743,1.5182,1.3927,1.4178,12612750
2020-05-15,1.4366,1.4743,1.4178,1.4178,9968550
2020-05-18,1.4366,1.4492,1.4178,1.4303,8718000
2020-05-19,1.4366,1.468,1.4115,1.4429,6662550
2020-05-20,1.4429,1.5119,1.4241,1.5119,12033750
2020-05-21,1.5119,1.5182,1.4429,1.4617,12126750
2020-05-22,1.4743,1.4805,1.4178,1.468,11103150
2020-05-27,1.4743,1.5182,1.4743,1.5182,10238550
2020-05-28,1.5182,1.5245,1.4492,1.4743,8338200
2020-05-29,1.4743,1.5245,1.4492,1.5245,11913000
2020-06-02,1.5245,1.5245,1.5245,1.5245,0
2020-06-03,1.6938,1.9197,1.5872,1.5997,17467950
2020-06-04,1.606,1.7189,1.606,1.6813,7218300
2020-06-05,1.6625,1.6876,1.6123,1.6311,4882800
2020-06-09,1.6625,1.7315,1.6311,1.6311,9164850
2020-06-10,1.6499,1.6938,1.6436,1.6687,4584300
2020-06-11,1.6687,1.6938,1.5872,1.5935,7249350
2020-06-12,1.5495,1.6311,1.4743,1.6311,14547450
2020-06-15,1.6311,1.675,1.5056,1.5119,16321050
2020-06-16,1.5684,1.6123,1.5245,1.5621,6912150
2020-06-17,1.5746,1.6311,1.537,1.5809,11455800
2020-06-18,1.5746,1.5935,1.5558,1.5621,6894150
2020-06-19,1.5872,1.606,1.5558,1.606,9803250
2020-06-22,1.606,1.606,1.5684,1.5684,4062600
2020-06-23,1.5935,1.6123,1.5558,1.5621,6813450
2020-06-24,1.5684,1.5997,1.5558,1.5684,10809750
2020-06-25,1.537,1.5684,1.5307,1.5433,5890950
2020-06-26,1.5621,1.5684,1.5245,1.537,3511500
2020-06-29,1.5245,1.5307,1.4994,1.5056,6573150
2020-06-30,1.5245,1.606,1.5182,1.5872,13220700
2020-07-01,1.5872,1.6436,1.5872,1.5935,10624350
2020-07-02,1.5997,1.6562,1.5935,1.6311,9435150
2020-07-03,1.6374,1.6876,1.6186,1.6436,6552150
2020-07-06,1.6687,1.7754,1.6687,1.7628,10344750
2020-07-07,1.7879,1.8318,1.7127,1.7252,10376850
2020-07-08,1.7315,1.7817,1.7315,1.7691,7108950
2020-07-09,1.8005,1.926,1.7879,1.8632,20063100
2020-07-10,1.8569,2.0012,1.8318,1.9761,15805050
2020-07-13,2.0012,2.0263,1.926,1.9636,9586950
2020-07-14,1.9573,2.0075,1.926,1.9699,8114250
2020-07-15,2.0012,2.1142,1.9761,2.0828,20019300
2020-07-16,2.0891,2.1894,2.0075,2.0263,11068200
2020-07-17,2.0389,2.1706,2.0389,2.1079,9553500
2020-07-20,2.1142,2.1204,2.0514,2.0577,6863400
2020-07-21,2.0891,2.2145,2.0765,2.1957,10597500
2020-07-22,2.1832,2.2522,2.1706,2.2145,7800750
2020-07-23,2.2396,2.2396,2.133,2.1581,7191150
2020-07-24,2.1392,2.1832,2.1016,2.1204,5467050
2020-07-27,2.1455,2.2898,2.1142,2.2584,7510050
2020-07-28,2.3212,2.3714,2.2898,2.3588,10729200
2020-07-29,2.3588,2.3588,2.271,2.3086,5529000
2020-07-30,2.3212,2.3212,2.1957,2.1957,7898400
2020-08-03,2.2584,2.3839,2.2396,2.2396,8232900
2020-08-04,2.2835,2.3651,2.2459,2.3149,6940800
2020-08-05,2.3525,2.3714,2.2961,2.2961,6332700
2020-08-06,2.3212,2.3337,2.271,2.2835,3988800
2020-08-07,2.2898,2.3149,2.2396,2.2459,5157300
2020-08-10,2.2459,2.2459,2.133,2.1581,4746750
2020-08-11,2.1769,2.2083,2.1581,2.1643,3932400
2020-08-12,2.1392,2.2898,2.0389,2.1769,8229900
2020-08-13,2.2083,2.2773,2.1769,2.202,5770950
2020-08-14,2.2145,2.2334,2.1518,2.1706,7203600
2020-08-17,2.1706,2.2271,2.1016,2.1894,6277050
2020-08-18,2.2083,2.2898,2.1957,2.2334,6189900
2020-08-19,2.2584,2.3714,2.2459,2.2835,7442700
2020-08-21,2.3086,2.3525,2.2835,2.34,6588600
2020-08-24,2.3651,2.478,2.3212,2.3776,10669050
2020-08-25,2.3902,2.4027,2.2835,2.2961,5047500
2020-08-26,2.2961,2.3588,2.2835,2.3212,4926450
2020-08-27,2.3337,2.3651,2.3149,2.3337,4074450
2020-08-28,2.3337,2.3839,2.2898,2.3839,5528550
2020-09-01,2.3839,2.3902,2.3024,2.3212,4526400
2020-09-02,2.3275,2.3714,2.2961,2.3525,6744750
2020-09-03,2.3853,2.4167,2.3349,2.3475,7761000
2020-09-04,2.2972,2.3412,2.2657,2.2972,6110850
2020-09-07,2.2972,2.3349,2.2216,2.2531,4957350
2020-09-08,2.2531,2.272,2.1335,2.2342,8529300
2020-09-09,2.1776,2.2279,2.1084,2.1839,13489950
2020-09-10,2.2028,2.2342,2.1272,2.1272,6756750
2020-09-11,2.1209,2.1902,1.9133,2.1902,4665300
2020-09-14,2.2153,2.2531,2.1587,2.1839,4672950
2020-09-15,2.1965,2.2909,2.165,2.2657,6930150
2020-09-17,2.2657,2.2783,2.1335,2.1461,11641500
2020-09-18,2.1398,2.1839,2.1146,2.1398,6931950
2020-09-21,2.1398,2.1461,2.0454,2.0454,7571700
2020-09-22,2.0265,2.1524,2.0265,2.1209,5786250
2020-09-23,2.1398,2.1587,2.1209,2.1461,5844150
2020-09-24,2.1398,2.165,2.1398,2.1524,3188100
2020-09-25,2.1587,2.2216,2.1587,2.2028,4711650
2020-09-28,2.2594,2.2657,2.2028,2.2468,3836400
2020-09-29,2.2657,2.3035,2.2531,2.2594,4540500
2020-09-30,2.2594,2.2972,2.2091,2.2783,3161100
2020-10-01,2.2909,2.3286,2.2783,2.3223,4077450
2020-10-02,2.3223,2.3664,2.2216,2.2216,5377800
2020-10-05,2.2531,2.3035,2.2216,2.2846,3570600
2020-10-06,2.316,2.3601,2.2468,2.2657,4237050
2020-10-07,2.2657,2.316,2.2531,2.316,2266950
2020-10-08,2.316,2.3412,2.272,2.2909,2433300
2020-10-09,2.2972,2.3475,2.2846,2.3412,3739350
2020-10-12,2.3601,2.3601,2.3097,2.3286,3693750
2020-10-13,2.3286,2.3475,2.2972,2.3097,2253000
2020-10-14,2.3097,2.3349,2.272,2.316,4781100
2020-10-15,2.2972,2.3538,2.2783,2.3097,5633700
2020-10-16,2.3097,2.3475,2.3097,2.3286,2665950
2020-10-19,2.3286,2.3538,2.3035,2.3286,5517000
2020-10-20,2.3286,2.3538,2.2972,2.3475,4166550
2020-10-21,2.3475,2.3664,2.2846,2.2909,6094950
2020-10-22,2.2909,2.3601,2.2657,2.316,8652000
2020-10-23,2.3349,2.4104,2.3223,2.3349,20563350
2020-10-26,2.3412,2.3979,2.272,2.316,5614650
2020-10-27,2.3097,2.3475,2.2972,2.316,4457700
2020-10-28,2.3349,2.3664,2.3035,2.3223,4815450
2020-10-30,2.3097,2.3223,2.1839,2.2028,8264850
2020-11-02,2.2028,2.2153,2.1461,2.2028,7348200
2020-11-03,2.2279,2.2972,2.2091,2.2216,4318050
2020-11-04,2.272,2.2783,2.2216,2.2468,4482750
2020-11-05,2.2657,2.316,2.2594,2.2909,10080750
2020-11-06,2.3097,2.3097,2.2468,2.2909,5513250
2020-11-09,2.2909,2.3035,2.2594,2.2909,3104400
2020-11-10,2.2657,2.272,2.2153,2.2657,5632050
2020-11-11,2.2531,2.2909,2.2342,2.2405,2628450
2020-11-12,2.2531,2.2657,2.2028,2.2091,5892000
2020-11-13,2.2216,2.2405,2.2091,2.2216,4446900
2020-11-16,2.2216,2.2531,2.2216,2.2342,5873400
2020-11-17,2.2342,2.2405,2.2028,2.2342,5069550
2020-11-18,2.2279,2.2342,2.2028,2.2216,2331750
2020-11-19,2.2216,2.2216,2.1021,2.1084,9239550
2020-11-20,2.1146,2.165,2.0643,2.0832,8024400
2020-11-23,2.0832,2.1209,2.0706,2.1084,4398450
2020-11-24,2.1084,2.1084,2.0202,2.0202,6777900
2020-11-25,2.0265,2.0643,1.9825,2.0517,10005150
2020-11-26,2.0643,2.0895,2.014,2.0769,8852550
2020-11-27,2.1021,2.1021,2.0454,2.0643,3788550
2020-11-30,2.0643,2.0769,2.0391,2.0454,3508950
2020-12-01,2.0517,2.0832,2.0265,2.058,5273550
2020-12-02,2.0643,2.2028,2.0454,2.2028,10569000
2020-12-03,2.2279,2.2531,2.1713,2.2091,8560350
2020-12-04,2.2091,2.2216,2.1776,2.2091,3962100
2020-12-07,2.2153,2.2468,2.1902,2.2153,3768150
2020-12-08,2.2153,2.2216,2.1776,2.2091,6079950
2020-12-09,2.2028,2.2405,2.1587,2.1587,3696750
2020-12-10,2.1587,2.1776,2.1335,2.1398,4383600
2020-12-11,2.1398,2.2091,2.1209,2.1965,3300000
2020-12-14,2.1776,2.1776,2.0706,2.0832,2457000
2020-12-15,2.0769,2.1146,2.0391,2.0769,2416200
2020-12-16,2.0832,2.1209,2.0706,2.1209,2845500
2020-12-17,2.1209,2.1209,2.0706,2.0769,3836100
2020-12-18,2.0769,2.1398,2.0769,2.1398,4500150
2020-12-21,2.1587,2.1587,2.0769,2.1209,2718450
2020-12-22,2.1021,2.1902,2.0895,2.1272,2455050
2020-12-23,2.1272,2.2216,2.1272,2.2216,4818000
2020-12-24,2.2279,2.2468,2.2028,2.2279,2997300
2020-12-28,2.2405,2.3286,2.2405,2.3097,5106600
2020-12-29,2.3097,2.3601,2.2153,2.2342,4612950
2020-12-30,2.2468,2.316,2.2405,2.2972,4095900
2020-12-31,2.3035,2.3035,2.2342,2.2342,2496150
2021-01-04,2.2468,2.3286,2.2468,2.2972,3940650
2021-01-05,2.2972,2.2972,2.2405,2.2657,3151650
2021-01-06,2.272,2.2972,2.1713,2.2028,4491150
2021-01-07,2.2028,2.2783,2.1713,2.272,5217150
2021-01-08,2.2783,2.3853,2.2783,2.3538,12377400
2021-01-11,2.3538,2.4671,2.3223,2.4419,13413600
2021-01-12,2.4419,2.6118,2.4419,2.5489,12920550
2021-01-13,2.6055,2.7062,2.5615,2.6685,8318400
2021-01-14,2.6874,2.7692,2.6433,2.744,12912450
2021-01-15,2.7503,2.8258,2.7251,2.8007,12145050
2021-01-18,2.8007,2.9769,2.7062,2.9076,7914900
2021-01-19,2.8951,2.9328,2.7755,2.8321,8226150
2021-01-20,2.8321,2.9517,2.7944,2.8447,5455050
2021-01-21,2.8573,2.9328,2.8007,2.8195,5996850
2021-01-22,2.8195,2.8699,2.7692,2.8007,4872450
2021-01-25,2.7692,2.7692,2.6433,2.7377,5825700
2021-01-26,2.744,2.851,2.7377,2.7377,5913000
2021-01-27,2.7566,3.0146,2.7566,3.0146,9902100
2021-01-29,2.958,2.9832,2.8636,2.9328,6765300
2021-02-02,2.958,3.2349,2.9328,3.1468,11787900
2021-02-03,3.1468,3.216,3.0713,3.1216,10172550
2021-02-04,3.1153,3.1342,2.9958,3.065,8492850
2021-02-05,3.0839,3.1657,3.0524,3.065,5007750
2021-02-08,3.0713,3.0965,3.0083,3.0461,4914000
2021-02-09,3.0461,3.1216,3.0083,3.0902,7874100
2021-02-10,3.1153,3.1594,3.0524,3.1468,9654150
2021-02-11,3.1405,3.1468,3.0713,3.0964,3203700
2021-02-15,3.1027,3.1594,3.0776,3.0839,3902250
2021-02-16,3.0839,3.1971,3.0587,3.0839,8297550
2021-02-17,3.109,3.109,3.0335,3.0398,4904850
2021-02-18,3.0524,3.1216,2.9517,3.0902,10422750
2021-02-19,3.0902,3.1027,3.0398,3.0902,4116150
2021-02-22,3.1027,3.1342,3.065,3.065,4596750
2021-02-23,3.0524,3.386,3.0146,3.3482,19526400
2021-02-24,3.4111,3.4741,3.1531,3.3356,19693800
2021-02-25,3.3671,3.7447,3.3608,3.4174,17046450
2021-02-26,3.2538,3.5118,3.2412,3.279,14609100
2021-03-01,3.2916,3.3356,3.1783,3.2097,8127750
2021-03-02,3.279,3.2978,3.2286,3.2727,9532950
2021-03-03,3.2538,3.3356,3.1846,3.2223,5166000
2021-03-04,3.1657,3.1971,3.1216,3.1846,7056600
2021-03-05,3.109,3.1468,3.0335,3.1405,8119800
2021-03-08,3.172,3.1783,2.9139,2.9391,11068350
2021-03-09,2.8888,3.0398,2.7692,2.8951,22004550
2021-03-10,3.0209,3.065,2.8321,2.8951,11545350
2021-03-11,2.9328,3.0524,2.8321,3.0524,6686250
2021-03-12,3.0839,3.1216,2.9895,3.002,5178300
2021-03-15,3.0209,3.0587,2.9328,2.9454,3525450
2021-03-16,3.002,3.002,2.9202,2.9643,3049500
2021-03-17,2.9883,3.0453,2.9567,3.0327,1165800
2021-03-18,3.0453,3.1086,3.0137,3.096,6377700
2021-03-19,3.039,3.1023,2.9883,3.1023,3439800
2021-03-22,3.0706,3.134,3.0643,3.1023,3178800
2021-03-23,3.1086,3.2479,3.1023,3.1909,6051300
2021-03-24,3.1909,3.2353,3.039,3.0643,11439750
2021-03-25,3.0263,3.115,3.0073,3.0706,5794950
2021-03-26,3.0643,3.1466,3.0517,3.0706,5690850
2021-03-29,3.1213,3.2859,3.096,3.2226,7015050
2021-03-30,3.2986,3.3049,3.1276,3.1973,7252800
2021-03-31,3.2416,3.2479,3.1403,3.2163,11108850
2021-04-01,3.2416,3.2669,3.1466,3.2226,5832000
2021-04-02,3.2416,3.3239,3.2226,3.2732,5394300
2021-04-05,3.3112,3.4062,3.2796,3.2922,4292850
2021-04-06,3.3239,3.3556,3.1909,3.1909,3903750
2021-04-07,3.2353,3.3049,3.1656,3.1909,5061450
2021-04-08,3.2289,3.3176,3.153,3.3112,5606400
2021-04-09,3.3176,3.3682,3.2669,3.2986,4398900
2021-04-12,3.3239,3.3745,3.2859,3.3302,3342900
2021-04-13,3.3556,3.3999,3.3112,3.3112,4726200
2021-04-14,3.3556,3.4125,3.3239,3.3809,4447650
2021-04-15,3.3872,3.3935,3.2986,3.3112,3955500
2021-04-16,3.3239,3.3745,3.2986,3.3682,3046500
2021-04-19,3.3682,3.6088,3.3302,3.4252,4980750
2021-04-20,3.4189,3.4505,3.3492,3.3556,2758350
2021-04-21,3.3302,3.3556,3.2796,3.3112,4454250
2021-04-22,3.3429,3.3556,3.2606,3.2796,3158400
2021-04-23,3.2796,3.2796,3.1719,3.2099,6273300
2021-04-26,3.2226,3.2732,3.1783,3.2416,7044150
2021-04-27,3.115,3.2764,3.0865,3.2004,7682200
2021-04-28,3.2289,3.2764,3.001,3.039,11005400
2021-04-30,3.039,3.058,2.944,2.982,6554300
2021-05-03,2.9725,2.9915,2.8681,2.982,7328200
2021-05-04,2.9725,2.9725,2.8775,2.9155,7826600
2021-05-05,2.8775,2.963,2.8016,2.8396,8988400
2021-05-06,2.868,2.9155,2.8111,2.8111,7267500
2021-05-07,2.8396,2.868,2.7541,2.7541,6672800
2021-05-10,2.8016,2.8301,2.6496,2.7826,10920300
2021-05-11,2.7066,2.7636,2.6306,2.6591,10151800
2021-05-12,2.6591,2.7351,2.6496,2.6496,3074300
2021-05-17,2.6781,2.6876,2.5167,2.6116,7979200
2021-05-18,2.5926,2.7161,2.5452,2.7066,13000100
2021-05-19,2.6876,2.7351,2.5926,2.6496,7716800
2021-05-20,2.6876,2.7351,2.4502,2.5167,11756500
2021-05-21,2.5357,2.5926,2.4217,2.5642,8224500
2021-05-24,2.5831,2.8491,2.5831,2.8301,9089100
2021-05-25,2.8775,2.982,2.7731,2.887,11915600
2021-05-27,2.8965,2.925,2.7636,2.925,8330500
2021-05-28,2.9345,2.9345,2.8206,2.8301,2303200
2021-05-31,2.7636,2.906,2.7161,2.8586,4156200
2021-06-01,2.8586,2.906,2.8016,2.906,2814000
2021-06-02,2.906,3.039,2.906,2.982,6453600
2021-06-03,3.001,3.0105,2.9155,2.944,3016500
2021-06-04,2.925,2.925,2.7636,2.8301,6859300
2021-06-08,2.8491,2.8586,2.7921,2.8206,3957800
2021-06-09,2.8016,2.8206,2.6971,2.7161,5283500
2021-06-10,2.6971,2.8396,2.6971,2.7826,3739500
2021-06-11,2.8016,2.8111,2.6971,2.7161,6479400
2021-06-14,2.7256,2.8016,2.7256,2.7636,4056400
2021-06-15,2.7731,2.8775,2.7446,2.8586,5907500
2021-06-16,2.8775,2.9155,2.8206,2.8301,4865600
2021-06-17,2.8016,2.8396,2.7351,2.7541,4751800
2021-06-18,2.7731,2.887,2.7731,2.8491,13964400
2021-06-21,2.8206,2.8301,2.7446,2.7731,5067600
2021-06-22,2.8016,2.8681,2.7826,2.8016,3714400
2021-06-23,2.8301,2.8301,2.7731,2.7826,2448600
2021-06-24,2.8016,2.8016,2.7256,2.7541,3485300
2021-06-25,2.7446,2.7731,2.6971,2.7256,4928200
2021-06-28,2.7066,2.7636,2.6401,2.7351,3992700
2021-06-29,2.7351,2.7921,2.7161,2.7636,4571500
2021-06-30,2.7826,2.7921,2.6876,2.7256,10592700
2021-07-01,2.7351,2.7541,2.6876,2.7351,2274300
2021-07-02,2.7256,2.7921,2.6971,2.7826,3978900
2021-07-05,2.7921,2.9345,2.7921,2.906,7175900
2021-07-06,2.925,2.9345,2.8491,2.8965,6737700
2021-07-07,2.887,3.02,2.868,2.963,5203200
2021-07-08,2.906,2.963,2.8301,2.8396,6028900
2021-07-09,2.8491,2.982,2.8206,2.9345,5097100
2021-07-12,2.944,2.9915,2.906,2.9725,4657500
2021-07-13,2.9725,3.1055,2.9535,3.02,8487500
2021-07-14,3.0295,3.134,3.02,3.134,7637400
2021-07-15,3.134,3.2194,3.1245,3.1719,5664300
2021-07-16,3.1245,3.1625,3.0675,3.0865,5889300
2021-07-19,3.077,3.115,3.0295,3.0865,4583300
2021-07-21,3.0865,3.1055,3.0295,3.096,5028000
2021-07-22,3.096,3.1814,3.0865,3.096,5206900
2021-07-23,3.115,3.153,3.0865,3.096,7489600
2021-07-26,3.1245,3.2099,3.1055,3.1435,8972500
2021-07-27,3.153,3.2099,3.1435,3.2004,5236800
2021-07-28,3.1814,3.1814,3.096,3.134,5071600
2021-07-29,3.1435,3.1625,3.096,3.1245,3395900
2021-07-30,3.134,3.1435,3.0105,3.0865,5074000
2021-08-02,3.077,3.1625,3.058,3.1625,5869100
2021-08-03,3.1719,3.2384,3.1435,3.1814,4596700
2021-08-04,3.1435,3.2764,3.1245,3.2764,5873400
2021-08-05,3.2859,3.3144,3.2194,3.2574,5094500
2021-08-06,3.2764,3.2954,3.2194,3.2289,2609700
2021-08-09,3.2479,3.2574,3.153,3.1625,3751200
2021-08-11,3.1625,3.2384,3.1245,3.1625,4810100
2021-08-12,3.1814,3.2479,3.134,3.2384,4828700
2021-08-13,3.2384,3.2764,3.077,3.1055,5265000
2021-08-16,3.0295,3.1435,2.9535,3.134,7755600
2021-08-17,3.134,3.134,3.02,3.0295,4577100
2021-08-18,3.0105,3.058,2.963,3.0485,3910800
2021-08-19,3.0342,3.0628,2.9769,3.0533,3465800
2021-08-20,3.0533,3.0914,3.0151,3.0151,3968800
2021-08-23,3.0342,3.1201,3.0246,3.1105,3141900
2021-08-24,3.1296,3.1582,3.0819,3.1487,5302400
2021-08-25,3.1487,3.1678,3.1391,3.1487,3329900
2021-08-26,3.1678,3.225,3.1391,3.2155,5364800
2021-08-27,3.1964,3.2155,3.1487,3.2155,4241200
2021-08-30,3.2155,3.2441,3.1296,3.2345,4021200
2021-09-01,3.2059,3.2441,3.1678,3.2059,3909300
2021-09-02,3.2059,3.225,3.0723,3.101,2933300
2021-09-03,3.1105,3.1487,3.0533,3.1105,3901200
2021-09-06,3.1105,3.3204,3.1105,3.3013,7174500
2021-09-07,3.3109,3.3777,3.3013,3.3586,7413900
2021-09-08,3.3681,3.5399,3.33,3.5303,11166000
2021-09-09,3.5303,3.5494,3.3681,3.4063,5737600
2021-09-10,3.4063,3.4158,3.3395,3.3777,3453500
2021-09-13,3.3777,3.4826,3.3681,3.3968,6610300
2021-09-14,3.4063,3.4826,3.3872,3.4445,6107600
2021-09-15,3.454,3.4826,3.3872,3.4254,4181900
2021-09-17,3.4349,3.7593,3.4349,3.6257,16099800
2021-09-20,3.6257,3.6735,3.5303,3.5494,4148300
2021-09-21,3.5303,3.6448,3.4922,3.6353,5445900
2021-09-22,3.6353,3.7212,3.5876,3.6735,6876800
2021-09-23,3.683,3.788,3.6735,3.7307,7552300
2021-09-24,3.7593,3.8166,3.6735,3.7021,7326500
2021-09-27,3.7116,3.7593,3.5876,3.6257,7093700
2021-09-28,3.6257,3.6448,3.4635,3.5208,7143200
2021-09-29,3.4635,3.5303,3.4158,3.4922,8603300
2021-09-30,3.4922,3.578,3.4445,3.4445,13806700
2021-10-01,3.4445,3.4826,3.3395,3.3395,7294800
2021-10-04,3.3586,3.5971,3.3586,3.5017,6292100
2021-10-05,3.4826,3.5017,3.4063,3.4254,5603000
2021-10-06,3.4635,3.5303,3.454,3.4826,5141800
2021-10-07,3.5112,3.5494,3.4349,3.4731,4952100
2021-10-08,3.454,3.4826,3.3872,3.4445,4474100
2021-10-11,3.4445,3.454,3.3777,3.3872,4284500
2021-10-12,3.3777,3.4445,3.3777,3.3968,3573600
2021-10-13,3.3968,3.4445,3.3777,3.3777,6165700
2021-10-14,3.4349,3.4922,3.3968,3.4635,7418100
2021-10-15,3.5017,3.5399,3.4922,3.5208,6425500
2021-10-18,3.5494,3.5685,3.4922,3.4922,5126200
2021-10-20,3.559,3.6448,3.5399,3.6257,4615700
2021-10-21,3.6257,3.6448,3.5399,3.5876,3972900
2021-10-22,3.5876,3.6448,3.5303,3.5303,3992400
2021-10-25,3.5303,3.6067,3.5112,3.578,3903400
2021-10-26,3.5876,3.5876,3.5208,3.5494,3691000
2021-10-27,3.5303,3.5876,3.4922,3.5399,2331200
2021-10-28,3.5208,3.6544,3.5113,3.6257,4198800
2021-10-29,3.6353,3.7021,3.578,3.6353,3248700
2021-11-01,3.6257,3.6639,3.5494,3.5685,1841700
2021-11-02,3.5685,3.7021,3.5685,3.6735,3855600
2021-11-03,3.683,3.7021,3.6067,3.6448,2680100
2021-11-05,3.6925,3.8166,3.6735,3.7975,8436900
2021-11-08,3.8452,3.8643,3.7402,3.7593,6572700
2021-11-09,3.7593,3.8357,3.6735,3.7689,4869700
2021-11-10,3.7689,3.788,3.6925,3.7212,4981400
2021-11-11,3.7021,3.7212,3.6448,3.6735,3911400
2021-11-12,3.6735,3.7498,3.6735,3.7498,4628500
2021-11-15,3.7689,3.788,3.6448,3.6735,3254700
2021-11-16,3.6735,3.7021,3.5971,3.6067,3180600
2021-11-17,3.6257,3.683,3.5685,3.6162,2662000
2021-11-18,3.6162,3.6257,3.5303,3.578,2980300
2021-11-19,3.5876,3.6448,3.5685,3.6257,2792000
2021-11-22,3.6257,3.6257,3.5685,3.5876,3000100
2021-11-23,3.6067,3.7021,3.5876,3.6544,3273200
2021-11-24,3.6639,3.683,3.5303,3.578,6079100
2021-11-25,3.578,3.6067,3.559,3.5876,3452000
2021-11-26,3.6067,3.6257,3.5303,3.578,4924100
2021-11-29,3.5303,3.5685,3.3968,3.5017,10243100
2021-11-30,3.5112,3.6925,3.5112,3.5876,7062100
2021-12-01,3.5876,3.683,3.4826,3.5399,8016400
2021-12-02,3.4922,3.5685,3.3968,3.4922,14091300
2021-12-06,3.4922,3.5399,3.4445,3.4635,5275500
2021-12-07,3.4922,3.5876,3.4922,3.559,3587000
2021-12-08,3.5971,3.683,3.5971,3.6353,6678200
2021-12-09,3.6639,3.6735,3.578,3.6353,2125800
2021-12-10,3.6257,3.6448,3.5876,3.6162,2795500
2021-12-13,3.6735,3.6735,3.5876,3.5876,2841200
2021-12-14,3.6162,3.6448,3.5876,3.5971,4092400
2021-12-15,3.5971,3.6639,3.578,3.5971,3910100
2021-12-16,3.6257,3.7212,3.6257,3.7116,7762600
2021-12-17,3.6925,3.7402,3.6735,3.683,2794800
2021-12-20,3.7021,3.7212,3.6735,3.6735,2296000
2021-12-21,3.6639,3.7307,3.6639,3.7212,2148800
2021-12-22,3.7212,3.7689,3.6162,3.7021,2899900
2021-12-23,3.683,3.7402,3.6448,3.6639,1864600
2021-12-24,3.6544,3.7307,3.6544,3.7212,734400
2021-12-27,3.7021,3.7593,3.7021,3.7116,873800
2021-12-28,3.7402,3.788,3.7116,3.7212,1809900
2021-12-29,3.7212,3.7975,3.7212,3.7975,1357000
2021-12-30,3.7975,3.9502,3.7593,3.8738,4598800
2021-12-31,3.8738,3.9215,3.807,3.8166,2854200
2022-01-03,3.8357,3.8929,3.8166,3.8261,1275900
2022-01-04,3.8452,4.0074,3.8452,3.9883,5204300
2022-01-05,4.0074,4.0265,3.8929,3.9406,3121700
2022-01-06,3.9024,3.9024,3.8261,3.8834,2573500
2022-01-07,3.8834,3.8929,3.8357,3.8738,1272700
2022-01-10,3.8738,3.8738,3.5399,3.5971,9686200
2022-01-11,3.6257,3.6544,3.4063,3.5017,14276100
2022-01-12,3.5685,3.578,3.4922,3.5208,5738600
2022-01-13,3.5208,3.559,3.4349,3.4635,8846700
2022-01-14,3.4063,3.4063,3.1296,3.2441,35230700
2022-01-17,3.2441,3.3013,3.1105,3.2632,13988800
2022-01-19,3.1773,3.1773,2.996,3.0342,17660800
2022-01-20,2.9578,3.1487,2.9483,3.1105,16301000
2022-01-21,3.0533,3.0819,2.9674,3.0151,11873400
2022-01-24,2.9578,3.1296,2.9197,3.0723,8648200
2022-01-25,3.0819,3.0914,2.9674,3.0342,5679800
2022-01-26,3.0151,3.1201,3.0151,3.1105,6881700
2022-01-27,3.0723,3.0723,2.9769,2.9865,5579900
2022-01-28,2.996,3.0056,2.9578,2.9865,6270900
2022-01-31,3.0056,3.0628,2.996,3.0437,2744900
2022-02-03,3.0819,3.1105,2.9865,3.0056,4118100
2022-02-04,3.0151,3.0151,2.9674,3.0056,1630100
2022-02-07,3.0056,3.0914,2.9865,3.0819,2981500
2022-02-08,3.0914,3.101,3.0342,3.0628,2116100
2022-02-09,3.0819,3.225,3.0819,3.225,3709000
2022-02-10,3.2441,3.3109,3.1773,3.2345,4768200
2022-02-11,3.1964,3.225,3.1391,3.1773,3004900
2022-02-14,3.1201,3.1391,3.0342,3.0342,2188300
2022-02-15,3.0246,3.101,2.996,3.0723,2020700
2022-02-16,3.101,3.1582,3.0628,3.1487,3583000
2022-02-17,3.1201,3.1964,3.1201,3.1773,1256700
2022-02-18,3.1487,3.1773,3.0914,3.1296,3441000
2022-02-21,3.0628,3.1201,2.9006,2.9006,7123200
2022-02-22,2.8624,2.872,2.6239,2.6525,13396400
2022-02-23,2.6525,2.8624,2.6525,2.8147,5724100
2022-02-24,2.7289,2.8243,2.6716,2.767,3242100
2022-02-25,2.872,2.9769,2.8338,2.9101,7379200
2022-02-28,2.9578,2.9865,2.7479,2.7479,5408700
2022-03-01,2.8243,2.9006,2.7575,2.767,3639000
2022-03-02,2.7479,2.8147,2.7289,2.7289,3695000
2022-03-03,2.7766,2.7956,2.6334,2.6716,6726100
2022-03-04,2.6239,2.6525,2.4235,2.4808,11810000
2022-03-07,2.4426,2.4426,2.2422,2.2899,9456100
2022-03-08,2.2422,2.2995,2.0896,2.1659,12434400
2022-03-09,2.1945,2.5571,2.185,2.5571,17434200
2022-03-10,2.6621,2.7575,2.4903,2.5094,12218400
2022-03-11,2.4903,2.7002,2.4044,2.5953,7512500
2022-03-14,2.5762,2.6716,2.5094,2.5571,6142300
2022-03-15,2.5189,2.538,2.3758,2.4712,5908400
2022-03-16,2.5762,2.6716,2.5285,2.6334,8085800
2022-03-17,2.7249,2.9753,2.696,2.879,14788200
2022-03-18,2.9271,2.9271,2.7731,2.7731,7081300
2022-03-21,2.8308,3.0523,2.8308,2.9945,13618200
2022-03-22,2.956,3.0812,2.879,3.0812,6215500
2022-03-23,3.1101,3.1775,3.0427,3.1101,12613100
2022-03-24,3.0523,3.0812,2.9849,3.0812,7522000
2022-03-25,3.1004,3.1293,2.9945,3.0619,6714800
2022-03-28,3.0138,3.0523,2.8886,2.9367,5076400
2022-03-29,2.9656,2.9849,2.8597,2.8886,6135700
2022-03-30,2.9367,2.956,2.8308,2.8405,5647800
2022-03-31,2.8405,2.9175,2.8116,2.9175,6288600
2022-04-01,2.8693,2.9367,2.8405,2.9079,3534100
2022-04-04,2.8886,2.9367,2.8886,2.9271,3153100
2022-04-05,2.956,3.0041,2.9271,2.9849,4673700
2022-04-06,2.9271,2.9656,2.9079,2.9464,1564600
2022-04-07,2.9175,2.956,2.879,2.879,2319300
2022-04-08,2.879,2.9079,2.8597,2.8693,958200
2022-04-11,2.8405,2.8597,2.5997,2.5997,6505600
2022-04-12,2.5709,2.6671,2.5227,2.619,4907700
2022-04-13,2.6479,2.7442,2.5997,2.7345,3128300
2022-04-14,2.7827,2.7923,2.6575,2.696,2944100
2022-04-15,2.6479,2.6864,2.5901,2.6864,2838300
2022-04-18,2.6671,2.6671,2.5901,2.6286,1281600
2022-04-20,2.6575,2.7153,2.6575,2.696,2490800
2022-04-21,2.696,2.7345,2.6864,2.7249,1987000
2022-04-22,2.6479,2.6671,2.5323,2.5709,7742300
2022-04-25,2.5131,2.5227,2.4746,2.4746,4381800
2022-04-26,2.5323,2.5516,2.5131,2.5516,1265100
2022-04-27,2.4361,2.5612,2.4361,2.5612,2139500
2022-04-28,2.5612,2.6671,2.5612,2.6479,4055300
2022-04-29,2.6864,2.6864,2.6286,2.6864,2496900
2022-05-05,2.7153,2.7249,2.542,2.5516,2384500
2022-05-06,2.4649,2.5227,2.4457,2.4649,4481300
2022-05-09,2.4649,2.4842,2.4168,2.4264,2418700
2022-05-10,2.4072,2.5035,2.3783,2.4746,2348700
2022-05-11,2.4649,2.5131,2.436,2.436,3648900
2022-05-12,2.4168,2.4168,2.3012,2.3205,5801200
2022-05-13,2.359,2.4264,2.3398,2.4072,4734500
2022-05-17,2.4168,2.4842,2.359,2.4649,4178600
2022-05-18,2.4842,2.5131,2.4746,2.4842,2540600
2022-05-19,2.3975,2.4649,2.3686,2.4168,2269500
2022-05-20,2.4264,2.4746,2.4072,2.436,2817000
2022-05-23,2.4361,2.4553,2.4168,2.4264,1771300
2022-05-24,2.4168,2.4553,2.3879,2.3975,1035900
2022-05-25,2.3975,2.4649,2.3783,2.4553,2892600
2022-05-26,2.4746,2.5709,2.4553,2.5516,4109200
2022-05-27,2.5709,2.5997,2.5323,2.5612,1617200
2022-05-30,2.5805,2.5997,2.5131,2.5901,1168800
2022-05-31,2.5805,2.6479,2.5709,2.6383,1941300
2022-06-01,2.6575,2.6864,2.619,2.6286,1546300
2022-06-02,2.619,2.6383,2.5323,2.6094,1982400
2022-06-03,2.6383,2.7442,2.5805,2.7249,3252600
2022-06-07,2.7249,2.7345,2.5901,2.5997,1162600
2022-06-08,2.6094,2.6768,2.5805,2.6479,1466100
2022-06-09,2.6383,2.6479,2.6094,2.6383,662300
2022-06-10,2.5805,2.6383,2.5516,2.619,1006600
2022-06-13,2.5323,2.542,2.4264,2.4457,3382400
2022-06-14,2.4168,2.4938,2.3975,2.4457,3266800
2022-06-15,2.4457,2.4457,2.3783,2.3975,2014900
2022-06-16,2.4457,2.5323,2.4264,2.4649,3586900
2022-06-17,2.4072,2.4938,2.3686,2.436,4450700
2022-06-20,2.4553,2.4746,2.3783,2.436,1564200
2022-06-21,2.436,2.4746,2.4072,2.4553,3655200
2022-06-22,2.4553,2.4649,2.4072,2.4072,1789600
2022-06-23,2.4457,2.4553,2.3975,2.4264,1005700
2022-06-24,2.436,2.5227,2.4264,2.4553,2078100
2022-06-27,2.4842,2.5516,2.4553,2.5035,4499100
2022-06-28,2.4746,2.4746,2.4072,2.4264,5688600
2022-06-29,2.359,2.3783,2.3012,2.3205,6298400
2022-06-30,2.3205,2.3398,2.205,2.205,14617900
2022-07-01,2.1953,2.2435,2.1568,2.1664,4165200
2022-07-04,2.1472,2.1568,2.0316,2.0605,5967200
2022-07-05,2.0605,2.1087,2.0028,2.0028,5324000
2022-07-06,2.022,2.099,2.0124,2.0702,8667100
2022-07-07,2.0894,2.1087,2.0316,2.0798,3209700
2022-07-08,2.1183,2.1568,2.0605,2.1183,3933500
2022-07-12,2.0894,2.099,2.0413,2.099,2051900
2022-07-13,2.0798,2.1183,2.0316,2.1183,2168100
2022-07-14,2.099,2.1761,2.0894,2.1376,2199300
2022-07-15,2.1568,2.2338,2.1087,2.2242,3677300
2022-07-18,2.2435,2.3012,2.2435,2.2916,2782600
2022-07-19,2.2724,2.3109,2.2531,2.3012,3959600
2022-07-20,2.3494,2.3783,2.282,2.3109,4046100
2022-07-21,2.3109,2.4072,2.3012,2.3686,4303600
2022-07-22,2.3783,2.4649,2.3783,2.4264,3390000
2022-07-25,2.4264,2.4361,2.359,2.4264,739000
2022-07-26,2.4264,2.4264,2.3783,2.4072,2149800
2022-07-27,2.3879,2.5709,2.3783,2.5709,4584600
2022-07-28,2.6094,2.6575,2.5997,2.619,5419600
2022-07-29,2.6671,2.8116,2.6383,2.7731,8979900
2022-08-01,2.7634,2.8405,2.7249,2.7923,4323000
2022-08-02,2.7923,2.8116,2.6286,2.6286,4799500
2022-08-03,2.6383,2.7153,2.6383,2.696,5472700
2022-08-04,2.7442,2.7827,2.6575,2.7153,5421000
2022-08-05,2.7249,2.7634,2.6864,2.696,1990400
2022-08-08,2.6671,2.7057,2.6479,2.696,1722100
2022-08-09,2.6671,2.7057,2.6671,2.696,1286200
2022-08-10,2.6479,2.6575,2.5516,2.6094,4807100
2022-08-11,2.6671,2.8116,2.6671,2.8019,6596300
2022-08-12,2.7923,2.8116,2.7442,2.7923,1341300
2022-08-15,2.8597,2.8597,2.7731,2.8116,1717500
2022-08-16,2.8019,2.8212,2.7442,2.7923,950300
2022-08-17,2.7731,2.7731,2.7153,2.7442,1694300
2022-08-18,2.7249,2.7442,2.6864,2.7345,2673900
2022-08-19,2.7307,2.7791,2.721,2.7694,2722000
2022-08-22,2.7403,2.7403,2.5854,2.5951,3181800
2022-08-23,2.5951,2.6629,2.5273,2.6629,2855800
2022-08-24,2.6629,2.6629,2.5951,2.6532,671400
2022-08-25,2.6532,2.7791,2.6435,2.7694,3047700
2022-08-26,2.7888,2.8178,2.7403,2.8081,3191600
2022-08-29,2.6629,2.7307,2.6241,2.721,3351700
2022-08-30,2.721,2.7403,2.6629,2.6919,1124100
2022-09-01,2.6629,2.6629,2.5467,2.5951,2316200
2022-09-02,2.5951,2.6338,2.5467,2.5951,1491400
2022-09-05,2.5757,2.6435,2.5564,2.5951,838000
2022-09-06,2.5854,2.6629,2.5854,2.6435,647300
2022-09-07,2.6241,2.6338,2.5951,2.6048,1029000
2022-09-08,2.6435,2.6532,2.6048,2.6145,1773900
2022-09-09,2.6145,2.6629,2.6145,2.6338,768500
2022-09-12,2.6726,2.7791,2.6532,2.7694,2484000
2022-09-13,2.7984,2.8178,2.75,2.7791,3768200
2022-09-14,2.6919,2.7694,2.6629,2.7597,1919200
2022-09-15,2.7597,2.7597,2.6435,2.6435,2102700
2022-09-19,2.6338,2.6629,2.5951,2.6435,1442500
2022-09-20,2.6726,2.6919,2.6338,2.6532,643300
2022-09-21,2.6242,2.6726,2.6242,2.6629,655500
2022-09-22,2.6338,2.6822,2.6338,2.6629,889000
2022-09-23,2.6338,2.6726,2.6241,2.6435,727200
2022-09-26,2.6338,2.6919,2.6241,2.6338,2134500
2022-09-27,2.6338,2.75,2.6338,2.6822,3114600
2022-09-28,2.6726,2.7113,2.6338,2.6629,2002100
2022-09-29,2.6919,2.7113,2.6048,2.6532,3821000
2022-09-30,2.6145,2.7113,2.6048,2.6629,9246800
2022-10-03,2.6532,2.6629,2.6048,2.6532,1061400
2022-10-04,2.6726,2.6822,2.6532,2.6629,1053000
2022-10-05,2.7016,2.7016,2.6241,2.6338,3217500
2022-10-06,2.6338,2.6629,2.6145,2.6145,386900
2022-10-07,2.6048,2.6435,2.6048,2.6145,429000
2022-10-11,2.5951,2.5951,2.324,2.3433,6759400
2022-10-12,2.3337,2.3821,2.2949,2.3433,6076900
2022-10-13,2.324,2.353,2.2659,2.3433,6119800
2022-10-14,2.3724,2.4499,2.3724,2.3918,2855600
2022-10-17,2.3724,2.4014,2.324,2.3821,636300
2022-10-18,2.4014,2.4499,2.3627,2.3918,2114300
2022-10-19,2.3918,2.4402,2.3627,2.3918,1735300
2022-10-20,2.3918,2.4305,2.3627,2.4208,601100
2022-10-21,2.3918,2.4208,2.3821,2.4014,605000
2022-10-25,2.4014,2.4789,2.4014,2.4111,749300
2022-10-26,2.4208,2.4692,2.3821,2.4014,620400
2022-10-27,2.4402,2.4402,2.3821,2.3821,572100
2022-10-28,2.3821,2.4305,2.3821,2.4014,759900
2022-10-31,2.4014,2.4499,2.353,2.3724,2601800
2022-11-01,2.3724,2.4111,2.3433,2.4014,3039100
2022-11-02,2.4208,2.4208,2.3724,2.4208,2570500
2022-11-03,2.4111,2.4402,2.3724,2.4014,994000
2022-11-04,2.4014,2.4305,2.3918,2.4305,915000
2022-11-07,2.4305,2.4499,2.4014,2.4111,650000
2022-11-08,2.4208,2.4402,2.4014,2.4305,1165700
2022-11-09,2.4305,2.4499,2.3918,2.4305,781700
2022-11-10,2.4111,2.4402,2.4014,2.4208,475800
2022-11-11,2.5273,2.7307,2.5176,2.6145,6404300
2022-11-14,2.6242,2.6532,2.5951,2.6242,1582100
2022-11-15,2.6338,2.6629,2.5854,2.6242,2834300
2022-11-16,2.6338,2.7016,2.6145,2.6822,3607700
2022-11-17,2.6532,2.6919,2.6435,2.6726,1031000
2022-11-21,2.6629,2.6919,2.6145,2.6726,513100
2022-11-22,2.6241,2.7113,2.6241,2.6726,630100
2022-11-23,2.6629,2.7597,2.6532,2.7307,1140700
2022-11-24,2.75,3.0696,2.75,2.9921,7658600
2022-11-25,3.0018,3.0018,2.8856,2.934,4286000
2022-11-29,2.934,2.9727,2.8759,2.905,1250300
2022-11-30,2.9146,3.0212,2.9146,3.0115,2949000
2022-12-01,3.0405,3.2245,3.0405,3.1374,11054900
2022-12-02,3.1277,3.2342,3.0889,3.2342,4560200
2022-12-05,3.2342,3.2342,3.0502,3.1277,2673400
2022-12-06,3.0889,3.1664,3.0599,3.1277,2310400
2022-12-07,3.118,3.1277,2.9921,3.0212,2076500
2022-12-08,3.0018,3.1277,2.9727,3.0986,1707700
2022-12-09,3.0986,3.147,3.0696,3.147,1587700
2022-12-12,3.147,3.1664,3.0599,3.1374,1293700
2022-12-13,3.147,3.1664,3.1083,3.118,881200
2022-12-14,3.147,3.2148,3.118,3.147,1918400
2022-12-15,3.1277,3.1277,3.0308,3.0502,1965200
2022-12-16,3.0212,3.2148,2.9824,3.2148,2918400
2022-12-19,3.1955,3.1955,3.0986,3.1955,905800
2022-12-20,3.1664,3.1858,3.0212,3.0212,3474500
2022-12-21,3.0502,3.0889,3.0115,3.0212,2718100
2022-12-22,3.0502,3.0696,2.9921,3.0018,1308600
2022-12-23,2.9824,3.0115,2.9631,3.0018,755700
2022-12-27,3.0018,3.0405,2.9534,3.0018,644900
2022-12-28,3.0018,3.0018,2.9243,2.9243,1138400
2022-12-29,2.9437,2.9534,2.9146,2.9534,419800
2022-12-30,2.9824,3.0018,2.905,2.9824,1936800
2023-01-03,2.9824,3.0696,2.9146,3.0212,983700
2023-01-04,3.0115,3.0308,2.9824,3.0308,1161700
2023-01-05,3.0308,3.0405,2.9824,3.0115,1144800
2023-01-06,3.0018,3.0018,2.8953,2.905,2565900
2023-01-09,2.934,3.0696,2.9243,3.0115,4559000
2023-01-10,3.0212,3.0502,2.9921,3.0502,1690100
2023-01-11,3.0308,3.0793,3.0018,3.0696,2602000
2023-01-12,3.0793,3.2051,3.0599,3.2051,6394800
2023-01-13,3.2051,3.3213,3.0405,3.1374,7032100
2023-01-16,3.0889,3.2245,3.0889,3.2245,2844400
2023-01-17,3.2245,3.2536,3.1374,3.2342,2310000
2023-01-18,3.2342,3.3117,3.1664,3.2923,3625200
2023-01-19,3.2342,3.2536,3.2051,3.2536,2895000
2023-01-20,3.2439,3.2826,3.1955,3.1955,1986000
2023-01-25,3.2729,3.3213,3.2148,3.302,3097400
2023-01-26,3.3117,3.3213,3.2439,3.2439,4020600
2023-01-27,3.2536,3.2729,3.0986,3.147,3508300
2023-01-30,3.147,3.2148,3.118,3.2051,3237500
2023-01-31,3.1374,3.1858,3.1374,3.1858,2203900
2023-02-02,3.2632,3.2729,3.1664,3.2342,5473100
2023-02-03,3.2536,3.2632,3.1761,3.1955,2678700
2023-02-07,3.1664,3.1858,3.0986,3.0986,3443800
2023-02-08,3.1277,3.2051,3.1277,3.1761,3782500
2023-02-09,3.1761,3.1761,3.1083,3.1374,2999600
2023-02-10,3.1374,3.147,3.0793,3.0889,2753300
2023-02-13,3.0889,3.1567,3.0405,3.0986,1657400
2023-02-14,3.0986,3.1277,3.0599,3.1083,1984100
2023-02-15,3.0599,3.118,3.0599,3.0986,2031000
2023-02-16,3.0986,3.1374,3.0696,3.1277,1858600
2023-02-17,3.0986,3.0986,2.9631,3.0115,3641600
2023-02-20,3.0115,3.0212,2.905,2.9921,3909400
2023-02-21,2.9824,3.0212,2.9727,2.9824,4791000
2023-02-22,2.9824,3.0018,2.905,2.934,5148600
2023-02-23,2.934,3.0696,2.934,3.0212,2242000
2023-02-24,3.0405,3.0405,2.9631,3.0115,942400
2023-02-27,2.9824,3.0212,2.9534,2.9631,3234300
2023-02-28,2.9631,3.0308,2.9534,3.0308,705600
2023-03-01,3.0115,3.0599,2.9824,3.0308,1242500
2023-03-02,3.0599,3.0599,2.9921,3.0018,744100
2023-03-03,3.0405,3.0405,2.9437,3.0018,1886600
2023-03-06,3.0308,3.0405,2.9824,3.0308,790500
2023-03-07,3.0018,3.0308,2.9824,2.9921,437700
2023-03-08,2.9824,3.0018,2.9243,2.9727,1099300
2023-03-09,2.9534,2.9921,2.9534,2.9534,845500
2023-03-10,2.9437,2.9631,2.9243,2.9534,1923400
2023-03-13,2.9243,2.9631,2.9146,2.9534,1030700
2023-03-14,2.9243,2.9437,2.905,2.905,577000
2023-03-15,2.9243,2.9534,2.9146,2.9243,660300
2023-03-16,2.905,2.9243,2.8759,2.905,1713300
2023-03-17,2.934,2.9824,2.905,2.9243,1342500
2023-03-20,2.9243,2.9727,2.905,2.9631,631600
2023-03-21,2.9631,2.9921,2.9243,2.934,793500
2023-03-22,2.934,3.0308,2.934,2.9824,2052100
2023-03-23,2.9631,3.0018,2.9437,2.9824,763100
2023-03-24,2.9921,3.0212,2.9243,2.9727,663500
2023-03-27,2.9921,2.9921,2.934,2.9534,1221500
2023-03-28,2.9437,2.9534,2.8856,2.8856,1020500
2023-03-29,2.8856,2.9437,2.8856,2.9243,743400
2023-03-30,2.9437,3.0405,2.9437,3.0018,2023800
2023-03-31,3.0115,3.0502,3.0115,3.0212,2364400
2023-04-03,3.0599,3.1761,3.0599,3.147,3930900
2023-04-04,3.1567,3.1664,3.0986,3.147,2376600
2023-04-05,3.147,3.147,3.0889,3.0889,512000
2023-04-06,3.0793,3.1083,3.0405,3.0889,674800
2023-04-07,3.0986,3.1083,3.0405,3.0696,671500
2023-04-10,3.0986,3.1083,3.0696,3.0793,494400
2023-04-11,3.0793,3.1664,3.0696,3.1374,1779200
2023-04-12,3.1374,3.1567,3.0889,3.0889,2059800
2023-04-13,3.0889,3.1083,3.0793,3.0793,765100
2023-04-14,3.0986,3.1374,3.0696,3.0793,785200
2023-04-17,3.0599,3.0986,3.0405,3.0986,359000
2023-04-18,3.1083,3.1083,3.0696,3.0986,853100
2023-04-19,3.0889,3.0986,2.9824,3.0599,1102400
2023-04-20,3.0696,3.0793,3.0018,3.0115,1333000
2023-04-25,2.9921,3.0018,2.9631,2.9631,925300
2023-04-26,2.9631,2.9727,2.905,2.934,1636100
2023-04-27,2.934,2.9437,2.9146,2.9243,1426200
2023-04-28,2.9824,2.9824,2.934,2.9437,1173700
2023-05-02,2.9243,2.9631,2.9243,2.9534,2970800
2023-05-03,2.9534,2.9534,2.8953,2.8953,3147000
2023-05-05,2.8856,2.9243,2.8178,2.8759,3210800
2023-05-08,2.8759,2.9146,2.8565,2.8565,5544400
2023-05-09,2.8662,2.8662,2.7984,2.8178,4007200
2023-05-10,2.8081,2.8372,2.75,2.8372,6457100
2023-05-11,2.8565,2.8565,2.75,2.7597,1563600
2023-05-12,2.75,2.8178,2.7403,2.7403,1729000
2023-05-15,2.7694,2.7694,2.6726,2.7403,1848700
2023-05-16,2.6822,2.7307,2.6822,2.6919,2398500
2023-05-17,2.7016,2.7597,2.7016,2.75,840900
2023-05-18,2.7597,2.8372,2.75,2.7694,1288200
2023-05-19,2.7791,2.8178,2.7694,2.7888,571500
2023-05-22,2.8178,2.8372,2.7694,2.7888,1085100
2023-05-23,2.7888,2.7984,2.7307,2.7694,1782700
2023-05-24,2.7597,2.7694,2.7113,2.7403,1813700
2023-05-25,2.7403,2.7694,2.7307,2.7403,5708600
2023-05-26,2.7403,3.0018,2.7403,2.9727,6117000
2023-05-29,3.0018,3.0889,2.9727,3.0599,2520500
2023-05-30,3.0599,3.0793,3.0308,3.0502,2997800
2023-05-31,3.0212,3.0793,3.0018,3.0115,3546600
2023-06-01,3.0115,3.0889,3.0115,3.0889,955800
2023-06-02,3.0889,3.0889,2.9727,3.0115,2521500
2023-06-06,3.0018,3.0793,2.9921,3.0696,1516400
2023-06-07,3.0696,3.0696,3.0115,3.0212,1312600
2023-06-08,3.0212,3.0405,2.9824,3.0018,834500
2023-06-09,3.0018,3.0889,3.0018,3.0696,983200
2023-06-12,3.0889,3.0889,3.0212,3.0212,456500
2023-06-13,3.0793,3.1858,3.0018,3.147,6841100
2023-06-14,3.1567,3.1955,3.1083,3.1858,4284100
2023-06-15,3.1761,3.1858,3.1277,3.147,1600300
2023-06-16,3.1919,3.2212,3.0553,3.0553,2887500
2023-06-19,3.0358,3.0943,3.0162,3.0358,728100
2023-06-20,3.0358,3.065,3.0065,3.0162,1710700
2023-06-21,3.0065,3.065,2.9674,3.0358,842400
2023-06-22,2.9772,3.0748,2.9772,3.026,929800
2023-06-23,3.0455,3.065,3.0162,3.0455,742700
2023-06-26,3.0065,3.0358,2.987,2.9967,327800
2023-06-27,3.0065,3.0455,2.9967,3.0455,361800
2023-06-28,3.0455,3.0748,2.987,3.0162,459300
2023-06-30,3.0455,3.0748,2.9967,3.0748,1596200
2023-07-03,3.0748,3.0846,3.0162,3.0553,654900
2023-07-04,3.0748,3.1041,3.026,3.0358,1370000
2023-07-05,3.0455,3.0943,3.0358,3.0846,4646400
2023-07-06,3.0846,3.1041,3.065,3.0748,2847700
2023-07-07,3.065,3.0943,3.065,3.0748,766900
2023-07-10,3.0553,3.1236,3.0455,3.0943,567900
2023-07-11,3.1236,3.2212,3.1236,3.2212,2780800
2023-07-12,3.2212,3.231,3.1822,3.2212,1528800
2023-07-13,3.2115,3.2212,3.1822,3.2115,548300
2023-07-14,3.2212,3.436,3.1822,3.436,8101800
2023-07-17,3.4165,3.4262,3.3384,3.3579,3010500
2023-07-18,3.3676,3.4262,3.3091,3.4165,2407600
2023-07-20,3.4165,3.4555,3.3579,3.3774,3569400
2023-07-21,3.3188,3.3188,3.1627,3.2017,3859500
2023-07-24,3.1822,3.3286,3.1822,3.2798,3496100
2023-07-25,3.2993,3.2993,3.2408,3.2603,2009000
2023-07-26,3.27,3.3188,3.2017,3.2115,2217500
2023-07-27,3.2212,3.2798,3.2212,3.2603,2426500
2023-07-28,3.27,3.2798,3.2115,3.231,1177100
2023-07-31,3.231,3.27,3.1627,3.1627,1418700
2023-08-01,3.1724,3.2017,3.1431,3.1919,2356800
2023-08-02,3.1919,3.2212,3.1529,3.1627,1162000
2023-08-03,3.1724,3.3969,3.1431,3.2896,7944100
2023-08-04,3.2896,3.3188,3.2896,3.3091,1299900
2023-08-07,3.3188,3.3579,3.2798,3.2993,1267400
2023-08-08,3.2798,3.3579,3.2798,3.3188,2525400
2023-08-09,3.3286,3.3384,3.2993,3.3188,4494400
2023-08-10,3.3286,3.3676,3.3286,3.3384,2010100
2023-08-11,3.3579,3.3872,3.2993,3.3384,2003200
2023-08-14,3.3384,3.3774,3.27,3.3676,1830800
2023-08-15,3.3774,3.3969,3.3384,3.3384,2345100
2023-08-16,3.3384,3.3676,3.27,3.2798,3631400
2023-08-17,3.2896,3.3286,3.27,3.2798,4200200
2023-08-18,3.27,3.3091,3.27,3.3091,4293300
2023-08-21,3.3091,3.3091,3.27,3.2798,1034100
2023-08-22,3.2798,3.3481,3.2798,3.3481,4420700
2023-08-23,3.3579,3.3579,3.2993,3.2993,930500
2023-08-24,3.3384,3.4165,3.3188,3.3774,3685700
2023-08-25,3.3774,3.3774,3.27,3.2896,4281200
2023-08-28,3.2896,3.3091,3.2017,3.27,3762800
2023-08-29,3.2212,3.3091,3.2212,3.27,1691000
2023-08-30,3.3091,3.4165,3.2896,3.4165,5582100
2023-09-01,3.4165,3.4165,3.3286,3.3676,1238300
2023-09-04,3.3969,3.3969,3.2798,3.3188,635900
2023-09-05,3.2896,3.3188,3.2603,3.3188,667300
2023-09-06,3.3188,3.3481,3.2603,3.27,803300
2023-09-07,3.2603,3.3091,3.2017,3.2017,2218100
2023-09-08,3.2115,3.231,3.1139,3.1139,1655900
2023-09-11,3.1139,3.1627,3.1139,3.1431,2128900
2023-09-12,3.1724,3.1724,3.1139,3.1236,2238400
2023-09-13,3.1236,3.1919,3.1236,3.1627,1721800
2023-09-14,3.1627,3.1919,3.1334,3.1724,3375700
2023-09-15,3.1822,3.2212,3.1529,3.2017,6627000
2023-09-18,3.1236,3.1919,3.1236,3.1627,2997000
2023-09-19,3.1627,3.1627,3.1139,3.1236,1617600
2023-09-20,3.1236,3.1724,3.0846,3.1334,4322100
2023-09-21,3.1139,3.1334,3.1041,3.1041,865900
2023-09-22,3.1041,3.1236,3.0943,3.1139,4597100
2023-09-25,3.1139,3.1431,3.1041,3.1139,6367200
2023-09-26,3.1041,3.1041,3.0748,3.0748,1050200
2023-09-27,3.0748,3.1139,3.0553,3.0748,3020900
2023-09-29,3.0748,3.1139,3.0162,3.0748,2827600
2023-10-02,3.0455,3.1041,3.0455,3.0748,1653500
2023-10-03,3.0553,3.0846,3.0455,3.065,4085500
2023-10-04,3.0553,3.0748,3.0358,3.0358,2429600
2023-10-05,3.0455,3.0943,3.026,3.0358,2918300
2023-10-06,3.0553,3.1041,3.0553,3.065,1502800
2023-10-09,3.065,3.065,3.0455,3.0455,181300
2023-10-10,3.065,3.0846,3.0553,3.0553,2003500
2023-10-11,3.0943,3.0943,3.0553,3.0748,1493100
2023-10-12,3.0748,3.1236,3.065,3.1041,2858300
2023-10-13,3.1041,3.1236,3.0748,3.0846,1113100
2023-10-16,3.0748,3.1236,3.0748,3.0748,2592200
2023-10-17,3.0748,3.1431,3.065,3.1139,1263300
2023-10-18,3.1139,3.1139,3.0455,3.065,4515200
2023-10-19,3.065,3.1334,3.065,3.0943,4267300
2023-10-20,3.0846,3.2115,3.0846,3.1822,2708300
2023-10-23,3.1822,3.1822,3.1139,3.1236,539700
2023-10-24,3.1236,3.1529,3.1236,3.1431,2388400
2023-10-25,3.1529,3.1724,3.1139,3.1236,7306300
2023-10-26,3.1236,3.1627,3.1139,3.1627,907200
2023-10-27,3.1724,3.1724,3.1236,3.1334,403000
2023-10-30,3.1236,3.1334,3.0846,3.1041,1484100
2023-10-31,3.1236,3.1236,3.0846,3.1041,1663600
2023-11-01,3.0943,3.1139,3.065,3.0748,3221600
2023-11-02,3.1041,3.1236,3.0846,3.1139,1693700
2023-11-03,3.1236,3.1236,3.0846,3.0846,4896000
2023-11-06,3.1041,3.2603,3.1041,3.1822,7502100
2023-11-07,3.1822,3.2115,3.1529,3.1529,4287400
2023-11-08,3.1724,3.1919,3.1529,3.1724,2345600
2023-11-09,3.1529,3.1724,3.1041,3.1139,5702300
2023-11-10,3.1041,3.1529,3.1041,3.1236,3688000
2023-11-14,3.1236,3.1724,3.1236,3.1431,4599300
2023-11-15,3.1822,3.2505,3.1431,3.1919,7455200
2023-11-16,3.1919,3.1919,3.1041,3.1431,3053100
2023-11-17,3.1236,3.1431,3.1139,3.1334,6036200
2023-11-20,3.1236,3.231,3.1236,3.231,5588300
2023-11-21,3.231,3.231,3.1822,3.2212,4266600
2023-11-22,3.2017,3.2408,3.1822,3.2212,4939700
2023-11-23,3.2017,3.2212,3.1822,3.1919,3877100
2023-11-24,3.1822,3.2212,3.1724,3.2115,1921000
2023-11-27,3.2017,3.2115,3.1334,3.1334,1259600
2023-11-28,3.1334,3.1529,3.1236,3.1334,1817000
2023-11-29,3.1236,3.1334,3.0553,3.0748,5751000
2023-11-30,3.0748,3.1431,3.065,3.1041,1485000
2023-12-01,3.1041,3.1236,3.0943,3.1041,605700
2023-12-04,3.0846,3.0846,3.026,3.0553,4861100
2023-12-05,3.0553,3.0748,2.987,3.026,6744900
2023-12-06,3.026,3.0943,3.026,3.0553,1925100
2023-12-07,3.0553,3.0748,2.987,3.026,3757500
2023-12-08,3.0553,3.1236,3.0162,3.026,4322400
2023-12-11,3.026,3.0846,2.9967,3.065,3866600
2023-12-12,3.0553,3.065,3.026,3.026,3711700
2023-12-13,3.026,3.0553,3.0065,3.026,3216100
2023-12-14,3.0455,3.0748,3.0065,3.026,4779100
2023-12-15,3.026,3.0846,2.9967,3.026,3766800
2023-12-18,3.0553,3.065,3.0162,3.0358,5780300
2023-12-19,3.026,3.0846,3.0162,3.0358,7775200
2023-12-20,3.0455,3.0748,3.026,3.0455,8342800
2023-12-21,3.0455,3.1529,3.0358,3.0748,4076400
2023-12-22,3.0943,3.1334,3.0943,3.1236,4310200
2023-12-26,3.1236,3.1431,3.1041,3.1236,13066500
2023-12-27,3.1139,3.1627,3.1139,3.1529,6588000
2023-12-28,3.1431,3.1919,3.1236,3.1529,43144500
2023-12-29,3.1724,3.1724,3.1431,3.1627,9225600
2024-01-02,3.1529,3.1627,3.065,3.1139,3335300
2024-01-03,3.0846,3.1236,3.065,3.0846,4022300
2024-01-04,3.0846,3.1236,3.0553,3.0943,3390400
2024-01-05,3.1041,3.1236,3.065,3.1236,4382100
2024-01-08,3.1334,3.1431,3.1041,3.1334,11038800
2024-01-09,3.1431,3.231,3.1139,3.1236,7217700
2024-01-10,3.1334,3.2408,3.0846,3.231,4848500
2024-01-11,3.2505,3.5141,3.2017,3.4945,10088700
2024-01-12,3.4848,3.5141,3.3872,3.4457,6205600
2024-01-15,3.4555,3.4653,3.3774,3.4165,3016200
2024-01-16,3.4165,3.4165,3.3481,3.3579,4388800
2024-01-17,3.3286,3.4262,3.3188,3.3384,3079300
2024-01-18,3.3286,3.3579,3.2896,3.3481,6421700
2024-01-19,3.4165,3.5141,3.4067,3.4457,12360000
2024-01-22,3.4555,3.5141,3.4457,3.4457,3371200
2024-01-23,3.4653,3.4945,3.4457,3.475,2860700
2024-01-24,3.4457,3.475,3.3969,3.4165,3324400
2024-01-26,3.4165,3.4945,3.4165,3.4555,5631400
2024-01-29,3.4457,3.4653,3.436,3.4555,4781400
2024-01-30,3.4457,3.475,3.4262,3.4653,5425700
2024-01-31,3.4848,3.4848,3.3579,3.3774,2129000
2024-02-02,3.3481,3.4067,3.3384,3.3774,1285400
2024-02-05,3.3481,3.4067,3.3188,3.3676,1892600
2024-02-06,3.3481,3.3774,3.3384,3.3676,802300
2024-02-07,3.3286,3.4067,3.2993,3.3384,1266900
2024-02-08,3.3286,3.436,3.3286,3.3872,1886200
2024-02-09,3.4165,3.4262,3.3969,3.4165,1458900
2024-02-13,3.4165,3.4457,3.3872,3.4165,1685000
2024-02-14,3.4165,3.4457,3.3969,3.4067,2379200
2024-02-15,3.4067,3.475,3.3579,3.4457,4310800
2024-02-16,3.4848,3.4848,3.3676,3.4067,6294000
2024-02-19,3.4067,3.4555,3.3969,3.4262,2719300
2024-02-20,3.4165,3.436,3.3774,3.4165,9337700
2024-02-21,3.4165,3.475,3.3969,3.475,11491600
2024-02-22,3.4848,3.7288,3.475,3.6507,14194200
2024-02-23,3.6605,3.7191,3.5922,3.6214,10073500
2024-02-26,3.6214,3.6605,3.5629,3.5629,4770900
2024-02-27,3.5629,3.6898,3.5629,3.6605,5528000
2024-02-28,3.6605,3.7093,3.6019,3.6214,4165100
2024-02-29,3.6507,3.6507,3.5531,3.5824,9023800
2024-03-01,3.5824,3.6117,3.5531,3.5629,5018800
2024-03-04,3.5726,3.6312,3.5238,3.5824,5310600
2024-03-05,3.5726,3.7093,3.5726,3.7093,7868200
2024-03-06,3.7093,3.7679,3.6214,3.6605,9303800
2024-03-07,3.6898,3.6995,3.5824,3.6117,1983300
2024-03-08,3.6312,3.6605,3.5824,3.6019,3045200
2024-03-11,3.5922,3.6312,3.5726,3.6214,3876300
2024-03-12,3.5922,3.6214,3.5726,3.6117,3608700
2024-03-13,3.5922,3.641,3.5922,3.6019,2143000
2024-03-14,3.5922,3.6117,3.5824,3.6019,2172400
2024-03-15,3.5824,3.5922,3.5238,3.5922,11157800
2024-03-18,3.5922,3.5922,3.5629,3.5726,740900
2024-03-19,3.5726,3.6995,3.5629,3.641,3755500
2024-03-20,3.6507,3.6702,3.641,3.6507,5372200
2024-03-21,3.6605,3.6898,3.6312,3.6605,5994700
2024-03-22,3.6702,3.7874,3.6702,3.7483,6334100
2024-03-25,3.7581,3.8264,3.7386,3.7386,6146500
2024-03-26,3.7386,3.8167,3.6605,3.7581,5541100
2024-03-27,3.7581,3.7971,3.7483,3.7776,3770400
2024-03-29,3.7776,3.7971,3.7483,3.7874,1898100
2024-04-01,3.8069,3.8069,3.7483,3.7679,4469000
2024-04-02,3.7874,3.7874,3.7483,3.7679,3984700
2024-04-03,3.7483,3.7776,3.7288,3.7483,4576000
2024-04-04,3.7483,3.7874,3.7386,3.7386,884400
2024-04-05,3.7386,3.7776,3.7191,3.7483,1669000
2024-04-08,3.7679,3.846,3.7483,3.8167,1642300
2024-04-09,3.8167,3.846,3.7679,3.8167,902100
2024-04-12,3.846,3.924,3.7776,3.885,4547500
2024-04-15,3.8771,3.8968,3.7594,3.779,3890000
2024-04-16,3.779,3.779,3.6906,3.7201,4551400
2024-04-17,3.7005,3.8379,3.7005,3.8183,2669700
2024-04-18,3.779,3.8575,3.779,3.7986,6934700
2024-04-19,3.779,3.779,3.5532,3.7495,13441300
2024-04-22,3.7299,3.7397,3.671,3.6808,3636500
2024-04-23,3.6906,3.779,3.6906,3.7692,3683700
2024-04-24,3.779,3.8084,3.7397,3.779,5030200
2024-04-25,3.779,3.7986,3.7495,3.779,6147400
2024-04-26,3.779,3.8379,3.7692,3.8183,3155100
2024-04-29,3.8281,3.8673,3.8183,3.8575,2112700
2024-04-30,3.8673,3.8673,3.8281,3.8673,2162800
2024-05-02,3.8575,3.8575,3.7986,3.8183,3351800
2024-05-03,3.8673,3.9066,3.8183,3.8575,6009300
2024-05-06,3.8771,4.0735,3.8575,4.0146,7050500
2024-05-07,4.0244,4.0931,4.0244,4.0636,5437900
2024-05-08,4.0735,4.1225,4.0538,4.1225,4165400
2024-05-09,4.1029,4.1029,4.044,4.0538,2438700
2024-05-10,4.0931,4.152,4.0342,4.0931,5435900
2024-05-13,4.0931,4.2207,4.0538,4.1716,3216100
2024-05-14,4.1716,4.2207,4.1323,4.2109,2112800
2024-05-15,4.2109,4.2305,4.1814,4.1912,2390900
2024-05-16,4.2109,4.3287,4.1127,4.2992,6889000
2024-05-17,4.2992,4.3777,4.2894,4.3581,3101100
2024-05-20,4.3385,4.3876,4.2894,4.2894,6569400
2024-05-21,4.2992,4.3679,4.2698,4.3679,2237100
2024-05-23,4.3679,4.3974,4.3287,4.3581,4989700
2024-05-24,4.3385,4.3777,4.2992,4.3581,4452300
2024-05-27,4.3581,4.417,4.309,4.3188,6271100
2024-05-28,4.2992,4.2992,4.1912,4.2109,5529500
2024-05-29,4.2109,4.2403,4.1814,4.2011,3756800
2024-05-30,4.1814,4.2011,4.1618,4.1716,2766600
2024-05-31,4.1716,4.1814,4.0636,4.1716,3866800
2024-06-04,4.1716,4.2698,4.1716,4.2207,3585800
2024-06-05,4.2207,4.3385,4.2011,4.2207,3536600
2024-06-06,4.2894,4.2992,4.2305,4.2894,4292500
2024-06-07,4.3483,4.3483,4.2403,4.2992,2976400
2024-06-10,4.2992,4.2992,4.2305,4.2305,2207400
2024-06-11,4.2698,4.3777,4.2109,4.3581,3049300
2024-06-12,4.3679,4.6624,4.3679,4.4955,10914600
2024-06-13,4.5446,4.574,4.4563,4.4955,6794300
2024-06-14,4.525,4.5348,4.3974,4.3974,5797300
2024-06-18,4.417,4.6231,4.417,4.5839,9365300
2024-06-19,4.6133,4.6133,4.4464,4.4857,3935000
2024-06-20,4.4661,4.5446,4.4464,4.4857,2705300
2024-06-21,4.4857,4.525,4.4563,4.525,4708700
2024-06-24,4.525,4.525,4.4464,4.4759,6233400
2024-06-25,4.4759,4.4759,4.3679,4.4072,2768600
2024-06-26,4.417,4.4464,4.3974,4.417,2359600
2024-06-27,4.417,4.4563,4.3483,4.3483,2258500
2024-06-28,4.3483,4.4072,4.3483,4.3777,6461200
2024-07-01,4.3777,4.4366,4.3777,4.417,2214400
2024-07-02,4.417,4.525,4.417,4.4857,7823600
2024-07-03,4.5152,4.5446,4.4759,4.525,4723100
2024-07-04,4.5348,4.5348,4.4955,4.5152,2062300
2024-07-05,4.5152,4.5152,4.4759,4.4955,391300
2024-07-09,4.5152,4.5152,4.4661,4.4857,3379100
2024-07-10,4.4857,4.6526,4.4563,4.6526,9526200
2024-07-11,4.682,4.6918,4.574,4.5839,2775900
2024-07-12,4.5839,4.5839,4.4268,4.5053,1394100
2024-07-15,4.5053,4.525,4.4857,4.5053,1043800
2024-07-16,4.5152,4.5152,4.4563,4.4563,1691500
2024-07-17,4.4464,4.4759,4.3974,4.417,883200
2024-07-18,4.3777,4.3876,4.2305,4.3188,9194800
2024-07-19,4.2698,4.3287,4.2109,4.2501,5797600
2024-07-22,4.2207,4.3188,4.2109,4.2796,2326100
2024-07-23,4.3188,4.3581,4.2698,4.2992,3320600
2024-07-24,4.2992,4.309,4.2501,4.26,1311000
2024-07-25,4.2011,4.2011,4.044,4.0931,7991400
2024-07-26,4.1127,4.1814,4.0735,4.1618,2606500
2024-07-29,4.2011,4.26,4.1814,4.2207,2362000
2024-07-30,4.2207,4.2403,4.1912,4.2305,3030500
2024-07-31,4.2207,4.2698,4.2109,4.2207,1339900
2024-08-01,4.26,4.2992,4.2207,4.2501,1445500
2024-08-02,4.1716,4.1716,4.0047,4.0146,7876000
2024-08-05,3.9164,3.9164,3.5827,3.6416,15868600
2024-08-06,3.671,3.8477,3.671,3.8379,10512600
2024-08-07,3.8477,3.9851,3.7594,3.9655,3701600
2024-08-08,3.9262,4.0146,3.5925,3.9753,2692700
2024-08-09,4.0342,4.1323,4.0244,4.1225,1677400
2024-08-12,4.1225,4.1716,4.0931,4.1323,1684700
2024-08-13,4.1618,4.1618,4.1127,4.1225,2922900
2024-08-14,4.1618,4.1814,4.0047,4.0735,2223200
2024-08-15,4.0735,4.0735,3.8084,3.8771,13586200
2024-08-16,3.8968,3.936,3.7888,3.8673,9463600
2024-08-19,3.887,3.936,3.779,3.8084,7705200
2024-08-20,3.8183,3.8183,3.6318,3.6514,11162900
2024-08-21,3.6514,3.7692,3.6514,3.7594,6471900
2024-08-22,3.779,3.8575,3.7005,3.7299,6413300
2024-08-23,3.7005,3.7299,3.6219,3.671,3101000
2024-08-26,3.7299,3.7888,3.6906,3.7299,4157200
2024-08-27,3.7495,3.7495,3.563,3.6219,6547100
2024-08-28,3.6318,3.671,3.4453,3.4747,7360500
2024-08-29,3.4551,3.5532,3.2686,3.5532,19719200
2024-08-30,3.5799,3.6686,3.3925,3.5503,11706000
2024-09-02,3.5503,3.7081,3.5305,3.7081,4769100
2024-09-03,3.7278,3.7278,3.6489,3.7081,3116000
2024-09-04,3.639,3.6785,3.5799,3.6193,2518000
2024-09-05,3.6489,3.6489,3.4023,3.5404,8332200
2024-09-06,3.5404,3.5601,3.4615,3.5404,5382800
2024-09-09,3.5305,3.6193,3.4319,3.6094,1478100
2024-09-10,3.6292,3.6292,3.5305,3.5799,3243900
2024-09-11,3.5799,3.6094,3.5207,3.5404,2167900
2024-09-12,3.5601,3.6982,3.5601,3.6193,3434000
2024-09-13,3.6785,3.7968,3.639,3.7475,3637200
2024-09-17,3.7574,3.7771,3.7081,3.7278,1503100
2024-09-18,3.7475,3.8067,3.6883,3.7968,785400
2024-09-19,3.7672,3.8659,3.7376,3.8165,2215000
2024-09-20,3.856,3.9941,3.856,3.9645,2306700
2024-09-23,3.9842,3.9842,3.856,3.856,1791300
2024-09-24,3.8954,3.8954,3.7081,3.7672,2119200
2024-09-25,3.7672,3.8165,3.5305,3.5897,5799100
2024-09-26,3.639,3.639,3.5207,3.5799,3901900
2024-09-27,3.5799,3.5799,3.4714,3.4714,3070600
2024-09-30,3.5207,3.6193,3.4517,3.6193,2812500
2024-10-01,3.6094,3.7278,3.5404,3.7278,2872000
2024-10-02,3.6883,3.6883,3.5305,3.57,2803500
2024-10-03,3.6094,3.6292,3.501,3.5996,2917700
2024-10-04,3.6094,3.6094,3.4714,3.4812,1375500
2024-10-07,3.5207,3.6489,3.5207,3.6094,1916300
2024-10-08,3.5897,3.6588,3.501,3.6292,2461200
2024-10-09,3.6686,3.7574,3.6588,3.6982,3527700
2024-10-10,3.7475,3.7475,3.6785,3.7278,1095600
2024-10-11,3.7278,3.7278,3.6292,3.6489,902300
2024-10-14,3.6883,3.7179,3.6094,3.7081,768700
2024-10-15,3.7179,3.7968,3.7179,3.7475,1065200
2024-10-16,3.7376,3.787,3.5799,3.787,2848500
2024-10-17,3.7771,3.7771,3.6489,3.7574,2821400
2024-10-18,3.787,3.9152,3.787,3.8363,4315200
2024-10-21,3.8363,3.8757,3.7081,3.7672,940300
2024-10-22,3.7771,3.8461,3.7771,3.8363,692300
2024-10-23,3.8461,3.8757,3.787,3.8264,1907500
2024-10-24,3.8264,3.8264,3.7574,3.7968,530700
2024-10-25,3.7968,3.8264,3.7278,3.7278,1143300
2024-10-28,3.7278,3.8264,3.639,3.7574,1202100
2024-10-29,3.7574,3.7968,3.7278,3.7771,1088600
2024-10-30,3.8165,3.8856,3.7376,3.7968,3050500
2024-11-01,3.7672,3.787,3.7475,3.7475,892500
2024-11-04,3.7475,3.8363,3.7179,3.7278,2099900
2024-11-05,3.7081,3.7672,3.6588,3.6883,717600
2024-11-06,3.7179,4.1223,3.6883,4.1223,3869400
2024-11-07,4.1124,4.1223,4.0039,4.0138,5177200
2024-11-08,4.0138,4.0532,3.8954,3.9447,5054200
2024-11-11,3.9447,3.9447,3.8757,3.9447,853800
2024-11-12,3.9447,4.0138,3.925,3.9645,1600600
2024-11-13,3.9645,4.0138,3.9645,3.9842,1919700
2024-11-14,4.0138,4.0631,3.9842,4.0236,1502100
2024-11-15,4.0236,4.0434,3.9645,4.0039,727200
2024-11-18,4.0039,4.0335,3.8954,3.9152,1695000
2024-11-19,3.8757,4.0138,3.8757,3.9842,740000
2024-11-20,3.9842,3.9842,3.925,3.9645,1234400
2024-11-21,3.9645,3.9842,3.9447,3.9447,1399600
2024-11-22,3.9447,4.0828,3.9447,4.0532,2006600
2024-11-25,4.0532,4.142,3.9941,4.0828,4994900
2024-11-26,4.0828,4.1124,4.0532,4.0631,1784400
2024-11-27,4.0927,4.0927,4.0335,4.0532,759400
2024-11-28,4.0631,4.0631,3.9053,3.925,4562900
2024-11-29,3.925,3.9941,3.9152,3.9447,1523400
2024-12-02,3.9447,4.0138,3.9447,3.9941,1113100
2024-12-03,3.9941,4.0532,3.9842,4.0335,2358000
2024-12-04,4.0434,4.2702,4.0434,4.1716,5620300
2024-12-05,4.1716,4.2012,4.142,4.1518,2405100
2024-12-06,4.1518,4.2702,4.1518,4.2307,1706700
2024-12-09,4.2307,4.2307,4.1223,4.1617,1149200
2024-12-10,4.1223,4.2505,4.1223,4.2209,1392900
2024-12-11,4.1913,4.2406,4.1617,4.1814,1055700
2024-12-12,4.1617,4.2307,4.1617,4.2209,3681500
2024-12-13,4.1617,4.2012,4.1617,4.1814,1300100
2024-12-16,4.1913,4.3491,4.1913,4.2998,4520900
2024-12-17,4.3392,4.3787,4.3096,4.3392,1693400
2024-12-18,4.3294,4.3294,4.2406,4.2603,3469600
2024-12-19,4.1617,4.4378,4.1518,4.3984,3512300
2024-12-20,4.3984,4.4477,4.3096,4.4378,4336400
2024-12-23,4.4378,4.4872,4.3787,4.4378,6845800
2024-12-24,4.428,4.4674,4.3885,4.4674,3014000
2024-12-26,4.4773,4.5266,4.4576,4.5167,3587800
2024-12-27,4.5167,4.5266,4.428,4.428,1501500
2024-12-30,4.4378,4.4477,4.3984,4.4378,3072300
2024-12-31,4.4181,4.4181,4.3392,4.3984,2082600
2025-01-02,4.3392,4.4083,4.3392,4.3589,995300
2025-01-03,4.3589,4.3589,4.2505,4.2899,4646500
2025-01-06,4.2899,4.3589,4.2603,4.3096,5416900
2025-01-07,4.3392,4.4083,4.3195,4.3589,3125000
2025-01-08,4.3392,4.3491,4.2505,4.3195,2130600
2025-01-09,4.3195,4.3195,4.1025,4.1223,5015900
2025-01-10,4.1223,4.1617,4.0631,4.0927,4220800
2025-01-13,4.073,4.0927,4.0236,4.073,1758500
2025-01-14,4.0927,4.2012,3.9941,4.0039,3106100
2025-01-15,4.0236,4.0631,3.9349,3.9447,2209600
2025-01-16,3.9941,4.0532,3.9941,4.0335,2466100
2025-01-17,4.0434,4.1518,4.0236,4.142,4270500
2025-01-20,4.142,4.1617,4.0828,4.1025,5189400
2025-01-21,4.1124,4.142,4.0927,4.1223,2777800
2025-01-22,4.142,4.1716,4.0927,4.1124,1314600
2025-01-23,4.142,4.142,4.0236,4.0434,1075600
2025-01-24,4.0927,4.0927,3.9743,4.0039,512200
2025-01-27,4.0039,4.0039,3.7179,3.7475,4459000
2025-01-28,3.7278,3.9842,3.6489,3.7968,3838800
2025-01-31,3.7968,3.8757,3.7179,3.7179,2149500
2025-02-03,3.7179,3.7672,3.6292,3.6588,3366900
2025-02-04,3.6686,3.7968,3.6686,3.7475,2872000
2025-02-05,3.7376,3.8954,3.7376,3.8461,2630300
2025-02-06,3.8461,3.9053,3.7574,3.9053,4021300
2025-02-07,3.8363,3.9349,3.8363,3.8954,621200
2025-02-10,3.8954,3.9053,3.8363,3.8461,748300
2025-02-12,3.8461,3.8659,3.6982,3.7278,5439900
2025-02-13,3.7278,3.7475,3.639,3.6785,4270800
2025-02-14,3.6883,3.7179,3.6686,3.6686,1126200
2025-02-17,3.6785,3.7081,3.5799,3.639,1157400
2025-02-18,3.6292,3.787,3.6292,3.7475,7731900
2025-02-19,3.7574,3.7574,3.6489,3.7278,4109500
2025-02-20,3.7475,3.7672,3.7081,3.7475,2967200
2025-02-21,3.7475,3.8264,3.7081,3.7968,1746800
2025-02-24,3.7968,3.7968,3.6686,3.7081,2124100
2025-02-25,3.6785,3.7081,3.6094,3.6686,6442700
2025-02-26,3.6785,3.7771,3.6785,3.7771,2863200
2025-02-27,3.7968,3.8659,3.7672,3.8165,2170700
2025-02-28,3.7771,3.7771,3.6588,3.6883,5988700
2025-03-03,3.6883,3.7376,3.5305,3.5305,2722800
2025-03-04,3.501,3.501,3.2544,3.4122,9172000
2025-03-05,3.4122,3.5503,3.4122,3.4812,3671400
2025-03-06,3.5503,3.5503,3.4023,3.4517,3670600
2025-03-07,3.4122,3.4517,3.3037,3.3037,4839100
2025-03-10,3.3037,3.3136,3.1952,3.1952,6626100
2025-03-11,3.1459,3.284,3.1065,3.2446,4914900
2025-03-12,3.2446,3.2939,3.1558,3.1952,1562500
2025-03-13,3.2446,3.5601,3.2446,3.5503,3171500
2025-03-14,3.5305,3.5305,3.4319,3.5108,4345100
2025-03-17,3.5305,3.6094,3.5207,3.6094,2909800
2025-03-19,3.57,3.6883,3.5305,3.6785,2255300
2025-03-20,3.6982,3.7475,3.6193,3.6193,2483700
2025-03-21,3.6883,3.7475,3.639,3.7278,3313200
2025-03-24,3.7278,3.7672,3.6193,3.639,2001100
2025-03-25,3.6686,3.7376,3.6193,3.7081,2067600
2025-03-26,3.7279,3.8171,3.7279,3.7378,2760600
2025-03-27,3.7279,3.7973,3.6882,3.7874,2309900
2025-03-28,3.7676,3.7676,3.6585,3.6981,4324900
2025-04-02,3.6981,3.6981,3.5197,3.5197,2794400
2025-04-03,3.4701,3.599,3.4205,3.5197,2948100
2025-04-04,3.4503,3.5197,3.2421,3.2718,7861600
2025-04-07,3.0735,3.0934,2.7959,2.9446,7646200
2025-04-08,3.0339,3.1132,2.7265,2.8356,8592900
2025-04-09,2.7761,2.7761,2.6075,2.6769,5572700
2025-04-10,3.48,3.48,3.0636,3.1727,24534800
2025-04-11,3.1132,3.2817,3.0537,3.0735,8140200
2025-04-14,3.1826,3.3214,3.1628,3.2123,5646300
2025-04-15,3.2123,3.2222,3.1132,3.1628,3893300
2025-04-16,3.1132,3.1826,3.0735,3.1033,1852600
2025-04-17,3.0636,3.1826,3.0438,3.1727,1644700
2025-04-18,3.1727,3.2916,3.1231,3.2222,2182700
2025-04-21,3.2222,3.2322,3.1528,3.1727,3168000
2025-04-22,3.1628,3.1727,3.1033,3.133,1716500
2025-04-23,3.2123,3.3412,3.1628,3.3016,4678800
2025-04-24,3.2718,3.4007,3.2421,3.3611,6617400
2025-04-25,3.3809,3.5395,3.3313,3.4503,7153800
2025-04-28,3.4899,3.5494,3.4007,3.4404,1742000
2025-04-29,3.4305,3.4701,3.3908,3.4305,4122800
2025-04-30,3.4305,3.4899,3.4305,3.4701,2994000
2025-05-02,3.4404,3.718,3.4205,3.718,5279600
2025-05-05,3.7676,3.7874,3.5494,3.6188,7159800
2025-05-06,3.6188,3.6486,3.5296,3.599,5277800
2025-05-07,3.6188,3.6882,3.6089,3.6585,5706300
2025-05-08,3.7081,3.7775,3.6882,3.7576,5928500
2025-05-09,3.7676,3.8171,3.7081,3.7676,4284500
2025-05-13,3.9163,4.1046,3.9163,3.946,10236800
2025-05-14,4.0154,4.0154,3.8964,3.946,7389200
2025-05-15,4.0055,4.0055,3.837,3.8667,4419000
2025-05-16,3.8667,3.8865,3.7477,3.7676,2118700
2025-05-19,3.7676,3.7676,3.5395,3.5693,6817500
2025-05-20,3.6486,3.6486,3.5494,3.6287,5158600
2025-05-21,3.6287,3.6287,3.5098,3.5693,5241600
2025-05-22,3.5494,3.6188,3.48,3.599,2501300
2025-05-23,3.6585,3.6783,3.6387,3.6486,625100
2025-05-26,3.6188,3.6188,3.5593,3.599,1880200
2025-05-27,3.5891,3.6585,3.5693,3.6387,781500
2025-05-28,3.7081,3.7775,3.6684,3.7676,2500200
2025-05-29,3.7973,3.8865,3.7378,3.8667,1844700
2025-05-30,3.8469,3.8766,3.7378,3.7477,9679400
2025-06-03,3.7279,3.7973,3.7279,3.7973,2042300
2025-06-04,3.7874,3.837,3.718,3.8171,4125700
2025-06-05,3.8469,3.946,3.8171,3.8865,1793000
2025-06-06,3.8667,3.9361,3.8667,3.8865,1775800
2025-06-09,3.8964,3.9658,3.8964,3.946,2715700
2025-06-10,3.9559,3.9758,3.9163,3.9658,4879700
2025-06-11,3.9559,3.9857,3.8766,3.8865,2328300
2025-06-12,3.8865,3.9559,3.8865,3.9559,2309000
2025-06-13,3.9361,3.946,3.827,3.946,4155900
2025-06-16,3.9361,3.9361,3.8469,3.8865,2374700
2025-06-17,3.8865,3.9262,3.837,3.837,3165400
2025-06-18,3.827,3.9163,3.8171,3.9163,5767000
2025-06-19,3.9262,3.9361,3.8667,3.9064,1744600
2025-06-20,3.8766,3.8964,3.827,3.827,2628400
2025-06-23,3.7676,3.9064,3.7081,3.9064,1112300
2025-06-24,3.9064,3.946,3.8766,3.8865,1407700
2025-06-25,3.9064,3.9758,3.8964,3.9163,2733200
2025-06-26,3.9163,3.9361,3.8667,3.8865,3845800
2025-06-30,3.9658,4.0352,3.9163,3.9262,8402100
2025-07-01,3.946,3.9758,3.9262,3.9559,3369700
2025-07-02,3.9559,3.9956,3.9361,3.9658,1216900
2025-07-03,3.9658,4.1939,3.9658,4.174,5367600
2025-07-04,4.174,4.2236,4.0551,4.0848,4003400
2025-07-07,3.9658,4.1443,3.9361,4.1146,2179300
2025-07-08,4.0253,4.065,3.9857,4.0253,4428400
2025-07-09,3.9857,4.1146,3.9857,4.1146,781600
2025-07-10,4.1245,4.1542,4.0154,4.0352,3335900
2025-07-11,4.0452,4.0848,4.0154,4.0352,965400
2025-07-14,4.0352,4.0551,3.9758,4.0154,1444900
2025-07-15,4.0154,4.0848,3.9758,4.0352,2765900
2025-07-16,4.065,4.0848,4.0352,4.0551,2070700
2025-07-17,4.065,4.1245,4.0452,4.0749,5079400
2025-07-18,4.0749,4.1146,4.0253,4.1146,3816200
2025-07-21,4.1146,4.1146,4.0452,4.0947,1041400
2025-07-22,4.0947,4.0947,4.0452,4.065,1216900
2025-07-23,4.065,4.1146,4.0154,4.0253,1419000
2025-07-24,4.0253,4.0947,4.0154,4.0749,1298300
2025-07-25,4.0848,4.0848,3.9857,4.065,1879900
2025-07-28,4.065,4.0848,4.0452,4.0749,1339300
2025-07-29,4.0848,4.0848,4.0452,4.0551,922800
2025-07-30,4.0551,4.0551,3.9559,3.9758,1693700
2025-07-31,3.9857,4.065,3.9857,4.0352,4127600
2025-08-01,4.0352,4.065,3.9956,4.0452,1152400
2025-08-04,4.0452,4.1344,4.0055,4.1046,6481600
2025-08-05,4.1146,4.3426,4.0749,4.3129,15146200
2025-08-06,4.3129,4.3723,4.2435,4.3228,11884300
2025-08-07,4.2831,4.3723,4.2236,4.3129,8496800
2025-08-08,4.3129,4.3624,4.2435,4.3129,6703200
2025-08-11,4.3129,4.3525,4.2435,4.3129,7928100
2025-08-12,4.293,4.3426,4.2534,4.2732,3419700
2025-08-13,4.2732,4.3823,4.2732,4.293,6715000
2025-08-14,4.293,4.3129,4.2335,4.2435,6397700
2025-08-15,4.2236,4.2633,4.2137,4.2137,2130600
2025-08-18,4.2137,4.2732,4.2038,4.2435,5623400
2025-08-19,4.2534,4.3426,4.2335,4.2831,5468300
2025-08-20,4.2831,4.293,4.2038,4.2335,3055500
2025-08-21,4.2236,4.2435,4.184,4.2236,2449900
2025-08-22,4.1939,4.2137,4.184,4.2038,2193300
2025-08-25,4.2236,4.3525,4.174,4.3029,6286300
2025-08-26,4.3029,4.3525,4.2534,4.3228,5752900
2025-08-27,4.3228,4.4021,4.293,4.3922,8070000
2025-08-28,4.4021,4.412,4.293,4.293,3598000
2025-08-29,4.2831,4.3228,4.2435,4.2435,2461700
2025-09-02,4.2435,4.2633,4.1939,4.2335,2841500
2025-09-03,4.2236,4.2633,4.1939,4.2335,2652500
2025-09-04,4.2335,4.2633,4.184,4.2236,1701800
2025-09-08,4.2236,4.2633,4.2038,4.2534,1783100
2025-09-09,4.2534,4.293,4.2335,4.2633,2118300
2025-09-10,4.2633,4.293,4.2137,4.2633,1487400
2025-09-11,4.3031,4.323,4.2633,4.323,1924800
2025-09-12,4.3131,4.3729,4.3131,4.333,3865900
2025-09-17,4.3629,4.4127,4.343,4.3729,3046100
2025-09-18,4.3828,4.3928,4.333,4.333,1584300
2025-09-19,4.333,4.343,4.2732,4.343,2823400
2025-09-22,4.343,4.3529,4.2633,4.2832,5292200
2025-09-23,4.2932,4.323,4.2234,4.2334,4196500
2025-09-24,4.2334,4.3031,4.1736,4.2234,2945100
2025-09-25,4.2334,4.2932,4.2135,4.2832,8379900
2025-09-26,4.2434,4.2434,4.1537,4.1936,6967000
2025-09-29,4.2135,4.2135,4.1139,4.1338,3041400
2025-09-30,4.1039,4.1437,4.0939,4.1338,2868600
2025-10-01,4.1338,4.333,4.1139,4.2832,8367100
2025-10-02,4.2832,4.4127,4.2832,4.3629,7798700
2025-10-03,4.3828,4.3928,4.333,4.3729,3697800
2025-10-06,4.3828,4.4027,4.3131,4.3529,2192100
2025-10-07,4.3529,4.4824,4.343,4.4326,7188600
2025-10-08,4.4326,4.4426,4.333,4.4127,2327700
2025-10-09,4.4127,4.5422,4.3529,4.5422,8674900
2025-10-10,4.5322,4.5322,4.4027,4.4326,4581000
2025-10-13,4.333,4.4725,4.2135,4.4525,2383100
2025-10-14,4.4326,4.4824,4.333,4.3729,2786800
2025-10-15,4.4625,4.5521,4.4027,4.5422,8906600
2025-10-16,4.5621,4.8111,4.5223,4.7613,18244700
2025-10-17,4.7613,4.7613,4.4625,4.4924,6944600
2025-10-21,4.582,4.6816,4.4824,4.5422,8360400
2025-10-22,4.5422,4.592,4.5023,4.582,5666800
2025-10-23,4.582,4.582,4.4824,4.5123,2603900
2025-10-24,4.5223,4.6119,4.5223,4.5721,6928200
2025-10-27,4.6119,4.6119,4.4824,4.5223,3391400
2025-10-28,4.5322,4.5721,4.5023,4.5223,4581700
2025-10-29,4.5322,4.6219,4.5023,4.5621,10432600
2025-10-30,4.582,4.582,4.5123,4.5223,6369400
2025-10-31,4.5023,4.5521,4.4625,4.5023,10202800
2025-11-03,4.5023,4.5123,4.4127,4.4326,7155700
2025-11-04,4.4426,4.4525,4.343,4.4326,12454300
2025-11-05,4.3828,4.4127,4.2832,4.3828,10965200
2025-11-06,4.3828,4.602,4.343,4.4525,7403400
2025-11-07,4.4326,4.4326,4.3529,4.3729,3221600
2025-11-10,4.3729,4.4625,4.3629,4.4525,5404200
2025-11-11,4.4625,4.4924,4.4326,4.4824,6819600
2025-11-12,4.4824,4.5023,4.4326,4.5023,8473900
2025-11-13,4.5023,4.5023,4.4625,4.4924,8224000
2025-11-14,4.4426,4.4824,4.3828,4.4326,11230500
2025-11-17,4.4326,4.4326,4.3729,4.3928,3260800
2025-11-18,4.4326,4.4326,4.333,4.3928,7626900
2025-11-19,4.3629,4.3928,4.3131,4.3928,4429200
2025-11-20,4.4027,4.4824,4.4027,4.4824,7220100
2025-11-21,4.4227,4.4227,4.323,4.3729,4217600
2025-11-24,4.3729,4.3729,4.2633,4.2633,5211600
2025-11-25,4.2832,4.3729,4.2832,4.333,6568600
2025-11-26,4.333,4.3729,4.2832,4.323,6743200
2025-11-27,4.343,4.4027,4.3131,4.3131,2697800
2025-11-28,4.4027,4.4027,4.3031,4.323,2246200
2025-12-01,4.2832,4.3031,4.2334,4.2334,2246100
2025-12-02,4.2234,4.2832,4.2135,4.2633,2857600
2025-12-03,4.2334,4.2434,4.1836,4.2135,2941500
2025-12-04,4.2434,4.2932,4.2135,4.2533,3084100
2025-12-05,4.2334,4.2334,4.1836,4.1836,1255200
2025-12-08,4.1836,4.2135,4.1537,4.1836,1502200
2025-12-09,4.1936,4.2334,4.1637,4.2135,1177800
2025-12-10,4.2234,4.2434,4.1836,4.2035,815800
2025-12-11,4.2234,4.2334,4.1836,4.2234,2247600
2025-12-12,4.2234,4.2732,4.2035,4.2533,1678400
2025-12-15,4.2533,4.2533,4.1936,4.2234,724100
2025-12-16,4.2533,4.2533,4.1139,4.1139,2193200
2025-12-17,4.1139,4.1537,4.0939,4.1537,1731600
2025-12-18,4.1437,4.1736,4.1039,4.1338,2928600
2025-12-19,4.1338,4.2434,4.1338,4.2434,4360700
2025-12-22,4.2434,4.2832,4.1836,4.2434,7170400
2025-12-23,4.2832,4.3031,4.2035,4.2732,2337600
2025-12-24,4.2832,4.3031,4.1736,4.2035,2889500
2025-12-26,4.2334,4.2633,4.1736,4.2533,348100
2025-12-29,4.2434,4.2732,4.1338,4.1338,2748200
2025-12-30,4.1537,4.2135,4.1238,4.1836,2305200
2025-12-31,4.1437,4.1936,4.1437,4.1637,1190400
2026-01-02,4.1637,4.1637,4.1238,4.1338,506000
2026-01-05,4.1338,4.2035,4.1338,4.1836,2940700
2026-01-06,4.1836,4.2234,4.1537,4.1736,1808700
2026-01-07,4.1736,4.1836,4.1238,4.1338,2382200
2026-01-08,4.1637,4.1836,4.1139,4.1637,1444800
2026-01-09,4.1836,4.1836,4.1139,4.1437,1328900
2026-01-12,4.1437,4.2234,4.0641,4.0939,5090100
2026-01-13,4.0939,4.1238,4.0342,4.0939,3271000
2026-01-14,4.1139,4.1537,4.0541,4.1537,3975600
2026-01-15,4.1139,4.1836,4.084,4.1537,4271300
2026-01-16,4.2035,4.2334,4.1537,4.2035,2467300
2026-01-19,4.2035,4.2035,4.2035,4.2035,0
2026-01-20,4.1437,4.1437,4.074,4.084,727700
2026-01-21,4.084,4.1537,4.074,4.1139,1405400
2026-01-22,4.1338,4.1637,4.1039,4.1537,1165800
2026-01-23,4.2234,4.2234,4.074,4.074,1767700
2026-01-26,4.0641,4.0939,3.9246,3.9445,3895800
2026-01-27,3.9445,3.9943,3.8848,3.9645,2531200
2026-01-28,3.9645,3.9645,3.8051,3.835,8524100
2026-01-29,3.835,3.9645,3.835,3.835,6439800
2026-01-30,3.8449,3.9146,3.7951,3.825,6508200
2026-02-03,3.835,3.9246,3.835,3.9246,3060100
2026-02-04,3.9246,3.9246,3.8648,3.9146,5923600
2026-02-05,3.9545,3.9545,3.8848,3.9047,2225100
2026-02-06,3.9047,3.9047,3.815,3.8449,5506700
2026-02-09,3.9047,3.9346,3.8449,3.8449,3378600
2026-02-10,3.8748,3.8748,3.815,3.835,703700
2026-02-11,3.835,3.8848,3.815,3.8648,3969100
2026-02-12,3.8648,3.8848,3.815,3.8549,2287300
2026-02-13,3.8051,3.9146,3.8051,3.8648,1136600
2026-02-16,3.8648,3.8947,3.815,3.835,1605000
2026-02-19,3.835,3.9545,3.835,3.9246,2745500
2026-02-20,3.9645,3.9645,3.825,3.835,1585100
2026-02-23,3.8449,3.9047,3.8449,3.8748,5312600
2026-02-24,3.8748,3.8848,3.825,3.835,2601900
2026-02-25,3.835,3.8748,3.8051,3.8549,4544500
2026-02-26,3.8549,3.8549,3.7852,3.7852,5024300
2026-02-27,3.7852,3.815,3.7254,3.7354,7912900
2026-03-02,3.6357,3.7852,3.5959,3.7852,2086300
2026-03-03,3.6955,3.8947,3.6955,3.8848,3303300
2026-03-04,3.8748,3.9146,3.835,3.8848,2203600
2026-03-05,3.8947,3.9146,3.8748,3.8947,2394700
2026-03-06,3.8947,3.9047,3.7852,3.815,4732900
2026-03-09,3.7354,3.815,3.6357,3.6656,5800800
2026-03-10,3.6557,3.8051,3.6557,3.7951,4327900
2026-03-11,3.9744,3.9744,3.7354,3.7951,2748600
2026-03-12,3.7951,3.7951,3.6855,3.7254,4864300
2026-03-13,3.7254,3.7652,3.6855,3.6855,9649000
2026-03-16,3.7154,3.7254,3.6756,3.6855,2250100
2026-03-17,3.6855,3.815,3.6756,3.7852,480500
2026-03-18,3.815,3.8648,3.8051,3.8648,689800
2026-03-19,3.835,3.8449,3.8051,3.825,4259600
2026-03-20,3.825,3.825,3.825,3.825,0
2026-03-24,3.8051,3.8947,3.8051,3.815,1200500
2026-03-25,3.8848,3.8947,3.7951,3.815,830600
2026-03-26,3.8449,3.8947,3.8051,3.8051,692500
2026-03-27,3.7951,3.9146,3.7951,3.9146,1276500
2026-03-30,3.8748,3.8748,3.6955,3.7354,7481800
2026-03-31,3.7354,3.7354,3.6855,3.7254,1186300
2026-04-01,3.7951,3.815,3.7154,3.7852,2238000
2026-04-02,3.835,3.8549,3.7752,3.8549,1255900
2026-04-03,3.8449,3.9844,3.825,3.9246,3558400
2026-04-06,3.9246,3.9246,3.8748,3.8848,651000
2026-04-07,3.8848,3.9445,3.8648,3.9246,536800
2026-04-08,3.9844,4.0043,3.9445,3.9844,717500
2026-04-09,3.9744,3.9844,3.9346,3.9744,1071600
2026-04-10,3.9645,4.0143,3.9645,4.0043,1410100
2026-04-13,3.9943,3.9943,3.8549,3.9346,2633800
2026-04-14,3.9445,4.0939,3.9445,4.0541,5775400
2026-04-15,4.074,4.1736,4.0441,4.1736,14739100
2026-04-16,4.2334,4.3828,4.2234,4.3828,16163700
2026-04-17,4.3828,4.3828,4.2633,4.2832,6406900
2026-04-20,4.2633,4.3031,4.2035,4.2633,6167600
2026-04-21,4.2832,4.343,4.2633,4.2832,7087000
2026-04-22,4.3031,4.3031,4.2832,4.3031,8147100
2026-04-23,4.2932,4.3131,4.2434,4.2732,6521400
2026-04-24,4.2633,4.323,4.2434,4.3031,25738200
2026-04-27,4.343,4.4227,4.3031,4.3928,18700900
2026-04-28,4.3828,4.3928,4.3031,4.343,5897400
2026-04-29,4.343,4.3529,4.2434,4.2434,5075400
2026-04-30,4.2533,4.2732,4.1736,4.2035,7086300
2026-05-04,4.2334,4.3031,4.2334,4.2932,9185800
2026-05-05,4.2832,4.4525,4.2732,4.4326,9707500
2026-05-06,4.4824,4.6418,4.4625,4.6318,21840000
2026-05-07,4.6617,4.7115,4.5521,4.6518,14184800
2026-05-08,4.6418,4.6418,4.5521,4.592,3909000
2026-05-11,4.592,4.592,4.4725,4.592,4920400
2026-05-12,4.582,4.6219,4.5422,4.5521,5801600
2026-05-13,4.5322,4.7215,4.4824,4.7016,22237500
2026-05-14,4.7016,4.7812,4.6617,4.7812,8038600
2026-05-15,4.7812,4.8211,4.7314,4.7812,9564800
2026-05-18,4.7514,4.7514,4.6219,4.6916,5691300
2026-05-19,4.6617,4.7314,4.6518,4.6916,5792800
2026-05-20,4.6916,4.6916,4.592,4.6219,12143500
2026-05-21,4.6418,4.8111,4.6318,4.7514,9456000
2026-05-22,4.7613,4.9506,4.7514,4.8908,9873500
2026-05-25,4.9307,4.9705,4.8809,4.9307,3679500
2026-05-26,4.9207,4.9307,4.8311,4.8311,4048600
2026-05-27,4.8311,4.8311,4.8311,4.8311,0
2026-05-28,4.8311,4.9008,4.8311,4.8609,6302600
2026-05-29,4.8609,4.9406,4.8609,4.8809,7488900
2026-06-02,4.8809,4.8809,4.8809,4.8809,0
2026-06-03,4.8609,4.9506,4.8609,4.8908,2073600
2026-06-04,4.9008,4.9107,4.7912,4.8609,5554800
2026-06-05,4.8809,4.9307,4.8211,4.9008,2685000
2026-06-08,4.7613,4.8012,4.6617,4.7912,4182000
2026-06-09,4.7912,4.8609,4.6916,4.7514,6115700
2026-06-10,4.7414,4.7813,4.6617,4.7314,2942700
2026-06-11,4.6816,4.7314,4.602,4.7314,1911900
2026-06-12,4.7813,4.7813,4.7016,4.7314,3656400
2026-06-15,4.7813,5.0303,4.7713,4.9904,9031100
2026-06-16,5.0402,5.0801,4.9307,4.9805,6771600
2026-06-18,4.9805,4.9904,4.841,4.9805,6148700
2026-06-19,5.0104,5.0104,4.841,4.9805,5200300
2026-06-22,4.9705,4.9805,4.9008,4.9605,1381600
2026-06-23,4.9605,4.9605,4.8609,4.8809,5355900
2026-06-24,4.851,4.9805,4.7912,4.8908,5774600
2026-06-25,4.9008,4.9605,4.8709,4.9406,1302500
2026-06-26,4.9406,4.9406,4.8111,4.8111,6771400
2026-06-29,4.7912,4.9307,4.7912,4.9307,5983000
2026-06-30,4.9307,4.9605,4.8809,4.9406,5019000
2026-07-01,4.9406,5.0004,4.9008,5.0004,16836000
2026-07-02,4.9805,4.9805,4.8709,4.9207,8386500
2026-07-03,4.8809,4.9307,4.8609,4.9107,3881500
2026-07-06,4.9107,4.9107,4.7314,4.7613,4611400
2026-07-07,4.7414,4.8311,4.7414,4.8311,6844300
2026-07-08,4.7813,4.8311,4.7215,4.7713,4092300
2026-07-09,4.7813,4.9307,4.7813,4.8809,3562900
2026-07-10,4.8908,4.9506,4.8908,4.9307,2554600
2026-07-13,4.9307,4.9406,4.8211,4.8211,1601800
2026-07-14,4.8012,4.8311,4.6318,4.7215,5327000
2026-07-15,4.7314,4.9008,4.7215,4.8709,5755400
2026-07-16,4.8709,4.8709,4.8111,4.8311,3746200
2026-07-17,4.8111,4.8211,4.7314,4.7812,11102300
2026-07-20,4.7813,4.8211,4.7613,4.7713,3579200
2026-07-21,4.7813,4.9605,4.7713,4.9605,5574700
2026-07-22,4.9506,5.0303,4.8908,5.0303,6382700
2026-07-23,5.0303,5.0303,4.9406,4.9705,2458700
2026-07-24,4.9307,4.9805,4.9008,4.9406,3148900
2026-07-27,4.9506,5.0701,4.9506,5.0701,3127200
2026-07-28,5.0402,5.0402,4.9008,4.9605,6310700
2026-07-29,4.9506,5.0104,4.8809,4.9805,6316100
2026-07-30,4.8908,5.0203,4.8908,4.9406,4747200
2026-07-31,5.0303,5.2096,4.9904,5.1896,8545200
2026-08-03,5.1896,5.1896,4.9904,5.0004,3418300
2026-08-04,5.0502,5.1598,5.0502,5.1398,1483600
2026-08-05,5.1697,5.2494,5.1199,5.1896,3872900
2026-08-06,5.1996,5.2594,5.1199,5.2295,5928900
2026-08-07,5.2295,5.2992,5.2195,5.2295,3459300
2026-08-10,5.2295,5.3789,5.2295,5.3689,4696000
2026-08-11,5.3689,5.3789,5.2395,5.2395,7436200
2026-08-12,5.2793,5.2893,5.1996,5.2295,6802200
2026-08-13,5.2295,5.2395,5.1697,5.1896,4039500
2026-08-14,5.1896,5.2693,5.1896,5.2295,5957100
2026-08-17,5.2594,5.2693,5.1697,5.1797,4898700
2026-08-18,5.1797,5.1996,5.1199,5.1697,3137900
2026-08-19,5.1697,5.1697,5.0402,5.0602,5364900
2026-08-20,5.0602,5.1498,5.0602,5.1,5456500
2026-08-21,5.12,5.18,5.07,5.11,6073100
2026-08-24,0.0,0.0,0.0,5.1,0
2026-08-26,5.1,5.13,5.07,5.1,2829900
2026-08-27,0.0,0.0,0.0,5.1,0
2026-08-28,5.1,5.18,5.09,5.09,9270500
