date,open,high,low,close,volume
2016-09-14,9.0153,9.0153,8.9034,8.9531,9011100
2016-09-15,8.9158,9.0153,8.9158,8.9283,13228700
2016-09-19,9.0775,9.1397,8.9158,8.9656,5281700
2016-09-20,9.1148,9.1148,8.9158,8.9531,5693800
2016-09-21,8.9531,8.9656,8.9034,8.9531,7056600
2016-09-22,8.9283,9.0029,8.9283,8.9531,9370700
2016-09-23,8.978,8.978,8.891,8.9531,6810000
2016-09-26,8.9283,8.9656,8.9158,8.9531,8620400
2016-09-27,8.9407,8.9531,8.9283,8.9531,10222700
2016-09-28,8.978,9.0402,8.9283,8.9656,10290900
2016-09-29,8.9656,8.9656,8.9158,8.9283,7385200
2016-09-30,8.9158,8.9531,8.8785,8.891,15356200
2016-10-04,8.8075,8.8319,8.7221,8.7465,11882500
2016-10-05,8.7465,8.7709,8.7221,8.7465,13542800
2016-10-06,8.7465,8.7831,8.7343,8.7587,10149000
2016-10-07,8.8075,8.8075,8.7343,8.7587,9054600
2016-10-10,8.7587,8.7831,8.7465,8.7587,9060400
2016-10-11,8.7587,8.905,8.7465,8.7709,11554400
2016-10-12,8.7587,8.7831,8.7465,8.7709,13328100
2016-10-13,8.7709,8.8319,8.7709,8.8319,12980600
2016-10-14,8.8441,8.8441,8.7953,8.7953,6733800
2016-10-17,8.7587,8.8075,8.7587,8.7831,6459400
2016-10-18,8.7953,8.7953,8.7465,8.7831,7804300
2016-10-19,8.7831,8.7953,8.7587,8.7709,10573900
2016-10-20,8.7709,8.7831,8.7343,8.7587,7695600
2016-10-21,8.7465,8.7587,8.6611,8.7343,15099300
2016-10-24,8.7343,8.7587,8.6977,8.7465,12247900
2016-10-25,8.7221,8.7587,8.7221,8.7587,14531600
2016-10-26,8.7587,8.7587,8.7221,8.7343,17676300
2016-10-27,8.7465,8.7465,8.7221,8.7343,14993700
2016-10-28,8.7587,8.8563,8.7587,8.7953,22571300
2016-10-31,8.8806,8.905,8.7465,8.7465,17753600
2016-11-01,8.7587,8.8075,8.7587,8.7831,13769300
2016-11-02,8.7587,8.7953,8.6977,8.7343,21541500
2016-11-03,8.7221,8.7587,8.7099,8.7099,12407100
2016-11-04,8.7343,8.7343,8.7099,8.7221,9766800
2016-11-07,8.7709,8.7953,8.7221,8.7343,18509400
2016-11-08,8.7709,8.8197,8.7343,8.7343,19256900
2016-11-09,8.7587,8.7587,8.6611,8.7099,19015600
2016-11-10,8.7587,8.7831,8.6733,8.7099,11262800
2016-11-11,8.6733,8.7099,8.4659,8.6611,25556500
2016-11-14,8.6611,8.6733,8.5025,8.6245,10646200
2016-11-15,8.6245,8.6733,8.5635,8.6367,20704300
2016-11-16,8.6367,8.7099,8.6367,8.6611,15164100
2016-11-17,8.6367,8.6977,8.6367,8.6733,11749600
2016-11-18,8.6855,8.7099,8.6367,8.6733,7728200
2016-11-21,8.6489,8.6733,8.6001,8.6001,9100400
2016-11-22,8.6611,8.7221,8.6123,8.6611,14517200
2016-11-23,8.6611,8.6733,8.5879,8.6611,14557300
2016-11-24,8.6855,8.7099,8.6123,8.6489,8046000
2016-11-25,8.6245,8.6733,8.6245,8.6611,5224100
2016-11-28,8.6489,8.6977,8.6245,8.6245,11703000
2016-11-29,8.6123,8.6367,8.5391,8.5879,15010000
2016-11-30,8.5879,8.6245,8.5147,8.5635,17026500
2016-12-01,8.5635,8.6001,8.5025,8.5269,17667100
2016-12-02,8.5269,8.6001,8.5269,8.5635,15751600
2016-12-05,8.5391,8.6245,8.5391,8.5513,9459800
2016-12-06,8.5513,8.5757,8.5391,8.5391,17460400
2016-12-07,8.5391,8.5513,8.5147,8.5269,6549700
2016-12-08,8.5391,8.5635,8.4781,8.5391,15475600
2016-12-09,8.5391,8.5635,8.5025,8.5269,11063600
2016-12-13,8.7099,8.7099,8.5513,8.5757,11340400
2016-12-14,8.5757,8.6367,8.5147,8.5391,13758900
2016-12-15,8.5147,8.5513,8.5147,8.5269,11131800
2016-12-16,8.5889,8.5889,8.5021,8.5269,12120000
2016-12-19,8.5021,8.5269,8.4649,8.4897,10120900
2016-12-20,8.4897,8.5145,8.4897,8.5021,11251300
2016-12-21,8.5393,8.5393,8.4897,8.5269,15866500
2016-12-22,8.4897,8.5393,8.4649,8.5145,9963200
2016-12-23,8.4773,8.5145,8.4649,8.4649,9282100
2016-12-27,8.4897,8.4897,8.4401,8.4401,7577500
2016-12-28,8.4401,8.5517,8.3906,8.4277,9816000
2016-12-29,8.4277,8.6136,8.403,8.6136,3155300
2016-12-30,8.5517,8.6384,8.5393,8.6136,3660400
2017-01-02,8.6136,8.6136,8.6136,8.6136,0
2017-01-03,8.6384,8.6384,8.5145,8.5517,6378400
2017-01-04,8.5269,8.6012,8.5269,8.5765,8005300
2017-01-05,8.5517,8.6136,8.5269,8.5765,8225900
2017-01-06,8.5641,8.6756,8.5641,8.6384,9910700
2017-01-09,8.6756,8.7128,8.626,8.626,5058700
2017-01-10,8.6012,8.6136,8.5021,8.5517,19171600
2017-01-11,8.5765,8.6756,8.5641,8.6756,11820100
2017-01-12,8.6632,8.7128,8.6508,8.6756,10454700
2017-01-13,8.6756,8.6756,8.626,8.6384,11908900
2017-01-16,8.6136,8.7004,8.6136,8.626,8648400
2017-01-17,8.6136,8.6384,8.5889,8.6136,6241600
2017-01-18,8.626,8.6384,8.6013,8.6136,7887600
2017-01-19,8.6136,8.6136,8.5765,8.6013,10566100
2017-01-20,8.6012,8.6136,8.5765,8.5889,7953700
2017-01-23,8.6013,8.626,8.5641,8.6136,14346500
2017-01-24,8.6136,8.626,8.5889,8.6013,10561200
2017-01-25,8.6136,8.626,8.5269,8.5517,19074200
2017-01-26,8.5765,8.5765,8.4649,8.4773,11928300
2017-01-27,8.4897,8.5145,8.4277,8.4277,6413000
2017-01-31,8.4401,8.4401,8.2666,8.3038,11382800
2017-02-02,8.1427,8.3162,8.0559,8.2914,17417500
2017-02-03,8.279,8.341,8.279,8.3286,9122700
2017-02-06,8.3286,8.4029,8.3162,8.3286,6723100
2017-02-07,8.3038,8.3286,8.2418,8.2914,16302100
2017-02-08,8.2542,8.3782,8.2542,8.341,14621900
2017-02-10,8.4649,8.4649,8.3038,8.3658,14506000
2017-02-13,8.3782,8.4649,8.3534,8.4649,7475200
2017-02-14,8.4401,8.4773,8.3658,8.3782,16205900
2017-02-15,8.3782,8.4153,8.3534,8.4029,12790700
2017-02-16,8.3782,8.3906,8.3658,8.3658,8342500
2017-02-17,8.3782,8.3906,8.341,8.3534,10919800
2017-02-20,8.3534,8.3906,8.3534,8.3906,12067200
2017-02-21,8.3906,8.4153,8.3782,8.4153,6194800
2017-02-22,8.4153,8.4153,8.3658,8.3782,9064600
2017-02-23,8.403,8.403,8.3658,8.3658,12439200
2017-02-24,8.3658,8.4277,8.3286,8.3658,3405500
2017-02-27,8.3658,8.403,8.3534,8.3906,5261800
2017-02-28,8.3782,8.4277,8.3658,8.3906,11202200
2017-03-01,8.3782,8.3906,8.3782,8.3906,7941400
2017-03-02,8.3906,8.4525,8.3782,8.4153,8809400
2017-03-03,8.3906,8.4773,8.3906,8.4401,8284700
2017-03-06,8.403,8.5021,8.3534,8.4773,10891600
2017-03-07,8.4897,8.5517,8.4649,8.4897,7611300
2017-03-08,8.4401,8.5765,8.4277,8.4897,6622000
2017-03-09,8.4649,8.5517,8.4649,8.5145,5076800
2017-03-10,8.4773,8.5393,8.4773,8.5021,9962300
2017-03-13,8.4897,8.5765,8.4897,8.5393,9979900
2017-03-14,8.5145,8.5393,8.5021,8.5145,14396200
2017-03-15,8.3782,8.5145,8.3286,8.4773,5680000
2017-03-16,8.5145,8.5517,8.4773,8.5021,6740700
2017-03-17,8.5269,8.5393,8.4649,8.5021,13168600
2017-03-20,8.4897,8.5145,8.4277,8.5021,6451200
2017-03-21,8.5269,8.5393,8.3906,8.5393,7245200
2017-03-22,8.5021,8.5021,8.4029,8.5021,8408600
2017-03-23,8.4525,8.5145,8.4525,8.5021,9392600
2017-03-24,8.5269,8.5269,8.4649,8.5021,12109500
2017-03-27,8.4649,8.5021,8.4525,8.4897,6802600
2017-03-28,8.5269,8.5393,8.4277,8.5145,5990100
2017-03-29,8.5145,8.5393,8.4897,8.5145,4986900
2017-03-30,8.5269,8.5269,8.4525,8.5145,7867900
2017-03-31,8.5517,8.5641,8.5021,8.5021,8823600
2017-04-03,8.5269,8.5393,8.5021,8.5269,6037000
2017-04-04,8.5145,8.5517,8.5021,8.5145,7331800
2017-04-05,8.5021,8.5269,8.4897,8.5269,8991700
2017-04-06,8.4897,8.5393,8.4897,8.5269,8291600
2017-04-07,8.4773,8.5145,8.4401,8.4773,11062100
2017-04-10,8.4773,8.5145,8.4649,8.4897,8726400
2017-04-11,8.4897,8.5021,8.4773,8.5021,13102500
2017-04-12,8.4773,8.5021,8.4773,8.5021,10850300
2017-04-13,8.5145,8.5393,8.4897,8.5145,8051700
2017-04-14,8.4773,8.5021,8.4773,8.4897,6825700
2017-04-17,8.5145,8.5393,8.4773,8.4897,2337800
2017-04-18,8.5145,8.5393,8.4897,8.5021,10243700
2017-04-19,8.4401,8.5021,8.4401,8.5021,11497100
2017-04-20,8.5145,8.5517,8.4897,8.5517,6453000
2017-04-21,8.4773,8.5393,8.4773,8.5145,8278000
2017-04-24,8.5145,8.5145,8.5145,8.5145,0
2017-04-25,8.6012,8.6136,8.5145,8.5517,9697800
2017-04-26,8.5517,8.6384,8.5517,8.5765,9355200
2017-04-27,8.6012,8.6136,8.5889,8.5889,7221800
2017-04-28,8.6136,8.7128,8.5889,8.6384,10003500
2017-05-02,8.626,8.6508,8.5889,8.626,7737000
2017-05-03,8.6136,8.6508,8.5889,8.6384,11000100
2017-05-04,8.6013,8.6384,8.5889,8.6136,8745100
2017-05-05,8.6136,8.6384,8.6013,8.6136,6891200
2017-05-08,8.6508,8.6508,8.6013,8.626,2601700
2017-05-09,8.626,8.626,8.6013,8.6136,3884500
2017-05-11,8.6632,8.6632,8.5889,8.626,9622100
2017-05-12,8.6013,8.6508,8.6013,8.6136,7809100
2017-05-15,8.6384,8.6756,8.6012,8.6756,7303900
2017-05-16,8.6756,8.6756,8.626,8.6384,9612500
2017-05-17,8.626,8.6632,8.626,8.6384,10530500
2017-05-18,8.6196,8.6823,8.6071,8.6573,9550100
2017-05-19,8.6322,8.6698,8.6196,8.6447,6680900
2017-05-22,8.6447,8.6573,8.6322,8.6573,5689500
2017-05-23,8.6949,8.6949,8.6322,8.6573,10324600
2017-05-24,8.6573,8.6823,8.6322,8.6698,6652300
2017-05-25,8.6447,8.7074,8.6447,8.6698,7896300
2017-05-26,8.6573,8.7074,8.6447,8.6573,6817800
2017-05-29,8.7827,8.7827,8.6071,8.6071,4268000
2017-05-31,8.6447,8.6698,8.6196,8.6447,8655100
2017-06-01,8.6573,8.6823,8.6322,8.6447,7356000
2017-06-02,8.6573,8.6823,8.6447,8.6573,8444200
2017-06-05,8.6573,8.6949,8.6447,8.6698,10042900
2017-06-06,8.6698,9.134,8.6698,8.9082,26039100
2017-06-07,8.8078,8.9458,8.7827,8.9082,10629300
2017-06-08,8.858,8.9207,8.858,8.8956,10711200
2017-06-09,8.9082,9.0713,8.8956,9.0337,11396400
2017-06-13,9.0964,9.1215,8.9835,9.0211,15419300
2017-06-14,9.0587,9.0713,8.996,9.0211,16743300
2017-06-15,9.0337,9.0713,8.9709,9.0462,8958100
2017-06-16,9.0211,9.1089,8.9207,9.0587,30714400
2017-06-19,9.0337,9.0964,9.0086,9.0211,10511900
2017-06-20,9.0211,9.0587,8.8956,8.9835,10261500
2017-06-21,8.9835,8.9835,8.8455,8.8956,14795100
2017-06-22,8.9082,8.996,8.8831,8.8956,7609600
2017-06-23,8.8956,8.8956,8.8329,8.8831,5406200
2017-06-26,8.8455,8.8455,8.8455,8.8455,0
2017-06-27,8.8455,8.8455,8.8455,8.8455,0
2017-06-28,8.8956,8.9584,8.8204,8.8705,5415400
2017-06-29,8.8705,8.9082,8.8455,8.8705,4244400
2017-06-30,8.8831,8.9082,8.8455,8.8705,9194000
2017-07-03,8.858,8.8956,8.7953,8.858,4538400
2017-07-04,8.8705,8.9082,8.8455,8.8455,7479800
2017-07-05,8.8455,8.8705,8.8329,8.858,6210800
2017-07-06,8.8455,8.8831,8.8455,8.8705,7952300
2017-07-07,8.8455,8.8705,8.8329,8.858,6442700
2017-07-10,8.8455,8.8705,8.8455,8.858,7919300
2017-07-11,8.8329,8.858,8.8204,8.8455,11112900
2017-07-12,8.8329,8.8831,8.7953,8.8831,7510000
2017-07-13,8.8831,8.9082,8.8705,8.8956,8629500
2017-07-14,8.9082,8.9082,8.8705,8.9082,9659900
2017-07-17,8.9082,8.9082,8.8705,8.8956,5526200
2017-07-18,8.8956,8.8956,8.8204,8.8831,7556800
2017-07-19,8.8705,8.8956,8.8204,8.858,4999800
2017-07-20,8.8956,8.9082,8.8329,8.8329,9462200
2017-07-21,8.858,8.8831,8.8204,8.858,1384200
2017-07-24,8.858,8.9333,8.8455,8.8956,8564300
2017-07-25,8.9333,8.9584,8.8956,8.9207,12693400
2017-07-26,8.9207,8.9333,8.8956,8.9207,10222400
2017-07-27,8.9207,9.0587,8.8831,8.9333,14412000
2017-07-28,8.8956,8.9207,8.858,8.8831,9196200
2017-07-31,8.858,8.9082,8.8455,8.858,13046100
2017-08-01,8.8831,8.9207,8.858,8.8831,8488500
2017-08-02,8.8705,8.9082,8.8705,8.8956,5546400
2017-08-03,8.8956,8.9082,8.8705,8.8956,6060700
2017-08-04,8.8956,8.8956,8.858,8.8831,6738200
2017-08-07,8.9082,8.9082,8.8705,8.8956,6063200
2017-08-08,8.8831,8.9207,8.8831,8.9207,8491700
2017-08-09,8.8956,8.9207,8.8831,8.9207,10035200
2017-08-10,8.9082,8.9333,8.8956,8.9207,5249700
2017-08-11,8.8956,8.9207,8.8956,8.9082,7143200
2017-08-14,8.9082,8.9458,8.9082,8.9207,7395700
2017-08-15,8.9207,8.9207,8.8956,8.9082,7932000
2017-08-16,8.9082,8.9333,8.9082,8.9207,5632700
2017-08-17,8.9333,8.9333,8.9082,8.9333,4812300
2017-08-18,8.9082,8.9458,8.9082,8.9333,2612700
2017-08-21,8.9082,8.9458,8.9082,8.9207,9146700
2017-08-22,8.9082,8.9458,8.9082,8.9333,7944400
2017-08-23,8.9207,8.9458,8.9207,8.9458,10639400
2017-08-24,8.9207,8.9709,8.9207,8.9584,8501900
2017-08-25,8.9835,9.0086,8.9584,8.9709,10027500
2017-08-28,8.9584,8.996,8.9584,8.9835,5750600
2017-08-29,8.9207,8.9835,8.9207,8.9709,6737900
2017-08-30,8.9333,8.9709,8.9207,8.9584,9815800
2017-08-31,8.9584,8.9584,8.9584,8.9584,0
2017-09-01,8.9584,8.9584,8.9584,8.9584,0
2017-09-04,8.9584,8.9584,8.9584,8.9584,0
2017-09-05,9.2219,9.2846,8.9709,9.0211,5752600
2017-09-06,8.9709,9.0462,8.9709,9.0337,7010600
2017-09-07,9.0838,9.1842,9.0211,9.134,12703000
2017-09-08,9.134,9.1591,9.1089,9.1466,8938800
2017-09-11,9.134,9.1842,9.1089,9.1466,10241800
2017-09-12,9.1591,9.2093,9.134,9.1466,8980000
2017-09-13,9.134,9.1717,9.134,9.1466,7159600
2017-09-14,9.1591,9.1717,9.1089,9.1466,8271100
2017-09-15,9.1591,9.1591,9.1215,9.134,13501900
2017-09-18,9.134,9.1717,9.1215,9.1466,5909000
2017-09-19,9.1215,9.1842,9.1215,9.134,10458900
2017-09-20,9.1215,9.1466,8.996,9.0964,6333800
2017-09-21,9.0964,9.1215,9.0462,9.0587,10325700
2017-09-22,9.0587,9.0587,9.0587,9.0587,0
2017-09-25,9.0838,9.1089,9.0211,9.0337,11367800
2017-09-26,9.0337,9.0587,9.0086,9.0337,9242600
2017-09-27,9.0337,9.0587,8.9835,9.0086,7215200
2017-09-28,8.996,9.0211,8.9709,8.9835,6647800
2017-09-29,8.9835,9.0337,8.9835,8.9835,6848200
2017-10-02,8.9835,9.0086,8.9584,8.9835,10610400
2017-10-03,8.9835,9.0211,8.9458,8.9709,7058100
2017-10-04,8.9584,8.9835,8.9458,8.9584,4566700
2017-10-05,8.9584,8.9584,8.9207,8.9333,3321300
2017-10-06,8.9082,8.9709,8.7953,8.9458,6483300
2017-10-09,8.9458,9.0211,8.9207,8.9333,2665100
2017-10-10,8.8956,8.9584,8.8956,8.9333,3234000
2017-10-11,8.9333,8.9584,8.8956,8.9082,3395200
2017-10-12,8.9082,8.9082,8.7953,8.858,9918800
2017-10-13,8.8705,8.9082,8.8455,8.9082,2896000
2017-10-16,8.9207,8.9584,8.8831,8.9458,6865400
2017-10-17,8.9458,8.9835,8.9082,8.9584,8675300
2017-10-18,8.9584,8.9584,8.9584,8.9584,0
2017-10-19,8.9709,9.0211,8.9333,8.9835,13000200
2017-10-20,8.9835,8.996,8.9584,8.9835,2362900
2017-10-23,8.9584,8.9835,8.9584,8.9709,9367800
2017-10-24,8.9458,8.996,8.9082,8.9709,7246700
2017-10-25,8.9709,8.996,8.9584,8.996,7682000
2017-10-26,8.996,9.0086,8.9082,8.996,9766800
2017-10-27,9.0964,9.6986,9.0964,9.385,37098700
2017-10-30,9.3975,9.4477,9.2344,9.2846,9127500
2017-10-31,9.272,9.4101,9.2469,9.4101,14856700
2017-11-01,9.385,9.3975,9.3222,9.3975,3273400
2017-11-02,9.3348,9.385,9.2846,9.3473,12893600
2017-11-03,9.3473,9.385,9.2846,9.3473,13798500
2017-11-06,9.3348,9.385,9.2971,9.2971,9962700
2017-11-07,9.3097,9.3222,9.2846,9.3097,14721700
2017-11-08,9.2469,9.3724,9.2344,9.3473,15075100
2017-11-09,9.3473,9.4226,9.3222,9.3473,16847100
2017-11-10,9.3348,9.385,9.272,9.3473,8941400
2017-11-13,9.3724,9.385,9.2971,9.2971,16684600
2017-11-14,9.3097,9.3473,9.2846,9.2971,21137400
2017-11-15,9.2971,9.3473,9.2595,9.3097,16520100
2017-11-16,9.2846,9.3473,9.2595,9.3097,22613500
2017-11-17,9.2971,9.3222,9.2469,9.3097,17999400
2017-11-20,9.3097,9.3222,9.2595,9.2971,23113900
2017-11-21,9.2971,9.4728,9.272,9.3348,26187000
2017-11-22,9.3348,9.4101,9.3097,9.3222,13232400
2017-11-23,9.272,9.3348,9.2344,9.3097,9764900
2017-11-24,9.2846,9.3097,9.2469,9.2971,20423400
2017-11-27,9.3097,9.4101,9.2846,9.4101,22887700
2017-11-28,9.4101,9.4477,9.3348,9.3975,14301800
2017-11-29,9.4101,9.7112,9.3975,9.661,25670800
2017-11-30,9.7237,9.7865,9.5732,9.6986,23427800
2017-12-01,9.6986,9.6986,9.6986,9.6986,0
2017-12-04,9.7237,9.7739,9.5355,9.7739,17193700
2017-12-05,9.7112,9.8116,9.6735,9.8116,12888500
2017-12-06,9.7865,9.8241,9.7237,9.799,13331900
2017-12-07,9.8116,9.8366,9.7112,9.7739,18217300
2017-12-08,9.7488,9.799,9.6986,9.7363,19917200
2017-12-11,9.7614,9.7865,9.6986,9.7237,14258500
2017-12-12,9.6735,9.7237,9.6484,9.7112,7197500
2017-12-13,9.7112,9.7112,9.6484,9.6735,21709100
2017-12-14,9.6986,9.6986,9.6484,9.6735,33811100
2017-12-15,9.6484,9.6861,9.6359,9.6861,29299100
2017-12-18,9.7363,9.7614,9.6484,9.6484,13552500
2017-12-19,9.713,9.713,9.558,9.6226,14937500
2017-12-20,9.6226,9.6355,9.5709,9.5968,9001600
2017-12-21,9.6872,9.6872,9.6226,9.6614,10863200
2017-12-22,9.6743,9.7259,9.6614,9.6743,12215500
2017-12-25,9.6743,9.6743,9.6743,9.6743,0
2017-12-26,9.6614,9.7001,9.6484,9.6743,8148900
2017-12-27,9.6743,9.8164,9.6743,9.7647,10337300
2017-12-28,9.7518,9.9584,9.7389,9.9584,9128900
2017-12-29,9.9584,9.9713,9.8164,9.8551,11320000
2018-01-02,9.8293,9.9068,9.7647,9.8293,4794000
2018-01-03,9.8293,9.9584,9.8293,9.8809,10311700
2018-01-04,9.8939,9.9455,9.868,9.9455,14018800
2018-01-05,9.9197,10.0101,9.9197,9.9584,10357400
2018-01-08,9.9713,10.1522,9.9584,10.1393,14039900
2018-01-09,10.2555,10.2943,10.2168,10.2555,19750500
2018-01-10,10.2684,10.2684,10.2038,10.2426,14039200
2018-01-11,10.2297,10.2426,10.1522,10.2168,7181900
2018-01-12,10.2297,10.2297,10.1522,10.1909,7409400
2018-01-15,10.2038,10.2168,10.1909,10.2168,12739700
2018-01-16,10.2297,10.2555,10.1909,10.2555,10639700
2018-01-17,10.2684,10.3201,10.1909,10.2168,9162100
2018-01-18,10.2168,10.2297,10.0488,10.0747,13082400
2018-01-19,10.1263,10.2168,10.1263,10.2168,17501600
2018-01-22,10.3072,10.3072,10.1909,10.2168,14020100
2018-01-23,10.2168,10.2555,10.2168,10.2426,11786400
2018-01-24,10.2813,10.2813,10.2038,10.2297,6587100
2018-01-25,10.2297,10.2426,10.2168,10.2426,11688600
2018-01-26,10.2426,10.2943,10.1909,10.2297,7162500
2018-01-29,10.2297,10.4105,10.1909,10.2297,10505600
2018-01-30,10.2038,10.2555,10.1263,10.1909,15969900
2018-02-02,10.178,10.2426,10.0359,10.2038,16346900
2018-02-05,10.0876,10.2426,10.0488,10.2168,11403900
2018-02-06,10.0101,10.2038,10.0101,10.0618,33321300
2018-02-07,10.1263,10.2297,10.1134,10.2297,11074200
2018-02-08,10.2297,10.2297,10.178,10.2038,11915800
2018-02-09,10.0488,10.1651,10.023,10.1522,8772200
2018-02-12,10.2297,10.2297,10.1393,10.178,10574100
2018-02-13,10.1909,10.2038,10.1522,10.1651,6736900
2018-02-14,10.1909,10.2038,10.1134,10.1393,10063500
2018-02-15,10.1909,10.1909,10.1005,10.1393,3747800
2018-02-19,10.178,10.2038,10.1522,10.1651,5654400
2018-02-20,10.1393,10.1909,10.1393,10.1522,8568800
2018-02-21,10.1522,10.178,10.1263,10.1393,7179300
2018-02-22,10.1134,10.1909,10.0488,10.1005,5385200
2018-02-23,10.0876,10.1522,10.0618,10.1005,9984500
2018-02-26,10.1005,10.1263,10.0747,10.0876,9312100
2018-02-27,10.0876,10.2038,10.0876,10.178,14635800
2018-02-28,10.178,10.178,10.0876,10.1393,5508500
2018-03-01,10.1651,10.178,10.0747,10.1393,3058100
2018-03-02,10.1393,10.1393,10.1005,10.1393,5898400
2018-03-05,10.1393,10.1522,10.0747,10.1134,7187000
2018-03-06,10.1134,10.1134,10.0747,10.1005,8211700
2018-03-07,10.0876,10.1005,10.0618,10.0747,11195500
2018-03-08,10.0488,10.1005,10.0488,10.0747,6773900
2018-03-09,10.1134,10.1134,10.0101,10.0359,5405400
2018-03-12,10.0618,10.1005,10.0488,10.0876,9845600
2018-03-13,10.0618,10.1134,10.0618,10.0876,7064600
2018-03-14,10.0747,10.1393,10.0747,10.1005,6849900
2018-03-15,10.1134,10.1263,10.0747,10.1134,6528500
2018-03-16,10.0876,10.1393,10.0876,10.1263,14425100
2018-03-19,10.1005,10.1651,10.1005,10.1393,6380500
2018-03-20,10.1393,10.2555,10.1263,10.178,9935900
2018-03-21,10.1909,10.2038,10.1651,10.1909,10585400
2018-03-22,10.178,10.2168,10.1651,10.1909,7203900
2018-03-23,10.1651,10.1909,10.1393,10.178,7784400
2018-03-26,10.1393,10.2038,10.1393,10.178,2881200
2018-03-27,10.1522,10.1909,10.1522,10.1522,7221000
2018-03-28,10.178,10.2426,10.1522,10.2038,10585000
2018-03-29,10.2426,10.4493,10.2038,10.4363,16036100
2018-03-30,10.4363,10.5526,10.3976,10.488,14227200
2018-04-02,10.4622,10.5009,10.4234,10.4622,6157400
2018-04-03,10.4493,10.4622,10.2038,10.2426,11325500
2018-04-04,10.2911,10.422,10.2518,10.278,6855200
2018-04-05,10.2911,10.3828,10.2911,10.3566,6857000
2018-04-06,10.3958,10.3958,10.278,10.3042,4546500
2018-04-09,10.3566,10.4089,10.3042,10.3958,8577500
2018-04-10,10.3435,10.4744,10.3435,10.4089,7932500
2018-04-11,10.4744,10.4744,10.3828,10.3828,9590800
2018-04-12,10.4613,10.4613,10.3958,10.4089,6284200
2018-04-13,10.3697,10.4482,10.3697,10.3958,6089600
2018-04-16,10.422,10.4482,10.4089,10.4351,7877600
2018-04-17,10.3958,10.4744,10.3828,10.4351,9321900
2018-04-18,10.4744,10.4744,10.3958,10.422,9580300
2018-04-19,10.422,10.4744,10.3958,10.4744,12196600
2018-04-20,10.4482,10.4744,10.3958,10.422,12393700
2018-04-23,10.4351,10.4613,10.3697,10.3958,10931800
2018-04-24,10.4089,10.4482,10.3828,10.3958,15707700
2018-04-25,10.3828,10.3958,10.3173,10.3697,12123300
2018-04-26,10.3697,10.422,10.3435,10.3697,10688300
2018-04-27,10.4351,10.4875,10.3566,10.3828,12878000
2018-04-30,10.3435,10.3828,10.3173,10.3697,12268100
2018-05-02,10.3566,10.3958,10.3435,10.3697,17420700
2018-05-03,10.3435,10.5006,10.3435,10.4744,19140400
2018-05-04,10.4482,10.553,10.4089,10.5268,16745100
2018-05-07,10.5399,10.5399,10.3697,10.4744,18361400
2018-05-08,10.3697,10.5268,10.3697,10.5137,15166300
2018-05-14,10.1994,10.553,9.9769,10.4744,32905500
2018-05-15,10.4089,10.4482,10.2125,10.422,20252900
2018-05-16,10.4482,10.4482,10.3435,10.422,10075700
2018-05-17,10.4744,10.4744,10.3958,10.4089,11505900
2018-05-18,10.4089,10.4613,10.3958,10.422,13656300
2018-05-21,10.422,10.422,10.2256,10.2518,17365500
2018-05-22,10.2649,10.2649,9.9507,10.0423,18745500
2018-05-23,10.1078,10.1078,9.6626,9.7805,18840500
2018-05-24,9.8198,9.8459,9.5579,9.6626,19808300
2018-05-25,9.9114,10.0816,9.7019,9.8459,15209000
2018-05-28,9.8459,9.8721,9.5186,9.6757,7851700
2018-05-30,9.6757,9.6757,9.6757,9.6757,0
2018-05-31,9.2568,9.2568,9.2568,9.2568,0
2018-06-01,9.4531,9.5579,9.427,9.4924,11304900
2018-06-04,9.4793,9.4924,9.3091,9.3877,9263300
2018-06-05,9.3877,9.427,9.3222,9.4008,7604500
2018-06-06,9.3484,9.4401,9.3484,9.4008,8456500
2018-06-07,9.4008,9.6495,9.4008,9.5317,11123400
2018-06-08,9.5579,9.6626,9.5055,9.571,9611900
2018-06-11,9.571,9.6757,9.5317,9.5317,7510500
2018-06-12,9.5841,9.5841,9.3746,9.427,10692800
2018-06-13,9.427,9.5317,9.3091,9.427,7299800
2018-06-14,9.3615,9.4924,9.3615,9.4924,16461700
2018-06-18,9.6234,9.6234,9.2437,9.3746,11868800
2018-06-19,9.3746,9.3746,9.2437,9.2698,13003700
2018-06-20,9.2437,9.3484,9.2437,9.3353,7167200
2018-06-21,9.3222,9.3353,8.864,9.1258,15375700
2018-06-22,9.0211,9.0604,8.864,9.0342,13069400
2018-06-25,9.152,9.152,8.9425,9.0734,5688300
2018-06-26,9.0996,9.0996,9.008,9.0604,9455800
2018-06-27,9.008,9.0735,9.008,9.0473,8567900
2018-06-28,8.9687,9.008,8.8771,8.9425,12974300
2018-06-29,8.864,9.859,8.864,9.5841,27882400
2018-07-02,9.5841,9.7543,9.4139,9.5579,11926300
2018-07-03,9.5579,9.5841,9.3615,9.4531,2303900
2018-07-04,9.5317,9.5317,9.3353,9.427,6444800
2018-07-05,9.5055,9.5317,9.3877,9.4401,3231400
2018-07-06,9.6495,9.6495,9.3353,9.3353,7015900
2018-07-09,9.4139,9.5579,9.3615,9.3615,5790600
2018-07-10,9.4008,9.4531,9.4008,9.4401,6155200
2018-07-11,9.427,9.571,9.3222,9.4924,4453300
2018-07-12,9.5448,9.5448,9.4401,9.4793,8438400
2018-07-13,9.5448,9.6234,9.4662,9.5841,13058400
2018-07-16,9.5841,9.6234,9.4924,9.5841,5174900
2018-07-17,9.6103,9.715,9.5972,9.6757,6687100
2018-07-18,9.715,9.7412,9.6234,9.7412,3119900
2018-07-19,9.6626,9.8067,9.6626,9.7674,4628600
2018-07-20,9.7543,9.7543,9.6365,9.7019,6309700
2018-07-23,9.6103,9.7019,9.5972,9.6757,3118700
2018-07-24,9.6103,9.7019,9.6103,9.6757,9166600
2018-07-25,9.6495,9.7674,9.6495,9.7412,10291200
2018-07-26,9.8198,9.8852,9.7412,9.8852,7093600
2018-07-27,9.8198,9.8983,9.7936,9.8852,5340300
2018-07-30,9.8852,10.0031,9.7936,9.9114,9149700
2018-07-31,9.8721,10.2649,9.8459,10.2649,17167900
2018-08-01,10.0031,10.0161,9.9245,10.0161,6507600
2018-08-02,10.0554,10.1471,9.9769,10.0031,8088700
2018-08-03,9.9769,10.134,9.9769,10.0947,2669300
2018-08-06,10.134,10.134,10.0554,10.1078,5384900
2018-08-07,10.0947,10.278,10.0816,10.1471,6624000
2018-08-08,10.2125,10.3042,10.1602,10.1994,7355800
2018-08-09,10.2518,10.3435,10.2256,10.3304,8062700
2018-08-10,10.3304,10.4089,10.2911,10.3304,7730400
2018-08-13,10.3304,10.3304,10.0947,10.1864,12211900
2018-08-14,10.2125,10.3042,10.1864,10.2518,13655500
2018-08-15,10.2518,10.4482,10.2518,10.3566,10474400
2018-08-16,10.3435,10.3435,10.2518,10.3042,8004900
2018-08-17,10.3173,10.3435,10.2518,10.278,9981700
2018-08-20,10.278,10.3435,10.2518,10.2649,5465200
2018-08-21,10.278,10.3173,10.2518,10.3042,8898400
2018-08-23,10.2911,10.3435,10.2649,10.3042,9246000
2018-08-24,10.2649,10.3435,10.2649,10.278,6340300
2018-08-27,10.278,10.3304,10.2649,10.2911,4754600
2018-08-28,10.2256,10.3435,10.2256,10.2911,4467800
2018-08-29,10.3042,10.3435,10.2518,10.278,5356200
2018-08-30,10.278,10.3304,10.2518,10.2649,4867800
2018-09-03,10.2649,10.3566,10.2649,10.278,3988900
2018-09-04,10.2649,10.3304,10.2256,10.2911,7239000
2018-09-05,10.278,10.3566,10.1733,10.2911,8114400
2018-09-06,10.278,10.3435,10.278,10.3173,6108000
2018-09-07,10.3435,10.4089,10.3042,10.3435,8337400
2018-09-12,10.4744,10.4744,10.2911,10.3566,10319900
2018-09-13,10.3435,10.3958,10.2911,10.3435,11851100
2018-09-14,10.3435,10.3697,10.278,10.3435,5862000
2018-09-18,10.3304,10.3828,10.3173,10.3566,5345200
2018-09-19,10.3042,10.3958,10.3042,10.3304,3334900
2018-09-20,10.3828,10.4482,10.3042,10.3173,8092700
2018-09-21,10.3958,10.4089,10.2649,10.2649,12207600
2018-09-24,10.3042,10.3042,10.134,10.1602,4074900
2018-09-25,10.1602,10.1602,10.1078,10.134,13590200
2018-09-26,10.1224,10.4162,10.0824,10.3495,6441900
2018-09-27,10.3495,10.4162,10.3227,10.3628,3376500
2018-09-28,10.4162,10.4162,10.3227,10.3227,11257900
2018-10-01,10.3762,10.3762,10.2827,10.3628,2530800
2018-10-02,10.3495,10.4162,10.3361,10.3762,3371500
2018-10-03,10.4162,10.4696,10.3895,10.4029,3909200
2018-10-04,10.3762,10.4162,10.3227,10.3495,10537800
2018-10-05,10.2693,10.3495,10.2693,10.3094,3314200
2018-10-08,10.2827,10.296,10.256,10.2693,7141500
2018-10-09,10.2426,10.296,10.2426,10.2693,6488500
2018-10-10,10.3361,10.3495,9.6817,9.8019,4925700
2018-10-11,9.3612,9.615,9.2144,9.5349,19586100
2018-10-12,9.5616,9.842,9.5616,9.7485,5171200
2018-10-15,9.7619,9.8019,9.7218,9.7352,5653700
2018-10-16,9.7886,9.8019,9.7352,9.7619,5217800
2018-10-17,9.8019,9.8019,9.7218,9.7485,5492400
2018-10-18,9.7085,9.7752,9.6016,9.7352,5397200
2018-10-19,9.6951,9.7352,9.6417,9.7218,5278300
2018-10-22,9.6817,9.7485,9.6684,9.6817,2248700
2018-10-23,9.6283,9.6951,9.3479,9.4013,6797000
2018-10-24,9.3479,9.5215,9.2277,9.2811,6255500
2018-10-25,9.2678,9.4948,9.2277,9.3479,6688800
2018-10-26,9.3612,9.4681,9.3479,9.3746,2489600
2018-10-29,9.4147,9.4547,9.3612,9.4147,3089100
2018-10-30,9.6817,9.6817,9.4547,9.5482,5467200
2018-10-31,9.615,9.8554,9.5616,9.8153,7649400
2018-11-01,9.8153,9.8153,9.6817,9.7218,2044700
2018-11-02,9.6817,9.8286,9.6817,9.8153,8494000
2018-11-05,9.9221,10.029,9.8019,9.8821,6418400
2018-11-07,9.8687,9.9889,9.8153,9.8954,5252900
2018-11-08,9.9889,10.0022,9.9355,9.9755,6870000
2018-11-09,9.9755,10.0156,9.8821,10.0156,7160200
2018-11-12,9.9488,10.0022,9.7886,9.9088,1992800
2018-11-13,9.8153,9.8821,9.8153,9.8687,5439800
2018-11-14,9.7886,9.9488,9.7886,9.9488,5897400
2018-11-15,9.9488,9.9755,9.8019,9.8954,5507200
2018-11-16,9.9488,10.0022,9.8821,9.9488,2181200
2018-11-19,10.0022,10.0022,9.842,9.9221,5614500
2018-11-21,9.7352,9.9221,9.6951,9.8821,4283900
2018-11-22,9.8153,9.9755,9.8153,9.8687,1663100
2018-11-23,9.8687,9.9355,9.7752,9.8821,941300
2018-11-26,9.8019,9.9221,9.8019,9.9221,2243900
2018-11-27,9.9355,9.9355,9.8019,9.8286,4133500
2018-11-28,9.6817,9.6817,9.428,9.5215,10201300
2018-11-29,9.5349,9.5482,9.4948,9.5081,5295600
2018-11-30,9.5215,9.5349,9.4547,9.5081,9755900
2018-12-03,9.5482,9.5482,9.4681,9.5482,3842000
2018-12-04,9.4547,9.5215,9.4013,9.4414,8609800
2018-12-05,9.3612,9.428,9.2411,9.2945,5070300
2018-12-06,9.2277,9.2544,9.014,9.1876,7954100
2018-12-07,9.0942,9.1743,9.0808,9.1476,5345000
2018-12-10,9.0808,9.0808,8.8805,9.0541,6217400
2018-12-11,8.9606,9.0675,8.9606,9.0407,7185700
2018-12-12,9.014,9.0407,8.974,9.014,6027300
2018-12-13,9.0407,9.0675,8.8404,8.9873,4452300
2018-12-14,8.9473,8.9473,8.7603,8.8538,4600900
2018-12-17,8.8538,8.8671,8.6268,8.6268,3039800
2018-12-18,8.5199,8.5734,8.3597,8.4799,8443300
2018-12-19,8.4131,8.6134,8.373,8.5734,5176900
2018-12-20,8.4799,8.5734,8.4398,8.56,3606800
2018-12-21,8.5333,9.0541,8.4932,9.0007,4741400
2018-12-24,8.9473,9.3612,8.8004,9.3479,2784100
2018-12-26,9.1476,9.2411,8.9606,9.0407,2428000
2018-12-27,9.1609,9.201,9.014,9.0675,4252700
2018-12-28,9.0675,9.1075,8.9606,9.0541,2147200
2018-12-31,9.0675,9.2678,9.0541,9.0808,3417200
2019-01-02,9.1342,9.1342,8.9473,8.974,1690000
2019-01-03,9.0407,9.1876,8.9473,9.1876,2158400
2019-01-04,9.1209,9.2144,8.9873,8.9873,1452900
2019-01-07,9.0808,9.388,9.0541,9.3078,5692600
2019-01-08,9.3212,9.3746,9.0407,9.1075,4767300
2019-01-09,9.1876,9.388,9.1075,9.1209,8893900
2019-01-10,9.201,9.3345,9.1342,9.2544,8717900
2019-01-11,9.3345,9.3479,9.201,9.2544,4977000
2019-01-14,9.2811,9.3212,9.1743,9.2544,2655300
2019-01-15,9.2144,9.2811,9.1609,9.2411,2927400
2019-01-16,9.2544,9.2544,8.9473,9.0675,5221400
2019-01-17,9.1209,9.1342,9.0675,9.0808,5566800
2019-01-18,9.0808,9.1342,9.0007,9.1342,4770500
2019-01-22,9.1609,9.1876,9.0274,9.1476,4075900
2019-01-23,9.1342,9.1476,8.9873,9.0407,9293800
2019-01-24,9.0808,9.1609,9.014,9.0942,5422300
2019-01-25,9.0808,9.1743,9.0274,9.1075,7424500
2019-01-28,9.1075,9.1075,9.0407,9.0675,4927500
2019-01-29,9.0808,9.1342,8.9873,9.014,4312300
2019-01-30,9.0407,9.0407,8.747,8.7737,7748800
2019-01-31,8.787,8.8538,8.6134,8.6134,10556000
2019-02-04,8.8137,8.8137,8.6401,8.6401,2721700
2019-02-07,8.787,9.0007,8.6935,8.9606,4050800
2019-02-08,8.8538,8.9206,8.7737,8.8137,4724500
2019-02-11,8.8671,8.8671,8.7737,8.787,2295900
2019-02-12,8.8137,8.8671,8.6935,8.747,2740300
2019-02-13,8.8137,8.8137,8.7069,8.7202,1289400
2019-02-14,8.7069,8.7603,8.6935,8.6935,3021800
2019-02-15,8.7202,8.7336,8.6535,8.7069,1678900
2019-02-18,8.7069,8.7202,8.6668,8.6802,2535700
2019-02-19,8.6935,9.0007,8.6668,8.8939,6057900
2019-02-20,8.9473,9.014,8.8137,8.9339,8973500
2019-02-21,8.9339,9.014,8.8538,9.014,5863400
2019-02-22,9.0007,9.0007,8.8939,8.974,4243600
2019-02-25,9.0007,9.0808,8.9072,9.014,2729900
2019-02-26,9.0007,9.014,8.9473,8.974,1694500
2019-02-27,8.974,9.014,8.9339,9.0007,1781600
2019-02-28,9.014,9.014,8.9473,8.9606,5243700
2019-03-01,8.6802,8.747,8.6134,8.7336,10247800
2019-03-04,8.6535,8.6935,8.6134,8.6535,4211200
2019-03-05,8.5466,8.5867,8.5333,8.5466,7902600
2019-03-06,8.5333,8.6001,8.4799,8.5466,5228600
2019-03-07,8.4932,8.5867,8.4932,8.56,3646200
2019-03-08,8.5734,8.5867,8.4265,8.4799,5050700
2019-03-11,8.4932,8.4932,8.373,8.4265,4180800
2019-03-12,8.4398,8.4665,8.3997,8.4398,2033100
2019-03-13,8.4398,8.4799,8.4131,8.4799,3405800
2019-03-14,8.4799,8.4932,8.4131,8.4398,2189700
2019-03-15,8.4532,8.6401,8.4265,8.4665,9868800
2019-03-18,8.4799,8.7336,8.4799,8.7202,3139300
2019-03-19,8.7336,8.8538,8.6802,8.8137,1887500
2019-03-20,8.787,8.8004,8.6535,8.6935,2634700
2019-03-21,8.6935,8.747,8.5867,8.6001,2273200
2019-03-22,8.6668,8.7202,8.5333,8.6001,2963400
2019-03-25,8.5066,8.5734,8.4799,8.5199,2114000
2019-03-26,8.5333,8.5867,8.373,8.5199,5370400
2019-03-27,8.5675,8.5811,8.5267,8.5539,1700400
2019-03-28,8.5403,8.5947,8.4587,8.5131,4800100
2019-03-29,8.5947,8.6491,8.4995,8.6083,5177900
2019-04-01,8.6355,8.6627,8.5131,8.5811,3600500
2019-04-02,8.6219,8.6491,8.5267,8.5539,2333900
2019-04-03,8.5947,8.6083,8.5131,8.5267,1230400
2019-04-04,8.5403,8.6355,8.4995,8.5947,2309800
2019-04-05,8.5675,8.6491,8.5675,8.5811,3612600
2019-04-08,8.5539,8.5811,8.5403,8.5675,1866800
2019-04-09,8.5811,8.6083,8.5403,8.5675,2455000
2019-04-10,8.5675,8.6083,8.5539,8.5539,2864700
2019-04-11,8.5403,8.6083,8.0236,8.2004,15749800
2019-04-12,8.2955,8.3907,8.282,8.3499,14561000
2019-04-15,8.3635,8.4179,8.3363,8.3771,4147900
2019-04-16,8.3635,8.4315,8.3363,8.3635,6522300
2019-04-17,8.2955,8.3907,8.1732,8.2004,10675400
2019-04-18,8.2955,8.2955,8.1732,8.2684,5115400
2019-04-19,8.2684,8.2955,8.2004,8.2548,7851700
2019-04-22,8.2684,8.3635,8.2412,8.2684,3876900
2019-04-23,8.3363,8.3635,8.282,8.3499,2190400
2019-04-24,8.3635,8.4859,8.3227,8.3907,7067600
2019-04-25,8.3771,8.4043,8.1732,8.2684,8818400
2019-04-26,8.3091,8.3091,8.214,8.2548,2628300
2019-04-29,8.2547,8.3363,8.2004,8.2955,3438700
2019-04-30,8.2955,8.3771,8.2548,8.3499,19979400
2019-05-02,8.3499,8.4179,8.3363,8.3499,10494100
2019-05-03,8.3499,8.3635,8.2684,8.3635,1431100
2019-05-06,8.2956,8.3227,8.1324,8.3091,3166700
2019-05-07,8.2276,8.3091,8.1868,8.2548,3409900
2019-05-08,8.2548,8.2548,8.1596,8.1732,8025000
2019-05-09,8.1596,8.2684,8.1052,8.1188,9539200
2019-05-10,8.1052,8.1596,8.0236,8.0236,4911700
2019-05-13,8.0372,8.0916,7.942,7.9828,6679000
2019-05-14,7.874,8.078,7.6836,8.0236,9084200
2019-05-15,8.0236,8.0508,7.9148,8.01,11453000
2019-05-16,8.01,8.01,7.9148,7.9148,5703200
2019-05-17,7.9012,7.9964,7.8196,7.874,3369800
2019-05-21,7.874,7.9692,7.8604,7.942,3092000
2019-05-23,7.9284,8.0236,7.8876,7.9284,7720800
2019-05-24,7.9284,7.9828,7.8332,7.8468,2628700
2019-05-27,7.9284,7.9284,7.6564,7.7244,7699100
2019-05-28,7.7516,8.0916,7.6428,7.9284,23416800
2019-05-29,7.9556,8.4859,7.9284,8.3771,17702000
2019-05-30,8.4179,8.6627,8.3227,8.4315,16736500
2019-05-31,8.4995,8.6763,8.3499,8.6355,16369700
2019-06-03,8.5675,8.7715,8.5403,8.7443,6327400
2019-06-04,8.7035,8.7987,8.6491,8.7171,3101500
2019-06-05,8.7171,8.7171,8.7171,8.7171,0
2019-06-06,8.7171,8.7171,8.7171,8.7171,0
2019-06-07,8.8395,8.8395,8.4995,8.6899,5729300
2019-06-10,8.6899,8.7987,8.6627,8.6763,4822000
2019-06-11,8.6763,8.7171,8.4587,8.4859,9124700
2019-06-12,8.4859,8.5539,8.2955,8.5267,9258300
2019-06-13,8.5131,8.5131,8.3091,8.3771,8314400
2019-06-14,8.4043,8.4043,8.2412,8.282,6467400
2019-06-17,8.2955,8.7579,8.2955,8.6627,10395200
2019-06-18,8.6627,8.8395,8.6491,8.8395,5362200
2019-06-19,8.8259,9.0299,8.8123,9.0299,6592700
2019-06-20,9.0163,9.4379,8.9891,9.4379,7235500
2019-06-21,9.3971,9.4515,9.1387,9.4515,16242300
2019-06-24,9.4107,9.4243,9.3291,9.3835,5050200
2019-06-25,9.3835,9.6011,9.3835,9.5195,6252800
2019-06-26,9.4651,9.5875,9.3155,9.3699,2953200
2019-06-27,9.3563,9.4787,9.2883,9.3019,4477400
2019-06-28,9.3155,9.4379,9.3019,9.4107,4837300
2019-07-01,9.4243,9.5331,9.4243,9.4923,2351700
2019-07-02,9.5195,9.6691,9.5059,9.6691,4566800
2019-07-03,9.6419,9.6827,9.5603,9.6827,2889600
2019-07-04,9.6555,9.7099,9.6011,9.6147,2171700
2019-07-05,9.6419,9.6419,9.1387,9.2475,9413600
2019-07-08,9.1795,9.4651,9.1115,9.3971,3118000
2019-07-09,9.4379,9.4651,9.3155,9.4107,2244400
2019-07-10,9.3971,9.4107,9.2611,9.3427,2140100
2019-07-11,9.3835,9.4107,9.2883,9.3291,1728800
2019-07-12,9.3291,9.3971,9.2611,9.3019,1628600
2019-07-15,9.3019,9.4379,9.1795,9.4379,2434500
2019-07-16,9.4243,9.4243,9.2883,9.3699,2844900
2019-07-17,9.3019,9.3291,9.2067,9.2203,2209900
2019-07-18,9.2339,9.2747,9.1115,9.1251,2813300
2019-07-19,9.1523,9.3155,9.1523,9.2747,2593500
2019-07-22,9.2747,9.3427,9.1795,9.3427,2503900
2019-07-23,9.3155,9.4923,9.2883,9.3971,3040000
2019-07-24,9.3563,9.4107,9.2475,9.3427,3444500
2019-07-25,9.3427,9.4243,9.2611,9.3427,7117000
2019-07-26,9.3427,9.3563,9.2611,9.2611,3471000
2019-07-29,9.2747,9.3291,9.1251,9.2611,3274900
2019-07-31,9.2747,9.5467,9.2747,9.3971,14630200
2019-08-01,9.3971,9.5603,9.3563,9.5467,18466400
2019-08-02,9.4651,9.5195,9.3427,9.4243,6221500
2019-08-05,9.4107,9.4107,9.3427,9.3699,5471200
2019-08-06,9.2475,9.5059,9.2475,9.4107,9207100
2019-08-07,9.4107,9.4515,9.4107,9.4107,5123000
2019-08-08,9.4923,9.5195,9.4107,9.4107,3415400
2019-08-09,9.4243,9.4651,9.3835,9.3971,4969400
2019-08-13,9.5195,9.5195,9.2339,9.2475,3860500
2019-08-14,9.3427,9.3699,9.2339,9.2611,3756800
2019-08-15,9.2067,9.3291,9.1251,9.3291,3602200
2019-08-16,9.3019,9.3291,9.2611,9.3019,2272800
2019-08-19,9.3019,9.3835,9.2747,9.3019,3702500
2019-08-20,9.3427,9.3563,9.2611,9.3155,2628500
2019-08-21,9.3155,9.3291,9.2611,9.2883,1886800
2019-08-22,9.2883,9.3563,9.2611,9.2883,3656300
2019-08-23,9.2883,9.4107,9.2611,9.3563,2726400
2019-08-26,9.2339,9.3155,9.1795,9.3155,4730200
2019-08-27,9.2747,9.3155,9.2475,9.2475,10720200
2019-08-28,9.2611,9.3835,9.2339,9.3427,1820200
2019-08-29,9.3835,9.4379,9.3155,9.3835,4757400
2019-08-30,9.4243,9.4923,9.3563,9.4923,7153000
2019-09-03,9.4787,9.5195,9.3291,9.3563,5494800
2019-09-04,9.3563,9.3971,9.3019,9.3563,3689100
2019-09-05,9.3563,9.4787,9.3291,9.3835,2142000
2019-09-06,9.3835,9.4243,9.3699,9.3971,1902500
2019-09-10,9.5059,9.5467,9.4379,9.5195,5586700
2019-09-11,9.5195,9.5603,9.4379,9.4787,3186100
2019-09-12,9.4243,9.4515,9.3835,9.3835,1631800
2019-09-13,9.3427,9.4107,9.3427,9.3699,1624000
2019-09-17,9.3971,9.4107,9.2067,9.2611,5229600
2019-09-18,9.2475,9.3155,9.2203,9.2475,1962300
2019-09-19,9.2475,9.3155,9.2475,9.2611,1400300
2019-09-20,9.3291,9.3563,9.2475,9.3155,8668300
2019-09-23,9.3155,9.3427,9.2475,9.2747,1082300
2019-09-24,9.3155,9.3155,9.2339,9.2747,3500800
2019-09-25,9.2883,9.3427,9.2747,9.3291,3999600
2019-09-26,9.3155,9.3563,9.2883,9.3291,3886200
2019-09-27,9.3847,9.482,9.3291,9.4542,2468800
2019-09-30,9.3847,9.482,9.3708,9.482,3789700
2019-10-01,9.4542,9.5237,9.4403,9.5237,747800
2019-10-02,9.4542,9.5098,9.4542,9.4542,1106300
2019-10-03,9.4125,9.482,9.4125,9.4403,2350400
2019-10-04,9.4403,9.4403,9.3847,9.3986,3185700
2019-10-07,9.3986,9.4959,9.3847,9.482,1253500
2019-10-08,9.4542,9.5376,9.4403,9.5237,4424500
2019-10-09,9.4681,9.5237,9.3986,9.4542,2751900
2019-10-10,9.4542,9.5237,9.4542,9.4959,1775000
2019-10-11,9.4681,9.6628,9.4681,9.6489,1930200
2019-10-14,9.6628,9.6906,9.5655,9.5933,2806400
2019-10-15,9.5794,9.5933,9.5237,9.5237,1986000
2019-10-16,9.5515,9.5933,9.5376,9.5654,3296100
2019-10-17,9.5376,9.5794,9.4681,9.5654,2944200
2019-10-18,9.482,9.6628,9.482,9.5933,1744200
2019-10-21,9.5655,9.6211,9.482,9.5933,1749500
2019-10-22,9.5237,9.5933,9.5237,9.5933,3115600
2019-10-23,9.5237,9.5933,9.4681,9.5098,2042500
2019-10-24,9.5237,9.635,9.5098,9.635,3834200
2019-10-25,9.635,9.635,9.5098,9.6211,3572000
2019-10-29,9.6628,9.6628,9.482,9.5654,3223100
2019-10-30,9.6211,9.635,9.5376,9.5933,1860800
2019-10-31,9.5654,9.6906,9.5654,9.635,6784200
2019-11-01,9.635,9.6906,9.5933,9.6489,2394000
2019-11-04,9.6628,9.7323,9.635,9.7323,2534500
2019-11-05,9.6628,9.7323,9.635,9.7323,3639400
2019-11-06,9.7323,9.7323,9.6628,9.6767,1936900
2019-11-07,9.7184,9.7184,9.6211,9.6767,3201800
2019-11-08,9.635,9.7184,9.6072,9.6211,2369600
2019-11-11,9.6211,9.635,9.5237,9.5933,2182300
2019-11-12,9.635,9.7184,9.5098,9.5098,2847300
2019-11-13,9.5098,9.635,9.482,9.5794,2803100
2019-11-14,9.5794,9.6072,9.4542,9.4542,2213400
2019-11-15,9.4681,9.5098,9.4264,9.5098,2567000
2019-11-18,9.5098,9.5237,9.4264,9.5237,2023300
2019-11-19,9.482,9.5794,9.4542,9.5654,2674300
2019-11-20,9.4959,9.5237,9.4542,9.4959,3332000
2019-11-21,9.482,9.482,9.3569,9.3708,6828000
2019-11-22,9.3569,9.5654,9.3569,9.4403,6442500
2019-11-25,9.4403,9.482,9.3986,9.4125,2059400
2019-11-26,9.3847,9.5376,9.3152,9.3152,10648100
2019-11-27,9.343,9.482,9.3291,9.4264,3409200
2019-11-28,9.4542,9.6072,9.4403,9.5376,4033300
2019-11-29,9.4125,9.4125,9.0232,9.1484,11154300
2019-12-02,9.1484,9.1484,9.0371,9.0927,3664200
2019-12-03,9.0927,9.0927,8.9676,9.051,4017200
2019-12-04,9.0232,9.3847,9.0232,9.3152,5367200
2019-12-05,9.3569,9.3986,9.1762,9.2179,4785100
2019-12-06,9.1901,9.3569,9.1901,9.3291,1814500
2019-12-09,9.343,9.343,9.1623,9.1901,3198000
2019-12-10,9.2735,9.2735,9.1066,9.2179,2239700
2019-12-11,9.1484,9.2457,9.051,9.0927,7324800
2019-12-12,9.0927,9.204,9.0788,9.1344,3868900
2019-12-13,9.2179,9.2596,9.1623,9.1623,2441400
2019-12-16,9.1623,9.1623,9.0649,9.0788,5327000
2019-12-17,9.0788,9.1901,9.051,9.1901,4375100
2019-12-18,9.204,9.204,9.1066,9.1623,2669500
2019-12-19,9.1205,9.3708,9.0927,9.1205,2985800
2019-12-20,9.1344,9.3152,9.0927,9.3013,6758900
2019-12-23,9.2457,9.4542,9.1623,9.4125,2060300
2019-12-24,9.3986,9.4125,9.2596,9.2596,1006700
2019-12-26,9.2596,9.3291,9.2457,9.3013,216200
2019-12-27,9.2596,9.2596,9.1762,9.2179,1746500
2019-12-30,9.1901,9.4125,9.1901,9.4125,2153700
2019-12-31,9.3291,9.343,9.1901,9.2179,3382700
2020-01-02,9.1901,9.2874,9.1762,9.2457,1133800
2020-01-03,9.2457,9.3152,9.1901,9.2179,2095300
2020-01-06,9.204,9.204,9.0649,9.1066,2370500
2020-01-07,9.1205,9.2179,8.9954,9.0788,3513300
2020-01-08,9.0788,9.0788,8.9676,9.0232,1977000
2020-01-09,9.051,9.1205,8.9815,9.0649,2900000
2020-01-10,9.0371,9.0371,9.0232,9.0232,2595800
2020-01-13,9.0232,9.0371,8.9954,9.0093,5878200
2020-01-14,9.0093,9.0093,8.7869,8.9676,3522700
2020-01-15,8.8981,8.9676,8.8425,8.9676,5254500
2020-01-16,8.9537,8.9676,8.773,8.9676,6268300
2020-01-17,8.9676,9.0232,8.8703,8.9676,4422900
2020-01-20,8.9954,9.0371,8.9676,8.9954,2805200
2020-01-21,9.0093,9.0232,8.9398,8.9537,2921400
2020-01-22,8.912,8.9537,8.912,8.9537,4489700
2020-01-23,8.8703,8.9259,8.8147,8.912,3637100
2020-01-24,8.8286,8.9537,8.7173,8.9537,4095600
2020-01-28,8.773,8.912,8.6895,8.8564,6493000
2020-01-29,8.8286,8.8425,8.7034,8.7313,7681400
2020-01-30,8.7591,8.7591,8.6339,8.6756,7722600
2020-01-31,8.6756,8.7591,8.62,8.6617,7462600
2020-02-03,8.62,8.7173,8.5644,8.6617,3540300
2020-02-04,8.7034,8.8842,8.6617,8.8425,5591000
2020-02-05,8.8425,8.912,8.7591,8.8703,5074300
2020-02-06,8.8703,9.0371,8.8425,8.9537,4873700
2020-02-07,8.9954,9.0232,8.8564,8.8564,4294900
2020-02-10,8.8842,8.8842,8.5366,8.6895,6783300
2020-02-11,8.7313,8.8286,8.6756,8.7869,2394500
2020-02-12,8.7591,8.8564,8.7591,8.7869,4060500
2020-02-13,8.773,8.7869,8.7452,8.7452,2690000
2020-02-14,8.7591,8.8286,8.7452,8.8147,2246500
2020-02-17,8.8147,8.8425,8.6895,8.6895,3001300
2020-02-18,8.6895,8.7869,8.6895,8.7591,1004400
2020-02-19,8.7869,8.7869,8.7173,8.7591,1573700
2020-02-20,8.8286,9.0232,8.7591,8.8842,4564700
2020-02-21,8.8008,8.9259,8.8008,8.8842,6355800
2020-02-24,8.7313,8.8703,8.342,8.4393,9397000
2020-02-25,8.342,8.6061,8.342,8.5505,6867500
2020-02-26,8.4671,8.7173,8.4393,8.6061,6991800
2020-02-27,8.5644,8.7034,8.5644,8.6895,3595100
2020-02-28,8.5227,8.6617,8.3559,8.4115,10689300
2020-03-02,8.5088,8.8147,8.5088,8.6895,9136800
2020-03-03,8.7452,8.7591,8.5922,8.6895,6204000
2020-03-04,8.7173,8.773,8.6756,8.7452,4487100
2020-03-05,8.8147,8.8147,8.7591,8.7869,5164300
2020-03-06,8.7869,8.7869,8.6895,8.7591,7289300
2020-03-09,8.6895,8.7313,8.5783,8.6895,6805300
2020-03-10,8.5922,8.9398,8.5644,8.6895,4741400
2020-03-11,8.6895,8.8703,8.6617,8.773,5274200
2020-03-12,8.62,8.7313,8.6061,8.6339,10233000
2020-03-13,8.6339,8.6339,8.6339,8.6339,0
2020-03-16,8.0639,8.2168,7.6468,7.8553,9167000
2020-03-17,7.5634,7.8553,7.5078,7.8136,10500000
2020-03-18,7.8832,7.9805,7.8414,7.9388,8143700
2020-03-19,7.8553,7.9388,7.7858,7.8692,5817400
2020-03-20,7.8553,8.5227,7.8553,8.3559,13145500
2020-03-23,8.1751,8.3281,8.1473,8.2724,4771100
2020-03-24,8.3003,8.5644,8.2168,8.2168,3833200
2020-03-25,8.3976,8.4949,8.3559,8.4115,4519900
2020-03-26,8.4115,8.5227,8.3003,8.4949,4333700
2020-03-27,8.5088,8.6617,8.4949,8.62,6475700
2020-03-30,8.5906,8.7379,8.3548,8.6937,5053000
2020-03-31,8.6937,8.9442,8.62,8.8558,11458300
2020-04-01,8.8411,8.8411,8.6495,8.7084,5607500
2020-04-02,8.6348,8.7968,8.5464,8.7674,2416700
2020-04-03,8.7821,8.7968,8.7232,8.7821,5681600
2020-04-06,8.8116,8.9147,8.7821,8.9147,4666600
2020-04-07,8.9884,9.0031,8.8116,8.9884,7511900
2020-04-08,8.9884,8.9884,8.7968,8.7968,8302700
2020-04-09,8.8853,8.8853,8.8411,8.8705,4437000
2020-04-10,8.8558,8.9295,8.8558,8.8705,4346800
2020-04-13,8.8705,8.9147,8.8705,8.8705,2350400
2020-04-14,8.9442,8.9884,8.8853,8.9442,6557800
2020-04-15,8.9442,9.2094,8.8853,9.0179,5399000
2020-04-16,9.0179,9.342,8.9737,9.0179,5986400
2020-04-17,9.1947,9.6515,9.1947,9.3568,7552300
2020-04-20,9.5189,9.5336,9.2831,9.2831,4016000
2020-04-21,9.2094,9.2831,9.121,9.2094,3260200
2020-04-22,9.0326,9.2831,9.0326,9.2094,2900300
2020-04-23,9.2094,9.3568,9.0179,9.0621,3571700
2020-04-24,8.8705,9.0031,8.7674,8.9589,10028700
2020-04-27,8.9442,9.0326,8.8853,8.8853,9523800
2020-04-28,8.9147,8.9884,8.8705,8.9147,7586200
2020-04-29,8.9884,9.0621,8.9147,8.9147,3623300
2020-04-30,8.9737,9.1652,8.9589,9.0179,6569400
2020-05-04,8.9737,8.9737,8.8705,8.9295,5768800
2020-05-05,8.9295,9.2094,8.9295,9.121,3354500
2020-05-06,9.0621,9.1947,8.9589,8.9589,2835300
2020-05-08,9.18,9.1947,9.0473,9.0915,5005100
2020-05-12,9.0326,9.121,8.9295,9.0915,3490900
2020-05-13,9.0031,9.0031,8.7674,8.9147,5908200
2020-05-14,8.9147,9.1358,8.9,8.9589,4466100
2020-05-15,8.9737,9.1358,8.9737,8.9884,2897100
2020-05-18,9.0326,9.1063,8.8558,8.9295,3151100
2020-05-19,9.0031,9.0473,8.9442,8.9589,5837800
2020-05-20,8.9884,9.1652,8.9295,9.1652,2434000
2020-05-21,9.18,9.1947,8.9737,9.0179,2489400
2020-05-22,9.0179,9.0768,8.9884,8.9884,2808400
2020-05-27,9.1358,9.1652,8.9442,8.9884,4069600
2020-05-28,8.9589,9.0179,8.7674,8.7674,11913500
2020-05-29,8.7674,8.8411,8.2959,8.2959,82753800
2020-06-02,8.2959,8.2959,8.2959,8.2959,0
2020-06-03,8.8853,8.9147,8.7674,8.8263,6203900
2020-06-04,8.8705,8.9884,8.679,8.8558,7049100
2020-06-05,8.7674,8.8558,8.7379,8.8116,7007600
2020-06-09,8.4285,8.8116,8.3695,8.7674,11276600
2020-06-10,8.7674,8.8263,8.7084,8.8116,4464600
2020-06-11,8.8116,8.8853,8.7379,8.8116,4786500
2020-06-12,8.7232,8.7821,8.6937,8.7526,1979900
2020-06-15,8.7526,8.8263,8.6348,8.7084,4502100
2020-06-16,8.8263,8.8853,8.7232,8.8411,2270700
2020-06-17,8.7968,8.8411,8.7084,8.7526,4035900
2020-06-18,8.7674,8.7674,8.62,8.6937,2414500
2020-06-19,8.679,8.7968,8.679,8.6937,6676500
2020-06-22,8.679,8.7379,8.6495,8.679,2083500
2020-06-23,8.6937,8.7674,8.62,8.7526,4359600
2020-06-24,8.7232,8.7379,8.62,8.6495,4687600
2020-06-25,8.6348,8.679,8.4874,8.5316,5913500
2020-06-26,8.5464,8.5758,8.4285,8.4579,4683300
2020-06-29,8.4727,8.5906,8.4285,8.5169,3313700
2020-06-30,8.5464,8.6642,8.5169,8.5611,5647400
2020-07-01,8.5611,8.6495,8.4727,8.4727,3108400
2020-07-02,8.4874,8.5169,8.4432,8.5169,6127400
2020-07-03,8.6053,8.679,8.5464,8.6642,1862700
2020-07-06,8.679,8.7674,8.6348,8.7379,3077900
2020-07-07,8.7526,8.7526,8.4579,8.5464,6801500
2020-07-08,8.4874,8.6053,8.4727,8.5169,5090800
2020-07-09,8.4874,8.5169,8.4579,8.4579,3669600
2020-07-10,8.4579,8.4727,8.2664,8.3695,7161800
2020-07-13,8.3401,8.3695,8.3253,8.3401,4258700
2020-07-14,8.3401,8.4579,8.3106,8.4285,4144800
2020-07-15,8.4285,8.5906,8.3695,8.3695,5130700
2020-07-16,8.399,8.4137,8.3401,8.3695,2956900
2020-07-17,8.3695,8.5169,8.3695,8.5021,3706600
2020-07-20,8.5464,8.5464,8.3253,8.3548,3219800
2020-07-21,8.4137,8.4874,8.3695,8.399,3197100
2020-07-22,8.399,8.4432,8.3253,8.3253,3338900
2020-07-23,8.3695,8.4432,8.3106,8.3548,2586100
2020-07-24,8.3253,8.3401,8.2664,8.2811,3707100
2020-07-27,8.2959,8.3548,8.2959,8.3253,1991500
2020-07-28,8.3548,8.3843,8.3106,8.3106,4021700
2020-07-29,8.3548,8.4579,8.3106,8.4137,2112900
2020-07-30,8.4432,8.4432,8.3253,8.4285,5112600
2020-08-03,8.3843,8.3843,8.1338,8.178,5570200
2020-08-04,8.2517,8.2517,8.0159,8.0601,5202000
2020-08-05,8.0896,8.119,8.0306,8.0601,2467000
2020-08-06,8.1043,8.2222,8.0748,8.1043,1682700
2020-08-07,8.119,8.1485,8.0896,8.119,2632100
2020-08-10,8.178,8.2369,8.1043,8.119,1197100
2020-08-11,8.1338,8.1632,8.0896,8.1043,1659100
2020-08-12,8.1043,8.2369,8.0896,8.2074,1935600
2020-08-13,8.1338,8.3106,8.1338,8.2222,2588500
2020-08-14,8.2074,8.2516,8.1485,8.1927,2399500
2020-08-17,8.1927,8.2369,8.178,8.1927,2968600
2020-08-18,8.2369,8.2811,8.178,8.2222,3414700
2020-08-19,8.2222,8.2222,8.1043,8.1043,2807200
2020-08-21,8.1043,8.1485,8.0748,8.1043,3232400
2020-08-24,8.1043,8.1485,8.0748,8.1043,1514100
2020-08-25,8.0454,8.178,8.0159,8.119,2801200
2020-08-26,8.1485,8.2369,8.0159,8.1043,2848100
2020-08-27,8.1485,8.1927,8.0896,8.1927,2790900
2020-08-28,8.178,8.2516,8.0012,8.0012,8347300
2020-09-01,8.1043,8.1338,8.0159,8.0896,6385700
2020-09-02,8.0748,8.3253,8.0748,8.2811,4467200
2020-09-03,8.2959,8.2959,8.1043,8.1338,4013600
2020-09-04,8.1043,8.2222,8.0601,8.2222,2764600
2020-09-07,8.1927,8.1927,8.1043,8.1485,677300
2020-09-08,8.1338,8.3401,8.119,8.3401,1976800
2020-09-09,8.178,8.2811,8.178,8.2369,2863600
2020-09-10,8.2664,8.4727,8.1927,8.4727,4320200
2020-09-11,8.4579,8.4579,8.2074,8.4137,3125500
2020-09-14,8.3401,8.3548,8.2369,8.2369,3699300
2020-09-15,8.2517,8.2664,8.1043,8.1043,6823600
2020-09-17,8.1485,8.178,8.0748,8.1338,3922000
2020-09-18,8.1338,8.2222,8.0306,8.0306,10011200
2020-09-21,8.0748,8.119,8.0159,8.0306,4579500
2020-09-22,8.0748,8.178,8.0306,8.119,2173700
2020-09-23,8.119,8.1485,8.0306,8.0306,2233800
2020-09-24,8.0601,8.0601,7.9717,7.9717,4245400
2020-09-25,8.0012,8.0748,7.9717,8.0159,2485900
2020-09-28,8.0896,8.0896,7.9717,7.9864,3654000
2020-09-29,8.0015,8.0917,7.9714,7.9714,4661600
2020-09-30,8.0165,8.0165,7.8962,7.8962,2879200
2020-10-01,7.9263,7.9263,7.7909,7.8059,2545300
2020-10-02,7.8059,7.8661,7.6706,7.7909,3204600
2020-10-05,7.7909,7.8511,7.7458,7.821,1601400
2020-10-06,7.8511,7.9563,7.7909,7.9263,2232200
2020-10-07,7.9413,7.9413,7.7007,7.7007,4377200
2020-10-08,7.7608,7.7909,7.6405,7.7157,4310300
2020-10-09,7.7307,7.8661,7.6706,7.821,2795300
2020-10-12,7.821,7.821,7.6706,7.6706,2476400
2020-10-13,7.6706,7.7458,7.6405,7.6555,9623300
2020-10-14,7.6706,7.7007,7.5653,7.5803,6803300
2020-10-15,7.5803,7.5803,7.5202,7.5352,6626100
2020-10-16,7.5502,7.5803,7.5202,7.5202,4300900
2020-10-19,7.5352,7.5954,7.5202,7.5653,3030900
2020-10-20,7.5653,7.5803,7.5202,7.5352,3463900
2020-10-21,7.5803,7.5954,7.5352,7.5352,2772600
2020-10-22,7.5352,7.5803,7.46,7.5803,3945900
2020-10-23,7.5803,7.5803,7.5051,7.5126,2915700
2020-10-26,7.5202,7.5502,7.4826,7.4976,2188200
2020-10-27,7.5202,7.5202,7.4299,7.4374,5262000
2020-10-28,7.445,7.445,7.3472,7.3547,3490200
2020-10-30,7.3622,7.3698,7.1442,7.1742,7355500
2020-11-02,7.1742,7.257,7.1442,7.2194,2277700
2020-11-03,7.2946,7.2946,7.1742,7.1818,2004700
2020-11-04,7.2269,7.2795,7.1893,7.2494,1336200
2020-11-05,7.272,7.6405,7.272,7.5653,5583100
2020-11-06,7.5653,7.7759,7.5202,7.7458,3167000
2020-11-09,7.7458,7.8059,7.5954,7.7157,2884400
2020-11-10,7.7608,8.4527,7.7608,8.4226,14320600
2020-11-11,8.4226,8.573,8.1368,8.5279,9894400
2020-11-12,8.4677,8.6332,8.3474,8.6332,8393600
2020-11-13,8.558,8.588,8.3775,8.5128,3677500
2020-11-16,8.5128,8.5579,8.3173,8.4226,3424500
2020-11-17,8.4376,8.6332,8.4226,8.588,6332000
2020-11-18,8.573,8.6332,8.4677,8.4677,3861800
2020-11-19,8.4677,8.558,8.3474,8.4527,3934600
2020-11-20,8.4527,8.4527,8.3624,8.4075,3869300
2020-11-23,8.4075,8.4376,8.212,8.212,3185300
2020-11-24,8.2271,8.3023,8.1218,8.1218,4192300
2020-11-25,8.1368,8.2722,8.1218,8.2571,3488600
2020-11-26,8.2571,8.3173,8.1669,8.2722,4086600
2020-11-27,8.2722,8.3624,8.0616,8.0616,4461600
2020-11-30,8.0917,8.197,7.5803,7.5803,18894700
2020-12-01,7.8059,8.2421,7.7909,8.1669,7214900
2020-12-02,8.1669,8.1819,7.9864,8.1218,5399600
2020-12-03,8.1218,8.3323,8.1218,8.2722,5389100
2020-12-04,8.2722,8.3023,8.1819,8.2271,1685900
2020-12-07,8.2271,8.2571,8.1519,8.197,2622700
2020-12-08,8.212,8.2722,8.0767,8.0917,6904100
2020-12-09,8.1067,8.1067,7.9413,8.0015,8009400
2020-12-10,8.0315,8.0315,7.8962,7.8962,9752400
2020-12-11,7.9413,7.9563,7.7608,7.7759,20674000
2020-12-14,7.836,8.1368,7.8059,7.9714,8547200
2020-12-15,7.9864,8.212,7.9413,8.1218,10650900
2020-12-16,8.1819,8.212,8.0767,8.1218,4429800
2020-12-17,8.1368,8.1669,8.0466,8.1218,4121400
2020-12-18,8.1669,8.1669,8.0165,8.1067,4863800
2020-12-21,8.0616,8.0616,7.9864,8.0315,2444800
2020-12-22,8.0165,8.0315,7.9413,7.9563,2699700
2020-12-23,7.9714,8.0466,7.9563,8.0315,1654600
2020-12-24,8.0315,8.0917,7.9714,8.0466,1335600
2020-12-28,8.0616,8.1218,7.9563,7.9563,3809400
2020-12-29,7.9714,8.0015,7.8811,7.9563,4648900
2020-12-30,7.9563,7.9563,7.8661,7.9112,4909200
2020-12-31,7.9413,7.9413,7.836,7.836,4897900
2021-01-04,7.9112,7.9413,7.8661,7.8661,4180700
2021-01-05,7.8811,7.9563,7.836,7.9263,4030100
2021-01-06,7.9263,7.9263,7.7458,7.836,6430700
2021-01-07,7.8059,7.9563,7.6104,7.9112,6756300
2021-01-08,7.8811,7.9112,7.7007,7.9112,7002400
2021-01-11,7.821,7.821,7.6856,7.7007,4990900
2021-01-12,7.7007,7.7307,7.5803,7.6104,4237600
2021-01-13,7.6405,7.7608,7.6405,7.6706,6104300
2021-01-14,7.7157,7.7307,7.5954,7.6104,9111400
2021-01-15,7.6405,7.6856,7.6104,7.6555,3350300
2021-01-18,7.6706,7.6856,7.5803,7.5803,3817700
2021-01-19,7.5803,7.6104,7.5202,7.5202,7008000
2021-01-20,7.5502,7.5653,7.4901,7.4901,8992900
2021-01-21,7.5202,7.5653,7.4074,7.4299,9412200
2021-01-22,7.4299,7.4826,7.3547,7.3547,9679700
2021-01-25,7.3622,7.3773,7.257,7.257,12035600
2021-01-26,7.3021,7.3698,7.2645,7.2946,9785700
2021-01-27,7.3472,7.4976,7.2946,7.3547,9394200
2021-01-29,7.3622,7.3923,7.257,7.257,10991600
2021-02-02,7.3547,7.3998,7.257,7.2645,7565800
2021-02-03,7.287,7.3923,7.2645,7.2645,12781100
2021-02-04,7.287,7.3397,7.2795,7.2946,5606100
2021-02-05,7.3322,7.4224,7.287,7.2946,8061200
2021-02-08,7.3171,7.3472,7.272,7.272,6843100
2021-02-09,7.287,7.3021,7.272,7.2946,5596500
2021-02-10,7.3096,7.3773,7.3096,7.3322,6929900
2021-02-11,7.3698,7.6405,7.3397,7.5653,5508500
2021-02-15,7.6104,7.8059,7.6104,7.6555,5224800
2021-02-16,7.6706,7.6856,7.445,7.445,9060100
2021-02-17,7.4826,7.5126,7.4149,7.4149,4695900
2021-02-18,7.445,7.5126,7.4074,7.4074,5064700
2021-02-19,7.4149,7.4299,7.3773,7.4299,4940300
2021-02-22,7.46,7.4901,7.4074,7.4074,4637700
2021-02-23,7.4074,7.475,7.4074,7.4149,3975600
2021-02-24,7.4374,7.5202,7.4374,7.445,6028500
2021-02-25,7.4826,7.6104,7.4675,7.6104,5105800
2021-02-26,7.5502,7.7458,7.4826,7.5954,15100200
2021-03-01,7.6706,7.7909,7.6706,7.7608,7906200
2021-03-02,7.7759,7.8811,7.7759,7.7909,6137500
2021-03-03,7.8661,7.8811,7.7157,7.8661,6285500
2021-03-04,7.8511,7.8661,7.7909,7.821,4072300
2021-03-05,7.7909,7.821,7.7608,7.7759,4636000
2021-03-08,7.8059,7.8811,7.8059,7.821,4079100
2021-03-09,7.8511,8.0466,7.836,8.0466,5966200
2021-03-10,8.0616,8.1669,8.0015,8.0616,6879700
2021-03-11,8.0616,8.1819,8.0616,8.1218,3936300
2021-03-12,8.1067,8.1669,8.1067,8.1218,2908400
2021-03-15,8.1368,8.1519,7.9864,8.0165,6494500
2021-03-16,8.0767,8.1368,8.0616,8.1067,4068500
2021-03-17,8.1218,8.1519,8.0767,8.1368,3963100
2021-03-18,8.1368,8.1819,8.0917,8.1519,5045200
2021-03-19,8.1519,8.1669,7.9413,7.9413,13377000
2021-03-22,8.0315,8.1368,8.0165,8.0917,4642300
2021-03-23,8.1067,8.1519,8.0466,8.0466,4549600
2021-03-24,8.0616,8.1368,8.0315,8.1368,3718300
2021-03-25,8.1218,8.1368,8.0917,8.0917,3443700
2021-03-26,8.1218,8.1519,8.1067,8.1218,4779900
2021-03-29,8.1368,8.2271,8.1218,8.212,6113300
2021-03-30,8.212,8.2756,8.085,8.2597,6415800
2021-03-31,8.2597,8.2597,8.0214,8.0373,8934000
2021-04-01,8.0532,8.1803,8.0532,8.1485,2638500
2021-04-02,8.1485,8.1803,8.1167,8.1485,1055300
2021-04-05,8.1644,8.1644,8.1008,8.1167,1232800
2021-04-06,8.1485,8.1485,8.0373,8.0691,2355000
2021-04-07,8.1167,8.1485,8.0532,8.1485,3358800
2021-04-08,8.1485,8.1485,8.0532,8.0532,3021300
2021-04-09,8.1008,8.1485,8.085,8.1326,2714300
2021-04-12,8.1326,8.1485,8.085,8.1326,1667300
2021-04-13,8.1485,8.1485,8.085,8.1008,2465700
2021-04-14,8.1008,8.1008,8.0373,8.0691,2512800
2021-04-15,8.0691,8.1326,8.0373,8.0373,2529800
2021-04-16,8.0532,8.0532,8.0055,8.0055,2708000
2021-04-19,8.0214,8.0214,7.942,7.9579,3009600
2021-04-20,7.9738,8.0214,7.942,8.0214,2648400
2021-04-21,8.0055,8.0214,7.9579,7.9579,1581300
2021-04-22,7.9738,7.9896,7.942,7.9738,2332200
2021-04-23,7.9738,7.9738,7.942,7.942,1947700
2021-04-26,7.9579,7.9738,7.942,7.942,3426600
2021-04-27,7.942,7.9579,7.9182,7.9261,4130700
2021-04-28,7.9341,7.9579,7.8864,7.942,2824100
2021-04-30,8.0214,8.0214,7.9102,7.9102,4853800
2021-05-03,7.9182,7.9261,7.8864,7.8864,2754800
2021-05-04,7.9023,7.942,7.8943,7.9182,1274400
2021-05-05,7.9261,7.942,7.8626,7.8626,2803100
2021-05-06,7.8626,7.8943,7.8229,7.8785,4172700
2021-05-07,7.8864,7.8943,7.8626,7.8626,2364600
2021-05-10,7.8626,7.9023,7.8626,7.8626,1535100
2021-05-11,7.8626,7.8705,7.8308,7.8705,1565600
2021-05-12,7.8705,7.8705,7.8229,7.8387,1565100
2021-05-17,7.8467,7.9341,7.8387,7.8705,2834700
2021-05-18,7.8705,7.9341,7.8705,7.9341,1498100
2021-05-19,7.942,7.942,7.8626,7.9182,1792400
2021-05-20,7.8705,7.9182,7.8467,7.8626,2997100
2021-05-21,7.8626,7.9261,7.8229,7.8626,2969100
2021-05-24,7.8626,7.9023,7.8546,7.8943,2436800
2021-05-25,7.8864,7.942,7.8785,7.9182,3670800
2021-05-27,7.9182,7.9896,7.8705,7.9102,9644100
2021-05-28,7.9102,7.9341,7.8864,7.9341,2603500
2021-05-31,7.8705,7.9341,7.8308,7.9023,2750200
2021-06-01,7.9023,7.9182,7.8785,7.8943,1166200
2021-06-02,7.8864,7.9738,7.8626,7.9023,4135700
2021-06-03,7.9023,7.9579,7.9023,7.9261,1960300
2021-06-04,7.9261,7.942,7.8626,7.8864,3033100
2021-06-08,7.9261,7.9896,7.9023,7.9023,3025200
2021-06-09,7.9102,7.9579,7.8864,7.8864,2075200
2021-06-10,7.9023,7.942,7.8864,7.8864,1959600
2021-06-11,7.9023,7.9182,7.8864,7.8943,1741200
2021-06-14,7.9023,7.9896,7.9023,7.9896,1897600
2021-06-15,7.9738,7.9896,7.8943,7.8943,3460500
2021-06-16,7.9102,7.9579,7.8864,7.9579,3252400
2021-06-17,7.942,7.942,7.9023,7.9023,2633100
2021-06-18,7.9102,8.2914,7.8864,8.2914,8094800
2021-06-21,8.0532,8.0691,7.942,7.942,3011100
2021-06-22,7.9579,8.0055,7.9579,7.9738,1939500
2021-06-23,7.9738,7.9738,7.8864,7.8864,3962000
2021-06-24,7.9023,7.9023,7.8308,7.8387,6703600
2021-06-25,7.8546,7.9102,7.8467,7.8626,3081700
2021-06-28,7.8546,7.8626,7.8149,7.8229,3854300
2021-06-29,7.8229,7.8626,7.7832,7.8149,5029500
2021-06-30,7.8149,7.8467,7.7752,7.7752,4943500
2021-07-01,7.7832,7.8149,7.7434,7.7434,3027400
2021-07-02,7.7514,7.7593,7.7196,7.7276,2220400
2021-07-05,7.7434,7.7514,7.7037,7.7276,2646600
2021-07-06,7.7276,7.7593,7.7117,7.7117,2570900
2021-07-07,7.7196,7.7276,7.6958,7.7117,2360000
2021-07-08,7.7037,7.7037,7.6323,7.6402,3709900
2021-07-09,7.6402,7.7037,7.6402,7.6958,2068300
2021-07-12,7.7037,7.7037,7.664,7.6879,1442100
2021-07-13,7.6958,7.7037,7.6481,7.672,3162300
2021-07-14,7.6799,7.6958,7.6402,7.6402,2142800
2021-07-15,7.6481,7.8229,7.6402,7.7196,3118200
2021-07-16,7.7514,7.7514,7.664,7.7037,1405000
2021-07-19,7.7196,7.8308,7.6879,7.7514,3503600
2021-07-21,7.7514,7.7832,7.7117,7.7117,2756400
2021-07-22,7.7196,7.7752,7.7117,7.7355,2062300
2021-07-23,7.7355,7.7593,7.7276,7.7276,3143100
2021-07-26,7.7276,7.7673,7.7037,7.7037,2124200
2021-07-27,7.7117,7.7434,7.7117,7.7276,1395300
2021-07-28,7.7276,7.8149,7.7196,7.7673,1418500
2021-07-29,7.7832,7.7911,7.7037,7.7276,1699800
2021-07-30,7.7276,7.7593,7.6561,7.6561,4463300
2021-08-02,7.6561,7.6879,7.6243,7.6481,3273400
2021-08-03,7.6561,7.7276,7.6561,7.7276,1950600
2021-08-04,7.7117,7.807,7.672,7.807,2474700
2021-08-05,7.7832,7.7832,7.7037,7.7196,1798700
2021-08-06,7.7196,7.7196,7.6323,7.6323,3403200
2021-08-09,7.6481,7.6958,7.6323,7.6879,1131500
2021-08-11,7.6958,7.7673,7.6879,7.7276,1694400
2021-08-12,7.7276,7.7276,7.6481,7.7037,1787300
2021-08-13,7.7196,7.7196,7.6561,7.672,1450700
2021-08-16,7.6561,7.7434,7.6323,7.7434,1380200
2021-08-17,7.7434,7.8943,7.7434,7.8943,4767400
2021-08-18,7.9023,7.9182,7.7752,7.8546,2443300
2021-08-19,7.8308,7.8626,7.7832,7.8626,900500
2021-08-20,7.8626,7.8785,7.8229,7.8229,681800
2021-08-23,7.8229,7.8626,7.8229,7.8387,1181000
2021-08-24,7.8546,7.9341,7.8467,7.9182,1995000
2021-08-25,7.942,8.1644,7.9261,8.1644,7670200
2021-08-26,8.1644,8.1961,8.0691,8.1803,5359900
2021-08-27,8.1803,8.3232,8.1326,8.2438,5857000
2021-08-30,8.2438,8.3867,8.2438,8.3073,8841900
2021-09-01,8.3073,8.3232,8.212,8.212,3888600
2021-09-02,8.2279,8.2914,8.1961,8.2438,3268000
2021-09-03,8.2597,8.2597,8.1485,8.2279,3278400
2021-09-06,8.2279,8.2438,8.1326,8.212,2358300
2021-09-07,8.212,8.212,8.1485,8.212,2227200
2021-09-08,8.212,8.212,8.085,8.1803,3435700
2021-09-09,8.1803,8.2438,8.1167,8.1485,2416900
2021-09-10,8.1485,8.1803,8.1326,8.1803,1225100
2021-09-13,8.1803,8.1803,8.1326,8.1644,1777200
2021-09-14,8.1485,8.1803,8.0532,8.085,3124200
2021-09-15,8.0532,8.0691,7.942,7.942,8919100
2021-09-17,7.942,7.9579,7.8387,7.8626,14833200
2021-09-20,7.8705,7.9102,7.7752,7.7832,9104700
2021-09-21,7.7832,7.8387,7.7673,7.799,5373900
2021-09-22,7.799,7.8546,7.7752,7.7911,6178800
2021-09-23,7.807,7.9341,7.807,7.9341,7554400
2021-09-24,7.942,7.9738,7.8308,7.8308,5985600
2021-09-27,7.8546,7.9023,7.8149,7.8229,5472800
2021-09-28,7.8387,7.8705,7.8308,7.8626,7037500
2021-09-29,7.8788,7.9519,7.8626,7.9194,4217300
2021-09-30,7.9519,7.96,7.8463,7.8626,5537000
2021-10-01,7.8707,7.8869,7.7976,7.7976,6989000
2021-10-04,7.8057,7.8626,7.8057,7.822,4323400
2021-10-05,7.8301,7.8382,7.7976,7.8138,3641200
2021-10-06,7.8301,7.9194,7.8138,7.9113,5950400
2021-10-07,7.8788,7.9113,7.8626,7.9032,2541900
2021-10-08,7.9113,7.9194,7.8788,7.8869,2503400
2021-10-11,7.9032,7.9357,7.8788,7.8869,3717900
2021-10-12,7.8951,7.9113,7.8545,7.8626,5133900
2021-10-13,7.8707,7.9194,7.8545,7.8869,4829700
2021-10-14,7.8951,7.9032,7.8626,7.8788,3360900
2021-10-15,7.8869,7.9032,7.8707,7.8951,3372100
2021-10-18,7.9194,7.9763,7.8951,7.9763,3597100
2021-10-20,8.0007,8.0413,7.9194,7.9276,4872000
2021-10-21,7.9844,7.9925,7.9032,7.9194,2725400
2021-10-22,7.9194,7.96,7.8951,7.9276,2143800
2021-10-25,7.9357,8.0088,7.9194,7.9276,2885000
2021-10-26,7.9438,7.9438,7.8869,7.8869,2592200
2021-10-27,7.9113,7.9113,7.8626,7.8788,4745300
2021-10-28,7.8869,7.8869,7.8382,7.8382,5424100
2021-10-29,7.8545,7.8707,7.8382,7.8463,3717200
2021-11-01,7.8301,7.8463,7.7976,7.7976,5678200
2021-11-02,7.8057,7.8788,7.7976,7.7976,4138300
2021-11-03,7.8138,7.822,7.7814,7.7814,3883800
2021-11-05,7.8057,7.8301,7.7814,7.8057,3068800
2021-11-08,7.8057,7.8626,7.7895,7.8545,2025100
2021-11-09,7.8545,7.8707,7.7976,7.8057,2261900
2021-11-10,7.8138,7.822,7.7814,7.7814,2226400
2021-11-11,7.7813,7.822,7.7813,7.822,2275800
2021-11-12,7.822,7.8301,7.8057,7.8138,2191100
2021-11-15,7.8138,7.8382,7.7895,7.7895,1351600
2021-11-16,7.7976,7.8301,7.7813,7.7895,2430400
2021-11-17,7.7895,7.8057,7.7732,7.7732,2347400
2021-11-18,7.7895,7.7895,7.7651,7.7651,2682900
2021-11-19,7.7651,7.7813,7.7326,7.757,2308400
2021-11-22,7.7814,7.7976,7.7164,7.7164,2758100
2021-11-23,7.7164,7.7489,7.7082,7.7164,3297800
2021-11-24,7.7245,7.7326,7.6595,7.6676,2923300
2021-11-25,7.6758,7.692,7.6189,7.6189,4214900
2021-11-26,7.6351,7.7164,7.6189,7.6189,4427500
2021-11-29,7.6108,7.6108,7.4971,7.5214,8252600
2021-11-30,7.5377,7.6351,7.5052,7.5052,12372100
2021-12-01,7.5052,7.5133,7.4808,7.4889,4143300
2021-12-02,7.4889,7.5214,7.4646,7.4727,6816600
2021-12-06,7.4727,7.4808,7.3265,7.3265,14040500
2021-12-07,7.3265,7.3752,7.3102,7.3427,10274400
2021-12-08,7.3427,7.424,7.3184,7.3265,6770700
2021-12-09,7.3509,7.424,7.3346,7.3996,4072100
2021-12-10,7.4158,7.5458,7.3996,7.4402,5601300
2021-12-13,7.5214,7.5783,7.5133,7.5377,5257400
2021-12-14,7.5377,7.5539,7.4727,7.4971,3472800
2021-12-15,7.4971,7.5458,7.4727,7.5458,1568900
2021-12-16,7.5539,7.5539,7.4971,7.5052,3783200
2021-12-17,7.5214,7.7245,7.5052,7.7245,7124500
2021-12-20,7.6433,7.6758,7.5458,7.5539,6100900
2021-12-21,7.5539,7.5539,7.5052,7.5214,1923000
2021-12-22,7.5214,7.6108,7.5214,7.5702,2166900
2021-12-23,7.5702,7.627,7.5052,7.5214,2615100
2021-12-24,7.5377,7.5783,7.5377,7.562,938300
2021-12-27,7.562,7.6676,7.5458,7.6433,1934100
2021-12-28,7.6514,7.6758,7.5945,7.5945,3426000
2021-12-29,7.6189,7.6189,7.5214,7.6027,3169000
2021-12-30,7.5702,7.5945,7.562,7.5702,1674900
2021-12-31,7.5702,7.6027,7.5377,7.5864,3938100
2022-01-03,7.5783,7.6514,7.4889,7.4971,3500000
2022-01-04,7.5133,7.5377,7.4402,7.4565,4062600
2022-01-05,7.4564,7.4808,7.4077,7.4158,4213000
2022-01-06,7.424,7.424,7.3427,7.3427,6166600
2022-01-07,7.3509,7.3996,7.3346,7.3996,3409800
2022-01-10,7.4158,7.4158,7.3671,7.3752,2600900
2022-01-11,7.3833,7.4077,7.3509,7.3915,5001300
2022-01-12,7.3915,7.4483,7.359,7.3671,4968700
2022-01-13,7.3752,7.3915,7.359,7.3915,3235400
2022-01-14,7.3915,7.3915,7.3346,7.3427,6234400
2022-01-17,7.3509,7.3671,7.3346,7.3427,3037000
2022-01-19,7.3509,7.3833,7.3346,7.3671,3489700
2022-01-20,7.3752,7.4321,7.359,7.3671,3057300
2022-01-21,7.3671,7.4158,7.3509,7.3915,2571700
2022-01-24,7.3915,7.4321,7.3833,7.3996,1688800
2022-01-25,7.3915,7.3996,7.3346,7.359,2719000
2022-01-26,7.359,7.4077,7.359,7.3915,1641200
2022-01-27,7.3915,7.4158,7.3671,7.3996,1579000
2022-01-28,7.4158,7.4321,7.3915,7.3996,1105100
2022-01-31,7.3996,7.4483,7.3996,7.4402,1823500
2022-02-03,7.4402,7.4971,7.4158,7.4889,2984100
2022-02-04,7.4808,7.4808,7.3915,7.3996,1945000
2022-02-07,7.4077,7.4727,7.4077,7.4483,2912300
2022-02-08,7.4727,7.4727,7.3996,7.424,2536400
2022-02-09,7.4321,7.5783,7.4321,7.5214,4784100
2022-02-10,7.5214,7.5458,7.4971,7.5052,3190500
2022-02-11,7.4808,7.4971,7.4321,7.4402,3870600
2022-02-14,7.4402,7.4727,7.3752,7.4077,4116400
2022-02-15,7.424,7.4402,7.3752,7.4158,4725500
2022-02-16,7.4483,7.4971,7.3833,7.3915,4390000
2022-02-17,7.424,7.4727,7.3915,7.4158,4683600
2022-02-18,7.4158,7.4727,7.4077,7.4402,1629100
2022-02-21,7.4321,7.4565,7.3427,7.3427,8084000
2022-02-22,7.3509,7.3671,7.3102,7.3184,6401700
2022-02-23,7.3184,7.4077,7.3184,7.3265,4258700
2022-02-24,7.3346,7.3427,7.2371,7.3102,9523400
2022-02-25,7.3021,7.3346,7.2371,7.3102,6864400
2022-02-28,7.3184,7.4483,7.3184,7.4483,10343100
2022-03-01,7.4483,7.4808,7.3752,7.3996,4377800
2022-03-02,7.3996,7.4321,7.3265,7.3265,6165300
2022-03-03,7.3346,7.4321,7.3265,7.4321,4623300
2022-03-04,7.4077,7.4158,7.3184,7.3427,3374300
2022-03-07,7.3509,7.359,7.2371,7.2371,6792400
2022-03-08,7.2371,7.2371,7.0991,7.1478,10700500
2022-03-09,7.1559,7.1884,7.1234,7.164,4987600
2022-03-10,7.1722,7.3102,7.1722,7.3102,8362900
2022-03-11,7.3102,7.3102,7.229,7.2615,4056000
2022-03-14,7.2696,7.3021,7.2371,7.2778,2573200
2022-03-15,7.294,7.3265,7.2534,7.3265,2887300
2022-03-16,7.3265,7.3915,7.294,7.3915,7030800
2022-03-17,7.3996,7.4158,7.3509,7.3752,4198500
2022-03-18,7.3915,7.6514,7.3752,7.6514,45901200
2022-03-21,7.5296,7.5539,7.4727,7.5133,4878900
2022-03-22,7.5133,7.5539,7.4889,7.5377,1929500
2022-03-23,7.5377,7.5864,7.5214,7.5458,2082600
2022-03-24,7.5539,7.5945,7.5377,7.5945,2032000
2022-03-25,7.562,7.6189,7.5539,7.5702,2662400
2022-03-28,7.5702,7.6027,7.562,7.562,2681400
2022-03-29,7.562,7.5702,7.4808,7.4808,3703300
2022-03-30,7.4808,7.514,7.4394,7.4808,2781300
2022-03-31,7.4642,7.4808,7.4145,7.456,5263500
2022-04-01,7.456,7.5554,7.4477,7.5554,2636500
2022-04-04,7.5554,7.5554,7.4974,7.514,1437200
2022-04-05,7.514,7.514,7.456,7.4642,2422100
2022-04-06,7.4725,7.4974,7.456,7.456,2946900
2022-04-07,7.456,7.4891,7.456,7.4808,2931000
2022-04-08,7.4642,7.4808,7.4642,7.4725,1710300
2022-04-11,7.4808,7.5305,7.4394,7.4477,3233300
2022-04-12,7.4477,7.456,7.4311,7.4477,2521600
2022-04-13,7.456,7.4642,7.4394,7.4477,1642700
2022-04-14,7.456,7.4642,7.4228,7.4228,1627300
2022-04-15,7.4228,7.4477,7.4145,7.4145,1363800
2022-04-18,7.4394,7.456,7.398,7.398,1673600
2022-04-20,7.4063,7.456,7.3731,7.3731,5222100
2022-04-21,7.3731,7.3897,7.3648,7.3648,2345100
2022-04-22,7.3648,7.4228,7.3648,7.4145,2569700
2022-04-25,7.398,7.4063,7.3566,7.3566,2710100
2022-04-26,7.3814,7.4145,7.3648,7.3731,2442100
2022-04-27,7.3731,7.4063,7.3566,7.3731,1575700
2022-04-28,7.3897,7.4891,7.3648,7.4642,3620700
2022-04-29,7.4891,7.5057,7.4477,7.4891,3455800
2022-05-05,7.4974,7.5222,7.3814,7.3897,4553100
2022-05-06,7.3731,7.4145,7.3317,7.3648,5813700
2022-05-09,7.3731,7.4228,7.34,7.4228,2391700
2022-05-10,7.4063,7.4974,7.3648,7.4725,3057600
2022-05-11,7.4725,7.4725,7.4063,7.4063,1967900
2022-05-12,7.4063,7.4808,7.3648,7.3648,2885100
2022-05-13,7.4394,7.5388,7.4394,7.514,8060700
2022-05-17,7.514,7.5802,7.4974,7.5719,4914800
2022-05-18,7.5471,7.6217,7.4477,7.6217,4588500
2022-05-19,7.6051,7.6217,7.5637,7.6051,4490400
2022-05-20,7.6051,7.6631,7.5968,7.6548,3933000
2022-05-23,7.6548,7.6548,7.5719,7.6217,3413300
2022-05-24,7.6217,7.6465,7.4891,7.5719,2890100
2022-05-25,7.5471,7.6134,7.5471,7.6134,1896500
2022-05-26,7.6134,7.6299,7.5885,7.6299,3255200
2022-05-27,7.6299,7.6631,7.5885,7.6631,3500300
2022-05-30,7.6631,7.6631,7.6217,7.6631,2862000
2022-05-31,7.6299,7.6465,7.5719,7.5802,29548000
2022-06-01,7.5719,7.5802,7.4477,7.456,3235000
2022-06-02,7.456,7.456,7.4228,7.4311,2100200
2022-06-03,7.4477,7.4642,7.398,7.398,2611000
2022-06-07,7.4145,7.4311,7.3731,7.3731,3282400
2022-06-08,7.3897,7.4063,7.3648,7.3731,2515500
2022-06-09,7.3648,7.3731,7.282,7.282,6655400
2022-06-10,7.282,7.282,7.1743,7.1743,7361500
2022-06-13,7.1743,7.1743,7.0417,7.05,5425600
2022-06-14,7.0417,7.1329,6.9755,7.0832,6598400
2022-06-15,7.0915,7.108,6.9506,6.9589,8338400
2022-06-16,7.0086,7.05,6.9258,6.9589,6467200
2022-06-17,6.9589,6.9589,6.8761,6.8761,10959700
2022-06-20,6.8761,6.934,6.6607,6.7352,7159500
2022-06-21,6.7352,6.8181,6.7352,6.7766,2147600
2022-06-22,6.7932,6.8181,6.7518,6.7766,3411700
2022-06-23,6.7684,6.8181,6.7435,6.7601,4060900
2022-06-24,6.7766,6.8098,6.7684,6.7849,2637800
2022-06-27,6.7601,6.7601,6.6275,6.6275,7159000
2022-06-28,6.6275,6.6441,6.5364,6.5944,8604600
2022-06-29,6.5861,6.7352,6.5861,6.6938,5529400
2022-06-30,6.7021,6.7021,6.611,6.611,4441200
2022-07-01,6.6192,6.6275,6.611,6.6275,1015100
2022-07-04,6.6275,6.6358,6.5364,6.553,2203200
2022-07-05,6.5944,6.6441,6.5695,6.6441,1935900
2022-07-06,6.6441,6.6607,6.5447,6.5778,2529900
2022-07-07,6.5778,6.6275,6.5447,6.5944,2058200
2022-07-08,6.6027,6.6358,6.553,6.5612,1661900
2022-07-12,6.5612,6.6524,6.553,6.6524,1622100
2022-07-13,6.6358,6.6358,6.553,6.5612,2933400
2022-07-14,6.553,6.6938,6.5447,6.6938,2378900
2022-07-15,6.6524,6.6524,6.5695,6.6192,1434000
2022-07-18,6.5695,6.5861,6.5364,6.5861,3434700
2022-07-19,6.5695,6.5695,6.5364,6.5364,2945600
2022-07-20,6.5447,6.5778,6.5364,6.5612,2137600
2022-07-21,6.5612,6.611,6.5447,6.611,2742100
2022-07-22,6.611,6.6938,6.5944,6.6938,2586800
2022-07-25,6.6855,6.7104,6.6275,6.7104,1449300
2022-07-26,6.6938,6.6938,6.6524,6.6524,1300400
2022-07-27,6.6689,6.6689,6.6192,6.6524,2016600
2022-07-28,6.6275,6.6772,6.6275,6.6772,2361500
2022-07-29,6.6772,6.8678,6.6689,6.8429,5233100
2022-08-01,6.8429,7.0417,6.8429,7.0417,2227900
2022-08-02,7.0417,7.0417,6.8263,6.8761,3403900
2022-08-03,6.8595,6.8595,6.7932,6.8346,2199000
2022-08-04,6.8595,7.0169,6.8595,7.0169,3910400
2022-08-05,7.0003,7.0169,6.9092,7.0169,1879400
2022-08-08,7.0003,7.0003,6.9175,6.9175,2302800
2022-08-09,6.9175,6.992,6.9175,6.992,1532000
2022-08-10,6.9672,6.9838,6.9175,6.9838,2317700
2022-08-11,6.9838,7.108,6.9672,7.108,2563800
2022-08-12,7.0666,7.1909,7.0666,7.1494,3046900
2022-08-15,7.0997,7.2737,7.0914,7.224,2654400
2022-08-16,7.224,7.3648,7.224,7.3648,4984100
2022-08-17,7.3648,7.4394,7.2406,7.3483,2800800
2022-08-18,7.2654,7.3317,7.2406,7.2737,1860300
2022-08-19,7.2571,7.2986,7.1743,7.2074,1390700
2022-08-22,7.1743,7.1826,7.0749,7.1163,1031000
2022-08-23,7.0997,7.1163,7.0417,7.108,1794100
2022-08-24,7.1163,7.1826,6.9589,6.9672,2065100
2022-08-25,6.9755,7.2903,6.9755,7.282,2794900
2022-08-26,7.282,7.4063,7.2406,7.2571,5290000
2022-08-29,7.1743,7.2903,7.1412,7.2654,2333000
2022-08-30,7.2654,7.4477,7.2074,7.4477,4463600
2022-09-01,7.3731,7.3731,7.224,7.2571,3371700
2022-09-02,7.2654,7.282,7.2157,7.2489,1622700
2022-09-05,7.2489,7.2489,7.1329,7.1329,1911100
2022-09-06,7.1412,7.1743,7.0915,7.0997,2644200
2022-09-07,7.0915,7.3151,7.05,7.2489,2947800
2022-09-08,7.2571,7.3483,7.2406,7.3317,2643200
2022-09-09,7.2903,7.2986,7.2323,7.2489,885900
2022-09-12,7.2571,7.282,7.2489,7.2737,726200
2022-09-13,7.2489,7.4145,7.2157,7.4145,1501800
2022-09-14,7.2903,7.3566,7.2737,7.2737,1967600
2022-09-15,7.2903,7.3068,7.2571,7.2571,6141000
2022-09-19,7.224,7.2571,7.1743,7.1991,2825800
2022-09-20,7.2074,7.34,7.1991,7.2903,1952400
2022-09-21,7.282,7.2986,7.2406,7.2571,2632100
2022-09-22,7.2489,7.2903,7.2157,7.2737,1703000
2022-09-23,7.2654,7.3068,7.2074,7.2074,2258200
2022-09-26,7.1991,7.2323,7.1577,7.2074,2619900
2022-09-27,7.2157,7.282,7.1991,7.224,2740000
2022-09-28,7.2489,7.2489,7.108,7.1246,3357900
2022-09-29,7.167,7.167,6.9974,6.9974,2866700
2022-09-30,6.9974,7.0228,6.8277,6.8277,6736300
2022-10-03,6.8277,6.9465,6.7768,6.938,3017000
2022-10-04,6.955,7.0398,6.955,7.0228,1620300
2022-10-05,7.0398,7.0822,7.0398,7.0567,2121600
2022-10-06,7.0398,7.0822,7.0398,7.0652,810000
2022-10-07,7.0652,7.0652,6.8871,6.8871,1601800
2022-10-11,6.8956,6.9125,6.7853,6.8277,3434600
2022-10-12,6.8277,6.8871,6.7853,6.8192,2382300
2022-10-13,6.8192,6.8786,6.7938,6.8447,1409300
2022-10-14,6.8617,6.8786,6.8108,6.8108,2234200
2022-10-17,6.8108,6.9465,6.8023,6.9465,2122200
2022-10-18,6.9465,7.0058,6.8277,6.955,2968100
2022-10-19,6.955,6.9719,6.8871,6.9041,1922800
2022-10-20,6.9295,6.9804,6.9125,6.9804,2361300
2022-10-21,6.9804,7.0652,6.938,7.0652,1798500
2022-10-25,7.0652,7.1585,6.9974,6.9974,2672200
2022-10-26,7.0058,7.1076,7.0058,7.0991,1329400
2022-10-27,7.1076,7.1161,7.0228,7.0313,2396300
2022-10-28,7.0483,7.1076,7.0398,7.0822,1538500
2022-10-31,7.0822,7.2009,7.0567,7.1416,2365300
2022-11-01,7.1416,7.1585,7.0822,7.1246,778000
2022-11-02,7.1246,7.15,7.0652,7.1246,1737400
2022-11-03,7.1246,7.1246,6.9634,6.9804,2109700
2022-11-04,6.9804,7.1755,6.9634,7.1755,1799600
2022-11-07,7.1924,7.2094,7.0991,7.2094,1686300
2022-11-08,7.2009,7.2009,6.9974,7.0143,2913900
2022-11-09,7.0483,7.0737,6.9974,7.0398,2405200
2022-11-10,7.0313,7.0652,7.0058,7.0398,2208800
2022-11-11,7.1416,7.1755,7.0822,7.167,3523200
2022-11-14,7.15,7.1585,7.0991,7.1246,1284200
2022-11-15,7.1076,7.1076,7.0313,7.0398,2789000
2022-11-16,7.0398,7.1924,7.0228,7.1924,3340600
2022-11-17,7.1246,7.1416,7.0228,7.1076,3397000
2022-11-21,7.0228,7.1331,6.9719,7.1331,2373900
2022-11-22,7.0822,7.1585,7.0567,7.1585,1261100
2022-11-23,7.0822,7.1585,7.0822,7.1416,1133400
2022-11-24,7.1246,7.6165,7.1246,7.5572,9708700
2022-11-25,7.5572,7.5741,7.3536,7.4469,6189600
2022-11-29,7.4299,7.6759,7.4214,7.6505,13618100
2022-11-30,7.6335,7.9897,7.5147,7.9897,17749400
2022-12-01,7.9558,8.0576,7.8964,8.0576,7463700
2022-12-02,7.9728,7.9982,7.8964,7.9558,4970800
2022-12-05,7.9303,7.9303,7.6674,7.6929,2913100
2022-12-06,7.6929,7.7862,7.6759,7.7862,2468200
2022-12-07,7.7862,7.8879,7.6929,7.6929,4682800
2022-12-08,7.6929,7.8031,7.6929,7.7607,2814000
2022-12-09,7.7607,7.9643,7.7607,7.9134,8021900
2022-12-12,7.9134,7.9134,7.7946,7.8031,2915600
2022-12-13,7.8031,7.8625,7.7862,7.8116,2549000
2022-12-14,7.837,7.9219,7.837,7.9219,3715500
2022-12-15,7.8879,7.9049,7.8116,7.8116,2577600
2022-12-16,7.8116,7.871,7.7522,7.7607,5205400
2022-12-19,7.7777,7.8964,7.7777,7.8964,2116600
2022-12-20,7.8879,7.8879,7.7522,7.7862,2913600
2022-12-21,7.8031,7.8455,7.7353,7.7777,2433900
2022-12-22,7.7777,7.8201,7.7183,7.7522,1815200
2022-12-23,7.7607,7.8031,7.7013,7.7777,1703700
2022-12-27,7.7777,7.8455,7.7183,7.837,3570600
2022-12-28,7.7946,7.8879,7.7437,7.8879,5286400
2022-12-29,7.8625,8.0236,7.8201,8.0236,7876600
2022-12-30,8.0152,8.1678,7.8964,8.1678,21755300
2023-01-03,8.0321,8.0321,7.8879,7.8879,3519600
2023-01-04,7.8795,7.9558,7.854,7.9473,1688800
2023-01-05,7.9473,8.0321,7.9473,8.0152,3550500
2023-01-06,7.9897,8.0067,7.9643,8.0067,1794500
2023-01-09,8.0067,8.083,7.9897,8.083,2268300
2023-01-10,8.0406,8.083,8.0067,8.083,1860800
2023-01-11,8.0321,8.0661,7.9643,7.9728,3339000
2023-01-12,7.9982,8.0152,7.9303,7.9728,3211700
2023-01-13,7.9303,8.0576,7.9303,8.0406,1615800
2023-01-16,8.0236,8.0321,7.9558,8.0152,1739600
2023-01-17,8.0152,8.0152,7.9558,7.9897,1746100
2023-01-18,7.9897,7.9982,7.9558,7.9643,1766800
2023-01-19,7.9643,8.0576,7.9643,8.0576,2465600
2023-01-20,8.0491,8.0576,7.9897,8.0152,2497600
2023-01-25,8.0152,8.0745,7.9982,8.0745,1416100
2023-01-26,8.0491,8.0745,8.0321,8.0745,1008000
2023-01-27,8.0745,8.1169,8.0406,8.1,2205100
2023-01-30,8.1,8.1,8.0491,8.0661,1797300
2023-01-31,8.0661,8.0745,7.9897,7.9897,4533300
2023-02-02,8.0152,8.1085,7.9982,8.083,3405200
2023-02-03,8.0321,8.1254,8.0321,8.1169,2304200
2023-02-07,8.0236,8.1,7.9049,7.9643,3694000
2023-02-08,7.9643,8.0745,7.9388,8.0661,1807200
2023-02-09,8.0576,8.1509,8.0067,8.083,4434500
2023-02-10,8.083,8.329,8.083,8.2866,9259100
2023-02-13,8.2866,8.4138,8.2187,8.4053,5583100
2023-02-14,8.3799,8.4817,8.3375,8.4223,6865500
2023-02-15,8.4223,8.4647,8.3544,8.4392,2430200
2023-02-16,8.4392,8.4647,8.3799,8.3968,3553000
2023-02-17,8.3714,8.3968,8.3375,8.3884,1597900
2023-02-20,8.3629,8.3799,8.3375,8.3629,1391400
2023-02-21,8.3544,8.3544,8.3035,8.312,1654100
2023-02-22,8.312,8.312,8.1509,8.1848,3078100
2023-02-23,8.1848,8.2866,8.1509,8.1848,1882500
2023-02-24,8.2018,8.2696,8.1,8.2442,2160500
2023-02-27,8.2866,8.2866,8.1085,8.1763,2437200
2023-02-28,8.2018,8.2018,7.9473,7.9473,7087000
2023-03-01,7.9473,7.9558,7.7862,7.871,6105100
2023-03-02,7.871,7.9897,7.8031,7.9728,2892600
2023-03-03,7.9812,8.0152,7.8795,7.9728,2722300
2023-03-06,7.9728,8.0067,7.8964,7.9219,1500500
2023-03-07,7.9219,7.9728,7.9049,7.9558,1815300
2023-03-08,7.9558,8.0491,7.9134,7.9982,1958700
2023-03-09,7.9897,8.0406,7.9558,8.0152,2158400
2023-03-10,8.0152,8.0152,7.9049,7.9558,2149200
2023-03-13,7.9303,7.9473,7.8455,7.9049,3136600
2023-03-14,7.8879,7.9219,7.8455,7.8625,3617800
2023-03-15,7.8795,8.0067,7.871,7.9897,1982100
2023-03-16,7.9897,8.0067,7.9134,7.9303,2677200
2023-03-17,7.9303,8.1848,7.9303,8.1,5869600
2023-03-20,8.1,8.1,7.9473,8.0321,1819200
2023-03-21,8.0321,8.0745,7.9643,8.0321,2416000
2023-03-22,8.0321,8.0745,8.0152,8.0745,1983400
2023-03-23,8.0661,8.1169,8.0152,8.1085,2268400
2023-03-24,8.0661,8.1085,8.0406,8.0915,2231400
2023-03-27,8.0915,8.0915,7.9728,7.9728,3162100
2023-03-28,7.9728,7.9982,7.8455,7.9134,6443300
2023-03-29,7.9134,7.9982,7.8964,7.9728,4604900
2023-03-30,7.964,8.0251,7.903,8.0076,4229300
2023-03-31,8.0076,8.0774,8.0076,8.0513,3685700
2023-04-03,8.0513,8.0687,8.0338,8.06,4097100
2023-04-04,8.0513,8.0774,8.0076,8.0687,2348000
2023-04-05,8.0687,8.0862,8.0251,8.0774,1689800
2023-04-06,8.0774,8.0862,8.0076,8.0687,1879300
2023-04-07,8.0687,8.0687,7.9989,8.0513,746500
2023-04-10,8.0338,8.0425,8.0076,8.0076,1992300
2023-04-11,8.0076,8.0076,7.9204,7.964,4939900
2023-04-12,7.964,7.9815,7.8506,7.8594,6345700
2023-04-13,7.8768,8.0164,7.8768,7.9815,4845800
2023-04-14,8.0164,8.0338,7.964,8.0338,1453700
2023-04-17,8.0338,8.06,7.964,8.0076,1413200
2023-04-18,8.0076,8.0425,7.8245,7.8506,8945500
2023-04-19,7.8506,7.8942,7.7372,7.7372,7782500
2023-04-20,7.7547,7.807,7.7372,7.7634,2382000
2023-04-25,7.7634,7.807,7.7547,7.7896,3475800
2023-04-26,7.7808,7.7896,7.6936,7.6936,4080500
2023-04-27,7.7198,7.7983,7.6936,7.746,1936000
2023-04-28,7.7721,7.7896,7.7372,7.7634,2042800
2023-05-02,7.7634,7.8419,7.7634,7.8245,4109200
2023-05-03,7.8245,7.8506,7.7809,7.8332,2103800
2023-05-05,7.8419,7.8768,7.7809,7.8332,1760800
2023-05-08,7.8419,7.9291,7.8245,7.8942,1914300
2023-05-09,7.9204,8.0251,7.8768,8.0251,5768100
2023-05-10,8.0164,8.0251,7.8681,7.8768,4249500
2023-05-11,7.8942,8.0076,7.8768,7.9291,4051900
2023-05-12,7.964,8.2781,7.9291,8.2519,13164300
2023-05-15,8.2432,8.3391,8.1647,8.3042,7022000
2023-05-16,8.2955,8.5136,8.2083,8.4874,8844600
2023-05-17,8.4612,8.531,8.4089,8.5049,6478000
2023-05-18,8.4874,8.5572,8.4002,8.5397,9304400
2023-05-19,8.531,8.5659,8.531,8.5659,5498600
2023-05-22,8.5485,8.5485,8.3391,8.374,3636600
2023-05-23,8.374,8.3915,8.2781,8.3391,4015100
2023-05-24,8.3304,8.3566,8.2868,8.3042,1702900
2023-05-25,8.2955,8.4438,8.2955,8.3566,3100900
2023-05-26,8.374,8.4787,8.3042,8.4525,3944000
2023-05-29,8.4525,8.5485,8.3653,8.5049,5324400
2023-05-30,8.5049,8.5049,8.2868,8.3915,6553100
2023-05-31,8.3304,8.3653,8.2083,8.2955,12597000
2023-06-01,8.2868,8.2955,8.1908,8.2519,3083500
2023-06-02,8.2519,8.2868,8.1559,8.217,3442600
2023-06-06,8.217,8.217,8.0774,8.1123,4656100
2023-06-07,8.1036,8.1559,8.0251,8.0862,5686300
2023-06-08,8.0338,8.0687,7.9291,7.9553,5816100
2023-06-09,7.9553,8.0164,7.9553,8.0076,4117700
2023-06-12,8.0076,8.1036,8.0076,8.0774,2600200
2023-06-13,8.0862,8.0862,7.964,7.9728,4577000
2023-06-14,7.9815,8.0425,7.9815,8.0251,3301000
2023-06-15,7.9815,7.9902,7.903,7.9466,5579000
2023-06-16,7.9466,8.0251,7.9379,8.0251,7097300
2023-06-19,7.9553,8.06,7.9379,8.0425,2557900
2023-06-20,7.9902,8.0513,7.9815,8.0425,2478000
2023-06-21,8.0251,8.06,7.9902,8.0164,2493800
2023-06-22,8.0251,8.06,8.0164,8.0251,4401400
2023-06-23,8.0251,8.0425,8.0076,8.0251,2643300
2023-06-26,8.0251,8.0338,7.9902,8.0076,2062900
2023-06-27,8.0076,8.0425,7.9989,8.0164,3616500
2023-06-28,8.0251,8.0425,7.8506,7.8594,8838400
2023-06-30,7.8681,7.9291,7.8419,7.8942,15337600
2023-07-03,7.8942,8.0076,7.8855,7.9379,3486700
2023-07-04,7.9291,7.9815,7.9291,7.964,5062800
2023-07-05,7.9553,7.9815,7.9204,7.9204,2250000
2023-07-06,7.9204,7.9204,7.8594,7.9117,4978400
2023-07-07,7.903,7.9291,7.8942,7.8942,3222100
2023-07-10,7.8942,7.9204,7.8768,7.8768,3552100
2023-07-11,7.8855,7.903,7.8419,7.8942,6680000
2023-07-12,7.8768,7.9117,7.8681,7.8768,4262400
2023-07-13,7.8768,7.9553,7.8681,7.9379,5409700
2023-07-14,7.9379,8.0687,7.9291,8.0164,8188700
2023-07-17,8.0251,8.0251,7.9553,7.964,4152800
2023-07-18,7.9553,7.9553,7.9204,7.9379,5893000
2023-07-20,7.964,7.9728,7.8855,7.9117,5774000
2023-07-21,7.9204,7.9466,7.9117,7.9466,4374500
2023-07-24,7.9466,8.2606,7.9466,8.2519,14061700
2023-07-25,8.2083,8.3391,8.1647,8.2606,14438700
2023-07-26,8.2083,8.374,8.2083,8.374,10278100
2023-07-27,8.3391,8.4176,8.3217,8.374,6249900
2023-07-28,8.3653,8.3915,8.3129,8.3478,6728500
2023-07-31,8.3391,8.3915,8.3304,8.374,10196000
2023-08-01,8.3566,8.3915,8.2868,8.3304,4034600
2023-08-02,8.3217,8.3653,8.2868,8.3478,2437200
2023-08-03,8.2868,8.3566,8.2868,8.3391,2921000
2023-08-04,8.3304,8.374,8.3217,8.374,2740800
2023-08-07,8.374,8.374,8.3042,8.3391,1278000
2023-08-08,8.3478,8.4176,8.3042,8.374,4544000
2023-08-09,8.374,8.4089,8.3566,8.4089,6317000
2023-08-10,8.3827,8.5049,8.3566,8.4874,5351800
2023-08-11,8.4612,8.5746,8.3915,8.5485,8819100
2023-08-14,8.5485,8.5659,8.4351,8.5485,4960000
2023-08-15,8.5397,8.6357,8.5049,8.627,4344600
2023-08-16,8.6357,8.7229,8.6183,8.7142,8836700
2023-08-17,8.6968,8.6968,8.6008,8.6793,7645600
2023-08-18,8.6793,8.688,8.6008,8.6793,3976900
2023-08-21,8.6793,8.845,8.6706,8.845,15644400
2023-08-22,8.8276,8.845,8.7229,8.7753,5022600
2023-08-23,8.7927,8.8102,8.6706,8.7142,3456200
2023-08-24,8.7142,8.7578,8.6968,8.7229,4263000
2023-08-25,8.7142,8.7229,8.6182,8.6968,3079800
2023-08-28,8.4438,8.6619,8.4263,8.6357,10036800
2023-08-29,8.5746,8.7142,8.4874,8.6531,11918100
2023-08-30,8.6531,8.6793,8.5834,8.5834,11325600
2023-09-01,8.6357,8.6531,8.5834,8.6531,7359700
2023-09-04,8.6357,8.6793,8.6183,8.6357,3454600
2023-09-05,8.6357,8.6619,8.6008,8.6444,8749800
2023-09-06,8.6619,8.7229,8.6531,8.688,6120400
2023-09-07,8.6968,8.7055,8.6008,8.6095,7136200
2023-09-08,8.627,8.6357,8.5921,8.6008,2492000
2023-09-11,8.6008,8.6357,8.5834,8.627,3049200
2023-09-12,8.627,8.6357,8.5746,8.5834,4465400
2023-09-13,8.5921,8.6968,8.5572,8.6793,4521500
2023-09-14,8.688,8.7229,8.6706,8.6968,8215700
2023-09-15,8.7142,8.8625,8.7055,8.7753,27495800
2023-09-18,8.7753,8.8625,8.7404,8.845,6913500
2023-09-19,8.8102,8.8625,8.7578,8.845,4995600
2023-09-20,8.8276,8.8974,8.7753,8.8276,5877700
2023-09-21,8.8276,8.8625,8.7404,8.7753,3440700
2023-09-22,8.7578,8.8625,8.7404,8.8625,3724000
2023-09-25,8.8625,8.8625,8.7753,8.845,3425800
2023-09-26,8.8276,8.845,8.7927,8.8276,4480400
2023-09-27,8.7921,8.9164,8.7477,8.8986,6690600
2023-09-29,8.872,8.8986,8.7921,8.872,4966800
2023-10-02,8.8187,8.8454,8.7566,8.7921,2494000
2023-10-03,8.7921,8.8809,8.7477,8.8542,2768600
2023-10-04,8.8365,8.8542,8.7566,8.8454,3061000
2023-10-05,8.8187,8.872,8.7921,8.8454,2983900
2023-10-06,8.8454,8.8986,8.8365,8.8986,1921800
2023-10-09,8.8809,8.8809,8.8276,8.8542,1172100
2023-10-10,8.8365,8.872,8.8276,8.8542,1904300
2023-10-11,8.872,8.8986,8.8631,8.872,2923900
2023-10-12,8.8809,8.9519,8.8631,8.8809,3662800
2023-10-13,8.8542,8.8986,8.8542,8.8986,968700
2023-10-16,8.872,8.9164,8.8365,8.8365,5001800
2023-10-17,8.8631,8.8986,8.8542,8.8631,10157000
2023-10-18,8.8631,8.9164,8.8542,8.8986,11330100
2023-10-19,8.8542,8.8986,8.8365,8.8631,3591300
2023-10-20,8.8454,8.872,8.7121,8.721,10940000
2023-10-23,8.7299,8.8187,8.6766,8.7477,3642900
2023-10-24,8.7477,8.7921,8.7033,8.7477,3588300
2023-10-25,8.7477,8.7921,8.7477,8.7743,3106000
2023-10-26,8.7743,8.7921,8.7477,8.7832,2391500
2023-10-27,8.7654,8.7832,8.7477,8.7654,2047800
2023-10-30,8.7388,8.7566,8.7121,8.7566,2623900
2023-10-31,8.7566,8.7921,8.7477,8.7921,1704700
2023-11-01,8.7654,8.7832,8.7388,8.7477,2065400
2023-11-02,8.7566,8.7921,8.7477,8.7921,1799500
2023-11-03,8.7654,8.872,8.7566,8.8542,3208000
2023-11-06,8.8631,8.8809,8.8276,8.8809,3263700
2023-11-07,8.872,8.872,8.801,8.8365,1784300
2023-11-08,8.8365,8.8365,8.7743,8.8098,1345500
2023-11-09,8.8098,8.8098,8.7743,8.7921,1594000
2023-11-10,8.8098,8.8098,8.7743,8.8098,1149800
2023-11-14,8.8098,8.8542,8.7832,8.8542,1531200
2023-11-15,8.8631,8.8809,8.7921,8.8809,2780700
2023-11-16,8.8809,8.8809,8.8187,8.872,1346200
2023-11-17,8.8365,8.872,8.8187,8.8454,1667600
2023-11-20,8.8454,8.8542,8.8187,8.8542,785600
2023-11-21,8.8542,8.8986,8.8365,8.8986,2027900
2023-11-22,8.8809,8.8809,8.8365,8.8631,802600
2023-11-23,8.8631,8.9164,8.8542,8.8986,1657300
2023-11-24,8.8631,8.8986,8.8631,8.8809,1363300
2023-11-27,8.8631,8.8631,8.7121,8.7388,2866700
2023-11-28,8.7477,8.7921,8.7388,8.7832,2258600
2023-11-29,8.7477,8.8276,8.7477,8.7743,4871200
2023-11-30,8.7477,8.8809,8.7299,8.872,7813200
2023-12-01,8.8187,8.9164,8.7921,8.8986,3653400
2023-12-04,8.8809,8.9164,8.7743,8.8631,3537200
2023-12-05,8.8631,8.872,8.7832,8.8542,3817200
2023-12-06,8.8187,8.8809,8.8187,8.872,3269100
2023-12-07,8.872,8.872,8.7743,8.7921,3227000
2023-12-08,8.801,8.8631,8.7832,8.801,2331400
2023-12-11,8.7921,8.8187,8.7477,8.801,2868500
2023-12-12,8.7921,8.8454,8.7566,8.8187,3682300
2023-12-13,8.7921,8.7921,8.7566,8.7743,3511500
2023-12-14,8.7832,8.8631,8.7566,8.8542,3460100
2023-12-15,8.8187,8.872,8.7921,8.8365,8308200
2023-12-18,8.8276,8.8809,8.7743,8.872,4606100
2023-12-19,8.872,8.8809,8.8276,8.8809,2894800
2023-12-20,8.872,8.8809,8.8454,8.8809,2949600
2023-12-21,8.8542,8.8986,8.8276,8.8809,5981800
2023-12-22,8.8631,8.8809,8.801,8.872,3343000
2023-12-26,8.872,8.8986,8.8454,8.8809,3434900
2023-12-27,8.8809,8.8986,8.8454,8.8809,2756300
2023-12-28,8.872,8.8986,8.8454,8.8809,2489100
2023-12-29,8.872,8.9697,8.872,8.9164,3002900
2024-01-02,8.8809,8.8986,8.8276,8.8631,1773800
2024-01-03,8.8631,8.9697,8.8276,8.9342,2970000
2024-01-04,8.9342,9.2716,8.8986,9.2539,9776100
2024-01-05,9.1651,9.3249,9.1473,9.3249,6775400
2024-01-08,9.3072,9.4137,9.2894,9.3605,7657300
2024-01-09,9.3427,9.396,9.3072,9.3782,6073600
2024-01-10,9.3249,9.396,9.2361,9.3072,5936300
2024-01-11,9.2361,9.3249,9.2361,9.2716,2714600
2024-01-12,9.2716,9.2894,9.0585,9.1828,4135200
2024-01-15,9.1118,9.3605,9.1118,9.3249,3838600
2024-01-16,9.3249,9.3249,9.2361,9.2894,1722400
2024-01-17,9.2184,9.2894,9.1651,9.2716,4752600
2024-01-18,9.1651,9.2894,9.0763,9.2006,6781100
2024-01-19,9.1295,9.2716,9.1295,9.2716,3478300
2024-01-22,9.2361,9.3605,9.2184,9.3072,5135800
2024-01-23,9.3072,9.3249,9.2184,9.3249,4331800
2024-01-24,9.2539,9.3427,9.2361,9.3427,2680500
2024-01-26,9.3249,9.4137,9.3072,9.3605,6471900
2024-01-29,9.3605,9.3782,9.2361,9.3249,3646200
2024-01-30,9.2894,9.3782,9.2894,9.3072,3797400
2024-01-31,9.2894,9.5736,9.2894,9.5203,7701300
2024-02-02,9.4315,9.6446,9.4315,9.6446,5845600
2024-02-05,9.6269,9.6269,9.5025,9.5381,2227700
2024-02-06,9.5025,9.6446,9.5025,9.5736,3593200
2024-02-07,9.5736,9.6269,9.5203,9.6091,4400100
2024-02-08,9.5914,9.7157,9.5381,9.5736,15027800
2024-02-09,9.6091,9.6091,9.5203,9.5736,1341400
2024-02-13,9.5203,9.8933,9.5203,9.84,9865500
2024-02-14,9.769,9.8755,9.7512,9.8223,6748200
2024-02-15,9.7867,9.8933,9.7867,9.8578,4282200
2024-02-16,9.84,9.9288,9.84,9.9288,4108100
2024-02-19,9.8578,9.9821,9.84,9.9466,2926600
2024-02-20,9.9288,10.0887,9.8933,10.0887,5691100
2024-02-21,10.1064,10.1064,9.9644,10.1064,4249700
2024-02-22,10.0532,10.0532,9.9644,9.9644,4034500
2024-02-23,9.9821,10.0532,9.8578,10.0176,3115000
2024-02-26,9.9999,10.1064,9.9644,10.0887,3853100
2024-02-27,10.0887,10.1953,10.0354,10.142,6422100
2024-02-28,9.9466,10.0176,9.6802,9.7335,15254600
2024-02-29,9.7157,10.1064,9.7157,9.9999,12617800
2024-03-01,9.9644,10.0532,9.9644,10.0354,4288300
2024-03-04,9.9999,10.0887,9.84,9.9466,5294700
2024-03-05,9.8578,9.9821,9.7335,9.9111,4169600
2024-03-06,9.8578,9.9111,9.8223,9.9111,2257900
2024-03-07,9.8755,9.9644,9.84,9.9111,2149800
2024-03-08,9.8578,10.0354,9.8578,10.0176,2506900
2024-03-11,10.0176,10.0176,9.9111,9.9821,3245300
2024-03-12,9.9821,10.1953,9.9644,10.1953,4092700
2024-03-13,10.1597,10.3018,10.1597,10.2485,4763000
2024-03-14,10.2485,10.2663,10.1953,10.2663,3438300
2024-03-15,10.2485,10.3018,10.1064,10.3018,6097000
2024-03-18,10.2841,10.3551,10.2308,10.3018,2661100
2024-03-19,10.2485,10.3018,10.1597,10.213,5521800
2024-03-20,10.1953,10.2841,10.1953,10.213,3662300
2024-03-21,10.2485,10.2663,10.1775,10.2485,2564400
2024-03-22,10.213,10.2841,10.1953,10.2663,3511700
2024-03-25,10.2308,10.2663,10.1597,10.213,3646400
2024-03-26,10.213,10.2663,10.1597,10.1953,4656900
2024-03-27,10.2499,10.2863,10.086,10.2317,5236400
2024-03-29,10.2317,10.3773,10.1953,10.3591,6560200
2024-04-01,10.3591,10.3955,10.3045,10.3591,2782500
2024-04-02,10.3591,10.5412,10.3409,10.4137,5437300
2024-04-03,10.4137,10.4501,10.2499,10.2863,5531700
2024-04-04,10.2863,10.5048,10.2317,10.4683,6296300
2024-04-05,10.4501,10.5048,10.3591,10.4866,7010500
2024-04-08,10.4683,10.7414,10.4683,10.7414,7370000
2024-04-09,10.7232,10.7232,10.614,10.614,2910100
2024-04-12,10.614,10.6868,10.523,10.6504,4365900
2024-04-15,10.4866,10.705,10.4866,10.5594,7341600
2024-04-16,10.5594,10.5594,10.2863,10.4501,4391900
2024-04-17,10.4137,10.5594,10.3591,10.4866,5746000
2024-04-18,10.4866,10.5958,10.4866,10.5594,7351700
2024-04-19,10.5048,10.614,10.5048,10.5594,4889300
2024-04-22,10.5412,10.6504,10.5048,10.5958,5327200
2024-04-23,10.5958,10.6868,10.5958,10.6686,5939900
2024-04-24,10.6686,10.9053,10.614,10.796,9750100
2024-04-25,10.796,10.8325,10.7596,10.796,6890800
2024-04-26,10.796,10.8689,10.7596,10.8507,7593100
2024-04-29,10.8325,10.8689,10.796,10.8507,4734000
2024-04-30,10.8507,10.9053,10.8143,10.8871,6868700
2024-05-02,10.8871,10.9963,10.8507,10.9417,10121100
2024-05-03,10.9235,11.2512,10.9235,11.2148,14734300
2024-05-06,11.2148,11.3604,11.2148,11.2694,10394000
2024-05-07,11.2876,11.3604,11.2694,11.3604,7512300
2024-05-08,11.3604,11.3604,11.2512,11.2876,7071900
2024-05-09,11.2876,11.3422,11.2694,11.324,5025100
2024-05-10,11.2876,11.324,11.2694,11.2876,4670000
2024-05-13,11.2694,11.3058,11.2148,11.2876,4952100
2024-05-14,11.2876,11.3422,11.2512,11.324,4513900
2024-05-15,11.3058,11.324,11.2694,11.2876,6952500
2024-05-16,11.2876,11.5425,11.2512,11.5243,6244900
2024-05-17,11.5243,11.5243,11.415,11.4697,8526600
2024-05-20,11.4515,11.7063,11.4515,11.6335,12067300
2024-05-21,11.6335,11.7245,11.6153,11.6335,9500300
2024-05-23,11.6153,11.9612,11.6153,11.9248,15097300
2024-05-24,11.9248,11.9612,11.852,11.9248,6367300
2024-05-27,11.9248,12.034,11.8884,12.034,11712500
2024-05-28,12.034,12.0705,11.9612,12.0705,6243100
2024-05-29,12.0158,12.0522,11.8702,12.0158,6423400
2024-05-30,12.0158,12.034,11.943,11.9976,7993300
2024-05-31,12.0158,12.0158,11.7792,11.8702,13170600
2024-06-04,11.7245,11.8884,11.5607,11.8156,16719000
2024-06-05,11.8156,12.1069,11.8156,12.0705,10805300
2024-06-06,12.0705,12.5438,12.0705,12.471,20673300
2024-06-07,12.4892,12.6348,12.471,12.5256,14915500
2024-06-10,12.562,12.5984,12.4528,12.4892,10445300
2024-06-11,12.5256,12.6348,12.471,12.562,14512200
2024-06-12,12.562,12.7805,12.5438,12.6348,9242700
2024-06-13,12.7441,12.9079,12.7259,12.8715,12529100
2024-06-14,12.8715,12.9625,12.7623,12.8169,9498100
2024-06-18,12.8169,12.999,12.7623,12.7623,13061300
2024-06-19,12.7623,12.7805,12.562,12.6166,11160200
2024-06-20,12.5984,12.6166,12.4346,12.562,11841700
2024-06-21,12.562,12.5802,12.3982,12.4892,48082600
2024-06-24,12.4528,12.653,12.3071,12.4892,16221800
2024-06-25,12.4892,12.8533,12.4892,12.7441,11022800
2024-06-26,12.7441,12.7441,12.6166,12.6712,6780600
2024-06-27,12.6895,12.7259,12.6348,12.6895,8431400
2024-06-28,12.471,12.5984,12.3982,12.5438,11369400
2024-07-01,12.471,12.7441,12.3982,12.7441,8812200
2024-07-02,12.7441,12.9261,12.653,12.7441,7978600
2024-07-03,12.7441,12.9261,12.7259,12.9079,10099500
2024-07-04,12.8897,12.9807,12.8715,12.9625,6791900
2024-07-05,12.9443,12.999,12.9261,12.9443,5009400
2024-07-09,12.9443,13.1446,12.9079,13.1264,10672000
2024-07-10,13.0172,13.1628,13.0172,13.1082,9968900
2024-07-11,13.1082,13.3085,13.09,13.2902,11916200
2024-07-12,13.2174,13.2902,13.1264,13.1628,8360300
2024-07-15,13.1628,13.2356,13.1446,13.181,4244400
2024-07-16,13.181,13.272,13.1264,13.1628,9043400
2024-07-17,13.181,13.2902,13.1628,13.1992,6572900
2024-07-18,13.1992,13.1992,13.1264,13.1446,5584900
2024-07-19,13.1264,13.1992,13.0718,13.1446,4904900
2024-07-22,13.1446,13.1628,13.0354,13.1446,4886900
2024-07-23,13.1264,13.181,13.1264,13.1446,7213000
2024-07-24,13.1264,13.1446,13.0718,13.1082,3161100
2024-07-25,13.09,13.09,12.5984,12.7441,15572000
2024-07-26,12.7441,12.8351,12.6348,12.7623,8425400
2024-07-29,12.7623,12.9807,12.7623,12.8351,6346500
2024-07-30,12.8169,13.1446,12.7805,12.8351,8943800
2024-07-31,12.8351,12.8715,12.7805,12.8169,15275500
2024-08-01,12.7987,12.8351,12.7805,12.8351,10527100
2024-08-02,12.7987,12.7987,12.653,12.7077,7907100
2024-08-05,12.562,12.562,11.943,11.9794,25606800
2024-08-06,11.9248,12.562,11.7792,12.4164,14606600
2024-08-07,12.4164,12.9625,12.3071,12.6895,15180700
2024-08-08,12.6895,12.7805,12.562,12.7441,7758500
2024-08-09,12.8351,12.8533,12.6348,12.6895,5489300
2024-08-12,12.7077,12.9261,12.6712,12.6895,6942900
2024-08-13,12.7077,12.7441,12.5984,12.653,5855300
2024-08-14,12.653,12.7623,12.5802,12.5984,4950600
2024-08-15,12.6166,12.7441,12.5802,12.5984,5416500
2024-08-16,12.653,12.7441,12.5984,12.6166,7625800
2024-08-19,12.6166,12.7259,12.6166,12.653,6828500
2024-08-20,12.7441,13.0172,12.6895,12.7441,14907300
2024-08-21,12.6895,12.7259,12.5438,12.653,4161500
2024-08-22,12.653,12.653,12.562,12.6166,3760500
2024-08-23,12.562,12.6166,12.3982,12.4892,2585400
2024-08-26,12.5256,12.7441,12.5256,12.6712,5585600
2024-08-27,12.5984,12.7441,12.5984,12.6712,4614600
2024-08-28,12.6895,12.8351,12.6895,12.7441,9089800
2024-08-29,12.7259,12.9079,12.6166,12.6895,7144900
2024-08-30,12.9261,13.4177,12.8351,13.3267,28038600
2024-09-02,13.3267,13.5633,13.1992,13.2538,10271300
2024-09-03,13.2538,13.618,13.2356,13.5633,24268800
2024-09-04,13.5633,13.8728,13.4905,13.5633,15741200
2024-09-05,13.5633,13.709,13.3813,13.4905,14501500
2024-09-06,13.4723,13.618,13.3267,13.3995,14220800
2024-09-09,13.3813,13.4177,13.2902,13.3267,9914300
2024-09-10,13.3631,13.4723,13.272,13.3449,19236100
2024-09-11,13.3449,13.3813,13.2538,13.3813,14833400
2024-09-12,13.3813,13.5451,13.3085,13.3631,14309000
2024-09-13,13.3813,13.4905,13.3449,13.4541,11064700
2024-09-17,13.4541,13.618,13.3813,13.4905,10137100
2024-09-18,13.4541,13.4905,13.3267,13.4177,8761000
2024-09-19,13.4177,13.4177,13.1628,13.3267,20082300
2024-09-20,13.3631,13.4177,13.3085,13.3267,32717200
2024-09-23,13.3631,13.4359,13.3449,13.4177,18139800
2024-09-24,13.4177,13.7454,13.4177,13.6908,18658800
2024-09-25,13.6908,13.8182,13.5087,13.6726,13722900
2024-09-26,13.6544,13.7454,13.5087,13.5815,11857900
2024-09-27,13.6463,13.6834,13.4982,13.5723,7529200
2024-09-30,13.5723,13.5723,13.3501,13.3686,11528100
2024-10-01,13.3501,13.4797,13.276,13.3316,12825500
2024-10-02,13.3131,13.3316,13.1649,13.239,7436800
2024-10-03,13.239,13.3131,13.0168,13.2205,14830000
2024-10-04,13.2205,13.3501,13.0909,13.2205,12669600
2024-10-07,13.2575,13.3131,12.8872,12.9427,12317900
2024-10-08,12.9427,13.2205,12.8687,13.1279,7945400
2024-10-09,13.1464,13.4797,13.1464,13.3501,11130600
2024-10-10,13.3871,13.4056,13.3131,13.3131,7916000
2024-10-11,13.276,13.4242,13.276,13.3871,7478100
2024-10-14,13.3871,13.4242,13.3131,13.4056,4265800
2024-10-15,13.4056,13.4797,13.4056,13.4427,8027300
2024-10-16,13.5167,13.5167,13.3501,13.3871,6927400
2024-10-17,13.3871,13.6278,13.3871,13.5723,11590700
2024-10-18,13.5723,13.6278,13.5538,13.5908,5917300
2024-10-21,13.5908,13.6278,13.4982,13.5538,8768900
2024-10-22,13.6093,13.6278,13.3871,13.3871,9928600
2024-10-23,13.3686,13.4242,13.3316,13.3501,13546500
2024-10-24,13.3316,13.4982,13.2945,13.2945,11098100
2024-10-25,13.2945,13.4982,13.1464,13.3131,3087800
2024-10-28,13.3131,13.3501,12.9057,12.9613,4911100
2024-10-29,12.9612,13.1279,12.8502,13.0168,9772300
2024-10-30,13.0168,13.1649,12.8687,12.9983,20610400
2024-11-01,12.9242,12.9613,12.7761,12.8687,11147300
2024-11-04,12.9242,13.1094,12.8872,13.0353,7816800
2024-11-05,12.9983,13.0909,12.9427,13.0353,9107800
2024-11-06,13.0353,13.3131,13.0168,13.3131,7393200
2024-11-07,13.3316,13.4242,13.1834,13.2945,11301400
2024-11-08,13.4056,13.4242,13.3131,13.3316,4104800
2024-11-11,13.3316,13.3871,13.0538,13.0538,3020000
2024-11-12,13.0909,13.202,12.8872,13.0538,9342800
2024-11-13,13.0538,13.3871,13.0353,13.3316,4959400
2024-11-14,13.2945,13.3131,13.0909,13.239,6535200
2024-11-15,13.239,13.3316,13.1464,13.1464,9506600
2024-11-18,13.1464,13.3131,13.1464,13.2945,4987600
2024-11-19,13.3131,13.4242,13.3131,13.3501,6412500
2024-11-20,13.3501,13.3871,13.202,13.239,6558300
2024-11-21,13.1649,13.1649,12.7761,12.7761,8339900
2024-11-22,12.8316,12.9983,12.8316,12.9613,10849900
2024-11-25,12.9798,13.1094,12.9427,12.9983,35836900
2024-11-26,12.9613,13.0909,12.9057,12.9983,10049700
2024-11-27,12.9983,13.0538,12.9427,12.9427,11451800
2024-11-28,12.9798,12.9983,12.9242,12.9427,8809900
2024-11-29,12.7761,12.8687,12.054,12.6465,25386200
2024-12-02,12.7391,12.7391,12.4243,12.4798,7447800
2024-12-03,12.4428,12.5354,12.3132,12.3873,17101200
2024-12-04,12.4613,12.6835,12.4058,12.628,12933200
2024-12-05,12.665,12.6835,12.5169,12.5909,9021300
2024-12-06,12.665,12.665,12.4798,12.5169,8691000
2024-12-09,12.5169,12.7946,12.4428,12.7946,5899500
2024-12-10,12.8502,12.8687,12.665,12.665,10913200
2024-12-11,12.665,12.7761,12.665,12.7391,3710400
2024-12-12,12.7391,12.7391,12.5539,12.5539,7321400
2024-12-13,12.628,12.7761,12.6094,12.702,3119500
2024-12-16,12.7576,12.7576,12.6465,12.702,4761700
2024-12-17,12.7205,12.8872,12.665,12.7761,7066200
2024-12-18,12.8131,13.0538,12.7761,13.0353,9943600
2024-12-19,12.9798,13.0168,12.7761,12.9057,13128900
2024-12-20,12.8687,12.9427,12.8131,12.9057,7354400
2024-12-23,12.8687,13.0909,12.8687,12.9613,4428000
2024-12-24,12.9612,13.0538,12.9612,13.0353,1738800
2024-12-26,13.0353,13.1464,13.0353,13.1279,2126300
2024-12-27,13.3501,13.9241,13.3501,13.6463,17025100
2024-12-30,13.4982,13.7945,13.4612,13.7389,7852900
2024-12-31,13.7389,13.85,13.6834,13.8315,7707100
2025-01-02,13.8315,13.8315,13.5723,13.6649,9167400
2025-01-03,13.7019,13.7019,13.3686,13.5167,6305500
2025-01-06,13.5167,13.5538,13.4427,13.4982,4979800
2025-01-07,13.4982,13.4982,13.202,13.2575,7647300
2025-01-08,13.2575,13.4242,13.239,13.2575,5157200
2025-01-09,13.276,13.2945,13.0723,13.0723,4188600
2025-01-10,13.0909,13.2205,13.0353,13.0538,9724600
2025-01-13,12.9983,13.0168,12.6835,12.8687,10468900
2025-01-14,12.7946,12.9427,12.6094,12.7946,9643600
2025-01-15,12.8131,12.9242,12.3687,12.4983,9961600
2025-01-16,12.5724,12.7205,12.1095,12.1465,16642000
2025-01-17,12.2021,12.7205,12.1836,12.5909,16600500
2025-01-20,12.665,12.8316,12.5539,12.7576,9424400
2025-01-21,12.7576,12.8502,12.6094,12.665,8858700
2025-01-22,12.6835,12.8502,12.6835,12.8502,5921200
2025-01-23,12.8502,12.8502,12.7391,12.7761,10695200
2025-01-24,12.7761,12.8131,12.6094,12.7391,6074000
2025-01-27,12.7391,12.7391,12.3687,12.4428,18384500
2025-01-28,12.4798,12.6465,12.2576,12.5909,5305700
2025-01-31,12.5724,12.6835,12.5169,12.5909,7179400
2025-02-03,12.4798,12.628,12.4058,12.5724,6631100
2025-02-04,12.6835,12.6835,12.5354,12.5354,6676600
2025-02-05,12.628,12.665,12.5539,12.6094,5035700
2025-02-06,12.6835,12.7391,12.628,12.702,7475000
2025-02-07,12.6835,12.7576,12.5909,12.7205,4371000
2025-02-10,12.6835,12.8131,12.6094,12.8131,4524500
2025-02-12,12.8131,12.9057,12.7761,12.9057,6382900
2025-02-13,12.9057,12.9613,12.8316,12.8502,5996700
2025-02-14,12.8502,12.8872,12.7946,12.8687,3482700
2025-02-17,12.8687,12.9057,12.7761,12.8872,1608800
2025-02-18,12.8872,12.9427,12.8131,12.9057,2056000
2025-02-19,12.9057,12.9242,12.8131,12.8316,2783300
2025-02-20,12.8316,12.8502,12.665,12.7761,5247400
2025-02-21,12.7761,12.9427,12.7391,12.9427,2600400
2025-02-24,12.9242,12.9242,12.628,12.628,7339100
2025-02-25,12.7391,12.7391,12.1836,12.4058,10718900
2025-02-26,12.4058,12.5909,12.3132,12.5724,8006500
2025-02-27,12.5724,12.5724,12.4428,12.5539,5791900
2025-02-28,12.4798,12.6465,12.4058,12.5909,11702300
2025-03-03,12.4428,12.7761,12.4243,12.6835,2804100
2025-03-04,12.4983,12.702,12.4613,12.5909,6293800
2025-03-05,12.5909,12.7946,12.5909,12.7946,8701100
2025-03-06,12.7946,12.8316,12.665,12.8316,4574400
2025-03-07,12.8131,12.8316,12.6094,12.7205,8873800
2025-03-10,12.5909,12.6465,12.5169,12.5354,5448400
2025-03-11,12.4983,12.5169,12.2576,12.4058,9588300
2025-03-12,12.4058,12.4428,11.9984,12.0354,6222700
2025-03-13,12.0725,12.4428,12.0725,12.4058,6208800
2025-03-14,12.3687,12.4613,12.2391,12.4058,6797800
2025-03-17,12.4058,12.5909,12.3873,12.5539,4262600
2025-03-19,12.5539,12.5909,12.4243,12.5539,3122500
2025-03-20,12.5909,12.6835,12.4983,12.4983,3943500
2025-03-21,12.4983,12.6465,12.4983,12.5539,7693200
2025-03-24,12.5724,12.6094,12.4798,12.5539,1934300
2025-03-25,12.5539,12.6465,12.5539,12.5909,9359600
2025-03-26,12.6465,12.7761,12.5724,12.5724,9383300
2025-03-27,12.6479,12.7989,12.5724,12.7989,5540000
2025-03-28,12.8367,12.8745,12.629,12.629,4305700
2025-04-02,12.9311,12.9877,12.6857,12.9877,9802500
2025-04-03,13.0255,13.0255,12.7046,12.8178,1821900
2025-04-04,12.7989,12.7989,12.6668,12.7234,1700400
2025-04-07,12.5347,12.5347,11.9683,12.3836,15235900
2025-04-08,12.4969,12.4969,12.3648,12.478,6652600
2025-04-09,12.2704,12.3648,11.9495,12.1005,12235200
2025-04-10,12.5535,12.7046,12.3836,12.5535,12591100
2025-04-11,12.4214,12.5158,12.2704,12.478,11493400
2025-04-14,12.5724,12.6479,12.4591,12.629,4824800
2025-04-15,12.5913,12.7423,12.5535,12.6857,5208600
2025-04-16,12.6857,12.7234,12.5913,12.6857,4819800
2025-04-17,12.6857,12.7989,12.6668,12.7234,6451000
2025-04-18,12.5535,12.7612,12.5347,12.7423,3951800
2025-04-21,12.7423,12.7423,12.5724,12.7234,2947000
2025-04-22,12.6479,12.7046,12.5347,12.6479,3242600
2025-04-23,12.7423,12.7612,12.6668,12.7423,5979700
2025-04-24,12.7423,12.8745,12.7234,12.8367,5710100
2025-04-25,12.8367,12.8745,12.7801,12.7989,2209400
2025-04-28,12.7989,12.8745,12.7612,12.8367,4830500
2025-04-29,12.8367,12.8745,12.7612,12.8745,6109100
2025-04-30,12.8745,13.0821,12.8745,13.0821,10240700
2025-05-02,13.0443,13.1765,12.9877,13.0821,8452000
2025-05-05,13.0821,13.1765,12.95,13.0255,7495200
2025-05-06,13.0443,13.2898,13.0255,13.2709,13932300
2025-05-07,13.2142,13.4597,13.2142,13.3653,12176700
2025-05-08,13.3841,13.5729,13.2709,13.4974,19923400
2025-05-09,13.4785,13.554,13.4408,13.4974,9465500
2025-05-13,13.6862,13.6862,13.5163,13.5352,13035700
2025-05-14,13.5352,13.5729,13.4408,13.4974,10826600
2025-05-15,13.4785,13.5729,13.3086,13.403,7683500
2025-05-16,13.3841,13.4974,13.3464,13.403,3057500
2025-05-19,13.3086,13.3841,13.2331,13.3086,6693700
2025-05-20,13.2898,13.4219,13.252,13.3464,6978100
2025-05-21,13.403,13.403,13.2709,13.3086,4334700
2025-05-22,13.2898,13.3086,13.1954,13.2142,5772000
2025-05-23,13.2331,13.252,13.1765,13.2142,6012200
2025-05-26,13.2142,13.252,13.1765,13.2142,5106600
2025-05-27,13.2142,13.2709,13.1576,13.2142,3936500
2025-05-28,13.3086,13.3841,13.2898,13.3086,6276900
2025-05-29,13.2898,13.3464,13.252,13.2898,4917000
2025-05-30,13.2709,13.2898,13.0255,13.2142,37923000
2025-06-03,13.2142,13.2709,12.9311,13.1765,5492100
2025-06-04,13.1954,13.252,13.1199,13.1576,3260100
2025-06-05,13.1576,13.4597,13.1576,13.403,5400200
2025-06-06,13.3086,13.4219,13.2898,13.403,3840600
2025-06-09,13.3841,13.554,13.3464,13.4785,4683600
2025-06-10,13.3653,13.4785,13.3086,13.4408,5356400
2025-06-11,13.5163,13.5163,13.3841,13.4408,5202900
2025-06-12,13.4408,13.4785,13.4219,13.4597,5094100
2025-06-13,13.403,13.5163,13.403,13.4974,8650000
2025-06-16,13.4974,13.554,13.4597,13.554,5354600
2025-06-17,13.554,13.554,13.403,13.4974,4005300
2025-06-18,13.4785,13.4974,13.4219,13.4219,4975600
2025-06-19,13.4219,13.4408,13.3841,13.4219,6006100
2025-06-20,13.3653,13.4785,13.3653,13.4219,11774900
2025-06-23,13.2142,13.5352,13.1765,13.4974,2781900
2025-06-24,13.4974,13.6296,13.4219,13.4597,7638200
2025-06-25,13.4219,13.554,13.4219,13.4408,7993600
2025-06-26,13.4597,13.5729,13.4219,13.4597,8992300
2025-06-30,13.6107,13.6673,13.554,13.5729,8252200
2025-07-01,13.5729,14.1015,13.5729,14.0637,14723300
2025-07-02,14.0637,14.1392,13.7051,13.7806,9560300
2025-07-03,13.4597,13.4597,13.0821,13.2331,33311600
2025-07-04,13.2709,13.4219,13.1765,13.2709,11301700
2025-07-07,13.2709,13.2898,12.9877,13.0255,10130400
2025-07-08,12.8367,13.1576,12.8178,13.0821,12084200
2025-07-09,13.0632,13.2142,13.0066,13.2142,4621500
2025-07-10,13.1954,13.2142,13.1387,13.1765,7089500
2025-07-11,13.1954,13.2709,13.0821,13.1765,7251100
2025-07-14,13.1765,13.2142,13.101,13.1954,3203800
2025-07-15,13.2142,13.2142,13.0821,13.1199,4950100
2025-07-16,13.0821,13.1387,12.8933,12.9122,9997900
2025-07-17,12.95,13.0443,12.8933,13.0066,12743300
2025-07-18,13.0066,13.0255,12.9122,13.0066,7432800
2025-07-21,13.0066,13.0632,12.9311,13.0066,3542400
2025-07-22,12.9688,13.1199,12.9688,13.0066,5685900
2025-07-23,13.0066,13.2142,12.9877,13.1576,8037700
2025-07-24,13.1199,13.1576,13.101,13.1576,5394900
2025-07-25,13.0821,13.1387,12.6668,12.8367,19583400
2025-07-28,12.8367,12.8367,12.6102,12.6102,13945500
2025-07-29,12.5913,12.7046,12.5724,12.5724,5800200
2025-07-30,12.5724,12.6102,12.4591,12.5347,6523100
2025-07-31,12.4591,12.5158,12.2893,12.2893,12447500
2025-08-01,12.3081,12.5535,12.3081,12.5535,8844800
2025-08-04,12.5158,12.5158,12.3459,12.4214,5197400
2025-08-05,12.4591,12.5347,12.2704,12.5347,4884800
2025-08-06,12.5347,12.5535,12.3459,12.4403,6590300
2025-08-07,12.4403,13.0066,12.4214,12.9877,15163800
2025-08-08,13.0255,13.0821,12.9122,13.0255,6527200
2025-08-11,13.0255,13.0255,12.8367,12.8933,5929300
2025-08-12,12.8367,12.9122,12.7612,12.8178,3818800
2025-08-13,12.8178,13.0255,12.8178,13.0255,3846500
2025-08-14,12.9877,13.0066,12.7989,12.9122,4567000
2025-08-15,12.9688,12.9688,12.8367,12.8556,2477100
2025-08-18,12.8933,12.9688,12.7612,12.8556,2974700
2025-08-19,12.8367,13.1199,12.8367,12.95,6265200
2025-08-20,12.95,13.0066,12.8745,12.8933,2795500
2025-08-21,12.9122,13.0066,12.7801,12.8745,2259500
2025-08-22,12.9311,12.9688,12.7612,12.7989,2851000
2025-08-25,12.8933,12.9877,12.8367,12.95,5833800
2025-08-26,12.9311,12.95,12.6857,12.6857,8210900
2025-08-27,12.6857,12.7801,12.6668,12.7234,3617800
2025-08-28,12.7423,12.7989,12.6479,12.6857,4978000
2025-08-29,12.6668,12.7046,12.4025,12.4591,9946500
2025-09-02,12.4591,12.4969,12.3836,12.4969,4899500
2025-09-03,12.5347,12.5724,12.3648,12.3648,4585600
2025-09-04,12.3648,12.4403,12.3081,12.327,6872900
2025-09-08,12.4214,12.6668,12.3836,12.5724,4796400
2025-09-09,12.5724,12.5724,12.3081,12.3648,7505700
2025-09-10,12.4403,12.5347,12.3836,12.4403,4449000
2025-09-11,12.4591,12.5535,12.4591,12.478,4135300
2025-09-12,12.5158,12.7046,12.5158,12.629,5138300
2025-09-17,12.5347,12.7423,12.4969,12.6857,6529100
2025-09-18,12.6857,12.7612,12.5158,12.5347,8040800
2025-09-19,12.629,12.7046,12.5535,12.629,6713300
2025-09-22,12.6479,12.7801,12.6479,12.6668,3437000
2025-09-23,12.7046,12.7801,12.6102,12.6479,4869200
2025-09-24,12.7046,12.7046,12.5158,12.5347,4643500
2025-09-25,12.5535,12.5724,12.4591,12.4591,6459800
2025-09-26,12.4591,12.629,12.4591,12.5913,2918400
2025-09-29,12.6779,12.7548,12.5817,12.6394,3399900
2025-09-30,12.6394,12.7548,12.6394,12.7163,5594700
2025-10-01,12.7163,12.7741,12.5817,12.6009,3670200
2025-10-02,12.6394,13.1011,12.6394,12.9472,7874300
2025-10-03,12.9857,12.9857,12.7548,12.7741,7338700
2025-10-06,12.7741,12.928,12.7548,12.851,2439600
2025-10-07,12.851,12.851,12.7741,12.7741,1828300
2025-10-08,12.7933,12.7933,12.6971,12.6971,4268800
2025-10-09,12.7933,12.8125,12.7356,12.7741,7128400
2025-10-10,12.7741,12.7933,12.7163,12.7163,3026400
2025-10-13,12.6971,12.8125,12.6394,12.7548,3312500
2025-10-14,12.7933,12.851,12.6779,12.6971,3820100
2025-10-15,12.6971,12.7163,12.6394,12.6779,3719000
2025-10-16,12.6971,12.7933,12.6586,12.6779,4018800
2025-10-17,12.7163,12.7356,12.5817,12.6009,5518800
2025-10-21,12.7741,12.7933,12.6971,12.7356,3518700
2025-10-22,12.7548,12.7741,12.5817,12.5817,4105600
2025-10-23,12.6009,12.6586,12.5624,12.6201,6036100
2025-10-24,12.6394,12.7741,12.6394,12.7163,2365400
2025-10-27,12.7741,12.9087,12.7548,12.851,5258600
2025-10-28,12.851,12.8702,12.7163,12.7163,6037900
2025-10-29,12.6971,12.8318,12.6779,12.7933,2702700
2025-10-30,12.7933,12.8318,12.7548,12.8125,3453400
2025-10-31,12.7933,12.8125,12.7356,12.7741,3706300
2025-11-03,12.7741,12.851,12.7548,12.8318,1739500
2025-11-04,12.8125,12.8895,12.7933,12.7933,4543100
2025-11-05,12.7933,12.8318,12.6586,12.6971,1979400
2025-11-06,12.7741,12.7933,12.6779,12.6971,3796900
2025-11-07,12.6971,12.7548,12.6779,12.7163,2571700
2025-11-10,12.7163,12.8318,12.7163,12.8318,2370500
2025-11-11,12.8318,12.9087,12.7548,12.8702,3688800
2025-11-12,12.928,12.928,12.851,12.8895,4145000
2025-11-13,12.8895,13.0434,12.851,12.9857,5017900
2025-11-14,12.9664,12.9857,12.8702,12.9087,3709200
2025-11-17,12.9087,13.0241,12.7356,12.7741,3811400
2025-11-18,12.7548,12.8318,12.6586,12.6779,9201600
2025-11-19,12.6971,12.7163,12.6586,12.6779,4921800
2025-11-20,12.6971,12.7548,12.6394,12.6394,7018600
2025-11-21,12.6394,12.6586,12.6009,12.6009,6558600
2025-11-24,12.6009,12.6394,12.5432,12.5432,10668400
2025-11-25,12.5624,12.6201,12.5432,12.6009,10388100
2025-11-26,12.6201,12.7163,12.524,12.6201,9907800
2025-11-27,12.6201,12.7741,12.6009,12.7741,6967000
2025-11-28,12.7548,12.7548,12.6009,12.6779,13016400
2025-12-01,12.6971,13.0434,12.6971,12.8125,10817700
2025-12-02,12.7741,12.8318,12.2546,12.2546,21005700
2025-12-03,12.3701,12.5432,12.3123,12.3508,6746300
2025-12-04,12.3701,12.4278,12.0238,12.0238,12264400
2025-12-05,12.0815,12.1969,12.043,12.1584,17308400
2025-12-08,12.2161,12.2739,12.043,12.2161,9720300
2025-12-09,12.2931,12.2931,12.1777,12.2161,11657900
2025-12-10,12.2354,12.2739,12.1969,12.2546,6859000
2025-12-11,12.2931,12.3123,12.2161,12.2546,8136400
2025-12-12,12.2931,12.524,12.2931,12.524,7354900
2025-12-15,12.4662,12.6586,12.447,12.6009,9239800
2025-12-16,12.6009,12.7163,12.524,12.6394,8540400
2025-12-17,12.6394,12.7548,12.6394,12.7356,7195100
2025-12-18,12.7356,12.8318,12.6971,12.7933,5671200
2025-12-19,12.7933,12.9087,12.7741,12.851,8839300
2025-12-22,12.8318,13.0434,12.8318,13.0241,5625200
2025-12-23,13.0626,13.1396,12.928,13.1396,5912600
2025-12-24,13.1011,13.1781,13.0626,13.0819,3527700
2025-12-26,13.0819,13.1588,13.0049,13.1396,1486600
2025-12-29,13.1396,13.3512,13.1203,13.3512,8103500
2025-12-30,13.2935,13.3127,13.1011,13.255,10994900
2025-12-31,13.255,13.3127,13.1396,13.1973,6323400
2026-01-02,13.178,13.2935,13.1203,13.255,3997900
2026-01-05,13.2165,13.255,13.1011,13.2165,5675600
2026-01-06,13.255,13.255,12.9472,13.0626,7838800
2026-01-07,13.0626,13.1781,12.9857,13.1781,3120100
2026-01-08,13.1588,13.1588,13.0241,13.0434,9925000
2026-01-09,13.0434,13.1011,13.0241,13.0434,3790500
2026-01-12,13.0241,13.1781,13.0241,13.0819,4566100
2026-01-13,13.1011,13.3127,13.0819,13.2742,7209600
2026-01-14,13.2742,13.332,13.178,13.2935,4774200
2026-01-15,13.2935,13.4474,13.2358,13.3897,6928800
2026-01-16,13.3704,13.4666,13.2935,13.332,5031000
2026-01-19,13.332,13.332,13.332,13.332,0
2026-01-20,13.2935,13.332,13.1588,13.2742,3757100
2026-01-21,13.2742,13.3512,13.178,13.2742,5155200
2026-01-22,13.2742,13.3704,13.2358,13.332,2841300
2026-01-23,13.332,13.3704,13.255,13.2742,4806500
2026-01-26,13.2742,13.4666,13.255,13.4474,7749800
2026-01-27,13.4666,13.582,13.4474,13.582,6908700
2026-01-28,13.6013,13.6398,13.4666,13.5436,10536000
2026-01-29,13.5243,13.582,13.3512,13.4666,5800800
2026-01-30,13.4666,13.4666,13.3897,13.4089,8510600
2026-02-03,13.582,13.6975,13.4281,13.582,7131500
2026-02-04,13.5243,13.6398,13.5051,13.5628,4967300
2026-02-05,13.6398,13.6398,13.4089,13.4474,5472400
2026-02-06,13.4474,13.4666,13.3512,13.4089,3337000
2026-02-09,13.3704,13.6398,13.3704,13.6013,10699100
2026-02-10,13.6398,13.659,13.4281,13.4666,4783000
2026-02-11,13.4666,13.5243,13.3704,13.4666,5841200
2026-02-12,13.4666,13.5051,13.3512,13.5051,3743700
2026-02-13,13.3704,13.5051,13.332,13.4281,5368400
2026-02-16,13.4281,13.8706,13.4089,13.8706,9155800
2026-02-19,13.9476,13.9476,13.659,13.7167,3972700
2026-02-20,13.7167,13.7167,13.4859,13.6205,6584100
2026-02-23,13.659,13.6782,13.5051,13.6013,7362900
2026-02-24,13.659,13.659,13.4474,13.5628,4752400
2026-02-25,13.5628,13.659,13.4666,13.6398,5180900
2026-02-26,13.6398,13.6398,13.5051,13.6398,4776000
2026-02-27,13.659,13.9476,13.582,13.8321,20539700
2026-03-02,13.582,13.8321,13.5628,13.736,6216200
2026-03-03,13.7744,14.0053,13.7167,13.8321,10959100
2026-03-04,13.8321,13.8514,13.5243,13.6205,8354900
2026-03-05,13.659,13.7744,13.5051,13.7744,4161900
2026-03-06,13.7552,13.7552,13.6013,13.659,7532500
2026-03-09,13.4666,13.5628,13.1973,13.3127,10299300
2026-03-10,13.4089,13.659,13.4089,13.6013,13973400
2026-03-11,13.582,13.6975,13.4666,13.6975,5540800
2026-03-12,13.6975,13.8514,13.5243,13.8514,13022000
2026-03-13,13.8321,13.8321,13.6205,13.659,14357800
2026-03-16,13.736,13.7937,13.6013,13.6398,13501200
2026-03-17,13.659,13.7552,13.6398,13.659,10951400
2026-03-18,13.659,13.7552,13.582,13.6975,9798400
2026-03-19,13.6013,13.7937,13.6013,13.7552,11492300
2026-03-20,13.7552,13.7552,13.7552,13.7552,0
2026-03-24,13.8129,13.8129,13.5051,13.736,10731100
2026-03-25,13.736,13.986,13.6398,13.8706,7533500
2026-03-26,13.8706,13.9283,13.7552,13.8321,3920900
2026-03-27,13.8514,13.8899,13.7552,13.8321,3992200
2026-03-30,13.8321,13.9499,13.8321,13.891,11655600
2026-03-31,13.9106,13.9302,13.6163,13.6359,6910600
2026-04-01,13.9106,13.9106,13.6556,13.8125,3250400
2026-04-02,13.734,13.8321,13.6556,13.734,5593800
2026-04-03,13.7537,13.891,13.6752,13.7733,3100300
2026-04-06,13.7733,13.8321,13.7144,13.734,2051000
2026-04-07,13.734,13.7733,13.5771,13.734,3748700
2026-04-08,13.734,13.8321,13.6556,13.7929,4939600
2026-04-09,13.7733,13.8518,13.6948,13.8518,6364200
2026-04-10,13.8518,13.891,13.7537,13.8125,6032100
2026-04-13,13.8714,13.9499,13.734,13.9106,3744900
2026-04-14,13.9499,14.0676,13.9499,14.048,7420600
2026-04-15,14.0676,14.0676,13.8125,13.8714,5862700
2026-04-16,13.8714,14.0283,13.8321,13.9499,1775600
2026-04-17,13.9499,14.1264,13.8518,14.048,4554300
2026-04-20,14.0283,14.1657,13.9302,14.1264,3026700
2026-04-21,14.1264,14.4011,14.1264,14.3226,6917400
2026-04-22,14.3226,14.3619,14.1461,14.2442,2472800
2026-04-23,14.2442,14.3815,14.1657,14.3226,3764500
2026-04-24,14.3423,14.4011,14.2638,14.3815,2038100
2026-04-27,14.4011,14.4207,14.303,14.303,5093300
2026-04-28,14.303,14.3815,14.2245,14.2442,5826700
2026-04-29,14.2245,14.3423,14.2049,14.3226,5968600
2026-04-30,14.3226,14.3226,14.0676,14.2638,9411300
2026-05-04,14.2638,14.5777,14.2245,14.5188,5642500
2026-05-05,14.5188,14.5581,14.3226,14.5188,3814500
2026-05-06,14.4404,14.5777,14.4404,14.5188,10144900
2026-05-07,14.5188,14.6169,14.4796,14.5188,9158200
2026-05-08,14.4796,14.5385,14.3619,14.5385,6687500
2026-05-11,14.5385,14.5581,14.3815,14.4404,3518200
2026-05-12,14.46,14.5385,14.4404,14.4992,7499800
2026-05-13,14.4404,14.5188,14.3423,14.4404,7983500
2026-05-14,14.4404,14.46,14.1068,14.2049,9808700
2026-05-15,14.2638,14.3619,14.1657,14.2638,4617400
2026-05-18,14.303,14.4011,14.1657,14.1657,4857300
2026-05-19,14.2638,14.3619,14.1461,14.2442,8150000
2026-05-20,14.2442,14.3226,14.1657,14.1853,7922400
2026-05-21,14.2245,14.2834,14.1461,14.1853,10389500
2026-05-22,14.1853,14.2442,14.1068,14.1461,4416500
2026-05-25,14.1657,14.2834,14.1068,14.1853,2856400
2026-05-26,14.1264,14.1853,13.8321,13.891,9742900
2026-05-27,13.891,13.891,13.891,13.891,0
2026-05-28,13.9891,14.0872,13.8321,13.9695,5864700
2026-05-29,14.0676,14.1264,13.9499,14.0087,13992600
2026-06-02,14.0087,14.0087,14.0087,14.0087,0
2026-06-03,14.1461,14.1461,13.7929,13.8125,16514900
2026-06-04,13.8518,13.9499,13.8125,13.8321,5038800
2026-06-05,13.8714,13.9499,13.8321,13.8714,3592000
2026-06-08,13.8518,13.9695,13.7733,13.9302,3503100
2026-06-09,13.9499,13.9695,13.8321,13.8714,3606400
2026-06-10,13.9106,14.0676,13.8518,13.9499,4590600
2026-06-11,14.0087,14.1068,13.9302,14.0283,4139100
2026-06-12,14.1264,14.2245,14.048,14.1461,3970400
2026-06-15,14.2245,14.4207,14.1853,14.2049,5794600
2026-06-16,14.2049,14.3226,14.1264,14.2834,6174400
2026-06-18,14.3226,14.3423,14.1461,14.1657,4195700
2026-06-19,14.1853,14.303,14.1461,14.2245,15922500
2026-06-22,14.2834,14.3226,14.1853,14.2245,3154400
2026-06-23,14.2442,14.3226,14.1068,14.1264,6454700
2026-06-24,14.1264,14.2245,14.048,14.1068,2237500
2026-06-25,14.0676,14.0872,13.891,13.9695,2412700
2026-06-26,13.9499,14.0872,13.891,14.0676,2054100
2026-06-29,14.048,14.048,13.891,13.9891,2662700
2026-06-30,13.9891,14.0872,13.9499,14.0087,4127400
2026-07-01,13.9302,14.048,13.9302,13.9302,3759000
2026-07-02,13.9499,14.0087,13.9302,13.9891,1778600
2026-07-03,13.9891,14.048,13.9499,14.0087,3309300
2026-07-06,14.0087,14.048,14.0087,14.0283,2289300
2026-07-07,14.0283,14.0283,13.9891,14.0283,3225800
2026-07-08,14.0283,14.0872,13.9891,14.0283,3016200
2026-07-09,14.0283,14.1068,13.9891,14.0283,6592000
2026-07-10,14.0283,14.1264,13.9891,14.0283,6543300
2026-07-13,14.0283,14.048,13.9695,14.0283,4747900
2026-07-14,14.0283,14.1853,14.0087,14.1264,7551200
2026-07-15,14.1461,14.2245,14.048,14.1068,6000800
2026-07-16,14.1068,14.1657,14.0087,14.0283,7238100
2026-07-17,14.0283,14.0676,13.9891,14.0283,7498600
2026-07-20,14.0283,14.1461,14.0087,14.0283,4308000
2026-07-21,14.0676,14.2834,14.0087,14.2834,5439400
2026-07-22,14.2834,14.2834,13.9695,14.0087,4830600
2026-07-23,14.0087,14.2638,13.9891,14.2245,7400700
2026-07-24,14.1461,14.2245,14.0283,14.0872,3411200
2026-07-27,14.0283,14.2442,14.0283,14.1853,3714400
2026-07-28,14.1853,14.4796,14.048,14.3815,8599800
2026-07-29,14.3423,14.4011,14.2245,14.3226,3246400
2026-07-30,14.3226,14.3423,14.1853,14.3423,6671000
2026-07-31,14.3226,14.5188,14.2638,14.3226,10534900
2026-08-03,14.3423,14.3815,14.1853,14.2245,4046500
2026-08-04,14.2245,14.303,14.1461,14.2245,5233600
2026-08-05,14.1853,14.3815,14.1461,14.3815,6632100
2026-08-06,14.3815,14.4207,14.1853,14.2049,6556600
2026-08-07,14.2049,14.4796,14.1264,14.1264,7008100
2026-08-10,14.1264,14.1853,13.9106,14.1264,6570800
2026-08-11,14.1264,14.1264,13.9302,14.0676,6227400
2026-08-12,14.0283,14.303,14.0283,14.303,6676000
2026-08-13,14.303,14.3226,14.1657,14.2245,5326500
2026-08-14,14.2245,14.2834,14.1264,14.2049,4125700
2026-08-17,14.2049,14.2638,14.0872,14.2049,4896200
2026-08-18,14.1853,14.2049,14.048,14.1461,3886300
2026-08-19,14.1461,14.1461,14.0283,14.1264,3301500
2026-08-20,14.1853,14.2245,14.0676,14.2245,4364500
2026-08-21,14.1853,14.2442,14.0676,14.1264,2113300
2026-08-24,14.1264,14.1853,13.9499,14.0283,4068700
2026-08-25,14.0283,14.0283,14.0283,14.0283,0
2026-08-26,13.9695,14.1657,13.9499,14.0283,5709200
2026-08-27,14.0283,14.1657,13.9695,14.0283,2939400
2026-08-28,13.9891,14.0087,13.479,13.8714,44829700
2026-08-31,13.8714,13.8714,13.8714,13.8714,0
2026-09-01,13.7144,13.7144,13.4594,13.4986,11391100
2026-09-02,13.4986,13.4986,13.3416,13.3809,7281100
2026-09-03,13.3809,13.479,13.322,13.4201,6494300
2026-09-04,13.4201,13.4986,13.3416,13.3613,3987500
2026-09-07,13.4005,13.6556,13.3809,13.5771,6263400
2026-09-08,13.5967,13.6752,13.5771,13.6359,4129600
2026-09-09,13.6359,13.6752,13.479,13.479,4318500
2026-09-10,13.479,13.5967,13.3809,13.4594,6901800
2026-09-11,13.479,13.5575,13.3024,13.3416,4054400
2026-09-14,13.3416,13.4986,13.2632,13.3809,3712800
2026-09-15,13.4201,13.4201,13.0081,13.067,13406600
2026-09-17,13.067,13.1454,12.9689,13.067,5402400
2026-09-18,13.067,13.1062,12.5568,12.7923,23855600
2026-09-21,12.7727,12.8708,12.6157,12.7923,15032000
2026-09-22,12.7923,12.91,12.6353,12.8511,9106800
2026-09-23,12.8511,13.1062,12.8119,12.8904,12875500
2026-09-24,12.9296,13.0081,12.7923,12.8119,7548800
2026-09-25,12.8511,13.0277,12.8511,12.8904,5767700
2026-09-28,12.91,12.9885,12.8511,12.91,5724300
2026-09-29,12.94,13.0,12.72,12.72,10054700
2026-09-30,12.8,13.12,12.76,12.96,10433500
2026-10-01,12.96,13.04,12.86,12.9,8385400
2026-10-02,13.0,13.12,12.86,12.96,7744200
2026-10-05,12.96,13.06,12.96,13.0,6443000
2026-10-06,13.0,13.08,12.88,12.9,6601000
2026-10-07,12.9,13.02,12.86,12.86,8258300
2026-10-08,12.9,13.04,12.86,12.9,9686900
