date,open,high,low,close,volume
2016-09-29,49.5246,49.5977,48.8995,49.0619,388300
2016-09-30,49.1431,49.5409,49.1106,49.4029,410000
2016-10-03,49.273,49.3623,49.1512,49.3217,350300
2016-10-04,49.411,49.4597,48.9482,49.1268,1339500
2016-10-05,49.2892,49.5084,49.2892,49.4353,938800
2016-10-06,49.2648,49.3217,49.0619,49.2892,520400
2016-10-07,49.2811,49.3379,48.8264,49.1025,362300
2016-10-10,49.2324,49.4516,49.2243,49.3136,662100
2016-10-11,49.0944,49.1025,48.4205,48.5666,654500
2016-10-12,48.5423,48.7534,48.4773,48.6316,592500
2016-10-13,48.2257,48.5585,47.9658,48.3961,1295300
2016-10-14,48.729,48.8021,48.4205,48.4286,558900
2016-10-17,48.4043,48.4449,48.2257,48.2825,283100
2016-10-18,48.794,48.8102,48.6072,48.7047,321400
2016-10-19,48.8346,48.9807,48.7371,48.9158,847100
2016-10-20,48.8833,48.9969,48.7047,48.8914,583300
2016-10-21,48.6397,48.8346,48.5342,48.7859,320700
2016-10-24,49.0213,49.0781,48.8264,48.9482,908300
2016-10-25,48.9482,48.9482,48.7371,48.8183,273800
2016-10-26,48.6153,48.7777,48.4936,48.6072,697600
2016-10-27,48.7777,48.8264,48.4936,48.5179,319400
2016-10-28,48.453,48.6153,48.2419,48.3718,426000
2016-10-31,48.4854,48.526,48.3393,48.4286,631000
2016-11-01,48.526,48.591,47.8684,48.1363,526200
2016-11-02,48.0876,48.1282,47.706,47.8035,978100
2016-11-03,47.8684,47.9334,47.5761,47.6736,425100
2016-11-04,47.5599,47.7223,47.4138,47.4219,871100
2016-11-07,48.0876,48.3718,48.0795,48.3718,486100
2016-11-08,48.3068,48.7047,48.1688,48.5829,916700
2016-11-09,48.0958,48.8589,48.047,48.6803,897400
2016-11-10,48.7777,48.9401,48.2662,48.5423,773800
2016-11-11,48.315,48.5423,48.0308,48.2744,834600
2016-11-14,48.2662,48.3149,48.0714,48.2581,380900
2016-11-15,48.3068,48.7128,48.3068,48.7128,590000
2016-11-16,48.3718,48.5017,48.3393,48.453,528800
2016-11-17,48.5829,48.7858,48.5423,48.7209,348500
2016-11-18,48.6154,48.7047,48.4205,48.4773,510200
2016-11-21,48.6235,48.9239,48.6235,48.9239,590500
2016-11-22,48.9969,49.07,48.8427,49.0375,675200
2016-11-23,48.6803,49.0051,48.6803,48.9969,335700
2016-11-25,49.0619,49.1756,49.0619,49.1756,175800
2016-11-28,49.0781,49.1512,48.9401,48.9807,673500
2016-11-29,48.8995,49.1918,48.8508,49.0781,794100
2016-11-30,49.273,49.2892,49.005,49.005,1054500
2016-12-01,49.0051,49.0132,48.6884,48.7859,1138300
2016-12-02,48.8264,48.9969,48.7453,48.8914,855100
2016-12-05,49.1025,49.273,49.0375,49.2486,807900
2016-12-06,49.3217,49.5165,49.2324,49.4922,543300
2016-12-07,49.5165,50.231,49.5165,50.1741,681600
2016-12-08,50.1336,50.3771,50.0767,50.3122,909100
2016-12-09,50.3365,50.4583,50.2959,50.4583,1237800
2016-12-12,50.3934,50.507,50.2148,50.3041,791700
2016-12-13,50.5314,50.8318,50.5314,50.71,791800
2016-12-14,50.6044,50.6613,50.0199,50.0524,1121100
2016-12-15,50.0686,50.2635,49.9631,50.1417,1041400
2016-12-16,50.2229,50.231,50.0199,50.093,943000
2016-12-19,50.1498,50.3122,50.0605,50.1336,371300
2016-12-20,50.2538,50.3274,50.172,50.3274,616100
2016-12-21,50.3192,50.3274,50.2374,50.2456,1806500
2016-12-22,50.1475,50.172,49.9675,50.0493,481800
2016-12-23,50.0984,50.1475,50.0411,50.1311,446800
2016-12-27,50.2129,50.2947,50.1475,50.2293,1314000
2016-12-28,50.3111,50.3111,49.9103,49.9348,518900
2016-12-29,50.0084,50.1147,49.9021,49.9921,6364800
2016-12-30,50.172,50.172,49.763,49.8939,4117900
2017-01-03,50.262,50.3928,50.0902,50.3029,911900
2017-01-04,50.4746,50.7609,50.4501,50.7609,735800
2017-01-05,50.8182,50.9654,50.7936,50.9245,485200
2017-01-06,50.9327,51.0227,50.7773,50.9327,657300
2017-01-09,50.8836,50.8836,50.7118,50.7936,528500
2017-01-10,50.7936,50.9899,50.7936,50.8427,330800
2017-01-11,50.8591,51.1208,50.7282,51.1208,485000
2017-01-12,51.129,51.129,50.7527,51.0227,541000
2017-01-13,51.1044,51.2108,51.0554,51.1944,386500
2017-01-17,51.0963,51.1208,50.9409,51.039,646400
2017-01-18,50.9981,51.0554,50.8918,50.9818,533900
2017-01-19,50.9981,51.0308,50.7118,50.8591,545700
2017-01-20,50.9736,51.0717,50.8591,51.0308,414700
2017-01-23,51.0472,51.0799,50.8345,51.0308,526800
2017-01-24,51.1126,51.4316,51.0799,51.3825,502400
2017-01-25,51.5707,51.8406,51.5707,51.8406,486500
2017-01-26,51.8406,51.8488,51.7097,51.7343,437600
2017-01-27,51.7343,51.7833,51.6034,51.6688,470500
2017-01-30,51.3825,51.3907,51.0963,51.3007,2216000
2017-01-31,51.2353,51.4153,51.1535,51.3907,794000
2017-02-01,51.587,51.6606,51.3171,51.4643,2460000
2017-02-02,51.4807,51.6034,51.4234,51.5625,2033200
2017-02-03,51.7261,51.8815,51.6361,51.8242,747000
2017-02-06,51.6116,51.6688,51.5134,51.6443,633000
2017-02-07,51.6607,51.6852,51.5298,51.6116,345400
2017-02-08,51.5707,51.7015,51.4562,51.677,1000800
2017-02-09,51.7343,52.0124,51.6934,51.9387,602000
2017-02-10,52.0533,52.2332,52.0124,52.2005,701500
2017-02-13,52.3804,52.5277,52.3641,52.4622,822400
2017-02-14,52.405,52.5685,52.225,52.5685,1023400
2017-02-15,52.5113,52.8794,52.4868,52.8712,2042400
2017-02-16,52.8466,52.9366,52.7158,52.8875,399100
2017-02-17,52.6176,52.863,52.6176,52.863,844600
2017-02-21,52.9366,53.1657,52.9039,53.1411,482900
2017-02-22,53.0757,53.1575,52.9775,53.1329,565200
2017-02-23,53.2147,53.3211,53.0021,53.1329,861200
2017-02-24,52.8385,53.0184,52.7403,53.0184,393400
2017-02-27,52.953,53.0184,52.8385,52.9775,4439500
2017-02-28,52.9202,52.9611,52.7076,52.773,1435600
2017-03-01,53.1984,53.5337,53.1247,53.4192,757700
2017-03-02,53.3292,53.3292,53.0184,53.0266,843100
2017-03-03,53.0102,53.2556,52.9612,53.2229,944500
2017-03-06,53.0429,53.1247,52.9284,53.0757,347700
2017-03-07,52.9857,53.0266,52.863,52.9039,553600
2017-03-08,52.9448,52.9857,52.7158,52.7485,3978700
2017-03-09,52.7239,52.8466,52.544,52.773,1562300
2017-03-10,53.0757,53.1084,52.8548,53.0675,1438000
2017-03-13,53.1575,53.2801,53.1493,53.272,668800
2017-03-14,53.0675,53.0675,52.8466,52.9857,752200
2017-03-15,53.0675,53.7136,53.0675,53.6319,732500
2017-03-16,53.7954,53.8282,53.6155,53.7137,901100
2017-03-17,53.7873,53.8609,53.6728,53.73,368300
2017-03-20,53.7545,53.82,53.5828,53.6564,638500
2017-03-21,53.8691,53.9509,53.0839,53.1247,523200
2017-03-22,53.0184,53.2474,52.9366,53.2065,1195700
2017-03-23,53.1575,53.3865,53.0757,53.1738,602300
2017-03-24,53.2474,53.4356,53.1247,53.272,1583300
2017-03-27,53.0757,53.3783,52.8712,53.3292,2342700
2017-03-28,53.321,53.6891,53.2801,53.6319,759600
2017-03-29,53.5686,53.7247,53.4619,53.7082,423800
2017-03-30,53.6507,53.7985,53.6179,53.6836,508100
2017-03-31,53.544,53.6918,53.4865,53.5522,659300
2017-04-03,53.6097,53.6343,53.1745,53.5029,662000
2017-04-04,53.388,53.5358,53.2977,53.5358,295600
2017-04-05,53.6425,53.8396,53.2977,53.3305,851400
2017-04-06,53.3716,53.4947,53.2566,53.4126,528800
2017-04-07,53.3469,53.4783,53.2813,53.3469,589600
2017-04-10,53.3798,53.4783,53.2566,53.3716,448000
2017-04-11,53.4373,53.4373,53.0431,53.4208,323700
2017-04-12,53.4126,53.4126,53.1663,53.2977,474200
2017-04-13,53.1663,53.2977,52.9446,52.961,546300
2017-04-17,53.1827,53.4126,53.0595,53.4126,510300
2017-04-18,53.117,53.2156,52.9364,53.1252,741400
2017-04-19,53.232,53.3141,52.9446,53.0185,492100
2017-04-20,53.3059,53.544,53.2648,53.4619,409300
2017-04-21,53.429,53.4373,53.2648,53.3798,570600
2017-04-24,54.1763,54.2666,54.1188,54.2173,589600
2017-04-25,54.4144,54.6114,54.3487,54.5457,1547100
2017-04-26,54.5211,54.7018,54.4883,54.5129,1404000
2017-04-27,54.5622,54.5622,54.3815,54.5375,1460600
2017-04-28,54.5704,54.5704,54.3897,54.4226,583400
2017-05-01,54.5786,54.6853,54.4883,54.5375,508400
2017-05-02,54.7264,54.751,54.6196,54.751,444400
2017-05-03,54.5622,54.595,54.4308,54.5622,491800
2017-05-04,54.6443,54.6853,54.4883,54.6853,493800
2017-05-05,54.7428,55.0795,54.7182,55.0795,489500
2017-05-08,54.9481,54.9645,54.8085,54.8824,702200
2017-05-09,54.9727,55.0138,54.8249,54.9235,649200
2017-05-10,54.9235,55.0302,54.8742,55.022,557700
2017-05-11,54.8906,54.9399,54.6689,54.9399,582300
2017-05-12,54.8988,54.9727,54.8414,54.907,306300
2017-05-15,55.0795,55.3012,55.0795,55.2765,525600
2017-05-16,55.4243,55.4325,55.2847,55.3833,424800
2017-05-17,55.178,55.178,54.5129,54.5293,1233500
2017-05-18,54.398,54.7428,54.2748,54.5622,501100
2017-05-19,55.0056,55.2273,54.8413,55.1123,1340400
2017-05-22,55.219,55.3422,55.2026,55.334,806400
2017-05-23,55.4243,55.4243,55.2847,55.3258,822400
2017-05-24,55.3751,55.4736,55.2847,55.4325,662200
2017-05-25,55.5968,55.7117,55.5557,55.6214,719400
2017-05-26,55.5229,55.5721,55.4818,55.5639,756000
2017-05-30,55.4654,55.5475,55.4079,55.5064,2372100
2017-05-31,55.6871,55.6871,55.3504,55.4818,3181900
2017-06-01,55.49,55.8924,55.49,55.8924,704200
2017-06-02,56.1223,56.2618,55.9827,56.229,647900
2017-06-05,56.229,56.229,56.0484,56.1058,595300
2017-06-06,55.9252,56.0648,55.9088,55.9827,814800
2017-06-07,56.0566,56.1058,55.802,55.9827,712700
2017-06-08,55.9827,56.0155,55.8267,55.9663,996600
2017-06-09,55.9909,56.1715,55.605,55.8677,1530200
2017-06-12,55.7692,55.8431,55.6132,55.7856,846300
2017-06-13,56.0566,56.1633,55.9498,56.1469,624900
2017-06-14,56.3275,56.344,55.8267,56.0073,3131100
2017-06-15,55.4407,55.6953,55.4243,55.6624,3273000
2017-06-16,55.8185,55.9088,55.6378,55.9088,577300
2017-06-19,56.1058,56.2783,56.0648,56.2618,699900
2017-06-20,56.114,56.1633,55.7445,55.7692,605500
2017-06-21,55.802,55.8923,55.6624,55.7692,567800
2017-06-22,55.802,55.917,55.7281,55.7938,410900
2017-06-23,55.8102,55.958,55.7363,55.8924,951300
2017-06-26,56.1633,56.3029,56.0073,56.0648,3075100
2017-06-27,56.0484,56.0976,55.7692,55.7692,615200
2017-06-28,55.9395,56.2868,55.9312,56.2371,421300
2017-06-29,56.2041,56.2041,55.4104,55.6998,1462400
2017-06-30,55.9808,55.9808,55.6832,55.832,1128700
2017-07-03,56.0305,56.1049,55.9064,55.923,813100
2017-07-05,55.8982,55.9395,55.6501,55.923,677100
2017-07-06,55.708,55.7328,55.4104,55.4517,1029700
2017-07-07,55.5592,55.7411,55.4517,55.6998,320200
2017-07-10,55.7411,55.8899,55.6915,55.8238,301400
2017-07-11,55.799,55.9478,55.5923,55.8734,453600
2017-07-12,56.1793,56.4521,56.1793,56.3612,426200
2017-07-13,56.4604,56.5761,56.3694,56.5265,658500
2017-07-14,56.6505,56.9565,56.634,56.8655,379200
2017-07-17,56.8572,56.8986,56.7828,56.8242,1120700
2017-07-18,56.7911,56.8738,56.6836,56.8738,471200
2017-07-19,56.9813,57.1797,56.9813,57.1797,400800
2017-07-20,57.2541,57.3367,57.1466,57.2789,475600
2017-07-21,57.1383,57.2128,57.0309,57.1797,516400
2017-07-24,57.1549,57.1962,57.0143,57.1797,352500
2017-07-25,57.3533,57.4029,57.2706,57.2954,714700
2017-07-26,57.4112,57.4938,57.312,57.469,606200
2017-07-27,57.5352,57.5517,57.0391,57.3285,442900
2017-07-28,57.1549,57.3285,57.1301,57.3037,592600
2017-07-31,57.3864,57.4029,57.221,57.3119,724000
2017-08-01,57.6096,57.6096,57.4691,57.56,639600
2017-08-02,57.5848,57.5848,57.312,57.5104,460900
2017-08-03,57.5021,57.5186,57.3698,57.436,1125100
2017-08-04,57.5848,57.5931,57.3781,57.5435,461500
2017-08-07,57.5682,57.684,57.5434,57.684,265700
2017-08-08,57.6179,57.7998,57.4194,57.5021,569100
2017-08-09,57.1797,57.3864,57.1135,57.3698,351800
2017-08-10,57.0887,57.0887,56.4769,56.4934,1008500
2017-08-11,56.5348,56.6588,56.4438,56.5183,480800
2017-08-14,56.8242,57.1383,56.8242,57.0391,436200
2017-08-15,57.0804,57.0804,56.8737,56.9812,911200
2017-08-16,57.1962,57.3037,57.1631,57.2623,513500
2017-08-17,57.0722,57.1135,56.4356,56.4521,767300
2017-08-18,56.5017,56.7415,56.3529,56.5183,671000
2017-08-21,56.5513,56.6175,56.3694,56.5678,500100
2017-08-22,56.725,57.0474,56.725,57.0226,397000
2017-08-23,56.8324,57.0143,56.7663,56.9564,337900
2017-08-24,57.0557,57.0805,56.849,56.8655,717400
2017-08-25,57.0722,57.2706,57.0639,57.0887,2146000
2017-08-28,57.2375,57.2375,56.9895,57.0805,1760400
2017-08-29,56.7084,57.0805,56.6919,57.0308,821200
2017-08-30,57.0308,57.2458,56.973,57.1962,821900
2017-08-31,57.3368,57.6179,57.3368,57.5517,813600
2017-09-01,57.7336,57.7915,57.6509,57.7253,473700
2017-09-05,57.5765,57.6592,57.0639,57.3367,552800
2017-09-06,57.469,57.6427,57.4525,57.5517,417500
2017-09-07,57.8163,57.8163,57.6509,57.7749,274900
2017-09-08,57.7584,57.7997,57.6592,57.7088,494500
2017-09-11,57.9734,58.2875,57.9734,58.2627,548600
2017-09-12,58.3619,58.4364,58.3123,58.4198,606600
2017-09-13,58.3206,58.3371,58.1966,58.271,322000
2017-09-14,58.1966,58.2958,58.1553,58.2875,1801200
2017-09-15,58.3289,58.4116,58.2958,58.395,1632600
2017-09-18,58.519,58.6844,58.4694,58.5935,519000
2017-09-19,58.6596,58.6844,58.5438,58.6844,544400
2017-09-20,58.7092,58.7836,58.362,58.6844,722000
2017-09-21,58.6183,58.6431,58.4777,58.5273,665900
2017-09-22,58.5356,58.6183,58.5025,58.5686,2034100
2017-09-25,58.4364,58.5108,58.147,58.3124,1380500
2017-09-26,58.3702,58.3867,58.1718,58.2545,1186600
2017-09-27,58.2744,58.4572,58.1581,58.3658,744800
2017-09-28,58.3326,58.4655,58.2412,58.4406,851600
2017-09-29,58.5819,58.7979,58.5154,58.7647,594700
2017-10-02,58.7564,58.9059,58.7065,58.8976,1171000
2017-10-03,59.0056,59.1552,58.9724,59.1552,839000
2017-10-04,59.0971,59.2383,59.0721,59.1802,377500
2017-10-05,59.1884,59.3712,59.1635,59.3546,628400
2017-10-06,59.1718,59.2882,59.1054,59.2799,711800
2017-10-09,59.2882,59.3297,59.1303,59.1968,248400
2017-10-10,59.4544,59.5624,59.3713,59.5208,403000
2017-10-11,59.5541,59.687,59.5375,59.687,722500
2017-10-12,59.6205,59.7452,59.5873,59.6538,858900
2017-10-13,59.8532,59.9114,59.8034,59.82,686400
2017-10-16,59.8615,59.9114,59.7784,59.8449,380400
2017-10-17,59.7951,59.82,59.687,59.82,671300
2017-10-18,59.8698,59.9114,59.7618,59.8615,619300
2017-10-19,59.5873,59.7867,59.4959,59.7867,513500
2017-10-20,59.8366,59.9363,59.82,59.928,532300
2017-10-23,59.9446,59.9446,59.6787,59.6953,613600
2017-10-24,59.7867,59.8449,59.712,59.795,497500
2017-10-25,59.8034,59.8034,59.2632,59.5541,750800
2017-10-26,59.6538,59.7286,59.5624,59.5707,632200
2017-10-27,59.6538,59.9114,59.5292,59.8865,612200
2017-10-30,59.6538,59.9114,59.6538,59.8117,637800
2017-10-31,59.9613,60.0693,59.8782,60.0028,836100
2017-11-01,60.2438,60.3601,60.0776,60.1357,865300
2017-11-02,60.1191,60.2355,59.9529,60.2022,555400
2017-11-03,60.2105,60.2521,60.0277,60.2521,716500
2017-11-06,60.2105,60.4266,60.1939,60.4099,498800
2017-11-07,60.4183,60.4598,60.1524,60.2853,2142600
2017-11-08,60.2853,60.4266,60.1856,60.4183,354300
2017-11-09,60.0111,60.1108,59.7036,60.0859,1046200
2017-11-10,60.0194,60.0693,59.9197,60.036,378300
2017-11-13,59.7203,59.9862,59.6621,59.9446,598200
2017-11-14,59.8034,59.8532,59.6372,59.8532,340300
2017-11-15,59.4128,59.6122,59.2715,59.5042,1192000
2017-11-16,59.8117,60.1607,59.8117,60.0776,415700
2017-11-17,59.9779,60.0693,59.9363,59.9945,334700
2017-11-20,60.0776,60.1607,60.0277,60.0859,501200
2017-11-21,60.4515,60.6094,60.4349,60.5595,369200
2017-11-22,60.6925,60.7423,60.5263,60.6426,505100
2017-11-24,60.8171,60.8919,60.8171,60.867,266700
2017-11-27,60.8254,60.8254,60.626,60.626,600600
2017-11-28,60.8088,61.1246,60.7174,61.0913,1300800
2017-11-29,61.0996,61.1744,60.8005,60.9002,1300100
2017-11-30,61.083,61.3489,61.083,61.1412,818300
2017-12-01,61.0747,61.1578,60.385,61.0082,1276900
2017-12-04,61.3323,61.4237,60.9002,60.9002,2396100
2017-12-05,60.9417,61.0747,60.6925,60.7091,1357700
2017-12-06,60.4931,60.626,60.4349,60.518,484600
2017-12-07,60.4764,60.7839,60.4266,60.7091,766600
2017-12-08,60.9999,61.0747,60.8836,61.0664,745400
2017-12-11,61.1827,61.2243,61.0913,61.216,805600
2017-12-12,61.191,61.2908,61.1163,61.2326,477300
2017-12-13,61.3739,61.54,61.3323,61.3656,849000
2017-12-14,61.432,61.4403,61.0996,61.0996,1207500
2017-12-15,61.2575,61.4819,61.1827,61.3822,886200
2017-12-18,61.8143,62.0719,61.8143,61.9555,642500
2017-12-19,61.9906,62.2332,61.7313,61.7397,947000
2017-12-20,61.9237,61.9237,61.6393,61.6979,579500
2017-12-21,61.8066,62.0074,61.7815,61.8736,846600
2017-12-22,61.9154,61.9823,61.815,61.9823,781100
2017-12-26,61.9656,62.0157,61.9154,61.9906,866500
2017-12-27,62.0408,62.0994,61.9823,62.0325,599100
2017-12-28,62.2499,62.2667,62.1328,62.2165,515900
2017-12-29,62.4423,62.4507,62.0994,62.1161,1031100
2018-01-02,62.3587,62.6598,62.3252,62.6598,1267700
2018-01-03,62.7351,63.1031,62.7351,63.0864,768500
2018-01-04,63.3792,63.5465,63.3625,63.4628,819400
2018-01-05,63.6469,63.8476,63.5381,63.8309,925100
2018-01-08,63.7723,63.9145,63.7137,63.8978,723200
2018-01-09,63.9814,64.0651,63.8392,64.0065,871700
2018-01-10,63.8392,63.8727,63.6469,63.7974,862900
2018-01-11,63.9563,64.2658,63.9062,64.2658,777600
2018-01-12,64.4164,64.7928,64.3662,64.7761,747600
2018-01-16,65.0605,65.1943,64.5,64.6255,1433900
2018-01-17,64.8263,65.2612,64.6924,65.1358,2392900
2018-01-18,65.0354,65.1274,64.8848,65.0019,1275200
2018-01-19,65.2445,65.3449,65.1023,65.3449,910500
2018-01-22,65.3449,65.8217,65.3365,65.8217,964200
2018-01-23,65.8468,66.0308,65.7464,66.0057,813100
2018-01-24,66.265,66.3988,65.8217,66.1144,1131300
2018-01-25,66.3486,66.3486,65.8802,66.014,2001700
2018-01-26,66.2817,66.7,66.1981,66.6916,1938500
2018-01-29,66.3654,66.4156,66.081,66.1395,3850500
2018-01-30,65.738,65.7882,65.3867,65.462,1254400
2018-01-31,65.8049,65.83,65.2445,65.5205,1408900
2018-02-01,65.3114,65.7046,65.1609,65.4704,1380600
2018-02-02,64.9518,64.9685,64.0316,64.04,1170000
2018-02-05,63.5381,63.9898,61.5222,61.5808,2453600
2018-02-06,60.9869,62.9777,60.7192,62.8689,9365600
2018-02-07,62.3921,63.053,62.0576,62.0659,5577000
2018-02-08,62.1663,62.1663,60.0835,60.1002,8214100
2018-02-09,60.7945,61.1709,59.0212,60.736,5756300
2018-02-12,61.3131,61.9237,60.9283,61.6393,2352500
2018-02-13,61.3465,61.7815,61.2127,61.6811,1280500
2018-02-14,61.3047,62.71,61.288,62.6598,1913600
2018-02-15,63.1282,63.3624,62.5594,63.3541,1547000
2018-02-16,63.2203,63.8309,63.1784,63.4043,1019900
2018-02-20,63.0028,63.3374,62.7267,62.9275,1143000
2018-02-21,63.1617,63.697,62.6849,62.6933,909400
2018-02-22,62.8857,63.3123,62.6598,62.802,1569900
2018-02-23,63.1533,63.6469,63.0279,63.6469,1521500
2018-02-26,63.8894,64.2575,63.6552,64.2407,1194200
2018-02-27,64.1153,64.1905,63.3457,63.3457,3953600
2018-02-28,63.4126,63.5716,62.6013,62.6096,919900
2018-03-01,62.5929,62.8522,61.447,61.8652,1471400
2018-03-02,61.4637,62.2499,61.2462,62.1579,985800
2018-03-05,61.7648,62.7686,61.6812,62.6598,861800
2018-03-06,63.0864,63.0948,62.6849,63.0279,772600
2018-03-07,62.5594,63.0278,62.4423,62.9526,869300
2018-03-08,63.1282,63.237,62.8857,63.1952,1198800
2018-03-09,63.421,63.9982,63.3625,63.9898,1349600
2018-03-12,64.0902,64.2826,63.9312,64.0567,1698100
2018-03-13,64.2658,64.3913,63.4712,63.6134,939700
2018-03-14,63.9982,64.0316,63.3959,63.5465,1131600
2018-03-15,63.6385,63.7807,63.329,63.4461,844900
2018-03-16,63.4628,63.6468,63.421,63.4545,480300
2018-03-19,63.2621,63.2621,62.4172,62.7853,791100
2018-03-20,62.8689,63.0446,62.802,62.9358,1402600
2018-03-21,62.8857,63.4043,62.8104,62.9861,1276700
2018-03-22,62.3252,62.4925,61.4888,61.5139,1352300
2018-03-23,61.631,61.723,60.4348,60.4767,1765100
2018-03-26,61.4395,61.9348,60.8183,61.9012,1628500
2018-03-27,62.1195,62.2286,60.8099,61.0785,1693600
2018-03-28,61.1793,61.557,60.8015,61.0534,1169200
2018-03-29,61.3639,62.111,61.2464,61.8088,1384400
2018-04-02,61.6074,61.6913,60.1048,60.5832,967800
2018-04-03,60.9946,61.322,60.6001,61.2212,998200
2018-04-04,60.3566,61.7753,60.2559,61.7081,2300100
2018-04-05,62.0355,62.2705,61.9012,62.0355,3805100
2018-04-06,61.6997,62.0019,60.7176,61.0366,1041200
2018-04-09,61.5067,62.1027,61.364,61.4059,768800
2018-04-10,62.0943,62.472,61.9432,62.3125,1007800
2018-04-11,61.9935,62.4217,61.9432,62.0271,1704400
2018-04-12,62.3209,62.5728,62.2202,62.3965,883200
2018-04-13,62.6315,62.6987,62.0103,62.2286,567300
2018-04-16,62.556,62.791,62.3461,62.5476,589100
2018-04-17,62.8246,63.1772,62.7406,63.0512,382900
2018-04-18,63.2527,63.4206,63.1268,63.2947,1300900
2018-04-19,63.1688,63.1855,62.6903,62.8834,1406100
2018-04-20,62.7826,62.8749,62.3041,62.472,409700
2018-04-23,62.5392,62.6315,62.1698,62.3965,733400
2018-04-24,62.6483,62.6987,61.5738,61.8844,1062200
2018-04-25,61.7417,61.9348,61.3723,61.8592,722300
2018-04-26,62.1278,62.4972,62.0523,62.3797,398500
2018-04-27,62.4804,62.556,62.2286,62.4888,572400
2018-04-30,62.5308,62.6483,62.0691,62.0691,1020800
2018-05-01,62.0271,62.0607,61.5318,62.0355,382400
2018-05-02,62.1362,62.2789,61.7249,61.8005,685100
2018-05-03,61.7081,61.9012,61.0617,61.7753,1272200
2018-05-04,61.4311,62.4552,61.3891,62.3041,472800
2018-05-07,62.4049,62.5644,62.2454,62.3965,1104800
2018-05-08,62.3125,62.4133,62.1278,62.4049,1030000
2018-05-09,62.5476,62.8498,62.4216,62.7826,851800
2018-05-10,63.0177,63.4374,63.0177,63.3618,421800
2018-05-11,63.4878,63.6305,63.3451,63.4962,1183100
2018-05-14,63.6808,63.8487,63.5213,63.5885,363100
2018-05-15,63.0596,63.1184,62.8078,63.0177,1254400
2018-05-16,63.152,63.4206,63.1268,63.3366,2033000
2018-05-17,63.3199,63.5381,63.152,63.3199,737600
2018-05-18,63.1856,63.2024,63.0177,63.11,918500
2018-05-21,63.4626,63.5381,63.3283,63.471,414000
2018-05-22,63.6388,63.7312,63.3534,63.4122,463000
2018-05-23,62.9169,63.2443,62.7826,63.2275,1098800
2018-05-24,63.1268,63.194,62.6735,63.1184,612300
2018-05-25,62.9253,63.0009,62.791,62.9085,559200
2018-05-29,62.3125,62.4048,61.6913,61.9348,1379500
2018-05-30,62.2706,62.8078,62.2202,62.7407,506100
2018-05-31,62.6651,62.6903,62.2789,62.4216,642100
2018-06-01,62.833,63.068,62.791,63.026,459000
2018-06-04,63.3199,63.4458,63.2275,63.345,387400
2018-06-05,63.3702,63.4206,63.1436,63.3283,288600
2018-06-06,63.5297,63.8823,63.3954,63.8823,446500
2018-06-07,63.9243,64.025,63.4626,63.664,607400
2018-06-08,63.5801,63.8235,63.4374,63.8067,1229600
2018-06-11,63.8907,64.1006,63.8403,63.9662,1797400
2018-06-12,63.9663,64.0418,63.7396,63.8991,1631800
2018-06-13,64.0166,64.0334,63.6053,63.706,582800
2018-06-14,63.8571,63.9495,63.6892,63.7732,1306300
2018-06-15,63.471,63.5381,63.1939,63.5045,573400
2018-06-18,62.9841,63.2359,62.8834,63.2023,880500
2018-06-19,62.4804,62.8582,62.3293,62.7742,6193700
2018-06-20,63.068,63.1352,62.8414,62.9925,1204000
2018-06-21,62.9169,62.9169,62.4048,62.472,584600
2018-06-22,63.0056,63.0395,62.7688,62.8449,553500
2018-06-25,62.4898,62.4983,61.661,61.9485,1421600
2018-06-26,62.0923,62.2107,61.8386,62.0162,1586400
2018-06-27,62.1684,62.3798,61.4157,61.4326,1274600
2018-06-28,61.4242,61.8555,61.2212,61.7455,1088700
2018-06-29,62.1346,62.4306,62.0416,62.05,853100
2018-07-02,61.4411,61.847,61.3565,61.8301,672300
2018-07-03,62.1515,62.1684,61.7202,61.7625,552600
2018-07-05,62.1938,62.2783,61.8808,62.253,1056600
2018-07-06,62.2614,62.7689,62.1938,62.6505,2287800
2018-07-09,63.0395,63.3101,62.9972,63.2763,642400
2018-07-10,63.327,63.4201,63.2086,63.3862,679500
2018-07-11,62.9042,63.048,62.549,62.6843,552200
2018-07-12,63.0226,63.2002,62.845,63.1748,672600
2018-07-13,63.1748,63.3186,63.048,63.2509,347200
2018-07-16,63.2848,63.2932,63.0649,63.1664,457700
2018-07-17,63.0056,63.4708,62.9464,63.4116,791600
2018-07-18,63.3862,63.4708,63.2171,63.4539,380700
2018-07-19,63.141,63.344,62.9888,63.2171,653400
2018-07-20,63.3101,63.4877,63.2594,63.3355,3056200
2018-07-23,63.3186,63.3609,63.141,63.3355,485300
2018-07-24,63.7414,63.919,63.4793,63.6146,1965900
2018-07-25,63.6653,64.3165,63.6231,64.2743,1224500
2018-07-26,64.0036,64.1727,63.9698,64.0036,593400
2018-07-27,64.1474,64.2066,63.623,63.8091,949200
2018-07-30,63.9021,63.9613,63.5046,63.5892,591600
2018-07-31,63.7668,63.9782,63.6653,63.8345,558600
2018-08-01,63.7922,63.8598,63.4877,63.6061,743900
2018-08-02,63.1241,63.64,63.048,63.6146,481400
2018-08-03,63.6061,63.8345,63.5469,63.8345,432700
2018-08-06,63.5976,63.8937,63.5384,63.8345,1084900
2018-08-07,63.5977,64.215,63.5977,64.0797,1200500
2018-08-08,64.0628,64.122,63.9106,64.0374,1449900
2018-08-09,64.0374,64.1643,63.8768,63.8937,2344300
2018-08-10,63.2763,63.327,63.031,63.1748,1607900
2018-08-13,63.1325,63.2509,62.7266,62.8365,4443700
2018-08-14,62.9972,63.1833,62.8788,63.1325,523700
2018-08-15,62.5405,62.5574,61.9824,62.4306,5321300
2018-08-16,62.7858,63.1325,62.7858,62.9042,3981500
2018-08-17,62.8196,63.327,62.7519,63.1833,868000
2018-08-20,63.3693,63.4623,63.2594,63.4285,562200
2018-08-21,63.6146,63.8768,63.6061,63.6822,2397900
2018-08-22,63.7245,63.9613,63.7245,63.8514,980600
2018-08-23,63.6738,63.8683,63.5046,63.5554,892400
2018-08-24,63.8514,64.0882,63.8091,64.0121,907500
2018-08-27,64.4095,64.7224,64.3334,64.6886,1572300
2018-08-28,64.7732,64.8324,64.5787,64.6379,480900
2018-08-29,64.6463,64.9762,64.5533,64.9423,427100
2018-08-30,64.6041,64.6464,64.2489,64.4011,1676100
2018-08-31,64.3165,64.5195,64.0966,64.3842,1095100
2018-09-04,63.9782,63.9951,63.6907,63.9782,1106000
2018-09-05,63.6653,63.7161,63.327,63.5554,770300
2018-09-06,63.5554,63.6738,63.1579,63.4201,2861100
2018-09-07,63.0733,63.344,62.9549,63.1325,1308400
2018-09-10,63.3947,63.4539,63.2256,63.2848,1501400
2018-09-11,63.031,63.437,62.8872,63.4116,1023600
2018-09-12,63.3524,63.6231,63.2002,63.53,1282900
2018-09-13,63.9782,64.0628,63.7668,63.9275,1026700
2018-09-14,64.0374,64.0882,63.7922,63.9698,1346500
2018-09-17,64.0797,64.0797,63.6822,63.7414,1616900
2018-09-18,63.9359,64.2911,63.919,64.1896,2291100
2018-09-19,64.2066,64.4349,64.2066,64.3503,844500
2018-09-20,64.7816,65.0015,64.6717,64.9508,781800
2018-09-21,65.0269,65.0946,64.9001,64.9339,1614400
2018-09-24,64.7986,64.8239,64.5533,64.6463,1491200
2018-09-25,64.9085,64.9085,64.6971,64.7309,786900
2018-09-26,64.7581,65.098,64.5797,64.6222,489800
2018-09-27,64.6306,64.9196,64.6222,64.6731,3203500
2018-09-28,64.3758,64.6052,64.2993,64.4352,3139600
2018-10-01,64.8006,64.8516,64.4947,64.6392,1335600
2018-10-02,64.3417,64.4862,64.2143,64.3332,908100
2018-10-03,64.5797,64.6476,64.2228,64.3332,733500
2018-10-04,64.0868,64.0868,63.2965,63.6279,7408800
2018-10-05,63.594,63.696,62.9142,63.2456,1482800
2018-10-08,62.9057,63.1691,62.5913,63.1096,937200
2018-10-09,62.8292,63.1691,62.6848,62.9567,8102900
2018-10-10,62.7867,62.8122,61.0787,61.1722,2131600
2018-10-11,60.9003,61.2827,59.7362,60.1016,4100600
2018-10-12,60.9938,61.0108,60.0421,60.7814,2400400
2018-10-15,60.6369,60.9343,60.382,60.5264,1724000
2018-10-16,61.0278,61.801,60.9683,61.7246,2057100
2018-10-17,61.6396,61.6566,61.0023,61.4781,1384500
2018-10-18,61.2147,61.3082,60.263,60.5264,1319500
2018-10-19,60.8069,61.2232,60.5095,60.5859,817600
2018-10-22,60.7984,60.8833,60.28,60.416,1248800
2018-10-23,59.4898,60.2545,59.0054,59.9996,2163700
2018-10-24,59.7957,59.8467,58.0877,58.1642,2745400
2018-10-25,58.64,59.4388,58.4361,59.1329,1506200
2018-10-26,58.2831,58.9799,57.6119,58.4106,6324900
2018-10-29,58.9714,59.2773,57.3399,58.0112,3846700
2018-10-30,58.0792,58.8949,57.9857,58.861,2275700
2018-10-31,59.3963,59.8297,59.3368,59.3963,2022600
2018-11-01,59.8297,60.348,59.5747,60.331,1574700
2018-11-02,60.6794,60.8154,59.7362,60.2036,1379400
2018-11-05,60.314,60.467,60.0676,60.365,1388000
2018-11-06,60.3735,60.7134,60.3565,60.6709,1134200
2018-11-07,61.1722,61.7331,61.0193,61.7161,663700
2018-11-08,61.5036,61.6141,61.1043,61.2232,2301700
2018-11-09,60.8748,60.9258,60.3905,60.7389,8658700
2018-11-12,60.5434,60.5434,59.5747,59.6682,1997300
2018-11-13,59.8381,60.3395,59.6002,59.7617,2990600
2018-11-14,60.1186,60.28,59.1924,59.5578,2821200
2018-11-15,59.2773,60.195,58.9799,60.0846,3535600
2018-11-16,59.7617,60.3565,59.6682,60.2036,1069300
2018-11-19,60.0761,60.0931,59.1754,59.3793,1191400
2018-11-20,58.572,58.844,58.1047,58.2916,2534400
2018-11-21,58.8355,59.2094,58.7505,58.8355,1527200
2018-11-23,58.4531,58.742,58.4191,58.4616,708300
2018-11-26,59.0394,59.3538,58.9884,59.3113,1846400
2018-11-27,59.0479,59.3198,58.878,59.3198,1696100
2018-11-28,59.4983,60.4839,59.2688,60.4585,6203200
2018-11-29,60.28,60.5944,59.9996,60.3055,1799300
2018-11-30,60.1441,60.484,60.0421,60.4245,1663800
2018-12-03,61.4866,61.5036,60.9428,61.2487,2607100
2018-12-04,61.0108,61.0958,59.3963,59.4473,2166000
2018-12-06,58.5041,59.2094,57.7988,59.1414,4867600
2018-12-07,59.1669,59.4643,57.9008,58.0537,2638600
2018-12-10,57.9772,58.1132,57.0255,57.9263,4363400
2018-12-11,58.5211,58.657,57.6119,57.9518,3221100
2018-12-12,58.708,59.1414,58.5466,58.5806,4430000
2018-12-13,58.6995,58.8865,58.2916,58.4701,5085600
2018-12-14,57.8668,58.1217,57.4589,57.5524,3496400
2018-12-17,57.3655,57.5779,56.3288,56.6007,4734800
2018-12-18,56.9576,57.1955,56.3882,56.6772,6226200
2018-12-19,56.8386,57.4164,55.615,55.9464,4827600
2018-12-20,55.8614,56.1333,54.9352,55.3516,7203700
2018-12-21,55.3006,55.8444,54.2469,54.3914,8540700
2018-12-24,54.2878,54.5361,53.363,53.3716,4146800
2018-12-26,53.6541,55.3581,53.2089,55.3581,11454600
2018-12-27,54.5789,55.6664,54.048,55.6664,8538700
2018-12-28,56.0003,56.2572,55.4694,55.7263,8670500
2018-12-31,56.0859,56.1887,55.6664,56.0517,7320500
2019-01-02,55.2468,56.1202,55.1526,55.9832,2531200
2019-01-03,55.752,55.752,54.9728,55.1098,2947000
2019-01-04,55.9061,57.045,55.8205,56.8994,2777900
2019-01-07,56.9337,57.5331,56.7538,57.2505,2345600
2019-01-08,57.6529,57.7985,57.2248,57.7129,1405400
2019-01-09,58.1153,58.4407,57.9012,58.2523,3081300
2019-01-10,57.8927,58.5178,57.8242,58.5178,1817200
2019-01-11,58.0982,58.3979,58.0125,58.2951,5274500
2019-01-14,57.8756,58.1667,57.7985,57.9783,2259900
2019-01-15,58.1239,58.5092,58.1153,58.5006,2395100
2019-01-16,58.5863,58.8175,58.5606,58.6976,3137600
2019-01-17,58.4493,59.237,58.415,59.0315,2908600
2019-01-18,59.434,59.8022,59.3141,59.6737,7013800
2019-01-22,59.2028,59.2285,58.5349,58.826,4551800
2019-01-23,59.1685,59.2542,58.5349,58.963,2361800
2019-01-24,59.0315,59.2456,58.8774,59.1428,2315600
2019-01-25,59.6309,59.8878,59.5881,59.7422,1552000
2019-01-28,59.2285,59.374,58.9887,59.3569,4018600
2019-01-29,59.5282,59.6224,59.2713,59.3912,2179000
2019-01-30,59.7251,60.4273,59.511,60.2303,2841500
2019-01-31,60.2046,60.6841,60.1361,60.53,4554800
2019-02-01,60.5985,60.7013,60.3844,60.5386,2453500
2019-02-04,60.4872,60.8639,60.3416,60.8554,1979500
2019-02-05,61.0609,61.3006,61.0438,61.275,2158300
2019-02-06,61.1808,61.2236,60.9325,61.0181,1363500
2019-02-07,60.6328,60.7355,60.0676,60.4272,2867600
2019-02-08,60.0762,60.3159,59.845,60.3159,2493900
2019-02-11,60.4272,60.4786,60.1875,60.3159,1177700
2019-02-12,60.7441,61.1208,60.7441,61.0523,888300
2019-02-13,61.2236,61.3606,61.0438,61.078,1181800
2019-02-14,60.9068,61.3092,60.7954,61.0694,1617500
2019-02-15,61.4719,61.7373,61.4462,61.7373,1658900
2019-02-19,61.5661,62.0199,61.549,61.8915,3320900
2019-02-20,61.9857,62.2426,61.9172,62.1227,3021800
2019-02-21,62.037,62.037,61.7031,61.8915,817200
2019-02-22,62.1056,62.3624,62.0713,62.2854,7442800
2019-02-25,62.6621,62.782,62.4309,62.4481,5360400
2019-02-26,62.3795,62.6964,62.3795,62.5165,2517700
2019-02-27,62.3881,62.5422,62.1312,62.4395,6202200
2019-02-28,62.371,62.4138,62.174,62.234,4534700
2019-03-01,62.5936,62.7135,62.2768,62.5508,3100700
2019-03-04,62.8077,62.8163,61.9086,62.3624,1990600
2019-03-05,62.3967,62.5679,62.2683,62.4481,5713500
2019-03-06,62.4395,62.4481,62.0285,62.0713,2981800
2019-03-07,61.9257,61.9771,61.275,61.412,2713300
2019-03-08,61.0009,61.2921,60.8639,61.2493,1890300
2019-03-11,61.4548,62.0884,61.4377,62.0713,1327200
2019-03-12,62.1826,62.3196,62.1398,62.2254,7052700
2019-03-13,62.4395,62.7392,62.3796,62.5851,2184900
2019-03-14,62.5765,62.6108,62.4052,62.508,1487800
2019-03-15,62.7734,63.0731,62.7477,62.996,5173200
2019-03-18,63.1074,63.3129,63.0303,63.2786,1979900
2019-03-19,63.4927,63.6297,63.1245,63.2872,2505000
2019-03-20,63.1673,63.5612,62.782,63.1844,5408600
2019-03-21,62.8676,63.6211,62.8676,63.5612,1791000
2019-03-22,63.0646,63.1416,62.2426,62.2682,2787700
2019-03-25,62.2089,62.4496,61.9596,62.2519,1830600
2019-03-26,62.6387,62.845,62.3722,62.6215,1246600
2019-03-27,62.6559,62.8021,62.0456,62.3895,4485800
2019-03-28,62.4668,62.6215,62.2175,62.5614,2197800
2019-03-29,62.888,62.931,62.6387,62.8966,5722400
2019-04-01,63.4038,63.7562,63.4038,63.7046,1496000
2019-04-02,63.7046,63.739,63.4897,63.696,2192600
2019-04-03,64.0828,64.229,63.8335,63.9625,1667600
2019-04-04,63.9711,64.0742,63.8421,64.0484,924800
2019-04-05,64.186,64.3321,64.1086,64.3063,4255100
2019-04-08,64.2634,64.3923,64.0828,64.3837,2056000
2019-04-09,64.2118,64.2118,63.9625,64.0399,1918400
2019-04-10,64.1774,64.3321,64.0742,64.3063,547400
2019-04-11,64.3579,64.3579,64.0656,64.1946,4428800
2019-04-12,64.6072,64.7103,64.4954,64.6502,1231300
2019-04-15,64.6502,64.6502,64.4009,64.547,1106200
2019-04-16,64.8479,64.8479,64.5986,64.6931,2298400
2019-04-17,64.9339,64.9683,64.5213,64.6158,2417400
2019-04-18,64.6674,64.7103,64.3837,64.6674,1334200
2019-04-22,64.4782,64.6244,64.4439,64.6072,940900
2019-04-23,64.6416,65.0456,64.5642,65.0198,828700
2019-04-24,64.8479,64.8651,64.5986,64.6674,1478500
2019-04-25,64.6158,64.7018,64.3235,64.6244,1323200
2019-04-26,64.7189,64.9338,64.5384,64.9338,860800
2019-04-29,64.9682,65.1315,64.8995,65.0198,661300
2019-04-30,64.994,65.1229,64.6931,65.08,2146700
2019-05-01,65.2519,65.3207,64.633,64.6588,1759900
2019-05-02,64.6674,64.8221,64.2548,64.5642,1587700
2019-05-03,64.8823,65.2089,64.8307,65.1831,946600
2019-05-06,64.0313,64.7877,63.9109,64.7275,2121800
2019-05-07,64.1602,64.2032,63.2748,63.6531,2874100
2019-05-08,63.6101,63.9625,63.4639,63.6445,3207800
2019-05-09,62.9568,63.3952,62.5614,63.2748,2215500
2019-05-10,63.1201,63.7218,62.527,63.5843,4345900
2019-05-13,62.3808,62.5012,61.7963,61.9854,2660400
2019-05-14,62.3465,62.8794,62.2949,62.6301,2339900
2019-05-15,62.2175,63.0169,62.1574,62.9224,2164600
2019-05-16,63.0771,63.6788,63.0685,63.3866,1075100
2019-05-17,62.8364,63.3608,62.802,62.8794,1197600
2019-05-20,62.5786,62.7677,62.3379,62.527,1432800
2019-05-21,62.888,63.1115,62.802,63.0771,858100
2019-05-22,62.845,63.0083,62.7419,62.7934,1143600
2019-05-23,62.2519,62.2519,61.7877,62.0886,1797600
2019-05-24,62.441,62.5785,62.2003,62.3722,1167000
2019-05-28,62.4582,62.6559,61.8737,61.8822,7004400
2019-05-29,61.6244,61.676,61.2204,61.5728,2104700
2019-05-30,61.7275,61.9166,61.547,61.7877,1950500
2019-05-31,61.143,61.4009,60.9625,61.1946,5620600
2019-06-03,61.3235,61.5556,61.0399,61.2892,6752800
2019-06-04,61.7448,62.3723,61.547,62.3379,5617700
2019-06-05,62.6645,62.6645,62.1831,62.5527,1297700
2019-06-06,62.7161,63.0083,62.4926,62.845,1528600
2019-06-07,63.1803,63.7218,63.1459,63.4811,1492300
2019-06-10,63.7992,64.0828,63.7476,63.7476,1249700
2019-06-11,64.2805,64.3407,63.782,63.9281,1165600
2019-06-12,63.782,63.8422,63.5671,63.6187,1197000
2019-06-13,63.8507,63.9281,63.6273,63.7992,863400
2019-06-14,63.6187,63.6273,63.4296,63.4983,920100
2019-06-17,63.5685,63.7503,63.5165,63.5858,712300
2019-06-18,64.0015,64.5384,64.0015,64.3652,2964600
2019-06-19,64.5125,64.7463,64.27,64.6683,2419000
2019-06-20,65.3699,65.4478,64.9282,65.3006,1185300
2019-06-21,65.1187,65.2919,65.0148,65.0668,1372300
2019-06-24,65.0927,65.1967,64.9888,65.0408,1266800
2019-06-25,65.0494,65.0927,64.4432,64.4778,1174700
2019-06-26,64.7723,64.8243,64.4865,64.5125,2807300
2019-06-27,64.703,64.8589,64.651,64.7983,1396200
2019-06-28,65.0321,65.1707,64.9455,65.0927,2162300
2019-07-01,65.8375,65.9588,65.4218,65.6557,1929100
2019-07-02,65.6037,65.7509,65.5171,65.7509,1356800
2019-07-03,65.9242,66.1926,65.8982,66.1753,614900
2019-07-05,65.7769,65.9588,65.4391,65.9155,1645700
2019-07-08,65.5777,65.6816,65.4911,65.6037,1202700
2019-07-09,65.2486,65.5604,65.1793,65.4998,1009700
2019-07-10,65.7942,66.0281,65.6557,65.8202,830700
2019-07-11,65.9674,65.9848,65.6557,65.8549,1243600
2019-07-12,65.9848,66.08,65.8462,66.08,1012300
2019-07-15,66.158,66.1666,66.0108,66.0974,922900
2019-07-16,66.0627,66.106,65.8029,65.8722,1135800
2019-07-17,65.9068,65.9414,65.5604,65.5604,844000
2019-07-18,65.4824,65.8721,65.3525,65.8288,2275700
2019-07-19,65.9588,66.0021,65.5344,65.569,1258500
2019-07-22,65.647,65.7336,65.5258,65.6384,837400
2019-07-23,65.9588,66.0887,65.7769,66.0627,2255100
2019-07-24,65.8549,66.2879,65.8549,66.2792,917500
2019-07-25,66.2099,66.2099,65.699,65.8029,1666700
2019-07-26,65.9761,66.1839,65.9761,66.132,3182700
2019-07-29,66.1666,66.2099,65.9328,66.0714,1470100
2019-07-30,65.6124,65.7683,65.4738,65.6903,1640900
2019-07-31,65.7423,65.8115,64.5904,65.0927,2355500
2019-08-01,65.214,65.7423,64.3652,64.5731,2228300
2019-08-02,64.3479,64.3479,63.6637,63.9755,4096800
2019-08-05,63.0142,63.0228,61.7584,62.1914,3968800
2019-08-06,62.6504,62.9016,62.2694,62.8843,5379400
2019-08-07,62.408,63.1701,61.9663,63.0662,2830100
2019-08-08,63.3952,64.0621,63.2567,64.0448,1530300
2019-08-09,63.8456,63.9149,63.274,63.5511,2156600
2019-08-12,63.222,63.3,62.6938,62.8843,1542000
2019-08-13,62.7804,63.9755,62.6678,63.681,1021700
2019-08-14,62.5898,62.7197,61.7844,61.819,2370900
2019-08-15,62.1135,62.2174,61.6545,62.0442,2286200
2019-08-16,62.4859,62.9709,62.4426,62.9016,559500
2019-08-19,63.5858,63.5945,63.3779,63.4386,1595700
2019-08-20,63.3693,63.4472,63.0662,63.0921,1418500
2019-08-21,63.6551,63.7417,63.4819,63.6204,803500
2019-08-22,63.7157,63.785,63.1701,63.4905,1239000
2019-08-23,63.2394,63.6637,62.0269,62.1828,2166600
2019-08-26,62.7284,62.8496,62.4426,62.789,1345400
2019-08-27,63.1095,63.1787,62.4772,62.5898,2222300
2019-08-28,62.4859,62.9536,62.2954,62.9103,2509600
2019-08-29,63.4905,63.707,63.2567,63.6118,1025900
2019-08-30,63.9495,63.9755,63.4559,63.7244,1302300
2019-09-03,63.274,63.4472,63.0661,63.3866,2041200
2019-09-04,63.9755,64.1834,63.8716,64.1661,712200
2019-09-05,64.703,65.0841,64.703,64.8935,1038700
2019-09-06,64.9888,65.1274,64.9108,65.0061,1003700
2019-09-09,65.1966,65.1966,64.8589,65.0581,981200
2019-09-10,64.9368,65.0841,64.6597,65.0841,1245000
2019-09-11,65.2919,65.5604,65.136,65.5431,896100
2019-09-12,65.7769,66.0194,65.569,65.8375,1226400
2019-09-13,66.0454,66.2013,65.9068,65.9674,1006300
2019-09-16,65.673,65.8375,65.6124,65.7249,2051300
2019-09-17,65.5864,65.8722,65.5084,65.8549,651400
2019-09-18,65.7856,65.8289,65.2659,65.8029,638200
2019-09-19,65.9415,66.1666,65.8116,65.8462,4272100
2019-09-20,66.0107,66.0887,65.4997,65.6296,1045300
2019-09-23,65.4652,65.7163,65.3872,65.6124,1033200
2019-09-24,65.8432,65.8432,65.0331,65.1812,3594000
2019-09-25,65.0593,65.4338,64.7457,65.3206,1501300
2019-09-26,65.4599,65.4599,65.0767,65.3467,4895900
2019-09-27,65.4599,65.4599,64.6585,64.9373,1898200
2019-09-30,64.9895,65.3118,64.9895,65.1725,943100
2019-10-01,65.277,65.3293,64.4234,64.4756,3799800
2019-10-02,63.9617,64.0488,63.1516,63.4129,2382600
2019-10-03,63.4391,63.9094,62.9339,63.9007,2867100
2019-10-04,64.0662,64.615,63.9965,64.5801,3743000
2019-10-07,64.4582,64.737,64.3276,64.3711,2932500
2019-10-08,63.9704,64.0575,63.5001,63.5262,1967800
2019-10-09,64.0488,64.223,63.8659,64.0575,4600900
2019-10-10,64.0749,64.6586,64.0227,64.5018,2487000
2019-10-11,65.277,65.7909,65.2509,65.3641,2290900
2019-10-14,65.216,65.3205,65.1376,65.1986,751400
2019-10-15,65.4512,66.0261,65.3902,65.878,1263700
2019-10-16,65.8171,65.9564,65.6951,65.8432,1224100
2019-10-17,66.1045,66.2526,65.8867,66.0261,1265200
2019-10-18,65.9564,66.0697,65.608,65.8258,2231000
2019-10-21,66.1916,66.2874,66.1219,66.2874,853800
2019-10-22,66.4007,66.4616,66.0871,66.1045,1015800
2019-10-23,66.1045,66.3136,66.0087,66.2961,877400
2019-10-24,66.5749,66.5923,66.27,66.4355,1254100
2019-10-25,66.3397,66.7404,66.2961,66.6881,1559200
2019-10-28,66.932,67.1062,66.9146,67.0452,1248500
2019-10-29,66.8884,67.1236,66.871,66.9843,1058300
2019-10-30,67.0017,67.263,66.6533,67.1933,1530300
2019-10-31,67.1323,67.1323,66.662,66.993,2494800
2019-11-01,67.3588,67.6637,67.3588,67.655,595200
2019-11-04,68.1079,68.1602,67.9163,67.9773,1222400
2019-11-05,68.0905,68.1341,67.8728,67.986,1460800
2019-11-06,67.9337,68.0557,67.7857,67.9773,995500
2019-11-07,68.2996,68.4128,68.1166,68.195,1312000
2019-11-08,68.0121,68.2473,67.8553,68.2473,898400
2019-11-11,67.8728,68.0905,67.7682,68.0731,777400
2019-11-12,68.0731,68.3083,67.9773,68.1254,1553600
2019-11-13,67.7682,68.0731,67.6376,68.0034,1057900
2019-11-14,67.8814,68.0208,67.7421,68.0208,923100
2019-11-15,68.317,68.4999,68.2125,68.4999,649000
2019-11-18,68.4564,68.5696,68.2647,68.526,1002500
2019-11-19,68.7438,68.7438,68.3867,68.5435,981000
2019-11-20,68.3431,68.4477,67.9076,68.2038,3309700
2019-11-21,68.2299,68.2299,67.9076,68.1254,780800
2019-11-22,68.3431,68.3431,68.047,68.2734,1035600
2019-11-25,68.5435,68.8135,68.4912,68.7961,1387100
2019-11-26,68.7873,68.9006,68.6654,68.857,1275500
2019-11-27,69.0225,69.1532,68.9354,69.1358,4083700
2019-11-29,68.8222,68.8658,68.6741,68.709,698500
2019-12-02,68.7264,68.7525,68.0905,68.2212,1349300
2019-12-03,67.655,67.8728,67.3414,67.8641,3234400
2019-12-04,68.2386,68.4651,68.1689,68.378,1299600
2019-12-05,68.5173,68.5347,68.2037,68.4389,1227500
2019-12-06,68.9529,69.1184,68.9006,69.0487,1497500
2019-12-09,68.9616,69.0835,68.7874,68.8135,1074900
2019-12-10,68.7874,68.9267,68.6045,68.7525,1684500
2019-12-11,68.857,69.1358,68.8309,69.0487,1081300
2019-12-12,69.1009,69.7891,69.0225,69.6846,2525600
2019-12-13,69.7629,70.1985,69.5713,69.8065,2941100
2019-12-16,70.364,70.5121,70.2769,70.3988,2190200
2019-12-17,70.3988,70.4511,70.3117,70.3727,5313900
2019-12-18,70.4772,70.4772,70.3466,70.3988,1062400
2019-12-19,70.3553,70.5817,70.3291,70.5817,866900
2019-12-20,70.8256,70.8779,70.7211,70.7908,1877600
2019-12-23,70.9233,70.9233,70.8092,70.8882,3628500
2019-12-24,70.9146,71.0199,70.7829,70.8619,1185700
2019-12-26,71.0111,71.1954,70.9672,71.1866,750100
2019-12-27,71.4412,71.4499,71.1428,71.2744,1034800
2019-12-30,71.3622,71.406,70.7829,70.8531,1041500
2019-12-31,70.8619,71.1164,70.7478,71.0813,1034700
2020-01-02,71.4675,71.801,71.3709,71.801,946100
2020-01-03,71.0023,71.4411,70.9146,71.1515,2310500
2020-01-06,70.8004,71.4148,70.7917,71.4148,2641500
2020-01-07,71.3446,71.3446,71.0813,71.1954,1339100
2020-01-08,71.1691,71.7308,71.1603,71.485,3532800
2020-01-09,71.8098,71.8449,71.6167,71.8361,2239700
2020-01-10,71.9677,72.0029,71.5904,71.6869,2477100
2020-01-13,71.8273,72.1959,71.7044,72.1959,1698100
2020-01-14,72.0643,72.3276,71.9765,72.1696,1731100
2020-01-15,72.0555,72.3451,72.0292,72.1784,1667500
2020-01-16,72.4943,72.6962,72.4153,72.6962,2916400
2020-01-17,72.9068,72.9156,72.705,72.9156,3340500
2020-01-21,72.5031,72.6523,72.3978,72.4504,1517600
2020-01-22,72.705,72.8717,72.4856,72.547,1433800
2020-01-23,72.2925,72.5119,71.9941,72.468,3729800
2020-01-24,72.6699,72.6699,71.643,71.8975,1141800
2020-01-27,70.5284,70.8794,70.3441,70.5635,1518300
2020-01-28,70.8795,71.3534,70.7478,71.2568,909600
2020-01-29,71.4938,71.5114,71.1164,71.1866,2018100
2020-01-30,70.6161,71.2305,70.3967,71.1866,2065300
2020-01-31,70.7566,70.8092,69.6946,69.9754,3320800
2020-02-03,70.2124,70.7127,70.2124,70.3616,5620700
2020-02-04,71.3621,71.6605,71.2744,71.5201,2612700
2020-02-05,72.2486,72.2661,71.8624,72.1696,1321100
2020-02-06,72.468,72.468,72.2223,72.3978,1473100
2020-02-07,72.0292,72.0906,71.722,71.8097,1224200
2020-02-10,71.6869,72.1872,71.6167,72.1872,1236700
2020-02-11,72.6084,72.8191,72.4153,72.547,863100
2020-02-12,72.9068,73.0473,72.8015,72.9946,1581500
2020-02-13,72.5645,72.9244,72.4329,72.7313,1397200
2020-02-14,72.8366,72.8366,72.5206,72.7839,1184300
2020-02-18,72.4592,72.5821,72.2398,72.468,838200
2020-02-19,72.7137,72.9595,72.7049,72.8541,933200
2020-02-20,72.6347,72.8015,71.8975,72.4504,1752800
2020-02-21,72.2047,72.2223,71.7132,71.8624,1559700
2020-02-24,69.4401,69.9491,69.2207,69.3962,4228900
2020-02-25,69.756,69.8614,67.5882,67.7462,4673800
2020-02-26,68.1675,68.8257,67.4917,67.6321,3064200
2020-02-27,66.3946,67.2108,65.1308,65.1308,3975100
2020-02-28,63.3492,64.9202,62.7436,64.9202,5141500
2020-03-02,64.9991,66.7018,64.3058,66.7018,5925800
2020-03-03,66.9739,67.7374,64.9026,65.4116,3966100
2020-03-04,66.6491,67.6584,66.0436,67.597,2844800
2020-03-05,66.1313,66.7193,65.2361,65.6662,3932900
2020-03-06,63.9986,64.771,63.3843,64.5077,4001100
2020-03-09,60.1194,61.2954,59.268,59.4172,6982500
2020-03-10,61.7606,62.1643,59.4962,62.1117,4453900
2020-03-11,60.4002,60.6548,58.4343,59.0399,8103600
2020-03-12,55.3976,56.0383,53.0016,53.0016,8389500
2020-03-13,56.7755,57.2231,53.1859,57.2231,4975000
2020-03-16,50.904,53.5282,50.3511,50.5617,5240200
2020-03-17,51.5973,53.5721,50.1492,53.4668,6849400
2020-03-18,49.7367,51.3253,48.0253,50.0615,6248500
2020-03-19,49.6841,51.6061,48.666,50.5529,4913100
2020-03-20,51.6676,52.0801,49.0609,49.175,6390600
2020-03-23,49.0173,49.3433,47.3167,48.004,5791400
2020-03-24,51.1056,52.4273,50.7531,52.392,5687800
2020-03-25,52.8678,55.053,51.8898,53.5904,5777600
2020-03-26,54.1102,56.4805,53.9869,56.3043,3795000
2020-03-27,54.4186,55.7668,53.9428,54.4275,4055400
2020-03-30,54.7975,55.943,54.3393,55.8725,4027900
2020-03-31,55.52,56.2161,54.8416,55.335,5273400
2020-04-01,53.4846,53.9957,52.5947,52.8943,3587000
2020-04-02,52.9119,54.2688,52.7269,53.9781,2834800
2020-04-03,53.5727,53.9692,52.5418,53.0352,1618400
2020-04-06,55.1059,56.6126,54.8856,56.2866,2734700
2020-04-07,58.2868,58.3573,56.4541,56.4981,6051000
2020-04-08,56.9651,58.0665,56.4717,57.855,2127600
2020-04-09,58.6921,59.4058,58.3573,58.93,2124300
2020-04-13,58.8067,58.8155,57.6436,58.4013,1975800
2020-04-14,59.5204,60.005,59.2913,59.8024,2635700
2020-04-15,58.3837,58.6304,57.9343,58.2427,2544600
2020-04-16,58.5423,58.6921,57.8991,58.4718,1694700
2020-04-17,59.8464,60.1372,59.2825,60.0138,2116700
2020-04-20,59.1679,60.0138,59.0534,59.1151,1943400
2020-04-21,58.0753,58.419,57.2911,57.4409,2132200
2020-04-22,58.5952,58.9388,58.3397,58.7009,3702300
2020-04-23,59.0181,59.6966,58.5776,58.6569,2181800
2020-04-24,59.0005,59.4235,58.5335,59.3001,5313200
2020-04-27,59.82,60.4632,59.7142,60.3046,1913700
2020-04-28,61.1857,61.3091,60.2693,60.3046,1752700
2020-04-29,61.547,62.2607,61.406,62.0228,3462200
2020-04-30,61.5646,61.6087,60.7716,61.0712,2688700
2020-05-01,59.9786,60.1019,59.2032,59.4851,2026500
2020-05-04,59.0886,59.7054,58.8419,59.6614,1491800
2020-05-05,60.2341,60.6394,59.9697,60.0843,1702000
2020-05-06,60.4896,60.5601,59.7054,59.7318,1449400
2020-05-07,60.472,60.8773,60.3575,60.5425,1956200
2020-05-08,61.221,61.6703,61.08,61.6087,2241500
2020-05-11,61.1505,61.8642,61.124,61.5998,1860100
2020-05-12,61.8025,61.9523,60.5425,60.5425,1998300
2020-05-13,60.5953,60.754,59.212,59.6966,4021400
2020-05-14,58.8155,59.9698,58.2956,59.9698,2938000
2020-05-15,59.5027,60.0843,59.3529,60.0843,2069600
2020-05-18,61.591,62.4634,61.591,62.199,2254800
2020-05-19,62.1373,62.3664,61.5646,61.5734,2272400
2020-05-20,62.4545,62.8951,62.4281,62.6396,1865500
2020-05-21,62.4722,62.7013,61.8466,62.1021,2811900
2020-05-22,61.8994,62.058,61.6175,62.0404,1387900
2020-05-26,63.6881,63.7586,63.1595,63.2211,2384400
2020-05-27,63.9613,64.1111,62.9039,64.0758,3038100
2020-05-28,64.5076,64.8865,64.0053,64.1111,2453300
2020-05-29,64.0318,64.3578,63.3797,64.252,3597400
2020-06-01,64.4459,65.142,64.3402,65.0803,1849700
2020-06-02,65.3975,65.8293,65.2918,65.8028,1445300
2020-06-03,66.4196,67.195,66.3668,66.9747,2180000
2020-06-04,66.6575,67.0541,66.3139,66.6487,2087900
2020-06-05,68.0321,68.7018,68.0321,68.2524,3076700
2020-06-08,68.4815,69.1159,68.2612,69.1071,2550400
2020-06-09,68.2876,68.6577,68.0938,68.3846,3963700
2020-06-10,68.5784,68.7811,67.9704,68.1819,2512800
2020-06-11,66.4108,66.4813,64.1904,64.2961,2674200
2020-06-12,66.0055,66.1553,64.1551,65.2654,2519800
2020-06-15,63.8908,65.9174,63.6793,65.6618,1668800
2020-06-16,67.4153,67.4241,65.8293,66.7809,1642000
2020-06-17,67.0981,67.151,66.543,66.684,1784300
2020-06-18,66.3227,66.7633,66.2346,66.6223,1032100
2020-06-19,67.3624,67.38,66.0936,66.3139,5600000
2020-06-22,66.4024,66.9514,66.1634,66.8982,1910300
2020-06-23,67.5446,67.6597,67.1373,67.1727,1509600
2020-06-24,66.6238,66.7831,65.1895,65.5613,2140700
2020-06-25,65.5171,66.3405,65.101,66.2962,3250300
2020-06-26,66.1014,66.1014,64.9239,65.0213,2432400
2020-06-29,65.2692,65.8004,64.8176,65.8004,1407100
2020-06-30,65.5879,66.5352,65.5171,66.2254,1530800
2020-07-01,66.429,66.8717,66.3316,66.6681,2043200
2020-07-02,67.5711,67.9341,67.1727,67.2701,2156400
2020-07-06,68.3768,68.6424,68.2086,68.5096,1159200
2020-07-07,68.0669,68.4476,67.6508,67.7039,984900
2020-07-08,67.9076,68.3945,67.6596,68.3768,1029300
2020-07-09,68.5362,68.5627,67.2435,67.943,1400500
2020-07-10,67.9341,68.5007,67.6508,68.4919,1143700
2020-07-13,68.9611,69.4569,67.8102,67.943,1939000
2020-07-14,67.7128,68.8018,67.518,68.7398,2276100
2020-07-15,69.5012,69.7314,69.0143,69.4658,1977000
2020-07-16,68.8903,69.1559,68.7752,69.0762,1258800
2020-07-17,69.3241,69.4481,68.9434,69.3241,872400
2020-07-20,69.3772,70.0059,69.2267,69.8819,1103800
2020-07-21,70.4043,70.5636,69.9882,70.1475,1923300
2020-07-22,70.1121,70.484,70.0059,70.4308,4607500
2020-07-23,70.2892,70.5548,69.4038,69.6871,2197400
2020-07-24,69.2445,69.5012,68.9789,69.3153,987300
2020-07-27,69.6694,70.0855,69.5189,70.059,1042800
2020-07-28,69.8554,70.0501,69.5366,69.5809,1152700
2020-07-29,69.9174,70.5902,69.8731,70.4663,1215200
2020-07-30,69.4923,70.0678,69.0054,70.0058,1177300
2020-07-31,70.0679,70.121,68.9169,69.7314,1005300
2020-08-03,70.2007,70.6256,70.1033,70.5459,759500
2020-08-04,70.3866,70.9001,70.3423,70.9001,908400
2020-08-05,71.3605,71.5553,71.2365,71.3782,817000
2020-08-06,71.2719,71.7146,71.086,71.6881,937800
2020-08-07,71.2365,71.449,70.9709,71.4402,1119200
2020-08-10,71.5553,71.6792,71.1746,71.635,809900
2020-08-11,72.2105,72.2813,71.272,71.4136,1119400
2020-08-12,72.2104,72.6265,72.1839,72.4849,756400
2020-08-13,72.3344,72.5823,72.0776,72.2901,618300
2020-08-14,72.0511,72.2635,71.9537,72.1573,645900
2020-08-17,72.4849,72.6354,72.4406,72.6,1953700
2020-08-18,72.7771,72.8745,72.3078,72.662,1114300
2020-08-19,72.8036,72.8479,72.2016,72.299,795100
2020-08-20,71.7324,72.4229,71.6438,72.3167,1014900
2020-08-21,72.0068,72.4141,71.9714,72.3875,747900
2020-08-24,73.1578,73.1844,72.8214,73.1401,1014900
2020-08-25,73.388,73.4234,72.9896,73.3968,902900
2020-08-26,73.5208,74.0254,73.4145,73.9723,1137600
2020-08-27,74.1759,74.1759,73.4499,73.8041,1193800
2020-08-28,74.1228,74.3619,73.9192,74.3442,670600
2020-08-31,74.1671,74.2379,73.8041,73.9192,703500
2020-09-01,74.0874,74.4858,73.9015,74.477,788300
2020-09-02,74.9108,75.4243,74.5035,75.3181,975100
2020-09-03,74.9019,74.9462,72.6266,73.0604,1936100
2020-09-04,73.2817,73.565,71.2631,72.7859,1680800
2020-09-08,71.5198,71.9094,71.0329,71.1037,5736900
2020-09-09,72.0511,72.8213,71.9005,72.4052,1165400
2020-09-10,72.7682,72.9453,71.2365,71.387,1690800
2020-09-11,71.9271,72.1219,71.1214,71.6703,1383700
2020-09-14,72.3609,72.7948,72.2813,72.5734,964300
2020-09-15,73.2286,73.3348,72.8213,72.9984,1527100
2020-09-16,73.3171,73.6182,72.8302,72.8745,850200
2020-09-17,71.9625,72.7062,71.874,72.4849,1495100
2020-09-18,72.6,72.6354,71.3959,71.8474,1102200
2020-09-21,70.6311,70.8002,69.7413,70.8002,1526500
2020-09-22,70.898,71.1738,70.3108,71.1294,782500
2020-09-23,71.2361,71.2806,69.6968,69.7591,1298000
2020-09-24,69.4032,70.3997,69.0829,69.7947,2157300
2020-09-25,69.4477,70.6222,69.2519,70.5599,1632200
2020-09-28,71.5298,71.7522,71.334,71.6721,853200
2020-09-29,71.601,71.77,71.2361,71.4141,653800
2020-09-30,71.4586,72.3039,71.4319,71.7522,2826100
2020-10-01,72.3039,72.4374,71.9213,72.3306,1120000
2020-10-02,71.254,72.1971,71.2184,71.8679,1544400
2020-10-05,72.3484,73.0869,72.3484,73.0513,671000
2020-10-06,73.1759,73.5318,72.1882,72.3039,1662700
2020-10-07,72.9801,73.4695,72.9534,73.3271,1301300
2020-10-08,73.7365,73.9411,73.5674,73.9322,771200
2020-10-09,74.3326,74.5729,74.1814,74.4928,1570100
2020-10-12,74.9021,75.5338,74.8309,75.3114,1123400
2020-10-13,75.0889,75.1067,74.6262,74.822,1542600
2020-10-14,74.9822,75.169,74.386,74.4928,1262200
2020-10-15,73.3894,74.2169,73.256,74.1368,1095000
2020-10-16,74.4394,74.7063,74.1724,74.1724,808500
2020-10-19,74.5194,74.6618,73.336,73.4695,1024900
2020-10-20,73.8432,74.4038,73.7186,73.8165,724200
2020-10-21,73.8076,74.2436,73.603,73.6297,1557000
2020-10-22,73.6741,74.0123,73.2026,73.9144,813700
2020-10-23,74.2525,74.2525,73.7186,74.2525,629900
2020-10-26,73.3983,73.5674,72.2416,72.9356,1766400
2020-10-27,72.9712,73.0246,72.5708,72.6242,1093100
2020-10-28,71.2717,71.3963,70.3019,70.373,3092300
2020-10-29,70.4353,71.4586,70.1239,70.987,2031400
2020-10-30,70.5866,70.7646,69.6524,70.2841,2499300
2020-11-02,71.0582,71.3518,70.5332,71.1561,1582000
2020-11-03,72.0103,72.8022,71.8857,72.4997,1643400
2020-11-04,73.2471,74.5729,72.9979,73.861,2079700
2020-11-05,75.2046,75.6584,75.0533,75.427,1110600
2020-11-06,75.4893,75.7474,75.1067,75.516,1452200
2020-11-09,78.9328,78.9506,76.646,76.7261,2239200
2020-11-10,76.7706,77.0286,76.1389,76.7795,1293400
2020-11-11,77.171,77.4024,76.9575,77.2689,2748100
2020-11-12,77.0019,77.2066,76.1655,76.4503,1582600
2020-11-13,76.9931,77.6159,76.913,77.5269,813400
2020-11-16,78.3277,78.5235,77.9896,78.5146,916500
2020-11-17,78.1409,78.5947,77.8561,78.3544,1684700
2020-11-18,78.4701,78.6125,77.6782,77.6782,1112100
2020-11-19,77.607,78.1854,77.349,78.1587,1064700
2020-11-20,78.1764,78.3188,77.9985,78.0341,1330900
2020-11-23,78.4968,78.7103,77.9985,78.4167,684900
2020-11-24,79.0485,79.6446,78.8527,79.609,1575200
2020-11-25,79.351,79.5734,79.0574,79.4845,1076700
2020-11-27,79.7158,79.956,79.7069,79.8759,530300
2020-11-30,79.6357,79.6535,78.7548,78.9773,1392400
2020-12-01,79.9916,80.3564,79.8315,80.1518,1401800
2020-12-02,79.7692,80.2764,79.6624,80.2052,1337900
2020-12-03,80.4632,80.7657,80.2941,80.4721,1197200
2020-12-04,80.8013,81.2462,80.7657,81.2462,938800
2020-12-07,80.9882,81.1483,80.7657,80.9882,896500
2020-12-08,80.748,81.3441,80.7124,81.2462,1458700
2020-12-09,81.5754,81.5754,80.4098,80.7479,795800
2020-12-10,80.4009,81.1128,80.2764,80.9793,765000
2020-12-11,80.5522,80.8191,80.2408,80.7657,1008600
2020-12-14,81.2907,81.4598,80.57,80.5878,1032200
2020-12-15,81.1395,81.6377,80.9704,81.6288,1446700
2020-12-16,81.7356,81.9847,81.5043,81.8246,1264800
2020-12-17,82.2428,82.3852,82.1627,82.3496,1117100
2020-12-18,82.3763,82.4207,81.7089,82.0915,1537200
2020-12-21,80.6521,81.6636,80.3299,81.5025,3064100
2020-12-22,81.4399,81.5473,81.1176,81.422,940900
2020-12-23,81.8337,82.0665,81.7711,81.7979,898800
2020-12-24,81.8695,82.0128,81.6905,81.9859,769300
2020-12-28,82.5051,82.6483,82.3171,82.3619,1175300
2020-12-29,82.9795,83.0332,82.3619,82.523,849800
2020-12-30,82.8721,83.1585,82.7915,82.8094,1304000
2020-12-31,82.8721,82.9616,82.5409,82.8721,3220900
2021-01-04,83.6419,83.7046,81.7084,82.3977,6892800
2021-01-05,82.4782,83.4629,82.4782,83.3018,1267400
2021-01-06,83.1317,84.5639,83.0422,83.8925,1569100
2021-01-07,84.2238,84.8862,84.1969,84.7429,1538600
2021-01-08,85.3964,85.5127,84.5997,85.5127,3344100
2021-01-11,84.4654,85.092,84.4117,84.7429,1083300
2021-01-12,84.7788,85.1458,84.4834,85.0652,1844300
2021-01-13,85.0652,85.3606,84.8235,85.1368,785600
2021-01-14,85.4232,85.7097,85.2173,85.28,1882400
2021-01-15,84.6445,84.8235,83.9373,84.3938,1439500
2021-01-19,85.1726,85.2621,84.8324,85.1278,5679400
2021-01-20,85.6649,86.2289,85.5754,86.1573,1916800
2021-01-21,86.2826,86.3094,85.8529,86.1841,1099200
2021-01-22,85.5217,85.9424,85.4769,85.7813,1246700
2021-01-25,85.7813,86.0409,84.7877,85.9693,1162500
2021-01-26,86.0677,86.1483,85.5575,85.7186,1649200
2021-01-27,84.5729,84.6713,83.2749,83.6598,3260300
2021-01-28,84.0089,85.0204,83.8657,84.3401,5314400
2021-01-29,83.5972,83.8657,82.2276,82.6841,3117200
2021-02-01,83.624,84.2148,83.2033,84.0984,2581600
2021-02-02,84.8414,85.3964,84.8414,85.2621,1328100
2021-02-03,85.4053,85.6381,85.0204,85.3964,1290900
2021-02-04,85.468,85.9872,85.3874,85.9872,957000
2021-02-05,86.4168,86.5511,86.0946,86.5153,975700
2021-02-08,86.8734,87.1509,86.757,87.1151,1048700
2021-02-09,87.0703,87.5179,87.0076,87.3836,847600
2021-02-10,87.8491,87.9207,86.8823,87.3747,1397000
2021-02-11,87.8133,87.9207,87.2493,87.8222,856400
2021-02-12,87.5805,88.2429,87.5537,88.2429,1006100
2021-02-16,88.6815,88.789,88.1445,88.3593,1096400
2021-02-17,87.858,88.1713,87.4821,88.0729,763800
2021-02-18,87.4463,87.7148,86.9002,87.5984,1212700
2021-02-19,87.9386,88.2161,87.6969,87.8222,1006300
2021-02-22,87.0524,87.5178,86.8733,86.8823,812700
2021-02-23,86.4616,87.2851,85.3695,87.0434,2447600
2021-02-24,86.5243,87.6611,86.2647,87.5984,1553900
2021-02-25,87.4552,87.7327,85.3248,85.6023,2147600
2021-02-26,85.6739,85.7634,84.4296,84.8951,3535500
2021-03-01,86.0588,87.124,86.0319,86.9092,5662400
2021-03-02,86.8554,86.9002,86.2378,86.3452,1937400
2021-03-03,86.2468,86.4616,85.3964,85.4322,2358900
2021-03-04,85.3516,85.8082,83.3465,84.188,3340100
2021-03-05,84.9846,85.5396,83.2033,85.3427,5813600
2021-03-08,85.2084,85.7992,84.6713,84.734,2303200
2021-03-09,85.7455,86.4974,85.5754,86.0498,3154600
2021-03-10,86.5332,86.7301,86.0946,86.4527,2126700
2021-03-11,87.0882,87.8222,87.0166,87.5626,1134300
2021-03-12,87.0434,87.5805,86.8465,87.5716,1809700
2021-03-15,87.5089,88.0012,87.0434,87.9386,1152100
2021-03-16,88.1624,88.2161,87.6521,87.867,2499700
2021-03-17,87.4105,88.422,87.1867,88.2429,1325900
2021-03-18,87.6432,88.0997,86.8376,86.9539,1429200
2021-03-19,86.9181,87.3567,86.39,87.0434,1042500
2021-03-22,87.0551,87.7013,87.0371,87.432,1902500
2021-03-23,87.0372,87.1808,86.1576,86.3461,2397200
2021-03-24,86.4179,86.6782,85.6281,85.655,2231200
2021-03-25,85.3858,86.2564,84.9371,86.1487,5577300
2021-03-26,86.4628,87.5487,86.2743,87.4949,2400000
2021-03-29,87.0641,87.3423,86.6243,87.1628,2314400
2021-03-30,86.8846,87.1987,86.6333,87.1448,2491800
2021-03-31,87.091,87.6744,87.091,87.3154,3108400
2021-04-01,87.8898,88.4821,87.8718,88.4641,2552200
2021-04-05,89.0206,89.5411,89.0026,89.4783,2396300
2021-04-06,89.0565,89.5142,89.0385,89.2898,1418300
2021-04-07,89.1193,89.2808,88.9219,89.1552,1481400
2021-04-08,89.577,89.7386,89.3616,89.7206,1327600
2021-04-09,89.5501,90.0527,89.4783,90.0527,851200
2021-04-12,89.8373,89.945,89.6039,89.8642,1347000
2021-04-13,89.9091,90.3309,89.8283,90.2053,1460700
2021-04-14,90.295,90.6091,90.0347,90.1693,1588300
2021-04-15,90.7348,91.0668,90.6719,91.0399,1537700
2021-04-16,91.3451,91.4438,91.004,91.3899,1856200
2021-04-19,91.2643,91.3361,90.663,90.9771,1489000
2021-04-20,90.5014,90.6181,89.6398,89.954,2455600
2021-04-21,89.7924,90.8873,89.6847,90.8694,1256300
2021-04-22,90.8694,91.1117,90.0617,90.295,1949100
2021-04-23,90.6091,91.5784,90.6001,91.345,1260500
2021-04-26,91.4438,91.6951,91.381,91.6143,1371700
2021-04-27,91.4527,91.5784,91.3002,91.5155,1776700
2021-04-28,91.5963,91.9553,91.4348,91.6861,1102200
2021-04-29,92.2335,92.2425,91.1925,91.8925,1835400
2021-04-30,91.2912,91.4437,90.7168,90.9232,1458400
2021-05-03,91.4976,91.5604,91.2553,91.345,2103400
2021-05-04,90.6899,90.7886,89.7116,90.4565,2336800
2021-05-05,91.0219,91.1655,90.5732,90.8604,2042100
2021-05-06,90.9143,91.4707,90.3937,91.4617,1754900
2021-05-07,91.704,92.431,91.5604,92.3233,1461800
2021-05-10,92.3592,92.3951,91.3451,91.3899,1627700
2021-05-11,90.0886,90.7437,89.6757,90.5912,2563200
2021-05-12,89.7834,90.1065,88.4642,88.6347,3037200
2021-05-13,88.886,89.7475,88.8231,89.4603,2045500
2021-05-14,90.1604,91.0489,90.1604,90.9053,2134200
2021-05-17,90.5194,90.7258,90.2501,90.7258,1834700
2021-05-18,91.1296,91.2373,90.5014,90.5642,1608100
2021-05-19,89.4065,90.1245,89.0385,90.0886,2229100
2021-05-20,90.4027,91.3091,90.4027,91.1207,1684000
2021-05-21,91.3899,91.5425,90.7796,90.995,1424800
2021-05-24,91.4348,91.9194,91.3271,91.722,820700
2021-05-25,92.1438,92.1977,91.5874,91.7399,1441400
2021-05-26,91.7668,92.0092,91.6771,91.9643,1037400
2021-05-27,92.1528,92.3053,92.0271,92.0989,3351900
2021-05-28,92.3951,92.6015,92.2605,92.3592,2042200
2021-06-01,93.1759,93.2028,92.5746,92.7092,1777700
2021-06-02,92.799,92.9695,92.6105,92.8438,1945500
2021-06-03,92.2515,92.5477,91.9015,92.3323,1320100
2021-06-04,92.8079,93.2387,92.8079,93.2118,1089300
2021-06-07,93.2028,93.2836,92.9874,93.2746,2347800
2021-06-08,93.3913,93.4362,92.8977,93.2477,1691000
2021-06-09,93.3643,93.3733,92.9784,93.0054,1159100
2021-06-10,93.2926,93.5797,93.0413,93.4631,1129800
2021-06-11,93.5259,93.6336,93.2836,93.6336,682500
2021-06-14,93.6067,93.7951,93.4003,93.7951,776300
2021-06-15,93.7862,93.7862,93.3644,93.6067,808400
2021-06-16,93.6336,93.6426,92.5477,92.9964,1342800
2021-06-17,92.79,92.9964,92.1887,92.7541,2006200
2021-06-18,91.7579,91.9015,91.345,91.3809,1880300
2021-06-21,91.7913,92.6572,91.6019,92.6392,1690300
2021-06-22,92.4497,93.054,92.2333,92.8737,1175200
2021-06-23,92.9639,93.1533,92.6933,92.7384,1217400
2021-06-24,93.3246,93.487,93.2795,93.4148,1791200
2021-06-25,93.6944,93.8388,93.5862,93.7846,1420700
2021-06-28,93.7846,93.7937,93.4148,93.6854,1475400
2021-06-29,93.7486,93.8027,93.5501,93.7035,2118200
2021-06-30,93.3697,93.5321,93.2796,93.4509,1358200
2021-07-01,93.5682,93.7936,93.3878,93.7936,1770500
2021-07-02,93.8748,94.1995,93.7125,94.1905,1671300
2021-07-06,94.1544,94.1544,93.2164,93.7125,2211600
2021-07-07,93.9831,94.0913,93.3878,93.947,1579000
2021-07-08,92.549,93.0811,92.2333,92.8737,1888700
2021-07-09,93.5592,94.2537,93.4599,94.2446,19201700
2021-07-12,94.0823,94.4791,94.0191,94.4701,5587400
2021-07-13,94.2897,94.4881,93.965,94.0282,2079100
2021-07-14,94.5062,94.5513,93.9109,94.1003,2474300
2021-07-15,93.7395,93.9199,93.2525,93.6944,2629900
2021-07-16,93.8478,93.8748,92.8376,92.9729,1249700
2021-07-19,91.7733,91.7823,90.9886,91.5658,2989100
2021-07-20,91.5298,92.8917,91.3584,92.6662,4600700
2021-07-21,92.9278,93.6223,92.8737,93.6133,2103300
2021-07-22,93.8027,93.8027,93.3607,93.7125,1329400
2021-07-23,94.0552,94.3709,93.7937,94.3258,1372900
2021-07-26,93.947,94.2176,93.92,94.2176,1308800
2021-07-27,93.7576,93.7576,92.9098,93.6043,7796300
2021-07-28,93.8027,94.3348,93.6133,94.1003,945800
2021-07-29,94.5243,94.7948,94.4792,94.5603,1013200
2021-07-30,93.9921,94.434,93.8207,94.0282,1685000
2021-08-02,94.5693,94.6956,94.0191,94.1003,1941400
2021-08-03,94.3529,94.7948,93.8478,94.7948,1381900
2021-08-04,94.6866,94.8219,94.416,94.4882,1415100
2021-08-05,94.7407,95.0023,94.6595,94.9572,2093800
2021-08-06,94.9482,95.0654,94.7317,94.876,1431500
2021-08-09,94.894,94.9842,94.6415,94.8309,819100
2021-08-10,94.9301,95.0564,94.7858,94.9031,4168900
2021-08-11,95.2819,95.2819,94.9301,95.2819,918100
2021-08-12,95.1195,95.2819,94.867,95.2819,872400
2021-08-13,95.3811,95.4983,95.2187,95.4983,1706000
2021-08-16,94.9932,95.2819,94.5964,95.2819,938100
2021-08-17,94.4791,94.5964,93.7937,94.389,1048900
2021-08-18,94.3438,94.6505,93.6944,93.7576,1076600
2021-08-19,92.8286,93.5321,92.7474,93.2705,1493200
2021-08-20,93.0992,93.8658,93.009,93.8388,983600
2021-08-23,94.3168,94.9211,94.3168,94.8219,817800
2021-08-24,95.0924,95.4352,95.0473,95.336,849600
2021-08-25,95.2909,95.5795,95.1826,95.5073,1210200
2021-08-26,95.2548,95.345,94.8038,94.876,1956000
2021-08-27,95.1105,95.9403,95.0834,95.8862,1229500
2021-08-30,95.9854,96.256,95.8321,96.1117,1968200
2021-08-31,96.256,96.3101,96.0666,96.1568,973700
2021-09-01,96.5716,96.8603,96.4815,96.6258,2074400
2021-09-02,96.8603,97.0677,96.7069,96.9234,1171900
2021-09-03,96.8512,97.1759,96.7881,97.0948,1002600
2021-09-07,97.0677,97.0948,96.7701,96.8332,1865800
2021-09-08,96.5716,96.6438,95.9854,96.3462,1694600
2021-09-09,96.256,96.6438,96.0034,96.0936,2416000
2021-09-10,96.6167,96.7069,95.5524,95.6066,4446400
2021-09-13,96.283,96.283,95.5344,95.9493,2947900
2021-09-14,96.2199,96.2199,95.2278,95.3811,1213900
2021-09-15,95.4081,96.0395,95.2097,95.9583,1187400
2021-09-16,95.6336,95.9223,95.2007,95.7419,1328200
2021-09-17,95.4713,95.5885,94.6325,94.7948,2404300
2021-09-20,93.1486,93.4565,92.0801,93.0852,2573100
2021-09-21,93.8096,94.027,93.1577,93.375,2169400
2021-09-22,93.9183,94.7966,93.864,94.2714,2765200
2021-09-23,94.7695,95.6025,94.7151,95.3309,1641000
2021-09-24,94.6698,95.0864,94.6155,94.9868,1506400
2021-09-27,94.8147,95.0864,94.6065,94.9234,1803100
2021-09-28,94.036,94.0722,92.7864,92.9494,2896900
2021-09-29,93.2029,93.4293,92.723,92.8407,2192500
2021-09-30,93.1758,93.3297,92.1435,92.2069,2984100
2021-10-01,92.4333,93.2392,91.727,92.9494,4217900
2021-10-04,92.6596,92.723,91.3648,91.8628,2211800
2021-10-05,92.0801,92.9675,91.9171,92.5781,1784800
2021-10-06,91.5187,92.6053,91.1837,92.5781,2895800
2021-10-07,93.3116,93.9998,93.2754,93.4927,1723500
2021-10-08,93.7281,93.8096,93.2935,93.4022,1050600
2021-10-11,93.4474,93.9183,92.9042,92.9132,1126600
2021-10-12,93.1124,93.2663,92.6959,92.8407,2157800
2021-10-13,93.212,93.6376,92.7412,93.5018,2559800
2021-10-14,94.3348,94.8238,94.2171,94.7966,2171600
2021-10-15,95.2765,95.5482,95.1769,95.4667,1207600
2021-10-18,94.9777,95.5754,94.86,95.5573,2182500
2021-10-19,95.9647,96.2907,95.8742,96.2454,1219100
2021-10-20,96.3451,96.671,96.3179,96.5986,867100
2021-10-21,96.2545,96.5714,96.173,96.5533,1136700
2021-10-22,96.662,96.9698,96.182,96.6076,917400
2021-10-25,96.671,97.0242,96.3631,96.9246,1475300
2021-10-26,97.2958,97.4588,96.7797,96.8793,1441300
2021-10-27,96.8702,97.0151,96.2907,96.3088,891800
2021-10-28,96.5714,97.1962,96.5442,97.1781,1574000
2021-10-29,96.5533,97.0061,96.4447,96.9517,1216100
2021-11-01,97.2686,97.5855,97.0604,97.5493,856100
2021-11-02,97.4045,97.6399,97.332,97.5675,1453400
2021-11-03,97.4497,98.2737,97.3411,98.2194,1325100
2021-11-04,98.2737,98.5092,98.0474,98.3824,1453100
2021-11-05,98.817,98.98,98.3281,98.6993,1287600
2021-11-08,98.9076,99.0525,98.7989,98.9076,1950000
2021-11-09,98.9257,99.0072,98.319,98.6359,1157000
2021-11-10,98.3462,98.6178,97.3954,97.6852,1606700
2021-11-11,98.0926,98.2375,97.9659,97.993,2232300
2021-11-12,98.2375,98.6903,98.1017,98.645,1331300
2021-11-15,98.8985,98.9257,98.4458,98.5907,1201200
2021-11-16,98.5545,98.98,98.5001,98.7627,2741000
2021-11-17,98.645,98.645,98.2194,98.4005,2227400
2021-11-18,98.4458,98.5001,97.8029,98.4367,1547600
2021-11-19,98.2194,98.4005,97.9296,97.993,1379800
2021-11-22,98.1922,98.5273,97.4226,97.4316,2155500
2021-11-23,97.323,97.7304,96.7525,97.4135,1823800
2021-11-24,96.7344,97.4678,96.5623,97.4678,2264400
2021-11-26,95.7565,95.8923,94.7332,95.0139,2741300
2021-11-29,96.019,96.2183,95.3037,95.8561,2551500
2021-11-30,95.3852,95.7474,94.036,94.4163,4756700
2021-12-01,95.6206,96.173,93.375,93.4203,5115600
2021-12-02,93.7553,95.1769,93.6919,94.86,3838000
2021-12-03,95.1407,95.2765,93.2029,93.9817,3064700
2021-12-06,94.4344,95.3037,93.9364,95.0139,4751200
2021-12-07,96.2817,97.0785,96.2454,96.9789,2283100
2021-12-08,97.0513,97.4045,96.8068,97.3411,1987900
2021-12-09,96.9064,97.0604,96.4265,96.4718,3240900
2021-12-10,96.8793,97.0332,96.336,96.9608,1997800
2021-12-13,96.68,96.7344,95.9194,95.9828,1996400
2021-12-14,95.3671,95.8108,94.8781,95.3852,3442300
2021-12-15,95.4305,96.6167,94.7966,96.5895,2172200
2021-12-16,97.0604,97.1871,95.7112,96.0462,3196000
2021-12-17,95.3218,95.9828,94.8419,95.1679,3214700
2021-12-20,94.1871,94.3605,93.5668,94.2966,5029900
2021-12-21,94.9261,95.9205,94.7436,95.8932,3430800
2021-12-22,95.7928,96.7872,95.7472,96.7781,3575600
2021-12-23,96.9697,97.6357,96.9241,97.3985,2463700
2021-12-27,97.6174,98.4294,97.5445,98.4294,1446500
2021-12-28,98.5024,98.694,98.2105,98.3199,4291800
2021-12-29,98.2925,98.4841,98.0006,98.3564,2018900
2021-12-30,98.4476,98.6848,98.1831,98.2743,2003100
2021-12-31,98.2378,98.5024,98.0097,98.0097,1916200
2022-01-03,98.4476,98.6118,97.9002,98.5754,2673100
2022-01-04,99.0133,99.0589,98.2469,98.6119,2012100
2022-01-05,98.6119,98.7578,96.915,96.9332,2950400
2022-01-06,96.7872,97.3802,96.2763,96.842,4125800
2022-01-07,96.8602,97.1521,96.2398,96.7051,2552000
2022-01-10,95.9935,96.3858,94.8805,96.3858,4144400
2022-01-11,96.4497,97.5353,96.03,97.4988,2876400
2022-01-12,98.028,98.3017,97.5627,98.0371,2019700
2022-01-13,98.2378,98.3473,96.6778,96.8237,1416900
2022-01-14,96.3128,96.8602,95.9114,96.8146,2047900
2022-01-18,95.7198,95.8202,94.9717,95.1542,3048900
2022-01-19,95.5647,95.8384,94.5338,94.6159,2741700
2022-01-20,95.0903,95.9753,93.731,93.8405,3274500
2022-01-21,93.5759,93.9135,92.1618,92.2439,4396700
2022-01-24,90.7842,92.1892,88.6768,92.1253,8305400
2022-01-25,90.8846,92.1162,89.8263,91.213,6116800
2022-01-26,92.326,92.9099,90.0635,90.8025,3391100
2022-01-27,91.432,91.9429,89.881,90.1182,4984000
2022-01-28,90.2094,91.6509,89.3245,91.6053,4595000
2022-01-31,91.6874,93.5485,91.5506,93.5212,3353600
2022-02-01,93.8405,94.3331,93.0559,94.2601,3514300
2022-02-02,94.771,94.9809,94.1233,94.8166,2607700
2022-02-03,93.6945,94.0503,92.8369,92.9829,2906600
2022-02-04,92.846,94.0229,92.4811,93.3934,3111900
2022-02-07,93.4664,93.9226,93.0924,93.284,3123500
2022-02-08,93.1836,94.1507,92.9373,93.9956,2120100
2022-02-09,94.9717,95.5374,94.9717,95.5282,4037800
2022-02-10,94.251,95.7472,93.7583,94.1506,5798800
2022-02-11,94.1506,94.5612,92.1801,92.5176,3682300
2022-02-14,92.2713,92.5085,91.3499,92.0523,4316400
2022-02-15,93.0559,93.7584,93.0468,93.6671,3022100
2022-02-16,93.3113,94.1598,93.0832,93.9499,9601400
2022-02-17,93.2657,93.3387,92.025,92.1344,5645400
2022-02-18,92.1618,92.399,91.1218,91.4867,8950900
2022-02-22,90.8572,91.4776,89.7077,90.4011,7864100
2022-02-23,91.0762,91.1583,88.9778,89.1421,6629800
2022-02-24,86.4873,89.5709,86.2318,89.5161,7176400
2022-02-25,89.9996,91.5232,89.6256,91.4958,6323800
2022-02-28,90.1821,91.3955,89.9358,90.9302,4139900
2022-03-01,90.6656,90.9667,88.9048,89.4157,5798900
2022-03-02,89.8628,90.9758,89.6165,90.7477,4138800
2022-03-03,90.9393,90.9849,89.4614,89.7989,5791200
2022-03-04,88.4943,88.6585,87.6641,88.4852,6832800
2022-03-07,88.1477,88.2389,85.5932,85.6662,3412800
2022-03-08,85.9672,87.4178,85.0184,85.5749,6877300
2022-03-09,87.6459,88.5126,87.1076,88.1568,4848000
2022-03-10,87.1441,87.6732,86.6788,87.4725,2413500
2022-03-11,88.1385,88.2115,86.2865,86.3595,3038700
2022-03-14,86.7335,87.2627,85.6205,85.8212,2549800
2022-03-15,86.1497,87.29,85.8303,87.1806,2482200
2022-03-16,88.467,89.9905,87.728,89.9449,2872800
2022-03-17,89.5435,90.9119,89.3975,90.8846,2959900
2022-03-18,90.3828,91.9794,90.2916,91.8516,1901300
2022-03-21,91.7574,92.0227,90.9342,91.6202,2027400
2022-03-22,92.0501,92.8093,92.041,92.6629,1196600
2022-03-23,91.9861,92.4068,91.5196,91.5288,2022600
2022-03-24,91.9678,92.5897,91.6568,92.5623,1814900
2022-03-25,92.6263,92.8276,91.9861,92.7727,1184200
2022-03-28,92.5623,93.1019,92.0775,93.0745,1671000
2022-03-29,94.3001,94.6477,93.7971,94.5837,2112000
2022-03-30,94.3916,94.5288,93.6599,94.0623,2530600
2022-03-31,93.7422,93.9434,92.5897,92.6446,1777100
2022-04-01,93.2209,93.294,92.5074,93.2392,2991200
2022-04-04,93.3672,94.0258,93.2209,93.9983,3128100
2022-04-05,93.6233,93.9617,92.4525,92.6446,4085000
2022-04-06,91.8214,92.0684,91.0257,91.6111,3349800
2022-04-07,91.483,92.1415,90.8702,91.8214,2232500
2022-04-08,91.5836,92.1507,91.2544,91.6019,1625600
2022-04-11,91.0165,91.1629,90.2391,90.3214,2063700
2022-04-12,90.8611,91.3092,89.6812,89.9464,3146800
2022-04-13,90.0287,91.172,90.0013,91.0531,2380600
2022-04-14,91.0531,91.2909,90.1385,90.1842,1673700
2022-04-18,89.8824,90.3672,89.5897,89.9281,2241400
2022-04-19,89.7269,91.0348,89.6629,90.9525,2125600
2022-04-20,91.4647,91.4647,90.797,91.0257,2254400
2022-04-21,91.7574,91.9586,89.4342,89.6354,2220000
2022-04-22,89.4891,89.4891,87.5317,87.6049,3355800
2022-04-25,86.9006,87.7787,86.0775,87.7055,4484800
2022-04-26,87.1476,87.2665,85.3,85.3092,5045800
2022-04-27,85.5836,86.4799,85.1354,85.6293,4433000
2022-04-28,86.4616,87.7055,85.5287,87.4037,2143700
2022-04-29,87.1019,87.6598,85.053,85.1445,3356400
2022-05-02,85.0347,85.7207,83.7725,85.4189,12751600
2022-05-03,85.6567,86.2055,85.3274,85.8762,2985000
2022-05-04,85.8854,88.0531,85.0622,87.9342,2831500
2022-05-05,86.8366,86.864,84.0652,84.9341,10992400
2022-05-06,84.3396,84.7329,83.1963,84.0927,7149300
2022-05-09,82.8122,82.9402,81.0378,81.303,4630200
2022-05-10,82.6933,82.8945,80.7633,81.5865,3956400
2022-05-11,81.6323,82.7298,80.4341,80.5438,6832400
2022-05-12,80.0042,81.175,79.245,80.4249,8348900
2022-05-13,81.4219,82.803,81.3579,82.6475,8078100
2022-05-16,82.2725,82.9768,81.8609,82.3823,5884900
2022-05-17,83.8274,84.1018,83.0774,84.0835,2364300
2022-05-18,83.2512,83.3701,81.0652,81.2847,2656500
2022-05-19,80.9097,82.2268,80.7725,81.4951,2181700
2022-05-20,82.3457,82.4738,80.1231,81.7237,5711300
2022-05-23,82.428,83.1689,81.9158,83.0042,2737100
2022-05-24,82.2268,82.5286,81.1932,82.3,2387000
2022-05-25,81.9158,83.242,81.9158,82.8853,1486400
2022-05-26,83.114,84.5774,83.0225,84.2847,2216400
2022-05-27,84.8518,85.986,84.8244,85.986,2749400
2022-05-31,85.9494,86.233,85.2085,85.5653,2848000
2022-06-01,86.114,86.2512,84.4311,84.925,2453600
2022-06-02,85.1079,86.6446,84.8061,86.6446,1599300
2022-06-03,85.6293,85.8488,85.0896,85.2543,1837700
2022-06-06,86.297,86.4799,85.364,85.5835,1749300
2022-06-07,84.861,86.2878,84.7421,86.2147,1357600
2022-06-08,85.8305,86.1323,85.2177,85.364,1966000
2022-06-09,84.9616,85.2177,83.4341,83.4341,3874400
2022-06-10,82.2085,82.2634,81.1567,81.2481,4031100
2022-06-13,79.2176,79.5103,77.9371,78.2206,4235500
2022-06-14,78.5499,78.7786,77.3426,77.9737,3667400
2022-06-15,78.6597,80.0134,77.745,79.2085,4300400
2022-06-16,77.4249,77.4249,76.2907,76.7206,3180300
2022-06-17,76.8578,77.4798,76.1352,76.8029,2705500
2022-06-21,78.0631,78.7909,78.0631,78.4132,3180600
2022-06-22,77.4459,78.7264,77.2801,77.971,4948900
2022-06-23,78.275,78.533,77.4736,78.4408,2457100
2022-06-24,79.1686,80.8176,79.1686,80.7991,2559700
2022-06-27,80.9742,81.0847,80.3478,80.5965,2551600
2022-06-28,81.0479,81.5269,79.4265,79.4542,1914900
2022-06-29,79.4726,79.6108,78.9014,79.2147,2355600
2022-06-30,78.2197,79.0765,77.5104,78.6159,2315000
2022-07-01,78.1553,79.1778,77.6762,79.1041,2439400
2022-07-05,77.6117,78.708,77.1051,78.6895,2940800
2022-07-06,78.6619,79.1133,78.0355,78.7356,5767900
2022-07-07,79.2423,80.0898,79.2423,79.9885,3005500
2022-07-08,79.6752,80.3293,79.3252,79.9608,1277800
2022-07-11,79.2423,79.3068,78.6527,78.7725,4303400
2022-07-12,78.6804,79.058,77.9802,78.3211,2733600
2022-07-13,77.2156,78.4777,77.0867,78.0447,1885700
2022-07-14,76.884,77.5657,76.2299,77.4459,2355100
2022-07-15,78.275,78.7632,77.7315,78.7448,2465100
2022-07-18,79.6384,79.8227,78.404,78.6067,1336500
2022-07-19,79.5831,80.707,79.5002,80.6149,2123900
2022-07-20,80.6702,81.1584,80.3109,80.882,2523200
2022-07-21,80.7991,81.7388,80.4675,81.7388,1853900
2022-07-22,81.8493,82.1165,80.6425,81.0386,1526500
2022-07-25,81.3611,81.4624,80.9465,81.3426,2375200
2022-07-26,80.9649,80.9834,80.2372,80.357,2244200
2022-07-27,81.1031,82.5586,81.0294,82.3007,1881000
2022-07-28,82.4205,83.1943,81.6835,83.1021,2164800
2022-07-29,83.2403,84.1615,83.0192,84.1063,2078200
2022-08-01,83.7838,84.3734,83.3877,83.9036,1371100
2022-08-02,83.4798,84.1523,83.0653,83.2495,1933500
2022-08-03,83.6364,84.4195,83.4338,84.2352,1435500
2022-08-04,84.355,84.5577,84.0602,84.3734,1233100
2022-08-05,83.5167,84.2997,83.4061,84.18,1555300
2022-08-08,84.7235,85.1288,84.1155,84.2997,1989600
2022-08-09,84.226,84.2905,83.6733,83.8483,585600
2022-08-10,85.3867,85.7552,85.1012,85.7,1291900
2022-08-11,86.3172,86.7225,85.6171,85.7552,1755200
2022-08-12,86.0592,86.916,85.8474,86.916,1168700
2022-08-15,86.354,86.9988,86.2895,86.9344,2013900
2022-08-16,86.6212,87.3305,86.5198,87.0357,1019800
2022-08-17,86.308,86.8422,85.9026,86.3448,1748500
2022-08-18,86.354,86.4738,86.0132,86.354,921100
2022-08-19,85.7276,85.7552,84.9538,85.1472,882100
2022-08-22,84.1984,84.1984,83.3969,83.572,1092600
2022-08-23,83.5075,84.1431,83.4246,83.5351,922100
2022-08-24,83.3877,84.0786,83.2772,83.8115,1027300
2022-08-25,84.2076,85.0643,84.0234,85.0275,993500
2022-08-26,85.1104,85.1104,82.4849,82.5033,1455100
2022-08-29,81.9875,82.6047,81.8309,82.052,1711400
2022-08-30,82.4112,82.4205,80.8544,81.2229,1357900
2022-08-31,81.4808,81.7664,80.6794,80.6978,1327600
2022-09-01,80.0898,80.4491,79.2883,80.403,1704700
2022-09-02,81.0478,81.3887,79.4081,79.7213,2090200
2022-09-06,79.8595,80.0345,78.9751,79.3344,1739300
2022-09-07,79.0765,80.5873,79.0304,80.4859,1672000
2022-09-08,79.9056,80.9281,79.6845,80.8636,1853800
2022-09-09,81.619,82.5218,81.619,82.402,1434700
2022-09-12,83.01,83.5535,82.9455,83.3785,1137200
2022-09-13,81.6098,81.8309,79.9055,80.1082,1888700
2022-09-14,80.3846,80.7254,79.8227,80.4399,1737400
2022-09-15,80.0161,80.6425,79.3897,79.62,2277800
2022-09-16,78.7633,79.0949,78.3395,78.9567,1604700
2022-09-19,78.2283,79.45,78.2098,79.4408,1398200
2022-09-20,78.6818,78.8022,77.8951,78.4042,1462700
2022-09-21,78.6356,79.2372,77.1454,77.1639,2100600
2022-09-22,77.1732,77.3305,76.3679,76.5623,2794100
2022-09-23,75.5257,75.5257,74.0448,74.813,3769800
2022-09-26,74.4613,75.0814,73.656,73.9152,2990000
2022-09-27,74.5724,74.9703,73.2303,73.6653,2181100
2022-09-28,73.8319,75.4979,73.5079,75.2017,2461000
2022-09-29,74.2854,74.5631,73.147,73.7856,3127200
2022-09-30,73.619,74.4428,72.9989,73.0081,2909600
2022-10-03,73.8689,75.1554,73.4524,74.813,2982400
2022-10-04,76.2383,77.3583,76.1458,77.349,3802400
2022-10-05,76.442,77.4231,75.8589,76.9788,2027200
2022-10-06,76.5623,77.0806,76.007,76.118,2150600
2022-10-07,75.4053,75.4516,73.9615,74.2762,2295800
2022-10-10,74.3965,74.489,73.221,73.6468,3247900
2022-10-11,73.2303,74.0818,72.6287,72.9989,3635300
2022-10-12,72.8971,73.2858,72.6472,72.8138,1546300
2022-10-13,71.3792,74.6834,71.083,74.378,4345500
2022-10-14,74.8963,75.1462,72.7397,72.823,4493700
2022-10-17,74.2854,74.9796,74.2299,74.7389,2812000
2022-10-18,76.2013,76.2661,74.813,75.4609,3304400
2022-10-19,74.887,75.322,74.1373,74.6649,2876700
2022-10-20,74.7482,75.646,74.1188,74.3132,2741600
2022-10-21,74.0448,75.9144,73.7301,75.8589,2900400
2022-10-24,75.72,76.2291,75.0351,76.007,2528600
2022-10-25,76.1458,77.4601,76.1458,77.4045,2033000
2022-10-26,77.0899,78.3209,77.0158,77.4231,2176900
2022-10-27,77.4786,77.9691,76.8862,76.988,3830400
2022-10-28,76.8492,78.2653,76.7937,78.219,2605300
2022-10-31,77.5526,78.0062,77.4323,77.6637,2317600
2022-11-01,78.7929,78.8392,77.5804,77.8211,2126400
2022-11-02,77.8025,78.7096,76.1736,76.1828,1957600
2022-11-03,75.4238,76.0903,75.0444,75.5997,2439600
2022-11-04,77.2565,77.7285,76.2198,77.3675,3300700
2022-11-07,77.673,78.0339,77.2287,77.8766,1861000
2022-11-08,78.1728,79.015,77.673,78.4319,1609200
2022-11-09,77.9321,78.2098,76.8492,76.9233,2153300
2022-11-10,79.6259,81.1253,79.4223,81.0883,2400300
2022-11-11,81.4863,82.4396,81.2549,82.273,2377600
2022-11-14,81.8843,82.347,81.4493,81.477,3559200
2022-11-15,82.8376,83.069,81.5973,82.3008,2212400
2022-11-16,81.9398,82.1156,81.477,81.6066,1663600
2022-11-17,80.5515,81.477,80.4774,81.4122,1479900
2022-11-18,81.8102,81.9398,81.116,81.6066,2106800
2022-11-21,81.1623,81.2919,80.7181,81.1253,2224400
2022-11-22,81.5881,82.1804,81.2826,82.1712,2080100
2022-11-23,82.1712,82.8931,82.1527,82.8006,1824900
2022-11-25,82.8283,83.0042,82.6802,82.8931,2003900
2022-11-28,82.3378,82.6617,81.5696,81.6992,2998900
2022-11-29,81.9491,82.3193,81.5881,81.8658,1688800
2022-11-30,82.3008,84.1056,81.7269,84.0963,2422800
2022-12-01,84.4758,84.7813,83.8279,84.2907,3522900
2022-12-02,83.3004,84.4481,83.3004,84.2444,3153200
2022-12-05,83.8279,83.9298,82.5322,82.7913,3027000
2022-12-06,82.8376,82.9116,81.5048,81.912,2238900
2022-12-07,81.7824,82.1897,81.5696,81.7732,2577300
2022-12-08,82.0694,82.5599,81.8287,82.3933,4675000
2022-12-09,82.3655,82.7913,81.9676,81.9676,3572200
2022-12-12,82.1157,82.7265,81.8565,82.7265,3013400
2022-12-13,85.0404,85.0497,83.032,83.4947,3391500
2022-12-14,83.4762,84.2259,82.4859,83.1523,2987500
2022-12-15,82.2082,82.31,80.8106,81.0975,4212600
2022-12-16,80.5977,80.8939,79.9684,80.3386,3897900
2022-12-19,80.4672,80.5791,79.5721,79.8519,2675800
2022-12-20,79.8052,80.374,79.6001,80.0383,3481700
2022-12-21,80.5418,81.2878,80.402,81.0826,3473200
2022-12-22,80.5978,80.5978,79.0873,80.1036,3193100
2022-12-23,79.9731,80.4859,79.656,80.4766,3026900
2022-12-27,80.5418,80.7656,80.1316,80.4673,7572000
2022-12-28,80.3833,80.7936,79.423,79.4603,3893800
2022-12-29,80.1968,80.9894,80.0663,80.8309,3993200
2022-12-30,80.2155,80.5139,79.8332,80.3647,3547900
2023-01-03,81.0081,81.4743,79.9171,80.4113,3647800
2023-01-04,81.1386,81.698,80.6071,81.3997,2534400
2023-01-05,80.8589,80.9241,80.374,80.5605,2486400
2023-01-06,81.1292,82.5652,80.5698,82.4066,1828000
2023-01-09,82.9848,83.5908,82.5652,82.6025,4752300
2023-01-10,82.5279,83.05,82.2575,83.05,4671700
2023-01-11,83.395,83.8985,83.2085,83.8892,2731900
2023-01-12,84.2155,84.7284,83.4043,84.4859,2880000
2023-01-13,83.9638,84.9895,83.9172,84.9242,1711900
2023-01-17,84.8869,85.2971,84.719,84.9055,2714800
2023-01-18,85.437,85.5396,83.9638,83.9918,4146400
2023-01-19,83.6188,83.9918,83.2458,83.6188,4035100
2023-01-20,83.8612,84.9335,83.5535,84.9149,2333300
2023-01-23,84.8962,86.0151,84.8216,85.7167,4305300
2023-01-24,85.3904,85.8007,85.1107,85.6328,1460700
2023-01-25,84.9988,85.8473,84.5699,85.7913,1616400
2023-01-26,86.3228,86.5466,85.6701,86.5186,1645800
2023-01-27,86.1923,86.9382,86.099,86.5746,1597900
2023-01-30,85.9871,86.3694,85.493,85.5209,2152500
2023-01-31,85.5302,86.5186,85.3997,86.5093,1352900
2023-02-01,86.416,87.9265,85.7727,87.451,1830600
2023-02-02,88.0757,88.458,87.507,88.1596,2264700
2023-02-03,87.1153,88.0198,86.9475,87.1806,2661400
2023-02-06,86.4533,86.6212,86.0151,86.3974,2325800
2023-02-07,86.2109,87.4976,85.9405,87.3205,1681200
2023-02-08,86.9382,87.2552,86.4533,86.6025,1799500
2023-02-09,87.5256,87.5722,85.9219,86.1736,1382400
2023-02-10,85.8659,86.127,85.5675,86.0151,2240200
2023-02-13,86.1829,87.0035,86.0897,86.9662,4380300
2023-02-14,86.5932,87.4604,86.2016,87.0221,1670500
2023-02-15,86.3135,87.0874,86.2016,87.0687,1488400
2023-02-16,86.1643,87.0314,86.0524,86.2389,1981300
2023-02-17,85.754,86.071,85.3997,86.0431,1873200
2023-02-21,85.3344,85.5116,84.5232,84.5885,2738200
2023-02-22,84.5792,84.803,84.057,84.3088,2321000
2023-02-23,84.9148,85.0267,83.9172,84.7563,1295000
2023-02-24,83.5069,83.7587,83.1619,83.6561,1595300
2023-02-27,84.3274,84.6631,83.9638,84.1223,1872900
2023-02-28,83.9918,84.2808,83.7214,83.7587,1831400
2023-03-01,84.0757,84.3088,83.6561,83.9265,1859500
2023-03-02,83.4789,84.5326,83.3764,84.3647,1962700
2023-03-03,84.7563,85.6701,84.5885,85.5769,2100900
2023-03-06,85.6608,86.0151,85.3531,85.4463,2046400
2023-03-07,85.409,85.409,84.0011,84.141,2838800
2023-03-08,84.2062,84.5885,83.9545,84.3647,1344300
2023-03-09,84.4486,84.7097,82.8169,82.9754,1623400
2023-03-10,82.9008,83.1899,81.5768,81.8286,5013800
2023-03-13,81.0547,82.3974,80.7377,81.5675,5639200
2023-03-14,82.4906,82.9475,81.8472,82.6491,3097800
2023-03-15,80.8495,81.4369,80.3087,81.381,4639700
2023-03-16,81.008,82.7517,80.8589,82.733,2350800
2023-03-17,82.3507,82.4906,81.4369,81.754,1881500
2023-03-20,82.1328,82.7596,81.9551,82.638,1584200
2023-03-21,83.4612,83.826,83.1525,83.7231,1361200
2023-03-22,83.8447,84.6492,82.7409,82.7596,2729600
2023-03-23,83.5267,84.2189,82.4602,82.956,1875600
2023-03-24,82.5351,83.1993,82.0674,83.1618,2086500
2023-03-27,83.6389,83.7418,83.1712,83.4799,2146800
2023-03-28,83.4518,83.6576,83.1993,83.5641,1051300
2023-03-29,84.2937,84.6305,84.1254,84.5931,1488100
2023-03-30,85.2479,85.3976,84.9392,85.2479,1246700
2023-03-31,85.4443,86.174,85.435,86.1459,1232300
2023-04-03,86.1553,86.5762,85.9869,86.5482,1769900
2023-04-04,86.6604,86.6979,85.8747,86.1834,1881200
2023-04-05,85.9588,86.043,85.4256,85.7624,1166200
2023-04-06,85.6314,86.1553,85.4069,86.043,924200
2023-04-10,85.594,86.1553,85.4163,86.1459,1189200
2023-04-11,86.3611,86.6137,86.2301,86.3517,1155500
2023-04-12,86.9037,86.9878,86.1459,86.2301,1877300
2023-04-13,86.7165,87.4462,86.6417,87.362,964500
2023-04-14,87.2778,87.6427,86.6511,87.0907,2387100
2023-04-17,87.0533,87.3152,86.7914,87.2965,1028800
2023-04-18,87.652,87.7269,87.1936,87.4462,1249900
2023-04-19,86.9878,87.3994,86.9317,87.2404,1263100
2023-04-20,86.8475,87.2498,86.6511,86.9224,943300
2023-04-21,86.9224,87.0253,86.5014,86.9504,1003900
2023-04-24,86.9037,87.1282,86.7072,87.044,1969200
2023-04-25,86.5856,86.5856,85.6221,85.6221,972900
2023-04-26,85.9588,86.0804,85.3414,85.435,990600
2023-04-27,85.9401,86.9037,85.8559,86.8569,1184600
2023-04-28,86.5762,87.3807,86.5482,87.3714,1692600
2023-05-01,87.2778,87.6146,87.2123,87.2685,924500
2023-05-02,86.9037,86.9037,85.6689,86.2863,1226800
2023-05-03,86.4172,87.0159,85.9588,85.9869,1462200
2023-05-04,85.9214,86.043,85.4537,85.6876,1409900
2023-05-05,86.3892,87.3433,86.3424,87.1469,972200
2023-05-08,87.2778,87.3153,86.9598,87.1936,1048000
2023-05-09,86.7446,87.0159,86.6324,86.8382,785000
2023-05-10,87.3059,87.3527,86.333,87.0159,4078400
2023-05-11,86.6979,86.8101,86.2956,86.8101,1016100
2023-05-12,86.9691,86.9691,86.1366,86.5669,1531500
2023-05-15,86.8382,87.2311,86.5762,87.1562,1307300
2023-05-16,86.8475,86.9691,86.4079,86.4079,772600
2023-05-17,86.7727,87.3433,86.3985,87.2217,1301300
2023-05-18,87.1188,87.7362,86.9878,87.6894,1607500
2023-05-19,87.8485,87.9701,87.4556,87.6988,1290100
2023-05-22,87.7268,88.0917,87.6239,87.8391,1281700
2023-05-23,87.362,87.5304,86.7166,86.7353,897700
2023-05-24,86.3143,86.3143,85.7811,85.9588,1324700
2023-05-25,86.3611,86.4733,85.8372,86.2208,1442200
2023-05-26,86.5201,87.4181,86.492,87.2685,1419600
2023-05-30,87.4743,87.5304,86.6698,86.9598,1797100
2023-05-31,86.4359,86.5388,85.8559,86.3143,1351800
2023-06-01,86.5763,87.5772,86.3798,87.3901,1499700
2023-06-02,88.2133,88.9055,88.1384,88.7558,1462200
2023-06-05,88.7558,88.8868,88.3536,88.4565,1162900
2023-06-06,88.4191,89.0458,88.3536,88.9804,1371900
2023-06-07,88.971,89.2329,88.5033,88.5968,1567700
2023-06-08,88.6997,89.2236,88.522,89.1394,995700
2023-06-09,89.3171,89.5978,89.0646,89.2423,961700
2023-06-12,89.4387,89.8597,89.2891,89.841,902300
2023-06-13,90.3648,90.7016,90.2806,90.5426,1824500
2023-06-14,90.739,91.0945,90.0655,90.6829,1505700
2023-06-15,90.6455,91.899,90.58,91.7306,997100
2023-06-16,92.1235,92.1328,91.3751,91.4687,935000
2023-06-20,90.9036,90.9131,90.2539,90.5646,3171800
2023-06-21,90.4045,90.6399,90.1314,90.2821,1024800
2023-06-22,89.9714,90.2821,89.8207,90.2445,915500
2023-06-23,89.2745,89.5852,89.1426,89.2556,1602800
2023-06-26,89.2651,89.6512,89.1615,89.1992,1251600
2023-06-27,89.444,90.235,89.3121,90.1126,931800
2023-06-28,89.9054,90.3198,89.7547,90.1597,1138900
2023-06-29,89.9243,90.3292,89.8489,90.3292,775200
2023-06-30,91.0261,91.4687,91.0166,91.3274,1184100
2023-07-03,91.4027,91.6193,91.3462,91.6193,971700
2023-07-05,91.1485,91.2615,90.9601,91.1014,793200
2023-07-06,90.1314,90.1314,89.4346,89.9808,995700
2023-07-07,89.8866,90.8848,89.8866,90.2162,1168000
2023-07-10,90.0655,90.4987,90.0184,90.4987,975500
2023-07-11,90.7812,91.3368,90.6211,91.2803,883100
2023-07-12,92.2032,92.5234,92.1185,92.3445,996000
2023-07-13,92.966,93.5216,92.9189,93.4086,1457500
2023-07-14,93.4557,93.4933,92.9754,93.0696,1127900
2023-07-17,92.9377,93.4933,92.8624,93.3333,1168200
2023-07-18,93.2485,93.9642,93.192,93.8983,901300
2023-07-19,94.0207,94.2467,93.8512,93.983,927200
2023-07-20,93.823,93.9171,93.2297,93.3427,1294300
2023-07-21,93.6817,93.7194,93.3333,93.3803,1073300
2023-07-24,93.5028,93.8512,93.3615,93.7194,633200
2023-07-25,93.757,94.1996,93.7476,94.0019,1126400
2023-07-26,93.7005,94.4162,93.6911,94.1714,895600
2023-07-27,94.8212,94.8212,93.3804,93.5499,1179300
2023-07-28,94.3597,94.6799,94.1996,94.5198,869900
2023-07-31,94.6422,94.8588,94.5104,94.727,3081800
2023-08-01,94.2467,94.3691,93.9265,94.1526,1442000
2023-08-02,93.2673,93.305,92.4292,92.5799,1514000
2023-08-03,92.1373,92.7023,92.0148,92.3821,1065200
2023-08-04,92.8247,93.3144,92.1279,92.2126,1384000
2023-08-07,92.6647,92.9001,92.3162,92.8907,1102100
2023-08-08,92.0337,92.3633,91.5911,92.3162,1376900
2023-08-09,92.3633,92.448,91.7606,91.9395,928100
2023-08-10,92.5705,93.2108,91.8548,92.0808,1107400
2023-08-11,91.544,91.9678,91.4122,91.7512,1153200
2023-08-14,91.3086,91.8359,91.0826,91.8265,926400
2023-08-15,91.4216,91.4404,90.6117,90.7436,1750800
2023-08-16,90.574,90.9036,90.0373,90.0561,1272800
2023-08-17,90.4139,90.461,89.3404,89.4628,930000
2023-08-18,88.8036,89.6041,88.7377,89.4063,1858300
2023-08-21,89.5947,89.9808,89.1709,89.8489,1138900
2023-08-22,90.2068,90.2444,89.5664,89.6606,1653200
2023-08-23,89.9525,90.8283,89.9431,90.687,1423600
2023-08-24,90.8283,90.9319,89.5193,89.557,1294400
2023-08-25,89.9054,90.3386,89.1615,90.0749,1979800
2023-08-28,90.6117,90.9036,90.4893,90.8189,1336900
2023-08-29,90.7247,92.0996,90.6776,92.0431,1683900
2023-08-30,92.1184,92.4575,91.9489,92.2691,1273400
2023-08-31,92.3539,92.4857,91.9678,92.0337,988600
2023-09-01,92.7871,92.8906,92.0902,92.3539,2062000
2023-09-05,92.1938,92.1938,91.7229,91.77,1512600
2023-09-06,91.6099,91.7229,90.8566,91.2427,1659600
2023-09-07,90.6965,90.9695,90.5081,90.866,895400
2023-09-08,90.8848,91.1956,90.7718,90.9036,1840400
2023-09-11,91.5628,91.6758,91.318,91.6382,1027800
2023-09-12,91.2992,91.6758,91.1767,91.2521,973700
2023-09-13,91.2144,91.3933,90.9319,91.1485,1335100
2023-09-14,91.7323,92.1655,91.5346,92.0714,1228900
2023-09-15,91.8924,91.9489,91.2427,91.3086,3056000
2023-09-18,91.1819,91.3994,90.9644,91.2008,902200
2023-09-19,91.0873,91.2102,90.6144,91.0305,1238100
2023-09-20,91.267,91.5128,90.378,90.4064,1155700
2023-09-21,89.7066,89.735,88.846,88.9217,1579700
2023-09-22,89.2905,89.5459,88.846,88.9028,1231300
2023-09-25,88.5056,89.0068,88.3921,88.9974,1341200
2023-09-26,88.3543,88.534,87.6261,87.7491,1608800
2023-09-27,88.0706,88.1557,87.1249,87.7585,1206200
2023-09-28,87.7207,88.6474,87.5883,88.3637,1443300
2023-09-29,89.0825,89.1014,87.8909,88.1179,3009700
2023-10-02,87.9382,88.0422,87.2384,87.645,4101600
2023-10-03,87.0682,87.3046,86.1698,86.4535,1386000
2023-10-04,86.4818,86.9169,86.0374,86.8128,1378300
2023-10-05,86.9169,87.1722,86.3967,87.0209,2353200
2023-10-06,86.6332,88.3165,86.3495,87.9855,5399400
2023-10-09,87.3992,88.3827,87.333,88.2503,3441700
2023-10-10,88.6664,89.4513,88.6096,89.0352,2297000
2023-10-11,89.4134,89.5553,88.8649,89.4418,2578700
2023-10-12,89.5648,89.5648,88.2219,88.6475,1729700
2023-10-13,88.8082,89.0068,87.7963,88.0611,2543700
2023-10-16,88.4678,89.0636,88.3543,88.9595,2152000
2023-10-17,88.2692,89.3756,88.2597,88.9595,2157700
2023-10-18,88.4867,88.5812,87.437,87.6072,1916800
2023-10-19,87.5978,87.9855,86.7088,86.8507,3510200
2023-10-20,86.6332,86.7466,85.8293,85.8577,2854300
2023-10-23,85.47,86.4062,85.1201,85.697,3476000
2023-10-24,86.0468,86.5481,85.8388,86.3495,2110300
2023-10-25,85.9428,85.9523,85.139,85.2241,1711000
2023-10-26,84.9971,85.1863,84.2311,84.5054,2204100
2023-10-27,84.9877,85.0255,83.9191,84.1366,1840200
2023-10-30,84.8553,85.2998,84.5527,85.1295,2087300
2023-10-31,85.2052,85.574,84.8269,85.5456,3000700
2023-11-01,85.7253,86.4819,85.6024,86.3873,2539700
2023-11-02,87.4748,88.1841,87.4181,88.1462,2402200
2023-11-03,88.8744,89.5269,88.846,89.2243,2401700
2023-11-06,89.3851,89.5269,88.9028,89.2148,1818400
2023-11-07,88.9879,89.3094,88.7136,89.1581,935700
2023-11-08,89.2338,89.3662,88.7136,89.1014,1358400
2023-11-09,89.4135,89.4986,88.4772,88.534,2179300
2023-11-10,88.8177,89.5837,88.4016,89.5742,1700600
2023-11-13,89.2432,89.7539,89.1014,89.5648,1527100
2023-11-14,90.8509,91.8249,90.8509,91.6358,1550900
2023-11-15,91.9006,92.2505,91.702,91.8155,3912500
2023-11-16,91.6263,91.8438,91.3048,91.6452,1471800
2023-11-17,91.9195,92.2221,91.8249,92.1559,966400
2023-11-20,92.137,92.9408,92.0991,92.7611,1103300
2023-11-21,92.5814,92.7327,92.3828,92.5152,1564100
2023-11-22,92.6855,92.9124,92.4301,92.7422,1036900
2023-11-24,92.7611,93.0165,92.7517,92.9881,789600
2023-11-27,92.8651,92.9408,92.7138,92.8084,1820700
2023-11-28,92.7422,93.215,92.6193,92.9597,1134400
2023-11-29,93.3096,93.5271,92.9314,92.9786,1342100
2023-11-30,93.1488,93.3191,92.8084,93.2529,1614900
2023-12-01,93.111,94.1134,93.0354,94.0567,2776100
2023-12-04,93.1867,93.6217,93.0732,93.4798,1918000
2023-12-05,93.1867,93.4609,92.9881,93.2718,1347200
2023-12-06,93.8392,93.9149,93.0637,93.1016,1159900
2023-12-07,93.4609,93.8203,93.2718,93.7257,1189800
2023-12-08,93.4893,94.0945,93.442,93.9905,1528200
2023-12-11,93.9243,94.3499,93.8676,94.3404,1875300
2023-12-12,94.208,94.6146,93.9432,94.5768,1149200
2023-12-13,94.6241,96.0142,94.3688,95.9764,1670000
2023-12-14,96.506,96.9977,96.2507,96.7235,1897600
2023-12-15,96.5154,96.6857,96.1845,96.279,2783100
2023-12-18,96.6136,96.7852,96.4039,96.6613,2144600
2023-12-19,96.9091,97.4047,96.9091,97.3857,1991900
2023-12-20,97.2618,97.5572,96.0226,96.0512,2707600
2023-12-21,96.8995,97.3094,96.5564,97.2903,1732600
2023-12-22,97.4619,97.7098,97.0807,97.4333,1975400
2023-12-26,97.5668,98.1005,97.5477,97.9194,1221900
2023-12-27,97.9862,98.2816,97.948,98.2054,1414500
2023-12-28,98.3484,98.5581,98.2054,98.2721,2707800
2023-12-29,98.3198,98.4532,97.8241,98.0624,2336200
2024-01-02,97.3094,97.5382,96.9281,97.2332,4661400
2024-01-03,96.6517,96.8328,96.2228,96.3944,1802200
2024-01-04,96.2991,96.89,96.2228,96.28,2845100
2024-01-05,96.2705,97.0235,96.1942,96.3944,1830100
2024-01-08,96.3277,97.5763,96.3277,97.5573,3880100
2024-01-09,96.8614,97.319,96.7185,97.0807,2271000
2024-01-10,97.1855,97.7098,97.0902,97.5573,2166200
2024-01-11,97.7193,97.8337,96.6899,97.5191,2938900
2024-01-12,97.9576,98.1959,97.4905,97.6716,1635500
2024-01-16,97.0235,97.176,96.442,96.728,2729500
2024-01-17,95.7939,95.975,95.4507,95.9654,1998300
2024-01-18,96.3372,96.8519,96.0512,96.7852,2753800
2024-01-19,96.9091,97.7193,96.6327,97.6621,2425400
2024-01-22,97.786,98.1768,97.7288,97.8908,1953700
2024-01-23,97.8813,98.091,97.6335,98.0434,1194700
2024-01-24,98.8917,98.987,98.2817,98.3007,1687000
2024-01-25,98.7201,98.7773,98.3007,98.7296,1418400
2024-01-26,98.8059,99.0918,98.6629,98.7964,1327400
2024-01-29,98.8059,99.5112,98.701,99.5017,2771600
2024-01-30,99.2444,99.4064,99.0823,99.2729,2215100
2024-01-31,99.1014,99.292,98.0243,98.0624,3121100
2024-02-01,98.4246,99.2253,98.2054,99.2062,6569300
2024-02-02,99.0061,99.7781,98.825,99.578,1901300
2024-02-05,99.2348,99.3587,98.5962,99.1014,2035100
2024-02-06,99.3587,99.6733,99.2348,99.6542,2627000
2024-02-07,99.9402,100.2833,99.8067,100.1594,1599300
2024-02-08,100.1213,100.2357,99.9306,100.1975,882500
2024-02-09,100.3214,100.8171,100.2547,100.7504,1119300
2024-02-12,100.7504,101.3509,100.7504,100.8838,1407900
2024-02-13,99.6638,99.7305,98.7487,99.292,2514800
2024-02-14,99.9402,100.4454,99.6542,100.3977,1541600
2024-02-15,100.6455,101.2937,100.6455,101.2555,1470300
2024-02-16,101.3127,101.5987,100.8361,101.0173,1279500
2024-02-20,101.0173,101.103,100.3691,100.7408,1831900
2024-02-21,100.493,100.7885,100.1785,100.7694,1121300
2024-02-22,101.9132,102.5518,101.7893,102.4089,1266900
2024-02-23,102.6376,102.7425,102.2754,102.4851,1053600
2024-02-26,102.4947,102.5614,102.1229,102.2182,1057000
2024-02-27,102.3422,102.4661,102.142,102.4375,1109700
2024-02-28,101.999,102.1897,101.8847,102.0467,1042600
2024-02-29,102.5233,102.6281,101.9132,102.4661,1678800
2024-03-01,102.733,103.4669,102.4851,103.3811,3584600
2024-03-04,103.2477,103.5336,103.1619,103.2191,1721800
2024-03-05,102.9522,103.1238,102.0657,102.4279,1369600
2024-03-06,103.3811,103.6671,103.0094,103.2477,2003400
2024-03-07,103.8958,104.4391,103.7433,104.3057,1322100
2024-03-08,104.4582,104.8681,103.648,103.8101,1541100
2024-03-11,103.4955,103.6861,103.1047,103.5718,1825100
2024-03-12,103.9912,104.6393,103.5146,104.5726,1568300
2024-03-13,104.5345,104.6393,104.1532,104.401,1537700
2024-03-14,104.5345,104.5345,103.4002,103.934,2614900
2024-03-15,103.6287,103.8392,103.2364,103.4756,1822500
2024-03-18,104.1454,104.2411,103.801,103.8584,1242300
2024-03-19,103.6957,104.2603,103.4852,104.222,1720200
2024-03-20,104.2794,105.3128,104.1263,105.2554,2196400
2024-03-21,105.7051,105.9061,105.5425,105.5712,2301700
2024-03-22,105.4946,105.5137,105.1693,105.2458,1649300
2024-03-25,104.9492,105.2458,104.9396,105.0353,2037100
2024-03-26,105.3702,105.4085,104.8822,104.9109,1369700
2024-03-27,105.3989,105.7147,105.0832,105.6955,1884700
2024-03-28,105.7147,105.9252,105.6669,105.7338,1294800
2024-04-01,105.8678,105.9539,105.2458,105.4563,3399000
2024-04-02,104.8152,104.8631,104.4995,104.8439,1929900
2024-04-03,104.6143,105.3415,104.6047,105.1119,1207600
2024-04-04,105.8678,105.9635,103.9828,104.0306,3486100
2024-04-05,104.2124,105.198,104.088,104.8822,1544200
2024-04-08,105.2076,105.3415,104.9971,105.1119,1005800
2024-04-09,105.5329,105.6286,104.509,105.2745,1802900
2024-04-10,104.0785,104.4708,103.6574,104.0689,1517100
2024-04-11,104.3942,104.8631,103.5904,104.6621,2141000
2024-04-12,103.801,104.0689,102.7293,102.9685,2353000
2024-04-15,103.9062,103.9254,101.782,102.0021,2497400
2024-04-16,101.648,101.9446,101.1313,101.4184,2299300
2024-04-17,101.8681,101.9446,100.6911,101.0356,3519300
2024-04-18,101.294,101.715,100.6911,100.8825,1587600
2024-04-19,100.9016,101.1217,100.1266,100.4136,2264500
2024-04-22,100.9208,101.8011,100.5859,101.3514,1847400
2024-04-23,101.7054,102.6719,101.6097,102.5092,1763900
2024-04-24,102.7675,102.8632,102.0308,102.4805,1737400
2024-04-25,101.2366,102.2987,100.9304,102.1552,1332800
2024-04-26,102.7293,103.2651,102.5857,103.0737,1168900
2024-04-29,103.4373,103.6287,103.0737,103.5235,920300
2024-04-30,103.1216,103.3321,101.9064,101.9446,3625900
2024-05-01,101.8298,103.1599,101.5236,101.7533,1521300
2024-05-02,102.624,103.1981,101.8872,102.9972,1100100
2024-05-03,104.1358,104.3559,103.6096,104.0976,1376100
2024-05-06,104.5856,105.0353,104.5282,105.0257,744900
2024-05-07,105.2075,105.3224,104.9301,105.0545,1336300
2024-05-08,104.6526,105.0353,104.5856,104.9875,868400
2024-05-09,105.0449,105.6477,104.9205,105.6381,1275000
2024-05-10,106.04,106.1357,105.5903,105.8104,1168900
2024-05-13,106.0017,106.0974,105.619,105.7912,708900
2024-05-14,106.0209,106.4706,105.8104,106.4419,716000
2024-05-15,107.0352,107.705,106.8151,107.6763,1322800
2024-05-16,107.6571,107.7815,107.284,107.3318,1547800
2024-05-17,107.3892,107.638,107.2935,107.6284,1779100
2024-05-20,107.6476,107.9633,107.5615,107.6954,961500
2024-05-21,107.4658,107.7145,107.3701,107.6858,879900
2024-05-22,107.4562,107.5232,106.8055,107.1404,1763500
2024-05-23,107.9155,108.0494,106.1644,106.3749,716500
2024-05-24,106.7959,107.2648,106.6428,107.1596,1187300
2024-05-28,107.3796,107.5423,106.6428,107.0734,1612200
2024-05-29,106.04,106.2314,105.8774,105.9061,821000
2024-05-30,105.9061,106.2314,105.5712,105.8391,1088000
2024-05-31,106.107,106.6333,105.1406,106.6333,1604700
2024-06-03,107.083,107.083,105.9443,106.7385,1738400
2024-06-04,106.4132,106.6524,105.9443,106.528,1039000
2024-06-05,107.0639,107.6476,106.6429,107.6284,1506300
2024-06-06,107.8102,107.8102,107.4179,107.705,929200
2024-06-07,107.4562,107.7145,107.083,107.1787,820800
2024-06-10,107.0352,107.5423,106.7673,107.4275,737500
2024-06-11,107.0352,107.2648,106.4324,107.2457,2672800
2024-06-12,108.413,108.9106,108.0877,108.2887,1069600
2024-06-13,108.3078,108.3269,107.3892,107.9059,838300
2024-06-14,107.3701,107.5806,106.9969,107.5615,1380300
2024-06-17,107.4179,108.4322,107.3031,108.26,893600
2024-06-18,108.2599,108.6905,108.2599,108.614,965500
2024-06-20,108.7575,108.8628,108.0781,108.4226,1390900
2024-06-21,108.1418,108.2957,107.834,108.1322,1059500
2024-06-24,108.4207,108.9401,108.2476,108.2476,951700
2024-06-25,108.4207,108.5169,108.0552,108.4592,1968600
2024-06-26,108.0648,108.3918,107.8917,108.2957,846500
2024-06-27,108.3918,108.6323,108.1995,108.4976,1094600
2024-06-28,108.69,109.142,107.9975,108.3245,1192500
2024-07-01,108.7766,108.8054,108.0745,108.4688,2528300
2024-07-02,108.2091,109.0074,108.1995,108.9785,1245300
2024-07-03,109.1901,109.8441,109.1901,109.8153,1510200
2024-07-05,110.1134,110.3731,109.6325,110.325,1308500
2024-07-08,110.5077,110.6135,110.1615,110.2962,1283700
2024-07-09,110.4693,110.5366,110.1615,110.2769,885400
2024-07-10,110.652,111.4695,110.6135,111.4407,1064400
2024-07-11,111.6619,112.0562,111.0848,111.2195,1379900
2024-07-12,111.6619,112.614,111.5945,111.9696,1007900
2024-07-15,112.1908,112.5467,111.6907,111.9408,1740800
2024-07-16,112.1428,112.7775,112.0562,112.7679,853800
2024-07-17,111.7677,112.1043,111.3253,111.3734,2856300
2024-07-18,111.7003,111.835,110.0653,110.4308,1007600
2024-07-19,110.2192,110.45,109.546,109.6998,1043000
2024-07-22,110.4597,110.8636,110.1038,110.7963,1057700
2024-07-23,110.6039,110.9021,110.3923,110.45,1038200
2024-07-24,109.796,109.8634,108.2476,108.3245,1035100
2024-07-25,108.1899,109.4017,107.584,107.959,1196000
2024-07-26,108.7766,109.5844,108.6419,109.1997,730200
2024-07-29,109.3632,109.6422,108.7092,109.0555,761000
2024-07-30,109.3536,109.546,108.1995,108.7765,1087500
2024-07-31,110.2577,111.0463,110.0461,110.4693,1307700
2024-08-01,110.3539,110.6905,107.8725,108.4688,2407600
2024-08-02,107.0935,107.0935,105.6508,106.4779,1864700
2024-08-05,102.3038,104.6505,101.8518,103.6022,3283700
2024-08-06,103.6407,105.545,103.4195,104.3812,1539600
2024-08-07,105.9489,106.3336,104.0254,104.1119,1847900
2024-08-08,105.1891,106.4394,104.7756,106.3336,668500
2024-08-09,106.2375,106.9588,105.9393,106.776,1519500
2024-08-12,106.9396,107.2281,106.4202,106.7953,852600
2024-08-13,107.3916,108.488,107.3627,108.4592,761900
2024-08-14,108.5554,108.8439,108.1033,108.7285,587600
2024-08-15,109.671,110.4212,109.6518,110.3346,762400
2024-08-16,110.2,110.8732,110.2,110.7674,548200
2024-08-19,111.0271,111.9312,110.9502,111.9023,693400
2024-08-20,111.8831,112.0274,111.3253,111.5946,721800
2024-08-21,111.9696,112.3736,111.71,112.2389,794200
2024-08-22,112.4794,112.5371,111.1233,111.2964,828300
2024-08-23,112.0466,112.9603,111.9889,112.9122,1114400
2024-08-26,112.941,113.0372,112.2774,112.3928,985000
2024-08-27,112.4024,112.8352,112.1908,112.7198,1046400
2024-08-28,112.6044,112.6621,111.5465,112.0658,1126900
2024-08-29,112.5563,113.1045,112.0851,112.2293,1026600
2024-08-30,112.7294,113.0949,111.96,113.0468,548000
2024-09-03,112.4409,112.4794,110.3923,110.8251,1386400
2024-09-04,110.3635,111.181,110.2673,110.5847,1048900
2024-09-05,110.6809,111.0463,109.9788,110.3923,1570100
2024-09-06,110.4693,110.7482,108.363,108.5169,1151000
2024-09-09,109.4017,109.9499,109.0843,109.6325,1132400
2024-09-10,109.7864,109.9114,108.7188,109.7479,2004300
2024-09-11,109.7095,110.7963,108.1899,110.6424,1010400
2024-09-12,110.777,111.6426,110.3539,111.5946,1140900
2024-09-13,111.7869,112.3832,111.7869,112.1812,1053100
2024-09-16,112.3928,112.6333,112.0081,112.614,1080700
2024-09-17,112.9314,113.143,112.1331,112.5467,498600
2024-09-18,112.6717,113.6143,112.1331,112.2293,1042100
2024-09-19,114.1721,114.5376,113.5662,114.2202,780100
2024-09-20,113.8505,114.0629,113.2811,113.7926,1072900
2024-09-23,114.0918,114.3331,113.9181,114.1594,1003800
2024-09-24,114.6806,114.9412,114.2077,114.9315,1018400
2024-09-25,114.9026,114.9798,114.2849,114.3621,1654400
2024-09-26,115.9449,115.9932,115.2886,115.7809,1672600
2024-09-27,116.2345,116.2345,115.2211,115.4431,1873800
2024-09-30,115.3465,115.5782,114.5744,115.5299,891300
2024-10-01,115.5492,115.5589,114.1594,114.7964,1128000
2024-10-02,114.8253,115.1052,114.2463,114.9701,4538800
2024-10-03,114.2945,114.7095,114.005,114.3331,2657900
2024-10-04,115.0956,115.3851,114.4875,115.3465,1791600
2024-10-07,115.1631,115.2211,114.3042,114.6516,1825700
2024-10-08,114.5937,114.9122,114.3524,114.8447,1076300
2024-10-09,114.5841,115.3755,114.4103,115.2983,1305600
2024-10-10,115.0763,115.2983,114.6516,115.1149,877800
2024-10-11,115.0956,116.0318,115.0087,115.9063,1081600
2024-10-14,115.9739,116.6109,115.8388,116.4854,775200
2024-10-15,116.3117,116.3407,115.1053,115.2886,985000
2024-10-16,115.5685,115.9546,115.4141,115.8581,984000
2024-10-17,116.36,116.3986,115.7905,115.8002,1100800
2024-10-18,116.3503,116.5144,116.0994,116.3696,737800
2024-10-21,116.0511,116.2055,115.3369,115.7712,877600
2024-10-22,115.1921,115.7133,115.1246,115.4913,825300
2024-10-23,115.1632,115.1632,113.8505,114.4875,1073200
2024-10-24,114.9412,114.9412,114.2752,114.7867,760700
2024-10-25,115.1439,115.5685,114.4103,114.5937,1119900
2024-10-28,115.2211,115.4141,115.0859,115.1921,1504600
2024-10-29,114.9412,115.3079,114.6709,115.0956,763900
2024-10-30,114.7481,115.2693,114.4972,114.6709,966200
2024-10-31,114.0243,114.0243,112.9529,113.0108,976100
2024-11-01,113.6575,114.2173,113.3583,113.4645,1508700
2024-11-04,113.7154,114.0146,113.1653,113.4066,1424400
2024-11-05,113.7444,114.7771,113.6961,114.7771,782800
2024-11-06,115.887,116.3889,115.1439,116.2827,1850600
2024-11-07,117.0549,117.7208,117.0066,117.5085,2380800
2024-11-08,117.0742,117.3251,116.8715,117.1803,2177400
2024-11-11,117.3251,117.5471,117.0645,117.3155,1076700
2024-11-12,116.8618,116.997,115.8581,116.3793,1352600
2024-11-13,116.3117,116.524,115.7712,116.138,1305900
2024-11-14,116.2731,116.4179,115.4238,115.5396,1021200
2024-11-15,115.1245,115.1728,114.1497,114.391,1803700
2024-11-18,114.6323,115.2693,114.4393,115.0666,1916000
2024-11-19,114.3524,115.501,114.3042,115.3658,1369100
2024-11-20,115.25,115.3852,114.3621,115.3369,1529200
2024-11-21,115.7133,116.0994,114.9991,115.887,996100
2024-11-22,115.8677,116.4758,115.7809,116.3889,1168700
2024-11-25,117.1997,117.4216,116.4758,116.8811,1214400
2024-11-26,116.9198,117.0742,116.5433,116.9584,1368900
2024-11-27,117.1031,117.2672,116.6012,116.8136,1715500
2024-11-29,117.0066,117.8173,116.9487,117.6919,616500
2024-12-02,117.8463,118.0779,117.5471,117.9428,1477900
2024-12-03,118.0683,118.2034,117.7981,118.1359,985900
2024-12-04,118.4061,118.6763,118.2613,118.6184,2169000
2024-12-05,118.8404,118.9852,118.6088,118.6377,1037200
2024-12-06,118.908,119.0624,118.6281,118.7825,1037500
2024-12-09,119.2168,119.3327,118.4833,118.5412,1629000
2024-12-10,118.4737,118.4737,117.7401,117.7884,1122400
2024-12-11,118.4351,118.8115,118.2999,118.686,1061700
2024-12-12,118.3675,118.4254,117.8753,117.8849,1173400
2024-12-13,118.1745,118.2131,117.4699,117.7498,1158600
2024-12-16,117.827,118.1551,117.7112,117.9042,1635000
2024-12-17,117.605,117.605,117.1997,117.412,1776400
2024-12-18,117.3637,117.6629,113.9084,113.9471,1985500
2024-12-19,114.9026,115.1535,113.9181,113.9277,2015800
2024-12-20,113.3414,115.6848,113.1761,114.8486,2673700
2024-12-23,114.8389,115.5682,114.2846,115.4806,1931500
2024-12-24,115.6557,116.4239,115.5293,116.3947,1222600
2024-12-26,116.2488,116.7253,115.996,116.5308,944000
2024-12-27,115.9377,116.0738,114.975,115.6168,1588000
2024-12-30,114.518,115.0625,113.8762,114.4986,2054500
2024-12-31,114.8778,114.9945,113.9734,114.236,1821400
2025-01-02,114.7222,115.0528,113.3998,114.0026,2520300
2025-01-03,114.5666,115.2959,114.2554,115.1792,1595800
2025-01-06,115.7821,116.6864,115.646,115.8891,1640800
2025-01-07,116.4044,116.453,114.5763,114.7514,6187500
2025-01-08,114.6444,114.9847,114.0804,114.7903,5568500
2025-01-10,114.0512,114.0512,112.6802,112.9525,5313800
2025-01-13,112.0481,113.0302,111.9606,112.9913,4232900
2025-01-14,113.6137,113.7595,112.7482,113.3803,1523000
2025-01-15,114.9945,115.3931,114.6736,115.1111,4747500
2025-01-16,115.4028,115.6168,114.9556,115.2181,4770300
2025-01-17,116.0933,116.4919,115.9669,116.1808,1390800
2025-01-21,117.0754,117.6199,116.7448,117.5907,2170800
2025-01-22,118.0283,118.1936,117.863,117.8922,1517000
2025-01-23,117.8727,118.5437,117.7755,118.5242,1362900
2025-01-24,118.7284,118.9715,118.3784,118.5339,1365700
2025-01-27,116.667,117.3379,116.5211,117.1823,2418600
2025-01-28,117.406,118.0866,116.8517,117.9408,1776400
2025-01-29,117.8922,118.0478,117.1532,117.581,1473400
2025-01-30,118.2228,118.991,118.038,118.5728,1476500
2025-01-31,118.8646,119.273,117.6393,117.7269,6053000
2025-02-03,115.928,117.2407,115.539,116.8031,2300300
2025-02-04,117.124,117.9894,117.0365,117.8922,2286000
2025-02-05,117.9894,118.5242,117.581,118.5145,3403700
2025-02-06,118.8646,118.9229,118.3103,118.9035,1263200
2025-02-07,119.1174,119.3216,117.8436,117.9408,1671300
2025-02-10,118.6312,118.8451,118.4075,118.7187,1750600
2025-02-11,118.3395,118.9229,118.32,118.7868,1484700
2025-02-12,117.8338,118.9132,117.6296,118.6701,1819600
2025-02-13,118.9034,119.9731,118.777,119.9536,1604800
2025-02-14,120.1676,120.3231,119.9245,120.08,1448800
2025-02-18,120.4204,120.5565,120.1092,120.5468,2276400
2025-02-19,120.0995,120.4593,119.9245,120.4009,1587700
2025-02-20,120.3815,120.4301,119.6327,120.2356,1296300
2025-02-21,120.294,120.3134,118.3589,118.5437,1779300
2025-02-24,118.8159,118.9229,117.7463,117.9602,1688600
2025-02-25,118.3103,118.4853,117.0073,117.8241,1682200
2025-02-26,118.0866,118.9521,117.6005,117.9991,1445600
2025-02-27,118.0867,118.2033,116.1808,116.2197,2786500
2025-02-28,116.0252,117.3087,115.4709,117.2407,2975200
2025-03-03,118.1353,118.3784,115.3056,115.996,3613000
2025-03-04,115.3251,116.6961,113.9151,115.15,2562300
2025-03-05,115.7626,117.3379,115.3542,117.0559,3412400
2025-03-06,115.9085,116.7448,114.9458,115.3153,1798900
2025-03-07,115.15,116.278,114.2555,116.0446,2314700
2025-03-10,114.2068,114.7027,112.2037,113.0886,2893800
2025-03-11,113.0789,113.6429,111.7564,112.6316,2010900
2025-03-12,113.6137,113.8179,112.2815,113.2442,1426300
2025-03-13,112.8844,113.0983,111.6105,111.9023,1691000
2025-03-14,112.9719,114.3721,112.8941,114.2263,2054900
2025-03-17,114.2749,115.7724,114.2749,115.364,1370800
2025-03-18,115.0236,115.1111,114.1582,114.5374,1689900
2025-03-19,114.7708,116.1419,114.5083,115.4806,1170400
2025-03-20,114.4305,115.5682,114.2943,114.9847,1589300
2025-03-21,114.0823,114.8335,113.8092,114.7262,905300
2025-03-24,115.3798,116.2871,115.3798,116.1798,1425800
2025-03-25,116.4822,116.6285,116.17,116.4042,1325100
2025-03-26,116.1798,116.4139,114.8433,115.1359,1208200
2025-03-27,114.9213,115.5554,114.5116,115.0091,1073900
2025-03-28,114.5701,114.6091,112.8336,112.9897,2363400
2025-03-31,111.702,113.3897,111.0483,113.1165,3541500
2025-04-01,112.7361,113.7799,112.18,113.4873,1659100
2025-04-02,112.4531,114.5018,112.4239,114.1604,1239200
2025-04-03,111.0874,111.4971,109.546,109.6533,4738200
2025-04-04,106.3461,106.6388,103.0097,103.117,6540300
2025-04-07,99.5952,105.7022,98.4245,101.878,5704300
2025-04-08,105.3998,105.6535,99.3318,100.6391,4175700
2025-04-09,100.4049,109.8874,99.9659,109.2435,5328500
2025-04-10,107.3119,107.5558,103.4682,106.1998,3325400
2025-04-11,106.3559,108.5997,105.7413,108.3948,3186900
2025-04-14,109.8874,110.2093,108.4436,109.4191,4323200
2025-04-15,109.7606,110.3947,109.3508,109.5265,1895400
2025-04-16,108.707,109.3801,107.029,107.8973,2762100
2025-04-17,108.5119,109.2435,108.0046,108.4631,1728700
2025-04-21,108.0046,108.1997,105.7705,106.7851,1751700
2025-04-22,107.868,109.6435,107.8387,109.1167,1868700
2025-04-23,111.3703,112.1117,110.1606,110.5118,3889200
2025-04-24,110.4923,112.5214,110.4923,112.4336,3142600
2025-04-25,112.258,113.0385,111.819,112.9702,2300000
2025-04-28,113.1653,113.5068,112.2483,113.2921,5356400
2025-04-29,113.0385,114.0238,112.9897,113.8092,2407600
2025-04-30,112.7068,114.1116,111.6825,113.7506,2252900
2025-05-01,114.7945,115.0774,114.014,114.1604,1487600
2025-05-02,115.7213,116.3164,115.4481,116.1505,1592700
2025-05-05,115.8579,116.3944,115.6823,115.8969,1761900
2025-05-06,115.0969,115.9457,114.892,115.2432,5454600
2025-05-07,115.253,115.7115,114.5701,115.3213,2984500
2025-05-08,115.9847,116.6285,115.331,115.7213,1578200
2025-05-09,116.3359,116.492,115.6335,115.8871,3546500
2025-05-12,118.5309,118.7553,117.6919,118.7553,2741900
2025-05-13,118.7163,119.7308,118.5797,119.3406,2485200
2025-05-14,119.6528,119.7406,119.0577,119.3406,1765700
2025-05-15,119.3504,120.043,119.0772,120.0137,1986500
2025-05-16,120.0138,120.6186,119.7308,120.5991,1314200
2025-05-19,119.7211,120.9698,119.6918,120.9308,2304000
2025-05-20,120.7454,120.9405,120.3064,120.804,1891100
2025-05-21,120.3649,120.921,119.1162,119.2918,1696600
2025-05-22,119.2626,119.7796,118.8528,119.204,1431200
2025-05-23,118.1894,119.3016,118.0431,118.9309,1955900
2025-05-27,120.2479,120.9015,119.8869,120.8625,2606700
2025-05-28,120.882,120.882,119.9064,120.0333,1893800
2025-05-29,121.0674,121.0674,119.7991,120.521,1700100
2025-05-30,120.2381,120.6089,119.2138,120.3552,1695200
2025-06-02,120.1991,121.1844,119.7016,121.1552,1822900
2025-06-03,120.9015,121.6332,120.6576,121.4673,1556700
2025-06-04,121.8088,122.1015,121.6527,121.7503,1517300
2025-06-05,122.2673,122.3258,121.0966,121.4186,1882400
2025-06-06,122.2673,122.5795,122.0039,122.3649,2745700
2025-06-09,122.638,122.9209,122.3161,122.5697,2784400
2025-06-10,122.8526,123.1843,122.5307,123.1551,1676100
2025-06-11,123.516,123.6233,122.677,122.9209,1978300
2025-06-12,123.0282,123.4868,122.8039,123.4477,1527800
2025-06-13,122.3161,122.8429,121.6527,121.8966,3691800
2025-06-16,122.9014,123.555,122.7258,122.96,2468200
2025-06-17,122.5014,122.6673,121.5942,121.76,2368400
2025-06-18,122.0722,122.5014,121.6527,121.8283,2208700
2025-06-20,122.5782,122.5782,121.1666,121.2941,2992100
2025-06-23,121.1372,122.4507,120.7549,122.4507,3919800
2025-06-24,123.3918,124.176,123.2839,123.9897,4473800
2025-06-25,123.9897,124.1858,123.529,123.7741,3086100
2025-06-26,124.3818,124.9993,124.2348,124.9307,2036700
2025-06-27,125.2738,125.8424,124.8033,125.4699,2292900
2025-06-30,125.7051,126.1364,125.4601,125.9796,4038900
2025-07-01,125.7443,126.205,125.5875,125.9894,2137600
2025-07-02,125.7835,126.5579,125.6855,126.5579,2313700
2025-07-03,126.803,127.3813,126.803,127.2245,1389800
2025-07-07,126.6363,126.8814,125.6267,126.0678,2520500
2025-07-08,126.3423,126.6167,126.107,126.3325,4461700
2025-07-09,126.8226,127.0872,126.4207,127.0872,3199200
2025-07-10,127.0578,127.4793,126.7638,127.3225,2039700
2025-07-11,126.656,126.8912,126.4697,126.6854,2440700
2025-07-14,126.5383,126.9794,126.3913,126.9108,1767300
2025-07-15,127.4205,127.4793,126.2344,126.2639,1771300
2025-07-16,126.7246,126.8324,125.6659,126.7638,3184000
2025-07-17,126.754,127.499,126.6952,127.4107,1775700
2025-07-18,127.9106,127.9106,127.1461,127.3029,2014300
2025-07-21,127.695,128.2537,127.5872,127.6166,3618100
2025-07-22,127.7146,128.0381,127.2147,127.9695,2568300
2025-07-23,128.8517,129.4398,128.5184,129.4398,2981300
2025-07-24,129.3516,129.4594,129.0673,129.0967,2582000
2025-07-25,128.8909,129.43,128.8026,129.3712,1400400
2025-07-28,129.0673,129.0967,128.4988,128.7242,1876800
2025-07-29,129.0281,129.0869,128.3321,128.489,2040400
2025-07-30,128.489,128.7831,127.548,128.0381,2920000
2025-07-31,128.7046,128.7046,127.1657,127.3617,3032900
2025-08-01,126.5285,126.5285,125.264,125.8718,7426700
2025-08-04,126.9402,127.6558,126.7932,127.6362,2642400
2025-08-05,127.94,128.0479,127.048,127.3813,1751900
2025-08-06,127.7832,128.3321,127.4891,128.2145,2104900
2025-08-07,129.1653,129.2732,127.9008,128.4498,2398700
2025-08-08,128.8125,129.3418,128.7732,129.2045,1731200
2025-08-11,129.3026,129.3712,128.6654,128.8615,2595000
2025-08-12,129.3908,130.4004,129.1948,130.4004,1918900
2025-08-13,130.92,131.1062,130.6357,131.0572,3866700
2025-08-14,130.4592,130.8415,130.273,130.7435,2047500
2025-08-15,131.2238,131.2238,130.5671,130.7435,1812000
2025-08-18,130.7337,130.8709,130.5475,130.8121,3237800
2025-08-19,130.7435,131.0278,130.0084,130.2142,2295900
2025-08-20,130.2828,130.2926,129.2536,130.0476,3283300
2025-08-21,129.6457,129.9691,129.3124,129.577,1920300
2025-08-22,130.1162,131.9982,130.0377,131.7924,2948400
2025-08-25,131.4297,131.6061,130.9102,130.9298,1977600
2025-08-26,130.7337,131.3121,130.7043,131.2728,2130600
2025-08-27,130.8121,131.4297,130.7435,131.3316,1827600
2025-08-28,131.5473,131.9296,131.2925,131.8512,2474300
2025-08-29,131.3807,131.4493,130.7925,131.1258,4013100
2025-09-02,129.6947,130.2338,129.283,130.1848,2749600
2025-09-03,130.5377,130.7925,130.1456,130.6651,4118400
2025-09-04,130.8023,131.6061,130.5769,131.5963,2359400
2025-09-05,132.3903,132.6256,131.018,131.7238,9392700
2025-09-08,132.2237,132.5374,132.0374,132.4393,1983600
2025-09-09,132.4197,132.6452,132.0865,132.5668,2166800
2025-09-10,133.1745,133.3509,132.5765,132.851,2100300
2025-09-11,133.3313,134.2429,133.2333,134.1645,2223400
2025-09-12,134.0665,134.2038,133.8117,133.8999,1549200
2025-09-15,134.4488,134.6743,134.3508,134.6546,2017000
2025-09-16,134.8899,134.8899,134.3116,134.6056,2512200
2025-09-17,134.6645,135.184,133.6156,134.4096,4474400
2025-09-18,134.8213,135.38,134.488,135.0369,2821500
2025-09-19,135.2415,135.3596,134.7104,135.2219,2449500
2025-09-22,135.1137,135.8416,134.9956,135.7727,2562800
2025-09-23,135.9498,136.0875,135.0842,135.2612,3087500
2025-09-24,135.2612,135.3301,134.4546,134.6514,2253500
2025-09-25,133.9825,134.13,133.2644,133.894,2857200
2025-09-26,134.0513,134.6415,133.9038,134.6219,2719700
2025-09-29,135.1924,135.3497,134.8579,135.1333,2553600
2025-09-30,134.9956,135.6645,134.7694,135.5465,2948900
2025-10-01,135.4088,136.3334,135.4088,136.2449,2029800
2025-10-02,136.6973,136.7662,135.8612,136.4416,2271200
2025-10-03,136.8547,137.3662,136.54,136.8055,1941100
2025-10-06,137.3367,137.5138,136.9433,137.2974,2161800
2025-10-07,137.2974,137.3957,136.2744,136.4514,2614700
2025-10-08,136.7268,137.2187,136.5891,137.1892,1640000
2025-10-09,137.3171,137.3466,136.1367,136.4711,2443800
2025-10-10,136.5596,136.7957,132.9005,132.9496,3920700
2025-10-13,134.5923,135.3202,134.3661,135.0743,2499800
2025-10-14,133.8448,135.6547,133.2644,135.0055,3824500
2025-10-15,136.0776,136.6088,134.7005,135.7629,4691400
2025-10-16,136.3924,136.6678,134.7792,135.3989,3535600
2025-10-17,135.0547,136.0285,134.7104,135.8219,7243900
2025-10-20,136.5203,137.3466,136.4023,137.1695,2800400
2025-10-21,136.9924,137.1597,136.5596,136.8154,1680700
2025-10-22,136.9039,136.9924,135.4383,136.2252,2137400
2025-10-23,136.3629,137.3466,136.3629,137.1203,1688100
2025-10-24,137.8777,138.2613,137.8089,137.9859,1490100
2025-10-27,138.9597,139.422,138.9302,139.363,2165600
2025-10-28,139.4811,139.7663,139.1073,139.4614,2213600
2025-10-29,139.845,139.8844,138.5368,139.2745,3234400
2025-10-30,138.4974,138.9696,138.0253,138.0449,5374300
2025-10-31,138.6843,138.6843,137.681,138.2908,2426700
2025-11-03,138.7925,138.8712,137.799,138.4581,2903100
2025-11-04,136.9728,137.6318,136.6285,136.717,2352300
2025-11-05,136.7662,137.9564,136.6875,137.4646,2283500
2025-11-06,137.317,137.4941,135.9203,136.235,3046900
2025-11-07,135.8514,136.5891,134.6612,136.5596,2999400
2025-11-10,137.7498,138.6056,137.317,138.4679,4168700
2025-11-11,138.3597,139.0188,138.2023,138.8417,2296900
2025-11-12,139.2352,139.3139,138.8024,139.1761,2500000
2025-11-13,138.7729,138.8515,136.7859,137.0121,3749900
2025-11-14,135.8809,137.6712,135.4776,136.9629,3513600
2025-11-17,136.3826,137.022,134.8284,135.458,5049700
2025-11-18,134.5136,135.1924,133.4907,134.4448,6751900
2025-11-19,134.4055,135.4481,133.8448,134.5825,3084100
2025-11-20,136.2449,136.6088,132.4677,132.5267,8104200
2025-11-21,133.0677,134.7694,132.2808,133.9235,4733900
2025-11-24,134.3661,135.6448,134.1694,135.5465,4783000
2025-11-25,135.5957,136.9629,134.8678,136.8055,2834700
2025-11-26,137.3564,138.2318,137.2187,137.9269,4283700
2025-11-28,138.0351,138.6351,137.9761,138.5859,1657600
2025-12-01,137.8777,138.5466,137.7794,137.9269,2803700
2025-12-02,138.3597,138.4974,137.7597,138.1826,1996100
2025-12-03,138.0548,138.8909,137.9466,138.7531,2790200
2025-12-04,139.186,139.2351,138.5368,138.9696,3958100
2025-12-05,139.3827,139.8352,139.0778,139.245,3904200
2025-12-08,139.4614,139.4614,138.5073,138.822,3191700
2025-12-09,138.7138,139.1565,138.6154,138.6646,2519300
2025-12-10,138.704,140.1499,138.5171,139.845,4262300
2025-12-11,139.5893,140.327,139.0975,140.2286,3182500
2025-12-12,140.2876,140.3073,138.399,138.9105,3720700
2025-12-15,139.7958,139.8745,138.6941,138.9105,3988200
2025-12-16,138.6056,138.8614,137.7498,138.3794,3710000
2025-12-17,138.5466,138.6941,137.0515,137.1105,2635000
2025-12-18,138.3105,138.9597,137.8875,138.1433,2186900
2025-12-19,138.7134,139.5661,138.6738,139.3083,3108300
2025-12-22,140.0321,140.28,139.7743,140.1412,3065500
2025-12-23,140.2503,140.8452,140.1809,140.8055,2762600
2025-12-24,140.8353,141.2517,140.8055,141.1526,1430100
2025-12-26,141.3409,141.4004,141.0237,141.2914,1699000
2025-12-29,140.9146,141.0931,140.4684,140.8055,2760400
2025-12-30,140.9443,141.1427,140.746,140.7758,2538600
2025-12-31,140.7659,140.8452,139.8338,139.8636,3672600
2026-01-02,141.0534,141.2616,140.1809,140.8948,4387700
2026-01-05,141.5194,142.2829,141.4698,142.0846,7382400
2026-01-06,142.3325,142.9968,142.273,142.9175,4700600
2026-01-07,142.8976,143.0464,142.2432,142.3226,7542300
2026-01-08,142.1044,142.501,141.9061,142.4217,3070000
2026-01-09,142.6993,143.5322,142.501,143.3636,3998700
2026-01-12,143.1554,144.0875,143.1455,144.0081,3400800
2026-01-13,143.9486,144.028,143.1554,143.4727,4232100
2026-01-14,143.2645,143.4529,142.62,143.3736,4545100
2026-01-15,144.1073,144.3155,143.6016,143.7008,4058600
2026-01-16,143.9982,144.0081,143.2546,143.7008,3127300
2026-01-20,141.9458,142.5209,141.0732,141.2418,7591400
2026-01-21,141.8863,143.5223,141.5194,142.8976,6825900
2026-01-22,143.7702,144.0974,143.3339,143.6908,5293000
2026-01-23,143.5124,144.0875,143.2843,143.9685,3791700
2026-01-26,144.4345,144.9104,144.2957,144.603,4678600
2026-01-27,145.2674,145.9019,145.2376,145.8028,4936900
2026-01-28,145.9019,146.011,145.079,145.5549,4430300
2026-01-29,146.2291,146.2291,143.6215,145.4756,8850000
2026-01-30,144.8609,145.1583,143.3736,144.2164,13316000
2026-02-02,143.9486,145.188,143.8396,144.9104,4177400
2026-02-03,145.2079,145.3169,143.1653,144.375,5718700
2026-02-04,145.0294,145.1583,143.086,143.8991,7009800
2026-02-05,142.7886,143.4826,141.9061,142.154,8561300
2026-02-06,143.4132,145.4161,143.3934,145.2178,2636500
2026-02-09,145.2277,146.6753,145.079,146.4175,3890200
2026-02-10,146.9629,147.0422,146.2886,146.3283,3727000
2026-02-11,147.2702,147.4586,145.8722,146.7249,4919800
2026-02-12,147.2504,147.409,144.5535,144.722,6120400
2026-02-13,144.6427,145.7532,143.8594,145.0988,5372200
2026-02-17,144.3948,145.4458,143.5322,145.0492,5586700
2026-02-18,145.3764,146.4076,145.1087,145.7631,3300900
2026-02-19,145.079,145.5153,144.7815,145.4359,3861100
2026-02-20,145.0889,146.7844,145.0195,146.6951,5087100
2026-02-23,146.3977,146.8439,144.96,145.4062,6073200
2026-02-24,145.3566,146.6257,145.0988,146.4473,6002800
2026-02-25,147.2306,147.7461,146.9629,147.647,5340100
2026-02-26,147.8057,147.8057,146.0011,147.1413,6394100
2026-02-27,146.3382,146.7745,145.8623,146.5861,5198300
2026-03-02,144.2362,146.2093,144.0676,145.7036,7713300
2026-03-03,141.6682,143.3835,140.0718,142.8183,13870600
2026-03-04,143.2546,144.3552,142.6993,144.028,5318000
2026-03-05,142.7886,143.6314,141.0931,142.3523,10527800
2026-03-06,140.4882,141.4203,139.8338,140.7262,7498700
2026-03-09,139.1199,142.4019,138.1681,142.0251,9180700
2026-03-10,142.1243,143.7801,141.5591,142.0053,8055000
2026-03-11,141.8962,142.5109,141.0732,141.8268,8392100
2026-03-12,140.5676,140.756,139.2687,139.3579,9415600
2026-03-13,140.052,140.6766,138.1582,138.3367,8763500
2026-03-16,140.052,140.865,139.7049,140.2899,4340800
2026-03-17,141.0633,141.5194,140.5973,140.8154,2818300
2026-03-18,140.1016,140.4783,138.6143,138.6341,3503300
2026-03-19,137.0774,139.001,136.7304,138.3664,5703700
2026-03-20,137.8168,137.9659,134.7458,135.4813,5287200
2026-03-23,137.7472,139.2479,137.0217,137.7472,6783800
2026-03-24,136.4552,137.8466,136.1074,137.0515,4429000
2026-03-25,138.7908,139.069,137.6677,138.3137,4334000
2026-03-26,136.9919,137.787,135.5011,135.6005,4334400
2026-03-27,135.034,135.2726,133.4637,133.7917,5289200
2026-03-30,135.0042,135.1036,132.8277,133.3644,4883100
2026-03-31,134.9048,137.628,134.5967,137.4689,8261900
2026-04-01,138.4827,139.6256,138.3733,138.8305,3990700
2026-04-02,136.3956,139.0492,136.1372,138.5125,2973800
2026-04-06,138.9995,139.4467,138.5721,139.2082,2548900
2026-04-07,138.6616,139.397,137.4391,139.2678,3542000
2026-04-08,143.8196,144.3961,142.8457,143.6904,6111500
2026-04-09,142.9649,144.4557,142.6867,144.0582,3965000
2026-04-10,144.4855,144.7638,143.8296,144.088,2317400
2026-04-13,143.5414,145.5589,143.283,145.4992,4455900
2026-04-14,146.0359,147.2683,146.0359,147.1788,3059500
2026-04-15,146.9801,147.795,146.8211,147.7056,2622700
2026-04-16,148.0137,148.1826,147.4372,147.8745,2329000
2026-04-17,149.3355,150.5082,149.2063,149.9119,3111100
2026-04-20,149.3255,149.6535,148.8485,149.5541,3183300
2026-04-21,149.5939,149.7628,147.6062,147.8447,2473100
2026-04-22,148.9379,149.2063,148.7392,149.1765,1863900
2026-04-23,148.7889,149.2262,146.7912,148.2323,3382900
2026-04-24,148.7988,149.4945,148.3615,149.415,4861300
2026-04-27,149.4249,149.6237,148.9976,149.3951,2892900
2026-04-28,148.6895,148.9181,147.9739,148.5404,1857100
2026-04-29,148.5901,148.5901,147.3875,148.0236,2203600
2026-04-30,148.9181,150.4486,148.4808,150.2697,4025100
2026-05-01,150.6672,151.4623,150.3989,150.5082,2817700
2026-05-04,150.3591,150.7865,149.087,149.6336,2609800
2026-05-05,150.7368,151.4921,150.6176,151.184,2451800
2026-05-06,153.1817,154.2153,152.963,154.1059,2151100
2026-05-07,154.3147,154.3544,152.5059,152.7742,2744800
2026-05-08,153.9867,154.3147,153.7482,154.2252,2360700
2026-05-11,154.3743,154.6725,154.0463,154.3644,2164600
2026-05-12,153.291,153.5593,152.0387,153.4003,2307800
2026-05-13,153.4699,154.6128,153.0624,154.4438,1550500
2026-05-14,154.6029,155.4576,154.3942,155.06,2520100
2026-05-15,153.2413,153.3506,152.2773,152.5754,3071500
2026-05-18,153.0724,153.46,151.671,152.7643,2650000
2026-05-19,151.7803,152.5555,151.0946,151.6909,2543900
2026-05-20,151.999,153.8177,151.7803,153.6786,2038400
2026-05-21,153.1618,154.752,152.7742,154.255,2375200
2026-05-22,154.742,155.3284,154.3644,154.6128,2565600
2026-05-26,156.4117,156.6601,155.9346,156.4117,2407900
2026-05-27,156.5309,156.6204,155.7657,156.193,4252100
2026-05-28,155.7557,157.0378,155.5073,156.8987,3263200
2026-05-29,157.167,157.5546,156.8291,157.1471,5118100
2026-06-01,157.0676,158.1907,156.5309,157.6242,3407100
2026-06-02,157.6739,158.4292,157.4453,158.3696,2967600
2026-06-03,158.0217,158.0217,156.839,156.9782,3336600
2026-06-04,156.6005,157.7732,156.4912,157.5645,2216100
2026-06-05,156.1235,156.1235,152.2872,152.7344,3986400
2026-06-08,154.2053,154.6426,153.2612,153.5295,5059000
2026-06-09,154.7818,155.5967,150.2697,153.3506,5115600
2026-06-10,152.4264,153.619,150.9455,150.9853,5763500
2026-06-11,151.9791,154.9209,151.3033,154.6526,4852900
2026-06-12,154.9408,155.875,153.9668,155.3284,8980200
2026-06-15,157.7832,158.2205,157.5248,157.7434,4689200
2026-06-16,157.9124,158.1907,156.9484,157.0179,6737700
2026-06-17,157.4851,157.8826,155.1694,155.4477,3620600
2026-06-18,157.3857,157.5453,156.7174,157.256,1976600
2026-06-22,157.4854,158.024,156.867,157.1562,2718900
2026-06-23,154.0243,155.2013,153.8149,153.9345,3432200
2026-06-24,154.1839,154.9419,153.2762,153.8647,3436800
2026-06-25,155.4407,156.2885,153.6054,154.4532,3836700
2026-06-26,153.2264,154.7425,152.8673,153.5555,4824200
2026-06-29,154.7624,155.5105,153.4857,155.4307,2903400
2026-06-30,155.5903,156.7972,155.4606,156.5478,3835400
2026-07-01,155.7898,156.5877,155.301,155.7199,3083300
2026-07-02,156.3783,157.3857,154.5829,155.7698,2264400
2026-07-06,156.857,157.635,156.6575,157.4056,2578500
2026-07-07,156.877,157.0366,155.5504,155.9394,1929500
2026-07-08,154.7524,155.5205,153.8647,155.4107,1900400
2026-07-09,155.9294,156.8371,155.6501,156.5977,1660600
2026-07-10,156.8072,157.3258,155.8895,157.2261,1760500
2026-07-13,156.3084,156.5378,155.1714,155.4107,2388400
2026-07-14,156.2386,156.857,155.9294,156.3783,1744200
2026-07-15,156.8471,157.1064,155.8097,156.8869,1960600
2026-07-16,156.0491,156.5478,155.2611,155.7299,1890000
2026-07-17,153.8448,155.0317,153.4558,154.3834,2361300
2026-07-20,154.9918,155.2911,153.7849,153.8946,2124200
2026-07-21,155.1514,155.8995,154.7026,155.7399,1458800
2026-07-22,155.4606,156.089,155.3808,155.6202,1448600
2026-07-23,153.8747,154.7026,153.1665,153.9146,2084500
2026-07-24,154.0044,154.8921,153.4857,153.8049,2944200
2026-07-27,155.0816,155.3409,153.2862,154.0542,4989400
2026-07-28,153.4857,154.4233,152.8473,153.9545,2579800
2026-07-29,153.5854,154.5829,151.7402,151.8299,4036100
2026-07-30,153.5854,155.1714,153.376,155.0517,2716700
2026-07-31,155.5803,155.8496,153.8547,155.4606,3216800
2026-08-03,155.9992,157.3158,155.7898,157.2061,2439300
2026-08-04,158.1836,160.368,158.1038,160.0388,2839000
2026-08-05,160.9266,161.5849,159.7097,159.7596,2386000
2026-08-06,159.6898,160.2683,159.3606,159.5102,4295900
2026-08-07,160.5974,160.9665,160.1186,160.8867,2952700
2026-08-10,160.5874,160.9366,160.4378,160.5575,2425900
2026-08-11,161.0363,161.1261,160.1286,160.4079,1646000
2026-08-12,161.4851,161.5849,160.9166,161.1161,3041600
2026-08-13,161.5051,162.2631,161.4053,161.9739,2324400
2026-08-14,162.1434,162.2931,161.5949,161.8342,1925400
2026-08-17,161.8542,162.1434,161.3555,161.4153,3566300
2026-08-18,160.3979,160.6174,159.59,159.6499,1975500
2026-08-19,160.5974,160.9565,160.1286,160.2882,2481500
2026-08-20,159.9192,160.4179,159.4005,159.5202,2072600
2026-08-21,160.4877,160.757,160.0488,160.358,1548400
2026-08-24,160.0688,160.0887,159.3706,159.6898,1824900
2026-08-25,160.4678,160.6373,159.9092,160.5775,2568700
2026-08-26,160.5176,160.8767,160.1685,160.4578,1373000
2026-08-27,160.747,161.3455,160.5076,161.156,2014900
2026-08-28,161.3555,161.7844,160.3481,160.5974,1592800
2026-08-31,160.5575,160.5874,159.7596,160.1386,2024700
2026-09-01,159.191,159.7396,158.5028,158.9018,1965200
2026-09-02,159.0913,159.7895,159.0314,159.6997,1621900
2026-09-03,160.4877,161.5051,160.2084,161.3455,1588400
2026-09-04,160.9465,161.555,160.9465,161.3156,1529500
2026-09-08,161.2856,161.3256,160.3979,160.5076,1620100
2026-09-09,160.2383,160.2882,159.2908,159.4803,1676400
2026-09-10,158.6524,158.802,158.0041,158.1238,1593200
2026-09-11,159.61,159.9291,159.3506,159.5302,2083900
2026-09-14,158.2235,158.9915,157.6749,158.3233,2604100
2026-09-15,158.1437,158.2933,157.256,157.625,2692000
2026-09-16,158.2634,158.6125,156.079,157.0067,1969700
2026-09-17,158.9616,159.0913,158.5327,158.812,1452800
2026-09-18,158.56,158.63,157.89,158.55,3030900
2026-09-21,159.98,161.2,159.77,160.89,2519400
2026-09-22,161.09,161.55,160.73,161.24,3841400
2026-09-23,160.66,160.66,159.1,159.33,4290100
2026-09-24,158.67,159.5,158.25,159.05,2058500
2026-09-25,159.55,160.25,159.04,160.03,2843500
2026-09-28,159.24,159.58,158.24,158.81,2629900
2026-09-29,158.75,158.81,157.83,158.45,4225700
2026-09-30,158.83,159.16,157.83,157.85,5846400
2026-10-01,158.02,158.24,156.77,157.8,3975300
2026-10-02,159.11,159.64,158.44,159.13,1841100
2026-10-05,159.33,160.48,159.14,160.11,2172500
2026-10-06,160.67,161.22,160.6,160.7,1505900
